g Base_parts04
v -0.0504866987 0.0828256756 0.0149999997
v -0.0598440282 0.0763393193 0.0320000015
v -0.0598440282 0.0763393193 0.0149999997
v -0.0298238099 0.0923013538 0.0320000015
v -0.0404337868 0.0881709009 0.0149999997
v -0.0298238099 0.0923013538 0.0149999997
v -0.0455387384 0.0856459141 0.0489999987
v -0.0380086787 0.0892431512 0.0489999987
v -0.0269012991 0.0931950659 0.0350000001
v -0.0527317375 0.0814147666 0.0489999987
v -0.0622191988 0.0744161978 0.0350000001
v -0.0301973 0.0921798423 0.0489999987
v -0.0200728104 0.0949003771 0.0469999984
v -0.0221623983 0.0944342464 0.0489999987
v -0.0249170307 0.0937450901 0.0350000001
v -0.0229215398 0.094252862 0.0350000001
v -0.0209157299 0.0947181657 0.0350000001
v -0.0200728104 0.0949003771 0.0341702104
v -0.0214769598 0.0915136114 0.0519999973
v -0.0292633604 0.0893289149 0.0519999973
v -0.0184465889 0.0829742327 0.0519999973
v -0.01801241 0.0830914751 0.0519999973
v -0.0175905209 0.0832472593 0.0519999973
v -0.0171843302 0.0834403336 0.0519999973
v -0.0329998992 0.07833267 0.0519999973
v -0.0163081288 0.0840329379 0.0518881083
v -0.0368331596 0.0864830464 0.0519999973
v -0.044130329 0.0829970688 0.0519999973
v -0.0464874208 0.0711612329 0.0519999973
v -0.0511008576 0.0788967758 0.0519999973
v -0.0576931685 0.0742125139 0.0519999973
v -0.0584735461 0.0616915151 0.0519999973
v -0.0638584495 0.0689789653 0.0519999973
v -0.0588135459 0.0613971278 0.0519999973
v -0.0591786169 0.0611344799 0.0519999973
v -0.0595658198 0.0609056875 0.0519999973
v -0.0605470687 0.0605106689 0.0518881083
v -0.059534438 0.0765810087 0.0489999987
v -0.0658964887 0.0711804181 0.0489999987
v -0.06745141 0.0697087273 0.0469999984
v -0.0637847707 0.0730787441 0.0350000001
v -0.0653215945 0.0717083514 0.0350000001
v -0.0668289959 0.0703056455 0.0350000001
v -0.06745141 0.0697087273 0.0341702104
v -0.0649746433 0.0682232156 0.0518169999
v -0.0616446473 0.0603276491 0.0515344292
v -0.0660036728 0.0675228462 0.0512843169
v -0.0628595576 0.0604108088 0.050890632
v -0.0664377734 0.070675455 0.0488760807
v -0.0669038445 0.0702344328 0.0485261679
v -0.0670766979 0.0667888075 0.0501662306
v -0.0672427192 0.0699100569 0.0480036288
v -0.0674000457 0.0697583929 0.0475113913
v -0.0680141225 0.066144377 0.0469999984
v -0.0677728578 0.0663105175 0.0486809202
v -0.0653698891 0.0617078021 0.0485669412
v -0.0663279071 0.0629730672 0.0469999984
v -0.0641452521 0.0608462989 0.0499025173
v -0.0641455948 0.0608464815 0.0134135298
v -0.062733002 0.0603880957 0.0120755602
v -0.06544514 0.0617813393 0.0149999997
v -0.0616446473 0.0603276491 0.0515344292
v -0.065778397 0.062148679 0.0149999997
v -0.0614128895 0.0603455305 0.0110995099
v -0.0660736188 0.0625472367 0.0149999997
v -0.0663279071 0.0629730672 0.0149999997
v -0.0605470687 0.0605106689 0.0518881083
v -0.0680141225 0.066144377 0.0320000015
v -0.0695531294 0.0690388381 0.0149999997
v -0.0695531294 0.0690388381 0.0320000015
v -0.0687752292 0.0739659891 0.0350000001
v -0.0668289959 0.0703056455 0.0350000001
v -0.0653215945 0.0717083514 0.0350000001
v -0.0637847707 0.0730787441 0.0350000001
v -0.0622191988 0.0744161978 0.0350000001
v -0.0602621399 0.060600888 0.0104633998
v -0.0637974367 0.0561683774 0.00999999978
v -0.062733002 0.0603880957 0.0120755602
v -0.0595658198 0.0609056875 0.0519999973
v -0.0641455948 0.0608464815 0.0134135298
v -0.0592883006 0.0610648394 0.0101117892
v -0.0591786169 0.0611344799 0.0519999973
v -0.0588135459 0.0613971278 0.0519999973
v -0.0584735461 0.0616915151 0.00999999978
v -0.0584735461 0.0616915151 0.0519999973
v -0.0464874208 0.0711612329 0.0519999973
v -0.0708098337 0.055551488 0.0149999997
v -0.06544514 0.0617813393 0.0149999997
v -0.065778397 0.062148679 0.0149999997
v -0.0660736188 0.0625472367 0.0149999997
v -0.0663279071 0.0629730672 0.0149999997
v -0.0695531294 0.0690388381 0.0149999997
v -0.0827462524 0.0525076799 0.0149999997
v -0.0184465889 0.0829742327 0.00999999978
v -0.0329998992 0.07833267 0.0519999973
v -0.0184465889 0.0829742327 0.0519999973
v -0.01801241 0.0830914751 0.0519999973
v -0.01747155 0.0832992122 0.0101117697
v -0.0175905209 0.0832472593 0.0519999973
v -0.0171843302 0.0834403336 0.0519999973
v -0.0108906198 0.0842994303 0.00999999978
v -0.0165423397 0.0838470906 0.0104633495
v -0.0163081288 0.0840329379 0.0518881083
v -0.0156871099 0.0846583247 0.0110994596
v -0.0155426394 0.0848405212 0.0515344292
v -0.0149841197 0.0857766867 0.0120756198
v -0.0149841197 0.0857766867 0.0120756198
v -0.0149322106 0.0858942419 0.050890632
v -0.01457424 0.0872041285 0.0134136193
v -0.01457424 0.0872041285 0.0134136193
v -0.00645791972 0.0897680074 0.0149999997
v -0.0146225905 0.088804163 0.0149999997
v -0.01474078 0.0892858654 0.0149999997
v -0.0149061093 0.0897534862 0.0149999997
v -0.0151169496 0.0902024284 0.0149999997
v -0.018342169 0.0962681845 0.0149999997
v 0.00856868923 0.0976246744 0.0149999997
v -0.00324593973 0.0849379972 0.00999999978
v 0.00176063995 0.0899827778 0.0149999997
v -0.0108650196 0.0843027383 -0.0211576596
v 0.00442517968 0.0848847255 0.00999999978
v 0.00442517968 0.0848847255 -0.0211576596
v 0.00996450987 0.0894466788 0.0149999997
v 0.00379031966 0.07918787 -0.0290957689
v -0.0103567299 0.07859914 -0.0290957689
v 0.00249004993 0.067519933 -0.0329999998
v -0.0258031283 0.0809888691 -0.0211576596
v -0.0399050787 0.0750505403 -0.0211576596
v -0.0241734292 0.0755031928 -0.0290957689
v 0.0149183795 0.0887549445 0.0149999997
v 0.0348317884 0.0916010141 0.0149999997
v -0.0093161203 0.0669204891 -0.0329999998
v 0.0353111885 0.0827835798 0.0149999997
v 0.0584617071 0.0786525831 0.0149999997
v 0.0132539794 0.0738195851 0.0149999997
v 0.0192838889 0.0827836394 0.00999999978
v 0.0192838889 0.0827836394 0.00999999978
v 0.00830319989 0.0745389611 0.0149999997
v 0.00442517968 0.0848847255 0.00999999978
v 0.0181675591 0.0727663413 0.00999999978
v 0.00331545994 0.0749266818 0.00999999978
v 0.0192838889 0.0827836394 0.00200000009
v 0.0187259987 0.0777774826 -0.00300000003
v 0.0168803092 0.0612152368 -0.00300000003
v 0.0168803092 0.0612152368 0.0419999957
v 0.00442517968 0.0848847255 -0.0211576596
v 0.0181675591 0.0727663413 0.0419999957
v 0.00203841995 0.0634672642 -0.0329999998
v 0.00249004993 0.067519933 -0.0329999998
v 0.00379031966 0.07918787 -0.0290957689
v 0.00203841995 0.0634672642 0.0170000009
v 0.00331545994 0.0749266818 0.0419999957
v 0.000370309979 0.0484985895 0.0419999957
v 0.000370309979 0.0484985895 0.0170000009
v 0.000867659925 0.0634940714 0.0146976691
v -0.00994045939 0.0474703796 -0.00300000003
v 0.000867659925 0.0634940714 -0.0329999998
v -0.00994045939 0.0474703796 -0.0329999998
v 0.00125795999 0.0634875372 -0.0329999998
v 0.00164821988 0.0634785965 -0.0329999998
v 0.00203841995 0.0634672642 -0.0329999998
v 0.00203841995 0.0634672642 0.0170000009
v 0.0059219799 0.0531712286 0.0469999984
v 0.0132284798 0.0466610901 0.0419999957
v 0.000370309979 0.0484985895 0.0170000009
v 0.0181684196 0.0449684188 -0.0449999981
v 0.00169263 0.0484704487 -0.0449999981
v -0.00994045939 0.0474703796 -0.00300000003
v -0.00994045939 0.0474703796 -0.0329999998
v -0.0149873197 0.046126239 -0.0449999981
v -0.0186453704 0.0447727591 -0.0329999998
v -0.0298595801 0.0382185206 -0.0449999981
v -0.0241777804 0.0454718024 -0.0480000004
v -0.026691949 0.0404943153 -0.0329999998
v -0.0337960981 0.0347861089 -0.0329999998
v -0.0411303267 0.0257010795 -0.0449999981
v -0.0337960981 0.0347861089 -0.00300000003
v -0.0404142179 0.0268130582 0.0170000009
v -0.00894287974 0.0507175997 -0.0480000004
v 0.00716741011 0.0509988107 -0.0480000004
v -0.0252577495 0.0541060865 -0.0480000004
v -0.0370460004 0.035774909 -0.0480000004
v -0.03073203 0.0511953682 -0.0480000004
v -0.0462878868 0.0225761198 -0.0480000004
v -0.0447295271 0.018748831 0.0120000001
v -0.0434613898 0.0215257499 0.0419999957
v -0.0474401601 0.0100837192 -0.0449999981
v -0.042021051 0.0242173783 0.0419999957
v -0.0404142179 0.0268130582 0.0419999957
v -0.0473924764 0.0248234291 0.0469999984
v -0.0266985502 0.052505929 -0.0480000004
v -0.0285997503 0.0514950417 -0.0480000004
v -0.0274373386 0.0534515381 -0.0467999987
v -0.0262754094 0.0547419973 -0.0467999987
v -0.0289705694 0.0526363067 -0.0467999987
v -0.0262754094 0.0547419973 -0.0449999981
v -0.0274373386 0.0534515381 -0.0449999981
v -0.0256249085 0.0563520268 -0.0449999981
v -0.0289705694 0.0526363067 -0.0449999981
v -0.0256249085 0.0563520268 -0.0467999987
v -0.0255643092 0.058087457 -0.0449999981
v -0.0306901503 0.052394636 -0.0467999987
v -0.0306901503 0.052394636 -0.0449999981
v -0.0244511385 0.0561025366 -0.0480000004
v -0.0255643092 0.058087457 -0.0467999987
v -0.0261009093 0.0597389489 -0.0449999981
v -0.0328382105 0.0516430512 -0.0480000004
v -0.0421647504 0.044356361 -0.0480000004
v -0.0323886797 0.0527556799 -0.0467999987
v -0.0323886797 0.0527556799 -0.0449999981
v -0.0261009093 0.0597389489 -0.0467999987
v -0.0281351898 0.0635648593 -0.0449999981
v -0.0346642584 0.052784089 -0.0480000004
v -0.0338613093 0.0536758713 -0.0467999987
v -0.0338613093 0.0536758713 -0.0449999981
v -0.0349303894 0.0550442412 -0.0449999981
v -0.0349303894 0.0550442412 -0.0467999987
v -0.0369646586 0.0588701367 -0.0449999981
v -0.0370567963 0.059043441 -0.0467999987
v -0.0450729169 0.0741195455 -0.0392549373
v -0.035989929 0.0544808693 -0.0480000004
v -0.0282273293 0.0637381598 -0.0467999987
v -0.0362434387 0.0788142681 -0.0392549373
v -0.0428301357 0.046404209 -0.0480000004
v -0.0455638319 0.0750428289 -0.0407788083
v -0.0507071093 0.0847159252 -0.0256126095
v -0.0498929396 0.0831846967 -0.0250315294
v -0.0507071093 0.0847159252 -0.0149999997
v -0.0498929396 0.0831846967 -0.0149999997
v -0.0506278984 0.084766224 -0.01403761
v -0.0496420711 0.0833346546 -0.0133165503
v -0.0503898077 0.0849164501 -0.0131018804
v -0.0489158183 0.0837630033 -0.0118289003
v -0.0522951595 0.0852362439 -0.0138066392
v -0.0523953885 0.0851746649 -0.0149999997
v -0.0699690208 0.0714446381 -0.0149999997
v -0.049616687 0.0853943154 -0.0116576897
v -0.0477928482 0.0844087899 -0.0107116904
v -0.052376397 0.0851694942 -0.0260198992
v -0.0519939587 0.085420303 -0.0126463305
v -0.0484569594 0.0860833228 -0.0105980691
v -0.0463986471 0.0851831213 -0.0100962901
v -0.0585890897 0.0810389966 -0.0259999987
v -0.0470334478 0.075104028 -0.0417947285
v -0.0702270493 0.0711910203 -0.0129270097
v -0.0510169305 0.0860074013 -0.0108555397
v -0.0470348485 0.0868842229 -0.0100550102
v -0.0448917188 0.0859868228 -0.0100537799
v -0.0709703788 0.0704500154 -0.0110851703
v -0.0495540984 0.0868584514 -0.00954160932
v -0.0455141217 0.0876891464 -0.0100971796
v -0.0434465408 0.0867259949 -0.0105889998
v -0.0721054003 0.0692878887 -0.00969210919
v -0.047764767 0.0878551453 -0.00886820909
v -0.0440782011 0.0884022787 -0.0107192397
v -0.0422359593 0.0873219594 -0.0116403103
v -0.0604628772 0.0796507373 0
v -0.0458565168 0.0888660774 -0.00892050937
v -0.0429056697 0.0889520273 -0.0118426299
v -0.0414092205 0.0877170265 -0.0130843194
v -0.0322230421 0.0946661234 0
v -0.0440594181 0.0897706375 -0.0096918596
v -0.042142 0.0892947689 -0.0133280093
v -0.0411507785 0.0878385603 -0.014023779
v -0.0734846592 0.0678233281 -0.00892060995
v -0.0825176686 0.0564874597 0
v -0.0425952487 0.090474546 -0.0110848602
v -0.0418776311 0.0894106477 -0.0149999997
v -0.0410634689 0.0878794193 -0.0149999997
v -0.0410634689 0.0878794193 -0.0250315294
v -0.04164318 0.0909167007 -0.0129267294
v -0.0418776311 0.0894106477 -0.0256126095
v -0.0413138568 0.091066815 -0.0149999997
v -0.03673435 0.0797375441 -0.0407788083
v -0.0413201973 0.0910481811 -0.0260198992
v -0.0185239594 0.0982693359 -0.0108555304
v -0.0196428709 0.0980518237 -0.0126463193
v -0.0199888591 0.0979818627 -0.0138066299
v -0.0168582704 0.0985687524 -0.00954159908
v -0.01483595 0.0988933444 -0.00886820909
v -0.000686929969 0.0999976397 0
v -0.034421768 0.0938889831 -0.0259999987
v -0.0359632894 0.0809901282 -0.0417947285
v -0.0201041102 0.0979582742 -0.0149999997
v -0.0174178593 0.0972143188 -0.0116576897
v -0.016092401 0.0974651352 -0.0105980597
v -0.0144821405 0.0977313295 -0.0100550102
v -0.0183077883 0.0970296934 -0.0131018693
v -0.0160410907 0.0956644341 -0.0107116904
v -0.0173172001 0.0954416841 -0.0118289003
v -0.0144661292 0.0959152281 -0.0100962901
v -0.0181461591 0.0952875465 -0.0133165503
v -0.0127751892 0.0961550474 -0.0100537799
v -0.0185829103 0.0969699621 -0.0140375989
v -0.0184331797 0.0952324346 -0.0149999997
v -0.01277781 0.0979675949 -0.0100971898
v -0.0111643597 0.0963553712 -0.0105889998
v -0.0186745394 0.0969497859 -0.0149999997
v -0.0184331797 0.0952324346 -0.0250315294
v -0.0186745394 0.0969497859 -0.0256126095
v -0.0170043092 0.0850654393 -0.0392549373
v -0.0126970196 0.0991906524 -0.00892050937
v -0.0111845797 0.09814661 -0.01071925
v -0.00982294977 0.0965013504 -0.0116403103
v -0.0106989294 0.0994260088 -0.00969186984
v -0.00989476033 0.0982621685 -0.0118426299
v -0.00891094934 0.0965898335 -0.0130843194
v 0.0162873194 0.098664701 -0.00300002005
v 0.0309194382 0.0950998887 0
v -0.00905991998 0.0983230397 -0.0133280205
v -0.00862652995 0.0966156498 -0.014023779
v -0.00908231921 0.0995867029 -0.0110848695
v 0.0162873305 0.098664701 -0.0171906389
v 0.0415046103 0.090980038 -0.00300000003
v 0.0593629107 0.08047387 0
v -0.00877186004 0.0983415172 -0.0149999997
v -0.00853049941 0.0966241732 -0.0149999997
v -0.00853049941 0.0966241732 -0.0250315294
v -0.00803644024 0.0996765494 -0.0129267387
v -0.00877186004 0.0983415172 -0.0256126095
v -0.00710162986 0.086457178 -0.0392549373
v -0.00767565006 0.0997049883 -0.0149999997
v 0.020442199 0.0931776389 -0.00760638993
v 0.0638374686 0.0769725814 -0.00300000003
v 0.0817338452 0.0576157793 0
v 0.0817338452 0.0576157793 -0.00300000003
v 0.0192838889 0.0827836394 -0.0179999992
v 0.0458800867 0.0715542957 -0.0179999992
v 0.0347665697 0.0590214916 -0.0179999992
v 0.01744055 0.0662425607 -0.0179999992
v 0.0494820103 0.04736856 -0.0179999992
v 0.0671836883 0.0520706512 -0.0179999992
v 0.0604819097 0.0321587995 -0.0179999992
v 0.0807371587 0.0265802685 -0.0179999992
v 0.0669403076 0.0145342797 -0.0179999992
v 0.020442199 0.0931776911 -0.01601707
v 0.0192838889 0.0827836394 -0.0179999992
v 0.0190602597 0.0807769001 -0.0333287492
v 0.01744055 0.0662425607 -0.0179999992
v 0.01744055 0.0662425607 -0.0379999988
v 0.0110716196 0.0993851796 -0.0259999987
v 0.0800972134 0.0510827005 -0.00800000038
v 0.0849770159 -0.00197633984 -0.0179999992
v 0.0683722422 -0.00418160995 -0.0179999992
v 0.00483328989 0.0998831242 -0.0259999987
v 0.0794141591 -0.030304959 -0.0179999992
v 0.0646702051 -0.0225834977 -0.0179999992
v 0.0986349434 -0.0164665096 -0.00300000003
v 0.0886789486 -0.0351569615 -0.00760621997
v 0.0909045041 -0.041669786 -0.00300000003
v 0.0909045041 -0.041669786 -0.0171908401
v 0.0995106176 0.00988112949 -0.00300000003
v 0.0886789337 -0.0351569504 -0.01601707
v 0.0794141591 -0.030304959 -0.0179999992
v 0.0776254609 -0.0293681994 -0.0333287604
v 0.0646702051 -0.0225834977 -0.0179999992
v 0.0646702051 -0.0225834977 -0.0379999988
v 0.0885853171 -0.0463965982 -0.0259999987
v 0.0961313248 -0.0275458004 0
v 0.0999111831 0.0042136698 0
v 0.0934706256 0.0355420895 0
v 0.0934706181 0.0355420709 -0.00300000003
v 0.0825176686 -0.0564874597 0
v 0.0871392488 0.0378384888 -0.00800000038
v 0.123667464 0.0515980273 -0.00300000003
v 0.0934706256 0.0355420895 0
v 0.123667464 0.0515980273 0
v 0.12607196 0.0585393794 -0.00800000038
v 0.119029894 0.0717835948 -0.00800000038
v 0.111930676 0.0736717135 -0.00300000003
v 0.111930676 0.0736717135 0
v 0.0817338452 0.0576157793 0
v 0.133812487 0.0531997681 -0.00800000038
v 0.136492163 0.026284758 -0.00800000038
v 0.123667464 0.0515980273 -0.00300000003
v 0.132193267 0.0219303481 -0.00300000003
v 0.123667464 0.0515980273 0
v 0.132296965 0.0212957989 0
v 0.133704036 -0.00890109967 -0.00300000003
v 0.133612454 -0.01018376 0
v 0.138795719 -0.00753290998 -0.00800000038
v 0.143889219 0.00564741017 -0.00800000038
v 0.127541229 -0.0411003195 -0.000261100009
v 0.127541229 -0.0411003195 0
v 0.13284567 -0.0409026295 -0.00800000038
v 0.137570456 -0.0425484516 -0.00800000038
v 0.148891404 -0.00568763027 -0.00300000003
v 0.145235822 0.0332799517 -0.00300000003
v 0.128119618 -0.0392601974 -0.00300000003
v 0.132941097 -0.0430657081 -0.00600000005
v 0.132758513 -0.0409459695 -0.00792945921
v 0.137457505 -0.0425812006 -0.00800000038
v 0.132242844 -0.0428115688 -0.00499999989
v 0.127541229 -0.0411003195 0
v 0.136086464 -0.0442105271 -0.00600000005
v 0.136944249 -0.0445227362 -0.00499999989
v 0.141645432 -0.0462338403 -9.10599992E-05
v 0.141645432 -0.0462338403 0
v 0.142273694 -0.0442627706 -0.00300000003
v 0.141645432 -0.0462338403 -9.10599992E-05
v 0.141645432 -0.0462338403 0
v 0.145743981 -0.030978838 0.00999996997
v 0.147549942 0.0207367893 0.00999996997
v 0.14259854 0.0200409107 0.0149999997
v 0.127144396 0.0676038787 0.0149999997
v 0.119773 0.0391206592 0.0149999997
v 0.118994541 0.0414282419 0.0149999997
v 0.118171632 0.043720331 0.0149999997
v 0.119968414 0.0377437584 0.0149999997
v 0.117304564 0.0459960885 0.0149999997
v 0.119680576 0.0363831706 0.0149999997
v 0.116611838 0.0471457988 0.0149999997
v 0.118944302 0.03520336 0.0149999997
v 0.115577802 0.048001606 0.0149999997
v 0.117848575 0.0343469493 0.0149999997
v 0.114318863 0.0484671779 0.0149999997
v 0.131559178 0.0699512586 0.00999996997
v 0.10410741 0.067672126 0.0149999997
v 0.10442543 0.0689761788 0.0149999997
v 0.104294151 0.0703120083 0.0149999997
v 0.103375897 0.0665467083 0.0149999997
v 0.103728361 0.0715291947 0.0149999997
v 0.102326527 0.0735206231 0.0149999997
v 0.100886464 0.0754845664 0.0149999997
v 0.0994087234 0.0774203315 0.0149999997
v 0.112976797 0.0484900624 0.0149999997
v 0.0963547602 0.107012816 0.0149999997
v 0.0983764827 0.07835228 0.0149999997
v 0.0970875397 0.0788744837 0.0149999997
v 0.0956977159 0.0789238289 0.0149999997
v 0.0943749994 0.0784943253 0.0149999997
v 0.0997004583 0.110728577 0.00999996997
v 0.0710026398 0.0853207186 0.0149999997
v 0.0719291866 0.0665596798 0.0149999997
v 0.102421917 0.0544586964 0.0149999997
v 0.103784099 0.0512496084 0.0149999997
v 0.100523181 0.0573824979 0.0149999997
v 0.111702718 0.0480676889 0.0149999997
v 0.104568325 0.0478527285 0.0149999997
v 0.104750782 0.0443712808 0.0149999997
v 0.102313288 0.0657266378 0.0149999997
v 0.0981455818 0.0599321686 0.0149999997
v 0.095361352 0.0620302297 0.0149999997
v 0.0539433099 0.133514404 0.0149999997
v 0.0400873981 0.10350845 0.0149999997
v 0.0558163784 0.138150394 0.00999996997
v 0.00502548972 0.143912211 0.0149999997
v 0.00498627964 0.110887945 0.0149999997
v -0.0306355096 0.106688641 0.0149999997
v -0.0444984697 0.136952057 0.0149999997
v -0.0319800302 0.106075354 0.0149999997
v -0.0330865495 0.105095834 0.0149999997
v -0.0338584185 0.103835635 0.0149999997
v 0.00520002004 0.148909241 0.00999996997
v 0.0558163784 0.138150394 -0.00300000003
v -0.0460435301 0.14170742 0.00999996997
v -0.0671502575 0.0861340538 0.0149999997
v -0.0886552632 0.113473482 0.0149999997
v -0.0686266273 0.0861988366 0.0149999997
v -0.034228202 0.10240487 0.0149999997
v -0.0700574443 0.0858292282 0.0149999997
v -0.0713177249 0.0850575119 0.0149999997
v -0.0657573193 0.0856405348 0.0149999997
v -0.0916820392 0.0625731796 0.0149999997
v -0.0504866987 0.0828256756 0.0149999997
v -0.0645694658 0.084761411 0.0149999997
v -0.063690491 0.0835734531 0.0149999997
v -0.0598440282 0.0763393193 0.0149999997
v -0.0404337868 0.0881709009 0.0149999997
v -0.0341636091 0.100928493 0.0149999997
v -0.033670269 0.0995354801 0.0149999997
v -0.0298238099 0.0923013538 0.0149999997
v -0.122118928 0.0763083175 0.0149999997
v -0.105198659 0.0354152806 0.0149999997
v -0.140853256 0.029939251 0.0149999997
v -0.110858031 0.00561222946 0.0149999997
v -0.135803014 -0.00765124941 0.0149999997
v -0.136978298 -0.00851760991 0.0149999997
v -0.13785319 -0.00968656968 0.0149999997
v -0.138353094 -0.0110584293 0.0149999997
v -0.142598614 -0.0200409498 0.0149999997
v -0.138435349 -0.0125162099 0.0149999997
v -0.13798888 -0.0167352092 0.0149999997
v -0.137413874 -0.0209386107 0.0149999997
v -0.136710867 -0.0251225084 0.0149999997
v -0.126359165 0.0789579675 0.00999996997
v -0.145743981 0.030978838 0.00999996997
v -0.09173356 0.117413603 0.00999996997
v -0.127144486 -0.0676039308 0.0149999997
v -0.113238476 -0.0558719672 0.0149999997
v -0.112318277 -0.0543993525 0.0149999997
v -0.109197721 -0.0387883075 0.0149999997
v -0.113599509 -0.0575705096 0.0149999997
v -0.113357835 -0.0592900775 0.0149999997
v -0.112542607 -0.0608233102 0.0149999997
v -0.111252144 -0.0619852394 0.0149999997
v -0.109642111 -0.0626357421 0.0149999997
v -0.1088866 -0.0401936807 0.0149999997
v -0.109095581 -0.0373525508 0.0149999997
v -0.110949904 -0.0533302575 0.0149999997
v -0.107578419 -0.0435010977 0.0149999997
v -0.106175907 -0.0467696376 0.0149999997
v -0.104680233 -0.0499966182 0.0149999997
v -0.108588658 -0.0360053778 0.0149999997
v -0.107718952 -0.0348584391 0.0149999997
v -0.106558546 -0.0340067893 0.0149999997
v -0.0867315754 -0.0148873394 0.0149999997
v -0.0850555152 -0.0225734208 0.0149999997
v -0.0823328793 -0.0211257599 0.0120000001
v -0.087714538 -0.00708230026 0.0149999997
v -0.0879965499 0.000779349997 0.0149999997
v -0.083940275 -0.0133801997 0.0120000001
v -0.0848206505 -0.00551873958 0.0120000001
v -0.084966369 0.00239051995 0.0120000001
v -0.0848206505 -0.00551873958 0.00200000009
v -0.084966369 0.00239051995 0.00200000009
v -0.083940275 -0.0133801997 0.00200000009
v -0.0792612955 -0.0108465189 -0.00300000003
v -0.0823328793 -0.0211257599 0.00200000009
v -0.0777822584 -0.0187061597 -0.00300000003
v -0.0733711496 -0.0163607299 -0.00300000003
v -0.0719821975 -0.0158681795 -0.00300000003
v -0.0705099776 -0.0158019401 -0.00300000003
v -0.0625967756 -0.0106720692 -0.00300000003
v -0.0690823942 -0.0161677599 -0.00300000003
v -0.0678234696 -0.0169338696 -0.00300000003
v -0.0668425709 -0.0180337001 -0.00300000003
v -0.066224888 -0.01937172 -0.00300000003
v -0.0799482018 -0.00287847011 -0.00300000003
v -0.0798361003 0.00511834025 -0.00300000003
v -0.063466318 0.00206811982 -0.00300000003
v -0.0617691986 0.0147246802 -0.00300000003
v -0.0591957681 -0.0229806695 -0.00300000003
v -0.0655768812 -0.021463288 -0.00300000003
v -0.064862825 -0.0235332493 -0.00300000003
v -0.0640834495 -0.0255794991 -0.00300000003
v 0.0347256064 0.102265015 0.0350000001
v 0.0366786905 0.104764849 0.0320000015
v 0.0366786905 0.104764849 0.0350000001
v 0.0386586301 0.10405051 0.0370000005
v 0.0302041881 0.0932293236 0.0370000005
v 0.0347668193 0.0916256979 0.0370000005
v 0.045068495 0.101438798 0.0370000005
v 0.0392447785 0.0897989273 0.0370000005
v 0.0436271615 0.0877534673 0.0370000005
v 0.0513031185 0.0984326527 0.0370000005
v 0.0573382713 0.0950437933 0.0370000005
v 0.0301414598 0.0963975713 0.0350000001
v 0.0281635392 0.0938659385 0.0350000001
v 0.0281635392 0.0938659385 0.0320000015
v 0.0134674497 0.107157022 0.0350000001
v 0.0126843499 0.100200333 0.0350000001
v 0.0281635392 0.0938659385 0.0320000015
v 0.014532879 0.110044517 0.0320000015
v 0.0366786905 0.104764849 0.0320000015
v 0.0400873981 0.10350845 0.0149999997
v 0.00498627964 0.110887945 0.0149999997
v 0.0710026398 0.0853207186 0.0149999997
v -0.00822428986 0.1106949 0.0320000015
v -0.0306355096 0.106688641 0.0149999997
v 0.0573382713 0.0950437933 0.0370000005
v 0.0710026398 0.0853207186 0.0480000004
v 0.0513031185 0.0984326527 0.0370000005
v 0.045068495 0.101438798 0.0370000005
v 0.0366786905 0.104764849 0.0350000001
v 0.0386586301 0.10405051 0.0370000005
v 0.0666132271 0.088790074 0.0480000004
v 0.0673948675 0.0856675729 0.049999997
v 0.0620545819 0.0920338407 0.0480000004
v 0.0573382713 0.0950437933 0.0480000004
v 0.0641098544 0.0881528482 0.049999997
v 0.058631748 0.0810081363 0.049999997
v 0.0607333072 0.0905122384 0.049999997
v 0.0572700202 0.0927423537 0.049999997
v 0.0584617071 0.0786525831 0.0480000004
v 0.0710026398 0.0853207186 0.0480000004
v 0.0710026398 0.0853207186 0.0149999997
v 0.0584617071 0.0786525831 0.0149999997
v 0.0551574156 0.0834125802 0.049999997
v 0.0436271615 0.0877534673 0.0370000005
v 0.0348317884 0.0916010141 0.0149999997
v 0.0536996797 0.0819777101 0.0480000004
v 0.05158462 0.0856681317 0.049999997
v 0.0479197316 0.0877707154 0.049999997
v 0.0487490296 0.0850148872 0.0480000004
v 0.0436271615 0.0877534673 0.0480000004
v 0.0436271615 0.0877534673 0.0480000004
v 0.0436271615 0.0877534673 0.0370000005
v 0.0573382713 0.0950437933 0.0370000005
v 0.0392447785 0.0897989273 0.0370000005
v 0.0347668193 0.0916256979 0.0370000005
v 0.00856868923 0.0976246744 0.0149999997
v 0.0281635392 0.0938659385 0.0350000001
v 0.0302041881 0.0932293236 0.0370000005
v 0.0128567396 0.0971529931 0.0320000015
v -0.00277816993 0.0979606211 0.0320000015
v -0.018342169 0.0962681845 0.0149999997
v -0.018342169 0.0962681845 0.0320000015
v -0.00516969012 0.100867614 0.0350000001
v -0.0228619594 0.0983785018 0.0350000001
v -0.00834012963 0.10767749 0.0350000001
v -0.0298074596 0.103805177 0.0350000001
v -0.0310214199 0.100943893 0.0350000001
v -0.0299399886 0.103762068 0.0350000001
v -0.0306354892 0.106688641 0.0320000015
v -0.0309667885 0.106580883 0.0320000015
v -0.0312897786 0.106450319 0.0320000015
v -0.0319800302 0.106075354 0.0149999997
v -0.0300692096 0.103709839 0.0350000001
v -0.0301944707 0.103648737 0.0350000001
v -0.0316028893 0.106297575 0.0320000015
v -0.0328522287 0.105356134 0.0320000015
v -0.0330865495 0.105095834 0.0149999997
v -0.030694209 0.103272162 0.0350000001
v -0.0337494984 0.104074694 0.0320000015
v -0.0338584185 0.103835635 0.0149999997
v -0.0312360581 0.102161184 0.0350000001
v -0.0342068672 0.102578707 0.0320000015
v -0.034228202 0.10240487 0.0149999997
v -0.0310531203 0.102759585 0.0350000001
v -0.0341795683 0.101014599 0.0320000015
v -0.0341636091 0.100928493 0.0149999997
v -0.0312251393 0.101535544 0.0350000001
v -0.033670269 0.0995354801 0.0320000015
v -0.033670269 0.0995354801 0.0149999997
v -0.0298238099 0.0923013538 0.0149999997
v -0.0298238099 0.0923013538 0.0320000015
v -0.0269012991 0.0931950659 0.0350000001
v -0.0249170307 0.0937450901 0.0350000001
v -0.0229215398 0.094252862 0.0350000001
v -0.0209157299 0.0947181657 0.0350000001
v -0.018342169 0.0962681845 0.0320000015
v -0.0168031584 0.0933737233 0.0320000015
v -0.018342169 0.0962681845 0.0149999997
v -0.0151169496 0.0902024284 0.0149999997
v -0.0168031584 0.0933737233 0.0469999984
v -0.0151169496 0.0902024284 0.0469999984
v -0.0149061093 0.0897534862 0.0149999997
v -0.01474078 0.0892858654 0.0149999997
v -0.0201399494 0.0948861614 0.0475017317
v -0.0169716701 0.0933075473 0.0483289622
v -0.0146037098 0.0887006521 0.0485669412
v -0.0146225905 0.088804163 0.0149999997
v -0.0203422587 0.0948429853 0.0479801781
v -0.0174672604 0.0931125209 0.0495665297
v -0.0145742996 0.0872036442 0.0499025173
v -0.02066206 0.0947738364 0.0483897664
v -0.0185104795 0.0927001238 0.0508614928
v -0.0210929699 0.0946788564 0.0487165675
v -0.0199023392 0.0921459645 0.0517067388
v -0.0155426394 0.0848405212 0.0515344292
v -0.0215992797 0.094564639 0.048925288
v 0.0181675591 0.0727663413 0.00999999978
v 0.0132539794 0.0738195851 0.0149999997
v 0.0132686989 0.0738169476 0.0419999957
v 0.00830319989 0.0745389611 0.0149999997
v 0.0126988897 0.068838492 0.0469999984
v 0.00831061974 0.0745381415 0.0419999957
v 0.0077494299 0.0695697218 0.0469999984
v 0.00331545994 0.0749266818 0.00999999978
v 0.01142132 0.057374239 0.0469999984
v 0.022528328 0.048525501 0.0469999984
v 0.0276193302 0.0515695885 0.0469999984
v 0.025137879 0.04147695 0.0419999957
v 0.0367942601 0.0388385504 0.0469999984
v 0.0326519385 0.054461915 0.0419999957
v 0.0414279066 0.0413034894 0.0469999984
v 0.0472377017 0.0251167286 0.0469999984
v 0.0352443196 0.0333179794 0.0419999957
v 0.0324528292 0.0360425189 -0.0449999981
v 0.0428229608 0.0227693692 -0.0449999981
v 0.0225761198 0.0462878868 -0.0480000004
v 0.0304778907 0.0557076968 -0.00300000003
v 0.0168803092 0.0612152368 -0.00300000003
v 0.0521536916 0.0362248793 0.0149999997
v 0.0424486659 0.0472266898 -0.00300000003
v 0.0521536916 0.0362248793 -0.00300000003
v 0.0460399985 0.0437329188 0.0419999957
v 0.0560671687 0.0298114382 0.0419999957
v 0.0548473969 0.0320001878 0.0149999997
v 0.0571996383 0.0275762696 0.0149999997
v 0.0591957681 0.0229806695 0.0149999997
v 0.0516524389 0.0274640881 0.0469999984
v 0.0620014779 0.0137137491 0.0419999957
v 0.0574083403 0.0112486798 0.0469999984
v 0.0634097084 -0.00338503974 0.0419999957
v 0.0527736992 0.00878557935 0.0469999984
v 0.0581976585 -0.00593987992 0.0469999984
v 0.0601890795 -0.0202367213 0.0419999957
v 0.0539521202 -0.0226145685 0.0469999984
v 0.0632267967 -0.00588403968 -0.00300000003
v 0.0601890795 -0.0202367213 -0.00300000003
v 0.0628896952 0.00878270995 -0.00300000003
v 0.0591957681 0.0229806695 -0.00300000003
v 0.0528271459 -0.00845828 0.0469999984
v 0.0473302305 0.0105876895 0.0419999957
v 0.0484428667 -0.00235336996 0.0419999957
v 0.0428229608 0.0227693692 0.0419999957
v 0.0480279997 0.00674990006 -0.0449999981
v 0.0460810699 -0.0151256388 0.0419999957
v 0.0473924764 -0.0248234291 0.0469999984
v 0.0474401601 -0.0100837192 -0.0449999981
v 0.0507175997 0.00894287974 -0.0480000004
v 0.0509988107 -0.00716741011 -0.0480000004
v 0.0404142179 -0.0268130582 0.0419999957
v 0.0404142179 -0.0268130582 0.0170000009
v 0.0411303267 -0.0257010795 -0.0449999981
v 0.0337960981 -0.0347861089 -0.00300000003
v 0.0337960981 -0.0347861089 -0.0329999998
v 0.0462878868 -0.0225761198 -0.0480000004
v 0.0298595801 -0.0382185206 -0.0449999981
v 0.026691949 -0.0404943153 -0.0329999998
v 0.0370460004 -0.035774909 -0.0480000004
v 0.0241777804 -0.0454718024 -0.0480000004
v 0.0463885106 -0.037596941 -0.0480000004
v 0.0518218279 -0.0271430984 -0.0480000004
v 0.0149873197 -0.046126239 -0.0449999981
v 0.0186453704 -0.0447727591 -0.0329999998
v 0.00994045939 -0.0474703796 -0.0329999998
v -0.00169263 -0.0484704487 -0.0449999981
v 0.00994045939 -0.0474703796 -0.00300000003
v -0.000370309979 -0.0484985895 0.0170000009
v 0.00894287974 -0.0507175997 -0.0480000004
v 0.0252577495 -0.0541060865 -0.0480000004
v -0.00716741011 -0.0509988107 -0.0480000004
v 0.0577642992 -0.00924856961 -0.0480000004
v 0.0577058047 0.00960677024 -0.0480000004
v 0.0516524389 0.0274640881 -0.0480000004
v 0.0454718024 0.0241777804 -0.0480000004
v 0.035774909 0.0370460004 -0.0480000004
v 0.0402330495 0.0424682386 -0.0480000004
v 0.0246339794 0.0530605055 -0.0480000004
v 0.00647574989 0.0581404679 -0.0480000004
v -0.00522914995 0.0594817586 -0.0480000004
v 0.0683722422 -0.00418160995 -0.0379999988
v 0.0669403076 0.0145342797 -0.0379999988
v 0.0347665697 0.0590214916 -0.0379999988
v 0.0494820103 0.04736856 -0.0379999988
v 0.01744055 0.0662425607 -0.0179999992
v 0.0347665697 0.0590214916 -0.0179999992
v 0.0494820103 0.04736856 -0.0179999992
v 0.0604819097 0.0321587995 -0.0379999988
v 0.0604819097 0.0321587995 -0.0179999992
v 0.0669403076 0.0145342797 -0.0179999992
v 0.0683722422 -0.00418160995 -0.0179999992
v 0.0646702051 -0.0225834977 -0.0179999992
v 0.0077494001 0.0695697218 -0.0480000004
v 0.00981083978 0.0880710259 -0.0417947285
v 0.00399743998 0.0698857605 -0.0480000004
v 0.00451903977 0.0885004997 -0.0417947285
v -0.000788990001 0.0886122882 -0.0417947285
v 0.000233910003 0.069999598 -0.0480000004
v -0.00142396998 0.0999898612 -0.0259999987
v -0.00767565006 0.0997049883 -0.0259999987
v -0.00768797984 0.0996896401 -0.0260198992
v -0.00609417958 0.0884059966 -0.0417947285
v -0.00724715972 0.0874926746 -0.0407788083
v -0.0061268094 0.0883351117 -0.0418175608
v -0.00353028998 0.0699109212 -0.0480000004
v -0.00472528022 0.0695485845 -0.0467999987
v -0.00469795987 0.0693542287 -0.0449999981
v -0.00354921981 0.0698028132 -0.0480000004
v -0.00290659 0.0652302951 -0.0480000004
v -0.00409490988 0.0650632903 -0.0467999987
v -0.00409490988 0.0650632903 -0.0449999981
v -0.00298173982 0.0630783662 -0.0480000004
v -0.00415551011 0.0633278713 -0.0467999987
v -0.00415551011 0.0633278713 -0.0449999981
v -0.00378834992 0.0610819198 -0.0480000004
v -0.00480601005 0.0617178269 -0.0467999987
v -0.00480601005 0.0617178269 -0.0449999981
v -0.00596793974 0.0604273677 -0.0467999987
v -0.00596793974 0.0604273677 -0.0449999981
v -0.00713034952 0.0584708676 -0.0480000004
v -0.00750117004 0.0596121401 -0.0467999987
v -0.00750117004 0.0596121401 -0.0449999981
v -0.00926262978 0.0581711978 -0.0480000004
v -0.00922074914 0.0593704693 -0.0467999987
v -0.00922074914 0.0593704693 -0.0449999981
v -0.0113688093 0.0586188771 -0.0480000004
v -0.0109192794 0.0597315095 -0.0467999987
v -0.0109192794 0.0597315095 -0.0449999981
v -0.01319486 0.0597599298 -0.0480000004
v -0.0123918997 0.0606516972 -0.0467999987
v -0.0123918997 0.0606516972 -0.0449999981
v -0.0145205287 0.0614566989 -0.0480000004
v -0.01346099 0.0620200671 -0.0467999987
v -0.01346099 0.0620200671 -0.0449999981
v -0.0139975902 0.0636715591 -0.0449999981
v -0.0139975902 0.0636715591 -0.0467999987
v -0.0151859103 0.0635045469 -0.0480000004
v -0.0146006402 0.0679624975 -0.0449999981
v -0.0243759882 0.0582544692 -0.0480000004
v -0.0146279596 0.0681568608 -0.0467999987
v -0.025041379 0.0603023171 -0.0480000004
v -0.0171498396 0.0861009359 -0.0407788083
v -0.0158764888 0.0681757778 -0.0480000004
v -0.0200880282 0.0979469344 -0.0260198992
v -0.0185099002 0.086661078 -0.0417947285
v -0.02733876 0.096190393 -0.0259999987
v -0.0244538803 0.0851749182 -0.0417947285
v -0.0302809589 0.0832815915 -0.0417947285
v -0.0197283886 0.0671624094 -0.0480000004
v -0.0235164296 0.0659316108 -0.0480000004
v -0.0359697081 0.0809123591 -0.0418175608
v -0.0272283182 0.064487353 -0.0480000004
v -0.0272091385 0.0643792897 -0.0480000004
v 0.0719137192 0.0297429301 0.0149999997
v 0.0591957681 0.0229806695 -0.00300000003
v 0.0591957681 0.0229806695 0.0149999997
v 0.0719137192 0.0297429301 -0.00300000003
v 0.0940971673 0.0273810588 0.0449999981
v 0.0940971673 0.0273810588 0.0149999997
v 0.0916458741 0.0262909383 0.0149999997
v 0.0909433067 0.0260481406 0.049999997
v 0.0890707374 0.0255386997 0.0149999997
v 0.095871225 0.0284377784 0.0469999984
v 0.0864180923 0.0251378696 0.0149999997
v 0.0970761925 0.0293090604 0.049999997
v 0.099979274 0.0320899114 0.0469999984
v 0.0840649754 0.0250814501 0.049999997
v 0.0811147019 0.0254048295 0.00999999978
v 0.101723924 0.0344708785 0.049999997
v 0.102937967 0.0367224403 0.0469999984
v 0.10432592 0.0409110412 0.049999997
v 0.104523793 0.0419854484 0.0469999984
v 0.104750782 0.0443712808 0.0449999981
v 0.0932134539 0.0291762091 0.0519999973
v 0.0977110863 0.0325654186 0.0519999973
v 0.0878886282 0.0273427293 0.0519999973
v 0.100941256 0.0371785909 0.0519999973
v 0.0899960846 0.0383711793 0.0519999973
v 0.0873896107 0.0369852893 0.0519999973
v 0.091971375 0.0405649617 0.0519999973
v 0.0844663233 0.0365744494 0.0519999973
v 0.09307722 0.0433020219 0.0519999973
v 0.082257852 0.0272444393 0.0519999973
v 0.0815788135 0.0371882096 0.0519999973
v 0.102587789 0.0425641462 0.0519999973
v 0.0931802467 0.0462522395 0.0519999973
v 0.0772708431 0.0265255906 0.049999997
v 0.0768722892 0.0288909785 0.0519999973
v 0.0790753588 0.0387525372 0.0519999973
v 0.104568325 0.0478527285 0.049999997
v 0.102489509 0.0481949374 0.0519999973
v 0.102421917 0.0544586964 0.049999997
v 0.0922680199 0.0490597822 0.0519999973
v 0.104568325 0.0478527285 0.0149999997
v 0.104750782 0.0443712808 0.0149999997
v 0.103784099 0.0512496084 0.0149999997
v 0.102421917 0.0544586964 0.0149999997
v 0.100523181 0.0573824979 0.0149999997
v 0.0722591206 0.032121148 0.0519999973
v 0.0772579089 0.0410787575 0.0519999973
v 0.100656018 0.0535197593 0.0519999973
v 0.0972668156 0.0580173917 0.0519999973
v 0.0904505774 0.0513859987 0.0519999973
v 0.0981455818 0.0599321686 0.049999997
v 0.0981455818 0.0599321686 0.0149999997
v 0.0926536471 0.0612475574 0.0519999973
v 0.0879471153 0.0529503301 0.0519999973
v 0.095361352 0.0620302297 0.0449999981
v 0.095361352 0.0620302297 0.0149999997
v 0.0922550932 0.0636129528 0.049999997
v 0.0932564735 0.0631761849 0.0469999984
v 0.0880064592 0.0648045093 0.0469999984
v 0.0872680843 0.0628940985 0.0519999973
v 0.085059613 0.0535640903 0.0519999973
v 0.0854609534 0.0650570914 0.049999997
v 0.0825114399 0.064942129 0.0469999984
v 0.081637308 0.0627958104 0.0519999973
v 0.0821363255 0.0531532466 0.0519999973
v 0.0785826296 0.0640904009 0.049999997
v 0.0771864951 0.0635786504 0.0469999984
v 0.0724497363 0.0608294904 0.049999997
v 0.0753183961 0.0626987889 0.0449999981
v 0.0763124749 0.0609623268 0.0519999973
v 0.0795298442 0.0517673567 0.0519999973
v 0.07181485 0.0575731173 0.0519999973
v 0.0775545612 0.0495735779 0.0519999973
v 0.0730438977 0.0612761676 0.0149999997
v 0.0753183961 0.0626987889 0.0149999997
v 0.0709802732 0.0595619269 0.0149999997
v 0.0691646263 0.0575869307 0.0149999997
v 0.0678019971 0.0556676462 0.049999997
v 0.0664203316 0.0530409291 0.00999999978
v 0.0685846806 0.0529599525 0.0519999973
v 0.0764487088 0.0468365178 0.0519999973
v 0.0652000159 0.0492274985 0.049999997
v 0.0669381395 0.0475743897 0.0519999973
v 0.0763456896 0.0438862965 0.0519999973
v 0.0670364276 0.0419435985 0.0519999973
v 0.0649576113 0.0422858074 0.049999997
v 0.0688699111 0.0366187803 0.0519999973
v 0.0671040192 0.0356798396 0.049999997
v 0.0713803545 0.0302063692 0.049999997
v 0.0671040192 0.0356798396 0.0469999984
v 0.064871639 0.0429871418 0.0419999957
v 0.0719137192 0.0297429301 0.0149999997
v 0.0684485808 0.0335003212 0.0149999997
v 0.0660489798 0.0380133092 0.0149999997
v 0.064871639 0.0429871418 0.0149999997
v 0.0751043335 0.0275561083 -0.00300000003
v 0.0739944428 0.02821582 -0.00300000003
v 0.0729294196 0.0289457794 -0.00300000003
v 0.0719137192 0.0297429301 -0.00300000003
v 0.0811147019 0.0254048295 0.00200000009
v 0.0847224817 0.00686301989 0.00999999978
v 0.0864180923 0.0251378696 0.0149999997
v 0.0648428574 0.0468551293 -0.00300000003
v 0.0647691414 0.045566082 -0.00300000003
v 0.0647787526 0.0442749485 -0.00300000003
v 0.064871639 0.0429871418 -0.00300000003
v 0.0664203316 0.0530409291 0.00200000009
v 0.0530659184 0.0664003715 0.00200000009
v 0.0520738587 0.0607314892 -0.00300000003
v 0.0648428574 0.0468551293 -0.00300000003
v 0.0530659184 0.0664003715 0.00999999978
v 0.0691646263 0.0575869307 0.0149999997
v 0.0424486659 0.0472266898 -0.00300000003
v 0.0521536916 0.0362248793 -0.00300000003
v 0.0647691414 0.045566082 -0.00300000003
v 0.0647787526 0.0442749485 -0.00300000003
v 0.064871639 0.0429871418 -0.00300000003
v 0.0304778907 0.0557076968 -0.00300000003
v 0.0364114903 0.0712334365 -0.00300000003
v 0.0168803092 0.0612152368 -0.00300000003
v 0.0187259987 0.0777774826 -0.00300000003
v 0.0370907895 0.0764805377 0.00200000009
v 0.0192838889 0.0827836394 0.00200000009
v 0.0370907895 0.0764805377 0.00999999978
v 0.0537356175 0.0721975267 0.0149999997
v 0.0709802732 0.0595619269 0.0149999997
v 0.0730438977 0.0612761676 0.0149999997
v 0.0753183961 0.0626987889 0.0149999997
v 0.0940971673 0.0273810588 0.0149999997
v 0.0954027623 0.0224123001 0.0149999997
v 0.0916458741 0.0262909383 0.0149999997
v 0.0890707374 0.0255386997 0.0149999997
v 0.0899030343 0.00417650025 0.0149999997
v 0.097897321 0.00448498968 0.0149999997
v 0.11043825 0.0111531196 0.0149999997
v 0.140853181 -0.0299392883 0.0149999997
v 0.108228989 -0.0246472303 0.0149999997
v 0.088376455 -0.0170176905 0.0149999997
v 0.0954183713 -0.0223457683 0.0149999997
v 0.0819234475 -0.0372632407 0.0149999997
v 0.0857260749 -0.0474872589 0.0149999997
v 0.084146142 -0.0120177194 0.00999999978
v 0.122118853 -0.0763083547 0.0149999997
v 0.094718568 -0.0578739382 0.0149999997
v 0.0713177249 -0.0850575119 0.0149999997
v 0.0886551812 -0.113473527 0.0149999997
v 0.0700574443 -0.0858292282 0.0149999997
v 0.0686266273 -0.0861988366 0.0149999997
v 0.09173356 -0.117413603 0.00999996997
v 0.126359165 -0.0789579675 0.00999996997
v 0.0671502575 -0.0861340538 0.0149999997
v 0.138225242 -0.0556307584 0
v 0.0794141591 -0.030304959 0.00999999978
v 0.084146142 -0.0120177194 0.00200000009
v 0.0794141591 -0.030304959 0.00200000009
v 0.074951902 -0.0279680602 -0.00300000003
v 0.0847224817 0.00686301989 0.00200000009
v 0.0794162527 -0.00964675006 -0.00300000003
v 0.0601890795 -0.0202367213 -0.00300000003
v 0.0632267967 -0.00588403968 -0.00300000003
v 0.0794680193 0.00921055954 -0.00300000003
v 0.0628896952 0.00878270995 -0.00300000003
v 0.0751043335 0.0275561083 -0.00300000003
v 0.0591957681 0.0229806695 -0.00300000003
v 0.0739944428 0.02821582 -0.00300000003
v 0.0729294196 0.0289457794 -0.00300000003
v 0.0719137192 0.0297429301 -0.00300000003
v 0.117848575 0.0343469493 0.0149999997
v 0.0954027623 0.0224123001 0.0149999997
v 0.0954027623 0.0224123001 0.0449999981
v 0.117848575 0.0343469493 0.0449999981
v 0.0967254788 0.0253807399 0.0469999984
v 0.118944302 0.03520336 0.0449999981
v 0.118944302 0.03520336 0.0149999997
v 0.116909638 0.0361128412 0.0469999984
v 0.117457494 0.0365410484 0.0469999984
v 0.117825627 0.0371309482 0.0469999984
v 0.119680576 0.0363831706 0.0449999981
v 0.119680576 0.0363831706 0.0149999997
v 0.11796955 0.0378112495 0.0469999984
v 0.119968414 0.0377437584 0.0449999981
v 0.119968414 0.0377437584 0.0149999997
v 0.117871843 0.0384997018 0.0469999984
v 0.119773 0.0391206592 0.0449999981
v 0.119773 0.0391206592 0.0149999997
v 0.118994541 0.0414282419 0.0449999981
v 0.118994541 0.0414282419 0.0149999997
v 0.117105737 0.0407706499 0.0469999984
v 0.118171632 0.043720331 0.0449999981
v 0.118171632 0.043720331 0.0149999997
v 0.117304564 0.0459960885 0.0449999981
v 0.117304564 0.0459960885 0.0149999997
v 0.116611838 0.0471457988 0.0149999997
v 0.116295882 0.0430263616 0.0469999984
v 0.116611838 0.0471457988 0.0449999981
v 0.115577802 0.048001606 0.0149999997
v 0.104523793 0.0419854484 0.0469999984
v 0.112641655 0.0463017896 0.0469999984
v 0.102937967 0.0367224403 0.0469999984
v 0.099979274 0.0320899114 0.0469999984
v 0.095871225 0.0284377784 0.0469999984
v 0.0940971673 0.0273810588 0.0449999981
v 0.0954027623 0.0224123001 0.0449999981
v 0.0940971673 0.0273810588 0.0149999997
v 0.0954027623 0.0224123001 0.0149999997
v 0.104750782 0.0443712808 0.0449999981
v 0.115577802 0.048001606 0.0449999981
v 0.114318863 0.0484671779 0.0149999997
v 0.111702718 0.0480676889 0.0449999981
v 0.104750782 0.0443712808 0.0149999997
v 0.111702718 0.0480676889 0.0149999997
v 0.112976797 0.0484900624 0.0449999981
v 0.112976797 0.0484900624 0.0149999997
v 0.114318863 0.0484671779 0.0449999981
v 0.113278702 0.04651298 0.0469999984
v 0.113949738 0.0465015396 0.0469999984
v 0.114579201 0.0462687574 0.0469999984
v 0.115096226 0.0458408482 0.0469999984
v 0.115442581 0.0452659875 0.0469999984
v 0.0753183961 0.0626987889 0.0449999981
v 0.0753183961 0.0626987889 0.0149999997
v 0.0719291866 0.0665596798 0.0149999997
v 0.0719291866 0.0665596798 0.0449999981
v 0.0751297921 0.065996334 0.0469999984
v 0.0771864951 0.0635786504 0.0469999984
v 0.0825114399 0.064942129 0.0469999984
v 0.0953139365 0.0767284259 0.0469999984
v 0.0880064592 0.0648045093 0.0469999984
v 0.0932564735 0.0631761849 0.0469999984
v 0.0943749994 0.0784943253 0.0449999981
v 0.0719291866 0.0665596798 0.0449999981
v 0.0719291866 0.0665596798 0.0149999997
v 0.0943749994 0.0784943253 0.0149999997
v 0.0956977159 0.0789238289 0.0149999997
v 0.0956977159 0.0789238289 0.0449999981
v 0.0970875397 0.0788744837 0.0149999997
v 0.0970875397 0.0788744837 0.0449999981
v 0.0983764827 0.07835228 0.0149999997
v 0.0959753022 0.076943174 0.0469999984
v 0.0983764827 0.07835228 0.0449999981
v 0.0994087234 0.0774203315 0.0149999997
v 0.0966702178 0.0769185126 0.0469999984
v 0.0978308022 0.0761914253 0.0469999984
v 0.0973146781 0.076657407 0.0469999984
v 0.0994087234 0.0774203315 0.0449999981
v 0.0992850959 0.0742863938 0.0469999984
v 0.100886464 0.0754845664 0.0449999981
v 0.100886464 0.0754845664 0.0149999997
v 0.102326527 0.0735206231 0.0149999997
v 0.102326527 0.0735206231 0.0449999981
v 0.103728361 0.0715291947 0.0149999997
v 0.100702293 0.0723536313 0.0469999984
v 0.103728361 0.0715291947 0.0449999981
v 0.104294151 0.0703120083 0.0149999997
v 0.101374336 0.0674925372 0.0469999984
v 0.095361352 0.0620302297 0.0449999981
v 0.104294151 0.0703120083 0.0449999981
v 0.10442543 0.0689761788 0.0149999997
v 0.10208188 0.0703938156 0.0469999984
v 0.10442543 0.0689761788 0.0449999981
v 0.10410741 0.067672126 0.0149999997
v 0.102313288 0.0657266378 0.0449999981
v 0.095361352 0.0620302297 0.0149999997
v 0.102313288 0.0657266378 0.0149999997
v 0.103375897 0.0665467083 0.0449999981
v 0.103375897 0.0665467083 0.0149999997
v 0.10410741 0.067672126 0.0449999981
v 0.102364779 0.069785215 0.0469999984
v 0.102430418 0.0691173002 0.0469999984
v 0.1022714 0.0684652776 0.0469999984
v 0.101905651 0.067902565 0.0469999984
v 0.0764487088 0.0468365178 0.00699999975
v 0.0772579089 0.0410787575 0.00699999975
v 0.0763456896 0.0438862965 0.00699999975
v 0.0790753588 0.0387525372 0.00699999975
v 0.0815788135 0.0371882096 0.00699999975
v 0.0775545612 0.0495735779 0.00699999975
v 0.0844663233 0.0365744494 0.00699999975
v 0.0795298442 0.0517673567 0.00699999975
v 0.0873896107 0.0369852893 0.00699999975
v 0.0821363255 0.0531532466 0.00699999975
v 0.0899960846 0.0383711793 0.00699999975
v 0.085059613 0.0535640903 0.00699999975
v 0.091971375 0.0405649617 0.00699999975
v 0.09307722 0.0433020219 0.00699999975
v 0.0879471153 0.0529503301 0.00699999975
v 0.0931802467 0.0462522395 0.00699999975
v 0.0922680199 0.0490597822 0.00699999975
v 0.0904505774 0.0513859987 0.00699999975
v 0.0548473969 0.0320001878 0.0149999997
v 0.0521536916 0.0362248793 0.0149999997
v 0.064871639 0.0429871418 0.0149999997
v 0.0660489798 0.0380133092 0.0149999997
v 0.0684485808 0.0335003212 0.0149999997
v 0.0571996383 0.0275762696 0.0149999997
v 0.0719137192 0.0297429301 0.0149999997
v 0.0591957681 0.0229806695 0.0149999997
v 0.0521536916 0.0362248793 -0.00300000003
v 0.064871639 0.0429871418 -0.00300000003
v 0.064871639 0.0429871418 0.0149999997
v 0.0521536916 0.0362248793 0.0149999997
v 0.110594556 -0.0998491049 0
v 0.110594556 -0.0998491049 -9.10599992E-05
v 0.106995761 -0.0963737816 -0.00499999989
v 0.106339127 -0.095739685 -0.00600000005
v 0.103396811 -0.0928983167 -0.00499999989
v 0.111970201 -0.0983039737 -0.00300000003
v 0.103931323 -0.0934144929 -0.00600000005
v 0.0997976959 -0.0894227028 -0.000261100009
v 0.0997976959 -0.0894227028 0
v 0.108370863 -0.0948248655 -0.00800000038
v 0.108254351 -0.0948088616 -0.00800000038
v 0.121913552 -0.0856626183 -0.00300000003
v 0.110594556 -0.0998491049 -9.10599992E-05
v 0.110594556 -0.0998491049 0
v 0.104723968 -0.0913996175 -0.00800000038
v 0.117868431 -0.0827226266 -0.00800000038
v 0.104626708 -0.0914037526 -0.00792945921
v 0.101074487 -0.0879769772 -0.00300000003
v 0.113809519 -0.0798022076 -0.00800000038
v 0.109749883 -0.0768827796 -0.00300000003
v 0.109379731 -0.0774084851 0
v 0.0997976959 -0.0894227028 0
v 0.117523201 -0.0643762127 0
v 0.121616565 -0.067308329 -0.00800000038
v 0.117212981 -0.0649393275 -0.00300000003
v 0.124121018 -0.0504972488 -0.000261100009
v 0.124121018 -0.0504972488 0
v 0.123381339 -0.0522785373 -0.00300000003
v 0.126020715 -0.0696762279 -0.00800000038
v 0.128057405 -0.0540583283 -0.00800000038
v 0.130436435 -0.0720231533 -0.00300000003
v 0.132734686 -0.0558345988 -0.00800000038
v 0.138225242 -0.0556307584 -9.10599992E-05
v 0.137439534 -0.0575445294 -0.00300000003
v 0.132666275 -0.0536074564 -0.00600000005
v 0.138225242 -0.0556307584 -9.10599992E-05
v 0.133524045 -0.0539196581 -0.00499999989
v 0.138225242 -0.0556307584 0
v 0.12882264 -0.0522084981 -0.00499999989
v 0.132669225 -0.0557368882 -0.00800000038
v 0.129520893 -0.0524626374 -0.00600000005
v 0.124121018 -0.0504972488 0
v 0.128018484 -0.0539691001 -0.00792945921
v 0.100049175 -0.10356719 -0.00499999989
v 0.103647977 -0.107042499 -9.10599992E-05
v 0.103647977 -0.107042499 0
v 0.0993925482 -0.102933079 -0.00600000005
v 0.102151804 -0.108471237 -0.00300000003
v 0.096450232 -0.100091726 -0.00499999989
v 0.0985491946 -0.104995504 -0.00800000038
v 0.0646961108 -0.134221509 -0.00300000003
v 0.103647977 -0.107042499 -9.10599992E-05
v 0.103647977 -0.107042499 0
v 0.0969847366 -0.100607887 -0.00600000005
v 0.0985291377 -0.104879625 -0.00800000038
v 0.0928511098 -0.0966160968 -0.000261100009
v 0.0928511098 -0.0966160968 0
v 0.0949987471 -0.101470381 -0.00800000038
v 0.0914508328 -0.0979425609 -0.00300000003
v 0.0525731891 -0.123256072 -0.00300000003
v 0.0949994922 -0.101373032 -0.00792945921
v 0.0611733012 -0.124815173 -0.00800000038
v 0.0580009967 -0.13180244 -0.00800000038
v 0.0219997503 -0.137247995 -0.00800000038
v 0.00739400974 -0.133795843 -0.00300000003
v -0.0190971307 -0.137681887 -0.00800000038
v -0.0386714265 -0.128298551 -0.00300000003
v 0.0108438795 -0.143591121 -0.00800000038
v -0.0585244298 -0.126078904 -0.00800000038
v -0.0801016316 -0.107423119 -0.00300000003
v 0.0212198589 -0.147481233 -0.00300000003
v -0.0375488587 -0.139018282 -0.00800000038
v -0.0928352252 -0.103453465 -0.00800000038
v -0.111930676 -0.0736717135 -0.00300000003
v -0.119029894 -0.0717835948 -0.00800000038
v -0.0816630721 -0.11860498 -0.00800000038
v -0.0242310893 -0.147016495 -0.00300000003
v -0.116472185 -0.0846772045 -0.00800000038
v -0.0674271211 -0.13287054 -0.00300000003
v -0.104348436 -0.106359772 -0.00300000003
v 0.0460435301 -0.14170742 0.00999996997
v -0.00520002004 -0.148909241 0.00999996997
v 0.0444983914 -0.136952117 0.0149999997
v -0.0558163784 -0.138150394 0.00999996997
v -0.0539433882 -0.133514464 0.0149999997
v -0.0963548347 -0.107012853 0.0149999997
v -0.086533919 -0.108516112 0.0149999997
v -0.0997004583 -0.110728577 0.00999996997
v -0.0851170495 -0.108868815 0.0149999997
v -0.0877884626 -0.107769124 0.0149999997
v -0.0836587101 -0.108797163 0.0149999997
v -0.0910365209 -0.105039753 0.0149999997
v -0.0822832584 -0.108307272 0.0149999997
v -0.0941997617 -0.102212541 0.0149999997
v -0.0573382713 -0.0950437933 0.0149999997
v -0.0294657387 -0.107017606 0.0149999997
v -0.0972752422 -0.0992901102 0.0149999997
v -0.00502556982 -0.143912256 0.0149999997
v 0.000607569993 -0.110998325 0.0149999997
v 0.0306355096 -0.106688641 0.0149999997
v 0.0319800302 -0.106075354 0.0149999997
v 0.0330865495 -0.105095834 0.0149999997
v 0.0338584185 -0.103835635 0.0149999997
v 0.034228202 -0.10240487 0.0149999997
v 0.0657573193 -0.0856405348 0.0149999997
v -0.107906669 -0.0626963377 0.0149999997
v -0.0932195559 -0.0688388646 0.0149999997
v -0.0942106918 -0.067795068 0.0149999997
v -0.0919721425 -0.0695570633 0.0149999997
v -0.106255196 -0.0621597357 0.0149999997
v -0.0962211266 -0.0648610368 0.0149999997
v -0.09814661 -0.0618705675 0.0149999997
v -0.0999855176 -0.0588260889 0.0149999997
v -0.0905718133 -0.069890134 0.0149999997
v -0.0891346261 -0.0698104724 0.0149999997
v -0.0877796933 -0.0693246871 0.0149999997
v -0.131559223 -0.069951281 0.00999996997
v -0.0608418509 -0.0635788366 0.0149999997
v -0.0662766621 -0.0578913204 0.0149999997
v -0.0635540113 -0.0564436726 0.0120000001
v -0.0549208373 -0.0687582791 0.0149999997
v -0.048560936 -0.0733882487 0.0149999997
v -0.0580314919 -0.0621075295 0.0120000001
v -0.052006349 -0.0672334731 0.0120000001
v -0.04553077 -0.071777083 0.0120000001
v -0.04553077 -0.071777083 0.00200000009
v -0.0580314919 -0.0621075295 0.00200000009
v -0.0635540113 -0.0564436726 0.00200000009
v -0.0590033978 -0.0540240593 -0.00300000003
v -0.0533145182 -0.0596452989 -0.00300000003
v -0.054592289 -0.0516786389 -0.00300000003
v -0.0534072481 -0.0508025698 -0.00300000003
v -0.0525290817 -0.0496190861 -0.00300000003
v -0.0438512154 -0.0459273383 -0.00300000003
v -0.0520340651 -0.0482309982 -0.00300000003
v -0.0519652218 -0.0467588976 -0.00300000003
v -0.0523285083 -0.0453306809 -0.00300000003
v -0.0530923679 -0.0440703891 -0.00300000003
v -0.052006349 -0.0672334731 0.00200000009
v -0.0470928289 -0.0646704361 -0.00300000003
v -0.0404004902 -0.0690492541 -0.00300000003
v -0.0337753594 -0.0537724383 -0.00300000003
v -0.0223335903 -0.0594429187 -0.00300000003
v -0.0521536916 -0.0362248793 -0.00300000003
v -0.0544640012 -0.0423635803 -0.00300000003
v -0.0557807758 -0.0406140909 -0.00300000003
v -0.0570413768 -0.0388237163 -0.00300000003
v -0.137413874 -0.0209386107 0.0149999997
v -0.136710867 -0.0251225084 0.0240000002
v -0.136710867 -0.0251225084 0.0149999997
v -0.137413874 -0.0209386107 0.0240000002
v -0.13798888 -0.0167352092 0.0149999997
v -0.13798888 -0.0167352092 0.0240000002
v -0.138435349 -0.0125162099 0.0149999997
v -0.138435349 -0.0125162099 0.0240000002
v -0.138353094 -0.0110584293 0.0240000002
v -0.138353094 -0.0110584293 0.0149999997
v -0.13785319 -0.00968656968 0.0240000002
v -0.13785319 -0.00968656968 0.0149999997
v -0.136978298 -0.00851760991 0.0240000002
v -0.136978298 -0.00851760991 0.0149999997
v -0.135803014 -0.00765124941 0.0240000002
v -0.135803014 -0.00765124941 0.0149999997
v -0.110858031 0.00561222946 0.0240000002
v -0.110858031 0.00561222946 0.0149999997
v -0.105198659 0.0354152806 0.0149999997
v -0.107364461 0.0281757489 0.0320000015
v -0.0993577167 0.0494878106 0.0320000015
v -0.0916820392 0.0625731796 0.0149999997
v -0.0871712565 0.0687180534 0.0320000015
v -0.0713177249 0.0850575119 0.0149999997
v -0.110292718 0.0125106294 0.0370000005
v -0.110858031 0.00561222946 0.0370000005
v -0.110999994 1.90899991E-05 0.0240000002
v -0.110859953 -0.00557408994 0.0240000002
v -0.11043825 -0.0111531196 0.0240000002
v -0.109298557 0.0193603802 0.0370000005
v -0.11043825 -0.0111531196 0.0480000004
v -0.107364461 0.0281757489 0.0350000001
v -0.107879415 0.0261348505 0.0370000005
v -0.104199849 0.0283970404 0.0350000001
v -0.110859953 -0.00557408994 0.0480000004
v -0.108708359 -0.00796817988 0.049999997
v -0.110999994 1.90899991E-05 0.0480000004
v -0.110858031 0.00561222946 0.0480000004
v -0.0963681042 0.0487564169 0.0350000001
v -0.10893181 -0.00385504006 0.049999997
v -0.0869248956 0.0036142997 0.049999997
v -0.108999677 0.000263609982 0.049999997
v -0.108911887 0.0043818797 0.049999997
v -0.0965162441 0.0109727597 0.049999997
v -0.0969899893 0.0129859997 0.0480000004
v -0.0969899893 0.0129859997 0.0370000005
v -0.110858031 0.00561222946 0.0370000005
v -0.0949203297 0.0130078895 0.0480000004
v -0.0944338962 0.0110363998 0.049999997
v -0.084966369 0.00239051995 0.0480000004
v -0.11043825 -0.0111531196 0.0480000004
v -0.084966369 0.00239051995 0.0419999957
v -0.11043825 -0.0111531196 0.0240000002
v -0.0928628743 0.0132334195 0.0480000004
v -0.0908375978 0.0136603899 0.0419999957
v -0.0848873481 0.00437456975 0.0480000004
v -0.0868411437 0.00525511988 0.049999997
v -0.0923658535 0.0112882098 0.049999997
v -0.0845987946 0.00824880973 0.0469999984
v -0.084762007 0.00635622954 0.0480000004
v -0.0867264122 0.00689406972 0.049999997
v -0.0845904052 0.00833442993 0.0480000004
v -0.0845731497 0.00908620004 0.0469999984
v -0.0865807682 0.00853054971 0.049999997
v -0.0903290808 0.0117261196 0.049999997
v -0.0908375978 0.0136603899 0.0480000004
v -0.0846899003 0.00992952008 0.0480000004
v -0.0846688375 0.00983203016 0.0469999984
v -0.0848752782 0.0105550801 0.0469999984
v -0.0852876082 0.0114117395 0.0480000004
v -0.0861712992 0.0124953995 0.0446914285
v -0.0866404697 0.00948760938 0.049999997
v -0.0869990885 0.0103769302 0.049999997
v -0.0863224715 0.0126296394 0.0480000004
v -0.087620005 0.0111076701 0.049999997
v -0.0876887515 0.0134587996 0.0480000004
v -0.0877849907 0.0134966299 0.0431267954
v -0.0884397775 0.0116051603 0.049999997
v -0.0893746465 0.0118185794 0.049999997
v -0.0892468616 0.0138145005 0.0480000004
v -0.0900166482 0.0138043901 0.0420858264
v -0.0891532227 0.0138076199 0.0423510112
v -0.0892870724 0.0141326999 0.0419999957
v -0.0877775773 0.0147231994 0.0419999957
v -0.0863181278 0.0154283494 0.0419999957
v -0.0861712992 0.0124953995 0.0446914285
v -0.0888588205 0.0142866597 0.0149999997
v -0.0915513337 0.0134860389 0.0149999997
v -0.0943266004 0.0130519401 0.0149999997
v -0.0971349776 0.0129921194 0.0149999997
v -0.0970383212 0.0129879201 0.0370000005
v -0.0970866531 0.0129899597 0.0370000005
v -0.0971349776 0.0129921194 0.0370000005
v -0.0831850097 0.01747155 0.00999999978
v -0.0832271054 0.0174384899 0.0419999957
v -0.0805182308 0.0132144792 0.0469999984
v -0.0839707702 0.0110136196 0.0469999984
v -0.0848752782 0.0105550801 0.0469999984
v -0.0846688375 0.00983203016 0.0469999984
v -0.0845731497 0.00908620004 0.0469999984
v -0.0774540082 0.0159300603 0.0469999984
v -0.0845987946 0.00824880973 0.0469999984
v -0.0805352926 0.0199582595 0.0419999957
v -0.0783256888 0.0229099784 0.0419999957
v -0.0748540834 0.0190930106 0.0469999984
v -0.0565190054 0.023179099 0.0469999984
v -0.0551586375 0.0182395689 0.0419999957
v -0.0657887682 0.0239131302 0.0469999984
v -0.0646568015 0.0268234797 0.0469999984
v -0.069798477 0.0274439808 0.0419999957
v -0.080438152 0.0200671796 -9.66299922E-05
v -0.0831850097 0.01747155 0.00200000009
v -0.0783256888 0.0229099784 -0.00139252003
v -0.0718590841 0.0263483394 0.00999999978
v -0.0718590841 0.0263483394 -0.00300000003
v -0.0763230622 0.0239748005 -0.00300000003
v -0.069798477 0.0274439808 0.0119265793
v -0.0686107501 0.0302913394 0.0149999997
v -0.0680842698 0.0314568281 0.0419999957
v -0.0664386898 0.034798 0.0149999997
v -0.0633961484 0.0296804402 0.0469999984
v -0.0620093383 0.0324783288 0.0469999984
v -0.0661395863 0.0353631787 0.0419999957
v -0.0639710054 0.0391498283 0.0419999957
v -0.0639710054 0.0391498283 0.00999999978
v -0.0404142179 0.0268130582 0.0419999957
v -0.053756617 0.03380052 0.0170000009
v -0.0404142179 0.0268130582 0.0170000009
v -0.0639710054 0.0391498283 0.00999999978
v -0.0531241596 0.0347861089 0.0146976691
v -0.053756617 0.03380052 -0.0329999998
v -0.0337960981 0.0347861089 -0.00300000003
v -0.0573689789 0.0356923193 -0.0329999998
v -0.0531241596 0.0347861089 -0.0329999998
v -0.0337960981 0.0347861089 -0.0329999998
v -0.053756617 0.03380052 -0.0329999998
v -0.053756617 0.03380052 0.0170000009
v -0.0728471577 0.0437982976 -0.0211576596
v -0.0677692518 0.0411389768 -0.0290957689
v -0.0728471577 0.0437982976 0.00999999978
v -0.0664386898 0.034798 0.0149999997
v -0.0797267407 0.0417569913 0.0149999997
v -0.0686107501 0.0302913394 0.0149999997
v -0.0819234475 0.0372632407 0.0149999997
v -0.079414174 0.030304959 0.00999999978
v -0.069798477 0.0274439808 0.0119265793
v -0.0718590841 0.0263483394 0.00999999978
v -0.079414174 0.030304959 0.00200000009
v -0.074951902 0.0279680602 -0.00300000003
v -0.0718590841 0.0263483394 -0.00300000003
v -0.092085205 0.0335307978 0.0149999997
v -0.0849159136 0.0298209302 0.0149999997
v -0.087233834 0.0221417397 0.0149999997
v -0.0971349776 0.0129921194 0.0149999997
v -0.0943266004 0.0130519401 0.0149999997
v -0.0915513337 0.0134860389 0.0149999997
v -0.0888588205 0.0142866597 0.0149999997
v -0.079414174 0.030304959 0.00999999978
v -0.0831850097 0.01747155 0.00999999978
v -0.0755836368 0.0488580875 0.0149999997
v -0.0728471577 0.0437982976 0.00999999978
v -0.0686016902 0.0501877293 0.00999999978
v -0.0728471577 0.0437982976 -0.0211576596
v -0.0638144985 0.0561489984 -0.0211576596
v -0.0677692518 0.0411389768 -0.0290957689
v -0.08089526 0.0260951482 0.00999999978
v -0.0593702309 0.0525381975 -0.0290957689
v -0.0573689789 0.0356923193 -0.0329999998
v -0.0527138896 0.0666801706 -0.0211576596
v -0.0490773655 0.0622615293 -0.0290957689
v -0.050270088 0.0451448672 -0.0329999998
v -0.0372190177 0.0699987859 -0.0290957689
v -0.0531241596 0.0347861089 -0.0329999998
v -0.053756617 0.03380052 -0.0329999998
v -0.0337960981 0.0347861089 -0.0329999998
v -0.0416323803 0.0532154776 -0.0329999998
v -0.026691949 0.0404943153 -0.0329999998
v -0.0317202397 0.0596570894 -0.0329999998
v -0.0186453704 0.0447727591 -0.0329999998
v -0.0208370984 0.0642725155 -0.0329999998
v -0.00994045939 0.0474703796 -0.0329999998
v 0.000867659925 0.0634940714 -0.0329999998
v 0.00125795999 0.0634875372 -0.0329999998
v 0.00164821988 0.0634785965 -0.0329999998
v 0.00203841995 0.0634672642 -0.0329999998
v -0.136710867 -0.0251225084 0.0149999997
v -0.136710867 -0.0251225084 0.0240000002
v -0.0879965499 0.000779349997 0.0149999997
v -0.084966369 0.00239051995 0.0120000001
v -0.0617691986 0.0147246802 0.00999999978
v -0.0798361003 0.00511834025 -0.00300000003
v -0.084966369 0.00239051995 0.00200000009
v -0.0617691986 0.0147246802 -0.00300000003
v -0.0556728579 0.0179661587 0.0149999997
v -0.0480285883 0.0185877383 0.0149999997
v -0.0447295271 0.018748831 0.0419999957
v -0.0447295271 0.018748831 0.0120000001
v -0.048016239 0.0235942993 0.0469999984
v -0.0478118397 0.0240057893 0.0469999984
v -0.0476039201 0.0244155098 0.0469999984
v -0.0480285883 0.0185877383 0.0149999997
v -0.0482493378 0.00492451992 0.0120000001
v -0.0514824912 0.00134297996 0.0149999997
v -0.0556728579 0.0179661587 0.0149999997
v -0.05839663 0.00347622973 0.0149999997
v -0.0617691986 0.0147246802 0.00999999978
v -0.0634663105 0.00206811982 0.00999999978
v -0.0617691986 0.0147246802 -0.00300000003
v -0.063466318 0.00206811982 -0.00300000003
v -0.0574111082 -0.0112345004 0.0149999997
v -0.0625967756 -0.0106720692 0.00999999978
v -0.0625967756 -0.0106720692 -0.00300000003
v -0.0591957681 -0.0229806695 0.00999999978
v -0.0591957681 -0.0229806695 -0.00300000003
v -0.0480279997 -0.00674990006 -0.0449999981
v -0.0475949459 -0.00932582933 0.0120000001
v -0.0428229608 -0.0227693692 -0.0449999981
v -0.048932381 -0.0160584096 0.0149999997
v -0.0509988107 0.00716741011 -0.0480000004
v -0.0527789295 -0.0252316296 0.0149999997
v -0.0428229608 -0.0227693692 0.0120000001
v -0.0406756587 -0.0315870307 0.0149999997
v -0.0507175997 -0.00894287974 -0.0480000004
v -0.0343462192 -0.0342430584 0.0120000001
v -0.027675271 -0.0434319004 0.0149999997
v -0.0620570593 -0.0301648993 0.0149999997
v -0.0504315682 -0.0296463706 0.0149999997
v -0.0640834495 -0.0255794991 0.00999999978
v -0.0591957681 -0.0229806695 -0.00300000003
v -0.0640834495 -0.0255794991 -0.00300000003
v -0.0414177068 -0.041313719 0.0149999997
v -0.0597097017 -0.0345796384 0.0149999997
v -0.0521536916 -0.0362248793 0.00999999978
v -0.0687723309 -0.0330567993 0.0149999997
v -0.0633165836 -0.0274227895 0.0149999997
v -0.0570413768 -0.0388237163 0.00999999978
v -0.0570413768 -0.0388237163 -0.00300000003
v -0.0521536916 -0.0362248793 -0.00300000003
v -0.0658623278 -0.0385297202 0.0149999997
v -0.05814071 -0.0371572077 0.0149999997
v -0.0669083074 -0.0253826492 0.0149999997
v -0.0732182562 -0.0287377089 0.0149999997
v -0.0662296936 -0.0248888694 0.0149999997
v -0.0644550323 -0.0246282183 0.0149999997
v -0.065714404 -0.0242264289 0.0149999997
v -0.0654027686 -0.0234471895 0.0149999997
v -0.0653191879 -0.0226121079 0.0149999997
v -0.0654701889 -0.0217865612 0.0149999997
v -0.0584578179 -0.0412757024 0.0149999997
v -0.0647677779 -0.0446307696 0.0149999997
v -0.0576689802 -0.0409892164 0.0149999997
v -0.0564605184 -0.0396637097 0.0149999997
v -0.0568316504 -0.0409324579 0.0149999997
v -0.0560113713 -0.0411098488 0.0149999997
v -0.0552723221 -0.041507531 0.0149999997
v -0.0546723418 -0.0420943499 0.0149999997
v -0.0732182562 -0.0287377089 0.0449999981
v -0.0732182562 -0.0287377089 0.0149999997
v -0.0687723309 -0.0330567993 0.0149999997
v -0.0671040192 -0.0356798396 0.0469999984
v -0.0658623278 -0.0385297202 0.0149999997
v -0.0713803545 -0.0302063692 0.049999997
v -0.0751790181 -0.0275151301 0.0469999984
v -0.0772708431 -0.0265255906 0.049999997
v -0.0784601495 -0.0260883681 0.0469999984
v -0.0819430053 -0.0252690688 0.0469999984
v -0.0840649754 -0.0250814501 0.049999997
v -0.0855160952 -0.0250834599 0.0469999984
v -0.0909433067 -0.0260481406 0.049999997
v -0.0656244233 -0.0392626897 0.0469999984
v -0.0671040192 -0.0356798396 0.049999997
v -0.0647677779 -0.0446307696 0.0449999981
v -0.0647677779 -0.0446307696 0.0149999997
v -0.0648637936 -0.0430636592 0.0469999984
v -0.0648506507 -0.0469399691 0.0469999984
v -0.0649576113 -0.0422858074 0.049999997
v -0.0652000159 -0.0492274985 0.049999997
v -0.0655025989 -0.0504579879 0.0469999984
v -0.0667709559 -0.053803537 0.0469999984
v -0.0678019971 -0.0556676462 0.049999997
v -0.0686151236 -0.0568695664 0.0469999984
v -0.0724497363 -0.0608294904 0.049999997
v -0.0669381395 -0.0475743897 0.0519999973
v -0.0685846806 -0.0529599525 0.0519999973
v -0.0670364276 -0.0419435985 0.0519999973
v -0.07181485 -0.0575731173 0.0519999973
v -0.0764487088 -0.0468365178 0.0519999973
v -0.0763456896 -0.0438862965 0.0519999973
v -0.0775545612 -0.0495735779 0.0519999973
v -0.0795298442 -0.0517673567 0.0519999973
v -0.0772579089 -0.0410787575 0.0519999973
v -0.0763124749 -0.0609623268 0.0519999973
v -0.0785826296 -0.0640904009 0.049999997
v -0.0753735378 -0.0627282187 0.0449999981
v -0.0821363255 -0.0531532466 0.0519999973
v -0.081637308 -0.0627958104 0.0519999973
v -0.085059613 -0.0535640903 0.0519999973
v -0.0688699111 -0.0366187803 0.0519999973
v -0.0722591206 -0.032121148 0.0519999973
v -0.0790753588 -0.0387525372 0.0519999973
v -0.0768722892 -0.0288909785 0.0519999973
v -0.0815788135 -0.0371882096 0.0519999973
v -0.082257852 -0.0272444393 0.0519999973
v -0.0844663233 -0.0365744494 0.0519999973
v -0.0878886282 -0.0273427293 0.0519999973
v -0.0873896107 -0.0369852893 0.0519999973
v -0.0932134539 -0.0291762091 0.0519999973
v -0.0970761925 -0.0293090604 0.049999997
v -0.0941523984 -0.0274103191 0.0449999981
v -0.0899960846 -0.0383711793 0.0519999973
v -0.0977110863 -0.0325654186 0.0519999973
v -0.091971375 -0.0405649617 0.0519999973
v -0.100941256 -0.0371785909 0.0519999973
v -0.09307722 -0.0433020219 0.0519999973
v -0.101723924 -0.0344708785 0.049999997
v -0.102587789 -0.0425641462 0.0519999973
v -0.0931802467 -0.0462522395 0.0519999973
v -0.10432592 -0.0409110412 0.049999997
v -0.102489509 -0.0481949374 0.0519999973
v -0.0922680199 -0.0490597822 0.0519999973
v -0.104568325 -0.0478527285 0.049999997
v -0.103011832 -0.0368852206 0.0469999984
v -0.104314856 -0.0408593491 0.0469999984
v -0.100910813 -0.0332689695 0.0469999984
v -0.104762897 -0.0450175703 0.0469999984
v -0.100656018 -0.0535197593 0.0519999973
v -0.0972668156 -0.0580173917 0.0519999973
v -0.0904505774 -0.0513859987 0.0519999973
v -0.102421917 -0.0544586964 0.049999997
v -0.103630543 -0.051703617 0.0469999984
v -0.103273936 -0.0526418276 0.0469999984
v -0.104097024 -0.0501873083 0.0454421788
v -0.10287074 -0.0535609573 0.0469999984
v -0.102421917 -0.0544586964 0.0469999984
v -0.101928629 -0.0553327985 0.0469999984
v -0.101392113 -0.0561810471 0.0469999984
v -0.100813709 -0.0570013076 0.0469999984
v -0.0926536471 -0.0612475574 0.0519999973
v -0.0879471153 -0.0529503301 0.0519999973
v -0.0981455818 -0.0599321686 0.049999997
v -0.0959039181 -0.0616788715 0.0469999984
v -0.0998174846 -0.0582359582 0.0454421788
v -0.0872680843 -0.0628940985 0.0519999973
v -0.0922550932 -0.0636129528 0.049999997
v -0.0854609534 -0.0650570914 0.049999997
v -0.0922060683 -0.0636326745 0.0469999984
v -0.088182725 -0.0647747293 0.0469999984
v -0.0840098336 -0.0650550798 0.0469999984
v -0.09814661 -0.0618705675 0.0449999981
v -0.0962211266 -0.0648610368 0.0449999981
v -0.0999855176 -0.0588260889 0.0449999981
v -0.100813709 -0.0570013076 0.0469999984
v -0.107194133 -0.0603938363 0.0469999984
v -0.101392113 -0.0561810471 0.0469999984
v -0.101928629 -0.0553327985 0.0469999984
v -0.102421917 -0.0544586964 0.0469999984
v -0.110010967 -0.0550961569 0.0469999984
v -0.10287074 -0.0535609573 0.0469999984
v -0.103273936 -0.0526418276 0.0469999984
v -0.103630543 -0.051703617 0.0469999984
v -0.104680233 -0.0499966182 0.0449999981
v -0.0948220789 -0.0633509457 0.0469999984
v -0.0922060683 -0.0636326745 0.0469999984
v -0.106175907 -0.0467696376 0.0449999981
v -0.0937130824 -0.065005146 0.0469999984
v -0.110831983 -0.0557376072 0.0469999984
v -0.110949904 -0.0533302575 0.0449999981
v -0.111384101 -0.056621179 0.0469999984
v -0.111600719 -0.0576402992 0.0469999984
v -0.111455724 -0.0586720519 0.0469999984
v -0.112318277 -0.0543993525 0.0449999981
v -0.113238476 -0.0558719672 0.0449999981
v -0.110949904 -0.0533302575 0.0149999997
v -0.104680233 -0.0499966182 0.0149999997
v -0.112318277 -0.0543993525 0.0149999997
v -0.113238476 -0.0558719672 0.0149999997
v -0.113599509 -0.0575705096 0.0149999997
v -0.113599509 -0.0575705096 0.0449999981
v -0.113357835 -0.0592900775 0.0149999997
v -0.113357835 -0.0592900775 0.0449999981
v -0.112542607 -0.0608233102 0.0149999997
v -0.110966586 -0.0595919788 0.0469999984
v -0.112542607 -0.0608233102 0.0449999981
v -0.111252144 -0.0619852394 0.0449999981
v -0.111252144 -0.0619852394 0.0149999997
v -0.110192306 -0.0602891371 0.0469999984
v -0.109642111 -0.0626357421 0.0449999981
v -0.109642111 -0.0626357421 0.0149999997
v -0.109226294 -0.0606794469 0.0469999984
v -0.107906669 -0.0626963377 0.0449999981
v -0.107906669 -0.0626963377 0.0149999997
v -0.108185031 -0.0607157983 0.0469999984
v -0.106255196 -0.0621597357 0.0449999981
v -0.106255196 -0.0621597357 0.0149999997
v -0.0999855176 -0.0588260889 0.0149999997
v -0.09814661 -0.0618705675 0.0149999997
v -0.0999855176 -0.0588260889 0.0149999997
v -0.0962211266 -0.0648610368 0.0149999997
v -0.0942106918 -0.067795068 0.0149999997
v -0.0942106918 -0.067795068 0.0449999981
v -0.0932195559 -0.0688388646 0.0449999981
v -0.0932195559 -0.0688388646 0.0149999997
v -0.0925772265 -0.0666410178 0.0469999984
v -0.0919825509 -0.0672672987 0.0469999984
v -0.088182725 -0.0647747293 0.0469999984
v -0.0919721425 -0.0695570633 0.0449999981
v -0.0919721425 -0.0695570633 0.0149999997
v -0.0912341028 -0.0676982179 0.0469999984
v -0.0905718133 -0.069890134 0.0449999981
v -0.0905718133 -0.069890134 0.0149999997
v -0.0903939009 -0.0678980574 0.0469999984
v -0.0891346261 -0.0698104724 0.0449999981
v -0.0891346261 -0.0698104724 0.0149999997
v -0.0877796933 -0.0693246871 0.0449999981
v -0.0877796933 -0.0693246871 0.0149999997
v -0.089531593 -0.0678502694 0.0469999984
v -0.0887186304 -0.0675587878 0.0469999984
v -0.0662766621 -0.0578913204 0.0149999997
v -0.054592289 -0.0516786389 0.0449999981
v -0.0635540113 -0.0564436726 0.0120000001
v -0.054592289 -0.0516786389 -0.00300000003
v -0.0635540113 -0.0564436726 0.00200000009
v -0.0590033978 -0.0540240593 -0.00300000003
v -0.0809455067 -0.0647015721 0.0458735153
v -0.0780731365 -0.0639172494 0.0452175364
v -0.0534072481 -0.0508025698 0.0449999981
v -0.0534072481 -0.0508025698 -0.00300000003
v -0.0728983879 -0.0611699484 0.0452138707
v -0.0706384107 -0.0592289865 0.0458666421
v -0.0555312298 -0.0499127395 0.0469999984
v -0.0667709559 -0.053803537 0.0469999984
v -0.0655025989 -0.0504579879 0.0469999984
v -0.0648506507 -0.0469399691 0.0469999984
v -0.054820206 -0.0493871011 0.0469999984
v -0.0525290817 -0.0496190861 0.0449999981
v -0.0525290817 -0.0496190861 -0.00300000003
v -0.0542933084 -0.0486770086 0.0469999984
v -0.0520340651 -0.0482309982 0.0449999981
v -0.0520340651 -0.0482309982 -0.00300000003
v -0.0539962985 -0.0478441603 0.0469999984
v -0.0519652218 -0.0467588976 0.0449999981
v -0.0519652218 -0.0467588976 -0.00300000003
v -0.0541729592 -0.046103958 0.0469999984
v -0.0539549924 -0.0469609015 0.0469999984
v -0.0523285083 -0.0453306809 0.0449999981
v -0.0523285083 -0.0453306809 -0.00300000003
v -0.0546312891 -0.0453477986 0.0469999984
v -0.0530923679 -0.0440703891 0.0449999981
v -0.0530923679 -0.0440703891 -0.00300000003
v -0.0546723418 -0.0420943499 0.0149999997
v -0.05362707 -0.043418169 0.0449999981
v -0.0553581379 -0.0444575772 0.0469999984
v -0.0560704879 -0.0435557067 0.0469999984
v -0.0541537516 -0.0427594595 0.0449999981
v -0.0567681491 -0.0426424295 0.0469999984
v -0.0647677779 -0.0446307696 0.0449999981
v -0.0584578179 -0.0412757024 0.0449999981
v -0.0647677779 -0.0446307696 0.0149999997
v -0.0584578179 -0.0412757024 0.0149999997
v -0.0578223988 -0.0410247892 0.0450767688
v -0.0576689802 -0.0409892164 0.0149999997
v -0.0572023802 -0.0409285501 0.0452828668
v -0.0568316504 -0.0409324579 0.0149999997
v -0.0546723418 -0.0420943499 0.0449999981
v -0.0551344305 -0.0416152366 0.0450770073
v -0.0567960776 -0.0409351401 0.0454794392
v -0.0563952476 -0.0409967266 0.0457219966
v -0.0560113713 -0.0411098488 0.0149999997
v -0.0557020269 -0.0412441306 0.0453094095
v -0.0552723221 -0.041507531 0.0149999997
v -0.0564605184 -0.0396637097 0.0149999997
v -0.0570413768 -0.0388237163 0.00999999978
v -0.05814071 -0.0371572077 0.0149999997
v -0.0597097017 -0.0345796384 0.0149999997
v -0.0544640012 -0.0423635803 -0.00300000003
v -0.0557807758 -0.0406140909 -0.00300000003
v -0.0570413768 -0.0388237163 -0.00300000003
v -0.0669083074 -0.0253826492 0.0149999997
v -0.0732182562 -0.0287377089 0.0149999997
v -0.0732182562 -0.0287377089 0.0449999981
v -0.0669083074 -0.0253826492 0.0449999981
v -0.0670965165 -0.0232175887 0.0469999984
v -0.0751790181 -0.0275151301 0.0469999984
v -0.0665761679 -0.0251782611 0.0450245291
v -0.0662296936 -0.0248888694 0.0149999997
v -0.0662915185 -0.0249482989 0.0450939424
v -0.0658391267 -0.0244253799 0.0453432612
v -0.065714404 -0.0242264289 0.0149999997
v -0.0655236542 -0.0238286983 0.0457219966
v -0.0654027686 -0.0234471895 0.0149999997
v -0.065341115 -0.023115648 0.0453094095
v -0.0653191879 -0.0226121079 0.0149999997
v -0.0653313771 -0.0224375594 0.0450770073
v -0.0654701889 -0.0217865612 0.0149999997
v -0.0674635395 -0.0221285 0.0469999984
v -0.0654701889 -0.0217865612 0.0449999981
v -0.0724322051 -0.0181266293 0.0469999984
v -0.0784601495 -0.0260883681 0.0469999984
v -0.0819430053 -0.0252690688 0.0469999984
v -0.0733711496 -0.0163607299 0.0449999981
v -0.0719821975 -0.0158681795 0.0449999981
v -0.0678128824 -0.0210336205 0.0469999984
v -0.0657315925 -0.0209847093 0.0449999981
v -0.0659831688 -0.0201797187 0.0449999981
v -0.0681444481 -0.01993322 0.0469999984
v -0.066224888 -0.01937172 0.0449999981
v -0.088580437 -0.0254369713 0.0458735153
v -0.0914527848 -0.0262212884 0.0452175364
v -0.0685150623 -0.0191304088 0.0469999984
v -0.066224888 -0.01937172 -0.00300000003
v -0.0640834495 -0.0255794991 0.00999999978
v -0.0644550323 -0.0246282183 0.0149999997
v -0.0633165836 -0.0274227895 0.0149999997
v -0.0620570593 -0.0301648993 0.0149999997
v -0.0655768812 -0.021463288 -0.00300000003
v -0.064862825 -0.0235332493 -0.00300000003
v -0.0640834495 -0.0255794991 -0.00300000003
v -0.0668425709 -0.0180337001 -0.00300000003
v -0.0668425709 -0.0180337001 0.0449999981
v -0.0678234696 -0.0169338696 -0.00300000003
v -0.0691035986 -0.018470509 0.0469999984
v -0.0678234696 -0.0169338696 0.0449999981
v -0.0690823942 -0.0161677599 -0.00300000003
v -0.0698589608 -0.0180108491 0.0469999984
v -0.0690823942 -0.0161677599 0.0449999981
v -0.0705099776 -0.0158019401 -0.00300000003
v -0.0707154945 -0.0177913494 0.0469999984
v -0.0705099776 -0.0158019401 0.0449999981
v -0.0719821975 -0.0158681795 -0.00300000003
v -0.0715988278 -0.0178311002 0.0469999984
v -0.0733711496 -0.0163607299 -0.00300000003
v -0.0823328793 -0.0211257599 0.0120000001
v -0.0823328793 -0.0211257599 0.00200000009
v -0.0777822584 -0.0187061597 -0.00300000003
v -0.0850555152 -0.0225734208 0.0149999997
v -0.106558546 -0.0340067893 0.0149999997
v -0.106558546 -0.0340067893 0.0449999981
v -0.0966275409 -0.0289685894 0.0452138595
v -0.098887518 -0.0309095494 0.0458666421
v -0.107718952 -0.0348584279 0.0449999981
v -0.107718952 -0.0348584391 0.0149999997
v -0.105619609 -0.0357726775 0.0469999984
v -0.103011832 -0.0368852206 0.0469999984
v -0.106315851 -0.0362836681 0.0469999984
v -0.108588658 -0.0360053703 0.0449999981
v -0.108588658 -0.0360053778 0.0149999997
v -0.106837668 -0.0369718298 0.0469999984
v -0.109095581 -0.0373525396 0.0449999981
v -0.109095581 -0.0373525508 0.0149999997
v -0.107141823 -0.0377801396 0.0469999984
v -0.107203111 -0.0386415981 0.0469999984
v -0.104314856 -0.0408593491 0.0469999984
v -0.109197721 -0.0387883 0.0449999981
v -0.109197721 -0.0387883075 0.0149999997
v -0.107016437 -0.0394848213 0.0469999984
v -0.108886614 -0.0401936695 0.0449999981
v -0.1088866 -0.0401936807 0.0149999997
v -0.106295399 -0.0413412526 0.0469999984
v -0.107578419 -0.0435010903 0.0449999981
v -0.107578419 -0.0435010977 0.0149999997
v -0.105544157 -0.0431856588 0.0469999984
v -0.106175907 -0.0467696376 0.0149999997
v -0.104680233 -0.0499966182 0.0149999997
v -0.110858031 0.00561222946 0.0370000005
v -0.0970383212 0.0129879201 0.0370000005
v -0.0969899893 0.0129859997 0.0370000005
v -0.0970866531 0.0129899597 0.0370000005
v -0.0971349776 0.0129921194 0.0370000005
v -0.110292718 0.0125106294 0.0370000005
v -0.109298557 0.0193603802 0.0370000005
v -0.0963812023 0.0177387707 0.0370000005
v -0.107879415 0.0261348505 0.0370000005
v -0.0953956097 0.0224427599 0.0370000005
v -0.094180584 0.0270927679 0.0370000005
v -0.107364461 0.0281757489 0.0350000001
v -0.107364461 0.0281757489 0.0320000015
v -0.0967720971 0.0289164297 0.0350000001
v -0.0935672447 0.0291405376 0.0350000001
v -0.0935672447 0.0291405376 0.0320000015
v -0.090162836 0.0455155186 0.0350000001
v -0.0935672447 0.0291405376 0.0320000015
v -0.0807321817 0.060690321 0.0350000001
v -0.0846049562 0.0671267584 0.0350000001
v -0.0713177398 0.0850575045 0.0320000015
v -0.0693902895 0.0827586055 0.0350000001
v -0.0695531294 0.0690388381 0.0320000015
v -0.0796594992 0.0570820905 0.0320000015
v -0.0695531294 0.0690388381 0.0149999997
v -0.0827462524 0.0525076799 0.0149999997
v -0.0877328739 0.0436685421 0.0320000015
v -0.092085205 0.0335307978 0.0149999997
v -0.0971349776 0.0129921194 0.0149999997
v -0.0971349776 0.0129921194 0.0370000005
v -0.0963812023 0.0177387707 0.0370000005
v -0.0953956097 0.0224427599 0.0370000005
v -0.0935672447 0.0291405376 0.0350000001
v -0.094180584 0.0270927679 0.0370000005
v -0.0663392395 0.0821648836 0.0350000001
v -0.0598440282 0.0763393193 0.0320000015
v -0.063690491 0.0835734531 0.0320000015
v -0.0598440282 0.0763393193 0.0149999997
v -0.063690491 0.0835734531 0.0149999997
v -0.0645694658 0.084761411 0.0149999997
v -0.0667157993 0.082664676 0.0350000001
v -0.0646319315 0.0848227963 0.0320000015
v -0.0657573193 0.0856405348 0.0149999997
v -0.0672283769 0.0830236301 0.0350000001
v -0.0659133717 0.0857200623 0.0320000015
v -0.0671502575 0.0861340538 0.0149999997
v -0.0678268075 0.0832066163 0.0350000001
v -0.0674093589 0.0861774236 0.0320000015
v -0.0686266273 0.0861988366 0.0149999997
v -0.0684524775 0.0831957012 0.0350000001
v -0.0689734593 0.0861501321 0.0320000015
v -0.0700574443 0.0858292282 0.0149999997
v -0.0692804381 0.0828443915 0.0350000001
v -0.0690441653 0.0829919875 0.0350000001
v -0.0704525784 0.0856408328 0.0320000015
v -0.0707542896 0.0854666606 0.0320000015
v -0.0710431486 0.0852719098 0.0320000015
v -0.0691648796 0.0829223022 0.0350000001
v -0.0111643597 0.0963553712 -0.0105889998
v -0.0127751892 0.0961550474 -0.0100537799
v -0.0144661292 0.0959152281 -0.0100962901
v -0.0160410907 0.0956644341 -0.0107116904
v -0.00982294977 0.0965013504 -0.0116403103
v -0.0173172001 0.0954416841 -0.0118289003
v -0.00891094934 0.0965898335 -0.0130843194
v -0.0181461591 0.0952875465 -0.0133165503
v -0.00862652995 0.0966156498 -0.014023779
v -0.0184331797 0.0952324346 -0.0149999997
v -0.00853049941 0.0966241732 -0.0149999997
v -0.0151488893 0.0958097503 -0.0250315294
v -0.0184331797 0.0952324346 -0.0250315294
v -0.0118466998 0.0962738618 -0.0250315294
v -0.00853049941 0.0966241732 -0.0250315294
v -0.0137220705 0.0856561735 -0.0392549373
v -0.0170043092 0.0850654393 -0.0392549373
v -0.0104195494 0.0861203149 -0.0392549373
v -0.00710162986 0.086457178 -0.0392549373
v -0.0080198599 0.0690489784 -0.0449999981
v -0.00469795987 0.0693542287 -0.0449999981
v -0.00409490988 0.0650632903 -0.0449999981
v -0.00415551011 0.0633278713 -0.0449999981
v -0.00480601005 0.0617178269 -0.0449999981
v -0.00596793974 0.0604273677 -0.0449999981
v -0.00750117004 0.0596121401 -0.0449999981
v -0.0113232899 0.0685847104 -0.0449999981
v -0.0146006402 0.0679624975 -0.0449999981
v -0.00922074914 0.0593704693 -0.0449999981
v -0.0139975902 0.0636715591 -0.0449999981
v -0.0109192794 0.0597315095 -0.0449999981
v -0.01346099 0.0620200671 -0.0449999981
v -0.0123918997 0.0606516972 -0.0449999981
v -0.0434465408 0.0867259949 -0.0105889998
v -0.0448917188 0.0859868228 -0.0100537799
v -0.0463986471 0.0851831213 -0.0100962901
v -0.0477928482 0.0844087899 -0.0107116904
v -0.0422359593 0.0873219594 -0.0116403103
v -0.0489158183 0.0837630033 -0.0118289003
v -0.0414092205 0.0877170265 -0.0130843194
v -0.0496420711 0.0833346546 -0.0133165503
v -0.0411507785 0.0878385603 -0.014023779
v -0.0498929396 0.0831846967 -0.0149999997
v -0.0410634689 0.0878794193 -0.0149999997
v -0.0470041782 0.0848504975 -0.0250315294
v -0.0498929396 0.0831846967 -0.0250315294
v -0.0440598466 0.0864160359 -0.0250315294
v -0.0410634689 0.0878794193 -0.0250315294
v -0.0421906598 0.0757972449 -0.0392549373
v -0.0450729169 0.0741195455 -0.0392549373
v -0.0392460488 0.0773629248 -0.0392549373
v -0.0362434387 0.0788142681 -0.0392549373
v -0.0311523508 0.0621418618 -0.0449999981
v -0.0281351898 0.0635648593 -0.0449999981
v -0.0261009093 0.0597389489 -0.0449999981
v -0.0255643092 0.058087457 -0.0449999981
v -0.0256249085 0.0563520268 -0.0449999981
v -0.0262754094 0.0547419973 -0.0449999981
v -0.0274373386 0.0534515381 -0.0449999981
v -0.0340977684 0.0605757609 -0.0449999981
v -0.0369646586 0.0588701367 -0.0449999981
v -0.0289705694 0.0526363067 -0.0449999981
v -0.0349303894 0.0550442412 -0.0449999981
v -0.0306901503 0.052394636 -0.0449999981
v -0.0338613093 0.0536758713 -0.0449999981
v -0.0323886797 0.0527556799 -0.0449999981
v -0.0736391842 0.0631369129 -0.0105889998
v -0.0714279711 0.0656280816 -0.0100962901
v -0.072572358 0.064360328 -0.0100537799
v -0.0703393519 0.0667935386 -0.0107116904
v -0.074510321 0.0621064603 -0.0116403103
v -0.0694410801 0.0677269176 -0.0118289003
v -0.0750936568 0.0613998584 -0.0130843194
v -0.0688497573 0.0683279708 -0.0133165503
v -0.0752741098 0.061178498 -0.014023779
v -0.0686435699 0.0685351044 -0.0149999997
v -0.0753348693 0.0611036569 -0.0149999997
v -0.0709587336 0.0661351383 -0.0250315294
v -0.0686435699 0.0685351044 -0.0250315294
v -0.0731900483 0.063657023 -0.0250315294
v -0.0753348693 0.0611036569 -0.0250315294
v -0.0633389056 0.0592744388 -0.0392549373
v -0.0610137582 0.0616651997 -0.0392549373
v -0.0655704364 0.056796059 -0.0392549373
v -0.067705065 0.0542337485 -0.0392549373
v -0.0527595505 0.0452604704 -0.0449999981
v -0.0548701994 0.042677179 -0.0449999981
v -0.0516500697 0.0397777706 -0.0449999981
v -0.0501774475 0.0388575681 -0.0449999981
v -0.0484789088 0.0384965278 -0.0449999981
v -0.046759326 0.0387382098 -0.0449999981
v -0.045226112 0.0395534299 -0.0449999981
v -0.0505274013 0.0477395207 -0.0449999981
v -0.0481788926 0.0501086265 -0.0449999981
v -0.0440641679 0.0408438928 -0.0449999981
v -0.0449587591 0.0472092181 -0.0449999981
v -0.04341368 0.0424539261 -0.0449999981
v -0.043889679 0.0458408482 -0.0449999981
v -0.0433530696 0.0441893488 -0.0449999981
v -0.0646702051 0.0225834977 -0.0179999992
v -0.0794141591 0.030304959 -0.0179999992
v -0.0683722422 0.00418160995 -0.0179999992
v -0.0849770159 0.00197633984 -0.0179999992
v -0.0669403076 -0.0145342797 -0.0179999992
v -0.0807371587 -0.0265802685 -0.0179999992
v -0.0604819097 -0.0321587995 -0.0179999992
v -0.0986349434 0.0164665096 -0.00300000003
v -0.0886789486 0.0351569615 -0.00760621997
v -0.0909045041 0.041669786 -0.00300000003
v -0.0909045041 0.041669786 -0.0171908103
v -0.0671836883 -0.0520706512 -0.0179999992
v -0.0494820103 -0.04736856 -0.0179999992
v -0.0995106176 -0.00988112949 -0.00300000003
v -0.0886789337 0.0351569504 -0.01601707
v -0.0794141591 0.030304959 -0.0179999992
v -0.0776254609 0.0293681994 -0.0333287492
v -0.0646702051 0.0225834977 -0.0179999992
v -0.0646702051 0.0225834977 -0.0379999988
v -0.0458800867 -0.0715542957 -0.0179999992
v -0.0347665697 -0.0590214916 -0.0179999992
v -0.0885852948 0.0463966317 -0.0259999987
v -0.0192838889 -0.0827836394 -0.0179999992
v -0.01744055 -0.0662425607 -0.0179999992
v -0.0415046103 -0.0909800306 -0.00300000003
v -0.020442199 -0.0931776389 -0.00760638993
v -0.0638374686 -0.0769725814 -0.00300000003
v -0.0620093271 0.0324783288 -0.0480000004
v -0.0518218279 0.0271430984 -0.0480000004
v -0.0785003901 0.0411150604 -0.0417947471
v -0.0601732582 0.0357655883 -0.0480000004
v -0.0758972764 0.0457423404 -0.0417947285
v -0.085509643 0.0518468991 -0.0259999987
v -0.0817338526 -0.0576157793 -0.00300000003
v -0.0817338452 -0.0576157793 0
v -0.0593629107 -0.08047387 0
v -0.0309194382 -0.0950998887 0
v -0.0162873194 -0.098664701 -0.00300002005
v -0.0162873305 -0.098664701 -0.0171906482
v 0.000686929969 -0.0999976397 0
v -0.0800971761 -0.0510827005 -0.00800000038
v -0.020442199 -0.0931776911 -0.01601707
v -0.0192838889 -0.0827836394 -0.0179999992
v -0.0190602597 -0.0807769075 -0.0333287604
v -0.01744055 -0.0662425607 -0.0179999992
v -0.01744055 -0.0662425607 -0.0379999988
v -0.0110716401 -0.0993851796 -0.0259999987
v -0.111930676 -0.0736717135 -0.00300000003
v -0.111930676 -0.0736717135 0
v -0.0817338452 -0.0576157793 0
v -0.12607196 -0.0585393794 -0.00800000038
v -0.0871392488 -0.0378384888 -0.00800000038
v -0.0934706181 -0.0355420709 -0.00300000003
v -0.0934706256 -0.0355420895 0
v -0.0999111831 -0.0042136698 0
v -0.0961313248 0.0275458004 0
v -0.123667464 -0.0515980273 -0.00300000003
v -0.0934706256 -0.0355420895 0
v -0.123667464 -0.0515980273 0
v -0.076272577 0.064672187 -0.00954130013
v -0.0749320388 0.0662207678 -0.00886811968
v -0.0727604479 0.0668344125 -0.0100972699
v -0.0739141479 0.0655579492 -0.0100549394
v -0.0716550872 0.0679955781 -0.0107194399
v -0.0707413778 0.0689131021 -0.0118428804
v -0.0701410696 0.0694962665 -0.0133282393
v -0.069932349 0.0696955249 -0.0149999997
v -0.0714279711 0.0656280816 -0.0100962901
v -0.0703393519 0.0667935386 -0.0107116904
v -0.0694410801 0.0677269176 -0.0118289003
v -0.0688497573 0.0683279708 -0.0133165503
v -0.072572358 0.064360328 -0.0100537799
v -0.0686435699 0.0685351044 -0.0149999997
v -0.0686435699 0.0685351044 -0.0250315294
v -0.0749765784 0.0643189698 -0.0105978204
v -0.0736391842 0.0631369129 -0.0105889998
v -0.069932349 0.0696955249 -0.0256126095
v -0.0610137582 0.0616651997 -0.0392549373
v -0.077356182 0.0633720905 -0.0108549995
v -0.0758307651 0.0632748082 -0.0116572594
v -0.074510321 0.0621064603 -0.0116403103
v -0.0780736208 0.0624860786 -0.0126455994
v -0.0763939172 0.0625612214 -0.01310129
v -0.0750936568 0.0613998584 -0.0130843194
v -0.078293778 0.0622100011 -0.0138058104
v -0.0765663385 0.0623385385 -0.0140369404
v -0.0752741098 0.061178498 -0.014023779
v -0.0766236484 0.0622640774 -0.0149999997
v -0.0753348693 0.0611036569 -0.0149999997
v -0.0753348693 0.0611036569 -0.0250315294
v -0.0783670098 0.0621177182 -0.0149999997
v -0.0766236484 0.0622640774 -0.0256126095
v -0.067705065 0.0542337485 -0.0392549373
v -0.0820991024 0.0570941195 -0.0259999987
v -0.0783473998 0.0621193685 -0.0260198992
v -0.0684821606 0.0549334474 -0.0407788083
v -0.0730217397 0.0502054393 -0.0417947285
v -0.0698840767 0.0544883087 -0.0417947285
v -0.0550160483 0.0428085066 -0.0467999987
v -0.0548701994 0.042677179 -0.0449999981
v -0.0698070452 0.054475721 -0.0418175608
v -0.0559846386 0.0420204587 -0.0480000004
v -0.0581630878 0.0389493704 -0.0480000004
v -0.0558844693 0.0419756696 -0.0480000004
v -0.0524530225 0.0388859883 -0.0480000004
v -0.0516500697 0.0397777706 -0.0467999987
v -0.0516500697 0.0397777706 -0.0449999981
v -0.0501774475 0.0388575681 -0.0449999981
v -0.0506269671 0.0377449468 -0.0480000004
v -0.0501774475 0.0388575681 -0.0467999987
v -0.0484789088 0.0384965278 -0.0449999981
v -0.0485207886 0.0372972712 -0.0480000004
v -0.0484789088 0.0384965278 -0.0467999987
v -0.046759326 0.0387382098 -0.0449999981
v -0.046759326 0.0387382098 -0.0467999987
v -0.045226112 0.0395534299 -0.0449999981
v -0.0463885106 0.037596941 -0.0480000004
v -0.045226112 0.0395534299 -0.0467999987
v -0.0440641679 0.0408438928 -0.0449999981
v -0.0440641679 0.0408438928 -0.0467999987
v -0.04341368 0.0424539261 -0.0449999981
v -0.0444873087 0.0386078171 -0.0480000004
v -0.04341368 0.0424539261 -0.0467999987
v -0.0433530696 0.0441893488 -0.0449999981
v -0.0433530696 0.0441893488 -0.0467999987
v -0.043889679 0.0458408482 -0.0449999981
v -0.043889679 0.0458408482 -0.0467999987
v -0.0449587591 0.0472092181 -0.0449999981
v -0.042239897 0.0422044396 -0.0480000004
v -0.0430465229 0.0402079895 -0.0480000004
v -0.0449587591 0.0472092181 -0.0467999987
v -0.0481788926 0.0501086265 -0.0449999981
v -0.0577642992 0.00924856961 -0.0480000004
v -0.0441557951 0.0481009893 -0.0480000004
v -0.0483247526 0.0502399579 -0.0467999987
v -0.0577058047 -0.00960677024 -0.0480000004
v -0.0516524389 -0.0274640881 -0.0480000004
v -0.0683722422 0.00418160995 -0.0379999988
v -0.0683722422 0.00418160995 -0.0179999992
v -0.0646702051 0.0225834977 -0.0179999992
v -0.0669403076 -0.0145342797 -0.0179999992
v -0.0669403076 -0.0145342797 -0.0379999988
v -0.0604819097 -0.0321587995 -0.0179999992
v -0.0604819097 -0.0321587995 -0.0379999988
v -0.0494820103 -0.04736856 -0.0179999992
v -0.0494820103 -0.04736856 -0.0379999988
v -0.0347665697 -0.0590214916 -0.0179999992
v -0.0347665697 -0.0590214916 -0.0379999988
v -0.01744055 -0.0662425607 -0.0179999992
v -0.0402330495 -0.0424682386 -0.0480000004
v -0.0246339794 -0.0530605055 -0.0480000004
v -0.00647574989 -0.0581404679 -0.0480000004
v -0.00774941966 -0.0695697218 -0.048000019
v -0.00981090963 -0.0880710185 -0.0417947285
v -0.00399744976 -0.0698857605 -0.0480000004
v -0.00451909006 -0.0885004997 -0.0417947285
v -0.00483330991 -0.0998831242 -0.0259999987
v -0.035774909 -0.0370460004 -0.0480000004
v -0.0225761198 -0.0462878868 -0.0480000004
v -0.0454718024 -0.0241777804 -0.0480000004
v -0.0324528292 -0.0360425189 -0.0449999981
v -0.0181684196 -0.0449684188 -0.0449999981
v -0.0228980798 -0.0427542664 0.0120000001
v -0.0094689494 -0.0475666784 0.0120000001
v -0.0064576501 -0.0480681695 0.0419999957
v -0.0114473198 -0.0502116382 0.0149999997
v -0.015723031 -0.0559280291 0.0149999997
v -0.0162372496 -0.0562014394 0.0149999997
v -0.0094689494 -0.0475666784 0.0419999957
v -0.0297730491 -0.0503568798 0.0149999997
v -0.0223335903 -0.0594429187 0.00999999978
v -0.0337753594 -0.0537724383 0.00999999978
v -0.0337753594 -0.0537724383 -0.00300000003
v -0.0223335903 -0.0594429187 -0.00300000003
v -0.0438512154 -0.0459273383 -0.00300000003
v -0.0438512154 -0.0459273383 0.00999999978
v -0.0521536916 -0.0362248793 -0.00300000003
v -0.00728977984 -0.0530010313 0.0469999984
v -0.015723031 -0.0559280291 0.0419999957
v -0.0114473198 -0.0502116382 0.0149999997
v -0.0094689494 -0.0475666784 0.0120000001
v -0.015723031 -0.0559280291 0.0149999997
v -0.0162372496 -0.0562014394 0.0149999997
v -0.0223335903 -0.0594429187 0.00999999978
v -0.04553077 -0.071777083 0.0419999957
v -0.0123886801 -0.0598179698 0.0469999984
v -0.00683433982 -0.053061679 0.0469999984
v -0.0404684693 -0.0747482553 0.0469999984
v -0.0340699181 -0.0741420835 0.0469999984
v -0.00637839967 -0.0531184077 0.0469999984
v -0.0059219799 -0.0531712286 0.0469999984
v -0.0397599079 -0.0751952603 0.0469999984
v -0.0391950868 -0.0756916478 0.0469999984
v -0.0387110896 -0.0762671158 0.0469999984
v -0.037985228 -0.0777335167 0.0453678295
v -0.00342074991 -0.0483792201 0.0419999957
v -0.000370309979 -0.0484985895 0.0419999957
v -0.032082852 -0.0787498802 0.0419999957
v -0.0301051084 -0.0731202662 0.0469999984
v -0.0354777984 -0.0801883936 0.0419999957
v -0.0377688296 -0.0791824162 0.0440160893
v -0.0379189998 -0.0804047436 0.0430707596
v -0.0284886193 -0.0779272988 0.0419999957
v -0.0260290504 -0.0727335364 0.0469999984
v -0.03203189 -0.0787334591 0.00999999978
v -0.0248059295 -0.0777460337 0.0419999957
v -0.0378450491 -0.0816562995 0.0149999997
v -0.0283653401 -0.0779104158 -8.67599956E-05
v -0.03203189 -0.0787334591 0.00200000009
v -0.0248059295 -0.0777460337 -0.00139252003
v -0.0368785188 -0.0810040161 0.0419999957
v -0.0162111633 -0.0731956959 0.0419999957
v -0.0183393303 -0.0743076801 0.0320000015
v -0.0183393303 -0.0743076801 -0.00300000003
v -0.0228032991 -0.076681219 -0.00300000003
v -0.0152239092 -0.0734386295 0.0350000001
v -0.0119933495 -0.0740348473 0.0419999957
v -0.0122715402 -0.0739892498 0.0350000001
v -0.00929949991 -0.074421227 0.0350000001
v -0.0169637296 -0.067913413 0.0469999984
v -0.0138503946 -0.0685860664 0.0469999984
v -0.0108444793 -0.0691548735 0.0469999984
v -0.0077494299 -0.0695697218 0.0469999984
v -0.00766737992 -0.0746070445 0.0419999957
v -0.0063125398 -0.0747338682 0.0350000001
v -0.00331545994 -0.0749266818 0.0419999957
v -0.00331545994 -0.0749266818 0.0320000015
v -0.000370309979 -0.0484985895 0.0419999957
v -0.00331545994 -0.0749266818 0.0320000015
v -0.00203841995 -0.0634672642 0.0170000009
v -0.000370309979 -0.0484985895 0.0170000009
v -0.000867659925 -0.0634940714 0.0146976691
v 0.00994045939 -0.0474703796 -0.00300000003
v -0.000867659925 -0.0634940714 -0.0329999998
v 0.00994045939 -0.0474703796 -0.0329999998
v -0.00125795999 -0.0634875372 -0.0329999998
v -0.00164821988 -0.0634785965 -0.0329999998
v -0.00203841995 -0.0634672642 -0.0329999998
v -0.00203841995 -0.0634672642 0.0170000009
v -0.00442517968 -0.0848847255 0.00999999978
v -0.00442517968 -0.0848847255 -0.0211576596
v -0.00203841995 -0.0634672642 -0.0329999998
v -0.00249004993 -0.067519933 -0.0329999998
v -0.00379031966 -0.07918787 -0.0290957689
v -0.00497985957 -0.0898621157 0.0149999997
v -0.00586715993 -0.0978242084 0.0320000015
v -0.00586715993 -0.0978242084 0.0149999997
v -0.0063125398 -0.0747338682 0.0350000001
v -0.00919291936 -0.100580767 0.0350000001
v -0.00929949991 -0.074421227 0.0350000001
v -0.0181128792 -0.099362582 0.0350000001
v -0.0134674795 -0.107157022 0.0350000001
v -0.0122715402 -0.0739892498 0.0350000001
v -0.0152239092 -0.0734386295 0.0350000001
v -0.0207324103 -0.0957818702 0.0320000015
v -0.0183393303 -0.0743076801 0.0320000015
v -0.0198413096 -0.0877856612 0.0149999997
v -0.0207324103 -0.0957818702 0.0149999997
v -0.0192838889 -0.0827836394 0.00999999978
v -0.0183393303 -0.0743076801 -0.00300000003
v -0.0192838889 -0.0827836394 0.00200000009
v -0.0187259987 -0.0777774826 -0.00300000003
v 0.00155010994 -0.100988097 0.0350000001
v -0.00586715993 -0.0978242084 0.0320000015
v -0.0221617296 -0.0985386074 0.0350000001
v -0.0207324103 -0.0957818702 0.0320000015
v -0.0347256064 -0.102265015 0.0350000001
v -0.0261735003 -0.0975497216 0.0350000001
v -0.0232258514 -0.0952079818 0.0320000015
v -0.0207324103 -0.0957818702 0.0149999997
v -0.0257034488 -0.0945691913 0.0320000015
v -0.0285481308 -0.0937496796 0.0149999997
v -0.0281635392 -0.0938659385 0.0320000015
v -0.0361699872 -0.091080904 0.0149999997
v -0.0435462371 -0.0877936408 0.0149999997
v -0.0435462371 -0.0877936408 0.0370000005
v -0.0391895771 -0.0898230225 0.0370000005
v -0.0347386599 -0.0916363671 0.0370000005
v -0.0281635392 -0.0938659385 0.0350000001
v -0.0302041881 -0.0932293236 0.0370000005
v -0.0301414598 -0.0963975713 0.0350000001
v -0.0302041881 -0.0932293236 0.0370000005
v -0.0281635392 -0.0938659385 0.0350000001
v -0.0281635392 -0.0938659385 0.0320000015
v -0.0386586301 -0.10405051 0.0370000005
v -0.0347386599 -0.0916363671 0.0370000005
v -0.0391895771 -0.0898230225 0.0370000005
v -0.045068495 -0.101438798 0.0370000005
v -0.0366786905 -0.104764849 0.0350000001
v -0.0366786905 -0.104764849 0.0320000015
v -0.0435462371 -0.0877936408 0.0370000005
v -0.0513031185 -0.0984326527 0.0370000005
v -0.0573382713 -0.0950437933 0.0370000005
v -0.0434702374 -0.0876700282 0.0370000005
v -0.014532879 -0.110044517 0.0320000015
v -0.0366786905 -0.104764849 0.0320000015
v 0.00822430011 -0.1106949 0.0320000015
v 0.00834007002 -0.107677497 0.0350000001
v 0.000607569993 -0.110998325 0.0149999997
v -0.0294657387 -0.107017606 0.0149999997
v 0.0306355096 -0.106688641 0.0149999997
v 0.0306354985 -0.106688641 0.0320000015
v 0.0319800302 -0.106075354 0.0149999997
v -0.0573382713 -0.0950437933 0.0240000002
v -0.0573382713 -0.0950437933 0.0149999997
v -0.0822832584 -0.108307272 0.0149999997
v -0.0822832584 -0.108307272 0.0240000002
v -0.0836587101 -0.108797163 0.0240000002
v -0.0836587101 -0.108797163 0.0149999997
v -0.0851170495 -0.108868815 0.0240000002
v -0.0851170495 -0.108868815 0.0149999997
v -0.086533919 -0.108516112 0.0240000002
v -0.086533919 -0.108516112 0.0149999997
v -0.0877884626 -0.107769124 0.0240000002
v -0.0877884626 -0.107769124 0.0149999997
v -0.0910365209 -0.105039753 0.0149999997
v -0.0910365209 -0.105039753 0.0240000002
v -0.0941997617 -0.102212541 0.0149999997
v -0.0941997617 -0.102212541 0.0240000002
v -0.0972752422 -0.0992901102 0.0149999997
v -0.0972752422 -0.0992901102 0.0240000002
v -0.135803014 -0.00765124941 0.0240000002
v -0.110858031 0.00561222946 0.0240000002
v -0.110999994 1.90899991E-05 0.0240000002
v -0.110859953 -0.00557408994 0.0240000002
v -0.11043825 -0.0111531196 0.0240000002
v -0.13798888 -0.0167352092 0.0240000002
v -0.137413874 -0.0209386107 0.0240000002
v -0.136710867 -0.0251225084 0.0240000002
v -0.138435349 -0.0125162099 0.0240000002
v -0.138353094 -0.0110584293 0.0240000002
v -0.136978298 -0.00851760991 0.0240000002
v -0.13785319 -0.00968656968 0.0240000002
v 0.075995557 -0.0805991068 0
v 0.0761349201 -0.0809941143 0
v 0.0764257163 -0.0813679397 0
v 0.0759795606 -0.0800709799 0
v 0.0769315585 -0.0817468315 0
v 0.0778982416 -0.0819210708 0
v 0.077391237 -0.0819107965 0
v 0.0783499479 -0.0818124488 0
v 0.076103501 -0.0795165673 0
v 0.0788579658 -0.0815699548 0
v 0.076394178 -0.0789233223 0
v 0.0769071281 -0.0782797784 0
v 0.0797698647 -0.0808240473 0
v 0.0806757808 -0.0743772313 0
v 0.0834284648 -0.0770354569 0
v 0.0763303861 -0.11013478 0
v 0.0928511098 -0.0966160968 -0.000261100009
v 0.0928511098 -0.0966160968 0
v 0.0525731891 -0.123256072 -0.00300000003
v 0.057872545 -0.120858453 0
v 0.0379460081 -0.12851499 0
v 0.00739400974 -0.133795843 -0.00300000003
v 0.0170564689 -0.132910028 0
v -0.00426593004 -0.133932069 0
v -0.0254800692 -0.131555185 0
v -0.0386714265 -0.128298551 -0.00300000003
v -0.0460475683 -0.125839666 0
v -0.0654464737 -0.116930567 0
v -0.0801016316 -0.107423119 -0.00300000003
v -0.0831844583 -0.105054006 0
v -0.0988113955 -0.0905113667 0
v -0.111930676 -0.0736717135 -0.00300000003
v -0.111930676 -0.0736717135 0
v 0.0837814286 -0.100384139 0.00300000003
v 0.0886238143 -0.0953696966 0.00300000003
v 0.0802188069 -0.0874243826 0.00300000003
v 0.0853755251 -0.0833008066 0.00300000003
v 0.0804892033 -0.0815187022 0.00300000003
v 0.0848424584 -0.0770107806 0.00300000003
v 0.0794212371 -0.0823978186 0.00300000003
v 0.0787307099 -0.0827382132 0.00300000003
v 0.0780244097 -0.0829130858 0.00300000003
v 0.0784006938 -0.0883935317 0.00300000003
v 0.0772060603 -0.0828935131 0.00300000003
v 0.0765851513 -0.0888454765 0.00300000003
v 0.0747671202 -0.0887777209 0.00300000003
v 0.076441668 -0.0826187506 0.00300000003
v 0.0736410618 -0.0884761587 0.00300000003
v 0.0725791305 -0.0879877061 0.00300000003
v 0.0757310539 -0.0820872784 0.00300000003
v 0.0710205808 -0.0868130848 0.00300000003
v 0.0697166547 -0.0851395428 0.00300000003
v 0.0752597898 -0.081477195 0.00300000003
v 0.0690437332 -0.0832531899 0.00300000003
v 0.0750109404 -0.0807719305 0.00300000003
v 0.0689975172 -0.0811598077 0.00300000003
v 0.0694293603 -0.0793268085 0.00300000003
v 0.0749845207 -0.0799714848 0.00300000003
v 0.0702797845 -0.0775081962 0.00300000003
v 0.0751765594 -0.079139106 0.00300000003
v 0.075579457 -0.0783417672 0.00300000003
v 0.0725133717 -0.0746240914 0.00300000003
v 0.0761877894 -0.077585116 0.00300000003
v 0.080651097 -0.0729632303 0.00300000003
v 0.0817579255 -0.0650510713 0.00300000003
v 0.0883103088 -0.0802617446 0.00300000003
v 0.100460753 -0.0831121877 0.00300000003
v 0.0960218981 -0.0877087563 0.00300000003
v 0.0802188069 -0.0874243826 0.00300000003
v 0.0837814286 -0.100384139 0.00200000009
v 0.0837814286 -0.100384139 0.00300000003
v 0.0802188069 -0.0874243826 0.00200000009
v 0.0789425522 -0.0903270245 0
v 0.0827829316 -0.104297213 0
v 0.0776553825 -0.0906986967 0
v 0.0784006938 -0.0883935317 0.00200000009
v 0.0802188069 -0.0874243826 0.00200000009
v 0.0802188069 -0.0874243826 0.00300000003
v 0.0784006938 -0.0883935317 0.00300000003
v 0.0765851513 -0.0888454765 0.00200000009
v 0.0765851513 -0.0888454765 0.00300000003
v 0.0764012262 -0.0908667445 0
v 0.0747671202 -0.0887777209 0.00200000009
v 0.0747671202 -0.0887777209 0.00300000003
v 0.0744121224 -0.0907459632 0
v 0.0736410618 -0.0884761587 0.00200000009
v 0.0736410618 -0.0884761587 0.00300000003
v 0.0725791305 -0.0879877061 0.00200000009
v 0.0725791305 -0.0879877061 0.00300000003
v 0.0710205808 -0.0868130848 0.00300000003
v 0.0727374479 -0.0902729034 0
v 0.0710205808 -0.0868130848 0.00200000009
v 0.0697166547 -0.0851395428 0.00300000003
v 0.0763303861 -0.11013478 0
v 0.0711342618 -0.0894502178 0
v 0.0697166547 -0.0851395428 0.00200000009
v 0.0690437332 -0.0832531899 0.00300000003
v 0.0928511098 -0.0966160968 0
v 0.057872545 -0.120858453 0
v 0.0696312636 -0.0882517621 0
v 0.090849556 -0.0959439948 0
v 0.0837814286 -0.100384139 0.00200000009
v 0.0322230421 -0.0946661234 0
v 0.0379460081 -0.12851499 0
v 0.0170564689 -0.132910028 0
v 0.0679467842 -0.0860715434 0
v 0.000686929969 -0.0999976397 0
v -0.00426593004 -0.133932069 0
v -0.0254800692 -0.131555185 0
v -0.0309194382 -0.0950998887 0
v -0.0460475683 -0.125839666 0
v -0.0654464737 -0.116930567 0
v -0.0593629107 -0.08047387 0
v -0.0831844583 -0.105054006 0
v -0.0988113955 -0.0905113667 0
v -0.0817338452 -0.0576157793 0
v -0.111930676 -0.0736717135 0
v 0.0604628772 -0.0796507373 0
v 0.0670873076 -0.0836713389 0
v 0.0690437332 -0.0832531899 0.00200000009
v 0.0670120195 -0.0809194446 0
v 0.0689975172 -0.0811598077 0.00200000009
v 0.0689975172 -0.0811598077 0.00300000003
v 0.0694293603 -0.0793268085 0.00200000009
v 0.0694293603 -0.0793268085 0.00300000003
v 0.0675885156 -0.0785350949 0
v 0.0702797845 -0.0775081962 0.00200000009
v 0.0702797845 -0.0775081962 0.00300000003
v 0.0688643456 -0.0759914964 0
v 0.0725133717 -0.0746240914 0.00200000009
v 0.0725133717 -0.0746240914 0.00300000003
v 0.0817579255 -0.0650510713 0.00300000003
v 0.0817579255 -0.0650510713 0.00200000009
v 0.0710746869 -0.0732347667 0
v 0.0825176686 -0.0564874597 0
v 0.0817085654 -0.0622230805 0
v 0.110201903 -0.0539466888 0
v 0.0960839167 -0.0342396572 0
v 0.0961313248 -0.0275458004 0
v 0.100460753 -0.0831121877 0.00200000009
v 0.0817579255 -0.0650510713 0.00300000003
v 0.100460753 -0.0831121877 0.00300000003
v 0.099952884 -0.0236097407 0
v 0.0999111831 0.0042136698 0
v 0.109379731 -0.0774084851 0
v 0.103288755 -0.0830628276 0
v 0.0960712731 -0.0905367509 0
v 0.0960218981 -0.0877087563 0.00200000009
v 0.100460753 -0.0831121877 0.00300000003
v 0.0960218981 -0.0877087563 0.00300000003
v 0.0997976959 -0.0894227028 0
v 0.117523201 -0.0643762127 0
v 0.0975420773 -0.0918778703 0
v 0.103396811 -0.0928983167 -0.00499999989
v 0.101139031 -0.0953514352 -0.00499999989
v 0.106995761 -0.0963737816 -0.00499999989
v 0.118652768 -0.0570225455 0
v 0.124121018 -0.0504972488 0
v 0.127203971 -0.0335283279 0
v 0.117457427 -0.0544591174 0.00200000009
v 0.125338912 -0.0473936312 0
v 0.12882264 -0.0522084981 -0.00499999989
v 0.0952260643 -0.09427616 0
v 0.104735963 -0.0988249853 -0.00499999989
v 0.13003774 -0.0491038412 -0.00499999989
v 0.133524045 -0.0539196581 -0.00499999989
v 0.134736538 -0.0508140251 -0.00499999989
v 0.131178021 -0.0459709316 -0.00499999989
v 0.10833288 -0.102298513 0
v 0.106016964 -0.104696721 0
v 0.10242001 -0.101223215 -0.00499999989
v 0.100049175 -0.10356719 -0.00499999989
v 0.0988230482 -0.0977496952 -0.00499999989
v 0.096450232 -0.100091726 -0.00499999989
v 0.0876012668 -0.0838751048 0
v 0.0883596689 -0.083089754 0
v 0.0886238143 -0.0953696966 0.00200000009
v 0.0883103088 -0.0802617446 0.00200000009
v 0.0960218981 -0.0877087563 0.00300000003
v 0.0883103088 -0.0802617446 0.00300000003
v 0.0853755251 -0.0833008066 0.00200000009
v 0.0883103088 -0.0802617446 0.00300000003
v 0.0853755251 -0.0833008066 0.00300000003
v 0.0886238143 -0.0953696966 0.00300000003
v 0.0837814286 -0.100384139 0.00300000003
v 0.080651097 -0.0729632303 0.00300000003
v 0.080651097 -0.0729632303 0.00200000009
v 0.0848424584 -0.0770107806 0.00300000003
v 0.0848424584 -0.0770107806 0.00200000009
v 0.0806757808 -0.0743772313 0
v 0.0834284648 -0.0770354569 0
v 0.117457427 -0.0544591174 0.00300000003
v 0.124640547 -0.0347236693 0.00300000003
v 0.124640547 -0.0347236693 0.00200000009
v 0.101148233 -0.0261731688 0.00200000009
v 0.101148233 -0.0261731688 0.00300000003
v 0.124640547 -0.0347236693 0.00300000003
v 0.133612454 -0.01018376 0
v 0.132296965 0.0212957989 0
v 0.0934706256 0.0355420895 0
v 0.123667464 0.0515980273 0
v 0.127541229 -0.0411003195 0
v 0.126479208 -0.0442606695 0
v 0.132242844 -0.0428115688 -0.00499999989
v 0.136944249 -0.0445227362 -0.00499999989
v 0.135876805 -0.0476811603 -0.00499999989
v 0.140575573 -0.0493913963 0
v 0.139435306 -0.0525242276 0
v 0.101148233 -0.0261731688 0.00300000003
v 0.0986473411 -0.0330443084 0.00300000003
v 0.117447555 -0.0398870297 0.00300000003
v 0.124640547 -0.0347236693 0.00300000003
v 0.117457427 -0.0544591174 0.00300000003
v 0.112765327 -0.05275134 0.00300000003
v 0.0986473411 -0.0330443084 0.00300000003
v 0.0986473411 -0.0330443084 0.00200000009
v 0.117447555 -0.0398870297 0.00300000003
v 0.117447555 -0.0398870297 0.00200000009
v 0.114884123 -0.0410823822 0
v 0.0986473411 -0.0330443084 0.00300000003
v 0.101148233 -0.0261731688 0.00300000003
v 0.112765327 -0.05275134 0.00200000009
v 0.117457427 -0.0544591174 0.00300000003
v 0.112765327 -0.05275134 0.00300000003
v 0.112765327 -0.05275134 0.00300000003
v 0.117447555 -0.0398870297 0.00300000003
v 0.0736391842 -0.0631369129 -0.0105889998
v 0.0714279711 -0.0656280816 -0.0100962901
v 0.072572358 -0.064360328 -0.0100537799
v 0.0703393519 -0.0667935386 -0.0107116904
v 0.074510321 -0.0621064603 -0.0116403103
v 0.0694410801 -0.0677269176 -0.0118289003
v 0.0750936568 -0.0613998584 -0.0130843194
v 0.0688497573 -0.0683279708 -0.0133165503
v 0.0752741098 -0.061178498 -0.014023779
v 0.0686435699 -0.0685351044 -0.0149999997
v 0.0753348693 -0.0611036569 -0.0149999997
v 0.0709587336 -0.0661351383 -0.0250315294
v 0.0686435699 -0.0685351044 -0.0250315294
v 0.0731900483 -0.063657023 -0.0250315294
v 0.0753348693 -0.0611036569 -0.0250315294
v 0.0633389056 -0.0592744388 -0.0392549373
v 0.0610137582 -0.0616651997 -0.0392549373
v 0.0655704364 -0.056796059 -0.0392549373
v 0.067705065 -0.0542337485 -0.0392549373
v 0.0527595505 -0.0452604704 -0.0449999981
v 0.0548701994 -0.042677179 -0.0449999981
v 0.0516500697 -0.0397777706 -0.0449999981
v 0.0501774475 -0.0388575681 -0.0449999981
v 0.0484789088 -0.0384965278 -0.0449999981
v 0.046759326 -0.0387382098 -0.0449999981
v 0.045226112 -0.0395534299 -0.0449999981
v 0.0505274013 -0.0477395207 -0.0449999981
v 0.0481788926 -0.0501086265 -0.0449999981
v 0.0440641679 -0.0408438928 -0.0449999981
v 0.0449587591 -0.0472092181 -0.0449999981
v 0.04341368 -0.0424539261 -0.0449999981
v 0.043889679 -0.0458408482 -0.0449999981
v 0.0433530696 -0.0441893488 -0.0449999981
v 0.0111643597 -0.0963553712 -0.0105889998
v 0.0127751892 -0.0961550474 -0.0100537799
v 0.0144661292 -0.0959152281 -0.0100962901
v 0.0160410907 -0.0956644341 -0.0107116904
v 0.00982294977 -0.0965013504 -0.0116403103
v 0.0173172001 -0.0954416841 -0.0118289003
v 0.00891094934 -0.0965898335 -0.0130843194
v 0.0181461591 -0.0952875465 -0.0133165503
v 0.00862652995 -0.0966156498 -0.014023779
v 0.0184331797 -0.0952324346 -0.0149999997
v 0.00853049941 -0.0966241732 -0.0149999997
v 0.0151488893 -0.0958097503 -0.0250315294
v 0.0184331797 -0.0952324346 -0.0250315294
v 0.0118466998 -0.0962738618 -0.0250315294
v 0.00853049941 -0.0966241732 -0.0250315294
v 0.0137220705 -0.0856561735 -0.0392549373
v 0.0170043092 -0.0850654393 -0.0392549373
v 0.0104195494 -0.0861203149 -0.0392549373
v 0.00710162986 -0.086457178 -0.0392549373
v 0.0080198599 -0.0690489784 -0.0449999981
v 0.00469795987 -0.0693542287 -0.0449999981
v 0.00409490988 -0.0650632903 -0.0449999981
v 0.00415551011 -0.0633278713 -0.0449999981
v 0.00480601005 -0.0617178269 -0.0449999981
v 0.00596793974 -0.0604273677 -0.0449999981
v 0.00750117004 -0.0596121401 -0.0449999981
v 0.0113232899 -0.0685847104 -0.0449999981
v 0.0146006402 -0.0679624975 -0.0449999981
v 0.00922074914 -0.0593704693 -0.0449999981
v 0.0139975902 -0.0636715591 -0.0449999981
v 0.0109192794 -0.0597315095 -0.0449999981
v 0.01346099 -0.0620200671 -0.0449999981
v 0.0123918997 -0.0606516972 -0.0449999981
v 0.070485197 -0.0256288275 0.0419999957
v 0.070485197 -0.0256288275 0.00999999978
v 0.0686107501 -0.0302913394 0.0149999997
v 0.0686167926 -0.0302776601 0.0419999957
v 0.0679202005 -0.0318095386 0.0149999997
v 0.0664421618 -0.0347913764 0.0419999957
v 0.0671960562 -0.0333119966 0.0149999997
v 0.0664386898 -0.034798 0.0149999997
v 0.0639710054 -0.0391498283 0.0419999957
v 0.0639710054 -0.0391498283 0.00999999978
v 0.06417083 -0.027966138 0.0469999984
v 0.070485197 -0.0256288275 0.00999999978
v 0.0601890795 -0.0202367213 -0.00300000003
v 0.074951902 -0.0279680602 -0.00300000003
v 0.0794141591 -0.030304959 0.00200000009
v 0.0794141591 -0.030304959 0.00999999978
v 0.0686107501 -0.0302913394 0.0149999997
v 0.0679202005 -0.0318095386 0.0149999997
v 0.0671960562 -0.0333119966 0.0149999997
v 0.0797267407 -0.0417569913 0.0149999997
v 0.0664386898 -0.034798 0.0149999997
v 0.0728471577 -0.0437982976 0.00999999978
v 0.0639710054 -0.0391498283 0.00999999978
v 0.0728471577 -0.0437982976 -0.0211576596
v 0.0755836368 -0.0488580875 0.0149999997
v 0.0708098337 -0.055551488 0.0149999997
v 0.0695531294 -0.0690388381 0.0149999997
v 0.0663279071 -0.0629730672 0.0149999997
v 0.06544514 -0.0617813393 0.0149999997
v 0.0728471577 -0.0437982976 0.00999999978
v 0.0641456097 -0.0608464889 0.0134135494
v 0.0637974367 -0.0561683774 0.00999999978
v 0.0627328381 -0.0603880771 0.0120754195
v 0.0614127666 -0.060345538 0.0110994298
v 0.0686016902 -0.0501877293 0.00999999978
v 0.0728471577 -0.0437982976 -0.0211576596
v 0.0638144985 -0.0561489984 -0.0211576596
v 0.0677692518 -0.0411389768 -0.0290957689
v 0.0593702309 -0.0525381975 -0.0290957689
v 0.0573689789 -0.0356923193 -0.0329999998
v 0.0584735461 -0.0616915151 0.00999999978
v 0.0602620319 -0.060600929 0.0104633495
v 0.0527138896 -0.0666801706 -0.0211576596
v 0.059288267 -0.061064858 0.0101117892
v 0.0595658198 -0.0609056875 0.0519999973
v 0.0605470687 -0.0605106689 0.0518881083
v 0.0616446473 -0.0603276491 0.0515344292
v 0.0627328381 -0.0603880771 0.0120754195
v 0.0584735461 -0.0616915151 0.0519999973
v 0.0628595576 -0.0604108088 0.050890632
v 0.0464874208 -0.0711612329 0.0519999973
v 0.0329998992 -0.07833267 0.0519999973
v 0.0184465889 -0.0829742327 0.00999999978
v 0.0184465889 -0.0829742327 0.0519999973
v 0.01801241 -0.0830914751 0.0519999973
v 0.0641456097 -0.0608464889 0.0134135494
v 0.0399050787 -0.0750505403 -0.0211576596
v 0.0174653493 -0.0833020061 0.0101132402
v 0.0175905209 -0.0832472593 0.0519999973
v 0.0171843302 -0.0834403336 0.0519999973
v 0.0108906198 -0.0842994303 0.00999999978
v 0.0165445991 -0.0838454217 0.0104621397
v 0.0163081288 -0.0840329379 0.0518881083
v 0.0157046486 -0.0846373439 0.0110820299
v 0.0155426394 -0.0848405212 0.0515344292
v 0.0149925603 -0.0857583284 0.0120589901
v 0.0149925603 -0.0857583284 0.0120589901
v 0.0149322106 -0.0858942419 0.050890632
v 0.0145756695 -0.087193355 0.0134032294
v 0.0145756695 -0.087193355 0.0134032294
v 0.00811993983 -0.0896329507 0.0149999997
v 0.0146225905 -0.088804163 0.0149999997
v 0.01474078 -0.0892858654 0.0149999997
v 0.0149061093 -0.0897534862 0.0149999997
v 0.0151169496 -0.0902024284 0.0149999997
v 0.0103245694 -0.0974546224 0.0149999997
v 0.018342169 -0.0962681845 0.0149999997
v 0.00223635999 -0.0979744792 0.0149999997
v 0.00157422002 -0.0899862275 0.0149999997
v -0.00586715993 -0.0978242084 0.0149999997
v -0.00497985957 -0.0898621157 0.0149999997
v -0.00442517968 -0.0848847255 0.00999999978
v 0.00324593973 -0.0849379972 0.00999999978
v -0.00442517968 -0.0848847255 -0.0211576596
v 0.0108650196 -0.0843027383 -0.0211576596
v -0.00379031966 -0.07918787 -0.0290957689
v 0.0258031283 -0.0809888691 -0.0211576596
v 0.0103567299 -0.07859914 -0.0290957689
v -0.00249004993 -0.067519933 -0.0329999998
v 0.0241734292 -0.0755031928 -0.0290957689
v 0.0093161203 -0.0669204891 -0.0329999998
v 0.0372190177 -0.0699987859 -0.0290957689
v 0.0208370984 -0.0642725155 -0.0329999998
v 0.0490773655 -0.0622615181 -0.0290957689
v 0.050270088 -0.0451448672 -0.0329999998
v 0.0416323803 -0.0532154776 -0.0329999998
v 0.0531241596 -0.0347861089 -0.0329999998
v 0.053756617 -0.03380052 -0.0329999998
v 0.0337960981 -0.0347861089 -0.0329999998
v 0.026691949 -0.0404943153 -0.0329999998
v 0.0317202397 -0.0596570894 -0.0329999998
v 0.0186453704 -0.0447727591 -0.0329999998
v 0.00994045939 -0.0474703796 -0.0329999998
v -0.000867659925 -0.0634940714 -0.0329999998
v -0.00125795999 -0.0634875372 -0.0329999998
v -0.00164821988 -0.0634785965 -0.0329999998
v -0.00203841995 -0.0634672642 -0.0329999998
v 0.110858031 -0.00561222946 0.0370000005
v 0.0971469209 -0.0129025597 0.0370000005
v 0.0971469209 -0.0129025597 0.0480000004
v 0.110858031 -0.00561222946 0.0480000004
v 0.0995615944 -0.0093535101 0.049999997
v 0.108911887 -0.0043818797 0.049999997
v 0.110999994 -1.90899991E-05 0.0480000004
v 0.110858031 -0.00561222946 0.0370000005
v 0.0998678356 -0.00513941981 0.049999997
v 0.0977406502 -0.00712493993 0.0480000004
v 0.0971469209 -0.0129025597 0.0480000004
v 0.0971469209 -0.0129025597 0.0370000005
v 0.0979910716 -0.00132229994 0.0480000004
v 0.0999957994 -0.000916149991 0.049999997
v 0.108999677 -0.000263609982 0.049999997
v 0.0999452472 0.00330874999 0.049999997
v 0.10893181 0.00385504006 0.049999997
v 0.097897321 0.00448498968 0.0480000004
v 0.110859953 0.00557408994 0.0480000004
v 0.108708359 0.00796817988 0.049999997
v 0.11043825 0.0111531196 0.0480000004
v 0.11043825 0.0111531196 0.0480000004
v 0.11043825 0.0111531196 0.0149999997
v 0.097897321 0.00448498968 0.0149999997
v 0.11043825 0.0111531196 0.0149999997
v 0.0954183713 -0.0223457683 0.0149999997
v 0.0935672447 -0.0291405376 0.0320000015
v 0.0963920876 -0.0176795293 0.0370000005
v 0.095402509 -0.02241344 0.0370000005
v 0.0857260749 -0.0474872589 0.0149999997
v 0.107364461 -0.0281757489 0.0320000015
v 0.110292718 -0.0125106294 0.0370000005
v 0.108228989 -0.0246472303 0.0149999997
v 0.109298557 -0.0193603802 0.0370000005
v 0.107364461 -0.0281757489 0.0350000001
v 0.107879415 -0.0261348505 0.0370000005
v 0.0935672447 -0.0291405376 0.0350000001
v 0.094180584 -0.0270927679 0.0370000005
v 0.0993577167 -0.0494878106 0.0320000015
v 0.094718568 -0.0578739382 0.0149999997
v 0.104199849 -0.0283970404 0.0350000001
v 0.087171264 -0.0687180534 0.0320000015
v 0.0713177249 -0.0850575119 0.0149999997
v 0.0963681117 -0.0487563983 0.0350000001
v 0.0713177398 -0.0850575045 0.0320000015
v 0.084604986 -0.0671267211 0.0350000001
v 0.0704525784 -0.0856408328 0.0320000015
v 0.0700574443 -0.0858292282 0.0149999997
v 0.0689734593 -0.0861501321 0.0320000015
v 0.0686266273 -0.0861988366 0.0149999997
v 0.0690441653 -0.0829919875 0.0350000001
v 0.0674093589 -0.0861774236 0.0320000015
v 0.0671502575 -0.0861340538 0.0149999997
v 0.0693903416 -0.0827585682 0.0350000001
v 0.0684525222 -0.0831957012 0.0350000001
v 0.0687752292 -0.0739659891 0.0350000001
v 0.0807321817 -0.060690321 0.0350000001
v 0.0663393289 -0.0821650401 0.0350000001
v 0.0659133717 -0.0857200623 0.0320000015
v 0.0657573193 -0.0856405348 0.0149999997
v 0.067826882 -0.0832066312 0.0350000001
v 0.0646319315 -0.0848227963 0.0320000015
v 0.0645694658 -0.084761411 0.0149999997
v 0.0667159036 -0.0826647729 0.0350000001
v 0.0672284812 -0.0830236822 0.0350000001
v 0.063690491 -0.0835734531 0.0320000015
v 0.063690491 -0.0835734531 0.0149999997
v 0.0598440282 -0.0763393193 0.0320000015
v 0.0598440282 -0.0763393193 0.0149999997
v 0.0622191988 -0.0744161978 0.0350000001
v 0.0637847707 -0.0730787441 0.0350000001
v 0.0653215945 -0.0717083514 0.0350000001
v 0.0668289959 -0.0703056455 0.0350000001
v 0.06745141 -0.0697087273 0.0341702104
v 0.0695531294 -0.0690388381 0.0320000015
v 0.0680141225 -0.066144377 0.0320000015
v 0.0695531294 -0.0690388381 0.0149999997
v 0.0663279071 -0.0629730672 0.0149999997
v 0.0680141225 -0.066144377 0.0469999984
v 0.06745141 -0.0697087273 0.0469999984
v 0.0668289959 -0.0703056455 0.0350000001
v 0.0653215945 -0.0717083514 0.0350000001
v 0.0637847707 -0.0730787441 0.0350000001
v 0.0622191988 -0.0744161978 0.0350000001
v 0.0663279071 -0.0629730672 0.0469999984
v 0.0653698891 -0.0617078021 0.0485669412
v 0.06544514 -0.0617813393 0.0149999997
v 0.0677728578 -0.0663105175 0.048680909
v 0.0641452521 -0.0608462989 0.0499025173
v 0.067076847 -0.0667887032 0.0501659997
v 0.0674000308 -0.0697584078 0.0475114994
v 0.0658964887 -0.0711804181 0.0489999987
v 0.0672426894 -0.0699100941 0.0480036996
v 0.059534438 -0.0765810087 0.0489999987
v 0.0660038963 -0.0675226897 0.0512841493
v 0.0616446473 -0.0603276491 0.0515344292
v 0.066903837 -0.0702344403 0.0485261902
v 0.064974539 -0.0682232901 0.0518170297
v 0.0605470687 -0.0605106689 0.0518881083
v 0.0664376989 -0.070675537 0.0488761179
v 0.0638584495 -0.0689789653 0.0519999973
v 0.0595658198 -0.0609056875 0.0519999973
v 0.0584735461 -0.0616915151 0.0519999973
v 0.0576931685 -0.0742125139 0.0519999973
v 0.0464874208 -0.0711612329 0.0519999973
v 0.0527317375 -0.0814147666 0.0489999987
v 0.0598440282 -0.0763393193 0.0320000015
v 0.0511008576 -0.0788967758 0.0519999973
v 0.044130329 -0.0829970688 0.0519999973
v 0.0329998992 -0.07833267 0.0519999973
v 0.0455387384 -0.0856459141 0.0489999987
v 0.0368331596 -0.0864830464 0.0519999973
v 0.0292633604 -0.0893289149 0.0519999973
v 0.0184465889 -0.0829742327 0.0519999973
v 0.0214769598 -0.0915136114 0.0519999973
v 0.01801241 -0.0830914751 0.0519999973
v 0.0175905209 -0.0832472593 0.0519999973
v 0.0171843302 -0.0834403336 0.0519999973
v 0.0163081288 -0.0840329379 0.0518881083
v 0.0380086787 -0.0892431512 0.0489999987
v 0.0298238099 -0.0923013538 0.0320000015
v 0.0301973 -0.0921798423 0.0489999987
v 0.0221623983 -0.0944342464 0.0489999987
v 0.0200728104 -0.0949003771 0.0469999984
v 0.0269012991 -0.0931950659 0.0350000001
v 0.0249170307 -0.0937450901 0.0350000001
v 0.0229215398 -0.094252862 0.0350000001
v 0.0209157299 -0.0947181657 0.0350000001
v 0.0200728104 -0.0949003771 0.0341702104
v 0.0504866987 -0.0828256756 0.0149999997
v 0.0598440282 -0.0763393193 0.0149999997
v 0.0404337868 -0.0881709009 0.0149999997
v 0.0298238099 -0.0923013538 0.0149999997
v 0.0215991084 -0.0945646763 0.0489252359
v 0.0199023597 -0.0921459571 0.0517067388
v 0.0155426394 -0.0848405212 0.0515344292
v 0.0210929699 -0.0946788564 0.0487165675
v 0.0185106695 -0.0927000493 0.0508616492
v 0.0206620693 -0.0947738215 0.0483897664
v 0.0145742996 -0.0872036442 0.0499025173
v 0.0174672492 -0.0931125209 0.0495665222
v 0.0146037098 -0.0887006521 0.0485669412
v 0.0146225905 -0.088804163 0.0149999997
v 0.01474078 -0.0892858654 0.0149999997
v 0.020342268 -0.0948429853 0.0479801968
v 0.0151169496 -0.0902024284 0.0469999984
v 0.0149061093 -0.0897534862 0.0149999997
v 0.0151169496 -0.0902024284 0.0149999997
v 0.0169715993 -0.0933075771 0.0483287089
v 0.0201399401 -0.0948861614 0.0475017019
v 0.0168031584 -0.0933737233 0.0469999984
v 0.0168031584 -0.0933737233 0.0320000015
v 0.018342169 -0.0962681845 0.0149999997
v 0.018342169 -0.0962681845 0.0320000015
v 0.0228619594 -0.0983785018 0.0350000001
v 0.0209157299 -0.0947181657 0.0350000001
v 0.0229215398 -0.094252862 0.0350000001
v 0.0249170307 -0.0937450901 0.0350000001
v 0.0269012991 -0.0931950659 0.0350000001
v 0.0310213398 -0.100943744 0.0350000001
v 0.0298238099 -0.0923013538 0.0320000015
v 0.033670269 -0.0995354801 0.0320000015
v 0.0298238099 -0.0923013538 0.0149999997
v 0.033670269 -0.0995354801 0.0149999997
v 0.0341636091 -0.100928493 0.0149999997
v 0.0341795683 -0.101014599 0.0320000015
v 0.034228202 -0.10240487 0.0149999997
v 0.0312251206 -0.101535402 0.0350000001
v 0.0342068672 -0.102578707 0.0320000015
v 0.0338584185 -0.103835635 0.0149999997
v 0.0312360805 -0.10216108 0.0350000001
v 0.0337494984 -0.104074694 0.0320000015
v 0.0330865495 -0.105095834 0.0149999997
v 0.0310531482 -0.102759518 0.0350000001
v 0.0306942295 -0.103272133 0.0350000001
v 0.0328522287 -0.105356134 0.0320000015
v 0.0298073683 -0.103805207 0.0350000001
v 0.0301944707 -0.103648737 0.0350000001
v 0.0316028893 -0.106297575 0.0320000015
v 0.0122755803 -0.100251235 0.0350000001
v 0.018342169 -0.0962681845 0.0320000015
v 0.0103245694 -0.0974546224 0.0320000015
v 0.0103245694 -0.0974546224 0.0149999997
v 0.018342169 -0.0962681845 0.0149999997
v 0.00223635999 -0.0979744792 0.0149999997
v 0.00223635999 -0.0979744792 0.0320000015
v -0.00586715993 -0.0978242084 0.0149999997
v 0.110858031 -0.00561222946 0.0370000005
v 0.110292718 -0.0125106294 0.0370000005
v 0.0971469209 -0.0129025597 0.0370000005
v 0.109298557 -0.0193603802 0.0370000005
v 0.0963920876 -0.0176795293 0.0370000005
v 0.095402509 -0.02241344 0.0370000005
v 0.107879415 -0.0261348505 0.0370000005
v 0.094180584 -0.0270927679 0.0370000005
v 0.107364461 -0.0281757489 0.0350000001
v 0.107364461 -0.0281757489 0.0320000015
v 0.0967720971 -0.0289164297 0.0350000001
v 0.0935672447 -0.0291405376 0.0350000001
v 0.0935672447 -0.0291405376 0.0320000015
v 0.090162836 -0.0455155186 0.0350000001
v 0.0877328739 -0.0436685421 0.0320000015
v 0.0796594992 -0.0570820905 0.0320000015
v 0.0695531294 -0.0690388381 0.0149999997
v 0.0695531294 -0.0690388381 0.0320000015
v 0.063690491 -0.0835734531 0.0149999997
v 0.0504866987 -0.0828256756 0.0149999997
v 0.0598440282 -0.0763393193 0.0149999997
v 0.0645694658 -0.084761411 0.0149999997
v 0.0404337868 -0.0881709009 0.0149999997
v 0.0341636091 -0.100928493 0.0149999997
v 0.033670269 -0.0995354801 0.0149999997
v 0.0298238099 -0.0923013538 0.0149999997
v 0.0677692518 -0.0411389768 -0.0290957689
v 0.0573689789 -0.0356923193 -0.0329999998
v 0.053756617 -0.03380052 -0.0329999998
v 0.053756617 -0.03380052 0.0170000009
v 0.0404142179 -0.0268130582 0.0170000009
v 0.0531241596 -0.0347861089 0.0146976691
v 0.0337960981 -0.0347861089 -0.00300000003
v 0.0620093383 -0.0324783288 0.0469999984
v 0.0627656057 -0.0309915803 0.0469999984
v 0.0634862408 -0.0294872299 0.0469999984
v 0.0531241596 -0.0347861089 -0.0329999998
v 0.0337960981 -0.0347861089 -0.0329999998
v 0.053756617 -0.03380052 -0.0329999998
v 0.053756617 -0.03380052 0.0170000009
v -0.0386586301 -0.10405051 0.0370000005
v -0.0366786905 -0.104764849 0.0350000001
v -0.045068495 -0.101438798 0.0370000005
v -0.0513031185 -0.0984326527 0.0370000005
v -0.0573382713 -0.0950437933 0.0370000005
v -0.0620545819 -0.0920338407 0.0240000002
v -0.0620545819 -0.0920338407 0.0480000004
v -0.0666132271 -0.088790074 0.0240000002
v -0.0573382713 -0.0950437933 0.0480000004
v -0.0666132271 -0.088790074 0.0480000004
v -0.0710026398 -0.0853207186 0.0240000002
v -0.0710026398 -0.0853207186 0.0480000004
v -0.0673948675 -0.0856675729 0.049999997
v -0.0641098544 -0.0881528482 0.049999997
v -0.0456114002 -0.0740850866 0.049999997
v -0.0607333072 -0.0905122384 0.049999997
v -0.0572700202 -0.0927423537 0.049999997
v -0.0434702374 -0.0876700282 0.0480000004
v -0.0573382713 -0.0950437933 0.0370000005
v -0.0434702374 -0.0876700282 0.0370000005
v -0.0448743664 -0.0861514732 0.049999997
v -0.0422947481 -0.0859664455 0.0480000004
v -0.0436571687 -0.0844607353 0.049999997
v -0.04553077 -0.071777083 0.0480000004
v -0.0710026398 -0.0853207186 0.0480000004
v -0.0409572609 -0.0843868405 0.0480000004
v -0.0394707695 -0.0829465836 0.0419999957
v -0.0710026398 -0.0853207186 0.0240000002
v -0.0438417196 -0.072821036 0.0480000004
v -0.0442042574 -0.0749332011 0.049999997
v -0.0422919802 -0.0828870535 0.049999997
v -0.0404684693 -0.0747482553 0.0469999984
v -0.0421287566 -0.0738252476 0.0480000004
v -0.0427813567 -0.075754568 0.049999997
v -0.0403927974 -0.0747891814 0.0480000004
v -0.0397599079 -0.0751952603 0.0469999984
v -0.0413431972 -0.0765489265 0.049999997
v -0.0407899879 -0.0814433619 0.049999997
v -0.0394707695 -0.0829465836 0.0480000004
v -0.0391260386 -0.0757636279 0.0480000004
v -0.0391950868 -0.0756916478 0.0469999984
v -0.0387110896 -0.0762671158 0.0469999984
v -0.0382314697 -0.0770879984 0.0480000004
v -0.037985228 -0.0777335167 0.0453678295
v -0.0405831486 -0.0771336034 0.049999997
v -0.0378004685 -0.0786269754 0.0480000004
v -0.0377688296 -0.0791824162 0.0440160893
v -0.0400464088 -0.0779282302 0.049999997
v -0.0378770791 -0.0802233294 0.0480000004
v -0.0397878103 -0.0788516104 0.049999997
v -0.0398337767 -0.0798094273 0.049999997
v -0.0401796177 -0.0807038024 0.049999997
v -0.0384534672 -0.081713967 0.0480000004
v -0.0382925496 -0.0814163163 0.0424568169
v -0.0388192497 -0.0822546333 0.0421115384
v -0.0382121466 -0.0819252357 0.0419999957
v -0.0400144197 -0.0834407955 0.0149999997
v -0.0419262201 -0.0854988471 0.0149999997
v -0.0435462371 -0.0877936408 0.0149999997
v -0.0435462371 -0.0877936408 0.0370000005
v -0.0285481308 -0.0937496796 0.0149999997
v -0.0198413096 -0.0877856612 0.0149999997
v -0.0207324103 -0.0957818702 0.0149999997
v -0.0259818695 -0.0861681029 0.0149999997
v -0.0319930911 -0.0841215849 0.0149999997
v -0.0361699872 -0.091080904 0.0149999997
v -0.0236021895 -0.0816574395 0.00999999978
v -0.0192838889 -0.0827836394 0.00999999978
v -0.0236021895 -0.0816574395 0.00200000009
v -0.0192838889 -0.0827836394 0.00200000009
v -0.0278554298 -0.0803061277 0.00999999978
v -0.0200914592 -0.0774359852 -0.00300000003
v -0.0187259987 -0.0777774826 -0.00300000003
v -0.0183393303 -0.0743076801 -0.00300000003
v -0.0214507002 -0.0770705417 -0.00300000003
v -0.0228032991 -0.076681219 -0.00300000003
v -0.0248059295 -0.0777460337 -0.00139252003
v -0.0278554298 -0.0803061277 0.00200000009
v -0.0283653401 -0.0779104158 -8.67599956E-05
v -0.03203189 -0.0787334591 0.00200000009
v -0.03203189 -0.0787334591 0.00999999978
v -0.0378450491 -0.0816562995 0.0149999997
v -0.0400144197 -0.0834407955 0.0149999997
v -0.0419262201 -0.0854988471 0.0149999997
v -0.0435462371 -0.0877936408 0.0149999997
v -0.09307722 -0.0433020219 0.00699999975
v -0.0922680199 -0.0490597822 0.00699999975
v -0.0931802467 -0.0462522395 0.00699999975
v -0.0904505774 -0.0513859987 0.00699999975
v -0.0879471153 -0.0529503301 0.00699999975
v -0.091971375 -0.0405649617 0.00699999975
v -0.085059613 -0.0535640903 0.00699999975
v -0.0899960846 -0.0383711793 0.00699999975
v -0.0821363255 -0.0531532466 0.00699999975
v -0.0873896107 -0.0369852893 0.00699999975
v -0.0795298442 -0.0517673567 0.00699999975
v -0.0844663233 -0.0365744494 0.00699999975
v -0.0775545612 -0.0495735779 0.00699999975
v -0.0764487088 -0.0468365178 0.00699999975
v -0.0815788135 -0.0371882096 0.00699999975
v -0.0790753588 -0.0387525372 0.00699999975
v -0.0763456896 -0.0438862965 0.00699999975
v -0.0772579089 -0.0410787575 0.00699999975
v -0.0404004902 -0.0690492541 -0.00300000003
v -0.0223335903 -0.0594429187 -0.00300000003
v -0.04553077 -0.071777083 0.0120000001
v -0.04553077 -0.071777083 0.00200000009
v -0.048560936 -0.0733882487 0.0149999997
v -0.0972752422 -0.0992901102 0.0149999997
v -0.0972752422 -0.0992901102 0.0240000002
v -0.0710026398 -0.0853207186 0.0240000002
v -0.0941997617 -0.102212541 0.0240000002
v -0.0972752422 -0.0992901102 0.0240000002
v -0.0910365209 -0.105039753 0.0240000002
v -0.0822832584 -0.108307272 0.0240000002
v -0.0666132271 -0.088790074 0.0240000002
v -0.0620545819 -0.0920338407 0.0240000002
v -0.0573382713 -0.0950437933 0.0240000002
v -0.0877884626 -0.107769124 0.0240000002
v -0.0851170495 -0.108868815 0.0240000002
v -0.0836587101 -0.108797163 0.0240000002
v -0.086533919 -0.108516112 0.0240000002
v 0.0821977407 0.105827838 0
v 0.0817338452 0.0576157793 0
v 0.111930676 0.0736717135 0
v 0.0593629107 0.08047387 0
v 0.0436844304 0.126679406 0
v 0.0309194382 0.0950998887 0
v 0.000504750002 0.13399905 0
v -0.000686929969 0.0999976397 0
v -0.0427288562 0.127004892 0
v -0.0322230421 0.0946661234 0
v -0.0604628772 0.0796507373 0
v -0.0813981593 0.106444061 0
v -0.0825176686 0.0564874597 0
v -0.111372501 0.0745128542 0
v -0.0961313248 0.0275458004 0
v -0.129450008 0.0346221812 0
v -0.0999111831 -0.0042136698 0
v -0.133699641 -0.00896685012 0
v -0.0934706256 -0.0355420895 0
v -0.123667464 -0.0515980273 0
v -0.0257302485 0.131506473 -0.00300000003
v -0.0629091859 0.118314981 -0.00300000003
v 0.0136787789 0.133299991 -0.00300000003
v -0.0946356356 0.0948688388 -0.00300000003
v 0.0436844304 0.126679406 0
v -0.118159786 0.0632001832 -0.00300000003
v -0.129450008 0.0346221812 0
v 0.0519022495 0.123540103 -0.00300000003
v -0.131442755 0.0260538403 -0.00300000003
v 0.0821977407 0.105827838 0
v -0.133699641 -0.00896685012 0
v 0.0856272206 0.103072688 -0.00300000003
v 0.111930676 0.0736717135 0
v 0.111930676 0.0736717135 -0.00300000003
v 0.0885913372 0.107110098 -0.00800000038
v -0.133333266 -0.0133506591 -0.00300000003
v -0.123667464 -0.0515980273 0
v -0.123667464 -0.0515980273 -0.00300000003
v -0.13833794 -0.0135503393 -0.00800000038
v 0.0481823385 0.130381986 -0.00800000038
v 0.0136787789 0.133299991 -0.00300000003
v 0.108488478 0.0946902856 -0.00800000038
v -0.135034785 0.032963708 -0.00800000038
v -0.118159786 0.0632001832 -0.00300000003
v -0.138009846 -0.0411008783 -0.00800000038
v 0.00235069008 0.13898012 -0.00800000038
v -0.0257302485 0.131506473 -0.00300000003
v 0.0708027408 0.125391275 -0.00800000038
v 0.131559193 0.0699512586 -0.00300000003
v 0.0997004583 0.110728577 -0.00300000003
v 0.0250493586 0.141804546 -0.00800000038
v -0.0437455177 0.131936833 -0.00800000038
v -0.0629091859 0.118314981 -0.00300000003
v 0.00520002004 0.148909241 -0.00300000003
v -0.0235582795 0.142059863 -0.00800000038
v -0.0460435301 0.14170742 -0.00300000003
v -0.0849184096 0.110044822 -0.00800000038
v -0.0946356356 0.0948688388 -0.00300000003
v -0.0694815591 0.126128152 -0.00800000038
v -0.09173356 0.117413603 -0.00300000003
v -0.116534233 0.0757678896 -0.00800000038
v -0.107487746 0.0958247483 -0.00800000038
v -0.126359165 0.0789579675 -0.00300000003
v -0.133246228 0.0546025708 -0.00800000038
v -0.145743981 0.030978838 -0.00300000003
v -0.143821955 0.00715869013 -0.00800000038
v -0.147549942 -0.0207367893 0.00999996997
v -0.147549942 -0.0207367893 -0.00300000003
v -0.131559193 -0.0699512586 -0.00300000003
v 0.0434465408 -0.0867259949 -0.0105889998
v 0.0448917188 -0.0859868228 -0.0100537799
v 0.0463986471 -0.0851831213 -0.0100962901
v 0.0477928482 -0.0844087899 -0.0107116904
v 0.0422359593 -0.0873219594 -0.0116403103
v 0.0489158183 -0.0837630033 -0.0118289003
v 0.0414092205 -0.0877170265 -0.0130843194
v 0.0496420711 -0.0833346546 -0.0133165503
v 0.0411507785 -0.0878385603 -0.014023779
v 0.0498929396 -0.0831846967 -0.0149999997
v 0.0410634689 -0.0878794193 -0.0149999997
v 0.0470041782 -0.0848504975 -0.0250315294
v 0.0498929396 -0.0831846967 -0.0250315294
v 0.0440598466 -0.0864160359 -0.0250315294
v 0.0410634689 -0.0878794193 -0.0250315294
v 0.0421906598 -0.0757972449 -0.0392549373
v 0.0450729169 -0.0741195455 -0.0392549373
v 0.0392460488 -0.0773629248 -0.0392549373
v 0.0362434387 -0.0788142681 -0.0392549373
v 0.0311523508 -0.0621418618 -0.0449999981
v 0.0281351898 -0.0635648593 -0.0449999981
v 0.0261009093 -0.0597389489 -0.0449999981
v 0.0255643092 -0.058087457 -0.0449999981
v 0.0256249085 -0.0563520268 -0.0449999981
v 0.0262754094 -0.0547419973 -0.0449999981
v 0.0274373386 -0.0534515381 -0.0449999981
v 0.0340977684 -0.0605757609 -0.0449999981
v 0.0369646586 -0.0588701367 -0.0449999981
v 0.0289705694 -0.0526363067 -0.0449999981
v 0.0349303894 -0.0550442412 -0.0449999981
v 0.0306901503 -0.052394636 -0.0449999981
v 0.0338613093 -0.0536758713 -0.0449999981
v 0.0323886797 -0.0527556799 -0.0449999981
v 0.00522914995 -0.0594817586 -0.0480000004
v 0.00378834992 -0.0610819198 -0.0480000004
v 0.00298173982 -0.0630783662 -0.0480000004
v 0.00480601005 -0.0617178269 -0.0467999987
v 0.00415551011 -0.0633278713 -0.0467999987
v 0.00290659 -0.0652302951 -0.0480000004
v 0.00409490988 -0.0650632903 -0.0467999987
v -0.000233919985 -0.069999598 -0.0480000004
v 0.000788959966 -0.0886122882 -0.0417947285
v 0.00353027997 -0.0699109212 -0.0480000004
v 0.00472528022 -0.0695485845 -0.0467999987
v 0.00409490988 -0.0650632903 -0.0449999981
v 0.00469795987 -0.0693542287 -0.0449999981
v 0.00415551011 -0.0633278713 -0.0449999981
v 0.00480601005 -0.0617178269 -0.0449999981
v 0.00710162986 -0.086457178 -0.0392549373
v 0.00596793974 -0.0604273677 -0.0467999987
v 0.00596793974 -0.0604273677 -0.0449999981
v 0.00724715972 -0.0874926746 -0.0407788083
v 0.00713034952 -0.0584708676 -0.0480000004
v 0.00750117004 -0.0596121401 -0.0467999987
v 0.00750117004 -0.0596121401 -0.0449999981
v 0.00926262978 -0.0581711978 -0.0480000004
v 0.00922074914 -0.0593704693 -0.0467999987
v 0.00922074914 -0.0593704693 -0.0449999981
v 0.0113688093 -0.0586188771 -0.0480000004
v 0.0109192794 -0.0597315095 -0.0467999987
v 0.0109192794 -0.0597315095 -0.0449999981
v 0.01319486 -0.0597599298 -0.0480000004
v 0.0123918997 -0.0606516972 -0.0467999987
v 0.0123918997 -0.0606516972 -0.0449999981
v 0.0244511385 -0.0561025366 -0.0480000004
v 0.01346099 -0.0620200671 -0.0467999987
v 0.01346099 -0.0620200671 -0.0449999981
v 0.0139975902 -0.0636715591 -0.0449999981
v 0.0145205287 -0.0614566989 -0.0480000004
v 0.0139975902 -0.0636715591 -0.0467999987
v 0.0146006402 -0.0679624975 -0.0449999981
v 0.0146279596 -0.0681568608 -0.0467999987
v 0.0170043092 -0.0850654393 -0.0392549373
v 0.0151859103 -0.0635045469 -0.0480000004
v 0.0243759882 -0.0582544692 -0.0480000004
v 0.0171498396 -0.0861009359 -0.0407788083
v 0.0158765391 -0.0681757554 -0.0480000004
v 0.0186745394 -0.0969497859 -0.0256126095
v 0.0184331797 -0.0952324346 -0.0250315294
v 0.0185098592 -0.0866610855 -0.0417947285
v 0.0186745394 -0.0969497859 -0.0149999997
v 0.0184331797 -0.0952324346 -0.0149999997
v 0.0185829103 -0.0969699621 -0.0140375989
v 0.0181461591 -0.0952875465 -0.0133165503
v 0.0183077883 -0.0970296934 -0.0131018693
v 0.0173172001 -0.0954416841 -0.0118289003
v 0.0199888591 -0.0979818627 -0.0138066299
v 0.0201041102 -0.0979582742 -0.0149999997
v 0.0174178593 -0.0972143188 -0.0116576897
v 0.0160410907 -0.0956644341 -0.0107116904
v 0.0201041102 -0.0979582742 -0.0259999987
v 0.02733876 -0.096190393 -0.0259999987
v 0.0196428709 -0.0980518237 -0.0126463193
v 0.016092401 -0.0974651352 -0.0105980597
v 0.0144661292 -0.0959152281 -0.0100962901
v 0.0244538579 -0.0851749331 -0.0417947285
v 0.0197284389 -0.0671623945 -0.0480000004
v 0.0302809495 -0.0832815915 -0.0417947285
v 0.034421768 -0.0938889831 -0.0259999987
v 0.0413138568 -0.091066815 -0.0149999997
v 0.025041379 -0.0603023171 -0.0480000004
v 0.0144821405 -0.0977313295 -0.0100550102
v 0.0127751892 -0.0961550474 -0.0100537799
v 0.0235164594 -0.0659316033 -0.0480000004
v 0.0272283498 -0.0644873306 -0.0480000004
v 0.0359632894 -0.0809901282 -0.0417947285
v 0.0413138568 -0.091066815 -0.0259999987
v 0.03673435 -0.0797375441 -0.0407788083
v 0.0282273293 -0.0637381598 -0.0467999987
v 0.0261009093 -0.0597389489 -0.0467999987
v 0.0418776311 -0.0894106477 -0.0256126095
v 0.0362434387 -0.0788142681 -0.0392549373
v 0.0281351898 -0.0635648593 -0.0449999981
v 0.0410634689 -0.0878794193 -0.0250315294
v 0.0261009093 -0.0597389489 -0.0449999981
v 0.0255643092 -0.058087457 -0.0467999987
v 0.0255643092 -0.058087457 -0.0449999981
v 0.0418776311 -0.0894106477 -0.0149999997
v 0.0410634689 -0.0878794193 -0.0149999997
v 0.0411507785 -0.0878385603 -0.014023779
v 0.0256249085 -0.0563520268 -0.0467999987
v 0.0256249085 -0.0563520268 -0.0449999981
v 0.0262754094 -0.0547419973 -0.0467999987
v 0.0262754094 -0.0547419973 -0.0449999981
v 0.04164318 -0.0909167007 -0.0129267294
v 0.042142 -0.0892947689 -0.0133280093
v 0.0414092205 -0.0877170265 -0.0130843194
v 0.0266985502 -0.052505929 -0.0480000004
v 0.0274373386 -0.0534515381 -0.0467999987
v 0.0274373386 -0.0534515381 -0.0449999981
v 0.0425952487 -0.090474546 -0.0110848602
v 0.0429056697 -0.0889520273 -0.0118426299
v 0.0422359593 -0.0873219594 -0.0116403103
v 0.0285997503 -0.0514950417 -0.0480000004
v 0.0289705694 -0.0526363067 -0.0467999987
v 0.0289705694 -0.0526363067 -0.0449999981
v 0.03073203 -0.0511953682 -0.0480000004
v 0.0306901503 -0.052394636 -0.0467999987
v 0.0306901503 -0.052394636 -0.0449999981
v 0.0440782011 -0.0884022787 -0.0107192397
v 0.0434465408 -0.0867259949 -0.0105889998
v 0.0328382105 -0.0516430512 -0.0480000004
v 0.0323886797 -0.0527556799 -0.0467999987
v 0.0323886797 -0.0527556799 -0.0449999981
v 0.0338613093 -0.0536758713 -0.0467999987
v 0.0338613093 -0.0536758713 -0.0449999981
v 0.0349303894 -0.0550442412 -0.0449999981
v 0.0346642584 -0.052784089 -0.0480000004
v 0.0349303894 -0.0550442412 -0.0467999987
v 0.0369646586 -0.0588701367 -0.0449999981
v 0.0370567963 -0.059043441 -0.0467999987
v 0.0450729169 -0.0741195455 -0.0392549373
v 0.0421647504 -0.044356361 -0.0480000004
v 0.035989929 -0.0544808693 -0.0480000004
v 0.0428301357 -0.046404209 -0.0480000004
v 0.0455638319 -0.0750428289 -0.0407788083
v 0.0507071093 -0.0847159252 -0.0256126095
v 0.0498929396 -0.0831846967 -0.0250315294
v 0.0507071093 -0.0847159252 -0.0149999997
v 0.0498929396 -0.0831846967 -0.0149999997
v 0.0506278984 -0.084766224 -0.01403761
v 0.0496420711 -0.0833346546 -0.0133165503
v 0.0503898077 -0.0849164501 -0.0131018804
v 0.0489158183 -0.0837630033 -0.0118289003
v 0.0522951595 -0.0852362439 -0.0138066392
v 0.0523953885 -0.0851746649 -0.0149999997
v 0.0699690208 -0.0714446381 -0.0149999997
v 0.049616687 -0.0853943154 -0.0116576897
v 0.0477928482 -0.0844087899 -0.0107116904
v 0.0523953885 -0.0851746649 -0.0259999987
v 0.0519939587 -0.085420303 -0.0126463305
v 0.0484569594 -0.0860833228 -0.0105980691
v 0.0463986471 -0.0851831213 -0.0100962901
v 0.0585890897 -0.0810389966 -0.0259999987
v 0.047033418 -0.0751040503 -0.0417947285
v 0.0382365473 -0.0586341694 -0.0480000004
v 0.0702270493 -0.0711910203 -0.0129270097
v 0.0510169305 -0.0860074013 -0.0108555397
v 0.0470348485 -0.0868842229 -0.0100550102
v 0.0448917188 -0.0859868228 -0.0100537799
v 0.0521106459 -0.0716745332 -0.0417947285
v 0.0381576903 -0.0585578382 -0.0480000004
v 0.0415095501 -0.0563644953 -0.0480000004
v 0.0569387712 -0.0679024085 -0.0417947285
v 0.0441557951 -0.0481009893 -0.0480000004
v 0.0495540984 -0.0868584514 -0.00954160932
v 0.0455141217 -0.0876891464 -0.0100971796
v 0.047764767 -0.0878551453 -0.00886820909
v 0.0458565168 -0.0888660774 -0.00892050937
v 0.0440594181 -0.0897706375 -0.0096918596
v 0.0322230421 -0.0946661234 0
v 0.0604628772 -0.0796507373 0
v 0.0721054003 -0.0692878887 -0.00969210919
v 0.0185239594 -0.0982693359 -0.0108555304
v 0.0168582704 -0.0985687524 -0.00954159908
v 0.01483595 -0.0988933444 -0.00886820909
v 0.01277781 -0.0979675949 -0.0100971898
v 0.0111643597 -0.0963553712 -0.0105889998
v 0.0126970196 -0.0991906524 -0.00892050937
v 0.0111845797 -0.09814661 -0.01071925
v 0.00982294977 -0.0965013504 -0.0116403103
v 0.0106989294 -0.0994260088 -0.00969186984
v 0.00989476033 -0.0982621685 -0.0118426299
v 0.00891094934 -0.0965898335 -0.0130843194
v 0.00908231921 -0.0995867029 -0.0110848695
v 0.00905991998 -0.0983230397 -0.0133280205
v 0.00862652995 -0.0966156498 -0.014023779
v 0.00803644024 -0.0996765494 -0.0129267387
v 0.00877186004 -0.0983415172 -0.0149999997
v 0.00853049941 -0.0966241732 -0.0149999997
v 0.00853049941 -0.0966241732 -0.0250315294
v 0.00767565006 -0.0997049883 -0.0149999997
v 0.00877186004 -0.0983415172 -0.0256126095
v 0.00142395997 -0.0999898612 -0.0259999987
v 0.00767565006 -0.0997049883 -0.0259999987
v 0.00609417958 -0.0884059966 -0.0417947285
v 0.0734846592 -0.0678233281 -0.00892060995
v 0.0749320388 -0.0662207678 -0.00886811968
v 0.076272577 -0.064672187 -0.00954130013
v 0.0727604479 -0.0668344125 -0.0100972699
v 0.0716550872 -0.0679955781 -0.0107194399
v 0.0739141479 -0.0655579492 -0.0100549394
v 0.077356182 -0.0633720905 -0.0108549995
v 0.0749765784 -0.0643189698 -0.0105978204
v 0.072572358 -0.064360328 -0.0100537799
v 0.0714279711 -0.0656280816 -0.0100962901
v 0.0736391842 -0.0631369129 -0.0105889998
v 0.0703393519 -0.0667935386 -0.0107116904
v 0.0758307651 -0.0632748082 -0.0116572594
v 0.074510321 -0.0621064603 -0.0116403103
v 0.0780736208 -0.0624860786 -0.0126455994
v 0.0707413778 -0.0689131021 -0.0118428804
v 0.0694410801 -0.0677269176 -0.0118289003
v 0.0763939172 -0.0625612214 -0.01310129
v 0.0750936568 -0.0613998584 -0.0130843194
v 0.0709703788 -0.0704500154 -0.0110851703
v 0.0701410696 -0.0694962665 -0.0133282393
v 0.0688497573 -0.0683279708 -0.0133165503
v 0.069932349 -0.0696955249 -0.0149999997
v 0.0686435699 -0.0685351044 -0.0149999997
v 0.0686435699 -0.0685351044 -0.0250315294
v 0.069932349 -0.0696955249 -0.0256126095
v 0.0610137582 -0.0616651997 -0.0392549373
v 0.0699690208 -0.0714446381 -0.0259999987
v 0.0617908463 -0.0623648874 -0.0407788083
v 0.0644578114 -0.0764538497 -0.0259999987
v 0.0614946894 -0.0638056695 -0.0417947285
v 0.0483247526 -0.0502399579 -0.0467999987
v 0.0481788926 -0.0501086265 -0.0449999981
v 0.047642231 -0.0512856469 -0.0480000004
v 0.0446481593 -0.0539123379 -0.0480000004
v 0.0475872494 -0.0511906706 -0.0480000004
v 0.0449587591 -0.0472092181 -0.0467999987
v 0.0449587591 -0.0472092181 -0.0449999981
v 0.043889679 -0.0458408482 -0.0467999987
v 0.043889679 -0.0458408482 -0.0449999981
v 0.0433530696 -0.0441893488 -0.0467999987
v 0.0433530696 -0.0441893488 -0.0449999981
v 0.04341368 -0.0424539261 -0.0467999987
v 0.04341368 -0.0424539261 -0.0449999981
v 0.042239897 -0.0422044396 -0.0480000004
v 0.0440641679 -0.0408438928 -0.0467999987
v 0.0440641679 -0.0408438928 -0.0449999981
v 0.0430465229 -0.0402079895 -0.0480000004
v 0.045226112 -0.0395534299 -0.0467999987
v 0.045226112 -0.0395534299 -0.0449999981
v 0.0444873087 -0.0386078171 -0.0480000004
v 0.046759326 -0.0387382098 -0.0467999987
v 0.046759326 -0.0387382098 -0.0449999981
v 0.0484789088 -0.0384965278 -0.0467999987
v 0.0484789088 -0.0384965278 -0.0449999981
v 0.0485207886 -0.0372972712 -0.0480000004
v 0.0501774475 -0.0388575681 -0.0467999987
v 0.0501774475 -0.0388575681 -0.0449999981
v 0.0506269671 -0.0377449468 -0.0480000004
v 0.0516500697 -0.0397777706 -0.0467999987
v 0.0516500697 -0.0397777706 -0.0449999981
v 0.0548701994 -0.042677179 -0.0449999981
v 0.0550160483 -0.0428085066 -0.0467999987
v 0.067705065 -0.0542337485 -0.0392549373
v 0.0524530225 -0.0388859883 -0.0480000004
v 0.0601732656 -0.0357655808 -0.0480000004
v 0.0620093383 -0.0324783102 -0.0480000004
v 0.0785003752 -0.0411149599 -0.0417947918
v 0.0758973137 -0.0457423106 -0.0417947285
v 0.058163099 -0.0389493704 -0.0480000004
v 0.0855096504 -0.0518468805 -0.0259999987
v 0.0558844693 -0.0419756696 -0.0480000004
v 0.0730217397 -0.0502054282 -0.0417947285
v 0.0559846386 -0.0420204587 -0.0480000004
v 0.0684821606 -0.0549334474 -0.0407788083
v 0.0698840618 -0.0544883274 -0.0417947285
v 0.0766236484 -0.0622640774 -0.0256126095
v 0.0753348693 -0.0611036569 -0.0250315294
v 0.0820991024 -0.0570941083 -0.0259999987
v 0.0783670098 -0.0621177182 -0.0149999997
v 0.0783670098 -0.0621177182 -0.0259999987
v 0.0766236484 -0.0622640774 -0.0149999997
v 0.0753348693 -0.0611036569 -0.0149999997
v 0.0752741098 -0.061178498 -0.014023779
v 0.078293778 -0.0622100011 -0.0138058104
v 0.0765663385 -0.0623385385 -0.0140369404
v -0.0617908463 0.0623648949 -0.0407788083
v -0.069968611 0.0714249685 -0.0260198992
v -0.0644578114 0.0764538497 -0.0259999987
v -0.0569387786 0.0679023936 -0.0417947285
v -0.0614946894 0.0638056695 -0.0417947285
v -0.0614741184 0.063730374 -0.0418175608
v -0.047642231 0.0512856469 -0.0480000004
v -0.0475872494 0.0511906706 -0.0480000004
v -0.0446481705 0.0539123379 -0.0480000004
v -0.0415095612 0.0563644879 -0.0480000004
v -0.052110672 0.0716745257 -0.0417947285
v -0.0381576903 0.0585578382 -0.0480000004
v -0.0382365696 0.0586341619 -0.0480000004
v -0.0469653793 0.0750658587 -0.0418175608
v -0.0821533576 0.0218134187 0.00999999978
v -0.0821533576 0.0218134187 0.00200000009
v -0.0831850097 0.01747155 0.00200000009
v -0.080438152 0.0200671796 -9.66299922E-05
v -0.0783256888 0.0229099784 -0.00139252003
v -0.08089526 0.0260951482 0.00200000009
v -0.079414174 0.030304959 0.00200000009
v -0.0758894458 0.0253138579 -0.00300000003
v -0.0763230622 0.0239748005 -0.00300000003
v -0.0718590841 0.0263483394 -0.00300000003
v -0.0754323453 0.0266450811 -0.00300000003
v -0.074951902 0.0279680602 -0.00300000003
v -0.0821363255 -0.0531532466 0.0519999973
v -0.0795298442 -0.0517673567 0.00699999975
v -0.0795298442 -0.0517673567 0.0519999973
v -0.0775545612 -0.0495735779 0.0519999973
v -0.0821363255 -0.0531532466 0.00699999975
v -0.0775545612 -0.0495735779 0.00699999975
v -0.085059613 -0.0535640903 0.00699999975
v -0.085059613 -0.0535640903 0.0519999973
v -0.0879471153 -0.0529503301 0.00699999975
v -0.0879471153 -0.0529503301 0.0519999973
v -0.0904505774 -0.0513859987 0.00699999975
v -0.0904505774 -0.0513859987 0.0519999973
v -0.0922680199 -0.0490597822 0.00699999975
v -0.0922680199 -0.0490597822 0.0519999973
v -0.0931802467 -0.0462522395 0.00699999975
v -0.0931802467 -0.0462522395 0.0519999973
v -0.09307722 -0.0433020219 0.00699999975
v -0.09307722 -0.0433020219 0.0519999973
v -0.091971375 -0.0405649617 0.00699999975
v -0.091971375 -0.0405649617 0.0519999973
v -0.0899960846 -0.0383711793 0.00699999975
v -0.0899960846 -0.0383711793 0.0519999973
v -0.0873896107 -0.0369852893 0.0519999973
v -0.0873896107 -0.0369852893 0.00699999975
v -0.0844663233 -0.0365744494 0.00699999975
v -0.0844663233 -0.0365744494 0.0519999973
v -0.0815788135 -0.0371882096 0.00699999975
v -0.0815788135 -0.0371882096 0.0519999973
v -0.0790753588 -0.0387525372 0.0519999973
v -0.0790753588 -0.0387525372 0.00699999975
v -0.0772579089 -0.0410787575 0.00699999975
v -0.0772579089 -0.0410787575 0.0519999973
v -0.0763456896 -0.0438862965 0.00699999975
v -0.0763456896 -0.0438862965 0.0519999973
v -0.0764487088 -0.0468365178 0.0519999973
v -0.0764487088 -0.0468365178 0.00699999975
v 0.0806757808 -0.0743772313 0
v 0.0761877894 -0.077585116 0.00200000009
v 0.0769071281 -0.0782797784 0
v 0.080651097 -0.0729632303 0.00200000009
v 0.080651097 -0.0729632303 0.00300000003
v 0.0761877894 -0.077585116 0.00300000003
v 0.075579457 -0.0783417672 0.00200000009
v 0.075579457 -0.0783417672 0.00300000003
v 0.076394178 -0.0789233223 0
v 0.0751765594 -0.079139106 0.00300000003
v 0.0751765594 -0.079139106 0.00200000009
v 0.076103501 -0.0795165673 0
v 0.0749845207 -0.0799714848 0.00300000003
v 0.0749845207 -0.0799714848 0.00200000009
v 0.0759795606 -0.0800709799 0
v 0.0750109404 -0.0807719305 0.00300000003
v 0.0750109404 -0.0807719305 0.00200000009
v 0.075995557 -0.0805991068 0
v 0.0752597898 -0.081477195 0.00300000003
v 0.0752597898 -0.081477195 0.00200000009
v 0.0761349201 -0.0809941143 0
v 0.0764257163 -0.0813679397 0
v 0.0757310539 -0.0820872784 0.00200000009
v 0.0757310539 -0.0820872784 0.00300000003
v 0.076441668 -0.0826187506 0.00200000009
v 0.076441668 -0.0826187506 0.00300000003
v 0.0769315585 -0.0817468315 0
v 0.0772060603 -0.0828935131 0.00300000003
v 0.0772060603 -0.0828935131 0.00200000009
v 0.077391237 -0.0819107965 0
v 0.0780244097 -0.0829130858 0.00300000003
v 0.0780244097 -0.0829130858 0.00200000009
v 0.0778982416 -0.0819210708 0
v 0.0787307099 -0.0827382132 0.00300000003
v 0.0783499479 -0.0818124488 0
v 0.0787307099 -0.0827382132 0.00200000009
v 0.0794212371 -0.0823978186 0.00300000003
v 0.0788579658 -0.0815699548 0
v 0.0794212371 -0.0823978186 0.00200000009
v 0.0804892033 -0.0815187022 0.00300000003
v 0.0797698647 -0.0808240473 0
v 0.0804892033 -0.0815187022 0.00200000009
v 0.0848424584 -0.0770107806 0.00300000003
v 0.0834284648 -0.0770354569 0
v 0.0848424584 -0.0770107806 0.00200000009
v 0.0873896107 0.0369852893 0.0519999973
v 0.0899960846 0.0383711793 0.00699999975
v 0.0899960846 0.0383711793 0.0519999973
v 0.091971375 0.0405649617 0.0519999973
v 0.0873896107 0.0369852893 0.00699999975
v 0.091971375 0.0405649617 0.00699999975
v 0.0844663233 0.0365744494 0.00699999975
v 0.0844663233 0.0365744494 0.0519999973
v 0.0815788135 0.0371882096 0.00699999975
v 0.0815788135 0.0371882096 0.0519999973
v 0.0790753588 0.0387525372 0.00699999975
v 0.0790753588 0.0387525372 0.0519999973
v 0.0772579089 0.0410787575 0.00699999975
v 0.0772579089 0.0410787575 0.0519999973
v 0.0763456896 0.0438862965 0.00699999975
v 0.0763456896 0.0438862965 0.0519999973
v 0.0764487088 0.0468365178 0.00699999975
v 0.0764487088 0.0468365178 0.0519999973
v 0.0775545612 0.0495735779 0.00699999975
v 0.0775545612 0.0495735779 0.0519999973
v 0.0795298442 0.0517673567 0.00699999975
v 0.0795298442 0.0517673567 0.0519999973
v 0.0821363255 0.0531532466 0.0519999973
v 0.0821363255 0.0531532466 0.00699999975
v 0.085059613 0.0535640903 0.00699999975
v 0.085059613 0.0535640903 0.0519999973
v 0.0879471153 0.0529503301 0.00699999975
v 0.0879471153 0.0529503301 0.0519999973
v 0.0904505774 0.0513859987 0.0519999973
v 0.0904505774 0.0513859987 0.00699999975
v 0.0922680199 0.0490597822 0.00699999975
v 0.0922680199 0.0490597822 0.0519999973
v 0.0931802467 0.0462522395 0.00699999975
v 0.0931802467 0.0462522395 0.0519999973
v 0.09307722 0.0433020219 0.0519999973
v 0.09307722 0.0433020219 0.00699999975
vn -0.48487398 0.87210077 0.0658605024
vn -0.491535604 0.870850146 0.00355333439
vn -0.569697022 0.821854711 0
vn -0.444534451 0.89574784 -0.00498748012
vn -0.436128646 0.898266017 0.0539448932
vn -0.362778664 0.931875288 0
vn -0.469436854 0.882882297 -0.0121601606
vn -0.401113212 0.907223642 0.126702532
vn -0.29671672 0.954909384 0.0103573678
vn -0.527822614 0.839850962 0.126702279
vn -0.625733972 0.779967785 0.0103571443
vn -0.30735001 0.937532663 0.162998959
vn -0.0696623996 0.997555852 0.00543514593
vn -0.238093391 0.86980027 0.432156116
vn -0.259424686 0.965691745 0.0117546311
vn -0.237869218 0.971288741 0.00405833079
vn -0.220374703 0.975415111 0.000669056608
vn 0.482315928 0.855813503 0.186961114
vn -0.0458112955 0.239030764 0.969930768
vn -0.0605341829 0.184487835 0.980968833
vn -0 0 1
vn -0 0 1
vn -0 0 1
vn 0.0648345873 0.0344730802 0.997300446
vn -0 0 1
vn 0.173465043 0.0915806144 0.980572701
vn -0.0990775898 0.232323095 0.967579305
vn -0.0903119147 0.169852018 0.981322527
vn -0 0 1
vn -0.13720116 0.212052494 0.967579246
vn -0.119097166 0.153349444 0.980968833
vn -0 0 1
vn -0.166848689 0.176778138 0.970005691
vn -0 0 1
vn -0 0 1
vn -0.0648349524 -0.0344733074 0.997300446
vn -0.173795283 -0.0934660062 0.980336249
vn -0.605381787 0.779066265 0.162998632
vn -0.58767873 0.681151509 0.436653554
vn -0.788126588 0.615488946 0.00547486311
vn -0.655525982 0.755081236 0.0117546432
vn -0.672219813 0.740340412 0.00405819109
vn -0.685423136 0.728144646 0.000669054163
vn -0.979209304 0.0787062421 0.186960921
vn -0.343916953 0.0672711879 0.936587214
vn -0.350720882 -0.189758971 0.917053044
vn -0.574872255 -0.0626457334 0.815841496
vn -0.238759324 -0.95901823 0.15257135
vn -0.665087581 0.42590487 0.61340332
vn -0.810186446 0.351231426 0.469291359
vn -0.766261458 -0.152168781 0.624249995
vn -0.901464462 0.309196681 0.302917778
vn -0.942435384 0.309918702 0.12556231
vn -0.982377291 -0.18622072 0.0160193108
vn -0.922526896 -0.195282355 0.332879633
vn -0.676392853 -0.73390311 0.0622810759
vn -0.84260726 -0.538351536 0.0138039337
vn -0.471405715 -0.875818074 0.103534475
vn -0.379501462 -0.925191045 -0.000448298058
vn -0.114078768 -0.993471622 -0.000573580677
vn -0.613064408 -0.790032923 -0.000356435485
vn 0.0767308101 -0.997051716 0.000440325937
vn -0.773459911 -0.633844554 0.000890264462
vn 0.194219649 -0.975960732 0.0988902897
vn -0.831816733 -0.555049896 0.000776002125
vn -0.88013953 -0.474715024 0
vn 0.283725113 -0.958905518 0.00051999354
vn -0.912487805 -0.408937305 0.0116720852
vn -0.882947862 -0.469471067 0
vn -0.869302809 -0.462216258 0.175125167
vn 0.0547430627 -0.0668947622 0.996257186
vn -0.299217939 -0.15909639 0.940827787
vn -0 0 1
vn -0 0 1
vn 0.302626848 0.160909116 0.93942821
vn 0.377025098 -0.923455179 0.0712916851
vn 0.748173416 -0.655939162 0.0999021307
vn 0.51456058 -0.479459882 0.710876644
vn 0.417470902 -0.908690214 0.00039436217
vn 0.536134362 -0.468157887 0.702416003
vn 0.53908366 -0.841501772 0.0355470367
vn 0.546986461 -0.837141454 -4.04490747E-05
vn 0.619819701 -0.784744263 -9.90719782E-05
vn 0.511874318 -0.859052658 0.00363488798
vn 0.620934367 -0.783862472 0
vn 0.506848931 -0.860618532 0.0493965112
vn 0.177966148 -0.138580143 0.974229753
vn 0.45601815 -0.392689466 0.798650444
vn -0 0 1
vn -0 0 1
vn -0 0 1
vn -0 0 1
vn -0 0 1
vn 0.422329992 -0.906441033 -0.00141902443
vn 0.406173468 -0.912926614 0.0398515053
vn 0.30262959 -0.953108251 0
vn 0.303973585 -0.952680469 -9.91462439E-05
vn 0.396173298 -0.917487562 0.0355436504
vn 0.388153642 -0.921594679 -4.06693143E-05
vn 0.519896686 -0.854229093 0.000394559116
vn 0.125424773 -0.987060308 0.0999023616
vn 0.554731965 -0.828969538 0.0712879822
vn 0.636311352 -0.771432161 0.000520315079
vn 0.700500846 -0.706766486 0.0988917723
vn 0.783685863 -0.621157229 0.000440358708
vn 0.887417078 -0.460967183 -0.000573680853
vn 0.109749481 -0.694699824 0.710877836
vn 0.928841591 -0.331904441 0.164599031
vn 0.088316761 -0.706266284 0.702415943
vn 0.979234576 -0.202730089 -0.000448075472
vn 0.0129592065 -0.189727232 0.981751263
vn 0.070551455 -0.597639799 0.798654616
vn -0 0 1
vn -0 0 1
vn -0 0 1
vn -0 0 1
vn -0 0 1
vn 0.0377284251 -0.990914226 0.12909548
vn -0.00683121011 -0.354982018 0.934848189
vn 0.126629293 -0.979792833 0.154825628
vn -0.0121064456 -0.981962264 0.18868877
vn 0.0346433222 -0.987490714 0.153824627
vn -0.142797321 -0.0595738403 0.987957418
vn 0.0236124098 -0.591110289 0.806245148
vn 0.0779024735 -0.577714562 0.812512875
vn 0.012170244 -0.26808095 0.96331954
vn 0.31192553 -0.941567123 0.127097607
vn 0.469411701 -0.882834792 0.015981907
vn 0.179335326 -0.554393232 0.812703431
vn 0.0473573767 -0.104806647 0.993364453
vn -0 0 1
vn 0.0216681827 -0.149915278 0.988461375
vn -0.115985714 -0.27851966 0.953401387
vn -0 0 1
vn 0.284735292 -0.0317309611 0.958080828
vn 0.872706354 -0.0972545668 0.478461266
vn -0.282298744 -0.85993892 0.425220519
vn -0.271233946 0.0302261915 0.962038696
vn -0.967784941 0.107849479 0.227509722
vn 0.992774248 -0.110634439 0.0464687236
vn -0.993317127 0.11069531 0.0326743014
vn 0.993847787 -0.110754706 0
vn 0.993847787 -0.110754251 0
vn 0.993847907 -0.110754043 0
vn 0.727655351 0.662565172 0.177553475
vn -0.993847787 0.110754229 0
vn 0.965655506 0.232146323 0.116694339
vn -0.993847787 0.110754333 0
vn -0.993847787 0.110754594 0
vn -0.993847907 0.11075373 0
vn -0.993779838 0.110747002 0.011690489
vn -0.935571909 0.334155887 0.114214838
vn -0.909796238 -0.382172585 0.161910281
vn -0.970241964 0.108123869 0.216656134
vn -0.836328506 0.525794864 0.155223697
vn -0.850563347 0.523937941 0.0450664312
vn -0.816629589 0.577161968 0
vn -0.829037547 0.559192955 0
vn 0.0198355876 0.999803245 2.53775306E-05
vn 0.0259954389 0.999662042 0.000101113154
vn 0.0287315827 0.999587119 0.000143525627
vn 0.0228876919 0.999738038 0
vn -0.457444429 -0.171211511 0.872600257
vn -0.304995626 -0.948953688 0.0804029554
vn -0.141042769 -0.98997128 0.00797811244
vn -0.393049806 -0.91879487 -0.0364384316
vn -0.127524287 -0.989506304 -0.0679323599
vn 0.0939951241 -0.995570004 0.0023288934
vn 0.118907385 -0.992868125 0.00859434158
vn 0.307966709 -0.933595777 -0.183181539
vn 0.417760879 -0.908215523 0.0249113645
vn 0.609120011 -0.767912745 -0.198198929
vn 0.120118372 -0.22590977 -0.966714263
vn 0.534466267 -0.844972491 0.019166233
vn 0.756632984 -0.653783381 0.00859446265
vn 0.886525571 -0.458395779 -0.0628150031
vn 0.77280426 -0.634640157 0.00232865987
vn 0.858274281 -0.513186514 0.00218872027
vn 0.0428197831 -0.271476179 -0.961492181
vn -0.0429914333 -0.246623844 -0.968157232
vn -0.0247454103 0.0157775693 -0.999569237
vn 0.201119274 -0.187306628 -0.961492181
vn 0.00129100354 0.0293190219 -0.999569237
vn 0.228501096 -0.102268882 -0.968157232
vn 0.929463923 -0.36840567 0.0193442982
vn 0.88640666 -0.445002526 0.127498612
vn 0.97725451 -0.207762972 -0.042522613
vn 0.854640186 -0.491369694 0.167767271
vn 0.845870674 -0.523628473 0.101567693
vn 0.313121021 0.527434886 0.789789677
vn -0.0717981011 0.0936410651 -0.993013799
vn -0.0354409888 0.112549871 -0.993013918
vn -0.561029553 0.725497544 -0.3986215
vn -0.775328457 0.489862025 -0.398623854
vn -0.279059529 0.873627663 -0.398623079
vn -0.848047853 0.529919565 0
vn -0.615661383 0.788010836 0
vn -0.978147566 0.207911789 0
vn -0.309016317 0.951056659 0
vn -0.896113992 0.195140138 -0.398622602
vn -0.990268171 -0.139172956 0
vn 0.0365693122 0.916384935 -0.398624212
vn 0.0349019468 0.999390721 0
vn -0.0410565771 0.00911791343 -0.999115169
vn -0.908813655 -0.123116039 -0.39862296
vn -0.905246198 -0.424887449 0
vn 0.0158144869 0.0381394662 -0.999147296
vn -0.0275789406 -0.00387596502 -0.999612153
vn 0.347784817 0.848613083 -0.398624539
vn 0.374606818 0.927183747 0
vn -0.835546255 -0.389863104 -0.387129456
vn -0.882948101 -0.469470829 0
vn 0.0508795902 0.056507647 -0.997104824
vn 0.617313981 0.685597479 -0.385849059
vn 0.669129968 0.743145466 0
vn 0.858454704 0.512889385 0
vn 0.79044205 0.474689931 -0.387131631
vn 0.882947981 0.469470888 0
vn 0.748571277 0.522240162 -0.408541679
vn 0.882947862 0.469470918 0
vn 0.0938787162 0.0564815626 -0.993980169
vn -0.851553142 -0.328561991 -0.408539236
vn -0.882948697 -0.469469428 0
vn -0.0752476901 -0.0391358025 -0.996396601
vn 0.668111265 0.65418005 -0.354507774
vn 0.589816332 0.788457155 -0.174505189
vn 0.882947147 0.469472319 0
vn 0.612756848 0.790228426 -0.00825618953
vn 0.880807757 0.473061085 -0.0197698157
vn 0.628566504 0.756365001 -0.181152523
vn 0.816064537 0.462977618 -0.345963031
vn 0.530210257 0.738381565 -0.416737199
vn 0.680202007 0.372000068 -0.631617904
vn -0.576138139 0.817225993 0.0143704172
vn -0.547105789 0.836343825 0.0347034521
vn -0.686306119 0.726688504 0.0301280618
vn 0.398530692 0.6757918 -0.620063424
vn 0.452413172 0.250714242 -0.855841458
vn -0.391068518 0.83505863 -0.38696596
vn -0.58081454 0.812799275 0.0448524356
vn 0.186019093 0.555026829 -0.810766339
vn 0.170587748 0.101079859 -0.980144143
vn -0.577271521 0.773909628 -0.260425299
vn -0.325726509 0.741003454 -0.587210476
vn -0.652256429 0.75739193 0.0303136036
vn -0.577845514 0.809690356 0.102451213
vn -0.0682043806 0.415015012 -0.907254457
vn -0.132066652 -0.0593480058 -0.989462554
vn -0.649176598 0.755799234 0.0856580883
vn -0.576329827 0.815039635 -0.0596178845
vn -0.337098151 0.272199452 -0.901261508
vn -0.419660151 -0.211707011 -0.882646859
vn -0.652998328 0.755860865 -0.0476184711
vn -0.465541005 0.875672221 0.12833412
vn -0.592485189 0.14150992 -0.793055058
vn -0.658258319 -0.33817023 -0.672559857
vn -0.608170748 0.793600023 -0.0180931725
vn -0.466365278 0.884335339 0.0213179644
vn -0.805265069 0.0362251513 -0.591807425
vn -0.793165684 -0.417069525 -0.443780661
vn -0.3136383 0.94931072 -0.0209760331
vn -0.350443095 0.934561491 -0.0615184493
vn -0.94633472 -0.0224613734 -0.322406858
vn -0.860912025 -0.473009616 -0.18732959
vn -0.719339788 0.682988465 0.126795381
vn -0.828362048 0.559016705 -0.036286816
vn -0.35152787 0.932249129 0.0856718794
vn -0.997908831 -0.0608124286 -0.0219046921
vn -0.882915854 -0.469450265 -0.00871985871
vn -0.882949173 -0.469468623 0
vn -0.353877097 0.934800386 0.0303195566
vn -0.983481705 -0.0480777957 -0.174506098
vn -0.384120733 0.922692358 0.0330150872
vn -0.915942907 -0.188075215 -0.354508758
vn -0.473611832 0.791169524 -0.386966079
vn -0.266067982 0.958494306 0.102451749
vn -0.267794341 0.962431431 0.0448554978
vn -0.261885792 0.964991987 0.0143625205
vn -0.258735716 0.964918852 -0.044581648
vn -0.163762733 0.978270531 0.127155423
vn 9.17993093E-05 0.999486804 -0.0320331603
vn -0.318381906 0.910642147 -0.263370097
vn -0.432175636 0.684403658 -0.587210357
vn -0.212864056 0.976565421 0.031763535
vn 0.605630219 0.498731613 -0.620063603
vn 0.364629447 0.457932085 -0.810767233
vn 0.0778487548 0.413313597 -0.907254934
vn 0.750776052 0.512506247 -0.416740596
vn 0.510879993 0.0808585212 -0.855840862
vn 0.766413331 0.116922379 -0.631616771
vn 0.194870576 0.036639031 -0.980144382
vn 0.92519784 0.155946553 -0.345961869
vn -0.144400761 -0.0106023233 -0.989462554
vn 0.849349678 0.495770723 -0.181153208
vn 0.989484847 0.143279046 -0.0197692718
vn -0.223673388 0.371078044 -0.901260972
vn -0.466757655 -0.0554063693 -0.882647932
vn 0.84607625 0.532997966 -0.00825598091
vn 0.990267932 0.139174566 0
vn 0.823914886 0.539177418 -0.174504861
vn 0.990268052 0.139173388 0
vn -0.138642773 0.990253747 -0.0132555487
vn -0.508355856 0.335618109 -0.793054104
vn -0.734222531 -0.0926390812 -0.672558725
vn -0.018298313 0.998571515 -0.0502009243
vn -0.744314432 0.309456438 -0.591804683
vn -0.887978435 -0.120641753 -0.443779081
vn 0.174771219 0.984559596 0.00987050403
vn 0.294642508 0.942637444 -0.156909332
vn -0.896945477 0.302559167 -0.322407782
vn -0.970770538 -0.150036216 -0.187333077
vn 0.00825176015 0.99954468 0.0290233996
vn 0.25264895 0.966397107 -0.0473835282
vn 0.353073359 0.730327547 -0.584774077
vn 0.561779797 0.823367894 -0.0804286823
vn -0.958528042 0.284155309 -0.0219043791
vn -0.990230143 -0.139169201 -0.00872096419
vn -0.990267932 -0.139174253 0
vn 0.0026286589 0.999247193 0.0387072749
vn -0.940598488 0.291263402 -0.174470976
vn -0.990268052 -0.13917315 0
vn -0.0519131422 0.997822523 0.0406834148
vn 0.405477732 0.698697746 -0.589414358
vn 0.517225862 0.596882463 -0.613358617
vn 0.732372701 0.680544674 0.0221168101
vn 0.203112766 0.696147442 -0.688566566
vn 0.172351927 0.440438837 -0.881083667
vn 0.255860358 0.398512334 -0.88075155
vn -0 0 -1
vn -0 0 -1
vn -0 0 -1
vn 0.362327397 0.286470711 -0.886934817
vn -0 0 -1
vn 0.440106004 0.140190482 -0.886934817
vn -0 0 -1
vn 0.918323219 0.319727004 -0.23336035
vn 0.993847787 -0.110754296 0
vn 0.920676649 0.167465761 -0.352575779
vn 0.993847787 -0.110754535 0
vn 0.680339515 0.575804174 -0.453417748
vn 0.58451426 0.687965393 -0.430170357
vn 0.235093415 0.1885847 -0.953502417
vn 0.473456889 -0.0107274912 -0.88075161
vn -0 0 -1
vn 0.0476236083 0.973562539 -0.223401025
vn 0.46151942 -0.10340552 -0.881082892
vn -0 0 -1
vn 0.802904487 -0.115683518 -0.584774911
vn 0.805986881 -0.0545523167 -0.589414239
vn 0.91695118 -0.398864597 0.0103720082
vn 0.943590164 -0.32764414 -0.0478232466
vn 0.784066856 0.095027186 -0.613358796
vn 0.778582633 0.582541466 -0.233354971
vn 0.46393317 0.885870099 0
vn 0.653669417 0.669633687 -0.352572113
vn 0.46393308 0.885870218 0
vn 0.857804298 0.242042601 -0.453417182
vn 0.89720571 0.0998821706 -0.430168986
vn 0.946242929 -0.282846093 -0.156915292
vn 0.996746063 0.00531482231 -0.0804299936
vn 0.973734736 0.226609305 0.0221122168
vn 0.690711796 -0.220892027 -0.688566506
vn 0.828362048 -0.559016705 -0.0362867787
vn 0.287807137 0.0894460604 -0.953502178
vn 0.375765562 -0.706712246 -0.599464834
vn 0.469471812 -0.882947445 0
vn 0.469471484 -0.882947624 0
vn -0.0153826233 -0.08221066 -0.99649626
vn -0.0809188709 0.0183342826 -0.996551991
vn -0.375766069 0.706712544 -0.599464059
vn -0.469471514 0.882947624 0
vn -0.469471514 0.882947624 0
vn 0.483439088 0.187837094 -0.854987681
vn -0.423506021 -0.0880680308 -0.901602328
vn -0.798135519 -0.247908995 -0.549109161
vn -0.834107459 -0.128565177 -0.536409974
vn -0.961141229 -0.276052564 -0.00155258703
vn -0.988958597 -0.148191094 0.000465698336
vn -0.838567376 0.0593208298 -0.541558623
vn -0.994269252 0.10586141 0.0148970904
vn -0.416002929 0.0205706488 -0.909130573
vn 0.495218605 0.0276057329 -0.868329763
vn -0.988280773 0.0311242286 -0.149440721
vn -0.98125881 0.1926945 0
vn -0.398279369 0.0506888777 -0.915862501
vn 0.50014782 -0.112636872 -0.858583212
vn 0.972173929 -0.050536152 -0.228744417
vn 0.927375436 0.242531091 -0.284874409
vn -0.84213078 0.1005086 -0.529824257
vn -0.537165403 -0.6474455 -0.540617883
vn -0.706194162 -0.486857682 -0.51406163
vn -0.216085717 -0.649061024 -0.729401529
vn -0.342024744 -0.939690948 0
vn -0.342020094 -0.939692616 0
vn 0.0223930571 -0.860583186 -0.508817375
vn -0.342010736 -0.939696014 0
vn 0.216032341 -0.843356907 -0.492015392
vn -0.342021316 -0.939692199 0
vn 0.86567837 -0.213813871 -0.452641755
vn 0.981330574 -0.168753192 0.0922637433
vn 0.966934264 -0.220135048 -0.128758684
vn 0.934571087 -0.180188641 0.306771934
vn 0.947821736 0.130714506 0.290770948
vn 0.212867707 0.0293156393 0.976641119
vn 0.319719136 0.169997677 0.932137549
vn -0 0 1
vn -0 0 1
vn -0 0 1
vn -0 0 1
vn -0 0 1
vn -0 0 1
vn -0 0 1
vn -0 0 1
vn -0 0 1
vn -0 0 1
vn -0 0 1
vn 0.836671472 0.470626652 0.280163139
vn -0 0 1
vn -0 0 1
vn -0 0 1
vn -0 0 1
vn -0 0 1
vn -0 0 1
vn -0 0 1
vn -0 0 1
vn -0 0 1
vn 0.143338025 0.16008237 0.976641119
vn -0 0 1
vn -0 0 1
vn -0 0 1
vn -0 0 1
vn 0.647288024 0.719904304 0.250511467
vn -0 0 1
vn -0 0 1
vn -0 0 1
vn -0 0 1
vn -0 0 1
vn -0 0 1
vn -0 0 1
vn -0 0 1
vn -0 0 1
vn -0 0 1
vn -0 0 1
vn 0.0621629134 0.155093953 0.985942066
vn -0 0 1
vn 0.362030029 0.897874236 0.250512034
vn 0.00572418841 0.178059444 0.984003127
vn -0 0 1
vn -0 0 1
vn -0.0523549169 0.159625992 0.985788286
vn -0 0 1
vn -0 0 1
vn -0 0 1
vn 0.0331058055 0.967547178 0.250512332
vn 0.350969464 0.885686338 -0.303941041
vn -0.299811274 0.920520067 0.250511467
vn -0 0 1
vn -0.105356306 0.13408266 0.985353708
vn -0 0 1
vn -0 0 1
vn -0 0 1
vn -0 0 1
vn -0 0 1
vn -0 0 1
vn -0 0 1
vn -0 0 1
vn -0 0 1
vn -0 0 1
vn -0 0 1
vn -0 0 1
vn -0 0 1
vn -0 0 1
vn -0.144955695 0.0905782878 0.985283375
vn -0 0 1
vn -0.198232755 0.0427097194 0.979224026
vn -0 0 1
vn -0 0 1
vn -0 0 1
vn -0 0 1
vn -0 0 1
vn -0.613318622 -0.0844650194 0.785306215
vn -0 0 1
vn -0 0 1
vn -0 0 1
vn -0 0 1
vn -0.821595848 0.513390243 0.247811869
vn -0.946816862 0.201948881 0.250508606
vn -0.596566975 0.762464523 0.25051102
vn -0.293436795 -0.15602316 0.943160474
vn -0 0 1
vn -0 0 1
vn -0 0 1
vn -0 0 1
vn -0 0 1
vn -0 0 1
vn -0 0 1
vn -0 0 1
vn -0 0 1
vn -0 0 1
vn -0 0 1
vn -0 0 1
vn -0 0 1
vn -0 0 1
vn -0 0 1
vn -0 0 1
vn -0 0 1
vn 0.0532020107 0.00928749144 0.998540521
vn 0.0848603547 0.0185050536 0.996221006
vn 0.949231446 0.198727518 0.243858397
vn 0.0537543856 0.00450916542 0.998543978
vn 0.0933015421 0.00221286621 0.99563545
vn 0.961396456 0.152901784 0.228774935
vn 0.971440673 0.062785387 0.228825465
vn 0.981704593 0.0180870835 0.189549536
vn 0.948124707 0.0621503294 0.31176427
vn 0.934191823 0.011152463 0.356596887
vn 0.938180745 0.150087357 0.311914444
vn 0.289784253 0.0395827778 0.956273079
vn 0.937793195 0.194615722 0.287521422
vn 0.501318634 0.0994380414 0.859529912
vn -0 0 1
vn -0 0 1
vn -0 0 1
vn -0 0 1
vn -0 0 1
vn -0 0 1
vn -0 0 1
vn -0 0 1
vn 0.212027952 0.00756978244 0.977234244
vn 0.126442119 -0.00177247159 0.991972446
vn -0 0 1
vn -0 0 1
vn -0 0 1
vn -0 0 1
vn -0 0 1
vn -0 0 1
vn -0.076789178 0.429239929 0.899920285
vn -0.788011611 0.615660489 0
vn -0.723154724 0.564988911 0.39728415
vn -0.0963875875 0.0753062144 0.992491066
vn -0.171578273 0.134051487 0.97600776
vn -0 0 1
vn -0 0 1
vn -0 0 1
vn -0 0 1
vn -0 0 1
vn -0 0 1
vn -0.128363669 -0.0918451697 0.987465024
vn -0.74206084 0.579759061 0.336489677
vn -0.788012028 0.615659833 0
vn 0.0394034907 0.339858294 0.939650834
vn -0.0310026556 -0.249370232 0.96791178
vn -0.270809174 -0.958694875 0.0869849697
vn 0.159539014 0.983674169 0.0832613334
vn 0.374794096 0.926781595 0.024602402
vn 0.402733475 0.915298879 0.00579853402
vn 0.0491791591 0.997814417 -0.0441335179
vn 0.517275274 0.855347812 -0.0283962525
vn -0.0911957547 0.992935359 0.0759117156
vn -0.158640906 0.986535013 -0.039770823
vn 0.505286753 0.860291779 -0.0676996335
vn 0.582802713 0.812561989 0.00916412845
vn 0.462764859 0.83605516 -0.294720888
vn 0.424789965 0.897787988 -0.116319269
vn 0.369712383 0.929128528 -0.00574220577
vn 0.376987517 0.925231636 -0.0427412763
vn 0.606739581 0.790651083 0.082084626
vn 0.316451699 -0.266936958 0.910276353
vn 0.560738206 0.819994152 0.114814013
vn -0.218704104 0.969469368 0.110895112
vn 0.120130599 0.166389793 0.978714943
vn 0.0437057316 -0.353508025 0.934409916
vn 0.100898042 0.15071179 0.983415246
vn -0.0564831868 0.358853161 0.931683421
vn 0.0218893699 -0.99914968 0.0349414088
vn 0.469285309 -0.882596433 0.0281930342
vn 0.469471902 -0.882947326 0
vn -0.0774671584 -0.996892631 0.014282125
vn -0.0973366573 -0.146553352 0.98440218
vn -0.483866036 -0.875050783 0.0126365982
vn -0.369334728 -0.928797543 0.0304445717
vn -0.547929645 -0.812713981 0.198164076
vn -0.103986189 -0.171456158 0.979688585
vn -0.310043246 0.285225064 0.906928778
vn -0.497925043 -0.852731407 0.157860041
vn -0.470328361 -0.879638493 0.0709044784
vn -0.468358576 0.880854487 0.0688152313
vn -0.469471514 0.882947624 0
vn -0.469471514 0.882947624 0
vn -0.410210341 -0.893588901 0.182280645
vn -0.369311154 -0.92639184 0.0735349879
vn -0.082927227 -0.995991528 0.0335238054
vn -0.322365373 -0.946606815 0.00402190303
vn -0.331345201 -0.942744255 0.0379965939
vn -0.140948728 -0.977056563 0.159667909
vn 0.0333702341 -0.988089144 0.150220379
vn 0.0701415688 -0.996921718 0.0350320749
vn 0.111981273 -0.971401215 0.209379852
vn 0.0140282782 -0.24011226 0.970643759
vn 0.0248463079 -0.0827909261 0.996257186
vn -0.0276260935 0.329953641 0.943592787
vn -0.0677737743 0.373934239 0.924975574
vn -0.289297462 -0.149543077 0.945486009
vn -0.146517992 0.403886765 0.902999401
vn -0.176516354 0.97465682 0.137426734
vn -0.338961095 0.92955488 0.145027816
vn -0.403873622 0.904963493 0.133892596
vn -0.545755088 0.837940633 -0.00262639648
vn -0.28640914 0.645345449 0.708166003
vn -0.40648517 0.572103083 0.712367833
vn -0.566909432 0.811332226 0.142666504
vn -0.713020146 0.687351644 0.138383269
vn -0.766392708 0.64236927 -0.00198751525
vn -0.468400866 0.432684809 0.770314574
vn -0.890591621 0.433353364 0.138027087
vn -0.920714915 0.39023295 -0.00152205548
vn -0.519645512 0.0613167137 0.852178931
vn -0.980981708 0.136898831 0.137599424
vn -0.994577169 0.103996634 -0.000971780741
vn -0.627369344 0.28895238 0.72312814
vn -0.975332916 -0.173000559 0.137100458
vn -0.981526136 -0.191327676 -0.000336662662
vn -0.677395761 -0.134987414 0.723127425
vn -0.884651244 -0.442808032 0.14599061
vn -0.893338084 -0.449385285 0
vn -0.882947266 -0.469472229 0
vn -0.870772958 -0.462998778 0.165489241
vn -0.302627265 -0.160909489 0.939427972
vn -0 0 1
vn -0 0 1
vn 0.299217939 0.159096584 0.940827787
vn 0.86930275 0.462216109 0.175125644
vn 0.84928149 0.52781117 0.0116721336
vn 0.882947683 0.469471306 0
vn 0.885723948 0.464212358 0
vn 0.703254163 0.710865259 0.010209471
vn 0.917982817 0.396441281 0.0119105894
vn 0.925301969 0.37923044 0.000776212837
vn 0.95799464 0.286784649 0.000890582916
vn 0.254475743 0.959707022 0.11918287
vn 0.696381807 0.669425547 0.258692801
vn 0.987986863 0.144446909 0.0549286082
vn 0.997787476 0.0664841086 -0.000356204662
vn 0.244249552 0.933925867 0.26100716
vn 0.611514032 0.588873267 0.52846843
vn 0.989153028 -0.0956791639 0.111453652
vn 0.203716651 0.884627819 0.419443816
vn 0.441710502 0.485478133 0.754455268
vn 0.100692034 0.822362423 0.559983194
vn 0.187245548 0.351832211 0.91714412
vn 0.357271701 0.191649571 0.914126575
vn -0.0428466313 0.745074689 0.665603399
vn 0.209593296 0.977788627 0
vn 0.17472811 0.984616756 1.79041467E-06
vn 0.163932309 0.974422932 0.153708011
vn 0.112911247 0.993605077 2.65274502E-06
vn 0.395552427 0.225623727 0.890298963
vn 0.120512798 0.980914474 0.152589038
vn -0.389695376 0.270036221 0.880464613
vn 0.0775010139 0.99699223 0
vn 0.161323816 0.147423565 0.97582835
vn -0.167127982 -0.3598167 0.91793251
vn 0.218417883 0.415491462 0.882983863
vn -0.518797159 -0.852815509 0.0596260093
vn -0.275120318 -0.287177294 0.917517364
vn 0.544359088 0.835224926 0.0779266804
vn 0.333053023 0.33421886 0.88168782
vn -0.337988198 -0.179711461 0.923833132
vn -0.728601098 -0.682149589 0.06174431
vn -0.669514179 -0.742221653 -0.0292860977
vn -0.882536292 -0.469253182 -0.0305134431
vn -0.117030889 -0.217304438 -0.969062686
vn 0.544196486 0.838935733 0.00608767057
vn 0.375412881 0.92685771 0
vn 0.701518536 0.71263659 -0.00457130186
vn 0.624739468 0.769353807 0.133398563
vn 0.749920905 0.661527455 0
vn 0.704075098 0.70062232 0.115786359
vn 0.868644238 0.461866438 0.179266438
vn 0.862563431 0.505944729 0.00204645284
vn 0.901786149 0.432177752 0.00204646331
vn 0.983086705 0.183083773 -0.00457122456
vn 0.41797933 0.222243607 0.880852461
vn 0.974556029 0.191921562 0.115786389
vn 0.463320524 0.0892205909 0.881687999
vn 0.996834576 -0.015757909 0.0779268071
vn -0.391925991 -0.067497462 0.917517364
vn 0.46659556 -0.0512632504 0.882983923
vn 0.956191063 0.232751697 0.177553609
vn 0.218358815 0.0527370237 0.974442482
vn 0.999820054 -0.0179678965 0.00608770456
vn 0.97832787 -0.207061365 0
vn 0.9871732 0.0877152234 0.133398354
vn 0.967781603 0.251790851 0
vn -0.391758174 0.0626513883 0.91793263
vn -0.97295624 -0.222584292 0.0617442168
vn -0.997123778 0.0467861257 0.0596259609
vn -0.881494522 -0.468699008 0.0573457964
vn -0.989717245 -0.140007332 -0.0292861108
vn -0.957269609 0.277795404 0.0804030746
vn -0.397740334 -0.283498317 0.872600317
vn -0.981506109 0.187930763 -0.0364385583
vn -0.243016809 -0.0513984896 -0.968659401
vn -0.24559629 0.0244921744 -0.969062686
vn -0.825587332 -0.540546596 0.161910325
vn -0.899593353 0.43665576 0.00797810592
vn -0.89164865 0.44760251 -0.0679324344
vn -0.77280426 0.634640157 0.00232866616
vn -0.756632984 0.653783381 0.00859444961
vn -0.228501096 0.102268867 -0.968157232
vn -0.601773083 0.777376175 -0.183181494
vn -0.519335926 0.854206979 0.0249114912
vn -0.201119274 0.187306628 -0.961492181
vn -0.120118372 0.225909755 -0.966714263
vn 0.00767375808 -0.0236174576 -0.999691606
vn 0.311325729 0.0495512187 -0.949010551
vn -0.296012849 0.934394717 -0.1981989
vn -0.401644111 0.915595293 0.0191659834
vn -0.118907385 0.992868125 0.00859434158
vn 0.115711503 0.991294682 -0.0628149658
vn -0.0939951316 0.995570004 0.00232889224
vn 0.0544901192 0.998511851 0.00218873331
vn -0.0428197645 0.27147603 -0.961492181
vn 0.0247454103 -0.0157775693 -0.999569237
vn 0.0429914333 0.246623904 -0.968157232
vn 0.528571427 -0.0846987888 -0.844652832
vn 0.528610587 0.0889556333 -0.844190598
vn 0.480654389 0.255568504 -0.838842094
vn -0.226851299 -0.120618917 -0.966431379
vn -0.178504527 -0.172728449 -0.968659401
vn 0.369342864 0.388494521 -0.844190598
vn 0.225354776 0.485568464 -0.844652951
vn 0.215171427 0.230392545 -0.949010253
vn -0.015910713 0.0207511708 -0.999657989
vn 0.951019049 -0.0556280836 -0.304086059
vn 0.930162191 0.205227062 -0.304434329
vn 0.485685229 0.819537282 -0.304086268
vn 0.690281212 0.656377614 -0.304434478
vn 0.384701461 0.923041165 0
vn 0.50754112 0.861627519 0
vn 0.722365201 0.69151175 0
vn 0.841107249 0.447224647 -0.30418542
vn 0.882947624 0.469471633 0
vn 0.977230847 0.212179035 0
vn 0.998134971 -0.0610452332 0
vn 0.980358243 -0.197225168 0
vn 0.591442049 0.0957860127 -0.80063808
vn 0.59546268 0.435863942 -0.674867928
vn 0.0109937806 0.188907102 -0.981933415
vn 0.0309499782 0.599119782 -0.800060987
vn -0.00503937155 0.600261927 -0.799787641
vn 0.0010617018 0.259754807 -0.965674102
vn -0.0089845378 0.925190628 -0.379396498
vn -0.198645189 0.980070293 -0.00149328145
vn -0.188101977 0.789866865 -0.583719134
vn -0.195433438 0.786199272 -0.586256325
vn -0.925029397 0.136539549 -0.354510307
vn -0.18774946 0.289126039 -0.938699245
vn -0.210963219 0.282109916 -0.935899854
vn -0.912575066 -0.0175012425 -0.408534408
vn -0.990267932 -0.139174178 0
vn -0.237606898 -0.03130465 -0.970856845
vn -0.187751219 -0.0163172465 -0.982080996
vn -0.918497682 -0.0805776268 -0.387129664
vn -0.995973289 -0.0896504298 0
vn -0.0388921686 0.00863728486 -0.999206126
vn -0.896114171 0.195140079 -0.398622423
vn -0.978147566 0.207911789 0
vn -0.0714741126 0.0455714241 -0.996400833
vn -0.775329173 0.489860684 -0.398624182
vn -0.848048627 0.529918492 0
vn -0.561029196 0.725497067 -0.39862293
vn -0.615661383 0.788010955 0
vn -0.0374421366 0.118905358 -0.992199361
vn -0.279059261 0.873627305 -0.398624063
vn -0.309016466 0.951056659 0
vn 0.00493756402 0.11213506 -0.993680716
vn 0.036569003 0.916384876 -0.39862451
vn 0.0349019505 0.999390721 0
vn 0.0512925088 0.123700291 -0.990993083
vn 0.347785234 0.848612309 -0.398625821
vn 0.374606669 0.927183867 0
vn 0.0195628274 0.02133324 -0.999581039
vn 0.61705184 0.678488672 -0.398622721
vn 0.669129014 0.743146241 0
vn 0.0671378821 0.0356978811 -0.997104824
vn 0.814573407 0.433116704 -0.385849744
vn 0.882947445 0.469471902 0
vn 0.982102036 0.188349351 0
vn 0.905126452 0.175715715 -0.387130678
vn 0.121135011 0.023728529 -0.992352426
vn 0.990267932 0.139173925 0
vn -0.0840945467 -0.0110394685 -0.996396601
vn 0.8805843 0.234253481 -0.411942512
vn -0.0993219241 -0.0462451093 -0.993980169
vn 0.847459435 0.3874771 -0.362868994
vn 0.131013498 0.281490326 -0.950578034
vn -0.0818780437 0.918451607 -0.386965841
vn 0.0092644766 0.61115998 -0.791452825
vn -0.258887649 0.891366482 -0.372079194
vn -0.166261837 0.578605652 -0.798481345
vn -0.20529595 0.566479206 -0.798094511
vn -0.0727290735 0.247145399 -0.966245174
vn -0.075918965 0.214113429 -0.973854005
vn -0.257990062 0.217607647 -0.941322505
vn -0.282861799 0.200184032 -0.93803817
vn -0.204568267 -0.10651549 -0.973039687
vn 0.469471902 -0.882947445 0
vn 0.469471902 -0.882947445 0
vn 0.469471902 -0.882947445 0
vn 0.469471902 -0.882947445 0
vn 0.39720735 -0.917711794 0.0056105773
vn 0.406344086 -0.913720131 0
vn 0.340373516 -0.940290213 -0.000473234366
vn 0.202076063 -0.976010919 0.0810433477
vn 0.213079959 -0.977030754 0.00282093394
vn 0.520102918 -0.853404343 0.0345540456
vn 0.0102258101 -0.999946833 -0.00136688282
vn 0.571181953 -0.735992193 0.363409787
vn 0.753649175 -0.656265676 0.0364469029
vn -0.0455299057 -0.997750223 0.0492078029
vn -0.598963499 -0.790881395 0.125496298
vn 0.789113402 -0.494308829 0.36463511
vn 0.915272892 -0.401421517 0.0337085202
vn 0.923483789 -0.178124651 0.339778304
vn 0.980061948 -0.198586494 -0.00647997204
vn 0.999112427 0.0414541736 0.00747808022
vn 0.107222654 -0.201656371 0.973569751
vn 0.16569896 -0.156369299 0.973700404
vn 0.0369783044 -0.224811196 0.973700404
vn 0.205349132 -0.0948573574 0.97408098
vn -0 0 1
vn -0 0 1
vn -0 0 1
vn -0 0 1
vn -0 0 1
vn -0.0361895263 -0.223285928 0.97408098
vn -0 0 1
vn 0.222211659 -0.0252066813 0.974672556
vn -0 0 1
vn -0.368641168 -0.928579688 0.0429344177
vn -0.103361972 -0.198317051 0.974672556
vn -0 0 1
vn 0.968262076 0.236810878 0.0799326748
vn 0.216008261 0.0440679826 0.975396633
vn 0.881735623 0.468826979 0.0523775741
vn -0 0 1
vn 0.989386439 0.145308539 0
vn 0.99862957 0.0523365028 0
vn 0.951056123 0.309016377 0.00102867221
vn 0.882947445 0.469471902 0
vn 0.788010418 0.615661025 0.00102865696
vn -0.157324329 -0.154436439 0.975396633
vn -0 0 1
vn 0.173386052 0.092191048 0.980529487
vn 0.157324404 0.154436618 0.975396514
vn -0 0 1
vn 0.737770498 0.670302451 0.0799326226
vn 0.673724532 0.738982558 0
vn 0.103361942 0.198316932 0.974672675
vn -0 0 1
vn 0.59306258 0.805121601 0.00747804064
vn 0.601814389 0.79863596 0
vn 0.368733495 0.865208626 0.339778632
vn 0.383408308 0.923556149 -0.0064798668
vn 0.179020941 0.983267725 0.0337066315
vn 0.03618953 0.223285854 0.97408098
vn -0 0 1
vn 0.0314661413 0.930619001 0.364634216
vn -0.122633465 0.991782546 0.0364467055
vn -0.0369783454 0.224811077 0.973700523
vn -0 0 1
vn -0.290764302 0.885092854 0.363410115
vn -0.416666508 0.908402562 0.034552563
vn -0.696150541 0.713306606 0.0810433477
vn -0.538699985 0.842478991 0.00561028486
vn -0.107222386 0.201656163 0.973569751
vn -0 0 1
vn -0.165699214 0.156369314 0.973700404
vn -0 0 1
vn -0.589201391 0.80798614 -0.000473333115
vn -0.530282617 0.847820997 0
vn -0.69084233 0.72299993 0.00282069412
vn -0.823275626 0.567640185 -0.00136704708
vn -0.85263288 0.520188272 0.0492077805
vn -0.990606546 -0.0543069728 0.125496343
vn -0.205348879 0.0948572084 0.974081099
vn -0 0 1
vn -0.961660981 0.268639594 0.0551438704
vn -0.222211942 0.0252067987 0.974672556
vn -0 0 1
vn -0.216008216 -0.0440681279 0.975396633
vn -0.974801779 -0.133823857 0.178473398
vn -0.173386306 -0.0921912193 0.980529487
vn -0.835422873 -0.444202185 0.323655635
vn -0.646864235 -0.760438502 0.0574448444
vn -0.869046271 -0.494688928 0.00644260226
vn -0.991374195 -0.13097614 0.0047370363
vn -0.511578202 -0.859218895 -0.00553625682
vn -0.811574042 -0.584243774 -0.00261160987
vn -0.933981478 -0.357319325 -0.00118655467
vn -0.997332573 0.0727854967 -0.00549439155
vn -0.419351161 -0.907385767 0.0282101911
vn -0.535939932 -0.84420073 0.00966915302
vn -0.590489626 -0.807041585 0.00242068176
vn -0.617390096 -0.786657155 0
vn -0.854736269 -0.36629647 0.367767423
vn -0.922403455 -0.0816950947 0.377488881
vn -0.40302369 -0.0757445171 0.912049711
vn -0.986754835 0.159747168 0.0282101016
vn -0.999567926 0.0277566761 0.00966885779
vn -0.999265492 -0.0382444412 0.00242045242
vn -0.997408807 -0.0719417408 0
vn -0.781636298 -0.503777623 0.367767483
vn -0.580951154 -0.734745622 0.350206375
vn -0.170583159 -0.195651814 0.965723455
vn -0.140129477 -0.128946826 0.981700838
vn -0.58352983 -0.719023883 0.377488554
vn -0.288163215 -0.291765988 0.912049711
vn -0 0 1
vn -0 0 1
vn -0 0 1
vn -0 0 1
vn -0 0 1
vn -0 0 1
vn -0.119377658 -0.23053965 0.965712428
vn -0 0 1
vn -0.093654044 -0.261964619 0.960522473
vn -0.405470252 -0.844785869 0.349185824
vn -0.314711779 -0.889092922 0.332370609
vn -0.410738558 -0.830623686 0.375976384
vn -0.197487414 -0.268925101 0.942697227
vn -0 0 1
vn -0 0 1
vn -0 0 1
vn -0 0 1
vn -0 0 1
vn -0 0 1
vn -0 0 1
vn -0.333382338 -0.0133435279 0.942697287
vn -0 0 1
vn -0 0 1
vn 0.163339853 -0.0351920947 0.985941947
vn -0 0 1
vn -0.295761675 0.0595897511 0.953401268
vn -0 0 1
vn -0.0705915168 0.114368729 0.990927219
vn -0 0 1
vn -0.91830039 0.123961307 0.375975877
vn 0.150818884 -0.094823949 0.984003127
vn -0 0 1
vn -0 0 1
vn 0.103059411 -0.132665843 0.985788286
vn -0 0 1
vn -0 0 1
vn 0.572594464 -0.775494456 0.265977293
vn 0.827101827 -0.517795682 0.218609631
vn -0 0 1
vn 0.907212555 -0.39321363 0.149493948
vn -0.870781183 0.246835157 0.425220639
vn -0.927095532 0.136248291 0.349185169
vn -0.913076162 0.236266747 0.332370251
vn -0.26954928 0.0688461363 0.960522473
vn -0.933995724 -0.0707657859 0.350205928
vn -0.257881284 0.0299476013 0.965712309
vn -0 0 1
vn -0 0 1
vn -0.257591575 -0.0320126861 0.965723455
vn -0 0 1
vn -0.18526125 -0.0440664105 0.981700718
vn -0 0 1
vn -0 0 1
vn -0 0 1
vn -0 0 1
vn 0.477419585 -0.87867552 0
vn 0.469471514 -0.882947624 0
vn 0.469196945 -0.88243103 0.0342009291
vn 0.476621926 -0.877274632 0.0567522682
vn 0.0704102069 -0.43989256 0.895286024
vn 0.741978467 -0.668114305 0.0555992313
vn 0.743403077 -0.668843687 0
vn 0.152441218 -0.282918781 0.946952283
vn 0.493291527 -0.463725865 0.735949576
vn 0.576748967 -0.247295454 0.77859211
vn 0.925883889 -0.373694777 0.055599343
vn 0.927472115 -0.373892307 0
vn 0.568395078 -0.0316434875 0.822147071
vn 0.997870564 -0.0341035835 0.0555992872
vn 0.999430478 -0.0337453 0
vn 0.436848909 0.122351773 0.89117521
vn 0.964978218 0.255265474 0.0604689717
vn 0.966798067 0.255541623 0
vn 0.942589283 0.328163892 0.0619185232
vn 0.944402099 0.32879284 0
vn 0.0995271876 0.0346543677 0.994431198
vn 0.936069906 0.346322507 0.0619187802
vn 0.937870264 0.346986175 0
vn 0.908501804 0.413506597 0.0603040904
vn 0.91008997 0.414410591 0
vn 0.757808805 0.652476549 0
vn 0.137383282 0.0508338585 0.989212751
vn 0.756376684 0.651749372 0.0558301993
vn 0.49929902 0.866429746 0
vn -0.0574554689 0.108058184 0.992482841
vn -0.110659242 0.215152666 0.970290661
vn -0 0 1
vn -0 0 1
vn -0.372537255 -0.100254923 0.922585964
vn -0.965469241 -0.254039168 0.0577346571
vn -0.966735899 -0.254193783 0.028412817
vn -0.967168808 -0.254134804 0
vn -0.967168808 -0.254134804 0
vn -0.467645586 0.879513502 0.0881120414
vn 0.498188108 0.865269721 0.055830203
vn 0.184567615 0.982819796 0
vn -0.447051048 0.89241761 0.0611230433
vn -0.469471574 0.882947624 0
vn -0.44771564 0.894175947 0
vn -0.151095152 0.986941397 0.0558301955
vn -0.150951624 0.988541126 0
vn 0.183902964 0.981357574 0.0558300577
vn -0.108116552 0.62221247 0.775346637
vn 0.111566097 0.669513762 0.734373331
vn 0.278119832 0.506345272 0.816249847
vn 0.386415631 0.346752584 0.854661107
vn 0.369998217 0.162229523 0.914758384
vn -0.750491738 -0.658353031 0.0577345714
vn -0.751521468 -0.659708679 0
vn -0.751521468 -0.659708679 0
vn -0.75132823 -0.659316778 0.0284127984
vn -0.32531476 0.30435738 0.895285904
vn -0.291435629 -0.252785832 0.922585845
vn -0 0 1
vn -0.149535 0.28606385 0.946470618
vn -0 0 1
vn 0.0574556552 -0.108058162 0.992482841
vn -0.460728854 0.885710239 0.0569756366
vn -0.469196886 0.88243109 0.0342009403
vn -0.469471514 0.882947624 0
vn -0.461485416 0.887147784 0
vn -0.138791859 0.990321577 0
vn -0.138170391 0.988846719 0.0555993989
vn 0.208666816 0.977986872 0
vn 0.208745643 0.976388216 0.0555994473
vn 0.530897081 0.847436249 0
vn -0.0666673034 0.565356553 0.822148025
vn 0.530423939 0.845907271 0.0555993542
vn 0.752480328 0.658614695 0
vn 0.144327134 0.610706866 0.778592885
vn 0.341329753 0.285009384 0.895691752
vn 0.371893287 0.565748215 0.735951304
vn 0.751434088 0.657196701 0.0586452559
vn 0.084653616 0.0633388683 0.994395256
vn 0.799140394 0.597925723 0.0621248931
vn 0.800687015 0.599082947 0
vn 0.812115788 0.583496273 0
vn 0.810558856 0.58237493 0.0619185343
vn 0.852475703 0.522766948 0
vn 0.118966989 0.0854703113 0.989212632
vn 0.850838244 0.521955729 0.0603038855
vn 0.964687943 0.263395607 0
vn 0.116000451 -0.211162195 0.970543325
vn 0.467645615 -0.879513383 0.0881124288
vn 0.963284194 0.262614936 0.055830162
vn 0.997507274 -0.0705649853 0
vn 0.342618763 0.21679984 0.914117157
vn 0.995924234 -0.0708372891 0.0558301695
vn 0.918001711 -0.396576285 0
vn 0.489860445 -0.86965555 0.0611233115
vn 0.469471574 -0.882947624 0
vn 0.490946412 -0.871189773 0
vn 0.733720481 -0.677153826 0.0558302775
vn 0.735127091 -0.677929342 0
vn 0.916417778 -0.396309614 0.0558301136
vn 0.65830636 0.16531302 0.734373391
vn 0.628914714 -0.0574737266 0.775346994
vn 0.423931211 -0.193551376 0.884771228
vn 0.489420384 -0.470278472 0.734374523
vn -0 0 1
vn -0 0 1
vn -0 0 1
vn -0 0 1
vn -0 0 1
vn -0 0 1
vn -0 0 1
vn -0 0 1
vn -0 0 1
vn -0 0 1
vn -0 0 1
vn -0 0 1
vn -0 0 1
vn -0 0 1
vn -0 0 1
vn -0 0 1
vn -0 0 1
vn -0 0 1
vn -0 0 1
vn -0 0 1
vn -0 0 1
vn -0 0 1
vn -0 0 1
vn -0 0 1
vn -0 0 1
vn -0 0 1
vn -0.469471991 0.882947326 0
vn -0.469471991 0.882947326 0
vn -0.469471991 0.882947326 0
vn -0.469471991 0.882947326 0
vn -0.694659054 -0.719339132 0
vn -0.145666331 -0.858312905 -0.492016524
vn -0.694668055 -0.71933043 0
vn -0.329570234 -0.795289278 -0.508820474
vn -0.694647074 -0.719350696 0
vn 0.591729641 -0.635505974 -0.495971888
vn -0.754062414 -0.372990102 -0.54061842
vn -0.914772689 0.354329973 -0.194013461
vn -0.694657266 -0.719340861 0
vn 0.337850451 -0.35049516 -0.873504579
vn -0.461391896 -0.505056798 -0.72940737
vn 0.833394051 -0.543738365 0.0990099683
vn 0.785049081 -0.618128717 0.040184848
vn 0.751346111 -0.641920447 0.153026417
vn -0.351490676 0.216557756 -0.910800278
vn 0.382141709 -0.267469972 -0.884549379
vn -0.843159914 -0.157534555 -0.514066398
vn -0.732080162 0.426443368 -0.531229377
vn -0.355627269 0.248913288 -0.900872529
vn -0.697641075 0.486532748 -0.525911331
vn -0.811944544 0.583730876 0.00210163393
vn -0.781799138 0.623530328 0
vn -0.881564498 0.472056806 0.00254513533
vn -0.374421895 0.207232416 -0.903804779
vn -0.741616011 0.411586463 -0.529718995
vn -0.719481468 0.666863739 -0.194007903
vn -0.903143585 0.429338574 0
vn -0.704206884 0.471049994 -0.531229377
vn 0.402991503 -0.22301656 -0.887615561
vn -0.348724931 0.22098498 -0.91079998
vn 0.815047324 -0.470174044 -0.338576764
vn 0.463126957 -0.150011167 -0.873504519
vn 0.89971298 -0.434627861 0.0401887372
vn 0.830586672 -0.253256053 -0.495970905
vn 0.570327163 0.644847691 -0.508820593
vn 0.707591295 0.507183373 -0.492015809
vn 0.342031598 0.939688444 0
vn 0.342021853 0.93969202 0
vn 0.342023432 0.939691365 0
vn 0.251680285 0.636098444 -0.729407907
vn 0.00468531158 0.84125495 -0.540618241
vn 0.342019826 0.939692736 0
vn -0.228020951 0.826885581 -0.514068782
vn 0.694652557 0.719345391 0
vn 0.85270679 0.175534293 -0.492015183
vn 0.694657862 0.719340265 0
vn 0.783302844 0.357125878 -0.508819938
vn 0.554045439 -0.70523864 -0.442348212
vn 0.694657683 0.719340503 0
vn 0.309129566 -0.40525648 -0.860352337
vn 0.449129194 -0.869250834 -0.206605539
vn 0.563623667 -0.819150567 0.106398575
vn 0.605255783 -0.781567454 -0.151055813
vn 0.346445411 0.76662004 -0.540619373
vn 0.488645464 0.478737086 -0.729408205
vn -0.431378275 0.881857693 -0.19036749
vn 0.694658279 0.719339907 0
vn -0.220285535 0.349594325 -0.910636067
vn -0.440006435 0.721523345 -0.534601092
vn -0.266225606 0.667945981 -0.694961905
vn 0.128010049 0.848142028 -0.51407057
vn -0.205400601 0.358620673 -0.910605192
vn 0.18403779 -0.45194602 -0.872854471
vn -0.0854208618 0.407023013 -0.909414947
vn -0.0267977789 0.7406376 -0.671370089
vn 0.0519126393 0.416721851 -0.907550454
vn 0.213951603 0.717610896 -0.662766397
vn 0.0196988564 -0.486539751 -0.873436272
vn 0.188328877 0.38219887 -0.904685736
vn 0.426144749 0.600079834 -0.676982105
vn 0.152465761 -0.963113546 -0.22173509
vn -0.139766306 -0.468973726 -0.872083127
vn 0.307037741 0.306569993 -0.900967538
vn 0.568340421 0.476967365 -0.670441091
vn 0.0832935721 -0.0257032476 -0.996193528
vn -0.284993082 -0.404862821 -0.868829668
vn -0.162431285 -0.954876244 -0.248651281
vn -0.409890115 -0.302383512 -0.860554636
vn -0.453045875 -0.846547127 -0.27947706
vn -0.685349524 -0.659804761 -0.308145583
vn 0.295052826 -0.922469079 0.248987347
vn -0.0288012326 -0.968638837 0.246798337
vn 0.052245114 -0.162322402 0.985353708
vn -0.351502866 -0.899925351 0.258031338
vn -0.0754423887 -0.188225225 0.979224026
vn -0.412988156 -0.461231977 0.785306215
vn -0 0 1
vn -0.639413178 -0.720637262 0.268016279
vn -0 0 1
vn -0 0 1
vn -0 0 1
vn -0 0 1
vn -0 0 1
vn -0 0 1
vn -0 0 1
vn -0 0 1
vn -0 0 1
vn -0.00596542098 -0.170824394 0.985283494
vn -0 0 1
vn -0 0 1
vn -0 0 1
vn -0 0 1
vn -0 0 1
vn -0 0 1
vn -0 0 1
vn -0 0 1
vn -0 0 1
vn -0 0 1
vn -0 0 1
vn -0 0 1
vn -0 0 1
vn -0 0 1
vn -0 0 1
vn -0 0 1
vn -0 0 1
vn -0 0 1
vn -0.856656194 -0.441681176 0.266566694
vn 0.0374498852 0.0389130004 0.998540521
vn 0.0627946481 0.060004551 0.996221006
vn 0.695555866 0.675821722 0.243858844
vn 0.0337973572 0.0420429036 0.998543978
vn 0.0540081374 0.0761130303 0.99563545
vn 0.664367497 0.711531937 0.228775263
vn 0.595274687 0.770251215 0.228825316
vn 0.563957691 0.803755522 0.189549223
vn 0.531639397 0.768243253 0.356597453
vn 0.649052203 0.69385916 0.311914533
vn 0.685750902 0.668638229 0.287521213
vn 0.362771809 0.360007465 0.859529674
vn 0.194860995 0.21810776 0.956273079
vn -0 0 1
vn -0 0 1
vn -0 0 1
vn -0 0 1
vn -0 0 1
vn -0 0 1
vn -0 0 1
vn -0 0 1
vn 0.5817101 0.751276493 0.311764479
vn 0.12484014 0.171546072 0.977234364
vn 0.0692360699 0.105816439 0.991972446
vn -0 0 1
vn -0 0 1
vn -0 0 1
vn -0 0 1
vn -0 0 1
vn -0 0 1
vn -0.988589168 -0.150636762 0
vn -0.98617506 -0.165706918 0
vn -0.98617506 -0.165706933 0
vn -0.988589168 -0.150636777 0
vn -0.992725849 -0.120396942 0
vn -0.992725849 -0.120396934 0
vn -0.997948229 -0.0640258938 0
vn -0.997948229 -0.0640258938 0
vn -0.979485869 0.201512977 0
vn -0.979485869 0.201512933 0
vn -0.87950778 0.475884587 0
vn -0.87950778 0.475884587 0
vn -0.70453018 0.709674001 0
vn -0.70453018 0.709674001 0
vn -0.475797743 0.879554689 0
vn -0.475797743 0.879554689 0
vn -0.915227294 0.402508944 -0.0185895003
vn -0.815140545 0.579263151 0
vn -0.946264565 0.322421193 -0.0250579491
vn -0.970598578 0.238290876 0.0339986682
vn -0.890235484 0.442589849 0.107679792
vn -0.82313019 0.567183733 -0.0275569297
vn -0.769635379 0.628300607 0.113576822
vn -0.719239891 0.694441915 -0.0210793689
vn -0.987467349 0.152671039 -0.0399975739
vn -0.999994516 -0.00330780633 -1.35530263E-05
vn -0.999886751 -0.00634637102 0.0136495391
vn -0.996695161 -0.0615021586 0.0530694462
vn -0.999495149 -0.0308675803 0.00753376726
vn -0.981839538 0.149870828 -0.116318017
vn -0.999473155 -0.0300543588 0.0122576887
vn -0.977023005 0.213056833 -0.0057423166
vn -0.97786057 0.204846218 -0.0427421331
vn -0.312915832 0.303688794 0.899920404
vn -0.99476397 -0.0608843528 0.0820835903
vn 0.134865284 -0.414858937 0.899835169
vn -0.993366778 -0.0063376613 0.114814475
vn -0.673016846 0.7275967 0.132858604
vn -0.303789526 0.157379374 0.939650774
vn -0.0962343067 -0.00307246554 0.995353937
vn 0.163113847 -0.267521709 0.949645162
vn -0.0782332346 0.000271288038 0.99693501
vn -0.244754449 0.271022618 0.930936038
vn -0.0544216335 0.118282869 0.991487503
vn -0.416711807 0.899779499 0.129414767
vn -0.263427705 0.964672625 -0.00356508419
vn -0.469471782 0.882947505 0
vn -0.0639026463 0.984339595 0.164292812
vn -0.0154214548 0.200618267 0.979548097
vn 0.569829226 -0.803131938 0.173993587
vn 0.469050944 -0.882156312 0.0423256047
vn 0.4758614 -0.877286911 0.0626377538
vn 0.469471633 -0.882947624 0
vn -0.13917689 0.976703465 0.16334039
vn -0.162033364 0.986773372 0.00484125037
vn 0.816209853 -0.0393588729 0.576413453
vn 0.212804571 -0.0129327094 0.977009237
vn -0.0378779247 0.224251449 0.973794878
vn 0.998015165 -0.062966235 0.000943951018
vn 0.826859176 -0.0599091612 0.559209168
vn 0.260052741 -0.0208366308 0.965369582
vn 0.826280773 -0.0215312317 0.562846899
vn 0.997788906 0.053965915 0.038794212
vn 0.34183988 -0.00800607819 0.939724088
vn -0.0445745364 0.262697846 0.963847995
vn -0.156923339 0.956481993 0.246002838
vn 0.794946015 0.185477138 0.577632368
vn 0.980442107 0.196802452 0.00146837602
vn 0.889176369 0.456103295 -0.0365418382
vn 0.777594864 0.506981552 0.371908426
vn 0.587523222 0.809162796 -0.00848611258
vn 0.648522913 0.157632142 0.744694591
vn 0.510983229 0.319973081 0.797817886
vn 0.611672699 0.723467827 0.320079327
vn 0.333617449 0.391326189 0.857649863
vn 0.357195556 0.893483937 0.272209197
vn 0.0956343785 0.943541765 0.317148089
vn 0.179422602 0.423681706 0.887863398
vn 0.032005243 0.401356786 0.915362477
vn 0.0557179563 0.966946602 0.248816937
vn -0.107411236 0.993425608 0.039604269
vn 0.043143779 0.989352584 0.138996452
vn -0.327865243 0.944673896 0.00976914167
vn -0.401003957 0.91529268 0.0378837809
vn -0.510779321 0.85633564 0.0761171281
vn -0.364612728 0.604094386 0.708609521
vn -0.440718561 0.897618949 0.00687948335
vn -0.21914117 0.975693047 -0.000507599907
vn -0.0957756042 0.995400131 -0.00237950962
vn -0.0212912597 0.999773204 0.000418444833
vn 0.0409300551 0.999161959 0
vn 0.0434082113 0.999057472 0
vn 0.0446564145 0.999002397 0
vn -0.663296819 0.748329699 -0.00633236486
vn -0.608570039 0.780352771 0.143847361
vn -0.344720215 0.467346787 0.814097643
vn -0.265742987 0.429441482 0.863111138
vn -0.269944459 0.532485068 0.802240372
vn -0 0 1
vn -0 0 1
vn -0.114852503 0.110736914 0.987191081
vn 0.311852187 -0.586508632 0.747499824
vn -0.739890397 0.655594587 0.150857523
vn -0.57337296 0.808489323 0.132621318
vn -0.240287647 0.350817144 0.90509063
vn 0.180732191 -0.430852592 0.884139061
vn 0.377604663 -0.912335634 0.15829806
vn -0.188637033 0.24850814 0.950083971
vn -0.329218745 0.137048885 0.934255064
vn -0.617718458 0.767121077 0.173058316
vn -0.777575552 0.628784001 -0.00263922731
vn -0.686815679 0.726831615 0
vn -0.61160624 0.791162312 0
vn -0.469472051 0.882947326 0
vn -0.469472289 0.882947266 0
vn -0.469472229 0.882947266 0
vn -0.591164827 0.806550801 0
vn -0.907648981 0.419729948 -0.000192743246
vn -0.901144266 0.422914028 0.0953032374
vn -0.88508743 0.465424806 -0.000204848562
vn -0.30877015 0.144842133 0.940043509
vn 0.131463125 0.504328609 0.853446007
vn -0.883186996 0.457421124 0.103665873
vn 0.270634443 0.956151605 0.111941829
vn -0.869881272 0.493261069 0
vn 0.46049726 0.879309177 0.121480763
vn 0.46390146 0.88580966 0.0116904611
vn 0.452913791 0.864829004 0.216655955
vn 0.463659018 0.885346889 0.0343667343
vn 0.0311045293 0.987399101 0.155163109
vn 0.463932365 0.885870576 0
vn 0.0412649885 0.998131335 0.0450665057
vn 0.463932812 0.885870397 0
vn -0.0638601407 0.997958899 0
vn -0 1 0
vn -0.841619194 0.540071487 0
vn -0.841619134 0.540071487 0
vn 0.463933349 0.885870099 0
vn 0.4639332 0.885870218 0
vn 0.451766789 0.862639129 0.227509513
vn 0.126613319 0.241765469 0.962038696
vn 0.0921108648 0.0606311299 0.993901134
vn -0.11407432 -0.217822582 0.96929884
vn 0.00362377032 -0.150845945 0.988550723
vn -0.405132413 -0.773592055 0.487260669
vn -0.328049988 -0.62640518 0.707106531
vn -0.451834768 -0.862769544 0.226879135
vn -0.463932514 -0.885870516 0
vn -0.463933021 -0.885870218 0
vn -0.463934004 -0.885869741 0
vn -0 0 1
vn 0.314718872 -0.11047855 0.942733526
vn 0.212765977 -0.0537780784 0.975622118
vn -0 0 1
vn -0 0 1
vn -0 0 1
vn 0.441494584 -0.091332227 0.892603457
vn 0.823498189 -0.303011 0.479619652
vn 0.85945189 -0.195173159 0.472493142
vn 0.29077065 -0.188090295 0.938122809
vn 0.820853353 -0.539069891 0.188688666
vn 0.800407708 -0.585390389 0.12909542
vn 0.799294591 -0.580918312 0.153824419
vn 0.741474807 -0.652873635 0.154825494
vn 0.476848513 -0.350120246 0.806245208
vn 0.872120321 -0.278722942 0.402143687
vn 0.435384244 -0.387638032 0.812513053
vn 0.214899153 -0.159594372 0.963508129
vn 0.606168032 -0.785115659 0.127097532
vn 0.359329879 -0.458688527 0.812703371
vn 0.11216861 -0.101795241 0.988461375
vn 0.274520129 -0.516297102 0.811218858
vn -0 0 1
vn -0 0 1
vn -0 0 1
vn 0.0868238956 -0.112167053 0.989888966
vn -0 0 1
vn 0.0646330789 -0.121557213 0.99047792
vn -0 0 1
vn 0.0444394536 -0.134703144 0.989888966
vn -0 0 1
vn -0 0 1
vn -0 0 1
vn -0 0 1
vn -0 0 1
vn 0.469471455 -0.882947683 0
vn 0.469471395 -0.882947683 0
vn 0.469471484 -0.882947624 0
vn 0.469471633 -0.882947505 0
vn 0.469471574 -0.882947624 0
vn 0.469471633 -0.882947505 0
vn 0.469472498 -0.882947147 0
vn 0.469471484 -0.882947624 0
vn 0.304411262 -0.952532947 0.00384805119
vn 0.0635059699 -0.997973859 0.00390153308
vn 0.294384748 -0.946014225 0.13562718
vn 0.0487712808 -0.998809934 0
vn 0.0893584639 -0.660597444 0.74540323
vn 0.333295345 -0.167385146 0.927845061
vn 0.332728088 -0.170765564 0.927432537
vn 0.29309836 -0.0715631917 0.953400314
vn 0.993534327 -0.101907641 0.0500432067
vn 0.248565525 -0.00317954319 0.968609869
vn -0.235485345 0.0442657806 0.970869303
vn -0.395603687 0.0210148599 0.918180883
vn -0.925281525 0.137411192 0.353514016
vn -0.96170783 0.0261239875 0.272829145
vn -0.991129398 0.132900372 0
vn -0.999469459 0.0325689279 0
vn -0.355160773 -0.0689444244 0.932259262
vn -0.95214957 -0.158819124 0.26112783
vn -0.985776007 -0.168064177 0
vn -0.887047648 0.12206962 0.445247889
vn -0.963881433 -0.266331494 0
vn 0.988964081 0.140726253 -0.0463254377
vn 0.979663432 0.194034815 0.0510887541
vn 0.881914616 0.468922585 -0.0483547524
vn 0.225740731 0.0757587031 0.971237242
vn 0.245596319 -0.0244921818 -0.969062686
vn -0.180739611 0.039674934 0.982730508
vn 0.881709754 0.46881339 0.0529328361
vn 0.198654294 0.15214777 0.968187749
vn 0.24301675 0.0513984747 -0.968659401
vn 0.708682954 0.703674912 0.0510887466
vn 0.138143733 0.210566759 0.967769563
vn -0.12032789 0.226303786 0.966595948
vn -0.0957355797 -0.241564468 0.965650737
vn -0.451579452 0.849296272 0.273444355
vn -0.469471991 0.882947326 0
vn -0.469471991 0.882947326 0
vn -0.255761176 -0.255888522 0.932259262
vn 0.117391676 -0.220781371 0.968232751
vn -0.394830406 -0.803656459 0.445247382
vn -0 0 1
vn -0 0 1
vn 0.451580375 -0.849295855 0.273444235
vn 0.469473004 -0.882946849 0
vn 0.469473004 -0.882946849 0
vn -0 0 1
vn -0 0 1
vn -0 0 1
vn -0 0 1
vn -0 0 1
vn -0 0 1
vn -0 0 1
vn -0 0 1
vn -0 0 1
vn -0 0 1
vn -0 0 1
vn -0 0 1
vn -0 0 1
vn -0 0 1
vn -0 0 1
vn -0 0 1
vn -0 0 1
vn -0 0 1
vn 0.739518046 0.673090816 0.00786262099
vn 0.696801305 0.717264235 0
vn 0.798478365 0.602021754 -0.00139882218
vn 0.821741223 0.569837749 0.00512805115
vn 0.944270492 0.329147249 -0.00391820725
vn 0.689924061 0.686130881 0.230714485
vn 0.519060433 0.852885902 0.0562307686
vn 0.346729755 0.842748284 0.411769003
vn 0.293389589 0.955716789 0.0229764115
vn 0.178593591 0.982155979 0.0589407235
vn 0.0267312527 0.920376956 0.390117764
vn -0.244901016 0.790574729 0.561262012
vn -0.314205199 0.882702529 0.34944436
vn 0.963222444 0.26864478 0.00569578912
vn 0.81212914 0.458077788 0.361401349
vn 0.987724841 0.156176403 -0.00293340813
vn 0.984285533 0.176584467 0
vn 0.994046688 0.107170269 -0.0196403619
vn 0.996917129 -0.052276317 0.0585098229
vn 0.901580632 0.131647706 0.412093729
vn 0.89255923 -0.183807284 0.411768019
vn 0.956386089 -0.291200191 0.0229777638
vn 0.914112926 -0.401152909 0.058939781
vn 0.777975202 -0.492505759 0.390118599
vn 0.517988384 -0.645217061 0.561589658
vn 0.556234241 -0.75398773 0.349436671
vn 0.222211942 -0.0252067987 0.974672556
vn 0.205348879 -0.0948572159 0.974081099
vn 0.216008216 0.0440681353 0.975396633
vn 0.165699229 -0.156369314 0.973700404
vn -0 0 1
vn -0 0 1
vn -0 0 1
vn -0 0 1
vn -0 0 1
vn 0.107222378 -0.201656163 0.973569751
vn 0.314204723 -0.882702708 0.3494443
vn 0.469464153 -0.882949591 0.00184009119
vn -0 0 1
vn 0.0369783454 -0.224811077 0.973700523
vn -0 0 1
vn 0.173386306 0.0921912193 0.980529487
vn 0.157324374 0.154436424 0.975396514
vn -0 0 1
vn 0.103361972 0.198317051 0.974672556
vn -0 0 1
vn 0.0361895263 0.223285913 0.97408098
vn -0 0 1
vn -0.0369783044 0.224811196 0.973700404
vn -0 0 1
vn -0.107222654 0.201656371 0.973569751
vn -0.556234598 0.75398767 0.349436373
vn -0.469464391 0.882949471 0.00184283918
vn -0 0 1
vn -0.165698946 0.156369284 0.973700404
vn -0 0 1
vn -0.205349118 0.0948573574 0.97408098
vn -0 0 1
vn -0.779082477 0.495017916 0.384691745
vn -0.222211689 0.0252066832 0.974672556
vn -0 0 1
vn -0.894268513 0.190591708 0.404918075
vn -0.216008246 -0.0440679826 0.975396633
vn -0 0 1
vn -0.922113121 -0.125612065 0.365962952
vn -0.91873467 0.390672624 0.0574584492
vn -0.977347195 0.211642325 4.25208309E-05
vn -0.621824324 0.665919065 0.412172675
vn -0.960018516 -0.0908102766 0.264797837
vn -0.173386037 -0.0921910405 0.980529487
vn -0.157324404 -0.154436633 0.975396514
vn -0 0 1
vn -0.783418059 -0.416550577 0.461239398
vn -0.951855481 -0.296461552 0.0779851228
vn -0.928333282 -0.369611621 0.0398052819
vn -0.962239742 -0.171139866 0.211673751
vn -0.907522321 -0.419881821 0.0101224417
vn -0.882947266 -0.469472229 0
vn -0.855583012 -0.5175668 0.0101187108
vn -0.825536251 -0.562943041 0.039814245
vn -0.754190803 -0.654000282 0.0589891709
vn -0.103361942 -0.198316932 0.974672675
vn -0 0 1
vn -0.634755552 -0.69716233 0.333241701
vn -0.620352864 -0.736213088 0.27046743
vn -0.638095558 -0.67938751 0.362307429
vn -0.0361895338 -0.223285869 0.97408098
vn -0.342061132 -0.847959399 0.404918581
vn -0.0252685733 -0.922699869 0.384689897
vn -0.3710666 -0.928606212 4.1863761E-05
vn -0.18986766 -0.980126977 0.0574563742
vn 0.203952536 -0.888239563 0.411623389
vn -0.846774995 -0.527862251 0.0658301488
vn -0.831809819 -0.552635789 0.0518274978
vn 0.0537662953 -0.996317983 0.0667808577
vn 0.264258534 -0.496998668 0.826534867
vn 0.135455057 -0.273086399 0.952405334
vn -0 0 1
vn -0 0 1
vn -0 0 1
vn -0.140789747 0.250303149 0.957876027
vn -0 0 1
vn -0 0 1
vn -0.264257997 0.496995807 0.826536655
vn -0.79591918 0.601708412 0.0667808503
vn -0.37248072 -0.244857013 0.89515543
vn -0 0 1
vn -0.911127925 -0.406832039 0.0658299252
vn -0.404518068 -0.276438773 0.871749222
vn -0.220549777 0.20594807 0.953385115
vn -0.498237252 0.864928424 0.0604849234
vn -0.291886538 0.124133945 0.948363304
vn -0.343805343 0.0182539579 0.938863575
vn -0.368174374 -0.112287715 0.922951281
vn -0.741690636 0.668461978 0.0552593693
vn -0.925588965 0.374475062 0.0552593023
vn -0.499396354 0.866373599 0
vn -0.469471067 0.882947862 0
vn -0.743143976 0.669131458 0
vn -0.927183688 0.374607027 0
vn -0.999390841 0.0348991454 0
vn -0.997847199 0.0353204943 0.0552594066
vn -0.95105648 -0.309017092 0
vn -0.949750006 -0.30809322 0.0552593395
vn -0.78801018 -0.615662217 0
vn -0.352166921 -0.265001386 0.897637308
vn -0.787098467 -0.614347219 0.0552593693
vn -0.529512107 -0.846500635 0.0552593768
vn -0.529918969 -0.84804821 0
vn -0.278697491 -0.42851159 0.859479785
vn -0.208057448 -0.976554394 0.0552591309
vn -0.207910582 -0.978147745 0
vn -0.133060262 -0.574561179 0.80757314
vn 0.138490811 -0.988820791 0.0552594736
vn 0.13917385 -0.990268052 0
vn 0.0801746175 -0.656656742 0.749915957
vn 0.438289553 -0.896730423 0.0614558309
vn 0.438998312 -0.898487985 0
vn 0.46947211 -0.882947326 0
vn -0.848468959 -0.529245198 0
vn -0.855972886 -0.517020583 0
vn -0.832941413 -0.553361237 0
vn -0.798243105 -0.602335513 0
vn -0.796918333 -0.601702094 0.0536251105
vn -0.617252946 -0.784738421 0.0564316474
vn -0.618500412 -0.785784543 0
vn -0.387968749 -0.301745862 0.870878637
vn -0.139409646 -0.181911826 0.973382235
vn -0 0 1
vn -0.368121237 -0.928063691 0.0564314984
vn -0.369019061 -0.929421902 0
vn -0.131557539 -0.344275385 0.929605842
vn -0.0884794295 -0.994478106 0.0564314537
vn -0.0889531597 -0.996035755 0
vn -0.030051697 -0.394016862 0.918611705
vn 0.198494941 -0.978476048 0.0564313941
vn 0.1984846 -0.98010397 0
vn 0.457098991 -0.888998568 0.027243875
vn 0.461466312 -0.887157738 0
vn 0.0903101563 -0.418044925 0.903926134
vn 0.222536564 -0.440826625 0.869568467
vn 0.469471246 -0.882947803 0
vn 0.482173651 -0.87503773 0.0426333323
vn 0.469471514 -0.882947624 0
vn 0.500336707 -0.865830898 0
vn 0.469471633 -0.882947505 0
vn 0.46947062 -0.882948101 0
vn 0.278228462 -0.878142774 0.389171243
vn 0.365035027 -0.904938698 0.218713179
vn 0.705864131 -0.707432985 0.0359780304
vn 0.706479251 -0.70773381 0
vn 0.521006703 -0.79558146 0.309195906
vn 0.511470675 -0.706029713 0.48981601
vn 0.152967229 -0.281666219 0.947240889
vn -0 0 1
vn -0 0 1
vn -0.0890224576 0.167427018 0.981857002
vn 0.468625754 -0.482319713 0.740106404
vn 0.881437778 -0.470927864 0.0359780416
vn 0.882113755 -0.471036315 0
vn 0.366874039 -0.202323243 0.908002675
vn 0.980438113 -0.193511426 0.0359779783
vn 0.981116414 -0.193418115 0
vn 0.601459622 -0.127039075 0.788737953
vn 0.994264662 0.100714467 0.0359779708
vn 0.99488622 0.101001509 0
vn 0.394196004 0.159040779 0.905160546
vn 0.669909894 0.0588732064 0.740104437
vn 0.921719015 0.386186004 0.0359780341
vn 0.922230005 0.386641771 0
vn 0.290491909 0.204595253 0.934748709
vn 0.831729114 0.553586185 0.0420591049
vn 0.829816163 0.558033943 -0.00183726405
vn 0.77917254 0.626808822 0.000948457106
vn 0.775372207 0.628060818 0.0658590049
vn 0.260006458 0.208857849 0.942748666
vn 0.0544891432 0.0423495471 0.997615933
vn 0.783095121 0.618452728 0.0654088482
vn -0.133750126 0.43071121 0.892523766
vn -0.467457533 0.879159153 0.0925341472
vn -0.459740907 0.885277212 0.0701617673
vn -0.469471842 0.882947445 0
vn -0.456462294 0.889742672 -6.54341566E-05
vn -0.263733149 0.963261187 0.0507219769
vn -0.206245378 0.978500009 -0.000795138883
vn -0.0884707496 0.994581521 0.0545931049
vn 0.0735415965 0.997291625 -0.000962817867
vn 0.758811235 0.648725271 0.0579751506
vn 0.634894133 0.770556033 0.0561510511
vn 0.0772898495 0.995777011 0.049542319
vn 0.282931775 0.955095112 0.0879944116
vn 0.345138669 0.938551188 -0.000944255153
vn 0.433261782 0.900059998 0.0466494486
vn 0.592059672 0.805893779 -0.000790606777
vn 0.816650212 0.577129185 0.00208498328
vn 0.807950079 0.589231312 0.00479901489
vn 0.845428824 0.534029782 0.00788842887
vn 0.854103565 0.51990056 0.014505039
vn 0.7872594 0.61650914 -0.0117918123
vn 0.807421029 0.589968264 -0.00295592798
vn 0.817653894 0.575710118 0
vn 0.482343256 -0.875982285 -0.00010487761
vn 0.469471633 -0.882947505 0
vn 0.467457384 -0.879159272 0.0925343186
vn 0.471025944 -0.879207373 0.071616292
vn 0.282381356 -0.352168947 0.892321587
vn 0.0890224725 -0.167426959 0.981857121
vn 0.573423386 -0.817453086 0.0543692112
vn 0.696320236 -0.717730701 -0.000892963319
vn 0.712840259 -0.699950516 0.0439080112
vn 0.827336609 -0.559644938 0.0480810925
vn 0.867818713 -0.496880203 -0.000870152202
vn 0.931856036 -0.352201015 0.0871708989
vn 0.971093178 -0.238698661 -0.000944042171
vn 0.988460064 -0.144119829 0.0466494039
vn 0.999191582 0.0401940271 -0.00079048617
vn 0.993848264 0.0954601243 0.0561507866
vn 0.955355704 0.295456529 0.000948532717
vn 0.0655790791 0.0214920416 0.997615933
vn 0.962139189 0.266321152 0.0579752997
vn -0.149237245 0.287898421 0.945961177
vn -0 0 1
vn -0 0 1
vn -0.455769777 0.889063179 0.0429026112
vn -0.191337436 0.980864704 0.0359781086
vn 0.31854412 0.0987611189 0.942749083
vn 0.950622976 0.303376943 0.06540858
vn 0.954268098 0.291607887 0.0658586025
vn 0.316834658 0.118319646 0.941071808
vn 0.924149632 0.379921585 0.0400875732
vn -0.299218148 0.818249285 0.490852982
vn -0.367795557 0.876307726 0.311144978
vn 0.355401576 0.226241052 0.906920493
vn 0.926658928 0.375898749 -0.0018370843
vn 0.940294385 0.340328336 0.00479931338
vn 0.935126126 0.354308754 0.00208545034
vn 0.91548878 0.402266145 0.00788764097
vn 0.908626616 0.417357504 0.0145036364
vn 0.951339126 0.307920039 -0.011791883
vn 0.940610051 0.339476019 -0.00295659085
vn 0.934510291 0.355936259 0
vn 0.836245596 0.548355043 0
vn 0.835826337 0.547813773 0.035978049
vn 0.640066266 0.768319666 0
vn 0.311806321 0.364165932 0.877587616
vn 0.63982296 0.767679751 0.0359780528
vn 0.388280809 0.921541095 0
vn 0.218929321 0.5005849 0.837546885
vn 0.388234675 0.920858026 0.0359780267
vn 0.102763698 0.994705856 0
vn 0.0714285746 0.610563934 0.788739324
vn 0.102918647 0.994038939 0.0359780528
vn -0.191680014 0.981457412 0
vn -0.119973481 0.661702275 0.740105689
vn -0.438021839 0.898964286 0
vn -0.469471306 0.882947683 0
vn -0.469471067 0.882947862 0
vn -0.469471633 0.882947505 0
vn -0.469471842 0.882947445 0
vn -0.477438748 0.87866503 0
vn -0.481405616 0.876073241 0.0272844508
vn -0.546016872 0.809152365 0.217112988
vn -0.572708845 0.722102165 0.388037443
vn -0.700196564 0.711716413 0.0564313121
vn -0.701553524 0.712616682 0
vn -0.241022378 0.430998474 0.86956805
vn -0 0 1
vn -0.296073288 0.308636785 0.903927028
vn -0.873937249 0.482751787 0.0564313792
vn -0.875493348 0.483230144 0
vn -0.343460739 0.195417285 0.918611348
vn -0.975250125 0.213781625 0.0564314574
vn -0.976878166 0.213796839 0
vn -0.358982295 0.0834501684 0.929606259
vn -0.228769019 -0.0138518568 0.973382115
vn -0 0 1
vn -0.995741248 -0.0729040578 0.0564316064
vn -0.997305751 -0.0733564124 0
vn -0.467108071 -0.152906314 0.870878756
vn -0.94446522 -0.324206412 0.0536249243
vn -0.945731044 -0.324950486 0
vn -0.4553819 -0.180777952 0.871749103
vn -0.923297644 -0.380572408 0.0518273339
vn -0.924532115 -0.381104201 0
vn -0.411283404 -0.171877563 0.895155787
vn -0.913221478 -0.407463521 0
vn -0.90728426 -0.420517802 0
vn -0 0 1
vn -0 0 1
vn -0 0 1
vn -0 0 1
vn -0 0 1
vn -0 0 1
vn -0 0 1
vn -0 0 1
vn -0.00900479592 0.128774434 0.991633058
vn -0 0 1
vn -0.0152607244 0.218238756 0.975776017
vn -0.0640149638 0.915460169 0.397284299
vn -0.0697561875 0.997564077 0
vn 0.147923172 0.0550592728 0.987465024
vn -0.0656898469 0.939393163 0.336489797
vn -0.069757618 0.997563958 0
vn 0.224073559 -0.11374373 0.967911899
vn 0.956810892 -0.279219717 0.0809278265
vn 0.191217467 -0.145898879 0.970643878
vn -0.25809595 0.207410768 0.943592727
vn -0.709320664 0.691359699 0.13742581
vn -0.271926969 0.265112907 0.925078809
vn 0.742709339 -0.636036992 0.209379539
vn 0.799902797 -0.581173718 0.149641812
vn 0.774435282 -0.632461667 0.0155612994
vn 0.842468441 -0.538392246 0.019512035
vn 0.886922538 -0.43942219 0.142396465
vn 0.941010714 -0.337868869 0.0185310915
vn 0.973736584 -0.227380127 0.0116350772
vn 0.976644993 -0.214838132 0.00302264886
vn 0.970429838 -0.160399139 0.180383265
vn 0.974485517 -0.212313518 0.0728070661
vn 0.964995801 -0.262234896 0.00398675259
vn 0.966823816 -0.252627224 0.0378329717
vn 0.285991192 0.156344593 0.945391715
vn 0.870773435 0.462998509 0.165487245
vn 0.861795664 0.485794187 0.145987466
vn 0.882947505 0.469471633 0
vn 0.872105479 0.489318013 0
vn 0.70748049 0.70673281 -0.000336833909
vn 0.398474753 0.394692779 0.827910364
vn 0.688823044 0.711847484 0.137098715
vn 0.469944149 0.882695615 -0.000971974689
vn 0.274762869 0.532983959 0.800270855
vn 0.435060591 0.889825165 0.137598664
vn 0.191340953 0.981522441 -0.00152189401
vn 0.102870099 0.63017571 0.769607842
vn 0.138745114 0.980662227 0.138027191
vn -0.103986368 0.994576693 -0.00198716717
vn -0.102128632 0.665172577 0.739672303
vn -0.171122849 0.975482941 0.138383225
vn -0.389502198 0.92102176 -0.00262618531
vn -0.401554316 0.551434398 0.731214225
vn -0.246979073 0.656909287 0.712370396
vn -0.355611473 0.92368114 0.142665923
vn -0.524402797 0.840877235 0.133892477
vn -0.581086814 0.800815523 0.145026445
vn -0.374855042 0.598319292 0.70816499
vn -0.13916567 0.989438593 -0.0405488163
vn -0.139065832 0.989102364 -0.0483446792
vn -0.138951689 0.989157796 -0.0475306809
vn -0.138958663 0.989526868 -0.039079085
vn -0.139252603 0.989827037 -0.0291731711
vn -0.138983309 0.989913225 -0.0274848472
vn -0.139236704 0.990057409 -0.0199899599
vn -0.138872772 0.99020642 -0.014340044
vn -0.139165208 0.990227699 -0.00906136911
vn -0.141426653 0.989917696 0.00783564523
vn -0.136414886 0.990613461 0.00871801283
vn -0.143798009 0.937083423 -0.318114161
vn -0.15960525 0.906464875 -0.390957385
vn -0.114050165 0.915330946 -0.386214823
vn -0.0964309946 0.915343225 -0.390957624
vn -0.0932628959 0.582687378 -0.80732733
vn -0.10342326 0.573585689 -0.812590301
vn -0.0709615946 0.585824788 -0.807325065
vn -0.0586847663 0.579873204 -0.812590301
vn -0.0273385234 0.234958902 -0.971620739
vn -0.0232737102 0.253279775 -0.967113018
vn -0 0 -1
vn -0 0 -1
vn -0 0 -1
vn -0 0 -1
vn -0 0 -1
vn -0.0388771072 0.235776484 -0.971029341
vn -0.0474406742 0.249883458 -0.967113018
vn -0 0 -1
vn -0 0 -1
vn -0 0 -1
vn -0 0 -1
vn -0 0 -1
vn -0.469181359 0.88217032 -0.0405504629
vn -0.468976527 0.881885171 -0.0483697057
vn -0.468884677 0.881979942 -0.0475233197
vn -0.469017208 0.882323921 -0.039082326
vn -0.469396293 0.882505476 -0.0291745551
vn -0.46917218 0.882678926 -0.0274824556
vn -0.469459683 0.882727623 -0.0199910831
vn -0.469168186 0.882992387 -0.0143372118
vn -0.469450474 0.882912278 -0.00905880332
vn -0.471469641 0.881847501 0.00783686992
vn -0.466997743 0.884215474 0.00871937629
vn -0.455627739 0.831388295 -0.318114579
vn -0.460011601 0.797208428 -0.390957981
vn -0.420232415 0.821122646 -0.38621524
vn -0.403681099 0.827159822 -0.39095813
vn -0.286928892 0.515649617 -0.807327271
vn -0.293363631 0.503621995 -0.812590063
vn -0.267045975 0.526224613 -0.807325244
vn -0.253474772 0.524830997 -0.812590241
vn -0.106050164 0.21143885 -0.971620858
vn -0.108497053 0.230044946 -0.967113018
vn -0 0 -1
vn -0 0 -1
vn -0 0 -1
vn -0 0 -1
vn -0 0 -1
vn -0.117173135 0.208260909 -0.971029222
vn -0.130045816 0.218587175 -0.967113018
vn -0 0 -1
vn -0 0 -1
vn -0 0 -1
vn -0 0 -1
vn -0 0 -1
vn -0.742462695 0.668659329 -0.040543586
vn -0.742349625 0.668325245 -0.0475216284
vn -0.742237389 0.668390274 -0.0483541898
vn -0.742649913 0.668538213 -0.0390862115
vn -0.74273473 0.668950081 -0.0291723162
vn -0.742956817 0.668774843 -0.0274828617
vn -0.742934525 0.669065654 -0.019990081
vn -0.743261874 0.668846965 -0.0143367657
vn -0.7431162 0.669101 -0.00906316843
vn -0.741594851 0.670802236 0.00783627573
vn -0.744974315 0.667036235 0.00871786196
vn -0.696467459 0.643223524 -0.318114132
vn -0.662243307 0.639207482 -0.390957415
vn -0.695068657 0.606397092 -0.386215091
vn -0.704930365 0.591798186 -0.390957743
vn -0.430918634 0.403152734 -0.807327092
vn -0.41768986 0.406487137 -0.81259048
vn -0.445989996 0.386418194 -0.807325244
vn -0.447920233 0.372913808 -0.812590182
vn -0.179502383 0.15405196 -0.971620739
vn -0.1969641 0.160927027 -0.967113018
vn -0 0 -1
vn -0 0 -1
vn -0 0 -1
vn -0 0 -1
vn -0 0 -1
vn -0.173727691 0.164075255 -0.971029341
vn -0.180633962 0.17906338 -0.967113018
vn -0 0 -1
vn -0 0 -1
vn -0 0 -1
vn -0 0 -1
vn -0 0 -1
vn -0 0 -1
vn -0.46151942 0.103405498 -0.881082892
vn -0 0 -1
vn -0.473456889 0.0107274838 -0.88075161
vn -0 0 -1
vn -0.440106124 -0.140190691 -0.886934698
vn -0 0 -1
vn -0.802904487 0.115683518 -0.584774971
vn -0.805986702 0.0545524471 -0.589414418
vn -0.91695118 0.398864597 0.010372052
vn -0.943590283 0.327643722 -0.0478236154
vn -0.362327486 -0.28647092 -0.886934698
vn -0 0 -1
vn -0.784066916 -0.095027186 -0.613358736
vn -0.778583109 -0.582540274 -0.233355999
vn -0.46393317 -0.885870099 0
vn -0.653669894 -0.669632196 -0.352573961
vn -0.46393308 -0.885870218 0
vn -0.857804179 -0.242042288 -0.45341742
vn -0.255860269 -0.398512363 -0.88075155
vn -0 0 -1
vn -0.897205532 -0.0998816341 -0.430169612
vn -0.172352001 -0.440438867 -0.881083667
vn -0 0 -1
vn -0.353073269 -0.730327547 -0.584774315
vn -0.40547803 -0.698697746 -0.589414179
vn -0.517225683 -0.596882522 -0.613358676
vn -0.410139084 -0.436765879 -0.800638199
vn -0.311325908 -0.0495512597 -0.949010432
vn -0.694325149 -0.24993068 -0.674868286
vn -0.162758723 0.0965214968 -0.981933415
vn -0.513999164 0.309365571 -0.800061107
vn -0.833750188 0.504927874 -0.223402038
vn -0.203112096 -0.696148098 -0.688566148
vn -0.732372463 -0.680544913 0.0221188255
vn -0.561779559 -0.823368073 -0.0804293081
vn -0.294642597 -0.942637146 -0.156910866
vn -0.174771264 -0.984559596 0.00987060741
vn -0.252648771 -0.966397226 -0.0473832339
vn -9.17993093E-05 -0.999486804 -0.0320331454
vn -0.235093996 -0.188584611 -0.953502297
vn -0.918323636 -0.319726497 -0.233359665
vn -0.993847787 0.110754304 0
vn -0.920677364 -0.167464808 -0.352574438
vn -0.993847787 0.11075449 0
vn -0.680340171 -0.575803578 -0.45341748
vn -0.584514678 -0.687965512 -0.430169702
vn 0.375766039 -0.706712902 -0.599463701
vn 0.469471633 -0.882947505 0
vn 0.469471514 -0.882947624 0
vn 0.0298751015 0.0768890232 -0.996592045
vn -0.28780672 -0.0894461274 -0.953502297
vn -0.690711856 0.220892072 -0.688566446
vn -0.973734736 -0.226609305 0.0221122708
vn -0.996746063 -0.00531482231 -0.0804300308
vn -0.946242929 0.282846093 -0.156915262
vn -0.375765562 0.706712246 -0.599464834
vn -0.469471812 0.882947445 0
vn -0.469471484 0.882947624 0
vn -0.815877318 0.575909257 -0.0516996868
vn -0.740357757 0.672139585 -0.00993761793
vn -0.412595689 0.14396809 -0.899465442
vn -0.20866178 0.369839579 -0.905361235
vn -0.607271016 -0.0654936433 -0.791790724
vn -0.770795286 -0.236610338 -0.591515124
vn -0.881058276 -0.349569976 -0.318648875
vn -0.915945888 -0.400549382 -0.0245598592
vn -0.131074145 -0.146317825 -0.98051548
vn -0.344540328 -0.383877486 -0.856697261
vn -0.517443538 -0.575820804 -0.63299495
vn -0.629966557 -0.700125456 -0.336104631
vn 0.0987865701 0.108836956 -0.989138901
vn -0.668924212 -0.742917061 -0.0247929078
vn -0.669129968 -0.743145466 0
vn -0.0184773803 0.588061869 -0.808604896
vn 0.316893935 0.350398928 -0.881361902
vn -0.907726288 -0.381550729 -0.174505487
vn -0.669131279 -0.743144214 0
vn -0.810430706 0.581558883 0.0706486404
vn 0.139313102 0.773639917 -0.618120611
vn 0.49706918 0.550493717 -0.670730174
vn -0.837915242 0.545594215 0.0150003601
vn 0.238116279 0.876506925 -0.418373376
vn 0.598743379 0.663123965 -0.44919163
vn -0.827455163 0.561248183 0.0178432129
vn 0.298487902 0.936648488 -0.183288589
vn 0.656451464 0.728663027 -0.195247665
vn 0.305602133 0.952123106 -0.00831038412
vn 0.669104457 0.743117273 -0.00872003473
vn 0.669130087 0.743145406 0
vn -0.79300046 0.607683361 0.0432566516
vn 0.28457883 0.942636192 -0.174504653
vn 0.669130623 0.74314487 0
vn -0.761856854 0.525123715 -0.37923497
vn -0.63395977 0.66972965 -0.386726022
vn 0.404074609 0.843236625 -0.354507715
vn -0.494822174 0.339839458 -0.799787581
vn -0.542503953 0.601657867 -0.586256981
vn 0.524818838 0.746773481 -0.408527315
vn 0.66913116 0.743144333 0
vn -0.134708926 0.317328334 -0.938699245
vn -0.115910023 0.332650989 -0.935899675
vn -0.215940222 0.144373074 -0.965673983
vn 0.158821791 0.179476634 -0.970857203
vn 0.118516557 0.146528453 -0.982080996
vn 0.580418646 0.716410637 -0.387130469
vn 0.63126421 0.77556777 0
vn 0.374608338 0.927183151 0
vn 0.014587489 0.0370729342 -0.999206126
vn 0.339323223 0.852033138 -0.398621708
vn 0.0348983444 0.999390841 0
vn 0.00281880796 0.0807216987 -0.996732712
vn 0.0321958549 0.922001064 -0.385846496
vn -0.309017628 0.951056361 0
vn -0.279060185 0.873627841 -0.398622394
vn -0.615660071 0.788011789 0
vn -0.00785377156 0.0249414165 -0.999657989
vn -0.561026812 0.725497961 -0.398624808
vn -0.848048449 0.529918551 0
vn -0.773304403 0.483212978 -0.410494357
vn -0.978147686 0.207911462 0
vn -0.0758521035 0.0989285037 -0.992199361
vn -0.898011386 0.186212048 -0.398623377
vn -0.990268171 -0.139172286 0
vn -0.913583755 -0.128394887 -0.385849029
vn -0.882948458 -0.469469965 0
vn -0.811897576 -0.426523119 -0.39862287
vn -0.705333352 -0.708875716 0
vn -0.131234482 0.0266491883 -0.990993083
vn -0.0994574577 0.0621476993 -0.993099153
vn -0.651815236 -0.652124524 -0.387131065
vn -0.669130206 -0.743145168 0
vn -0.528571308 0.0846987888 -0.844652832
vn -0.0869884938 -0.086888507 -0.992412865
vn -0.687823296 -0.599996984 -0.408537477
vn -0.528610587 -0.0889556184 -0.844190598
vn -0.480654329 -0.255568504 -0.838842094
vn -0.951019049 0.0556280948 -0.30408603
vn -0.998134971 0.0610452332 0
vn -0.980358243 0.197225168 0
vn -0.977230847 -0.212179035 0
vn -0.930162191 -0.205227062 -0.304434329
vn -0.882947624 -0.469471633 0
vn -0.841107249 -0.447224647 -0.30418542
vn -0.722365201 -0.69151175 0
vn -0.690281093 -0.656377614 -0.304434448
vn -0.50754112 -0.861627519 0
vn -0.485685229 -0.819537342 -0.304086268
vn -0.384701461 -0.923041165 0
vn -0.369342834 -0.388494551 -0.844190657
vn -0.225354776 -0.485568404 -0.844652951
vn -0.21517159 -0.230391949 -0.949010372
vn -0.591441929 -0.0957847089 -0.800638318
vn -0.595463991 -0.435863465 -0.674867272
vn -0.0109919412 -0.1889074 -0.981933415
vn -0.0309503805 -0.599119782 -0.800060987
vn -0.0476235785 -0.973562419 -0.223401174
vn 0.178504542 0.172728449 -0.968659401
vn 0.117030881 0.217304483 -0.969062686
vn 0.226851285 0.120618917 -0.966431379
vn 0.669689 0.741195321 -0.0463254899
vn 0.374230653 0.92636025 -0.0425225087
vn 0.471092463 0.880663157 0.0500433221
vn 0.214328051 0.976570189 0.0193443466
vn 0.126747966 0.983706832 0.127498329
vn 0.107057862 0.289739817 0.951099038
vn -0 0 1
vn -0.184201822 -0.426605076 0.885481656
vn -0.619664133 0.773059905 0.135627344
vn -0.203796417 -0.33972162 0.918181002
vn -0.403491646 -0.843932569 0.353514373
vn -0.516122401 -0.811900198 0.272829086
vn -0.531895578 -0.846809983 0
vn -0.444053113 -0.896000445 0
vn -0.690570652 -0.723265052 0
vn -0.664102674 -0.700556993 0.261127293
vn -0.759794891 -0.650162816 0
vn -0.497691751 0.443482876 0.745403111
vn -0.54485029 0.823395848 0.15861094
vn -0.800777495 0.598961949 0
vn -0.80077666 0.598963082 0
vn -0.780990303 0.62454325 0
vn -0.469471246 0.882947803 0
vn -0.469471514 0.882947624 0
vn -0.461205542 0.885079563 0.0626378134
vn -0.258838654 0.394897521 0.881509304
vn 0.0476035401 0.369915515 0.927845061
vn -0.292000592 0.549173474 0.783035338
vn 0.0678277314 -0.189711764 0.979494095
vn 0.0444883369 0.371337861 0.927431345
vn 0.612358391 -0.0353488363 0.789789617
vn -0 0 1
vn -0 0 1
vn 0.184909239 -0.403851032 0.89594245
vn 0.293943137 -0.644086719 0.706222177
vn 0.0705471486 0.983299196 0.167767078
vn 0.0389003828 0.994067788 0.101567857
vn 0.306161761 -0.94124943 0.142528713
vn 0.0548647717 -0.312596023 0.948300362
vn 0.423316628 -0.901931047 0.0855765417
vn 0.359446704 -0.605095625 0.710392356
vn 0.845166147 -0.45014742 0.288203955
vn 0.12977086 -0.980000794 0.150857076
vn 0.156431928 -0.395784289 0.904922009
vn 0.249802992 -0.968275785 -0.00635804795
vn 0.311771929 -0.93600595 0.16337432
vn 0.497713953 -0.867313921 0.0068793674
vn 0.0865623206 -0.996243 -0.00262713083
vn 0.219022468 -0.975719869 0
vn 0.356146067 -0.934430301 0
vn 0.534520864 -0.84447366 0.0339355879
vn 0.292212367 -0.893939257 0.33983022
vn 0.460044205 -0.8878932 0.00223969435
vn 0.469472229 -0.882947266 0
vn 0.46947217 -0.882947326 0
vn 0.343672961 -0.939021945 0.0112603642
vn -0.150231689 -0.911169171 0.383668035
vn -0.164126948 -0.986439228 9.67100641E-05
vn -0.125003129 -0.992156386 0
vn 0.101206489 -0.296708882 0.949589908
vn -0.0704943687 -0.347753704 0.934931993
vn -0.0541241281 -0.337523699 0.939759672
vn 0.491620749 -0.173029304 0.853445828
vn -0.0933344886 -0.915195704 0.392052859
vn -0.0767032281 -0.997053981 8.74952602E-05
vn 0.946610749 -0.235344902 0.220320076
vn -0.0642011836 -0.997936964 0
vn 0.981161714 -0.109340779 0.159267992
vn 0.992297471 -0.110581703 0.0558347628
vn 0.993794918 -0.110748515 0.0103230635
vn 0.970241964 -0.108123846 0.216656134
vn 0.836328506 -0.525794983 0.155223697
vn 0.850563347 -0.523937821 0.0450664274
vn 0.816629589 -0.577161968 0
vn 0.829037547 -0.559192955 0
vn -0.0198355876 -0.999803245 2.53775452E-05
vn -0.0259954389 -0.999662042 0.000101113175
vn -0.0287315827 -0.999587119 0.000143525627
vn -0.0228876919 -0.999738038 0
vn 0.993847787 -0.110754319 0
vn 0.993847787 -0.110754296 0
vn 0.993847787 -0.110754304 0
vn 0.993847787 -0.110754602 0
vn 0.993847907 -0.110753708 0
vn 0.993847787 -0.110754423 0
vn 0.963493705 -0.107371785 0.245257333
vn 0.993847787 -0.110754937 0
vn 0.429617524 -0.0478765629 0.901740909
vn 0.109718516 0.0316086821 0.99345994
vn -0 0 1
vn -0.126238078 0.0348241851 0.9913885
vn -0.0479512326 -0.413581371 0.909203589
vn -0 0 1
vn -0.388360888 0.0432789028 0.920490444
vn -0.96054405 0.107043013 0.256704181
vn -0.974999249 0.108653717 0.193831697
vn -0.993847787 0.110754132 0
vn -0.993847787 0.110754758 0
vn -0.993847907 0.110754102 0
vn -0.993847787 0.11075414 0
vn -0.993847787 0.110754155 0
vn -0.993848026 0.110753015 0
vn -0.00268969708 0.176123738 0.984364331
vn 0.0217436738 0.973820984 0.226274192
vn 0.0217898898 0.0972802117 0.995018482
vn 0.215362057 0.948812962 0.231026471
vn 0.0924057513 -0.516533911 0.851266026
vn 0.0688931867 0.256914705 0.96397537
vn 0.234564036 0.956820488 0.171680361
vn 0.25063628 0.968071401 0.00436910754
vn 0.257477462 0.958765984 0.120304212
vn 0.293594509 0.955928802 0.00156217127
vn 0.352232456 0.93548435 0.0283059403
vn 0.380179465 0.924500942 -0.0275953598
vn 0.378437519 0.925551176 -0.0118336491
vn 0.368023872 0.929811418 0.00302260439
vn 0.409679949 0.894217491 0.180381134
vn 0.368909806 0.926609218 0.0728076845
vn 0.322216243 0.946657658 0.00398693327
vn 0.331203908 0.942800403 0.0378345735
vn 0.346155345 -0.111997493 0.931468189
vn 0.172394365 -0.134689108 0.975776136
vn 0.74206084 -0.579759061 0.336489677
vn 0.788012028 -0.615659833 0
vn 0.101723455 -0.0794750452 0.991633058
vn -0 0 1
vn -0 0 1
vn -0 0 1
vn 0.723154724 -0.564988911 0.39728421
vn 0.788011611 -0.615660489 0
vn -0 0 1
vn -0 0 1
vn -0 0 1
vn -0 0 1
vn -0.130889654 -0.985531867 0.107679263
vn -0.345199764 -0.937913179 0.0339985564
vn 0.0905099511 -0.989398003 0.113576598
vn 0.0324746668 -0.387868494 0.921142519
vn 0.00992778037 -0.999570906 -0.0275578145
vn -0.261845052 -0.964784563 -0.0250582621
vn 0.181354821 -0.983208716 -0.0202751514
vn 0.195284754 -0.972012043 0.130600005
vn 0.502682745 -0.864469171 -0.00175961177
vn -0.178093612 -0.983837962 -0.0185894035
vn 0.024410069 -0.999702036 0
vn 0.463120997 -0.886295021 0
vn 0.463120997 -0.886295021 0
vn 0.194379553 -0.980926394 0
vn 0.194379538 -0.980926394 0
vn -0.0972884148 -0.995256245 0
vn -0.0972884297 -0.995256245 0
vn -0.380660236 -0.924714923 0
vn -0.380660236 -0.924714923 0
vn -0.611124933 -0.791534126 0
vn -0.611124873 -0.791534185 0
vn -0.654939175 -0.755681574 0
vn -0.654939175 -0.755681574 0
vn -0.677695572 -0.735342562 0
vn -0.677695632 -0.735342443 0
vn -0.688838482 -0.724914789 0
vn -0.688838482 -0.724914789 0
vn -0 0 1
vn -0 0 1
vn -0 0 1
vn -0 0 1
vn -0 0 1
vn -0 0 1
vn -0 0 1
vn -0 0 1
vn -0 0 1
vn -0 0 1
vn -0 0 1
vn -0 0 1
vn -0 0 -1
vn -0 0 -1
vn -0 0 -1
vn -0 0 -1
vn -0 0 -1
vn -0 0 -1
vn -0 0 -1
vn -0 0 -1
vn -0 0 -1
vn -0 0 -1
vn -0 0 -1
vn -0 0 -1
vn -0 0 -1
vn -0 0 -1
vn -0 0 -1
vn -0.353219062 0.452215254 0.81898576
vn -0.504460037 0.627929628 0.59264189
vn -0.633286357 0.773917556 0
vn -0.364414006 0.928560793 0.0705504417
vn -0.475892276 0.867008746 0.147723854
vn -0.200165063 0.843637228 0.498207003
vn -0.0515694879 0.99842608 0.0220440682
vn -0.181455776 0.933673978 0.308750242
vn 0.0905088931 0.914934099 0.393323839
vn 0.109075293 0.876016498 0.469784617
vn 0.2707735 0.960873783 0.0583363809
vn 0.389715105 0.89263016 0.226568982
vn 0.386665106 0.762310147 0.519011796
vn 0.576836407 0.810879707 0.0986608788
vn 0.654353201 0.752105892 0.0784768909
vn 0.61187923 0.576061964 0.541993022
vn 0.769806683 0.623808026 0.135134026
vn 0.788857698 0.614575922 0
vn -0 0 -1
vn -0 0 -1
vn -0 0 -1
vn -0 0 -1
vn -0 0 -1
vn -0 0 -1
vn -0 0 -1
vn -0 0 -1
vn -0 0 -1
vn -0 0 -1
vn -0 0 -1
vn -0 0 -1
vn -0 0 -1
vn -0 0 -1
vn -0 0 -1
vn -0 0 -1
vn -0 0 -1
vn -0 0 -1
vn -0 0 -1
vn -0 0 -1
vn -0 0 -1
vn -0 0 -1
vn -0 0 -1
vn -0 0 -1
vn -0 0 -1
vn -0 0 -1
vn -0 0 -1
vn -0 0 -1
vn -0 0 -1
vn -0 0 -1
vn -0 0 -1
vn -0 0 -1
vn -0 0 -1
vn -0 0 -1
vn -0 0 -1
vn 0.964230299 0.265065849 0
vn 0.763836145 0.209977463 -0.610298157
vn 0.964230299 0.265065849 0
vn 0.855071425 0.235058203 -0.46216926
vn 0.493446887 0.193785623 -0.847913444
vn 0.0243917368 0.051706098 -0.998364389
vn -0.0260478556 0.1192775 -0.992519259
vn -0.308774799 0.769107401 -0.559582055
vn -0.41941005 0.786806226 -0.452803522
vn -0.470396221 0.88245523 0
vn -0.364228457 0.931309581 0
vn -0.0840370208 0.819172084 -0.567357838
vn -0.105146572 0.994456649 0
vn -0.00174645707 0.111704558 -0.993739963
vn 0.104044624 0.817207396 -0.566874564
vn 0.124469064 0.992223561 0
vn 0.0103649525 0.0661618933 -0.99775511
vn 0.274915546 0.774122417 -0.570224464
vn 0.339608848 0.940566719 0
vn 0.434564143 0.696222305 -0.57133919
vn 0.535841882 0.84431833 0
vn 0.705333233 0.708875895 0
vn 0.0333842188 0.0855117515 -0.995777607
vn 0.584388793 0.582804978 -0.564648688
vn 0.874248087 0.485479355 0
vn -0 0 -1
vn 0.0141346594 0.0215315316 -0.999668241
vn 0.712296486 0.396650136 -0.579052985
vn 0.984063029 0.177820131 0
vn -0.275650918 0.279776275 -0.91964227
vn -0 0 -1
vn 0.00671519805 0.0064386311 -0.999956727
vn -0.222323626 0.0308848415 -0.97448355
vn -0.553073227 0.534097195 -0.639414012
vn -0 0 -1
vn -0 0 -1
vn -0 0 -1
vn 0.0276667979 0.0153216049 -0.999499798
vn -0 0 -1
vn -0 0 -1
vn -0 0 -1
vn -0 0 -1
vn -0 0 -1
vn -0 0 -1
vn -0 0 -1
vn -0 0 -1
vn -0 0 -1
vn -0 0 -1
vn -0 0 -1
vn -0 0 -1
vn 0.222518027 0.0391487703 -0.974142253
vn 0.807622194 0.139076039 -0.573065519
vn 0.186938718 -0.0185811073 -0.982195914
vn 0.823490083 -0.0803975761 -0.561605036
vn 0.995211661 -0.0977442339 0
vn 0.777636528 -0.268140674 -0.568666935
vn 0.943519175 -0.331317991 0
vn 0.192053333 -0.0702917278 -0.978864014
vn 0.691283464 -0.442998677 -0.570858359
vn 0.836223185 -0.548389196 0
vn 0.219372228 -0.146527305 -0.96457535
vn 0.610410452 -0.56358701 -0.556568682
vn 0.73541379 -0.677618325 0
vn 0.719339848 -0.694658339 0
vn -0.177246854 -0.679506898 -0.711936653
vn 0.109982058 -0.102369443 -0.988647759
vn -0 0 -1
vn -0.0143481083 -0.0579218306 -0.998218
vn 0.0150035089 0.00151011546 -0.999886274
vn 0.0248927251 0.0265712142 -0.999336898
vn -0 0 -1
vn -0.629835904 -0.346832901 -0.694991827
vn -0.694658577 -0.719339669 0
vn -0.694658637 -0.719339609 0
vn 0.000690407353 -0.0302053224 -0.999543488
vn -0 0 -1
vn -0 0 -1
vn -0.0994283631 -0.0504371189 -0.993765593
vn 0.0189430695 0.132588729 -0.990990043
vn 0.160803542 0.685448468 -0.710142612
vn -0.71933943 0.694658756 0
vn -0.719339371 0.694658697 0
vn -0.227946758 0.20942013 -0.950885713
vn -0 0 -1
vn -0.424499989 0.39989537 -0.812332153
vn -0.332522511 0.305891752 -0.892109275
vn -0.323660493 0.305179268 -0.895605683
vn 0.325447619 -0.30003497 -0.896695495
vn -0.131836817 0.109778725 -0.985173881
vn -0.105462573 0.0413848497 -0.993561745
vn -0.0422505364 -0.0241733957 -0.998814583
vn -0.568894148 0.433795422 -0.698699534
vn -0.484287858 0.18308948 -0.855536938
vn -0.420702457 0.164775312 -0.892109096
vn -0.355508 0.351922005 -0.865889728
vn 0.326868415 -0.308451444 -0.893316686
vn -0.416176349 0.157122478 -0.895605862
vn 0.412337214 -0.160983592 -0.896695197
vn 0.420523614 -0.158571228 -0.893316984
vn -0.419806451 0.147150248 -0.895605683
vn 0.71556133 -0.668386996 -0.203053698
vn 0.695311368 -0.679570258 -0.233936891
vn 0.319670796 -0.315904319 -0.893316865
vn 0.311211377 -0.314778268 -0.896695137
vn -0.31628871 0.312812448 -0.895605862
vn -0.317310542 0.32164371 -0.892109454
vn -0.379517466 -0.0735132918 -0.922259331
vn 0.253927648 0.4634386 -0.848967254
vn -0.774027765 0.0722267181 -0.629018486
vn 0.311651379 0.752720773 -0.579900742
vn 0.694659114 0.719339073 0
vn 0.694659173 0.719338953 0
vn -0.837596059 -0.0355887823 -0.545129716
vn -0.71934098 0.694657087 0
vn -0.999784768 -0.0207468644 0
vn -0.995674551 0.0929093659 0
vn -0.719339848 0.694658339 0
vn 0.694658458 0.719339728 0
vn 0.6658867 0.689545751 -0.28481856
vn 0.694658399 0.719339728 0
vn 0.671046913 0.694889903 -0.258503407
vn 0.621320903 0.643396854 -0.447214574
vn 0.621320903 0.643398643 -0.447211862
vn -0.939692557 0.342020512 0
vn -0.939692557 0.342020482 0
vn -0.601488709 -0.346808493 -0.719677091
vn -0.00592153799 -0.711625338 -0.702534258
vn -0.342019975 -0.939692616 0
vn -0.342019975 -0.939692616 0
vn -0 0 -1
vn -0 0 -1
vn -0 0 -1
vn -0 0 -1
vn -0.352648884 0.118505068 -0.928221643
vn -0.503417492 0.176199794 -0.845886707
vn -0.428191781 0.144196898 -0.892109275
vn 0.419346899 -0.141724855 -0.896695197
vn 0.424068093 -0.148835048 -0.893316567
vn 0.915598154 -0.327037066 -0.233937338
vn 0.914423764 -0.350142658 -0.203050062
vn -0 0 -1
vn -0 0 -1
vn -0 0 -1
vn -0 0 -1
vn -0 0 -1
vn -0 0 -1
vn 0.342020303 0.939692557 0
vn 0.468266755 0.556548655 -0.686279774
vn 0.342020392 0.939692557 0
vn 0.646331131 0.463028044 -0.606515586
vn 0.146743789 0.105126172 -0.983572423
vn 0.939692736 -0.342019677 0
vn 0.939692736 -0.342019677 0
vn 0.727442443 0.000492629828 -0.686168492
vn 0.342019141 0.939692974 0
vn 0.342019141 0.939692974 0
vn 0.939692616 -0.342020094 0
vn 0.939692616 -0.342020154 0
vn 0.742462695 -0.668659329 -0.0405435152
vn 0.742349684 -0.668325305 -0.0475213677
vn 0.742237389 -0.668390274 -0.0483543761
vn 0.742650032 -0.668538094 -0.0390864052
vn 0.74273473 -0.668950081 -0.0291723181
vn 0.742956817 -0.668774843 -0.0274829045
vn 0.742934525 -0.669065654 -0.0199898984
vn 0.743261874 -0.668846965 -0.0143368859
vn 0.7431162 -0.669101 -0.009063242
vn 0.741594851 -0.670802236 0.00783624686
vn 0.744974315 -0.667036235 0.00871782657
vn 0.696467459 -0.643223524 -0.318114161
vn 0.662243247 -0.639207482 -0.390957326
vn 0.695068657 -0.606397092 -0.386215091
vn 0.704930365 -0.591798186 -0.390957773
vn 0.430918604 -0.403152764 -0.807327032
vn 0.41768986 -0.406487197 -0.81259048
vn 0.445989996 -0.386418164 -0.807325244
vn 0.447920322 -0.372913688 -0.812590182
vn 0.179502383 -0.154051974 -0.971620739
vn 0.1969641 -0.160927027 -0.967113018
vn -0 0 -1
vn -0 0 -1
vn -0 0 -1
vn -0 0 -1
vn -0 0 -1
vn 0.173727691 -0.164075255 -0.971029341
vn 0.180633962 -0.17906338 -0.967113018
vn -0 0 -1
vn -0 0 -1
vn -0 0 -1
vn -0 0 -1
vn -0 0 -1
vn 0.13916567 -0.989438593 -0.0405487902
vn 0.139065832 -0.989102364 -0.0483447574
vn 0.138951689 -0.989157796 -0.0475306213
vn 0.138958663 -0.989526868 -0.0390790813
vn 0.139252603 -0.989827037 -0.0291731618
vn 0.138983309 -0.989913225 -0.0274849553
vn 0.139236704 -0.990057409 -0.0199899524
vn 0.138872772 -0.99020642 -0.0143400878
vn 0.139165208 -0.990227699 -0.00906139985
vn 0.141426653 -0.989917696 0.00783564057
vn 0.136414915 -0.990613461 0.00871800166
vn 0.143798053 -0.937083423 -0.318114191
vn 0.15960525 -0.906464875 -0.390957415
vn 0.114050172 -0.915330946 -0.386214793
vn 0.0964309648 -0.915343225 -0.390957594
vn 0.0932627991 -0.582687378 -0.80732733
vn 0.103423126 -0.573585689 -0.812590301
vn 0.0709615648 -0.585824788 -0.807325065
vn 0.0586848333 -0.579873264 -0.812590301
vn 0.0273385197 -0.234958962 -0.971620739
vn 0.0232737102 -0.253279775 -0.967113018
vn -0 0 -1
vn -0 0 -1
vn -0 0 -1
vn -0 0 -1
vn -0 0 -1
vn 0.0388771035 -0.235776484 -0.971029341
vn 0.0474406742 -0.249883458 -0.967113018
vn -0 0 -1
vn -0 0 -1
vn -0 0 -1
vn -0 0 -1
vn -0 0 -1
vn 0.73244524 0.670750678 0.116694294
vn 0.92782706 -0.373010725 0
vn 0.925156116 -0.379586786 0
vn 0.90605402 -0.398740709 0.141675428
vn 0.904946327 -0.425525159 0.000783746131
vn 0.875380337 -0.459753424 0.149452269
vn 0.896140218 -0.443770409 0.000707175815
vn 0.873359978 -0.487075329 0
vn -0.24613741 -0.962481856 0.114214905
vn 0.869881272 -0.493261069 0
vn 0.373270065 0.438176632 0.817722917
vn 0.463431835 0.884913385 0.0464686044
vn 0.463933021 0.885870278 0
vn 0.46393317 0.885870099 0
vn 0.463933438 0.885870099 0
vn 0.407383978 0.777890384 0.478460908
vn 0.27156955 0.51855582 0.810771227
vn -0 0 1
vn -0 0 1
vn -0.169005871 -0.111246549 0.979316652
vn -0.267764986 -0.511291623 0.816628993
vn -0.451766789 -0.862639129 0.227509513
vn -0.463685393 -0.885397255 0.0326742679
vn -0.46393308 -0.885870218 0
vn -0.298113167 0.192839965 0.934848189
vn -0.14970924 0.11657688 0.981833398
vn -0 0 1
vn -0 0 1
vn -0.33798784 0.291050404 0.895016193
vn -0.820853353 0.539069891 0.188688666
vn -0.536134303 0.468158066 0.702415884
vn -0.748152554 0.655932009 0.100105211
vn -0.51456219 0.479458451 0.710876465
vn -0.19423981 0.975956976 0.0988880768
vn -0.800407708 0.58539027 0.12909542
vn -0.799294591 0.580918372 0.153824419
vn -0.741474807 0.652873635 0.154825494
vn -0.476848423 0.350120187 0.806245208
vn -0.435384184 0.387638032 0.812512934
vn -0.214899153 0.159594342 0.963508129
vn -0.516658485 0.856190681 -0.00125725172
vn -0.381969839 0.919759631 0.0902290568
vn -0.606167912 0.785115719 0.127097696
vn -0.562319994 0.82557261 0.0471810661
vn -0.53397584 0.845499635 0.000472138112
vn -0.283725023 0.958905518 0.000520183938
vn -0.0767306089 0.997051716 0.000440566771
vn 0.114067845 0.993472755 -0.000573951344
vn -0.616642535 0.787243247 5.97171893E-05
vn 0.238757223 0.959019542 0.152566463
vn -0.529721081 0.847235203 0.0398516767
vn -0.430058807 0.901448429 0.0493965112
vn -0.425949872 0.904739499 0.0036351434
vn -0.30262959 0.953108251 0
vn -0.30398494 0.952676833 -0.000104938823
vn 0.379483521 0.925198376 -0.000448879291
vn -0.469411701 0.882834792 0.0159819163
vn -0.395890146 0.917601645 0.0357523374
vn -0.388149261 0.921596467 -4.47109742E-05
vn -0.519904256 0.854224563 0.000397885829
vn -0.125485584 0.987520218 0.0951686651
vn -0.553702176 0.829674304 0.0710935071
vn -0.636316419 0.771428049 0.00054054847
vn -0.699253678 0.70801276 0.0988041759
vn -0.783697009 0.621143162 0.000483353593
vn -0.885530651 0.464580655 -0.000635990524
vn -0.109800361 0.694636643 0.710931778
vn -0.928838789 0.331947923 0.164526492
vn -0.0940546766 0.703786314 0.704158068
vn -0.978719771 0.205200568 -0.000499490008
vn -0.0291130506 0.337360978 0.940925121
vn -0.0762942582 0.598607838 0.797400653
vn -0 0 1
vn -0 0 1
vn -0 0 1
vn -0 0 1
vn -0 0 1
vn -0 0 1
vn -0.00498806918 0.349488825 0.936927319
vn -0 0 1
vn 0.00645075599 0.340652406 0.940167189
vn 0.00757789472 0.990843892 0.134800196
vn -0.0377304517 0.991696954 0.122937307
vn -0.0346433185 0.987490714 0.153824627
vn -0.126629293 0.979792833 0.154825613
vn -0.0236124024 0.591110289 0.806245148
vn -0.31192553 0.941567123 0.127097607
vn -0.0779024735 0.577714503 0.812512875
vn -0.0121702394 0.26808095 0.96331954
vn -0.179335326 0.554393232 0.812703431
vn -0.0216681808 0.149915263 0.988461375
vn -0.274520248 0.516297042 0.811218739
vn -0.0444394536 0.134703144 0.989888966
vn -0.35932979 0.458688527 0.81270355
vn -0.11216861 0.101795256 0.988461375
vn -0.0868239254 0.112167068 0.989888966
vn -0 0 1
vn -0 0 1
vn -0 0 1
vn -0 0 1
vn -0.0646330789 0.121557213 0.99047792
vn -0 0 1
vn -0 0 1
vn -0 0 1
vn -0 0 1
vn -0 0 1
vn -0 0 1
vn 0.469471812 -0.882947445 0
vn 0.469471812 -0.882947445 0
vn 0.468358934 -0.880854368 0.068815127
vn 0.681429088 -0.723434091 0.110894643
vn 0.0630884022 -0.416533232 0.906928778
vn 0.265917659 -0.247495487 0.931683302
vn 0.993366778 0.00633765897 0.114814475
vn 0.995766997 -0.0621672124 -0.0676997453
vn -0.200292543 0.00966844521 0.979688346
vn -0.985382557 0.0640419126 0.157859966
vn -0.992257595 0.101967938 0.070904389
vn -0.996024489 0.0881790891 0.0126366299
vn -0.980168998 0.000210384722 0.198163003
vn -0.175927535 0.00125615392 0.984402299
vn 0.181367233 -0.000628924812 0.983415246
vn -0.268631369 0.233912811 0.934410036
vn 0.205119818 0.00654884661 0.978714943
vn -0.816092312 0.576864302 0.0349413566
vn 0.99476397 0.0608843528 0.0820835605
vn -0.0443432219 0.411619008 0.910276651
vn 0.999543488 0.0287868809 0.00916409213
vn -0.469284862 0.882596731 0.0281930771
vn 0.998372257 -0.0494635589 -0.0283962712
vn -0.86978066 0.493231982 0.0142821232
vn -0.469471455 0.882947683 0
vn -0.976537585 0.213184521 0.0304447655
vn -0.946228802 0.311584234 0.0869849995
vn -0.970205605 0.159608528 0.182280332
vn -0.974529982 0.211858928 0.073533833
vn -0.872086704 0.488201708 0.0335234404
vn 0.977918923 -0.207531422 0.0246024672
vn 0.951894462 -0.0838653296 -0.294726223
vn 0.984022975 -0.177947342 0.00579873472
vn 0.981839538 -0.149870843 -0.11631798
vn 0.977023005 -0.213056833 -0.0057423166
vn 0.97786057 -0.204846218 -0.0427421331
vn -0.965037167 0.262081861 0.00402186718
vn -0.96685642 0.252477348 0.037996307
vn 0.904715896 -0.417799771 0.0832614079
vn 0.854726315 -0.517199397 -0.0441332608
vn 0.312915951 -0.303688914 0.899920285
vn 0.77218467 -0.630847335 0.0759114325
vn 0.723799706 -0.68894124 -0.038391307
vn 0.303789437 -0.157379106 0.939650834
vn 0.696632922 -0.705440342 0.130599976
vn 0.25809586 -0.20741044 0.943592906
vn 0.455456465 -0.8852036 0.0947311968
vn 0.435581923 -0.900147438 -0.00175954844
vn 0.171122774 -0.975482941 0.138383254
vn 0.103986368 -0.994576693 -0.00198716787
vn 0.290596515 -0.634015083 0.716643929
vn -0.138745263 -0.980662107 0.13802731
vn -0.191340938 -0.981522441 -0.00152189436
vn 0.272182792 -0.266962469 0.924471498
vn 0.0798211545 -0.519815922 0.850540996
vn -0.0547429584 0.0668946356 0.996257186
vn -0.191217571 0.145898983 0.970643878
vn -0.286289543 -0.15651004 0.945273995
vn -0.435060859 -0.889824986 0.137599245
vn -0.469944149 -0.882695615 -0.000971973874
vn -0.106664181 -0.653522968 0.749353468
vn -0.688823164 -0.711847067 0.137099862
vn -0.70748049 -0.70673281 -0.0003368326
vn -0.445662349 -0.441480726 0.778768182
vn -0.316474855 -0.61394763 0.72312659
vn -0.861795306 -0.485793889 0.145990327
vn -0.872105479 -0.489317954 0
vn -0.870773077 -0.46299842 0.165489361
vn -0.882947505 -0.469471723 0
vn -0.302627236 -0.160909712 0.939427972
vn -0 0 1
vn -0 0 1
vn 0.299217969 0.15909639 0.940827787
vn 0.979209304 -0.0787062272 0.186960906
vn 0.869302809 0.462216258 0.175125167
vn 0.912487805 0.408937305 0.0116720852
vn 0.882947862 0.469471067 0
vn 0.847205162 0.531265795 0.000114442635
vn 0.982377291 0.186220735 0.0160192717
vn 0.788127303 -0.615487933 0.00547522632
vn 0.685423136 -0.728144646 0.000669050729
vn 0.672219813 -0.740340412 0.00405821484
vn 0.655525982 -0.755081236 0.0117546879
vn 0.625734031 -0.779967785 0.0103571573
vn 0.830056071 0.55760932 0.00887748227
vn 0.699574411 0.712686062 0.0517127588
vn 0.712485194 0.701687276 -7.19228919E-05
vn 0.922536612 0.195282623 0.332852513
vn 0.471402973 0.875819862 0.103531435
vn 0.766282201 0.152184486 0.624220669
vn 0.942430854 -0.309930205 0.125567734
vn 0.587677896 -0.681153774 0.43665114
vn 0.901460588 -0.30920279 0.302923322
vn 0.605381787 -0.779066265 0.162998602
vn 0.57488364 0.0626555234 0.815832794
vn 0.350719512 0.1897569 0.917054057
vn 0.810177803 -0.351232231 0.469305664
vn 0.343940407 -0.0672593787 0.936579466
vn 0.173796326 0.0934660435 0.98033613
vn 0.665076017 -0.42591083 0.613411605
vn 0.165825024 -0.175696403 0.970377743
vn 0.0418450385 0.0222493708 0.998876274
vn -0 0 1
vn 0.119097166 -0.153349444 0.980968833
vn -0 0 1
vn 0.527822793 -0.839850962 0.126702324
vn 0.491535753 -0.870850146 0.00355337746
vn 0.13720116 -0.212052494 0.967579246
vn 0.0903119147 -0.169852018 0.981322527
vn -0 0 1
vn 0.469436854 -0.882882297 -0.0121601364
vn 0.0990775898 -0.23232308 0.967579305
vn 0.0605341904 -0.184487849 0.980968833
vn -0 0 1
vn 0.0458111688 -0.239030927 0.969930768
vn -0 0 1
vn -0 0 1
vn -0.0648345873 -0.0344730802 0.997300446
vn -0.173465192 -0.0915810615 0.980572701
vn 0.401113212 -0.907223642 0.126702577
vn 0.444534481 -0.89574784 -0.00498744939
vn 0.30734998 -0.937532663 0.16299893
vn 0.238089502 -0.869799197 0.432160586
vn 0.0696627125 -0.997555733 0.00543505978
vn 0.29671672 -0.954909384 0.0103573557
vn 0.259424686 -0.965691745 0.0117546339
vn 0.237869218 -0.971288741 0.00405833544
vn 0.220374659 -0.975415111 0.000669052359
vn -0.482315928 -0.855813503 0.186961129
vn 0.48487398 -0.87210077 0.0658605546
vn 0.569697022 -0.821854711 0
vn 0.436128557 -0.898266017 0.0539448708
vn 0.362778664 -0.931875288 0
vn 0.0428406969 -0.745071411 0.665607393
vn -0.187228486 -0.351825535 0.91715008
vn -0.357271135 -0.19165048 0.914126575
vn -0.100703262 -0.822372615 0.559966087
vn -0.441704005 -0.485477298 0.754459679
vn -0.203723028 -0.884617567 0.419462383
vn -0.989156723 0.095680818 0.11141938
vn -0.611509442 -0.588872194 0.528474987
vn -0.988003373 -0.144353911 0.0548755042
vn -0.997859895 -0.0653864592 -0.000359630241
vn -0.95799464 -0.286784649 0.000890582975
vn -0.244249865 -0.933925569 0.261007935
vn -0.917983115 -0.396440595 0.0119093601
vn -0.925301969 -0.37923038 0.000776212837
vn -0.885723948 -0.464212358 0
vn -0.69638598 -0.669423044 0.258687675
vn -0.254471689 -0.959707975 0.119183712
vn -0.703253865 -0.710865557 0.0102054151
vn -0.84928149 -0.52781117 0.0116721336
vn -0.882947683 -0.469471306 0
vn -0.86930275 -0.462216169 0.175125644
vn -0.0242010038 0.0533759072 0.99828124
vn -0.299217939 -0.159096584 0.940827787
vn -0 0 1
vn -0 0 1
vn 0.302626938 0.16090934 0.939428091
vn 0.289869964 0.149841547 0.945263445
vn 0.870773137 0.462998927 0.16548726
vn 0.884651542 0.442808181 0.145988211
vn 0.882947266 0.469472229 0
vn 0.893338084 0.449385285 0
vn 0.981526136 0.191327676 -0.000336662692
vn 0.975333095 0.173000276 0.137099236
vn 0.994577169 -0.103996642 -0.000971780508
vn 0.677381635 0.135028034 0.723133147
vn 0.980981708 -0.136899158 0.137598678
vn 0.920714915 -0.39023295 -0.00152205501
vn 0.600784719 -0.0708685145 0.796263337
vn 0.890591502 -0.433353513 0.138026819
vn 0.766392708 -0.64236927 -0.00198751478
vn 0.627372265 -0.288938403 0.72313112
vn 0.384269089 -0.354956776 0.85225755
vn 0.713020086 -0.687351763 0.138383225
vn 0.0691193193 -0.3749336 0.924471378
vn 0.363124669 -0.595449805 0.716644943
vn 0.479179084 -0.872590065 0.0947313905
vn -0.031192394 0.260760099 0.96489954
vn -0.147741467 0.960881591 0.234262779
vn -0.101919912 0.980481803 0.168130413
vn -0.105353236 0.994434893 0
vn -0.146385074 0.989227653 0
vn -0.0228197183 0.999739587 0
vn -0.0232463237 0.988363981 0.150320187
vn 0.0185406636 0.9998281 0
vn -0 0 1
vn -0 0 1
vn -0 0 1
vn -0 0 1
vn -0 0 1
vn -0 0 1
vn 0.00853244588 -0.122019522 0.992491066
vn 0.0151884565 -0.217205271 0.976007879
vn 0.0640149564 -0.915460169 0.397284269
vn 0.0697561875 -0.997564077 0
vn -0.147923276 -0.0550593138 0.987465024
vn 0.0656898469 -0.939393163 0.336489737
vn 0.069757618 -0.997563958 0
vn -0.224073574 0.113743708 0.967911899
vn -0.888834 0.429511815 0.159667403
vn -0.800502777 0.580197632 0.150220007
vn -0.787262976 0.615621507 0.0350316763
vn -0.742709279 0.636037052 0.209379539
vn -0 0 1
vn -0 0 1
vn -0 0 1
vn -0 0 1
vn -0 0 1
vn -0 0 1
vn -0 0 1
vn -0 0 1
vn -0.4639332 -0.885870218 0
vn -0.463931948 -0.885870874 0
vn -0.463933021 -0.885870278 0
vn -0.46390146 -0.88580966 0.0116904629
vn -0.452913791 -0.864829004 0.216655955
vn -0.0311045218 -0.987399101 0.155163094
vn -0.0412649885 -0.998131335 0.0450665057
vn -0.18029961 -0.538173795 0.823323131
vn 0.322617233 -0.157743484 0.933292687
vn 0.26458925 -0.123383194 0.956435621
vn 0.0638601407 -0.997958899 0
vn -0 -1 0
vn 0.841619194 -0.540071487 0
vn 0.841619134 -0.540071487 0
vn -0.376987517 -0.925231636 -0.0427411981
vn -0.369712383 -0.929128528 -0.0057421946
vn -0.424789935 -0.897787988 -0.116319187
vn -0.425614744 -0.904020131 -0.0399968289
vn -0.524580657 -0.851360738 0
vn -0.569531322 -0.821969569 0
vn -0.568752706 -0.821008801 0.0496484526
vn -0.59337604 -0.804925382 0
vn 0.226859003 -0.964822948 0.13285929
vn -0.593033195 -0.80383724 0.0464484617
vn -0.620087802 -0.784532487 0
vn -0.619656563 -0.783986866 0.0372864567
vn -0.268518478 0.343795091 0.899834871
vn -0.0563606173 -0.078063637 0.995353937
vn -0.130573347 0.284823716 0.949645162
vn -0.0435226075 -0.0650098845 0.99693501
vn 0.0878225118 -0.354463905 0.930936337
vn 0.512928724 -0.848619938 0.129415542
vn 0.469471514 -0.882947624 0
vn 0.65367496 -0.756767154 -0.00354708079
vn 0.0676285475 -0.111260369 0.991487503
vn 0.780320585 -0.603413463 0.164291978
vn 0.157696545 -0.124969795 0.979547977
vn -0.347182214 0.921515465 0.173993126
vn -0.469051063 0.882156253 0.0423255488
vn 0.731896996 -0.661548913 0.163339868
vn 0.727661312 -0.685919285 0.00486012967
vn -0.469471633 0.882947505 0
vn 0.423787922 0.698679268 0.576412261
vn 0.108276732 0.183654204 0.977009356
vn 0.164732292 -0.156801924 0.973794878
vn 0.505880356 0.862603068 0.000944302301
vn 0.412706137 0.718999267 0.559208155
vn 0.128144577 0.227245063 0.965369701
vn 0.44419995 0.697058558 0.562846303
vn 0.6026963 0.797027171 0.0387930907
vn 0.18451646 0.287875712 0.939724028
vn 0.192860812 -0.183852166 0.963848114
vn 0.705082953 -0.665071905 0.246043652
vn 0.598297358 0.555322111 0.577631116
vn 0.711409807 0.702775955 0.00146309112
vn 0.857946038 0.513709605 -0.00556398463
vn 0.830659926 0.355499238 0.428514004
vn 0.975830495 0.218288392 -0.0102491351
vn 0.493335694 0.449498892 0.744695008
vn 0.941070259 0.0870154202 0.326825798
vn 0.998563111 -0.053473942 -0.0035206452
vn 0.551011443 0.244697571 0.797815502
vn 0.936544001 -0.210062176 0.280640572
vn 0.510981023 0.0577558763 0.857649386
vn 0.45158118 -0.0881728381 0.887862563
vn 0.350635588 -0.197902516 0.915363014
vn 0.831054151 -0.496225238 0.251216292
vn 0.845035553 -0.514354169 0.146132305
vn 0.774018228 -0.631643772 0.043840941
vn 0.599822342 -0.800051868 0.0114048608
vn 0.686343729 -0.727277219 -0.000507417251
vn 0.771665931 -0.636023581 -0.00237942021
vn 0.816949189 -0.576709628 0.000418332667
vn 0.851881623 -0.523734391 0
vn -0 0 1
vn 0.0722559094 0.275080055 0.958702207
vn -0 0 1
vn 0.09788692 0.326696038 0.940046668
vn 0.117320426 0.308124751 0.944084287
vn -0 0 1
vn 0.255392432 0.888931394 0.380231202
vn 0.234461933 0.89901787 0.369857341
vn 0.262971938 0.914712787 0.306832463
vn 0.238385648 0.914652944 0.326469392
vn 0.302534282 0.873399913 0.381635517
vn 0.14088586 0.541911483 0.828542769
vn 0.128866166 0.515273273 0.847281992
vn -0 0 1
vn 0.143589303 0.505138576 0.851009488
vn 0.137438491 0.477492988 0.867819667
vn 0.209869996 0.675503671 0.706858754
vn 0.317710519 0.919857144 0.230049789
vn 0.23884815 0.666210413 0.70648092
vn 0.350301415 0.930276871 0.108966947
vn 0.323224187 0.835122943 0.445079654
vn 0.174890742 0.415145814 0.892786264
vn -0 0 1
vn -0 0 1
vn -0 0 1
vn -0 0 1
vn -0 0 1
vn -0 0 1
vn -0 0 1
vn -0 0 1
vn -0 0 1
vn -0 0 1
vn -0 0 1
vn -0 0 1
vn -0 0 1
vn -0 0 1
vn -0 0 1
vn -0 0 1
vn -0 0 1
vn -0 0 1
vn -0 0 1
vn -0 0 1
vn -0 0 1
vn -0.469471574 0.882947624 0
vn -0.469471455 0.882947683 0
vn -0.469471633 0.882947505 0
vn -0.46947211 0.882947326 0
vn -0.469471782 0.882947505 0
vn -0.469471633 0.882947505 0
vn -0.469471574 0.882947624 0
vn -0 0 1
vn -0 0 1
vn -0 0 1
vn -0 0 1
vn -0 0 1
vn -0 0 1
vn -0 0 1
vn -0 0 1
vn -0 0 1
vn -0 0 1
vn -0 0 1
vn -0 0 1
vn -0 0 -1
vn -0 0 -1
vn -0 0 -1
vn -0 0 -1
vn -0 0 -1
vn -0 0 -1
vn 0.00324673811 -0.100762278 -0.994905233
vn -0 0 -1
vn 0.0358981453 -0.102504075 -0.994084656
vn -0 0 -1
vn -0 0 -1
vn 0.0603168122 -0.0809237808 -0.994893551
vn -0 0 -1
vn 0.0817201585 -0.0590372086 -0.994905233
vn -0 0 -1
vn -0 0 -1
vn -0 0 -1
vn -0 0 -1
vn -0 0 -1
vn -0 0 -1
vn 0.148865968 -0.888101697 -0.434872717
vn 0.418870091 -0.787779987 -0.451608956
vn -0.142958328 -0.913085401 -0.381887317
vn 0.653024316 -0.620034993 -0.434874535
vn -0.267063618 -0.940030038 0.212180227
vn 0.836922646 -0.392072678 -0.381889462
vn 0.928660691 -0.304252356 0.212178886
vn -0.365110487 -0.735691786 -0.570483863
vn 0.814083219 -0.108703382 -0.570484161
vn -0.564542115 -0.82070446 0.087957114
vn 0.996082664 0.00909462757 0.0879579931
vn -0.55122751 -0.620072544 -0.558263659
vn -0.744626462 -0.667377651 -0.0117678614
vn -0.639761746 -0.55757612 -0.528974235
vn -0.281910509 -0.342388749 -0.896268129
vn 0.822305918 0.110247932 -0.558263659
vn 0.969671071 0.244130239 -0.0117676184
vn 0.820002198 0.218593925 -0.52897352
vn 0.440127283 0.0421220921 -0.896946907
vn -0.141896114 -0.419748634 -0.896480203
vn -0.11689762 -0.765935183 -0.632201076
vn 0.383013576 0.31249702 -0.869279146
vn 0.426427513 -0.116834633 -0.896944404
vn 0.700357497 -0.331393063 -0.632200956
vn -0.479205012 -0.150903314 -0.864633262
vn 0.00523334322 -0.428177595 -0.90367949
vn 0.132281333 -0.788160205 -0.601086557
vn 0.25632301 0.426044583 -0.867631555
vn 0.814559639 0.480249673 -0.325350255
vn 0.63222903 0.713876188 -0.30110997
vn 0.0975590944 0.489959627 -0.866268873
vn 0.136734307 -0.397392869 -0.907404423
vn 0.379102021 -0.712987185 -0.589856625
vn 0.028392598 0.951559961 -0.306149393
vn -0.0742927492 0.495883971 -0.86520499
vn -0.297108889 0.903896689 -0.307728916
vn 0.252887756 -0.335437953 -0.907485068
vn 0.579443574 -0.550399899 -0.601086617
vn -0.238406792 0.442591727 -0.864450514
vn -0.58688128 0.74852401 -0.308678031
vn 0.351606637 -0.243466303 -0.903934121
vn -0.374753654 0.336214811 -0.864013553
vn -0.806547821 0.503987074 -0.308994442
vn -0.466652632 0.189514086 -0.863898039
vn -0.930040896 0.199354202 -0.308677673
vn -0.50290215 0.0202831291 -0.864105284
vn -0.95878756 -0.134060308 0.250507951
vn -0.942660987 -0.129202336 -0.307729036
vn -0.84602946 -0.426291287 -0.320171624
vn 0.469181359 -0.88217032 -0.0405500978
vn 0.468976527 -0.881885171 -0.0483697057
vn 0.468884677 -0.881979942 -0.0475235097
vn 0.469017148 -0.882323921 -0.0390824564
vn 0.469396234 -0.882505476 -0.029174339
vn 0.46917218 -0.882678926 -0.0274824724
vn 0.469459683 -0.882727623 -0.0199909434
vn 0.469168186 -0.882992387 -0.0143375685
vn 0.469450474 -0.882912278 -0.00905858167
vn 0.471469671 -0.881847441 0.00783680379
vn 0.466997802 -0.884215474 0.00871943031
vn 0.45562765 -0.831388354 -0.318114609
vn 0.460011542 -0.797208309 -0.390958011
vn 0.420232356 -0.821122646 -0.38621524
vn 0.40368107 -0.827159882 -0.39095816
vn 0.286928922 -0.515649557 -0.807327271
vn 0.29336378 -0.503621876 -0.812590182
vn 0.267046034 -0.526224673 -0.807325244
vn 0.253474712 -0.524830997 -0.812590241
vn 0.106050149 -0.211438835 -0.971620858
vn 0.108497053 -0.230044946 -0.967113018
vn -0 0 -1
vn -0 0 -1
vn -0 0 -1
vn -0 0 -1
vn -0 0 -1
vn 0.117173135 -0.208260909 -0.971029222
vn 0.130045816 -0.218587175 -0.967113018
vn -0 0 -1
vn -0 0 -1
vn -0 0 -1
vn -0 0 -1
vn -0 0 -1
vn 0.015910713 -0.0207511708 -0.999657989
vn 0.0714740977 -0.0455714203 -0.996400833
vn 0.0388921723 -0.00863728393 -0.999206126
vn 0.775329173 -0.489860654 -0.398624152
vn 0.896114171 -0.195140079 -0.398622423
vn 0.188344508 0.0162025411 -0.981969357
vn 0.918497682 0.0805776268 -0.387129664
vn -0.00105920644 -0.259144574 -0.965837955
vn 0.00503243273 -0.599927485 -0.800038517
vn 0.216588214 -0.230732277 -0.948605359
vn 0.911035895 0.0175389554 -0.411953926
vn 0.995973289 0.0896504298 0
vn 0.990267932 0.139174163 0
vn 0.978147566 -0.207911789 0
vn 0.848048627 -0.529918492 0
vn 0.990268052 0.13917312 0
vn 0.561029136 -0.725497127 -0.39862296
vn 0.615661383 -0.788010955 0
vn 0.895492435 -0.225954935 -0.383454949
vn 0.0374421291 -0.118905358 -0.992199361
vn 0.279059291 -0.873627305 -0.398624182
vn 0.309016466 -0.951056659 0
vn -0.00493756728 -0.11213506 -0.993680716
vn -0.036569003 -0.916384876 -0.39862451
vn -0.0349019468 -0.999390721 0
vn -0.0512925014 -0.123700269 -0.990993083
vn -0.347785264 -0.848612309 -0.39862588
vn -0.374606669 -0.927183867 0
vn -0.0195628274 -0.02133324 -0.999581039
vn -0.61705184 -0.678488731 -0.398622721
vn -0.669129014 -0.743146241 0
vn 0.0410565771 -0.0091179153 -0.999115169
vn -0.814573407 -0.433116704 -0.385849744
vn -0.882947445 -0.469471902 0
vn -0.982102036 -0.188349351 0
vn -0.0671378747 -0.0356978774 -0.997104824
vn -0.905126452 -0.17571573 -0.387130678
vn -0.990267932 -0.13917394 0
vn -0.88057673 -0.23425734 -0.411956489
vn -0.990268052 -0.139173344 0
vn -0.107968479 -0.0211495962 -0.993929267
vn 0.0840945467 0.0110394666 -0.996396601
vn -0.798526525 -0.464029044 -0.383448303
vn -0.131010935 -0.281490207 -0.950578511
vn -0.76492399 -0.591349006 -0.255338132
vn -0.990267932 -0.139174566 0
vn -0.0657627359 -0.630703986 -0.773232043
vn -0.84607625 -0.532997966 -0.00825598557
vn -0.989484847 -0.143279046 -0.0197692718
vn -0.849349678 -0.495770723 -0.181153223
vn -0.92519784 -0.155946583 -0.345961869
vn -0.750775993 -0.512506306 -0.416740596
vn -0.76641345 -0.116922408 -0.631616771
vn 0.261885732 -0.964991987 0.0143625848
vn 0.213008001 -0.976526082 0.0320085287
vn -0.605630219 -0.498731583 -0.620063603
vn -0.510879993 -0.0808585212 -0.855840862
vn 0.00940874591 -0.916208208 -0.400592208
vn 0.259122163 -0.891195357 -0.372325897
vn 0.267794371 -0.962431431 0.0448556393
vn -0.364629507 -0.457932085 -0.810767233
vn -0.194870546 -0.036639031 -0.980144382
vn 0.165555671 -0.575683594 -0.800736964
vn 0.0643059388 -0.217417523 -0.973958135
vn 0.206319034 -0.568941236 -0.796076834
vn 0.318175912 -0.910665572 -0.263537794
vn 0.384002984 -0.922734737 0.0332026519
vn 0.111947857 0.0520047173 -0.992352426
vn -0.0778487697 -0.413313597 -0.907254934
vn 0.144400761 0.0106023131 -0.989462554
vn 0.086429581 -0.242694169 -0.966245055
vn 0.271447718 -0.150722951 -0.950578153
vn 0.423920721 -0.47159639 -0.773232222
vn 0.530921698 -0.746758103 -0.400592625
vn 0.918769181 0.0939485878 -0.383453786
vn 0.850097239 0.328077227 -0.411946625
vn 0.835546255 0.389863104 -0.387129456
vn 0.966421723 -0.028805932 -0.25534144
vn 0.882948697 0.469469577 0
vn 0.882947981 0.469470829 0
vn 0.882949173 0.469468623 0
vn 0.905246198 0.424887449 0
vn 0.908813655 0.123116039 -0.39862296
vn 0.990268171 0.139172956 0
vn 0.997908831 0.0608124398 -0.0219046939
vn 0.882915854 0.469450325 -0.00871986058
vn 0.860912144 0.473009646 -0.18732959
vn 0.896113992 -0.195140138 -0.398622602
vn 0.978147566 -0.207911775 0
vn 0.775328457 -0.489862025 -0.398623854
vn 0.848047853 -0.529919565 0
vn 0.353877097 -0.934800386 0.0303193424
vn 0.94633472 0.0224613938 -0.322406858
vn 0.793165684 0.417069435 -0.44378081
vn 0.0717980862 -0.0936410651 -0.993013799
vn 0.561029673 -0.725497544 -0.3986215
vn 0.615661383 -0.788010836 0
vn 0.35152787 -0.932249129 0.0856716558
vn 0.805265009 -0.0362251587 -0.591807425
vn 0.658258379 0.33817023 -0.672559798
vn 0.0354409851 -0.112549871 -0.993013918
vn 0.279059529 -0.873627663 -0.398623079
vn 0.309016317 -0.951056659 0
vn -0.00129100413 -0.02931902 -0.999569237
vn -0.0365693122 -0.916384935 -0.398624212
vn -0.0349019431 -0.999390721 0
vn 0.592485189 -0.141509935 -0.793055058
vn 0.419660151 0.211707011 -0.882646859
vn -0.0158144888 -0.0381394587 -0.999147296
vn -0.347784787 -0.848613143 -0.398624539
vn -0.374606818 -0.927183747 0
vn -0.617313981 -0.685597479 -0.385849059
vn -0.669129968 -0.743145466 0
vn -0.858454704 -0.512889385 0
vn -0.0508795902 -0.056507647 -0.997104824
vn -0.79044205 -0.474689931 -0.387131631
vn -0.882947862 -0.469470918 0
vn -0.748574078 -0.522239923 -0.408536762
vn -0.882947981 -0.469470888 0
vn 0.0289969668 0.00434461189 -0.999570072
vn -0.0938786939 -0.0564815439 -0.993980169
vn 0.0713587403 0.0379419215 -0.996728778
vn -0.663575351 -0.654222846 -0.362850219
vn -0.586910427 -0.790079415 -0.176948085
vn -0.882947147 -0.469472319 0
vn -0.612756789 -0.790228426 -0.00825618859
vn -0.880807757 -0.473061085 -0.0197698139
vn -0.628566504 -0.756365001 -0.181152508
vn -0.816064537 -0.462977618 -0.345962971
vn -0.530210197 -0.738381505 -0.416737258
vn -0.680202007 -0.372000068 -0.631617963
vn 0.576138198 -0.817225993 0.0143705253
vn 0.547215581 -0.836263299 0.034911938
vn 0.686202407 -0.726777434 0.0303445924
vn -0.398530692 -0.6757918 -0.620063424
vn -0.452413172 -0.250714242 -0.855841458
vn 0.391644001 -0.835152745 -0.386179835
vn 0.58081466 -0.812799275 0.0448522456
vn -0.186019093 -0.555026829 -0.810766339
vn -0.170587748 -0.101079859 -0.980144143
vn 0.577407777 -0.773751259 -0.26059407
vn 0.200181335 -0.577534795 -0.791442394
vn 0.00734652486 -0.346669823 -0.937958479
vn 0.652256489 -0.75739187 0.0303132217
vn 0.577845514 -0.809690356 0.102451041
vn 0.0682043731 -0.415015012 -0.907254457
vn 0.132066652 0.0593480058 -0.989462554
vn 0.352466702 -0.48434189 -0.800737202
vn -0.202698931 -0.110031702 -0.973039687
vn 0.135054603 -0.182670519 -0.973854005
vn 0.388465673 -0.464065045 -0.796076715
vn 0.0869884938 0.086888507 -0.992412865
vn 0.576329827 -0.815039635 -0.0596178435
vn 0.337098151 -0.272199482 -0.901261508
vn 0.465541005 -0.875672221 0.128334031
vn 0.466365218 -0.884335339 0.0213179644
vn 0.350443095 -0.934561491 -0.0615184791
vn 0.31363827 -0.949310839 -0.0209760461
vn 0.608170748 -0.793600023 -0.0180932432
vn 0.652998328 -0.755860865 -0.0476185493
vn 0.266068012 -0.958494306 0.102451749
vn 0.258735657 -0.964918852 -0.044581607
vn 0.163762733 -0.978270531 0.127155483
vn 0.223673388 -0.371078044 -0.901260972
vn 0.466757655 0.0554063693 -0.882647932
vn 0.138642758 -0.990253747 -0.013255557
vn 0.508355856 -0.335618109 -0.793054104
vn 0.734222531 0.0926390812 -0.672558725
vn 0.0182983056 -0.998571515 -0.0502009392
vn 0.744314432 -0.309456408 -0.591804624
vn 0.887978435 0.120641768 -0.443779141
vn -0.00825178251 -0.99954468 0.029023366
vn 0.896945477 -0.302559197 -0.322407842
vn 0.970770538 0.150036216 -0.187333077
vn -0.00262868218 -0.999247193 0.0387073159
vn 0.958528042 -0.284155309 -0.0219043829
vn 0.990230143 0.139169201 -0.00872096419
vn 0.990267932 0.139174268 0
vn 0.0519132093 -0.997822523 0.0406834334
vn 0.898287773 -0.357602984 -0.255341411
vn 0.00898370706 -0.92513907 -0.379522204
vn 0.276443243 -0.873207271 -0.401357979
vn 0.264555842 -0.581110716 -0.769623637
vn 0.719339788 -0.682988465 0.126795322
vn 0.740357637 -0.672139704 -0.00993761793
vn 0.815877199 -0.575909257 -0.0516996421
vn 0.412595689 -0.143968061 -0.899465442
vn 0.607271016 0.0654936209 -0.791790724
vn 0.20866172 -0.369839549 -0.905361235
vn 0.810430825 -0.581558883 0.0706486553
vn 0.0184773654 -0.588061869 -0.808604896
vn -0.0987865701 -0.108836956 -0.989138901
vn 0.131074145 0.146317825 -0.98051548
vn -0.316893935 -0.350398928 -0.881361902
vn 0.344540328 0.383877486 -0.856697261
vn -0.139313102 -0.773639858 -0.61812067
vn -0.49706918 -0.550493717 -0.670730114
vn 0.837915301 -0.545594156 0.015000321
vn 0.770795286 0.236610338 -0.591515243
vn 0.517443538 0.575820804 -0.63299495
vn -0.238116279 -0.876506925 -0.418373346
vn -0.598743379 -0.663123965 -0.44919154
vn 0.649176836 -0.755799115 0.0856575295
vn 0.881058276 0.349569976 -0.318648845
vn 0.629966557 0.700125456 -0.336104602
vn 0.915945888 0.400549382 -0.0245598592
vn 0.668924212 0.742917061 -0.0247929096
vn 0.669129968 0.743145466 0
vn 0.9179914 0.303466707 -0.255342662
vn 0.66912961 0.743145645 0
vn 0.754309475 -0.520137072 -0.400592893
vn 0.831227899 0.402519047 -0.383456051
vn 0.593036711 -0.712555826 -0.374928951
vn 0.559651136 -0.298165709 -0.773232043
vn 0.687823236 0.599997282 -0.408537149
vn 0.669130206 0.743145168 0
vn 0.334594667 -0.0909957439 -0.937958539
vn 0.164606392 -0.198960572 -0.966084599
vn 0.155800775 0.170059562 -0.973039448
vn 0.651815116 0.652124584 -0.387131095
vn 0.705333352 0.708875716 0
vn 0.814574659 0.433115274 -0.385848761
vn 0.882948458 0.469469965 0
vn 0.907543123 0.13215445 -0.398623437
vn 0.990268171 0.139172286 0
vn 0.898011386 -0.186212033 -0.398623407
vn 0.978147686 -0.207911462 0
vn 0.131234482 -0.0266491883 -0.990993083
vn 0.780166805 -0.482120603 -0.398621976
vn 0.848048449 -0.529918551 0
vn 0.0957254842 -0.0586118624 -0.993680716
vn 0.561397731 -0.718558311 -0.41049543
vn 0.615660071 -0.788011789 0
vn 0.0801288933 -0.102560125 -0.991494179
vn 0.285088003 -0.877408504 -0.385848522
vn 0.309017628 -0.951056361 0
vn -0.0318226032 -0.911307931 -0.410493731
vn -0.0348983444 -0.999390841 0
vn -0.00309612206 -0.0886623636 -0.996056914
vn -0.34559992 -0.855384171 -0.385847896
vn -0.374608338 -0.927183151 0
vn -0.0141838342 -0.0351062417 -0.999283016
vn -0.580418587 -0.716410697 -0.387130469
vn -0.63126421 -0.77556777 0
vn -0.66913116 -0.743144333 0
vn -0.524818838 -0.746773481 -0.408527315
vn -0.669130623 -0.74314487 0
vn -0.118516371 -0.146528229 -0.982081115
vn 0.16275838 -0.0965212956 -0.981933415
vn 0.410137773 0.436767668 -0.80063796
vn 0.694324076 0.249932677 -0.674868703
vn 0.514000237 -0.309366673 -0.800059974
vn 0.215940192 -0.144373253 -0.965673983
vn 0.83375001 -0.504927874 -0.2234025
vn -0.158821464 -0.179476291 -0.970857322
vn 0.49454838 -0.339647174 -0.800038517
vn 0.115564562 -0.333024085 -0.935809672
vn -0.313432187 -0.868749976 -0.383449912
vn 0.333825588 -0.544279218 -0.769623697
vn -0.205852166 -0.944683373 -0.255339235
vn -0.669130087 -0.743145406 0
vn 0.761951625 -0.524779022 -0.379521787
vn 0.793069065 -0.607579648 0.0434556454
vn 0.569336832 -0.717473269 -0.401357293
vn -0.305602103 -0.952123106 -0.00831038225
vn -0.669104457 -0.743117273 -0.00872003194
vn -0.656451523 -0.728662968 -0.195247635
vn 0.827455163 -0.561248183 0.0178432278
vn -0.298487872 -0.936648369 -0.183288544
vn -0.796379745 -0.490002245 -0.354509652
vn -0.715645194 0.581471801 -0.386965841
vn -0.593307257 0.712458968 -0.3746849
vn -0.388682187 0.464319646 -0.795822382
vn -0.640191615 0.495315999 -0.587210953
vn -0.316857964 0.116246238 -0.941322446
vn -0.334270597 0.0913666263 -0.938038051
vn -0.155800864 -0.170059681 -0.973039448
vn -0.164606392 0.198960617 -0.966084599
vn -0.135054514 0.18267028 -0.973854125
vn -0.352658898 0.484609574 -0.800490737
vn 0.202698514 0.110033184 -0.973039567
vn -0.00778577616 0.346444398 -0.93803817
vn -0.0361386836 0.335567892 -0.941322505
vn 0.901212335 -0.240147859 0.360756516
vn 0.940240324 -0.25096488 0.230140731
vn 0.967078149 -0.229784027 0.10935802
vn 0.685855865 -0.174580619 0.706486702
vn 0.677373648 -0.203774229 0.706852853
vn 0.905383587 -0.293486536 0.306832731
vn 0.891586065 -0.313834578 0.326469362
vn 0.499072999 -0.16342847 0.851009548
vn 0.472719312 -0.153075188 0.867815912
vn -0 0 1
vn 0.528048098 -0.18623206 0.82854265
vn 0.499241859 -0.18130219 0.847282171
vn -0.30901739 0.95105648 0
vn -0.615661621 0.788010657 0
vn -0.615661561 0.788010657 0
vn -0.848047614 0.529919982 0
vn -0.30901733 0.95105648 0
vn -0.848047674 0.529919982 0
vn 0.0348995924 0.999390841 0
vn 0.0348996371 0.999390841 0
vn 0.37460649 0.927183867 0
vn 0.37460652 0.927183867 0
vn 0.669130087 0.743145347 0
vn 0.669130087 0.743145406 0
vn 0.882947803 0.469471097 0
vn 0.882947862 0.469471067 0
vn 0.990268052 0.139173433 0
vn 0.990268052 0.139173388 0
vn 0.978147686 -0.207911581 0
vn 0.978147566 -0.20791164 0
vn 0.84804821 -0.529919207 0
vn 0.84804821 -0.529919147 0
vn 0.61566186 -0.788010418 0
vn 0.61566186 -0.788010418 0
vn 0.309016973 -0.95105654 0
vn 0.309016973 -0.95105654 0
vn -0.0349000208 -0.999390841 0
vn -0.0349000581 -0.999390841 0
vn -0.37460649 -0.927183867 0
vn -0.37460649 -0.927183867 0
vn -0.669129252 -0.743146062 0
vn -0.669129252 -0.743146062 0
vn -0.882947624 -0.469471574 0
vn -0.882947624 -0.469471514 0
vn -0.990268171 -0.139172584 0
vn -0.990268171 -0.139172599 0
vn -0.978147686 0.207911581 0
vn -0.978147686 0.207911581 0
vn -0.643396616 0.621321082 -0.447214603
vn -0.693232238 0.652792156 -0.305436552
vn -0.651457548 0.612780929 -0.44732824
vn -0.68954581 0.66588676 -0.284818381
vn -0.719339728 0.694658458 0
vn -0.727559507 0.686044693 0
vn -0.796813071 0.517903268 -0.311231583
vn -0.838162363 0.545420825 0
vn -0.751555264 0.483778089 -0.448467821
vn -0.939364135 0.342921227 0
vn -0.893766582 0.324626327 -0.309514105
vn -0.843006015 0.297955692 -0.447842985
vn -0.99489516 0.100913763 0
vn -0.94632107 0.0935418531 -0.309397072
vn -0.8907727 0.0823641941 -0.446922898
vn -0.98369652 -0.179836646 0
vn -0.93504256 -0.173062742 -0.309426606
vn -0.880277514 -0.158817992 -0.447088748
vn -0.877149343 -0.480217636 0
vn -0.834766507 -0.457366586 -0.306562573
vn -0.780704916 -0.436612755 -0.447067231
vn -0.616135597 -0.648636222 -0.446819782
vn -0.659765303 -0.683415651 -0.312494487
vn -0.694730878 -0.719269693 0
vn -0.454390883 -0.83529985 -0.309520632
vn -0.479627103 -0.87747246 0
vn -0.430095077 -0.78408587 -0.447468042
vn -0.182829216 -0.983144641 0
vn -0.171030954 -0.935608745 -0.308844209
vn -0.150004759 -0.881580412 -0.447565168
vn 0.101332515 -0.994852602 0
vn 0.0971161202 -0.946872771 -0.306594998
vn 0.090702489 -0.889871538 -0.447103679
vn 0.34608382 -0.938203633 0
vn 0.302140296 -0.841526091 -0.44782269
vn 0.327900589 -0.89229691 -0.310302079
vn 0.569870591 -0.821734428 0
vn 0.507877767 -0.735426009 -0.44856292
vn 0.540577233 -0.782019854 -0.310195446
vn 0.704867065 -0.70933938 0
vn 0.629015028 -0.635813117 -0.447304934
vn 0.670443714 -0.676109076 -0.305584133
vn 0.719339728 -0.694658399 0
vn 0.643397391 -0.621321797 -0.447212577
vn 0.689546108 -0.665887058 -0.284816921
vn -0.309016973 0.95105654 0
vn -0.61566186 0.788010418 0
vn -0.61566186 0.788010418 0
vn -0.84804821 0.529919147 0
vn -0.309016973 0.95105654 0
vn -0.84804821 0.529919207 0
vn 0.0349000208 0.999390841 0
vn 0.0349000581 0.999390841 0
vn 0.37460646 0.927183867 0
vn 0.37460649 0.927183867 0
vn 0.669129252 0.743146062 0
vn 0.669129252 0.743146062 0
vn 0.882947624 0.469471574 0
vn 0.882947624 0.469471514 0
vn 0.990268171 0.139172599 0
vn 0.990268171 0.139172569 0
vn 0.978147686 -0.207911581 0
vn 0.978147686 -0.207911611 0
vn 0.848047674 -0.529919982 0
vn 0.848047614 -0.529919982 0
vn 0.615661621 -0.788010657 0
vn 0.615661561 -0.788010657 0
vn 0.30901739 -0.95105648 0
vn 0.30901733 -0.95105648 0
vn -0.0348995924 -0.999390841 0
vn -0.0348996297 -0.999390841 0
vn -0.37460649 -0.927183867 0
vn -0.37460649 -0.927183867 0
vn -0.669130087 -0.743145406 0
vn -0.669130087 -0.743145406 0
vn -0.882947803 -0.469471097 0
vn -0.882947862 -0.469471067 0
vn -0.990268052 -0.139173418 0
vn -0.990268052 -0.139173403 0
vn -0.978147686 0.207911626 0
vn -0.978147686 0.207911626 0
g Base_parts04_0
f 3/3/3 2/2/2 1/1/1
f 1/1/1 2/2/2 4/4/4
f 1/1/1 4/4/4 5/5/5
f 5/5/5 4/4/4 6/6/6
f 2/2/2 7/7/7 4/4/4
f 7/7/7 8/8/8 4/4/4
f 8/8/8 9/9/9 4/4/4
f 10/10/10 7/7/7 2/2/2
f 11/11/11 10/10/10 2/2/2
f 8/8/8 12/12/12 9/9/9
f 12/12/12 13/13/13 9/9/9
f 12/12/12 14/14/14 13/13/13
f 9/9/9 13/13/13 15/15/15
f 15/15/15 13/13/13 16/16/16
f 16/16/16 13/13/13 17/17/17
f 17/17/17 13/13/13 18/18/18
f 12/12/12 19/19/19 14/14/14
f 12/12/12 20/20/20 19/19/19
f 8/8/8 20/20/20 12/12/12
f 21/21/21 19/19/19 20/20/20
f 22/22/22 19/19/19 21/21/21
f 23/23/23 19/19/19 22/22/22
f 24/24/24 19/19/19 23/23/23
f 21/21/21 20/20/20 25/25/25
f 24/24/24 26/26/26 19/19/19
f 8/8/8 27/27/27 20/20/20
f 20/20/20 27/27/27 25/25/25
f 7/7/7 27/27/27 8/8/8
f 25/25/25 27/27/27 28/28/28
f 7/7/7 28/28/28 27/27/27
f 25/25/25 28/28/28 29/29/29
f 30/30/30 28/28/28 7/7/7
f 29/29/29 28/28/28 30/30/30
f 10/10/10 30/30/30 7/7/7
f 29/29/29 30/30/30 31/31/31
f 31/31/31 30/30/30 10/10/10
f 29/29/29 31/31/31 32/32/32
f 32/32/32 31/31/31 33/33/33
f 32/32/32 33/33/33 34/34/34
f 34/34/34 33/33/33 35/35/35
f 35/35/35 33/33/33 36/36/36
f 36/36/36 33/33/33 37/37/37
f 38/38/38 31/31/31 10/10/10
f 33/33/33 31/31/31 38/38/38
f 39/39/39 33/33/33 38/38/38
f 38/38/38 10/10/10 11/11/11
f 40/40/40 38/38/38 11/11/11
f 40/40/40 39/39/39 38/38/38
f 41/41/41 40/40/40 11/11/11
f 42/42/42 40/40/40 41/41/41
f 43/43/43 40/40/40 42/42/42
f 40/40/40 43/43/43 44/44/44
f 33/33/33 45/45/45 37/37/37
f 33/33/33 39/39/39 45/45/45
f 37/37/37 45/45/45 46/46/46
f 45/45/45 47/47/47 46/46/46
f 46/46/46 47/47/47 48/48/48
f 39/39/39 49/49/49 45/45/45
f 45/45/45 49/49/49 47/47/47
f 49/49/49 50/50/50 47/47/47
f 50/50/50 49/49/49 39/39/39
f 47/47/47 50/50/50 51/51/51
f 47/47/47 51/51/51 48/48/48
f 52/52/52 50/50/50 39/39/39
f 50/50/50 52/52/52 51/51/51
f 53/53/53 39/39/39 40/40/40
f 53/53/53 52/52/52 39/39/39
f 53/53/53 40/40/40 54/54/54
f 44/44/44 54/54/54 40/40/40
f 52/52/52 53/53/53 55/55/55
f 51/51/51 52/52/52 55/55/55
f 55/55/55 53/53/53 54/54/54
f 51/51/51 55/55/55 56/56/56
f 55/55/55 54/54/54 57/57/57
f 56/56/56 55/55/55 57/57/57
f 48/48/48 51/51/51 58/58/58
f 58/58/58 51/51/51 56/56/56
f 58/58/58 59/59/59 48/48/48
f 56/56/56 59/59/59 58/58/58
f 59/59/59 60/60/60 48/48/48
f 61/61/61 59/59/59 56/56/56
f 48/48/48 60/60/60 62/62/62
f 63/63/63 61/61/61 56/56/56
f 57/57/57 63/63/63 56/56/56
f 60/60/60 64/64/64 62/62/62
f 65/65/65 63/63/63 57/57/57
f 66/66/66 65/65/65 57/57/57
f 62/62/62 64/64/64 67/67/67
f 54/54/54 68/68/68 57/57/57
f 57/57/57 68/68/68 66/66/66
f 68/68/68 69/69/69 66/66/66
f 70/70/70 69/69/69 68/68/68
f 68/68/68 54/54/54 44/44/44
f 44/44/44 70/70/70 68/68/68
f 44/44/44 71/71/71 70/70/70
f 72/72/72 71/71/71 44/44/44
f 73/73/73 71/71/71 72/72/72
f 74/74/74 71/71/71 73/73/73
f 75/75/75 71/71/71 74/74/74
f 64/64/64 76/76/76 67/67/67
f 77/77/77 76/76/76 64/64/64
f 77/77/77 64/64/64 78/78/78
f 67/67/67 76/76/76 79/79/79
f 80/80/80 77/77/77 78/78/78
f 76/76/76 81/81/81 79/79/79
f 77/77/77 81/81/81 76/76/76
f 79/79/79 81/81/81 82/82/82
f 82/82/82 81/81/81 83/83/83
f 81/81/81 84/84/84 83/83/83
f 77/77/77 84/84/84 81/81/81
f 83/83/83 84/84/84 85/85/85
f 84/84/84 86/86/86 85/85/85
f 87/87/87 77/77/77 80/80/80
f 87/87/87 80/80/80 88/88/88
f 88/88/88 89/89/89 87/87/87
f 89/89/89 90/90/90 87/87/87
f 90/90/90 91/91/91 87/87/87
f 91/91/91 92/92/92 87/87/87
f 87/87/87 92/92/92 93/93/93
f 94/94/94 86/86/86 84/84/84
f 94/94/94 95/95/95 86/86/86
f 94/94/94 96/96/96 95/95/95
f 96/96/96 94/94/94 97/97/97
f 94/94/94 98/98/98 97/97/97
f 97/97/97 98/98/98 99/99/99
f 99/99/99 98/98/98 100/100/100
f 94/94/94 101/101/101 98/98/98
f 98/98/98 101/101/101 102/102/102
f 98/98/98 102/102/102 100/100/100
f 100/100/100 102/102/102 103/103/103
f 102/102/102 104/104/104 103/103/103
f 102/102/102 101/101/101 104/104/104
f 103/103/103 104/104/104 105/105/105
f 104/104/104 106/106/106 105/105/105
f 107/107/107 104/104/104 101/101/101
f 105/105/105 106/106/106 108/108/108
f 109/109/109 107/107/107 101/101/101
f 106/106/106 110/110/110 108/108/108
f 109/109/109 101/101/101 111/111/111
f 112/112/112 109/109/109 111/111/111
f 113/113/113 112/112/112 111/111/111
f 114/114/114 113/113/113 111/111/111
f 115/115/115 114/114/114 111/111/111
f 116/116/116 115/115/115 111/111/111
f 116/116/116 111/111/111 117/117/117
f 111/111/111 101/101/101 118/118/118
f 111/111/111 119/119/119 117/117/117
f 111/111/111 118/118/118 119/119/119
f 120/120/120 118/118/118 101/101/101
f 120/120/120 101/101/101 94/94/94
f 119/119/119 118/118/118 121/121/121
f 122/122/122 121/121/121 118/118/118
f 122/122/122 118/118/118 120/120/120
f 119/119/119 121/121/121 123/123/123
f 117/117/117 119/119/119 123/123/123
f 120/120/120 124/124/124 122/122/122
f 120/120/120 125/125/125 124/124/124
f 125/125/125 126/126/126 124/124/124
f 120/120/120 94/94/94 127/127/127
f 127/127/127 125/125/125 120/120/120
f 127/127/127 94/94/94 128/128/128
f 128/128/128 94/94/94 84/84/84
f 127/127/127 129/129/129 125/125/125
f 128/128/128 129/129/129 127/127/127
f 117/117/117 123/123/123 130/130/130
f 117/117/117 130/130/130 131/131/131
f 125/125/125 132/132/132 126/126/126
f 129/129/129 132/132/132 125/125/125
f 131/131/131 130/130/130 133/133/133
f 131/131/131 133/133/133 134/134/134
f 130/130/130 123/123/123 135/135/135
f 135/135/135 136/136/136 130/130/130
f 130/130/130 137/137/137 133/133/133
f 123/123/123 138/138/138 135/135/135
f 139/139/139 138/138/138 123/123/123
f 140/140/140 136/136/136 135/135/135
f 139/139/139 141/141/141 138/138/138
f 140/140/140 142/142/142 136/136/136
f 140/140/140 143/143/143 142/142/142
f 140/140/140 144/144/144 143/143/143
f 145/145/145 144/144/144 140/140/140
f 139/139/139 146/146/146 141/141/141
f 145/145/145 140/140/140 147/147/147
f 141/141/141 146/146/146 148/148/148
f 146/146/146 149/149/149 148/148/148
f 146/146/146 150/150/150 149/149/149
f 141/141/141 148/148/148 151/151/151
f 152/152/152 141/141/141 151/151/151
f 152/152/152 151/151/151 153/153/153
f 153/153/153 151/151/151 154/154/154
f 155/155/155 154/154/154 151/151/151
f 156/156/156 154/154/154 155/155/155
f 155/155/155 157/157/157 156/156/156
f 157/157/157 158/158/158 156/156/156
f 159/159/159 157/157/157 155/155/155
f 160/160/160 159/159/159 155/155/155
f 161/161/161 160/160/160 155/155/155
f 161/161/161 155/155/155 162/162/162
f 152/152/152 153/153/153 163/163/163
f 163/163/163 153/153/153 164/164/164
f 164/164/164 153/153/153 165/165/165
f 166/166/166 164/164/164 165/165/165
f 166/166/166 165/165/165 167/167/167
f 167/167/167 165/165/165 168/168/168
f 167/167/167 168/168/168 169/169/169
f 167/167/167 169/169/169 170/170/170
f 169/169/169 171/171/171 170/170/170
f 170/170/170 171/171/171 172/172/172
f 170/170/170 172/172/172 173/173/173
f 171/171/171 174/174/174 172/172/172
f 172/172/172 174/174/174 175/175/175
f 172/172/172 175/175/175 176/176/176
f 175/175/175 177/177/177 176/176/176
f 176/176/176 177/177/177 178/178/178
f 167/167/167 170/170/170 179/179/179
f 179/179/179 170/170/170 173/173/173
f 180/180/180 167/167/167 179/179/179
f 166/166/166 167/167/167 180/180/180
f 179/179/179 173/173/173 181/181/181
f 173/173/173 172/172/172 182/182/182
f 172/172/172 176/176/176 182/182/182
f 183/183/183 173/173/173 182/182/182
f 182/182/182 176/176/176 184/184/184
f 176/176/176 178/178/178 185/185/185
f 178/178/178 186/186/186 185/185/185
f 176/176/176 187/187/187 184/184/184
f 176/176/176 185/185/185 187/187/187
f 178/178/178 188/188/188 186/186/186
f 178/178/178 189/189/189 188/188/188
f 190/190/190 188/188/188 189/189/189
f 190/190/190 186/186/186 188/188/188
f 181/181/181 173/173/173 191/191/191
f 192/192/192 173/173/173 183/183/183
f 191/191/191 173/173/173 192/192/192
f 192/192/192 193/193/193 191/191/191
f 191/191/191 194/194/194 181/181/181
f 191/191/191 193/193/193 194/194/194
f 183/183/183 195/195/195 192/192/192
f 192/192/192 195/195/195 193/193/193
f 193/193/193 196/196/196 194/194/194
f 193/193/193 197/197/197 196/196/196
f 195/195/195 197/197/197 193/193/193
f 194/194/194 196/196/196 198/198/198
f 195/195/195 199/199/199 197/197/197
f 194/194/194 198/198/198 200/200/200
f 181/181/181 194/194/194 200/200/200
f 200/200/200 198/198/198 201/201/201
f 202/202/202 199/199/199 195/195/195
f 183/183/183 202/202/202 195/195/195
f 202/202/202 203/203/203 199/199/199
f 181/181/181 200/200/200 204/204/204
f 204/204/204 179/179/179 181/181/181
f 200/200/200 201/201/201 205/205/205
f 204/204/204 200/200/200 205/205/205
f 205/205/205 201/201/201 206/206/206
f 207/207/207 202/202/202 183/183/183
f 183/183/183 182/182/182 207/207/207
f 207/207/207 182/182/182 208/208/208
f 209/209/209 203/203/203 202/202/202
f 207/207/207 209/209/209 202/202/202
f 209/209/209 210/210/210 203/203/203
f 205/205/205 206/206/206 211/211/211
f 212/212/212 211/211/211 206/206/206
f 213/213/213 209/209/209 207/207/207
f 213/213/213 207/207/207 208/208/208
f 214/214/214 210/210/210 209/209/209
f 213/213/213 214/214/214 209/209/209
f 214/214/214 215/215/215 210/210/210
f 214/214/214 216/216/216 215/215/215
f 217/217/217 216/216/216 214/214/214
f 217/217/217 214/214/214 213/213/213
f 216/216/216 217/217/217 218/218/218
f 217/217/217 219/219/219 218/218/218
f 218/218/218 219/219/219 220/220/220
f 221/221/221 217/217/217 213/213/213
f 221/221/221 219/219/219 217/217/217
f 212/212/212 222/222/222 211/211/211
f 223/223/223 222/222/222 212/212/212
f 221/221/221 213/213/213 224/224/224
f 213/213/213 208/208/208 224/224/224
f 219/219/219 225/225/225 220/220/220
f 226/226/226 220/220/220 225/225/225
f 227/227/227 220/220/220 226/226/226
f 228/228/228 227/227/227 226/226/226
f 229/229/229 227/227/227 228/228/228
f 230/230/230 229/229/229 228/228/228
f 230/230/230 231/231/231 229/229/229
f 232/232/232 231/231/231 230/230/230
f 232/232/232 233/233/233 231/231/231
f 228/228/228 234/234/234 230/230/230
f 230/230/230 234/234/234 232/232/232
f 235/235/235 228/228/228 226/226/226
f 228/228/228 235/235/235 234/234/234
f 234/234/234 235/235/235 236/236/236
f 237/237/237 233/233/233 232/232/232
f 237/237/237 238/238/238 233/233/233
f 235/235/235 226/226/226 239/239/239
f 225/225/225 239/239/239 226/226/226
f 232/232/232 234/234/234 240/240/240
f 232/232/232 240/240/240 237/237/237
f 241/241/241 238/238/238 237/237/237
f 241/241/241 242/242/242 238/238/238
f 239/239/239 243/243/243 235/235/235
f 235/235/235 243/243/243 236/236/236
f 225/225/225 244/244/244 239/239/239
f 239/239/239 244/244/244 243/243/243
f 234/234/234 236/236/236 245/245/245
f 240/240/240 234/234/234 245/245/245
f 240/240/240 246/246/246 237/237/237
f 237/237/237 246/246/246 241/241/241
f 247/247/247 242/242/242 241/241/241
f 247/247/247 248/248/248 242/242/242
f 240/240/240 245/245/245 249/249/249
f 246/246/246 240/240/240 249/249/249
f 246/246/246 250/250/250 241/241/241
f 241/241/241 250/250/250 247/247/247
f 251/251/251 248/248/248 247/247/247
f 251/251/251 252/252/252 248/248/248
f 246/246/246 249/249/249 253/253/253
f 250/250/250 246/246/246 253/253/253
f 250/250/250 254/254/254 247/247/247
f 247/247/247 254/254/254 251/251/251
f 255/255/255 252/252/252 251/251/251
f 255/255/255 256/256/256 252/252/252
f 250/250/250 253/253/253 257/257/257
f 254/254/254 250/250/250 257/257/257
f 254/254/254 258/258/258 251/251/251
f 251/251/251 258/258/258 255/255/255
f 259/259/259 256/256/256 255/255/255
f 259/259/259 260/260/260 256/256/256
f 261/261/261 254/254/254 257/257/257
f 258/258/258 254/254/254 261/261/261
f 258/258/258 262/262/262 255/255/255
f 255/255/255 262/262/262 259/259/259
f 262/262/262 258/258/258 261/261/261
f 263/263/263 260/260/260 259/259/259
f 263/263/263 264/264/264 260/260/260
f 253/253/253 265/265/265 257/257/257
f 257/257/257 265/265/265 266/266/266
f 262/262/262 267/267/267 259/259/259
f 259/259/259 267/267/267 263/263/263
f 268/268/268 264/264/264 263/263/263
f 268/268/268 269/269/269 264/264/264
f 268/268/268 270/270/270 269/269/269
f 267/267/267 271/271/271 263/263/263
f 263/263/263 271/271/271 268/268/268
f 268/268/268 272/272/272 270/270/270
f 272/272/272 223/223/223 270/270/270
f 271/271/271 273/273/273 268/268/268
f 273/273/273 272/272/272 268/268/268
f 272/272/272 274/274/274 223/223/223
f 223/223/223 274/274/274 222/222/222
f 275/275/275 272/272/272 273/273/273
f 272/272/272 275/275/275 274/274/274
f 276/276/276 267/267/267 262/262/262
f 277/277/277 271/271/271 267/267/267
f 276/276/276 277/277/277 267/267/267
f 278/278/278 273/273/273 271/271/271
f 277/277/277 278/278/278 271/271/271
f 279/279/279 276/276/276 262/262/262
f 279/279/279 262/262/262 261/261/261
f 280/280/280 279/279/279 261/261/261
f 281/281/281 280/280/280 261/261/261
f 275/275/275 273/273/273 282/282/282
f 275/275/275 283/283/283 274/274/274
f 282/282/282 283/283/283 275/275/275
f 278/278/278 284/284/284 273/273/273
f 284/284/284 282/282/282 273/273/273
f 277/277/277 276/276/276 285/285/285
f 276/276/276 279/279/279 286/286/286
f 285/285/285 276/276/276 286/286/286
f 279/279/279 280/280/280 287/287/287
f 286/286/286 279/279/279 287/287/287
f 288/288/288 278/278/278 277/277/277
f 288/288/288 277/277/277 285/285/285
f 286/286/286 289/289/289 285/285/285
f 285/285/285 289/289/289 290/290/290
f 285/285/285 290/290/290 288/288/288
f 286/286/286 291/291/291 289/289/289
f 287/287/287 291/291/291 286/286/286
f 288/288/288 290/290/290 292/292/292
f 287/287/287 293/293/293 291/291/291
f 288/288/288 292/292/292 294/294/294
f 294/294/294 278/278/278 288/288/288
f 294/294/294 292/292/292 295/295/295
f 296/296/296 293/293/293 287/287/287
f 287/287/287 280/280/280 296/296/296
f 296/296/296 297/297/297 293/293/293
f 298/298/298 278/278/278 294/294/294
f 294/294/294 295/295/295 298/298/298
f 295/295/295 299/299/299 298/298/298
f 298/298/298 284/284/284 278/278/278
f 298/298/298 299/299/299 300/300/300
f 284/284/284 298/298/298 300/300/300
f 299/299/299 301/301/301 300/300/300
f 280/280/280 302/302/302 296/296/296
f 302/302/302 280/280/280 281/281/281
f 303/303/303 297/297/297 296/296/296
f 296/296/296 302/302/302 303/303/303
f 303/303/303 304/304/304 297/297/297
f 305/305/305 302/302/302 281/281/281
f 302/302/302 305/305/305 303/303/303
f 306/306/306 304/304/304 303/303/303
f 303/303/303 305/305/305 306/306/306
f 306/306/306 307/307/307 304/304/304
f 308/308/308 305/305/305 281/281/281
f 309/309/309 308/308/308 281/281/281
f 310/310/310 307/307/307 306/306/306
f 310/310/310 311/311/311 307/307/307
f 305/305/305 312/312/312 306/306/306
f 308/308/308 312/312/312 305/305/305
f 306/306/306 312/312/312 310/310/310
f 308/308/308 313/313/313 312/312/312
f 309/309/309 314/314/314 308/308/308
f 315/315/315 314/314/314 309/309/309
f 316/316/316 311/311/311 310/310/310
f 316/316/316 317/317/317 311/311/311
f 316/316/316 318/318/318 317/317/317
f 312/312/312 319/319/319 310/310/310
f 313/313/313 319/319/319 312/312/312
f 310/310/310 319/319/319 316/316/316
f 316/316/316 320/320/320 318/318/318
f 320/320/320 321/321/321 318/318/318
f 319/319/319 322/322/322 316/316/316
f 313/313/313 322/322/322 319/319/319
f 322/322/322 320/320/320 316/316/316
f 314/314/314 323/323/323 308/308/308
f 323/323/323 313/313/313 308/308/308
f 315/315/315 324/324/324 314/314/314
f 325/325/325 324/324/324 315/315/315
f 325/325/325 326/326/326 324/324/324
f 314/314/314 327/327/327 323/323/323
f 324/324/324 328/328/328 314/314/314
f 328/328/328 327/327/327 314/314/314
f 329/329/329 327/327/327 328/328/328
f 329/329/329 330/330/330 327/327/327
f 331/331/331 329/329/329 328/328/328
f 332/332/332 328/328/328 324/324/324
f 331/331/331 328/328/328 332/332/332
f 326/326/326 332/332/332 324/324/324
f 333/333/333 331/331/331 332/332/332
f 333/333/333 332/332/332 334/334/334
f 335/335/335 333/333/333 334/334/334
f 336/336/336 313/313/313 323/323/323
f 337/337/337 336/336/336 323/323/323
f 337/337/337 338/338/338 336/336/336
f 339/339/339 338/338/338 337/337/337
f 338/338/338 339/339/339 340/340/340
f 313/313/313 336/336/336 341/341/341
f 341/341/341 336/336/336 338/338/338
f 342/342/342 332/332/332 326/326/326
f 334/334/334 332/332/332 342/342/342
f 343/343/343 335/335/335 334/334/334
f 344/344/344 335/335/335 343/343/343
f 341/341/341 345/345/345 313/313/313
f 313/313/313 345/345/345 322/322/322
f 346/346/346 344/344/344 343/343/343
f 346/346/346 347/347/347 344/344/344
f 346/346/346 343/343/343 348/348/348
f 349/349/349 346/346/346 348/348/348
f 350/350/350 349/349/349 348/348/348
f 350/350/350 351/351/351 349/349/349
f 343/343/343 334/334/334 352/352/352
f 348/348/348 343/343/343 352/352/352
f 351/351/351 353/353/353 349/349/349
f 349/349/349 353/353/353 354/354/354
f 353/353/353 355/355/355 354/354/354
f 354/354/354 355/355/355 356/356/356
f 356/356/356 355/355/355 357/357/357
f 353/353/353 351/351/351 358/358/358
f 355/355/355 353/353/353 358/358/358
f 359/359/359 350/350/350 348/348/348
f 359/359/359 348/348/348 360/360/360
f 348/348/348 352/352/352 360/360/360
f 360/360/360 352/352/352 361/361/361
f 352/352/352 362/362/362 361/361/361
f 352/352/352 334/334/334 362/362/362
f 363/363/363 350/350/350 359/359/359
f 334/334/334 364/364/364 362/362/362
f 364/364/364 334/334/334 342/342/342
f 364/364/364 365/365/365 362/362/362
f 366/366/366 362/362/362 365/365/365
f 366/366/366 365/365/365 367/367/367
f 368/368/368 365/365/365 364/364/364
f 342/342/342 369/369/369 364/364/364
f 369/369/369 368/368/368 364/364/364
f 342/342/342 370/370/370 369/369/369
f 326/326/326 370/370/370 342/342/342
f 371/371/371 370/370/370 326/326/326
f 371/371/371 326/326/326 372/372/372
f 369/369/369 373/373/373 368/368/368
f 368/368/368 373/373/373 374/374/374
f 374/374/374 375/375/375 368/368/368
f 374/374/374 376/376/376 375/375/375
f 377/377/377 375/375/375 376/376/376
f 377/377/377 376/376/376 378/378/378
f 378/378/378 376/376/376 379/379/379
f 378/378/378 379/379/379 380/380/380
f 381/381/381 376/376/376 374/374/374
f 381/381/381 379/379/379 376/376/376
f 373/373/373 382/382/382 374/374/374
f 374/374/374 382/382/382 381/381/381
f 380/380/380 379/379/379 383/383/383
f 380/380/380 383/383/383 384/384/384
f 385/385/385 379/379/379 381/381/381
f 382/382/382 386/386/386 381/381/381
f 381/381/381 386/386/386 385/385/385
f 387/387/387 386/386/386 382/382/382
f 388/388/388 382/382/382 373/373/373
f 387/387/387 382/382/382 388/388/388
f 383/383/383 379/379/379 389/389/389
f 385/385/385 389/389/389 379/379/379
f 390/390/390 383/383/383 389/389/389
f 385/385/385 391/391/391 389/389/389
f 391/391/391 390/390/390 389/389/389
f 391/391/391 385/385/385 390/390/390
f 385/385/385 386/386/386 392/392/392
f 385/385/385 392/392/392 390/390/390
f 390/390/390 393/393/393 383/383/383
f 394/394/394 383/383/383 393/393/393
f 392/392/392 395/395/395 390/390/390
f 393/393/393 390/390/390 395/395/395
f 386/386/386 395/395/395 392/392/392
f 393/393/393 395/395/395 396/396/396
f 397/397/397 396/396/396 395/395/395
f 396/396/396 397/397/397 398/398/398
f 399/399/399 397/397/397 395/395/395
f 399/399/399 395/395/395 386/386/386
f 399/399/399 386/386/386 387/387/387
f 400/400/400 399/399/399 387/387/387
f 401/401/401 400/400/400 387/387/387
f 402/402/402 401/401/401 387/387/387
f 403/403/403 402/402/402 387/387/387
f 387/387/387 388/388/388 403/403/403
f 403/403/403 404/404/404 402/402/402
f 405/405/405 404/404/404 403/403/403
f 405/405/405 406/406/406 404/404/404
f 405/405/405 407/407/407 406/406/406
f 408/408/408 407/407/407 405/405/405
f 406/406/406 409/409/409 404/404/404
f 410/410/410 408/408/408 405/405/405
f 409/409/409 411/411/411 404/404/404
f 412/412/412 410/410/410 405/405/405
f 411/411/411 413/413/413 404/404/404
f 414/414/414 412/412/412 405/405/405
f 413/413/413 415/415/415 404/404/404
f 416/416/416 414/414/414 405/405/405
f 417/417/417 405/405/405 403/403/403
f 403/403/403 388/388/388 417/417/417
f 418/418/418 416/416/416 405/405/405
f 419/419/419 418/418/418 405/405/405
f 420/420/420 419/419/419 405/405/405
f 418/418/418 421/421/421 416/416/416
f 422/422/422 420/420/420 405/405/405
f 423/423/423 422/422/422 405/405/405
f 424/424/424 423/423/423 405/405/405
f 425/425/425 424/424/424 405/405/405
f 421/421/421 426/426/426 416/416/416
f 427/427/427 425/425/425 405/405/405
f 427/427/427 428/428/428 425/425/425
f 427/427/427 429/429/429 428/428/428
f 427/427/427 430/430/430 429/429/429
f 427/427/427 431/431/431 430/430/430
f 432/432/432 427/427/427 405/405/405
f 432/432/432 405/405/405 417/417/417
f 427/427/427 433/433/433 431/431/431
f 433/433/433 434/434/434 431/431/431
f 421/421/421 435/435/435 426/426/426
f 435/435/435 436/436/436 426/426/426
f 421/421/421 437/437/437 435/435/435
f 436/436/436 438/438/438 426/426/426
f 436/436/436 439/439/439 438/438/438
f 439/439/439 440/440/440 438/438/438
f 441/441/441 437/437/437 421/421/421
f 441/441/441 442/442/442 437/437/437
f 443/443/443 442/442/442 441/441/441
f 444/444/444 433/433/433 427/427/427
f 433/433/433 134/134/134 434/434/434
f 444/444/444 445/445/445 433/433/433
f 446/446/446 444/444/444 427/427/427
f 446/446/446 427/427/427 432/432/432
f 447/447/447 445/445/445 444/444/444
f 447/447/447 448/448/448 445/445/445
f 447/447/447 449/449/449 448/448/448
f 450/450/450 449/449/449 447/447/447
f 450/450/450 451/451/451 449/449/449
f 450/450/450 452/452/452 451/451/451
f 450/450/450 453/453/453 452/452/452
f 454/454/454 444/444/444 446/446/446
f 454/454/454 447/447/447 444/444/444
f 446/446/446 432/432/432 455/455/455
f 454/454/454 446/446/446 455/455/455
f 456/456/456 447/447/447 454/454/454
f 456/456/456 450/450/450 447/447/447
f 450/450/450 457/457/457 453/453/453
f 458/458/458 457/457/457 450/450/450
f 458/458/458 459/459/459 457/457/457
f 453/453/453 457/457/457 460/460/460
f 458/458/458 461/461/461 459/459/459
f 458/458/458 462/462/462 461/461/461
f 457/457/457 463/463/463 460/460/460
f 458/458/458 464/464/464 462/462/462
f 463/463/463 465/465/465 460/460/460
f 463/463/463 466/466/466 465/465/465
f 466/466/466 467/467/467 465/465/465
f 467/467/467 468/468/468 465/465/465
f 465/465/465 469/469/469 460/460/460
f 460/460/460 469/469/469 470/470/470
f 470/470/470 469/469/469 471/471/471
f 471/471/471 469/469/469 472/472/472
f 458/458/458 473/473/473 464/464/464
f 473/473/473 474/474/474 464/464/464
f 473/473/473 475/475/475 474/474/474
f 474/474/474 475/475/475 476/476/476
f 475/475/475 477/477/477 476/476/476
f 475/475/475 478/478/478 477/477/477
f 475/475/475 479/479/479 478/478/478
f 475/475/475 480/480/480 479/479/479
f 475/475/475 481/481/481 480/480/480
f 480/480/480 481/481/481 482/482/482
f 482/482/482 481/481/481 483/483/483
f 483/483/483 481/481/481 484/484/484
f 484/484/484 481/481/481 485/485/485
f 486/486/486 473/473/473 458/458/458
f 475/475/475 473/473/473 486/486/486
f 481/481/481 475/475/475 487/487/487
f 487/487/487 475/475/475 486/486/486
f 486/486/486 458/458/458 488/488/488
f 488/488/488 458/458/458 450/450/450
f 488/488/488 450/450/450 456/456/456
f 485/485/485 481/481/481 489/489/489
f 485/485/485 489/489/489 490/490/490
f 485/485/485 490/490/490 491/491/491
f 492/492/492 485/485/485 491/491/491
f 490/490/490 489/489/489 493/493/493
f 493/493/493 489/489/489 494/494/494
f 494/494/494 489/489/489 495/495/495
f 495/495/495 489/489/489 496/496/496
f 496/496/496 489/489/489 497/497/497
f 498/498/498 492/492/492 491/491/491
f 499/499/499 485/485/485 492/492/492
f 498/498/498 491/491/491 500/500/500
f 498/498/498 500/500/500 501/501/501
f 501/501/501 500/500/500 502/502/502
f 502/502/502 500/500/500 503/503/503
f 485/485/485 499/499/499 504/504/504
f 485/485/485 504/504/504 505/505/505
f 485/485/485 505/505/505 506/506/506
f 485/485/485 506/506/506 507/507/507
f 507/507/507 506/506/506 508/508/508
f 508/508/508 509/509/509 507/507/507
f 485/485/485 507/507/507 510/510/510
f 485/485/485 510/510/510 511/511/511
f 509/509/509 512/512/512 507/507/507
f 507/507/507 512/512/512 510/510/510
f 510/510/510 513/513/513 511/511/511
f 512/512/512 513/513/513 510/510/510
f 513/513/513 514/514/514 511/511/511
f 513/513/513 515/515/515 514/514/514
f 512/512/512 515/515/515 513/513/513
f 514/514/514 515/515/515 516/516/516
f 509/509/509 517/517/517 512/512/512
f 512/512/512 517/517/517 515/515/515
f 517/517/517 518/518/518 515/515/515
f 509/509/509 519/519/519 517/517/517
f 519/519/519 520/520/520 517/517/517
f 517/517/517 520/520/520 518/518/518
f 520/520/520 521/521/521 518/518/518
f 521/521/521 522/522/522 518/518/518
f 522/522/522 523/523/523 518/518/518
f 518/518/518 523/523/523 524/524/524
f 523/523/523 525/525/525 524/524/524
f 525/525/525 526/526/526 524/524/524
f 526/526/526 527/527/527 524/524/524
f 527/527/527 528/528/528 524/524/524
f 515/515/515 518/518/518 529/529/529
f 518/518/518 524/524/524 529/529/529
f 515/515/515 529/529/529 516/516/516
f 516/516/516 529/529/529 530/530/530
f 529/529/529 524/524/524 531/531/531
f 530/530/530 529/529/529 531/531/531
f 530/530/530 531/531/531 532/532/532
f 528/528/528 533/533/533 524/524/524
f 534/534/534 533/533/533 528/528/528
f 534/534/534 535/535/535 533/533/533
f 535/535/535 536/536/536 533/533/533
f 539/539/539 538/538/538 537/537/537
f 539/539/539 537/537/537 540/540/540
f 540/540/540 537/537/537 541/541/541
f 540/540/540 541/541/541 542/542/542
f 543/543/543 540/540/540 542/542/542
f 543/543/543 542/542/542 544/544/544
f 545/545/545 543/543/543 544/544/544
f 546/546/546 543/543/543 545/545/545
f 547/547/547 546/546/546 545/545/545
f 537/537/537 548/548/548 541/541/541
f 548/548/548 549/549/549 541/541/541
f 548/548/548 550/550/550 549/549/549
f 537/537/537 551/551/551 548/548/548
f 548/548/548 551/551/551 552/552/552
f 552/552/552 553/553/553 548/548/548
f 554/554/554 551/551/551 537/537/537
f 554/554/554 537/537/537 555/555/555
f 555/555/555 556/556/556 554/554/554
f 556/556/556 557/557/557 554/554/554
f 558/558/558 556/556/556 555/555/555
f 554/554/554 557/557/557 559/559/559
f 559/559/559 551/551/551 554/554/554
f 557/557/557 560/560/560 559/559/559
f 561/561/561 558/558/558 555/555/555
f 558/558/558 561/561/561 562/562/562
f 563/563/563 561/561/561 555/555/555
f 563/563/563 555/555/555 564/564/564
f 564/564/564 555/555/555 565/565/565
f 564/564/564 565/565/565 566/566/566
f 562/562/562 561/561/561 567/567/567
f 567/567/567 568/568/568 562/562/562
f 567/567/567 561/561/561 569/569/569
f 569/569/569 561/561/561 570/570/570
f 571/571/571 568/568/568 567/567/567
f 569/569/569 571/571/571 567/567/567
f 568/568/568 571/571/571 572/572/572
f 569/569/569 573/573/573 571/571/571
f 571/571/571 573/573/573 572/572/572
f 574/574/574 573/573/573 569/569/569
f 570/570/570 574/574/574 569/569/569
f 575/575/575 568/568/568 572/572/572
f 575/575/575 576/576/576 568/568/568
f 575/575/575 577/577/577 576/576/576
f 575/575/575 578/578/578 577/577/577
f 572/572/572 573/573/573 579/579/579
f 573/573/573 574/574/574 579/579/579
f 578/578/578 575/575/575 580/580/580
f 578/578/578 580/580/580 581/581/581
f 582/582/582 575/575/575 572/572/572
f 579/579/579 582/582/582 572/572/572
f 580/580/580 575/575/575 582/582/582
f 579/579/579 574/574/574 583/583/583
f 583/583/583 582/582/582 579/579/579
f 574/574/574 584/584/584 583/583/583
f 570/570/570 584/584/584 574/574/574
f 583/583/583 585/585/585 582/582/582
f 584/584/584 585/585/585 583/583/583
f 580/580/580 582/582/582 585/585/585
f 586/586/586 585/585/585 584/584/584
f 580/580/580 585/585/585 586/586/586
f 570/570/570 587/587/587 584/584/584
f 570/570/570 588/588/588 587/587/587
f 570/570/570 589/589/589 588/588/588
f 581/581/581 580/580/580 553/553/553
f 580/580/580 590/590/590 553/553/553
f 590/590/590 591/591/591 553/553/553
f 581/581/581 553/553/553 592/592/592
f 553/553/553 591/591/591 593/593/593
f 591/591/591 594/594/594 593/593/593
f 592/592/592 553/553/553 595/595/595
f 552/552/552 595/595/595 553/553/553
f 592/592/592 595/595/595 596/596/596
f 596/596/596 595/595/595 552/552/552
f 592/592/592 596/596/596 597/597/597
f 597/597/597 596/596/596 598/598/598
f 599/599/599 596/596/596 552/552/552
f 598/598/598 596/596/596 599/599/599
f 600/600/600 598/598/598 599/599/599
f 552/552/552 551/551/551 599/599/599
f 599/599/599 601/601/601 600/600/600
f 551/551/551 601/601/601 599/599/599
f 601/601/601 602/602/602 600/600/600
f 600/600/600 602/602/602 603/603/603
f 602/602/602 604/604/604 603/603/603
f 559/559/559 601/601/601 551/551/551
f 605/605/605 602/602/602 601/601/601
f 605/605/605 601/601/601 559/559/559
f 604/604/604 602/602/602 605/605/605
f 559/559/559 560/560/560 605/605/605
f 605/605/605 560/560/560 606/606/606
f 606/606/606 604/604/604 605/605/605
f 606/606/606 560/560/560 607/607/607
f 560/560/560 608/608/608 607/607/607
f 609/609/609 604/604/604 606/606/606
f 607/607/607 609/609/609 606/606/606
f 610/610/610 609/609/609 607/607/607
f 604/604/604 609/609/609 610/610/610
f 607/607/607 608/608/608 611/611/611
f 611/611/611 610/610/610 607/607/607
f 611/611/611 608/608/608 612/612/612
f 612/612/612 610/610/610 611/611/611
f 608/608/608 613/613/613 612/612/612
f 604/604/604 610/610/610 614/614/614
f 614/614/614 610/610/610 612/612/612
f 612/612/612 613/613/613 615/615/615
f 615/615/615 614/614/614 612/612/612
f 613/613/613 616/616/616 615/615/615
f 604/604/604 614/614/614 617/617/617
f 604/604/604 617/617/617 603/603/603
f 615/615/615 616/616/616 618/618/618
f 616/616/616 619/619/619 618/618/618
f 620/620/620 614/614/614 615/615/615
f 614/614/614 620/620/620 617/617/617
f 618/618/618 620/620/620 615/615/615
f 617/617/617 620/620/620 618/618/618
f 618/618/618 619/619/619 621/621/621
f 621/621/621 617/617/617 618/618/618
f 619/619/619 622/622/622 621/621/621
f 623/623/623 617/617/617 621/621/621
f 603/603/603 617/617/617 623/623/623
f 621/621/621 622/622/622 624/624/624
f 624/624/624 623/623/623 621/621/621
f 603/603/603 623/623/623 624/624/624
f 622/622/622 625/625/625 624/624/624
f 624/624/624 625/625/625 626/626/626
f 624/624/624 626/626/626 627/627/627
f 627/627/627 603/603/603 624/624/624
f 628/628/628 603/603/603 627/627/627
f 600/600/600 603/603/603 628/628/628
f 600/600/600 628/628/628 629/629/629
f 630/630/630 600/600/600 629/629/629
f 631/631/631 600/600/600 630/630/630
f 600/600/600 631/631/631 18/18/18
f 600/600/600 18/18/18 632/632/632
f 18/18/18 633/633/633 632/632/632
f 633/633/633 634/634/634 632/632/632
f 633/633/633 635/635/635 634/634/634
f 636/636/636 633/633/633 18/18/18
f 636/636/636 18/18/18 13/13/13
f 635/635/635 633/633/633 637/637/637
f 637/637/637 633/633/633 636/636/636
f 638/638/638 635/635/635 637/637/637
f 639/639/639 638/638/638 637/637/637
f 13/13/13 640/640/640 636/636/636
f 14/14/14 640/640/640 13/13/13
f 641/641/641 637/637/637 636/636/636
f 636/636/636 640/640/640 641/641/641
f 642/642/642 639/639/639 637/637/637
f 642/642/642 637/637/637 641/641/641
f 643/643/643 639/639/639 642/642/642
f 110/110/110 643/643/643 642/642/642
f 640/640/640 644/644/644 641/641/641
f 14/14/14 644/644/644 640/640/640
f 645/645/645 642/642/642 641/641/641
f 641/641/641 644/644/644 645/645/645
f 646/646/646 110/110/110 642/642/642
f 646/646/646 642/642/642 645/645/645
f 108/108/108 110/110/110 646/646/646
f 644/644/644 647/647/647 645/645/645
f 14/14/14 647/647/647 644/644/644
f 648/648/648 646/646/646 645/645/645
f 108/108/108 646/646/646 648/648/648
f 645/645/645 647/647/647 648/648/648
f 14/14/14 649/649/649 647/647/647
f 647/647/647 649/649/649 648/648/648
f 650/650/650 108/108/108 648/648/648
f 648/648/648 649/649/649 650/650/650
f 651/651/651 108/108/108 650/650/650
f 26/26/26 651/651/651 650/650/650
f 19/19/19 26/26/26 650/650/650
f 14/14/14 652/652/652 649/649/649
f 649/649/649 652/652/652 650/650/650
f 650/650/650 652/652/652 19/19/19
f 652/652/652 14/14/14 19/19/19
f 654/654/654 147/147/147 653/653/653
f 655/655/655 147/147/147 654/654/654
f 655/655/655 654/654/654 656/656/656
f 655/655/655 657/657/657 147/147/147
f 145/145/145 147/147/147 657/657/657
f 658/658/658 655/655/655 656/656/656
f 657/657/657 655/655/655 659/659/659
f 655/655/655 658/658/658 659/659/659
f 152/152/152 658/658/658 656/656/656
f 152/152/152 659/659/659 658/658/658
f 152/152/152 656/656/656 660/660/660
f 152/152/152 163/163/163 659/659/659
f 659/659/659 661/661/661 657/657/657
f 659/659/659 163/163/163 661/661/661
f 145/145/145 657/657/657 661/661/661
f 163/163/163 662/662/662 661/661/661
f 163/163/163 164/164/164 662/662/662
f 145/145/145 661/661/661 663/663/663
f 661/661/661 662/662/662 663/663/663
f 164/164/164 664/664/664 662/662/662
f 166/166/166 664/664/664 164/164/164
f 662/662/662 665/665/665 663/663/663
f 662/662/662 664/664/664 665/665/665
f 145/145/145 663/663/663 666/666/666
f 663/663/663 665/665/665 667/667/667
f 666/666/666 663/663/663 667/667/667
f 665/665/665 668/668/668 667/667/667
f 664/664/664 669/669/669 665/665/665
f 665/665/665 669/669/669 668/668/668
f 670/670/670 664/664/664 166/166/166
f 670/670/670 669/669/669 664/664/664
f 671/671/671 669/669/669 670/670/670
f 670/670/670 166/166/166 672/672/672
f 672/672/672 166/166/166 180/180/180
f 666/666/666 673/673/673 145/145/145
f 673/673/673 674/674/674 145/145/145
f 675/675/675 673/673/673 666/666/666
f 675/675/675 676/676/676 673/673/673
f 677/677/677 676/676/676 675/675/675
f 678/678/678 675/675/675 666/666/666
f 666/666/666 667/667/667 678/678/678
f 679/679/679 675/675/675 678/678/678
f 680/680/680 675/675/675 679/679/679
f 681/681/681 680/680/680 679/679/679
f 681/681/681 679/679/679 682/682/682
f 678/678/678 667/667/667 683/683/683
f 678/678/678 683/683/683 679/679/679
f 667/667/667 668/668/668 683/683/683
f 679/679/679 683/683/683 684/684/684
f 684/684/684 682/682/682 679/679/679
f 683/683/683 685/685/685 684/684/684
f 668/668/668 685/685/685 683/683/683
f 686/686/686 682/682/682 684/684/684
f 684/684/684 685/685/685 686/686/686
f 668/668/668 687/687/687 685/685/685
f 685/685/685 688/688/688 686/686/686
f 687/687/687 688/688/688 685/685/685
f 686/686/686 688/688/688 689/689/689
f 688/688/688 690/690/690 689/689/689
f 686/686/686 691/691/691 682/682/682
f 689/689/689 691/691/691 686/686/686
f 692/692/692 691/691/691 689/689/689
f 691/691/691 693/693/693 682/682/682
f 693/693/693 694/694/694 682/682/682
f 687/687/687 695/695/695 688/688/688
f 695/695/695 690/690/690 688/688/688
f 668/668/668 696/696/696 687/687/687
f 687/687/687 697/697/697 695/695/695
f 687/687/687 696/696/696 697/697/697
f 668/668/668 698/698/698 696/696/696
f 669/669/669 698/698/698 668/668/668
f 671/671/671 698/698/698 669/669/669
f 698/698/698 671/671/671 696/696/696
f 696/696/696 699/699/699 697/697/697
f 696/696/696 671/671/671 699/699/699
f 695/695/695 697/697/697 700/700/700
f 701/701/701 690/690/690 695/695/695
f 695/695/695 700/700/700 701/701/701
f 697/697/697 699/699/699 702/702/702
f 697/697/697 702/702/702 700/700/700
f 703/703/703 699/699/699 671/671/671
f 704/704/704 702/702/702 699/699/699
f 704/704/704 699/699/699 703/703/703
f 700/700/700 705/705/705 701/701/701
f 700/700/700 702/702/702 706/706/706
f 700/700/700 706/706/706 705/705/705
f 706/706/706 702/702/702 707/707/707
f 706/706/706 707/707/707 708/708/708
f 708/708/708 707/707/707 709/709/709
f 710/710/710 702/702/702 704/704/704
f 707/707/707 702/702/702 710/710/710
f 707/707/707 711/711/711 709/709/709
f 709/709/709 711/711/711 712/712/712
f 713/713/713 707/707/707 710/710/710
f 711/711/711 707/707/707 713/713/713
f 714/714/714 711/711/711 713/713/713
f 710/710/710 715/715/715 713/713/713
f 710/710/710 716/716/716 715/715/715
f 712/712/712 711/711/711 717/717/717
f 717/717/717 711/711/711 714/714/714
f 712/712/712 717/717/717 718/718/718
f 718/718/718 717/717/717 719/719/719
f 717/717/717 720/720/720 719/719/719
f 721/721/721 719/719/719 720/720/720
f 721/721/721 720/720/720 722/722/722
f 723/723/723 717/717/717 714/714/714
f 720/720/720 717/717/717 723/723/723
f 714/714/714 724/724/724 723/723/723
f 725/725/725 720/720/720 723/723/723
f 726/726/726 716/716/716 710/710/710
f 704/704/704 726/726/726 710/710/710
f 727/727/727 726/726/726 704/704/704
f 727/727/727 704/704/704 703/703/703
f 728/728/728 727/727/727 703/703/703
f 728/728/728 703/703/703 729/729/729
f 703/703/703 671/671/671 729/729/729
f 729/729/729 671/671/671 730/730/730
f 730/730/730 728/728/728 729/729/729
f 671/671/671 670/670/670 730/730/730
f 730/730/730 670/670/670 672/672/672
f 731/731/731 730/730/730 672/672/672
f 731/731/731 728/728/728 730/730/730
f 732/732/732 731/731/731 672/672/672
f 732/732/732 672/672/672 180/180/180
f 732/732/732 180/180/180 733/733/733
f 733/733/733 180/180/180 734/734/734
f 734/734/734 180/180/180 179/179/179
f 735/735/735 726/726/726 727/727/727
f 736/736/736 727/727/727 728/728/728
f 735/735/735 727/727/727 736/736/736
f 357/357/357 726/726/726 735/735/735
f 716/716/716 726/726/726 357/357/357
f 731/731/731 732/732/732 737/737/737
f 728/728/728 731/731/731 738/738/738
f 738/738/738 731/731/731 737/737/737
f 732/732/732 733/733/733 340/340/340
f 737/737/737 732/732/732 340/340/340
f 340/340/340 739/739/739 737/737/737
f 739/739/739 740/740/740 737/737/737
f 737/737/737 740/740/740 738/738/738
f 740/740/740 741/741/741 738/738/738
f 742/742/742 728/728/728 738/738/738
f 738/738/738 741/741/741 742/742/742
f 741/741/741 743/743/743 742/742/742
f 736/736/736 728/728/728 742/742/742
f 742/742/742 743/743/743 736/736/736
f 743/743/743 744/744/744 736/736/736
f 736/736/736 744/744/744 735/735/735
f 744/744/744 745/745/745 735/735/735
f 735/735/735 745/745/745 357/357/357
f 745/745/745 746/746/746 357/357/357
f 338/338/338 340/340/340 747/747/747
f 733/733/733 747/747/747 340/340/340
f 748/748/748 338/338/338 747/747/747
f 341/341/341 338/338/338 748/748/748
f 747/747/747 749/749/749 748/748/748
f 747/747/747 733/733/733 749/749/749
f 748/748/748 750/750/750 341/341/341
f 748/748/748 749/749/749 750/750/750
f 341/341/341 750/750/750 345/345/345
f 750/750/750 751/751/751 345/345/345
f 749/749/749 752/752/752 750/750/750
f 750/750/750 752/752/752 751/751/751
f 345/345/345 751/751/751 753/753/753
f 345/345/345 753/753/753 322/322/322
f 753/753/753 754/754/754 322/322/322
f 754/754/754 320/320/320 322/322/322
f 753/753/753 755/755/755 754/754/754
f 754/754/754 755/755/755 320/320/320
f 753/753/753 756/756/756 755/755/755
f 751/751/751 756/756/756 753/753/753
f 320/320/320 755/755/755 757/757/757
f 755/755/755 756/756/756 757/757/757
f 320/320/320 757/757/757 321/321/321
f 751/751/751 758/758/758 756/756/756
f 757/757/757 756/756/756 758/758/758
f 751/751/751 759/759/759 758/758/758
f 757/757/757 758/758/758 759/759/759
f 752/752/752 759/759/759 751/751/751
f 321/321/321 757/757/757 760/760/760
f 757/757/757 759/759/759 760/760/760
f 321/321/321 760/760/760 761/761/761
f 752/752/752 762/762/762 759/759/759
f 760/760/760 759/759/759 762/762/762
f 752/752/752 763/763/763 762/762/762
f 762/762/762 763/763/763 760/760/760
f 749/749/749 763/763/763 752/752/752
f 761/761/761 760/760/760 764/764/764
f 763/763/763 764/764/764 760/760/760
f 761/761/761 764/764/764 765/765/765
f 749/749/749 766/766/766 763/763/763
f 766/766/766 764/764/764 763/763/763
f 749/749/749 733/733/733 766/766/766
f 767/767/767 765/765/765 764/764/764
f 766/766/766 767/767/767 764/764/764
f 767/767/767 768/768/768 765/765/765
f 766/766/766 733/733/733 769/769/769
f 769/769/769 767/767/767 766/766/766
f 733/733/733 734/734/734 769/769/769
f 770/770/770 768/768/768 767/767/767
f 769/769/769 770/770/770 767/767/767
f 734/734/734 770/770/770 769/769/769
f 770/770/770 771/771/771 768/768/768
f 772/772/772 771/771/771 770/770/770
f 734/734/734 772/772/772 770/770/770
f 772/772/772 773/773/773 771/771/771
f 774/774/774 772/772/772 734/734/734
f 734/734/734 179/179/179 774/774/774
f 775/775/775 773/773/773 772/772/772
f 774/774/774 775/775/775 772/772/772
f 775/775/775 776/776/776 773/773/773
f 777/777/777 775/775/775 774/774/774
f 774/774/774 179/179/179 777/777/777
f 778/778/778 776/776/776 775/775/775
f 777/777/777 778/778/778 775/775/775
f 778/778/778 779/779/779 776/776/776
f 777/777/777 179/179/179 780/780/780
f 780/780/780 778/778/778 777/777/777
f 781/781/781 779/779/779 778/778/778
f 780/780/780 781/781/781 778/778/778
f 781/781/781 782/782/782 779/779/779
f 783/783/783 780/780/780 179/179/179
f 783/783/783 781/781/781 780/780/780
f 783/783/783 179/179/179 204/204/204
f 784/784/784 782/782/782 781/781/781
f 783/783/783 784/784/784 781/781/781
f 784/784/784 785/785/785 782/782/782
f 786/786/786 783/783/783 204/204/204
f 786/786/786 784/784/784 783/783/783
f 787/787/787 785/785/785 784/784/784
f 786/786/786 787/787/787 784/784/784
f 787/787/787 788/788/788 785/785/785
f 787/787/787 789/789/789 788/788/788
f 790/790/790 789/789/789 787/787/787
f 790/790/790 787/787/787 786/786/786
f 791/791/791 790/790/790 786/786/786
f 789/789/789 790/790/790 792/792/792
f 786/786/786 204/204/204 793/793/793
f 791/791/791 786/786/786 793/793/793
f 204/204/204 205/205/205 793/793/793
f 793/793/793 205/205/205 211/211/211
f 790/790/790 794/794/794 792/792/792
f 791/791/791 794/794/794 790/790/790
f 792/792/792 794/794/794 301/301/301
f 793/793/793 211/211/211 795/795/795
f 791/791/791 793/793/793 795/795/795
f 795/795/795 211/211/211 222/222/222
f 794/794/794 796/796/796 301/301/301
f 300/300/300 301/301/301 796/796/796
f 794/794/794 791/791/791 797/797/797
f 794/794/794 797/797/797 796/796/796
f 796/796/796 798/798/798 300/300/300
f 798/798/798 284/284/284 300/300/300
f 796/796/796 799/799/799 798/798/798
f 796/796/796 797/797/797 799/799/799
f 798/798/798 800/800/800 284/284/284
f 798/798/798 799/799/799 800/800/800
f 800/800/800 282/282/282 284/284/284
f 801/801/801 799/799/799 797/797/797
f 799/799/799 801/801/801 800/800/800
f 800/800/800 802/802/802 282/282/282
f 801/801/801 802/802/802 800/800/800
f 802/802/802 283/283/283 282/282/282
f 791/791/791 803/803/803 797/797/797
f 797/797/797 803/803/803 801/801/801
f 803/803/803 791/791/791 804/804/804
f 803/803/803 804/804/804 801/801/801
f 801/801/801 804/804/804 802/802/802
f 791/791/791 795/795/795 804/804/804
f 802/802/802 805/805/805 283/283/283
f 274/274/274 283/283/283 805/805/805
f 802/802/802 806/806/806 805/805/805
f 274/274/274 805/805/805 806/806/806
f 804/804/804 806/806/806 802/802/802
f 274/274/274 806/806/806 222/222/222
f 807/807/807 795/795/795 222/222/222
f 804/804/804 795/795/795 807/807/807
f 222/222/222 806/806/806 807/807/807
f 804/804/804 807/807/807 806/806/806
f 810/810/810 809/809/809 808/808/808
f 809/809/809 811/811/811 808/808/808
f 814/814/814 813/813/813 812/812/812
f 815/815/815 814/814/814 812/812/812
f 816/816/816 814/814/814 815/815/815
f 815/815/815 812/812/812 817/817/817
f 818/818/818 816/816/816 815/815/815
f 815/815/815 817/817/817 819/819/819
f 819/819/819 817/817/817 820/820/820
f 821/821/821 818/818/818 815/815/815
f 822/822/822 818/818/818 821/821/821
f 819/819/819 820/820/820 823/823/823
f 823/823/823 820/820/820 824/824/824
f 823/823/823 824/824/824 825/825/825
f 825/825/825 824/824/824 826/826/826
f 825/825/825 826/826/826 827/827/827
f 819/819/819 828/828/828 815/815/815
f 823/823/823 829/829/829 819/819/819
f 819/819/819 829/829/829 828/828/828
f 815/815/815 830/830/830 821/821/821
f 828/828/828 830/830/830 815/815/815
f 825/825/825 831/831/831 823/823/823
f 823/823/823 831/831/831 829/829/829
f 828/828/828 829/829/829 832/832/832
f 833/833/833 828/828/828 832/832/832
f 830/830/830 828/828/828 833/833/833
f 832/832/832 829/829/829 834/834/834
f 829/829/829 831/831/831 834/834/834
f 835/835/835 830/830/830 833/833/833
f 834/834/834 831/831/831 836/836/836
f 837/837/837 830/830/830 835/835/835
f 830/830/830 837/837/837 821/821/821
f 838/838/838 837/837/837 835/835/835
f 836/836/836 831/831/831 839/839/839
f 825/825/825 839/839/839 831/831/831
f 836/836/836 839/839/839 840/840/840
f 821/821/821 837/837/837 841/841/841
f 841/841/841 822/822/822 821/821/821
f 842/842/842 837/837/837 838/838/838
f 837/837/837 842/842/842 841/841/841
f 842/842/842 838/838/838 843/843/843
f 844/844/844 839/839/839 825/825/825
f 825/825/825 827/827/827 844/844/844
f 840/840/840 839/839/839 845/845/845
f 844/844/844 845/845/845 839/839/839
f 846/846/846 845/845/845 844/844/844
f 847/847/847 840/840/840 845/845/845
f 827/827/827 848/848/848 844/844/844
f 849/849/849 848/848/848 827/827/827
f 848/848/848 850/850/850 844/844/844
f 844/844/844 850/850/850 846/846/846
f 850/850/850 851/851/851 846/846/846
f 852/852/852 846/846/846 851/851/851
f 853/853/853 842/842/842 843/843/843
f 853/853/853 843/843/843 854/854/854
f 847/847/847 845/845/845 855/855/855
f 846/846/846 855/855/855 845/845/845
f 847/847/847 855/855/855 856/856/856
f 856/856/856 855/855/855 846/846/846
f 857/857/857 847/847/847 856/856/856
f 858/858/858 846/846/846 852/852/852
f 858/858/858 856/856/856 846/846/846
f 859/859/859 858/858/858 852/852/852
f 857/857/857 856/856/856 860/860/860
f 860/860/860 856/856/856 858/858/858
f 861/861/861 857/857/857 860/860/860
f 862/862/862 858/858/858 859/859/859
f 863/863/863 862/862/862 859/859/859
f 862/862/862 864/864/864 858/858/858
f 864/864/864 860/860/860 858/858/858
f 865/865/865 864/864/864 862/862/862
f 866/866/866 864/864/864 865/865/865
f 867/867/867 861/861/861 860/860/860
f 867/867/867 860/860/860 864/864/864
f 868/868/868 861/861/861 867/867/867
f 866/866/866 869/869/869 864/864/864
f 869/869/869 867/867/867 864/864/864
f 870/870/870 869/869/869 866/866/866
f 871/871/871 868/868/868 867/867/867
f 871/871/871 867/867/867 869/869/869
f 872/872/872 868/868/868 871/871/871
f 870/870/870 873/873/873 869/869/869
f 873/873/873 871/871/871 869/869/869
f 874/874/874 873/873/873 870/870/870
f 874/874/874 875/875/875 873/873/873
f 876/876/876 875/875/875 874/874/874
f 877/877/877 872/872/872 871/871/871
f 877/877/877 871/871/871 873/873/873
f 875/875/875 877/877/877 873/873/873
f 878/878/878 872/872/872 877/877/877
f 879/879/879 878/878/878 877/877/877
f 875/875/875 879/879/879 877/877/877
f 880/880/880 878/878/878 879/879/879
f 875/875/875 876/876/876 881/881/881
f 881/881/881 876/876/876 882/882/882
f 883/883/883 875/875/875 881/881/881
f 884/884/884 875/875/875 883/883/883
f 885/885/885 875/875/875 884/884/884
f 885/885/885 879/879/879 875/875/875
f 886/886/886 885/885/885 884/884/884
f 887/887/887 880/880/880 879/879/879
f 885/885/885 887/887/887 879/879/879
f 888/888/888 880/880/880 887/887/887
f 889/889/889 887/887/887 885/885/885
f 889/889/889 885/885/885 886/886/886
f 890/890/890 888/888/888 887/887/887
f 889/889/889 890/890/890 887/887/887
f 890/890/890 891/891/891 888/888/888
f 892/892/892 891/891/891 890/890/890
f 892/892/892 854/854/854 891/891/891
f 893/893/893 890/890/890 889/889/889
f 893/893/893 892/892/892 890/890/890
f 892/892/892 894/894/894 854/854/854
f 894/894/894 853/853/853 854/854/854
f 895/895/895 894/894/894 892/892/892
f 853/853/853 894/894/894 895/895/895
f 895/895/895 892/892/892 893/893/893
f 896/896/896 853/853/853 895/895/895
f 842/842/842 853/853/853 896/896/896
f 841/841/841 842/842/842 896/896/896
f 897/897/897 895/895/895 893/893/893
f 895/895/895 897/897/897 896/896/896
f 898/898/898 893/893/893 889/889/889
f 897/897/897 893/893/893 898/898/898
f 896/896/896 899/899/899 841/841/841
f 899/899/899 822/822/822 841/841/841
f 897/897/897 900/900/900 896/896/896
f 900/900/900 899/899/899 896/896/896
f 901/901/901 900/900/900 897/897/897
f 901/901/901 897/897/897 898/898/898
f 902/902/902 901/901/901 898/898/898
f 898/898/898 889/889/889 902/902/902
f 902/902/902 889/889/889 886/886/886
f 899/899/899 903/903/903 822/822/822
f 904/904/904 903/903/903 899/899/899
f 905/905/905 904/904/904 899/899/899
f 906/906/906 905/905/905 899/899/899
f 903/903/903 907/907/907 822/822/822
f 822/822/822 907/907/907 908/908/908
f 909/909/909 822/822/822 908/908/908
f 910/910/910 902/902/902 886/886/886
f 911/911/911 902/902/902 910/910/910
f 912/912/912 902/902/902 911/911/911
f 913/913/913 902/902/902 912/912/912
f 910/910/910 886/886/886 914/914/914
f 914/914/914 886/886/886 915/915/915
f 915/915/915 916/916/916 914/914/914
f 916/916/916 917/917/917 914/914/914
f 915/915/915 886/886/886 918/918/918
f 918/918/918 886/886/886 919/919/919
f 920/920/920 917/917/917 916/916/916
f 920/920/920 921/921/921 917/917/917
f 921/921/921 922/922/922 917/917/917
f 921/921/921 923/923/923 922/922/922
f 921/921/921 924/924/924 923/923/923
f 925/925/925 920/920/920 916/916/916
f 925/925/925 916/916/916 926/926/926
f 926/926/926 916/916/916 915/915/915
f 927/927/927 925/925/925 926/926/926
f 927/927/927 926/926/926 928/928/928
f 928/928/928 926/926/926 929/929/929
f 929/929/929 926/926/926 915/915/915
f 930/930/930 928/928/928 929/929/929
f 929/929/929 137/137/137 930/930/930
f 915/915/915 931/931/931 929/929/929
f 929/929/929 931/931/931 137/137/137
f 915/915/915 918/918/918 931/931/931
f 137/137/137 931/931/931 133/133/133
f 931/931/931 918/918/918 932/932/932
f 133/133/133 931/931/931 932/932/932
f 133/133/133 932/932/932 134/134/134
f 932/932/932 918/918/918 919/919/919
f 134/134/134 932/932/932 434/434/434
f 932/932/932 919/919/919 434/434/434
f 434/434/434 919/919/919 933/933/933
f 434/434/434 933/933/933 934/934/934
f 434/434/434 934/934/934 935/935/935
f 938/938/938 937/937/937 936/936/936
f 938/938/938 939/939/939 937/937/937
f 939/939/939 909/909/909 937/937/937
f 937/937/937 909/909/909 940/940/940
f 909/909/909 908/908/908 940/940/940
f 937/937/937 940/940/940 941/941/941
f 937/937/937 941/941/941 942/942/942
f 937/937/937 942/942/942 415/415/415
f 415/415/415 942/942/942 404/404/404
f 404/404/404 942/942/942 943/943/943
f 942/942/942 944/944/944 943/943/943
f 404/404/404 943/943/943 402/402/402
f 940/940/940 945/945/945 941/941/941
f 941/941/941 945/945/945 946/946/946
f 945/945/945 947/947/947 946/946/946
f 947/947/947 948/948/948 946/946/946
f 940/940/940 908/908/908 949/949/949
f 940/940/940 949/949/949 945/945/945
f 944/944/944 950/950/950 943/943/943
f 944/944/944 951/951/951 950/950/950
f 951/951/951 952/952/952 950/950/950
f 952/952/952 953/953/953 950/950/950
f 952/952/952 954/954/954 953/953/953
f 954/954/954 955/955/955 953/953/953
f 950/950/950 953/953/953 956/956/956
f 957/957/957 950/950/950 956/956/956
f 943/943/943 950/950/950 957/957/957
f 955/955/955 958/958/958 953/953/953
f 402/402/402 943/943/943 957/957/957
f 957/957/957 959/959/959 402/402/402
f 945/945/945 949/949/949 960/960/960
f 945/945/945 960/960/960 947/947/947
f 949/949/949 961/961/961 960/960/960
f 960/960/960 961/961/961 962/962/962
f 961/961/961 963/963/963 962/962/962
f 949/949/949 964/964/964 961/961/961
f 908/908/908 964/964/964 949/949/949
f 908/908/908 907/907/907 964/964/964
f 961/961/961 965/965/965 963/963/963
f 964/964/964 965/965/965 961/961/961
f 966/966/966 963/963/963 965/965/965
f 967/967/967 966/966/966 965/965/965
f 907/907/907 968/968/968 964/964/964
f 964/964/964 968/968/968 965/965/965
f 967/967/967 965/965/965 968/968/968
f 969/969/969 967/967/967 968/968/968
f 907/907/907 970/970/970 968/968/968
f 969/969/969 968/968/968 970/970/970
f 971/971/971 969/969/969 970/970/970
f 971/971/971 970/970/970 972/972/972
f 971/971/971 972/972/972 973/973/973
f 971/971/971 973/973/973 974/974/974
f 977/977/977 976/976/976 975/975/975
f 977/977/977 975/975/975 978/978/978
f 979/979/979 977/977/977 978/978/978
f 980/980/980 978/978/978 975/975/975
f 981/981/981 980/980/980 975/975/975
f 982/982/982 979/979/979 978/978/978
f 983/983/983 982/982/982 978/978/978
f 980/980/980 983/983/983 978/978/978
f 982/982/982 983/983/983 984/984/984
f 984/984/984 983/983/983 980/980/980
f 985/985/985 980/980/980 981/981/981
f 985/985/985 984/984/984 980/980/980
f 986/986/986 985/985/985 981/981/981
f 987/987/987 984/984/984 985/985/985
f 982/982/982 984/984/984 987/987/987
f 988/988/988 985/985/985 986/986/986
f 988/988/988 987/987/987 985/985/985
f 989/989/989 988/988/988 986/986/986
f 990/990/990 987/987/987 988/988/988
f 982/982/982 987/987/987 990/990/990
f 991/991/991 988/988/988 989/989/989
f 991/991/991 990/990/990 988/988/988
f 992/992/992 991/991/991 989/989/989
f 991/991/991 992/992/992 993/993/993
f 993/993/993 990/990/990 991/991/991
f 992/992/992 994/994/994 993/993/993
f 995/995/995 990/990/990 993/993/993
f 995/995/995 982/982/982 990/990/990
f 993/993/993 994/994/994 996/996/996
f 996/996/996 995/995/995 993/993/993
f 994/994/994 997/997/997 996/996/996
f 996/996/996 997/997/997 998/998/998
f 997/997/997 999/999/999 998/998/998
f 1000/1000/1000 998/998/998 999/999/999
f 1001/1001/1001 995/995/995 996/996/996
f 998/998/998 1001/1001/1001 996/996/996
f 1002/1002/1002 998/998/998 1000/1000/1000
f 1003/1003/1003 1002/1002/1002 1000/1000/1000
f 1004/1004/1004 982/982/982 995/995/995
f 1004/1004/1004 995/995/995 1001/1001/1001
f 1004/1004/1004 1001/1001/1001 1005/1005/1005
f 1004/1004/1004 1006/1006/1006 982/982/982
f 1007/1007/1007 982/982/982 1006/1006/1006
f 979/979/979 982/982/982 1007/1007/1007
f 1007/1007/1007 1008/1008/1008 979/979/979
f 979/979/979 1008/1008/1008 1009/1009/1009
f 1010/1010/1010 979/979/979 1009/1009/1009
f 1009/1009/1009 1011/1011/1011 1010/1010/1010
f 1011/1011/1011 1012/1012/1012 1010/1010/1010
f 1004/1004/1004 1005/1005/1005 1013/1013/1013
f 1014/1014/1014 1002/1002/1002 1003/1003/1003
f 1015/1015/1015 1014/1014/1014 1003/1003/1003
f 1005/1005/1005 1016/1016/1016 1013/1013/1013
f 1016/1016/1016 1017/1017/1017 1013/1013/1013
f 1018/1018/1018 1017/1017/1017 1016/1016/1016
f 1016/1016/1016 1019/1019/1019 1018/1018/1018
f 1018/1018/1018 1019/1019/1019 1020/1020/1020
f 1020/1020/1020 1021/1021/1021 1015/1015/1015
f 1021/1021/1021 1014/1014/1014 1015/1015/1015
f 1019/1019/1019 1021/1021/1021 1020/1020/1020
f 1016/1016/1016 1022/1022/1022 1019/1019/1019
f 1005/1005/1005 1022/1022/1022 1016/1016/1016
f 1019/1019/1019 1023/1023/1023 1021/1021/1021
f 1022/1022/1022 1023/1023/1023 1019/1019/1019
f 1023/1023/1023 1024/1024/1024 1021/1021/1021
f 1022/1022/1022 1024/1024/1024 1023/1023/1023
f 1021/1021/1021 1024/1024/1024 1014/1014/1014
f 1005/1005/1005 1024/1024/1024 1022/1022/1022
f 1024/1024/1024 1025/1025/1025 1014/1014/1014
f 1014/1014/1014 1025/1025/1025 1002/1002/1002
f 1005/1005/1005 1025/1025/1025 1024/1024/1024
f 1025/1025/1025 1026/1026/1026 1002/1002/1002
f 1005/1005/1005 1026/1026/1026 1025/1025/1025
f 1002/1002/1002 1026/1026/1026 998/998/998
f 1005/1005/1005 1001/1001/1001 1026/1026/1026
f 1026/1026/1026 1001/1001/1001 998/998/998
f 1029/1029/1029 1028/1028/1028 1027/1027/1027
f 1030/1030/1030 1029/1029/1029 1027/1027/1027
f 1030/1030/1030 1027/1027/1027 1031/1031/1031
f 1027/1027/1027 1032/1032/1032 1031/1031/1031
f 1032/1032/1032 1033/1033/1033 1031/1031/1031
f 1031/1031/1031 1033/1033/1033 1034/1034/1034
f 1033/1033/1033 1035/1035/1035 1034/1034/1034
f 1035/1035/1035 1036/1036/1036 1034/1034/1034
f 1034/1034/1034 1037/1037/1037 1031/1031/1031
f 1031/1031/1031 1037/1037/1037 1038/1038/1038
f 1037/1037/1037 1039/1039/1039 1038/1038/1038
f 1037/1037/1037 1040/1040/1040 1039/1039/1039
f 1040/1040/1040 1037/1037/1037 1041/1041/1041
f 1037/1037/1037 1042/1042/1042 1041/1041/1041
f 1037/1037/1037 1034/1034/1034 1042/1042/1042
f 1041/1041/1041 1042/1042/1042 1043/1043/1043
f 1042/1042/1042 1044/1044/1044 1043/1043/1043
f 1043/1043/1043 1044/1044/1044 1045/1045/1045
f 1034/1034/1034 1046/1046/1046 1042/1042/1042
f 1042/1042/1042 1046/1046/1046 1044/1044/1044
f 1044/1044/1044 1047/1047/1047 1045/1045/1045
f 1045/1045/1045 1047/1047/1047 1048/1048/1048
f 1046/1046/1046 1049/1049/1049 1044/1044/1044
f 1044/1044/1044 1049/1049/1049 1047/1047/1047
f 1034/1034/1034 1050/1050/1050 1046/1046/1046
f 1046/1046/1046 1050/1050/1050 1049/1049/1049
f 1049/1049/1049 1051/1051/1051 1047/1047/1047
f 1049/1049/1049 1050/1050/1050 1051/1051/1051
f 1047/1047/1047 1051/1051/1051 1052/1052/1052
f 1047/1047/1047 1052/1052/1052 1048/1048/1048
f 1051/1051/1051 1050/1050/1050 1052/1052/1052
f 1034/1034/1034 1053/1053/1053 1050/1050/1050
f 1050/1050/1050 1053/1053/1053 1052/1052/1052
f 1034/1034/1034 1036/1036/1036 1053/1053/1053
f 1054/1054/1054 1048/1048/1048 1052/1052/1052
f 1052/1052/1052 1053/1053/1053 1054/1054/1054
f 1055/1055/1055 1048/1048/1048 1054/1054/1054
f 1056/1056/1056 1055/1055/1055 1054/1054/1054
f 1057/1057/1057 1056/1056/1056 1054/1054/1054
f 1054/1054/1054 1053/1053/1053 1057/1057/1057
f 1058/1058/1058 1056/1056/1056 1057/1057/1057
f 1036/1036/1036 1059/1059/1059 1053/1053/1053
f 1053/1053/1053 1059/1059/1059 1057/1057/1057
f 1060/1060/1060 1058/1058/1058 1057/1057/1057
f 1057/1057/1057 1059/1059/1059 1060/1060/1060
f 1058/1058/1058 1060/1060/1060 1061/1061/1061
f 1036/1036/1036 1062/1062/1062 1059/1059/1059
f 1036/1036/1036 1063/1063/1063 1062/1062/1062
f 1060/1060/1060 1064/1064/1064 1061/1061/1061
f 1061/1061/1061 1064/1064/1064 1065/1065/1065
f 1059/1059/1059 1066/1066/1066 1060/1060/1060
f 1059/1059/1059 1062/1062/1062 1066/1066/1066
f 1060/1060/1060 1066/1066/1066 1064/1064/1064
f 1064/1064/1064 1067/1067/1067 1065/1065/1065
f 1065/1065/1065 1067/1067/1067 1068/1068/1068
f 1062/1062/1062 1063/1063/1063 1069/1069/1069
f 1063/1063/1063 1070/1070/1070 1069/1069/1069
f 1070/1070/1070 1071/1071/1071 1069/1069/1069
f 1072/1072/1072 1069/1069/1069 1071/1071/1071
f 1073/1073/1073 1072/1072/1072 1071/1071/1071
f 1068/1068/1068 1074/1074/1074 1073/1073/1073
f 1067/1067/1067 1074/1074/1074 1068/1068/1068
f 1074/1074/1074 1072/1072/1072 1073/1073/1073
f 1064/1064/1064 1075/1075/1075 1067/1067/1067
f 1066/1066/1066 1075/1075/1075 1064/1064/1064
f 1075/1075/1075 1076/1076/1076 1067/1067/1067
f 1067/1067/1067 1076/1076/1076 1074/1074/1074
f 1066/1066/1066 1076/1076/1076 1075/1075/1075
f 1076/1076/1076 1077/1077/1077 1074/1074/1074
f 1066/1066/1066 1077/1077/1077 1076/1076/1076
f 1066/1066/1066 1062/1062/1062 1077/1077/1077
f 1074/1074/1074 1077/1077/1077 1072/1072/1072
f 1078/1078/1078 1062/1062/1062 1069/1069/1069
f 1072/1072/1072 1078/1078/1078 1069/1069/1069
f 1077/1077/1077 1078/1078/1078 1072/1072/1072
f 1062/1062/1062 1078/1078/1078 1077/1077/1077
f 1081/1081/1081 1080/1080/1080 1079/1079/1079
f 1080/1080/1080 1082/1082/1082 1079/1079/1079
f 1082/1082/1082 1083/1083/1083 1079/1079/1079
f 1079/1079/1079 1083/1083/1083 1084/1084/1084
f 1083/1083/1083 1085/1085/1085 1084/1084/1084
f 1084/1084/1084 1085/1085/1085 1086/1086/1086
f 1085/1085/1085 1087/1087/1087 1086/1086/1086
f 1086/1086/1086 1087/1087/1087 1088/1088/1088
f 1087/1087/1087 1089/1089/1089 1088/1088/1088
f 1088/1088/1088 1089/1089/1089 1090/1090/1090
f 1089/1089/1089 1091/1091/1091 1090/1090/1090
f 1091/1091/1091 1092/1092/1092 1090/1090/1090
f 1090/1090/1090 1092/1092/1092 1093/1093/1093
f 1092/1092/1092 1094/1094/1094 1093/1093/1093
f 1094/1094/1094 1095/1095/1095 1093/1093/1093
f 1095/1095/1095 1096/1096/1096 1093/1093/1093
f 1099/1099/1099 1098/1098/1098 1097/1097/1097
f 1100/1100/1100 1099/1099/1099 1097/1097/1097
f 1100/1100/1100 1097/1097/1097 1101/1101/1101
f 1097/1097/1097 1102/1102/1102 1101/1101/1101
f 1101/1101/1101 1102/1102/1102 1103/1103/1103
f 1102/1102/1102 1104/1104/1104 1103/1103/1103
f 1107/1107/1107 1106/1106/1106 1105/1105/1105
f 1107/1107/1107 1105/1105/1105 1108/1108/1108
f 1111/1111/1111 1110/1110/1110 1109/1109/1109
f 1110/1110/1110 1111/1111/1111 1112/1112/1112
f 1113/1113/1113 1112/1112/1112 1111/1111/1111
f 1114/1114/1114 1110/1110/1110 1112/1112/1112
f 1113/1113/1113 1115/1115/1115 1112/1112/1112
f 1115/1115/1115 1113/1113/1113 1116/1116/1116
f 1117/1117/1117 1116/1116/1116 1113/1113/1113
f 1114/1114/1114 1112/1112/1112 1118/1118/1118
f 1119/1119/1119 1112/1112/1112 1115/1115/1115
f 1118/1118/1118 1112/1112/1112 1119/1119/1119
f 1114/1114/1114 1118/1118/1118 1120/1120/1120
f 1114/1114/1114 1120/1120/1120 1121/1121/1121
f 1121/1121/1121 1120/1120/1120 1122/1122/1122
f 1123/1123/1123 1118/1118/1118 1119/1119/1119
f 1123/1123/1123 1119/1119/1119 1115/1115/1115
f 1118/1118/1118 1124/1124/1124 1120/1120/1120
f 1124/1124/1124 1118/1118/1118 1123/1123/1123
f 1125/1125/1125 1123/1123/1123 1115/1115/1115
f 1125/1125/1125 1115/1115/1115 1126/1126/1126
f 1123/1123/1123 1125/1125/1125 1126/1126/1126
f 1115/1115/1115 1116/1116/1116 1126/1126/1126
f 1123/1123/1123 1126/1126/1126 1127/1127/1127
f 1127/1127/1127 1124/1124/1124 1123/1123/1123
f 1116/1116/1116 1128/1128/1128 1126/1126/1126
f 1126/1126/1126 1128/1128/1128 1127/1127/1127
f 1129/1129/1129 1128/1128/1128 1116/1116/1116
f 1129/1129/1129 1116/1116/1116 1130/1130/1130
f 1131/1131/1131 1128/1128/1128 1129/1129/1129
f 1127/1127/1127 1128/1128/1128 1132/1132/1132
f 1132/1132/1132 1124/1124/1124 1127/1127/1127
f 1131/1131/1131 1133/1133/1133 1128/1128/1128
f 1128/1128/1128 1133/1133/1133 1132/1132/1132
f 1134/1134/1134 1133/1133/1133 1131/1131/1131
f 1135/1135/1135 1134/1134/1134 1131/1131/1131
f 1132/1132/1132 1133/1133/1133 1136/1136/1136
f 1134/1134/1134 1136/1136/1136 1133/1133/1133
f 1132/1132/1132 1137/1137/1137 1124/1124/1124
f 1132/1132/1132 1136/1136/1136 1138/1138/1138
f 1138/1138/1138 1137/1137/1137 1132/1132/1132
f 1124/1124/1124 1137/1137/1137 1139/1139/1139
f 1120/1120/1120 1124/1124/1124 1139/1139/1139
f 1138/1138/1138 1140/1140/1140 1137/1137/1137
f 1139/1139/1139 1137/1137/1137 1140/1140/1140
f 1120/1120/1120 1139/1139/1139 959/959/959
f 1122/1122/1122 1120/1120/1120 959/959/959
f 1139/1139/1139 1141/1141/1141 959/959/959
f 1139/1139/1139 1142/1142/1142 1141/1141/1141
f 1139/1139/1139 1140/1140/1140 1142/1142/1142
f 1140/1140/1140 1143/1143/1143 1142/1142/1142
f 1143/1143/1143 1144/1144/1144 1142/1142/1142
f 1143/1143/1143 1145/1145/1145 1144/1144/1144
f 1146/1146/1146 1144/1144/1144 1145/1145/1145
f 1145/1145/1145 1143/1143/1143 1147/1147/1147
f 1140/1140/1140 1148/1148/1148 1143/1143/1143
f 1138/1138/1138 1148/1148/1148 1140/1140/1140
f 1148/1148/1148 1149/1149/1149 1143/1143/1143
f 1143/1143/1143 1149/1149/1149 1147/1147/1147
f 1138/1138/1138 1149/1149/1149 1148/1148/1148
f 1134/1134/1134 1147/1147/1147 1149/1149/1149
f 1147/1147/1147 1134/1134/1134 1150/1150/1150
f 1136/1136/1136 1134/1134/1134 1149/1149/1149
f 1138/1138/1138 1151/1151/1151 1149/1149/1149
f 1136/1136/1136 1149/1149/1149 1151/1151/1151
f 1138/1138/1138 1136/1136/1136 1151/1151/1151
f 1154/1154/1154 1153/1153/1153 1152/1152/1152
f 1155/1155/1155 1152/1152/1152 1153/1153/1153
f 1155/1155/1155 1153/1153/1153 1156/1156/1156
f 1152/1152/1152 1155/1155/1155 1157/1157/1157
f 1158/1158/1158 1155/1155/1155 1156/1156/1156
f 1159/1159/1159 1158/1158/1158 1156/1156/1156
f 1159/1159/1159 1156/1156/1156 1160/1160/1160
f 1159/1159/1159 1160/1160/1160 1161/1161/1161
f 1155/1155/1155 1162/1162/1162 1157/1157/1157
f 1158/1158/1158 1163/1163/1163 1155/1155/1155
f 1163/1163/1163 1162/1162/1162 1155/1155/1155
f 1164/1164/1164 1157/1157/1157 1162/1162/1162
f 1157/1157/1157 1164/1164/1164 1165/1165/1165
f 1166/1166/1166 1163/1163/1163 1158/1158/1158
f 1166/1166/1166 1162/1162/1162 1163/1163/1163
f 1167/1167/1167 1164/1164/1164 1162/1162/1162
f 1164/1164/1164 1167/1167/1167 1168/1168/1168
f 1166/1166/1166 1169/1169/1169 1162/1162/1162
f 1167/1167/1167 1162/1162/1162 1169/1169/1169
f 1166/1166/1166 1167/1167/1167 1169/1169/1169
f 1170/1170/1170 1167/1167/1167 1166/1166/1166
f 1166/1166/1166 1158/1158/1158 1170/1170/1170
f 1168/1168/1168 1167/1167/1167 1170/1170/1170
f 1158/1158/1158 1171/1171/1171 1170/1170/1170
f 1159/1159/1159 1171/1171/1171 1158/1158/1158
f 1172/1172/1172 1168/1168/1168 1170/1170/1170
f 1170/1170/1170 1171/1171/1171 1172/1172/1172
f 1173/1173/1173 1168/1168/1168 1172/1172/1172
f 1174/1174/1174 1173/1173/1173 1172/1172/1172
f 1175/1175/1175 1173/1173/1173 1174/1174/1174
f 1171/1171/1171 1176/1176/1176 1172/1172/1172
f 1172/1172/1172 1176/1176/1176 1174/1174/1174
f 1177/1177/1177 1175/1175/1175 1174/1174/1174
f 1178/1178/1178 1175/1175/1175 1177/1177/1177
f 1179/1179/1179 1171/1171/1171 1159/1159/1159
f 1179/1179/1179 1176/1176/1176 1171/1171/1171
f 1176/1176/1176 1180/1180/1180 1174/1174/1174
f 1174/1174/1174 1180/1180/1180 1177/1177/1177
f 1181/1181/1181 1178/1178/1178 1177/1177/1177
f 1182/1182/1182 1178/1178/1178 1181/1181/1181
f 1183/1183/1183 1182/1182/1182 1181/1181/1181
f 1181/1181/1181 1177/1177/1177 1184/1184/1184
f 1184/1184/1184 1177/1177/1177 1180/1180/1180
f 1185/1185/1185 1180/1180/1180 1176/1176/1176
f 1185/1185/1185 1176/1176/1176 1179/1179/1179
f 1181/1181/1181 1186/1186/1186 1183/1183/1183
f 1186/1186/1186 1181/1181/1181 1184/1184/1184
f 1187/1187/1187 1184/1184/1184 1180/1180/1180
f 1187/1187/1187 1180/1180/1180 1185/1185/1185
f 1188/1188/1188 1186/1186/1186 1184/1184/1184
f 1188/1188/1188 1184/1184/1184 1187/1187/1187
f 1179/1179/1179 1159/1159/1159 1189/1189/1189
f 1185/1185/1185 1179/1179/1179 1190/1190/1190
f 1190/1190/1190 1179/1179/1179 1189/1189/1189
f 1189/1189/1189 1191/1191/1191 1190/1190/1190
f 953/953/953 1191/1191/1191 1189/1189/1189
f 1189/1189/1189 1159/1159/1159 956/956/956
f 956/956/956 953/953/953 1189/1189/1189
f 1159/1159/1159 1161/1161/1161 956/956/956
f 1187/1187/1187 1185/1185/1185 1192/1192/1192
f 1192/1192/1192 1185/1185/1185 1190/1190/1190
f 1190/1190/1190 1193/1193/1193 1192/1192/1192
f 1192/1192/1192 1193/1193/1193 1194/1194/1194
f 1195/1195/1195 1194/1194/1194 1193/1193/1193
f 1196/1196/1196 1187/1187/1187 1192/1192/1192
f 1188/1188/1188 1187/1187/1187 1196/1196/1196
f 1192/1192/1192 1194/1194/1194 1196/1196/1196
f 1197/1197/1197 1195/1195/1195 1193/1193/1193
f 1198/1198/1198 1194/1194/1194 1195/1195/1195
f 1199/1199/1199 1197/1197/1197 1193/1193/1193
f 1200/1200/1200 1194/1194/1194 1198/1198/1198
f 1201/1201/1201 1199/1199/1199 1193/1193/1193
f 1202/1202/1202 1194/1194/1194 1200/1200/1200
f 1203/1203/1203 1201/1201/1201 1193/1193/1193
f 1203/1203/1203 1193/1193/1193 1204/1204/1204
f 1205/1205/1205 1194/1194/1194 1202/1202/1202
f 1204/1204/1204 1193/1193/1193 1206/1206/1206
f 1190/1190/1190 1206/1206/1206 1193/1193/1193
f 1207/1207/1207 1204/1204/1204 1206/1206/1206
f 1191/1191/1191 1206/1206/1206 1190/1190/1190
f 1207/1207/1207 1206/1206/1206 1191/1191/1191
f 1208/1208/1208 1207/1207/1207 1191/1191/1191
f 1209/1209/1209 1208/1208/1208 1191/1191/1191
f 1210/1210/1210 1209/1209/1209 1191/1191/1191
f 1211/1211/1211 1210/1210/1210 1191/1191/1191
f 1211/1211/1211 1191/1191/1191 953/953/953
f 958/958/958 1211/1211/1211 953/953/953
f 1212/1212/1212 1211/1211/1211 958/958/958
f 1213/1213/1213 1212/1212/1212 958/958/958
f 1205/1205/1205 489/489/489 1194/1194/1194
f 1196/1196/1196 1194/1194/1194 489/489/489
f 497/497/497 489/489/489 1205/1205/1205
f 1214/1214/1214 497/497/497 1205/1205/1205
f 1215/1215/1215 1214/1214/1214 1205/1205/1205
f 1216/1216/1216 1214/1214/1214 1215/1215/1215
f 1217/1217/1217 1215/1215/1215 1205/1205/1205
f 1218/1218/1218 1214/1214/1214 1216/1216/1216
f 1219/1219/1219 1218/1218/1218 1216/1216/1216
f 1220/1220/1220 1218/1218/1218 1219/1219/1219
f 1221/1221/1221 1218/1218/1218 1220/1220/1220
f 1222/1222/1222 1217/1217/1217 1205/1205/1205
f 1223/1223/1223 1222/1222/1222 1205/1205/1205
f 1224/1224/1224 1223/1223/1223 1205/1205/1205
f 1196/1196/1196 489/489/489 1225/1225/1225
f 1225/1225/1225 1188/1188/1188 1196/1196/1196
f 1226/1226/1226 1224/1224/1224 1205/1205/1205
f 1227/1227/1227 1224/1224/1224 1226/1226/1226
f 1226/1226/1226 1228/1228/1228 1227/1227/1227
f 1229/1229/1229 1226/1226/1226 1205/1205/1205
f 1230/1230/1230 1229/1229/1229 1205/1205/1205
f 1226/1226/1226 1231/1231/1231 1228/1228/1228
f 1229/1229/1229 1231/1231/1231 1226/1226/1226
f 1230/1230/1230 1232/1232/1232 1229/1229/1229
f 1229/1229/1229 1232/1232/1232 1231/1231/1231
f 1230/1230/1230 1233/1233/1233 1232/1232/1232
f 1233/1233/1233 1234/1234/1234 1232/1232/1232
f 1231/1231/1231 1235/1235/1235 1228/1228/1228
f 1228/1228/1228 1235/1235/1235 1236/1236/1236
f 1235/1235/1235 1237/1237/1237 1236/1236/1236
f 1235/1235/1235 1238/1238/1238 1237/1237/1237
f 1237/1237/1237 1238/1238/1238 1239/1239/1239
f 1239/1239/1239 1238/1238/1238 1240/1240/1240
f 1240/1240/1240 1238/1238/1238 1241/1241/1241
f 1241/1241/1241 1238/1238/1238 1242/1242/1242
f 1243/1243/1243 1241/1241/1241 1242/1242/1242
f 1244/1244/1244 1243/1243/1243 1242/1242/1242
f 1245/1245/1245 1244/1244/1244 1242/1242/1242
f 1246/1246/1246 1245/1245/1245 1242/1242/1242
f 1231/1231/1231 1247/1247/1247 1235/1235/1235
f 1247/1247/1247 1238/1238/1238 1235/1235/1235
f 1232/1232/1232 1247/1247/1247 1231/1231/1231
f 1232/1232/1232 1234/1234/1234 1247/1247/1247
f 1247/1247/1247 1248/1248/1248 1238/1238/1238
f 1234/1234/1234 1248/1248/1248 1247/1247/1247
f 1238/1238/1238 1248/1248/1248 1242/1242/1242
f 1234/1234/1234 1249/1249/1249 1248/1248/1248
f 1248/1248/1248 1250/1250/1250 1242/1242/1242
f 1248/1248/1248 1249/1249/1249 1250/1250/1250
f 1249/1249/1249 1251/1251/1251 1250/1250/1250
f 1246/1246/1246 1242/1242/1242 1252/1252/1252
f 1253/1253/1253 1246/1246/1246 1252/1252/1252
f 1254/1254/1254 1253/1253/1253 1252/1252/1252
f 1255/1255/1255 1254/1254/1254 1252/1252/1252
f 1258/1258/1258 1257/1257/1257 1256/1256/1256
f 1257/1257/1257 1259/1259/1259 1256/1256/1256
f 1256/1256/1256 1259/1259/1259 1260/1260/1260
f 1259/1259/1259 1261/1261/1261 1260/1260/1260
f 1260/1260/1260 1261/1261/1261 1262/1262/1262
f 1261/1261/1261 1263/1263/1263 1262/1262/1262
f 1264/1264/1264 1262/1262/1262 1263/1263/1263
f 1265/1265/1265 1262/1262/1262 1264/1264/1264
f 1266/1266/1266 1265/1265/1265 1264/1264/1264
f 1267/1267/1267 1265/1265/1265 1266/1266/1266
f 1268/1268/1268 1267/1267/1267 1266/1266/1266
f 1269/1269/1269 1267/1267/1267 1268/1268/1268
f 1270/1270/1270 1269/1269/1269 1268/1268/1268
f 1271/1271/1271 1269/1269/1269 1270/1270/1270
f 1272/1272/1272 1271/1271/1271 1270/1270/1270
f 1272/1272/1272 1273/1273/1273 1271/1271/1271
f 1273/1273/1273 1272/1272/1272 1274/1274/1274
f 1272/1272/1272 1275/1275/1275 1274/1274/1274
f 1275/1275/1275 1276/1276/1276 1274/1274/1274
f 1274/1274/1274 1276/1276/1276 1277/1277/1277
f 1276/1276/1276 1278/1278/1278 1277/1277/1277
f 1277/1277/1277 1278/1278/1278 1279/1279/1279
f 1272/1272/1272 1280/1280/1280 1275/1275/1275
f 1281/1281/1281 1280/1280/1280 1272/1272/1272
f 1282/1282/1282 1281/1281/1281 1272/1272/1272
f 1283/1283/1283 1281/1281/1281 1282/1282/1282
f 1284/1284/1284 1281/1281/1281 1283/1283/1283
f 1280/1280/1280 1285/1285/1285 1275/1275/1275
f 1286/1286/1286 1281/1281/1281 1284/1284/1284
f 1285/1285/1285 1287/1287/1287 1275/1275/1275
f 1285/1285/1285 1288/1288/1288 1287/1287/1287
f 1275/1275/1275 1289/1289/1289 1276/1276/1276
f 1286/1286/1286 1290/1290/1290 1281/1281/1281
f 1286/1286/1286 1291/1291/1291 1290/1290/1290
f 1290/1290/1290 1292/1292/1292 1281/1281/1281
f 1292/1292/1292 1293/1293/1293 1281/1281/1281
f 1289/1289/1289 1294/1294/1294 1276/1276/1276
f 1276/1276/1276 1294/1294/1294 1278/1278/1278
f 1291/1291/1291 1295/1295/1295 1290/1290/1290
f 1290/1290/1290 1295/1295/1295 1292/1292/1292
f 1296/1296/1296 1295/1295/1295 1291/1291/1291
f 1295/1295/1295 1297/1297/1297 1292/1292/1292
f 1296/1296/1296 1297/1297/1297 1295/1295/1295
f 1292/1292/1292 1297/1297/1297 1298/1298/1298
f 1292/1292/1292 1298/1298/1298 1293/1293/1293
f 1299/1299/1299 1298/1298/1298 1297/1297/1297
f 1296/1296/1296 1299/1299/1299 1297/1297/1297
f 1300/1300/1300 1293/1293/1293 1298/1298/1298
f 1300/1300/1300 1298/1298/1298 1299/1299/1299
f 1300/1300/1300 1301/1301/1301 1293/1293/1293
f 1301/1301/1301 1302/1302/1302 1293/1293/1293
f 1299/1299/1299 1303/1303/1303 1300/1300/1300
f 1301/1301/1301 1300/1300/1300 1303/1303/1303
f 1304/1304/1304 1303/1303/1303 1299/1299/1299
f 1296/1296/1296 1304/1304/1304 1299/1299/1299
f 1291/1291/1291 1305/1305/1305 1296/1296/1296
f 1306/1306/1306 1305/1305/1305 1291/1291/1291
f 1306/1306/1306 1307/1307/1307 1305/1305/1305
f 1306/1306/1306 1308/1308/1308 1307/1307/1307
f 1301/1301/1301 1303/1303/1303 1309/1309/1309
f 1304/1304/1304 1309/1309/1309 1303/1303/1303
f 1301/1301/1301 1309/1309/1309 1310/1310/1310
f 1296/1296/1296 1305/1305/1305 1311/1311/1311
f 1296/1296/1296 1312/1312/1312 1304/1304/1304
f 1296/1296/1296 1311/1311/1311 1312/1312/1312
f 1313/1313/1313 1309/1309/1309 1304/1304/1304
f 1312/1312/1312 1313/1313/1313 1304/1304/1304
f 1314/1314/1314 1311/1311/1311 1305/1305/1305
f 1307/1307/1307 1314/1314/1314 1305/1305/1305
f 1312/1312/1312 1311/1311/1311 1315/1315/1315
f 1314/1314/1314 1315/1315/1315 1311/1311/1311
f 1312/1312/1312 1315/1315/1315 1316/1316/1316
f 1312/1312/1312 1316/1316/1316 1313/1313/1313
f 1314/1314/1314 1317/1317/1317 1315/1315/1315
f 1316/1316/1316 1315/1315/1315 1317/1317/1317
f 1318/1318/1318 1317/1317/1317 1314/1314/1314
f 1316/1316/1316 1317/1317/1317 1319/1319/1319
f 1316/1316/1316 1319/1319/1319 1320/1320/1320
f 1316/1316/1316 1320/1320/1320 1313/1313/1313
f 1313/1313/1313 1321/1321/1321 1309/1309/1309
f 1320/1320/1320 1321/1321/1321 1313/1313/1313
f 1309/1309/1309 1321/1321/1321 1310/1310/1310
f 1317/1317/1317 1318/1318/1318 1322/1322/1322
f 1322/1322/1322 1319/1319/1319 1317/1317/1317
f 1318/1318/1318 1323/1323/1323 1322/1322/1322
f 1322/1322/1322 1323/1323/1323 1324/1324/1324
f 1322/1322/1322 1324/1324/1324 1325/1325/1325
f 1324/1324/1324 1326/1326/1326 1325/1325/1325
f 1327/1327/1327 1319/1319/1319 1322/1322/1322
f 1325/1325/1325 1327/1327/1327 1322/1322/1322
f 1328/1328/1328 1327/1327/1327 1325/1325/1325
f 1319/1319/1319 1327/1327/1327 1328/1328/1328
f 1325/1325/1325 1326/1326/1326 1329/1329/1329
f 1329/1329/1329 1328/1328/1328 1325/1325/1325
f 1319/1319/1319 1328/1328/1328 1330/1330/1330
f 1330/1330/1330 1328/1328/1328 1329/1329/1329
f 1329/1329/1329 1326/1326/1326 1331/1331/1331
f 1326/1326/1326 1332/1332/1332 1331/1331/1331
f 1333/1333/1333 1330/1330/1330 1329/1329/1329
f 1319/1319/1319 1330/1330/1330 1333/1333/1333
f 1331/1331/1331 1333/1333/1333 1329/1329/1329
f 1319/1319/1319 1333/1333/1333 1334/1334/1334
f 1334/1334/1334 1333/1333/1333 1331/1331/1331
f 1319/1319/1319 1334/1334/1334 1320/1320/1320
f 1335/1335/1335 1334/1334/1334 1331/1331/1331
f 1320/1320/1320 1334/1334/1334 1335/1335/1335
f 1331/1331/1331 1332/1332/1332 1335/1335/1335
f 1321/1321/1321 1320/1320/1320 1335/1335/1335
f 1335/1335/1335 1336/1336/1336 1321/1321/1321
f 1336/1336/1336 1310/1310/1310 1321/1321/1321
f 1337/1337/1337 1336/1336/1336 1335/1335/1335
f 1332/1332/1332 1337/1337/1337 1335/1335/1335
f 1337/1337/1337 1338/1338/1338 1336/1336/1336
f 1338/1338/1338 1310/1310/1310 1336/1336/1336
f 1332/1332/1332 1339/1339/1339 1337/1337/1337
f 1339/1339/1339 1338/1338/1338 1337/1337/1337
f 1340/1340/1340 1339/1339/1339 1332/1332/1332
f 1341/1341/1341 1340/1340/1340 1332/1332/1332
f 1342/1342/1342 1338/1338/1338 1339/1339/1339
f 1342/1342/1342 1310/1310/1310 1338/1338/1338
f 1342/1342/1342 1339/1339/1339 1340/1340/1340
f 1343/1343/1343 1310/1310/1310 1342/1342/1342
f 1344/1344/1344 1310/1310/1310 1343/1343/1343
f 1344/1344/1344 1301/1301/1301 1310/1310/1310
f 1345/1345/1345 1301/1301/1301 1344/1344/1344
f 1345/1345/1345 1346/1346/1346 1301/1301/1301
f 1345/1345/1345 1347/1347/1347 1346/1346/1346
f 1345/1345/1345 1348/1348/1348 1347/1347/1347
f 1342/1342/1342 1340/1340/1340 1349/1349/1349
f 1350/1350/1350 1340/1340/1340 1341/1341/1341
f 1349/1349/1349 1340/1340/1340 1350/1350/1350
f 1351/1351/1351 1350/1350/1350 1341/1341/1341
f 1351/1351/1351 1341/1341/1341 1352/1352/1352
f 1352/1352/1352 1341/1341/1341 1353/1353/1353
f 1353/1353/1353 1354/1354/1354 1352/1352/1352
f 1354/1354/1354 1355/1355/1355 1352/1352/1352
f 1355/1355/1355 1351/1351/1351 1352/1352/1352
f 1356/1356/1356 1351/1351/1351 1355/1355/1355
f 1356/1356/1356 1350/1350/1350 1351/1351/1351
f 1357/1357/1357 1356/1356/1356 1355/1355/1355
f 1349/1349/1349 1350/1350/1350 1358/1358/1358
f 1356/1356/1356 1358/1358/1358 1350/1350/1350
f 1349/1349/1349 1358/1358/1358 1359/1359/1359
f 1360/1360/1360 1358/1358/1358 1356/1356/1356
f 1360/1360/1360 1359/1359/1359 1358/1358/1358
f 1357/1357/1357 1361/1361/1361 1356/1356/1356
f 1356/1356/1356 1361/1361/1361 1360/1360/1360
f 1357/1357/1357 1362/1362/1362 1361/1361/1361
f 1360/1360/1360 1361/1361/1361 1363/1363/1363
f 1363/1363/1363 1361/1361/1361 1364/1364/1364
f 1307/1307/1307 1362/1362/1362 1357/1357/1357
f 1365/1365/1365 1360/1360/1360 1363/1363/1363
f 1365/1365/1365 1359/1359/1359 1360/1360/1360
f 1363/1363/1363 1364/1364/1364 1365/1365/1365
f 1349/1349/1349 1359/1359/1359 1366/1366/1366
f 1367/1367/1367 1349/1349/1349 1366/1366/1366
f 1366/1366/1366 1359/1359/1359 1368/1368/1368
f 1359/1359/1359 1369/1369/1369 1368/1368/1368
f 1369/1369/1369 1370/1370/1370 1368/1368/1368
f 1370/1370/1370 1371/1371/1371 1368/1368/1368
f 1359/1359/1359 1372/1372/1372 1369/1369/1369
f 1365/1365/1365 1372/1372/1372 1359/1359/1359
f 1365/1365/1365 1373/1373/1373 1372/1372/1372
f 1365/1365/1365 1374/1374/1374 1373/1373/1373
f 1365/1365/1365 1364/1364/1364 1374/1374/1374
f 1373/1373/1373 1374/1374/1374 1375/1375/1375
f 1364/1364/1364 1376/1376/1376 1374/1374/1374
f 1364/1364/1364 1361/1361/1361 1376/1376/1376
f 1376/1376/1376 1377/1377/1377 1374/1374/1374
f 1376/1376/1376 1361/1361/1361 1377/1377/1377
f 1374/1374/1374 1378/1378/1378 1375/1375/1375
f 1374/1374/1374 1377/1377/1377 1378/1378/1378
f 1378/1378/1378 1379/1379/1379 1375/1375/1375
f 1378/1378/1378 1377/1377/1377 1379/1379/1379
f 1375/1375/1375 1379/1379/1379 1380/1380/1380
f 1377/1377/1377 1361/1361/1361 190/190/190
f 190/190/190 1379/1379/1379 1377/1377/1377
f 1381/1381/1381 1379/1379/1379 190/190/190
f 1381/1381/1381 1382/1382/1382 1379/1379/1379
f 1381/1381/1381 1383/1383/1383 1382/1382/1382
f 1379/1379/1379 1382/1382/1382 1384/1384/1384
f 1382/1382/1382 1383/1383/1383 1385/1385/1385
f 1382/1382/1382 1386/1386/1386 1384/1384/1384
f 1385/1385/1385 1383/1383/1383 1387/1387/1387
f 1386/1386/1386 1388/1388/1388 1384/1384/1384
f 1387/1387/1387 1389/1389/1389 1385/1385/1385
f 1387/1387/1387 1390/1390/1390 1389/1389/1389
f 1385/1385/1385 1389/1389/1389 1391/1391/1391
f 1392/1392/1392 1385/1385/1385 1391/1391/1391
f 1388/1388/1388 1393/1393/1393 1384/1384/1384
f 1388/1388/1388 1394/1394/1394 1393/1393/1393
f 1384/1384/1384 1393/1393/1393 1395/1395/1395
f 1384/1384/1384 1395/1395/1395 1396/1396/1396
f 1396/1396/1396 1395/1395/1395 1397/1397/1397
f 1396/1396/1396 1397/1397/1397 1398/1398/1398
f 1397/1397/1397 1399/1399/1399 1398/1398/1398
f 1400/1400/1400 1398/1398/1398 1399/1399/1399
f 1400/1400/1400 1401/1401/1401 1398/1398/1398
f 1400/1400/1400 1402/1402/1402 1401/1401/1401
f 1400/1400/1400 1403/1403/1403 1402/1402/1402
f 1403/1403/1403 1404/1404/1404 1402/1402/1402
f 1402/1402/1402 1404/1404/1404 1405/1405/1405
f 1399/1399/1399 1397/1397/1397 1406/1406/1406
f 1399/1399/1399 1406/1406/1406 1407/1407/1407
f 1407/1407/1407 1406/1406/1406 1408/1408/1408
f 1408/1408/1408 1406/1406/1406 1409/1409/1409
f 1410/1410/1410 1408/1408/1408 1409/1409/1409
f 1411/1411/1411 1408/1408/1408 1410/1410/1410
f 1412/1412/1412 1408/1408/1408 1411/1411/1411
f 1397/1397/1397 93/93/93 1406/1406/1406
f 1407/1407/1407 1413/1413/1413 1399/1399/1399
f 1412/1412/1412 1414/1414/1414 1408/1408/1408
f 1415/1415/1415 93/93/93 1397/1397/1397
f 1397/1397/1397 1416/1416/1416 1415/1415/1415
f 87/87/87 93/93/93 1415/1415/1415
f 1415/1415/1415 1416/1416/1416 1417/1417/1417
f 1415/1415/1415 1417/1417/1417 87/87/87
f 1418/1418/1418 1417/1417/1417 1416/1416/1416
f 87/87/87 1417/1417/1417 77/77/77
f 1419/1419/1419 1417/1417/1417 1418/1418/1418
f 1419/1419/1419 77/77/77 1417/1417/1417
f 1418/1418/1418 1420/1420/1420 1419/1419/1419
f 1419/1419/1419 84/84/84 77/77/77
f 1407/1407/1407 1421/1421/1421 1413/1413/1413
f 1408/1408/1408 1421/1421/1421 1407/1407/1407
f 1420/1420/1420 1422/1422/1422 1419/1419/1419
f 1420/1420/1420 1423/1423/1423 1422/1422/1422
f 1424/1424/1424 84/84/84 1419/1419/1419
f 1419/1419/1419 1422/1422/1422 1424/1424/1424
f 128/128/128 84/84/84 1424/1424/1424
f 1422/1422/1422 1425/1425/1425 1424/1424/1424
f 1424/1424/1424 1425/1425/1425 128/128/128
f 1422/1422/1422 1423/1423/1423 1426/1426/1426
f 1422/1422/1422 1426/1426/1426 1425/1425/1425
f 1425/1425/1425 1427/1427/1427 128/128/128
f 128/128/128 1427/1427/1427 129/129/129
f 1428/1428/1428 1426/1426/1426 1423/1423/1423
f 1428/1428/1428 1423/1423/1423 1429/1429/1429
f 1430/1430/1430 1426/1426/1426 1428/1428/1428
f 1426/1426/1426 1431/1431/1431 1425/1425/1425
f 1430/1430/1430 1431/1431/1431 1426/1426/1426
f 1425/1425/1425 1431/1431/1431 1427/1427/1427
f 1432/1432/1432 1431/1431/1431 1430/1430/1430
f 1432/1432/1432 1433/1433/1433 1431/1431/1431
f 1431/1431/1431 1433/1433/1433 1427/1427/1427
f 1434/1434/1434 1433/1433/1433 1432/1432/1432
f 1427/1427/1427 1435/1435/1435 129/129/129
f 1427/1427/1427 1433/1433/1433 1435/1435/1435
f 1434/1434/1434 1435/1435/1435 1433/1433/1433
f 1436/1436/1436 1435/1435/1435 1434/1434/1434
f 129/129/129 1435/1435/1435 132/132/132
f 1436/1436/1436 132/132/132 1435/1435/1435
f 1437/1437/1437 132/132/132 1436/1436/1436
f 126/126/126 132/132/132 1437/1437/1437
f 1438/1438/1438 126/126/126 1437/1437/1437
f 1439/1439/1439 126/126/126 1438/1438/1438
f 1440/1440/1440 126/126/126 1439/1439/1439
f 1442/1442/1442 1441/1441/1441 1308/1308/1308
f 1443/1443/1443 1308/1308/1308 1441/1441/1441
f 1308/1308/1308 1443/1443/1443 1307/1307/1307
f 1307/1307/1307 1443/1443/1443 1444/1444/1444
f 1307/1307/1307 1444/1444/1444 1445/1445/1445
f 1307/1307/1307 1445/1445/1445 1362/1362/1362
f 1444/1444/1444 1446/1446/1446 1445/1445/1445
f 1444/1444/1444 1447/1447/1447 1446/1446/1446
f 1446/1446/1446 1448/1448/1448 1445/1445/1445
f 1362/1362/1362 1445/1445/1445 1449/1449/1449
f 1450/1450/1450 1362/1362/1362 1449/1449/1449
f 1450/1450/1450 1451/1451/1451 1362/1362/1362
f 1452/1452/1452 1451/1451/1451 1450/1450/1450
f 1362/1362/1362 1451/1451/1451 1453/1453/1453
f 1362/1362/1362 1453/1453/1453 1361/1361/1361
f 1453/1453/1453 1451/1451/1451 186/186/186
f 185/185/185 186/186/186 1451/1451/1451
f 1361/1361/1361 1453/1453/1453 1454/1454/1454
f 1453/1453/1453 186/186/186 1454/1454/1454
f 1361/1361/1361 1454/1454/1454 1455/1455/1455
f 1454/1454/1454 186/186/186 1455/1455/1455
f 1361/1361/1361 1455/1455/1455 190/190/190
f 1455/1455/1455 186/186/186 190/190/190
f 1457/1457/1457 185/185/185 1456/1456/1456
f 187/187/187 185/185/185 1457/1457/1457
f 1458/1458/1458 1457/1457/1457 1456/1456/1456
f 1456/1456/1456 1459/1459/1459 1458/1458/1458
f 1459/1459/1459 1460/1460/1460 1458/1458/1458
f 1460/1460/1460 1459/1459/1459 1461/1461/1461
f 1462/1462/1462 1460/1460/1460 1461/1461/1461
f 1461/1461/1461 1463/1463/1463 1462/1462/1462
f 1463/1463/1463 1464/1464/1464 1462/1462/1462
f 1465/1465/1465 1460/1460/1460 1462/1462/1462
f 1458/1458/1458 1460/1460/1460 1465/1465/1465
f 1462/1462/1462 1464/1464/1464 1466/1466/1466
f 1466/1466/1466 1465/1465/1465 1462/1462/1462
f 1464/1464/1464 1467/1467/1467 1466/1466/1466
f 1466/1466/1466 1467/1467/1467 1468/1468/1468
f 1468/1468/1468 1465/1465/1465 1466/1466/1466
f 1467/1467/1467 1469/1469/1469 1468/1468/1468
f 187/187/187 1457/1457/1457 1470/1470/1470
f 1471/1471/1471 1457/1457/1457 1458/1458/1458
f 1470/1470/1470 1457/1457/1457 1471/1471/1471
f 1470/1470/1470 1471/1471/1471 1472/1472/1472
f 1458/1458/1458 1465/1465/1465 1473/1473/1473
f 1473/1473/1473 1471/1471/1471 1458/1458/1458
f 1474/1474/1474 187/187/187 1470/1470/1470
f 184/184/184 187/187/187 1474/1474/1474
f 1468/1468/1468 1475/1475/1475 1465/1465/1465
f 1473/1473/1473 1465/1465/1465 1475/1475/1475
f 1476/1476/1476 1471/1471/1471 1473/1473/1473
f 1472/1472/1472 1471/1471/1471 1476/1476/1476
f 1477/1477/1477 1476/1476/1476 1473/1473/1473
f 1473/1473/1473 1475/1475/1475 1477/1477/1477
f 1478/1478/1478 1470/1470/1470 1472/1472/1472
f 1474/1474/1474 1470/1470/1470 1478/1478/1478
f 1479/1479/1479 1472/1472/1472 1476/1476/1476
f 1479/1479/1479 1476/1476/1476 1477/1477/1477
f 1480/1480/1480 1479/1479/1479 1477/1477/1477
f 1481/1481/1481 1475/1475/1475 1468/1468/1468
f 1477/1477/1477 1475/1475/1475 1482/1482/1482
f 1482/1482/1482 1475/1475/1475 1481/1481/1481
f 1481/1481/1481 1468/1468/1468 1483/1483/1483
f 1468/1468/1468 1484/1484/1484 1483/1483/1483
f 1484/1484/1484 1485/1485/1485 1483/1483/1483
f 1480/1480/1480 1477/1477/1477 1486/1486/1486
f 1477/1477/1477 1482/1482/1482 1486/1486/1486
f 1482/1482/1482 1481/1481/1481 1487/1487/1487
f 1486/1486/1486 1482/1482/1482 1488/1488/1488
f 1482/1482/1482 1487/1487/1487 1488/1488/1488
f 1487/1487/1487 1481/1481/1481 1489/1489/1489
f 1481/1481/1481 1490/1490/1490 1489/1489/1489
f 1487/1487/1487 1491/1491/1491 1488/1488/1488
f 1491/1491/1491 1492/1492/1492 1488/1488/1488
f 1492/1492/1492 1493/1493/1493 1488/1488/1488
f 1487/1487/1487 1489/1489/1489 1494/1494/1494
f 1495/1495/1495 1487/1487/1487 1494/1494/1494
f 1490/1490/1490 1496/1496/1496 1489/1489/1489
f 1496/1496/1496 1497/1497/1497 1489/1489/1489
f 1498/1498/1498 1496/1496/1496 1490/1490/1490
f 1499/1499/1499 1498/1498/1498 1490/1490/1490
f 1499/1499/1499 1500/1500/1500 1498/1498/1498
f 1501/1501/1501 1500/1500/1500 1499/1499/1499
f 1502/1502/1502 1501/1501/1501 1499/1499/1499
f 1503/1503/1503 1502/1502/1502 1499/1499/1499
f 1495/1495/1495 1494/1494/1494 1504/1504/1504
f 1504/1504/1504 1494/1494/1494 1505/1505/1505
f 1506/1506/1506 1495/1495/1495 1504/1504/1504
f 1507/1507/1507 1495/1495/1495 1506/1506/1506
f 1508/1508/1508 1507/1507/1507 1506/1506/1506
f 1509/1509/1509 1507/1507/1507 1508/1508/1508
f 1507/1507/1507 1509/1509/1509 1510/1510/1510
f 1507/1507/1507 1510/1510/1510 1511/1511/1511
f 1514/1514/1514 1513/1513/1513 1512/1512/1512
f 1515/1515/1515 1514/1514/1514 1512/1512/1512
f 1516/1516/1516 1514/1514/1514 1515/1515/1515
f 1517/1517/1517 1515/1515/1515 1512/1512/1512
f 1517/1517/1517 1512/1512/1512 1518/1518/1518
f 1517/1517/1517 1518/1518/1518 1519/1519/1519
f 1519/1519/1519 1518/1518/1518 1520/1520/1520
f 1519/1519/1519 1520/1520/1520 1521/1521/1521
f 1519/1519/1519 1521/1521/1521 1522/1522/1522
f 1522/1522/1522 1521/1521/1521 1523/1523/1523
f 1522/1522/1522 1523/1523/1523 1524/1524/1524
f 1525/1525/1525 1516/1516/1516 1515/1515/1515
f 1526/1526/1526 1515/1515/1515 1517/1517/1517
f 1525/1525/1525 1515/1515/1515 1526/1526/1526
f 1527/1527/1527 1516/1516/1516 1525/1525/1525
f 1528/1528/1528 1516/1516/1516 1527/1527/1527
f 1529/1529/1529 1527/1527/1527 1525/1525/1525
f 1530/1530/1530 1527/1527/1527 1529/1529/1529
f 1529/1529/1529 1525/1525/1525 1531/1531/1531
f 1530/1530/1530 1529/1529/1529 1531/1531/1531
f 1531/1531/1531 1525/1525/1525 1526/1526/1526
f 1532/1532/1532 1530/1530/1530 1531/1531/1531
f 1533/1533/1533 1530/1530/1530 1532/1532/1532
f 1534/1534/1534 1533/1533/1533 1532/1532/1532
f 1535/1535/1535 1534/1534/1534 1532/1532/1532
f 1536/1536/1536 1534/1534/1534 1535/1535/1535
f 1537/1537/1537 1536/1536/1536 1535/1535/1535
f 1531/1531/1531 1538/1538/1538 1532/1532/1532
f 1532/1532/1532 1539/1539/1539 1535/1535/1535
f 1532/1532/1532 1538/1538/1538 1539/1539/1539
f 1526/1526/1526 1540/1540/1540 1531/1531/1531
f 1531/1531/1531 1540/1540/1540 1538/1538/1538
f 1535/1535/1535 1541/1541/1541 1537/1537/1537
f 1535/1535/1535 1539/1539/1539 1541/1541/1541
f 1542/1542/1542 1539/1539/1539 1538/1538/1538
f 1542/1542/1542 1538/1538/1538 1543/1543/1543
f 1543/1543/1543 1538/1538/1538 1540/1540/1540
f 1544/1544/1544 1539/1539/1539 1542/1542/1542
f 1541/1541/1541 1539/1539/1539 1544/1544/1544
f 1545/1545/1545 1541/1541/1541 1544/1544/1544
f 1546/1546/1546 1543/1543/1543 1540/1540/1540
f 1547/1547/1547 1541/1541/1541 1545/1545/1545
f 1537/1537/1537 1541/1541/1541 1547/1547/1547
f 1537/1537/1537 1547/1547/1547 1548/1548/1548
f 1548/1548/1548 1549/1549/1549 1537/1537/1537
f 1550/1550/1550 1547/1547/1547 1545/1545/1545
f 1551/1551/1551 1547/1547/1547 1550/1550/1550
f 1547/1547/1547 1551/1551/1551 1548/1548/1548
f 1552/1552/1552 1551/1551/1551 1550/1550/1550
f 1546/1546/1546 1540/1540/1540 1553/1553/1553
f 1526/1526/1526 1553/1553/1553 1540/1540/1540
f 1546/1546/1546 1553/1553/1553 1554/1554/1554
f 1554/1554/1554 1553/1553/1553 1526/1526/1526
f 1555/1555/1555 1546/1546/1546 1554/1554/1554
f 1517/1517/1517 1554/1554/1554 1526/1526/1526
f 1555/1555/1555 1554/1554/1554 1556/1556/1556
f 1556/1556/1556 1554/1554/1554 1517/1517/1517
f 1557/1557/1557 1555/1555/1555 1556/1556/1556
f 1519/1519/1519 1556/1556/1556 1517/1517/1517
f 1558/1558/1558 1557/1557/1557 1556/1556/1556
f 1558/1558/1558 1556/1556/1556 1519/1519/1519
f 1559/1559/1559 1557/1557/1557 1558/1558/1558
f 1522/1522/1522 1558/1558/1558 1519/1519/1519
f 1560/1560/1560 1559/1559/1559 1558/1558/1558
f 1560/1560/1560 1558/1558/1558 1522/1522/1522
f 1561/1561/1561 1559/1559/1559 1560/1560/1560
f 1524/1524/1524 1560/1560/1560 1522/1522/1522
f 1562/1562/1562 1561/1561/1561 1560/1560/1560
f 1562/1562/1562 1560/1560/1560 1524/1524/1524
f 1563/1563/1563 1562/1562/1562 1524/1524/1524
f 1524/1524/1524 1564/1564/1564 1563/1563/1563
f 1565/1565/1565 1561/1561/1561 1562/1562/1562
f 1566/1566/1566 1565/1565/1565 1562/1562/1562
f 1563/1563/1563 1566/1566/1566 1562/1562/1562
f 1567/1567/1567 1565/1565/1565 1566/1566/1566
f 1568/1568/1568 1567/1567/1567 1566/1566/1566
f 1569/1569/1569 1567/1567/1567 1568/1568/1568
f 1570/1570/1570 1566/1566/1566 1563/1563/1563
f 1570/1570/1570 1568/1568/1568 1566/1566/1566
f 1571/1571/1571 1569/1569/1569 1568/1568/1568
f 1571/1571/1571 1572/1572/1572 1569/1569/1569
f 1573/1573/1573 1568/1568/1568 1570/1570/1570
f 1573/1573/1573 1571/1571/1571 1568/1568/1568
f 1574/1574/1574 1572/1572/1572 1571/1571/1571
f 1574/1574/1574 1575/1575/1575 1572/1572/1572
f 1576/1576/1576 1571/1571/1571 1573/1573/1573
f 1576/1576/1576 1574/1574/1574 1571/1571/1571
f 1570/1570/1570 1577/1577/1577 1573/1573/1573
f 1577/1577/1577 1578/1578/1578 1573/1573/1573
f 1570/1570/1570 1579/1579/1579 1577/1577/1577
f 1563/1563/1563 1579/1579/1579 1570/1570/1570
f 1573/1573/1573 1578/1578/1578 1580/1580/1580
f 1573/1573/1573 1580/1580/1580 1576/1576/1576
f 1574/1574/1574 1581/1581/1581 1575/1575/1575
f 1581/1581/1581 1582/1582/1582 1575/1575/1575
f 1582/1582/1582 1583/1583/1583 1575/1575/1575
f 1584/1584/1584 1581/1581/1581 1574/1574/1574
f 1584/1584/1584 1574/1574/1574 1576/1576/1576
f 1582/1582/1582 1581/1581/1581 1584/1584/1584
f 1576/1576/1576 1585/1585/1585 1584/1584/1584
f 1585/1585/1585 1586/1586/1586 1584/1584/1584
f 1576/1576/1576 1587/1587/1587 1585/1585/1585
f 1576/1576/1576 1580/1580/1580 1587/1587/1587
f 1586/1586/1586 1588/1588/1588 1584/1584/1584
f 1588/1588/1588 1589/1589/1589 1584/1584/1584
f 1589/1589/1589 1590/1590/1590 1584/1584/1584
f 1590/1590/1590 1591/1591/1591 1584/1584/1584
f 1591/1591/1591 1592/1592/1592 1584/1584/1584
f 1582/1582/1582 1593/1593/1593 1583/1583/1583
f 1593/1593/1593 1594/1594/1594 1583/1583/1583
f 1595/1595/1595 1582/1582/1582 1584/1584/1584
f 1584/1584/1584 1592/1592/1592 1595/1595/1595
f 1593/1593/1593 1582/1582/1582 1595/1595/1595
f 1592/1592/1592 1596/1596/1596 1595/1595/1595
f 1592/1592/1592 1597/1597/1597 1596/1596/1596
f 1593/1593/1593 1598/1598/1598 1594/1594/1594
f 1594/1594/1594 1598/1598/1598 1552/1552/1552
f 1598/1598/1598 1551/1551/1551 1552/1552/1552
f 1599/1599/1599 1593/1593/1593 1595/1595/1595
f 1598/1598/1598 1593/1593/1593 1599/1599/1599
f 1595/1595/1595 1596/1596/1596 1599/1599/1599
f 1551/1551/1551 1598/1598/1598 1600/1600/1600
f 1600/1600/1600 1598/1598/1598 1599/1599/1599
f 1548/1548/1548 1551/1551/1551 1600/1600/1600
f 1596/1596/1596 1601/1601/1601 1599/1599/1599
f 1601/1601/1601 1602/1602/1602 1599/1599/1599
f 1599/1599/1599 1602/1602/1602 1600/1600/1600
f 1602/1602/1602 1603/1603/1603 1600/1600/1600
f 1600/1600/1600 1603/1603/1603 1548/1548/1548
f 1604/1604/1604 1596/1596/1596 1597/1597/1597
f 1605/1605/1605 1596/1596/1596 1604/1604/1604
f 1604/1604/1604 1597/1597/1597 1606/1606/1606
f 1597/1597/1597 1607/1607/1607 1606/1606/1606
f 1607/1607/1607 1608/1608/1608 1606/1606/1606
f 1608/1608/1608 1607/1607/1607 1609/1609/1609
f 1608/1608/1608 1609/1609/1609 1610/1610/1610
f 1608/1608/1608 1610/1610/1610 1611/1611/1611
f 1612/1612/1612 1608/1608/1608 1611/1611/1611
f 1612/1612/1612 1611/1611/1611 1613/1613/1613
f 1612/1612/1612 1613/1613/1613 1614/1614/1614
f 1612/1612/1612 1614/1614/1614 1615/1615/1615
f 1615/1615/1615 1616/1616/1616 1612/1612/1612
f 1615/1615/1615 1587/1587/1587 1616/1616/1616
f 1617/1617/1617 1596/1596/1596 1605/1605/1605
f 1617/1617/1617 1618/1618/1618 1596/1596/1596
f 1616/1616/1616 1587/1587/1587 1619/1619/1619
f 1587/1587/1587 1580/1580/1580 1619/1619/1619
f 1620/1620/1620 1617/1617/1617 1605/1605/1605
f 1617/1617/1617 1620/1620/1620 1618/1618/1618
f 1621/1621/1621 1608/1608/1608 1612/1612/1612
f 1612/1612/1612 1616/1616/1616 1622/1622/1622
f 1621/1621/1621 1612/1612/1612 1622/1622/1622
f 1623/1623/1623 1608/1608/1608 1621/1621/1621
f 1624/1624/1624 1608/1608/1608 1623/1623/1623
f 1625/1625/1625 1608/1608/1608 1624/1624/1624
f 1626/1626/1626 1621/1621/1621 1622/1622/1622
f 1623/1623/1623 1621/1621/1621 1626/1626/1626
f 1624/1624/1624 1623/1623/1623 1627/1627/1627
f 1627/1627/1627 1623/1623/1623 1626/1626/1626
f 1626/1626/1626 1622/1622/1622 1628/1628/1628
f 1616/1616/1616 1628/1628/1628 1622/1622/1622
f 1629/1629/1629 1628/1628/1628 1616/1616/1616
f 1630/1630/1630 1626/1626/1626 1628/1628/1628
f 1627/1627/1627 1626/1626/1626 1630/1630/1630
f 1631/1631/1631 1627/1627/1627 1630/1630/1630
f 1632/1632/1632 1627/1627/1627 1631/1631/1631
f 1633/1633/1633 1624/1624/1624 1627/1627/1627
f 1633/1633/1633 1627/1627/1627 1632/1632/1632
f 1625/1625/1625 1624/1624/1624 1633/1633/1633
f 1634/1634/1634 1633/1633/1633 1632/1632/1632
f 1635/1635/1635 1633/1633/1633 1634/1634/1634
f 1635/1635/1635 1625/1625/1625 1633/1633/1633
f 1636/1636/1636 1635/1635/1635 1634/1634/1634
f 1637/1637/1637 1625/1625/1625 1635/1635/1635
f 1637/1637/1637 1608/1608/1608 1625/1625/1625
f 1638/1638/1638 1635/1635/1635 1636/1636/1636
f 1638/1638/1638 1637/1637/1637 1635/1635/1635
f 1639/1639/1639 1638/1638/1638 1636/1636/1636
f 1640/1640/1640 1639/1639/1639 1636/1636/1636
f 1641/1641/1641 1637/1637/1637 1638/1638/1638
f 1637/1637/1637 1641/1641/1641 1608/1608/1608
f 1639/1639/1639 1641/1641/1641 1638/1638/1638
f 1642/1642/1642 1639/1639/1639 1640/1640/1640
f 1643/1643/1643 1642/1642/1642 1640/1640/1640
f 1644/1644/1644 1641/1641/1641 1639/1639/1639
f 1641/1641/1641 1644/1644/1644 1608/1608/1608
f 1642/1642/1642 1644/1644/1644 1639/1639/1639
f 1645/1645/1645 1642/1642/1642 1643/1643/1643
f 1646/1646/1646 1645/1645/1645 1643/1643/1643
f 1647/1647/1647 1644/1644/1644 1642/1642/1642
f 1644/1644/1644 1647/1647/1647 1608/1608/1608
f 1645/1645/1645 1647/1647/1647 1642/1642/1642
f 1608/1608/1608 1647/1647/1647 1645/1645/1645
f 1648/1648/1648 1645/1645/1645 1646/1646/1646
f 1648/1648/1648 1608/1608/1608 1645/1645/1645
f 1649/1649/1649 1648/1648/1648 1646/1646/1646
f 1649/1649/1649 1650/1650/1650 1648/1648/1648
f 1608/1608/1608 1648/1648/1648 1606/1606/1606
f 1648/1648/1648 1650/1650/1650 1606/1606/1606
f 1652/1652/1652 1651/1651/1651 1606/1606/1606
f 1606/1606/1606 1651/1651/1651 1604/1604/1604
f 1604/1604/1604 1651/1651/1651 1605/1605/1605
f 1651/1651/1651 1653/1653/1653 1605/1605/1605
f 1653/1653/1653 1654/1654/1654 1605/1605/1605
f 1605/1605/1605 1654/1654/1654 1655/1655/1655
f 1655/1655/1655 1620/1620/1620 1605/1605/1605
f 1656/1656/1656 1655/1655/1655 1654/1654/1654
f 1657/1657/1657 1656/1656/1656 1654/1654/1654
f 1658/1658/1658 1620/1620/1620 1655/1655/1655
f 1656/1656/1656 1658/1658/1658 1655/1655/1655
f 1620/1620/1620 1658/1658/1658 1618/1618/1618
f 1658/1658/1658 1659/1659/1659 1618/1618/1618
f 1659/1659/1659 1658/1658/1658 1656/1656/1656
f 1618/1618/1618 1659/1659/1659 1660/1660/1660
f 1661/1661/1661 1656/1656/1656 1657/1657/1657
f 1661/1661/1661 1659/1659/1659 1656/1656/1656
f 1662/1662/1662 1661/1661/1661 1657/1657/1657
f 1663/1663/1663 1659/1659/1659 1661/1661/1661
f 1659/1659/1659 1663/1663/1663 1660/1660/1660
f 1664/1664/1664 1661/1661/1661 1662/1662/1662
f 1664/1664/1664 1663/1663/1663 1661/1661/1661
f 1665/1665/1665 1664/1664/1664 1662/1662/1662
f 1666/1666/1666 1663/1663/1663 1664/1664/1664
f 1663/1663/1663 1666/1666/1666 1660/1660/1660
f 1667/1667/1667 1664/1664/1664 1665/1665/1665
f 1667/1667/1667 1666/1666/1666 1664/1664/1664
f 1668/1668/1668 1667/1667/1667 1665/1665/1665
f 1669/1669/1669 1667/1667/1667 1668/1668/1668
f 1670/1670/1670 1669/1669/1669 1668/1668/1668
f 1671/1671/1671 1666/1666/1666 1667/1667/1667
f 1666/1666/1666 1671/1671/1671 1660/1660/1660
f 1669/1669/1669 1671/1671/1671 1667/1667/1667
f 1671/1671/1671 1672/1672/1672 1660/1660/1660
f 1672/1672/1672 1671/1671/1671 1669/1669/1669
f 1660/1660/1660 1672/1672/1672 1603/1603/1603
f 1672/1672/1672 1669/1669/1669 1603/1603/1603
f 1669/1669/1669 1670/1670/1670 1549/1549/1549
f 1670/1670/1670 1673/1673/1673 1549/1549/1549
f 1549/1549/1549 1673/1673/1673 1674/1674/1674
f 1673/1673/1673 1675/1675/1675 1674/1674/1674
f 1675/1675/1675 1676/1676/1676 1674/1674/1674
f 1677/1677/1677 1676/1676/1676 1675/1675/1675
f 1677/1677/1677 1678/1678/1678 1676/1676/1676
f 1603/1603/1603 1669/1669/1669 1679/1679/1679
f 1603/1603/1603 1679/1679/1679 1548/1548/1548
f 1680/1680/1680 1679/1679/1679 1669/1669/1669
f 1679/1679/1679 1680/1680/1680 1548/1548/1548
f 1549/1549/1549 1680/1680/1680 1669/1669/1669
f 1680/1680/1680 1549/1549/1549 1548/1548/1548
f 1681/1681/1681 1674/1674/1674 1676/1676/1676
f 1682/1682/1682 1681/1681/1681 1676/1676/1676
f 1674/1674/1674 1683/1683/1683 1549/1549/1549
f 1549/1549/1549 1683/1683/1683 1537/1537/1537
f 1683/1683/1683 1684/1684/1684 1537/1537/1537
f 1674/1674/1674 1684/1684/1684 1683/1683/1683
f 1684/1684/1684 1536/1536/1536 1537/1537/1537
f 1536/1536/1536 1684/1684/1684 1674/1674/1674
f 1685/1685/1685 1536/1536/1536 1674/1674/1674
f 1686/1686/1686 1536/1536/1536 1685/1685/1685
f 1687/1687/1687 1686/1686/1686 1685/1685/1685
f 1687/1687/1687 1685/1685/1685 1688/1688/1688
f 1681/1681/1681 1689/1689/1689 1674/1674/1674
f 1689/1689/1689 1685/1685/1685 1674/1674/1674
f 1690/1690/1690 1681/1681/1681 1682/1682/1682
f 1691/1691/1691 1690/1690/1690 1682/1682/1682
f 1692/1692/1692 1689/1689/1689 1681/1681/1681
f 1685/1685/1685 1689/1689/1689 1692/1692/1692
f 1690/1690/1690 1692/1692/1692 1681/1681/1681
f 1693/1693/1693 1690/1690/1690 1691/1691/1691
f 1694/1694/1694 1693/1693/1693 1691/1691/1691
f 1695/1695/1695 1692/1692/1692 1690/1690/1690
f 1693/1693/1693 1695/1695/1695 1690/1690/1690
f 1696/1696/1696 1693/1693/1693 1694/1694/1694
f 1697/1697/1697 1696/1696/1696 1694/1694/1694
f 1692/1692/1692 1695/1695/1695 1698/1698/1698
f 1685/1685/1685 1692/1692/1692 1698/1698/1698
f 1699/1699/1699 1695/1695/1695 1693/1693/1693
f 1696/1696/1696 1699/1699/1699 1693/1693/1693
f 1695/1695/1695 1699/1699/1699 1698/1698/1698
f 1698/1698/1698 1699/1699/1699 1696/1696/1696
f 1700/1700/1700 1696/1696/1696 1697/1697/1697
f 1700/1700/1700 1698/1698/1698 1696/1696/1696
f 1701/1701/1701 1700/1700/1700 1697/1697/1697
f 1702/1702/1702 1698/1698/1698 1700/1700/1700
f 1685/1685/1685 1698/1698/1698 1702/1702/1702
f 1703/1703/1703 1700/1700/1700 1701/1701/1701
f 1703/1703/1703 1702/1702/1702 1700/1700/1700
f 1704/1704/1704 1703/1703/1703 1701/1701/1701
f 1704/1704/1704 1705/1705/1705 1703/1703/1703
f 1702/1702/1702 1703/1703/1703 1706/1706/1706
f 1703/1703/1703 1705/1705/1705 1706/1706/1706
f 1685/1685/1685 1702/1702/1702 1707/1707/1707
f 1702/1702/1702 1706/1706/1706 1707/1707/1707
f 1685/1685/1685 1707/1707/1707 1708/1708/1708
f 1688/1688/1688 1685/1685/1685 1708/1708/1708
f 1707/1707/1707 1706/1706/1706 1709/1709/1709
f 1706/1706/1706 1705/1705/1705 1709/1709/1709
f 1707/1707/1707 1709/1709/1709 1708/1708/1708
f 1688/1688/1688 1708/1708/1708 1710/1710/1710
f 1688/1688/1688 1710/1710/1710 1711/1711/1711
f 1710/1710/1710 1712/1712/1712 1711/1711/1711
f 1712/1712/1712 1713/1713/1713 1711/1711/1711
f 1712/1712/1712 1714/1714/1714 1713/1713/1713
f 1715/1715/1715 1714/1714/1714 1712/1712/1712
f 1710/1710/1710 1715/1715/1715 1712/1712/1712
f 1716/1716/1716 1714/1714/1714 1715/1715/1715
f 1717/1717/1717 1716/1716/1716 1715/1715/1715
f 1710/1710/1710 1717/1717/1717 1715/1715/1715
f 1718/1718/1718 1716/1716/1716 1717/1717/1717
f 1708/1708/1708 1709/1709/1709 1719/1719/1719
f 1709/1709/1709 1705/1705/1705 1719/1719/1719
f 1708/1708/1708 1719/1719/1719 1720/1720/1720
f 1708/1708/1708 1720/1720/1720 1710/1710/1710
f 1719/1719/1719 1705/1705/1705 1720/1720/1720
f 1721/1721/1721 1718/1718/1718 1717/1717/1717
f 1710/1710/1710 1721/1721/1721 1717/1717/1717
f 1722/1722/1722 1718/1718/1718 1721/1721/1721
f 1710/1710/1710 1722/1722/1722 1721/1721/1721
f 1723/1723/1723 1718/1718/1718 1722/1722/1722
f 1710/1710/1710 1724/1724/1724 1722/1722/1722
f 1724/1724/1724 1723/1723/1723 1722/1722/1722
f 1710/1710/1710 1720/1720/1720 1724/1724/1724
f 1725/1725/1725 1723/1723/1723 1724/1724/1724
f 1720/1720/1720 1725/1725/1725 1724/1724/1724
f 1705/1705/1705 1725/1725/1725 1720/1720/1720
f 1705/1705/1705 1727/1727/1727 1726/1726/1726
f 1726/1726/1726 1727/1727/1727 1728/1728/1728
f 1728/1728/1728 1727/1727/1727 1729/1729/1729
f 1705/1705/1705 1704/1704/1704 1727/1727/1727
f 1727/1727/1727 1704/1704/1704 1730/1730/1730
f 1727/1727/1727 1730/1730/1730 1731/1731/1731
f 1727/1727/1727 1731/1731/1731 1732/1732/1732
f 1735/1735/1735 1734/1734/1734 1733/1733/1733
f 1735/1735/1735 1733/1733/1733 1736/1736/1736
f 1737/1737/1737 1735/1735/1735 1736/1736/1736
f 1738/1738/1738 1735/1735/1735 1737/1737/1737
f 1737/1737/1737 1736/1736/1736 1739/1739/1739
f 1739/1739/1739 1736/1736/1736 1733/1733/1733
f 1740/1740/1740 1739/1739/1739 1733/1733/1733
f 1741/1741/1741 1739/1739/1739 1740/1740/1740
f 1737/1737/1737 1739/1739/1739 1741/1741/1741
f 1742/1742/1742 1741/1741/1741 1740/1740/1740
f 1737/1737/1737 1741/1741/1741 1742/1742/1742
f 1743/1743/1743 1742/1742/1742 1740/1740/1740
f 1744/1744/1744 1742/1742/1742 1743/1743/1743
f 1737/1737/1737 1742/1742/1742 1744/1744/1744
f 1745/1745/1745 1744/1744/1744 1743/1743/1743
f 1746/1746/1746 1744/1744/1744 1745/1745/1745
f 1737/1737/1737 1744/1744/1744 1746/1746/1746
f 1747/1747/1747 1746/1746/1746 1745/1745/1745
f 1748/1748/1748 1746/1746/1746 1747/1747/1747
f 1737/1737/1737 1746/1746/1746 1748/1748/1748
f 1749/1749/1749 1748/1748/1748 1747/1747/1747
f 1738/1738/1738 1737/1737/1737 1750/1750/1750
f 1737/1737/1737 1748/1748/1748 1750/1750/1750
f 1751/1751/1751 1748/1748/1748 1749/1749/1749
f 1750/1750/1750 1748/1748/1748 1751/1751/1751
f 1738/1738/1738 1750/1750/1750 1752/1752/1752
f 1753/1753/1753 1738/1738/1738 1752/1752/1752
f 1754/1754/1754 1753/1753/1753 1752/1752/1752
f 1523/1523/1523 1754/1754/1754 1752/1752/1752
f 1755/1755/1755 1523/1523/1523 1752/1752/1752
f 1755/1755/1755 1752/1752/1752 1756/1756/1756
f 1750/1750/1750 1757/1757/1757 1752/1752/1752
f 1750/1750/1750 1751/1751/1751 1758/1758/1758
f 1751/1751/1751 1749/1749/1749 1758/1758/1758
f 1750/1750/1750 1758/1758/1758 1757/1757/1757
f 1757/1757/1757 1758/1758/1758 1759/1759/1759
f 1758/1758/1758 1749/1749/1749 1759/1759/1759
f 1757/1757/1757 1759/1759/1759 1760/1760/1760
f 1757/1757/1757 1760/1760/1760 1752/1752/1752
f 1760/1760/1760 1759/1759/1759 1761/1761/1761
f 1759/1759/1759 1749/1749/1749 1761/1761/1761
f 1755/1755/1755 1762/1762/1762 1523/1523/1523
f 1523/1523/1523 1762/1762/1762 1524/1524/1524
f 1762/1762/1762 1763/1763/1763 1524/1524/1524
f 1763/1763/1763 1762/1762/1762 1755/1755/1755
f 1524/1524/1524 1763/1763/1763 1564/1564/1564
f 1564/1564/1564 1763/1763/1763 1755/1755/1755
f 1752/1752/1752 1760/1760/1760 1764/1764/1764
f 1764/1764/1764 1760/1760/1760 1761/1761/1761
f 1761/1761/1761 1749/1749/1749 1765/1765/1765
f 1749/1749/1749 1766/1766/1766 1765/1765/1765
f 1767/1767/1767 1766/1766/1766 1749/1749/1749
f 1768/1768/1768 1766/1766/1766 1767/1767/1767
f 1769/1769/1769 1766/1766/1766 1768/1768/1768
f 1766/1766/1766 1770/1770/1770 1765/1765/1765
f 1766/1766/1766 1771/1771/1771 1770/1770/1770
f 1766/1766/1766 1772/1772/1772 1771/1771/1771
f 1765/1765/1765 1773/1773/1773 1761/1761/1761
f 1761/1761/1761 1773/1773/1773 1774/1774/1774
f 1774/1774/1774 1764/1764/1764 1761/1761/1761
f 1773/1773/1773 1775/1775/1775 1774/1774/1774
f 1776/1776/1776 1764/1764/1764 1774/1774/1774
f 1752/1752/1752 1764/1764/1764 1776/1776/1776
f 1774/1774/1774 1775/1775/1775 1777/1777/1777
f 1777/1777/1777 1776/1776/1776 1774/1774/1774
f 1775/1775/1775 1778/1778/1778 1777/1777/1777
f 1779/1779/1779 1776/1776/1776 1777/1777/1777
f 1752/1752/1752 1776/1776/1776 1779/1779/1779
f 1777/1777/1777 1778/1778/1778 1780/1780/1780
f 1780/1780/1780 1779/1779/1779 1777/1777/1777
f 1778/1778/1778 1781/1781/1781 1780/1780/1780
f 1782/1782/1782 1752/1752/1752 1779/1779/1779
f 1782/1782/1782 1779/1779/1779 1780/1780/1780
f 1780/1780/1780 1781/1781/1781 1783/1783/1783
f 1783/1783/1783 1782/1782/1782 1780/1780/1780
f 1781/1781/1781 1784/1784/1784 1783/1783/1783
f 1785/1785/1785 1752/1752/1752 1782/1782/1782
f 1785/1785/1785 1782/1782/1782 1783/1783/1783
f 1752/1752/1752 1785/1785/1785 1756/1756/1756
f 1756/1756/1756 1785/1785/1785 1783/1783/1783
f 1783/1783/1783 1784/1784/1784 1756/1756/1756
f 1784/1784/1784 1786/1786/1786 1756/1756/1756
f 1756/1756/1756 1786/1786/1786 1755/1755/1755
f 1755/1755/1755 1786/1786/1786 1787/1787/1787
f 1787/1787/1787 1786/1786/1786 1788/1788/1788
f 1786/1786/1786 1789/1789/1789 1788/1788/1788
f 1755/1755/1755 1787/1787/1787 1790/1790/1790
f 1755/1755/1755 1790/1790/1790 1564/1564/1564
f 1564/1564/1564 1790/1790/1790 1791/1791/1791
f 1564/1564/1564 1791/1791/1791 1792/1792/1792
f 1792/1792/1792 1793/1793/1793 1564/1564/1564
f 1564/1564/1564 1793/1793/1793 1563/1563/1563
f 1563/1563/1563 1793/1793/1793 1794/1794/1794
f 1792/1792/1792 1794/1794/1794 1793/1793/1793
f 1563/1563/1563 1794/1794/1794 1579/1579/1579
f 1794/1794/1794 1792/1792/1792 1579/1579/1579
f 1792/1792/1792 1791/1791/1791 1795/1795/1795
f 1791/1791/1791 1796/1796/1796 1795/1795/1795
f 1579/1579/1579 1792/1792/1792 1797/1797/1797
f 1797/1797/1797 1798/1798/1798 1579/1579/1579
f 1799/1799/1799 1797/1797/1797 1792/1792/1792
f 1795/1795/1795 1799/1799/1799 1792/1792/1792
f 1799/1799/1799 1798/1798/1798 1797/1797/1797
f 1795/1795/1795 1796/1796/1796 1800/1800/1800
f 1796/1796/1796 1801/1801/1801 1800/1800/1800
f 1802/1802/1802 1799/1799/1799 1795/1795/1795
f 1799/1799/1799 1802/1802/1802 1798/1798/1798
f 1800/1800/1800 1802/1802/1802 1795/1795/1795
f 1800/1800/1800 1801/1801/1801 1803/1803/1803
f 1801/1801/1801 1804/1804/1804 1803/1803/1803
f 1805/1805/1805 1802/1802/1802 1800/1800/1800
f 1802/1802/1802 1805/1805/1805 1798/1798/1798
f 1803/1803/1803 1805/1805/1805 1800/1800/1800
f 1805/1805/1805 1806/1806/1806 1798/1798/1798
f 1806/1806/1806 1805/1805/1805 1803/1803/1803
f 1806/1806/1806 1807/1807/1807 1798/1798/1798
f 1803/1803/1803 1804/1804/1804 1808/1808/1808
f 1808/1808/1808 1806/1806/1806 1803/1803/1803
f 1804/1804/1804 1809/1809/1809 1808/1808/1808
f 1810/1810/1810 1806/1806/1806 1808/1808/1808
f 1810/1810/1810 1807/1807/1807 1806/1806/1806
f 1808/1808/1808 1809/1809/1809 1811/1811/1811
f 1811/1811/1811 1810/1810/1810 1808/1808/1808
f 1809/1809/1809 1812/1812/1812 1811/1811/1811
f 1813/1813/1813 1807/1807/1807 1810/1810/1810
f 1813/1813/1813 1810/1810/1810 1811/1811/1811
f 1811/1811/1811 1812/1812/1812 1814/1814/1814
f 1814/1814/1814 1813/1813/1813 1811/1811/1811
f 1812/1812/1812 1815/1815/1815 1814/1814/1814
f 1813/1813/1813 1816/1816/1816 1807/1807/1807
f 1816/1816/1816 1813/1813/1813 1814/1814/1814
f 1816/1816/1816 1580/1580/1580 1807/1807/1807
f 1580/1580/1580 1816/1816/1816 1814/1814/1814
f 1619/1619/1619 1580/1580/1580 1814/1814/1814
f 1814/1814/1814 1815/1815/1815 1619/1619/1619
f 1815/1815/1815 1817/1817/1817 1619/1619/1619
f 1619/1619/1619 1817/1817/1817 1616/1616/1616
f 1817/1817/1817 1818/1818/1818 1616/1616/1616
f 1821/1821/1821 1820/1820/1820 1819/1819/1819
f 1820/1820/1820 1822/1822/1822 1819/1819/1819
f 1822/1822/1822 1823/1823/1823 1819/1819/1819
f 1823/1823/1823 1824/1824/1824 1819/1819/1819
f 1823/1823/1823 1825/1825/1825 1824/1824/1824
f 1823/1823/1823 1826/1826/1826 1825/1825/1825
f 1826/1826/1826 1827/1827/1827 1825/1825/1825
f 1826/1826/1826 1828/1828/1828 1827/1827/1827
f 1828/1828/1828 1829/1829/1829 1827/1827/1827
f 1829/1829/1829 1289/1289/1289 1827/1827/1827
f 1289/1289/1289 1830/1830/1830 1827/1827/1827
f 1289/1289/1289 1831/1831/1831 1830/1830/1830
f 1832/1832/1832 1289/1289/1289 1829/1829/1829
f 1833/1833/1833 1832/1832/1832 1829/1829/1829
f 1833/1833/1833 1834/1834/1834 1832/1832/1832
f 1832/1832/1832 1294/1294/1294 1289/1289/1289
f 1835/1835/1835 1294/1294/1294 1832/1832/1832
f 1832/1832/1832 1836/1836/1836 1835/1835/1835
f 1837/1837/1837 1294/1294/1294 1835/1835/1835
f 1837/1837/1837 1838/1838/1838 1294/1294/1294
f 1294/1294/1294 1838/1838/1838 1278/1278/1278
f 1278/1278/1278 1838/1838/1838 1839/1839/1839
f 1838/1838/1838 1840/1840/1840 1839/1839/1839
f 71/71/71 1840/1840/1840 1838/1838/1838
f 71/71/71 1838/1838/1838 1837/1837/1837
f 1278/1278/1278 1839/1839/1839 1279/1279/1279
f 1837/1837/1837 1841/1841/1841 71/71/71
f 1837/1837/1837 1842/1842/1842 1841/1841/1841
f 1835/1835/1835 1842/1842/1842 1837/1837/1837
f 1843/1843/1843 1841/1841/1841 1842/1842/1842
f 1843/1843/1843 1842/1842/1842 1844/1844/1844
f 1835/1835/1835 1845/1845/1845 1842/1842/1842
f 1844/1844/1844 1842/1842/1842 1845/1845/1845
f 1836/1836/1836 1845/1845/1845 1835/1835/1835
f 1844/1844/1844 1845/1845/1845 1846/1846/1846
f 1846/1846/1846 1845/1845/1845 1836/1836/1836
f 1846/1846/1846 1836/1836/1836 1847/1847/1847
f 1847/1847/1847 1836/1836/1836 1848/1848/1848
f 1836/1836/1836 1849/1849/1849 1848/1848/1848
f 1836/1836/1836 1850/1850/1850 1849/1849/1849
f 1836/1836/1836 1851/1851/1851 1850/1850/1850
f 1851/1851/1851 1852/1852/1852 1850/1850/1850
f 75/75/75 1853/1853/1853 71/71/71
f 1854/1854/1854 1853/1853/1853 75/75/75
f 71/71/71 1853/1853/1853 1840/1840/1840
f 1854/1854/1854 1855/1855/1855 1853/1853/1853
f 1854/1854/1854 1856/1856/1856 1855/1855/1855
f 1855/1855/1855 1856/1856/1856 1857/1857/1857
f 1858/1858/1858 1855/1855/1855 1857/1857/1857
f 1859/1859/1859 1853/1853/1853 1855/1855/1855
f 1853/1853/1853 1859/1859/1859 1840/1840/1840
f 1860/1860/1860 1855/1855/1855 1858/1858/1858
f 1860/1860/1860 1859/1859/1859 1855/1855/1855
f 1861/1861/1861 1860/1860/1860 1858/1858/1858
f 1862/1862/1862 1859/1859/1859 1860/1860/1860
f 1859/1859/1859 1862/1862/1862 1840/1840/1840
f 1863/1863/1863 1860/1860/1860 1861/1861/1861
f 1863/1863/1863 1862/1862/1862 1860/1860/1860
f 1864/1864/1864 1863/1863/1863 1861/1861/1861
f 1865/1865/1865 1862/1862/1862 1863/1863/1863
f 1862/1862/1862 1865/1865/1865 1840/1840/1840
f 1866/1866/1866 1863/1863/1863 1864/1864/1864
f 1866/1866/1866 1865/1865/1865 1863/1863/1863
f 1867/1867/1867 1866/1866/1866 1864/1864/1864
f 1865/1865/1865 1868/1868/1868 1840/1840/1840
f 1868/1868/1868 1865/1865/1865 1866/1866/1866
f 1869/1869/1869 1866/1866/1866 1867/1867/1867
f 1869/1869/1869 1868/1868/1868 1866/1866/1866
f 1870/1870/1870 1869/1869/1869 1867/1867/1867
f 1868/1868/1868 1871/1871/1871 1840/1840/1840
f 1840/1840/1840 1871/1871/1871 1839/1839/1839
f 1872/1872/1872 1868/1868/1868 1869/1869/1869
f 1868/1868/1868 1872/1872/1872 1871/1871/1871
f 1873/1873/1873 1869/1869/1869 1870/1870/1870
f 1873/1873/1873 1872/1872/1872 1869/1869/1869
f 1874/1874/1874 1873/1873/1873 1870/1870/1870
f 1874/1874/1874 1872/1872/1872 1873/1873/1873
f 1279/1279/1279 1874/1874/1874 1870/1870/1870
f 1839/1839/1839 1875/1875/1875 1279/1279/1279
f 1839/1839/1839 1871/1871/1871 1875/1875/1875
f 1875/1875/1875 1874/1874/1874 1279/1279/1279
f 1872/1872/1872 1876/1876/1876 1871/1871/1871
f 1876/1876/1876 1872/1872/1872 1874/1874/1874
f 1871/1871/1871 1876/1876/1876 1875/1875/1875
f 1875/1875/1875 1876/1876/1876 1874/1874/1874
f 1879/1879/1879 1878/1878/1878 1877/1877/1877
f 1880/1880/1880 1879/1879/1879 1877/1877/1877
f 1880/1880/1880 1877/1877/1877 1881/1881/1881
f 1882/1882/1882 1880/1880/1880 1881/1881/1881
f 1882/1882/1882 1881/1881/1881 1883/1883/1883
f 1884/1884/1884 1882/1882/1882 1883/1883/1883
f 1884/1884/1884 1883/1883/1883 1885/1885/1885
f 1886/1886/1886 1884/1884/1884 1885/1885/1885
f 1886/1886/1886 1885/1885/1885 1887/1887/1887
f 1886/1886/1886 1887/1887/1887 1888/1888/1888
f 1889/1889/1889 1886/1886/1886 1888/1888/1888
f 1888/1888/1888 1887/1887/1887 1890/1890/1890
f 1890/1890/1890 1887/1887/1887 1891/1891/1891
f 1888/1888/1888 1892/1892/1892 1889/1889/1889
f 1890/1890/1890 1892/1892/1892 1888/1888/1888
f 1892/1892/1892 1893/1893/1893 1889/1889/1889
f 1891/1891/1891 1894/1894/1894 1890/1890/1890
f 1894/1894/1894 1892/1892/1892 1890/1890/1890
f 1895/1895/1895 1894/1894/1894 1891/1891/1891
f 1895/1895/1895 1896/1896/1896 1894/1894/1894
f 1894/1894/1894 1896/1896/1896 1892/1892/1892
f 1897/1897/1897 1896/1896/1896 1895/1895/1895
f 1897/1897/1897 1898/1898/1898 1896/1896/1896
f 1896/1896/1896 1898/1898/1898 1899/1899/1899
f 1896/1896/1896 1899/1899/1899 1900/1900/1900
f 1896/1896/1896 1900/1900/1900 1901/1901/1901
f 1896/1896/1896 1901/1901/1901 1902/1902/1902
f 1892/1892/1892 1903/1903/1903 1893/1893/1893
f 1896/1896/1896 1903/1903/1903 1892/1892/1892
f 1896/1896/1896 1902/1902/1902 1903/1903/1903
f 1903/1903/1903 1904/1904/1904 1893/1893/1893
f 1903/1903/1903 1902/1902/1902 1905/1905/1905
f 1903/1903/1903 1906/1906/1906 1904/1904/1904
f 1903/1903/1903 1905/1905/1905 1907/1907/1907
f 1903/1903/1903 1908/1908/1908 1906/1906/1906
f 1903/1903/1903 1907/1907/1907 1909/1909/1909
f 1903/1903/1903 1909/1909/1909 1908/1908/1908
f 1912/1912/1912 1911/1911/1911 1910/1910/1910
f 1913/1913/1913 1912/1912/1912 1910/1910/1910
f 1913/1913/1913 1910/1910/1910 1914/1914/1914
f 1915/1915/1915 1913/1913/1913 1914/1914/1914
f 1915/1915/1915 1914/1914/1914 1916/1916/1916
f 1917/1917/1917 1915/1915/1915 1916/1916/1916
f 1917/1917/1917 1916/1916/1916 1918/1918/1918
f 1919/1919/1919 1917/1917/1917 1918/1918/1918
f 1919/1919/1919 1918/1918/1918 1920/1920/1920
f 1919/1919/1919 1920/1920/1920 1921/1921/1921
f 1922/1922/1922 1919/1919/1919 1921/1921/1921
f 1921/1921/1921 1920/1920/1920 1923/1923/1923
f 1923/1923/1923 1920/1920/1920 1924/1924/1924
f 1921/1921/1921 1925/1925/1925 1922/1922/1922
f 1923/1923/1923 1925/1925/1925 1921/1921/1921
f 1925/1925/1925 1926/1926/1926 1922/1922/1922
f 1924/1924/1924 1927/1927/1927 1923/1923/1923
f 1927/1927/1927 1925/1925/1925 1923/1923/1923
f 1928/1928/1928 1927/1927/1927 1924/1924/1924
f 1928/1928/1928 1929/1929/1929 1927/1927/1927
f 1927/1927/1927 1929/1929/1929 1925/1925/1925
f 1930/1930/1930 1929/1929/1929 1928/1928/1928
f 1930/1930/1930 1931/1931/1931 1929/1929/1929
f 1929/1929/1929 1931/1931/1931 1932/1932/1932
f 1929/1929/1929 1932/1932/1932 1933/1933/1933
f 1929/1929/1929 1933/1933/1933 1934/1934/1934
f 1929/1929/1929 1934/1934/1934 1935/1935/1935
f 1925/1925/1925 1936/1936/1936 1926/1926/1926
f 1929/1929/1929 1936/1936/1936 1925/1925/1925
f 1929/1929/1929 1935/1935/1935 1936/1936/1936
f 1936/1936/1936 1937/1937/1937 1926/1926/1926
f 1936/1936/1936 1935/1935/1935 1938/1938/1938
f 1936/1936/1936 1939/1939/1939 1937/1937/1937
f 1936/1936/1936 1938/1938/1938 1940/1940/1940
f 1936/1936/1936 1941/1941/1941 1939/1939/1939
f 1936/1936/1936 1940/1940/1940 1942/1942/1942
f 1936/1936/1936 1942/1942/1942 1941/1941/1941
f 1945/1945/1945 1944/1944/1944 1943/1943/1943
f 1944/1944/1944 1946/1946/1946 1943/1943/1943
f 1946/1946/1946 1947/1947/1947 1943/1943/1943
f 1946/1946/1946 1948/1948/1948 1947/1947/1947
f 1948/1948/1948 1949/1949/1949 1947/1947/1947
f 1948/1948/1948 1950/1950/1950 1949/1949/1949
f 1950/1950/1950 1951/1951/1951 1949/1949/1949
f 1950/1950/1950 1952/1952/1952 1951/1951/1951
f 1952/1952/1952 1953/1953/1953 1951/1951/1951
f 1952/1952/1952 1954/1954/1954 1953/1953/1953
f 1955/1955/1955 1954/1954/1954 1952/1952/1952
f 1954/1954/1954 1956/1956/1956 1953/1953/1953
f 1956/1956/1956 1957/1957/1957 1953/1953/1953
f 1955/1955/1955 1958/1958/1958 1954/1954/1954
f 1954/1954/1954 1958/1958/1958 1956/1956/1956
f 1959/1959/1959 1958/1958/1958 1955/1955/1955
f 1956/1956/1956 1960/1960/1960 1957/1957/1957
f 1958/1958/1958 1960/1960/1960 1956/1956/1956
f 1960/1960/1960 1961/1961/1961 1957/1957/1957
f 1960/1960/1960 1962/1962/1962 1961/1961/1961
f 1958/1958/1958 1962/1962/1962 1960/1960/1960
f 1962/1962/1962 1963/1963/1963 1961/1961/1961
f 1962/1962/1962 1964/1964/1964 1963/1963/1963
f 1965/1965/1965 1964/1964/1964 1962/1962/1962
f 1966/1966/1966 1965/1965/1965 1962/1962/1962
f 1967/1967/1967 1966/1966/1966 1962/1962/1962
f 1968/1968/1968 1967/1967/1967 1962/1962/1962
f 1959/1959/1959 1969/1969/1969 1958/1958/1958
f 1969/1969/1969 1962/1962/1962 1958/1958/1958
f 1969/1969/1969 1968/1968/1968 1962/1962/1962
f 1970/1970/1970 1969/1969/1969 1959/1959/1959
f 1971/1971/1971 1968/1968/1968 1969/1969/1969
f 1970/1970/1970 1972/1972/1972 1969/1969/1969
f 1973/1973/1973 1971/1971/1971 1969/1969/1969
f 1972/1972/1972 1974/1974/1974 1969/1969/1969
f 1975/1975/1975 1973/1973/1973 1969/1969/1969
f 1974/1974/1974 1975/1975/1975 1969/1969/1969
f 1978/1978/1978 1977/1977/1977 1976/1976/1976
f 1979/1979/1979 1977/1977/1977 1978/1978/1978
f 1980/1980/1980 1979/1979/1979 1978/1978/1978
f 1981/1981/1981 1979/1979/1979 1980/1980/1980
f 1981/1981/1981 1980/1980/1980 1982/1982/1982
f 1977/1977/1977 1979/1979/1979 1983/1983/1983
f 1984/1984/1984 1977/1977/1977 1983/1983/1983
f 1985/1985/1985 1984/1984/1984 1983/1983/1983
f 1985/1985/1985 1986/1986/1986 1984/1984/1984
f 1987/1987/1987 1981/1981/1981 1982/1982/1982
f 1987/1987/1987 1982/1982/1982 1988/1988/1988
f 1979/1979/1979 1981/1981/1981 1989/1989/1989
f 1983/1983/1983 1979/1979/1979 1989/1989/1989
f 1986/1986/1986 1990/1990/1990 1984/1984/1984
f 1984/1984/1984 1990/1990/1990 1991/1991/1991
f 1990/1990/1990 1992/1992/1992 1991/1991/1991
f 1991/1991/1991 1992/1992/1992 1993/1993/1993
f 1994/1994/1994 1993/1993/1993 1992/1992/1992
f 1995/1995/1995 1987/1987/1987 1988/1988/1988
f 1995/1995/1995 1988/1988/1988 1996/1996/1996
f 1990/1990/1990 1986/1986/1986 1997/1997/1997
f 1990/1990/1990 1997/1997/1997 1992/1992/1992
f 1998/1998/1998 1995/1995/1995 1996/1996/1996
f 1998/1998/1998 1996/1996/1996 1999/1999/1999
f 1995/1995/1995 1998/1998/1998 2000/2000/2000
f 2000/2000/2000 1998/1998/1998 2001/2001/2001
f 1987/1987/1987 1995/1995/1995 2002/2002/2002
f 2002/2002/2002 1995/1995/1995 2000/2000/2000
f 2003/2003/2003 1994/1994/1994 1992/1992/1992
f 1994/1994/1994 2003/2003/2003 2004/2004/2004
f 1992/1992/1992 2005/2005/2005 2003/2003/2003
f 1997/1997/1997 2005/2005/2005 1992/1992/1992
f 2006/2006/2006 2003/2003/2003 2005/2005/2005
f 2006/2006/2006 2004/2004/2004 2003/2003/2003
f 2007/2007/2007 2005/2005/2005 1997/1997/1997
f 2007/2007/2007 2006/2006/2006 2005/2005/2005
f 2008/2008/2008 2007/2007/2007 1997/1997/1997
f 2008/2008/2008 1997/1997/1997 1986/1986/1986
f 2009/2009/2009 1987/1987/1987 2002/2002/2002
f 2010/2010/2010 2009/2009/2009 2002/2002/2002
f 2010/2010/2010 2002/2002/2002 2011/2011/2011
f 2011/2011/2011 2002/2002/2002 2000/2000/2000
f 2011/2011/2011 2000/2000/2000 2012/2012/2012
f 2012/2012/2012 2000/2000/2000 2013/2013/2013
f 2000/2000/2000 2001/2001/2001 2013/2013/2013
f 2001/2001/2001 2014/2014/2014 2013/2013/2013
f 2012/2012/2012 2013/2013/2013 2015/2015/2015
f 2016/2016/2016 1987/1987/1987 2009/2009/2009
f 1981/1981/1981 1987/1987/1987 2016/2016/2016
f 2017/2017/2017 2014/2014/2014 2001/2001/2001
f 2018/2018/2018 2017/2017/2017 2001/2001/2001
f 2018/2018/2018 2019/2019/2019 2017/2017/2017
f 2020/2020/2020 2019/2019/2019 2018/2018/2018
f 2020/2020/2020 2021/2021/2021 2019/2019/2019
f 2017/2017/2017 2022/2022/2022 2014/2014/2014
f 2019/2019/2019 2022/2022/2022 2017/2017/2017
f 2016/2016/2016 2009/2009/2009 2023/2023/2023
f 2024/2024/2024 2023/2023/2023 2009/2009/2009
f 2024/2024/2024 2009/2009/2009 2025/2025/2025
f 1183/1183/1183 2016/2016/2016 2023/2023/2023
f 1183/1183/1183 2026/2026/2026 2016/2016/2016
f 2026/2026/2026 1183/1183/1183 1186/1186/1186
f 2026/2026/2026 2027/2027/2027 2016/2016/2016
f 2027/2027/2027 1981/1981/1981 2016/2016/2016
f 1981/1981/1981 2027/2027/2027 2028/2028/2028
f 1989/1989/1989 1981/1981/1981 2028/2028/2028
f 1989/1989/1989 2028/2028/2028 2029/2029/2029
f 2030/2030/2030 1989/1989/1989 2029/2029/2029
f 1983/1983/1983 1989/1989/1989 2030/2030/2030
f 2031/2031/2031 1983/1983/1983 2030/2030/2030
f 2031/2031/2031 1985/1985/1985 1983/1983/1983
f 266/266/266 1985/1985/1985 2031/2031/2031
f 2032/2032/2032 2028/2028/2028 2027/2027/2027
f 2032/2032/2032 2027/2027/2027 2026/2026/2026
f 2033/2033/2033 2028/2028/2028 2032/2032/2032
f 2033/2033/2033 2032/2032/2032 2034/2034/2034
f 266/266/266 2035/2035/2035 1985/1985/1985
f 2036/2036/2036 2035/2035/2035 266/266/266
f 265/265/265 2036/2036/2036 266/266/266
f 2036/2036/2036 265/265/265 2037/2037/2037
f 2035/2035/2035 2036/2036/2036 2038/2038/2038
f 2038/2038/2038 2036/2036/2036 2037/2037/2037
f 2037/2037/2037 265/265/265 2039/2039/2039
f 265/265/265 253/253/253 2039/2039/2039
f 2039/2039/2039 253/253/253 2040/2040/2040
f 253/253/253 249/249/249 2040/2040/2040
f 2040/2040/2040 249/249/249 2041/2041/2041
f 249/249/249 245/245/245 2041/2041/2041
f 2041/2041/2041 245/245/245 2042/2042/2042
f 245/245/245 236/236/236 2042/2042/2042
f 2043/2043/2043 2037/2037/2037 2039/2039/2039
f 2043/2043/2043 2039/2039/2039 2044/2044/2044
f 2044/2044/2044 2039/2039/2039 2040/2040/2040
f 2044/2044/2044 2040/2040/2040 2045/2045/2045
f 2045/2045/2045 2040/2040/2040 2041/2041/2041
f 2045/2045/2045 2041/2041/2041 2046/2046/2046
f 2046/2046/2046 2041/2041/2041 2042/2042/2042
f 2047/2047/2047 2037/2037/2037 2043/2043/2043
f 2047/2047/2047 2038/2038/2038 2037/2037/2037
f 2046/2046/2046 2042/2042/2042 2048/2048/2048
f 2042/2042/2042 2049/2049/2049 2048/2048/2048
f 2047/2047/2047 2050/2050/2050 2038/2038/2038
f 2050/2050/2050 2035/2035/2035 2038/2038/2038
f 2051/2051/2051 2050/2050/2050 2047/2047/2047
f 2052/2052/2052 2049/2049/2049 2042/2042/2042
f 236/236/236 2052/2052/2052 2042/2042/2042
f 2052/2052/2052 2053/2053/2053 2049/2049/2049
f 2054/2054/2054 2035/2035/2035 2050/2050/2050
f 2035/2035/2035 2054/2054/2054 1985/1985/1985
f 2051/2051/2051 2055/2055/2055 2050/2050/2050
f 2055/2055/2055 2054/2054/2054 2050/2050/2050
f 2056/2056/2056 2055/2055/2055 2051/2051/2051
f 2054/2054/2054 2057/2057/2057 1985/1985/1985
f 2057/2057/2057 2054/2054/2054 2055/2055/2055
f 2057/2057/2057 1986/1986/1986 1985/1985/1985
f 2056/2056/2056 2058/2058/2058 2055/2055/2055
f 2058/2058/2058 2057/2057/2057 2055/2055/2055
f 2059/2059/2059 2058/2058/2058 2056/2056/2056
f 2057/2057/2057 2060/2060/2060 1986/1986/1986
f 2058/2058/2058 2060/2060/2060 2057/2057/2057
f 2059/2059/2059 2061/2061/2061 2058/2058/2058
f 2061/2061/2061 2060/2060/2060 2058/2058/2058
f 2062/2062/2062 2061/2061/2061 2059/2059/2059
f 2062/2062/2062 2063/2063/2063 2061/2061/2061
f 2063/2063/2063 2060/2060/2060 2061/2061/2061
f 2064/2064/2064 2063/2063/2063 2062/2062/2062
f 2064/2064/2064 2065/2065/2065 2063/2063/2063
f 2060/2060/2060 2066/2066/2066 1986/1986/1986
f 2063/2063/2063 2066/2066/2066 2060/2060/2060
f 2066/2066/2066 2008/2008/2008 1986/1986/1986
f 2065/2065/2065 2067/2067/2067 2063/2063/2063
f 2066/2066/2066 2063/2063/2063 2067/2067/2067
f 2065/2065/2065 2068/2068/2068 2067/2067/2067
f 2069/2069/2069 2008/2008/2008 2066/2066/2066
f 2066/2066/2066 2067/2067/2067 2070/2070/2070
f 2070/2070/2070 2069/2069/2069 2066/2066/2066
f 2068/2068/2068 2071/2071/2071 2067/2067/2067
f 2071/2071/2071 2070/2070/2070 2067/2067/2067
f 2069/2069/2069 2072/2072/2072 2008/2008/2008
f 2072/2072/2072 2007/2007/2007 2008/2008/2008
f 2070/2070/2070 2073/2073/2073 2069/2069/2069
f 2071/2071/2071 2073/2073/2073 2070/2070/2070
f 2073/2073/2073 2072/2072/2072 2069/2069/2069
f 2074/2074/2074 2071/2071/2071 2068/2068/2068
f 2075/2075/2075 2074/2074/2074 2068/2068/2068
f 2071/2071/2071 2076/2076/2076 2073/2073/2073
f 2073/2073/2073 2076/2076/2076 2072/2072/2072
f 2077/2077/2077 2076/2076/2076 2071/2071/2071
f 2076/2076/2076 2077/2077/2077 2072/2072/2072
f 2074/2074/2074 2077/2077/2077 2071/2071/2071
f 2072/2072/2072 2078/2078/2078 2007/2007/2007
f 2077/2077/2077 2078/2078/2078 2072/2072/2072
f 2078/2078/2078 2006/2006/2006 2007/2007/2007
f 2077/2077/2077 2079/2079/2079 2078/2078/2078
f 2074/2074/2074 2079/2079/2079 2077/2077/2077
f 2079/2079/2079 2080/2080/2080 2078/2078/2078
f 2080/2080/2080 2006/2006/2006 2078/2078/2078
f 2079/2079/2079 2074/2074/2074 2080/2080/2080
f 2081/2081/2081 2074/2074/2074 2075/2075/2075
f 2080/2080/2080 2074/2074/2074 2081/2081/2081
f 2082/2082/2082 2081/2081/2081 2075/2075/2075
f 2083/2083/2083 2081/2081/2081 2082/2082/2082
f 2080/2080/2080 2084/2084/2084 2006/2006/2006
f 2080/2080/2080 2081/2081/2081 2084/2084/2084
f 2084/2084/2084 2004/2004/2004 2006/2006/2006
f 2083/2083/2083 2085/2085/2085 2081/2081/2081
f 2081/2081/2081 2085/2085/2085 2084/2084/2084
f 2086/2086/2086 2085/2085/2085 2083/2083/2083
f 2084/2084/2084 2085/2085/2085 2087/2087/2087
f 2087/2087/2087 2004/2004/2004 2084/2084/2084
f 2086/2086/2086 2088/2088/2088 2085/2085/2085
f 2085/2085/2085 2088/2088/2088 2087/2087/2087
f 2089/2089/2089 2088/2088/2088 2086/2086/2086
f 2089/2089/2089 2090/2090/2090 2088/2088/2088
f 2087/2087/2087 2088/2088/2088 2090/2090/2090
f 2091/2091/2091 2090/2090/2090 2089/2089/2089
f 2087/2087/2087 2090/2090/2090 2092/2092/2092
f 2092/2092/2092 2004/2004/2004 2087/2087/2087
f 2091/2091/2091 2093/2093/2093 2090/2090/2090
f 2092/2092/2092 2090/2090/2090 2093/2093/2093
f 2094/2094/2094 2093/2093/2093 2091/2091/2091
f 2094/2094/2094 2095/2095/2095 2093/2093/2093
f 2096/2096/2096 2095/2095/2095 2094/2094/2094
f 2092/2092/2092 2093/2093/2093 2097/2097/2097
f 2097/2097/2097 2093/2093/2093 2095/2095/2095
f 2096/2096/2096 2098/2098/2098 2095/2095/2095
f 2099/2099/2099 2098/2098/2098 2096/2096/2096
f 2099/2099/2099 2100/2100/2100 2098/2098/2098
f 2101/2101/2101 2100/2100/2100 2099/2099/2099
f 2101/2101/2101 2102/2102/2102 2100/2100/2100
f 2103/2103/2103 2102/2102/2102 2101/2101/2101
f 2098/2098/2098 2100/2100/2100 208/208/208
f 208/208/208 2100/2100/2100 2102/2102/2102
f 2095/2095/2095 2098/2098/2098 2104/2104/2104
f 2104/2104/2104 2098/2098/2098 208/208/208
f 2097/2097/2097 2095/2095/2095 2105/2105/2105
f 2105/2105/2105 2095/2095/2095 2104/2104/2104
f 208/208/208 182/182/182 2104/2104/2104
f 2104/2104/2104 182/182/182 2105/2105/2105
f 2105/2105/2105 182/182/182 2097/2097/2097
f 2097/2097/2097 182/182/182 2092/2092/2092
f 182/182/182 184/184/184 2092/2092/2092
f 2092/2092/2092 184/184/184 2004/2004/2004
f 208/208/208 2102/2102/2102 224/224/224
f 2103/2103/2103 2106/2106/2106 2102/2102/2102
f 224/224/224 2102/2102/2102 2106/2106/2106
f 2107/2107/2107 2106/2106/2106 2103/2103/2103
f 2004/2004/2004 184/184/184 2108/2108/2108
f 184/184/184 1474/1474/1474 2108/2108/2108
f 2004/2004/2004 2108/2108/2108 1994/1994/1994
f 224/224/224 2106/2106/2106 2109/2109/2109
f 221/221/221 224/224/224 2109/2109/2109
f 2107/2107/2107 2110/2110/2110 2106/2106/2106
f 2109/2109/2109 2106/2106/2106 2110/2110/2110
f 2053/2053/2053 2110/2110/2110 2107/2107/2107
f 2108/2108/2108 1474/1474/1474 2111/2111/2111
f 1474/1474/1474 1478/1478/1478 2111/2111/2111
f 1478/1478/1478 2112/2112/2112 2111/2111/2111
f 1994/1994/1994 2108/2108/2108 2113/2113/2113
f 2113/2113/2113 2108/2108/2108 2111/2111/2111
f 2113/2113/2113 2114/2114/2114 1994/1994/1994
f 2114/2114/2114 2115/2115/2115 1994/1994/1994
f 2116/2116/2116 2114/2114/2114 2113/2113/2113
f 2113/2113/2113 2111/2111/2111 2117/2117/2117
f 2117/2117/2117 2116/2116/2116 2113/2113/2113
f 2117/2117/2117 2111/2111/2111 2112/2112/2112
f 2118/2118/2118 2116/2116/2116 2117/2117/2117
f 2119/2119/2119 2118/2118/2118 2117/2117/2117
f 2117/2117/2117 2112/2112/2112 2119/2119/2119
f 2120/2120/2120 2118/2118/2118 2119/2119/2119
f 2121/2121/2121 2120/2120/2120 2119/2119/2119
f 2119/2119/2119 2112/2112/2112 2121/2121/2121
f 2122/2122/2122 2120/2120/2120 2121/2121/2121
f 2123/2123/2123 2122/2122/2122 2121/2121/2121
f 2124/2124/2124 2122/2122/2122 2123/2123/2123
f 2021/2021/2021 2124/2124/2124 2123/2123/2123
f 2121/2121/2121 2125/2125/2125 2123/2123/2123
f 2112/2112/2112 2125/2125/2125 2121/2121/2121
f 2123/2123/2123 2126/2126/2126 2021/2021/2021
f 2125/2125/2125 2126/2126/2126 2123/2123/2123
f 2126/2126/2126 2127/2127/2127 2021/2021/2021
f 2127/2127/2127 2128/2128/2128 2021/2021/2021
f 2021/2021/2021 2128/2128/2128 2019/2019/2019
f 2128/2128/2128 2129/2129/2129 2019/2019/2019
f 2019/2019/2019 2129/2129/2129 2022/2022/2022
f 2128/2128/2128 2130/2130/2130 2129/2129/2129
f 2127/2127/2127 2130/2130/2130 2128/2128/2128
f 2129/2129/2129 2131/2131/2131 2022/2022/2022
f 2129/2129/2129 2130/2130/2130 2131/2131/2131
f 2022/2022/2022 2131/2131/2131 2132/2132/2132
f 2022/2022/2022 2132/2132/2132 2014/2014/2014
f 2112/2112/2112 2133/2133/2133 2125/2125/2125
f 2134/2134/2134 2126/2126/2126 2125/2125/2125
f 2133/2133/2133 2134/2134/2134 2125/2125/2125
f 725/725/725 2127/2127/2127 2126/2126/2126
f 2134/2134/2134 725/725/725 2126/2126/2126
f 2135/2135/2135 2133/2133/2133 2112/2112/2112
f 1478/1478/1478 2135/2135/2135 2112/2112/2112
f 1478/1478/1478 1472/1472/1472 2135/2135/2135
f 2135/2135/2135 1472/1472/1472 2133/2133/2133
f 1472/1472/1472 2136/2136/2136 2133/2133/2133
f 2133/2133/2133 2136/2136/2136 2134/2134/2134
f 1479/1479/1479 2136/2136/2136 1472/1472/1472
f 2136/2136/2136 2137/2137/2137 2134/2134/2134
f 2134/2134/2134 2137/2137/2137 725/725/725
f 2138/2138/2138 2136/2136/2136 1479/1479/1479
f 2138/2138/2138 2137/2137/2137 2136/2136/2136
f 1480/1480/1480 2138/2138/2138 1479/1479/1479
f 2137/2137/2137 720/720/720 725/725/725
f 2139/2139/2139 720/720/720 2137/2137/2137
f 2139/2139/2139 2137/2137/2137 2138/2138/2138
f 722/722/722 720/720/720 2139/2139/2139
f 2140/2140/2140 722/722/722 2139/2139/2139
f 2141/2141/2141 2139/2139/2139 2138/2138/2138
f 2141/2141/2141 2138/2138/2138 1480/1480/1480
f 2141/2141/2141 1480/1480/1480 2142/2142/2142
f 2142/2142/2142 1480/1480/1480 2143/2143/2143
f 2140/2140/2140 2139/2139/2139 2144/2144/2144
f 1480/1480/1480 2145/2145/2145 2143/2143/2143
f 2146/2146/2146 2143/2143/2143 2145/2145/2145
f 1480/1480/1480 1486/1486/1486 2145/2145/2145
f 2146/2146/2146 2145/2145/2145 2147/2147/2147
f 2147/2147/2147 2145/2145/2145 1486/1486/1486
f 2147/2147/2147 2148/2148/2148 2146/2146/2146
f 2148/2148/2148 2149/2149/2149 2146/2146/2146
f 2150/2150/2150 2148/2148/2148 2147/2147/2147
f 2147/2147/2147 1486/1486/1486 2151/2151/2151
f 2151/2151/2151 2150/2150/2150 2147/2147/2147
f 2151/2151/2151 1486/1486/1486 1488/1488/1488
f 2152/2152/2152 2150/2150/2150 2151/2151/2151
f 1488/1488/1488 2152/2152/2152 2151/2151/2151
f 2153/2153/2153 2140/2140/2140 2144/2144/2144
f 2153/2153/2153 2144/2144/2144 2154/2154/2154
f 2154/2154/2154 2144/2144/2144 2155/2155/2155
f 2155/2155/2155 2144/2144/2144 2156/2156/2156
f 2157/2157/2157 2154/2154/2154 2155/2155/2155
f 2157/2157/2157 2158/2158/2158 2154/2154/2154
f 2158/2158/2158 2159/2159/2159 2154/2154/2154
f 2154/2154/2154 2159/2159/2159 2160/2160/2160
f 2161/2161/2161 2153/2153/2153 2154/2154/2154
f 2162/2162/2162 2140/2140/2140 2153/2153/2153
f 2161/2161/2161 2162/2162/2162 2153/2153/2153
f 2161/2161/2161 2154/2154/2154 2163/2163/2163
f 2163/2163/2163 2154/2154/2154 2160/2160/2160
f 2164/2164/2164 2161/2161/2161 2163/2163/2163
f 2161/2161/2161 2165/2165/2165 2162/2162/2162
f 2165/2165/2165 2140/2140/2140 2162/2162/2162
f 2161/2161/2161 2166/2166/2166 2165/2165/2165
f 2166/2166/2166 2140/2140/2140 2165/2165/2165
f 2167/2167/2167 2164/2164/2164 2163/2163/2163
f 2167/2167/2167 2168/2168/2168 2164/2164/2164
f 2168/2168/2168 2169/2169/2169 2164/2164/2164
f 2169/2169/2169 2170/2170/2170 2164/2164/2164
f 2166/2166/2166 2171/2171/2171 2140/2140/2140
f 2171/2171/2171 722/722/722 2140/2140/2140
f 2172/2172/2172 722/722/722 2171/2171/2171
f 2166/2166/2166 2172/2172/2172 2171/2171/2171
f 2170/2170/2170 2173/2173/2173 2164/2164/2164
f 2164/2164/2164 2174/2174/2174 2161/2161/2161
f 2164/2164/2164 2173/2173/2173 2174/2174/2174
f 2170/2170/2170 2175/2175/2175 2173/2173/2173
f 2170/2170/2170 2176/2176/2176 2175/2175/2175
f 2176/2176/2176 2177/2177/2177 2175/2175/2175
f 2174/2174/2174 2173/2173/2173 2178/2178/2178
f 2174/2174/2174 2179/2179/2179 2161/2161/2161
f 2174/2174/2174 2178/2178/2178 2179/2179/2179
f 2173/2173/2173 2180/2180/2180 2178/2178/2178
f 2175/2175/2175 2180/2180/2180 2173/2173/2173
f 2179/2179/2179 2178/2178/2178 2181/2181/2181
f 2178/2178/2178 2180/2180/2180 2181/2181/2181
f 2175/2175/2175 2182/2182/2182 2180/2180/2180
f 2181/2181/2181 2180/2180/2180 2183/2183/2183
f 2180/2180/2180 2184/2184/2184 2183/2183/2183
f 2181/2181/2181 2183/2183/2183 2185/2185/2185
f 2177/2177/2177 2186/2186/2186 2175/2175/2175
f 2186/2186/2186 2182/2182/2182 2175/2175/2175
f 2179/2179/2179 2181/2181/2181 2187/2187/2187
f 2185/2185/2185 2188/2188/2188 2181/2181/2181
f 2187/2187/2187 2181/2181/2181 2188/2188/2188
f 2185/2185/2185 2189/2189/2189 2188/2188/2188
f 2185/2185/2185 2190/2190/2190 2189/2189/2189
f 2191/2191/2191 2187/2187/2187 2188/2188/2188
f 2187/2187/2187 2191/2191/2191 2192/2192/2192
f 2191/2191/2191 2193/2193/2193 2192/2192/2192
f 2193/2193/2193 2194/2194/2194 2192/2192/2192
f 2195/2195/2195 2179/2179/2179 2187/2187/2187
f 2179/2179/2179 2195/2195/2195 2161/2161/2161
f 2196/2196/2196 2195/2195/2195 2187/2187/2187
f 2192/2192/2192 2196/2196/2196 2187/2187/2187
f 2195/2195/2195 2196/2196/2196 2161/2161/2161
f 2161/2161/2161 2196/2196/2196 2197/2197/2197
f 2197/2197/2197 2196/2196/2196 2192/2192/2192
f 2161/2161/2161 2197/2197/2197 2198/2198/2198
f 2198/2198/2198 2197/2197/2197 2192/2192/2192
f 2161/2161/2161 2198/2198/2198 2166/2166/2166
f 2192/2192/2192 2194/2194/2194 2199/2199/2199
f 2199/2199/2199 2198/2198/2198 2192/2192/2192
f 2194/2194/2194 2200/2200/2200 2199/2199/2199
f 2198/2198/2198 2201/2201/2201 2166/2166/2166
f 2201/2201/2201 2198/2198/2198 2199/2199/2199
f 2199/2199/2199 2200/2200/2200 2201/2201/2201
f 2201/2201/2201 2200/2200/2200 2202/2202/2202
f 2166/2166/2166 2201/2201/2201 2203/2203/2203
f 2201/2201/2201 2204/2204/2204 2203/2203/2203
f 2204/2204/2204 2205/2205/2205 2203/2203/2203
f 2205/2205/2205 2206/2206/2206 2203/2203/2203
f 2207/2207/2207 2206/2206/2206 2205/2205/2205
f 2208/2208/2208 2206/2206/2206 2207/2207/2207
f 2207/2207/2207 2209/2209/2209 2208/2208/2208
f 2209/2209/2209 2210/2210/2210 2208/2208/2208
f 2211/2211/2211 2209/2209/2209 2207/2207/2207
f 2212/2212/2212 2211/2211/2211 2207/2207/2207
f 2213/2213/2213 2212/2212/2212 2207/2207/2207
f 2213/2213/2213 2207/2207/2207 2214/2214/2214
f 2215/2215/2215 2205/2205/2205 2204/2204/2204
f 2215/2215/2215 2216/2216/2216 2205/2205/2205
f 2216/2216/2216 2217/2217/2217 2205/2205/2205
f 2216/2216/2216 2218/2218/2218 2217/2217/2217
f 2216/2216/2216 2219/2219/2219 2218/2218/2218
f 2220/2220/2220 2215/2215/2215 2204/2204/2204
f 2221/2221/2221 2220/2220/2220 2204/2204/2204
f 2222/2222/2222 2220/2220/2220 2221/2221/2221
f 2223/2223/2223 2221/2221/2221 2204/2204/2204
f 2224/2224/2224 2221/2221/2221 2223/2223/2223
f 2225/2225/2225 2224/2224/2224 2223/2223/2223
f 2226/2226/2226 2224/2224/2224 2225/2225/2225
f 2226/2226/2226 2227/2227/2227 2224/2224/2224
f 2228/2228/2228 2226/2226/2226 2225/2225/2225
f 2229/2229/2229 2226/2226/2226 2228/2228/2228
f 2226/2226/2226 2229/2229/2229 2230/2230/2230
f 2229/2229/2229 2231/2231/2231 2230/2230/2230
f 2231/2231/2231 2232/2232/2232 2230/2230/2230
f 2232/2232/2232 2233/2233/2233 2230/2230/2230
f 2234/2234/2234 2232/2232/2232 2231/2231/2231
f 2235/2235/2235 2234/2234/2234 2231/2231/2231
f 2235/2235/2235 2236/2236/2236 2234/2234/2234
f 2235/2235/2235 2237/2237/2237 2236/2236/2236
f 2224/2224/2224 2227/2227/2227 2238/2238/2238
f 2238/2238/2238 2239/2239/2239 2224/2224/2224
f 2240/2240/2240 2227/2227/2227 2226/2226/2226
f 2226/2226/2226 2241/2241/2241 2240/2240/2240
f 2242/2242/2242 2227/2227/2227 2240/2240/2240
f 2243/2243/2243 2242/2242/2242 2240/2240/2240
f 2240/2240/2240 2241/2241/2241 2244/2244/2244
f 2240/2240/2240 2244/2244/2244 2243/2243/2243
f 2241/2241/2241 2245/2245/2245 2244/2244/2244
f 2244/2244/2244 2245/2245/2245 2246/2246/2246
f 2243/2243/2243 2244/2244/2244 2246/2246/2246
f 2246/2246/2246 2245/2245/2245 2247/2247/2247
f 2246/2246/2246 2247/2247/2247 2248/2248/2248
f 2243/2243/2243 2246/2246/2246 2248/2248/2248
f 2248/2248/2248 2247/2247/2247 2249/2249/2249
f 2248/2248/2248 2249/2249/2249 2250/2250/2250
f 2248/2248/2248 2250/2250/2250 2251/2251/2251
f 2248/2248/2248 2251/2251/2251 2252/2252/2252
f 2253/2253/2253 2248/2248/2248 2252/2252/2252
f 2254/2254/2254 2248/2248/2248 2253/2253/2253
f 2255/2255/2255 2254/2254/2254 2253/2253/2253
f 2243/2243/2243 2248/2248/2248 2256/2256/2256
f 2256/2256/2256 2242/2242/2242 2243/2243/2243
f 2257/2257/2257 2242/2242/2242 2256/2256/2256
f 2257/2257/2257 2256/2256/2256 2258/2258/2258
f 2256/2256/2256 2259/2259/2259 2258/2258/2258
f 2260/2260/2260 2242/2242/2242 2257/2257/2257
f 2260/2260/2260 2257/2257/2257 2261/2261/2261
f 2260/2260/2260 2261/2261/2261 2262/2262/2262
f 2263/2263/2263 2260/2260/2260 2262/2262/2262
f 2260/2260/2260 2264/2264/2264 2242/2242/2242
f 2264/2264/2264 2265/2265/2265 2242/2242/2242
f 2263/2263/2263 2262/2262/2262 2266/2266/2266
f 2267/2267/2267 2263/2263/2263 2266/2266/2266
f 2268/2268/2268 2267/2267/2267 2266/2266/2266
f 2268/2268/2268 2266/2266/2266 2269/2269/2269
f 2270/2270/2270 2227/2227/2227 2242/2242/2242
f 2270/2270/2270 2242/2242/2242 2271/2271/2271
f 2272/2272/2272 2227/2227/2227 2270/2270/2270
f 2272/2272/2272 2273/2273/2273 2227/2227/2227
f 2227/2227/2227 2273/2273/2273 2238/2238/2238
f 2270/2270/2270 2274/2274/2274 2272/2272/2272
f 2275/2275/2275 2274/2274/2274 2270/2270/2270
f 2271/2271/2271 2275/2275/2275 2270/2270/2270
f 2274/2274/2274 2276/2276/2276 2272/2272/2272
f 2272/2272/2272 2276/2276/2276 2277/2277/2277
f 2277/2277/2277 2273/2273/2273 2272/2272/2272
f 2276/2276/2276 2278/2278/2278 2277/2277/2277
f 2279/2279/2279 2275/2275/2275 2271/2271/2271
f 2279/2279/2279 2280/2280/2280 2275/2275/2275
f 2281/2281/2281 2280/2280/2280 2279/2279/2279
f 2282/2282/2282 2281/2281/2281 2279/2279/2279
f 2282/2282/2282 2283/2283/2283 2281/2281/2281
f 2281/2281/2281 2283/2283/2283 2284/2284/2284
f 2283/2283/2283 2285/2285/2285 2284/2284/2284
f 2284/2284/2284 2285/2285/2285 2286/2286/2286
f 2285/2285/2285 2287/2287/2287 2286/2286/2286
f 2286/2286/2286 2287/2287/2287 2288/2288/2288
f 2287/2287/2287 2289/2289/2289 2288/2288/2288
f 2288/2288/2288 2289/2289/2289 2290/2290/2290
f 2291/2291/2291 2290/2290/2290 2289/2289/2289
f 2292/2292/2292 2291/2291/2291 2289/2289/2289
f 2293/2293/2293 2291/2291/2291 2292/2292/2292
f 2294/2294/2294 2293/2293/2293 2292/2292/2292
f 2295/2295/2295 2293/2293/2293 2294/2294/2294
f 2296/2296/2296 2295/2295/2295 2294/2294/2294
f 2299/2299/2299 2298/2298/2298 2297/2297/2297
f 2300/2300/2300 2299/2299/2299 2297/2297/2297
f 2301/2301/2301 2300/2300/2300 2297/2297/2297
f 2301/2301/2301 2297/2297/2297 2302/2302/2302
f 2301/2301/2301 2302/2302/2302 2303/2303/2303
f 2301/2301/2301 2303/2303/2303 2304/2304/2304
f 2302/2302/2302 2297/2297/2297 2305/2305/2305
f 2297/2297/2297 2306/2306/2306 2305/2305/2305
f 2297/2297/2297 2307/2307/2307 2306/2306/2306
f 2307/2307/2307 2308/2308/2308 2306/2306/2306
f 2311/2311/2311 2310/2310/2310 2309/2309/2309
f 2311/2311/2311 2309/2309/2309 2312/2312/2312
f 2313/2313/2313 2311/2311/2311 2312/2312/2312
f 2313/2313/2313 2312/2312/2312 2314/2314/2314
f 2315/2315/2315 2313/2313/2313 2314/2314/2314
f 2314/2314/2314 2312/2312/2312 2316/2316/2316
f 2316/2316/2316 2312/2312/2312 2317/2317/2317
f 2316/2316/2316 2317/2317/2317 2318/2318/2318
f 2318/2318/2318 2317/2317/2317 2319/2319/2319
f 2318/2318/2318 2319/2319/2319 2320/2320/2320
f 2318/2318/2318 2320/2320/2320 2321/2321/2321
f 2321/2321/2321 2320/2320/2320 2322/2322/2322
f 2321/2321/2321 2322/2322/2322 2323/2323/2323
f 2326/2326/2326 2325/2325/2325 2324/2324/2324
f 2325/2325/2325 2327/2327/2327 2324/2324/2324
f 2324/2324/2324 2327/2327/2327 2328/2328/2328
f 2328/2328/2328 2327/2327/2327 2329/2329/2329
f 2329/2329/2329 2327/2327/2327 2330/2330/2330
f 2329/2329/2329 2330/2330/2330 2331/2331/2331
f 2331/2331/2331 2330/2330/2330 2332/2332/2332
f 2332/2332/2332 2330/2330/2330 2333/2333/2333
f 2333/2333/2333 2330/2330/2330 2334/2334/2334
f 2333/2333/2333 2334/2334/2334 2335/2335/2335
f 2335/2335/2335 2334/2334/2334 2336/2336/2336
f 2336/2336/2336 2334/2334/2334 2337/2337/2337
f 2336/2336/2336 2337/2337/2337 2338/2338/2338
f 2338/2338/2338 2337/2337/2337 2339/2339/2339
f 2339/2339/2339 2337/2337/2337 2340/2340/2340
f 2339/2339/2339 2340/2340/2340 2341/2341/2341
f 2344/2344/2344 2343/2343/2343 2342/2342/2342
f 2343/2343/2343 2344/2344/2344 2345/2345/2345
f 2344/2344/2344 2346/2346/2346 2345/2345/2345
f 2345/2345/2345 2346/2346/2346 2347/2347/2347
f 2344/2344/2344 2348/2348/2348 2346/2346/2346
f 2344/2344/2344 2349/2349/2349 2348/2348/2348
f 2344/2344/2344 2350/2350/2350 2349/2349/2349
f 2351/2351/2351 2350/2350/2350 2344/2344/2344
f 2351/2351/2351 2352/2352/2352 2350/2350/2350
f 2353/2353/2353 2352/2352/2352 2351/2351/2351
f 2354/2354/2354 2352/2352/2352 2353/2353/2353
f 2354/2354/2354 2355/2355/2355 2352/2352/2352
f 2356/2356/2356 2355/2355/2355 2354/2354/2354
f 2356/2356/2356 2357/2357/2357 2355/2355/2355
f 2357/2357/2357 2358/2358/2358 2355/2355/2355
f 2357/2357/2357 2359/2359/2359 2358/2358/2358
f 2359/2359/2359 2360/2360/2360 2358/2358/2358
f 2360/2360/2360 2361/2361/2361 2358/2358/2358
f 2360/2360/2360 2362/2362/2362 2361/2361/2361
f 2362/2362/2362 2363/2363/2363 2361/2361/2361
f 2362/2362/2362 2364/2364/2364 2363/2363/2363
f 2364/2364/2364 2365/2365/2365 2363/2363/2363
f 2365/2365/2365 2366/2366/2366 2363/2363/2363
f 2365/2365/2365 2367/2367/2367 2366/2366/2366
f 2366/2366/2366 2367/2367/2367 2368/2368/2368
f 2368/2368/2368 2367/2367/2367 2369/2369/2369
f 2367/2367/2367 2370/2370/2370 2369/2369/2369
f 2369/2369/2369 2370/2370/2370 2371/2371/2371
f 2371/2371/2371 2370/2370/2370 2372/2372/2372
f 2370/2370/2370 2373/2373/2373 2372/2372/2372
f 2347/2347/2347 2372/2372/2372 2373/2373/2373
f 2374/2374/2374 2347/2347/2347 2373/2373/2373
f 2345/2345/2345 2347/2347/2347 2374/2374/2374
f 2374/2374/2374 2373/2373/2373 2375/2375/2375
f 2376/2376/2376 2374/2374/2374 2375/2375/2375
f 2379/2379/2379 2378/2378/2378 2377/2377/2377
f 2378/2378/2378 2380/2380/2380 2377/2377/2377
f 2381/2381/2381 2380/2380/2380 2378/2378/2378
f 2381/2381/2381 2378/2378/2378 2382/2382/2382
f 2382/2382/2382 2383/2383/2383 2381/2381/2381
f 2384/2384/2384 2381/2381/2381 2383/2383/2383
f 2385/2385/2385 2381/2381/2381 2384/2384/2384
f 2386/2386/2386 2385/2385/2385 2384/2384/2384
f 2386/2386/2386 2384/2384/2384 2387/2387/2387
f 2387/2387/2387 2384/2384/2384 2388/2388/2388
f 2384/2384/2384 2383/2383/2383 2388/2388/2388
f 2387/2387/2387 2388/2388/2388 2389/2389/2389
f 2388/2388/2388 2383/2383/2383 2390/2390/2390
f 2382/2382/2382 2390/2390/2390 2383/2383/2383
f 2389/2389/2389 2388/2388/2388 2391/2391/2391
f 2388/2388/2388 2390/2390/2390 2391/2391/2391
f 2389/2389/2389 2391/2391/2391 2392/2392/2392
f 2391/2391/2391 2390/2390/2390 2393/2393/2393
f 2382/2382/2382 2393/2393/2393 2390/2390/2390
f 2392/2392/2392 2391/2391/2391 2394/2394/2394
f 2391/2391/2391 2393/2393/2393 2394/2394/2394
f 2392/2392/2392 2394/2394/2394 2395/2395/2395
f 2395/2395/2395 2394/2394/2394 2396/2396/2396
f 2395/2395/2395 2396/2396/2396 2397/2397/2397
f 2397/2397/2397 2396/2396/2396 2398/2398/2398
f 2394/2394/2394 2393/2393/2393 2399/2399/2399
f 2394/2394/2394 2399/2399/2399 2396/2396/2396
f 2396/2396/2396 2400/2400/2400 2398/2398/2398
f 2398/2398/2398 2400/2400/2400 2401/2401/2401
f 2402/2402/2402 2399/2399/2399 2393/2393/2393
f 2402/2402/2402 2393/2393/2393 2382/2382/2382
f 2396/2396/2396 2399/2399/2399 2403/2403/2403
f 2402/2402/2402 2403/2403/2403 2399/2399/2399
f 2396/2396/2396 2403/2403/2403 2400/2400/2400
f 2400/2400/2400 2404/2404/2404 2401/2401/2401
f 2401/2401/2401 2404/2404/2404 2405/2405/2405
f 2402/2402/2402 2382/2382/2382 2406/2406/2406
f 2407/2407/2407 2403/2403/2403 2402/2402/2402
f 2400/2400/2400 2403/2403/2403 2408/2408/2408
f 2407/2407/2407 2408/2408/2408 2403/2403/2403
f 2400/2400/2400 2408/2408/2408 2404/2404/2404
f 2382/2382/2382 2409/2409/2409 2406/2406/2406
f 2382/2382/2382 2410/2410/2410 2409/2409/2409
f 2407/2407/2407 2411/2411/2411 2408/2408/2408
f 2412/2412/2412 2411/2411/2411 2407/2407/2407
f 2413/2413/2413 2411/2411/2411 2412/2412/2412
f 2411/2411/2411 2414/2414/2414 2408/2408/2408
f 2404/2404/2404 2408/2408/2408 2414/2414/2414
f 2413/2413/2413 2415/2415/2415 2411/2411/2411
f 2416/2416/2416 2415/2415/2415 2413/2413/2413
f 2417/2417/2417 2415/2415/2415 2416/2416/2416
f 2417/2417/2417 2418/2418/2418 2415/2415/2415
f 2419/2419/2419 2418/2418/2418 2417/2417/2417
f 2419/2419/2419 2420/2420/2420 2418/2418/2418
f 2420/2420/2420 2421/2421/2421 2418/2418/2418
f 2420/2420/2420 2422/2422/2422 2421/2421/2421
f 2422/2422/2422 2423/2423/2423 2421/2421/2421
f 2423/2423/2423 2424/2424/2424 2421/2421/2421
f 2423/2423/2423 2425/2425/2425 2424/2424/2424
f 2411/2411/2411 2426/2426/2426 2414/2414/2414
f 2404/2404/2404 2414/2414/2414 2427/2427/2427
f 2414/2414/2414 2426/2426/2426 2427/2427/2427
f 2404/2404/2404 2427/2427/2427 2428/2428/2428
f 2404/2404/2404 2428/2428/2428 2405/2405/2405
f 2428/2428/2428 2427/2427/2427 2429/2429/2429
f 2427/2427/2427 2426/2426/2426 2429/2429/2429
f 2405/2405/2405 2428/2428/2428 2430/2430/2430
f 2428/2428/2428 2429/2429/2429 2430/2430/2430
f 2405/2405/2405 2430/2430/2430 2431/2431/2431
f 2431/2431/2431 2430/2430/2430 2432/2432/2432
f 2430/2430/2430 2429/2429/2429 2432/2432/2432
f 2431/2431/2431 2432/2432/2432 2433/2433/2433
f 2432/2432/2432 2429/2429/2429 2434/2434/2434
f 2426/2426/2426 2434/2434/2434 2429/2429/2429
f 2433/2433/2433 2432/2432/2432 2435/2435/2435
f 2432/2432/2432 2434/2434/2434 2435/2435/2435
f 2433/2433/2433 2435/2435/2435 2436/2436/2436
f 2426/2426/2426 2437/2437/2437 2434/2434/2434
f 2435/2435/2435 2434/2434/2434 2437/2437/2437
f 2436/2436/2436 2435/2435/2435 2438/2438/2438
f 2435/2435/2435 2437/2437/2437 2438/2438/2438
f 2436/2436/2436 2438/2438/2438 2439/2439/2439
f 2439/2439/2439 2438/2438/2438 2440/2440/2440
f 2438/2438/2438 2441/2441/2441 2440/2440/2440
f 2426/2426/2426 2442/2442/2442 2437/2437/2437
f 2438/2438/2438 2437/2437/2437 2442/2442/2442
f 2442/2442/2442 2441/2441/2441 2438/2438/2438
f 2426/2426/2426 2443/2443/2443 2442/2442/2442
f 2444/2444/2444 2441/2441/2441 2442/2442/2442
f 2442/2442/2442 2443/2443/2443 2444/2444/2444
f 2444/2444/2444 2443/2443/2443 2445/2445/2445
f 2443/2443/2443 2446/2446/2446 2445/2445/2445
f 2443/2443/2443 2447/2447/2447 2446/2446/2446
f 2444/2444/2444 2448/2448/2448 2441/2441/2441
f 2449/2449/2449 2441/2441/2441 2448/2448/2448
f 2449/2449/2449 2448/2448/2448 2450/2450/2450
f 2446/2446/2446 2447/2447/2447 2451/2451/2451
f 2447/2447/2447 2452/2452/2452 2451/2451/2451
f 2453/2453/2453 2444/2444/2444 2445/2445/2445
f 2454/2454/2454 2444/2444/2444 2453/2453/2453
f 2454/2454/2454 2448/2448/2448 2444/2444/2444
f 2454/2454/2454 2455/2455/2455 2448/2448/2448
f 2455/2455/2455 2456/2456/2456 2448/2448/2448
f 2457/2457/2457 2448/2448/2448 2456/2456/2456
f 2457/2457/2457 2456/2456/2456 2458/2458/2458
f 2459/2459/2459 2454/2454/2454 2453/2453/2453
f 2455/2455/2455 2454/2454/2454 2459/2459/2459
f 2453/2453/2453 2445/2445/2445 2460/2460/2460
f 2461/2461/2461 2455/2455/2455 2459/2459/2459
f 2462/2462/2462 2461/2461/2461 2459/2459/2459
f 2463/2463/2463 2461/2461/2461 2462/2462/2462
f 2463/2463/2463 2462/2462/2462 2464/2464/2464
f 2460/2460/2460 2445/2445/2445 2465/2465/2465
f 2460/2460/2460 2465/2465/2465 2466/2466/2466
f 2467/2467/2467 2466/2466/2466 2465/2465/2465
f 2465/2465/2465 2468/2468/2468 2467/2467/2467
f 2465/2465/2465 2445/2445/2445 2468/2468/2468
f 2467/2467/2467 2469/2469/2469 2466/2466/2466
f 2470/2470/2470 2466/2466/2466 2469/2469/2469
f 2471/2471/2471 2455/2455/2455 2461/2461/2461
f 2463/2463/2463 2471/2471/2471 2461/2461/2461
f 2472/2472/2472 2463/2463/2463 2464/2464/2464
f 2472/2472/2472 2464/2464/2464 1122/1122/1122
f 2470/2470/2470 2469/2469/2469 2473/2473/2473
f 2474/2474/2474 2470/2470/2470 2473/2473/2473
f 2474/2474/2474 2473/2473/2473 2475/2475/2475
f 2474/2474/2474 2475/2475/2475 959/959/959
f 1122/1122/1122 959/959/959 957/957/957
f 956/956/956 1122/1122/1122 957/957/957
f 2473/2473/2473 2469/2469/2469 2476/2476/2476
f 2475/2475/2475 2473/2473/2473 2476/2476/2476
f 2477/2477/2477 1122/1122/1122 956/956/956
f 2477/2477/2477 2472/2472/2472 1122/1122/1122
f 2478/2478/2478 2477/2477/2477 956/956/956
f 2478/2478/2478 2472/2472/2472 2477/2477/2477
f 1161/1161/1161 2478/2478/2478 956/956/956
f 2479/2479/2479 2472/2472/2472 2478/2478/2478
f 1161/1161/1161 2479/2479/2479 2478/2478/2478
f 2479/2479/2479 2463/2463/2463 2472/2472/2472
f 2480/2480/2480 2479/2479/2479 1161/1161/1161
f 2479/2479/2479 2481/2481/2481 2463/2463/2463
f 2480/2480/2480 2481/2481/2481 2479/2479/2479
f 2480/2480/2480 2482/2482/2482 2481/2481/2481
f 2481/2481/2481 2471/2471/2471 2463/2463/2463
f 2482/2482/2482 2471/2471/2471 2481/2481/2481
f 2482/2482/2482 2406/2406/2406 2471/2471/2471
f 2406/2406/2406 2409/2409/2409 2471/2471/2471
f 2409/2409/2409 2455/2455/2455 2471/2471/2471
f 2409/2409/2409 2483/2483/2483 2455/2455/2455
f 2455/2455/2455 2483/2483/2483 2484/2484/2484
f 2455/2455/2455 2484/2484/2484 2456/2456/2456
f 2409/2409/2409 2485/2485/2485 2483/2483/2483
f 2409/2409/2409 2410/2410/2410 2485/2485/2485
f 2484/2484/2484 2486/2486/2486 2456/2456/2456
f 2487/2487/2487 2456/2456/2456 2486/2486/2486
f 2487/2487/2487 2486/2486/2486 2488/2488/2488
f 2484/2484/2484 2483/2483/2483 2489/2489/2489
f 2484/2484/2484 2489/2489/2489 2486/2486/2486
f 2483/2483/2483 2485/2485/2485 2489/2489/2489
f 2490/2490/2490 2486/2486/2486 2489/2489/2489
f 2490/2490/2490 2489/2489/2489 2491/2491/2491
f 2491/2491/2491 2489/2489/2489 2485/2485/2485
f 2491/2491/2491 2485/2485/2485 2492/2492/2492
f 2492/2492/2492 2485/2485/2485 2410/2410/2410
f 2492/2492/2492 2410/2410/2410 2493/2493/2493
f 2496/2496/2496 2495/2495/2495 2494/2494/2494
f 2496/2496/2496 2497/2497/2497 2495/2495/2495
f 2498/2498/2498 2495/2495/2495 2497/2497/2497
f 2499/2499/2499 2498/2498/2498 2497/2497/2497
f 2501/2501/2501 2468/2468/2468 2500/2500/2500
f 2501/2501/2501 2502/2502/2502 2468/2468/2468
f 2467/2467/2467 2468/2468/2468 2502/2502/2502
f 2467/2467/2467 2502/2502/2502 2503/2503/2503
f 2504/2504/2504 2503/2503/2503 2502/2502/2502
f 2504/2504/2504 2502/2502/2502 2505/2505/2505
f 2451/2451/2451 2467/2467/2467 2503/2503/2503
f 2451/2451/2451 2503/2503/2503 2446/2446/2446
f 2467/2467/2467 2451/2451/2451 2506/2506/2506
f 2451/2451/2451 2452/2452/2452 2506/2506/2506
f 2506/2506/2506 2452/2452/2452 2507/2507/2507
f 2452/2452/2452 2508/2508/2508 2507/2507/2507
f 2507/2507/2507 2508/2508/2508 2509/2509/2509
f 2510/2510/2510 2467/2467/2467 2506/2506/2506
f 2467/2467/2467 2510/2510/2510 2511/2511/2511
f 2467/2467/2467 2511/2511/2511 2469/2469/2469
f 2512/2512/2512 2511/2511/2511 2510/2510/2510
f 2476/2476/2476 2469/2469/2469 2511/2511/2511
f 2476/2476/2476 2511/2511/2511 2512/2512/2512
f 2476/2476/2476 2512/2512/2512 2513/2513/2513
f 2514/2514/2514 2476/2476/2476 2513/2513/2513
f 2514/2514/2514 2513/2513/2513 401/401/401
f 2475/2475/2475 2476/2476/2476 2514/2514/2514
f 2515/2515/2515 2514/2514/2514 401/401/401
f 2475/2475/2475 2514/2514/2514 2515/2515/2515
f 2515/2515/2515 401/401/401 402/402/402
f 2516/2516/2516 2475/2475/2475 2515/2515/2515
f 2516/2516/2516 2515/2515/2515 402/402/402
f 959/959/959 2475/2475/2475 2516/2516/2516
f 959/959/959 2516/2516/2516 402/402/402
f 2519/2519/2519 2518/2518/2518 2517/2517/2517
f 2519/2519/2519 2517/2517/2517 2520/2520/2520
f 2521/2521/2521 2519/2519/2519 2520/2520/2520
f 2521/2521/2521 2522/2522/2522 2519/2519/2519
f 2525/2525/2525 2524/2524/2524 2523/2523/2523
f 2525/2525/2525 2526/2526/2526 2524/2524/2524
f 2527/2527/2527 2524/2524/2524 2526/2526/2526
f 2446/2446/2446 2524/2524/2524 2527/2527/2527
f 2446/2446/2446 2503/2503/2503 2524/2524/2524
f 2528/2528/2528 2524/2524/2524 2503/2503/2503
f 2528/2528/2528 2503/2503/2503 2529/2529/2529
f 2445/2445/2445 2446/2446/2446 2527/2527/2527
f 2445/2445/2445 2527/2527/2527 2530/2530/2530
f 2527/2527/2527 2526/2526/2526 2530/2530/2530
f 2445/2445/2445 2530/2530/2530 2468/2468/2468
f 2531/2531/2531 2468/2468/2468 2530/2530/2530
f 2531/2531/2531 2530/2530/2530 2532/2532/2532
f 2533/2533/2533 2530/2530/2530 2526/2526/2526
f 2533/2533/2533 2526/2526/2526 2534/2534/2534
f 2537/2537/2537 2536/2536/2536 2535/2535/2535
f 2536/2536/2536 2538/2538/2538 2535/2535/2535
f 2538/2538/2538 2539/2539/2539 2535/2535/2535
f 2538/2538/2538 2540/2540/2540 2539/2539/2539
f 2540/2540/2540 2541/2541/2541 2539/2539/2539
f 2540/2540/2540 2542/2542/2542 2541/2541/2541
f 2542/2542/2542 2543/2543/2543 2541/2541/2541
f 2542/2542/2542 2544/2544/2544 2543/2543/2543
f 2544/2544/2544 2545/2545/2545 2543/2543/2543
f 2544/2544/2544 2546/2546/2546 2545/2545/2545
f 2547/2547/2547 2546/2546/2546 2544/2544/2544
f 2546/2546/2546 2548/2548/2548 2545/2545/2545
f 2548/2548/2548 2549/2549/2549 2545/2545/2545
f 2547/2547/2547 2550/2550/2550 2546/2546/2546
f 2546/2546/2546 2550/2550/2550 2548/2548/2548
f 2551/2551/2551 2550/2550/2550 2547/2547/2547
f 2548/2548/2548 2552/2552/2552 2549/2549/2549
f 2550/2550/2550 2552/2552/2552 2548/2548/2548
f 2552/2552/2552 2553/2553/2553 2549/2549/2549
f 2552/2552/2552 2554/2554/2554 2553/2553/2553
f 2550/2550/2550 2554/2554/2554 2552/2552/2552
f 2554/2554/2554 2555/2555/2555 2553/2553/2553
f 2554/2554/2554 2556/2556/2556 2555/2555/2555
f 2557/2557/2557 2556/2556/2556 2554/2554/2554
f 2558/2558/2558 2557/2557/2557 2554/2554/2554
f 2559/2559/2559 2558/2558/2558 2554/2554/2554
f 2560/2560/2560 2559/2559/2559 2554/2554/2554
f 2551/2551/2551 2561/2561/2561 2550/2550/2550
f 2561/2561/2561 2554/2554/2554 2550/2550/2550
f 2561/2561/2561 2560/2560/2560 2554/2554/2554
f 2562/2562/2562 2561/2561/2561 2551/2551/2551
f 2563/2563/2563 2560/2560/2560 2561/2561/2561
f 2562/2562/2562 2564/2564/2564 2561/2561/2561
f 2565/2565/2565 2563/2563/2563 2561/2561/2561
f 2564/2564/2564 2566/2566/2566 2561/2561/2561
f 2567/2567/2567 2565/2565/2565 2561/2561/2561
f 2566/2566/2566 2567/2567/2567 2561/2561/2561
f 2570/2570/2570 2569/2569/2569 2568/2568/2568
f 2571/2571/2571 2570/2570/2570 2568/2568/2568
f 2571/2571/2571 2568/2568/2568 2572/2572/2572
f 2573/2573/2573 2571/2571/2571 2572/2572/2572
f 2573/2573/2573 2572/2572/2572 2574/2574/2574
f 2575/2575/2575 2573/2573/2573 2574/2574/2574
f 2575/2575/2575 2574/2574/2574 2576/2576/2576
f 2577/2577/2577 2575/2575/2575 2576/2576/2576
f 2577/2577/2577 2576/2576/2576 2578/2578/2578
f 2577/2577/2577 2578/2578/2578 2579/2579/2579
f 2580/2580/2580 2577/2577/2577 2579/2579/2579
f 2579/2579/2579 2578/2578/2578 2581/2581/2581
f 2581/2581/2581 2578/2578/2578 2582/2582/2582
f 2579/2579/2579 2583/2583/2583 2580/2580/2580
f 2581/2581/2581 2583/2583/2583 2579/2579/2579
f 2583/2583/2583 2584/2584/2584 2580/2580/2580
f 2582/2582/2582 2585/2585/2585 2581/2581/2581
f 2585/2585/2585 2583/2583/2583 2581/2581/2581
f 2586/2586/2586 2585/2585/2585 2582/2582/2582
f 2586/2586/2586 2587/2587/2587 2585/2585/2585
f 2585/2585/2585 2587/2587/2587 2583/2583/2583
f 2588/2588/2588 2587/2587/2587 2586/2586/2586
f 2588/2588/2588 2589/2589/2589 2587/2587/2587
f 2587/2587/2587 2589/2589/2589 2590/2590/2590
f 2587/2587/2587 2590/2590/2590 2591/2591/2591
f 2587/2587/2587 2591/2591/2591 2592/2592/2592
f 2587/2587/2587 2592/2592/2592 2593/2593/2593
f 2583/2583/2583 2594/2594/2594 2584/2584/2584
f 2587/2587/2587 2594/2594/2594 2583/2583/2583
f 2587/2587/2587 2593/2593/2593 2594/2594/2594
f 2594/2594/2594 2595/2595/2595 2584/2584/2584
f 2594/2594/2594 2593/2593/2593 2596/2596/2596
f 2594/2594/2594 2597/2597/2597 2595/2595/2595
f 2594/2594/2594 2596/2596/2596 2598/2598/2598
f 2594/2594/2594 2599/2599/2599 2597/2597/2597
f 2594/2594/2594 2598/2598/2598 2600/2600/2600
f 2594/2594/2594 2600/2600/2600 2599/2599/2599
f 2603/2603/2603 2602/2602/2602 2601/2601/2601
f 2604/2604/2604 2603/2603/2603 2601/2601/2601
f 2605/2605/2605 2603/2603/2603 2604/2604/2604
f 2606/2606/2606 2605/2605/2605 2604/2604/2604
f 2607/2607/2607 2605/2605/2605 2606/2606/2606
f 2608/2608/2608 2607/2607/2607 2606/2606/2606
f 2609/2609/2609 2608/2608/2608 2606/2606/2606
f 2610/2610/2610 2608/2608/2608 2609/2609/2609
f 2601/2601/2601 2611/2611/2611 2604/2604/2604
f 2611/2611/2611 2601/2601/2601 689/689/689
f 2601/2601/2601 2612/2612/2612 689/689/689
f 2612/2612/2612 2613/2613/2613 689/689/689
f 2614/2614/2614 2613/2613/2613 2612/2612/2612
f 2615/2615/2615 2614/2614/2614 2612/2612/2612
f 2616/2616/2616 2615/2615/2615 2612/2612/2612
f 2617/2617/2617 2616/2616/2616 2612/2612/2612
f 947/947/947 2616/2616/2616 2617/2617/2617
f 2617/2617/2617 2618/2618/2618 947/947/947
f 2618/2618/2618 2619/2619/2619 947/947/947
f 690/690/690 2611/2611/2611 689/689/689
f 2619/2619/2619 2620/2620/2620 947/947/947
f 2619/2619/2619 2621/2621/2621 2620/2620/2620
f 947/947/947 2620/2620/2620 948/948/948
f 2620/2620/2620 2621/2621/2621 2622/2622/2622
f 2621/2621/2621 2623/2623/2623 2622/2622/2622
f 2623/2623/2623 2624/2624/2624 2622/2622/2622
f 2620/2620/2620 2625/2625/2625 948/948/948
f 2625/2625/2625 2626/2626/2626 948/948/948
f 948/948/948 2626/2626/2626 2627/2627/2627
f 2626/2626/2626 2628/2628/2628 2627/2627/2627
f 2628/2628/2628 2626/2626/2626 2629/2629/2629
f 2620/2620/2620 2630/2630/2630 2625/2625/2625
f 2626/2626/2626 2631/2631/2631 2629/2629/2629
f 2626/2626/2626 2632/2632/2632 2631/2631/2631
f 2631/2631/2631 2632/2632/2632 2633/2633/2633
f 2632/2632/2632 2634/2634/2634 2633/2633/2633
f 2625/2625/2625 2635/2635/2635 2626/2626/2626
f 2625/2625/2625 2630/2630/2630 2635/2635/2635
f 2626/2626/2626 2635/2635/2635 2632/2632/2632
f 2630/2630/2630 2636/2636/2636 2635/2635/2635
f 2635/2635/2635 2636/2636/2636 2637/2637/2637
f 2635/2635/2635 2637/2637/2637 2632/2632/2632
f 2636/2636/2636 2638/2638/2638 2637/2637/2637
f 2638/2638/2638 2639/2639/2639 2637/2637/2637
f 2638/2638/2638 2640/2640/2640 2639/2639/2639
f 2632/2632/2632 2637/2637/2637 2641/2641/2641
f 2632/2632/2632 2641/2641/2641 2642/2642/2642
f 2632/2632/2632 2642/2642/2642 2634/2634/2634
f 2641/2641/2641 2637/2637/2637 2643/2643/2643
f 2637/2637/2637 2639/2639/2639 2643/2643/2643
f 2641/2641/2641 2644/2644/2644 2642/2642/2642
f 2644/2644/2644 2645/2645/2645 2642/2642/2642
f 2644/2644/2644 2641/2641/2641 2645/2645/2645
f 2645/2645/2645 2646/2646/2646 2642/2642/2642
f 2642/2642/2642 2646/2646/2646 2634/2634/2634
f 2646/2646/2646 2647/2647/2647 2634/2634/2634
f 2634/2634/2634 2647/2647/2647 2648/2648/2648
f 2641/2641/2641 2649/2649/2649 2645/2645/2645
f 2647/2647/2647 2650/2650/2650 2648/2648/2648
f 2649/2649/2649 2641/2641/2641 2651/2651/2651
f 2651/2651/2651 2641/2641/2641 2652/2652/2652
f 2652/2652/2652 2641/2641/2641 2653/2653/2653
f 2652/2652/2652 2653/2653/2653 2654/2654/2654
f 2655/2655/2655 2654/2654/2654 2653/2653/2653
f 2648/2648/2648 2650/2650/2650 2656/2656/2656
f 2641/2641/2641 2657/2657/2657 2653/2653/2653
f 2641/2641/2641 2643/2643/2643 2657/2657/2657
f 2658/2658/2658 2655/2655/2655 2653/2653/2653
f 2659/2659/2659 2655/2655/2655 2658/2658/2658
f 2660/2660/2660 2659/2659/2659 2658/2658/2658
f 2653/2653/2653 2661/2661/2661 2658/2658/2658
f 2658/2658/2658 2661/2661/2661 2662/2662/2662
f 2662/2662/2662 2660/2660/2660 2658/2658/2658
f 2663/2663/2663 2660/2660/2660 2662/2662/2662
f 2664/2664/2664 2663/2663/2663 2662/2662/2662
f 2662/2662/2662 2661/2661/2661 2664/2664/2664
f 2665/2665/2665 2663/2663/2663 2664/2664/2664
f 2666/2666/2666 2665/2665/2665 2664/2664/2664
f 2667/2667/2667 2664/2664/2664 2661/2661/2661
f 2668/2668/2668 2665/2665/2665 2666/2666/2666
f 2669/2669/2669 2667/2667/2667 2661/2661/2661
f 2670/2670/2670 2668/2668/2668 2666/2666/2666
f 2669/2669/2669 2661/2661/2661 2671/2671/2671
f 2672/2672/2672 2669/2669/2669 2671/2671/2671
f 2673/2673/2673 2672/2672/2672 2671/2671/2671
f 2674/2674/2674 2673/2673/2673 2671/2671/2671
f 2675/2675/2675 2674/2674/2674 2671/2671/2671
f 2675/2675/2675 2671/2671/2671 2676/2676/2676
f 2677/2677/2677 2675/2675/2675 2676/2676/2676
f 2676/2676/2676 2671/2671/2671 2678/2678/2678
f 2671/2671/2671 2679/2679/2679 2678/2678/2678
f 2678/2678/2678 2679/2679/2679 2680/2680/2680
f 2679/2679/2679 2681/2681/2681 2680/2680/2680
f 2679/2679/2679 2682/2682/2682 2681/2681/2681
f 2671/2671/2671 2683/2683/2683 2679/2679/2679
f 2679/2679/2679 2683/2683/2683 2682/2682/2682
f 2671/2671/2671 2661/2661/2661 2683/2683/2683
f 2683/2683/2683 2684/2684/2684 2682/2682/2682
f 2661/2661/2661 2685/2685/2685 2683/2683/2683
f 2683/2683/2683 2685/2685/2685 2684/2684/2684
f 2653/2653/2653 2685/2685/2685 2661/2661/2661
f 2685/2685/2685 2686/2686/2686 2684/2684/2684
f 2653/2653/2653 2687/2687/2687 2685/2685/2685
f 2653/2653/2653 2657/2657/2657 2687/2687/2687
f 2685/2685/2685 2688/2688/2688 2686/2686/2686
f 2687/2687/2687 2688/2688/2688 2685/2685/2685
f 2688/2688/2688 2689/2689/2689 2686/2686/2686
f 2687/2687/2687 2690/2690/2690 2688/2688/2688
f 2657/2657/2657 2690/2690/2690 2687/2687/2687
f 2688/2688/2688 2691/2691/2691 2689/2689/2689
f 2690/2690/2690 2691/2691/2691 2688/2688/2688
f 2657/2657/2657 2692/2692/2692 2690/2690/2690
f 2690/2690/2690 2693/2693/2693 2691/2691/2691
f 2692/2692/2692 2693/2693/2693 2690/2690/2690
f 2694/2694/2694 2692/2692/2692 2657/2657/2657
f 2643/2643/2643 2694/2694/2694 2657/2657/2657
f 2639/2639/2639 2694/2694/2694 2643/2643/2643
f 2639/2639/2639 2695/2695/2695 2694/2694/2694
f 2639/2639/2639 2640/2640/2640 2695/2695/2695
f 2694/2694/2694 2696/2696/2696 2692/2692/2692
f 2695/2695/2695 2696/2696/2696 2694/2694/2694
f 2697/2697/2697 2695/2695/2695 2640/2640/2640
f 2640/2640/2640 2698/2698/2698 2697/2697/2697
f 2699/2699/2699 2695/2695/2695 2697/2697/2697
f 2696/2696/2696 2695/2695/2695 2699/2699/2699
f 2700/2700/2700 2696/2696/2696 2699/2699/2699
f 2696/2696/2696 2701/2701/2701 2692/2692/2692
f 2701/2701/2701 2696/2696/2696 2700/2700/2700
f 2692/2692/2692 2701/2701/2701 2693/2693/2693
f 2702/2702/2702 2701/2701/2701 2700/2700/2700
f 2693/2693/2693 2701/2701/2701 2702/2702/2702
f 2703/2703/2703 2693/2693/2693 2702/2702/2702
f 2691/2691/2691 2693/2693/2693 2703/2703/2703
f 2704/2704/2704 2691/2691/2691 2703/2703/2703
f 2689/2689/2689 2691/2691/2691 2704/2704/2704
f 2705/2705/2705 2689/2689/2689 2704/2704/2704
f 2706/2706/2706 2689/2689/2689 2705/2705/2705
f 2707/2707/2707 2689/2689/2689 2706/2706/2706
f 2710/2710/2710 2709/2709/2709 2708/2708/2708
f 2710/2710/2710 2708/2708/2708 2711/2711/2711
f 2712/2712/2712 2710/2710/2710 2711/2711/2711
f 2713/2713/2713 2712/2712/2712 2711/2711/2711
f 2714/2714/2714 2713/2713/2713 2711/2711/2711
f 2711/2711/2711 2715/2715/2715 2714/2714/2714
f 2716/2716/2716 2712/2712/2712 2713/2713/2713
f 2716/2716/2716 2717/2717/2717 2712/2712/2712
f 2712/2712/2712 2717/2717/2717 2718/2718/2718
f 2717/2717/2717 2719/2719/2719 2718/2718/2718
f 2720/2720/2720 2717/2717/2717 2716/2716/2716
f 2720/2720/2720 2719/2719/2719 2717/2717/2717
f 2716/2716/2716 2713/2713/2713 2721/2721/2721
f 2721/2721/2721 2720/2720/2720 2716/2716/2716
f 2721/2721/2721 2713/2713/2713 2722/2722/2722
f 2714/2714/2714 2722/2722/2722 2713/2713/2713
f 2723/2723/2723 2720/2720/2720 2721/2721/2721
f 2721/2721/2721 2722/2722/2722 2723/2723/2723
f 2724/2724/2724 2722/2722/2722 2714/2714/2714
f 2723/2723/2723 2722/2722/2722 2724/2724/2724
f 2723/2723/2723 2725/2725/2725 2720/2720/2720
f 2725/2725/2725 2719/2719/2719 2720/2720/2720
f 2726/2726/2726 2724/2724/2724 2714/2714/2714
f 2714/2714/2714 2715/2715/2715 2726/2726/2726
f 2723/2723/2723 2724/2724/2724 2727/2727/2727
f 2727/2727/2727 2724/2724/2724 2726/2726/2726
f 2723/2723/2723 2727/2727/2727 2725/2725/2725
f 2728/2728/2728 2727/2727/2727 2726/2726/2726
f 2726/2726/2726 2715/2715/2715 2728/2728/2728
f 2727/2727/2727 2729/2729/2729 2725/2725/2725
f 2715/2715/2715 2730/2730/2730 2728/2728/2728
f 2729/2729/2729 2731/2731/2731 2725/2725/2725
f 2725/2725/2725 2731/2731/2731 2719/2719/2719
f 2729/2729/2729 2732/2732/2732 2731/2731/2731
f 2719/2719/2719 2731/2731/2731 2733/2733/2733
f 2719/2719/2719 2733/2733/2733 2734/2734/2734
f 2719/2719/2719 2734/2734/2734 2735/2735/2735
f 2735/2735/2735 2734/2734/2734 2736/2736/2736
f 2734/2734/2734 2733/2733/2733 2737/2737/2737
f 2738/2738/2738 2730/2730/2730 2715/2715/2715
f 2739/2739/2739 2738/2738/2738 2715/2715/2715
f 2738/2738/2738 2740/2740/2740 2730/2730/2730
f 2741/2741/2741 2738/2738/2738 2739/2739/2739
f 2742/2742/2742 2738/2738/2738 2741/2741/2741
f 2743/2743/2743 2742/2742/2742 2741/2741/2741
f 2736/2736/2736 2734/2734/2734 2744/2744/2744
f 2736/2736/2736 2744/2744/2744 2745/2745/2745
f 2746/2746/2746 2740/2740/2740 2738/2738/2738
f 2747/2747/2747 2740/2740/2740 2746/2746/2746
f 2738/2738/2738 2748/2748/2748 2746/2746/2746
f 2749/2749/2749 2747/2747/2747 2746/2746/2746
f 2750/2750/2750 2747/2747/2747 2749/2749/2749
f 2748/2748/2748 2751/2751/2751 2746/2746/2746
f 2746/2746/2746 2751/2751/2751 2749/2749/2749
f 2752/2752/2752 2750/2750/2750 2749/2749/2749
f 2751/2751/2751 2753/2753/2753 2749/2749/2749
f 2749/2749/2749 2753/2753/2753 2752/2752/2752
f 2750/2750/2750 2752/2752/2752 2754/2754/2754
f 2755/2755/2755 2750/2750/2750 2754/2754/2754
f 2754/2754/2754 2756/2756/2756 2755/2755/2755
f 2755/2755/2755 2756/2756/2756 2757/2757/2757
f 2758/2758/2758 2754/2754/2754 2752/2752/2752
f 2754/2754/2754 2758/2758/2758 2756/2756/2756
f 2756/2756/2756 2759/2759/2759 2757/2757/2757
f 2757/2757/2757 2759/2759/2759 2760/2760/2760
f 2761/2761/2761 2758/2758/2758 2752/2752/2752
f 2753/2753/2753 2761/2761/2761 2752/2752/2752
f 2758/2758/2758 2762/2762/2762 2756/2756/2756
f 2756/2756/2756 2762/2762/2762 2759/2759/2759
f 2758/2758/2758 2761/2761/2761 2762/2762/2762
f 2763/2763/2763 2761/2761/2761 2753/2753/2753
f 2763/2763/2763 2753/2753/2753 2764/2764/2764
f 2764/2764/2764 2753/2753/2753 2751/2751/2751
f 2765/2765/2765 2761/2761/2761 2763/2763/2763
f 2765/2765/2765 2762/2762/2762 2761/2761/2761
f 2759/2759/2759 2766/2766/2766 2760/2760/2760
f 2760/2760/2760 2766/2766/2766 2767/2767/2767
f 2762/2762/2762 2768/2768/2768 2759/2759/2759
f 2759/2759/2759 2768/2768/2768 2766/2766/2766
f 2766/2766/2766 2769/2769/2769 2767/2767/2767
f 2767/2767/2767 2769/2769/2769 2770/2770/2770
f 2768/2768/2768 2762/2762/2762 2771/2771/2771
f 2771/2771/2771 2762/2762/2762 2765/2765/2765
f 2768/2768/2768 2772/2772/2772 2766/2766/2766
f 2766/2766/2766 2772/2772/2772 2769/2769/2769
f 2772/2772/2772 2768/2768/2768 2771/2771/2771
f 2772/2772/2772 2771/2771/2771 2769/2769/2769
f 2769/2769/2769 2773/2773/2773 2770/2770/2770
f 2769/2769/2769 2771/2771/2771 2773/2773/2773
f 2771/2771/2771 2765/2765/2765 2773/2773/2773
f 2770/2770/2770 2773/2773/2773 2774/2774/2774
f 2775/2775/2775 2774/2774/2774 2773/2773/2773
f 2773/2773/2773 2765/2765/2765 2775/2775/2775
f 2776/2776/2776 2774/2774/2774 2775/2775/2775
f 2775/2775/2775 2765/2765/2765 2777/2777/2777
f 2777/2777/2777 2765/2765/2765 2763/2763/2763
f 2778/2778/2778 2777/2777/2777 2763/2763/2763
f 2778/2778/2778 2763/2763/2763 2779/2779/2779
f 2779/2779/2779 2763/2763/2763 2780/2780/2780
f 2781/2781/2781 2780/2780/2780 2763/2763/2763
f 2782/2782/2782 2781/2781/2781 2763/2763/2763
f 2782/2782/2782 2783/2783/2783 2781/2781/2781
f 2782/2782/2782 2784/2784/2784 2783/2783/2783
f 2784/2784/2784 2785/2785/2785 2783/2783/2783
f 2781/2781/2781 2783/2783/2783 2786/2786/2786
f 2787/2787/2787 2781/2781/2781 2786/2786/2786
f 2788/2788/2788 2781/2781/2781 2787/2787/2787
f 2789/2789/2789 2788/2788/2788 2787/2787/2787
f 2790/2790/2790 2789/2789/2789 2787/2787/2787
f 2791/2791/2791 2790/2790/2790 2787/2787/2787
f 2792/2792/2792 2783/2783/2783 2785/2785/2785
f 2786/2786/2786 2783/2783/2783 2792/2792/2792
f 2792/2792/2792 2785/2785/2785 2793/2793/2793
f 2785/2785/2785 2794/2794/2794 2793/2793/2793
f 2656/2656/2656 2793/2793/2793 2794/2794/2794
f 2795/2795/2795 2786/2786/2786 2792/2792/2792
f 2793/2793/2793 2795/2795/2795 2792/2792/2792
f 2796/2796/2796 2793/2793/2793 2656/2656/2656
f 2650/2650/2650 2796/2796/2796 2656/2656/2656
f 2796/2796/2796 2797/2797/2797 2793/2793/2793
f 2650/2650/2650 2797/2797/2797 2796/2796/2796
f 2797/2797/2797 2795/2795/2795 2793/2793/2793
f 2795/2795/2795 2798/2798/2798 2786/2786/2786
f 2786/2786/2786 2798/2798/2798 2787/2787/2787
f 2799/2799/2799 2787/2787/2787 2798/2798/2798
f 2795/2795/2795 2800/2800/2800 2798/2798/2798
f 2797/2797/2797 2800/2800/2800 2795/2795/2795
f 2799/2799/2799 2798/2798/2798 2800/2800/2800
f 2801/2801/2801 2791/2791/2791 2787/2787/2787
f 2801/2801/2801 2787/2787/2787 2799/2799/2799
f 2802/2802/2802 2797/2797/2797 2650/2650/2650
f 2803/2803/2803 2802/2802/2802 2650/2650/2650
f 2797/2797/2797 2804/2804/2804 2800/2800/2800
f 2799/2799/2799 2800/2800/2800 2804/2804/2804
f 2802/2802/2802 2804/2804/2804 2797/2797/2797
f 2805/2805/2805 2802/2802/2802 2803/2803/2803
f 2806/2806/2806 2805/2805/2805 2803/2803/2803
f 2802/2802/2802 2807/2807/2807 2804/2804/2804
f 2807/2807/2807 2799/2799/2799 2804/2804/2804
f 2805/2805/2805 2807/2807/2807 2802/2802/2802
f 2805/2805/2805 2799/2799/2799 2807/2807/2807
f 2808/2808/2808 2805/2805/2805 2806/2806/2806
f 2808/2808/2808 2799/2799/2799 2805/2805/2805
f 2799/2799/2799 2808/2808/2808 2801/2801/2801
f 2809/2809/2809 2808/2808/2808 2806/2806/2806
f 2810/2810/2810 2808/2808/2808 2809/2809/2809
f 2811/2811/2811 2808/2808/2808 2810/2810/2810
f 2808/2808/2808 2811/2811/2811 2801/2801/2801
f 2812/2812/2812 2811/2811/2811 2810/2810/2810
f 2801/2801/2801 2811/2811/2811 2813/2813/2813
f 2813/2813/2813 2791/2791/2791 2801/2801/2801
f 2814/2814/2814 2791/2791/2791 2813/2813/2813
f 2812/2812/2812 2815/2815/2815 2811/2811/2811
f 2811/2811/2811 2815/2815/2815 2813/2813/2813
f 2816/2816/2816 2815/2815/2815 2812/2812/2812
f 2817/2817/2817 2816/2816/2816 2812/2812/2812
f 2813/2813/2813 2815/2815/2815 2818/2818/2818
f 2815/2815/2815 2816/2816/2816 2818/2818/2818
f 2818/2818/2818 2814/2814/2814 2813/2813/2813
f 2819/2819/2819 2816/2816/2816 2817/2817/2817
f 2818/2818/2818 2816/2816/2816 2819/2819/2819
f 2820/2820/2820 2819/2819/2819 2817/2817/2817
f 2821/2821/2821 2820/2820/2820 2817/2817/2817
f 2822/2822/2822 2820/2820/2820 2821/2821/2821
f 2823/2823/2823 2822/2822/2822 2821/2821/2821
f 2824/2824/2824 2822/2822/2822 2823/2823/2823
f 2825/2825/2825 2822/2822/2822 2824/2824/2824
f 2825/2825/2825 2826/2826/2826 2822/2822/2822
f 2818/2818/2818 2819/2819/2819 2827/2827/2827
f 2827/2827/2827 2819/2819/2819 2820/2820/2820
f 2828/2828/2828 2814/2814/2814 2818/2818/2818
f 2827/2827/2827 2828/2828/2828 2818/2818/2818
f 2827/2827/2827 2820/2820/2820 2829/2829/2829
f 2829/2829/2829 2820/2820/2820 2822/2822/2822
f 2829/2829/2829 2822/2822/2822 2830/2830/2830
f 2830/2830/2830 2831/2831/2831 2829/2829/2829
f 2831/2831/2831 2832/2832/2832 2829/2829/2829
f 2829/2829/2829 2832/2832/2832 2827/2827/2827
f 2832/2832/2832 2828/2828/2828 2827/2827/2827
f 2833/2833/2833 2832/2832/2832 2831/2831/2831
f 2834/2834/2834 2833/2833/2833 2831/2831/2831
f 2835/2835/2835 2834/2834/2834 2831/2831/2831
f 2836/2836/2836 2835/2835/2835 2831/2831/2831
f 2828/2828/2828 2837/2837/2837 2814/2814/2814
f 2837/2837/2837 2838/2838/2838 2814/2814/2814
f 2828/2828/2828 2839/2839/2839 2837/2837/2837
f 2840/2840/2840 2839/2839/2839 2828/2828/2828
f 2822/2822/2822 2841/2841/2841 2830/2830/2830
f 2842/2842/2842 2841/2841/2841 2822/2822/2822
f 2822/2822/2822 2826/2826/2826 2842/2842/2842
f 2826/2826/2826 2843/2843/2843 2842/2842/2842
f 2843/2843/2843 2668/2668/2668 2842/2842/2842
f 2842/2842/2842 2844/2844/2844 2841/2841/2841
f 2841/2841/2841 2844/2844/2844 2830/2830/2830
f 2842/2842/2842 2668/2668/2668 2845/2845/2845
f 2845/2845/2845 2844/2844/2844 2842/2842/2842
f 2844/2844/2844 2846/2846/2846 2830/2830/2830
f 2845/2845/2845 2846/2846/2846 2844/2844/2844
f 2668/2668/2668 2847/2847/2847 2845/2845/2845
f 2847/2847/2847 2668/2668/2668 2670/2670/2670
f 2848/2848/2848 2846/2846/2846 2845/2845/2845
f 2845/2845/2845 2847/2847/2847 2848/2848/2848
f 2849/2849/2849 2847/2847/2847 2670/2670/2670
f 2847/2847/2847 2849/2849/2849 2848/2848/2848
f 2850/2850/2850 2849/2849/2849 2670/2670/2670
f 2851/2851/2851 2849/2849/2849 2850/2850/2850
f 2846/2846/2846 2852/2852/2852 2830/2830/2830
f 2848/2848/2848 2852/2852/2852 2846/2846/2846
f 2853/2853/2853 2849/2849/2849 2851/2851/2851
f 2854/2854/2854 2853/2853/2853 2851/2851/2851
f 2855/2855/2855 2853/2853/2853 2854/2854/2854
f 2848/2848/2848 2849/2849/2849 2856/2856/2856
f 2856/2856/2856 2852/2852/2852 2848/2848/2848
f 2849/2849/2849 2853/2853/2853 2856/2856/2856
f 2852/2852/2852 2857/2857/2857 2830/2830/2830
f 2856/2856/2856 2857/2857/2857 2852/2852/2852
f 2857/2857/2857 2831/2831/2831 2830/2830/2830
f 2858/2858/2858 2857/2857/2857 2856/2856/2856
f 2858/2858/2858 2831/2831/2831 2857/2857/2857
f 2856/2856/2856 2853/2853/2853 2858/2858/2858
f 2831/2831/2831 2858/2858/2858 2836/2836/2836
f 2855/2855/2855 2859/2859/2859 2853/2853/2853
f 2853/2853/2853 2859/2859/2859 2858/2858/2858
f 2836/2836/2836 2858/2858/2858 2859/2859/2859
f 2855/2855/2855 2860/2860/2860 2859/2859/2859
f 2859/2859/2859 2860/2860/2860 2861/2861/2861
f 2859/2859/2859 2861/2861/2861 2836/2836/2836
f 2861/2861/2861 2862/2862/2862 2836/2836/2836
f 2836/2836/2836 2862/2862/2862 2863/2863/2863
f 2863/2863/2863 2862/2862/2862 2864/2864/2864
f 2864/2864/2864 2862/2862/2862 2865/2865/2865
f 2865/2865/2865 2862/2862/2862 2866/2866/2866
f 2862/2862/2862 2867/2867/2867 2866/2866/2866
f 2866/2866/2866 2867/2867/2867 2868/2868/2868
f 2867/2867/2867 2869/2869/2869 2868/2868/2868
f 2869/2869/2869 2870/2870/2870 2868/2868/2868
f 2871/2871/2871 2870/2870/2870 2869/2869/2869
f 2872/2872/2872 2871/2871/2871 2869/2869/2869
f 2873/2873/2873 2872/2872/2872 2869/2869/2869
f 2874/2874/2874 2872/2872/2872 2873/2873/2873
f 2867/2867/2867 2875/2875/2875 2869/2869/2869
f 2869/2869/2869 2875/2875/2875 2873/2873/2873
f 2876/2876/2876 2874/2874/2874 2873/2873/2873
f 2877/2877/2877 2874/2874/2874 2876/2876/2876
f 2875/2875/2875 2878/2878/2878 2873/2873/2873
f 2878/2878/2878 2875/2875/2875 2867/2867/2867
f 2873/2873/2873 2878/2878/2878 2876/2876/2876
f 2879/2879/2879 2877/2877/2877 2876/2876/2876
f 2880/2880/2880 2877/2877/2877 2879/2879/2879
f 2878/2878/2878 2881/2881/2881 2876/2876/2876
f 2876/2876/2876 2881/2881/2881 2879/2879/2879
f 2882/2882/2882 2881/2881/2881 2878/2878/2878
f 2882/2882/2882 2878/2878/2878 2867/2867/2867
f 2881/2881/2881 2882/2882/2882 2879/2879/2879
f 2883/2883/2883 2880/2880/2880 2879/2879/2879
f 2879/2879/2879 2882/2882/2882 2883/2883/2883
f 2278/2278/2278 2880/2880/2880 2883/2883/2883
f 2884/2884/2884 2882/2882/2882 2867/2867/2867
f 2884/2884/2884 2867/2867/2867 2862/2862/2862
f 2882/2882/2882 2885/2885/2885 2883/2883/2883
f 2882/2882/2882 2884/2884/2884 2885/2885/2885
f 2886/2886/2886 2278/2278/2278 2883/2883/2883
f 2883/2883/2883 2885/2885/2885 2886/2886/2886
f 2278/2278/2278 2886/2886/2886 2277/2277/2277
f 2277/2277/2277 2886/2886/2886 2885/2885/2885
f 2884/2884/2884 2277/2277/2277 2885/2885/2885
f 2277/2277/2277 2884/2884/2884 2273/2273/2273
f 2273/2273/2273 2884/2884/2884 2862/2862/2862
f 2887/2887/2887 2273/2273/2273 2862/2862/2862
f 2862/2862/2862 2888/2888/2888 2887/2887/2887
f 2238/2238/2238 2273/2273/2273 2887/2887/2887
f 2888/2888/2888 2889/2889/2889 2887/2887/2887
f 2887/2887/2887 2889/2889/2889 2238/2238/2238
f 2888/2888/2888 2890/2890/2890 2889/2889/2889
f 2888/2888/2888 2891/2891/2891 2890/2890/2890
f 2889/2889/2889 2890/2890/2890 2892/2892/2892
f 2889/2889/2889 2893/2893/2893 2238/2238/2238
f 2889/2889/2889 2892/2892/2892 2893/2893/2893
f 2238/2238/2238 2893/2893/2893 2239/2239/2239
f 2893/2893/2893 2892/2892/2892 2894/2894/2894
f 2893/2893/2893 2894/2894/2894 2239/2239/2239
f 2897/2897/2897 2896/2896/2896 2895/2895/2895
f 2897/2897/2897 2898/2898/2898 2896/2896/2896
f 2899/2899/2899 2898/2898/2898 2897/2897/2897
f 2899/2899/2899 2900/2900/2900 2898/2898/2898
f 2900/2900/2900 2901/2901/2901 2898/2898/2898
f 2900/2900/2900 2902/2902/2902 2901/2901/2901
f 2902/2902/2902 2748/2748/2748 2901/2901/2901
f 2901/2901/2901 2748/2748/2748 2903/2903/2903
f 2748/2748/2748 2904/2904/2904 2903/2903/2903
f 2902/2902/2902 2905/2905/2905 2748/2748/2748
f 2902/2902/2902 2906/2906/2906 2905/2905/2905
f 2906/2906/2906 2907/2907/2907 2905/2905/2905
f 2905/2905/2905 2751/2751/2751 2748/2748/2748
f 2908/2908/2908 2751/2751/2751 2905/2905/2905
f 2905/2905/2905 2734/2734/2734 2908/2908/2908
f 2764/2764/2764 2751/2751/2751 2908/2908/2908
f 2734/2734/2734 2909/2909/2909 2908/2908/2908
f 2734/2734/2734 2737/2737/2737 2909/2909/2909
f 2908/2908/2908 2909/2909/2909 2910/2910/2910
f 2909/2909/2909 2737/2737/2737 2910/2910/2910
f 2908/2908/2908 2910/2910/2910 2764/2764/2764
f 2910/2910/2910 2737/2737/2737 2911/2911/2911
f 2910/2910/2910 2911/2911/2911 2912/2912/2912
f 2764/2764/2764 2910/2910/2910 2912/2912/2912
f 2764/2764/2764 2912/2912/2912 2763/2763/2763
f 2915/2915/2915 2914/2914/2914 2913/2913/2913
f 2913/2913/2913 2914/2914/2914 2916/2916/2916
f 2916/2916/2916 2914/2914/2914 1213/1213/1213
f 2914/2914/2914 1212/1212/1212 1213/1213/1213
f 2917/2917/2917 1212/1212/1212 2914/2914/2914
f 2918/2918/2918 1212/1212/1212 2917/2917/2917
f 2919/2919/2919 2918/2918/2918 2917/2917/2917
f 2920/2920/2920 2919/2919/2919 2917/2917/2917
f 2922/2922/2922 2921/2921/2921 2624/2624/2624
f 2923/2923/2923 2922/2922/2922 2624/2624/2624
f 2923/2923/2923 2624/2624/2624 2623/2623/2623
f 2924/2924/2924 2923/2923/2923 2623/2623/2623
f 2924/2924/2924 2623/2623/2623 2609/2609/2609
f 705/705/705 2924/2924/2924 2609/2609/2609
f 2925/2925/2925 2924/2924/2924 705/705/705
f 2924/2924/2924 2925/2925/2925 2926/2926/2926
f 701/701/701 705/705/705 2609/2609/2609
f 2926/2926/2926 2925/2925/2925 2927/2927/2927
f 2928/2928/2928 701/701/701 2609/2609/2609
f 2606/2606/2606 2928/2928/2928 2609/2609/2609
f 701/701/701 2928/2928/2928 690/690/690
f 2929/2929/2929 2928/2928/2928 2606/2606/2606
f 690/690/690 2928/2928/2928 2929/2929/2929
f 2604/2604/2604 2929/2929/2929 2606/2606/2606
f 690/690/690 2929/2929/2929 2930/2930/2930
f 2930/2930/2930 2929/2929/2929 2604/2604/2604
f 690/690/690 2930/2930/2930 2611/2611/2611
f 2611/2611/2611 2930/2930/2930 2604/2604/2604
f 2927/2927/2927 2931/2931/2931 2926/2926/2926
f 2927/2927/2927 2932/2932/2932 2931/2931/2931
f 2933/2933/2933 2926/2926/2926 2931/2931/2931
f 2934/2934/2934 2926/2926/2926 2933/2933/2933
f 2937/2937/2937 2936/2936/2936 2935/2935/2935
f 2937/2937/2937 2271/2271/2271 2936/2936/2936
f 2938/2938/2938 2271/2271/2271 2937/2937/2937
f 2938/2938/2938 2279/2279/2279 2271/2271/2271
f 2939/2939/2939 2279/2279/2279 2938/2938/2938
f 2279/2279/2279 2939/2939/2939 2940/2940/2940
f 2939/2939/2939 2941/2941/2941 2940/2940/2940
f 2942/2942/2942 2940/2940/2940 2941/2941/2941
f 2941/2941/2941 2939/2939/2939 2943/2943/2943
f 2944/2944/2944 2942/2942/2942 2941/2941/2941
f 2945/2945/2945 2942/2942/2942 2944/2944/2944
f 2946/2946/2946 2945/2945/2945 2944/2944/2944
f 2944/2944/2944 2947/2947/2947 2946/2946/2946
f 2941/2941/2941 2948/2948/2948 2944/2944/2944
f 2948/2948/2948 2947/2947/2947 2944/2944/2944
f 2947/2947/2947 2948/2948/2948 2949/2949/2949
f 2941/2941/2941 2950/2950/2950 2948/2948/2948
f 2948/2948/2948 2950/2950/2950 2949/2949/2949
f 2943/2943/2943 2951/2951/2951 2941/2941/2941
f 2951/2951/2951 2950/2950/2950 2941/2941/2941
f 2951/2951/2951 2943/2943/2943 2952/2952/2952
f 2943/2943/2943 2953/2953/2953 2952/2952/2952
f 2953/2953/2953 2954/2954/2954 2952/2952/2952
f 2950/2950/2950 2951/2951/2951 2955/2955/2955
f 2955/2955/2955 2951/2951/2951 2952/2952/2952
f 2950/2950/2950 2955/2955/2955 2949/2949/2949
f 2955/2955/2955 2952/2952/2952 2956/2956/2956
f 2952/2952/2952 2954/2954/2954 2956/2956/2956
f 2955/2955/2955 2956/2956/2956 2957/2957/2957
f 2955/2955/2955 2957/2957/2957 2949/2949/2949
f 2949/2949/2949 2958/2958/2958 2947/2947/2947
f 2947/2947/2947 2958/2958/2958 2959/2959/2959
f 2956/2956/2956 2954/2954/2954 2960/2960/2960
f 2957/2957/2957 2956/2956/2956 2960/2960/2960
f 2954/2954/2954 2961/2961/2961 2960/2960/2960
f 2958/2958/2958 2160/2160/2160 2959/2959/2959
f 2160/2160/2160 2962/2962/2962 2959/2959/2959
f 2949/2949/2949 2963/2963/2963 2958/2958/2958
f 2957/2957/2957 2964/2964/2964 2949/2949/2949
f 2964/2964/2964 2963/2963/2963 2949/2949/2949
f 2957/2957/2957 2960/2960/2960 2965/2965/2965
f 2957/2957/2957 2965/2965/2965 2964/2964/2964
f 2966/2966/2966 2958/2958/2958 2963/2963/2963
f 2966/2966/2966 2160/2160/2160 2958/2958/2958
f 2964/2964/2964 2967/2967/2967 2963/2963/2963
f 2967/2967/2967 2966/2966/2966 2963/2963/2963
f 2968/2968/2968 2967/2967/2967 2964/2964/2964
f 2965/2965/2965 2968/2968/2968 2964/2964/2964
f 2969/2969/2969 2966/2966/2966 2967/2967/2967
f 2968/2968/2968 2969/2969/2969 2967/2967/2967
f 2969/2969/2969 2970/2970/2970 2966/2966/2966
f 2971/2971/2971 2969/2969/2969 2968/2968/2968
f 2972/2972/2972 2971/2971/2971 2968/2968/2968
f 2965/2965/2965 2972/2972/2972 2968/2968/2968
f 2965/2965/2965 2960/2960/2960 2973/2973/2973
f 2965/2965/2965 2973/2973/2973 2972/2972/2972
f 2960/2960/2960 2961/2961/2961 2973/2973/2973
f 2970/2970/2970 2969/2969/2969 2974/2974/2974
f 2969/2969/2969 2971/2971/2971 2974/2974/2974
f 2970/2970/2970 2974/2974/2974 2975/2975/2975
f 2975/2975/2975 2974/2974/2974 2976/2976/2976
f 2976/2976/2976 2974/2974/2974 2977/2977/2977
f 2976/2976/2976 2977/2977/2977 2978/2978/2978
f 2971/2971/2971 2979/2979/2979 2974/2974/2974
f 2974/2974/2974 2979/2979/2979 2977/2977/2977
f 2977/2977/2977 2980/2980/2980 2978/2978/2978
f 2978/2978/2978 2980/2980/2980 2981/2981/2981
f 2979/2979/2979 2982/2982/2982 2977/2977/2977
f 2982/2982/2982 2979/2979/2979 2971/2971/2971
f 2977/2977/2977 2982/2982/2982 2980/2980/2980
f 2980/2980/2980 2983/2983/2983 2981/2981/2981
f 2981/2981/2981 2983/2983/2983 2177/2177/2177
f 2982/2982/2982 2984/2984/2984 2980/2980/2980
f 2984/2984/2984 2982/2982/2982 2971/2971/2971
f 2984/2984/2984 2985/2985/2985 2980/2980/2980
f 2985/2985/2985 2984/2984/2984 2971/2971/2971
f 2980/2980/2980 2985/2985/2985 2983/2983/2983
f 2986/2986/2986 2985/2985/2985 2971/2971/2971
f 2985/2985/2985 2986/2986/2986 2983/2983/2983
f 2972/2972/2972 2986/2986/2986 2971/2971/2971
f 2983/2983/2983 2986/2986/2986 2987/2987/2987
f 2986/2986/2986 2972/2972/2972 2987/2987/2987
f 2983/2983/2983 2987/2987/2987 2177/2177/2177
f 2987/2987/2987 2972/2972/2972 2973/2973/2973
f 2177/2177/2177 2987/2987/2987 2988/2988/2988
f 2988/2988/2988 2186/2186/2186 2177/2177/2177
f 2987/2987/2987 2973/2973/2973 2989/2989/2989
f 2988/2988/2988 2987/2987/2987 2989/2989/2989
f 2989/2989/2989 2973/2973/2973 2961/2961/2961
f 2988/2988/2988 2990/2990/2990 2186/2186/2186
f 2989/2989/2989 2990/2990/2990 2988/2988/2988
f 2961/2961/2961 2990/2990/2990 2989/2989/2989
f 2990/2990/2990 2182/2182/2182 2186/2186/2186
f 2961/2961/2961 2182/2182/2182 2990/2990/2990
f 2961/2961/2961 2991/2991/2991 2182/2182/2182
f 2961/2961/2961 2992/2992/2992 2991/2991/2991
f 2954/2954/2954 2992/2992/2992 2961/2961/2961
f 2954/2954/2954 2993/2993/2993 2992/2992/2992
f 2994/2994/2994 2993/2993/2993 2954/2954/2954
f 2997/2997/2997 2996/2996/2996 2995/2995/2995
f 2996/2996/2996 2998/2998/2998 2995/2995/2995
f 2998/2998/2998 2999/2999/2999 2995/2995/2995
f 2999/2999/2999 3000/3000/3000 2995/2995/2995
f 2996/2996/2996 3001/3001/3001 2998/2998/2998
f 2996/2996/2996 3002/3002/3002 3001/3001/3001
f 3002/3002/3002 3003/3003/3003 3001/3001/3001
f 3002/3002/3002 3004/3004/3004 3003/3003/3003
f 2998/2998/2998 3001/3001/3001 3005/3005/3005
f 2998/2998/2998 3005/3005/3005 2999/2999/2999
f 3001/3001/3001 3003/3003/3003 3005/3005/3005
f 3004/3004/3004 3006/3006/3006 3003/3003/3003
f 3004/3004/3004 3007/3007/3007 3006/3006/3006
f 3006/3006/3006 3007/3007/3007 3008/3008/3008
f 3009/3009/3009 3006/3006/3006 3008/3008/3008
f 3003/3003/3003 3006/3006/3006 3009/3009/3009
f 3010/3010/3010 3009/3009/3009 3008/3008/3008
f 3009/3009/3009 3010/3010/3010 3011/3011/3011
f 3003/3003/3003 3009/3009/3009 3011/3011/3011
f 3003/3003/3003 3011/3011/3011 3012/3012/3012
f 3005/3005/3005 3003/3003/3003 3012/3012/3012
f 3012/3012/3012 3011/3011/3011 3013/3013/3013
f 3012/3012/3012 3013/3013/3013 3014/3014/3014
f 3015/3015/3015 3012/3012/3012 3014/3014/3014
f 3005/3005/3005 3012/3012/3012 3015/3015/3015
f 2999/2999/2999 3005/3005/3005 3015/3015/3015
f 2999/2999/2999 3015/3015/3015 3016/3016/3016
f 2999/2999/2999 3016/3016/3016 3017/3017/3017
f 2999/2999/2999 3017/3017/3017 3000/3000/3000
f 3017/3017/3017 3018/3018/3018 3000/3000/3000
f 3018/3018/3018 3019/3019/3019 3000/3000/3000
f 3022/3022/3022 3021/3021/3021 3020/3020/3020
f 3021/3021/3021 3023/3023/3023 3020/3020/3020
f 3023/3023/3023 3024/3024/3024 3020/3020/3020
f 3020/3020/3020 3024/3024/3024 3025/3025/3025
f 3024/3024/3024 3026/3026/3026 3025/3025/3025
f 3025/3025/3025 3026/3026/3026 3027/3027/3027
f 3026/3026/3026 3028/3028/3028 3027/3027/3027
f 3027/3027/3027 3028/3028/3028 3029/3029/3029
f 3028/3028/3028 3030/3030/3030 3029/3029/3029
f 3029/3029/3029 3030/3030/3030 3031/3031/3031
f 3030/3030/3030 3032/3032/3032 3031/3031/3031
f 3032/3032/3032 3033/3033/3033 3031/3031/3031
f 3031/3031/3031 3033/3033/3033 3034/3034/3034
f 3033/3033/3033 3035/3035/3035 3034/3034/3034
f 3033/3033/3033 3036/3036/3036 3035/3035/3035
f 3036/3036/3036 3037/3037/3037 3035/3035/3035
f 2159/2159/2159 3039/3039/3039 3038/3038/3038
f 2159/2159/2159 3038/3038/3038 3040/3040/3040
f 3038/3038/3038 3041/3041/3041 3040/3040/3040
f 2159/2159/2159 3040/3040/3040 2160/2160/2160
f 3040/3040/3040 3042/3042/3042 2160/2160/2160
f 2160/2160/2160 3042/3042/3042 2962/2962/2962
f 3043/3043/3043 2962/2962/2962 3042/3042/3042
f 2962/2962/2962 3043/3043/3043 3044/3044/3044
f 3047/3047/3047 3046/3046/3046 3045/3045/3045
f 3046/3046/3046 3048/3048/3048 3045/3045/3045
f 3048/3048/3048 3049/3049/3049 3045/3045/3045
f 3049/3049/3049 3050/3050/3050 3045/3045/3045
f 3049/3049/3049 3051/3051/3051 3050/3050/3050
f 3049/3049/3049 3052/3052/3052 3051/3051/3051
f 3053/3053/3053 3049/3049/3049 3048/3048/3048
f 3053/3053/3053 3054/3054/3054 3049/3049/3049
f 3054/3054/3054 3055/3055/3055 3049/3049/3049
f 3056/3056/3056 3054/3054/3054 3053/3053/3053
f 3059/3059/3059 3058/3058/3058 3057/3057/3057
f 3057/3057/3057 3058/3058/3058 3060/3060/3060
f 3057/3057/3057 3060/3060/3060 3061/3061/3061
f 3061/3061/3061 3060/3060/3060 3062/3062/3062
f 3061/3061/3061 3062/3062/3062 3063/3063/3063
f 3062/3062/3062 3064/3064/3064 3063/3063/3063
f 3063/3063/3063 3064/3064/3064 3065/3065/3065
f 3064/3064/3064 3066/3066/3066 3065/3065/3065
f 3065/3065/3065 3066/3066/3066 3067/3067/3067
f 3065/3065/3065 3067/3067/3067 3068/3068/3068
f 3067/3067/3067 3069/3069/3069 3068/3068/3068
f 3068/3068/3068 3069/3069/3069 3070/3070/3070
f 3069/3069/3069 3071/3071/3071 3070/3070/3070
f 3070/3070/3070 3071/3071/3071 3072/3072/3072
f 3071/3071/3071 3073/3073/3073 3072/3072/3072
f 3073/3073/3073 3074/3074/3074 3072/3072/3072
f 3073/3073/3073 3075/3075/3075 3074/3074/3074
f 3075/3075/3075 3076/3076/3076 3074/3074/3074
f 3077/3077/3077 3063/3063/3063 3065/3065/3065
f 3077/3077/3077 3065/3065/3065 3078/3078/3078
f 3078/3078/3078 3065/3065/3065 3068/3068/3068
f 3079/3079/3079 3063/3063/3063 3077/3077/3077
f 3078/3078/3078 3068/3068/3068 3080/3080/3080
f 3080/3080/3080 3068/3068/3068 3070/3070/3070
f 3079/3079/3079 3081/3081/3081 3063/3063/3063
f 3080/3080/3080 3070/3070/3070 3082/3082/3082
f 3082/3082/3082 3070/3070/3070 3083/3083/3083
f 3084/3084/3084 3081/3081/3081 3079/3079/3079
f 3082/3082/3082 3083/3083/3083 3085/3085/3085
f 3084/3084/3084 3086/3086/3086 3081/3081/3081
f 3085/3085/3085 3083/3083/3083 3087/3087/3087
f 3088/3088/3088 3086/3086/3086 3084/3084/3084
f 3088/3088/3088 3089/3089/3089 3086/3086/3086
f 3090/3090/3090 3089/3089/3089 3088/3088/3088
f 3090/3090/3090 3088/3088/3088 3091/3091/3091
f 3091/3091/3091 3088/3088/3088 3084/3084/3084
f 369/369/369 3090/3090/3090 3091/3091/3091
f 3085/3085/3085 3087/3087/3087 3092/3092/3092
f 3092/3092/3092 3087/3087/3087 3093/3093/3093
f 3092/3092/3092 3093/3093/3093 3094/3094/3094
f 3095/3095/3095 3092/3092/3092 3094/3094/3094
f 3085/3085/3085 3092/3092/3092 3095/3095/3095
f 3095/3095/3095 3094/3094/3094 2026/2026/2026
f 3091/3091/3091 3084/3084/3084 3096/3096/3096
f 3096/3096/3096 3084/3084/3084 3097/3097/3097
f 3091/3091/3091 3098/3098/3098 369/369/369
f 3098/3098/3098 373/373/373 369/369/369
f 3099/3099/3099 3085/3085/3085 3095/3095/3095
f 3100/3100/3100 3085/3085/3085 3099/3099/3099
f 2026/2026/2026 3101/3101/3101 3095/3095/3095
f 3101/3101/3101 2026/2026/2026 1186/1186/1186
f 3096/3096/3096 3097/3097/3097 3102/3102/3102
f 3097/3097/3097 3103/3103/3103 3102/3102/3102
f 3104/3104/3104 3091/3091/3091 3096/3096/3096
f 3104/3104/3104 3098/3098/3098 3091/3091/3091
f 3105/3105/3105 373/373/373 3098/3098/3098
f 388/388/388 373/373/373 3105/3105/3105
f 388/388/388 3105/3105/3105 417/417/417
f 3105/3105/3105 3098/3098/3098 3106/3106/3106
f 3106/3106/3106 417/417/417 3105/3105/3105
f 3106/3106/3106 3098/3098/3098 3104/3104/3104
f 432/432/432 417/417/417 3106/3106/3106
f 455/455/455 432/432/432 3106/3106/3106
f 3106/3106/3106 3104/3104/3104 455/455/455
f 3107/3107/3107 3104/3104/3104 3096/3096/3096
f 455/455/455 3104/3104/3104 3107/3107/3107
f 3107/3107/3107 3096/3096/3096 3102/3102/3102
f 3102/3102/3102 3103/3103/3103 3108/3108/3108
f 3103/3103/3103 3109/3109/3109 3108/3108/3108
f 455/455/455 3107/3107/3107 3110/3110/3110
f 3110/3110/3110 454/454/454 455/455/455
f 456/456/456 454/454/454 3110/3110/3110
f 3107/3107/3107 3102/3102/3102 3111/3111/3111
f 3110/3110/3110 3107/3107/3107 3111/3111/3111
f 3102/3102/3102 3108/3108/3108 3111/3111/3111
f 3112/3112/3112 456/456/456 3110/3110/3110
f 3110/3110/3110 3111/3111/3111 3112/3112/3112
f 488/488/488 456/456/456 3112/3112/3112
f 3108/3108/3108 3109/3109/3109 3113/3113/3113
f 3109/3109/3109 3114/3114/3114 3113/3113/3113
f 3111/3111/3111 3108/3108/3108 3115/3115/3115
f 3112/3112/3112 3111/3111/3111 3115/3115/3115
f 3108/3108/3108 3113/3113/3113 3115/3115/3115
f 3116/3116/3116 488/488/488 3112/3112/3112
f 3112/3112/3112 3115/3115/3115 3116/3116/3116
f 486/486/486 488/488/488 3116/3116/3116
f 3113/3113/3113 3114/3114/3114 3117/3117/3117
f 3114/3114/3114 3100/3100/3100 3117/3117/3117
f 3117/3117/3117 3100/3100/3100 3099/3099/3099
f 3115/3115/3115 3113/3113/3113 3118/3118/3118
f 3116/3116/3116 3115/3115/3115 3118/3118/3118
f 3113/3113/3113 3117/3117/3117 3118/3118/3118
f 3119/3119/3119 486/486/486 3116/3116/3116
f 3116/3116/3116 3118/3118/3118 3119/3119/3119
f 487/487/487 486/486/486 3119/3119/3119
f 3118/3118/3118 3117/3117/3117 3120/3120/3120
f 3117/3117/3117 3099/3099/3099 3120/3120/3120
f 3119/3119/3119 3118/3118/3118 3120/3120/3120
f 3121/3121/3121 487/487/487 3119/3119/3119
f 3119/3119/3119 3120/3120/3120 3121/3121/3121
f 3120/3120/3120 3099/3099/3099 3122/3122/3122
f 3121/3121/3121 3120/3120/3120 3122/3122/3122
f 3099/3099/3099 3095/3095/3095 3122/3122/3122
f 3122/3122/3122 3095/3095/3095 3101/3101/3101
f 3123/3123/3123 487/487/487 3121/3121/3121
f 3123/3123/3123 481/481/481 487/487/487
f 489/489/489 481/481/481 3123/3123/3123
f 1225/1225/1225 489/489/489 3123/3123/3123
f 3121/3121/3121 3122/3122/3122 3124/3124/3124
f 3124/3124/3124 3123/3123/3123 3121/3121/3121
f 3124/3124/3124 3122/3122/3122 3101/3101/3101
f 1225/1225/1225 3123/3123/3123 3124/3124/3124
f 3124/3124/3124 3101/3101/3101 3125/3125/3125
f 3125/3125/3125 1225/1225/1225 3124/3124/3124
f 3125/3125/3125 3101/3101/3101 1186/1186/1186
f 3125/3125/3125 1188/1188/1188 1225/1225/1225
f 3125/3125/3125 1186/1186/1186 1188/1188/1188
f 3128/3128/3128 3127/3127/3127 3126/3126/3126
f 3129/3129/3129 3128/3128/3128 3126/3126/3126
f 3129/3129/3129 3126/3126/3126 3130/3130/3130
f 3131/3131/3131 3129/3129/3129 3130/3130/3130
f 3131/3131/3131 3130/3130/3130 3132/3132/3132
f 3133/3133/3133 3131/3131/3131 3132/3132/3132
f 3133/3133/3133 3132/3132/3132 3134/3134/3134
f 3135/3135/3135 3133/3133/3133 3134/3134/3134
f 3135/3135/3135 3134/3134/3134 3136/3136/3136
f 3135/3135/3135 3136/3136/3136 3137/3137/3137
f 3138/3138/3138 3135/3135/3135 3137/3137/3137
f 3137/3137/3137 3136/3136/3136 3139/3139/3139
f 3139/3139/3139 3136/3136/3136 3140/3140/3140
f 3137/3137/3137 3141/3141/3141 3138/3138/3138
f 3139/3139/3139 3141/3141/3141 3137/3137/3137
f 3141/3141/3141 3142/3142/3142 3138/3138/3138
f 3140/3140/3140 3143/3143/3143 3139/3139/3139
f 3143/3143/3143 3141/3141/3141 3139/3139/3139
f 3144/3144/3144 3143/3143/3143 3140/3140/3140
f 3144/3144/3144 3145/3145/3145 3143/3143/3143
f 3143/3143/3143 3145/3145/3145 3141/3141/3141
f 3146/3146/3146 3145/3145/3145 3144/3144/3144
f 3146/3146/3146 3147/3147/3147 3145/3145/3145
f 3145/3145/3145 3147/3147/3147 3148/3148/3148
f 3145/3145/3145 3148/3148/3148 3149/3149/3149
f 3145/3145/3145 3149/3149/3149 3150/3150/3150
f 3145/3145/3145 3150/3150/3150 3151/3151/3151
f 3141/3141/3141 3152/3152/3152 3142/3142/3142
f 3145/3145/3145 3152/3152/3152 3141/3141/3141
f 3145/3145/3145 3151/3151/3151 3152/3152/3152
f 3152/3152/3152 3153/3153/3153 3142/3142/3142
f 3152/3152/3152 3151/3151/3151 3154/3154/3154
f 3152/3152/3152 3155/3155/3155 3153/3153/3153
f 3152/3152/3152 3154/3154/3154 3156/3156/3156
f 3152/3152/3152 3157/3157/3157 3155/3155/3155
f 3152/3152/3152 3156/3156/3156 3158/3158/3158
f 3152/3152/3152 3158/3158/3158 3157/3157/3157
f 723/723/723 3159/3159/3159 725/725/725
f 725/725/725 3159/3159/3159 2127/2127/2127
f 3159/3159/3159 3160/3160/3160 2127/2127/2127
f 3160/3160/3160 3161/3161/3161 2127/2127/2127
f 2127/2127/2127 3161/3161/3161 2130/2130/2130
f 3159/3159/3159 3162/3162/3162 3160/3160/3160
f 3160/3160/3160 3163/3163/3163 3161/3161/3161
f 3160/3160/3160 3162/3162/3162 3163/3163/3163
f 3161/3161/3161 3164/3164/3164 2130/2130/2130
f 3161/3161/3161 3163/3163/3163 3165/3165/3165
f 3161/3161/3161 3165/3165/3165 3164/3164/3164
f 3164/3164/3164 3166/3166/3166 2130/2130/2130
f 2130/2130/2130 3166/3166/3166 2131/2131/2131
f 2131/2131/2131 3166/3166/3166 3167/3167/3167
f 2131/2131/2131 3167/3167/3167 2132/2132/2132
f 3166/3166/3166 3164/3164/3164 3168/3168/3168
f 3166/3166/3166 3168/3168/3168 3167/3167/3167
f 3164/3164/3164 3165/3165/3165 3169/3169/3169
f 3168/3168/3168 3164/3164/3164 3169/3169/3169
f 3163/3163/3163 3170/3170/3170 3165/3165/3165
f 3171/3171/3171 3165/3165/3165 3170/3170/3170
f 3171/3171/3171 3169/3169/3169 3165/3165/3165
f 3163/3163/3163 3172/3172/3172 3170/3170/3170
f 3162/3162/3162 3172/3172/3172 3163/3163/3163
f 3162/3162/3162 3173/3173/3173 3172/3172/3172
f 3174/3174/3174 3169/3169/3169 3171/3171/3171
f 3175/3175/3175 3173/3173/3173 3162/3162/3162
f 3159/3159/3159 3175/3175/3175 3162/3162/3162
f 3175/3175/3175 3176/3176/3176 3173/3173/3173
f 3177/3177/3177 3168/3168/3168 3169/3169/3169
f 3174/3174/3174 3177/3177/3177 3169/3169/3169
f 3178/3178/3178 3175/3175/3175 3159/3159/3159
f 723/723/723 3178/3178/3178 3159/3159/3159
f 3179/3179/3179 3176/3176/3176 3175/3175/3175
f 3178/3178/3178 3179/3179/3179 3175/3175/3175
f 3179/3179/3179 3180/3180/3180 3176/3176/3176
f 3181/3181/3181 3179/3179/3179 3178/3178/3178
f 723/723/723 3181/3181/3181 3178/3178/3178
f 3182/3182/3182 3180/3180/3180 3179/3179/3179
f 3181/3181/3181 3182/3182/3182 3179/3179/3179
f 3182/3182/3182 3183/3183/3183 3180/3180/3180
f 3184/3184/3184 3182/3182/3182 3181/3181/3181
f 723/723/723 3184/3184/3184 3181/3181/3181
f 3185/3185/3185 3183/3183/3183 3182/3182/3182
f 3184/3184/3184 3185/3185/3185 3182/3182/3182
f 3185/3185/3185 3186/3186/3186 3183/3183/3183
f 723/723/723 3187/3187/3187 3184/3184/3184
f 3187/3187/3187 3185/3185/3185 3184/3184/3184
f 3188/3188/3188 3186/3186/3186 3185/3185/3185
f 3187/3187/3187 3188/3188/3188 3185/3185/3185
f 3188/3188/3188 3189/3189/3189 3186/3186/3186
f 723/723/723 3190/3190/3190 3187/3187/3187
f 724/724/724 3190/3190/3190 723/723/723
f 3191/3191/3191 3189/3189/3189 3188/3188/3188
f 3191/3191/3191 3192/3192/3192 3189/3189/3189
f 3191/3191/3191 3193/3193/3193 3192/3192/3192
f 3194/3194/3194 3188/3188/3188 3187/3187/3187
f 3194/3194/3194 3191/3191/3191 3188/3188/3188
f 3190/3190/3190 3194/3194/3194 3187/3187/3187
f 3195/3195/3195 3193/3193/3193 3191/3191/3191
f 3195/3195/3195 3191/3191/3191 3194/3194/3194
f 3193/3193/3193 3195/3195/3195 3196/3196/3196
f 3195/3195/3195 3197/3197/3197 3196/3196/3196
f 3196/3196/3196 3197/3197/3197 3198/3198/3198
f 3199/3199/3199 3195/3195/3195 3194/3194/3194
f 3199/3199/3199 3197/3197/3197 3195/3195/3195
f 3190/3190/3190 3200/3200/3200 3194/3194/3194
f 3200/3200/3200 3199/3199/3199 3194/3194/3194
f 3197/3197/3197 3201/3201/3201 3198/3198/3198
f 3197/3197/3197 3199/3199/3199 3202/3202/3202
f 3197/3197/3197 3202/3202/3202 3201/3201/3201
f 3203/3203/3203 3198/3198/3198 3201/3201/3201
f 3204/3204/3204 3198/3198/3198 3203/3203/3203
f 3201/3201/3201 3202/3202/3202 3205/3205/3205
f 3201/3201/3201 3205/3205/3205 3203/3203/3203
f 3206/3206/3206 3204/3204/3204 3203/3203/3203
f 3207/3207/3207 3204/3204/3204 3206/3206/3206
f 3208/3208/3208 3207/3207/3207 3206/3206/3206
f 3208/3208/3208 3209/3209/3209 3207/3207/3207
f 3210/3210/3210 3209/3209/3209 3208/3208/3208
f 3210/3210/3210 3211/3211/3211 3209/3209/3209
f 3206/3206/3206 3212/3212/3212 3208/3208/3208
f 3208/3208/3208 3212/3212/3212 3210/3210/3210
f 3213/3213/3213 3206/3206/3206 3203/3203/3203
f 3206/3206/3206 3213/3213/3213 3212/3212/3212
f 3214/3214/3214 3211/3211/3211 3210/3210/3210
f 3214/3214/3214 3215/3215/3215 3211/3211/3211
f 3205/3205/3205 3216/3216/3216 3203/3203/3203
f 3216/3216/3216 3213/3213/3213 3203/3203/3203
f 3217/3217/3217 3216/3216/3216 3205/3205/3205
f 3216/3216/3216 3217/3217/3217 3213/3213/3213
f 3210/3210/3210 3212/3212/3212 3218/3218/3218
f 3210/3210/3210 3218/3218/3218 3214/3214/3214
f 3219/3219/3219 3215/3215/3215 3214/3214/3214
f 3219/3219/3219 3220/3220/3220 3215/3215/3215
f 3205/3205/3205 3221/3221/3221 3217/3217/3217
f 3205/3205/3205 3202/3202/3202 3221/3221/3221
f 3202/3202/3202 3222/3222/3222 3221/3221/3221
f 3202/3202/3202 3199/3199/3199 3222/3222/3222
f 3221/3221/3221 3223/3223/3223 3217/3217/3217
f 3221/3221/3221 3222/3222/3222 3223/3223/3223
f 3217/3217/3217 3224/3224/3224 3213/3213/3213
f 3217/3217/3217 3223/3223/3223 3224/3224/3224
f 3212/3212/3212 3213/3213/3213 3225/3225/3225
f 3213/3213/3213 3224/3224/3224 3225/3225/3225
f 3226/3226/3226 3222/3222/3222 3199/3199/3199
f 3200/3200/3200 3226/3226/3226 3199/3199/3199
f 3227/3227/3227 3220/3220/3220 3219/3219/3219
f 3227/3227/3227 3228/3228/3228 3220/3220/3220
f 3222/3222/3222 3229/3229/3229 3223/3223/3223
f 3226/3226/3226 3229/3229/3229 3222/3222/3222
f 3229/3229/3229 3230/3230/3230 3223/3223/3223
f 3226/3226/3226 3230/3230/3230 3229/3229/3229
f 3223/3223/3223 3231/3231/3231 3224/3224/3224
f 3230/3230/3230 3231/3231/3231 3223/3223/3223
f 3231/3231/3231 3232/3232/3232 3224/3224/3224
f 3224/3224/3224 3232/3232/3232 3225/3225/3225
f 3231/3231/3231 3230/3230/3230 3233/3233/3233
f 3232/3232/3232 3231/3231/3231 3233/3233/3233
f 3226/3226/3226 3234/3234/3234 3230/3230/3230
f 3233/3233/3233 3230/3230/3230 3234/3234/3234
f 3200/3200/3200 3235/3235/3235 3226/3226/3226
f 3226/3226/3226 3235/3235/3235 3234/3234/3234
f 3236/3236/3236 3232/3232/3232 3233/3233/3233
f 3232/3232/3232 3236/3236/3236 3225/3225/3225
f 3237/3237/3237 3233/3233/3233 3234/3234/3234
f 3236/3236/3236 3233/3233/3233 3237/3237/3237
f 3237/3237/3237 3234/3234/3234 3238/3238/3238
f 3238/3238/3238 3234/3234/3234 3235/3235/3235
f 3236/3236/3236 3237/3237/3237 3239/3239/3239
f 3238/3238/3238 3235/3235/3235 3240/3240/3240
f 3200/3200/3200 3241/3241/3241 3235/3235/3235
f 3241/3241/3241 3240/3240/3240 3235/3235/3235
f 3190/3190/3190 3241/3241/3241 3200/3200/3200
f 3241/3241/3241 3242/3242/3242 3240/3240/3240
f 3243/3243/3243 3236/3236/3236 3239/3239/3239
f 3225/3225/3225 3236/3236/3236 3243/3243/3243
f 3243/3243/3243 3239/3239/3239 3244/3244/3244
f 3243/3243/3243 3244/3244/3244 3245/3245/3245
f 3190/3190/3190 3246/3246/3246 3241/3241/3241
f 3246/3246/3246 3242/3242/3242 3241/3241/3241
f 3246/3246/3246 3247/3247/3247 3242/3242/3242
f 724/724/724 3246/3246/3246 3190/3190/3190
f 3248/3248/3248 3247/3247/3247 3246/3246/3246
f 724/724/724 3248/3248/3248 3246/3246/3246
f 3248/3248/3248 3249/3249/3249 3247/3247/3247
f 3250/3250/3250 3225/3225/3225 3243/3243/3243
f 3212/3212/3212 3225/3225/3225 3250/3250/3250
f 3218/3218/3218 3212/3212/3212 3250/3250/3250
f 3243/3243/3243 3245/3245/3245 3251/3251/3251
f 3251/3251/3251 3250/3250/3250 3243/3243/3243
f 3251/3251/3251 3245/3245/3245 3252/3252/3252
f 3253/3253/3253 3248/3248/3248 724/724/724
f 714/714/714 3253/3253/3253 724/724/724
f 3254/3254/3254 3249/3249/3249 3248/3248/3248
f 3253/3253/3253 3254/3254/3254 3248/3248/3248
f 3254/3254/3254 3255/3255/3255 3249/3249/3249
f 3218/3218/3218 3250/3250/3250 3256/3256/3256
f 3256/3256/3256 3250/3250/3250 3251/3251/3251
f 3251/3251/3251 3252/3252/3252 3257/3257/3257
f 3257/3257/3257 3256/3256/3256 3251/3251/3251
f 3257/3257/3257 3252/3252/3252 3258/3258/3258
f 714/714/714 3259/3259/3259 3253/3253/3253
f 3259/3259/3259 3254/3254/3254 3253/3253/3253
f 3260/3260/3260 3255/3255/3255 3254/3254/3254
f 3259/3259/3259 3260/3260/3260 3254/3254/3254
f 3260/3260/3260 3261/3261/3261 3255/3255/3255
f 714/714/714 3262/3262/3262 3259/3259/3259
f 3262/3262/3262 3260/3260/3260 3259/3259/3259
f 713/713/713 3262/3262/3262 714/714/714
f 3263/3263/3263 3261/3261/3261 3260/3260/3260
f 3262/3262/3262 3263/3263/3263 3260/3260/3260
f 3263/3263/3263 3264/3264/3264 3261/3261/3261
f 3257/3257/3257 3258/3258/3258 3265/3265/3265
f 3265/3265/3265 3258/3258/3258 3266/3266/3266
f 3267/3267/3267 3263/3263/3263 3262/3262/3262
f 713/713/713 3267/3267/3267 3262/3262/3262
f 3268/3268/3268 3264/3264/3264 3263/3263/3263
f 3267/3267/3267 3268/3268/3268 3263/3263/3263
f 3268/3268/3268 3269/3269/3269 3264/3264/3264
f 3270/3270/3270 3269/3269/3269 3268/3268/3268
f 3270/3270/3270 3271/3271/3271 3269/3269/3269
f 3270/3270/3270 3272/3272/3272 3271/3271/3271
f 3273/3273/3273 3268/3268/3268 3267/3267/3267
f 3273/3273/3273 3270/3270/3270 3268/3268/3268
f 3274/3274/3274 3272/3272/3272 3270/3270/3270
f 3274/3274/3274 3270/3270/3270 3273/3273/3273
f 3272/3272/3272 3274/3274/3274 3275/3275/3275
f 3274/3274/3274 3276/3276/3276 3275/3275/3275
f 3275/3275/3275 3276/3276/3276 3277/3277/3277
f 713/713/713 3278/3278/3278 3267/3267/3267
f 3278/3278/3278 3273/3273/3273 3267/3267/3267
f 3279/3279/3279 3274/3274/3274 3273/3273/3273
f 3279/3279/3279 3276/3276/3276 3274/3274/3274
f 3278/3278/3278 3280/3280/3280 3273/3273/3273
f 3280/3280/3280 3279/3279/3279 3273/3273/3273
f 3276/3276/3276 3281/3281/3281 3277/3277/3277
f 3282/3282/3282 3277/3277/3277 3281/3281/3281
f 3283/3283/3283 3277/3277/3277 3282/3282/3282
f 3284/3284/3284 3283/3283/3283 3282/3282/3282
f 3285/3285/3285 3283/3283/3283 3284/3284/3284
f 3286/3286/3286 3285/3285/3285 3284/3284/3284
f 3286/3286/3286 3287/3287/3287 3285/3285/3285
f 3288/3288/3288 3287/3287/3287 3286/3286/3286
f 3288/3288/3288 3289/3289/3289 3287/3287/3287
f 3284/3284/3284 3290/3290/3290 3286/3286/3286
f 3286/3286/3286 3290/3290/3290 3288/3288/3288
f 3291/3291/3291 3284/3284/3284 3282/3282/3282
f 3284/3284/3284 3291/3291/3291 3290/3290/3290
f 3290/3290/3290 3291/3291/3291 3292/3292/3292
f 3293/3293/3293 3289/3289/3289 3288/3288/3288
f 3293/3293/3293 3294/3294/3294 3289/3289/3289
f 3295/3295/3295 3291/3291/3291 3282/3282/3282
f 3295/3295/3295 3282/3282/3282 3281/3281/3281
f 3288/3288/3288 3290/3290/3290 3296/3296/3296
f 3288/3288/3288 3296/3296/3296 3293/3293/3293
f 3297/3297/3297 3294/3294/3294 3293/3293/3293
f 3297/3297/3297 3298/3298/3298 3294/3294/3294
f 3295/3295/3295 3299/3299/3299 3291/3291/3291
f 3291/3291/3291 3299/3299/3299 3292/3292/3292
f 3295/3295/3295 3281/3281/3281 3300/3300/3300
f 3299/3299/3299 3295/3295/3295 3300/3300/3300
f 3301/3301/3301 3300/3300/3300 3281/3281/3281
f 3276/3276/3276 3301/3301/3301 3281/3281/3281
f 3296/3296/3296 3290/3290/3290 3302/3302/3302
f 3290/3290/3290 3292/3292/3292 3302/3302/3302
f 3296/3296/3296 3303/3303/3303 3293/3293/3293
f 3293/3293/3293 3303/3303/3303 3297/3297/3297
f 3304/3304/3304 3298/3298/3298 3297/3297/3297
f 3304/3304/3304 3305/3305/3305 3298/3298/3298
f 3300/3300/3300 3306/3306/3306 3299/3299/3299
f 3301/3301/3301 3306/3306/3306 3300/3300/3300
f 3276/3276/3276 3307/3307/3307 3301/3301/3301
f 3307/3307/3307 3276/3276/3276 3279/3279/3279
f 3308/3308/3308 3301/3301/3301 3307/3307/3307
f 3301/3301/3301 3308/3308/3308 3306/3306/3306
f 3279/3279/3279 3308/3308/3308 3307/3307/3307
f 3306/3306/3306 3309/3309/3309 3299/3299/3299
f 3306/3306/3306 3308/3308/3308 3309/3309/3309
f 3310/3310/3310 3308/3308/3308 3279/3279/3279
f 3280/3280/3280 3310/3310/3310 3279/3279/3279
f 3297/3297/3297 3311/3311/3311 3304/3304/3304
f 3303/3303/3303 3311/3311/3311 3297/3297/3297
f 3312/3312/3312 3305/3305/3305 3304/3304/3304
f 3312/3312/3312 3266/3266/3266 3305/3305/3305
f 3265/3265/3265 3266/3266/3266 3312/3312/3312
f 3304/3304/3304 3313/3313/3313 3312/3312/3312
f 3311/3311/3311 3313/3313/3313 3304/3304/3304
f 3312/3312/3312 3314/3314/3314 3265/3265/3265
f 3313/3313/3313 3314/3314/3314 3312/3312/3312
f 3314/3314/3314 3315/3315/3315 3265/3265/3265
f 3265/3265/3265 3315/3315/3315 3257/3257/3257
f 3315/3315/3315 3256/3256/3256 3257/3257/3257
f 3314/3314/3314 3313/3313/3313 3316/3316/3316
f 3315/3315/3315 3314/3314/3314 3316/3316/3316
f 3313/3313/3313 3311/3311/3311 3317/3317/3317
f 3316/3316/3316 3313/3313/3313 3317/3317/3317
f 3311/3311/3311 3303/3303/3303 3318/3318/3318
f 3311/3311/3311 3318/3318/3318 3317/3317/3317
f 3319/3319/3319 3256/3256/3256 3315/3315/3315
f 3319/3319/3319 3218/3218/3218 3256/3256/3256
f 3218/3218/3218 3319/3319/3319 3214/3214/3214
f 3214/3214/3214 3319/3319/3319 3219/3219/3219
f 3320/3320/3320 3319/3319/3319 3315/3315/3315
f 3319/3319/3319 3320/3320/3320 3219/3219/3219
f 3320/3320/3320 3315/3315/3315 3316/3316/3316
f 3219/3219/3219 3320/3320/3320 3227/3227/3227
f 3321/3321/3321 3320/3320/3320 3316/3316/3316
f 3320/3320/3320 3321/3321/3321 3227/3227/3227
f 2015/2015/2015 3321/3321/3321 3316/3316/3316
f 3227/3227/3227 3321/3321/3321 3322/3322/3322
f 3322/3322/3322 3228/3228/3228 3227/3227/3227
f 3322/3322/3322 3323/3323/3323 3228/3228/3228
f 3324/3324/3324 3321/3321/3321 2015/2015/2015
f 3321/3321/3321 3324/3324/3324 3322/3322/3322
f 3325/3325/3325 3323/3323/3323 3322/3322/3322
f 3322/3322/3322 3324/3324/3324 3325/3325/3325
f 3325/3325/3325 3326/3326/3326 3323/3323/3323
f 3327/3327/3327 3324/3324/3324 2015/2015/2015
f 3324/3324/3324 3327/3327/3327 3325/3325/3325
f 2013/2013/2013 3327/3327/3327 2015/2015/2015
f 3328/3328/3328 3326/3326/3326 3325/3325/3325
f 3325/3325/3325 3327/3327/3327 3328/3328/3328
f 3328/3328/3328 3329/3329/3329 3326/3326/3326
f 2013/2013/2013 3330/3330/3330 3327/3327/3327
f 3327/3327/3327 3330/3330/3330 3328/3328/3328
f 2013/2013/2013 2014/2014/2014 3330/3330/3330
f 3331/3331/3331 3329/3329/3329 3328/3328/3328
f 3328/3328/3328 3330/3330/3330 3331/3331/3331
f 3331/3331/3331 3332/3332/3332 3329/3329/3329
f 2014/2014/2014 3333/3333/3333 3330/3330/3330
f 3330/3330/3330 3333/3333/3333 3331/3331/3331
f 3334/3334/3334 3332/3332/3332 3331/3331/3331
f 3331/3331/3331 3333/3333/3333 3334/3334/3334
f 3334/3334/3334 3335/3335/3335 3332/3332/3332
f 3334/3334/3334 3336/3336/3336 3335/3335/3335
f 2014/2014/2014 3337/3337/3337 3333/3333/3333
f 3333/3333/3333 3337/3337/3337 3334/3334/3334
f 2014/2014/2014 2132/2132/2132 3337/3337/3337
f 3334/3334/3334 3338/3338/3338 3336/3336/3336
f 3337/3337/3337 3338/3338/3338 3334/3334/3334
f 3338/3338/3338 3174/3174/3174 3336/3336/3336
f 3338/3338/3338 3177/3177/3177 3174/3174/3174
f 2132/2132/2132 3339/3339/3339 3337/3337/3337
f 2132/2132/2132 3167/3167/3167 3339/3339/3339
f 3340/3340/3340 3338/3338/3338 3337/3337/3337
f 3338/3338/3338 3340/3340/3340 3177/3177/3177
f 3339/3339/3339 3340/3340/3340 3337/3337/3337
f 3167/3167/3167 3341/3341/3341 3339/3339/3339
f 3341/3341/3341 3340/3340/3340 3339/3339/3339
f 3340/3340/3340 3341/3341/3341 3177/3177/3177
f 3168/3168/3168 3341/3341/3341 3167/3167/3167
f 3341/3341/3341 3168/3168/3168 3177/3177/3177
f 3318/3318/3318 3342/3342/3342 3317/3317/3317
f 3317/3317/3317 3342/3342/3342 363/363/363
f 3342/3342/3342 3343/3343/3343 363/363/363
f 3343/3343/3343 3344/3344/3344 363/363/363
f 363/363/363 3344/3344/3344 350/350/350
f 3343/3343/3343 3342/3342/3342 3345/3345/3345
f 3342/3342/3342 3318/3318/3318 3346/3346/3346
f 3345/3345/3345 3342/3342/3342 3346/3346/3346
f 3344/3344/3344 3343/3343/3343 3347/3347/3347
f 3347/3347/3347 3343/3343/3343 3345/3345/3345
f 3344/3344/3344 3348/3348/3348 350/350/350
f 3349/3349/3349 3344/3344/3344 3347/3347/3347
f 3348/3348/3348 3344/3344/3344 3349/3349/3349
f 3350/3350/3350 3347/3347/3347 3345/3345/3345
f 3350/3350/3350 3349/3349/3349 3347/3347/3347
f 3350/3350/3350 3345/3345/3345 3351/3351/3351
f 3351/3351/3351 3345/3345/3345 3346/3346/3346
f 3352/3352/3352 3349/3349/3349 3350/3350/3350
f 3351/3351/3351 3346/3346/3346 3353/3353/3353
f 3352/3352/3352 3354/3354/3354 3349/3349/3349
f 3354/3354/3354 3348/3348/3348 3349/3349/3349
f 3355/3355/3355 3354/3354/3354 3352/3352/3352
f 3348/3348/3348 3356/3356/3356 350/350/350
f 3356/3356/3356 3348/3348/3348 3354/3354/3354
f 3356/3356/3356 351/351/351 350/350/350
f 3353/3353/3353 3346/3346/3346 3357/3357/3357
f 3346/3346/3346 3318/3318/3318 3357/3357/3357
f 3353/3353/3353 3357/3357/3357 3358/3358/3358
f 3355/3355/3355 3359/3359/3359 3354/3354/3354
f 3359/3359/3359 3356/3356/3356 3354/3354/3354
f 3360/3360/3360 3359/3359/3359 3355/3355/3355
f 3318/3318/3318 3361/3361/3361 3357/3357/3357
f 3303/3303/3303 3361/3361/3361 3318/3318/3318
f 3303/3303/3303 3296/3296/3296 3361/3361/3361
f 3296/3296/3296 3302/3302/3302 3361/3361/3361
f 3358/3358/3358 3357/3357/3357 3362/3362/3362
f 3357/3357/3357 3361/3361/3361 3362/3362/3362
f 3361/3361/3361 3302/3302/3302 3362/3362/3362
f 3358/3358/3358 3362/3362/3362 3363/3363/3363
f 3362/3362/3362 3302/3302/3302 3364/3364/3364
f 3363/3363/3363 3362/3362/3362 3364/3364/3364
f 3363/3363/3363 3364/3364/3364 3365/3365/3365
f 3364/3364/3364 3366/3366/3366 3365/3365/3365
f 3302/3302/3302 3292/3292/3292 3364/3364/3364
f 3367/3367/3367 3366/3366/3366 3364/3364/3364
f 3292/3292/3292 3367/3367/3367 3364/3364/3364
f 3367/3367/3367 3368/3368/3368 3366/3366/3366
f 3369/3369/3369 3367/3367/3367 3292/3292/3292
f 3370/3370/3370 3368/3368/3368 3367/3367/3367
f 3367/3367/3367 3369/3369/3369 3370/3370/3370
f 3371/3371/3371 3369/3369/3369 3292/3292/3292
f 3299/3299/3299 3371/3371/3371 3292/3292/3292
f 3299/3299/3299 3309/3309/3309 3371/3371/3371
f 3371/3371/3371 3372/3372/3372 3369/3369/3369
f 3369/3369/3369 3372/3372/3372 3370/3370/3370
f 3309/3309/3309 3372/3372/3372 3371/3371/3371
f 3368/3368/3368 3370/3370/3370 3373/3373/3373
f 3368/3368/3368 3373/3373/3373 3374/3374/3374
f 3370/3370/3370 3372/3372/3372 3375/3375/3375
f 3375/3375/3375 3372/3372/3372 3309/3309/3309
f 3370/3370/3370 3375/3375/3375 3373/3373/3373
f 3376/3376/3376 3375/3375/3375 3309/3309/3309
f 3308/3308/3308 3376/3376/3376 3309/3309/3309
f 3310/3310/3310 3376/3376/3376 3308/3308/3308
f 3377/3377/3377 3375/3375/3375 3376/3376/3376
f 3373/3373/3373 3375/3375/3375 3377/3377/3377
f 3310/3310/3310 3377/3377/3377 3376/3376/3376
f 3377/3377/3377 3310/3310/3310 3373/3373/3373
f 3374/3374/3374 3373/3373/3373 3378/3378/3378
f 3310/3310/3310 3378/3378/3378 3373/3373/3373
f 3374/3374/3374 3378/3378/3378 3379/3379/3379
f 3280/3280/3280 3378/3378/3378 3310/3310/3310
f 3379/3379/3379 3378/3378/3378 3380/3380/3380
f 3280/3280/3280 3380/3380/3380 3378/3378/3378
f 3379/3379/3379 3380/3380/3380 3381/3381/3381
f 3382/3382/3382 3380/3380/3380 3280/3280/3280
f 3381/3381/3381 3380/3380/3380 3382/3382/3382
f 3381/3381/3381 3382/3382/3382 3383/3383/3383
f 3278/3278/3278 3382/3382/3382 3280/3280/3280
f 3383/3383/3383 3382/3382/3382 3384/3384/3384
f 3384/3384/3384 3382/3382/3382 3278/3278/3278
f 3383/3383/3383 3384/3384/3384 3385/3385/3385
f 3386/3386/3386 3384/3384/3384 3278/3278/3278
f 713/713/713 3386/3386/3386 3278/3278/3278
f 3385/3385/3385 3384/3384/3384 3387/3387/3387
f 3387/3387/3387 3384/3384/3384 3386/3386/3386
f 3385/3385/3385 3387/3387/3387 3388/3388/3388
f 713/713/713 3389/3389/3389 3386/3386/3386
f 3389/3389/3389 3387/3387/3387 3386/3386/3386
f 3388/3388/3388 3387/3387/3387 3390/3390/3390
f 3390/3390/3390 3387/3387/3387 3389/3389/3389
f 3388/3388/3388 3390/3390/3390 3391/3391/3391
f 713/713/713 3392/3392/3392 3389/3389/3389
f 3392/3392/3392 3390/3390/3390 3389/3389/3389
f 715/715/715 3392/3392/3392 713/713/713
f 715/715/715 3390/3390/3390 3392/3392/3392
f 3391/3391/3391 3390/3390/3390 3393/3393/3393
f 715/715/715 3393/3393/3393 3390/3390/3390
f 3391/3391/3391 3393/3393/3393 3394/3394/3394
f 3394/3394/3394 3393/3393/3393 3395/3395/3395
f 3395/3395/3395 3393/3393/3393 715/715/715
f 3394/3394/3394 3395/3395/3395 3396/3396/3396
f 3397/3397/3397 3395/3395/3395 715/715/715
f 716/716/716 3397/3397/3397 715/715/715
f 3396/3396/3396 3395/3395/3395 3398/3398/3398
f 3396/3396/3396 3398/3398/3398 3399/3399/3399
f 3400/3400/3400 3395/3395/3395 3397/3397/3397
f 3400/3400/3400 3398/3398/3398 3395/3395/3395
f 716/716/716 3400/3400/3400 3397/3397/3397
f 3399/3399/3399 3398/3398/3398 3401/3401/3401
f 3401/3401/3401 3398/3398/3398 3400/3400/3400
f 3399/3399/3399 3401/3401/3401 3402/3402/3402
f 3402/3402/3402 3401/3401/3401 3403/3403/3403
f 3401/3401/3401 3404/3404/3404 3403/3403/3403
f 3403/3403/3403 3404/3404/3404 3405/3405/3405
f 3406/3406/3406 3401/3401/3401 3400/3400/3400
f 3406/3406/3406 3404/3404/3404 3401/3401/3401
f 716/716/716 3407/3407/3407 3400/3400/3400
f 3407/3407/3407 3406/3406/3406 3400/3400/3400
f 716/716/716 3408/3408/3408 3407/3407/3407
f 357/357/357 3408/3408/3408 716/716/716
f 357/357/357 355/355/355 3408/3408/3408
f 3408/3408/3408 355/355/355 3409/3409/3409
f 3407/3407/3407 3408/3408/3408 3409/3409/3409
f 3409/3409/3409 355/355/355 358/358/358
f 3410/3410/3410 3407/3407/3407 3409/3409/3409
f 3410/3410/3410 3409/3409/3409 358/358/358
f 3407/3407/3407 3411/3411/3411 3406/3406/3406
f 3411/3411/3411 3407/3407/3407 3410/3410/3410
f 3412/3412/3412 3410/3410/3410 358/358/358
f 3412/3412/3412 358/358/358 351/351/351
f 3413/3413/3413 3404/3404/3404 3406/3406/3406
f 3411/3411/3411 3413/3413/3413 3406/3406/3406
f 3414/3414/3414 3411/3411/3411 3410/3410/3410
f 3414/3414/3414 3410/3410/3410 3412/3412/3412
f 3411/3411/3411 3415/3415/3415 3413/3413/3413
f 3404/3404/3404 3413/3413/3413 3415/3415/3415
f 3415/3415/3415 3411/3411/3411 3414/3414/3414
f 3404/3404/3404 3415/3415/3415 3416/3416/3416
f 3404/3404/3404 3416/3416/3416 3405/3405/3405
f 3414/3414/3414 3417/3417/3417 3415/3415/3415
f 3415/3415/3415 3417/3417/3417 3416/3416/3416
f 3405/3405/3405 3416/3416/3416 3418/3418/3418
f 3416/3416/3416 3417/3417/3417 3418/3418/3418
f 3419/3419/3419 3405/3405/3405 3418/3418/3418
f 3420/3420/3420 3414/3414/3414 3412/3412/3412
f 3417/3417/3417 3414/3414/3414 3420/3420/3420
f 3421/3421/3421 3412/3412/3412 351/351/351
f 3420/3420/3420 3412/3412/3412 3421/3421/3421
f 3417/3417/3417 3420/3420/3420 3422/3422/3422
f 3417/3417/3417 3422/3422/3422 3418/3418/3418
f 3422/3422/3422 3420/3420/3420 3421/3421/3421
f 3422/3422/3422 3421/3421/3421 3418/3418/3418
f 3419/3419/3419 3418/3418/3418 3423/3423/3423
f 3421/3421/3421 3423/3423/3423 3418/3418/3418
f 3424/3424/3424 3419/3419/3419 3423/3423/3423
f 3424/3424/3424 3423/3423/3423 3425/3425/3425
f 3426/3426/3426 3421/3421/3421 351/351/351
f 3423/3423/3423 3421/3421/3421 3426/3426/3426
f 3356/3356/3356 3426/3426/3426 351/351/351
f 3359/3359/3359 3426/3426/3426 3356/3356/3356
f 3425/3425/3425 3423/3423/3423 3427/3427/3427
f 3423/3423/3423 3426/3426/3426 3427/3427/3427
f 3427/3427/3427 3426/3426/3426 3359/3359/3359
f 3425/3425/3425 3427/3427/3427 3360/3360/3360
f 3360/3360/3360 3427/3427/3427 3359/3359/3359
f 3428/3428/3428 2053/2053/2053 2052/2052/2052
f 2053/2053/2053 3428/3428/3428 2110/2110/2110
f 2052/2052/2052 3429/3429/3429 3428/3428/3428
f 3429/3429/3429 2052/2052/2052 236/236/236
f 3430/3430/3430 3429/3429/3429 236/236/236
f 243/243/243 3430/3430/3430 236/236/236
f 243/243/243 3431/3431/3431 3430/3430/3430
f 3430/3430/3430 3432/3432/3432 3429/3429/3429
f 3429/3429/3429 3432/3432/3432 3428/3428/3428
f 3431/3431/3431 3432/3432/3432 3430/3430/3430
f 3428/3428/3428 3432/3432/3432 3433/3433/3433
f 3431/3431/3431 3433/3433/3433 3432/3432/3432
f 3428/3428/3428 3433/3433/3433 3434/3434/3434
f 3428/3428/3428 3434/3434/3434 2110/2110/2110
f 3431/3431/3431 3434/3434/3434 3433/3433/3433
f 2110/2110/2110 3434/3434/3434 3435/3435/3435
f 3435/3435/3435 2109/2109/2109 2110/2110/2110
f 3436/3436/3436 3435/3435/3435 3434/3434/3434
f 3436/3436/3436 2109/2109/2109 3435/3435/3435
f 3436/3436/3436 3434/3434/3434 3431/3431/3431
f 3437/3437/3437 2109/2109/2109 3436/3436/3436
f 3437/3437/3437 3436/3436/3436 3431/3431/3431
f 3437/3437/3437 221/221/221 2109/2109/2109
f 3438/3438/3438 3431/3431/3431 243/243/243
f 3438/3438/3438 3437/3437/3437 3431/3431/3431
f 244/244/244 3438/3438/3438 243/243/243
f 3439/3439/3439 221/221/221 3437/3437/3437
f 3439/3439/3439 219/219/219 221/221/221
f 3440/3440/3440 3439/3439/3439 3437/3437/3437
f 219/219/219 3439/3439/3439 3440/3440/3440
f 3440/3440/3440 3437/3437/3437 3438/3438/3438
f 219/219/219 3440/3440/3440 225/225/225
f 225/225/225 3441/3441/3441 244/244/244
f 244/244/244 3441/3441/3441 3438/3438/3438
f 3441/3441/3441 3440/3440/3440 3438/3438/3438
f 3440/3440/3440 3441/3441/3441 225/225/225
f 1408/1408/1408 1414/1414/1414 3442/3442/3442
f 1408/1408/1408 3442/3442/3442 1421/1421/1421
f 3443/3443/3443 3442/3442/3442 1414/1414/1414
f 3443/3443/3443 1421/1421/1421 3442/3442/3442
f 3443/3443/3443 1414/1414/1414 3444/3444/3444
f 3444/3444/3444 3445/3445/3445 3443/3443/3443
f 3443/3443/3443 3445/3445/3445 3446/3446/3446
f 3447/3447/3447 1421/1421/1421 3443/3443/3443
f 3443/3443/3443 3446/3446/3446 3447/3447/3447
f 3447/3447/3447 1413/1413/1413 1421/1421/1421
f 3448/3448/3448 1413/1413/1413 3447/3447/3447
f 3447/3447/3447 3446/3446/3446 3449/3449/3449
f 3446/3446/3446 3450/3450/3450 3449/3449/3449
f 3449/3449/3449 3450/3450/3450 3451/3451/3451
f 3447/3447/3447 3452/3452/3452 3448/3448/3448
f 3447/3447/3447 3449/3449/3449 3452/3452/3452
f 3452/3452/3452 3449/3449/3449 3451/3451/3451
f 3448/3448/3448 3452/3452/3452 3453/3453/3453
f 3452/3452/3452 3451/3451/3451 3453/3453/3453
f 3456/3456/3456 3455/3455/3455 3454/3454/3454
f 3457/3457/3457 3455/3455/3455 3456/3456/3456
f 3454/3454/3454 3455/3455/3455 3458/3458/3458
f 3457/3457/3457 3459/3459/3459 3455/3455/3455
f 3454/3454/3454 3458/3458/3458 3460/3460/3460
f 3454/3454/3454 3460/3460/3460 3461/3461/3461
f 3461/3461/3461 3460/3460/3460 3462/3462/3462
f 3461/3461/3461 3462/3462/3462 3463/3463/3463
f 3463/3463/3463 3462/3462/3462 3464/3464/3464
f 3463/3463/3463 3464/3464/3464 3465/3465/3465
f 3465/3465/3465 3464/3464/3464 3466/3466/3466
f 3465/3465/3465 3466/3466/3466 3467/3467/3467
f 3468/3468/3468 3467/3467/3467 3466/3466/3466
f 3468/3468/3468 3469/3469/3469 3467/3467/3467
f 3470/3470/3470 3469/3469/3469 3468/3468/3468
f 3470/3470/3470 3471/3471/3471 3469/3469/3469
f 3472/3472/3472 3471/3471/3471 3470/3470/3470
f 3472/3472/3472 3473/3473/3473 3471/3471/3471
f 3474/3474/3474 3473/3473/3473 3472/3472/3472
f 3474/3474/3474 3475/3475/3475 3473/3473/3473
f 3474/3474/3474 3476/3476/3476 3475/3475/3475
f 3477/3477/3477 3476/3476/3476 3474/3474/3474
f 3478/3478/3478 3476/3476/3476 3477/3477/3477
f 3478/3478/3478 3479/3479/3479 3476/3476/3476
f 3480/3480/3480 3479/3479/3479 3478/3478/3478
f 3480/3480/3480 3481/3481/3481 3479/3479/3479
f 3480/3480/3480 3482/3482/3482 3481/3481/3481
f 3483/3483/3483 3482/3482/3482 3480/3480/3480
f 3484/3484/3484 3482/3482/3482 3483/3483/3483
f 3484/3484/3484 3485/3485/3485 3482/3482/3482
f 3485/3485/3485 3484/3484/3484 3486/3486/3486
f 3485/3485/3485 3486/3486/3486 3487/3487/3487
f 3487/3487/3487 3486/3486/3486 3488/3488/3488
f 3488/3488/3488 3486/3486/3486 3489/3489/3489
f 3488/3488/3488 3489/3489/3489 3459/3459/3459
f 3488/3488/3488 3459/3459/3459 3457/3457/3457
f 3492/3492/3492 3491/3491/3491 3490/3490/3490
f 3490/3490/3490 3491/3491/3491 3493/3493/3493
f 3494/3494/3494 3493/3493/3493 3491/3491/3491
f 3494/3494/3494 3491/3491/3491 3495/3495/3495
f 3491/3491/3491 3492/3492/3492 3496/3496/3496
f 3495/3495/3495 3491/3491/3491 3496/3496/3496
f 3495/3495/3495 3496/3496/3496 3497/3497/3497
f 3496/3496/3496 3492/3492/3492 3498/3498/3498
f 3497/3497/3497 3496/3496/3496 3499/3499/3499
f 3496/3496/3496 3498/3498/3498 3500/3500/3500
f 3499/3499/3499 3496/3496/3496 3500/3500/3500
f 3500/3500/3500 3498/3498/3498 3501/3501/3501
f 3499/3499/3499 3500/3500/3500 3502/3502/3502
f 3500/3500/3500 3501/3501/3501 3503/3503/3503
f 3502/3502/3502 3500/3500/3500 3503/3503/3503
f 3503/3503/3503 3501/3501/3501 3504/3504/3504
f 3502/3502/3502 3503/3503/3503 3505/3505/3505
f 3503/3503/3503 3504/3504/3504 3506/3506/3506
f 3505/3505/3505 3503/3503/3503 3506/3506/3506
f 3506/3506/3506 3504/3504/3504 3507/3507/3507
f 3505/3505/3505 3506/3506/3506 3508/3508/3508
f 3506/3506/3506 3507/3507/3507 3509/3509/3509
f 3508/3508/3508 3506/3506/3506 3509/3509/3509
f 3509/3509/3509 3507/3507/3507 3510/3510/3510
f 3509/3509/3509 3510/3510/3510 3511/3511/3511
f 3508/3508/3508 3509/3509/3509 3512/3512/3512
f 3509/3509/3509 3511/3511/3511 3512/3512/3512
f 3508/3508/3508 3512/3512/3512 3513/3513/3513
f 3512/3512/3512 3511/3511/3511 3514/3514/3514
f 3513/3513/3513 3512/3512/3512 3514/3514/3514
f 3513/3513/3513 3514/3514/3514 3515/3515/3515
f 3514/3514/3514 3511/3511/3511 3516/3516/3516
f 3515/3515/3515 3514/3514/3514 3517/3517/3517
f 3514/3514/3514 3516/3516/3516 3518/3518/3518
f 3517/3517/3517 3514/3514/3514 3518/3518/3518
f 3518/3518/3518 3516/3516/3516 3519/3519/3519
f 3517/3517/3517 3518/3518/3518 3520/3520/3520
f 3518/3518/3518 3519/3519/3519 3521/3521/3521
f 3520/3520/3520 3518/3518/3518 3521/3521/3521
f 3521/3521/3521 3519/3519/3519 3522/3522/3522
f 3520/3520/3520 3521/3521/3521 3523/3523/3523
f 3521/3521/3521 3522/3522/3522 3524/3524/3524
f 3523/3523/3523 3521/3521/3521 3525/3525/3525
f 3521/3521/3521 3524/3524/3524 3525/3525/3525
f 3523/3523/3523 3525/3525/3525 3526/3526/3526
f 3525/3525/3525 3524/3524/3524 3527/3527/3527
f 3526/3526/3526 3525/3525/3525 3528/3528/3528
f 3525/3525/3525 3527/3527/3527 3528/3528/3528
f 3526/3526/3526 3528/3528/3528 3529/3529/3529
f 3528/3528/3528 3527/3527/3527 3530/3530/3530
f 3528/3528/3528 3531/3531/3531 3529/3529/3529
f 3528/3528/3528 3530/3530/3530 3531/3531/3531
f 3529/3529/3529 3531/3531/3531 3532/3532/3532
f 3530/3530/3530 3533/3533/3533 3531/3531/3531
f 3531/3531/3531 3534/3534/3534 3532/3532/3532
f 3533/3533/3533 3534/3534/3534 3531/3531/3531
f 3537/3537/3537 3536/3536/3536 3535/3535/3535
f 3538/3538/3538 3536/3536/3536 3537/3537/3537
f 3535/3535/3535 3536/3536/3536 3539/3539/3539
f 3538/3538/3538 3540/3540/3540 3536/3536/3536
f 3535/3535/3535 3539/3539/3539 3541/3541/3541
f 3535/3535/3535 3541/3541/3541 3542/3542/3542
f 3542/3542/3542 3541/3541/3541 3543/3543/3543
f 3542/3542/3542 3543/3543/3543 3544/3544/3544
f 3544/3544/3544 3543/3543/3543 3545/3545/3545
f 3544/3544/3544 3545/3545/3545 3546/3546/3546
f 3546/3546/3546 3545/3545/3545 3547/3547/3547
f 3546/3546/3546 3547/3547/3547 3548/3548/3548
f 3549/3549/3549 3548/3548/3548 3547/3547/3547
f 3549/3549/3549 3550/3550/3550 3548/3548/3548
f 3551/3551/3551 3550/3550/3550 3549/3549/3549
f 3551/3551/3551 3552/3552/3552 3550/3550/3550
f 3553/3553/3553 3552/3552/3552 3551/3551/3551
f 3553/3553/3553 3554/3554/3554 3552/3552/3552
f 3555/3555/3555 3554/3554/3554 3553/3553/3553
f 3555/3555/3555 3556/3556/3556 3554/3554/3554
f 3555/3555/3555 3557/3557/3557 3556/3556/3556
f 3558/3558/3558 3557/3557/3557 3555/3555/3555
f 3559/3559/3559 3557/3557/3557 3558/3558/3558
f 3559/3559/3559 3560/3560/3560 3557/3557/3557
f 3561/3561/3561 3560/3560/3560 3559/3559/3559
f 3561/3561/3561 3562/3562/3562 3560/3560/3560
f 3561/3561/3561 3563/3563/3563 3562/3562/3562
f 3564/3564/3564 3563/3563/3563 3561/3561/3561
f 3565/3565/3565 3563/3563/3563 3564/3564/3564
f 3565/3565/3565 3566/3566/3566 3563/3563/3563
f 3566/3566/3566 3565/3565/3565 3567/3567/3567
f 3566/3566/3566 3567/3567/3567 3568/3568/3568
f 3568/3568/3568 3567/3567/3567 3569/3569/3569
f 3569/3569/3569 3567/3567/3567 3570/3570/3570
f 3569/3569/3569 3570/3570/3570 3540/3540/3540
f 3569/3569/3569 3540/3540/3540 3538/3538/3538
