g Base_parts01
v -0.134870753 -0.0722418129 -0.00200000009
v -0.136382818 -0.0693449676 -0.00499999989
v -0.137656823 -0.0733934417 -0.00499999989
v -0.138857976 -0.0774262398 -0.00499999989
v -0.141459465 -0.0724744052 -0.00999999978
v -0.141043991 -0.0712080821 -0.00999999978
v -0.136382818 -0.0693449676 -0.00499999989
v -0.141043991 -0.0712080821 -0.00999999978
v -0.1368846 -0.0683491454 -0.00499999989
v -0.141192347 -0.0709134713 -0.00999999978
v -0.141340092 -0.0706185624 -0.00999999978
v -0.141487211 -0.0703233331 -0.00999999978
v -0.13737911 -0.0673496872 -0.00499999989
v -0.137866318 -0.0663466603 -0.00499999989
v -0.151875317 0.018517293 -0.00499999989
v -0.157006472 0.0176908374 -0.00999999978
v -0.152243853 0.0151924118 -0.00499999989
v -0.151875317 0.018517293 -0.00499999989
v -0.156892598 0.0186738297 -0.00999999978
v -0.154457152 0.0218858719 -0.00499999989
v -0.157716125 0.0197216701 -0.00999999978
v -0.156965151 0.0252646394 -0.00499999989
v -0.151875317 0.018517293 -0.00499999989
v -0.15144521 0.0217565913 -0.00200000009
v -0.0846329778 0.0973563641 0.0179999992
v -0.0846329778 0.0973563641 0.0320000015
v -0.0825193003 0.0991542414 0.0320000015
v 0.00542004639 0.128886089 0.0179999992
v -0.0154715944 0.128068849 0.0179999992
v -0.0134841735 0.128293321 0.0199999996
v 0.0846329778 -0.0973563641 0.0180000104
v 0.0846329778 -0.0973563641 0.0320000015
v 0.0825193003 -0.0991542414 0.0320000015
v -0.0462576412 -0.145712078 -0.00187831989
v -0.0470687374 -0.142423794 0.00100000005
v -0.0463519953 -0.145809785 -0.00200000009
v -0.00542004639 -0.128886089 0.0179999992
v 0.0154715944 -0.128068849 0.0179999992
v 0.0134841735 -0.128293321 0.0199999996
v 0.037006937 -0.148426697 -0.00197059009
v 0.0334274992 -0.146227911 0.00100000005
v 0.0370140448 -0.148455247 -0.00200000009
v 0.0370140448 -0.148455247 -0.00200000009
v 0.0285155382 -0.147264615 0.00100000005
v 0.0140331555 -0.155367523 -0.00499999989
v 0.0235716198 -0.148136348 0.00100000005
v 0.0159928575 -0.152161837 -0.00200000009
v 0.0186013188 -0.148842186 0.00100000005
v 0.0159897786 -0.152132601 -0.00197059009
v 0.0582748502 -0.144706741 -0.00499999989
v 0.0437315032 -0.14661704 -0.00200000009
v 0.0503583476 -0.144475043 -0.00200000009
v 0.0568808429 -0.142033681 -0.00200000009
v 0.0316830762 -0.135340989 0.0179999992
v 0.0336271413 -0.13487111 0.0199999996
v 0.0483669788 -0.13031362 0.0179999992
v 0.0739832744 0.0863848254 0.0337359384
v 0.0757634938 0.0865152851 0.0350000001
v 0.0750399232 0.0856908038 0.0350000001
v 0.0739832744 0.0863848254 0.0337359384
v 0.0750399232 0.0856908038 0.0350000001
v 0.0746070892 0.0846828371 0.0350000001
v -0.0186013188 0.148842186 0.00100000005
v -0.0159897786 0.152132601 -0.00197059009
v -0.0159928575 0.152161837 -0.00200000009
v -0.0235716198 0.148136348 0.00100000005
v -0.0159928575 0.152161837 -0.00200000009
v -0.0399519615 0.150797367 -0.00499999989
v -0.0285155382 0.147264615 0.00100000005
v -0.0370140448 0.148455247 -0.00200000009
v -0.0334274992 0.146227911 0.00100000005
v -0.037006937 0.148426697 -0.00197059009
v -0.0145294536 0.138238534 0.0199999996
v -0.0165169984 0.138015181 0.0179999992
v 0.000880217529 0.138997212 0.0179999992
v 0.0990812406 -0.055868499 0.0337470099
v 0.0990709737 -0.0540587083 0.0350000001
v 0.0998224318 -0.0548578426 0.0350000001
v 0.0990812406 -0.055868499 0.0337470099
v 0.0998224318 -0.0548578426 0.0350000001
v 0.100784354 -0.0553851314 0.0350000001
v -0.0226451717 0.128427133 0.0680000037
v -0.0405702852 0.147191212 0.0680000037
v -0.0122187622 0.152190343 0.0680000037
v -0.0491748191 0.119259536 0.0179999992
v -0.0312079247 0.125168145 0.0199999996
v -0.0292635821 0.12563695 0.0179999992
v -0.0929419473 0.117736116 0.00100000005
v -0.0933044329 0.121103525 -0.00187831989
v -0.0934265032 0.121163063 -0.00200000009
v -0.146882206 0.0193865038 0.0320314504
v -0.144405261 0.0214918852 0.0320000015
v -0.147178367 0.0190348141 0.0320000015
v -0.146636456 0.0197559688 0.0321207307
v -0.144405261 0.0214918852 0.0320000015
v -0.146882206 0.0193865038 0.0320314504
v -0.106993355 -0.0889222398 0.0249999985
v -0.107814431 -0.0877698138 0.0259999987
v -0.108354449 -0.0886527672 0.0249999985
v -0.106213167 -0.0879320204 0.0259999987
v -0.107814431 -0.0877698138 0.0259999987
v -0.106993355 -0.0889222398 0.0249999985
v -0.108354449 -0.0886527672 0.0249999985
v -0.107814431 -0.0877698138 0.0259999987
v -0.109012097 -0.087842837 0.0254996102
v -0.107814431 -0.0877698138 0.0259999987
v -0.109281197 -0.0871072933 0.0259999987
v -0.109012097 -0.087842837 0.0254996102
v -0.109012097 -0.087842837 0.0254996102
v -0.109281197 -0.0871072933 0.0259999987
v -0.109612539 -0.0870924369 0.0258214083
v -0.109612539 -0.0870924369 0.0258214083
v -0.109281197 -0.0871072933 0.0259999987
v -0.110461503 -0.0860131234 0.0259999987
v -0.105606757 -0.088871859 0.0249999985
v -0.106213167 -0.0879320204 0.0259999987
v -0.106993355 -0.0889222398 0.0249999985
v -0.0968404487 -0.139720902 0.0399999991
v -0.0679330304 -0.154654667 0.0410829782
v -0.0667049885 -0.156011745 0.0403261259
v -0.0968404487 -0.139720902 0.0399999991
v -0.0667049885 -0.156011745 0.0403261259
v -0.0658205077 -0.156651497 0.0400822759
v -0.0968404487 -0.139720902 0.0399999991
v -0.0658205077 -0.156651497 0.0400822759
v -0.064843297 -0.157147527 0.0399999991
v 0.049174808 -0.119259536 0.0179999992
v 0.0312079247 -0.125168145 0.0199999996
v 0.0292635821 -0.12563695 0.0179999992
v 0.0226451717 -0.128427133 0.0680000037
v 0.0405702852 -0.147191212 0.0680000037
v 0.0122187622 -0.152190343 0.0680000037
v -0.0687786192 -0.148359537 0.0449999981
v -0.0691211522 -0.149824038 0.0449999981
v -0.0981265828 -0.132650569 0.0449999981
v -0.0681311563 -0.147002026 0.0449999981
v -0.0911809132 -0.122861885 0.0449999981
v -0.123036638 -0.109940819 0.0449999981
v -0.0672086477 -0.145814151 0.0449999981
v -0.114536949 -0.101441048 0.0449999981
v -0.0639127716 -0.139011368 0.0449999981
v -0.0630740449 -0.139341101 0.0449999981
v -0.0622035675 -0.139574423 0.0449999981
v -0.0613123626 -0.139708355 0.0449999981
v -0.142811716 -0.0826426893 0.0449999981
v -0.132978812 -0.0756679177 0.0449999981
v -0.133293226 -0.0748637244 0.0449999981
v -0.133365542 -0.0740032718 0.0449999981
v -0.139273509 -0.0665035248 0.0449999981
v -0.133189783 -0.0731578693 0.0449999981
v -0.156383455 -0.0771340951 0.0449999981
v -0.143738568 -0.0604100414 0.0449999981
v -0.133135542 -0.0709072351 0.0449999981
v -0.169548616 -0.0707142353 0.0449999981
v -0.132780507 -0.0723975599 0.0449999981
v -0.132625014 -0.0720870271 0.0449999981
v -0.132585108 -0.0717420578 0.0449999981
v -0.132665589 -0.0714042336 0.0449999981
v -0.132856756 -0.0711143017 0.0449999981
v -0.146088347 -0.0532305054 0.0449999981
v -0.177047133 -0.0382532701 0.0449999981
v -0.146090016 -0.0456762165 0.0449999981
v -0.182246149 -0.0634128973 0.0449999981
v -0.175261244 -0.0361249112 0.0449999981
v -0.174310982 -0.0335140936 0.0449999981
v -0.179453269 -0.0396424532 0.0449999981
v -0.143743455 -0.0384956226 0.0449999981
v -0.182189435 -0.0401249081 0.0449999981
v -0.184925616 -0.0396424569 0.0449999981
v -0.187331751 -0.0382532626 0.0449999981
v -0.191986188 -0.0338523425 0.0449999981
v -0.189117655 -0.0361249186 0.0449999981
v -0.190067902 -0.0335140973 0.0449999981
v -0.190067872 -0.030735733 0.0449999981
v -0.18911764 -0.0281249192 0.0449999981
v -0.192943856 -0.0027432132 0.0449999981
v -0.187331736 -0.0259965528 0.0449999981
v -0.184925586 -0.0246073771 0.0449999981
v -0.18218942 -0.0241249204 0.0449999981
v -0.179453254 -0.0246073641 0.0449999981
v -0.183509275 0.00846059062 0.0449999981
v -0.155484036 5.51593293E-05 0.0449999981
v -0.155731529 0.00760538969 0.0449999981
v -0.173333779 0.0189960375 0.0449999981
v -0.152901888 -0.00704412907 0.0449999981
v -0.177047133 -0.0259965565 0.0449999981
v -0.175261229 -0.0281249192 0.0449999981
v -0.153619826 0.0148585318 0.0449999981
v -0.148240939 -0.0129890991 0.0449999981
v -0.174310967 -0.0307357255 0.0449999981
v -0.162464574 0.0288142301 0.0449999981
v -0.141251832 -0.0222916696 0.0449999981
v -0.141962945 -0.0171907656 0.0449999981
v -0.140357509 -0.027363658 0.0449999981
v -0.139281124 -0.0324001536 0.0449999981
v -0.150633231 0.0239266232 0.0449999981
v -0.150178924 0.0231923219 0.0449999981
v -0.149358183 0.0210959669 0.0449999981
v -0.150859565 0.0247599166 0.0449999981
v -0.150839165 0.0256231427 0.0449999981
v -0.142324418 0.0561494641 0.0449999981
v -0.153218597 0.0612295754 0.0449999981
v -0.149534285 0.022617843 0.0449999981
v -0.149167031 0.0213859044 0.0449999981
v -0.149086565 0.021723723 0.0449999981
v -0.149126485 0.0220687073 0.0449999981
v -0.127703264 0.0842666999 0.0449999981
v -0.137577996 0.0910894945 0.0449999981
v -0.114300013 0.114834465 0.0449999981
v -0.115372702 0.115888685 0.0449999981
v -0.116195478 0.117147721 0.0449999981
v -0.113026842 0.114033766 0.0449999981
v -0.107603051 0.108768493 0.0449999981
v -0.106189497 0.109882183 0.0449999981
v -0.10539785 0.110312857 0.0449999981
v -0.0629361421 -0.152525559 0.0709999949
v -0.0634858832 -0.152185753 0.0709999949
v -0.0638985634 -0.151688367 0.0709999949
v -0.0639798939 -0.149818763 0.0709999949
v -0.0641591847 -0.150439695 0.0709999949
v -0.0641310886 -0.151085362 0.0709999949
v -0.0636119619 -0.149287447 0.0709999949
v -0.0422489159 -0.127165362 0.0709999949
v -0.0313549973 -0.130279943 0.0709999949
v -0.0178518966 -0.164031431 0.0709999949
v 0.00721931551 -0.156118169 0.0709999949
v -0.0189895984 -0.117475085 0.0709999949
v 0.0286519565 -0.162493289 0.0709999949
v 0.00748428795 -0.118764415 0.0709999949
v 0.0217060223 -0.123100966 0.0709999949
v 0.0335868932 -0.114161819 0.0709999949
v 0.0466116183 -0.149172246 0.0709999949
v 0.058023233 -0.103895642 0.0709999949
v 0.0728773475 -0.14803341 0.0709999949
v 0.0740224272 -0.111699067 0.0709999949
v 0.111307427 -0.121801697 0.0709999949
v 0.0831941143 -0.105046384 0.0709999949
v 0.110834986 -0.118527725 0.0709999949
v 0.111707821 -0.121294364 0.0709999949
v 0.111937761 -0.120039679 0.0709999949
v 0.111925498 -0.120685853 0.0709999949
v 0.111743316 -0.11942333 0.0709999949
v 0.111362472 -0.118901186 0.0709999949
v 0.0460852906 -0.120487116 0.0540000014
v 0.0312079247 -0.125168145 0.0540000014
v 0.0312079247 -0.125168145 0.0199999996
v 0.049174808 -0.119259536 0.0179999992
v 0.0602889992 -0.114044882 0.0540000014
v 0.0677943081 -0.109749399 0.0179999992
v 0.0825193003 -0.0991542414 0.0320000015
v 0.0846329778 -0.0973563641 0.0180000104
v 0.0736114606 -0.105935611 0.0540000014
v 0.0825193003 -0.0991542414 0.0659999996
v 0.0736114606 -0.105935611 0.0659999996
v 0.0275790989 -0.110613704 0.0540000014
v 0.0312079247 -0.125168145 0.0540000014
v 0.0372290462 -0.107749708 0.0540000014
v 0.0460852906 -0.120487116 0.0540000014
v 0.0465887375 -0.104045607 0.0540000014
v 0.0602889992 -0.114044882 0.0540000014
v 0.0555852018 -0.0995303243 0.0540000014
v 0.0602149963 -0.0994017199 0.0540000014
v 0.0736114606 -0.105935611 0.0540000014
v 0.0570872575 -0.0989840776 0.0540000014
v 0.0586849377 -0.0989396721 0.0540000014
v 0.0275790989 -0.110613704 0.0540000014
v 0.0275790989 -0.110613704 0.0199999996
v 0.0312079247 -0.125168145 0.0540000014
v 0.0312079247 -0.125168145 0.0199999996
v 0.0275790989 -0.110613704 0.0199999996
v 0.0275790989 -0.110613704 0.0540000014
v 0.0224028919 -0.111777052 0.0199999996
v 0.0171781722 -0.112698324 0.0199999996
v 0.0119162425 -0.113375492 0.0540000014
v 0.0119162425 -0.113375492 0.0199999996
v 0.00716985436 -0.113774307 0.0659999996
v 0.00186870329 -0.113984689 0.0540000014
v -0.00819340255 -0.113705173 0.0540000014
v 0.0321756452 -0.109365121 0.0659999996
v 0.0372290462 -0.107749708 0.0540000014
v 0.0465887375 -0.104045607 0.0540000014
v -0.0181916207 -0.112539165 0.0659999996
v -0.0181916207 -0.112539165 0.0540000014
v -0.0197899304 -0.112539582 0.0540000014
v -0.0197899304 -0.112539582 0.0659999996
v -0.0213064384 -0.113044314 0.0540000014
v -0.0213064384 -0.113044314 0.0659999996
v 0.0555852018 -0.0995303243 0.0659999996
v 0.0555852018 -0.0995303243 0.0540000014
v 0.0570872575 -0.0989840776 0.0540000014
v 0.0570872575 -0.0989840776 0.0659999996
v 0.0586849377 -0.0989396721 0.0540000014
v 0.0586849377 -0.0989396721 0.0659999996
v -0.0225862022 -0.114001803 0.0540000014
v -0.0225862022 -0.114001803 0.0659999996
v -0.0329400338 -0.124723509 0.0659999996
v -0.0329400338 -0.124723509 0.0540000014
v 0.0602149963 -0.0994017199 0.0540000014
v 0.0602149963 -0.0994017199 0.0659999996
v 0.0736114606 -0.105935611 0.0659999996
v 0.0736114606 -0.105935611 0.0540000014
v 0.0275790989 -0.110613704 0.0199999996
v 0.023911804 -0.116572835 0.0149999997
v 0.0312079247 -0.125168145 0.0199999996
v 0.0292635821 -0.12563695 0.0179999992
v 0.0270593017 -0.129196733 0.0149999997
v 0.0275790989 -0.110613704 0.0199999996
v 0.0224028919 -0.111777052 0.0199999996
v 0.023911804 -0.116572835 0.0149999997
v 0.0217485894 -0.116995715 0.0149999997
v 0.0171781722 -0.112698324 0.0199999996
v 0.0195779111 -0.117378458 0.0149999997
v 0.0174005143 -0.117720954 0.0149999997
v 0.0119162425 -0.113375492 0.0199999996
v 0.023911804 -0.116572835 0.0149999997
v 0.0217485894 -0.116995715 0.0149999997
v 0.0270593017 -0.129196733 0.0149999997
v 0.0195779111 -0.117378458 0.0149999997
v 0.0187604707 -0.130660027 0.0149999997
v 0.0174005143 -0.117720954 0.0149999997
v 0.0280276556 -0.133080617 0.0149999997
v 0.0459651649 -0.127996877 0.0149999997
v 0.0491564497 -0.12250568 0.0149999997
v 0.0630388409 -0.120507695 0.0149999997
v 0.0697497725 -0.112066798 0.0149999997
v 0.0789278075 -0.110753775 0.0149999997
v 0.0882092193 -0.0981994644 0.0149999997
v 0.0991993621 -0.118596144 0.0149999997
v 0.0999551266 -0.118053347 0.0149999997
v 0.0986462682 -0.119344406 0.0149999997
v 0.0983490571 -0.120226145 0.0149999997
v 0.100840859 -0.117768228 0.0149999997
v 0.104895167 -0.0914876908 0.0149999997
v 0.101771355 -0.117768221 0.0149999997
v 0.102259636 -0.0906261578 0.0149999997
v 0.100076504 -0.0889167562 0.0149999997
v 0.0986079946 -0.0865647867 0.0149999997
v 0.0977428705 -0.0844235197 0.0149999997
v 0.0818604156 -0.0824856013 0.0149999997
v 0.0971656218 -0.0817174539 0.0149999997
v 0.115460366 -0.113634966 0.0149999997
v 0.102657087 -0.118053317 0.0149999997
v 0.107969046 -0.120732464 0.0149999997
v 0.107666455 -0.0913978294 0.0149999997
v 0.122013375 -0.106567994 0.0149999997
v 0.110240646 -0.0903673694 0.0149999997
v 0.127465114 -0.0933809355 0.0149999997
v 0.128134578 -0.0991238207 0.0149999997
v 0.11230845 -0.0885201171 0.0149999997
v 0.126628265 -0.0876600221 0.0149999997
v 0.125624746 -0.0819659978 0.0149999997
v 0.125670627 -0.0682341307 0.0149999997
v 0.144279912 -0.0410281047 0.0149999997
v 0.135406464 -0.0459792092 0.0149999997
v 0.141235098 -0.0223975219 0.0149999997
v 0.149956793 0.00360038155 0.0149999997
v 0.131676197 -0.0187184028 0.0149999997
v 0.13330166 -0.0209681839 0.0149999997
v 0.132680893 0.0092076296 0.0149999997
v 0.14214468 0.0479049943 0.0149999997
v 0.127828449 0.0367271937 0.0149999997
v 0.117333077 0.0626254529 0.0149999997
v 0.125057161 0.0693520308 0.0149999997
v 0.121546343 0.0879004449 0.0149999997
v 0.118091047 0.0652955025 0.0149999997
v 0.11151465 0.0895180553 0.0149999997
v 0.094754301 0.107100993 0.0149999997
v 0.0900146067 0.119989038 0.0149999997
v 0.117131077 0.0632021949 0.0149999997
v 0.117616154 0.0649109185 0.0149999997
v 0.117279537 0.0644008815 0.0149999997
v 0.117112659 0.0638130158 0.0149999997
v 0.0752597675 0.121593446 0.0149999997
v 0.0890101418 0.12568289 0.0149999997
v 0.0878398716 0.131345019 0.0149999997
v 0.0726848617 0.122622065 0.0149999997
v 0.0782066733 0.141872182 0.0149999997
v 0.0865047723 0.136970535 0.0149999997
v 0.0699134991 0.12270996 0.0149999997
v 0.0696318001 0.146271706 0.0149999997
v 0.0672785789 0.121846572 0.0149999997
v 0.0531474762 0.148528054 0.0149999997
v 0.0493033603 0.122446626 0.0149999997
v 0.065096654 0.12013559 0.0149999997
v 0.0636298209 0.117782593 0.0149999997
v 0.0630543008 0.115070216 0.0149999997
v 0.0608104542 0.150153548 0.0149999997
v 0.0629737079 0.11276219 0.0149999997
v 0.0547904447 0.149788469 0.0149999997
v 0.0587972589 0.150638416 0.0149999997
v 0.0567303076 0.150513068 0.0149999997
v 0.0362878703 0.131069407 0.0149999997
v 0.0272142366 0.129164174 0.0149999997
v 0.0180210751 0.134800747 0.0149999997
v 0.00429254398 0.131930187 0.0149999997
v -0.000584392517 0.135998741 0.0149999997
v 0.048711881 0.105509013 0.0149999997
v -0.0187604707 0.130660027 0.0149999997
v 0.0633568019 0.110021897 0.0149999997
v -0.0191788673 0.134640902 0.0149999997
v 0.0498438142 0.103636831 0.0149999997
v 0.048775062 0.104935803 0.0149999997
v 0.0489991643 0.104404435 0.0149999997
v 0.0493655726 0.103959098 0.0149999997
v 0.0589880943 0.0987188146 0.0149999997
v 0.0646505058 0.107575983 0.0149999997
v 0.0667000264 0.1057171 0.0149999997
v 0.0676515326 0.0929960832 0.0149999997
v 0.0746643022 0.100250892 0.0149999997
v 0.0757634938 0.0865152851 0.0149999997
v 0.0821826831 0.0941860154 0.0149999997
v 0.0892103016 0.0875586793 0.0149999997
v 0.0885320529 0.0843033269 0.0149999997
v 0.0895847902 0.0870256945 0.0149999997
v 0.0895059481 0.0851422474 0.0149999997
v 0.0897681341 0.0864006281 0.0149999997
v 0.0897408947 0.0857497975 0.0149999997
v 0.0890882388 0.0846424177 0.0149999997
v 0.0793109387 0.0805777609 0.0149999997
v 0.076140143 0.0808578283 0.0149999997
v 0.0782420114 0.0803312957 0.0149999997
v 0.0771493092 0.080427818 0.0149999997
v 0.0750399232 0.0856908038 0.0149999997
v 0.0746070892 0.0846828371 0.0149999997
v 0.0745075345 0.0835903883 0.0149999997
v 0.0747510344 0.0825207978 0.0149999997
v 0.075313665 0.0815791115 0.0149999997
v 0.0134841735 -0.128293321 0.0540000014
v 0.0119162425 -0.113375492 0.0199999996
v 0.0119162425 -0.113375492 0.0540000014
v 0.0134841735 -0.128293321 0.0199999996
v 0.0134841735 -0.128293321 0.0199999996
v 0.0174005143 -0.117720954 0.0149999997
v 0.0119162425 -0.113375492 0.0199999996
v 0.0154715944 -0.128068849 0.0179999992
v 0.0187604707 -0.130660027 0.0149999997
v 0.00186870329 -0.113984689 0.0540000014
v 0.0134841735 -0.128293321 0.0540000014
v 0.0119162425 -0.113375492 0.0540000014
v -0.00209698803 -0.128982961 0.0540000014
v -0.00819340255 -0.113705173 0.0540000014
v -0.0176474955 -0.127787203 0.0540000014
v -0.0181916207 -0.112539165 0.0540000014
v -0.0225862022 -0.114001803 0.0540000014
v -0.0329400338 -0.124723509 0.0540000014
v -0.0197899304 -0.112539582 0.0540000014
v -0.0213064384 -0.113044314 0.0540000014
v -0.00209698803 -0.128982961 0.0540000014
v 0.0134841735 -0.128293321 0.0199999996
v 0.0134841735 -0.128293321 0.0540000014
v -0.00542004639 -0.128886089 0.0179999992
v -0.0176474955 -0.127787203 0.0540000014
v -0.0261693038 -0.126317725 0.0179999992
v -0.0436300449 -0.121397771 0.0320000015
v -0.0462311506 -0.120431229 0.0179999992
v -0.0462311506 -0.120431229 0.0320000015
v -0.0329400338 -0.124723509 0.0540000014
v -0.0436300449 -0.121397771 0.0659999996
v -0.0329400338 -0.124723509 0.0659999996
v -0.0459101386 -0.123758875 0.0350000001
v -0.0436300449 -0.121397771 0.0320000015
v -0.0436300449 -0.121397771 0.0659999996
v -0.0569742285 -0.135216087 0.0419999957
v -0.0569742285 -0.135216087 0.0350000001
v -0.0581983924 -0.136144042 0.0350000001
v -0.0581984036 -0.136144057 0.0419999957
v -0.0596465208 -0.136656597 0.0350000001
v -0.0596465394 -0.136656612 0.0419999957
v -0.0611818768 -0.136705324 0.0350000001
v -0.0611819141 -0.136705324 0.0419999957
v -0.0626595691 -0.136285648 0.0350000001
v -0.0626596361 -0.136285648 0.0420000218
v -0.0893928781 -0.120452948 0.0419999957
v -0.0893928409 -0.120452963 0.0350000001
v -0.112290822 -0.0994523615 0.0350000001
v -0.112290822 -0.099452354 0.0419999957
v -0.130371034 -0.0741848573 0.0350000001
v -0.130371034 -0.0741848573 0.0419999957
v -0.0596410297 -0.137977645 0.0433038101
v -0.0582801364 -0.136568397 0.0423417278
v -0.0613123626 -0.139708355 0.0449999981
v -0.0672086477 -0.145814151 0.0659999996
v -0.0672086477 -0.145814151 0.0449999981
v -0.0681311563 -0.147002026 0.0449999981
v -0.068496421 -0.147673801 0.0659999996
v -0.0687786192 -0.148359537 0.0449999981
v -0.0691239238 -0.149847016 0.0659999996
v -0.0691211522 -0.149824038 0.0449999981
v -0.0690256283 -0.152106881 0.0659999996
v -0.0688889697 -0.152648658 0.0425266773
v -0.0682117939 -0.154217422 0.0659999996
v -0.0968404487 -0.139720902 0.0399999991
v -0.0981265828 -0.132650569 0.0449999981
v -0.124389276 -0.11587625 0.0399999991
v -0.123036638 -0.109940819 0.0449999981
v -0.146224365 -0.0867088959 0.0399999991
v -0.142811716 -0.0826426893 0.0449999981
v -0.0679330304 -0.154654667 0.0410829782
v -0.066767402 -0.155958205 0.0659999996
v -0.0667049885 -0.156011745 0.0403261259
v -0.0658205077 -0.156651497 0.0400822759
v -0.064843297 -0.157147527 0.0659999847
v -0.064843297 -0.157147527 0.0399999991
v -0.0183928646 -0.169002071 0.0659999996
v 0.0142786121 -0.169399276 0.0350000001
v 0.0295201875 -0.167417333 0.0659999996
v -0.0101928217 -0.169696301 0.0304466393
v -0.0343354009 -0.166499302 0.0293911695
v -0.0581434183 -0.15974775 0.0318942294
v -0.0807212517 -0.149616241 0.0293911695
v -0.0968404487 -0.139720902 0.0399999991
v -0.101270527 -0.136546716 0.0304466393
v -0.119825818 -0.120589271 0.0350000001
v -0.124389276 -0.11587625 0.0399999991
v -0.129569635 -0.110053204 0.0350000001
v -0.138390124 -0.0987328514 0.0350000001
v -0.146224365 -0.0867088959 0.0399999991
v -0.146224365 -0.0867088959 0.0350000001
v -0.150695801 -0.084971495 0.0350000001
v -0.15512827 -0.0831369981 0.0350000001
v -0.160071269 -0.0809556767 0.0399999991
v -0.159519702 -0.0812062994 0.0350000001
v -0.17349413 -0.0742725953 0.0399999991
v -0.163874984 -0.0791769624 0.0320000015
v -0.186430544 -0.0666907206 0.0399999991
v -0.186430544 -0.0666907206 0.00999999978
v -0.163874984 -0.0791769624 0.00999999978
v -0.0272142366 -0.129164174 0.0149999997
v -0.0462311506 -0.120431229 0.0179999992
v -0.0493033603 -0.122446626 0.0149999997
v -0.0261693038 -0.126317725 0.0179999992
v -0.00542004639 -0.128886089 0.0179999992
v -0.00429254398 -0.131930187 0.0149999997
v 0.0154715944 -0.128068849 0.0179999992
v 0.0187604707 -0.130660027 0.0149999997
v -0.048711881 -0.105509013 0.0149999997
v -0.0493033603 -0.122446626 0.0149999997
v -0.0462311506 -0.120431229 0.0179999992
v -0.0457137153 -0.105613716 0.0179999992
v -0.048775062 -0.104935803 0.0149999997
v -0.0458716564 -0.104180679 0.0179999992
v -0.0489991643 -0.104404435 0.0149999997
v -0.0464319177 -0.102852255 0.0179999992
v -0.0493655726 -0.103959098 0.0149999997
v -0.0473479368 -0.101738945 0.0179999992
v -0.0498438142 -0.103636831 0.0149999997
v -0.0485435277 -0.100933284 0.0179999992
v -0.0562913418 -0.10028103 0.0149999997
v -0.0553088263 -0.0973906294 0.0179999992
v -0.0625139996 -0.0965246111 0.0149999997
v -0.0618169978 -0.0933951735 0.0179999992
v -0.0684869066 -0.0923825875 0.0149999997
v -0.0680377558 -0.0889655277 0.0179999992
v -0.0457137153 -0.105613716 0.0320000015
v -0.0462311506 -0.120431229 0.0179999992
v -0.0462311506 -0.120431229 0.0320000015
v -0.0457137153 -0.105613716 0.0179999992
v -0.0458716564 -0.104180679 0.0179999992
v -0.0458716564 -0.104180664 0.0320000015
v -0.0464319177 -0.102852255 0.0179999992
v -0.0464319251 -0.102852248 0.0320000015
v -0.0473479368 -0.101738945 0.0179999992
v -0.0473479442 -0.101738937 0.0320000015
v -0.0485435277 -0.100933284 0.0179999992
v -0.0485435463 -0.100933261 0.0320000015
v -0.0680377558 -0.0889655203 0.0259999987
v -0.0553088263 -0.0973906294 0.0179999992
v -0.060092818 -0.0945137739 0.0320000015
v -0.0618169978 -0.0933951735 0.0179999992
v -0.0680377558 -0.0889655277 0.0179999992
v -0.0708056912 -0.08677876 0.0320000015
v -0.0723861307 -0.0854648948 0.0259999987
v -0.0765546709 -0.0817519575 0.0259999987
v -0.0805330351 -0.0778359175 0.0320000015
v -0.0805330351 -0.0778359175 0.0259999987
v -0.0493655726 -0.103959098 0.0149999997
v -0.0498438142 -0.103636831 0.0149999997
v -0.0489991643 -0.104404435 0.0149999997
v -0.048775062 -0.104935803 0.0149999997
v -0.048711881 -0.105509013 0.0149999997
v -0.0562913418 -0.10028103 0.0149999997
v -0.0493033603 -0.122446626 0.0149999997
v -0.0811246186 -0.126169711 0.0149999997
v -0.0625139996 -0.0965246111 0.0149999997
v -0.0684869066 -0.0923825875 0.0149999997
v -0.0942641273 -0.10279727 0.0149999997
v -0.0959571749 -0.10320846 0.0149999997
v -0.0976969972 -0.103115931 0.0149999997
v -0.047208108 -0.142377645 0.0149999997
v -0.0362878703 -0.131069407 0.0149999997
v -0.0272142366 -0.129164174 0.0149999997
v -0.0180210751 -0.134800747 0.0149999997
v -0.00429254398 -0.131930187 0.0149999997
v 0.000584392517 -0.135998741 0.0149999997
v -0.1099464 -0.10203816 0.0149999997
v 0.0191788673 -0.134640902 0.0149999997
v -0.0993368775 -0.102527425 0.0149999997
v -0.100738555 -0.101492584 0.0149999997
v -0.108828887 -0.092764616 0.0149999997
v -0.116165474 -0.0833941475 0.0149999997
v -0.13186343 -0.0714984909 0.0149999997
v -0.128902182 -0.0725471899 0.0149999997
v -0.125829309 -0.0732001066 0.0149999997
v -0.122697473 -0.0734460801 0.0149999997
v 0.0278412327 -0.147393569 0.0149999997
v 0.0314166434 -0.146673098 0.0149999997
v 0.0242493749 -0.148026913 0.0149999997
v 0.0206431616 -0.148572743 0.0149999997
v -0.0493655726 -0.103959098 0.0350000001
v -0.0489991643 -0.104404435 0.0350000001
v -0.0498438142 -0.103636831 0.0350000001
v -0.048775062 -0.104935803 0.0350000001
v -0.048711881 -0.105509013 0.0350000001
v -0.0611303747 -0.0974067599 0.0350000001
v -0.0493033603 -0.122446626 0.0350000001
v -0.0893928409 -0.120452963 0.0350000001
v -0.0716487095 -0.0899525657 0.0350000001
v -0.103519596 -0.0903586969 0.0350000001
v -0.0812666193 -0.0813679025 0.0350000001
v -0.112290822 -0.0994523615 0.0350000001
v -0.106031291 -0.0909265131 0.0350000001
v -0.108593278 -0.0906669423 0.0350000001
v -0.110940069 -0.0896069184 0.0350000001
v -0.11282853 -0.0878562629 0.0350000001
v -0.116313025 -0.0831882358 0.0350000001
v -0.130371034 -0.0741848573 0.0350000001
v -0.0626595691 -0.136285648 0.0350000001
v -0.119604483 -0.078382194 0.0350000001
v -0.0569742285 -0.135216087 0.0350000001
v -0.0459101386 -0.123758875 0.0350000001
v -0.0581983924 -0.136144042 0.0350000001
v -0.0611818768 -0.136705324 0.0350000001
v -0.0596465208 -0.136656597 0.0350000001
v -0.125037238 -0.0733014271 0.0350000001
v -0.122697473 -0.0734460801 0.0350000001
v -0.127351716 -0.072929211 0.0350000001
v -0.130017072 -0.073612906 0.0350000001
v -0.129763946 -0.0729897469 0.0350000001
v -0.129618838 -0.0723329708 0.0350000001
v -0.0812666193 -0.0813679025 0.0350000001
v -0.0805330351 -0.0778359175 0.0320000015
v -0.0708056912 -0.08677876 0.0320000015
v -0.0716487095 -0.0899525657 0.0350000001
v -0.060092818 -0.0945137739 0.0320000015
v -0.0611303747 -0.0974067599 0.0350000001
v -0.0485435463 -0.100933261 0.0320000015
v -0.0498438142 -0.103636831 0.0350000001
v -0.0473479442 -0.101738937 0.0320000015
v -0.0493655726 -0.103959098 0.0350000001
v -0.0464319251 -0.102852248 0.0320000015
v -0.0489991643 -0.104404435 0.0350000001
v -0.0458716564 -0.104180664 0.0320000015
v -0.048775062 -0.104935803 0.0350000001
v -0.0457137153 -0.105613716 0.0320000015
v -0.048711881 -0.105509013 0.0350000001
v -0.0462311506 -0.120431229 0.0320000015
v -0.0493033603 -0.122446626 0.0350000001
v -0.104643419 -0.0875771493 0.0320000015
v -0.0805330351 -0.0778359175 0.0320000015
v -0.0812666193 -0.0813679025 0.0350000001
v -0.103519596 -0.0903586969 0.0350000001
v -0.106213234 -0.0879320279 0.0320000015
v -0.106031291 -0.0909265131 0.0350000001
v -0.108593278 -0.0906669423 0.0350000001
v -0.107814461 -0.0877697915 0.0320000015
v -0.110940069 -0.0896069184 0.0350000001
v -0.109281212 -0.0871072859 0.0320000015
v -0.11282853 -0.0878562629 0.0350000001
v -0.110461503 -0.0860131234 0.0320000015
v -0.116313025 -0.0831882358 0.0350000001
v -0.114210196 -0.0809693336 0.0320000015
v -0.119604483 -0.078382194 0.0350000001
v -0.117728755 -0.0757623836 0.0320000015
v -0.122697473 -0.0734460801 0.0350000001
v -0.12101011 -0.070402801 0.0320000015
v -0.124714203 -0.0703188702 0.0320000015
v -0.125037238 -0.0733014271 0.0350000001
v -0.127351716 -0.072929211 0.0350000001
v -0.128345892 -0.0695852712 0.0320000015
v -0.129773349 -0.0705848709 0.0333898403
v -0.129618838 -0.0723329708 0.0350000001
v -0.130375579 -0.0694117621 0.0325022414
v -0.131036267 -0.0687171444 0.0321207307
v -0.131393552 -0.0684540346 0.0320314504
v -0.131792143 -0.0682248399 0.0320000015
v -0.10464333 -0.0875771418 0.02599998
v -0.0805330351 -0.0778359175 0.0259999987
v -0.0805330351 -0.0778359175 0.0320000015
v -0.104643419 -0.0875771493 0.0320000015
v -0.106213167 -0.0879320204 0.0259999987
v -0.106213234 -0.0879320279 0.0320000015
v -0.107814431 -0.0877698138 0.0259999987
v -0.107814461 -0.0877697915 0.0320000015
v -0.109281197 -0.0871072933 0.0259999987
v -0.109281212 -0.0871072859 0.0320000015
v -0.110461503 -0.0860131234 0.0259999987
v -0.110461503 -0.0860131234 0.0320000015
v -0.114210196 -0.0809693336 0.0320000015
v -0.117728755 -0.0757623836 0.0320000015
v -0.12101011 -0.070402801 0.0320000015
v -0.12101011 -0.070402801 0.0179999992
v -0.124714203 -0.0703188702 0.0320000015
v -0.127531856 -0.0698084086 0.0179999992
v -0.128345892 -0.0695852712 0.0320000015
v -0.131792143 -0.0682248399 0.0320000015
v -0.133553416 -0.0672340021 0.0179999992
v -0.114402771 -0.080697 0.0179999992
v -0.138489172 -0.0629299581 0.0179999992
v -0.108354449 -0.0886527672 0.0249999985
v -0.10692209 -0.0903751478 0.0179999992
v -0.109012097 -0.087842837 0.0254996102
v -0.109612539 -0.0870924369 0.0258214083
v -0.10523507 -0.0923340619 0.0249999985
v -0.101990685 -0.0959056839 0.0249999985
v -0.0986251533 -0.0993633717 0.0179999992
v -0.0986251533 -0.0993633717 0.0249999985
v -0.0979243144 -0.0998807922 0.0249999985
v -0.0979243144 -0.0998807922 0.0179999992
v -0.097104378 -0.100175038 0.0249999985
v -0.097104378 -0.100175038 0.0179999992
v -0.0962344706 -0.100221306 0.0249999985
v -0.0962344706 -0.100221306 0.0179999992
v -0.0953879431 -0.100015692 0.0249999985
v -0.0953879431 -0.100015692 0.0179999992
v -0.0691132024 -0.0894000232 0.0249999985
v -0.0680377558 -0.0889655277 0.0179999992
v -0.0680377558 -0.0889655203 0.0259999987
v -0.104268804 -0.0885043293 0.0249999985
v -0.10464333 -0.0875771418 0.02599998
v -0.105606757 -0.088871859 0.0249999985
v -0.106213167 -0.0879320204 0.0259999987
v -0.104268804 -0.0885043293 0.0249999985
v -0.0807815269 -0.0790148526 0.0249999985
v -0.10464333 -0.0875771418 0.02599998
v -0.0805330351 -0.0778359175 0.0259999987
v -0.0765546709 -0.0817519575 0.0259999987
v -0.0805330351 -0.0778359175 0.0259999987
v -0.0807815269 -0.0790148526 0.0249999985
v -0.0770531595 -0.0826547593 0.0249999985
v -0.0723861307 -0.0854648948 0.0259999987
v -0.0731609538 -0.0861189663 0.0249999985
v -0.0691132024 -0.0894000232 0.0249999985
v -0.0680377558 -0.0889655203 0.0259999987
v -0.0953879431 -0.100015692 0.0249999985
v -0.0691132024 -0.0894000232 0.0249999985
v -0.0731609538 -0.0861189663 0.0249999985
v -0.0770531595 -0.0826547593 0.0249999985
v -0.0807815269 -0.0790148526 0.0249999985
v -0.104268804 -0.0885043293 0.0249999985
v -0.101990685 -0.0959056839 0.0249999985
v -0.0986251533 -0.0993633717 0.0249999985
v -0.0962344706 -0.100221306 0.0249999985
v -0.0979243144 -0.0998807922 0.0249999985
v -0.097104378 -0.100175038 0.0249999985
v -0.10523507 -0.0923340619 0.0249999985
v -0.105606757 -0.088871859 0.0249999985
v -0.106993355 -0.0889222398 0.0249999985
v -0.108354449 -0.0886527672 0.0249999985
v -0.0680377558 -0.0889655277 0.0179999992
v -0.0953879431 -0.100015692 0.0179999992
v -0.0684869066 -0.0923825875 0.0149999997
v -0.0942641273 -0.10279727 0.0149999997
v -0.0962344706 -0.100221306 0.0179999992
v -0.0959571749 -0.10320846 0.0149999997
v -0.0976969972 -0.103115931 0.0149999997
v -0.097104378 -0.100175038 0.0179999992
v -0.0993368775 -0.102527425 0.0149999997
v -0.0979243144 -0.0998807922 0.0179999992
v -0.100738555 -0.101492584 0.0149999997
v -0.0986251533 -0.0993633717 0.0179999992
v -0.108828887 -0.092764616 0.0149999997
v -0.10692209 -0.0903751478 0.0179999992
v -0.116165474 -0.0833941475 0.0149999997
v -0.114402771 -0.080697 0.0179999992
v -0.122697473 -0.0734460801 0.0149999997
v -0.12101011 -0.070402801 0.0179999992
v -0.125829309 -0.0732001066 0.0149999997
v -0.127531856 -0.0698084086 0.0179999992
v -0.128902182 -0.0725471899 0.0149999997
v -0.13186343 -0.0714984909 0.0149999997
v -0.135987416 -0.0685750544 0.0150240678
v -0.133553416 -0.0672340021 0.0179999992
v -0.138489172 -0.0629299581 0.0179999992
v -0.140299648 -0.0654225126 0.0149999997
v -0.144256696 -0.0593360364 0.0149999997
v -0.141859129 -0.0573148131 0.0179999992
v -0.146212816 -0.0523448326 0.0149999997
v -0.143335581 -0.0509346388 0.0179999992
v -0.145989016 -0.0450885668 0.0149999997
v -0.14277494 -0.0444098935 0.0179999992
v -0.143605754 -0.0382311866 0.0149999997
v -0.140231743 -0.0383751057 0.0179999992
v -0.139281124 -0.0324001536 0.0149999997
v -0.135953277 -0.0334171429 0.0179999992
v -0.111783072 -0.100022711 0.00100000005
v -0.13379702 -0.0678112134 0.00100000005
v -0.134870753 -0.0722418129 -0.00200000009
v -0.137656823 -0.0733934417 -0.00499999989
v -0.110618353 -0.109998092 -0.00499999989
v -0.0822066665 -0.12546739 0.00100000005
v -0.0741663128 -0.137241974 -0.00499999989
v -0.0470687374 -0.142423794 0.00100000005
v -0.0463519953 -0.145809785 -0.00200000009
v -0.134870753 -0.0722418129 -0.00200000009
v -0.13379702 -0.0678112134 0.00100000005
v -0.135897562 -0.0702912211 -0.00200000009
v -0.136896133 -0.0683260337 -0.00200000009
v -0.137866318 -0.0663466603 -0.00200000009
v -0.135897562 -0.0702912211 -0.00200000009
v -0.136382818 -0.0693449676 -0.00499999989
v -0.134870753 -0.0722418129 -0.00200000009
v -0.136896133 -0.0683260337 -0.00200000009
v -0.1368846 -0.0683491454 -0.00499999989
v -0.13737911 -0.0673496872 -0.00499999989
v -0.137866318 -0.0663466603 -0.00200000009
v -0.137866318 -0.0663466603 -0.00499999989
v -0.146835774 -0.0627559274 -0.00499999989
v -0.137866318 -0.0663466603 -0.00499999989
v -0.137866318 -0.0663466603 -0.00200000009
v -0.155619413 -0.0587319173 -0.00499999989
v -0.144588634 -0.0637034327 0.0149999997
v -0.164196298 -0.0542842373 -0.00499999989
v -0.153869376 -0.0595753193 0.0219999999
v -0.164196298 -0.0542842373 0.0249999985
v -0.16078864 -0.0561150834 0.0249999985
v -0.157345906 -0.0578790046 0.0249999985
v -0.13379702 -0.0678112134 0.00100000005
v -0.153869376 -0.0595753193 0.0249999985
v -0.140299648 -0.0654225126 0.0149999997
v -0.135987416 -0.0685750544 0.0150240678
v -0.13186343 -0.0714984909 0.0149999997
v -0.111783072 -0.100022711 0.00100000005
v -0.1099464 -0.10203816 0.0149999997
v -0.0822066665 -0.12546739 0.00100000005
v -0.0811246186 -0.126169711 0.0149999997
v -0.0470687374 -0.142423794 0.00100000005
v -0.047208108 -0.142377645 0.0149999997
v -0.152903259 -0.0398069657 0.0149999997
v -0.160290718 -0.0391393453 0.0219999999
v -0.160290718 -0.0391393453 0.0219999999
v -0.160290718 -0.0391393453 0.0249999985
v -0.16401042 -0.0180436969 0.0219999999
v -0.16401042 -0.0180436969 0.0219999999
v -0.157296851 -0.0148896789 0.0149999997
v -0.164965868 0.00335606444 0.0219999999
v -0.157656729 0.0104094287 0.0149999997
v -0.16401042 -0.0180436969 0.0249999985
v -0.164965868 0.00335606444 0.0219999999
v -0.164965868 0.00335606444 0.0249999985
v -0.167652562 0.000572993769 0.0249999985
v -0.17028442 -0.00226203445 0.0249999985
v -0.172860339 -0.00514793396 0.0249999985
v -0.172860339 -0.00514793396 -0.00499999989
v -0.157656729 0.0104094287 0.0149999997
v -0.166321903 0.00196498982 -0.00499999989
v -0.159444287 0.00875048246 -0.00499999989
v -0.152243853 0.0151924118 -0.00200000009
v -0.152243853 0.0151924118 -0.00499999989
v -0.154214367 0.0134917498 0.0149999997
v -0.148920864 0.0179604162 0.00100000005
v -0.149904162 0.0187511314 0.0149496431
v -0.148365021 0.0220866594 0.0149999997
v -0.139251515 0.0557585508 0.00100000005
v -0.138214931 0.0582806244 0.0149999997
v -0.120161377 0.0897844285 0.00100000005
v -0.119384788 0.0908144936 0.0149999997
v -0.0929419473 0.117736116 0.00100000005
v -0.0930571333 0.1176451 0.0149999997
v -0.141487211 -0.0703233331 -0.00999999978
v -0.137866318 -0.0663466603 -0.00499999989
v -0.146835774 -0.0627559274 -0.00499999989
v -0.149739072 -0.0669483989 -0.00999999978
v -0.155619413 -0.0587319173 -0.00499999989
v -0.157834798 -0.0632144138 -0.00999999978
v -0.165758774 -0.0591285489 -0.00999999978
v -0.164196298 -0.0542842373 -0.00499999989
v -0.175069943 -0.0308695547 -0.00999999978
v -0.172084734 -0.0303431842 -0.00499999989
v -0.172860339 -0.00514793396 -0.00499999989
v -0.175985441 -0.00113017322 -0.00999999978
v -0.166321903 0.00196498982 -0.00499999989
v -0.169936791 0.00541943079 -0.00999999978
v -0.163606405 0.0116971442 -0.00999999978
v -0.159444287 0.00875048246 -0.00499999989
v -0.157006472 0.0176908374 -0.00999999978
v -0.152243853 0.0151924118 -0.00499999989
v -0.163874984 -0.0791769624 0.00999999978
v -0.163874984 -0.0791769624 0.0320000015
v -0.15843755 -0.0895630792 0.0320000015
v -0.154956147 -0.0954599082 0.00999999978
v -0.152342722 -0.0995775759 0.0320000015
v -0.145615801 -0.109178931 0.0320000015
v -0.144424871 -0.110749528 0.00999999978
v -0.132390738 -0.124886729 0.0249999985
v -0.132390738 -0.124886729 0.00999999978
v -0.0605375767 -0.166325584 0.0249999985
v -0.0605375767 -0.166325584 0.00999999978
v 0.0211415552 -0.180767909 0.0249999985
v 0.0211415552 -0.180767909 0.00999999978
v 0.0394474417 -0.177673563 0.00999999978
v 0.0573428459 -0.172730416 0.00999999978
v 0.0638001487 -0.170450971 0.0320000015
v 0.0746415481 -0.165989876 0.00999999978
v 0.0746415481 -0.165989876 0.0320000015
v 0.0526940562 -0.174204856 0.0320000015
v 0.0413693115 -0.177235961 0.0320000015
v -0.163874984 -0.0791769624 0.00999999978
v -0.167411044 -0.0605049357 -0.00999999978
v -0.186430544 -0.0666907206 0.00999999978
v -0.158949256 -0.0648957714 -0.00999999978
v -0.150195092 -0.0730097964 -0.00499999989
v -0.150292486 -0.068888478 -0.00999999978
v -0.146444917 -0.0745552927 -0.00499999989
v -0.141459465 -0.0724744052 -0.00999999978
v -0.142665386 -0.0760276169 -0.00499999989
v -0.138857976 -0.0774262398 -0.00499999989
v -0.154956147 -0.0954599082 0.00999999978
v -0.150195092 -0.0730097964 -0.00499999989
v -0.163874984 -0.0791769624 0.00999999978
v -0.140433639 -0.0903736353 -0.00499999989
v -0.144424871 -0.110749528 0.00999999978
v -0.12867415 -0.10645169 -0.00499999989
v -0.132390738 -0.124886729 0.00999999978
v -0.11508397 -0.121015213 -0.00499999989
v -0.0605375767 -0.166325584 0.00999999978
v -0.0563703515 -0.154876292 -0.00499999989
v 0.0103723509 -0.166677564 -0.00499999989
v 0.0211415552 -0.180767909 0.00999999978
v 0.0301442947 -0.164256901 -0.00499999989
v 0.0394474417 -0.177673563 0.00999999978
v 0.0494873524 -0.159499213 -0.00499999989
v 0.0573428459 -0.172730416 0.00999999978
v 0.0681263134 -0.152472302 -0.00499999989
v 0.0746415481 -0.165989876 0.00999999978
v -0.163874984 -0.0791769624 0.0320000015
v -0.159519702 -0.0812062994 0.0350000001
v -0.15843755 -0.0895630792 0.0320000015
v -0.154692665 -0.0900620893 0.0350000001
v -0.152342722 -0.0995775759 0.0320000015
v -0.1493745 -0.0986319333 0.0350000001
v -0.145615801 -0.109178931 0.0320000015
v -0.143582076 -0.106888652 0.0350000001
v -0.132390738 -0.124886729 0.0249999985
v -0.119825818 -0.120589271 0.0350000001
v -0.101270527 -0.136546716 0.0304466393
v -0.0807212517 -0.149616241 0.0293911695
v -0.0605375767 -0.166325584 0.0249999985
v -0.0581434183 -0.15974775 0.0318942294
v -0.0343354009 -0.166499302 0.0293911695
v 0.0211415552 -0.180767909 0.0249999985
v -0.0101928217 -0.169696301 0.0304466393
v 0.0142786121 -0.169399276 0.0350000001
v 0.0412835591 -0.174174249 0.0350000001
v 0.0413693115 -0.177235961 0.0320000015
v -0.129569635 -0.110053204 0.0350000001
v -0.119825818 -0.120589271 0.0350000001
v -0.143582076 -0.106888652 0.0350000001
v -0.138390124 -0.0987328514 0.0350000001
v -0.1493745 -0.0986319333 0.0350000001
v -0.146224365 -0.0867088959 0.0350000001
v -0.154692665 -0.0900620893 0.0350000001
v -0.150695801 -0.084971495 0.0350000001
v -0.15512827 -0.0831369981 0.0350000001
v -0.159519702 -0.0812062994 0.0350000001
v -0.156383455 -0.0771340951 0.0449999981
v -0.142811716 -0.0826426893 0.0449999981
v -0.146224365 -0.0867088959 0.0399999991
v -0.160071269 -0.0809556767 0.0399999991
v -0.169548616 -0.0707142353 0.0449999981
v -0.17349413 -0.0742725953 0.0399999991
v -0.182246149 -0.0634128973 0.0449999981
v -0.186430544 -0.0666907206 0.0399999991
v -0.186430544 -0.0666907206 0.0399999991
v -0.196961537 -0.0347296298 0.0399999991
v -0.182246149 -0.0634128973 0.0449999981
v -0.191986188 -0.0338523425 0.0449999981
v -0.192943856 -0.0027432132 0.0449999981
v -0.197996974 -0.00109423639 0.0399999991
v -0.186430544 -0.0666907206 0.0399999991
v -0.186430544 -0.0666907206 0.00999999978
v -0.196961537 -0.0347296298 0.0399999991
v -0.196961537 -0.0347296298 0.00999999978
v -0.197996974 -0.00109423639 0.0399999991
v -0.197996974 -0.00109423639 0.00999999978
v -0.188433871 0.0104549248 0.0399999991
v -0.192943856 -0.0027432132 0.0449999981
v -0.197996974 -0.00109423639 0.0399999991
v -0.183509275 0.00846059062 0.0449999981
v -0.178106263 0.0213258509 0.0399999991
v -0.173333779 0.0189960375 0.0449999981
v -0.167062163 0.0314680375 0.0399999991
v -0.162464574 0.0288142301 0.0449999981
v -0.177673683 0.0217500068 0.0350000001
v -0.176166609 0.0317226648 0.0350000001
v -0.174207434 0.0250662304 0.0350000001
v -0.170669705 0.0283060856 0.0350000001
v -0.167062163 0.0314680375 0.0350000001
v -0.17410022 0.0415946171 0.0350000001
v -0.163812801 0.0454463176 0.0350000001
v -0.171481103 0.0513345152 0.0350000001
v -0.159396037 0.0591007397 0.0350000001
v -0.153843403 0.0723340064 0.0350000001
v -0.179514959 0.029972937 0.0320000015
v -0.177673683 0.0217500068 0.0350000001
v -0.181072205 0.0183534641 0.0320000015
v -0.176166609 0.0317226648 0.0350000001
v -0.177212864 0.0414680466 0.0320000015
v -0.17410022 0.0415946171 0.0350000001
v -0.174175486 0.0527911 0.0320000015
v -0.171481103 0.0513345152 0.0350000001
v -0.167120382 0.0720748231 0.0249999985
v -0.153843403 0.0723340064 0.0350000001
v -0.141864911 0.0936753899 0.0304466393
v -0.127024919 0.112984985 0.0293911695
v -0.113773398 0.135589868 0.0249999985
v -0.109273896 0.130227566 0.0318942294
v -0.0892108306 0.144714773 0.0293911695
v -0.041959703 0.177097112 0.0249999985
v -0.0676176846 0.155976221 0.0304466393
v -0.0445204638 0.164066851 0.0350000001
v -0.0207772497 0.177790061 0.0350000001
v -0.0217438247 0.180696428 0.0320000015
v -0.181072205 0.0183534641 0.0320000015
v -0.181072205 0.0183534641 0.00999999978
v -0.179514959 0.029972937 0.0320000015
v -0.178260341 0.0367048532 0.00999999978
v -0.177212864 0.0414680466 0.0320000015
v -0.174175486 0.0527911 0.0320000015
v -0.167120382 0.0720748231 0.0249999985
v -0.173593536 0.0546743087 0.00999999978
v -0.167120382 0.0720748231 0.00999999978
v -0.113773398 0.135589868 0.00999999978
v -0.113773398 0.135589868 0.0249999985
v -0.041959703 0.177097112 0.00999999978
v -0.041959703 0.177097112 0.0249999985
v -0.0236994792 0.180450365 0.00999999978
v -0.00519263977 0.181925908 0.00999999978
v 0.00165486929 0.181992471 0.0320000015
v 0.0133682331 0.181508362 0.00999999978
v 0.0133682331 0.181508362 0.0320000015
v -0.0100653525 0.181721479 0.0320000015
v -0.0217438247 0.180696428 0.0320000015
v -0.181072205 0.0183534641 0.00999999978
v -0.166108057 0.0172370244 -0.00499999989
v -0.178260341 0.0367048532 0.00999999978
v -0.162874073 0.0368923135 -0.00499999989
v -0.173593536 0.0546743087 0.00999999978
v -0.157322779 0.0560227148 -0.00499999989
v -0.167120382 0.0720748231 0.00999999978
v -0.149533197 0.0743560642 -0.00499999989
v -0.113773398 0.135589868 0.00999999978
v -0.105941616 0.126256302 -0.00499999989
v -0.0472602658 0.160173237 -0.00499999989
v -0.041959703 0.177097112 0.00999999978
v -0.027852796 0.164660931 -0.00499999989
v -0.0236994792 0.180450365 0.00999999978
v -0.00804904755 0.166805908 -0.00499999989
v -0.00519263977 0.181925908 0.00999999978
v 0.0118692098 0.166577682 -0.00499999989
v 0.0133682331 0.181508362 0.00999999978
v -0.156892598 0.0186738297 -0.00999999978
v -0.157716125 0.0197216701 -0.00999999978
v -0.157006472 0.0176908374 -0.00999999978
v -0.164790004 0.0133309327 -0.00999999978
v -0.163606405 0.0116971442 -0.00999999978
v -0.171559095 0.00661823479 -0.00999999978
v -0.169936791 0.00541943079 -0.00999999978
v -0.175985441 -0.00113017322 -0.00999999978
v -0.178008795 -0.000401904574 -0.00999999978
v -0.177060127 -0.0312204789 -0.00999999978
v -0.175069943 -0.0308695547 -0.00999999978
v -0.165758774 -0.0591285489 -0.00999999978
v -0.167411044 -0.0605049357 -0.00999999978
v -0.158949256 -0.0648957714 -0.00999999978
v -0.157834798 -0.0632144138 -0.00999999978
v -0.149739072 -0.0669483989 -0.00999999978
v -0.150292486 -0.068888478 -0.00999999978
v -0.141487211 -0.0703233331 -0.00999999978
v -0.141459465 -0.0724744052 -0.00999999978
v -0.141340092 -0.0706185624 -0.00999999978
v -0.141192347 -0.0709134713 -0.00999999978
v -0.141043991 -0.0712080821 -0.00999999978
v -0.152243853 0.0151924118 -0.00200000009
v -0.148920864 0.0179604162 0.00100000005
v -0.151742935 0.0195724461 -0.00200000009
v -0.15144521 0.0217565913 -0.00200000009
v -0.139251515 0.0557585508 0.00100000005
v -0.154457152 0.0218858719 -0.00499999989
v -0.141568795 0.065530695 -0.00499999989
v -0.120161377 0.0897844285 0.00100000005
v -0.116633043 0.1035989 -0.00499999989
v -0.0929419473 0.117736116 0.00100000005
v -0.0934265032 0.121163063 -0.00200000009
v -0.0817718655 0.132850885 -0.00499999989
v -0.0759367719 0.132825479 -0.00200000009
v -0.0570135489 0.141980469 -0.00200000009
v -0.0399519615 0.150797367 -0.00499999989
v -0.0370140448 0.148455247 -0.00200000009
v -0.172860339 -0.00514793396 0.0249999985
v -0.172860339 -0.00514793396 -0.00499999989
v -0.172084734 -0.0303431842 0.0249999985
v -0.172084734 -0.0303431842 -0.00499999989
v -0.164196298 -0.0542842373 -0.00499999989
v -0.164196298 -0.0542842373 0.0249999985
v -0.197996974 -0.00109423639 0.00999999978
v -0.177060127 -0.0312204789 -0.00999999978
v -0.178008795 -0.000401904574 -0.00999999978
v -0.196961537 -0.0347296298 0.00999999978
v -0.186430544 -0.0666907206 0.00999999978
v -0.167411044 -0.0605049357 -0.00999999978
v -0.160290718 -0.0391393453 0.0249999985
v -0.157345906 -0.0578790046 0.0249999985
v -0.153869376 -0.0595753193 0.0249999985
v -0.16078864 -0.0561150834 0.0249999985
v -0.164196298 -0.0542842373 0.0249999985
v -0.172084734 -0.0303431842 0.0249999985
v -0.16401042 -0.0180436969 0.0249999985
v -0.172860339 -0.00514793396 0.0249999985
v -0.17028442 -0.00226203445 0.0249999985
v -0.167652562 0.000572993769 0.0249999985
v -0.164965868 0.00335606444 0.0249999985
v -0.139281124 -0.0324001536 0.0149999997
v -0.140357509 -0.027363658 0.0149999997
v -0.143605754 -0.0382311866 0.0149999997
v -0.152903259 -0.0398069657 0.0149999997
v -0.145989016 -0.0450885668 0.0149999997
v -0.146212816 -0.0523448326 0.0149999997
v -0.144588634 -0.0637034327 0.0149999997
v -0.144256696 -0.0593360364 0.0149999997
v -0.140299648 -0.0654225126 0.0149999997
v -0.157296851 -0.0148896789 0.0149999997
v -0.141251832 -0.0222916696 0.0149999997
v -0.148021102 -0.0131904921 0.0149999997
v -0.141962945 -0.0171907656 0.0149999997
v -0.152605996 -0.00756179448 0.0149999997
v -0.155298084 -0.000819679466 0.0149999997
v -0.157656729 0.0104094287 0.0149999997
v -0.155851081 0.00641893689 0.0149999997
v -0.154214367 0.0134917498 0.0149999997
v -0.135953277 -0.0334171429 0.0179999992
v -0.140231743 -0.0383751057 0.0179999992
v -0.135953277 -0.0334171429 0.0419999957
v -0.1404071 -0.0386628136 0.0419999957
v -0.14277494 -0.0444098935 0.0179999992
v -0.142926097 -0.0450665765 0.0419999957
v -0.143335581 -0.0509346388 0.0179999992
v -0.143239796 -0.0519408025 0.0419999957
v -0.141859129 -0.0573148131 0.0179999992
v -0.141314507 -0.0585473664 0.0419999957
v -0.137356982 -0.0641768724 0.0419999957
v -0.131792143 -0.0682248399 0.0419999957
v -0.131393552 -0.0684540346 0.0320314504
v -0.131036267 -0.0687171444 0.0321207307
v -0.130677179 -0.0690528825 0.0419999957
v -0.130375579 -0.0694117621 0.0325022414
v -0.12991257 -0.0702122375 0.0419999957
v -0.129773349 -0.0705848709 0.0333898403
v -0.129590452 -0.0715631768 0.0419999957
v -0.129618838 -0.0723329708 0.0350000001
v -0.129749671 -0.0729428083 0.0419999957
v -0.129763946 -0.0729897469 0.0350000001
v -0.130017072 -0.073612906 0.0350000001
v -0.130371034 -0.0741848573 0.0419999957
v -0.130371034 -0.0741848573 0.0350000001
v -0.139281124 -0.0324001536 0.0449999981
v -0.135953277 -0.0334171429 0.0419999957
v -0.1404071 -0.0386628136 0.0419999957
v -0.143743455 -0.0384956226 0.0449999981
v -0.142926097 -0.0450665765 0.0419999957
v -0.146090016 -0.0456762165 0.0449999981
v -0.143239796 -0.0519408025 0.0419999957
v -0.146088347 -0.0532305054 0.0449999981
v -0.141314507 -0.0585473664 0.0419999957
v -0.143738568 -0.0604100414 0.0449999981
v -0.137356982 -0.0641768724 0.0419999957
v -0.139273509 -0.0665035248 0.0449999981
v -0.131792143 -0.0682248399 0.0419999957
v -0.133135542 -0.0709072351 0.0449999981
v -0.132856756 -0.0711143017 0.0449999981
v -0.130677179 -0.0690528825 0.0419999957
v -0.12991257 -0.0702122375 0.0419999957
v -0.132665589 -0.0714042336 0.0449999981
v -0.132585108 -0.0717420578 0.0449999981
v -0.129590452 -0.0715631768 0.0419999957
v -0.129749671 -0.0729428083 0.0419999957
v -0.132625014 -0.0720870271 0.0449999981
v -0.130371034 -0.0741848573 0.0419999957
v -0.132780507 -0.0723975599 0.0449999981
v -0.133189783 -0.0731578693 0.0449999981
v -0.133365542 -0.0740032718 0.0449999981
v -0.133293226 -0.0748637244 0.0449999981
v -0.132978812 -0.0756679177 0.0449999981
v -0.178975508 -0.0359551311 0.0399999991
v -0.177265391 -0.0329931527 0.0399999991
v -0.177859306 -0.0346249193 0.0399999991
v -0.177859306 -0.0296249092 0.0399999991
v -0.177265391 -0.0312566794 0.0399999991
v -0.180479333 -0.0274264477 0.0399999991
v -0.178975508 -0.0282946918 0.0399999991
v -0.180479333 -0.036823377 0.0399999991
v -0.18218942 -0.0271249097 0.0399999991
v -0.182189435 -0.0371249132 0.0399999991
v -0.183899537 -0.0274264496 0.0399999991
v -0.183899537 -0.0368233733 0.0399999991
v -0.185403377 -0.0282946955 0.0399999991
v -0.187113479 -0.0312566757 0.0399999991
v -0.186519563 -0.0296249185 0.0399999991
v -0.186519563 -0.0346249193 0.0399999991
v -0.185403377 -0.0359551385 0.0399999991
v -0.187113449 -0.0329931602 0.0399999991
v -0.14516297 -0.0116909016 0.0419999957
v -0.139183626 -0.0150969112 0.0419999957
v -0.141962945 -0.0171907656 0.0449999981
v -0.148240939 -0.0129890991 0.0449999981
v -0.149720281 -0.0065348791 0.0419999957
v -0.152901888 -0.00704412907 0.0449999981
v -0.152366176 -0.000182508229 0.0419999957
v -0.155484036 5.51593293E-05 0.0449999981
v -0.152816594 0.00668411842 0.0419999957
v -0.155731529 0.00760538969 0.0449999981
v -0.15102312 0.0133276843 0.0419999957
v -0.153619826 0.0148585318 0.0449999981
v -0.147178367 0.0190348141 0.0419999957
v -0.149358183 0.0210959669 0.0449999981
v -0.146413863 0.0201942511 0.0419999957
v -0.149358183 0.0210959669 0.0449999981
v -0.146091878 0.0215452164 0.0419999957
v -0.149167031 0.0213859044 0.0449999981
v -0.149086565 0.021723723 0.0449999981
v -0.146251231 0.0229248423 0.0419999957
v -0.149126485 0.0220687073 0.0449999981
v -0.149534285 0.022617843 0.0449999981
v -0.146872714 0.0241668262 0.0419999957
v -0.150178924 0.0231923219 0.0449999981
v -0.147881404 0.0251214448 0.0419999957
v -0.150633231 0.0239266232 0.0449999981
v -0.150859565 0.0247599166 0.0449999981
v -0.150839165 0.0256231427 0.0449999981
v -0.141962945 -0.0171907656 0.0149999997
v -0.139183626 -0.0150969112 0.0179999992
v -0.1448998 -0.0119012762 0.0179999992
v -0.148021102 -0.0131904921 0.0149999997
v -0.149353653 -0.00710025989 0.0179999992
v -0.152605996 -0.00756179448 0.0149999997
v -0.152112067 -0.00116075866 0.0179999992
v -0.155298084 -0.000819679466 0.0149999997
v -0.15290679 0.00533962343 0.0179999992
v -0.155851081 0.00641893689 0.0149999997
v -0.151660547 0.0117687341 0.0179999992
v -0.154214367 0.0134917498 0.0149999997
v -0.149904162 0.0187511314 0.0149496431
v -0.148494542 0.0175013486 0.0179999992
v -0.143716633 0.0219799876 0.0179999992
v -0.148365021 0.0220866594 0.0149999997
v -0.145941019 0.0240849108 0.0149999997
v -0.143276781 0.0257494394 0.0149999997
v -0.13779147 0.0247690976 0.0179999992
v -0.140417963 0.0270517245 0.0149999997
v -0.139183626 -0.0150969112 0.0179999992
v -0.139183626 -0.0150969112 0.0419999957
v -0.1448998 -0.0119012762 0.0179999992
v -0.14516297 -0.0116909016 0.0419999957
v -0.149353653 -0.00710025989 0.0179999992
v -0.149720281 -0.0065348791 0.0419999957
v -0.152112067 -0.00116075866 0.0179999992
v -0.152366176 -0.000182508229 0.0419999957
v -0.15290679 0.00533962343 0.0179999992
v -0.152816594 0.00668411842 0.0419999957
v -0.151660547 0.0117687341 0.0179999992
v -0.15102312 0.0133276843 0.0419999957
v -0.147178367 0.0190348141 0.0320000015
v -0.148494542 0.0175013486 0.0179999992
v -0.147178367 0.0190348141 0.0419999957
v -0.143716633 0.0219799876 0.0179999992
v -0.146882206 0.0193865038 0.0320314504
v -0.144405261 0.0214918852 0.0320000015
v -0.146636456 0.0197559688 0.0321207307
v -0.141243473 0.0234233495 0.0320000015
v -0.13779147 0.0247690976 0.0179999992
v -0.137791485 0.0247691013 0.0320000015
v -0.146413863 0.0201942511 0.0419999957
v -0.146253198 0.0206346512 0.0325022414
v -0.146091878 0.0215452164 0.0419999957
v -0.146088496 0.0219429825 0.0333898403
v -0.146251231 0.0229248423 0.0419999957
v -0.146541208 0.0236385111 0.0350000001
v -0.146872714 0.0241668262 0.0419999957
v -0.146902189 0.0242060348 0.0350000001
v -0.147353187 0.0247050468 0.0350000001
v -0.147881404 0.0251214448 0.0419999957
v -0.147881404 0.0251214448 0.0350000001
v -0.139183626 -0.0150969112 0.0179999992
v -0.138377964 -0.0212493986 0.0179999992
v -0.139183626 -0.0150969112 0.0419999957
v -0.138377964 -0.0212493986 0.0419999957
v -0.137300491 -0.0273601525 0.0419999957
v -0.137300491 -0.0273601525 0.0179999992
v -0.135953277 -0.0334171429 0.0179999992
v -0.135953277 -0.0334171429 0.0419999957
v -0.138377964 -0.0212493986 0.0179999992
v -0.139183626 -0.0150969112 0.0179999992
v -0.141962945 -0.0171907656 0.0149999997
v -0.141251832 -0.0222916696 0.0149999997
v -0.140357509 -0.027363658 0.0149999997
v -0.137300491 -0.0273601525 0.0179999992
v -0.139281124 -0.0324001536 0.0149999997
v -0.135953277 -0.0334171429 0.0179999992
v -0.141962945 -0.0171907656 0.0449999981
v -0.139183626 -0.0150969112 0.0419999957
v -0.138377964 -0.0212493986 0.0419999957
v -0.141251832 -0.0222916696 0.0449999981
v -0.137300491 -0.0273601525 0.0419999957
v -0.140357509 -0.027363658 0.0449999981
v -0.139281124 -0.0324001536 0.0449999981
v -0.135953277 -0.0334171429 0.0419999957
v -0.140417963 0.0270517245 0.0149999997
v -0.137682304 0.0386339314 0.0149999997
v -0.143276781 0.0257494394 0.0149999997
v -0.145941019 0.0240849108 0.0149999997
v -0.148365021 0.0220866594 0.0149999997
v -0.138214931 0.0582806244 0.0149999997
v -0.133993059 0.0499485545 0.0149999997
v -0.129375786 0.0609172247 0.0149999997
v -0.128412575 0.0623690449 0.0149999997
v -0.127072871 0.0634829253 0.0149999997
v -0.119384788 0.0908144936 0.0149999997
v -0.125469625 0.0641649514 0.0149999997
v -0.123738028 0.0643576011 0.0149999997
v -0.0959533602 0.0633873418 0.0149999997
v -0.091757305 0.0693224296 0.0149999997
v -0.0871946886 0.0749805644 0.0149999997
v -0.0882092193 0.0981994644 0.0149999997
v -0.0930571333 0.1176451 0.0149999997
v -0.0789278075 0.110753775 0.0149999997
v -0.0697497725 0.112066798 0.0149999997
v -0.0630388409 0.120507695 0.0149999997
v -0.0491564497 0.12250568 0.0149999997
v -0.0459651649 0.127996877 0.0149999997
v -0.0818604156 0.0824856013 0.0149999997
v -0.0270593017 0.129196733 0.0149999997
v -0.0822837502 0.0803391784 0.0149999997
v -0.0819445774 0.0808055773 0.0149999997
v -0.0817525834 0.0813493729 0.0149999997
v -0.0817237198 0.08192534 0.0149999997
v -0.0280276556 0.133080617 0.0149999997
v -0.0174005143 0.117720954 0.0149999997
v -0.023911804 0.116572835 0.0149999997
v -0.0278412327 0.147393569 0.0149999997
v -0.0314166434 0.146673098 0.0149999997
v -0.0242493749 0.148026913 0.0149999997
v -0.0206431616 0.148572743 0.0149999997
v -0.140417963 0.0270517245 0.0149999997
v -0.13779147 0.0247690976 0.0179999992
v -0.135103449 0.0367023125 0.0179999992
v -0.137682304 0.0386339314 0.0149999997
v -0.13138403 0.0483553596 0.0179999992
v -0.133993059 0.0499485545 0.0149999997
v -0.126661599 0.0596392415 0.0179999992
v -0.129375786 0.0609172247 0.0149999997
v -0.126179993 0.0603651516 0.0179999992
v -0.128412575 0.0623690449 0.0149999997
v -0.125510141 0.0609220937 0.0179999992
v -0.127072871 0.0634829253 0.0149999997
v -0.124708526 0.061263103 0.0179999992
v -0.125469625 0.0641649514 0.0149999997
v -0.123842731 0.0613594241 0.0179999992
v -0.123738028 0.0643576011 0.0149999997
v -0.0959533602 0.0633873418 0.0149999997
v -0.0943625793 0.0603299588 0.0179999992
v -0.130954057 0.0469656885 0.0249999985
v -0.130468711 0.0507731251 0.0249999985
v -0.13214092 0.0462469533 0.0249999985
v -0.129633859 0.0473925881 0.0249999985
v -0.128250897 0.0475048348 0.0249999985
v -0.128641576 0.0552389883 0.0249999985
v -0.123842731 0.0613594241 0.0249999985
v -0.102934465 0.0466207638 0.0249999985
v -0.100675873 0.0513163544 0.0249999985
v -0.0982032344 0.0559028238 0.0249999985
v -0.0955217704 0.0603704378 0.0249999985
v -0.126661599 0.0596392415 0.0249999985
v -0.124708526 0.061263103 0.0249999985
v -0.126179993 0.0603651516 0.0249999985
v -0.125510141 0.0609220937 0.0249999985
v -0.102297746 0.0455979146 0.0320000015
v -0.102297746 0.0455979146 0.0259999987
v -0.128285721 0.0465054587 0.02599998
v -0.128285795 0.04650544 0.0320000015
v -0.129882261 0.0463020205 0.0259999987
v -0.129882321 0.0463020019 0.0320000015
v -0.131331474 0.0456019379 0.0259999987
v -0.131331503 0.0456019118 0.0320000015
v -0.132483169 0.0444777049 0.0259999987
v -0.132483199 0.0444777012 0.0320000015
v -0.13321808 0.0430458412 0.0259999987
v -0.13321808 0.0430458412 0.0320000015
v -0.135015607 0.0370240957 0.0320000015
v -0.136541128 0.0309277568 0.0320000015
v -0.137791485 0.0247691013 0.0320000015
v -0.13779147 0.0247690976 0.0179999992
v -0.13214092 0.0462469533 0.0249999985
v -0.135103449 0.0367023125 0.0179999992
v -0.13138403 0.0483553596 0.0179999992
v -0.130468711 0.0507731251 0.0249999985
v -0.128641576 0.0552389883 0.0249999985
v -0.126661599 0.0596392415 0.0179999992
v -0.126661599 0.0596392415 0.0249999985
v -0.126179993 0.0603651516 0.0249999985
v -0.126179993 0.0603651516 0.0179999992
v -0.125510141 0.0609220937 0.0249999985
v -0.125510141 0.0609220937 0.0179999992
v -0.124708526 0.061263103 0.0249999985
v -0.124708526 0.061263103 0.0179999992
v -0.123842731 0.0613594241 0.0249999985
v -0.123842731 0.0613594241 0.0179999992
v -0.0955217704 0.0603704378 0.0249999985
v -0.0943625793 0.0603299588 0.0179999992
v -0.0943625718 0.0603299588 0.0259999987
v -0.102297746 0.0455979146 0.0259999987
v -0.102934465 0.0466207638 0.0249999985
v -0.128285721 0.0465054587 0.02599998
v -0.128250897 0.0475048348 0.0249999985
v -0.129633859 0.0473925881 0.0249999985
v -0.129882261 0.0463020205 0.0259999987
v -0.130954057 0.0469656885 0.0249999985
v -0.131331474 0.0456019379 0.0259999987
v -0.13214092 0.0462469533 0.0249999985
v -0.132481873 0.0452609286 0.0254996102
v -0.13321808 0.0430458412 0.0259999987
v -0.132483169 0.0444777049 0.0259999987
v -0.132789463 0.0443504229 0.0258214083
v -0.102934465 0.0466207638 0.0249999985
v -0.102297746 0.0455979146 0.0259999987
v -0.099898681 0.0506384708 0.0259999987
v -0.100675873 0.0513163544 0.0249999985
v -0.0972514227 0.0555532202 0.0259999987
v -0.0982032344 0.0559028238 0.0249999985
v -0.0955217704 0.0603704378 0.0249999985
v -0.0943625718 0.0603299588 0.0259999987
v -0.102297746 0.0455979146 0.0259999987
v -0.102297746 0.0455979146 0.0320000015
v -0.099898681 0.0506384708 0.0259999987
v -0.0962156728 0.0573283955 0.0320000015
v -0.0972514227 0.0555532202 0.0259999987
v -0.0943625718 0.0603299588 0.0259999987
v -0.0887944028 0.0682609379 0.0320000015
v -0.080137223 0.0782433748 0.0320000015
v -0.0801372156 0.0782433972 0.0179999992
v -0.0792892799 0.0794093758 0.0320000015
v -0.0852828547 0.0726005211 0.0179999992
v -0.0900319964 0.0666200966 0.0179999992
v -0.0943625793 0.0603299588 0.0179999992
v -0.079289265 0.0794093907 0.0179999992
v -0.0788092837 0.0807688534 0.0320000015
v -0.0788092837 0.0807688609 0.0179999992
v -0.0787371397 0.082208775 0.0320000015
v -0.0787371397 0.0822087824 0.0179999992
v -0.0790788531 0.0836094171 0.0320000015
v -0.0790788531 0.0836094171 0.0179999992
v -0.0846329778 0.0973563641 0.0179999992
v -0.0846329778 0.0973563641 0.0320000015
v -0.0962156728 0.0573283955 0.0320000015
v -0.102297746 0.0455979146 0.0320000015
v -0.104195103 0.0486660004 0.0350000001
v -0.0980933532 0.0600224435 0.0350000001
v -0.0887944028 0.0682609379 0.0320000015
v -0.0907588378 0.0706245899 0.0350000001
v -0.080137223 0.0782433748 0.0320000015
v -0.0822837502 0.0803391784 0.0350000001
v -0.0792892799 0.0794093758 0.0320000015
v -0.0819445774 0.0808055773 0.0350000001
v -0.0788092837 0.0807688534 0.0320000015
v -0.0817525834 0.0813493729 0.0350000001
v -0.0787371397 0.082208775 0.0320000015
v -0.0817237198 0.08192534 0.0350000001
v -0.0790788531 0.0836094171 0.0320000015
v -0.0818604156 0.0824856013 0.0350000001
v -0.0846329778 0.0973563641 0.0320000015
v -0.0882092193 0.0981994644 0.0350000001
v -0.128181085 0.0495036058 0.0350000001
v -0.0980933532 0.0600224435 0.0350000001
v -0.104195103 0.0486660004 0.0350000001
v -0.125199139 0.0826146081 0.0350000001
v -0.0907588378 0.0706245899 0.0350000001
v -0.139533564 0.0550489426 0.0350000001
v -0.130735517 0.0491781123 0.0350000001
v -0.133054227 0.0480579697 0.0350000001
v -0.134896949 0.0462592207 0.0350000001
v -0.13607274 0.0439682491 0.0350000001
v -0.137750536 0.0383899845 0.0350000001
v -0.147881404 0.0251214448 0.0350000001
v -0.139199734 0.0327480212 0.0350000001
v -0.142567128 0.0261155665 0.0350000001
v -0.140417963 0.0270517245 0.0350000001
v -0.144614726 0.0249741953 0.0350000001
v -0.147353187 0.0247050468 0.0350000001
v -0.146902189 0.0242060348 0.0350000001
v -0.146541208 0.0236385111 0.0350000001
v -0.0882092193 0.0981994644 0.0350000001
v -0.10549318 0.106635779 0.0350000001
v -0.0818604156 0.0824856013 0.0350000001
v -0.0822837502 0.0803391784 0.0350000001
v -0.0817237198 0.08192534 0.0350000001
v -0.0817525834 0.0813493729 0.0350000001
v -0.0819445774 0.0808055773 0.0350000001
v -0.0997848883 0.107575223 0.0350000001
v -0.0854694471 0.10059312 0.0350000001
v -0.101252623 0.108028546 0.0350000001
v -0.102788694 0.108014889 0.0350000001
v -0.104248129 0.107535549 0.0350000001
v -0.0846329778 0.0973563641 0.0179999992
v -0.0882092193 0.0981994644 0.0149999997
v -0.0818604156 0.0824856013 0.0149999997
v -0.0790788531 0.0836094171 0.0179999992
v -0.0817237198 0.08192534 0.0149999997
v -0.0787371397 0.0822087824 0.0179999992
v -0.0817525834 0.0813493729 0.0149999997
v -0.0788092837 0.0807688609 0.0179999992
v -0.0819445774 0.0808055773 0.0149999997
v -0.079289265 0.0794093907 0.0179999992
v -0.0822837502 0.0803391784 0.0149999997
v -0.0801372156 0.0782433972 0.0179999992
v -0.0871946886 0.0749805644 0.0149999997
v -0.0852828547 0.0726005211 0.0179999992
v -0.091757305 0.0693224296 0.0149999997
v -0.0900319964 0.0666200966 0.0179999992
v -0.0959533602 0.0633873418 0.0149999997
v -0.0943625793 0.0603299588 0.0179999992
v -0.0846329778 0.0973563641 0.0179999992
v -0.0825193003 0.0991542414 0.0320000015
v -0.0677943081 0.109749399 0.0179999992
v -0.0602889992 0.114044882 0.0540000014
v -0.0491748191 0.119259536 0.0179999992
v -0.0736114606 0.105935611 0.0540000014
v -0.0825193003 0.0991542414 0.0659999996
v -0.0736114606 0.105935611 0.0659999996
v -0.0460852906 0.120487116 0.0540000014
v -0.0312079247 0.125168145 0.0199999996
v -0.0312079247 0.125168145 0.0540000014
v -0.0882092193 0.0981994644 0.0149999997
v -0.0846329778 0.0973563641 0.0179999992
v -0.0697497725 0.112066798 0.0149999997
v -0.0677943081 0.109749399 0.0179999992
v -0.0491748191 0.119259536 0.0179999992
v -0.0491564497 0.12250568 0.0149999997
v -0.0292635821 0.12563695 0.0179999992
v -0.0270593017 0.129196733 0.0149999997
v -0.0825193003 0.0991542414 0.0659999996
v -0.0825193003 0.0991542414 0.0320000015
v -0.0854694471 0.10059312 0.0350000001
v -0.0997848883 0.107575223 0.0419999957
v -0.0997848883 0.107575223 0.0350000001
v -0.10539785 0.110312857 0.0449999981
v -0.113026842 0.114033766 0.0659999996
v -0.113026842 0.114033766 0.0449999981
v -0.114300013 0.114834465 0.0449999981
v -0.114873007 0.115340821 0.0659999996
v -0.115372702 0.115888685 0.0449999981
v -0.116205946 0.117168359 0.0659999996
v -0.116195478 0.117147721 0.0449999981
v -0.116886489 0.119325571 0.0659999996
v -0.116943374 0.119881414 0.0425266773
v -0.116843581 0.121587157 0.0659999996
v -0.116731174 0.122093372 0.0410829782
v -0.116081692 0.123717003 0.0659999996
v -0.11468038 0.125492662 0.0399999991
v -0.11468038 0.125492662 0.0659999847
v -0.0846329778 0.0973563641 0.0320000015
v -0.0882092193 0.0981994644 0.0350000001
v -0.0854694471 0.10059312 0.0350000001
v -0.0825193003 0.0991542414 0.0320000015
v -0.0602149963 0.0994017199 0.0540000014
v -0.0602889992 0.114044882 0.0540000014
v -0.0736114606 0.105935611 0.0540000014
v -0.0555852018 0.0995303243 0.0540000014
v -0.0570872575 0.0989840776 0.0540000014
v -0.0586849377 0.0989396721 0.0540000014
v -0.0465887375 0.104045607 0.0540000014
v -0.0460852906 0.120487116 0.0540000014
v -0.0372290462 0.107749708 0.0540000014
v -0.0312079247 0.125168145 0.0540000014
v -0.0275790989 0.110613704 0.0540000014
v -0.0740224272 0.111699067 0.0709999949
v -0.058023233 0.103895642 0.0709999949
v -0.0736114606 0.105935611 0.0659999996
v -0.0602149963 0.0994017199 0.0659999996
v -0.0586849377 0.0989396721 0.0659999996
v -0.0570872575 0.0989840776 0.0659999996
v -0.0555852018 0.0995303243 0.0659999996
v -0.0335868932 0.114161819 0.0709999949
v -0.0321756452 0.109365121 0.0659999996
v -0.00716985436 0.113774307 0.0659999996
v -0.00748428795 0.118764415 0.0709999949
v 0.0181916207 0.112539165 0.0659999996
v 0.0189895984 0.117475085 0.0709999949
v 0.0197899304 0.112539582 0.0659999996
v 0.0213064384 0.113044314 0.0659999996
v 0.0225862022 0.114001803 0.0659999996
v 0.0329400338 0.124723509 0.0659999996
v 0.0313549973 0.130279943 0.0709999949
v -0.0602149963 0.0994017199 0.0540000014
v -0.0736114606 0.105935611 0.0540000014
v -0.0736114606 0.105935611 0.0659999996
v -0.0602149963 0.0994017199 0.0659999996
v -0.0586849377 0.0989396721 0.0659999996
v -0.0586849377 0.0989396721 0.0540000014
v -0.0570872575 0.0989840776 0.0659999996
v -0.0570872575 0.0989840776 0.0540000014
v -0.0555852018 0.0995303243 0.0659999996
v -0.0555852018 0.0995303243 0.0540000014
v -0.0465887375 0.104045607 0.0540000014
v -0.0321756452 0.109365121 0.0659999996
v -0.0372290462 0.107749708 0.0540000014
v -0.0275790989 0.110613704 0.0540000014
v -0.00716985436 0.113774307 0.0659999996
v -0.0119162425 0.113375492 0.0540000014
v -0.00186870329 0.113984689 0.0540000014
v 0.00819340255 0.113705173 0.0540000014
v 0.0181916207 0.112539165 0.0659999996
v 0.0181916207 0.112539165 0.0540000014
v 0.0197899304 0.112539582 0.0540000014
v 0.0197899304 0.112539582 0.0659999996
v 0.0213064384 0.113044314 0.0540000014
v 0.0213064384 0.113044314 0.0659999996
v 0.0225862022 0.114001803 0.0540000014
v 0.0225862022 0.114001803 0.0659999996
v 0.0329400338 0.124723509 0.0659999996
v 0.0329400338 0.124723509 0.0540000014
v -0.0171781722 0.112698324 0.0199999996
v -0.0119162425 0.113375492 0.0199999996
v -0.0224028919 0.111777052 0.0199999996
v -0.0275790989 0.110613704 0.0199999996
v -0.0736114606 0.105935611 0.0659999996
v -0.0825193003 0.0991542414 0.0659999996
v -0.0831941143 0.105046384 0.0709999949
v -0.0740224272 0.111699067 0.0709999949
v -0.0831941143 0.105046384 0.0709999949
v -0.0825193003 0.0991542414 0.0659999996
v -0.113026842 0.114033766 0.0659999996
v -0.110834986 0.118527725 0.0709999949
v -0.113974638 0.118295826 0.0684999898
v -0.114873007 0.115340821 0.0659999996
v -0.111362472 0.118901186 0.0709999949
v -0.116205946 0.117168359 0.0659999996
v -0.111743316 0.11942333 0.0709999949
v -0.116886489 0.119325571 0.0659999996
v -0.114384554 0.121136501 0.0684999898
v -0.116843581 0.121587157 0.0659999996
v -0.111937761 0.120039679 0.0709999949
v -0.116081692 0.123717003 0.0659999996
v -0.111925498 0.120685853 0.0709999949
v -0.111707821 0.121294364 0.0709999949
v -0.111307427 0.121801697 0.0709999949
v -0.11468038 0.125492662 0.0659999847
v -0.0728773475 0.14803341 0.0709999949
v -0.0750857592 0.152519271 0.0659999996
v -0.0286519565 0.162493289 0.0709999949
v -0.0295201875 0.167417333 0.0659999996
v 0.0178518966 0.164031431 0.0709999949
v 0.0183928646 0.169002071 0.0659999996
v 0.0629361421 0.152525559 0.0709999949
v 0.064843297 0.157147527 0.0659999996
v 0.0660551786 0.152952895 0.0684999973
v 0.0634858832 0.152185753 0.0709999949
v 0.066767402 0.155958205 0.0659999996
v 0.0638985634 0.151688367 0.0709999949
v 0.0682117939 0.154217422 0.0659999996
v 0.0641310886 0.151085362 0.0709999949
v 0.0666415468 0.150143355 0.0684999973
v 0.0641591847 0.150439695 0.0709999949
v 0.0690256283 0.152106881 0.0659999996
v 0.0639798939 0.149818763 0.0709999949
v 0.0691239238 0.149847016 0.0659999996
v 0.068496421 0.147673801 0.0659999996
v 0.0636119619 0.149287447 0.0709999949
v 0.0672086477 0.145814151 0.0659999996
v 0.0422489159 0.127165362 0.0709999949
v 0.0436300449 0.121397771 0.0659999996
v -0.141568795 0.065530695 -0.00499999989
v -0.156965151 0.0252646394 -0.00499999989
v -0.154457152 0.0218858719 -0.00499999989
v -0.157322779 0.0560227148 -0.00499999989
v -0.149533197 0.0743560642 -0.00499999989
v -0.116633043 0.1035989 -0.00499999989
v -0.105941616 0.126256302 -0.00499999989
v -0.0817718655 0.132850885 -0.00499999989
v -0.0472602658 0.160173237 -0.00499999989
v -0.162874073 0.0368923135 -0.00499999989
v -0.160064593 0.022648152 -0.00499999989
v -0.163112611 0.0199719481 -0.00499999989
v -0.166108057 0.0172370244 -0.00499999989
v -0.0399519615 0.150797367 -0.00499999989
v -0.027852796 0.164660931 -0.00499999989
v 0.00237591029 0.158967659 -0.00499999989
v 0.00526783802 0.155911028 -0.00499999989
v -0.00804904755 0.166805908 -0.00499999989
v 0.00549085019 0.161565661 -0.00499999989
v 0.00865567569 0.164102659 -0.00499999989
v 0.0118692098 0.166577682 -0.00499999989
v -0.160064593 0.022648152 -0.00499999989
v -0.157716125 0.0197216701 -0.00999999978
v -0.156965151 0.0252646394 -0.00499999989
v -0.163112611 0.0199719481 -0.00499999989
v -0.164790004 0.0133309327 -0.00999999978
v -0.166108057 0.0172370244 -0.00499999989
v -0.171559095 0.00661823479 -0.00999999978
v -0.181072205 0.0183534641 0.00999999978
v -0.197996974 -0.00109423639 0.00999999978
v -0.178008795 -0.000401904574 -0.00999999978
v -0.15144521 0.0217565913 -0.00200000009
v -0.151875317 0.018517293 -0.00499999989
v -0.151742935 0.0195724461 -0.00200000009
v -0.152243853 0.0151924118 -0.00499999989
v -0.152243853 0.0151924118 -0.00200000009
v -0.0930571333 0.1176451 0.0149999997
v -0.0789278075 0.110753775 0.0149999997
v -0.0929419473 0.117736116 0.0151322996
v -0.0792042986 0.114226431 0.0179999992
v -0.0933044329 0.121103525 0.0179999992
v -0.0929419473 0.117736116 0.00100000005
v -0.0930571333 0.1176451 0.0149999997
v -0.0929419473 0.117736116 0.0151322996
v -0.0933044329 0.121103525 0.0179999992
v -0.0933044329 0.121103525 -0.00187831989
v -0.0792042986 0.114226431 0.0179999992
v -0.064881146 0.12292859 0.0540000014
v -0.0792042986 0.114226431 0.0540000014
v -0.0642908067 0.123238362 0.0179999992
v -0.0496147871 0.129843637 0.0540000014
v -0.0483669788 0.13031362 0.0179999992
v -0.0336271413 0.13487111 0.0199999996
v -0.0336271413 0.13487111 0.0540000014
v -0.0792042986 0.114226431 0.0540000014
v -0.0933044329 0.121103525 0.0179999992
v -0.0792042986 0.114226431 0.0179999992
v -0.0934265032 0.121163063 0.0540000014
v -0.0934265032 0.121163063 -0.00200000009
v -0.0933044329 0.121103525 -0.00187831989
v -0.0934265032 0.121163063 0.0540000014
v -0.0759367719 0.132825479 0.0540000014
v -0.0759367719 0.132825479 -0.00200000009
v -0.0570135489 0.141980469 -0.00200000009
v -0.0570135489 0.141980469 0.0540000014
v -0.0370140448 0.148455247 -0.00200000009
v -0.0370140448 0.148455247 0.0540000014
v -0.0792042986 0.114226431 0.0179999992
v -0.0789278075 0.110753775 0.0149999997
v -0.0630388409 0.120507695 0.0149999997
v -0.0642908067 0.123238362 0.0179999992
v -0.0483669788 0.13031362 0.0179999992
v -0.0459651649 0.127996877 0.0149999997
v -0.0316830762 0.135340989 0.0179999992
v -0.0336271413 0.13487111 0.0199999996
v -0.0280276556 0.133080617 0.0149999997
v -0.0336271413 0.13487111 0.0540000014
v -0.0370140448 0.148455247 0.0540000014
v -0.0496147871 0.129843637 0.0540000014
v -0.0570135489 0.141980469 0.0540000014
v -0.064881146 0.12292859 0.0540000014
v -0.0759367719 0.132825479 0.0540000014
v -0.0792042986 0.114226431 0.0540000014
v -0.0934265032 0.121163063 0.0540000014
v -0.0336271413 0.13487111 0.0540000014
v -0.0336271413 0.13487111 0.0199999996
v -0.037006937 0.148426697 0.0199999996
v -0.0370140448 0.148455247 0.0540000014
v -0.0370140448 0.148455247 -0.00200000009
v -0.037006937 0.148426697 -0.00197059009
v -0.037006937 0.148426697 -0.00197059009
v -0.037006937 0.148426697 0.0199999996
v -0.0334274992 0.146227911 0.00100000005
v -0.0334274992 0.146227911 0.0170588195
v -0.037006937 0.148426697 0.0199999996
v -0.0336271413 0.13487111 0.0199999996
v -0.0334274992 0.146227911 0.0170588195
v -0.0316830762 0.135340989 0.0179999992
v -0.0314166434 0.146673098 0.0149999997
v -0.0280276556 0.133080617 0.0149999997
v -0.0334274992 0.146227911 0.0170588195
v -0.0314166434 0.146673098 0.0149999997
v -0.0334274992 0.146227911 0.00100000005
v -0.0285155382 0.147264615 0.00100000005
v -0.0278412327 0.147393569 0.0149999997
v -0.0242493749 0.148026913 0.0149999997
v -0.0235716198 0.148136348 0.00100000005
v -0.0206431616 0.148572743 0.0149999997
v -0.0186013188 0.148842186 0.00100000005
v -0.0186013188 0.148842186 0.0170588195
v -0.0292635821 0.12563695 0.0179999992
v -0.023911804 0.116572835 0.0149999997
v -0.0270593017 0.129196733 0.0149999997
v -0.0312079247 0.125168145 0.0199999996
v -0.0275790989 0.110613704 0.0199999996
v -0.0275790989 0.110613704 0.0199999996
v -0.0224028919 0.111777052 0.0199999996
v -0.023911804 0.116572835 0.0149999997
v -0.0171781722 0.112698324 0.0199999996
v -0.0174005143 0.117720954 0.0149999997
v -0.0119162425 0.113375492 0.0199999996
v -0.0275790989 0.110613704 0.0540000014
v -0.0275790989 0.110613704 0.0199999996
v -0.0312079247 0.125168145 0.0540000014
v -0.0312079247 0.125168145 0.0199999996
v -0.00186870329 0.113984689 0.0540000014
v -0.0134841735 0.128293321 0.0540000014
v -0.0119162425 0.113375492 0.0540000014
v 0.00209698803 0.128982961 0.0540000014
v 0.00819340255 0.113705173 0.0540000014
v 0.0176474955 0.127787203 0.0540000014
v 0.0181916207 0.112539165 0.0540000014
v 0.0225862022 0.114001803 0.0540000014
v 0.0329400338 0.124723509 0.0540000014
v 0.0197899304 0.112539582 0.0540000014
v 0.0213064384 0.113044314 0.0540000014
v -0.0134841735 0.128293321 0.0540000014
v -0.0119162425 0.113375492 0.0199999996
v -0.0119162425 0.113375492 0.0540000014
v -0.0134841735 0.128293321 0.0199999996
v -0.0134841735 0.128293321 0.0199999996
v -0.0174005143 0.117720954 0.0149999997
v -0.0119162425 0.113375492 0.0199999996
v -0.0154715944 0.128068849 0.0179999992
v -0.0187604707 0.130660027 0.0149999997
v 0.00209698803 0.128982961 0.0540000014
v -0.0134841735 0.128293321 0.0199999996
v -0.0134841735 0.128293321 0.0540000014
v 0.00542004639 0.128886089 0.0179999992
v 0.0176474955 0.127787203 0.0540000014
v 0.0261693038 0.126317725 0.0179999992
v 0.0436300449 0.121397771 0.0320000015
v 0.0462311506 0.120431222 0.0180000104
v 0.0462311506 0.120431229 0.0320000015
v 0.0329400338 0.124723509 0.0540000014
v 0.0436300449 0.121397771 0.0659999996
v 0.0400992855 0.122609325 0.0659999996
v 0.0365349576 0.123718224 0.0659999996
v 0.0329400338 0.124723509 0.0659999996
v 0.035015095 0.129344285 0.0709999949
v 0.0329400338 0.124723509 0.0659999996
v 0.0313549973 0.130279943 0.0709999949
v 0.0365349576 0.123718224 0.0659999996
v 0.0386473611 0.128305793 0.0709999949
v 0.0400992855 0.122609325 0.0659999996
v 0.0422489159 0.127165362 0.0709999949
v 0.0436300449 0.121397771 0.0659999996
v 0.0386473611 0.128305793 0.0709999949
v 0.0636119619 0.149287447 0.0709999949
v 0.0422489159 0.127165362 0.0709999949
v 0.0629361421 0.152525559 0.0709999949
v 0.035015095 0.129344285 0.0709999949
v 0.0639798939 0.149818763 0.0709999949
v 0.0313549973 0.130279943 0.0709999949
v 0.0638985634 0.151688367 0.0709999949
v 0.0634858832 0.152185753 0.0709999949
v 0.0641591847 0.150439695 0.0709999949
v 0.0641310886 0.151085362 0.0709999949
v 0.0178518966 0.164031431 0.0709999949
v -0.00721931551 0.156118169 0.0709999949
v 0.0189895984 0.117475085 0.0709999949
v -0.0286519565 0.162493289 0.0709999949
v -0.00748428795 0.118764415 0.0709999949
v -0.0217060223 0.123100966 0.0709999949
v -0.0335868932 0.114161819 0.0709999949
v -0.0466116183 0.149172246 0.0709999949
v -0.058023233 0.103895642 0.0709999949
v -0.0728773475 0.14803341 0.0709999949
v -0.0740224272 0.111699067 0.0709999949
v -0.111307427 0.121801697 0.0709999949
v -0.0831941143 0.105046384 0.0709999949
v -0.110834986 0.118527725 0.0709999949
v -0.111707821 0.121294364 0.0709999949
v -0.111937761 0.120039679 0.0709999949
v -0.111925498 0.120685853 0.0709999949
v -0.111743316 0.11942333 0.0709999949
v -0.111362472 0.118901186 0.0709999949
v -0.030524049 0.167237207 0.0350000001
v -0.0445204638 0.164066851 0.0350000001
v -0.0207772497 0.177790061 0.0350000001
v -0.0163101014 0.169215783 0.0350000001
v -0.010730518 0.178678095 0.0350000001
v -0.00197992311 0.169988483 0.0350000001
v -0.000649719208 0.178998813 0.0350000001
v 0.00176043622 0.172992125 0.0350000001
v 0.00556538673 0.175913543 0.0350000001
v 0.00943314191 0.178751275 0.0350000001
v -0.010730518 0.178678095 0.0350000001
v -0.0207772497 0.177790061 0.0350000001
v -0.0217438247 0.180696428 0.0320000015
v -0.0100653525 0.181721479 0.0320000015
v -0.000649719208 0.178998813 0.0350000001
v 0.00165486929 0.181992471 0.0320000015
v 0.00943314191 0.178751275 0.0350000001
v 0.0133682331 0.181508362 0.0320000015
v 0.01564404 0.177005768 0.0449999981
v 0.0260219276 0.167996615 0.0449999981
v 0.00592150446 0.169896841 0.0449999981
v 0.0257494058 0.18355909 0.0449999981
v 0.0362058841 0.189536244 0.0449999981
v 0.0457553007 0.163726747 0.0449999981
v 0.0553952679 0.175232306 0.0449999981
v 0.0563455299 0.177843124 0.0449999981
v 0.0581314266 0.179971486 0.0449999981
v 0.0605375618 0.181360662 0.0449999981
v 0.0553952679 0.172453955 0.0449999981
v 0.0666761026 0.183191091 0.0449999981
v 0.0563455187 0.169843137 0.0449999981
v 0.0581314303 0.16771476 0.0449999981
v 0.0605375767 0.166325584 0.0449999981
v 0.0632737204 0.181843117 0.0449999981
v 0.064843297 0.157147527 0.0449999981
v 0.0632737204 0.165843144 0.0449999981
v 0.0660098866 0.166325599 0.0449999981
v 0.066767402 0.155958205 0.0449999981
v 0.0684160292 0.16771479 0.0449999981
v 0.066009894 0.181360677 0.0449999981
v 0.0684160218 0.179971501 0.0449999981
v 0.0702019334 0.177843153 0.0449999981
v 0.0682117939 0.154217422 0.0449999981
v 0.094096221 0.168465853 0.0449999981
v 0.0711521879 0.175232306 0.0449999981
v 0.0711521879 0.172453955 0.0449999981
v 0.0702019259 0.169843137 0.0449999981
v 0.0690256283 0.152106881 0.0449999981
v 0.0990817323 0.154693395 0.0449999981
v 0.0691239238 0.149847016 0.0449999981
v 0.068496421 0.147673801 0.0449999981
v 0.103117943 0.140613452 0.0449999981
v 0.0672086477 0.145814151 0.0449999981
v 0.0639127716 0.139011368 0.0449999981
v 0.0613123626 0.139708355 0.0449999981
v 0.106186137 0.12629135 0.0449999981
v 0.104594678 0.111664474 0.0449999981
v 0.142935365 0.0824286416 0.0449999981
v 0.13454023 0.0728555173 0.0449999981
v 0.162493289 0.0286519565 0.0449999981
v 0.15067558 0.0265681744 0.0449999981
v 0.151344508 -0.0224463418 0.0449999981
v 0.162507549 -0.0285707992 0.0449999981
v 0.13647835 -0.0691567957 0.0449999981
v 0.142976522 -0.0823572353 0.0449999981
v 0.107603051 -0.108768493 0.0449999981
v 0.1449918 -0.0968649909 0.0449999981
v 0.113026842 -0.114033766 0.0449999981
v 0.106927685 -0.10936521 0.0449999981
v 0.106189497 -0.109882183 0.0449999981
v 0.10539785 -0.110312857 0.0449999981
v 0.114873007 -0.115340821 0.0449999981
v 0.146014646 -0.111476295 0.0449999981
v 0.116205946 -0.117168359 0.0449999981
v 0.116886489 -0.119325571 0.0449999981
v 0.146040246 -0.126123354 0.0449999981
v 0.116843581 -0.121587157 0.0449999981
v 0.124058008 -0.135589868 0.0449999981
v 0.121651866 -0.134200677 0.0449999981
v 0.116081692 -0.123717003 0.0449999981
v 0.118915714 -0.133718222 0.0449999981
v 0.125843912 -0.137718216 0.0449999981
v 0.126794159 -0.140329033 0.0449999981
v 0.126794159 -0.143107414 0.0449999981
v 0.11468038 -0.125492662 0.0449999981
v 0.116179548 -0.134200677 0.0449999981
v 0.113773398 -0.135589868 0.0449999981
v 0.125310078 -0.149338752 0.0449999981
v 0.0989937633 -0.138203606 0.0449999981
v 0.125843927 -0.145718217 0.0449999981
v 0.111987509 -0.13771823 0.0449999981
v 0.124058008 -0.147846565 0.0449999981
v 0.121651873 -0.149235755 0.0449999981
v 0.118915707 -0.14971821 0.0449999981
v 0.111037254 -0.140329033 0.0449999981
v 0.0988476127 -0.165722653 0.0449999981
v 0.111037254 -0.143107414 0.0449999981
v 0.116179548 -0.14923577 0.0449999981
v 0.113773398 -0.14784658 0.0449999981
v 0.111987501 -0.145718217 0.0449999981
v 0.0819108263 -0.14896515 0.0449999981
v 0.0869774297 -0.163682282 0.0449999981
v 0.0752401203 -0.160980433 0.0449999981
v 0.0636725426 -0.157625526 0.0449999981
v 0.0649838224 0.178541601 0.0399999991
v 0.0664876699 0.177673355 0.0399999991
v 0.0676038563 0.176343128 0.0399999991
v 0.0632737353 0.178843111 0.0399999991
v 0.0615636297 0.178541601 0.0399999991
v 0.0681977645 0.174711376 0.0399999991
v 0.0600597858 0.177673355 0.0399999991
v 0.0681977645 0.172974885 0.0399999991
v 0.0589435957 0.176343128 0.0399999991
v 0.0676038563 0.171343148 0.0399999991
v 0.0583496876 0.174711376 0.0399999991
v 0.0664876625 0.170012906 0.0399999991
v 0.0583496839 0.172974885 0.0399999991
v 0.0649838299 0.16914466 0.0399999991
v 0.0632737204 0.16884315 0.0399999991
v 0.0600597933 0.170012906 0.0399999991
v 0.0589435883 0.171343133 0.0399999991
v 0.0615636297 0.16914466 0.0399999991
v 0.107672893 0.142994925 0.0350000001
v 0.115555942 0.136703417 0.0350000001
v 0.108811699 0.138334945 0.0350000001
v 0.109848633 0.133651242 0.0350000001
v 0.11078319 0.128946051 0.0350000001
v 0.12307211 0.129977912 0.0350000001
v 0.12126407 0.119142883 0.0350000001
v 0.13019754 0.122839734 0.0350000001
v 0.130880773 0.108490653 0.0350000001
v 0.139564782 0.0970652848 0.0350000001
v 0.150570318 -0.0407992527 -0.00499999989
v 0.132388994 -0.0825175941 -0.00499999989
v 0.13648209 -0.081541419 -0.00499999989
v 0.156526953 -0.0582092367 -0.00499999989
v 0.162344217 -0.0391580351 -0.00499999989
v 0.155938193 0.00439107511 -0.00499999989
v 0.162311971 0.0286199823 -0.00499999989
v 0.148035809 0.0492077358 -0.00499999989
v 0.139160842 0.0923215076 -0.00499999989
v 0.14848268 -0.0764322728 -0.00499999989
v 0.137174547 -0.0855380446 -0.00499999989
v 0.137789235 -0.0895473659 -0.00499999989
v 0.138325885 -0.0935678855 -0.00499999989
v 0.127535656 0.0898368433 -0.00499999989
v 0.12717849 0.108234167 -0.00499999989
v 0.10036239 0.123303495 -0.00499999989
v 0.0961822867 0.122820869 -0.00499999989
v 0.113386706 0.122606903 -0.00499999989
v 0.0996461734 0.127295926 -0.00499999989
v 0.0988525152 0.131273702 -0.00499999989
v 0.0979817361 0.135235295 -0.00499999989
v 0.129998624 -0.0806805938 -0.00200000009
v 0.125624403 -0.0819659382 -0.00499999989
v 0.132388994 -0.0825175941 -0.00499999989
v 0.125624403 -0.0819659382 0.00100000005
v 0.13648209 -0.081541419 -0.00499999989
v 0.132388994 -0.0825175941 -0.00499999989
v 0.133494407 -0.0862702951 -0.00999999978
v 0.132190004 -0.0865436345 -0.00999999978
v 0.125624403 -0.0819659382 -0.00499999989
v 0.13648209 -0.081541419 -0.00499999989
v 0.133494407 -0.0862702951 -0.00999999978
v 0.137174547 -0.0855380446 -0.00499999989
v 0.137789235 -0.0895473659 -0.00499999989
v 0.134805426 -0.0957128853 -0.00999999978
v 0.138325885 -0.0935678855 -0.00499999989
v 0.135676011 -0.105206199 -0.00999999978
v 0.150506735 -0.10233143 0.00999999978
v 0.150971115 -0.128108233 0.00999999978
v 0.13610433 -0.114729732 -0.00999999978
v 0.128528431 -0.103467122 0.0179999992
v 0.128134578 -0.0991238207 0.0149999997
v 0.122013375 -0.106567994 0.0149999997
v 0.12297111 -0.110014118 0.0179999992
v 0.115460366 -0.113634966 0.0149999997
v 0.117080696 -0.116263099 0.0179999992
v 0.10965652 -0.121583551 0.0167287793
v 0.11087314 -0.122197159 0.0179999992
v 0.107969046 -0.120732464 0.0149999997
v 0.0882092193 -0.0981994644 0.0350000001
v 0.0846329778 -0.0973563641 0.0320000015
v 0.0818604156 -0.0824856013 0.0350000001
v 0.0790788531 -0.0836094171 0.0320000015
v 0.0817237273 -0.0819253922 0.0350000001
v 0.0787371397 -0.0822087824 0.0320000015
v 0.0817525685 -0.0813494697 0.0350000001
v 0.0788092837 -0.0807688609 0.0320000015
v 0.0819445103 -0.080805704 0.0350000001
v 0.079289265 -0.0794094056 0.0320000015
v 0.082283631 -0.0803393275 0.0350000076
v 0.0801372007 -0.0782434046 0.032000009
v 0.0863278732 -0.0713547319 0.0320000015
v 0.089194417 -0.0725903213 0.0350000001
v 0.0919282287 -0.0639781281 0.0320000015
v 0.0953781381 -0.0642495975 0.0350000001
v 0.0968999565 -0.05616403 0.0320000015
v 0.0990812406 -0.055868499 0.0337470099
v 0.100784354 -0.0553851314 0.0350000001
v 0.0958617404 -0.0543264411 0.0320000015
v 0.0990709737 -0.0540587083 0.0350000001
v 0.0986037776 -0.0530662052 0.0350000001
v 0.0954670087 -0.0522530861 0.0320000015
v 0.0984667763 -0.0519778319 0.0350000001
v 0.0957574025 -0.0501625575 0.0320000015
v 0.0986733884 -0.0509004965 0.0350000001
v 0.0967022777 -0.0482752807 0.0320000015
v 0.0992033333 -0.0499400422 0.0350000001
v 0.0982020274 -0.0467902273 0.0320000015
v 0.100004569 -0.0491908081 0.0350000001
v 0.100098528 -0.0458639935 0.0320000015
v 0.100998372 -0.0487263873 0.0350000001
v 0.102191821 -0.0455942154 0.0320000015
v 0.10208711 -0.0485923961 0.0350000001
v 0.112026356 -0.0489394814 0.0350000001
v 0.112131163 -0.0459413081 0.0320000015
v 0.112664968 -0.0490678884 0.0350000001
v 0.113727637 -0.0462624058 0.0320000015
v 0.11322844 -0.0493947007 0.0350000001
v 0.115136258 -0.0470794849 0.0320000015
v 0.113657013 -0.0498852655 0.0350000001
v 0.116207607 -0.048305884 0.0320000015
v 0.113905206 -0.050487522 0.0350000001
v 0.116828047 -0.0498114973 0.0320000015
v 0.116931759 -0.051436644 0.0320000015
v 0.113946699 -0.0511376001 0.0350000001
v 0.116507746 -0.0530089289 0.0320000015
v 0.113777094 -0.0517665297 0.0350000001
v 0.112066545 -0.0618473142 0.0320000015
v 0.109439984 -0.0603977665 0.0350000001
v 0.104449317 -0.0686683357 0.0350000001
v 0.106956095 -0.0703163743 0.0320000015
v 0.098834902 -0.0765288249 0.0350000001
v 0.101206936 -0.0783655196 0.0320000015
v 0.0975447446 -0.0789765939 0.0350000001
v 0.100400597 -0.0798953772 0.0320000015
v 0.0971656218 -0.0817174539 0.0350000001
v 0.100163646 -0.0816084072 0.0320000015
v 0.100524426 -0.0832997113 0.0320000015
v 0.0977428705 -0.0844235197 0.0350000001
v 0.0986079946 -0.0865647867 0.0350000001
v 0.10138955 -0.085440971 0.0320000015
v 0.102307357 -0.0869109482 0.0320000015
v 0.100076504 -0.0889167562 0.0350000001
v 0.102259636 -0.0906261578 0.0350000001
v 0.103671826 -0.0879793242 0.0320000015
v 0.104895167 -0.0914876908 0.0350000001
v 0.105319023 -0.0885177851 0.0320000015
v 0.107666455 -0.0913978294 0.0350000001
v 0.107051097 -0.0884616151 0.0320000015
v 0.110240646 -0.0903673694 0.0350000001
v 0.108659953 -0.0878175795 0.0320000015
v 0.11230845 -0.0885201171 0.0350000001
v 0.109952331 -0.086663045 0.0320000015
v 0.122563981 -0.0676614419 0.0320000015
v 0.125670627 -0.0682341307 0.0350000001
v 0.131923199 -0.0468643457 0.0320000015
v 0.135406464 -0.0459792092 0.0350000001
v 0.137781665 -0.0248236321 0.0320000015
v 0.141235098 -0.0223975219 0.0350000001
v 0.13330166 -0.0209681839 0.0350000001
v 0.132769734 -0.0239206459 0.0320000015
v 0.132723868 -0.0207692292 0.0350000001
v 0.13132523 -0.0234232396 0.0320000015
v 0.130098358 -0.0225128699 0.0320000015
v 0.131875247 -0.0199097339 0.0350000001
v 0.129203647 -0.0212745238 0.0320000015
v 0.131683618 -0.0193294454 0.0350000001
v 0.12872465 -0.0198238064 0.0320000015
v 0.128706053 -0.0182961747 0.0320000015
v 0.131676197 -0.0187184028 0.0350000001
v 0.132680893 0.0092076296 0.0350000001
v 0.129688084 0.0089999456 0.0320000015
v 0.124945112 0.0358987711 0.0320000015
v 0.127828449 0.0367271937 0.0350000001
v 0.114686467 0.0612128489 0.0320000015
v 0.117333077 0.0626254529 0.0350000001
v 0.117131077 0.0632021949 0.0350000001
v 0.114181459 0.0626547039 0.0320000015
v 0.117112659 0.0638130158 0.0350000001
v 0.114135399 0.0641817525 0.0320000015
v 0.11455261 0.0656514391 0.0320000015
v 0.117279537 0.0644008815 0.0350000001
v 0.117616154 0.0649109185 0.0350000001
v 0.11539413 0.0669265166 0.0320000015
v 0.116581403 0.0678879842 0.0320000015
v 0.118091047 0.0652955025 0.0350000001
v 0.120982237 0.0704506859 0.0320000015
v 0.125057161 0.0693520308 0.0350000001
v 0.11151465 0.0895180553 0.0350000001
v 0.107938714 0.0891584754 0.0320000015
v 0.094754301 0.107100993 0.0350000001
v 0.0920308977 0.105500311 0.0320000015
v 0.0752597675 0.121593446 0.0350000001
v 0.0736808926 0.119042538 0.0320000015
v 0.0726848617 0.122622065 0.0350000001
v 0.0720715821 0.119685426 0.0320000015
v 0.0699134991 0.12270996 0.0350000001
v 0.0703394562 0.119740352 0.0320000015
v 0.0672785789 0.121846572 0.0350000001
v 0.0686926544 0.119200729 0.0320000015
v 0.065096654 0.12013559 0.0350000001
v 0.0673289448 0.118131377 0.0320000015
v 0.0636298209 0.117782593 0.0350000001
v 0.0664121807 0.116660751 0.0320000015
v 0.0630543008 0.115070216 0.0350000001
v 0.0660524666 0.114965513 0.0320000015
v 0.0629737079 0.11276219 0.0350000001
v 0.0659718812 0.112657495 0.0320000015
v 0.066211313 0.110944822 0.0320000015
v 0.0633568019 0.110021897 0.0350000001
v 0.0670198798 0.10941612 0.0320000015
v 0.0646505058 0.107575983 0.0350000001
v 0.0683008209 0.108254306 0.0320000015
v 0.0667000264 0.1057171 0.0350000001
v 0.0746643022 0.100250892 0.0350000001
v 0.0764562413 0.102656923 0.0320000015
v 0.0841550678 0.0964464843 0.0320000015
v 0.0821826831 0.0941860154 0.0350000001
v 0.0913513452 0.0896600857 0.0320000015
v 0.0892103016 0.0875586793 0.0350000001
v 0.0895847902 0.0870256945 0.0350000001
v 0.0922875404 0.0883276612 0.0320000015
v 0.0897681341 0.0864006281 0.0350000001
v 0.0927459151 0.0867650509 0.0320000015
v 0.0926778615 0.0851380229 0.0320000015
v 0.0897408947 0.0857497975 0.0350000001
v 0.0920905545 0.083619155 0.0320000015
v 0.0895059481 0.0851422474 0.0350000001
v 0.0910463408 0.0823695809 0.0320000015
v 0.0890882388 0.0846424177 0.0350000001
v 0.089655973 0.081521824 0.0320000015
v 0.0885320529 0.0843033269 0.0350000001
v 0.0804347619 0.0777962208 0.0320000015
v 0.0793109387 0.0805777609 0.0350000001
v 0.0782420114 0.0803312957 0.0350000001
v 0.0783754364 0.0773337558 0.0320000015
v 0.0771493092 0.080427818 0.0350000001
v 0.0762765184 0.0775555149 0.0320000015
v 0.076140143 0.0808578283 0.0350000001
v 0.0743592978 0.078438051 0.0320000015
v 0.075313665 0.0815791115 0.0350000001
v 0.0728259161 0.0798883438 0.0320000015
v 0.0747510344 0.0825207978 0.0350000001
v 0.0718380362 0.08175347 0.0320000015
v 0.0745075345 0.0835903883 0.0350000001
v 0.0714998245 0.0838368014 0.0320000015
v 0.0746070892 0.0846828371 0.0350000001
v 0.0739832744 0.0863848254 0.0337359384
v 0.0718469396 0.0859186649 0.0320000015
v 0.067651473 0.0929961205 0.0350000001
v 0.0757634938 0.0865152851 0.0350000001
v 0.0645024702 0.0915610865 0.0320000015
v 0.0589879826 0.0987188965 0.0350000001
v 0.0567169189 0.096577391 0.0320000015
v 0.0498436578 0.103636913 0.0350000076
v 0.0485435203 0.100933284 0.032000009
v 0.0473479219 0.101738945 0.0320000015
v 0.0493654758 0.103959203 0.0350000001
v 0.0464319177 0.102852263 0.0320000015
v 0.048999127 0.104404517 0.0350000001
v 0.0458716564 0.104180679 0.0320000015
v 0.0487750471 0.104935832 0.0350000001
v 0.0457137153 0.105613716 0.0320000015
v 0.048711881 0.105509013 0.0350000001
v 0.0462311506 0.120431229 0.0320000015
v 0.0493033603 0.122446626 0.0350000001
v 0.0846329778 -0.0973563641 0.0320000015
v 0.0846329778 -0.0973563641 0.0180000104
v 0.0790788531 -0.0836094171 0.0320000015
v 0.0790788531 -0.0836094171 0.0179999992
v 0.0787371397 -0.0822087824 0.0320000015
v 0.0787371397 -0.082208775 0.0179999992
v 0.0788092837 -0.0807688609 0.0320000015
v 0.0788092837 -0.0807688534 0.0179999992
v 0.079289265 -0.0794094056 0.0320000015
v 0.0792892799 -0.0794093758 0.0179999992
v 0.0801372007 -0.0782434046 0.032000009
v 0.080137223 -0.0782433748 0.0179999992
v 0.0863278732 -0.0713547319 0.0320000015
v 0.0863278955 -0.0713547245 0.0179999992
v 0.0919282287 -0.0639781281 0.0320000015
v 0.0919282287 -0.0639781207 0.0179999992
v 0.0968999565 -0.05616403 0.0320000015
v 0.0968999565 -0.05616403 0.0179999992
v 0.0958617404 -0.0543264411 0.0179999992
v 0.0958617404 -0.0543264411 0.0320000015
v 0.0954670087 -0.0522530861 0.0320000015
v 0.0954670087 -0.0522530861 0.0179999992
v 0.0957574025 -0.0501625575 0.0320000015
v 0.0957574025 -0.0501625575 0.0179999992
v 0.0967022777 -0.0482752807 0.0320000015
v 0.0967022777 -0.0482752807 0.0179999992
v 0.0982020274 -0.0467902273 0.0320000015
v 0.0982020274 -0.0467902273 0.0179999992
v 0.100098528 -0.0458639935 0.0320000015
v 0.100098528 -0.0458639935 0.0179999992
v 0.102191821 -0.0455942154 0.0320000015
v 0.102191821 -0.0455942154 0.0179999992
v 0.112131163 -0.0459413081 0.0179999992
v 0.112131163 -0.0459413081 0.0320000015
v 0.113727637 -0.0462624058 0.0179999992
v 0.113727637 -0.0462624058 0.0320000015
v 0.115136258 -0.0470794849 0.0179999992
v 0.115136258 -0.0470794849 0.0320000015
v 0.116207607 -0.048305884 0.0179999992
v 0.116207607 -0.048305884 0.0320000015
v 0.116828047 -0.0498114973 0.0179999992
v 0.116828047 -0.0498114973 0.0320000015
v 0.116931759 -0.051436644 0.0179999992
v 0.116931759 -0.051436644 0.0320000015
v 0.116507746 -0.0530089289 0.0179999992
v 0.116507746 -0.0530089289 0.0320000015
v 0.112066545 -0.0618473142 0.0320000015
v 0.112066545 -0.0618473142 0.0179999992
v 0.106956095 -0.0703163743 0.0320000015
v 0.106956095 -0.0703163743 0.0179999992
v 0.101206936 -0.0783655196 0.0320000015
v 0.101206936 -0.0783655196 0.0179999992
v 0.100400597 -0.0798953772 0.0320000015
v 0.100400597 -0.0798953772 0.0179999992
v 0.100163646 -0.0816084072 0.0320000015
v 0.100163646 -0.0816084072 0.0179999992
v 0.100524426 -0.0832997113 0.0320000015
v 0.100524426 -0.0832997113 0.0179999992
v 0.10138955 -0.085440971 0.0320000015
v 0.10138955 -0.085440971 0.0179999992
v 0.102307357 -0.0869109482 0.0320000015
v 0.102307357 -0.0869109482 0.0179999992
v 0.103671826 -0.0879793242 0.0320000015
v 0.103671826 -0.0879793242 0.0179999992
v 0.105319023 -0.0885177851 0.0320000015
v 0.105319023 -0.0885177851 0.0179999992
v 0.107051097 -0.0884616151 0.0320000015
v 0.107051097 -0.0884616151 0.0179999992
v 0.108659953 -0.0878175795 0.0320000015
v 0.108659953 -0.0878175795 0.0179999992
v 0.109952331 -0.086663045 0.0179999992
v 0.109952331 -0.086663045 0.0320000015
v 0.122563981 -0.0676614419 0.0320000015
v 0.122563981 -0.0676614419 0.0179999992
v 0.131923199 -0.0468643457 0.0320000015
v 0.131923199 -0.0468643457 0.0179999992
v 0.137781665 -0.0248236321 0.0320000015
v 0.137781665 -0.0248236321 0.0179999992
v 0.132769734 -0.0239206459 0.0179999992
v 0.132769734 -0.0239206459 0.0320000015
v 0.13132523 -0.0234232396 0.0320000015
v 0.13132523 -0.0234232396 0.0179999992
v 0.130098358 -0.0225128699 0.0320000015
v 0.130098358 -0.0225128699 0.0179999992
v 0.129203647 -0.0212745238 0.0320000015
v 0.129203647 -0.0212745238 0.0179999992
v 0.12872465 -0.0198238064 0.0320000015
v 0.12872465 -0.0198238064 0.0179999992
v 0.128706053 -0.0182961747 0.0320000015
v 0.128706053 -0.0182961747 0.0179999992
v 0.129688084 0.0089999456 0.0179999992
v 0.129688084 0.0089999456 0.0320000015
v 0.124945112 0.0358987711 0.0320000015
v 0.124945112 0.0358987711 0.0179999992
v 0.114686467 0.0612128489 0.0320000015
v 0.114686467 0.0612128489 0.0179999992
v 0.114181459 0.0626547039 0.0320000015
v 0.114181459 0.0626547039 0.0179999992
v 0.114135399 0.0641817525 0.0320000015
v 0.114135399 0.0641817525 0.0179999992
v 0.11455261 0.0656514391 0.0320000015
v 0.11455261 0.0656514391 0.0179999992
v 0.11539413 0.0669265166 0.0320000015
v 0.11539413 0.0669265166 0.0179999992
v 0.116581403 0.0678879842 0.0320000015
v 0.116581403 0.0678879842 0.0179999992
v 0.120982237 0.0704506859 0.0320000015
v 0.120982237 0.0704506859 0.0179999992
v 0.107938714 0.0891584754 0.0179999992
v 0.107938714 0.0891584754 0.0320000015
v 0.0920308977 0.105500311 0.0179999992
v 0.0920308977 0.105500311 0.0320000015
v 0.0736808926 0.119042538 0.0179999992
v 0.0736808926 0.119042538 0.0320000015
v 0.0720715821 0.119685426 0.0320000015
v 0.0720715821 0.119685426 0.0179999992
v 0.0703394562 0.119740352 0.0320000015
v 0.0703394562 0.119740352 0.0179999992
v 0.0686926544 0.119200729 0.0320000015
v 0.0686926544 0.119200729 0.0179999992
v 0.0673289448 0.118131377 0.0320000015
v 0.0673289448 0.118131377 0.0179999992
v 0.0664121807 0.116660751 0.0320000015
v 0.0664121807 0.116660751 0.0179999992
v 0.0660524666 0.114965513 0.0320000015
v 0.0660524666 0.114965513 0.0179999992
v 0.0659718812 0.112657495 0.0320000015
v 0.0659718812 0.112657495 0.0179999992
v 0.066211313 0.110944822 0.0320000015
v 0.066211313 0.110944822 0.0179999992
v 0.0670198798 0.10941612 0.0320000015
v 0.0670198798 0.10941612 0.0179999992
v 0.0683008209 0.108254306 0.0320000015
v 0.0683008209 0.108254306 0.0179999992
v 0.0764562413 0.102656923 0.0320000015
v 0.0764562413 0.102656923 0.0179999992
v 0.0841550678 0.0964464843 0.0320000015
v 0.0841550678 0.0964464843 0.0179999992
v 0.0913513452 0.0896600857 0.0320000015
v 0.0913513452 0.0896600857 0.0179999992
v 0.0922875404 0.0883276612 0.0179999992
v 0.0922875404 0.0883276612 0.0320000015
v 0.0927459151 0.0867650509 0.0179999992
v 0.0927459151 0.0867650509 0.0320000015
v 0.0926778615 0.0851380229 0.0179999992
v 0.0926778615 0.0851380229 0.0320000015
v 0.0920905545 0.083619155 0.0179999992
v 0.0920905545 0.083619155 0.0320000015
v 0.0910463408 0.0823695809 0.0179999992
v 0.0910463408 0.0823695809 0.0320000015
v 0.089655973 0.081521824 0.0179999992
v 0.089655973 0.081521824 0.0320000015
v 0.0804347619 0.0777962208 0.0320000015
v 0.0804347619 0.0777962208 0.0179999992
v 0.0783754364 0.0773337558 0.0320000015
v 0.0783754364 0.0773337558 0.0179999992
v 0.0762765184 0.0775555149 0.0320000015
v 0.0762765184 0.0775555149 0.0179999992
v 0.0743592978 0.078438051 0.0320000015
v 0.0743592978 0.078438051 0.0179999992
v 0.0728259161 0.0798883438 0.0320000015
v 0.0728259161 0.0798883438 0.0179999992
v 0.0718380362 0.08175347 0.0320000015
v 0.0718380362 0.08175347 0.0179999992
v 0.0714998245 0.0838368014 0.0320000015
v 0.0714998245 0.0838368014 0.0179999992
v 0.0718469396 0.0859186649 0.0179999992
v 0.0718469396 0.0859186649 0.0320000015
v 0.0645024776 0.091561079 0.0179999992
v 0.0645024702 0.0915610865 0.0320000015
v 0.0567169264 0.0965773836 0.0179999992
v 0.0567169189 0.096577391 0.0320000015
v 0.0485435463 0.100933261 0.0179999992
v 0.0485435203 0.100933284 0.032000009
v 0.0473479442 0.101738937 0.0179999992
v 0.0473479219 0.101738945 0.0320000015
v 0.0464319251 0.102852248 0.0179999992
v 0.0464319177 0.102852263 0.0320000015
v 0.0458716564 0.104180664 0.0179999992
v 0.0458716564 0.104180679 0.0320000015
v 0.0457137153 0.105613716 0.0179999992
v 0.0457137153 0.105613716 0.0320000015
v 0.0462311506 0.120431222 0.0180000104
v 0.0462311506 0.120431229 0.0320000015
v 0.0882092193 -0.0981994644 0.0350000001
v 0.0997848883 -0.107575223 0.0350000001
v 0.0854694471 -0.10059312 0.0350000001
v 0.102259636 -0.0906261578 0.0350000001
v 0.100076504 -0.0889167562 0.0350000001
v 0.0986079946 -0.0865647867 0.0350000001
v 0.0977428705 -0.0844235197 0.0350000001
v 0.0818604156 -0.0824856013 0.0350000001
v 0.104895167 -0.0914876908 0.0350000001
v 0.0971656218 -0.0817174539 0.0350000001
v 0.10549318 -0.106635779 0.0350000001
v 0.107666455 -0.0913978294 0.0350000001
v 0.110240646 -0.0903673694 0.0350000001
v 0.101252623 -0.108028546 0.0350000001
v 0.11230845 -0.0885201171 0.0350000001
v 0.104248129 -0.107535549 0.0350000001
v 0.102788694 -0.108014889 0.0350000001
v 0.133802295 -0.0678007752 0.0350000001
v 0.125670627 -0.0682341307 0.0350000001
v 0.135406464 -0.0459792092 0.0350000001
v 0.148376971 -0.0220062211 0.0350000001
v 0.141235098 -0.0223975219 0.0350000001
v 0.132680893 0.0092076296 0.0350000001
v 0.147721156 0.026047226 0.0350000001
v 0.131676197 -0.0187184028 0.0350000001
v 0.127828449 0.0367271937 0.0350000001
v 0.13330166 -0.0209681839 0.0350000001
v 0.131683618 -0.0193294454 0.0350000001
v 0.131875247 -0.0199097339 0.0350000001
v 0.132723868 -0.0207692292 0.0350000001
v 0.131902203 0.0714269876 0.0350000001
v 0.125057161 0.0693520308 0.0350000001
v 0.117333077 0.0626254529 0.0350000001
v 0.11151465 0.0895180553 0.0350000001
v 0.118091047 0.0652955025 0.0350000001
v 0.102543809 0.109474972 0.0350000001
v 0.094754301 0.107100993 0.0350000001
v 0.0752597675 0.121593446 0.0350000001
v 0.117131077 0.0632021949 0.0350000001
v 0.117112659 0.0638130158 0.0350000001
v 0.117279537 0.0644008815 0.0350000001
v 0.117616154 0.0649109185 0.0350000001
v 0.0626595691 0.136285648 0.0350000001
v 0.0726848617 0.122622065 0.0350000001
v 0.0699134991 0.12270996 0.0350000001
v 0.0672785789 0.121846572 0.0350000001
v 0.0569742285 0.135216087 0.0350000001
v 0.0611818768 0.136705324 0.0350000001
v 0.0596465208 0.136656597 0.0350000001
v 0.0581983924 0.136144042 0.0350000001
v 0.065096654 0.12013559 0.0350000001
v 0.0493033603 0.122446626 0.0350000001
v 0.0459101386 0.123758875 0.0350000001
v 0.0636298209 0.117782593 0.0350000001
v 0.0630543008 0.115070216 0.0350000001
v 0.0629737079 0.11276219 0.0350000001
v 0.048711881 0.105509013 0.0350000001
v 0.0633568019 0.110021897 0.0350000001
v 0.0498436578 0.103636913 0.0350000076
v 0.0493654758 0.103959203 0.0350000001
v 0.048999127 0.104404517 0.0350000001
v 0.0487750471 0.104935832 0.0350000001
v 0.0589879826 0.0987188965 0.0350000001
v 0.0646505058 0.107575983 0.0350000001
v 0.0667000264 0.1057171 0.0350000001
v 0.067651473 0.0929961205 0.0350000001
v 0.0746643022 0.100250892 0.0350000001
v 0.0757634938 0.0865152851 0.0350000001
v 0.0821826831 0.0941860154 0.0350000001
v 0.0892103016 0.0875586793 0.0350000001
v 0.0885320529 0.0843033269 0.0350000001
v 0.0895847902 0.0870256945 0.0350000001
v 0.0897681341 0.0864006281 0.0350000001
v 0.0897408947 0.0857497975 0.0350000001
v 0.0895059481 0.0851422474 0.0350000001
v 0.0890882388 0.0846424177 0.0350000001
v 0.0793109387 0.0805777609 0.0350000001
v 0.0782420114 0.0803312957 0.0350000001
v 0.0747510344 0.0825207978 0.0350000001
v 0.0771493092 0.080427818 0.0350000001
v 0.076140143 0.0808578283 0.0350000001
v 0.075313665 0.0815791115 0.0350000001
v 0.0746070892 0.0846828371 0.0350000001
v 0.0745075345 0.0835903883 0.0350000001
v 0.0750399232 0.0856908038 0.0350000001
v 0.0825193003 -0.0991542414 0.0320000015
v 0.0846329778 -0.0973563641 0.0320000015
v 0.0882092193 -0.0981994644 0.0350000001
v 0.0854694471 -0.10059312 0.0350000001
v 0.0825193003 -0.0991542414 0.0659999996
v 0.0825193003 -0.0991542414 0.0320000015
v 0.0854694471 -0.10059312 0.0350000001
v 0.0997848883 -0.107575223 0.0419999957
v 0.0997848883 -0.107575223 0.0350000001
v 0.101252623 -0.108028546 0.0350000001
v 0.10125263 -0.108028546 0.0419999957
v 0.102788694 -0.108014889 0.0350000001
v 0.102788724 -0.108014889 0.0419999957
v 0.104248129 -0.107535549 0.0350000001
v 0.104248166 -0.107535519 0.0419999957
v 0.10549318 -0.106635779 0.0350000001
v 0.10549324 -0.106635757 0.0420000218
v 0.133802325 -0.0678007379 0.0419999957
v 0.133802295 -0.0678007752 0.0350000001
v 0.148376971 -0.0220062211 0.0350000001
v 0.148376971 -0.0220061988 0.0419999957
v 0.147721156 0.026047226 0.0350000001
v 0.147721156 0.026047226 0.0419999957
v 0.131902203 0.0714269802 0.0419999957
v 0.131902203 0.0714269876 0.0350000001
v 0.102543831 0.10947495 0.0419999957
v 0.102543809 0.109474972 0.0350000001
v 0.0626595691 0.136285648 0.0350000001
v 0.0626596361 0.136285648 0.0420000218
v 0.0611819141 0.136705324 0.0419999957
v 0.0611818768 0.136705324 0.0350000001
v 0.0596465394 0.136656612 0.0419999957
v 0.0596465208 0.136656597 0.0350000001
v 0.0581984036 0.136144057 0.0419999957
v 0.0581983924 0.136144042 0.0350000001
v 0.0569742285 0.135216087 0.0419999957
v 0.0569742285 0.135216087 0.0350000001
v 0.0491564497 -0.12250568 0.0149999997
v 0.0292635821 -0.12563695 0.0179999992
v 0.0270593017 -0.129196733 0.0149999997
v 0.049174808 -0.119259536 0.0179999992
v 0.0697497725 -0.112066798 0.0149999997
v 0.0677943081 -0.109749399 0.0179999992
v 0.0846329778 -0.0973563641 0.0180000104
v 0.0882092193 -0.0981994644 0.0149999997
v 0.0818604156 -0.0824856013 0.0149999997
v 0.0790788531 -0.0836094171 0.0179999992
v 0.0817237198 -0.08192534 0.0149999997
v 0.0787371397 -0.082208775 0.0179999992
v 0.0817525834 -0.0813493729 0.0149999997
v 0.0788092837 -0.0807688534 0.0179999992
v 0.0819445774 -0.0808055773 0.0149999997
v 0.0792892799 -0.0794093758 0.0179999992
v 0.0822837502 -0.0803391784 0.0149999997
v 0.080137223 -0.0782433748 0.0179999992
v 0.0863278955 -0.0713547245 0.0179999992
v 0.0891945064 -0.0725902319 0.0149999997
v 0.0919282287 -0.0639781207 0.0179999992
v 0.0953781679 -0.0642495528 0.0149999997
v 0.0968999565 -0.05616403 0.0179999992
v 0.0990841165 -0.0558678918 0.0162507892
v 0.100784354 -0.0553851314 0.0149999997
v 0.0998224318 -0.0548578426 0.0149999997
v 0.0990709737 -0.0540587083 0.0149999997
v 0.0958617404 -0.0543264411 0.0179999992
v 0.0986037776 -0.0530662052 0.0149999997
v 0.0954670087 -0.0522530861 0.0179999992
v 0.0984667763 -0.0519778319 0.0149999997
v 0.0957574025 -0.0501625575 0.0179999992
v 0.0986733884 -0.0509004965 0.0149999997
v 0.0967022777 -0.0482752807 0.0179999992
v 0.0992033333 -0.0499400422 0.0149999997
v 0.0982020274 -0.0467902273 0.0179999992
v 0.100004569 -0.0491908081 0.0149999997
v 0.100098528 -0.0458639935 0.0179999992
v 0.100998372 -0.0487263873 0.0149999997
v 0.102191821 -0.0455942154 0.0179999992
v 0.10208711 -0.0485923961 0.0149999997
v 0.112026334 -0.0489394814 0.0149999997
v 0.112131163 -0.0459413081 0.0179999992
v 0.112664968 -0.0490678884 0.0149999997
v 0.113727637 -0.0462624058 0.0179999992
v 0.11322844 -0.0493947007 0.0149999997
v 0.115136258 -0.0470794849 0.0179999992
v 0.113657013 -0.0498852655 0.0149999997
v 0.116207607 -0.048305884 0.0179999992
v 0.113905206 -0.050487522 0.0149999997
v 0.116828047 -0.0498114973 0.0179999992
v 0.116931759 -0.051436644 0.0179999992
v 0.113946699 -0.0511376001 0.0149999997
v 0.116507746 -0.0530089289 0.0179999992
v 0.113777094 -0.0517665297 0.0149999997
v 0.112066545 -0.0618473142 0.0179999992
v 0.109439984 -0.0603977665 0.0149999997
v 0.106956095 -0.0703163743 0.0179999992
v 0.104449317 -0.0686683357 0.0149999997
v 0.101206936 -0.0783655196 0.0179999992
v 0.098834902 -0.0765288249 0.0149999997
v 0.100400597 -0.0798953772 0.0179999992
v 0.0975447446 -0.0789765939 0.0149999997
v 0.100163646 -0.0816084072 0.0179999992
v 0.0971656218 -0.0817174539 0.0149999997
v 0.100524426 -0.0832997113 0.0179999992
v 0.0977428705 -0.0844235197 0.0149999997
v 0.10138955 -0.085440971 0.0179999992
v 0.0986079946 -0.0865647867 0.0149999997
v 0.102307357 -0.0869109482 0.0179999992
v 0.100076504 -0.0889167562 0.0149999997
v 0.103671826 -0.0879793242 0.0179999992
v 0.102259636 -0.0906261578 0.0149999997
v 0.105319023 -0.0885177851 0.0179999992
v 0.104895167 -0.0914876908 0.0149999997
v 0.107051097 -0.0884616151 0.0179999992
v 0.107666455 -0.0913978294 0.0149999997
v 0.108659953 -0.0878175795 0.0179999992
v 0.110240646 -0.0903673694 0.0149999997
v 0.109952331 -0.086663045 0.0179999992
v 0.11230845 -0.0885201171 0.0149999997
v 0.122563981 -0.0676614419 0.0179999992
v 0.125670627 -0.0682341307 0.0149999997
v 0.131923199 -0.0468643457 0.0179999992
v 0.135406464 -0.0459792092 0.0149999997
v 0.137781665 -0.0248236321 0.0179999992
v 0.141235098 -0.0223975219 0.0149999997
v 0.132769734 -0.0239206459 0.0179999992
v 0.132723868 -0.0207692292 0.0149999997
v 0.13132523 -0.0234232396 0.0179999992
v 0.132233128 -0.0204050746 0.0149999997
v 0.130098358 -0.0225128699 0.0179999992
v 0.129203647 -0.0212745238 0.0179999992
v 0.131875247 -0.0199097339 0.0149999997
v 0.131683618 -0.0193294454 0.0149999997
v 0.12872465 -0.0198238064 0.0179999992
v 0.128706053 -0.0182961747 0.0179999992
v 0.132680893 0.0092076296 0.0149999997
v 0.129688084 0.0089999456 0.0179999992
v 0.127828449 0.0367271937 0.0149999997
v 0.124945112 0.0358987711 0.0179999992
v 0.117333077 0.0626254529 0.0149999997
v 0.114686467 0.0612128489 0.0179999992
v 0.117131077 0.0632021949 0.0149999997
v 0.114181459 0.0626547039 0.0179999992
v 0.117112659 0.0638130158 0.0149999997
v 0.114135399 0.0641817525 0.0179999992
v 0.117279537 0.0644008815 0.0149999997
v 0.11455261 0.0656514391 0.0179999992
v 0.11539413 0.0669265166 0.0179999992
v 0.117616154 0.0649109185 0.0149999997
v 0.116581403 0.0678879842 0.0179999992
v 0.118091047 0.0652955025 0.0149999997
v 0.120982237 0.0704506859 0.0179999992
v 0.125057161 0.0693520308 0.0149999997
v 0.11151465 0.0895180553 0.0149999997
v 0.107938714 0.0891584754 0.0179999992
v 0.094754301 0.107100993 0.0149999997
v 0.0920308977 0.105500311 0.0179999992
v 0.0752597675 0.121593446 0.0149999997
v 0.0736808926 0.119042538 0.0179999992
v 0.0720715821 0.119685426 0.0179999992
v 0.0726848617 0.122622065 0.0149999997
v 0.0703394562 0.119740352 0.0179999992
v 0.0699134991 0.12270996 0.0149999997
v 0.0686926544 0.119200729 0.0179999992
v 0.0672785789 0.121846572 0.0149999997
v 0.0673289448 0.118131377 0.0179999992
v 0.065096654 0.12013559 0.0149999997
v 0.0664121807 0.116660751 0.0179999992
v 0.0636298209 0.117782593 0.0149999997
v 0.0660524666 0.114965513 0.0179999992
v 0.0630543008 0.115070216 0.0149999997
v 0.0659718812 0.112657495 0.0179999992
v 0.0629737079 0.11276219 0.0149999997
v 0.0633568019 0.110021897 0.0149999997
v 0.066211313 0.110944822 0.0179999992
v 0.0670198798 0.10941612 0.0179999992
v 0.0646505058 0.107575983 0.0149999997
v 0.0683008209 0.108254306 0.0179999992
v 0.0667000264 0.1057171 0.0149999997
v 0.0764562413 0.102656923 0.0179999992
v 0.0746643022 0.100250892 0.0149999997
v 0.0841550678 0.0964464843 0.0179999992
v 0.0821826831 0.0941860154 0.0149999997
v 0.0892103016 0.0875586793 0.0149999997
v 0.0913513452 0.0896600857 0.0179999992
v 0.0895847902 0.0870256945 0.0149999997
v 0.0922875404 0.0883276612 0.0179999992
v 0.0897681341 0.0864006281 0.0149999997
v 0.0927459151 0.0867650509 0.0179999992
v 0.0926778615 0.0851380229 0.0179999992
v 0.0897408947 0.0857497975 0.0149999997
v 0.0920905545 0.083619155 0.0179999992
v 0.0895059481 0.0851422474 0.0149999997
v 0.0910463408 0.0823695809 0.0179999992
v 0.0890882388 0.0846424177 0.0149999997
v 0.089655973 0.081521824 0.0179999992
v 0.0885320529 0.0843033269 0.0149999997
v 0.0793109387 0.0805777609 0.0149999997
v 0.0804347619 0.0777962208 0.0179999992
v 0.0782420114 0.0803312957 0.0149999997
v 0.0783754364 0.0773337558 0.0179999992
v 0.0771493092 0.080427818 0.0149999997
v 0.0762765184 0.0775555149 0.0179999992
v 0.076140143 0.0808578283 0.0149999997
v 0.0743592978 0.078438051 0.0179999992
v 0.075313665 0.0815791115 0.0149999997
v 0.0728259161 0.0798883438 0.0179999992
v 0.0747510344 0.0825207978 0.0149999997
v 0.0718380362 0.08175347 0.0179999992
v 0.0745075345 0.0835903883 0.0149999997
v 0.0714998245 0.0838368014 0.0179999992
v 0.0746070892 0.0846828371 0.0149999997
v 0.073976621 0.0863838568 0.0162691288
v 0.0750399232 0.0856908038 0.0149999997
v 0.0757634938 0.0865152851 0.0149999997
v 0.0718469396 0.0859186649 0.0179999992
v 0.0676515326 0.0929960832 0.0149999997
v 0.0645024776 0.091561079 0.0179999992
v 0.0589880943 0.0987188146 0.0149999997
v 0.0567169264 0.0965773836 0.0179999992
v 0.0498438142 0.103636831 0.0149999997
v 0.0485435463 0.100933261 0.0179999992
v 0.0473479442 0.101738937 0.0179999992
v 0.0493655726 0.103959098 0.0149999997
v 0.0464319251 0.102852248 0.0179999992
v 0.0489991643 0.104404435 0.0149999997
v 0.0458716564 0.104180664 0.0179999992
v 0.048775062 0.104935803 0.0149999997
v 0.0457137153 0.105613716 0.0179999992
v 0.048711881 0.105509013 0.0149999997
v 0.0462311506 0.120431222 0.0180000104
v 0.0493033603 0.122446626 0.0149999997
v 0.0272142366 0.129164174 0.0149999997
v 0.0261693038 0.126317725 0.0179999992
v 0.00542004639 0.128886089 0.0179999992
v 0.00429254398 0.131930187 0.0149999997
v -0.0154715944 0.128068849 0.0179999992
v -0.0187604707 0.130660027 0.0149999997
v 0.0459651649 -0.127996877 0.0149999997
v 0.0280276556 -0.133080617 0.0149999997
v 0.0316830762 -0.135340989 0.0179999992
v 0.0483669788 -0.13031362 0.0179999992
v 0.0630388409 -0.120507695 0.0149999997
v 0.0642908067 -0.123238362 0.0179999992
v 0.0792042986 -0.114226431 0.0179999992
v 0.0789278075 -0.110753775 0.0149999997
v 0.0316830762 -0.135340989 0.0179999992
v 0.0280276556 -0.133080617 0.0149999997
v 0.0314166434 -0.146673098 0.0149999997
v 0.0334274992 -0.146227911 0.0170588195
v 0.0336271413 -0.13487111 0.0199999996
v 0.037006937 -0.148426697 0.0199999996
v 0.0140331555 -0.155367523 -0.00499999989
v 0.0566027574 -0.148568124 -0.00499999989
v 0.0582748502 -0.144706741 -0.00499999989
v 0.0301442947 -0.164256901 -0.00499999989
v 0.0103723509 -0.166677564 -0.00499999989
v -0.031402763 -0.152806625 -0.00499999989
v -0.0563703515 -0.154876292 -0.00499999989
v -0.0741663128 -0.137241974 -0.00499999989
v -0.11508397 -0.121015213 -0.00499999989
v 0.0494873524 -0.159499213 -0.00499999989
v 0.0604184233 -0.149944082 -0.00499999989
v 0.0642600879 -0.151245639 -0.00499999989
v 0.0681263134 -0.152472302 -0.00499999989
v -0.110618353 -0.109998092 -0.00499999989
v -0.12867415 -0.10645169 -0.00499999989
v -0.138857976 -0.0774262398 -0.00499999989
v -0.137656823 -0.0733934417 -0.00499999989
v -0.140433639 -0.0903736353 -0.00499999989
v -0.142665386 -0.0760276169 -0.00499999989
v -0.146444917 -0.0745552927 -0.00499999989
v -0.150195092 -0.0730097964 -0.00499999989
v -0.00501502492 -0.152917787 -0.00200000009
v 0.0140331555 -0.155367523 -0.00499999989
v 0.0159928575 -0.152161837 -0.00200000009
v -0.031402763 -0.152806625 -0.00499999989
v -0.025928244 -0.150787026 -0.00200000009
v -0.0463519953 -0.145809785 -0.00200000009
v -0.0741663128 -0.137241974 -0.00499999989
v 0.0159928575 -0.152161837 0.0540000014
v 0.0159897786 -0.152132601 0.0199999996
v 0.0145294536 -0.138238534 0.0540000014
v 0.0145294536 -0.138238534 0.0199999996
v 0.0159928575 -0.152161837 -0.00200000009
v 0.0159897786 -0.152132601 -0.00197059009
v 0.0159928575 -0.152161837 0.0540000014
v -0.00501502492 -0.152917787 -0.00200000009
v -0.00501502492 -0.152917787 0.0540000014
v -0.025928244 -0.150787026 -0.00200000009
v -0.025928244 -0.150787026 0.0540000014
v -0.0463519953 -0.145809785 0.0540000014
v -0.0463519953 -0.145809785 -0.00200000009
v -0.0462576412 -0.145712078 0.0179999992
v -0.0462576412 -0.145712078 -0.00187831989
v -0.0353599638 -0.134427205 0.0540000014
v -0.0353599638 -0.134427205 0.0179999992
v -0.0189242885 -0.137705728 0.0540000014
v -0.0182635915 -0.137794927 0.0179999992
v -0.00221350905 -0.13898237 0.0540000014
v -0.000880217529 -0.138997212 0.0179999992
v 0.0145294536 -0.138238534 0.0199999996
v 0.0145294536 -0.138238534 0.0540000014
v 0.0165169984 -0.138015181 0.0179999992
v -0.00221350905 -0.13898237 0.0540000014
v 0.0159928575 -0.152161837 0.0540000014
v 0.0145294536 -0.138238534 0.0540000014
v -0.00501502492 -0.152917787 0.0540000014
v -0.0189242885 -0.137705728 0.0540000014
v -0.025928244 -0.150787026 0.0540000014
v -0.0353599638 -0.134427205 0.0540000014
v -0.0463519953 -0.145809785 0.0540000014
v 0.0186013188 -0.148842186 0.00100000005
v 0.0186013188 -0.148842186 0.0170588195
v 0.0159897786 -0.152132601 0.0199999996
v 0.0159897786 -0.152132601 -0.00197059009
v 0.0186013188 -0.148842186 0.0170588195
v 0.0145294536 -0.138238534 0.0199999996
v 0.0159897786 -0.152132601 0.0199999996
v 0.0165169984 -0.138015181 0.0179999992
v 0.0206431616 -0.148572743 0.0149999997
v 0.0191788673 -0.134640902 0.0149999997
v 0.0186013188 -0.148842186 0.00100000005
v 0.0206431616 -0.148572743 0.0149999997
v 0.0186013188 -0.148842186 0.0170588195
v 0.0235716198 -0.148136348 0.00100000005
v 0.0242493749 -0.148026913 0.0149999997
v 0.0285155382 -0.147264615 0.00100000005
v 0.0278412327 -0.147393569 0.0149999997
v 0.0314166434 -0.146673098 0.0149999997
v 0.0334274992 -0.146227911 0.00100000005
v 0.0334274992 -0.146227911 0.0170588195
v 0.0165169984 -0.138015181 0.0179999992
v 0.0191788673 -0.134640902 0.0149999997
v 0.000584392517 -0.135998741 0.0149999997
v -0.000880217529 -0.138997212 0.0179999992
v -0.0180210751 -0.134800747 0.0149999997
v -0.0182635915 -0.137794927 0.0179999992
v -0.0353599638 -0.134427205 0.0179999992
v -0.0362878703 -0.131069407 0.0149999997
v -0.0470687374 -0.142423794 0.0151322996
v -0.047208108 -0.142377645 0.0149999997
v -0.0462576412 -0.145712078 0.0179999992
v -0.0470687374 -0.142423794 0.00100000005
v -0.047208108 -0.142377645 0.0149999997
v -0.0462576412 -0.145712078 -0.00187831989
v 0.0604184233 -0.149944082 -0.00499999989
v 0.0617786013 -0.146447003 -0.00999999978
v 0.0566027574 -0.148568124 -0.00499999989
v 0.0642600879 -0.151245639 -0.00499999989
v 0.0708500668 -0.149377793 -0.00999999978
v 0.0681263134 -0.152472302 -0.00499999989
v 0.0800479949 -0.151883647 -0.00999999978
v 0.0746415481 -0.165989876 0.00999999978
v 0.0999461263 -0.170923293 0.00999999978
v 0.0893524662 -0.1539592 -0.00999999978
v 0.0617786013 -0.146447003 -0.00999999978
v 0.0582748502 -0.144706741 -0.00499999989
v 0.0566027574 -0.148568124 -0.00499999989
v 0.0622742884 -0.145209894 -0.00999999978
v 0.0599012077 -0.140786514 -0.00499999989
v 0.0568808429 -0.142033681 -0.00200000009
v 0.0631825179 -0.144817024 -0.00999999978
v 0.0622742884 -0.145209894 -0.00999999978
v 0.0617786013 -0.146447003 -0.00999999978
v 0.0708500668 -0.149377793 -0.00999999978
v 0.0716731846 -0.147535875 -0.00999999978
v 0.0800479949 -0.151883647 -0.00999999978
v 0.0802750289 -0.149879307 -0.00999999978
v 0.0889714807 -0.151842788 -0.00999999978
v 0.0893524662 -0.1539592 -0.00999999978
v 0.105222464 -0.144133478 -0.00999999978
v 0.10462524 -0.142150939 -0.00999999978
v 0.0638001487 -0.170450971 0.0320000015
v 0.0700007752 -0.164744928 0.0350000001
v 0.0746415481 -0.165989876 0.0320000015
v 0.0606106594 -0.168426096 0.0350000001
v 0.0526940562 -0.174204856 0.0320000015
v 0.0510281175 -0.171572536 0.0350000001
v 0.0413693115 -0.177235961 0.0320000015
v 0.0412835591 -0.174174249 0.0350000001
v 0.0700007752 -0.164744928 0.0350000001
v 0.0606106594 -0.168426096 0.0350000001
v 0.0653957278 -0.163401186 0.0350000001
v 0.0608210601 -0.161957338 0.0350000001
v 0.0562789626 -0.160414085 0.0350000001
v 0.0510281175 -0.171572536 0.0350000001
v 0.042548731 -0.164589211 0.0350000001
v 0.0412835591 -0.174174249 0.0350000001
v 0.0285152812 -0.167591423 0.0350000001
v 0.0142786121 -0.169399276 0.0350000001
v 0.0562789626 -0.160414085 0.0399999991
v 0.0608210601 -0.161957338 0.0350000001
v 0.0562789626 -0.160414085 0.0350000001
v 0.0653957278 -0.163401186 0.0350000001
v 0.0705844089 -0.16490747 0.0399999991
v 0.0700007752 -0.164744928 0.0350000001
v 0.0851627067 -0.168415979 0.0399999991
v 0.0746415481 -0.165989876 0.0320000015
v 0.0999461263 -0.170923293 0.0399999991
v 0.0999461263 -0.170923293 0.0399999991
v 0.0999461263 -0.170923293 0.00999999978
v 0.0746415481 -0.165989876 0.00999999978
v 0.0562789626 -0.160414085 0.0399999991
v 0.0562789626 -0.160414085 0.0350000001
v 0.042548731 -0.164589211 0.0350000001
v 0.0285152812 -0.167591423 0.0350000001
v 0.0636725426 -0.157625526 0.0449999981
v 0.0750857592 -0.152519271 0.0659999996
v 0.0819108263 -0.14896515 0.0449999981
v 0.0989937633 -0.138203606 0.0449999981
v 0.11468038 -0.125492662 0.0659999996
v 0.11468038 -0.125492662 0.0449999981
v 0.116081692 -0.123717003 0.0659999996
v 0.116081692 -0.123717003 0.0449999981
v 0.116843581 -0.121587157 0.0659999996
v 0.116843581 -0.121587157 0.0449999981
v 0.116886489 -0.119325571 0.0449999981
v 0.116886489 -0.119325571 0.0659999996
v 0.116205946 -0.117168359 0.0449999981
v 0.116205946 -0.117168359 0.0659999996
v 0.114873007 -0.115340821 0.0449999981
v 0.114873007 -0.115340821 0.0659999996
v 0.113026842 -0.114033766 0.0449999981
v 0.113026842 -0.114033766 0.0659999996
v 0.10539785 -0.110312857 0.0449999981
v 0.103235364 -0.109258138 0.0433038101
v 0.101474561 -0.108399332 0.0423417278
v 0.0831941143 -0.105046384 0.0709999949
v 0.0825193003 -0.0991542414 0.0659999996
v 0.113026842 -0.114033766 0.0659999996
v 0.110834986 -0.118527725 0.0709999949
v 0.113974623 -0.118295826 0.0684999973
v 0.111362472 -0.118901186 0.0709999949
v 0.114873007 -0.115340821 0.0659999996
v 0.111743316 -0.11942333 0.0709999949
v 0.116205946 -0.117168359 0.0659999996
v 0.111937761 -0.120039679 0.0709999949
v 0.114384532 -0.121136501 0.0684999973
v 0.111925498 -0.120685853 0.0709999949
v 0.116886489 -0.119325571 0.0659999996
v 0.111707821 -0.121294364 0.0709999949
v 0.116843581 -0.121587157 0.0659999996
v 0.116081692 -0.123717003 0.0659999996
v 0.111307427 -0.121801697 0.0709999949
v 0.11468038 -0.125492662 0.0659999996
v 0.0728773475 -0.14803341 0.0709999949
v 0.0750857592 -0.152519271 0.0659999996
v 0.0295201875 -0.167417333 0.0659999996
v 0.0286519565 -0.162493289 0.0709999949
v -0.0183928646 -0.169002071 0.0659999996
v -0.0178518966 -0.164031431 0.0709999949
v -0.0629361421 -0.152525559 0.0709999949
v -0.064843297 -0.157147527 0.0659999847
v -0.0660551786 -0.152952895 0.0684999973
v -0.066767402 -0.155958205 0.0659999996
v -0.0634858832 -0.152185753 0.0709999949
v -0.0682117939 -0.154217422 0.0659999996
v -0.0638985634 -0.151688367 0.0709999949
v -0.0690256283 -0.152106881 0.0659999996
v -0.0666415468 -0.150143355 0.0684999973
v -0.0691239238 -0.149847016 0.0659999996
v -0.0641310886 -0.151085362 0.0709999949
v -0.068496421 -0.147673801 0.0659999996
v -0.0641591847 -0.150439695 0.0709999949
v -0.0639798939 -0.149818763 0.0709999949
v -0.0636119619 -0.149287447 0.0709999949
v -0.0672086477 -0.145814151 0.0659999996
v -0.0422489159 -0.127165362 0.0709999949
v -0.0436300449 -0.121397771 0.0659999996
v -0.0329400338 -0.124723509 0.0659999996
v -0.0313549973 -0.130279943 0.0709999949
v -0.0189895984 -0.117475085 0.0709999949
v -0.0225862022 -0.114001803 0.0659999996
v -0.0213064384 -0.113044314 0.0659999996
v -0.0197899304 -0.112539582 0.0659999996
v -0.0181916207 -0.112539165 0.0659999996
v 0.00748428795 -0.118764415 0.0709999949
v 0.00716985436 -0.113774307 0.0659999996
v 0.0335868932 -0.114161819 0.0709999949
v 0.0321756452 -0.109365121 0.0659999996
v 0.0555852018 -0.0995303243 0.0659999996
v 0.058023233 -0.103895642 0.0709999949
v 0.0570872575 -0.0989840776 0.0659999996
v 0.0586849377 -0.0989396721 0.0659999996
v 0.0602149963 -0.0994017199 0.0659999996
v 0.0736114606 -0.105935611 0.0659999996
v 0.0740224272 -0.111699067 0.0709999949
v 0.0831941143 -0.105046384 0.0709999949
v 0.0740224272 -0.111699067 0.0709999949
v 0.0736114606 -0.105935611 0.0659999996
v 0.0825193003 -0.0991542414 0.0659999996
v 0.120625809 -0.137019753 0.0399999991
v 0.11720562 -0.137019768 0.0399999991
v 0.118915707 -0.136718228 0.0399999991
v 0.122129649 -0.137887985 0.0399999991
v 0.114585578 -0.144218221 0.0399999991
v 0.123839751 -0.140849978 0.0399999991
v 0.123245828 -0.139218226 0.0399999991
v 0.113991655 -0.14258647 0.0399999991
v 0.11399167 -0.140849978 0.0399999991
v 0.114585571 -0.139218226 0.0399999991
v 0.115701765 -0.137888014 0.0399999991
v 0.115701765 -0.145548433 0.0399999991
v 0.117205605 -0.146416694 0.0399999991
v 0.123245835 -0.144218221 0.0399999991
v 0.123839736 -0.142586455 0.0399999991
v 0.118915699 -0.146718219 0.0399999991
v 0.122129656 -0.145548448 0.0399999991
v 0.120625809 -0.146416694 0.0399999991
v 0.128557533 -0.153208882 0.0399999991
v 0.0999461263 -0.170923293 0.0399999991
v 0.0988476127 -0.165722653 0.0449999981
v 0.125310078 -0.149338752 0.0449999981
v 0.146040246 -0.126123354 0.0449999981
v 0.150971115 -0.128108233 0.0399999991
v 0.0851627067 -0.168415979 0.0399999991
v 0.0988476127 -0.165722653 0.0449999981
v 0.0999461263 -0.170923293 0.0399999991
v 0.0869774297 -0.163682282 0.0449999981
v 0.0752401203 -0.160980433 0.0449999981
v 0.0705844089 -0.16490747 0.0399999991
v 0.0636725426 -0.157625526 0.0449999981
v 0.0562789626 -0.160414085 0.0399999991
v 0.128557533 -0.153208882 0.00999999978
v 0.0999461263 -0.170923293 0.00999999978
v 0.0999461263 -0.170923293 0.0399999991
v 0.128557533 -0.153208882 0.0399999991
v 0.150971115 -0.128108233 0.00999999978
v 0.150971115 -0.128108233 0.0399999991
v 0.109701641 -0.159002528 0.00499999989
v 0.105222464 -0.144133478 -0.00999999978
v 0.0893524662 -0.1539592 -0.00999999978
v 0.0999461263 -0.170923293 0.00999999978
v 0.128557533 -0.153208882 0.00999999978
v 0.125310078 -0.149338752 0.00499999989
v 0.137537435 -0.135645524 0.00499999989
v 0.150971115 -0.128108233 0.00999999978
v 0.13610433 -0.114729732 -0.00999999978
v 0.123672083 -0.128652424 -0.00999999978
v 0.123738304 -0.128685817 -0.00999999978
v 0.137585104 -0.135669574 0.00497992989
v 0.137585104 -0.135669574 0.00499999989
v 0.109701641 -0.159002528 0.00499999989
v 0.105243862 -0.144204497 -0.00999999978
v 0.105222464 -0.144133478 -0.00999999978
v 0.109717041 -0.159053653 0.00497992989
v 0.109717041 -0.159053653 0.00499999989
v 0.112313099 -0.15744634 0.000808939978
v 0.108204722 -0.143808171 -0.01294934
v 0.125343591 -0.149378672 0.00499999989
v 0.109717041 -0.159053653 0.00499999989
v 0.109701641 -0.159002528 0.00499999989
v 0.125310078 -0.149338752 0.00499999989
v 0.137537435 -0.135645524 0.00499999989
v 0.137585104 -0.135669574 0.00499999989
v 0.135551408 -0.137947083 0.000808939978
v 0.125343591 -0.149378672 0.000808939978
v 0.125343591 -0.149378672 0.00499999989
v 0.137585104 -0.135669574 0.00499999989
v 0.137585104 -0.135669574 0.00497992989
v 0.125343591 -0.149378672 0.00499999989
v 0.125343591 -0.149378672 0.000808939978
v 0.112313099 -0.15744634 0.000808939978
v 0.109717041 -0.159053653 0.00499999989
v 0.109717041 -0.159053653 0.00497992989
v 0.123738304 -0.128685817 -0.00999999978
v 0.135551408 -0.137947083 0.000808939978
v 0.137585104 -0.135669574 0.00497992989
v 0.122833848 -0.131532878 -0.01294934
v 0.122833848 -0.131532878 -0.01294934
v 0.123738304 -0.128685817 -0.00999999978
v 0.123672083 -0.128652424 -0.00999999978
v 0.121823378 -0.127719998 -0.00999999978
v 0.122752093 -0.13154839 -0.0129999993
v 0.101306111 -0.12073192 -0.0129999993
v 0.102657087 -0.118053317 -0.00999999978
v 0.101707503 -0.1177589 -0.00999999978
v 0.100713819 -0.117790975 -0.00999999978
v 0.0997852013 -0.118146032 -0.00999999978
v 0.0990236104 -0.118785083 -0.00999999978
v 0.0985126942 -0.119637944 -0.00999999978
v 0.0983085483 -0.120610952 -0.00999999978
v 0.0984336287 -0.121597238 -0.00999999978
v 0.10462524 -0.142150939 -0.00999999978
v 0.108234197 -0.143730357 -0.0129999993
v 0.108204722 -0.143808171 -0.01294934
v 0.105222464 -0.144133478 -0.00999999978
v 0.105243862 -0.144204497 -0.00999999978
v 0.122833848 -0.131532878 -0.01294934
v 0.125343591 -0.149378672 0.000808939978
v 0.135551408 -0.137947083 0.000808939978
v 0.11637485 -0.138690159 -0.0129999993
v 0.122752093 -0.13154839 -0.0129999993
v 0.108204722 -0.143808171 -0.01294934
v 0.112313099 -0.15744634 0.000808939978
v 0.108234197 -0.143730357 -0.0129999993
v 0.108234197 -0.143730357 -0.0129999993
v 0.11637485 -0.138690159 -0.0129999993
v 0.101306111 -0.12073192 -0.0129999993
v 0.122752093 -0.13154839 -0.0129999993
v 0.10462524 -0.142150939 -0.00999999978
v 0.0908884108 -0.147127479 -0.00499999989
v 0.0889714807 -0.151842788 -0.00999999978
v 0.103729419 -0.139177129 -0.00499999989
v 0.0984336287 -0.121597238 -0.00999999978
v 0.0984336287 -0.121597238 0.01619526
v 0.0991426855 -0.123951025 0.0179999992
v 0.103729419 -0.139177129 0.0249999985
v 0.100469254 -0.128354698 0.0249999985
v 0.0983103886 -0.120916381 0.0156373288
v 0.0983085483 -0.120610952 -0.00999999978
v 0.0983490571 -0.120226145 0.0149999997
v 0.0985126942 -0.119637944 -0.00999999978
v 0.0986462682 -0.119344406 0.0149999997
v 0.0990236104 -0.118785083 -0.00999999978
v 0.0991993621 -0.118596144 0.0149999997
v 0.0997852013 -0.118146032 -0.00999999978
v 0.0999551266 -0.118053347 0.0149999997
v 0.100713819 -0.117790975 -0.00999999978
v 0.100840859 -0.117768228 0.0149999997
v 0.101707503 -0.1177589 -0.00999999978
v 0.101771355 -0.117768221 0.0149999997
v 0.102657087 -0.118053317 -0.00999999978
v 0.102657087 -0.118053317 0.0149999997
v 0.107969046 -0.120732464 0.0149999997
v 0.119050287 -0.126321375 -0.00499999989
v 0.121823378 -0.127719998 -0.00999999978
v 0.10965652 -0.121583551 0.0167287793
v 0.11087314 -0.122197159 0.0179999992
v 0.119050287 -0.126321375 0.0249999985
v 0.11087314 -0.122197159 0.0249999985
v 0.0889714807 -0.151842788 -0.00999999978
v 0.0908884108 -0.147127479 -0.00499999989
v 0.0814592317 -0.145021498 -0.00499999989
v 0.0802750289 -0.149879307 -0.00999999978
v 0.0716731846 -0.147535875 -0.00999999978
v 0.0721440092 -0.142458051 -0.00499999989
v 0.0631825179 -0.144817024 -0.00999999978
v 0.0629649088 -0.139443249 -0.00499999989
v 0.0908884108 -0.147127479 -0.00499999989
v 0.103729419 -0.139177129 -0.00499999989
v 0.103729419 -0.139177129 0.0249999985
v 0.0908884108 -0.147127479 0.0249999985
v 0.0861543864 -0.146130547 0.0249999985
v 0.0908884108 -0.147127479 -0.00499999989
v 0.0908884108 -0.147127479 0.0249999985
v 0.0814592317 -0.145021498 -0.00499999989
v 0.0814461112 -0.14501822 0.0249999985
v 0.0767664313 -0.143791214 0.0249999985
v 0.0721440092 -0.142458051 -0.00499999989
v 0.0629649088 -0.139443249 -0.00499999989
v 0.0629649088 -0.139443249 0.0350000001
v 0.0928709134 -0.133955196 0.0249999985
v 0.103729419 -0.139177129 0.0249999985
v 0.100469254 -0.128354698 0.0249999985
v 0.0908884108 -0.147127479 0.0249999985
v 0.0849611387 -0.139106467 0.0249999985
v 0.0861543864 -0.146130547 0.0249999985
v 0.0814461112 -0.14501822 0.0249999985
v 0.0767664313 -0.143791214 0.0249999985
v 0.100469254 -0.128354698 0.0249999985
v 0.0991426855 -0.123951025 0.0179999992
v 0.0792042986 -0.114226431 0.0179999992
v 0.0934265032 -0.121163063 0.0350000001
v 0.0792042986 -0.114226431 0.0540000014
v 0.0934265032 -0.121163063 0.0540000014
v 0.0792042986 -0.114226431 0.0179999992
v 0.0991426855 -0.123951025 0.0179999992
v 0.0984336287 -0.121597238 0.01619526
v 0.0983103886 -0.120916381 0.0156373288
v 0.0983490571 -0.120226145 0.0149999997
v 0.0789278075 -0.110753775 0.0149999997
v 0.0934265032 -0.121163063 0.0350000001
v 0.0928709134 -0.133955196 0.0249999985
v 0.100469254 -0.128354698 0.0249999985
v 0.0837559998 -0.128038794 0.0350000001
v 0.0849611387 -0.139106467 0.0249999985
v 0.0735817254 -0.13414444 0.0350000001
v 0.0767664313 -0.143791214 0.0249999985
v 0.0629649088 -0.139443249 0.0350000001
v 0.0792042986 -0.114226431 0.0179999992
v 0.064881146 -0.12292859 0.0540000014
v 0.0792042986 -0.114226431 0.0540000014
v 0.0642908067 -0.123238362 0.0179999992
v 0.0496147871 -0.129843637 0.0540000014
v 0.0483669788 -0.13031362 0.0179999992
v 0.0336271413 -0.13487111 0.0199999996
v 0.0336271413 -0.13487111 0.0540000014
v 0.0336271413 -0.13487111 0.0540000014
v 0.0370140448 -0.148455247 0.0540000014
v 0.0496147871 -0.129843637 0.0540000014
v 0.0570135489 -0.141980469 0.0540000014
v 0.064881146 -0.12292859 0.0540000014
v 0.0759367719 -0.132825479 0.0540000014
v 0.0792042986 -0.114226431 0.0540000014
v 0.0934265032 -0.121163063 0.0540000014
v 0.0336271413 -0.13487111 0.0540000014
v 0.0336271413 -0.13487111 0.0199999996
v 0.037006937 -0.148426697 0.0199999996
v 0.0370140448 -0.148455247 0.0540000014
v 0.0370140448 -0.148455247 -0.00200000009
v 0.037006937 -0.148426697 -0.00197059009
v 0.0334274992 -0.146227911 0.00100000005
v 0.0334274992 -0.146227911 0.0170588195
v 0.0934265032 -0.121163063 0.0350000001
v 0.0934265032 -0.121163063 0.0540000014
v 0.0837559998 -0.128038794 0.0350000001
v 0.0759367719 -0.132825479 0.0540000014
v 0.0735817254 -0.13414444 0.0350000001
v 0.0629649088 -0.139443249 0.0350000001
v 0.0570135489 -0.141980469 0.0540000014
v 0.0370140448 -0.148455247 0.0540000014
v 0.0370140448 -0.148455247 -0.00200000009
v 0.0437315032 -0.14661704 -0.00200000009
v 0.0503583476 -0.144475043 -0.00200000009
v 0.0568808429 -0.142033681 -0.00200000009
v 0.0629649088 -0.139443249 -0.00499999989
v 0.0599012077 -0.140786514 -0.00499999989
v 0.0631825179 -0.144817024 -0.00999999978
v 0.0629649088 -0.139443249 -0.00499999989
v 0.0599012077 -0.140786514 -0.00499999989
v 0.0622742884 -0.145209894 -0.00999999978
v 0.117080696 -0.116263099 0.0249999985
v 0.11087314 -0.122197159 0.0179999992
v 0.11087314 -0.122197159 0.0249999985
v 0.117080696 -0.116263099 0.0179999992
v 0.12297111 -0.110014118 0.0249999985
v 0.12297111 -0.110014118 0.0179999992
v 0.128528431 -0.103467122 0.0249999985
v 0.128528431 -0.103467122 0.0179999992
v 0.128797635 -0.107326068 0.0249999985
v 0.128991425 -0.111189522 0.0249999985
v 0.129109681 -0.115056038 0.0249999985
v 0.129109681 -0.115056038 -0.00499999989
v 0.128673047 -0.105404407 -0.00499999989
v 0.128134578 -0.0991238207 0.0149999997
v 0.127766117 -0.0957855508 -0.00499999989
v 0.127465114 -0.0933809355 0.0149999997
v 0.126391038 -0.0862223953 -0.00499999989
v 0.126628265 -0.0876600221 0.0149999997
v 0.125624403 -0.0819659382 0.00100000005
v 0.125624403 -0.0819659382 -0.00499999989
v 0.125624746 -0.0819659978 0.0149999997
v 0.11087314 -0.122197159 0.0249999985
v 0.119050287 -0.126321375 0.0249999985
v 0.117080696 -0.116263099 0.0249999985
v 0.129109681 -0.115056038 0.0249999985
v 0.12297111 -0.110014118 0.0249999985
v 0.128991425 -0.111189522 0.0249999985
v 0.128797635 -0.107326068 0.0249999985
v 0.128528431 -0.103467122 0.0249999985
v 0.119050287 -0.126321375 0.0249999985
v 0.129109681 -0.115056038 -0.00499999989
v 0.129109681 -0.115056038 0.0249999985
v 0.119050287 -0.126321375 -0.00499999989
v 0.129109681 -0.115056038 -0.00499999989
v 0.119050287 -0.126321375 -0.00499999989
v 0.121823378 -0.127719998 -0.00999999978
v 0.134086221 -0.113987014 -0.00999999978
v 0.128673047 -0.105404407 -0.00499999989
v 0.133662686 -0.105081737 -0.00999999978
v 0.132848561 -0.0962036401 -0.00999999978
v 0.127766117 -0.0957855508 -0.00499999989
v 0.131645396 -0.0873698518 -0.00999999978
v 0.126391038 -0.0862223953 -0.00499999989
v 0.125624403 -0.0819659382 -0.00499999989
v 0.132190004 -0.0865436345 -0.00999999978
v 0.121823378 -0.127719998 -0.00999999978
v 0.123672083 -0.128652424 -0.00999999978
v 0.134086221 -0.113987014 -0.00999999978
v 0.13610433 -0.114729732 -0.00999999978
v 0.135676011 -0.105206199 -0.00999999978
v 0.133662686 -0.105081737 -0.00999999978
v 0.132848561 -0.0962036401 -0.00999999978
v 0.134805426 -0.0957128853 -0.00999999978
v 0.131645396 -0.0873698518 -0.00999999978
v 0.133494407 -0.0862702951 -0.00999999978
v 0.132190004 -0.0865436345 -0.00999999978
v 0.150506735 -0.10233143 0.0320000015
v 0.150971115 -0.128108233 0.00999999978
v 0.150971115 -0.128108233 0.0399999991
v 0.150506735 -0.10233143 0.00999999978
v 0.151069 -0.113114014 0.0399999991
v 0.150971115 -0.128108233 0.0399999991
v 0.150086567 -0.0975449756 0.0350000001
v 0.150145307 -0.0981479511 0.0399999991
v 0.149562895 -0.092776522 0.0350000001
v 0.148204297 -0.0832795724 0.0399999991
v 0.148935363 -0.0880206451 0.0350000001
v 0.148204297 -0.0832795724 0.0350000001
v 0.15470022 -0.070482932 0.0350000001
v 0.16009368 -0.057184007 0.0350000001
v 0.167586386 -0.0285447463 0.0399999991
v 0.164346293 -0.0434775725 0.0350000001
v 0.167417333 0.0295201875 0.0399999991
v 0.167417333 0.0295201875 0.0318942294
v 0.139564782 0.0970652848 0.0350000001
v 0.14771682 0.0841412172 0.0399999991
v 0.130880773 0.108490653 0.0350000001
v 0.11078319 0.128946051 0.0399999991
v 0.12126407 0.119142883 0.0350000001
v 0.11078319 0.128946051 0.0350000001
v 0.109848633 0.133651242 0.0350000001
v 0.108811699 0.138334945 0.0350000001
v 0.107521854 0.143581629 0.0399999991
v 0.107672893 0.142994925 0.0350000001
v 0.103271164 0.157961041 0.0399999991
v 0.10643068 0.147636414 0.0320000015
v 0.0980508626 0.17201753 0.0399999991
v 0.0980508626 0.17201753 0.00999999978
v 0.101161145 0.164001748 0.00999999978
v 0.103955828 0.155870572 0.00999999978
v 0.10643068 0.147636414 0.00999999978
v 0.150971115 -0.128108233 0.0399999991
v 0.146040246 -0.126123354 0.0449999981
v 0.151069 -0.113114014 0.0399999991
v 0.146014646 -0.111476295 0.0449999981
v 0.150145307 -0.0981479511 0.0399999991
v 0.1449918 -0.0968649909 0.0449999981
v 0.148204297 -0.0832795724 0.0399999991
v 0.142976522 -0.0823572353 0.0449999981
v 0.162507549 -0.0285707992 0.0449999981
v 0.167586386 -0.0285447463 0.0399999991
v 0.162493289 0.0286519565 0.0449999981
v 0.167417333 0.0295201875 0.0399999991
v 0.14771682 0.0841412172 0.0399999991
v 0.142935365 0.0824286416 0.0449999981
v 0.11078319 0.128946051 0.0399999991
v 0.106186137 0.12629135 0.0449999981
v 0.103117943 0.140613452 0.0449999981
v 0.107521854 0.143581629 0.0399999991
v 0.0990817323 0.154693395 0.0449999981
v 0.103271164 0.157961041 0.0399999991
v 0.094096221 0.168465853 0.0449999981
v 0.0980508626 0.17201753 0.0399999991
v 0.0684040263 0.187938511 0.0399999991
v 0.0666761026 0.183191091 0.0449999981
v 0.0362058841 0.189536244 0.0449999981
v 0.0354594253 0.194798946 0.0399999991
v 0.0224251002 0.187386602 0.0399999991
v 0.0257494058 0.18355909 0.0449999981
v 0.01564404 0.177005768 0.0449999981
v 0.00992596149 0.179103643 0.0399999991
v 0.00592150446 0.169896841 0.0449999981
v -0.00197992311 0.169988483 0.0399999991
v -0.030524049 0.167237207 0.0350000001
v -0.0163101014 0.169215783 0.0350000001
v -0.00197992311 0.169988483 0.0350000001
v 0.00176043622 0.172992125 0.0350000001
v 0.00556538673 0.175913543 0.0350000001
v 0.00992596149 0.179103643 0.0399999991
v 0.00943314191 0.178751275 0.0350000001
v 0.0224251002 0.187386602 0.0399999991
v 0.0133682331 0.181508362 0.0320000015
v 0.0354594253 0.194798946 0.0399999991
v 0.0354594253 0.194798946 0.00999999978
v 0.0279243663 0.190657765 0.00999999978
v 0.0205568876 0.18622531 0.00999999978
v 0.0133682331 0.181508362 0.00999999978
v -0.0445204638 0.164066851 0.0350000001
v -0.0295201875 0.167417333 0.0659999996
v 0.0183928646 0.169002071 0.0659999996
v 0.0260219276 0.167996615 0.0449999981
v 0.0457553007 0.163726747 0.0449999981
v 0.064843297 0.157147527 0.0659999996
v 0.064843297 0.157147527 0.0449999981
v 0.066767402 0.155958205 0.0449999981
v 0.066767402 0.155958205 0.0659999996
v 0.0682117939 0.154217422 0.0449999981
v 0.0682117939 0.154217422 0.0659999996
v 0.0690256283 0.152106881 0.0449999981
v 0.0690256283 0.152106881 0.0659999996
v 0.0691239238 0.149847016 0.0449999981
v 0.0691239238 0.149847016 0.0659999996
v 0.068496421 0.147673801 0.0449999981
v 0.068496421 0.147673801 0.0659999996
v 0.0672086477 0.145814151 0.0449999981
v 0.0672086477 0.145814151 0.0659999996
v 0.0613123626 0.139708355 0.0449999981
v 0.0436300449 0.121397771 0.0659999996
v 0.0569742285 0.135216087 0.0419999957
v 0.0596410297 0.137977645 0.0433038101
v 0.0582801364 0.136568397 0.0423417278
v 0.0459101386 0.123758875 0.0350000001
v 0.0569742285 0.135216087 0.0350000001
v 0.0436300449 0.121397771 0.0320000015
v 0.10539785 -0.110312857 0.0449999981
v 0.103235364 -0.109258138 0.0433038101
v 0.106189497 -0.109882183 0.0449999981
v 0.104248166 -0.107535519 0.0419999957
v 0.106927685 -0.10936521 0.0449999981
v 0.102788724 -0.108014889 0.0419999957
v 0.101474561 -0.108399332 0.0423417278
v 0.10125263 -0.108028546 0.0419999957
v 0.0997848883 -0.107575223 0.0419999957
v 0.10549324 -0.106635757 0.0420000218
v 0.107603051 -0.108768493 0.0449999981
v 0.13647835 -0.0691567957 0.0449999981
v 0.133802325 -0.0678007379 0.0419999957
v 0.151344508 -0.0224463418 0.0449999981
v 0.148376971 -0.0220061988 0.0419999957
v 0.15067558 0.0265681744 0.0449999981
v 0.147721156 0.026047226 0.0419999957
v 0.131902203 0.0714269802 0.0419999957
v 0.13454023 0.0728555173 0.0449999981
v 0.102543831 0.10947495 0.0419999957
v 0.104594678 0.111664474 0.0449999981
v 0.0626596361 0.136285648 0.0420000218
v 0.0639127716 0.139011368 0.0449999981
v 0.0611819141 0.136705324 0.0419999957
v 0.0613123626 0.139708355 0.0449999981
v 0.0596410297 0.137977645 0.0433038101
v 0.0596465394 0.136656612 0.0419999957
v 0.0582801364 0.136568397 0.0423417278
v 0.0581984036 0.136144057 0.0419999957
v 0.0569742285 0.135216087 0.0419999957
v 0.0462311506 0.120431229 0.0320000015
v 0.0436300449 0.121397771 0.0320000015
v 0.0459101386 0.123758875 0.0350000001
v 0.0493033603 0.122446626 0.0350000001
v 0.0463519953 0.145809785 0.0540000014
v 0.025928244 0.150787026 0.0540000014
v 0.0353599638 0.134427205 0.0540000014
v 0.0189242885 0.137705728 0.0540000014
v 0.00501502492 0.152917787 0.0540000014
v 0.00221350905 0.13898237 0.0540000014
v -0.0159928575 0.152161837 0.0540000014
v -0.0145294536 0.138238534 0.0540000014
v 0.0229573548 0.161375195 0.0249999985
v 0.0114752622 0.15256907 -0.00499999989
v 0.0114752622 0.15256907 0.0350000001
v 0.0190696642 0.158541486 -0.00499999989
v 0.0269463621 0.164136335 -0.00499999989
v 0.0309790559 0.166784301 0.0249999985
v 0.0350866169 0.169340268 -0.00499999989
v 0.0350866057 0.169340283 0.0249999985
v 0.0114752622 0.15256907 0.0350000001
v 0.0232641175 0.151220962 0.0350000001
v 0.0229573548 0.161375195 0.0249999985
v 0.0339616686 0.159422725 0.0249999985
v 0.0349130481 0.148963347 0.0350000001
v 0.0448063016 0.156720743 0.0249999985
v 0.0463519953 0.145809785 0.0350000001
v 0.0509894453 0.150612012 0.0289908685
v 0.0528870299 0.152148008 0.0269222204
v 0.0541487299 0.152815685 0.0258743688
v 0.0554403104 0.153282002 0.0249999985
v -0.0020920001 0.152985692 -0.00200000009
v 0.00487213349 0.152922392 -0.00200000009
v 0.00526783802 0.155911028 -0.00499999989
v -0.00905180536 0.152732 -0.00200000009
v -0.0159928575 0.152161837 -0.00200000009
v -0.0399519615 0.150797367 -0.00499999989
v 0.00487213349 0.152922392 -0.00200000009
v 0.00813690666 0.152783483 -0.00499999989
v 0.00526783802 0.155911028 -0.00499999989
v 0.00885397755 0.157751724 -0.00999999978
v 0.00796506181 0.158744678 -0.00999999978
v 0.00237591029 0.158967659 -0.00499999989
v 0.00885397755 0.157751724 -0.00999999978
v 0.00984180998 0.157693177 -0.00999999978
v 0.00796506181 0.158744678 -0.00999999978
v 0.0154870767 0.164601356 -0.00999999978
v 0.0168905202 0.163152039 -0.00999999978
v 0.0232732426 0.170101985 -0.00999999978
v 0.0241721142 0.168296143 -0.00999999978
v 0.0316725522 0.173115596 -0.00999999978
v 0.0313067101 0.175234661 -0.00999999978
v 0.0614923313 0.168948784 -0.00999999978
v 0.0608011596 0.16704981 -0.00999999978
v 0.0870139673 0.152972952 -0.00999999978
v 0.0886563435 0.154361099 -0.00999999978
v 0.091511108 0.14526543 -0.00999999978
v 0.0896617696 0.144459859 -0.00999999978
v 0.0919332281 0.135838732 -0.00999999978
v 0.0939399227 0.136046857 -0.00999999978
v 0.0938239545 0.127126172 -0.00999999978
v 0.0959375277 0.126725331 -0.00999999978
v 0.0940891504 0.126930028 -0.00999999978
v 0.0943539441 0.126733318 -0.00999999978
v 0.0946183205 0.126536056 -0.00999999978
v 0.00984180998 0.157693177 -0.00999999978
v 0.00885397755 0.157751724 -0.00999999978
v 0.00813690666 0.152783483 -0.00499999989
v 0.0114752622 0.15256907 -0.00499999989
v 0.00984180998 0.157693177 -0.00999999978
v 0.0114752622 0.15256907 -0.00499999989
v 0.0190696642 0.158541486 -0.00499999989
v 0.0168905202 0.163152039 -0.00999999978
v 0.0269463621 0.164136335 -0.00499999989
v 0.0241721142 0.168296143 -0.00999999978
v 0.0316725522 0.173115596 -0.00999999978
v 0.0350866169 0.169340268 -0.00499999989
v 0.0229573548 0.161375195 0.0249999985
v 0.0339616686 0.159422725 0.0249999985
v 0.0309790559 0.166784301 0.0249999985
v 0.0350866057 0.169340283 0.0249999985
v 0.0448063016 0.156720743 0.0249999985
v 0.0597643964 0.164201349 0.0249999985
v 0.0554403104 0.153282002 0.0249999985
v 0.0576137342 0.153649226 0.0249999985
v 0.0598147996 0.153531373 0.0249999985
v 0.0619365759 0.152934164 0.0249999985
v 0.0699583292 0.149435043 0.0249999985
v 0.0819719285 0.152275413 0.0249999985
v 0.0777832717 0.145515516 0.0249999985
v 0.083183229 0.148601636 0.0249999985
v 0.0843225047 0.144904897 0.0249999985
v 0.0853893608 0.141186595 0.0249999985
v 0.0597643964 0.164201349 0.0249999985
v 0.0350866169 0.169340268 -0.00499999989
v 0.0350866057 0.169340283 0.0249999985
v 0.0597643964 0.164201349 -0.00499999989
v 0.0819719285 0.152275413 -0.00499999989
v 0.0819719285 0.152275413 0.0249999985
v 0.0853893608 0.141186595 0.0249999985
v 0.0777832717 0.145515516 0.0179999992
v 0.0853893608 0.141186595 0.0179999992
v 0.0777832717 0.145515516 0.0249999985
v 0.0699583292 0.149435043 0.0249999985
v 0.0699583292 0.149435043 0.0179999992
v 0.0619365759 0.152934164 0.0179999992
v 0.0619365759 0.152934164 0.0249999985
v 0.0598147996 0.153531373 0.0249999985
v 0.0590605848 0.153626829 0.0179999992
v 0.0576137342 0.153649226 0.0249999985
v 0.0561077744 0.153447762 0.0179999992
v 0.0554403104 0.153282002 0.0249999985
v 0.0533365607 0.152412623 0.0179999992
v 0.0541487299 0.152815685 0.0258743688
v 0.0528870299 0.152148008 0.0269222204
v 0.0509894453 0.150612012 0.0179999992
v 0.0509894453 0.150612012 0.0289908685
v 0.0463519953 0.145809785 0.0350000001
v 0.0353599638 0.134427205 0.0179999992
v 0.0353599638 0.134427205 0.0540000014
v 0.0189242885 0.137705728 0.0540000014
v 0.0463519953 0.145809785 0.0540000014
v 0.0182635915 0.137794927 0.0179999992
v 0.0349130481 0.148963347 0.0350000001
v 0.00221350905 0.13898237 0.0540000014
v 0.000880217529 0.138997212 0.0179999992
v -0.0145294536 0.138238534 0.0199999996
v -0.0145294536 0.138238534 0.0540000014
v 0.025928244 0.150787026 0.0540000014
v 0.0232641175 0.151220962 0.0350000001
v 0.0114752622 0.15256907 0.0350000001
v -0.0159897786 0.152132601 0.0199999996
v 0.00501502492 0.152917787 0.0540000014
v -0.0159928575 0.152161837 0.0540000014
v -0.0159928575 0.152161837 -0.00200000009
v -0.0159897786 0.152132601 -0.00197059009
v -0.0186013188 0.148842186 0.00100000005
v -0.0186013188 0.148842186 0.0170588195
v -0.00905180536 0.152732 -0.00200000009
v -0.0020920001 0.152985692 -0.00200000009
v 0.00487213349 0.152922392 -0.00200000009
v 0.0114752622 0.15256907 -0.00499999989
v 0.00813690666 0.152783483 -0.00499999989
v 0.0782066733 0.141872182 0.0149999997
v 0.0865047723 0.136970535 0.0149999997
v 0.0853893608 0.141186595 0.0179999992
v 0.0777832717 0.145515516 0.0179999992
v 0.0696318001 0.146271706 0.0149999997
v 0.0699583292 0.149435043 0.0179999992
v 0.0608104542 0.150153548 0.0149999997
v 0.0619365759 0.152934164 0.0179999992
v 0.0590605848 0.153626829 0.0179999992
v 0.0587972589 0.150638416 0.0149999997
v 0.0561077744 0.153447762 0.0179999992
v 0.0567303076 0.150513068 0.0149999997
v 0.0533365607 0.152412623 0.0179999992
v 0.0547904447 0.149788469 0.0149999997
v 0.0509894453 0.150612012 0.0179999992
v 0.0531474762 0.148528054 0.0149999997
v 0.0353599638 0.134427205 0.0179999992
v 0.0362878703 0.131069407 0.0149999997
v 0.0180210751 0.134800747 0.0149999997
v 0.0182635915 0.137794927 0.0179999992
v 0.000880217529 0.138997212 0.0179999992
v -0.000584392517 0.135998741 0.0149999997
v -0.0165169984 0.138015181 0.0179999992
v -0.0191788673 0.134640902 0.0149999997
v 0.0853893608 0.141186595 0.0249999985
v 0.0853893608 0.141186595 0.0179999992
v 0.0843225047 0.144904897 0.0249999985
v 0.083183229 0.148601636 0.0249999985
v 0.0819719285 0.152275413 0.0249999985
v 0.0819719285 0.152275413 -0.00499999989
v 0.0865047723 0.136970535 0.0149999997
v 0.0848626792 0.143056497 -0.00499999989
v 0.0892789438 0.124250829 -0.00200000009
v 0.0873002857 0.133707568 -0.00499999989
v 0.0892789438 0.124250829 -0.00499999989
v 0.0900146067 0.119989038 0.00100000005
v 0.0878398716 0.131345019 0.0149999997
v 0.0890101418 0.12568289 0.0149999997
v 0.0900146067 0.119989038 0.0149999997
v 0.0870139673 0.152972952 -0.00999999978
v 0.0819719285 0.152275413 -0.00499999989
v 0.0848626792 0.143056497 -0.00499999989
v 0.0896617696 0.144459859 -0.00999999978
v 0.0919332281 0.135838732 -0.00999999978
v 0.0873002857 0.133707568 -0.00499999989
v 0.0938239545 0.127126172 -0.00999999978
v 0.0892789438 0.124250829 -0.00499999989
v 0.0892789438 0.124250829 -0.00499999989
v 0.090182133 0.123596855 -0.00499999989
v 0.0938239545 0.127126172 -0.00999999978
v 0.0910805315 0.122936316 -0.00499999989
v 0.0940891504 0.126930028 -0.00999999978
v 0.0943539441 0.126733318 -0.00999999978
v 0.0946183205 0.126536056 -0.00999999978
v 0.091974102 0.122269236 -0.00499999989
v 0.0961822867 0.122820869 -0.00499999989
v 0.0945643708 0.120277099 -0.00200000009
v 0.0959375277 0.126725331 -0.00999999978
v 0.10036239 0.123303495 -0.00499999989
v 0.090182133 0.123596855 -0.00499999989
v 0.0892789438 0.124250829 -0.00499999989
v 0.0892789438 0.124250829 -0.00200000009
v 0.0910597816 0.122951694 -0.00200000009
v 0.0910805315 0.122936316 -0.00499999989
v 0.091974102 0.122269236 -0.00499999989
v 0.0928217024 0.121627025 -0.00200000009
v 0.0945643708 0.120277099 -0.00200000009
v 0.0996461734 0.127295926 -0.00499999989
v 0.0959375277 0.126725331 -0.00999999978
v 0.10036239 0.123303495 -0.00499999989
v 0.0988525152 0.131273702 -0.00499999989
v 0.0939399227 0.136046857 -0.00999999978
v 0.0979817361 0.135235295 -0.00499999989
v 0.091511108 0.14526543 -0.00999999978
v 0.10643068 0.147636414 0.00999999978
v 0.103955828 0.155870572 0.00999999978
v 0.0886563435 0.154361099 -0.00999999978
v 0.101161145 0.164001748 0.00999999978
v 0.0980508626 0.17201753 0.00999999978
v 0.10643068 0.147636414 0.00999999978
v 0.0979817361 0.135235295 -0.00499999989
v 0.120917521 0.136025563 0.00999999978
v 0.113386706 0.122606903 -0.00499999989
v 0.134146109 0.122999266 0.00999999978
v 0.12717849 0.108234167 -0.00499999989
v 0.145978823 0.108693071 0.00999999978
v 0.139160842 0.0923215076 -0.00499999989
v 0.174310967 0.0307357255 0.00999999978
v 0.162311971 0.0286199823 -0.00499999989
v 0.162344217 -0.0391580351 -0.00499999989
v 0.174350455 -0.0522103757 0.00999999978
v 0.156526953 -0.0582092367 -0.00499999989
v 0.168124348 -0.0697008371 0.00999999978
v 0.14848268 -0.0764322728 -0.00499999989
v 0.160148785 -0.0864659995 0.00999999978
v 0.138325885 -0.0935678855 -0.00499999989
v 0.150506735 -0.10233143 0.00999999978
v 0.10643068 0.147636414 0.0320000015
v 0.10643068 0.147636414 0.00999999978
v 0.115714796 0.14047806 0.0320000015
v 0.120917521 0.136025563 0.00999999978
v 0.124518812 0.132736832 0.0320000015
v 0.132806167 0.124444842 0.0320000015
v 0.134146109 0.122999266 0.00999999978
v 0.145978823 0.108693071 0.0249999985
v 0.145978823 0.108693071 0.00999999978
v 0.174310967 0.0307357255 0.00999999978
v 0.174310967 0.0307357255 0.0249999985
v 0.174350455 -0.0522103757 0.00999999978
v 0.174350455 -0.0522103757 0.0249999985
v 0.168124348 -0.0697008371 0.00999999978
v 0.167359635 -0.0715175197 0.0320000015
v 0.160148785 -0.0864659995 0.00999999978
v 0.162408084 -0.0821438804 0.0320000015
v 0.156782672 -0.0924294069 0.0320000015
v 0.150506735 -0.10233143 0.00999999978
v 0.150506735 -0.10233143 0.0320000015
v 0.115714796 0.14047806 0.0320000015
v 0.107672893 0.142994925 0.0350000001
v 0.10643068 0.147636414 0.0320000015
v 0.115555942 0.136703417 0.0350000001
v 0.124518812 0.132736832 0.0320000015
v 0.12307211 0.129977912 0.0350000001
v 0.132806167 0.124444842 0.0320000015
v 0.13019754 0.122839734 0.0350000001
v 0.145978823 0.108693071 0.0249999985
v 0.139564782 0.0970652848 0.0350000001
v 0.152057722 0.0760209113 0.0304466393
v 0.167417333 0.0295201875 0.0318942294
v 0.161360338 0.0535143167 0.0293911695
v 0.174310967 0.0307357255 0.0249999985
v 0.169932097 0.00490147108 0.0293911695
v 0.174350455 -0.0522103757 0.0249999985
v 0.168888196 -0.0194294807 0.0304466393
v 0.164346293 -0.0434775725 0.0350000001
v 0.164359316 -0.0709014013 0.0350000001
v 0.167359635 -0.0715175197 0.0320000015
v 0.16010502 -0.0800461248 0.0350000001
v 0.162408084 -0.0821438804 0.0320000015
v 0.1553424 -0.0889367238 0.0350000001
v 0.156782672 -0.0924294069 0.0320000015
v 0.150086567 -0.0975449756 0.0350000001
v 0.150506735 -0.10233143 0.0320000015
v 0.0684040263 0.187938511 0.00999999978
v 0.0980508626 0.17201753 0.00999999978
v 0.0980508626 0.17201753 0.0399999991
v 0.0684040263 0.187938511 0.0399999991
v 0.0354594253 0.194798946 0.00999999978
v 0.0354594253 0.194798946 0.0399999991
v 0.0980508626 0.17201753 0.00999999978
v 0.0614923313 0.168948784 -0.00999999978
v 0.0886563435 0.154361099 -0.00999999978
v 0.0684040263 0.187938511 0.00999999978
v 0.0354594253 0.194798946 0.00999999978
v 0.0313067101 0.175234661 -0.00999999978
v 0.0350866169 0.169340268 -0.00499999989
v 0.0608011596 0.16704981 -0.00999999978
v 0.0316725522 0.173115596 -0.00999999978
v 0.0597643964 0.164201349 -0.00499999989
v 0.0819719285 0.152275413 -0.00499999989
v 0.0870139673 0.152972952 -0.00999999978
v 0.0279243663 0.190657765 0.00999999978
v 0.0313067101 0.175234661 -0.00999999978
v 0.0354594253 0.194798946 0.00999999978
v 0.0205568876 0.18622531 0.00999999978
v 0.0232732426 0.170101985 -0.00999999978
v 0.0133682331 0.181508362 0.00999999978
v 0.0118692098 0.166577682 -0.00499999989
v 0.0154870767 0.164601356 -0.00999999978
v 0.00865567569 0.164102659 -0.00499999989
v 0.00796506181 0.158744678 -0.00999999978
v 0.00549085019 0.161565661 -0.00499999989
v 0.00237591029 0.158967659 -0.00499999989
v 0.0961822867 0.122820869 -0.00499999989
v 0.121546343 0.0879004449 0.00100000005
v 0.127535656 0.0898368433 -0.00499999989
v 0.0945643708 0.120277099 -0.00200000009
v 0.0900146067 0.119989038 0.00100000005
v 0.127535656 0.0898368433 -0.00499999989
v 0.121546343 0.0879004449 0.00100000005
v 0.14214468 0.0479049943 0.00100000005
v 0.148035809 0.0492077358 -0.00499999989
v 0.149956793 0.00360038155 0.00100000005
v 0.155938193 0.00439107511 -0.00499999989
v 0.150570318 -0.0407992527 -0.00499999989
v 0.144279912 -0.0410281047 0.00100000005
v 0.132388994 -0.0825175941 -0.00499999989
v 0.129998624 -0.0806805938 -0.00200000009
v 0.125624403 -0.0819659382 0.00100000005
v 0.144279912 -0.0410281047 0.00100000005
v 0.125624746 -0.0819659978 0.0149999997
v 0.125624403 -0.0819659382 0.00100000005
v 0.144279912 -0.0410281047 0.0149999997
v 0.149956793 0.00360038155 0.00100000005
v 0.149956793 0.00360038155 0.0149999997
v 0.14214468 0.0479049943 0.0149999997
v 0.14214468 0.0479049943 0.00100000005
v 0.121546343 0.0879004449 0.0149999997
v 0.121546343 0.0879004449 0.00100000005
v 0.0900146067 0.119989038 0.0149999997
v 0.0900146067 0.119989038 0.00100000005
v 0.0928217024 0.121627025 -0.00200000009
v 0.0900146067 0.119989038 0.00100000005
v 0.0945643708 0.120277099 -0.00200000009
v 0.0910597816 0.122951694 -0.00200000009
v 0.0892789438 0.124250829 -0.00200000009
v -0.0186013188 0.148842186 0.0170588195
v -0.0145294536 0.138238534 0.0199999996
v -0.0159897786 0.152132601 0.0199999996
v -0.0165169984 0.138015181 0.0179999992
v -0.0206431616 0.148572743 0.0149999997
v -0.0191788673 0.134640902 0.0149999997
v 0.16009368 -0.057184007 0.0350000001
v 0.164346293 -0.0434775725 0.0350000001
v 0.164359316 -0.0709014013 0.0350000001
v 0.15470022 -0.070482932 0.0350000001
v 0.16010502 -0.0800461248 0.0350000001
v 0.148204297 -0.0832795724 0.0350000001
v 0.1553424 -0.0889367238 0.0350000001
v 0.148935363 -0.0880206451 0.0350000001
v 0.149562895 -0.092776522 0.0350000001
v 0.150086567 -0.0975449756 0.0350000001
v 0.0817525834 -0.0813493729 0.0149999997
v 0.0817237198 -0.08192534 0.0149999997
v 0.0819445774 -0.0808055773 0.0149999997
v 0.0822837502 -0.0803391784 0.0149999997
v 0.0891945064 -0.0725902319 0.0149999997
v 0.0975447446 -0.0789765939 0.0149999997
v 0.098834902 -0.0765288249 0.0149999997
v 0.0953781679 -0.0642495528 0.0149999997
v 0.104449317 -0.0686683357 0.0149999997
v 0.100784354 -0.0553851314 0.0149999997
v 0.109439984 -0.0603977665 0.0149999997
v 0.113777094 -0.0517665297 0.0149999997
v 0.112026334 -0.0489394814 0.0149999997
v 0.113946699 -0.0511376001 0.0149999997
v 0.113905206 -0.050487522 0.0149999997
v 0.113657013 -0.0498852655 0.0149999997
v 0.11322844 -0.0493947007 0.0149999997
v 0.112664968 -0.0490678884 0.0149999997
v 0.10208711 -0.0485923961 0.0149999997
v 0.100004569 -0.0491908081 0.0149999997
v 0.100998372 -0.0487263873 0.0149999997
v 0.0984667763 -0.0519778319 0.0149999997
v 0.0992033333 -0.0499400422 0.0149999997
v 0.0986733884 -0.0509004965 0.0149999997
v 0.0998224318 -0.0548578426 0.0149999997
v 0.0986037776 -0.0530662052 0.0149999997
v 0.0990709737 -0.0540587083 0.0149999997
v 0.112664968 -0.0490678884 0.0350000001
v 0.11322844 -0.0493947007 0.0350000001
v 0.112026356 -0.0489394814 0.0350000001
v 0.113657013 -0.0498852655 0.0350000001
v 0.113946699 -0.0511376001 0.0350000001
v 0.113905206 -0.050487522 0.0350000001
v 0.113777094 -0.0517665297 0.0350000001
v 0.100784354 -0.0553851314 0.0350000001
v 0.10208711 -0.0485923961 0.0350000001
v 0.109439984 -0.0603977665 0.0350000001
v 0.100998372 -0.0487263873 0.0350000001
v 0.100004569 -0.0491908081 0.0350000001
v 0.104449317 -0.0686683357 0.0350000001
v 0.0992033333 -0.0499400422 0.0350000001
v 0.0953781381 -0.0642495975 0.0350000001
v 0.098834902 -0.0765288249 0.0350000001
v 0.089194417 -0.0725903213 0.0350000001
v 0.0975447446 -0.0789765939 0.0350000001
v 0.082283631 -0.0803393275 0.0350000076
v 0.0819445103 -0.080805704 0.0350000001
v 0.0817237273 -0.0819253922 0.0350000001
v 0.0817525685 -0.0813494697 0.0350000001
v 0.0986037776 -0.0530662052 0.0350000001
v 0.0998224318 -0.0548578426 0.0350000001
v 0.0990709737 -0.0540587083 0.0350000001
v 0.0984667763 -0.0519778319 0.0350000001
v 0.0986733884 -0.0509004965 0.0350000001
v -0.11468038 0.125492662 0.0659999847
v -0.11468038 0.125492662 0.0399999991
v -0.0750857592 0.152519271 0.0659999996
v -0.0676176846 0.155976221 0.0304466393
v -0.0892108306 0.144714773 0.0293911695
v -0.109273896 0.130227566 0.0318942294
v -0.127024919 0.112984985 0.0293911695
v -0.138787612 0.0981733128 0.0399999991
v -0.141864911 0.0936753899 0.0304466393
v -0.153843403 0.0723340064 0.0350000001
v -0.156519726 0.0663444102 0.0399999991
v -0.159396037 0.0591007397 0.0350000001
v -0.163812801 0.0454463176 0.0350000001
v -0.167062163 0.0314680375 0.0399999991
v -0.167062163 0.0314680375 0.0350000001
v -0.170669705 0.0283060856 0.0350000001
v -0.174207434 0.0250662304 0.0350000001
v -0.178106263 0.0213258509 0.0399999991
v -0.177673683 0.0217500068 0.0350000001
v -0.188433871 0.0104549248 0.0399999991
v -0.181072205 0.0183534641 0.0320000015
v -0.197996974 -0.00109423639 0.0399999991
v -0.197996974 -0.00109423639 0.00999999978
v -0.181072205 0.0183534641 0.00999999978
v -0.116731174 0.122093372 0.0410829782
v -0.138787612 0.0981733128 0.0399999991
v -0.11468038 0.125492662 0.0399999991
v -0.116943374 0.119881414 0.0425266773
v -0.116195478 0.117147721 0.0449999981
v -0.137577996 0.0910894945 0.0449999981
v -0.156519726 0.0663444102 0.0399999991
v -0.153218597 0.0612295754 0.0449999981
v -0.167062163 0.0314680375 0.0399999991
v -0.162464574 0.0288142301 0.0449999981
v -0.146253198 0.0206346512 0.0325022414
v -0.144405261 0.0214918852 0.0320000015
v -0.146636456 0.0197559688 0.0321207307
v -0.146088496 0.0219429825 0.0333898403
v -0.144614726 0.0249741953 0.0350000001
v -0.146541208 0.0236385111 0.0350000001
v -0.141243473 0.0234233495 0.0320000015
v -0.142567128 0.0261155665 0.0350000001
v -0.140417963 0.0270517245 0.0350000001
v -0.137791485 0.0247691013 0.0320000015
v -0.147881404 0.0251214448 0.0419999957
v -0.139533564 0.0550489239 0.0419999957
v -0.147881404 0.0251214448 0.0350000001
v -0.139533564 0.0550489426 0.0350000001
v -0.125199169 0.0826145858 0.0419999957
v -0.125199139 0.0826146081 0.0350000001
v -0.10549324 0.106635757 0.0420000218
v -0.10549318 0.106635779 0.0350000001
v -0.104248166 0.107535519 0.0419999957
v -0.104248129 0.107535549 0.0350000001
v -0.102788724 0.108014889 0.0419999957
v -0.102788694 0.108014889 0.0350000001
v -0.10125263 0.108028546 0.0419999957
v -0.101252623 0.108028546 0.0350000001
v -0.0997848883 0.107575223 0.0419999957
v -0.0997848883 0.107575223 0.0350000001
v -0.0997848883 0.107575223 0.0419999957
v -0.106189497 0.109882183 0.0449999981
v -0.10539785 0.110312857 0.0449999981
v -0.10125263 0.108028546 0.0419999957
v -0.102788724 0.108014889 0.0419999957
v -0.104248166 0.107535519 0.0419999957
v -0.10549324 0.106635757 0.0420000218
v -0.107603051 0.108768493 0.0449999981
v -0.125199169 0.0826145858 0.0419999957
v -0.127703264 0.0842666999 0.0449999981
v -0.139533564 0.0550489239 0.0419999957
v -0.142324418 0.0561494641 0.0449999981
v -0.147881404 0.0251214448 0.0419999957
v -0.150839165 0.0256231427 0.0449999981
v -0.136541128 0.0309277568 0.0320000015
v -0.137791485 0.0247691013 0.0320000015
v -0.140417963 0.0270517245 0.0350000001
v -0.139199734 0.0327480212 0.0350000001
v -0.135015607 0.0370240957 0.0320000015
v -0.137750536 0.0383899845 0.0350000001
v -0.13321808 0.0430458412 0.0320000015
v -0.13607274 0.0439682491 0.0350000001
v -0.132483199 0.0444777012 0.0320000015
v -0.134896949 0.0462592207 0.0350000001
v -0.131331503 0.0456019118 0.0320000015
v -0.133054227 0.0480579697 0.0350000001
v -0.129882321 0.0463020019 0.0320000015
v -0.130735517 0.0491781123 0.0350000001
v -0.128285795 0.04650544 0.0320000015
v -0.128181085 0.0495036058 0.0350000001
v -0.104195103 0.0486660004 0.0350000001
v -0.102297746 0.0455979146 0.0320000015
v -0.132978812 -0.0756679177 0.0449999981
v -0.130371034 -0.0741848573 0.0419999957
v -0.114536949 -0.101441048 0.0449999981
v -0.112290822 -0.099452354 0.0419999957
v -0.0911809132 -0.122861885 0.0449999981
v -0.0893928781 -0.120452948 0.0419999957
v -0.0639127716 -0.139011368 0.0449999981
v -0.0626596361 -0.136285648 0.0420000218
v -0.0630740449 -0.139341101 0.0449999981
v -0.0611819141 -0.136705324 0.0419999957
v -0.0622035675 -0.139574423 0.0449999981
v -0.0596410297 -0.137977645 0.0433038101
v -0.0613123626 -0.139708355 0.0449999981
v -0.0596465394 -0.136656612 0.0419999957
v -0.0582801364 -0.136568397 0.0423417278
v -0.0581984036 -0.136144057 0.0419999957
v -0.0569742285 -0.135216087 0.0419999957
v -0.0459101386 -0.123758875 0.0350000001
v -0.0493033603 -0.122446626 0.0350000001
v -0.0462311506 -0.120431229 0.0320000015
v -0.0436300449 -0.121397771 0.0320000015
v -0.00721931551 0.156118169 0.0709999949
v -0.0405702852 0.147191212 0.0680000037
v -0.0466116183 0.149172246 0.0709999949
v -0.0217060223 0.123100966 0.0709999949
v -0.0122187622 0.152190343 0.0680000037
v -0.0226451717 0.128427133 0.0680000037
v 0.123839751 -0.140849978 0.0419999957
v 0.123245828 -0.139218226 0.0399999991
v 0.123245828 -0.139218226 0.0419999957
v 0.122129649 -0.137887985 0.0419999957
v 0.123839751 -0.140849978 0.0399999991
v 0.122129649 -0.137887985 0.0399999991
v 0.123839736 -0.142586455 0.0419999957
v 0.120625809 -0.137019753 0.0419999957
v 0.123839736 -0.142586455 0.0399999991
v 0.120625809 -0.137019753 0.0399999991
v 0.123245835 -0.144218221 0.0419999957
v 0.118915707 -0.136718228 0.0419999957
v 0.123245835 -0.144218221 0.0399999991
v 0.118915707 -0.136718228 0.0399999991
v 0.11720562 -0.137019768 0.0419999957
v 0.11720562 -0.137019768 0.0399999991
v 0.115701765 -0.137888014 0.0419999957
v 0.115701765 -0.137888014 0.0399999991
v 0.122129656 -0.145548448 0.0419999957
v 0.122129656 -0.145548448 0.0399999991
v 0.120625809 -0.146416694 0.0399999991
v 0.120625809 -0.146416694 0.0419999957
v 0.118915699 -0.146718219 0.0399999991
v 0.118915699 -0.146718219 0.0419999957
v 0.117205605 -0.146416694 0.0399999991
v 0.117205605 -0.146416694 0.0419999957
v 0.115701765 -0.145548433 0.0399999991
v 0.115701765 -0.145548433 0.0419999957
v 0.114585571 -0.139218226 0.0419999957
v 0.114585571 -0.139218226 0.0399999991
v 0.11399167 -0.140849978 0.0399999991
v 0.11399167 -0.140849978 0.0419999957
v 0.113991655 -0.14258647 0.0399999991
v 0.113991655 -0.14258647 0.0419999957
v 0.114585578 -0.144218221 0.0399999991
v 0.114585578 -0.144218221 0.0419999957
v 0.0664876699 0.177673355 0.0419999957
v 0.0649838224 0.178541601 0.0399999991
v 0.0649838224 0.178541601 0.0419999957
v 0.0632737353 0.178843111 0.0419999957
v 0.0664876699 0.177673355 0.0399999991
v 0.0632737353 0.178843111 0.0399999991
v 0.0676038563 0.176343128 0.0419999957
v 0.0615636297 0.178541601 0.0419999957
v 0.0676038563 0.176343128 0.0399999991
v 0.0615636297 0.178541601 0.0399999991
v 0.0681977645 0.174711376 0.0419999957
v 0.0600597858 0.177673355 0.0419999957
v 0.0681977645 0.174711376 0.0399999991
v 0.0600597858 0.177673355 0.0399999991
v 0.0589435957 0.176343128 0.0419999957
v 0.0589435957 0.176343128 0.0399999991
v 0.0681977645 0.172974885 0.0419999957
v 0.0681977645 0.172974885 0.0399999991
v 0.0676038563 0.171343148 0.0399999991
v 0.0676038563 0.171343148 0.0419999957
v 0.0664876625 0.170012906 0.0399999991
v 0.0664876625 0.170012906 0.0419999957
v 0.0649838299 0.16914466 0.0399999991
v 0.0649838299 0.16914466 0.0419999957
v 0.0632737204 0.16884315 0.0399999991
v 0.0632737204 0.16884315 0.0419999957
v 0.0615636297 0.16914466 0.0399999991
v 0.0615636297 0.16914466 0.0419999957
v 0.0583496876 0.174711376 0.0419999957
v 0.0583496876 0.174711376 0.0399999991
v 0.0583496839 0.172974885 0.0399999991
v 0.0583496839 0.172974885 0.0419999957
v 0.0589435883 0.171343133 0.0399999991
v 0.0589435883 0.171343133 0.0419999957
v 0.0600597933 0.170012906 0.0399999991
v 0.0600597933 0.170012906 0.0419999957
v 0.0702019334 0.177843153 0.0449999981
v 0.0664876699 0.177673355 0.0419999957
v 0.0684160218 0.179971501 0.0449999981
v 0.066009894 0.181360677 0.0449999981
v 0.0676038563 0.176343128 0.0419999957
v 0.0649838224 0.178541601 0.0419999957
v 0.0711521879 0.175232306 0.0449999981
v 0.0681977645 0.174711376 0.0419999957
v 0.0711521879 0.172453955 0.0449999981
v 0.0681977645 0.172974885 0.0419999957
v 0.0702019259 0.169843137 0.0449999981
v 0.0676038563 0.171343148 0.0419999957
v 0.0684160292 0.16771479 0.0449999981
v 0.0664876625 0.170012906 0.0419999957
v 0.0660098866 0.166325599 0.0449999981
v 0.0649838299 0.16914466 0.0419999957
v 0.0632737204 0.181843117 0.0449999981
v 0.0632737353 0.178843111 0.0419999957
v 0.0615636297 0.178541601 0.0419999957
v 0.0605375618 0.181360662 0.0449999981
v 0.0600597858 0.177673355 0.0419999957
v 0.0581314266 0.179971486 0.0449999981
v 0.0589435957 0.176343128 0.0419999957
v 0.0563455299 0.177843124 0.0449999981
v 0.0583496876 0.174711376 0.0419999957
v 0.0553952679 0.175232306 0.0449999981
v 0.0583496839 0.172974885 0.0419999957
v 0.0553952679 0.172453955 0.0449999981
v 0.0589435883 0.171343133 0.0419999957
v 0.0563455187 0.169843137 0.0449999981
v 0.0600597933 0.170012906 0.0419999957
v 0.0581314303 0.16771476 0.0449999981
v 0.0605375767 0.166325584 0.0449999981
v 0.0615636297 0.16914466 0.0419999957
v 0.0632737204 0.165843144 0.0449999981
v 0.0632737204 0.16884315 0.0419999957
v -0.175261244 -0.0361249112 0.0449999981
v -0.177265391 -0.0329931527 0.0419999957
v -0.174310982 -0.0335140936 0.0449999981
v -0.174310967 -0.0307357255 0.0449999981
v -0.177859306 -0.0346249193 0.0419999957
v -0.177265391 -0.0312566794 0.0419999957
v -0.178975508 -0.0359551311 0.0419999957
v -0.175261229 -0.0281249192 0.0449999981
v -0.177047133 -0.0382532701 0.0449999981
v -0.177859306 -0.0296249092 0.0419999957
v -0.180479333 -0.036823377 0.0419999957
v -0.177047133 -0.0259965565 0.0449999981
v -0.179453269 -0.0396424532 0.0449999981
v -0.178975508 -0.0282946918 0.0419999957
v -0.182189435 -0.0371249132 0.0419999957
v -0.179453254 -0.0246073641 0.0449999981
v -0.182189435 -0.0401249081 0.0449999981
v -0.180479333 -0.0274264477 0.0419999957
v -0.183899537 -0.0368233733 0.0419999957
v -0.18218942 -0.0241249204 0.0449999981
v -0.184925616 -0.0396424569 0.0449999981
v -0.18218942 -0.0271249097 0.0419999957
v -0.185403377 -0.0359551385 0.0419999957
v -0.184925586 -0.0246073771 0.0449999981
v -0.187331751 -0.0382532626 0.0449999981
v -0.183899537 -0.0274264496 0.0419999957
v -0.186519563 -0.0346249193 0.0419999957
v -0.187331736 -0.0259965528 0.0449999981
v -0.189117655 -0.0361249186 0.0449999981
v -0.185403377 -0.0282946955 0.0419999957
v -0.187113449 -0.0329931602 0.0419999957
v -0.18911764 -0.0281249192 0.0449999981
v -0.190067902 -0.0335140973 0.0449999981
v -0.186519563 -0.0296249185 0.0419999957
v -0.187113479 -0.0312566757 0.0419999957
v -0.190067872 -0.030735733 0.0449999981
v 0.00721931551 -0.156118169 0.0709999949
v 0.0405702852 -0.147191212 0.0680000037
v 0.0466116183 -0.149172246 0.0709999949
v 0.0217060223 -0.123100966 0.0709999949
v 0.0122187622 -0.152190343 0.0680000037
v 0.0226451717 -0.128427133 0.0680000037
v 0.120625809 -0.146416694 0.0419999957
v 0.122129656 -0.145548448 0.0419999957
v 0.124058008 -0.147846565 0.0449999981
v 0.121651873 -0.149235755 0.0449999981
v 0.125843927 -0.145718217 0.0449999981
v 0.118915699 -0.146718219 0.0419999957
v 0.123245835 -0.144218221 0.0419999957
v 0.118915707 -0.14971821 0.0449999981
v 0.126794159 -0.143107414 0.0449999981
v 0.117205605 -0.146416694 0.0419999957
v 0.123839736 -0.142586455 0.0419999957
v 0.116179548 -0.14923577 0.0449999981
v 0.126794159 -0.140329033 0.0449999981
v 0.115701765 -0.145548433 0.0419999957
v 0.123839751 -0.140849978 0.0419999957
v 0.113773398 -0.14784658 0.0449999981
v 0.125843912 -0.137718216 0.0449999981
v 0.114585578 -0.144218221 0.0419999957
v 0.123245828 -0.139218226 0.0419999957
v 0.111987501 -0.145718217 0.0449999981
v 0.124058008 -0.135589868 0.0449999981
v 0.113991655 -0.14258647 0.0419999957
v 0.122129649 -0.137887985 0.0419999957
v 0.111037254 -0.143107414 0.0449999981
v 0.121651866 -0.134200677 0.0449999981
v 0.11399167 -0.140849978 0.0419999957
v 0.120625809 -0.137019753 0.0419999957
v 0.111037254 -0.140329033 0.0449999981
v 0.118915714 -0.133718222 0.0449999981
v 0.114585571 -0.139218226 0.0419999957
v 0.118915707 -0.136718228 0.0419999957
v 0.111987509 -0.13771823 0.0449999981
v 0.116179548 -0.134200677 0.0449999981
v 0.115701765 -0.137888014 0.0419999957
v 0.11720562 -0.137019768 0.0419999957
v 0.113773398 -0.135589868 0.0449999981
v -0.182189435 -0.0371249132 0.0399999991
v -0.180479333 -0.036823377 0.0399999991
v -0.180479333 -0.036823377 0.0419999957
v -0.182189435 -0.0371249132 0.0419999957
v -0.178975508 -0.0359551311 0.0419999957
v -0.183899537 -0.0368233733 0.0399999991
v -0.178975508 -0.0359551311 0.0399999991
v -0.183899537 -0.0368233733 0.0419999957
v -0.177859306 -0.0346249193 0.0419999957
v -0.185403377 -0.0359551385 0.0399999991
v -0.177859306 -0.0346249193 0.0399999991
v -0.185403377 -0.0359551385 0.0419999957
v -0.177265391 -0.0329931527 0.0419999957
v -0.186519563 -0.0346249193 0.0399999991
v -0.177265391 -0.0329931527 0.0399999991
v -0.186519563 -0.0346249193 0.0419999957
v -0.177265391 -0.0312566794 0.0419999957
v -0.187113449 -0.0329931602 0.0399999991
v -0.177265391 -0.0312566794 0.0399999991
v -0.187113449 -0.0329931602 0.0419999957
v -0.177859306 -0.0296249092 0.0419999957
v -0.187113479 -0.0312566757 0.0399999991
v -0.177859306 -0.0296249092 0.0399999991
v -0.187113479 -0.0312566757 0.0419999957
v -0.178975508 -0.0282946918 0.0419999957
v -0.186519563 -0.0296249185 0.0399999991
v -0.178975508 -0.0282946918 0.0399999991
v -0.186519563 -0.0296249185 0.0419999957
v -0.180479333 -0.0274264477 0.0419999957
v -0.185403377 -0.0282946955 0.0399999991
v -0.180479333 -0.0274264477 0.0399999991
v -0.185403377 -0.0282946955 0.0419999957
v -0.18218942 -0.0271249097 0.0419999957
v -0.183899537 -0.0274264496 0.0399999991
v -0.18218942 -0.0271249097 0.0399999991
v -0.183899537 -0.0274264496 0.0419999957
vn 0.755558074 -0.237766564 -0.610408843
vn 0.755558074 -0.237766564 -0.610408843
vn 0.755558074 -0.237766564 -0.610408843
vn 0.755199075 -0.224932775 -0.615694344
vn 0.750946105 -0.239961281 -0.615222394
vn 0.749232888 -0.245822728 -0.61499691
vn 0.712302983 0.0870138705 -0.696457446
vn 0.688806772 0.168837875 -0.705009997
vn 0.632574439 0.315845281 -0.70717144
vn 0.631835103 0.317395806 -0.707138002
vn 0.632547796 0.316049397 -0.707103968
vn 0.633257449 0.314705729 -0.707068026
vn 0.63516295 0.311165363 -0.70692575
vn 0.636393011 0.309123307 -0.706715405
vn 0.702178836 -0.0778311864 -0.70773387
vn 0.702178836 -0.0778311864 -0.70773387
vn 0.702178836 -0.0778311864 -0.70773387
vn 0.645532548 0.425152957 -0.634454548
vn 0.68672955 0.244030088 -0.68472749
vn 0.629175901 0.47556439 -0.614797652
vn 0.623588026 0.482327133 -0.615222275
vn 0.632723749 0.469661742 -0.61569345
vn 0.628670454 0.48184526 -0.610408485
vn 0.628670454 0.48184526 -0.610408485
vn 0.647911489 -0.76171571 0
vn 0.647911489 -0.76171571 0
vn 0.647911489 -0.76171571 0
vn 0.0389835946 -0.996561944 0.0731062293
vn 0.0389835946 -0.996561944 0.0731062293
vn 0.0389835946 -0.996561944 0.0731062293
vn -0.647911191 0.761715889 0
vn -0.647911191 0.761715889 0
vn -0.647911191 0.761715889 0
vn 0.215955228 0.672766984 -0.707635522
vn 0.215955228 0.672766984 -0.707635522
vn 0.215955228 0.672766984 -0.707635522
vn -0.0389835946 0.996561944 0.0731062293
vn -0.0389835946 0.996561944 0.0731062293
vn -0.0389835946 0.996561944 0.0731062293
vn -0.164502263 0.687759936 -0.70705384
vn -0.14798227 0.701149821 -0.697488487
vn -0.164502263 0.687759936 -0.70705384
vn -0.19656226 0.848919988 -0.490609944
vn -0.134666428 0.727100253 -0.673194051
vn -0.133249313 0.750626802 -0.647150695
vn -0.122708999 0.724406481 -0.678364038
vn -0.103493892 0.712245464 -0.694258869
vn -0.0807649642 0.702444732 -0.707140982
vn -0.0807649642 0.702444732 -0.707140982
vn -0.241912454 0.707766175 -0.663735926
vn -0.220821574 0.795917869 -0.56369549
vn -0.23333858 0.704590499 -0.670153141
vn -0.248201206 0.663111746 -0.706172049
vn 0.28807357 -0.956003785 -0.0554114953
vn 0.28807357 -0.956003785 -0.0554114953
vn 0.28807357 -0.956003785 -0.0554114953
vn -0.534009635 0.468643069 0.703709781
vn -0.534009635 0.468643069 0.703709781
vn -0.534009635 0.468643069 0.703709781
vn -0.654711127 0.281145722 0.701648355
vn -0.654711127 0.281145722 0.701648355
vn -0.654711127 0.281145722 0.701648355
vn 0.100752704 -0.709484518 -0.697481692
vn 0.0807649642 -0.702444732 -0.707140982
vn 0.0807649642 -0.702444732 -0.707140982
vn 0.122137487 -0.729308784 -0.673194826
vn 0.11496035 -0.72361958 -0.680557668
vn 0.135104507 -0.720258117 -0.680422604
vn 0.132452205 -0.722684741 -0.678368032
vn 0.164502263 -0.687759936 -0.70705384
vn 0.164502263 -0.687759936 -0.70705384
vn 0.164502263 -0.687759936 -0.70705384
vn -0.0562716313 0.996876717 -0.0554114617
vn -0.0562716313 0.996876717 -0.0554114617
vn -0.0562716313 0.996876717 -0.0554114617
vn -0.519395113 -0.48841837 0.701196253
vn -0.519395113 -0.48841837 0.701196253
vn -0.519395113 -0.48841837 0.701196253
vn -0.34131521 -0.622656405 0.704132736
vn -0.34131521 -0.622656405 0.704132736
vn -0.34131521 -0.622656405 0.704132736
vn -1.53422434E-07 0 1
vn -1.53422434E-07 0 1
vn -1.53422434E-07 0 1
vn 0.304211468 -0.949795365 0.0731039643
vn 0.304211468 -0.949795365 0.0731039643
vn 0.304211468 -0.949795365 0.0731039643
vn 0.433101058 -0.558283508 -0.707631946
vn 0.433101058 -0.558283508 -0.707631946
vn 0.433101058 -0.558283508 -0.707631946
vn 0.282389194 -0.318725228 0.90480417
vn 0.282389194 -0.318725228 0.90480417
vn 0.282389194 -0.318725228 0.90480417
vn 0.398877978 -0.457368761 0.79480201
vn 0.398877978 -0.457368761 0.79480201
vn 0.398877978 -0.457368761 0.79480201
vn 0.139327928 0.703761876 -0.696639717
vn 0.139327928 0.703761876 -0.696639717
vn 0.139327928 0.703761876 -0.696639717
vn 0.0690308362 0.681425512 -0.728624701
vn 0.0690308362 0.681425512 -0.728624701
vn 0.0690308362 0.681425512 -0.728624701
vn 0.258679032 0.650517702 -0.714081168
vn 0.258679032 0.650517702 -0.714081168
vn 0.258679032 0.650517702 -0.714081168
vn 0.274404526 0.607504129 -0.745413184
vn 0.274404526 0.607504129 -0.745413184
vn 0.274404526 0.607504129 -0.745413184
vn 0.396623909 0.611127913 -0.684990585
vn 0.396623909 0.611127913 -0.684990585
vn 0.396623909 0.611127913 -0.684990585
vn 0.435150564 0.46940884 -0.768309414
vn 0.435150564 0.46940884 -0.768309414
vn 0.435150564 0.46940884 -0.768309414
vn -0.02617901 0.720463157 -0.692998946
vn -0.02617901 0.720463157 -0.692998946
vn -0.02617901 0.720463157 -0.692998946
vn -0.378589511 -0.687937737 0.619202375
vn -0.378589511 -0.687937737 0.619202375
vn -0.378589511 -0.687937737 0.619202375
vn -0.419105053 -0.765521586 0.488188148
vn -0.419105053 -0.765521586 0.488188148
vn -0.419105053 -0.765521586 0.488188148
vn -0.44624269 -0.819287062 -0.360050291
vn -0.44624269 -0.819287062 -0.360050291
vn -0.44624269 -0.819287062 -0.360050291
vn -0.304211497 0.949795246 0.0731039718
vn -0.304211497 0.949795246 0.0731039718
vn -0.304211497 0.949795246 0.0731039718
vn 1.53422434E-07 0 1
vn 1.53422434E-07 0 1
vn 1.53422434E-07 0 1
vn -0 0 1
vn -0 0 1
vn 1.15583845E-07 0 1
vn -1.60184368E-06 0 1
vn -0 0 1
vn -2.2923858E-07 0 1
vn -1.97934583E-06 0 1
vn -1.41202733E-07 0 1
vn -0 0 1
vn -0 0 1
vn -0 0 1
vn -0 0 1
vn 1.81344205E-07 0 1
vn 2.3193563E-07 0 1
vn -0 0 1
vn 1.87532081E-07 0 1
vn -0 0 1
vn -0 0 1
vn -0 0 1
vn -0 0 1
vn -0 0 1
vn -1.07032022E-07 0 1
vn -0 0 1
vn -0 0 1
vn -0 0 1
vn -0 0 1
vn -0 0 1
vn -0 0 1
vn -0 0 1
vn -0 0 1
vn -4.12822203E-07 0 1
vn -0 0 1
vn -0 0 1
vn -0 0 1
vn -0 0 1
vn -0 0 1
vn -0 0 1
vn -1.45809622E-06 0 1
vn -3.49300961E-07 0 1
vn -0 0 1
vn -0 0 1
vn -0 0 1
vn -5.41422708E-07 0 1
vn -0 0 1
vn -1.27171313E-06 0 1
vn 7.4901817E-07 0 1
vn 4.11566987E-07 0 1
vn -0 0 1
vn -0 0 1
vn -3.28872886E-07 0 1
vn -0 0 1
vn -0 0 1
vn -7.79358913E-07 0 1
vn 6.61521653E-07 0 1
vn 4.55945695E-07 0 1
vn -2.03939351E-07 0 1
vn -1.08142473E-07 0 1
vn -0 0 1
vn 1.42116448E-07 0 1
vn -0 0 1
vn -0 0 1
vn -0 0 1
vn -0 0 1
vn -0 0 1
vn -7.56403267E-07 0 1
vn -2.3550615E-06 0 1
vn -0 0 1
vn 2.02943809E-07 0 1
vn 1.07721895E-07 0 1
vn -0 0 1
vn -0 0 1
vn -0 0 1
vn -0 0 1
vn -0 0 1
vn -1.86394701E-07 0 1
vn -2.31167391E-07 0 1
vn -0 0 1
vn -0 0 1
vn -0 0 1
vn -0 0 1
vn -0 0 1
vn -0 0 1
vn -0 0 1
vn -2.01014004E-07 0 1
vn 4.47427301E-05 0 1
vn -6.14313285E-06 0 1
vn -2.16211151E-06 0 1
vn 4.36894079E-05 0 1
vn -0 0 1
vn -2.09401833E-06 0 1
vn -0 0 1
vn 1.42046531E-07 0 1
vn -1.91400801E-07 0 1
vn -1.12272716E-07 0 1
vn 1.23345188E-07 0 1
vn -0 0 1
vn -1.47461805E-07 0 1
vn -0 0 1
vn -2.35663023E-07 0 1
vn -0 0 1
vn -0 0 1
vn -0 0 1
vn -0 0 1
vn -0 0 1
vn -0 0 1
vn -4.8744273E-06 0 1
vn 5.15597094E-06 0 1
vn 5.15582724E-06 0 1
vn 8.95014746E-05 0 1
vn -5.15546435E-06 0 1
vn -8.94934783E-05 0 1
vn -0.355847269 0.93454349 -0.00113359897
vn -0.300135314 0.953896642 0
vn -0.30883503 0.951106369 0.00419131061
vn -0.385388911 0.922730327 0.00663546193
vn -0.477709055 0.87848562 0.00756151183
vn -0.527485311 0.849564135 8.93309843E-05
vn -0.576985717 0.816749811 0.002681199
vn -0.59269464 0.805306733 0.0139349494
vn -0.569227993 0.821862161 0.0228524879
vn -0.605728984 0.795671046 0
vn -0.605728984 0.795671046 0
vn 1.2644623E-06 0 -1
vn 1.00523323E-07 0 -1
vn 1.9137056E-07 0 -1
vn -3.36412256E-07 0 -1
vn -0 0 -1
vn -2.38441373E-07 0 -1
vn -1.35394075E-07 0 -1
vn -2.50485954E-07 0 -1
vn -4.87356544E-07 0 -1
vn -1.20328502E-06 0 -1
vn -0 0 -1
vn 0.970295787 0.241921648 0
vn 0.970295787 0.241921633 0
vn 0.970295787 0.241921648 0
vn 0.970295787 0.241921619 0
vn -0.219279632 0.975661993 0
vn -0.178157896 0.983980179 -0.00654547056
vn -0.194268331 0.980940282 -0.00398858124
vn -0.152949497 0.988225937 -0.00398862641
vn -0.169127285 0.985572398 -0.00654550083
vn -0.127639011 0.991820693 0
vn -0.0668978244 0.99736613 -0.0280254818
vn -0.00470166327 0.999869585 -0.0154534411
vn 0.0629283786 0.99739933 -0.0351370126
vn -0.278255731 0.960098147 -0.0280244425
vn -0.337557256 0.941178143 -0.0154526336
vn -0.400263935 0.915726006 -0.0351362005
vn 0.039157182 0.999109328 -0.0157249421
vn 0.0578850321 0.998323262 0
vn -0.160085976 0.987103045 0
vn -0.160086378 0.987103045 0
vn -0.463386565 0.886156261 0
vn -0.463386983 0.886156023 0
vn -0.37850824 0.925464392 -0.0157245807
vn -0.395837098 0.918320715 0
vn -0.187179625 0.982325733 0
vn -0.18718043 0.982325494 0
vn 0.132353619 0.991202593 0
vn 0.132353619 0.991202593 0
vn -0.661331236 0.750093997 0
vn -0.661331296 0.750093937 0
vn -0.719339609 0.694658637 0
vn -0.719339609 0.694658637 0
vn 0.364902705 0.931045651 0
vn 0.364902824 0.931045592 0
vn 0.438370883 0.898794174 0
vn 0.438370794 0.898794174 0
vn 0.686102033 0.171064243 -0.707107484
vn 0.686102271 0.171064436 -0.707107246
vn 0.686103463 0.171064407 -0.707106054
vn 0.686103404 0.171064779 -0.707105994
vn 0.686102211 0.171065107 -0.707107008
vn -0.15489985 0.689211965 -0.707808495
vn -0.139212102 0.692072392 -0.708276629
vn -0.141625777 0.692718327 -0.707165718
vn -0.128156424 0.694443583 -0.708042383
vn -0.105886474 0.697948635 -0.708276689
vn -0.117086522 0.69639653 -0.70804143
vn -0.103839666 0.699381888 -0.707164943
vn -0.0901646689 0.700625956 -0.707809031
vn -0 0 -1
vn -0 0 -1
vn -0 0 -1
vn -0 0 -1
vn -0 0 -1
vn -0 0 -1
vn -0 0 -1
vn -0 0 -1
vn -0 0 -1
vn -0 0 -1
vn -0 0 -1
vn -0 0 -1
vn -0 0 -1
vn -0 0 -1
vn -0 0 -1
vn -0 0 -1
vn -0 0 -1
vn -0 0 -1
vn -0 0 -1
vn -0 0 -1
vn -0 0 -1
vn -0 0 -1
vn -0 0 -1
vn -0 0 -1
vn -0 0 -1
vn -0 0 -1
vn -0 0 -1
vn -0 0 -1
vn -0 0 -1
vn -0 0 -1
vn -0 0 -1
vn -0 0 -1
vn -0 0 -1
vn -0 0 -1
vn -0 0 -1
vn -0 0 -1
vn -0 0 -1
vn -2.70122968E-07 0 -1
vn -0 0 -1
vn 2.40384367E-07 0 -1
vn 1.08658824E-07 0 -1
vn -0 0 -1
vn -0.389635265 0.0040914109 -0.920960188
vn -0.1017363 -0.385962665 -0.916887462
vn -0 0 -1
vn -0 0 -1
vn -0 0 -1
vn -0 0 -1
vn -0 0 -1
vn -0 0 -1
vn -0 0 -1
vn -0 0 -1
vn -0 0 -1
vn -0 0 -1
vn -0 0 -1
vn -0 0 -1
vn -0 0 -1
vn -0 0 -1
vn -0 0 -1
vn -0 0 -1
vn -0 0 -1
vn -0 0 -1
vn -0 0 -1
vn -0 0 -1
vn -0 0 -1
vn -0 0 -1
vn -0 0 -1
vn -0 0 -1
vn -0 0 -1
vn -0 0 -1
vn -0 0 -1
vn -0 0 -1
vn -0 0 -1
vn -0 0 -1
vn -0 0 -1
vn -0 0 -1
vn -0 0 -1
vn -0 0 -1
vn -0 0 -1
vn -0 0 -1
vn -0 0 -1
vn -0 0 -1
vn -0 0 -1
vn -0 0 -1
vn -0 0 -1
vn -0 0 -1
vn -0 0 -1
vn -0 0 -1
vn -0 0 -1
vn -0 0 -1
vn -0 0 -1
vn -0 0 -1
vn -0 0 -1
vn -0 0 -1
vn -0 0 -1
vn -0 0 -1
vn -0 0 -1
vn -0 0 -1
vn -0 0 -1
vn -0 0 -1
vn -0 0 -1
vn -0 0 -1
vn -0 0 -1
vn -0 0 -1
vn -0 0 -1
vn -0 0 -1
vn -0 0 -1
vn -0 0 -1
vn -0 0 -1
vn -0 0 -1
vn -0 0 -1
vn -0 0 -1
vn -0 0 -1
vn -0.994521856 -0.10452871 0
vn -0.994521856 -0.104528785 0
vn -0.994521856 -0.104528666 0
vn -0.994521856 -0.104528852 0
vn -0.703233778 -0.0739125833 -0.707106173
vn -0.703232884 -0.0739128739 -0.707107008
vn -0.703232765 -0.073912926 -0.707107186
vn -0.7032336 -0.0739126652 -0.707106352
vn -0.703232765 -0.0739129707 -0.707107186
vn -0 0 -1
vn -0 0 -1
vn -0 0 -1
vn -0 0 -1
vn -0 0 -1
vn -0 0 -1
vn -0 0 -1
vn -0 0 -1
vn -0 0 -1
vn -0 0 -1
vn -0 0 -1
vn 0.0147537496 0.999890566 -0.00113375555
vn -0.0350884311 0.999375522 0.00419131154
vn -0.0442178398 0.999021888 0
vn 0.046554599 0.998893797 0.00663562631
vn 0.148440257 0.988892496 0.00756163383
vn 0.205106616 0.978739619 8.96853744E-05
vn 0.288033098 0.957618535 0.00190025941
vn 0.289920062 0.956973016 0.0122024938
vn 0.348318607 0.937376201 0
vn 0.253806114 0.966985047 0.0228525121
vn 0.297063082 0.954857767 0
vn 0.297063053 0.954857886 0
vn -0.719339788 0.694658399 1.20014704E-07
vn -0.719339728 0.694658458 0
vn -0.719340026 0.69465816 1.33827015E-07
vn -0.691249013 0.722616792 -7.17118269E-07
vn -0.663688302 0.748009264 0
vn -0.474507004 0.880251706 1.13499595E-06
vn -0.474506438 0.880252004 1.55513135E-06
vn -0.184886023 0.982759953 1.17583625E-06
vn -0.184880093 0.982761085 1.04067688E-07
vn 0.122191086 0.992506564 -2.24812425E-07
vn 0.122192606 0.992506444 1.5727021E-06
vn 0.394671232 0.918822408 2.25115787E-06
vn 0.394667596 0.918823957 5.73301395E-06
vn 0.59595269 0.803019524 1.74410127E-06
vn 0.595952094 0.803019941 1.84331952E-06
vn 0.748605371 0.663015962 -1.37901748E-06
vn 0.74860549 0.663015723 -1.6390627E-06
vn 0.81324625 0.581919789 -2.47439033E-07
vn 0.81324631 0.58191967 0
vn -0.719342411 0.694655597 -4.05544597E-05
vn -0.719332993 0.694665492 0
vn -0.719340622 0.694657505 -1.8762222E-06
vn -0.7724877 0.635026932 0.00187326712
vn -0.755664885 0.654958367 0
vn -0.850799322 0.525490165 -0.000812608399
vn -0.903309464 0.428972572 0.00379851391
vn -0.943834126 0.330418825 -0.000757708796
vn -0.99309957 0.117260389 0.00177293096
vn -0.931492746 -0.223099738 0.287311405
vn -0.97910589 -0.203347906 0.00117863866
vn -0.712499738 -0.568844557 0.410803974
vn -0.862597704 -0.505883694 0.00260712719
vn -0.388876528 -0.581756771 0.714376807
vn -0.442694873 -0.565914989 0.695529521
vn -0.509069145 -0.488694787 0.708537936
vn -0.542036355 -0.462865859 0.70139271
vn -0.566943944 -0.412391782 0.713097215
vn -0.56416446 -0.408686936 0.717421353
vn -0.746203601 -0.646134555 0.160282075
vn -0.656529188 -0.754294634 0.0029942838
vn -0.651014924 -0.759064913 8.51220364E-07
vn -0.51439333 -0.857554257 0.000219590773
vn -0.38999474 -0.920815408 0.00174497021
vn -0.353083193 -0.935514748 0.0120245768
vn -0.12854825 -0.988225937 -0.0829751268
vn 0.0448958762 -0.997699916 0.0507863425
vn 0.181211457 -0.983444095 0.000211163118
vn -0.0966671705 -0.834253073 0.542841911
vn -0.147391021 -0.912828505 0.380814999
vn -0.304454058 -0.951027572 0.0534259751
vn -0.476571888 -0.877527654 0.053146787
vn -0.566251338 -0.824021578 0.0186507795
vn -0.607329667 -0.794251859 0.01773501
vn -0.667792916 -0.740123868 0.0791789666
vn -0.729534686 -0.683280528 0.0301137138
vn -0.776929855 -0.624827027 0.0772729665
vn -0.793770194 -0.587220371 0.158433214
vn -0.629179955 -0.776793659 0.0269109476
vn -0.630320489 -0.776335001 0
vn -0.377194673 -0.926003337 0.015554091
vn -0.387911588 -0.921522558 0.0179070774
vn -0.421464145 -0.906837821 0.00362308137
vn -0.423990488 -0.905650139 0.00545458356
vn -0.491834939 -0.868576884 -0.0606014132
vn -0.46408239 -0.88577342 0.00574534945
vn -0.488371462 -0.872504294 -0.0151482848
vn -0.484319806 -0.874891102 0
vn -0.484319419 -0.874891162 0
vn 0.147707179 0.693456054 -0.705195844
vn 0.210611194 0.69484663 -0.687627256
vn 0.211924091 0.696864188 -0.685177743
vn 0.139569819 0.693597972 -0.706712246
vn 0.0396957994 0.708305955 -0.704788506
vn 0.0181277599 0.707931161 -0.706048727
vn -0.0391816385 0.730364025 -0.681933403
vn -0.0404312909 0.733815908 -0.678144097
vn 0.707527697 0.0282407124 -0.706121206
vn 0.706676126 -0.0246780869 -0.70710659
vn 0.706676304 -0.0246779397 -0.707106531
vn 0.707535863 0.0249080658 -0.706238329
vn 0.684346199 0.177982733 -0.707101464
vn 0.684339046 0.177983925 -0.707108021
vn 0.60511744 0.365850657 -0.707096934
vn 0.605106294 0.365846694 -0.707108498
vn 0.475563407 0.523305953 -0.707099915
vn 0.475560367 0.523297906 -0.707107902
vn 0.363538265 0.608190954 -0.705651224
vn 0.360813737 0.609223425 -0.706158876
vn 0.345142901 0.617282093 -0.706993103
vn 0.34883818 0.613960445 -0.708070874
vn 0.383264095 0.594586611 -0.70680654
vn 0.390092969 0.588253736 -0.708367825
vn 0.40649882 0.575694263 -0.709460914
vn 0.407154441 0.571786702 -0.712239563
vn 0.999299407 0.0374257974 0
vn 0.999390841 -0.0348993242 0
vn 0.999390841 -0.0348993205 0
vn 0.999299526 0.0374239385 0
vn 0.967803359 0.251707166 0
vn 0.967802942 0.251709104 0
vn 0.855748415 0.517392218 -2.98422918E-07
vn 0.855750084 0.517389536 0
vn 0.672542453 0.740058541 -2.78927075E-07
vn 0.67254591 0.740055501 -5.57852957E-07
vn 0.534855604 0.844685137 -0.0208893176
vn 0.53810519 0.84276998 0.0134742502
vn 0.572326124 0.819993675 -0.00729105528
vn 0.466275245 0.867761791 -0.171979159
vn 0.499885619 0.856294811 0.12989834
vn 0.537469029 0.841903031 -0.0482316799
vn 0.580044985 0.814584494 -1.56099998E-06
vn 0.631417572 0.775281668 -0.0158141647
vn 0.650282919 0.759676099 -0.00493626157
vn 0.680769801 0.732246459 -0.0191708747
vn 0.688586831 0.724964082 -0.0165901706
vn 0.70150131 0.7126683 0
vn -0 0 -1
vn -0 0 -1
vn -0 0 -1
vn -0 0 -1
vn -0 0 -1
vn -0 0 -1
vn -0 0 -1
vn -0 0 -1
vn -0 0 -1
vn -0 0 -1
vn -0 0 -1
vn -0 0 -1
vn -0 0 -1
vn -0 0 -1
vn -0 0 -1
vn -0 0 -1
vn -0 0 -1
vn -0 0 -1
vn -0 0 -1
vn -0 0 -1
vn -0 0 -1
vn -0 0 -1
vn -0 0 -1
vn -0 0 -1
vn -0 0 -1
vn -0 0 -1
vn -0 0 -1
vn -0 0 -1
vn -0 0 -1
vn -0 0 -1
vn -0 0 -1
vn -0 0 -1
vn -0 0 -1
vn -0 0 1
vn -0 0 1
vn -0 0 1
vn -0 0 1
vn -0 0 1
vn -2.07981188E-07 0 1
vn -0 0 1
vn -0 0 1
vn -1.2898775E-07 0 1
vn -0 0 1
vn -0 0 1
vn -1.28020133E-07 0 1
vn -0 0 1
vn -0 0 1
vn -0 0 1
vn -0 0 1
vn -0 0 1
vn -0 0 1
vn -0 0 1
vn -0 0 1
vn -0 0 1
vn -0 0 1
vn -0 0 1
vn -0 0 1
vn -0 0 1
vn -0 0 1
vn -0 0 1
vn -0 0 1
vn -0 0 1
vn -0 0 1
vn -0 0 1
vn 0.471945107 0.516132534 0.714755297
vn 0.470923841 0.512235463 0.71822381
vn 0.44904846 0.54518491 0.707904518
vn 0.436879069 0.555549324 0.707461357
vn 0.380108833 0.59506011 0.708110631
vn 0.373423874 0.600396395 0.70716238
vn 0.368458956 0.604994893 0.705846429
vn 0.371005476 0.604136407 0.705247641
vn 0.475559503 0.523302019 0.707105398
vn 0.475560904 0.523289859 0.707113445
vn 0.605107844 0.365854323 0.707103372
vn 0.6051085 0.365840942 0.707109571
vn 0.684342027 0.177988261 0.707104087
vn 0.684337437 0.17797862 0.707110882
vn 0.707536519 0.0249079783 0.706237674
vn 0.707527578 0.0282407105 0.706121325
vn 0.706676483 -0.0246779304 0.707106233
vn 0.706676483 -0.0246780775 0.707106233
vn -0.20936656 0.676702321 0.705860913
vn -0.264888227 0.655620873 0.70710355
vn -0.264888108 0.655620515 0.707103908
vn -0.213297218 0.675297737 0.706029177
vn -0.0428790301 0.705803514 0.707108736
vn -0.042881906 0.705804408 0.707107604
vn 0.183569089 0.682863057 0.707107067
vn 0.183571219 0.682864904 0.707104683
vn 0.390996069 0.58917141 0.707106173
vn 0.390997678 0.589173734 0.707103312
vn 0.527755201 0.471834898 0.706290424
vn 0.525100052 0.474577188 0.706432164
vn 0.574794471 0.41200918 0.707007706
vn 0.576185822 0.408533752 0.707891285
vn 0.591201723 0.388439178 0.706820726
vn 0.59382534 0.381929964 0.708167315
vn 0.338224739 0.56647259 0.751473725
vn 0.324070662 0.566908538 0.757359207
vn 0.0774847269 0.69537431 0.714458406
vn 0.0780050382 0.702791572 0.707106233
vn 0.147641227 0.688084245 0.710452139
vn 0.188384622 0.671404779 0.716747463
vn 0.206439018 0.676096201 0.707302511
vn 0.177567109 0.675176203 0.715965748
vn 0.235467449 0.641730309 0.729888499
vn 0.221999481 0.57886976 0.784618378
vn 0.163196713 0.414838761 0.895139933
vn 0.156339869 0.396104932 0.904797673
vn -0.298529059 0.954400539 6.87966974E-07
vn -0.374607682 0.927183449 0
vn -0.374607444 0.927183449 0
vn -0.298526943 0.954401195 -9.17115585E-07
vn -0.0606492907 0.998159111 2.14550255E-06
vn -0.0606378056 0.998159826 -1.9967049E-06
vn 0.259599537 0.965716302 8.29586725E-07
vn 0.259607881 0.965714097 -2.82240507E-07
vn 0.55294776 0.833215952 1.5570098E-06
vn 0.552950859 0.833213866 1.53702865E-06
vn 0.776822865 0.629653215 0.00911432691
vn 0.744373441 0.667763531 0
vn 0.821887732 0.568537831 0.0355705023
vn 0.842660546 0.523386002 0.126452565
vn 0.482852489 0.875562608 0.0156053994
vn 0.506504416 0.862237275 0.000470459752
vn 0.109425895 0.993994653 0.00084824505
vn 0.245660037 0.969248235 0.0144555047
vn 0.286936551 0.957948565 0.00141598366
vn 0.520352244 0.853938639 0.00473282114
vn 0.543621838 0.839282095 -0.00899078418
vn 0.827130735 0.560868382 -0.0357955508
vn 0.76016593 0.649706304 -0.00543015869
vn 0.779541969 0.626280129 0.00935911015
vn 0.764675617 0.644340932 0.0097943116
vn 0.789059341 0.612638414 0.0453815237
vn 0.788598478 0.613567412 0.0405901112
vn 0.749104381 0.66243422 0.0048432895
vn 0.730523467 0.682805598 0.0105838431
vn 0.663560987 0.748100996 0.00563951721
vn 0.657450497 0.75349772 0
vn 0.470846623 0.882215142 0
vn 0.470854998 0.882210612 0
vn 0.197535455 0.980295718 0
vn 0.197539985 0.980294764 0
vn -0.0924365669 0.995718658 0
vn -0.092431888 0.995719016 0
vn -0.30613029 0.951989651 0
vn -0.306125462 0.951991141 0
vn -0.374603659 0.927184999 -2.68411839E-07
vn -0.374605507 0.927184284 -6.20362641E-07
vn -0.374601811 0.927185833 0
vn -0.187929153 0.684139013 -0.704724431
vn -0.187929153 0.684139013 -0.704724431
vn -0.187929153 0.684139013 -0.704724431
vn -0.15204303 0.672531605 -0.724281728
vn -0.26488626 0.655616045 -0.707108796
vn -0.264885843 0.655616581 -0.707108438
vn -0.26488629 0.655616045 -0.707108736
vn -0.264885873 0.655616641 -0.707108378
vn 0.483461916 0.515348315 -0.707587898
vn 0.49245134 0.500291646 -0.71217978
vn 0.492864579 0.501290262 -0.711191058
vn 0.480775744 0.518178344 -0.707351387
vn 0.45639044 0.539421678 -0.707624197
vn 0.458630025 0.538005769 -0.707253993
vn 0.441366613 0.547717154 -0.710775256
vn 0.440580159 0.547273695 -0.711604238
vn -0 0 -1
vn -0 0 -1
vn -0 0 -1
vn -0 0 -1
vn -0 0 -1
vn -0 0 -1
vn -0 0 -1
vn -0 0 -1
vn -0 0 -1
vn -0 0 -1
vn -0 0 -1
vn -0 0 -1
vn -0 0 -1
vn -0 0 -1
vn -0 0 -1
vn -0.264885962 0.655617654 -0.707107365
vn -0.215081453 0.674657822 -0.706099808
vn -0.264885992 0.655617535 -0.707107484
vn -0.218264133 0.673502028 -0.706226468
vn -0.0653592795 0.704079449 -0.707106948
vn -0.0653569326 0.704078197 -0.707108378
vn 0.139680043 0.693175197 -0.7071051
vn 0.139679849 0.693170726 -0.707109451
vn 0.332943439 0.623817563 -0.707106888
vn 0.332942337 0.623818398 -0.707106829
vn 0.472734392 0.526445925 -0.706665993
vn 0.470376968 0.528249502 -0.706893086
vn 0.536936104 0.46013096 -0.707091987
vn 0.540017784 0.455312192 -0.707864106
vn 0.572683096 0.41465646 -0.707173347
vn 0.578351676 0.405513376 -0.707861722
vn 0.341477662 0.558765233 -0.755760789
vn 0.333592981 0.559843838 -0.758479059
vn 0.08982151 0.687024534 -0.721061289
vn 0.18835552 0.666530013 -0.721290529
vn 0.195219904 0.678281665 -0.708394885
vn 0.317715913 0.552959561 -0.770254731
vn 0.414248228 0.598172545 -0.685994208
vn 0.39066568 0.676438928 -0.624348164
vn 0.536766171 0.466823131 -0.702821732
vn 0.50529635 0.488864571 -0.711116791
vn 0.645468235 0.296333343 -0.703958452
vn 0.653062582 0.25964883 -0.711401165
vn 0.704942763 0.090170227 -0.703509092
vn 0.701033592 0.0452433527 -0.711691558
vn 0.70000124 -0.124610029 -0.703185976
vn 0.680643439 -0.173225015 -0.711841047
vn 0.630932033 -0.328277022 -0.702964425
vn 0.594072998 -0.374576479 -0.711877644
vn 0.544029713 -0.444023192 -0.711951613
vn 0.519191325 -0.448032171 -0.727810085
vn 0.567579269 0.466431558 -0.678450763
vn 0.547473371 0.374153972 -0.748519719
vn 0.565368891 0.391454488 -0.726031303
vn 0.589776993 0.417255938 -0.691419184
vn 0.484052926 0.503762484 -0.715483189
vn 0.435692549 0.616756022 -0.65557909
vn 0.316986263 0.59842062 -0.735807419
vn 0.28059864 0.655298412 -0.701319039
vn 0.280347079 0.669124901 -0.688242257
vn 0.624257207 0.328608871 -0.708744764
vn 0.629856169 0.319852322 -0.707796454
vn 0.626944542 0.325307727 -0.707895041
vn 0.632596433 0.314962357 -0.7075454
vn 0.633945405 0.310723335 -0.708211899
vn 0.8874982 0.46080777 0.0017887787
vn 0.890949607 0.454102039 0.000367413653
vn 0.884875298 0.465812624 0.00378911686
vn 0.894746184 0.446573913 -0.00102197786
vn 0.894657552 0.446752459 0
vn 0.897906899 0.440185338 -0.000284674083
vn 0.898294389 0.439392924 -0.00102337508
vn 0.899502575 0.436915517 0
vn 0.408104628 0.902063787 -0.140468597
vn 0.371653885 0.92837137 0
vn 0.371148735 0.928560615 -0.00488856528
vn 0.439419538 0.897885144 -0.0266938917
vn 0.253626436 0.946927488 -0.197489023
vn 0.447884977 0.894025505 -0.0108399894
vn -0.332116723 0.82646215 -0.454597384
vn 0.458755463 0.888479233 0.0121679055
vn 0.470117539 0.879868567 0.0694326237
vn 0.452246845 0.891670823 0.019897189
vn 0.579745293 0.814011872 0.035778515
vn -0.652325451 0.757938981 0
vn 0.452086568 0.890078783 0.0581164956
vn 0.579303563 0.803976834 0.134270638
vn 0.731111944 0.678662241 0.0699496567
vn 0.749092519 0.662449062 0.00464035897
vn 0.726546884 0.687116444 -0.000802435272
vn 0.549790382 0.835294664 0.00365435006
vn 0.535990357 0.844224095 -0.000285928458
vn 0.431953758 0.901888251 0.00365639036
vn 0.431173712 0.902267933 0.00131795544
vn -0.680408895 -0.176927239 -0.711154401
vn -0.97145915 -0.237206981 0
vn -0.686483443 -0.160787284 -0.709145904
vn -0.97145915 -0.237206861 0
vn -0.70007664 -0.0837001801 -0.709145248
vn -0.99400264 -0.109355964 0
vn -0.699888408 -0.0664561912 -0.711153805
vn -0.693022966 -0.0147685343 -0.720764279
vn -0.68670243 -0.00976860244 -0.726872921
vn -0.99400264 -0.109355949 0
vn 0.430119038 -0.902682424 0.0127260583
vn -0.353752971 -0.935338974 0
vn 0.729935527 -0.683226585 0.0198872276
vn 0.742701173 -0.666010797 0.0694584772
vn 0.734968245 -0.677992165 0.0121729681
vn 0.726650357 -0.686921895 -0.0108401533
vn 0.689541459 -0.72423023 0.00481263315
vn 0.725118935 -0.688219726 -0.0235819723
vn 0.685927153 -0.727669358 -0.00116208871
vn 0.659743547 -0.751490712 0.000339623919
vn 0.666760981 -0.745271623 0
vn 0.703944266 -0.709473908 0.033305157
vn 0.821337163 -0.569707632 0.0289577954
vn 0.844600677 -0.527870357 0.0894571319
vn 0.945601106 -0.321554273 0.0494113639
vn 0.930487692 -0.366293848 0.00464094896
vn 0.917738378 -0.397184551 -0.000801915477
vn 0.802321494 -0.596881032 0.00365506532
vn 0.792407632 -0.609991848 -0.000285134709
vn 0.714367747 -0.699760973 0.00365719385
vn 0.713764489 -0.700384557 0.00131878804
vn 0.264396638 0.654738069 -0.708104849
vn 0.261814207 0.653997242 -0.709747076
vn 0.278451413 0.648974001 -0.708023667
vn 0.282745808 0.648258507 -0.706976473
vn 0.30982998 0.634884 -0.70776248
vn 0.310214043 0.635425329 -0.707108021
vn 0.527105689 0.522550285 -0.670149863
vn 0.651445985 0.432945073 -0.623038292
vn 0.842133641 0.148490891 -0.518421888
vn 0.842133939 0.148490965 -0.51842165
vn 0.760234475 -0.184027359 -0.623038948
vn 0.674040198 -0.310755819 -0.670149744
vn 0.508288503 -0.490628213 -0.707761884
vn 0.508835435 -0.491006017 -0.707106411
vn 0.487410903 -0.512458682 -0.706977189
vn 0.483619869 -0.514600217 -0.708024263
vn 0.47238493 -0.524823368 -0.708105206
vn 0.469705731 -0.525011003 -0.70974642
vn -0.879832208 -0.47523421 -0.00690025091
vn -0.885933638 -0.463811934 0
vn -0.871247709 -0.490842849 -0.000839966175
vn -0.85057795 -0.525815308 -0.00594616309
vn -0.834585965 -0.550863445 -0.00396121899
vn -0.798467815 -0.602032483 -0.00246085902
vn -0.792499661 -0.609872222 -0.000456207898
vn -0.653222144 -0.757165015 0.00138955889
vn -0.639888763 -0.768467546 0
vn -0.342020154 -0.939692616 0
vn -0.342020154 -0.939692557 0
vn 0.0370768458 -0.99931109 -0.00162538025
vn -0.00377809349 -0.999992847 0
vn 0.243569002 -0.96489954 0.0981984288
vn 0.288710386 -0.957029223 0.0272276215
vn 0.32055214 -0.947045505 -0.0187385678
vn 0.368515432 -0.929595947 -0.0068992814
vn 0.380530328 -0.924768448 0
vn 0.278470397 -0.837702036 -0.469797492
vn 0.250249237 -0.934975743 -0.251387656
vn -0.370556772 -0.713194549 -0.595013678
vn -0.385008961 -0.707584202 -0.592530727
vn -0.385008961 -0.707584202 -0.592530727
vn -0.360309005 -0.717727184 -0.595856667
vn -0.320407629 -0.732583642 -0.600549877
vn -0.321945131 -0.73320049 -0.598972797
vn -0.297750652 -0.740234137 -0.602824986
vn -0.290820658 -0.743184388 -0.602578104
vn -0.283035696 -0.748254597 -0.600004971
vn -0.275820851 -0.750856578 -0.600114405
vn -0.60328418 -0.369940639 -0.70653522
vn -0.616785824 -0.342665881 -0.708629251
vn -0.620983005 -0.340136945 -0.706177771
vn -0.592370689 -0.380590647 -0.710103989
vn -0.562776983 -0.430282772 -0.705789506
vn -0.541944563 -0.448164344 -0.710946321
vn -0.486133814 -0.54262358 -0.685006201
vn -0.436011851 -0.61097765 -0.660757184
vn -0.265476048 -0.729389429 -0.630486608
vn -0.265475869 -0.729389489 -0.630486667
vn -0.0587250032 -0.748298407 -0.660757661
vn 0.0236081965 -0.72815448 -0.68500644
vn 0.127079174 -0.691668808 -0.71094656
vn 0.154532284 -0.691362083 -0.705789208
vn 0.209143698 -0.672317982 -0.710103869
vn 0.224349082 -0.671174705 -0.70653522
vn 0.25222373 -0.658959687 -0.708629191
vn 0.257064104 -0.659720182 -0.70617801
vn -0.635146856 -0.332518548 0.697151363
vn -0.631022811 -0.333207637 0.70055902
vn -0.617034018 -0.347405046 0.70610106
vn -0.610652626 -0.359200567 0.705746651
vn -0.592964828 -0.387353629 0.705939054
vn -0.58916682 -0.391842663 0.706641316
vn -0.455325127 -0.531508267 0.714267433
vn -0.473299384 -0.515444279 0.714356363
vn -0.353261799 -0.612540424 0.707107008
vn -0.353261709 -0.612540603 0.707106829
vn -0.353261232 -0.612539768 0.707107902
vn -0.353262067 -0.612541199 0.707106173
vn -0.239996895 -0.659386158 0.712468445
vn -0.239996552 -0.659386277 0.712468445
vn -0.12311928 -0.696305871 0.707106531
vn -0.123119399 -0.696305275 0.707107186
vn -0.123119332 -0.696305811 0.70710665
vn -0.123119161 -0.696305394 0.707107067
vn -0.123120278 -0.696306884 0.707105398
vn -0.123120777 -0.696308255 0.707103908
vn -0 0 1
vn -0 0 1
vn -0 0 1
vn -0 0 1
vn -0 0 1
vn -0 0 1
vn -0 0 1
vn -0 0 1
vn -0 0 1
vn -0 0 1
vn -0.286572129 -0.64580512 0.707680881
vn -0.264577806 -0.651851773 0.710695267
vn -0.266858518 -0.653185248 0.708615243
vn -0.294845283 -0.643393636 0.706477761
vn -0.32987389 -0.624795854 0.707681656
vn -0.337989151 -0.621813536 0.706478119
vn -0.357159078 -0.612512887 0.705170453
vn -0.359561473 -0.613493025 0.703094602
vn -0.671589792 -0.221285179 0.707106709
vn -0.692745924 -0.122149982 0.710761905
vn -0.671589971 -0.221285284 0.707106531
vn -0.692746162 -0.122149989 0.710761666
vn -0.706772983 -0.0217577759 0.707105696
vn -0.706772864 -0.0217579082 0.707105815
vn -0.949771404 -0.312944502 0
vn -0.949771523 -0.312944233 0
vn -0.984807849 -0.173647746 0
vn -0.984807849 -0.173647925 0
vn -0.999526501 -0.0307695977 0
vn -0.999526501 -0.0307702981 0
vn -0.530277967 0.468714476 0.706478655
vn -0.545112014 0.45342046 0.705168724
vn -0.547705352 0.453520298 0.703091919
vn -0.523671746 0.474291861 0.707682848
vn -0.497116774 0.503747523 0.706479669
vn -0.49016723 0.508843124 0.707682669
vn -0.474166691 0.522520721 0.708616972
vn -0.471567243 0.522047997 0.710696995
vn -0 0 1
vn -0 0 1
vn -0 0 1
vn -0 0 1
vn -0 0 1
vn -0 0 1
vn -0 0 1
vn -0 0 1
vn -0 0 1
vn -0 0 1
vn -0.698643327 0.115415975 0.706099689
vn -0.706933022 0.097290054 0.700557113
vn -0.710572898 0.095231846 0.697149217
vn -0.696681023 0.128682345 0.70574522
vn -0.689688265 0.161186948 0.70593828
vn -0.687654614 0.166704357 0.706640482
vn -0.609653711 0.343723476 0.714266419
vn -0.621050179 0.322480887 0.714354753
vn -0.541459084 0.454777241 0.70710659
vn -0.541459024 0.45477739 0.707106531
vn -0.541459501 0.454777569 0.707105994
vn -0.541458488 0.454777032 0.707107127
vn -0.451046556 0.537536681 0.712468386
vn -0.451046556 0.5375368 0.712468326
vn -0.353844821 0.612204313 0.70710659
vn -0.353844911 0.612204671 0.707106113
vn -0.353845239 0.612203836 0.707106769
vn -0.35384497 0.612204492 0.707106292
vn -0.353843927 0.612206459 0.70710516
vn -0.353843212 0.612207472 0.707104623
vn -0.991138279 0.132834196 0
vn -0.989311635 0.145653307 -0.00690051215
vn -0.986583173 0.163257435 -0.000840195338
vn -0.976407886 0.215934306 0.000163379722
vn -0.972660899 0.232196003 -0.0039615836
vn -0.952142715 0.302420735 -0.044338122
vn -0.879069626 0.476689845 -0.001844969
vn -0.957412064 0.271511883 0.09820164
vn -0.864130378 0.503268003 0
vn -0.642787635 0.766044438 0
vn -0.642787635 0.766044438 0
vn -0.34556815 0.938393712 0
vn -0.306943715 0.951726317 -0.00162504672
vn -0.10113474 0.990014434 0.0981994271
vn -0.0560243689 0.998058021 0.0272271857
vn -0.0226876177 0.999566972 -0.0187394638
vn 0.0283512231 0.999574244 -0.00689896056
vn 0.041293975 0.999147058 0
vn -0.0248343702 0.882422447 -0.469801813
vn -0.084629029 0.964186072 -0.251362294
vn -0.699867606 0.107236169 -0.706176877
vn -0.696788311 0.111047201 -0.708628595
vn -0.693429649 0.141295418 -0.706534445
vn -0.686816752 0.155034974 -0.710103512
vn -0.676003098 0.211852729 -0.705789208
vn -0.662542701 0.235780746 -0.710946262
vn -0.642404377 0.343632102 -0.68500632
vn -0.618683517 0.425006449 -0.660757244
vn -0.498931825 0.594603896 -0.630486429
vn -0.498931915 0.594603896 -0.630486429
vn -0.311116308 0.683085918 -0.660757363
vn -0.226858929 0.692316175 -0.685006142
vn -0.117149577 0.693420231 -0.710946023
vn -0.0912472457 0.702521145 -0.70578903
vn -0.0334157757 0.703303754 -0.710103691
vn -0.0187360197 0.707430005 -0.706535101
vn 0.0116352532 0.705485046 -0.70862931
vn 0.0159236174 0.707855165 -0.706178129
vn -0 0 -1
vn -0 0 -1
vn -0 0 -1
vn -0 0 -1
vn -0 0 -1
vn -0 0 -1
vn -0 0 -1
vn -0 0 -1
vn -0 0 -1
vn -0 0 -1
vn -0 0 -1
vn -0 0 -1
vn -0 0 -1
vn -0 0 -1
vn -0 0 -1
vn -0 0 -1
vn -0 0 -1
vn -0 0 -1
vn -0 0 -1
vn -0 0 -1
vn -0 0 -1
vn -0 0 -1
vn 0.704055071 -0.080515869 -0.705566168
vn 0.67804122 -0.1187637 -0.725365579
vn 0.701085687 -0.0892555565 -0.707469046
vn 0.671886861 -0.159747317 -0.723221123
vn 0.6928792 -0.244178712 -0.678450525
vn 0.696919024 -0.190377101 -0.691419065
vn 0.627157927 -0.307825953 -0.715483189
vn 0.620360911 -0.430546224 -0.655577838
vn 0.506904006 -0.464383692 -0.726220369
vn 0.487802416 -0.519810498 -0.701317191
vn 0.547137201 -0.643395185 -0.535428584
vn 0.384581864 -0.60906589 -0.693639278
vn 0.342019707 -0.658045888 -0.670819104
vn 0.349255681 -0.821155965 -0.451357186
vn 0.226987436 -0.677344918 -0.699771881
vn 0.21301502 -0.657968402 -0.722289622
vn 0.999526501 0.0307691693 0
vn 0.999526501 0.0307691712 0
vn 0.984807849 0.173648 0
vn 0.984807849 0.173647463 0
vn 0.949771523 0.312944114 0
vn 0.949771166 0.312945068 0
vn -0.706772149 -0.021756677 -0.707106531
vn -0.69274497 -0.12214949 -0.710762978
vn -0.706771731 -0.0217562988 -0.707106948
vn -0.692745388 -0.122149646 -0.710762501
vn -0.67159009 -0.221285447 -0.707106352
vn -0.671589732 -0.221285537 -0.707106769
vn -0 0 -1
vn -3.11274079E-07 0 -1
vn -7.92697335E-07 0 -1
vn 5.18782201E-07 0 -1
vn -0 0 -1
vn -1.26083421E-07 0 -1
vn -0 0 -1
vn -0 0 -1
vn -0 0 -1
vn -0 0 -1
vn -0 0 -1
vn -0 0 -1
vn -0 0 -1
vn -0 0 -1
vn -0 0 -1
vn -0 0 -1
vn -0 0 -1
vn -0 0 -1
vn -0 0 -1
vn -0 0 -1
vn -0 0 -1
vn -0 0 -1
vn -0 0 -1
vn -0 0 -1
vn -0 0 -1
vn -0 0 -1
vn -0 0 -1
vn -0 0 -1
vn -0 0 -1
vn 0.757080317 -0.653321862 0
vn 0.849331617 -0.527859032 0.000844643393
vn 0.761415124 -0.648262024 -0.00181772513
vn 0.857736766 -0.514082193 -0.00268579996
vn 0.97063911 -0.24052766 0.00246029906
vn 0.977879584 -0.209125414 -0.00425838679
vn 0.997524559 0.0702115148 0.00388974417
vn 0.992963374 0.118288234 -0.00563968392
vn 0.927363873 0.374125391 0.00513328845
vn 0.901376665 0.432981998 -0.00682975957
vn 0.710495234 0.703700662 -0.00141090108
vn 0.590803385 0.806810975 0.00271828054
vn 0.543424904 0.839454234 0.00242724223
vn 0.64615345 0.763204753 0.00204329868
vn 0.726508379 0.687135875 0.0054682442
vn 0.787624717 0.616146684 -0.00324559282
vn 0.91768074 0.397283286 0.00527830841
vn 0.934149683 0.356823027 -0.00645588432
vn 0.998153031 0.0604696348 0.0058257333
vn 0.998957992 -0.045112621 -0.00691809226
vn 0.958396435 -0.285322368 0.00821816642
vn 0.954734206 -0.297460109 4.6088313E-05
vn 0.891656995 -0.452710807 0.000844033959
vn 0.891826451 -0.452304512 0.00813904591
vn 0.850340307 -0.526233077 0
vn 0.545743227 -0.439793468 0.713264406
vn 0.52180028 -0.443028301 0.729006529
vn 0.59963733 -0.365222007 0.712073028
vn 0.634898305 -0.319423646 0.703471899
vn 0.68570441 -0.151275218 0.71198684
vn 0.702376306 -0.106439389 0.703802764
vn 0.698039174 0.0795207545 0.711630344
vn 0.700198233 0.116532281 0.704373956
vn 0.634893596 0.302505523 0.710915327
vn 0.628915966 0.327263862 0.705239654
vn 0.502537251 0.493670046 0.709750891
vn 0.495991796 0.504891753 0.706453502
vn 0.419515759 0.574073315 0.703168809
vn 0.420178175 0.574855387 0.702133596
vn 0.513768077 0.485839546 0.707108378
vn 0.513743877 0.485868365 0.707106054
vn 0.648910284 0.280917525 0.707107365
vn 0.648953676 0.280809939 0.707110226
vn 0.705852091 0.0419766419 0.707114339
vn 0.705854714 0.0421093963 0.707103848
vn 0.677711308 -0.201788068 0.707098901
vn 0.677624881 -0.20198065 0.707126796
vn 0.662252605 -0.222721338 0.71541369
vn 0.631907642 -0.327339053 0.702525318
vn 0.664382398 -0.242056221 0.707110167
vn 0.705808222 -0.0428004079 0.707108736
vn 0.688763738 0.160009146 0.707107842
vn 0.662004292 0.258820891 0.703393221
vn -0 0 1
vn -0 0 1
vn -0 0 1
vn -0 0 1
vn -0 0 1
vn -0 0 1
vn -0 0 1
vn -0 0 1
vn -0 0 1
vn -0 0 1
vn -0 0 1
vn -0 0 1
vn -0 0 1
vn -0 0 1
vn -0 0 1
vn -0 0 1
vn -0 0 1
vn -0 0 1
vn 0.438562036 0.54828465 0.712072432
vn 0.338802159 0.594781101 0.729005158
vn 0.362410337 0.59992826 0.713263571
vn 0.487361461 0.51730752 0.703471243
vn 0.592611849 0.376677692 0.71198678
vn 0.623613119 0.340247452 0.703802764
vn 0.683139622 0.164018869 0.711630583
vn 0.697827697 0.129977614 0.704373717
vn 0.700068474 -0.0671156943 0.710914731
vn 0.702919483 -0.0924268588 0.705238581
vn 0.641076028 -0.292021841 0.709749877
vn 0.638763309 -0.304805696 0.70645231
vn 0.594823897 -0.392224759 0.701672554
vn 0.587495923 -0.401396573 0.702658772
vn 0.644344926 -0.272861511 0.714399099
vn 0.644720972 -0.37158823 0.668024659
vn 0.699627817 -0.0471267253 0.712951541
vn 0.66957736 -0.322155774 0.6692397
vn 0.70585078 -0.0419404432 0.707117856
vn 0.670076251 0.205315903 0.713332474
vn 0.655831218 0.269041896 0.70533818
vn 0.531756818 0.479350716 0.698181629
vn 0.563509524 0.412784696 0.715587735
vn 0.544288635 0.454458773 0.70513624
vn 0.54596734 0.432791233 0.717364252
vn 0.648604751 0.281620711 0.707107961
vn 0.701950848 0.0852177665 0.707108796
vn 0.710595191 -0.0168000851 0.703400493
vn 0.359354824 0.603315949 -0.711950779
vn 0.334641248 0.598589838 -0.727808714
vn 0.430132776 0.555173159 -0.711876869
vn 0.480605036 0.524271727 -0.70296371
vn 0.580350757 0.395571738 -0.711839795
vn 0.615168512 0.356508851 -0.703184962
vn 0.674230158 0.197253034 -0.711691618
vn 0.693268836 0.15637219 -0.703509808
vn 0.702482402 -0.020629067 -0.711402118
vn 0.707892478 -0.0576991066 -0.703959525
vn 0.665030897 -0.285400361 -0.69013083
vn 0.623123288 -0.319441557 -0.71391499
vn 0.625061095 -0.452812076 -0.63581425
vn 0.673853695 -0.52031976 -0.524584174
vn 0.417510092 -0.557662189 -0.71742475
vn 0.506114781 -0.331985921 -0.796010792
vn 0.415433019 -0.570609808 -0.708392441
vn 0.31938079 -0.614872515 -0.721060216
vn 0.288212329 -0.620141506 -0.729628801
vn 0.285131037 -0.625931859 -0.725885451
vn 0.487973511 0.872858465 0
vn 0.49377805 0.869586051 -0.00181774818
vn 0.617570281 0.786515296 0.000844599504
vn 0.630182862 0.776442051 -0.00268607168
vn 0.82983762 0.557999551 0.00245988974
vn 0.847381651 0.530967116 -0.00425879192
vn 0.961380482 0.275195092 0.00388938515
vn 0.973537326 0.228458166 -0.0056395838
vn 0.999395609 -0.0343817957 0.00513357576
vn 0.995105386 -0.0985833332 -0.00682938425
vn 0.936535537 -0.350530446 -0.00542974472
vn 0.908326149 -0.418260366 -0.00141068909
vn 0.786109746 -0.618055224 0.00625397218
vn 0.797889054 -0.602737308 -0.00899111945
vn 0.832861364 -0.553454936 0.00543417409
vn 0.562347412 -0.826774776 0.0144548081
vn 0.79777652 -0.602948427 0.00242951675
vn 0.597268879 -0.802039802 0.00141558412
vn 0.868224204 -0.496167839 0.00204539765
vn 0.442792088 -0.896623909 0.000848228345
vn 0.415663183 -0.909393668 0.0150753064
vn 0.363221347 -0.931702852 6.0455676E-07
vn 0.917711794 -0.397209316 0.00546681788
vn 0.95085746 -0.309611857 -0.00324619608
vn 0.998217642 -0.0594436936 0.00527838105
vn 0.999854207 -0.0158074964 -0.0064554587
vn 0.958636284 0.28457436 0.00582541386
vn 0.92328763 0.38404718 -0.00691902358
vn 0.803007841 0.595911801 0.00821703859
vn 0.795425951 0.606050849 4.48617902E-05
vn 0.683047235 0.73037374 0.000843404443
vn 0.68334496 0.730050325 0.00813778676
vn 0.61907357 0.785332978 0
vn 0.991534829 0.129840806 0
vn 0.988414288 0.151780263 0
vn 0.991534293 0.129845038 0
vn 0.988413632 0.151784465 0
vn 0.98071748 0.195430845 0
vn 0.980718255 0.195426688 0
vn 0.976146102 0.217114627 0
vn 0.976145148 0.217118755 0
vn 0.697765946 0.107567608 -0.708203316
vn 0.697897077 0.0913890824 -0.710343421
vn 0.699286461 0.0938677266 -0.708651781
vn 0.698046565 0.111267127 -0.707354724
vn 0.694005489 0.134188041 -0.707354128
vn 0.692476571 0.13756755 -0.708202899
vn 0.689219475 0.150963485 -0.708651245
vn 0.68706584 0.152816921 -0.710343182
vn 0.69928658 0.0938677341 0.708651662
vn 0.697896838 0.0913891271 0.710343599
vn 0.697765887 0.107566915 0.708203495
vn 0.698047161 0.111266226 0.707354307
vn 0.69247663 0.137568176 0.70820272
vn 0.694006085 0.134188935 0.707353413
vn 0.689219475 0.1509635 0.708651245
vn 0.68706584 0.152816921 0.710343182
vn -0 0 -1
vn -0 0 -1
vn -0 0 -1
vn -0 0 -1
vn -0 0 -1
vn -0 0 -1
vn -0 0 -1
vn -0 0 -1
vn -0 0 -1
vn 2.39621897E-07 0 -1
vn -0 0 -1
vn -0 0 -1
vn -0 0 -1
vn -0 0 -1
vn -0 0 -1
vn -0 0 -1
vn -0 0 -1
vn -0 0 -1
vn -0 0 -1
vn -0 0 -1
vn -0 0 -1
vn -0 0 -1
vn -0 0 -1
vn -0 0 -1
vn -0 0 -1
vn -0 0 -1
vn -0 0 -1
vn -0 0 -1
vn -0 0 -1
vn -0 0 -1
vn -0 0 -1
vn -0 0 -1
vn -0 0 -1
vn -0 0 -1
vn -0 0 -1
vn -0 0 -1
vn 0.68468225 -0.155712456 -0.71201396
vn 0.682515144 -0.153740615 -0.714518547
vn 0.682167649 -0.183250546 -0.707860529
vn 0.679968297 -0.193781316 -0.707171857
vn 0.663178086 -0.243156701 -0.707862794
vn 0.661929905 -0.248738736 -0.707091033
vn 0.622679293 -0.335513115 -0.70689553
vn 0.624280334 -0.333014399 -0.706665099
vn 0.526221514 -0.472328037 -0.707104743
vn 0.526222289 -0.47232455 -0.707106471
vn 0.368337482 -0.603595853 -0.707106411
vn 0.368337303 -0.603598654 -0.707104087
vn 0.179393888 -0.683967233 -0.707111418
vn 0.179394543 -0.683973491 -0.707105219
vn 0.0286368113 -0.707528412 -0.706104457
vn 0.0252482537 -0.707536995 -0.706225157
vn -0.0246775169 -0.706677079 -0.707105637
vn -0.0246775076 -0.706677258 -0.707105517
vn -0 0 -1
vn -0 0 -1
vn -0 0 -1
vn -0 0 -1
vn -0 0 -1
vn -0 0 -1
vn -0 0 -1
vn -0 0 -1
vn -0 0 -1
vn -0 0 -1
vn -0 0 -1
vn -0 0 -1
vn -0 0 -1
vn -0 0 -1
vn -0 0 -1
vn -0.0349003598 -0.999390841 -3.89028742E-07
vn -0.0349004902 -0.999390841 0
vn 0.0459001437 -0.998946011 -1.60885122E-06
vn 0.0459020808 -0.998946011 -2.45912815E-06
vn 0.284399122 -0.958705962 4.00516313E-07
vn 0.284407467 -0.958703399 -2.1277815E-06
vn 0.574240327 -0.818686903 0
vn 0.574241996 -0.818685591 -3.24578565E-07
vn 0.804579496 -0.593844891 7.73535078E-07
vn 0.804578841 -0.593845844 1.44159083E-06
vn 0.945031166 -0.323025018 0.0507039689
vn 0.927871287 -0.372900516 0
vn 0.966772437 -0.25315237 0.035565719
vn 0.970849216 -0.203614607 0.126462877
vn 0.971819401 -0.234097809 0.0276616774
vn 0.970395029 -0.241040483 -0.0152626717
vn 0.950804114 -0.309556812 0.0120902667
vn 0.967840195 -0.235470295 -0.0885381997
vn 0.938937664 -0.343947858 0.00979316421
vn 0.930493593 -0.366276294 0.00483935187
vn 0.920000434 -0.391774416 0.0105821975
vn 0.879406452 -0.476038396 0.00563943107
vn 0.875511646 -0.483196944 0
vn 0.744187295 -0.667970955 0
vn 0.744193852 -0.667963684 0
vn 0.520904064 -0.853615224 0
vn 0.520916939 -0.853607357 0
vn 0.253695697 -0.967284083 0
vn 0.25370428 -0.967281759 0
vn 0.0379339457 -0.999280274 0
vn 0.0379371308 -0.999280155 -1.42787115E-07
vn -0.0348986536 -0.999390841 -1.4219695E-06
vn -0.0348991752 -0.999390841 -1.78860057E-06
vn -0.0348981321 -0.999390841 -1.28468287E-06
vn -0.0246778931 -0.706675172 -0.707107604
vn -0.0246778894 -0.706675172 -0.707107544
vn 0.0257792212 -0.701665521 -0.712040007
vn 0.0152758379 -0.707506835 -0.706541359
vn 0.132532224 -0.693254828 -0.70840162
vn 0.196022704 -0.665026665 -0.720634818
vn 0.29525283 -0.641588569 -0.707947671
vn 0.392736912 -0.568764329 -0.722678959
vn 0.460673094 -0.574027658 -0.676958263
vn 0.798353314 -0.452244043 -0.397627175
vn 0.822830319 -0.333257318 -0.460314929
vn 0.548800826 -0.415007919 -0.72566247
vn 0.836750925 -0.36294356 -0.410024136
vn 0.634594619 -0.3024863 -0.711190403
vn 0.633865416 -0.301689923 -0.712178171
vn 0.630562246 -0.31891188 -0.70759201
vn 0.629005671 -0.322490543 -0.707355499
vn 0.613360345 -0.350795805 -0.70762372
vn 0.614982128 -0.348699123 -0.707252324
vn 0.60207355 -0.363728553 -0.710780501
vn 0.601181746 -0.363580704 -0.711610615
vn 0.902944088 -0.429757923 0
vn 0.895013213 -0.445730895 -0.0165892225
vn 0.890158236 -0.455248237 -0.0191699881
vn 0.858500361 -0.51256907 -0.015811678
vn 0.870890796 -0.49145177 -0.00493478402
vn 0.818264604 -0.574795485 -0.00728905294
vn 0.762608826 -0.633683324 0.129896954
vn 0.793900251 -0.607898712 0.0134742623
vn 0.791496634 -0.610816538 -0.0208889246
vn 0.885101795 -0.465397328 0
vn 0.734948337 -0.655954063 -0.171973929
vn 0.793003678 -0.607304633 -0.0482315421
vn 0.823667645 -0.567072809 -7.80498624E-07
vn 0.885099292 -0.465402246 -2.70253111E-07
vn 0.981099069 -0.193506375 1.04622657E-07
vn 0.981099904 -0.193502203 -2.98423203E-07
vn 0.995526969 0.0944781154 1.49211033E-07
vn 0.995527327 0.0944746658 0
vn 0.951833844 0.306614012 1.38368193E-07
vn 0.951834917 0.306610823 0
vn 0.927183986 0.374606341 0
vn 0.927184105 0.374605954 0
vn 0.608432651 -0.358723283 0.707903385
vn 0.617717981 -0.320276648 0.718225121
vn 0.620010734 -0.323589712 0.71475625
vn 0.600542188 -0.372624993 0.707460046
vn 0.56070751 -0.429168284 0.708111286
vn 0.556250334 -0.436468869 0.707163572
vn 0.553156793 -0.442490518 0.705846727
vn 0.555260479 -0.440807045 0.705248177
vn 0.625858426 -0.329091161 0.707106948
vn 0.625861645 -0.329075873 0.70711118
vn 0.693740726 -0.136831328 0.707107365
vn 0.693743229 -0.136835814 0.707104087
vn 0.703943789 0.0668076277 0.70710659
vn 0.703949332 0.0667956769 0.707102299
vn 0.673383892 0.218591988 0.706237674
vn 0.674523771 0.215451866 0.706114888
vn 0.655616939 0.264886171 0.707107961
vn 0.655617058 0.264886171 0.707107842
vn -0 0 1
vn -0 0 1
vn -0 0 1
vn -0 0 1
vn -0 0 1
vn -0 0 1
vn -0 0 1
vn -0 0 1
vn -0 0 1
vn 4.82068231E-07 0 1
vn -2.13113012E-07 0 1
vn -0 0 1
vn 6.77164962E-07 0 1
vn 4.57574544E-07 0 1
vn 2.1475646E-06 0 1
vn -0 0 1
vn -0 0 1
vn -0 0 1
vn -0 0 1
vn -0 0 1
vn -0 0 1
vn -3.12692748E-07 0 1
vn -0 0 1
vn -0 0 1
vn -0 0 1
vn -0 0 1
vn -0 0 1
vn -0 0 1
vn -0 0 1
vn -0 0 1
vn -0 0 1
vn 0.655616999 0.264885932 -0.707107961
vn 0.655617118 0.264885932 -0.707107902
vn 0.674524069 0.215451658 -0.70611465
vn 0.673386335 0.218592852 -0.706234992
vn 0.703940034 0.0667961985 -0.707111478
vn 0.703945935 0.0668089688 -0.707104385
vn 0.693734944 -0.136835575 -0.707112253
vn 0.693741679 -0.136827752 -0.707107186
vn 0.62586385 -0.329086632 -0.707104146
vn 0.625858724 -0.329086035 -0.707109034
vn 0.549629569 -0.447173268 -0.705651104
vn 0.547419965 -0.449079216 -0.706158102
vn 0.535451055 -0.462010473 -0.706992507
vn 0.537787557 -0.457624346 -0.708070934
vn 0.56351006 -0.427643776 -0.706807852
vn 0.567761302 -0.419356674 -0.708369255
vn 0.578882396 -0.40194425 -0.709461808
vn 0.578162849 -0.398048013 -0.712239802
vn 0.5926947 -0.805306554 0.0139349466
vn 0.576985896 -0.816749752 0.00268119783
vn 0.527485609 -0.849563956 8.94445402E-05
vn 0.477708846 -0.87848568 0.00756142428
vn 0.38538903 -0.922730327 0.00663552433
vn 0.569228053 -0.821862042 0.0228524879
vn 0.605728984 -0.795671046 0
vn 0.605728745 -0.795671284 0
vn 0.355847031 -0.93454349 -0.00113375613
vn 0.30883503 -0.951106369 0.00419131061
vn 0.300135314 -0.953896642 0
vn 0.437485367 -0.582357049 -0.685176492
vn 0.435561508 -0.580909967 -0.687626243
vn 0.375975072 -0.601116121 -0.7051965
vn 0.368377 -0.604032934 -0.706712544
vn 0.279555947 -0.652011752 -0.704790115
vn 0.259160578 -0.659036458 -0.706050038
vn 0.212980315 -0.699716151 -0.681935966
vn 0.212986559 -0.703386903 -0.678147078
vn -0.438371122 -0.898794115 3.14650805E-07
vn -0.43837136 -0.898793876 0
vn -0.438371181 -0.898793995 1.20014732E-07
vn -0.43837136 -0.898793876 6.94662049E-07
vn -0.438370854 -0.898794174 0
vn -0.438371122 -0.898793995 4.36977899E-07
vn -0.508705318 -0.860938609 0.00187360274
vn -0.486080021 -0.873914301 0
vn -0.619768023 -0.784784675 -0.000812311308
vn -0.702112675 -0.712055624 0.00379863032
vn -0.773909986 -0.633295059 -0.000757377129
vn -0.893103063 -0.449848801 0.0017725064
vn -0.922274053 -0.38653028 -0.00223699934
vn -0.98960799 -0.14378731 0.00117856893
vn -0.999959469 -0.00854687765 -0.00283676665
vn -0.983600259 0.180343837 0.00260689086
vn -0.916723013 0.399487525 -0.00534532126
vn -0.891273499 0.453459591 -0.00245281565
vn -0.832552075 0.55390209 -0.00704297749
vn -0.832552075 0.55390209 -0.00704297749
vn 0.460974008 -0.53623271 0.707076609
vn 0.466175824 -0.533584297 0.705668449
vn 0.463264406 -0.535070062 0.706460238
vn 0.457574517 -0.537948668 0.707980871
vn 2.50485954E-07 0 -1
vn 2.38441373E-07 0 -1
vn 4.87356544E-07 0 -1
vn 1.35394075E-07 0 -1
vn 1.20328502E-06 0 -1
vn -0 0 -1
vn -0 0 -1
vn 3.36412256E-07 0 -1
vn -1.9137056E-07 0 -1
vn -1.00523323E-07 0 -1
vn -1.2644623E-06 0 -1
vn -0.309977889 -0.635542452 0.707106411
vn -0.0178126302 -0.6788041 0.734103322
vn -0.309977859 -0.635543525 0.707105517
vn -0.260225326 -0.658630311 0.706037521
vn -0.0935865343 -0.700891674 0.707101345
vn 0.13235718 -0.69461149 0.707104206
vn 0.259992659 -0.661018133 0.703888297
vn 0.199575871 -0.678357661 0.707106948
vn 0.199575245 -0.67835778 0.707107067
vn 0.0444727652 -0.705706239 0.707107365
vn 0.0444722958 -0.705706418 0.707107186
vn -0.018235689 -0.710077047 0.703887761
vn 0.248903036 -0.631774485 0.73410368
vn 0.113195658 -0.697990716 0.70710361
vn 0.327665091 -0.626611888 0.707101882
vn 0.469796002 -0.529907048 0.706038475
vn 0.508652985 -0.491196692 0.707105219
vn 0.508652866 -0.49119556 0.707106173
vn -0.364902705 -0.931045651 0
vn -0.438370794 -0.898794174 0
vn -0.438370883 -0.898794174 0
vn -0.364902824 -0.931045592 0
vn -0.132353619 -0.991202593 0
vn -0.132353619 -0.991202593 0
vn 0.18718043 -0.982325494 0
vn 0.187179625 -0.982325733 0
vn 0.37850824 -0.925464392 -0.0157245807
vn 0.395837098 -0.918320715 0
vn 0.400263935 -0.915726006 -0.0351362005
vn 0.278255731 -0.960098147 -0.0280244425
vn 0.337557256 -0.941178143 -0.0154526336
vn 0.178157896 -0.983980179 -0.00654547056
vn 0.0668978244 -0.99736613 -0.0280254818
vn 0.130826935 -0.991226971 -0.0188038088
vn 0.00470166327 -0.999869585 -0.0154534411
vn -0.0629283786 -0.99739933 -0.0351370126
vn -0.039157182 -0.999109328 -0.0157249421
vn -0.0578850321 -0.998323262 0
vn 0.160085976 -0.987103045 0
vn 0.160086378 -0.987103045 0
vn 0.463386565 -0.886156261 0
vn 0.463386983 -0.886156023 0
vn 0.661331236 -0.750093997 0
vn 0.661331296 -0.750093937 0
vn 0.719339609 -0.694658637 0
vn 0.719339609 -0.694658637 0
vn 0.152949497 -0.988225937 -0.00398862641
vn 0.127639011 -0.991820693 0
vn 0.194268331 -0.980940282 -0.00398858124
vn 0.219279632 -0.975661993 0
vn 0.421669662 -0.567482114 0.707219064
vn 0.421669662 -0.567482114 0.707219064
vn 0.421669662 -0.567482114 0.707219064
vn 0.421669662 -0.567482114 0.707219064
vn -0.309974939 -0.635542452 0.707107663
vn -0.309974849 -0.635542214 0.707107961
vn -0.369228899 -0.584807396 0.722267449
vn -0.399131209 -0.611370027 0.683316231
vn -0.614631414 -0.322701901 0.719785988
vn -0.452675551 -0.491693318 0.74385649
vn -0.502315581 -0.558534265 0.660089791
vn -0.631113231 -0.318899989 0.707105994
vn -0.631112337 -0.318907648 0.707103193
vn -0.691795766 -0.0998262167 0.715159774
vn -0.680790186 0.135767028 0.719786167
vn -0.695524156 0.127466887 0.707105577
vn -0.708095551 -0.102165103 0.698686659
vn -0.573212802 0.343659222 0.743858516
vn -0.695520282 0.12747024 0.707108796
vn -0.639728248 0.3937442 0.660085857
vn -0.518192649 0.510463834 0.686223745
vn -0.484926313 0.489569336 0.724684954
vn -0.312314987 0.634395897 0.707107544
vn -0.312314957 0.634395719 0.707107663
vn -0.122788019 0.696365595 0.707105339
vn -0.122787841 0.696365535 0.707105517
vn 0.0765039995 0.702955306 0.707107425
vn 0.0765040815 0.702955365 0.707107365
vn 0.312355489 0.656906247 0.68622756
vn 0.288243085 0.625901341 0.724681616
vn 0.593298435 0.360423416 0.719786108
vn 0.466487795 0.588783383 0.660093427
vn 0.42111516 0.518987477 0.743850827
vn 0.609982431 0.357653409 0.707110643
vn 0.609981 0.357663929 0.70710659
vn 0.700331986 0.146170825 0.69869101
vn 0.68793565 -0.0930219144 0.719785631
vn 0.702127278 -0.0838140175 0.707101345
vn 0.684217334 0.142800882 0.715160429
vn 0.663051307 -0.353053272 0.660088241
vn 0.702121019 -0.0838141888 0.707107663
vn 0.593545258 -0.307218015 0.743855596
vn 0.58415854 -0.43799144 0.683317125
vn 0.546978891 -0.423255175 0.722266734
vn 0.508649826 -0.491197318 0.707107186
vn 0.508649886 -0.491197258 0.707107067
vn -0 0 -1
vn -0 0 -1
vn -0 0 -1
vn -0 0 -1
vn -0 0 -1
vn -0 0 -1
vn -0 0 -1
vn -0 0 -1
vn -0 0 -1
vn -0 0 -1
vn -0 0 -1
vn -0 0 -1
vn -0 0 -1
vn -0 0 -1
vn -0 0 -1
vn -0 0 -1
vn -0 0 -1
vn -0 0 -1
vn -0 0 -1
vn -0 0 -1
vn -0 0 -1
vn -0.521883726 0.606324315 -0.600006878
vn -0.527465522 0.598897517 -0.602579355
vn -0.515993893 0.611236811 -0.600116551
vn -0.532967925 0.593755841 -0.602826178
vn -0.553297639 0.578870893 -0.598974228
vn -0.551641881 0.578817725 -0.60055089
vn -0.584056973 0.55120945 -0.595856965
vn -0.592136681 0.543445408 -0.595013738
vn -0.603798151 0.533230841 -0.592530787
vn -0.603798151 0.533230841 -0.592530787
vn 0.990829229 -0.135067314 0.00378703955
vn 0.99315542 -0.116795793 -0.000986106577
vn 0.992017269 -0.126094013 0.00144148851
vn 0.993691206 -0.11212945 -0.00220328872
vn 0.993691206 -0.11212945 -0.00220328872
vn 0.309974134 0.635546803 -0.707104146
vn 0.309975773 0.635545135 -0.707104921
vn 0.309974283 0.635544121 -0.707106471
vn 0.309975564 0.635544479 -0.707105577
vn 0.309974104 0.635541081 -0.707109272
vn 0.99466455 0.103162386 0
vn 0.620025694 -0.784581423 0
vn 0.989106834 -0.14719969 0
vn 0.994256318 0.107025266 0
vn 0.994255602 0.107032344 0
vn -0.517755866 0.855527997 -0.000807251257
vn -0.467092723 0.884208322 0.000369010697
vn -0.519237638 0.854629934 0
vn -0.462759614 0.886483014 -0.00118939846
vn -0.356725276 0.934209287 0.000379116944
vn -0.3524777 0.935820222 -4.20846703E-07
vn -0.296832919 0.954927981 0.00162365171
vn -0.299977332 0.953946292 0
vn 0.438371032 0.898794115 0
vn 0.438371032 0.898794115 0
vn 0.438371003 0.898794115 0
vn 0.438371032 0.898794115 0
vn 0.913625896 -0.406555772 0
vn 0.438368559 0.898795366 0
vn 0.556509197 -0.830841422 0
vn 0.496318907 -0.868140221 0
vn 0.496318787 -0.86814028 0
vn 0.37263748 -0.927977026 0
vn 0.37263748 -0.927977026 0
vn 0.30800733 -0.951383948 0
vn 0.30800733 -0.951383948 0
vn -0.363967657 0.594099224 -0.717337906
vn -0.363569468 0.592248738 -0.719067812
vn -0.327276021 0.624794543 -0.708887994
vn -0.326171994 0.627346456 -0.707140923
vn -0.256188422 0.677632868 -0.689333856
vn -0.234568492 0.666288197 -0.707840085
vn -0.228621036 0.785458446 -0.575141311
vn -0.28807357 0.956003785 -0.0554114953
vn -0.187380418 0.661154449 -0.726473212
vn -0 0 -1
vn -0 0 -1
vn -0 0 -1
vn -0 0 -1
vn -0 0 -1
vn -0 0 -1
vn 2.001468E-07 0 -1
vn 3.32076752E-07 0 -1
vn -0.970295668 -0.241922066 2.18582798E-07
vn -0.970295608 -0.2419222 0
vn -0.970358431 -0.241670012 0
vn -0.970295668 -0.241921797 2.90588332E-07
vn -0.970315218 -0.241843611 0
vn -0.970315099 -0.241844118 0
vn -0.523417473 -0.852076411 0
vn -0.523417592 -0.852076352 0
vn -0.523417473 -0.852076352 0
vn -0.523417592 -0.852076232 0
vn -0.686103046 -0.171065003 -0.707106352
vn -0.686104 -0.171065167 -0.707105339
vn -0.686102748 -0.171064854 -0.70710665
vn -0.686103284 -0.171065092 -0.707105994
vn -0.686102271 -0.171064749 -0.707107067
vn -0.686102509 -0.171065092 -0.707106829
vn 0.216156632 -0.976358771 0
vn 0.208834618 -0.977950931 -3.74559859E-05
vn 0.20740515 -0.978254318 0.00131813029
vn 0.189880103 -0.981806874 0.000934136449
vn 0.185235217 -0.982694209 0.000129523396
vn 0.162035525 -0.986784875 0.000129951746
vn 0.157369569 -0.987539291 0.000933731382
vn 0.138244286 -0.990398169 -3.74164483E-05
vn 0.139689386 -0.990194499 0.00131689908
vn 0.130825922 -0.991405368 0
vn -0.686103404 -0.171064779 -0.707105994
vn -0.686102271 -0.171064436 -0.707107246
vn -0.686102211 -0.171065107 -0.707107008
vn -0.686103463 -0.171064407 -0.707106054
vn -0.686102033 -0.171064243 -0.707107484
vn 0.15489985 -0.689211965 -0.707808495
vn 0.13819319 -0.693603337 -0.706977427
vn 0.132877454 -0.694954872 -0.706669271
vn 0.10736718 -0.699038446 -0.706977665
vn 0.112825096 -0.698490441 -0.70666939
vn 0.0901646689 -0.700625956 -0.707809031
vn -0.970295787 -0.241921648 0
vn -0.970295787 -0.241921633 0
vn -0.970295787 -0.241921648 0
vn -0.970295787 -0.241921619 0
vn -0 0 -1
vn -0 0 -1
vn -0 0 -1
vn -0 0 -1
vn -0 0 -1
vn -0 0 -1
vn -0 0 -1
vn -0 0 -1
vn -0 0 -1
vn -0 0 -1
vn -0 0 -1
vn 0.994521856 0.10452871 0
vn 0.994521856 0.104528785 0
vn 0.994521856 0.104528666 0
vn 0.994521856 0.104528852 0
vn 0.703233778 0.0739125833 -0.707106173
vn 0.703232884 0.0739128739 -0.707107008
vn 0.703232765 0.073912926 -0.707107186
vn 0.7032336 0.0739126652 -0.707106352
vn 0.703232765 0.0739129707 -0.707107186
vn -0.0147537496 -0.999890566 -0.00113375555
vn 0.0350884311 -0.999375522 0.00419131154
vn 0.0442178398 -0.999021888 0
vn -0.046554599 -0.998893797 0.00663562631
vn -0.148440257 -0.988892496 0.00756163383
vn -0.205106705 -0.978739619 8.96850834E-05
vn -0.288033098 -0.957618535 0.00190026185
vn -0.289920449 -0.956972897 0.0122025041
vn -0.348318428 -0.93737632 0
vn -0.253158599 -0.967115581 0.0244547501
vn -0.311424345 -0.950166404 0.0140924873
vn -0.315641344 -0.948642254 0.0211772155
vn -0.285875291 -0.958251774 0.00536381733
vn -0.269309103 -0.963053823 0
vn -0.184925675 -0.682907581 0.706710517
vn -0.186383843 -0.681776404 0.707419276
vn -0.175295413 -0.685710728 0.706450582
vn -0.200140238 -0.677739441 0.707540214
vn -0.20409289 -0.677386522 0.706748605
vn -0.219682112 -0.671705127 0.707496941
vn -0.217608303 -0.673059702 0.70685029
vn -0.229341015 -0.668353081 0.707606375
vn -5.81611914E-07 0 1
vn 2.03006834E-06 0 1
vn -1.83333532E-06 0 1
vn 2.01014004E-07 0 1
vn -0 0 1
vn 2.16211151E-06 0 1
vn -1.4300123E-07 0 1
vn 6.14313285E-06 0 1
vn -4.47427301E-05 0 1
vn -4.36894079E-05 0 1
vn -0 0 1
vn 1.91400801E-07 0 1
vn 1.12272716E-07 0 1
vn -1.23345188E-07 0 1
vn -0 0 1
vn 1.47461805E-07 0 1
vn -0 0 1
vn 2.35663023E-07 0 1
vn -0 0 1
vn -0 0 1
vn -0 0 1
vn -0 0 1
vn -0 0 1
vn -0 0 1
vn 4.8744273E-06 0 1
vn -5.15597094E-06 0 1
vn -5.15582724E-06 0 1
vn -8.95014746E-05 0 1
vn 5.15546435E-06 0 1
vn 8.94934783E-05 0 1
vn -0 0 1
vn -0 0 1
vn -0 0 1
vn -0 0 1
vn -0 0 1
vn -0 0 1
vn -0 0 1
vn -0 0 1
vn -0 0 1
vn -0 0 1
vn -0.0447626524 0.706155598 0.706640422
vn -0.0624636151 0.706688821 0.704761863
vn -0.0623669624 0.706906557 0.704551876
vn -0.0389756672 0.707199872 0.705938578
vn -0.0057499134 0.708439887 0.705747724
vn 0.00765499333 0.708069682 0.70610106
vn 0.026945116 0.713090062 0.70055443
vn 0.0296046846 0.716318369 0.697145283
vn -0 0 1
vn -0 0 1
vn -0 0 1
vn -0 0 1
vn -0 0 1
vn -0 0 1
vn -0 0 1
vn -0 0 1
vn -0 0 1
vn -0 0 1
vn -0 0 1
vn -0 0 1
vn -0 0 1
vn -0 0 1
vn -0 0 1
vn -0 0 1
vn -0 0 1
vn -0 0 1
vn -0 0 1
vn -0 0 1
vn -0 0 1
vn -0 0 1
vn -0 0 1
vn -0 0 1
vn -0 0 1
vn -0 0 1
vn -0 0 1
vn -0 0 1
vn -0 0 1
vn -0 0 1
vn -0 0 1
vn -0 0 1
vn -0 0 1
vn -0 0 1
vn -0 0 1
vn -0 0 1
vn -0 0 1
vn 1.04626444E-07 0 1
vn 2.87527456E-07 0 1
vn -0 0 1
vn -0 0 1
vn -0 0 1
vn -0 0 1
vn -0 0 1
vn -0 0 1
vn 4.77145534E-07 0 1
vn 2.34427006E-07 0 1
vn -0 0 1
vn -0 0 1
vn -4.3565899E-07 0 1
vn -0 0 1
vn -0 0 1
vn -0 0 1
vn -7.14082944E-07 0 1
vn 1.09817663E-07 0 1
vn -0 0 1
vn -0 0 1
vn -0 0 1
vn -0 0 1
vn -0 0 1
vn -0 0 1
vn -0 0 1
vn -0 0 1
vn -0 0 1
vn -0 0 1
vn -7.29044075E-07 0 1
vn -0 0 1
vn -0 0 1
vn -0 0 1
vn -1.74650438E-07 0 1
vn 1.71545466E-07 0 1
vn -0 0 1
vn -0 0 1
vn -0 0 1
vn -0 0 1
vn -0 0 1
vn -0 0 1
vn 1.26699362E-07 0 1
vn -0 0 1
vn -0 0 1
vn -0 0 1
vn 2.30640296E-07 0 1
vn -0 0 1
vn -0 0 1
vn -0 0 1
vn -0 0 1
vn -0 0 1
vn -0 0 1
vn -0 0 1
vn -0 0 1
vn -0 0 1
vn -0 0 1
vn -0 0 1
vn -0 0 1
vn -0 0 1
vn -0 0 1
vn -0 0 1
vn -0 0 1
vn -0 0 1
vn -0 0 1
vn -0 0 1
vn -0 0 1
vn -0 0 1
vn -0 0 1
vn -0 0 1
vn -0 0 1
vn -0 0 1
vn -0 0 1
vn -0 0 1
vn -0 0 1
vn -0 0 1
vn -0 0 1
vn 6.42674081E-07 0 1
vn 8.16493184E-07 0 1
vn -0 0 -1
vn -0 0 -1
vn -0 0 -1
vn -0 0 -1
vn -0 0 -1
vn -0 0 -1
vn -0 0 -1
vn -0 0 -1
vn -0 0 -1
vn -0 0 -1
vn -0 0 -1
vn -0 0 -1
vn -0 0 -1
vn -0 0 -1
vn -0 0 -1
vn -0 0 -1
vn -0 0 -1
vn -0 0 -1
vn -0 0 -1
vn -0 0 -1
vn -0 0 -1
vn -0.0850424692 0.954731524 -0.285053402
vn -0.144852817 0.968269527 -0.203646272
vn 0.0713530555 0.874959171 -0.478910446
vn -0.281925797 0.959436238 0
vn -0.182801425 0.766487598 -0.615695119
vn -0.0646873936 0.777199864 -0.625919998
vn -0.167659625 0.77031827 -0.615223587
vn -0.0806366801 0.777914405 -0.623174906
vn 0.0632904023 0.776093841 -0.62743336
vn 0.788172126 0.136560366 -0.600113332
vn 0.789027333 0.119733334 -0.602577567
vn 0.789525509 0.129010648 -0.600004852
vn 0.789936721 0.112257279 -0.602825224
vn 0.795942187 0.0877884254 -0.598973513
vn 0.79463923 0.0888118893 -0.600550652
vn 0.801724434 0.046827089 -0.595856726
vn 0.802923083 0.0356857069 -0.59501344
vn 0.80529058 0.0203646738 -0.592530549
vn 0.80529058 0.0203646738 -0.592530549
vn 0.541074872 -0.448670119 -0.711289704
vn 0.54048574 -0.444431335 -0.714392066
vn 0.53215158 -0.463765085 -0.708333731
vn 0.525093198 -0.472730905 -0.707674086
vn 0.502278686 -0.495197386 -0.708869278
vn 0.499879718 -0.499374032 -0.707633972
vn 0.482849061 -0.507430136 -0.713702619
vn 0.486115873 -0.508520246 -0.710702896
vn 0.479393184 -0.505992472 -0.717045188
vn -0.655617058 -0.264886171 0.707107842
vn -0.655616939 -0.264886171 0.707107961
vn -0.674523771 -0.215459302 0.706112623
vn -0.67338407 -0.218586177 0.706239283
vn -0.703942895 -0.0668297336 0.707105398
vn -0.703944266 -0.0668054372 0.707106352
vn -0.693740666 0.136795431 0.707114458
vn -0.693744838 0.136826009 0.707104385
vn -0.625875354 0.329038799 0.707116306
vn -0.625864744 0.329088092 0.707102776
vn -0.552559972 0.4446854 0.704934418
vn -0.549844563 0.446929187 0.705638289
vn -0.543436646 0.452677548 0.706936777
vn -0.549932957 0.446698964 0.705714941
vn -0.578848958 0.407124668 0.706529081
vn -0.588449717 0.39471525 0.705639303
vn -0.625899076 0.0512818955 0.778216183
vn -0.652958691 0.0737480223 0.753794491
vn -0.616012394 0.375691235 0.692376196
vn -0.647816181 -0.257424414 0.716984689
vn -0.615404904 -0.377368659 0.692004144
vn -0.675190866 -0.195370421 0.711300015
vn -0.709767818 -0.0176337473 0.704214931
vn -0.703109562 0.0232919604 0.710699916
vn -0.677591443 0.210599497 0.70464009
vn -0.66199702 0.240044191 0.710027277
vn -0.573999584 0.416341364 0.705112994
vn -0.555760264 0.433642894 0.709284425
vn -0.410019308 0.577904701 0.705627561
vn -0.394691408 0.585062683 0.708463311
vn -0.20305495 0.678281605 0.706188798
vn -0.194474503 0.679358244 0.707567632
vn -0.0307141766 0.707821548 0.705723286
vn -0.0330709293 0.707511485 0.705927551
vn 0.0846925899 0.703300893 0.705829322
vn 0.080448553 0.703623414 0.706004262
vn 0.250418723 0.661279917 0.707106233
vn 0.250454664 0.661266088 0.707106471
vn 0.449638188 0.545729756 0.707109988
vn 0.449665219 0.545713246 0.707105517
vn 0.601163208 0.372286111 0.707110822
vn 0.601176143 0.372275919 0.707105219
vn 0.68891722 0.159355238 0.707105935
vn 0.688916147 0.15935272 0.707107663
vn 0.703583121 -0.0704796389 0.707109153
vn 0.70358777 -0.0704819262 0.707104325
vn 0.660560429 -0.254072368 0.706475139
vn 0.662116349 -0.250346839 0.706348598
vn 0.61908561 -0.341661274 0.707107127
vn 0.619086087 -0.341661245 0.707106769
vn 0.59085381 -0.388446152 0.707107723
vn 0.590853572 -0.388446569 0.707107663
vn 0.602291942 -0.374044478 0.705219865
vn 0.604905427 -0.370266438 0.704976678
vn 0.673126876 -0.216557786 0.707108796
vn 0.673126519 -0.216554597 0.707110167
vn 0.706638157 0.0257025883 0.70710808
vn 0.706638694 0.0257009137 0.707107663
vn 0.678261936 0.204967409 0.705655098
vn 0.676649988 0.209520772 0.705865264
vn 0.632235587 0.319437206 0.705859721
vn 0.630224526 0.323845565 0.705649376
vn 0.525819004 0.472772807 0.707106948
vn 0.525819957 0.472772509 0.707106352
vn 0.33285436 0.623865485 0.70710665
vn 0.332853943 0.623865664 0.70710665
vn 0.0999057889 0.700014293 0.707105935
vn 0.0999086499 0.700012386 0.707107425
vn -0.145044848 0.692071795 0.707105756
vn -0.145047963 0.692071438 0.707105458
vn -0.372573555 0.600988269 0.70710814
vn -0.372573644 0.600987375 0.707108974
vn -0.536407828 0.462129831 0.706188798
vn -0.533455968 0.464789122 0.706679463
vn -0.616315901 0.348961055 0.705960989
vn -0.624153972 0.333639622 0.706481695
vn -0.665898323 0.249911308 0.702939391
vn -0.671046078 0.218436822 0.70850724
vn -0.495190769 -0.297801912 0.816149533
vn -0.483394146 -0.319647253 0.8149575
vn -0.180511519 -0.68482548 0.7059955
vn -0.176843971 -0.685641825 0.706131339
vn -0.364598662 -0.593403101 0.71759367
vn -0.329659671 -0.625563323 0.707103193
vn -0.502428412 -0.496084005 0.708142877
vn -0.597992241 -0.357031316 0.717588961
vn -0.629698455 -0.321682155 0.707107067
vn -0.697436631 -0.116518378 0.707110763
vn -0.69744122 -0.116525665 0.707104921
vn -0.709939361 0.00942080189 0.704199731
vn -0.710089564 0.00745637156 0.704071999
vn -0.705410182 -0.0489530191 0.707106829
vn -0.705410123 -0.0489531048 0.707106829
vn -0.679613769 -0.19526431 0.707104564
vn -0.679613769 -0.19526422 0.707104564
vn -0.663903177 -0.251668572 0.70419848
vn -0.664724767 -0.249854714 0.704069257
vn -0.69523561 -0.129032984 0.707105339
vn -0.695232272 -0.129046828 0.707105994
vn -0.701745868 0.0869250596 0.707104504
vn -0.70174396 0.0869089216 0.707108319
vn -0.642740071 0.294760257 0.707107902
vn -0.642741799 0.294765741 0.707104027
vn -0.523734212 0.47508499 0.707104445
vn -0.523733914 0.475081623 0.707106948
vn -0.400684625 0.583806455 0.706131637
vn -0.403855652 0.581794918 0.705985308
vn -0.567183375 0.110477708 0.816148043
vn -0.563570261 0.135040969 0.814955473
vn -0.555866897 -0.434774518 0.708507717
vn -0.540264189 -0.462590128 0.702940285
vn -0.472402781 -0.526993394 0.706479728
vn -0.459797233 -0.538710296 0.705958843
vn -0.346000761 -0.617723703 0.706187546
vn -0.342319846 -0.619212091 0.706677794
vn -0.144553944 -0.692175567 0.707104683
vn -0.14455384 -0.692172825 0.707107365
vn 0.100401893 -0.699941218 0.707107961
vn 0.100404851 -0.69993943 0.707109332
vn 0.333298355 -0.62362653 0.707108259
vn 0.333299369 -0.623627961 0.70710659
vn 0.526154041 -0.472397625 0.707108378
vn 0.526156664 -0.472399622 0.7071051
vn 0.655804873 -0.264419585 0.707108378
vn 0.655807853 -0.264422625 0.707104385
vn 0.703359604 -0.0839321762 0.705861568
vn 0.702980161 -0.0887699947 0.705647707
vn 0.707502842 0.0345456228 0.705865562
vn 0.707461119 0.0393746085 0.705654562
vn 0.672812641 0.217532545 0.707108617
vn 0.672814488 0.217532739 0.707106829
vn 0.55846864 0.433719784 0.70710665
vn 0.558466792 0.433721542 0.707107008
vn 0.441788703 0.554825902 0.704975784
vn 0.438040078 0.55747956 0.705221534
vn 0.422364086 0.567104042 0.707107782
vn 0.422363639 0.567103863 0.707108259
vn 0.464895129 0.532796085 0.707107306
vn 0.464895278 0.532796383 0.707107008
vn 0.533823669 0.464677066 0.706475437
vn 0.536558747 0.461709082 0.706349432
vn 0.637052059 0.306860328 0.707107723
vn 0.637046337 0.306875139 0.707106471
vn 0.701878011 0.0858681053 0.707102358
vn 0.701871812 0.0858902633 0.707105935
vn 0.692243516 -0.144206911 0.707109034
vn 0.692241311 -0.144226611 0.707107186
vn 0.609187424 -0.359010607 0.707108259
vn 0.609176517 -0.359027803 0.707108915
vn 0.461514622 -0.535730183 0.707104802
vn 0.461495996 -0.535743475 0.707107008
vn 0.316250473 -0.633676648 0.706002474
vn 0.320129216 -0.631919444 0.705829322
vn 0.213229835 -0.675640643 0.705721438
vn 0.210908994 -0.676153958 0.705927134
vn 0.049606476 -0.704897165 0.707572818
vn 0.0411754102 -0.706825793 0.706188262
vn -0.170790434 -0.684765399 0.70846802
vn -0.187640905 -0.683288395 0.705625951
vn -0.373929262 -0.597572446 0.709284246
vn -0.396983862 -0.587556303 0.705110848
vn -0.53997159 -0.451981872 0.710030198
vn -0.564696729 -0.42965129 0.704639792
vn -0.652740061 -0.262363732 0.71070081
vn -0.672994435 -0.226184592 0.704215348
vn -0.701293945 -0.0473462567 0.711298168
vn -0.696875632 0.0202430617 0.716906309
vn -0.707330883 0.143314436 0.69220233
vn -0.588512003 -0.292242497 0.753822207
vn -0.570717394 -0.262187481 0.778164089
vn -0.417962223 -0.572173417 0.70563817
vn -0.450346142 -0.563694835 0.692413509
vn -0.404696494 -0.580550611 0.706527889
vn -0.363987207 -0.607848644 0.705714822
vn -0.355837464 -0.611244202 0.706937134
vn -0.367149502 -0.60684824 0.70493716
vn -0.363825321 -0.608032465 0.705640018
vn -0.475563437 -0.523295939 0.707107246
vn -0.475606471 -0.523257017 0.707107127
vn -0.605102897 -0.365843832 0.707112908
vn -0.605125785 -0.365839869 0.707095444
vn -0.684339643 -0.177980766 0.70710814
vn -0.684339404 -0.177978963 0.707108974
vn -0.707539022 -0.0249046963 0.70623523
vn -0.707524478 -0.0282370653 0.706124485
vn -0.706676483 0.0246779304 0.707106233
vn -0.706676483 0.0246780775 0.707106233
vn -0.927183986 -0.374606192 0
vn -0.927183867 -0.37460649 0
vn -0.951834917 -0.306610674 0
vn -0.951833844 -0.30661422 -1.38368236E-07
vn -0.995527327 -0.0944746658 0
vn -0.995526969 -0.0944781154 -1.49211033E-07
vn -0.981099546 0.193503797 0
vn -0.98109895 0.193506479 1.39463666E-07
vn -0.885102451 0.465396196 3.08173384E-07
vn -0.885098875 0.46540308 1.68706691E-07
vn -0.777308822 0.629119217 9.03368516E-07
vn -0.777305365 0.629123569 0
vn -0.770784497 0.637096047 0
vn -0.770784497 0.637095928 -4.42276217E-07
vn -0.820787966 0.571233034 0
vn -0.820788085 0.571232855 0
vn -0.999657154 0.0261831209 1.34652396E-07
vn -0.999657154 0.026180733 0
vn -0.938958883 -0.344029397 0
vn -0.938959718 -0.344026953 0
vn -0.999686241 -0.0250488576 0
vn -0.999686241 -0.0250489097 0
vn -0.955012143 0.296566427 0
vn -0.955010712 0.296571374 0
vn -0.809648275 0.586915433 0
vn -0.809645236 0.586919606 0
vn -0.578914464 0.815388322 0
vn -0.578912437 0.815389752 0
vn -0.287145674 0.957886994 0
vn -0.287142426 0.957887828 0
vn -0.0466159768 0.998912811 0
vn -0.0466152281 0.99891293 0
vn 0.116429143 0.993198931 0
vn 0.116429903 0.993198931 0
vn 0.35419172 0.935172856 0
vn 0.35419789 0.935170472 0
vn 0.635915935 0.771758258 0
vn 0.635924995 0.771750867 0
vn 0.850185633 0.526483178 0
vn 0.850192428 0.526472092 0
vn 0.974276483 0.225356296 0
vn 0.974278033 0.225349337 0
vn 0.995020032 -0.0996747464 0
vn 0.995020032 -0.0996747538 0
vn 0.934293985 -0.356503487 0
vn 0.934293985 -0.356503546 0
vn 0.875519395 -0.483182847 0
vn 0.875519574 -0.483182579 0
vn 0.835594058 -0.549347401 0
vn 0.835594654 -0.549346507 0
vn 0.851137936 -0.5249421 0
vn 0.851134956 -0.524947047 0
vn 0.951949537 -0.306254804 0
vn 0.951947629 -0.306261003 0
vn 0.999339163 0.0363489464 0
vn 0.999339163 0.0363489129 0
vn 0.956198633 0.292718798 0
vn 0.956199288 0.292716473 0
vn 0.891088665 0.453829229 0
vn 0.891088367 0.453829855 0
vn 0.743620634 0.668601871 0
vn 0.743619978 0.668602586 0
vn 0.470727295 0.8822788 0
vn 0.470730245 0.882277131 0
vn 0.141289309 0.989968359 0
vn 0.141290501 0.989968181 0
vn -0.205126137 0.978735507 0
vn -0.20512867 0.97873497 0
vn -0.526897311 0.849928975 0
vn -0.526899576 0.849927545 0
vn -0.755870342 0.654721379 0
vn -0.755870223 0.654721498 0
vn -0.875456989 0.483295977 0
vn -0.875457108 0.483295828 0
vn -0.942308545 0.334745556 0
vn -0.942308664 0.334745347 0
vn -0.84385252 -0.536575258 0
vn -0.843852639 -0.536575139 0
vn -0.252189726 -0.967677772 0
vn -0.252186805 -0.967678547 0
vn -0.466211289 -0.884673417 0
vn -0.466209292 -0.884674489 0
vn -0.711586595 -0.702598393 0
vn -0.711583138 -0.702601969 0
vn -0.89052999 -0.454924494 0
vn -0.890526354 -0.454931617 0
vn -0.986330271 -0.164780036 0
vn -0.986327648 -0.164795995 0
vn -0.99992919 0.0118979719 0
vn -0.999929309 0.0118896682 0
vn -0.997600734 -0.0692299381 0
vn -0.997600734 -0.069229953 0
vn -0.961116135 -0.276144505 0
vn -0.961116135 -0.276144415 0
vn -0.935557067 -0.353175491 0
vn -0.935558438 -0.353171825 0
vn -0.983206213 -0.182497978 0
vn -0.983206987 -0.182494178 0
vn -0.992417812 0.12290965 0
vn -0.992417336 0.122913584 0
vn -0.908975065 0.416850656 0
vn -0.908973277 0.416854203 0
vn -0.740670085 0.67186892 0
vn -0.740670085 0.67186892 0
vn -0.567945957 0.823065817 0
vn -0.567945063 0.823066473 0
vn -0.976481497 0.215601325 0
vn -0.976481259 0.215602353 0
vn -0.770991027 -0.636846125 0
vn -0.770991027 -0.636846066 0
vn -0.657363415 -0.753573716 0
vn -0.657363534 -0.753573596 0
vn -0.486358136 -0.873759568 0
vn -0.486358315 -0.873759568 0
vn -0.204427138 -0.978881836 0
vn -0.204427257 -0.978881836 0
vn 0.141993582 -0.989867568 0
vn 0.141994596 -0.989867449 0
vn 0.4713552 -0.881943464 0
vn 0.471354187 -0.881944001 0
vn 0.744096577 -0.668071985 0
vn 0.744095147 -0.668073654 0
vn 0.927450716 -0.373945445 0
vn 0.927449346 -0.373948663 0
vn 0.992568016 -0.121691778 0
vn 0.992567897 -0.121692665 0
vn 0.998648584 0.0519716591 0
vn 0.998648226 0.0519779213 0
vn 0.951504171 0.307635933 0
vn 0.951503038 0.307639331 0
vn 0.789795339 0.613370478 0
vn 0.789793849 0.613372445 0
vn 0.620268285 0.784389794 0
vn 0.620266259 0.784391284 0
vn 0.597313941 0.802007496 0
vn 0.597313881 0.802007496 0
vn 0.657461762 0.753487825 0
vn 0.657461762 0.753487825 0
vn 0.756012261 0.654557407 0
vn 0.756016374 0.654552698 0
vn 0.900921881 0.43398127 0
vn 0.900919199 0.433986992 0
vn 0.99259609 0.121462099 0
vn 0.992595613 0.121465914 0
vn 0.978981674 -0.203948244 0
vn 0.978983939 -0.203937411 0
vn 0.86152041 -0.507722974 0
vn 0.861524045 -0.507716715 0
vn 0.652681172 -0.757632732 0
vn 0.652679682 -0.757634044 0
vn 0.449102879 -0.893480062 0
vn 0.449101061 -0.893480897 0
vn 0.297848552 -0.954613209 0
vn 0.297848552 -0.954613209 0
vn 0.0577898249 -0.998328745 0
vn 0.0577895679 -0.998328745 0
vn -0.265124857 -0.964214027 0
vn -0.265125096 -0.964214027 0
vn -0.560079575 -0.828438818 0
vn -0.560079575 -0.828438878 0
vn -0.795984685 -0.605316639 0
vn -0.795983076 -0.605318785 0
vn -0.947965264 -0.318374038 0
vn -0.94796437 -0.318376452 0
vn -0.999997735 0.00213895994 0
vn -0.999997735 0.00213608914 0
vn -0.930415452 -0.366506636 0
vn -0.930416465 -0.366503835 0
vn -0.575915217 -0.817509413 -4.10822622E-07
vn -0.575915217 -0.817509413 1.37461285E-07
vn -0.506401002 -0.862298071 7.35703281E-07
vn -0.506401062 -0.862298071 7.64488902E-07
vn -0.515257597 -0.857035339 1.11899135E-06
vn -0.515256941 -0.857035816 -7.11068083E-07
vn -0.672543228 -0.740057826 3.41063696E-07
vn -0.672547758 -0.740053713 -6.1720749E-07
vn -0.855748475 -0.51739198 -4.21479797E-07
vn -0.855751693 -0.517386734 0
vn -0.967802942 -0.251709223 -1.2171877E-07
vn -0.967803121 -0.251708418 0
vn -0.999299407 -0.0374257155 0
vn -0.999299526 -0.0374238826 0
vn -0.999390841 0.034899421 0
vn -0.999390841 0.0348993428 0
vn -0 0 1
vn -0 0 1
vn -0 0 1
vn -0 0 1
vn -0 0 1
vn -0 0 1
vn -0 0 1
vn -2.0074317E-06 -1.91259983E-06 1
vn -0 0 1
vn 2.02290053E-07 0 1
vn -0 0 1
vn -0 0 1
vn -0 0 1
vn -0 0 1
vn 3.04834941E-07 0 1
vn -0 0 1
vn -0 0 1
vn -0 0 1
vn -0 0 1
vn 6.40289045E-07 0 1
vn -0 0 1
vn -0 0 1
vn -0 0 1
vn -0 0 1
vn -0 0 1
vn -0 0 1
vn -0 0 1
vn -0 0 1
vn -0 0 1
vn -0 0 1
vn 3.42414836E-07 0 1
vn 1.71808864E-07 0 1
vn -4.33375618E-07 0 1
vn -0 0 1
vn -0 0 1
vn -0 0 1
vn -0 0 1
vn 3.04834799E-07 0 1
vn -0 0 1
vn -0 0 1
vn -0 0 1
vn -0 0 1
vn -0 0 1
vn -0 0 1
vn -0 0 1
vn -0 0 1
vn -0 0 1
vn -0 0 1
vn -0 0 1
vn -0 0 1
vn -0 0 1
vn -0 0 1
vn -0 0 1
vn -0 0 1
vn -0 0 1
vn -0 0 1
vn -1.57131228E-06 1.33268611E-06 1
vn 1.21605382E-07 1.02615452E-07 1
vn -3.57621911E-06 5.82883729E-07 1
vn -2.01942494E-05 -1.05590261E-05 1
vn -0 0 1
vn -0 0 1
vn 3.41817781E-07 -1.49334028E-07 1
vn -0 0 1
vn -0 0 1
vn -0 0 1
vn -0 0 1
vn -0 0 1
vn -0 0 1
vn -0 0 1
vn -0 0 1
vn -0 0 1
vn -0 0 1
vn -0 0 1
vn -0 0 1
vn -0 0 1
vn -0 0 1
vn -0 0 1
vn -0 0 1
vn -0 0 1
vn -0 0 1
vn -0 0 1
vn -0 0 1
vn -0 0 1
vn -0 0 1
vn -0.462452769 0.535482705 0.706679404
vn -0.462452769 0.535482705 0.706679404
vn -0.462452769 0.535482705 0.706679404
vn -0.462452769 0.535482705 0.706679404
vn 0.438371122 0.898794115 3.14650805E-07
vn 0.43837136 0.898793876 0
vn 0.438371181 0.898793995 1.20014732E-07
vn 0.402412027 0.915458679 0
vn 0.367829591 0.929893136 0
vn 0.144824922 0.989457309 0
vn 0.14482376 0.989457548 -7.02475802E-07
vn -0.162393406 0.986726165 1.08557265E-06
vn -0.162399396 0.986725092 -1.18781952E-06
vn -0.454278201 0.890859962 -3.26102793E-07
vn -0.454281062 0.890858412 6.75011563E-07
vn -0.705648899 0.708561778 9.75207286E-07
vn -0.705647647 0.70856297 4.12843565E-06
vn -0.892015576 0.452004582 1.64137396E-06
vn -0.8920151 0.452005714 1.67730343E-06
vn -0.98917985 0.146707922 -2.68258731E-07
vn -0.989179969 0.146707401 -4.11444319E-07
vn -0.984807849 -0.173647866 0
vn -0.984807849 -0.173647806 0
vn -0.87934792 -0.476179868 -1.30376677E-07
vn -0.879347742 -0.476180136 0
vn -0.683625638 -0.729832828 2.32496632E-06
vn -0.683625042 -0.729833305 2.32774869E-06
vn -0.420754015 -0.907174766 2.75795401E-06
vn -0.420750797 -0.907176256 6.01705733E-06
vn -0.122192606 -0.992506444 1.5727021E-06
vn -0.122191086 -0.992506564 -2.24812425E-07
vn 0.184880093 -0.982761085 1.04067688E-07
vn 0.184886023 -0.982759953 1.17583625E-06
vn 0.474506438 -0.880252004 1.55513135E-06
vn 0.474507004 -0.880251706 1.13499595E-06
vn 0.604091406 -0.796914995 1.62091681E-07
vn 0.604092062 -0.796914577 0
vn -0.259160668 0.659036279 -0.706050158
vn -0.212980315 0.699716091 -0.681936026
vn -0.212986559 0.703386903 -0.678147078
vn -0.279555887 0.652011633 -0.704790294
vn -0.375974655 0.601116598 -0.705196261
vn -0.368376404 0.604033351 -0.706712484
vn -0.604747534 0.182745799 -0.775167406
vn -0.610895872 0.164438903 -0.774445653
vn -0.674524188 -0.215452 -0.706114471
vn -0.67338413 -0.218592212 -0.706237376
vn -0.70394963 -0.0667956099 -0.707101941
vn -0.703944147 -0.066807583 -0.707106233
vn -0.69374305 0.136835858 -0.707104266
vn -0.693741024 0.136831254 -0.707107246
vn -0.625861526 0.329075903 -0.707111239
vn -0.625858605 0.329091072 -0.707106829
vn -0.552547336 0.444704115 -0.704932451
vn -0.549841464 0.446929187 -0.705640733
vn -0.543436408 0.452677578 -0.706936955
vn -0.549933136 0.446698099 -0.705715418
vn -0.57884872 0.407124221 -0.706529438
vn -0.588449478 0.394714713 -0.705639899
vn -0.625879049 0.0513096526 -0.778230488
vn -0.635291815 -0.0389028415 -0.771291733
vn -0.557568669 -0.151137769 -0.816256464
vn -0.434110522 -0.558243632 -0.707044482
vn -0.59019357 -0.409000635 -0.695981324
vn -0.647791862 -0.257435739 -0.717002451
vn -0.675190806 -0.195370436 -0.711300075
vn -0.709768057 -0.0176337082 -0.704214692
vn -0.703109562 0.0232919641 -0.710699916
vn -0.677591562 0.210599437 -0.704639971
vn -0.661996722 0.240044281 -0.710027456
vn -0.574000418 0.416341394 -0.705112278
vn -0.555759728 0.433643132 -0.709284663
vn -0.410020471 0.577904522 -0.705627024
vn -0.394690752 0.585062921 -0.70846355
vn -0.203055397 0.678281605 -0.706188738
vn -0.194474354 0.679358244 -0.707567632
vn -0.0307141114 0.70782131 -0.705723524
vn -0.0330714472 0.707511187 -0.705927789
vn 0.0846871436 0.703299463 -0.705831349
vn 0.0804491714 0.703623235 -0.706004322
vn 0.250415802 0.661279261 -0.707107961
vn 0.250454396 0.66126591 -0.70710665
vn 0.449640214 0.545728981 -0.707109213
vn 0.449664176 0.545713067 -0.707106233
vn 0.601163626 0.372285724 -0.707110703
vn 0.601176143 0.372275561 -0.707105398
vn 0.6889171 0.159355387 -0.707106173
vn 0.688916206 0.159352705 -0.707107544
vn 0.703583062 -0.0704797059 -0.707109272
vn 0.703588068 -0.070481956 -0.707104087
vn 0.660560489 -0.254072309 -0.706475079
vn 0.662116528 -0.25034678 -0.706348479
vn 0.619085133 -0.341661334 -0.707107604
vn 0.619085312 -0.341661274 -0.707107365
vn 0.590854883 -0.388447076 -0.707106352
vn 0.590854824 -0.388446957 -0.707106352
vn 0.604906857 -0.370267808 -0.70497489
vn 0.602291822 -0.374042213 -0.705221295
vn 0.673128724 -0.216555968 -0.707107663
vn 0.673126578 -0.216558367 -0.707108974
vn 0.706639111 0.0257029179 -0.707107186
vn 0.706638098 0.0257010087 -0.707108259
vn 0.678260624 0.204968542 -0.705655873
vn 0.676649749 0.209519416 -0.705865979
vn 0.630224288 0.323846519 -0.705649197
vn 0.632236481 0.319435775 -0.705859542
vn 0.52581948 0.472770452 -0.70710814
vn 0.525818646 0.472774714 -0.707105935
vn 0.332856685 0.623863935 -0.707106888
vn 0.332855165 0.623865068 -0.70710665
vn 0.0999064595 0.700012565 -0.707107544
vn 0.0999051481 0.700013936 -0.707106352
vn -0.145047918 0.692070127 -0.707106829
vn -0.145044774 0.692072034 -0.707105517
vn -0.372571647 0.600989163 -0.707108378
vn -0.372572273 0.600988507 -0.707108617
vn -0.53345716 0.464789033 -0.706678569
vn -0.536408603 0.462129235 -0.7061885
vn -0.61631608 0.348960966 -0.70596087
vn -0.62415427 0.333639592 -0.706481516
vn -0.665898323 0.249911323 -0.702939391
vn -0.671046197 0.218436807 -0.70850718
vn -0.495191067 -0.297802091 -0.816149294
vn -0.483394384 -0.319647402 -0.814957261
vn -0.176844195 -0.685641825 -0.70613122
vn -0.19284983 -0.365946144 -0.910435319
vn -0.329660058 -0.625560939 -0.7071051
vn -0.29435131 -0.290629029 -0.91043514
vn -0.503167093 -0.496812075 -0.707107127
vn -0.629698992 -0.321681529 -0.707106888
vn -0.368362218 -0.188180968 -0.910437882
vn -0.407999098 -0.0681629926 -0.910434306
vn -0.697440982 -0.11652559 -0.707105219
vn -0.709939301 0.00942080747 -0.704199851
vn -0.705410123 -0.0489531085 -0.707106829
vn -0.705410302 -0.0489532538 -0.70710665
vn -0.679614365 -0.195263982 -0.707104146
vn -0.679614186 -0.195264116 -0.707104325
vn -0.664727569 -0.249847323 -0.704069257
vn -0.663901448 -0.251670629 -0.704199314
vn -0.6952371 -0.129027784 -0.707104623
vn -0.695231318 -0.129049763 -0.707106411
vn -0.70174408 0.0869255438 -0.707106233
vn -0.701744795 0.0869096518 -0.707107365
vn -0.642737806 0.294762582 -0.707108974
vn -0.642741203 0.294759691 -0.707107067
vn -0.523733079 0.475081831 -0.707107365
vn -0.523731828 0.475083351 -0.707107306
vn -0.400683492 0.583806574 -0.706132233
vn -0.403856367 0.581794441 -0.705985308
vn -0.567182839 0.110477261 -0.81614852
vn -0.563569725 0.135040432 -0.814956009
vn -0.555866778 -0.434774578 -0.708507776
vn -0.54026401 -0.462590218 -0.702940285
vn -0.472403198 -0.526993334 -0.70647949
vn -0.459797651 -0.538710117 -0.705958605
vn -0.346000671 -0.617723525 -0.706187785
vn -0.342319727 -0.619212568 -0.706677556
vn -0.144551933 -0.692174017 -0.70710665
vn -0.144552857 -0.692174315 -0.707106233
vn 0.100405328 -0.699940443 -0.707108259
vn 0.100401998 -0.699941695 -0.707107484
vn 0.33329758 -0.623626351 -0.707108796
vn 0.333298713 -0.623627543 -0.707107246
vn 0.526153505 -0.47239694 -0.707109332
vn 0.526156664 -0.472398669 -0.707105815
vn 0.655803263 -0.264421076 -0.707109272
vn 0.655806243 -0.264421105 -0.707106531
vn 0.702978969 -0.0887674764 -0.705649257
vn 0.703361154 -0.083933726 -0.7058599
vn 0.707460821 0.0393738113 -0.705654919
vn 0.707503617 0.0345452018 -0.705864906
vn 0.67281431 0.217534289 -0.70710659
vn 0.672814667 0.217530981 -0.707107246
vn 0.558468819 0.43371889 -0.707107067
vn 0.558466494 0.433721274 -0.707107425
vn 0.44178766 0.554825008 -0.704977155
vn 0.438039452 0.55747956 -0.705221951
vn 0.422364742 0.567103744 -0.707107723
vn 0.42236492 0.567104042 -0.707107306
vn 0.46489507 0.532795966 -0.707107484
vn 0.46489495 0.532796025 -0.707107484
vn 0.536558867 0.461709052 -0.706349373
vn 0.533824384 0.464677215 -0.706474781
vn 0.63705188 0.306860328 -0.707107961
vn 0.637047112 0.306874871 -0.707105875
vn 0.701877654 0.0858681127 -0.707102835
vn 0.701872289 0.0858901665 -0.707105517
vn 0.69224453 -0.144207165 -0.707108021
vn 0.692240655 -0.144226849 -0.707107782
vn 0.609187901 -0.359011024 -0.707107604
vn 0.609176338 -0.359027743 -0.707109094
vn 0.461515456 -0.535730422 -0.707104206
vn 0.461496353 -0.535743475 -0.707106769
vn 0.316251129 -0.633677661 -0.706001341
vn 0.320128322 -0.631920159 -0.705829084
vn 0.210909188 -0.676153839 -0.705927134
vn 0.213230088 -0.675640464 -0.705721617
vn 0.0496059209 -0.704897106 -0.707572937
vn 0.0411755964 -0.706825554 -0.7061885
vn -0.170790926 -0.684765339 -0.70846796
vn -0.187641054 -0.683288097 -0.70562619
vn -0.373928845 -0.597572446 -0.709284544
vn -0.396984428 -0.587555885 -0.705110848
vn -0.539971828 -0.451981843 -0.710030138
vn -0.564697325 -0.429651082 -0.704639554
vn -0.652740359 -0.262363642 -0.710700572
vn -0.672994316 -0.226184592 -0.704215348
vn -0.701293647 -0.047346238 -0.711298585
vn -0.696917772 0.0202014577 -0.716866493
vn -0.694109082 0.181918949 -0.696504116
vn -0.610274315 -0.18154338 -0.771107852
vn -0.598440707 0.376690537 -0.707087576
vn -0.575976908 -0.0488463528 -0.81600529
vn -0.570771813 -0.262150943 -0.778136432
vn -0.417960912 -0.572172403 -0.70563972
vn -0.404695034 -0.580550194 -0.70652914
vn -0.363989323 -0.607848883 -0.705713451
vn -0.355839223 -0.611245275 -0.706935406
vn -0.36712262 -0.606868923 -0.704933405
vn -0.363824904 -0.608029783 -0.705642402
vn -0.475560009 -0.52330184 -0.70710516
vn -0.475560546 -0.523290038 -0.707113624
vn -0.605107903 -0.365854174 -0.707103312
vn -0.605107784 -0.36584118 -0.707110107
vn -0.684342206 -0.177988261 -0.707103789
vn -0.684337139 -0.177978724 -0.70711112
vn -0.707536519 -0.0249077547 -0.706237674
vn -0.707527578 -0.028240528 -0.706121325
vn -0.505775273 -0.378558815 -0.775167465
vn -0.517813206 -0.363459945 -0.774445832
vn -0.14770709 -0.693456173 -0.705195785
vn -0.139569715 -0.693597972 -0.706712246
vn -0.0396957994 -0.708305955 -0.704788506
vn -0.0181277599 -0.707931161 -0.706048727
vn 0.0391816385 -0.730364025 -0.681933403
vn 0.0404312909 -0.733815908 -0.678144097
vn 0.234568492 -0.666288197 -0.707840085
vn 0.187380418 -0.661154449 -0.726473212
vn 0.189772978 -0.664356947 -0.722921908
vn 0.252136648 -0.658701599 -0.708900094
vn 0.327276021 -0.624794543 -0.708887994
vn 0.326171994 -0.627346456 -0.707140923
vn 0.363967657 -0.594099224 -0.717337906
vn 0.363569468 -0.592248738 -0.719067812
vn 0.686103284 0.171065092 -0.707105994
vn 0.686102509 0.171065092 -0.707106829
vn 0.686102271 0.171064749 -0.707107067
vn 0.686102748 0.171064854 -0.70710665
vn 0.686104 0.171065167 -0.707105339
vn 0.686103046 0.171065003 -0.707106352
vn -0 0 -1
vn -0 0 -1
vn -0 0 -1
vn -0 0 -1
vn -0 0 -1
vn -0 0 -1
vn -0 0 -1
vn -0 0 -1
vn -0 0 -1
vn -0 0 -1
vn -0 0 -1
vn -0 0 -1
vn -0 0 -1
vn -0 0 -1
vn -0 0 -1
vn -0 0 -1
vn -0 0 -1
vn -0 0 -1
vn -0 0 -1
vn -0 0 -1
vn -0 0 -1
vn 0.0473407507 0.891088784 -0.451353163
vn -0.0183675569 0.714131534 -0.69977051
vn -0.0248702057 0.691144645 -0.72228837
vn 0.153075874 0.703870833 -0.693637908
vn 0.096328631 0.735340714 -0.670816481
vn 0.296456337 0.833392799 -0.466444105
vn 0.307455927 0.844728172 -0.43806988
vn -0.994521856 -0.104528874 2.00351664E-07
vn -0.994521856 -0.104528576 0
vn -0.994521856 -0.104528777 1.50624913E-07
vn -0.994521856 -0.104528487 0
vn -0.49063611 0.871364534 0
vn -0.994502425 -0.104713529 0
vn -0.0364975892 0.99933368 0
vn 0.032777708 0.999462664 0
vn 0.0327777117 0.999462664 0
vn 0.169465542 0.985536039 0
vn 0.169465572 0.985536039 0
vn 0.960525811 0.278190702 -8.1270116E-07
vn 0.719504893 0.694487512 0
vn 0.719360232 -0.69463712 0
vn 0.719383895 -0.694612682 0
vn 0.298365474 -0.95445168 -3.41115054E-07
vn 0.299192101 -0.954192758 -0.000459428789
vn -0.136506557 -0.990639091 0.000369186222
vn -0.131656796 -0.991294682 -0.00118929567
vn -0.0156936292 -0.999876738 0.000379144709
vn -0.00837692525 -0.99996233 -0.00228180108
vn 0.0525700115 -0.998144388 -0.0307266898
vn 0.04438309 -0.999014616 0
vn 0.0562716313 -0.996876717 -0.0554114617
vn -0 0 -1
vn -0 0 -1
vn -4.07194761E-07 0 -1
vn 1.45977808E-07 0 -1
vn -0 0 -1
vn -0 0 -1
vn -0 0 -1
vn -0 0 -1
vn -0.783277273 0.621672571 0
vn -0.783277631 0.621672094 0
vn -0.783277452 0.621672153 0
vn -0.783277154 0.621672571 0
vn -0.703232944 -0.0739123225 -0.707107067
vn -0.703232944 -0.0739121959 -0.707107067
vn -0.703234196 -0.0739128292 -0.707105696
vn -0.703233242 -0.0739124492 -0.707106769
vn -0.70323211 -0.0739120618 -0.707107902
vn -0.703234017 -0.0739129037 -0.707105815
vn -0.139689386 0.990194499 0.00131689908
vn -0.138244286 0.990398169 -3.74164483E-05
vn -0.130825922 0.991405368 0
vn -0.157369569 0.987539291 0.000933731382
vn -0.162035525 0.986784875 0.000129951746
vn -0.189880103 0.981806874 0.000934136449
vn -0.185235217 0.982694209 0.000129523396
vn -0.208834618 0.977950931 -3.74559859E-05
vn -0.20740515 0.978254318 0.00131813029
vn -0.216156632 0.976358771 0
vn 0.048895292 -0.689197242 -0.722922146
vn 0.0500482954 -0.685369432 -0.72647351
vn 0.00746174203 -0.70633328 -0.707840085
vn -0.0116419112 -0.705212891 -0.708900094
vn -0.093846269 -0.6990484 -0.708889484
vn -0.0919357762 -0.701068401 -0.70714277
vn 0.200818166 -0.622300565 -0.756580472
vn 0.189933673 -0.624424756 -0.757640302
vn 0.84564352 -0.108416595 -0.522621036
vn 0.508669674 -0.49122411 -0.707074225
vn 0.848787546 -0.212764442 -0.484036267
vn 0.969961464 0.243258551 0
vn 0.31427744 0.949331164 0
vn 0.970900655 0.239482552 0
vn -0.2641505 -0.755126417 -0.600007176
vn -0.254928291 -0.756247222 -0.602579176
vn -0.271350205 -0.752482951 -0.600115418
vn -0.24772352 -0.758441687 -0.602825999
vn -0.224667251 -0.768604577 -0.598975599
vn -0.225448683 -0.767144799 -0.600551069
vn -0.185332432 -0.781412601 -0.595857501
vn -0.174568996 -0.784528077 -0.595013738
vn -0.159892246 -0.789520144 -0.592530608
vn -0.159892246 -0.789520144 -0.592530608
vn -0.729503632 0.298875272 -0.615221977
vn -0.727782488 0.306175858 -0.613668501
vn -0.723098755 0.313121468 -0.615697265
vn -0.731124401 0.296147555 -0.614616752
vn -0.730384231 0.303009838 -0.612147093
vn -0.731623471 0.303523809 -0.610410035
vn -0 0 -1
vn -0 0 -1
vn -0 0 -1
vn -0 0 -1
vn -0 0 -1
vn -0 0 -1
vn -0 0 -1
vn -0 0 -1
vn -0 0 -1
vn -0 0 -1
vn -0 0 -1
vn 0.249368355 -0.662751019 0.706099629
vn 0.269209892 -0.660868049 0.700556517
vn 0.272812307 -0.662991583 0.697148085
vn 0.236898571 -0.667685211 0.705744743
vn 0.205253407 -0.677883565 0.705935478
vn 0.199458018 -0.678879976 0.706638873
vn 0.183170363 -0.685600877 0.704556644
vn 0.183003396 -0.685426414 0.704769731
vn -0 0 1
vn -0 0 1
vn -0 0 1
vn -0 0 1
vn -0 0 1
vn -0 0 1
vn -0 0 1
vn -0 0 1
vn -0 0 1
vn -0 0 1
vn -0.310667247 -0.950448573 0.0115425009
vn -0.306277663 -0.951815307 0.0155481612
vn -0.321704656 -0.946840048 0
vn -0.29518494 -0.955272257 0.0179074425
vn -0.260043263 -0.965590179 0.00363100506
vn -0.257343531 -0.9663046 0.00546034984
vn -0.181542307 -0.981513679 -0.0606063828
vn -0.232226104 -0.972605646 0.0104483478
vn -0.166694328 -0.982851386 -0.0788422897
vn -0.191358402 -0.981520236 0
vn -0.191358522 -0.981520236 0
vn -0.191358656 -0.981520116 0
vn 0.232079953 -0.959276795 0.161017969
vn 0.290929675 -0.956744432 0
vn 0.213348821 -0.953979969 0.21072413
vn 0.11919219 -0.880568683 0.45868513
vn 0.319517702 -0.946690142 0.0410649702
vn 0.439235032 -0.897543252 0.0385832153
vn 0.493368149 -0.869721234 0.0131508149
vn 0.574191868 -0.817285061 0.0484642833
vn 0.696587443 -0.717182159 0.0203879327
vn 0.711647391 -0.702536762 0
vn 0.874777853 -0.48452419 0
vn 0.874776483 -0.484526664 0
vn 0.983619392 -0.180258155 0
vn 0.983617961 -0.180265546 0
vn 0.989749014 0.142817348 0
vn 0.989748001 0.142824739 0
vn 0.892527223 0.450993508 0
vn 0.892528534 0.450990826 0
vn 0.702103972 0.712074399 0
vn 0.702107668 0.712070763 0
vn 0.509776473 0.860306978 0
vn 0.50977838 0.860305727 0
vn 0.438370794 0.898794174 1.04303751E-06
vn 0.438363671 0.898797691 1.26128998E-05
vn 0.43836394 0.898797572 -2.09290392E-05
vn 0.309974939 0.635542452 0.707107663
vn 0.309974849 0.635542214 0.707107961
vn 0.369229227 0.584807158 0.722267449
vn 0.399130911 0.61137563 0.683311343
vn 0.614631951 0.322698057 0.719787061
vn 0.502316773 0.558544219 0.660080433
vn 0.452675402 0.491696775 0.743854284
vn 0.631109715 0.31890893 0.707104981
vn 0.631112874 0.318901777 0.707105398
vn 0.708088517 0.102186911 0.698690593
vn 0.680789351 -0.13576965 0.719786346
vn 0.695519686 -0.127461359 0.707110941
vn 0.691795826 0.0998258367 0.715159655
vn 0.63973397 -0.393757761 0.660072148
vn 0.695523024 -0.127463043 0.707107365
vn 0.573215663 -0.343656242 0.743857682
vn 0.518193781 -0.510466099 0.686221242
vn 0.484926879 -0.489568323 0.724685252
vn 0.312315434 -0.634395897 0.707107365
vn 0.312315464 -0.634395778 0.707107484
vn 0.122787677 -0.696364403 0.70710659
vn 0.122787938 -0.696364403 0.70710659
vn -0.0765039772 -0.702956438 0.707106292
vn -0.0765038952 -0.702956319 0.707106531
vn -0.312355667 -0.656906545 0.686227143
vn -0.288241953 -0.625902295 0.724681199
vn -0.593298256 -0.360423595 0.719786108
vn -0.421112686 -0.518988907 0.743851185
vn -0.466487795 -0.588783383 0.660093427
vn -0.609981 -0.357663929 0.70710659
vn -0.609982431 -0.357653409 0.707110643
vn -0.684217334 -0.142800882 0.715160429
vn -0.68793565 0.0930218995 0.71978569
vn -0.702121019 0.0838141888 0.707107663
vn -0.700331986 -0.146170825 0.69869101
vn -0.593545258 0.307218015 0.743855596
vn -0.702127278 0.0838140175 0.707101345
vn -0.663051307 0.353053272 0.660088241
vn -0.58415854 0.43799144 0.683317125
vn -0.546978891 0.423255175 0.722266734
vn -0.168517694 0.627292752 0.760332525
vn -0.161120221 0.629231691 0.760333955
vn -0.161082372 0.629242122 0.760333359
vn -0.168377623 0.627329826 0.760333002
vn -0.248903036 0.631774485 0.73410368
vn -0.469796002 0.529907048 0.706038475
vn -0.327665091 0.626611888 0.707101882
vn -0.113195658 0.697990716 0.70710361
vn 0.018235689 0.710077047 0.703887761
vn -0.0444722958 0.705706418 0.707107186
vn -0.0444727652 0.705706239 0.707107365
vn -0.199575871 0.678357661 0.707106948
vn -0.199575245 0.67835778 0.707107067
vn -0.259992659 0.661018133 0.703888297
vn 0.0178126302 0.6788041 0.734103322
vn -0.13235718 0.69461149 0.707104206
vn 0.0935865343 0.700891674 0.707101345
vn 0.260225326 0.658630311 0.706037521
vn 0.309977859 0.635543525 0.707105517
vn 0.309977889 0.635542452 0.707106411
vn -0.421669722 0.567482591 0.707218647
vn -0.421669722 0.567482591 0.707218647
vn -0.421669722 0.567482591 0.707218647
vn -0.421669722 0.567482591 0.707218647
vn -0 0 1
vn -0 0 1
vn -0 0 1
vn -0 0 1
vn -0 0 1
vn -0 0 1
vn -0 0 1
vn -0 0 1
vn -0 0 1
vn -0 0 1
vn -0 0 1
vn -0 0 1
vn -0 0 1
vn -0 0 1
vn -0 0 1
vn -0 0 1
vn -0 0 1
vn -0 0 1
vn 0.452157646 -0.538860202 0.710762382
vn 0.37222895 -0.601205051 0.707105398
vn 0.37222892 -0.601204932 0.707105458
vn 0.452157497 -0.538860321 0.710762382
vn 0.527433693 -0.470971018 0.70710665
vn 0.527433634 -0.470970929 0.707106829
vn -0.142037034 -0.694458961 0.705373824
vn -0.119231232 -0.700468004 0.703653693
vn -0.118905559 -0.701084673 0.703094542
vn -0.137805685 -0.693796396 0.706863582
vn -0.175645426 -0.686031222 0.706052363
vn -0.189636782 -0.683357835 0.705024779
vn -0.208929941 -0.680530727 0.702300608
vn -0.214540198 -0.683024228 0.698176563
vn 0.642787635 -0.766044438 0
vn 0.526410162 -0.850230753 0
vn 0.526410103 -0.850230873 0
vn 0.642787635 -0.766044438 0
vn 0.74590385 -0.666053534 0
vn 0.74590385 -0.666053593 0
vn 0.37222892 -0.60120517 -0.707105339
vn 0.372228056 -0.601204157 -0.70710665
vn 0.372227997 -0.601204097 -0.70710665
vn 0.372228473 -0.601204753 -0.707105935
vn 0.452157587 -0.53886044 -0.710762262
vn 0.45215714 -0.538860261 -0.71076268
vn 0.725121856 -0.0373661071 -0.687605977
vn 0.52743417 -0.470971316 -0.707106173
vn 0.527433634 -0.470971227 -0.70710665
vn 0.739495635 0.0234670527 -0.672752202
vn 0.45039922 0.892827213 -0.000342236803
vn 0.450300872 0.892876923 0.000136427378
vn 0.450340062 0.892857134 0
vn -0.957506716 -0.288410962 7.25741847E-05
vn -0.805291414 -0.523392379 -0.278506845
vn -0.957522571 -0.288358271 -0.000167754493
vn -0.890638709 -0.426742405 -0.157014996
vn -0.957476437 -0.288511693 0
vn -0.457857579 -0.69596684 -0.553169549
vn -0.457856804 -0.695966542 -0.553170681
vn -0 0 1
vn -0 0 1
vn -0 0 1
vn -0 0 1
vn -0 0 1
vn -0 0 1
vn 0.745903075 -0.666054487 -2.17346656E-06
vn 0.74590385 -0.666053593 0
vn 0.74590385 -0.666053534 -4.20794578E-07
vn 0.74559468 -0.666399777 -1.48364234E-06
vn 0.745132029 -0.666916907 0
vn 0.526409805 -0.850231051 0
vn 0.526409686 -0.850231051 0
vn 0.526409805 -0.850231051 0
vn 0.526228786 -0.850343049 0
vn 0.525957286 -0.850511014 0
vn 0.764898837 0.330050588 -0.553169429
vn 0.764898181 0.330047965 -0.553171754
vn 0.764898121 0.330047667 -0.553171992
vn 0.764898896 0.330050915 -0.553169072
vn 0.318388641 0.631452739 -0.707033396
vn 0.318511873 0.63135916 -0.70706135
vn 0.318466604 0.631352127 -0.707087994
vn 0.318427026 0.631349444 -0.7071082
vn 0.318399847 0.631421387 -0.707056284
vn -0.302921712 0.361005694 -0.88199389
vn 0.267196476 0.655910909 -0.705965161
vn 0.094605118 0.700749099 -0.707107067
vn -0.139601544 0.693189859 -0.707106173
vn -0.358479768 0.609501421 -0.707106948
vn -0.537990212 0.458870947 -0.707109571
vn -0.658419132 0.25784567 -0.70710665
vn -0.706530392 0.0285098683 -0.7071082
vn -0.692342043 -0.149241403 -0.705967009
vn -0.677053869 -0.203956977 -0.707106471
vn -0.677049458 -0.203935698 -0.707116842
vn -0.677047014 -0.203927472 -0.707121551
vn -0.677034736 -0.204002902 -0.707111537
vn -0.677012444 -0.204055443 -0.707117736
vn 0.527403057 -0.470942408 -0.707148612
vn 0.452156872 -0.538859904 -0.710763097
vn 0.527433634 -0.470970929 -0.707106829
vn 0.452156872 -0.538859963 -0.710763037
vn 0.527337313 -0.47087881 -0.707240164
vn 0.372229695 -0.601204455 -0.707105398
vn 0.372227907 -0.601204216 -0.70710665
vn 0.372233331 -0.601205707 -0.707102537
vn -0 0 -1
vn -0 0 -1
vn -0 0 -1
vn -0 0 -1
vn -0.802488089 0.438535124 -0.404598355
vn -0.451393098 0.72906661 -0.514496088
vn -0.451392829 0.729065895 -0.51449728
vn -0.984823346 -0.00496935891 -0.173488855
vn -0.978069186 -0.208279282 -0.000703729573
vn -0.966415823 -0.256983608 5.39200187E-07
vn -0.957498074 -0.28843987 5.42892224E-07
vn -0.957498491 -0.288438499 0
vn -0.957498491 -0.288438141 3.01339071E-07
vn -0.993256569 -0.115936369 0.000180500516
vn -0.999186814 0.0402911156 -0.00150222203
vn -0.986445606 0.164085612 0.000955817231
vn -0.931125045 0.36469695 -0.00149969687
vn -0.886590004 0.462554485 0.00121759402
vn -0.760801494 0.648983181 -0.00134870014
vn -0.702198088 0.711980939 0.00104111165
vn -0.506904066 0.862001777 -0.00114303885
vn -0.450251728 0.892901242 0.00080946571
vn -0.197338149 0.980335116 -0.000882868946
vn -0.1549889 0.987916112 0.00052356004
vn 0.133899361 0.990994751 -0.000568362651
vn 0.155186594 0.987885177 0.000183370561
vn 0.374648094 0.927167058 -0.000196136039
vn 0.379511207 0.925187171 0
vn 0.450324476 0.892864943 -1.27551652E-06
vn 0.450324237 0.892865121 1.11133681E-06
vn 0.450323999 0.892865241 1.7770833E-06
vn 0.450322837 0.892865896 -1.30825663E-06
vn 0.450324237 0.892865121 0
vn 0.450324982 0.892864764 0
vn 0.450324237 0.892865002 0
vn 0.15459393 0.689160466 -0.707925498
vn 0.153828964 0.688739955 -0.708501101
vn 0.170752138 0.68550396 -0.707762778
vn 0.170805797 0.68616569 -0.70710814
vn 0.200096667 0.678340375 -0.706976533
vn 0.203846499 0.676127791 -0.708023846
vn 0.218317464 0.671508849 -0.708105505
vn 0.219819412 0.669280827 -0.709748149
vn -0.526410341 0.850230694 0
vn -0.526410401 0.850230575 0
vn -0.526410103 0.850230753 0
vn -0.526410043 0.850230873 0
vn 0.218009129 0.975946665 0.000197369605
vn 0.216766626 0.976221859 0.00176496501
vn 0.206070945 0.978537083 0
vn 0.241723314 0.970343649 0.00176515814
vn 0.241793409 0.970327795 1.54295947E-07
vn 0.280822575 0.959759593 -0.000284832378
vn 0.291132092 0.95667994 -0.00234365719
vn 0.308734715 0.951138973 -0.00418249937
vn 0.300476968 0.953789055 0
vn -0 0 -1
vn -0 0 -1
vn -0 0 -1
vn -0 0 -1
vn -0 0 -1
vn -0 0 -1
vn -0 0 -1
vn -0 0 -1
vn -0.542543709 -0.838828683 -0.0448625013
vn -0.542543709 -0.838828683 -0.0448625013
vn -0.493848056 -0.869230509 -0.0235026814
vn -0.47962451 -0.877301455 -0.0173963793
vn -0.438370675 -0.898794293 0
vn -0.438370615 -0.898794293 0
vn -0.309974492 -0.635542154 -0.70710808
vn -0.309974879 -0.635544062 -0.707106233
vn -0.309976786 -0.635548294 -0.707101643
vn -0.309978276 -0.635549843 -0.707099497
vn -0.309976101 -0.635542631 -0.707107008
vn -0.309974313 -0.635541737 -0.707108617
vn -0.41225031 0.572155774 -0.709004641
vn -0.403622895 0.581009924 -0.70676446
vn -0.420217723 0.570121169 -0.705959558
vn -0.385658115 0.589422703 -0.709823072
vn -0.368402988 0.604040742 -0.706692278
vn -0.338419199 0.618446231 -0.709222555
vn -0.339275181 0.620707929 -0.70683378
vn -0.314924061 0.630988479 -0.708996773
vn 0.517755866 -0.855527997 -0.000807251257
vn 0.467092723 -0.884208322 0.000369010697
vn 0.519237638 -0.854629934 0
vn 0.462759614 -0.886483014 -0.00118939846
vn 0.356725276 -0.934209287 0.000379116944
vn 0.3524777 -0.935820222 -4.20846703E-07
vn 0.296832919 -0.954927981 0.00162365171
vn 0.299977332 -0.953946292 0
vn -0 0 -1
vn -0 0 -1
vn -0 0 -1
vn -0 0 -1
vn -0 0 -1
vn -0 0 -1
vn -2.001468E-07 0 -1
vn -3.32076752E-07 0 -1
vn 0.970295668 0.241922066 2.18582798E-07
vn 0.970295608 0.2419222 0
vn 0.933048189 0.359751344 0
vn 0.970295668 0.241921797 2.90588332E-07
vn 0.970315218 0.241843611 0
vn 0.895619333 0.444821268 0
vn 0.523417473 0.852076352 0
vn 0.523417592 0.852076232 0
vn -0.579463303 0.814998329 0
vn -0.563572407 0.825978577 -0.0120621631
vn -0.548663318 0.836031318 -0.0044818325
vn -0.495621771 0.868459165 -0.0117317364
vn -0.477868766 0.878429592 -0.00174723822
vn -0.372296691 0.928108752 -0.00306111341
vn -0.359265208 0.933157384 0.0120791607
vn -0.320325643 0.947234333 0.0117756566
vn -0.290031284 0.956560254 -0.0295672193
vn -0.278571784 0.959529817 -0.04123348
vn -0.324277729 0.945788026 -0.0181354005
vn -0.374103248 0.927370846 -0.00548805483
vn -0.394398242 0.918917418 -0.00638489611
vn -0.401435852 0.915584505 -0.0235414449
vn -0.282997936 0.64744246 -0.707623065
vn -0.282997936 0.64744246 -0.707623065
vn -0.282997936 0.64744246 -0.707623065
vn -0.282997936 0.64744246 -0.707623065
vn 0.709580064 -0.704624891 0
vn 0.691003978 -0.722851038 0
vn 0.69100368 -0.722851217 0
vn 0.709579825 -0.70462507 0
vn 0.745278299 -0.666753531 0
vn 0.745278358 -0.666753471 0
vn -0.311796844 -0.950148761 0
vn -0.916441321 -0.400155962 0.00321871345
vn -0.998365104 -0.0567127429 0.00713118119
vn -0.999009132 -0.0351320691 0.0273218211
vn -0.998997509 -0.0433446541 0.0111931236
vn -0.998909712 -0.0466502942 -0.00173854805
vn -0.997689724 -0.0679347292 -0.000137472307
vn -0.994998693 -0.0998859927 0.000585382164
vn -0.992978871 -0.118272454 0.00212397007
vn -0.991378784 -0.131026953 0.000374065479
vn -0.987028718 -0.160542026 0.000763602031
vn -0.987319827 -0.158742383 0.000606985297
vn -0.984407425 -0.175902486 -0.000653755036
vn -0.98416394 -0.177260607 0
vn -0.984822512 -0.173564315 2.28132994E-05
vn -0 0 -1
vn -0 0 -1
vn -0 0 -1
vn -0 0 -1
vn -0 0 -1
vn -0 0 -1
vn -0 0 -1
vn -0 0 -1
vn -0.74590385 0.666053712 0
vn -0.745903194 0.666054368 0
vn -0.745904326 0.666053116 0
vn -0.745902598 0.666054964 0
vn -0.700663567 0.347696602 -0.623038948
vn -0.639606297 0.57113564 -0.514497638
vn -0.639606357 0.571135819 -0.514497459
vn -0.716094553 0.195211083 -0.670150101
vn -0.704740942 -0.0491217971 -0.707762241
vn -0.705402434 -0.0490603521 -0.707107067
vn -0.702781081 -0.0792648345 -0.706976593
vn -0.701253533 -0.0833416581 -0.708023787
vn -0.677140176 -0.0634306967 -0.733115077
vn -0.672469735 -0.0583154224 -0.737823665
vn -0.653644621 -0.0285541844 -0.756262779
vn -0.653644621 -0.0285541844 -0.756262779
vn -0 0 -1
vn -0 0 -1
vn -0 0 -1
vn -0 0 -1
vn -0 0 -1
vn -0 0 -1
vn -0 0 -1
vn -0 0 -1
vn -0 0 -1
vn -0 0 -1
vn -0 0 -1
vn 0.999837756 0.0180124547 0
vn 0.999837756 0.0180124789 0
vn 0.999837756 0.0180133227 0
vn 0.999837756 0.0180114415 0
vn 0.998127282 0.00834715087 -0.0605995804
vn 0.996866524 -0.00650677597 -0.0788331255
vn 0.996311486 0.0856364369 0.00545320194
vn 0.996076763 0.0884195268 0.00362243853
vn 0.992017865 0.124820225 0.0179065019
vn 0.987249553 -0.151827499 0.0478195027
vn 0.990539908 0.136341587 0.0155474413
vn 0.987485945 -0.157706991 0
vn 0.902436912 -0.375764638 0.21073328
vn 0.853086472 -0.302479416 0.42514658
vn 0.881763279 -0.0315904059 -0.470633149
vn 0.94887507 -0.259734064 0.179371998
vn 0.984386861 0.173573643 -0.0292355455
vn 0.984807849 0.173648015 0
vn 0.802818716 0.568603098 0.17936717
vn 0.817780197 0.331265181 -0.470636755
vn 0.698185563 0.5760113 0.425144553
vn 0.875782907 0.480330706 0.0478199981
vn 0.71949476 0.661752999 0.210737392
vn 0.873994112 0.485936403 0
vn 0.977434754 0.210664392 0.0155503368
vn 0.974882424 0.221999079 0.0179066043
vn 0.966247261 0.257591218 0.00362207391
vn 0.965515792 0.260287195 0.0054533584
vn 0.940787911 0.333535135 -0.0605994947
vn 0.95336771 0.301675886 0.00903502572
vn 0.944054127 0.32944265 -0.0151477959
vn 0.939641893 0.341539174 0.0205949005
vn 0.935667992 0.350942463 0.0369440243
vn 0.950398862 0.310890138 0.00944610965
vn 0.957678199 0.287841022 0
vn 0.711081862 -0.00464207819 0.703093886
vn 0.709032059 -0.00305186748 0.705169618
vn 0.707502186 0.0181989875 0.706476808
vn 0.706027269 0.0267181955 0.707680464
vn 0.704617858 0.0663534626 0.706477761
vn 0.702569246 0.0747241601 0.707681239
vn 0.685911596 -0.0666028187 0.724630535
vn 0.682068467 -0.0765825436 0.727267325
vn 0.694691539 -0.130338505 0.707400501
vn 0.697961569 -0.111091316 0.707466125
vn 0.695575774 0.122648723 0.707906604
vn 0.696363747 0.122787349 0.707107365
vn 0.617873669 0.343108535 0.707466304
vn 0.608217537 0.360076815 0.707400858
vn 0.621765912 0.297182024 0.724630952
vn 0.614741325 0.305245042 0.727267861
vn 0.685755968 0.170075387 0.707681477
vn 0.684818029 0.178641573 0.706478238
vn 0.67258507 0.216367647 0.707682371
vn 0.671057522 0.224877506 0.706478596
vn 0.517666221 0.447085261 0.72947675
vn 0.515692353 0.451171935 0.728357971
vn 0.240588218 0.661010146 0.710762262
vn 0.240588307 0.661010563 0.710761786
vn -0.108737551 0.676213324 0.72863692
vn -0.105035909 0.677099705 0.728356719
vn -0.370991528 0.60400039 0.70537132
vn -0.366789728 0.604826272 0.706859589
vn -0.399688631 0.584584177 0.706052601
vn -0.411921769 0.577286601 0.705025315
vn -0.199345991 0.923402846 0.328006417
vn -0.290620625 0.934347272 0.206239954
vn -0.189167634 0.868236005 0.458674073
vn -0.125798836 0.96941638 0.210728481
vn -0.357163787 0.934041798 0
vn -0.61334753 0.789660156 0.0155451763
vn -0.604106128 0.796702623 0.0179072637
vn -0.574611366 0.818418443 0.00362140313
vn -0.572318852 0.820013046 0.00545268785
vn -0.506291986 0.86022979 -0.0606074072
vn -0.536408901 0.843909919 0.00903178751
vn -0.511425555 0.85919404 -0.0151494741
vn -0.500269353 0.865624785 0.0205967277
vn -0.491180092 0.870274127 0.0369473472
vn -0.528212309 0.849059701 0.00944703445
vn -0.548607111 0.836080253 0
vn -0.299044937 0.952886641 0.0507855825
vn -0.166074499 0.986113131 0.000212002415
vn 0.105768375 0.993642032 0.0385836288
vn 0.166153103 0.98601228 0.0131521309
vn 0.260035992 0.964381933 0.0484640151
vn 0.4092893 0.912176847 0.0203875341
vn 0.428454399 0.903563321 0
vn 0.656305671 0.754495144 0
vn 0.65630275 0.754497647 0
vn 0.862644494 0.505810738 0
vn 0.8626436 0.505812228 0
vn 0.978907526 0.204303712 0
vn 0.978907526 0.204303801 0
vn 0.992950082 -0.118533015 0
vn 0.992949843 -0.118534848 0
vn 0.903307259 -0.428994179 0
vn 0.903306484 -0.428995937 0
vn 0.773277462 -0.634067893 0
vn 0.773277104 -0.634068191 0
vn 0.719340622 -0.694657505 -1.8762222E-06
vn 0.719340026 -0.69465816 1.33827015E-07
vn 0.719340026 -0.69465816 -1.01962178E-06
vn 0.719342411 -0.694655597 -4.05544597E-05
vn 0.719332993 -0.694665492 0
vn 0.719339788 -0.694658399 1.20014704E-07
vn 0.719339848 -0.694658339 0
vn 0.719339728 -0.694658458 0
vn -0.312730908 0.574831486 0.756153584
vn -0.204012156 0.678739846 0.70547235
vn -0.350693047 0.59625268 0.722147584
vn -0.31736654 0.628015816 0.710545361
vn -0.434264451 0.554522753 0.709872484
vn -0.1150923 0.693783164 0.710928023
vn 0.0366251506 0.704276145 0.708980858
vn 0.146310925 0.716344595 0.682234287
vn 0.225390986 0.72978127 0.645459652
vn -0.499499083 0.49410215 0.711592436
vn -0.522069097 0.477563679 0.706665933
vn -0.630750656 0.319615901 0.707106233
vn -0.630751491 0.319614321 0.707106233
vn -0.699457288 0.103738695 0.70710516
vn -0.699457347 0.103738092 0.707105219
vn -0.696365356 -0.122787796 0.707105577
vn -0.696365356 -0.122787677 0.707105637
vn -0.621793926 -0.33671084 0.707105398
vn -0.621793926 -0.3367109 0.707105398
vn -0.483398318 -0.516069531 0.707105517
vn -0.483397275 -0.516070426 0.707105637
vn -0.297690094 -0.641393363 0.707103372
vn -0.294311553 -0.644105077 0.706051946
vn -0.090140596 -0.699010849 0.709407151
vn -0.128120437 -0.698134303 0.704410255
vn 0.0602592453 -0.703695714 0.707941532
vn 0.12913473 -0.691304505 0.710930526
vn 0.275293112 -0.649268448 0.70898819
vn 0.382496476 -0.623092771 0.682240307
vn 0.461403072 -0.60867244 0.645464897
vn -0.251417786 -0.661352754 0.706683636
vn -0.251417786 -0.661352754 0.706683636
vn -0.251417786 -0.661352754 0.706683636
vn -0.251417786 -0.661352754 0.706683636
vn -0 0 -1
vn -0 0 -1
vn -0 0 -1
vn -0 0 -1
vn -1.45977808E-07 0 -1
vn -0 0 -1
vn -0 0 -1
vn 4.07194761E-07 0 -1
vn 0.588430882 -0.808546901 -0.00102985918
vn 0.615424395 -0.788184822 -0.00418391544
vn 0.608570218 -0.793500006 0
vn 0.600778699 -0.799411952 -0.00234504277
vn 0.55902195 -0.829151332 0.00156396546
vn 0.543272078 -0.839556396 -0.000686228916
vn 0.537580371 -0.843210757 0.0017646692
vn 0.528327405 -0.849040806 0
vn -0.0801218599 -0.700646818 -0.708995402
vn -0.106991686 -0.697321892 -0.708727837
vn -0.108998992 -0.699163556 -0.706604183
vn -0.146950692 -0.69262743 -0.706167579
vn -0.160757586 -0.686380446 -0.709252298
vn -0.193260029 -0.682087183 -0.705271304
vn -0.195935577 -0.677506089 -0.708939254
vn -0.214664921 -0.677120745 -0.703865469
vn -0.218242511 -0.679938257 -0.700038791
vn -0.220972508 -0.684259772 -0.694952965
vn -0.221747339 -0.685734272 -0.693250835
vn 0.0217164718 -0.741901815 -0.670156777
vn -0.00643492583 -0.708005726 -0.706177413
vn 0.0147470944 -0.747818351 -0.663739681
vn 0.064716585 -0.82345283 -0.563681722
vn 0.100823782 -0.90407145 -0.415318459
vn 0.102644436 -0.907677352 -0.40692246
vn -0.583688319 -0.535447478 -0.610412955
vn -0.582701802 -0.534542561 -0.612146199
vn -0.574893177 -0.539285421 -0.615361035
vn -0.582687378 -0.532484114 -0.613951266
vn -0.583285213 -0.530356586 -0.615223765
vn -0.572396874 -0.541553915 -0.615695715
vn -0 0 -1
vn -0 0 -1
vn -0 0 -1
vn -0 0 -1
vn -0 0 -1
vn -0 0 -1
vn -0 0 -1
vn -0 0 -1
vn -0 0 -1
vn -0 0 -1
vn -0 0 -1
vn -0 0 -1
vn -0 0 -1
vn -0 0 -1
vn -0 0 -1
vn -0 0 -1
vn -0 0 -1
vn -0 0 -1
vn -0 0 -1
vn -0 0 -1
vn -0 0 -1
vn -0 0 -1
vn -0.0444921702 -0.705186427 -0.707624614
vn -0.0444921702 -0.705186427 -0.707624614
vn -0.0444921702 -0.705186427 -0.707624614
vn -0.0444921702 -0.705186427 -0.707624614
vn 0.434822232 -0.556343973 -0.708103836
vn 0.435472488 -0.553738236 -0.709744751
vn 0.422803402 -0.565633714 -0.708022416
vn 0.42003569 -0.568994284 -0.706976354
vn 0.394910902 -0.585762918 -0.707762241
vn 0.395188421 -0.586366355 -0.707107127
vn 0.380977035 -0.594724953 -0.707925558
vn 0.380112588 -0.594590783 -0.708502889
vn -0 0 -1
vn -0 0 -1
vn -0 0 -1
vn -0 0 -1
vn -0 0 -1
vn -0 0 -1
vn -0 0 -1
vn -0 0 -1
vn -0 0 -1
vn -0 0 -1
vn -0 0 -1
vn -0 0 -1
vn -0 0 -1
vn -0 0 -1
vn -0 0 -1
vn -0 0 -1
vn -0.342020214 -0.939692557 2.16880593E-07
vn -0.203867406 -0.978998542 3.44021601E-07
vn -0.203867733 -0.978998482 7.73308216E-07
vn -0.342019945 -0.939692616 0
vn -0.473116696 -0.880999804 0
vn -0.473116815 -0.880999744 0
vn 0.494637787 0.8690992 0
vn 0.47141394 0.881912053 0
vn 0.494638264 0.869099021 0
vn 0.471413732 0.881912231 0
vn 0.423989296 0.905667186 0
vn 0.423989326 0.905667186 0
vn 0.32169649 0.946830451 -0.00483998423
vn 0.336166531 0.941802561 0
vn 0.165755734 0.986164629 0.00210007466
vn 0.0888745338 0.995973647 -0.0117449956
vn -0.0570445918 0.998361051 0.00458757207
vn -0.208811 0.977889478 -0.0114020333
vn -0.27676636 0.960927606 -0.00430745585
vn -0.485731989 0.87406528 -0.00862287823
vn -0.42527613 0.905060351 -0.00246323179
vn -0.584553957 0.811354816 3.57716526E-05
vn -0.667491913 0.744611144 -0.00296967477
vn -0.695698857 0.718333483 0
vn -0.934437275 0.356127828 -3.9910762E-07
vn -0.29919219 0.954192758 -0.00045979998
vn -0.298365563 0.95445168 0
vn 0.136506557 0.990639091 0.000369186222
vn -0.961933792 -0.273018956 -0.0120055228
vn 0.131656796 0.991294682 -0.00118929567
vn -0.229634911 -0.973266602 -0.00448121689
vn 0.0156936292 0.999876738 0.000379144709
vn 0.0111510269 0.999937892 -5.43245221E-07
vn 0.622535706 0.782590508 0.00116012606
vn 0.652470052 0.757814527 1.03435681E-07
vn -0.1687015 -0.985597432 -0.0117312772
vn -0.14860931 -0.988894343 -0.00174796081
vn -0.0324124806 -0.999469936 -0.00306124799
vn 0.999817669 -0.0190978292 0
vn -0.0184399504 -0.999756992 0.0120793581
vn 0.750757754 -0.660520494 0.0086893253
vn 0.503757119 -0.863423467 -0.0269941296
vn 0.993754089 -0.111592561 0
vn 0.783277273 -0.621672571 0
vn 0.783277631 -0.621672094 0
vn 0.0664068535 -0.996940374 -0.041231893
vn 0.0187560953 -0.999659657 -0.018133264
vn -0.0343608111 -0.999394417 -0.00548638823
vn -0.0563225038 -0.998392165 -0.00637717173
vn -0.0640749633 -0.997667968 -0.0235129613
vn 0.341652989 0.617878258 -0.70816642
vn 0.355888098 0.602491081 -0.714386582
vn 0.354962796 0.606807351 -0.711186469
vn 0.331213385 0.624138534 -0.707636058
vn 0.303850859 0.637259781 -0.708219349
vn 0.298033416 0.641025722 -0.70729202
vn 0.22367616 0.671049654 -0.706867337
vn 0.226717159 0.670418859 -0.706496835
vn 0.0620661378 0.704379678 -0.707104743
vn 0.0620654933 0.704380214 -0.707104206
vn -0.146729812 0.691716373 -0.707105935
vn -0.146730602 0.691716135 -0.707105935
vn -0.342684269 0.618519604 -0.707107365
vn -0.342683941 0.618520856 -0.707106531
vn -0.472676665 0.527132869 -0.706192434
vn -0.470138997 0.529572487 -0.706061065
vn -0.200818539 0.62230134 -0.756579757
vn -0.189934075 0.624425709 -0.757639408
vn 0.093846269 0.6990484 -0.708889484
vn 0.0919357762 0.701068401 -0.70714277
vn 0.0116419112 0.705212891 -0.708900094
vn -0.00746174203 0.70633328 -0.707840085
vn -0.048895292 0.689197242 -0.722922146
vn -0.0500482954 0.685369432 -0.72647351
vn -0.961217642 -0.27579093 0
vn -0.959064901 -0.283082843 0.00765951211
vn -0.957553148 -0.288168371 0.0071319188
vn -0.950777829 -0.308666617 0.0273204464
vn -0.953575909 -0.300944775 0.0111923935
vn -0.955964983 -0.293433607 -0.00527241547
vn -0.968736827 -0.247762263 0.0127595169
vn -0.962371111 -0.271497428 -0.0114426585
vn -0.978792489 -0.204535976 -0.0114160152
vn -0.959226012 -0.245263875 -0.140467286
vn -0.978804469 -0.204797134 0
vn -0.98181802 -0.189658314 -0.00793641899
vn -0.974411726 -0.222840562 0.0293925665
vn -0.981433451 -0.191655114 0.00753158238
vn -0.984793484 -0.173729375 0
vn -0.674127519 -0.210698321 -0.70792532
vn -0.67338115 -0.211149797 -0.708500803
vn -0.679039717 -0.194876477 -0.707762897
vn -0.679639578 -0.195161447 -0.70710814
vn -0.687507272 -0.165880799 -0.706977606
vn -0.6874668 -0.161527306 -0.708024144
vn -0.690703273 -0.146686018 -0.70810467
vn -0.689526558 -0.14427188 -0.709745586
vn -0.414933413 -0.573043108 -0.70671916
vn -0.416733593 -0.571478724 -0.706926465
vn -0.419888914 -0.568972051 -0.707081378
vn -0.420893699 -0.56811887 -0.707170129
vn -0.421085 -0.568073034 -0.707092941
vn -0.42227459 -0.567163289 -0.707113862
vn -0.132763609 -0.716477513 -0.684860468
vn -0.120291673 -0.7236588 -0.679593861
vn 0.0903784782 -0.782783687 -0.615695894
vn 0.102950804 -0.785368264 -0.610407948
vn 0.0903784782 -0.782783687 -0.615695894
vn 0.0903784782 -0.782783687 -0.615695894
vn -0.589416981 -0.807828963 -0.00028270125
vn -0.586479068 -0.809964418 0
vn -0.588700116 -0.808350861 -0.00102337438
vn -0.595160782 -0.803605974 -0.00102114887
vn -0.595311403 -0.803495109 3.6119236E-06
vn -0.601909339 -0.798564374 0.00036707471
vn -0.607920647 -0.793995738 0.00178438006
vn -0.612386107 -0.790549815 0.00378189678
vn 0.786034107 0.148804426 -0.600006282
vn 0.782393515 0.1573506 -0.602578819
vn 0.787343502 0.141246974 -0.600116313
vn 0.780691206 0.164686099 -0.602826595
vn 0.777965248 0.189734012 -0.598974943
vn 0.777090371 0.188326791 -0.600552678
vn 0.769000411 0.220306471 -0.600086093
vn 0.768687785 0.222244605 -0.599772036
vn 0.761946976 0.24521111 -0.599423349
vn 0.758904457 0.249886349 -0.601349235
vn 0.749504566 0.276061893 -0.601691484
vn 0.743220508 0.288385302 -0.603702843
vn 0.442802876 0.552485704 -0.7061764
vn 0.444564253 0.5479123 -0.708628774
vn 0.469079822 0.529879212 -0.70653528
vn 0.477672815 0.517282188 -0.710104167
vn 0.521470964 0.479508847 -0.705789924
vn 0.535463452 0.455888331 -0.710946262
vn 0.618796051 0.384522259 -0.685006618
vn 0.67740792 0.323292464 -0.660757542
vn 0.764407873 0.134785756 -0.630486727
vn 0.764407933 0.134785756 -0.630486548
vn 0.747127771 -0.0721079484 -0.660757601
vn 0.712992489 -0.149692461 -0.685006499
vn 0.659093976 -0.24525544 -0.710946441
vn 0.654024005 -0.272238076 -0.705789626
vn 0.625786543 -0.322712898 -0.710103929
vn 0.622020245 -0.337489039 -0.70653522
vn 0.605150461 -0.362819463 -0.708628953
vn 0.605059087 -0.367718488 -0.706177413
vn 0.610607386 0.791933537 0
vn 0.620795965 0.783941746 -0.00690057455
vn 0.65988189 0.751135528 -0.0187461004
vn 0.684455931 0.728546202 0.0272122957
vn 0.68741852 0.726250768 -0.00396085717
vn 0.684591949 0.684198618 -0.251408219
vn 0.713852465 0.693378687 0.0981867984
vn 0.846901715 0.531746924 -0.00161666551
vn 0.867908418 0.496724278 0
vn 0.98480773 0.173648104 0
vn 0.98480773 0.173648089 0
vn 0.985456884 -0.169925481 0
vn 0.977693558 -0.210030332 -0.00161787041
vn 0.907948911 -0.40741685 0.0981851444
vn 0.877315581 -0.408792377 -0.251408279
vn 0.892353296 -0.450516284 0.0272162538
vn 0.894354343 -0.44734174 -0.00396114914
vn 0.877000213 -0.480125695 -0.0187060311
vn 0.851481199 -0.524339855 -0.00690064579
vn 0.844639421 -0.53533572 0
vn 0.449275613 0.547335923 0.706098318
vn 0.437721819 0.56357497 0.700558901
vn 0.437758625 0.567755282 0.697152257
vn 0.459783316 0.539003491 0.705744028
vn 0.484435588 0.516693115 0.705939353
vn 0.48819688 0.512172639 0.706642151
vn 0.6025002 0.35611254 0.714267075
vn 0.589800835 0.376603514 0.714356184
vn 0.664577603 0.241528496 0.707107186
vn 0.664577723 0.241528243 0.707107067
vn 0.664577901 0.241528556 0.707106888
vn 0.691043973 0.121849656 0.712468147
vn 0.664578199 0.241529003 0.707106411
vn 0.691043735 0.121849708 0.712468386
vn 0.707107425 0.000336298108 0.707106054
vn 0.707106471 0.000336666708 0.707107008
vn 0.707106888 0.000336541329 0.707106531
vn 0.707106829 0.000336660974 0.70710659
vn 0.683036149 -0.152166337 0.714357793
vn 0.687960684 -0.128567383 0.714269161
vn 0.633927882 -0.31431213 0.70664233
vn 0.631939471 -0.319846183 0.70593977
vn 0.616402924 -0.349240661 0.705746591
vn 0.609378874 -0.360664427 0.706100821
vn 0.604077935 -0.379877895 0.700558722
vn 0.605542958 -0.383794397 0.697151065
vn 0.342020005 0.939692616 0
vn 0.473115891 0.881000161 0
vn 0.473115981 0.881000161 0
vn 0.342020065 0.939692616 0
vn 0.203867942 0.978998482 0
vn 0.203867942 0.978998482 0
vn 0.334543705 0.622961104 -0.707106709
vn 0.240587652 0.661009192 -0.710763216
vn 0.334543645 0.622960627 -0.707107127
vn 0.240587771 0.66100949 -0.710762978
vn 0.144156158 0.692256272 -0.707106888
vn 0.144156009 0.692256331 -0.707106948
vn -0.17481491 -0.839481652 -0.514499903
vn -0.292469889 -0.803554595 -0.518421888
vn -0.17481491 -0.839481235 -0.514500737
vn -0.29246971 -0.803555071 -0.518421471
vn -0.405694127 -0.75545162 -0.514495075
vn -0.405694157 -0.755451739 -0.514494836
vn -0.396704137 0.693247676 -0.6016922
vn -0.42072919 0.679239273 -0.601349294
vn -0.383969188 0.69864887 -0.603703141
vn -0.426066399 0.677612543 -0.599423647
vn -0.447477967 0.663069069 -0.600085795
vn -0.445994109 0.664352 -0.599771261
vn -0.47423178 0.643773019 -0.600550294
vn -0.473996937 0.645411372 -0.598974943
vn -0.492186815 0.627975702 -0.602825642
vn -0.498206854 0.623449326 -0.602578521
vn -0.506490409 0.619242787 -0.600004971
vn -0.512350798 0.614296556 -0.60011363
vn -0.517943561 -0.495954961 -0.696967125
vn -0.522880733 -0.498094797 -0.69173497
vn -0.526564479 -0.50053221 -0.687166154
vn -0.491571099 -0.477164388 -0.728472412
vn -0.468256265 -0.460130602 -0.75433141
vn -0.62012887 -0.318630427 -0.716878533
vn -0.617667079 -0.318109483 -0.719231367
vn -0.668215215 -0.228065014 -0.708148777
vn -0.672094882 -0.218789786 -0.707403302
vn -0.705919743 -0.0142319957 -0.708148837
vn -0.706393242 -0.0242746249 -0.707403183
vn -0.684323788 0.174827844 -0.707909644
vn -0.677136004 0.202946112 -0.707318664
vn -0.656334162 0.288897395 -0.696967483
vn -0.625109076 0.280255228 -0.728488564
vn -0.597358406 0.272218168 -0.754360855
vn -0.961865962 0.273521394 2.26140196E-06
vn -0.909969866 0.41467452 1.88104623E-05
vn -0.909969151 0.414675832 2.32821021E-05
vn -0.96186614 0.273520648 0
vn -0.999711812 -0.0240023639 0
vn -0.999711812 -0.0240024254 0
vn -0.94763124 -0.319366664 0
vn -0.94763124 -0.319366634 0
vn -0.810308933 -0.586003006 0
vn -0.810308814 -0.586002946 0
vn -0.713268578 -0.70089072 0
vn -0.713268578 -0.700890779 0
vn -0.429235399 -0.560928345 -0.707895696
vn -0.424366027 -0.564743161 -0.707798541
vn -0.43202126 -0.557710767 -0.708742797
vn -0.420023948 -0.568290532 -0.707549155
vn -0.416081935 -0.570357323 -0.708214879
vn 0.703232944 0.0739123225 -0.707107067
vn 0.703232944 0.0739121959 -0.707107067
vn 0.703234196 0.0739128292 -0.707105696
vn 0.703233242 0.0739124492 -0.707106769
vn 0.70323211 0.0739120618 -0.707107902
vn 0.703234017 0.0739129037 -0.707105815
vn -0 0 1
vn -0 0 1
vn -0 0 1
vn -0 0 1
vn -0 0 1
vn -0 0 1
vn -0 0 1
vn -0 0 1
vn -0 0 1
vn -0 0 1
vn -0 0 -1
vn -0 0 -1
vn -0 0 -1
vn -0 0 -1
vn -0 0 -1
vn -0 0 -1
vn -0 0 -1
vn -0 0 -1
vn -0 0 -1
vn -0 0 -1
vn -0 0 -1
vn -0 0 -1
vn -0 0 -1
vn -0 0 -1
vn -0 0 -1
vn -0 0 -1
vn -0 0 -1
vn -0 0 -1
vn -0 0 -1
vn -0 0 -1
vn -0 0 -1
vn -0 0 -1
vn -0 0 -1
vn -0 0 -1
vn -0 0 -1
vn -0 0 -1
vn -0 0 -1
vn -0 0 1
vn -0 0 1
vn -0 0 1
vn -0 0 1
vn -0 0 1
vn -0 0 1
vn -0 0 1
vn -0 0 1
vn -0 0 1
vn -0 0 1
vn -0 0 1
vn -0 0 1
vn -0 0 1
vn -0 0 1
vn -1.28492346E-07 0 1
vn -1.26200845E-07 0 1
vn 1.98550751E-07 2.72469805E-07 1
vn -0 0 1
vn -5.94681251E-06 -2.06554591E-06 1
vn -4.03858576E-05 1.3581913E-06 1
vn -0 0 1
vn -0 0 1
vn -0 0 1
vn -0 0 1
vn -0 0 1
vn -0 0 1
vn -0 0 1
vn -0.56376785 0.825933278 0
vn -0.625011742 0.780454695 0.0158364754
vn -0.458789259 0.884662449 -0.0829750896
vn -0.376169413 0.750880241 0.542840242
vn -0.450708687 0.807367861 0.380813271
vn -0.61136359 0.789544225 0.0534273311
vn -0.74796325 0.661608934 0.0531471111
vn -0.813933849 0.580658197 0.0186513662
vn -0.842353106 0.538634062 0.0177368876
vn -0.880657852 0.46709013 0.0791738778
vn -0.919234753 0.392557323 0.0301067941
vn -0.943778694 0.321421981 0.0772646442
vn -0.946741641 0.280321866 0.158429891
vn -0.856915236 0.514754355 0.0269102175
vn -0.857830703 0.513932288 0
vn -0.671157837 0.741151392 0.015548843
vn -0.679697692 0.733273685 0.0179072078
vn -0.706204236 0.707998931 0.00362245203
vn -0.708172262 0.706018627 0.00545273209
vn -0.759244204 0.647978067 -0.0606022514
vn -0.739047706 0.673628688 0.00574401813
vn -0.757332742 0.652853608 -0.0151483426
vn -0.754341841 0.656481802 0
vn -0.754341781 0.656481862 0
vn -0.612796545 0.538885117 0.577999413
vn -0.565417111 0.415667295 0.712407231
vn -0.626682758 0.553000569 0.549052894
vn -0.55818212 0.483171374 0.674520671
vn -0.546509206 0.467639327 0.694723785
vn -0.609550774 0.380375355 0.695530295
vn -0.645510972 0.285110503 0.708539009
vn -0.667655408 0.249563858 0.701394379
vn -0.673798144 0.19361499 0.713098407
vn -0.669919312 0.19108434 0.717422366
vn 0.440752655 -0.522499144 0.729884684
vn 0.407446831 -0.569793463 0.713668346
vn 0.43827799 -0.511947691 0.738797665
vn 0.425228357 -0.564712703 0.707304955
vn 0.374075979 -0.596086323 0.710456371
vn 0.397781104 -0.573713541 0.715976894
vn 0.310643107 -0.626936972 0.714458525
vn 0.313670754 -0.633724689 0.707109332
vn 0.270138055 -0.649288058 0.710950434
vn 0.253403187 -0.650012553 0.716429055
vn 0.963229775 -0.268679082 0
vn 0.930223763 -0.366992712 -1.26039413E-06
vn 0.963229775 -0.268679053 -1.23719303E-07
vn 0.930223644 -0.36699301 -1.08722338E-06
vn 0.834661305 -0.550763607 1.43302486E-06
vn 0.834660947 -0.550764084 1.79162703E-06
vn 0.685120821 -0.728429437 4.0384316E-06
vn 0.68512243 -0.728428006 1.12657301E-06
vn 0.454281062 -0.890858412 6.75011563E-07
vn 0.454278201 -0.890859962 -3.26102793E-07
vn 0.162399396 -0.986725092 -1.18781952E-06
vn 0.162393406 -0.986726165 1.08557265E-06
vn -0.14482376 -0.989457548 -7.02475802E-07
vn -0.144824922 -0.989457309 0
vn -0.295100302 -0.95546627 -8.0858382E-07
vn -0.295102239 -0.955465615 0
vn -0.00802452583 -0.800897539 0.598747671
vn 0.254185289 -0.687427104 0.680318952
vn -0.00802452583 -0.800897539 0.598747671
vn -0.0050354721 -0.809807003 0.58667475
vn 0.0740811378 -0.806803405 0.586157203
vn 0.312544644 -0.639450669 0.702437639
vn 0.484375149 -0.510644197 0.710368395
vn 0.495146632 -0.504811883 0.707103014
vn 0.590194583 -0.389450639 0.707105756
vn 0.590197444 -0.389447093 0.707105339
vn 0.65776509 -0.259507388 0.707107425
vn 0.65776974 -0.259497941 0.707106531
vn 0.682947874 -0.190495998 0.70519042
vn 0.682949066 -0.190496087 0.705189228
vn 0.688642263 -0.155797511 0.708165944
vn 0.689727485 -0.140032083 0.710399151
vn 0.691262782 -0.143215537 0.708269
vn 0.688403249 -0.162812501 0.706818879
vn 0.681164205 -0.186828151 0.707891703
vn 0.681045353 -0.190571144 0.707007706
vn 0.655746758 -0.266361624 0.706432939
vn 0.657306194 -0.262876868 0.706289113
vn 0.568925202 -0.41991055 0.707106173
vn 0.568926394 -0.419908077 0.70710665
vn 0.406050384 -0.578899026 0.707106054
vn 0.406049877 -0.578898549 0.70710665
vn 0.201106384 -0.677905798 0.707106769
vn 0.201104283 -0.677907586 0.707105637
vn 0.0347090028 -0.70750165 0.705858827
vn 0.0305342451 -0.707525849 0.706027567
vn -0.0246776752 -0.7066769 0.707105815
vn -0.0246776789 -0.70667702 0.707105756
vn 0.576608658 0.412589788 0.705189407
vn 0.576607466 0.412589312 0.705190778
vn 0.529347181 0.468818545 0.707107246
vn 0.529339433 0.468825758 0.707108259
vn 0.421404243 0.567819834 0.707106173
vn 0.421400249 0.567822158 0.70710665
vn 0.310045302 0.635611355 0.707014918
vn 0.280852616 0.644023955 0.711586177
vn 0.218422875 0.669603705 0.709874928
vn 0.0834338143 0.698690593 0.710542202
vn 0.125614822 0.680239737 0.722145975
vn -0.0404362008 0.707582831 0.705472529
vn 0.0972555503 0.647142053 0.75614053
vn -0.12913473 0.691304505 0.710930526
vn -0.275293112 0.649268448 0.70898819
vn -0.382496476 0.623092771 0.682240307
vn -0.461403072 0.60867244 0.645464897
vn 0.251417786 0.661352754 0.706683636
vn 0.251417786 0.661352754 0.706683636
vn 0.251417786 0.661352754 0.706683636
vn 0.251417786 0.661352754 0.706683636
vn -0.335561305 -0.263633668 0.90437597
vn 0.405493766 -0.132965997 0.904375374
vn 0.405493468 -0.132967442 0.904375255
vn -0.0842324495 0.477701008 0.874475121
vn -0.335561275 -0.263633162 0.904376149
vn -0.084231697 0.477700859 0.874475181
vn -0.984808862 -0.173641756 0
vn -0.866026878 -0.499997586 0
vn -0.866028666 -0.499994546 0
vn -0.642790496 -0.766041994 0
vn -0.984807611 -0.173648939 0
vn -0.642789185 -0.766043186 0
vn -0.984807611 0.173648745 0
vn -0.342017323 -0.93969357 0
vn -0.984808981 0.173641279 0
vn -0.342015564 -0.939694226 0
vn -0.866029382 0.499993086 0
vn 3.93978144E-06 -1 0
vn -0.866031229 0.499989778 0
vn 3.93978189E-06 -1 0
vn 0.342021316 -0.939692199 0
vn 0.342021346 -0.939692199 0
vn 0.64278388 -0.766047597 0
vn 0.64278388 -0.766047597 0
vn -0.642787933 0.76604414 0
vn -0.642787874 0.76604414 0
vn -0.342017651 0.939693511 0
vn -0.342017055 0.939693689 0
vn 1.72907198E-06 1 0
vn 2.37446352E-06 1 0
vn 0.342020959 0.939692318 0
vn 0.342023015 0.939691603 0
vn 0.642790198 0.766042233 0
vn 0.642789364 0.766043067 0
vn 0.866024435 -0.500001729 0
vn 0.866024256 -0.500002027 0
vn 0.984806776 -0.173653319 0
vn 0.984807611 -0.173649341 0
vn 0.98480773 0.173648313 0
vn 0.984807014 0.173651978 0
vn 0.866022289 0.500005424 0
vn 0.86602062 0.500008464 0
vn -0.642787933 -0.76604414 0
vn -0.342013299 -0.93969506 0
vn -0.342013568 -0.939694941 0
vn -9.29555029E-07 -1 0
vn -0.64278686 -0.766045094 0
vn -5.92410686E-07 -1 0
vn -0.866026938 -0.499997407 0
vn 0.342014164 -0.939694822 0
vn -0.866026163 -0.499998689 0
vn 0.34201327 -0.939695179 0
vn -0.984808207 -0.17364566 0
vn 0.642788649 -0.766043603 0
vn -0.984808207 -0.173645675 0
vn 0.64278686 -0.766045034 0
vn 0.866025269 -0.500000238 0
vn 0.866025448 -0.49999997 0
vn -0.984807849 0.173647717 0
vn -0.984807849 0.173647419 0
vn -0.866026759 0.499997586 0
vn -0.866026938 0.499997377 0
vn -0.642790198 0.766042233 0
vn -0.642790556 0.766041934 0
vn -0.34201467 0.939694643 0
vn -0.342014104 0.939694822 0
vn 1.15110709E-06 1 0
vn 1.15110686E-06 1 0
vn 0.3420147 0.939694643 0
vn 0.342014998 0.939694405 0
vn 0.984807611 -0.173648939 0
vn 0.984807611 -0.173649028 0
vn 0.984807968 0.173647001 0
vn 0.984807968 0.173647121 0
vn 0.866024017 0.500002563 0
vn 0.866024911 0.500000954 0
vn 0.642785907 0.766045928 0
vn 0.642786562 0.766045272 0
vn -0.612374485 -0.353552192 0.707105517
vn -0.454520524 -0.541677177 0.707104504
vn -0.454518557 -0.541676879 0.707106054
vn -0.241842955 -0.664464235 0.707106173
vn -0.612374067 -0.353554189 0.707104921
vn -0.241841599 -0.664464951 0.707105994
vn -0.696363568 -0.122786179 0.707107723
vn -0.696363866 -0.122789122 0.707106829
vn -0.696363628 0.122787334 0.707107425
vn -0.696365237 0.12278945 0.707105398
vn -0.612371683 0.35355255 0.707107842
vn -0.612372994 0.353554994 0.707105517
vn -0.454518437 0.541672468 0.707109511
vn -0.454522669 0.541677117 0.707103312
vn -0.241844818 0.664462328 0.707107365
vn -0.241843596 0.664466023 0.707104385
vn 2.4842584E-06 -0.707106411 0.707107067
vn 8.11159566E-07 -0.707105398 0.70710814
vn 0.241841286 -0.664464116 0.707106948
vn 0.241845205 -0.664462745 0.707106829
vn 0.454521 -0.541675568 0.707105517
vn 0.454519808 -0.54167521 0.707106531
vn 0.61237675 -0.353552729 0.707103372
vn 0.61237359 -0.353553951 0.707105398
vn 0.696367443 -0.122789055 0.707103312
vn 0.696365237 -0.122787841 0.707105815
vn 0.696361959 0.122783735 0.70710969
vn 0.696365416 0.122787297 0.707105637
vn 0.612366617 0.353550225 0.707113445
vn 0.612375081 0.353552938 0.707104623
vn 0.45451808 0.541676223 0.707106888
vn 0.454520345 0.5416767 0.7071051
vn 0.241842762 0.664464951 0.707105637
vn 0.241843373 0.664465249 0.70710516
vn -2.26643328E-06 0.707105756 0.707107723
vn -1.44058401E-06 0.707104325 0.707109272
vn -0.612374604 0.35355252 0.707105279
vn -0.696366012 0.12279173 0.707104325
vn -0.696366668 0.122785784 0.707104623
vn -0.696365118 -0.122786105 0.707106173
vn -0.612373352 0.353560209 0.707102478
vn -0.696364343 -0.122786961 0.707106829
vn -0.454520702 0.541675985 0.707105398
vn -0.612373471 -0.353552431 0.707106233
vn -0.454520702 0.541674852 0.707106173
vn -0.612372041 -0.353552759 0.707107425
vn -0.241844639 0.664463043 0.707106829
vn -0.454520762 -0.541674137 0.707106829
vn -0.241844326 0.66446352 0.707106352
vn -0.454519838 -0.54167372 0.707107663
vn 2.17194793E-06 0.707107008 0.707106531
vn -0.24184452 -0.664461553 0.707108259
vn -2.23012719E-07 0.707105756 0.707107723
vn -0.241844177 -0.664464951 0.7071051
vn 0.241843536 0.664463162 0.707107008
vn 1.02170907E-06 -0.707106054 0.707107544
vn 0.241842985 0.664462686 0.707107663
vn 7.88993077E-07 -0.707109571 0.707103908
vn 0.45451799 0.541675329 0.707107663
vn 0.241844893 -0.664462566 0.707107067
vn 0.454519063 0.541674614 0.707107544
vn 0.241842866 -0.664467692 0.707103074
vn 0.612372577 0.353552908 0.707106888
vn 0.454520404 -0.541673183 0.707107663
vn 0.612372041 0.353549331 0.707109094
vn 0.454519272 -0.541677654 0.707105041
vn 0.696362674 0.122793883 0.707107246
vn 0.612374306 -0.353549093 0.707107306
vn 0.696364224 0.12278372 0.707107544
vn 0.612374485 -0.353552222 0.707105577
vn 0.696365178 -0.122786433 0.707106054
vn 0.696365237 -0.122790672 0.707105219
vn 0.335561305 0.263633668 0.90437597
vn -0.405493766 0.132965997 0.904375374
vn -0.405493468 0.132967442 0.904375255
vn 0.0842324495 -0.477701008 0.874475121
vn 0.335561275 0.263633162 0.904376149
vn 0.084231697 -0.477700859 0.874475181
vn -0.241844326 0.66446197 0.707107902
vn -0.454518855 0.541674972 0.707107306
vn -0.454518497 0.541679263 0.707104325
vn -0.241844192 0.664463103 0.707106829
vn -0.612372696 0.353553176 0.70710659
vn 3.76766906E-07 0.707105815 0.707107723
vn -0.612374008 0.353546858 0.707108617
vn -1.01133617E-06 0.707107365 0.707106113
vn -0.696363568 0.122785263 0.707107842
vn 0.241846681 0.66446203 0.707107008
vn -0.696365297 0.122784235 0.707106352
vn 0.241842344 0.664464414 0.707106352
vn -0.696364999 -0.122787289 0.707106054
vn 0.454520464 0.541672468 0.7071082
vn -0.696364939 -0.122787334 0.707106113
vn 0.454517841 0.541675448 0.707107604
vn -0.612372577 -0.353551388 0.707107663
vn 0.612371206 0.353557676 0.707105637
vn -0.61237365 -0.35355562 0.707104564
vn 0.612373233 0.353554875 0.707105279
vn -0.454518765 -0.541675568 0.707106888
vn 0.696369052 0.122789912 0.707101643
vn -0.454522401 -0.54167527 0.707104802
vn 0.696365774 0.122786298 0.707105517
vn -0.241844162 -0.664464414 0.707105577
vn 0.696365714 -0.122789368 0.7071051
vn -0.241843313 -0.66446352 0.707106829
vn 0.696364224 -0.12278872 0.70710665
vn -5.08262872E-07 -0.707107246 0.707106292
vn 0.612372756 -0.353555709 0.707105339
vn 1.97248301E-06 -0.707109571 0.707103908
vn 0.61237514 -0.353554398 0.707103848
vn 0.241844475 -0.664461613 0.70710814
vn 0.454518795 -0.541674793 0.707107544
vn 0.24184525 -0.664462984 0.70710659
vn 0.45451948 -0.541673303 0.70710814
vn 1.9506258E-06 1 0
vn -0.342021734 0.93969202 0
vn -0.342018753 0.939693153 0
vn 3.22696019E-06 1 0
vn -0.642783463 0.766047955 0
vn 0.342019349 0.939692974 0
vn -0.642787457 0.766044497 0
vn 0.342018992 0.939693034 0
vn -0.866022289 0.500005424 0
vn 0.642785609 0.766046047 0
vn -0.866025984 0.499999136 0
vn 0.642785907 0.766045928 0
vn -0.98480773 0.173648283 0
vn 0.866024256 0.500001967 0
vn -0.984808445 0.173644528 0
vn 0.866029739 0.499992639 0
vn -0.984808564 -0.173643917 0
vn 0.984808683 0.173643023 0
vn -0.984807849 -0.173647687 0
vn 0.984809101 0.173640311 0
vn -0.866026759 -0.499997675 0
vn 0.98480922 -0.173639521 0
vn -0.866023123 -0.500003934 0
vn 0.984809935 -0.173635587 0
vn -0.642788351 -0.766043842 0
vn 0.866025984 -0.499998987 0
vn -0.642784297 -0.766047239 0
vn 0.866024256 -0.500001967 0
vn -0.342021734 -0.93969202 0
vn 0.642788529 -0.766043663 0
vn -0.342019945 -0.939692616 0
vn 0.642788529 -0.766043603 0
vn -3.27512453E-07 -1 0
vn 0.342020333 -0.939692557 0
vn -3.46777909E-07 -1 0
vn 0.342020303 -0.939692557 0
g Base_parts01_0
f 3/3/3 2/2/2 1/1/1
f 5/5/5 3/3/3 4/4/4
f 5/5/5 6/6/6 3/3/3
f 8/8/8 7/7/7 3/3/3
f 8/8/8 9/9/9 7/7/7
f 10/10/10 9/9/9 8/8/8
f 11/11/11 9/9/9 10/10/10
f 12/12/12 9/9/9 11/11/11
f 12/12/12 13/13/13 9/9/9
f 12/12/12 14/14/14 13/13/13
f 17/17/17 16/16/16 15/15/15
f 16/16/16 19/19/19 18/18/18
f 20/20/20 18/18/18 19/19/19
f 20/20/20 19/19/19 21/21/21
f 22/22/22 20/20/20 21/21/21
f 20/20/20 24/24/24 23/23/23
f 27/27/27 26/26/26 25/25/25
f 30/30/30 29/29/29 28/28/28
f 33/33/33 32/32/32 31/31/31
f 36/36/36 35/35/35 34/34/34
f 39/39/39 38/38/38 37/37/37
f 42/42/42 41/41/41 40/40/40
f 44/44/44 41/41/41 43/43/43
f 45/45/45 44/44/44 43/43/43
f 45/45/45 46/46/46 44/44/44
f 45/45/45 47/47/47 46/46/46
f 47/47/47 48/48/48 46/46/46
f 47/47/47 49/49/49 48/48/48
f 45/45/45 43/43/43 50/50/50
f 43/43/43 51/51/51 50/50/50
f 51/51/51 52/52/52 50/50/50
f 52/52/52 53/53/53 50/50/50
f 56/56/56 55/55/55 54/54/54
f 59/59/59 58/58/58 57/57/57
f 62/62/62 61/61/61 60/60/60
f 65/65/65 64/64/64 63/63/63
f 67/67/67 63/63/63 66/66/66
f 67/67/67 66/66/66 68/68/68
f 66/66/66 69/69/69 68/68/68
f 69/69/69 70/70/70 68/68/68
f 69/69/69 71/71/71 70/70/70
f 70/70/70 71/71/71 72/72/72
f 75/75/75 74/74/74 73/73/73
f 78/78/78 77/77/77 76/76/76
f 81/81/81 80/80/80 79/79/79
f 84/84/84 83/83/83 82/82/82
f 87/87/87 86/86/86 85/85/85
f 90/90/90 89/89/89 88/88/88
f 93/93/93 92/92/92 91/91/91
f 96/96/96 95/95/95 94/94/94
f 99/99/99 98/98/98 97/97/97
f 102/102/102 101/101/101 100/100/100
f 105/105/105 104/104/104 103/103/103
f 108/108/108 107/107/107 106/106/106
f 111/111/111 110/110/110 109/109/109
f 114/114/114 113/113/113 112/112/112
f 117/117/117 116/116/116 115/115/115
f 120/120/120 119/119/119 118/118/118
f 123/123/123 122/122/122 121/121/121
f 126/126/126 125/125/125 124/124/124
f 129/129/129 128/128/128 127/127/127
f 132/132/132 131/131/131 130/130/130
f 135/135/135 134/134/134 133/133/133
f 135/135/135 133/133/133 136/136/136
f 135/135/135 136/136/136 137/137/137
f 138/138/138 135/135/135 137/137/137
f 136/136/136 139/139/139 137/137/137
f 138/138/138 137/137/137 140/140/140
f 137/137/137 139/139/139 141/141/141
f 141/141/141 139/139/139 142/142/142
f 142/142/142 139/139/139 143/143/143
f 143/143/143 139/139/139 144/144/144
f 145/145/145 138/138/138 140/140/140
f 145/145/145 140/140/140 146/146/146
f 145/145/145 146/146/146 147/147/147
f 145/145/145 147/147/147 148/148/148
f 145/145/145 148/148/148 149/149/149
f 148/148/148 150/150/150 149/149/149
f 151/151/151 145/145/145 149/149/149
f 151/151/151 149/149/149 152/152/152
f 150/150/150 153/153/153 149/149/149
f 154/154/154 151/151/151 152/152/152
f 150/150/150 155/155/155 153/153/153
f 155/155/155 156/156/156 153/153/153
f 156/156/156 157/157/157 153/153/153
f 157/157/157 158/158/158 153/153/153
f 158/158/158 159/159/159 153/153/153
f 154/154/154 152/152/152 160/160/160
f 161/161/161 154/154/154 160/160/160
f 161/161/161 160/160/160 162/162/162
f 163/163/163 154/154/154 161/161/161
f 164/164/164 161/161/161 162/162/162
f 165/165/165 164/164/164 162/162/162
f 166/166/166 163/163/163 161/161/161
f 165/165/165 162/162/162 167/167/167
f 168/168/168 163/163/163 166/166/166
f 169/169/169 163/163/163 168/168/168
f 170/170/170 163/163/163 169/169/169
f 163/163/163 170/170/170 171/171/171
f 170/170/170 172/172/172 171/171/171
f 171/171/171 172/172/172 173/173/173
f 171/171/171 173/173/173 174/174/174
f 171/171/171 174/174/174 175/175/175
f 171/171/171 175/175/175 176/176/176
f 175/175/175 177/177/177 176/176/176
f 177/177/177 178/178/178 176/176/176
f 178/178/178 179/179/179 176/176/176
f 179/179/179 180/180/180 176/176/176
f 176/176/176 180/180/180 181/181/181
f 181/181/181 180/180/180 182/182/182
f 181/181/181 182/182/182 183/183/183
f 184/184/184 181/181/181 183/183/183
f 180/180/180 185/185/185 182/182/182
f 180/180/180 186/186/186 185/185/185
f 186/186/186 187/187/187 185/185/185
f 184/184/184 183/183/183 188/188/188
f 187/187/187 189/189/189 185/185/185
f 187/187/187 190/190/190 189/189/189
f 184/184/184 188/188/188 191/191/191
f 190/190/190 192/192/192 189/189/189
f 189/189/189 192/192/192 193/193/193
f 190/190/190 194/194/194 192/192/192
f 190/190/190 167/167/167 194/194/194
f 167/167/167 195/195/195 194/194/194
f 190/190/190 165/165/165 167/167/167
f 191/191/191 188/188/188 196/196/196
f 188/188/188 197/197/197 196/196/196
f 188/188/188 198/198/198 197/197/197
f 191/191/191 196/196/196 199/199/199
f 191/191/191 199/199/199 200/200/200
f 191/191/191 200/200/200 201/201/201
f 202/202/202 191/191/191 201/201/201
f 198/198/198 203/203/203 197/197/197
f 198/198/198 204/204/204 203/203/203
f 204/204/204 205/205/205 203/203/203
f 205/205/205 206/206/206 203/203/203
f 202/202/202 201/201/201 207/207/207
f 208/208/208 202/202/202 207/207/207
f 208/208/208 207/207/207 209/209/209
f 208/208/208 209/209/209 210/210/210
f 208/208/208 210/210/210 211/211/211
f 209/209/209 207/207/207 212/212/212
f 207/207/207 213/213/213 212/212/212
f 212/212/212 213/213/213 214/214/214
f 212/212/212 214/214/214 215/215/215
f 218/218/218 217/217/217 216/216/216
f 219/219/219 218/218/218 216/216/216
f 219/219/219 220/220/220 218/218/218
f 220/220/220 221/221/221 218/218/218
f 222/222/222 219/219/219 216/216/216
f 222/222/222 216/216/216 223/223/223
f 216/216/216 224/224/224 223/223/223
f 216/216/216 225/225/225 224/224/224
f 224/224/224 225/225/225 226/226/226
f 227/227/227 224/224/224 226/226/226
f 225/225/225 228/228/228 226/226/226
f 227/227/227 226/226/226 229/229/229
f 229/229/229 226/226/226 230/230/230
f 229/229/229 230/230/230 231/231/231
f 226/226/226 228/228/228 232/232/232
f 230/230/230 232/232/232 231/231/231
f 231/231/231 232/232/232 233/233/233
f 228/228/228 234/234/234 232/232/232
f 233/233/233 232/232/232 235/235/235
f 235/235/235 232/232/232 234/234/234
f 235/235/235 234/234/234 236/236/236
f 235/235/235 236/236/236 237/237/237
f 236/236/236 238/238/238 237/237/237
f 238/238/238 236/236/236 239/239/239
f 238/238/238 239/239/239 240/240/240
f 240/240/240 239/239/239 241/241/241
f 238/238/238 240/240/240 242/242/242
f 238/238/238 242/242/242 243/243/243
f 246/246/246 245/245/245 244/244/244
f 246/246/246 244/244/244 247/247/247
f 247/247/247 244/244/244 248/248/248
f 247/247/247 248/248/248 249/249/249
f 249/249/249 248/248/248 250/250/250
f 249/249/249 250/250/250 251/251/251
f 250/250/250 248/248/248 252/252/252
f 253/253/253 250/250/250 252/252/252
f 254/254/254 253/253/253 252/252/252
f 257/257/257 256/256/256 255/255/255
f 258/258/258 256/256/256 257/257/257
f 259/259/259 258/258/258 257/257/257
f 260/260/260 258/258/258 259/259/259
f 261/261/261 260/260/260 259/259/259
f 262/262/262 260/260/260 261/261/261
f 263/263/263 260/260/260 262/262/262
f 264/264/264 262/262/262 261/261/261
f 265/265/265 262/262/262 264/264/264
f 268/268/268 267/267/267 266/266/266
f 269/269/269 267/267/267 268/268/268
f 272/272/272 271/271/271 270/270/270
f 273/273/273 271/271/271 272/272/272
f 273/273/273 274/274/274 271/271/271
f 275/275/275 274/274/274 273/273/273
f 274/274/274 276/276/276 271/271/271
f 277/277/277 276/276/276 274/274/274
f 278/278/278 276/276/276 277/277/277
f 276/276/276 279/279/279 271/271/271
f 271/271/271 279/279/279 280/280/280
f 280/280/280 279/279/279 281/281/281
f 278/278/278 282/282/282 276/276/276
f 283/283/283 282/282/282 278/278/278
f 283/283/283 284/284/284 282/282/282
f 282/282/282 284/284/284 285/285/285
f 284/284/284 286/286/286 285/285/285
f 285/285/285 286/286/286 287/287/287
f 281/281/281 279/279/279 288/288/288
f 281/281/281 288/288/288 289/289/289
f 289/289/289 288/288/288 290/290/290
f 288/288/288 291/291/291 290/290/290
f 290/290/290 291/291/291 292/292/292
f 291/291/291 293/293/293 292/292/292
f 286/286/286 294/294/294 287/287/287
f 287/287/287 294/294/294 295/295/295
f 295/295/295 294/294/294 296/296/296
f 294/294/294 297/297/297 296/296/296
f 292/292/292 293/293/293 298/298/298
f 293/293/293 299/299/299 298/298/298
f 300/300/300 298/298/298 299/299/299
f 300/300/300 301/301/301 298/298/298
f 304/304/304 303/303/303 302/302/302
f 305/305/305 303/303/303 304/304/304
f 306/306/306 303/303/303 305/305/305
f 309/309/309 308/308/308 307/307/307
f 310/310/310 308/308/308 309/309/309
f 310/310/310 311/311/311 308/308/308
f 312/312/312 311/311/311 310/310/310
f 313/313/313 311/311/311 312/312/312
f 313/313/313 314/314/314 311/311/311
f 317/317/317 316/316/316 315/315/315
f 317/317/317 318/318/318 316/316/316
f 319/319/319 318/318/318 317/317/317
f 319/319/319 320/320/320 318/318/318
f 319/319/319 317/317/317 321/321/321
f 321/321/321 317/317/317 322/322/322
f 323/323/323 322/322/322 317/317/317
f 322/322/322 323/323/323 324/324/324
f 323/323/323 325/325/325 324/324/324
f 324/324/324 325/325/325 326/326/326
f 325/325/325 327/327/327 326/326/326
f 326/326/326 327/327/327 328/328/328
f 328/328/328 327/327/327 329/329/329
f 326/326/326 328/328/328 330/330/330
f 326/326/326 330/330/330 331/331/331
f 329/329/329 327/327/327 332/332/332
f 332/332/332 327/327/327 333/333/333
f 332/332/332 333/333/333 334/334/334
f 327/327/327 335/335/335 333/333/333
f 327/327/327 336/336/336 335/335/335
f 327/327/327 337/337/337 336/336/336
f 327/327/327 338/338/338 337/337/337
f 327/327/327 339/339/339 338/338/338
f 339/339/339 340/340/340 338/338/338
f 334/334/334 333/333/333 341/341/341
f 334/334/334 341/341/341 342/342/342
f 343/343/343 342/342/342 341/341/341
f 341/341/341 333/333/333 344/344/344
f 341/341/341 344/344/344 345/345/345
f 345/345/345 344/344/344 346/346/346
f 345/345/345 346/346/346 347/347/347
f 345/345/345 347/347/347 348/348/348
f 346/346/346 349/349/349 347/347/347
f 349/349/349 350/350/350 347/347/347
f 349/349/349 351/351/351 350/350/350
f 352/352/352 351/351/351 349/349/349
f 351/351/351 352/352/352 353/353/353
f 352/352/352 354/354/354 353/353/353
f 355/355/355 353/353/353 354/354/354
f 353/353/353 355/355/355 356/356/356
f 357/357/357 356/356/356 355/355/355
f 358/358/358 357/357/357 355/355/355
f 357/357/357 359/359/359 356/356/356
f 359/359/359 360/360/360 356/356/356
f 359/359/359 361/361/361 360/360/360
f 361/361/361 362/362/362 360/360/360
f 362/362/362 363/363/363 360/360/360
f 360/360/360 363/363/363 364/364/364
f 362/362/362 365/365/365 363/363/363
f 366/366/366 364/364/364 363/363/363
f 366/366/366 367/367/367 364/364/364
f 364/364/364 367/367/367 368/368/368
f 362/362/362 369/369/369 365/365/365
f 369/369/369 370/370/370 365/365/365
f 369/369/369 371/371/371 370/370/370
f 369/369/369 372/372/372 371/371/371
f 373/373/373 368/368/368 367/367/367
f 373/373/373 374/374/374 368/368/368
f 373/373/373 375/375/375 374/374/374
f 376/376/376 375/375/375 373/373/373
f 376/376/376 377/377/377 375/375/375
f 375/375/375 377/377/377 378/378/378
f 379/379/379 377/377/377 376/376/376
f 379/379/379 380/380/380 377/377/377
f 381/381/381 380/380/380 379/379/379
f 381/381/381 382/382/382 380/380/380
f 383/383/383 382/382/382 381/381/381
f 383/383/383 381/381/381 384/384/384
f 383/383/383 384/384/384 385/385/385
f 383/383/383 385/385/385 386/386/386
f 382/382/382 387/387/387 380/380/380
f 388/388/388 383/383/383 386/386/386
f 382/382/382 389/389/389 387/387/387
f 389/389/389 390/390/390 387/387/387
f 389/389/389 391/391/391 390/390/390
f 392/392/392 382/382/382 383/383/383
f 393/393/393 392/392/392 383/383/383
f 394/394/394 392/392/392 393/393/393
f 395/395/395 394/394/394 393/393/393
f 395/395/395 396/396/396 394/394/394
f 397/397/397 383/383/383 388/388/388
f 398/398/398 396/396/396 395/395/395
f 397/397/397 388/388/388 399/399/399
f 398/398/398 400/400/400 396/396/396
f 401/401/401 397/397/397 399/399/399
f 401/401/401 402/402/402 397/397/397
f 401/401/401 403/403/403 402/402/402
f 404/404/404 403/403/403 401/401/401
f 401/401/401 399/399/399 405/405/405
f 405/405/405 399/399/399 406/406/406
f 405/405/405 406/406/406 407/407/407
f 405/405/405 407/407/407 408/408/408
f 408/408/408 407/407/407 409/409/409
f 410/410/410 408/408/408 409/409/409
f 410/410/410 409/409/409 411/411/411
f 410/410/410 411/411/411 412/412/412
f 410/410/410 412/412/412 413/413/413
f 413/413/413 412/412/412 414/414/414
f 413/413/413 414/414/414 415/415/415
f 415/415/415 414/414/414 416/416/416
f 415/415/415 416/416/416 417/417/417
f 413/413/413 415/415/415 418/418/418
f 419/419/419 410/410/410 413/413/413
f 420/420/420 410/410/410 419/419/419
f 420/420/420 419/419/419 421/421/421
f 420/420/420 421/421/421 422/422/422
f 420/420/420 423/423/423 410/410/410
f 420/420/420 424/424/424 423/423/423
f 420/420/420 425/425/425 424/424/424
f 420/420/420 426/426/426 425/425/425
f 420/420/420 427/427/427 426/426/426
f 430/430/430 429/429/429 428/428/428
f 428/428/428 429/429/429 431/431/431
f 434/434/434 433/433/433 432/432/432
f 432/432/432 433/433/433 435/435/435
f 435/435/435 433/433/433 436/436/436
f 439/439/439 438/438/438 437/437/437
f 437/437/437 438/438/438 440/440/440
f 437/437/437 440/440/440 441/441/441
f 441/441/441 440/440/440 442/442/442
f 441/441/441 442/442/442 443/443/443
f 443/443/443 442/442/442 444/444/444
f 444/444/444 442/442/442 445/445/445
f 443/443/443 444/444/444 446/446/446
f 446/446/446 444/444/444 447/447/447
f 450/450/450 449/449/449 448/448/448
f 448/448/448 449/449/449 451/451/451
f 448/448/448 451/451/451 452/452/452
f 452/452/452 451/451/451 453/453/453
f 452/452/452 453/453/453 454/454/454
f 454/454/454 453/453/453 455/455/455
f 454/454/454 455/455/455 456/456/456
f 452/452/452 454/454/454 457/457/457
f 458/458/458 457/457/457 454/454/454
f 459/459/459 457/457/457 458/458/458
f 462/462/462 461/461/461 460/460/460
f 462/462/462 460/460/460 463/463/463
f 460/460/460 464/464/464 463/463/463
f 465/465/465 463/463/463 464/464/464
f 465/465/465 466/466/466 463/463/463
f 467/467/467 466/466/466 465/465/465
f 467/467/467 468/468/468 466/466/466
f 469/469/469 468/468/468 467/467/467
f 469/469/469 470/470/470 468/468/468
f 471/471/471 470/470/470 469/469/469
f 471/471/471 472/472/472 470/470/470
f 472/472/472 471/471/471 473/473/473
f 473/473/473 471/471/471 474/474/474
f 473/473/473 474/474/474 475/475/475
f 473/473/473 475/475/475 476/476/476
f 476/476/476 475/475/475 477/477/477
f 476/476/476 477/477/477 478/478/478
f 463/463/463 480/480/480 479/479/479
f 463/463/463 479/479/479 481/481/481
f 462/462/462 463/463/463 481/481/481
f 462/462/462 481/481/481 482/482/482
f 482/482/482 481/481/481 483/483/483
f 484/484/484 482/482/482 483/483/483
f 485/485/485 482/482/482 484/484/484
f 486/486/486 485/485/485 484/484/484
f 487/487/487 485/485/485 486/486/486
f 488/488/488 487/487/487 486/486/486
f 489/489/489 487/487/487 488/488/488
f 490/490/490 489/489/489 488/488/488
f 491/491/491 489/489/489 490/490/490
f 490/490/490 488/488/488 492/492/492
f 488/488/488 493/493/493 492/492/492
f 492/492/492 493/493/493 494/494/494
f 493/493/493 495/495/495 494/494/494
f 494/494/494 495/495/495 496/496/496
f 495/495/495 497/497/497 496/496/496
f 498/498/498 490/490/490 492/492/492
f 498/498/498 491/491/491 490/490/490
f 499/499/499 491/491/491 498/498/498
f 500/500/500 499/499/499 498/498/498
f 501/501/501 499/499/499 500/500/500
f 502/502/502 499/499/499 501/501/501
f 503/503/503 502/502/502 501/501/501
f 502/502/502 503/503/503 504/504/504
f 503/503/503 505/505/505 504/504/504
f 504/504/504 505/505/505 506/506/506
f 503/503/503 507/507/507 505/505/505
f 503/503/503 508/508/508 507/507/507
f 509/509/509 508/508/508 503/503/503
f 510/510/510 509/509/509 503/503/503
f 511/511/511 510/510/510 503/503/503
f 512/512/512 510/510/510 511/511/511
f 513/513/513 512/512/512 511/511/511
f 514/514/514 513/513/513 511/511/511
f 515/515/515 513/513/513 514/514/514
f 516/516/516 515/515/515 514/514/514
f 517/517/517 516/516/516 514/514/514
f 518/518/518 516/516/516 517/517/517
f 519/519/519 518/518/518 517/517/517
f 520/520/520 519/519/519 517/517/517
f 521/521/521 520/520/520 517/517/517
f 522/522/522 520/520/520 521/521/521
f 523/523/523 522/522/522 521/521/521
f 523/523/523 524/524/524 522/522/522
f 525/525/525 524/524/524 523/523/523
f 525/525/525 526/526/526 524/524/524
f 527/527/527 524/524/524 526/526/526
f 530/530/530 529/529/529 528/528/528
f 529/529/529 531/531/531 528/528/528
f 528/528/528 531/531/531 532/532/532
f 528/528/528 532/532/532 533/533/533
f 533/533/533 532/532/532 534/534/534
f 533/533/533 534/534/534 535/535/535
f 538/538/538 537/537/537 536/536/536
f 539/539/539 538/538/538 536/536/536
f 536/536/536 540/540/540 539/539/539
f 539/539/539 540/540/540 541/541/541
f 540/540/540 542/542/542 541/541/541
f 541/541/541 542/542/542 543/543/543
f 542/542/542 544/544/544 543/543/543
f 543/543/543 544/544/544 545/545/545
f 544/544/544 546/546/546 545/545/545
f 545/545/545 546/546/546 547/547/547
f 548/548/548 547/547/547 546/546/546
f 548/548/548 549/549/549 547/547/547
f 550/550/550 549/549/549 548/548/548
f 550/550/550 551/551/551 549/549/549
f 552/552/552 551/551/551 550/550/550
f 552/552/552 553/553/553 551/551/551
f 556/556/556 555/555/555 554/554/554
f 555/555/555 557/557/557 554/554/554
f 558/558/558 554/554/554 557/557/557
f 559/559/559 554/554/554 558/558/558
f 560/560/560 559/559/559 558/558/558
f 561/561/561 559/559/559 560/560/560
f 562/562/562 561/561/561 560/560/560
f 563/563/563 561/561/561 562/562/562
f 564/564/564 563/563/563 562/562/562
f 565/565/565 563/563/563 564/564/564
f 565/565/565 564/564/564 566/566/566
f 566/566/566 564/564/564 567/567/567
f 565/565/565 566/566/566 568/568/568
f 566/566/566 567/567/567 569/569/569
f 566/566/566 569/569/569 570/570/570
f 568/568/568 566/566/566 571/571/571
f 571/571/571 566/566/566 572/572/572
f 571/571/571 572/572/572 573/573/573
f 571/571/571 573/573/573 574/574/574
f 574/574/574 573/573/573 575/575/575
f 578/578/578 577/577/577 576/576/576
f 579/579/579 577/577/577 578/578/578
f 580/580/580 577/577/577 579/579/579
f 581/581/581 577/577/577 580/580/580
f 582/582/582 581/581/581 580/580/580
f 583/583/583 581/581/581 582/582/582
f 583/583/583 584/584/584 581/581/581
f 583/583/583 585/585/585 584/584/584
f 583/583/583 586/586/586 585/585/585
f 583/583/583 587/587/587 586/586/586
f 583/583/583 588/588/588 587/587/587
f 583/583/583 582/582/582 589/589/589
f 589/589/589 582/582/582 590/590/590
f 582/582/582 591/591/591 590/590/590
f 590/590/590 591/591/591 592/592/592
f 591/591/591 593/593/593 592/592/592
f 592/592/592 593/593/593 594/594/594
f 319/319/319 594/594/594 593/593/593
f 583/583/583 595/595/595 588/588/588
f 594/594/594 319/319/319 596/596/596
f 595/595/595 597/597/597 588/588/588
f 595/595/595 598/598/598 597/597/597
f 595/595/595 599/599/599 598/598/598
f 595/595/595 600/600/600 599/599/599
f 595/595/595 601/601/601 600/600/600
f 600/600/600 601/601/601 602/602/602
f 600/600/600 602/602/602 603/603/603
f 600/600/600 603/603/603 604/604/604
f 596/596/596 319/319/319 321/321/321
f 605/605/605 596/596/596 321/321/321
f 605/605/605 321/321/321 606/606/606
f 607/607/607 596/596/596 605/605/605
f 608/608/608 596/596/596 607/607/607
f 611/611/611 610/610/610 609/609/609
f 612/612/612 610/610/610 611/611/611
f 613/613/613 612/612/612 611/611/611
f 614/614/614 613/613/613 611/611/611
f 614/614/614 615/615/615 613/613/613
f 616/616/616 615/615/615 614/614/614
f 616/616/616 614/614/614 617/617/617
f 618/618/618 616/616/616 617/617/617
f 618/618/618 617/617/617 619/619/619
f 620/620/620 616/616/616 618/618/618
f 621/621/621 620/620/620 618/618/618
f 622/622/622 620/620/620 621/621/621
f 623/623/623 620/620/620 622/622/622
f 620/620/620 623/623/623 624/624/624
f 620/620/620 624/624/624 625/625/625
f 626/626/626 620/620/620 625/625/625
f 616/616/616 627/627/627 615/615/615
f 626/626/626 625/625/625 628/628/628
f 627/627/627 629/629/629 615/615/615
f 615/615/615 629/629/629 630/630/630
f 627/627/627 631/631/631 629/629/629
f 627/627/627 632/632/632 631/631/631
f 632/632/632 633/633/633 631/631/631
f 626/626/626 628/628/628 634/634/634
f 634/634/634 628/628/628 635/635/635
f 636/636/636 626/626/626 634/634/634
f 637/637/637 626/626/626 636/636/636
f 638/638/638 637/637/637 636/636/636
f 639/639/639 638/638/638 636/636/636
f 642/642/642 641/641/641 640/640/640
f 643/643/643 642/642/642 640/640/640
f 644/644/644 642/642/642 643/643/643
f 645/645/645 644/644/644 643/643/643
f 646/646/646 644/644/644 645/645/645
f 647/647/647 646/646/646 645/645/645
f 646/646/646 647/647/647 648/648/648
f 647/647/647 649/649/649 648/648/648
f 648/648/648 649/649/649 650/650/650
f 649/649/649 651/651/651 650/650/650
f 650/650/650 651/651/651 652/652/652
f 651/651/651 653/653/653 652/652/652
f 652/652/652 653/653/653 654/654/654
f 653/653/653 655/655/655 654/654/654
f 655/655/655 656/656/656 654/654/654
f 657/657/657 656/656/656 655/655/655
f 660/660/660 659/659/659 658/658/658
f 661/661/661 660/660/660 658/658/658
f 661/661/661 658/658/658 662/662/662
f 661/661/661 662/662/662 663/663/663
f 663/663/663 662/662/662 664/664/664
f 664/664/664 662/662/662 665/665/665
f 664/664/664 665/665/665 666/666/666
f 666/666/666 665/665/665 667/667/667
f 666/666/666 667/667/667 668/668/668
f 668/668/668 667/667/667 669/669/669
f 668/668/668 669/669/669 670/670/670
f 669/669/669 671/671/671 670/670/670
f 670/670/670 671/671/671 672/672/672
f 671/671/671 673/673/673 672/672/672
f 672/672/672 673/673/673 674/674/674
f 673/673/673 675/675/675 674/674/674
f 674/674/674 675/675/675 676/676/676
f 674/674/674 676/676/676 677/677/677
f 677/677/677 676/676/676 678/678/678
f 678/678/678 676/676/676 679/679/679
f 678/678/678 679/679/679 680/680/680
f 678/678/678 680/680/680 681/681/681
f 680/680/680 679/679/679 682/682/682
f 679/679/679 683/683/683 682/682/682
f 679/679/679 684/684/684 683/683/683
f 679/679/679 685/685/685 684/684/684
f 688/688/688 687/687/687 686/686/686
f 688/688/688 686/686/686 689/689/689
f 689/689/689 686/686/686 690/690/690
f 689/689/689 690/690/690 691/691/691
f 691/691/691 690/690/690 692/692/692
f 691/691/691 692/692/692 693/693/693
f 693/693/693 692/692/692 694/694/694
f 693/693/693 694/694/694 695/695/695
f 695/695/695 694/694/694 696/696/696
f 695/695/695 696/696/696 697/697/697
f 697/697/697 696/696/696 698/698/698
f 698/698/698 696/696/696 699/699/699
f 699/699/699 696/696/696 700/700/700
f 700/700/700 696/696/696 701/701/701
f 700/700/700 701/701/701 702/702/702
f 702/702/702 701/701/701 703/703/703
f 702/702/702 703/703/703 704/704/704
f 704/704/704 703/703/703 705/705/705
f 705/705/705 703/703/703 706/706/706
f 696/696/696 707/707/707 701/701/701
f 705/705/705 706/706/706 708/708/708
f 696/696/696 709/709/709 707/707/707
f 709/709/709 710/710/710 707/707/707
f 711/711/711 709/709/709 696/696/696
f 712/712/712 711/711/711 696/696/696
f 713/713/713 710/710/710 709/709/709
f 714/714/714 710/710/710 713/713/713
f 714/714/714 715/715/715 710/710/710
f 716/716/716 715/715/715 714/714/714
f 715/715/715 716/716/716 717/717/717
f 715/715/715 717/717/717 718/718/718
f 718/718/718 717/717/717 719/719/719
f 718/718/718 719/719/719 720/720/720
f 720/720/720 719/719/719 721/721/721
f 720/720/720 721/721/721 722/722/722
f 722/722/722 721/721/721 723/723/723
f 722/722/722 723/723/723 724/724/724
f 725/725/725 724/724/724 723/723/723
f 725/725/725 726/726/726 724/724/724
f 727/727/727 726/726/726 725/725/725
f 730/730/730 729/729/729 728/728/728
f 730/730/730 731/731/731 729/729/729
f 734/734/734 733/733/733 732/732/732
f 735/735/735 733/733/733 734/734/734
f 738/738/738 737/737/737 736/736/736
f 738/738/738 736/736/736 739/739/739
f 739/739/739 736/736/736 740/740/740
f 739/739/739 740/740/740 741/741/741
f 741/741/741 740/740/740 742/742/742
f 740/740/740 743/743/743 742/742/742
f 746/746/746 745/745/745 744/744/744
f 747/747/747 746/746/746 744/744/744
f 748/748/748 747/747/747 744/744/744
f 748/748/748 744/744/744 749/749/749
f 749/749/749 744/744/744 750/750/750
f 744/744/744 751/751/751 750/750/750
f 744/744/744 752/752/752 751/751/751
f 752/752/752 753/753/753 751/751/751
f 752/752/752 754/754/754 753/753/753
f 749/749/749 750/750/750 755/755/755
f 749/749/749 755/755/755 756/756/756
f 756/756/756 755/755/755 757/757/757
f 757/757/757 755/755/755 758/758/758
f 761/761/761 760/760/760 759/759/759
f 762/762/762 760/760/760 761/761/761
f 762/762/762 763/763/763 760/760/760
f 764/764/764 763/763/763 762/762/762
f 765/765/765 763/763/763 764/764/764
f 765/765/765 766/766/766 763/763/763
f 767/767/767 766/766/766 765/765/765
f 767/767/767 768/768/768 766/766/766
f 769/769/769 768/768/768 767/767/767
f 769/769/769 770/770/770 768/768/768
f 771/771/771 770/770/770 769/769/769
f 771/771/771 772/772/772 770/770/770
f 773/773/773 772/772/772 771/771/771
f 773/773/773 774/774/774 772/772/772
f 775/775/775 774/774/774 773/773/773
f 775/775/775 776/776/776 774/774/774
f 777/777/777 776/776/776 775/775/775
f 777/777/777 778/778/778 776/776/776
f 779/779/779 778/778/778 777/777/777
f 780/780/780 778/778/778 779/779/779
f 781/781/781 778/778/778 780/780/780
f 781/781/781 782/782/782 778/778/778
f 783/783/783 782/782/782 781/781/781
f 784/784/784 783/783/783 781/781/781
f 785/785/785 783/783/783 784/784/784
f 785/785/785 786/786/786 783/783/783
f 787/787/787 786/786/786 785/785/785
f 787/787/787 788/788/788 786/786/786
f 789/789/789 788/788/788 787/787/787
f 789/789/789 790/790/790 788/788/788
f 791/791/791 790/790/790 789/789/789
f 791/791/791 792/792/792 790/790/790
f 793/793/793 792/792/792 791/791/791
f 793/793/793 794/794/794 792/792/792
f 797/797/797 796/796/796 795/795/795
f 798/798/798 797/797/797 795/795/795
f 798/798/798 795/795/795 799/799/799
f 799/799/799 795/795/795 800/800/800
f 799/799/799 800/800/800 801/801/801
f 800/800/800 802/802/802 801/801/801
f 801/801/801 802/802/802 803/803/803
f 806/806/806 805/805/805 804/804/804
f 807/807/807 805/805/805 806/806/806
f 808/808/808 805/805/805 807/807/807
f 811/811/811 810/810/810 809/809/809
f 809/809/809 810/810/810 812/812/812
f 812/812/812 810/810/810 813/813/813
f 812/812/812 813/813/813 814/814/814
f 812/812/812 814/814/814 815/815/815
f 815/815/815 814/814/814 816/816/816
f 819/819/819 818/818/818 817/817/817
f 819/819/819 817/817/817 820/820/820
f 821/821/821 819/819/819 820/820/820
f 821/821/821 820/820/820 822/822/822
f 823/823/823 821/821/821 822/822/822
f 823/823/823 822/822/822 824/824/824
f 823/823/823 824/824/824 825/825/825
f 826/826/826 823/823/823 825/825/825
f 821/821/821 827/827/827 819/819/819
f 828/828/828 823/823/823 826/826/826
f 829/829/829 827/827/827 821/821/821
f 830/830/830 827/827/827 829/829/829
f 830/830/830 831/831/831 827/827/827
f 831/831/831 832/832/832 827/827/827
f 833/833/833 832/832/832 831/831/831
f 833/833/833 834/834/834 832/832/832
f 835/835/835 834/834/834 833/833/833
f 835/835/835 836/836/836 834/834/834
f 837/837/837 836/836/836 835/835/835
f 838/838/838 821/821/821 823/823/823
f 839/839/839 823/823/823 828/828/828
f 840/840/840 838/838/838 823/823/823
f 841/841/841 839/839/839 828/828/828
f 842/842/842 838/838/838 840/840/840
f 843/843/843 839/839/839 841/841/841
f 842/842/842 844/844/844 838/838/838
f 845/845/845 844/844/844 842/842/842
f 845/845/845 846/846/846 844/844/844
f 847/847/847 843/843/843 841/841/841
f 848/848/848 843/843/843 847/847/847
f 849/849/849 848/848/848 847/847/847
f 850/850/850 848/848/848 849/849/849
f 851/851/851 848/848/848 850/850/850
f 852/852/852 848/848/848 851/851/851
f 852/852/852 853/853/853 848/848/848
f 848/848/848 853/853/853 854/854/854
f 854/854/854 853/853/853 855/855/855
f 855/855/855 856/856/856 854/854/854
f 856/856/856 857/857/857 854/854/854
f 856/856/856 858/858/858 857/857/857
f 857/857/857 859/859/859 854/854/854
f 857/857/857 860/860/860 859/859/859
f 859/859/859 860/860/860 861/861/861
f 860/860/860 862/862/862 861/861/861
f 863/863/863 862/862/862 860/860/860
f 863/863/863 864/864/864 862/862/862
f 865/865/865 864/864/864 863/863/863
f 865/865/865 866/866/866 864/864/864
f 867/867/867 866/866/866 865/865/865
f 867/867/867 868/868/868 866/866/866
f 871/871/871 870/870/870 869/869/869
f 872/872/872 871/871/871 869/869/869
f 873/873/873 871/871/871 872/872/872
f 874/874/874 873/873/873 872/872/872
f 875/875/875 873/873/873 874/874/874
f 875/875/875 876/876/876 873/873/873
f 875/875/875 877/877/877 876/876/876
f 877/877/877 878/878/878 876/876/876
f 877/877/877 879/879/879 878/878/878
f 880/880/880 879/879/879 877/877/877
f 881/881/881 879/879/879 880/880/880
f 882/882/882 881/881/881 880/880/880
f 883/883/883 881/881/881 882/882/882
f 883/883/883 884/884/884 881/881/881
f 885/885/885 884/884/884 883/883/883
f 885/885/885 886/886/886 884/884/884
f 889/889/889 888/888/888 887/887/887
f 890/890/890 889/889/889 887/887/887
f 889/889/889 890/890/890 891/891/891
f 891/891/891 890/890/890 892/892/892
f 890/890/890 893/893/893 892/892/892
f 893/893/893 894/894/894 892/892/892
f 895/895/895 894/894/894 893/893/893
f 894/894/894 895/895/895 896/896/896
f 895/895/895 897/897/897 896/896/896
f 896/896/896 897/897/897 898/898/898
f 897/897/897 899/899/899 898/898/898
f 899/899/899 900/900/900 898/898/898
f 900/900/900 901/901/901 898/898/898
f 898/898/898 901/901/901 902/902/902
f 901/901/901 903/903/903 902/902/902
f 902/902/902 903/903/903 904/904/904
f 905/905/905 898/898/898 902/902/902
f 906/906/906 898/898/898 905/905/905
f 909/909/909 908/908/908 907/907/907
f 908/908/908 910/910/910 907/907/907
f 910/910/910 911/911/911 907/907/907
f 910/910/910 912/912/912 911/911/911
f 911/911/911 912/912/912 913/913/913
f 912/912/912 914/914/914 913/913/913
f 913/913/913 914/914/914 915/915/915
f 915/915/915 914/914/914 916/916/916
f 919/919/919 918/918/918 917/917/917
f 918/918/918 920/920/920 917/917/917
f 917/917/917 920/920/920 921/921/921
f 920/920/920 922/922/922 921/921/921
f 921/921/921 922/922/922 923/923/923
f 922/922/922 924/924/924 923/923/923
f 924/924/924 925/925/925 923/923/923
f 926/926/926 925/925/925 924/924/924
f 926/926/926 927/927/927 925/925/925
f 927/927/927 928/928/928 925/925/925
f 927/927/927 929/929/929 928/928/928
f 928/928/928 929/929/929 930/930/930
f 929/929/929 931/931/931 930/930/930
f 930/930/930 931/931/931 932/932/932
f 931/931/931 933/933/933 932/932/932
f 932/932/932 933/933/933 934/934/934
f 937/937/937 936/936/936 935/935/935
f 937/937/937 938/938/938 936/936/936
f 939/939/939 938/938/938 937/937/937
f 939/939/939 940/940/940 938/938/938
f 941/941/941 940/940/940 939/939/939
f 941/941/941 942/942/942 940/940/940
f 941/941/941 943/943/943 942/942/942
f 942/942/942 943/943/943 944/944/944
f 943/943/943 945/945/945 944/944/944
f 946/946/946 945/945/945 943/943/943
f 947/947/947 946/946/946 943/943/943
f 946/946/946 947/947/947 948/948/948
f 948/948/948 947/947/947 949/949/949
f 950/950/950 949/949/949 947/947/947
f 950/950/950 951/951/951 949/949/949
f 952/952/952 951/951/951 950/950/950
f 952/952/952 950/950/950 953/953/953
f 953/953/953 950/950/950 954/954/954
f 957/957/957 956/956/956 955/955/955
f 958/958/958 957/957/957 955/955/955
f 959/959/959 957/957/957 958/958/958
f 960/960/960 959/959/959 958/958/958
f 961/961/961 959/959/959 960/960/960
f 961/961/961 960/960/960 962/962/962
f 963/963/963 961/961/961 962/962/962
f 964/964/964 961/961/961 963/963/963
f 967/967/967 966/966/966 965/965/965
f 967/967/967 965/965/965 968/968/968
f 968/968/968 965/965/965 969/969/969
f 968/968/968 969/969/969 970/970/970
f 970/970/970 969/969/969 971/971/971
f 970/970/970 971/971/971 972/972/972
f 975/975/975 974/974/974 973/973/973
f 976/976/976 974/974/974 975/975/975
f 976/976/976 977/977/977 974/974/974
f 977/977/977 978/978/978 974/974/974
f 981/981/981 980/980/980 979/979/979
f 981/981/981 982/982/982 980/980/980
f 983/983/983 982/982/982 981/981/981
f 983/983/983 984/984/984 982/982/982
f 987/987/987 986/986/986 985/985/985
f 986/986/986 988/988/988 985/985/985
f 985/985/985 988/988/988 989/989/989
f 988/988/988 990/990/990 989/989/989
f 989/989/989 990/990/990 991/991/991
f 990/990/990 992/992/992 991/991/991
f 995/995/995 994/994/994 993/993/993
f 996/996/996 994/994/994 995/995/995
f 996/996/996 997/997/997 994/994/994
f 997/997/997 998/998/998 994/994/994
f 999/999/999 998/998/998 997/997/997
f 999/999/999 1000/1000/1000 998/998/998
f 1001/1001/1001 1000/1000/1000 999/999/999
f 1001/1001/1001 1002/1002/1002 1000/1000/1000
f 1005/1005/1005 1004/1004/1004 1003/1003/1003
f 1004/1004/1004 1006/1006/1006 1003/1003/1003
f 1003/1003/1003 1006/1006/1006 1007/1007/1007
f 1006/1006/1006 1008/1008/1008 1007/1007/1007
f 1007/1007/1007 1008/1008/1008 1009/1009/1009
f 1008/1008/1008 1010/1010/1010 1009/1009/1009
f 1010/1010/1010 1011/1011/1011 1009/1009/1009
f 1012/1012/1012 1011/1011/1011 1010/1010/1010
f 1012/1012/1012 1013/1013/1013 1011/1011/1011
f 1011/1011/1011 1013/1013/1013 1014/1014/1014
f 1011/1011/1011 1014/1014/1014 1015/1015/1015
f 1016/1016/1016 1015/1015/1015 1014/1014/1014
f 1017/1017/1017 1015/1015/1015 1016/1016/1016
f 1015/1015/1015 1017/1017/1017 1018/1018/1018
f 1017/1017/1017 1019/1019/1019 1018/1018/1018
f 1018/1018/1018 1019/1019/1019 1020/1020/1020
f 1021/1021/1021 1018/1018/1018 1020/1020/1020
f 1022/1022/1022 1018/1018/1018 1021/1021/1021
f 1025/1025/1025 1024/1024/1024 1023/1023/1023
f 1026/1026/1026 1024/1024/1024 1025/1025/1025
f 1025/1025/1025 1027/1027/1027 1026/1026/1026
f 1027/1027/1027 1028/1028/1028 1026/1026/1026
f 1029/1029/1029 1026/1026/1026 1028/1028/1028
f 1030/1030/1030 1026/1026/1026 1029/1029/1029
f 1031/1031/1031 1030/1030/1030 1029/1029/1029
f 1032/1032/1032 1031/1031/1031 1029/1029/1029
f 1033/1033/1033 1032/1032/1032 1029/1029/1029
f 1034/1034/1034 1032/1032/1032 1033/1033/1033
f 1035/1035/1035 1034/1034/1034 1033/1033/1033
f 1034/1034/1034 1035/1035/1035 1036/1036/1036
f 1036/1036/1036 1035/1035/1035 1037/1037/1037
f 1035/1035/1035 1038/1038/1038 1037/1037/1037
f 1037/1037/1037 1038/1038/1038 1039/1039/1039
f 1038/1038/1038 1040/1040/1040 1039/1039/1039
f 1035/1035/1035 1041/1041/1041 1038/1038/1038
f 1035/1035/1035 1042/1042/1042 1041/1041/1041
f 1045/1045/1045 1044/1044/1044 1043/1043/1043
f 1046/1046/1046 1044/1044/1044 1045/1045/1045
f 1047/1047/1047 1046/1046/1046 1045/1045/1045
f 1048/1048/1048 1046/1046/1046 1047/1047/1047
f 1049/1049/1049 1048/1048/1048 1047/1047/1047
f 1050/1050/1050 1048/1048/1048 1049/1049/1049
f 1050/1050/1050 1049/1049/1049 1051/1051/1051
f 1052/1052/1052 1050/1050/1050 1051/1051/1051
f 1052/1052/1052 1051/1051/1051 1053/1053/1053
f 1053/1053/1053 1051/1051/1051 1054/1054/1054
f 1055/1055/1055 1053/1053/1053 1054/1054/1054
f 1056/1056/1056 1055/1055/1055 1054/1054/1054
f 1057/1057/1057 1055/1055/1055 1056/1056/1056
f 1058/1058/1058 1057/1057/1057 1056/1056/1056
f 1059/1059/1059 1057/1057/1057 1058/1058/1058
f 1060/1060/1060 1059/1059/1059 1058/1058/1058
f 1063/1063/1063 1062/1062/1062 1061/1061/1061
f 1064/1064/1064 1062/1062/1062 1063/1063/1063
f 1065/1065/1065 1064/1064/1064 1063/1063/1063
f 1066/1066/1066 1064/1064/1064 1065/1065/1065
f 1067/1067/1067 1066/1066/1066 1065/1065/1065
f 1068/1068/1068 1066/1066/1066 1067/1067/1067
f 1069/1069/1069 1066/1066/1066 1068/1068/1068
f 1070/1070/1070 1069/1069/1069 1068/1068/1068
f 1070/1070/1070 1068/1068/1068 1071/1071/1071
f 1072/1072/1072 1070/1070/1070 1071/1071/1071
f 1073/1073/1073 1070/1070/1070 1072/1072/1072
f 1073/1073/1073 1072/1072/1072 1074/1074/1074
f 1074/1074/1074 1072/1072/1072 1075/1075/1075
f 1074/1074/1074 1075/1075/1075 1076/1076/1076
f 1074/1074/1074 1076/1076/1076 1077/1077/1077
f 1077/1077/1077 1076/1076/1076 1078/1078/1078
f 1077/1077/1077 1078/1078/1078 1079/1079/1079
f 1079/1079/1079 1078/1078/1078 1080/1080/1080
f 1079/1079/1079 1080/1080/1080 1081/1081/1081
f 1079/1079/1079 1081/1081/1081 1082/1082/1082
f 1085/1085/1085 1084/1084/1084 1083/1083/1083
f 1086/1086/1086 1084/1084/1084 1085/1085/1085
f 1087/1087/1087 1084/1084/1084 1086/1086/1086
f 1087/1087/1087 1086/1086/1086 1088/1088/1088
f 1089/1089/1089 1087/1087/1087 1088/1088/1088
f 1090/1090/1090 1087/1087/1087 1089/1089/1089
f 1091/1091/1091 1090/1090/1090 1089/1089/1089
f 1092/1092/1092 1090/1090/1090 1091/1091/1091
f 1093/1093/1093 1092/1092/1092 1091/1091/1091
f 1094/1094/1094 1093/1093/1093 1091/1091/1091
f 1093/1093/1093 1094/1094/1094 1095/1095/1095
f 1096/1096/1096 1095/1095/1095 1094/1094/1094
f 1097/1097/1097 1096/1096/1096 1094/1094/1094
f 1096/1096/1096 1097/1097/1097 1098/1098/1098
f 1101/1101/1101 1100/1100/1100 1099/1099/1099
f 1101/1101/1101 1102/1102/1102 1100/1100/1100
f 1101/1101/1101 1103/1103/1103 1102/1102/1102
f 1104/1104/1104 1103/1103/1103 1101/1101/1101
f 1107/1107/1107 1106/1106/1106 1105/1105/1105
f 1106/1106/1106 1108/1108/1108 1105/1105/1105
f 1106/1106/1106 1109/1109/1109 1108/1108/1108
f 1110/1110/1110 1109/1109/1109 1106/1106/1106
f 1113/1113/1113 1112/1112/1112 1111/1111/1111
f 1112/1112/1112 1114/1114/1114 1111/1111/1111
f 1114/1114/1114 1115/1115/1115 1111/1111/1111
f 1115/1115/1115 1116/1116/1116 1111/1111/1111
f 1111/1111/1111 1116/1116/1116 1117/1117/1117
f 1116/1116/1116 1118/1118/1118 1117/1117/1117
f 1117/1117/1117 1118/1118/1118 1119/1119/1119
f 1117/1117/1117 1119/1119/1119 1120/1120/1120
f 1117/1117/1117 1120/1120/1120 1121/1121/1121
f 1124/1124/1124 1123/1123/1123 1122/1122/1122
f 1125/1125/1125 1123/1123/1123 1124/1124/1124
f 1126/1126/1126 1125/1125/1125 1124/1124/1124
f 1127/1127/1127 1125/1125/1125 1126/1126/1126
f 1128/1128/1128 1125/1125/1125 1127/1127/1127
f 1128/1128/1128 1127/1127/1127 1129/1129/1129
f 1128/1128/1128 1129/1129/1129 1130/1130/1130
f 1125/1125/1125 1131/1131/1131 1123/1123/1123
f 1123/1123/1123 1131/1131/1131 1132/1132/1132
f 1131/1131/1131 1133/1133/1133 1132/1132/1132
f 1132/1132/1132 1133/1133/1133 1134/1134/1134
f 1131/1131/1131 1135/1135/1135 1133/1133/1133
f 1131/1131/1131 1136/1136/1136 1135/1135/1135
f 1131/1131/1131 1137/1137/1137 1136/1136/1136
f 1136/1136/1136 1137/1137/1137 1138/1138/1138
f 1139/1139/1139 1138/1138/1138 1137/1137/1137
f 1142/1142/1142 1141/1141/1141 1140/1140/1140
f 1143/1143/1143 1141/1141/1141 1142/1142/1142
f 1143/1143/1143 1144/1144/1144 1141/1141/1141
f 1145/1145/1145 1144/1144/1144 1143/1143/1143
f 1145/1145/1145 1146/1146/1146 1144/1144/1144
f 1147/1147/1147 1146/1146/1146 1145/1145/1145
f 1147/1147/1147 1148/1148/1148 1146/1146/1146
f 1149/1149/1149 1148/1148/1148 1147/1147/1147
f 1149/1149/1149 708/708/708 1148/1148/1148
f 1150/1150/1150 708/708/708 1149/1149/1149
f 705/705/705 708/708/708 1150/1150/1150
f 1151/1151/1151 705/705/705 1150/1150/1150
f 705/705/705 1151/1151/1151 1152/1152/1152
f 1152/1152/1152 1151/1151/1151 1153/1153/1153
f 1151/1151/1151 1154/1154/1154 1153/1153/1153
f 1153/1153/1153 1154/1154/1154 1155/1155/1155
f 1154/1154/1154 1156/1156/1156 1155/1155/1155
f 1155/1155/1155 1156/1156/1156 1157/1157/1157
f 1156/1156/1156 1158/1158/1158 1157/1157/1157
f 1157/1157/1157 1158/1158/1158 1159/1159/1159
f 1158/1158/1158 1160/1160/1160 1159/1159/1159
f 1159/1159/1159 1160/1160/1160 1161/1161/1161
f 1161/1161/1161 1160/1160/1160 1162/1162/1162
f 1160/1160/1160 1163/1163/1163 1162/1162/1162
f 1162/1162/1162 1163/1163/1163 1164/1164/1164
f 1167/1167/1167 1166/1166/1166 1165/1165/1165
f 1168/1168/1168 1167/1167/1167 1165/1165/1165
f 1169/1169/1169 1167/1167/1167 1168/1168/1168
f 1170/1170/1170 1169/1169/1169 1168/1168/1168
f 1171/1171/1171 1169/1169/1169 1170/1170/1170
f 1172/1172/1172 1171/1171/1171 1170/1170/1170
f 1173/1173/1173 1171/1171/1171 1172/1172/1172
f 1174/1174/1174 1173/1173/1173 1172/1172/1172
f 1175/1175/1175 1173/1173/1173 1174/1174/1174
f 1176/1176/1176 1175/1175/1175 1174/1174/1174
f 1177/1177/1177 1175/1175/1175 1176/1176/1176
f 1178/1178/1178 1177/1177/1177 1176/1176/1176
f 1178/1178/1178 1179/1179/1179 1177/1177/1177
f 1177/1177/1177 1179/1179/1179 1180/1180/1180
f 1181/1181/1181 1180/1180/1180 1179/1179/1179
f 1179/1179/1179 1182/1182/1182 1181/1181/1181
f 1182/1182/1182 1183/1183/1183 1181/1181/1181
f 1181/1181/1181 1183/1183/1183 1184/1184/1184
f 1184/1184/1184 1183/1183/1183 1185/1185/1185
f 1185/1185/1185 1183/1183/1183 1186/1186/1186
f 1185/1185/1185 1186/1186/1186 1187/1187/1187
f 1186/1186/1186 1188/1188/1188 1187/1187/1187
f 1187/1187/1187 1188/1188/1188 1189/1189/1189
f 1190/1190/1190 1187/1187/1187 1189/1189/1189
f 1187/1187/1187 1190/1190/1190 1191/1191/1191
f 1192/1192/1192 1187/1187/1187 1191/1191/1191
f 1195/1195/1195 1194/1194/1194 1193/1193/1193
f 1194/1194/1194 1196/1196/1196 1193/1193/1193
f 1197/1197/1197 1196/1196/1196 1194/1194/1194
f 1196/1196/1196 1198/1198/1198 1193/1193/1193
f 1199/1199/1199 1198/1198/1198 1196/1196/1196
f 1193/1193/1193 1198/1198/1198 1200/1200/1200
f 1198/1198/1198 1201/1201/1201 1200/1200/1200
f 1200/1200/1200 1201/1201/1201 1202/1202/1202
f 1201/1201/1201 1203/1203/1203 1202/1202/1202
f 1202/1202/1202 1203/1203/1203 1204/1204/1204
f 1203/1203/1203 1205/1205/1205 1204/1204/1204
f 1205/1205/1205 1206/1206/1206 1204/1204/1204
f 1205/1205/1205 1207/1207/1207 1206/1206/1206
f 1206/1206/1206 1208/1208/1208 1204/1204/1204
f 1204/1204/1204 1208/1208/1208 1209/1209/1209
f 1206/1206/1206 1210/1210/1210 1208/1208/1208
f 1213/1213/1213 1212/1212/1212 1211/1211/1211
f 1213/1213/1213 1211/1211/1211 1214/1214/1214
f 1214/1214/1214 1211/1211/1211 1215/1215/1215
f 1214/1214/1214 1215/1215/1215 1216/1216/1216
f 1216/1216/1216 1215/1215/1215 1217/1217/1217
f 1216/1216/1216 1217/1217/1217 1218/1218/1218
f 1218/1218/1218 1217/1217/1217 1219/1219/1219
f 1218/1218/1218 1219/1219/1219 1220/1220/1220
f 1220/1220/1220 1219/1219/1219 1221/1221/1221
f 1220/1220/1220 1221/1221/1221 1222/1222/1222
f 1222/1222/1222 1221/1221/1221 1223/1223/1223
f 1222/1222/1222 1223/1223/1223 1224/1224/1224
f 1226/1226/1226 1223/1223/1223 1225/1225/1225
f 1227/1227/1227 1226/1226/1226 1225/1225/1225
f 1227/1227/1227 1228/1228/1228 1226/1226/1226
f 1227/1227/1227 1229/1229/1229 1228/1228/1228
f 1230/1230/1230 1229/1229/1229 1227/1227/1227
f 1231/1231/1231 1229/1229/1229 1230/1230/1230
f 1232/1232/1232 1231/1231/1231 1230/1230/1230
f 1232/1232/1232 1230/1230/1230 1233/1233/1233
f 1234/1234/1234 1232/1232/1232 1233/1233/1233
f 1235/1235/1235 1234/1234/1234 1233/1233/1233
f 1234/1234/1234 1235/1235/1235 1236/1236/1236
f 1235/1235/1235 1237/1237/1237 1236/1236/1236
f 1238/1238/1238 1237/1237/1237 1235/1235/1235
f 1241/1241/1241 1240/1240/1240 1239/1239/1239
f 1242/1242/1242 1241/1241/1241 1239/1239/1239
f 1243/1243/1243 1241/1241/1241 1242/1242/1242
f 1244/1244/1244 1243/1243/1243 1242/1242/1242
f 1245/1245/1245 1243/1243/1243 1244/1244/1244
f 1246/1246/1246 1245/1245/1245 1244/1244/1244
f 1247/1247/1247 1245/1245/1245 1246/1246/1246
f 1248/1248/1248 1247/1247/1247 1246/1246/1246
f 1249/1249/1249 1247/1247/1247 1248/1248/1248
f 1250/1250/1250 1249/1249/1249 1248/1248/1248
f 1251/1251/1251 1249/1249/1249 1250/1250/1250
f 1251/1251/1251 1252/1252/1252 1249/1249/1249
f 1253/1253/1253 1252/1252/1252 1251/1251/1251
f 1254/1254/1254 1253/1253/1253 1251/1251/1251
f 1255/1255/1255 1253/1253/1253 1254/1254/1254
f 1256/1256/1256 1253/1253/1253 1255/1255/1255
f 1257/1257/1257 1253/1253/1253 1256/1256/1256
f 1258/1258/1258 1257/1257/1257 1256/1256/1256
f 1261/1261/1261 1260/1260/1260 1259/1259/1259
f 1261/1261/1261 1262/1262/1262 1260/1260/1260
f 1263/1263/1263 1262/1262/1262 1261/1261/1261
f 1263/1263/1263 1264/1264/1264 1262/1262/1262
f 1265/1265/1265 1264/1264/1264 1263/1263/1263
f 1265/1265/1265 1266/1266/1266 1264/1264/1264
f 1267/1267/1267 1266/1266/1266 1265/1265/1265
f 1267/1267/1267 1268/1268/1268 1266/1266/1266
f 1269/1269/1269 1268/1268/1268 1267/1267/1267
f 1269/1269/1269 1270/1270/1270 1268/1268/1268
f 1271/1271/1271 1270/1270/1270 1269/1269/1269
f 1272/1272/1272 1271/1271/1271 1269/1269/1269
f 1271/1271/1271 1273/1273/1273 1270/1270/1270
f 1274/1274/1274 1271/1271/1271 1272/1272/1272
f 1271/1271/1271 1275/1275/1275 1273/1273/1273
f 1274/1274/1274 1276/1276/1276 1271/1271/1271
f 1275/1275/1275 1277/1277/1277 1273/1273/1273
f 1274/1274/1274 1278/1278/1278 1276/1276/1276
f 1279/1279/1279 1278/1278/1278 1274/1274/1274
f 1279/1279/1279 1280/1280/1280 1278/1278/1278
f 1273/1273/1273 1277/1277/1277 1281/1281/1281
f 1277/1277/1277 1282/1282/1282 1281/1281/1281
f 1281/1281/1281 1282/1282/1282 1283/1283/1283
f 1282/1282/1282 1284/1284/1284 1283/1283/1283
f 1283/1283/1283 1284/1284/1284 1285/1285/1285
f 1284/1284/1284 1286/1286/1286 1285/1285/1285
f 1285/1285/1285 1286/1286/1286 1287/1287/1287
f 1286/1286/1286 1288/1288/1288 1287/1287/1287
f 1288/1288/1288 1289/1289/1289 1287/1287/1287
f 1287/1287/1287 1289/1289/1289 1290/1290/1290
f 1289/1289/1289 1291/1291/1291 1290/1290/1290
f 1294/1294/1294 1293/1293/1293 1292/1292/1292
f 1295/1295/1295 1293/1293/1293 1294/1294/1294
f 1296/1296/1296 1293/1293/1293 1295/1295/1295
f 1296/1296/1296 1297/1297/1297 1293/1293/1293
f 1296/1296/1296 1298/1298/1298 1297/1297/1297
f 1299/1299/1299 1298/1298/1298 1296/1296/1296
f 1302/1302/1302 1301/1301/1301 1300/1300/1300
f 1302/1302/1302 1300/1300/1300 1303/1303/1303
f 1303/1303/1303 1300/1300/1300 1304/1304/1304
f 1300/1300/1300 1305/1305/1305 1304/1304/1304
f 1304/1304/1304 1305/1305/1305 1306/1306/1306
f 1305/1305/1305 1307/1307/1307 1306/1306/1306
f 1310/1310/1310 1309/1309/1309 1308/1308/1308
f 1311/1311/1311 1310/1310/1310 1308/1308/1308
f 1312/1312/1312 1310/1310/1310 1311/1311/1311
f 1313/1313/1313 1312/1312/1312 1311/1311/1311
f 1314/1314/1314 1312/1312/1312 1313/1313/1313
f 1314/1314/1314 1315/1315/1315 1312/1312/1312
f 1318/1318/1318 1317/1317/1317 1316/1316/1316
f 1319/1319/1319 1317/1317/1317 1318/1318/1318
f 1320/1320/1320 1317/1317/1317 1319/1319/1319
f 1320/1320/1320 1321/1321/1321 1317/1317/1317
f 1317/1317/1317 1321/1321/1321 1322/1322/1322
f 1322/1322/1322 1321/1321/1321 1323/1323/1323
f 1321/1321/1321 1324/1324/1324 1323/1323/1323
f 1321/1321/1321 1325/1325/1325 1324/1324/1324
f 1321/1321/1321 1326/1326/1326 1325/1325/1325
f 1325/1325/1325 1326/1326/1326 1327/1327/1327
f 1327/1327/1327 1326/1326/1326 1328/1328/1328
f 1328/1328/1328 1326/1326/1326 1329/1329/1329
f 1329/1329/1329 1326/1326/1326 1330/1330/1330
f 1330/1330/1330 1326/1326/1326 1331/1331/1331
f 1326/1326/1326 1332/1332/1332 1331/1331/1331
f 1326/1326/1326 1333/1333/1333 1332/1332/1332
f 1332/1332/1332 1333/1333/1333 1334/1334/1334
f 1332/1332/1332 1334/1334/1334 1335/1335/1335
f 1334/1334/1334 1336/1336/1336 1335/1335/1335
f 1335/1335/1335 1336/1336/1336 1337/1337/1337
f 1336/1336/1336 1338/1338/1338 1337/1337/1337
f 1331/1331/1331 1332/1332/1332 1339/1339/1339
f 1337/1337/1337 1338/1338/1338 1340/1340/1340
f 1331/1331/1331 1339/1339/1339 1341/1341/1341
f 1341/1341/1341 1339/1339/1339 1342/1342/1342
f 1342/1342/1342 1339/1339/1339 1343/1343/1343
f 1343/1343/1343 1339/1339/1339 1344/1344/1344
f 1338/1338/1338 1345/1345/1345 1340/1340/1340
f 1340/1340/1340 1345/1345/1345 398/398/398
f 1340/1340/1340 398/398/398 1346/1346/1346
f 1347/1347/1347 1340/1340/1340 1346/1346/1346
f 1345/1345/1345 400/400/400 398/398/398
f 1345/1345/1345 1348/1348/1348 400/400/400
f 1345/1345/1345 1349/1349/1349 1348/1348/1348
f 400/400/400 1348/1348/1348 1350/1350/1350
f 400/400/400 1350/1350/1350 1351/1351/1351
f 1354/1354/1354 1353/1353/1353 1352/1352/1352
f 1355/1355/1355 1354/1354/1354 1352/1352/1352
f 1356/1356/1356 1354/1354/1354 1355/1355/1355
f 1357/1357/1357 1356/1356/1356 1355/1355/1355
f 1358/1358/1358 1356/1356/1356 1357/1357/1357
f 1359/1359/1359 1358/1358/1358 1357/1357/1357
f 1359/1359/1359 1360/1360/1360 1358/1358/1358
f 1361/1361/1361 1360/1360/1360 1359/1359/1359
f 1361/1361/1361 1362/1362/1362 1360/1360/1360
f 1363/1363/1363 1362/1362/1362 1361/1361/1361
f 1363/1363/1363 1364/1364/1364 1362/1362/1362
f 1365/1365/1365 1364/1364/1364 1363/1363/1363
f 1365/1365/1365 1366/1366/1366 1364/1364/1364
f 1367/1367/1367 1366/1366/1366 1365/1365/1365
f 1368/1368/1368 1366/1366/1366 1367/1367/1367
f 1369/1369/1369 1366/1366/1366 1368/1368/1368
f 1372/1372/1372 1371/1371/1371 1370/1370/1370
f 1370/1370/1370 1371/1371/1371 1373/1373/1373
f 1373/1373/1373 1371/1371/1371 1374/1374/1374
f 1371/1371/1371 1375/1375/1375 1374/1374/1374
f 1375/1375/1375 1376/1376/1376 1374/1374/1374
f 1374/1374/1374 1376/1376/1376 1377/1377/1377
f 1376/1376/1376 1378/1378/1378 1377/1377/1377
f 1376/1376/1376 1379/1379/1379 1378/1378/1378
f 1376/1376/1376 1380/1380/1380 1379/1379/1379
f 1375/1375/1375 1381/1381/1381 1376/1376/1376
f 1381/1381/1381 1382/1382/1382 1376/1376/1376
f 1381/1381/1381 1383/1383/1383 1382/1382/1382
f 1383/1383/1383 1384/1384/1384 1382/1382/1382
f 1387/1387/1387 1386/1386/1386 1385/1385/1385
f 1388/1388/1388 1387/1387/1387 1385/1385/1385
f 1387/1387/1387 1388/1388/1388 1389/1389/1389
f 1389/1389/1389 1388/1388/1388 1390/1390/1390
f 1389/1389/1389 1390/1390/1390 1391/1391/1391
f 1391/1391/1391 1390/1390/1390 1392/1392/1392
f 1391/1391/1391 1392/1392/1392 1393/1393/1393
f 1393/1393/1393 1392/1392/1392 1394/1394/1394
f 1393/1393/1393 1394/1394/1394 1395/1395/1395
f 1395/1395/1395 1394/1394/1394 1396/1396/1396
f 1395/1395/1395 1396/1396/1396 1397/1397/1397
f 1395/1395/1395 1397/1397/1397 1398/1398/1398
f 1395/1395/1395 1398/1398/1398 1399/1399/1399
f 1400/1400/1400 1395/1395/1395 1399/1399/1399
f 1400/1400/1400 1401/1401/1401 1395/1395/1395
f 1402/1402/1402 1401/1401/1401 1400/1400/1400
f 1403/1403/1403 1401/1401/1401 1402/1402/1402
f 1403/1403/1403 1404/1404/1404 1401/1401/1401
f 1403/1403/1403 1405/1405/1405 1404/1404/1404
f 1406/1406/1406 1405/1405/1405 1403/1403/1403
f 1406/1406/1406 1407/1407/1407 1405/1405/1405
f 1407/1407/1407 1406/1406/1406 1408/1408/1408
f 1408/1408/1408 1406/1406/1406 1409/1409/1409
f 1408/1408/1408 1409/1409/1409 1410/1410/1410
f 1410/1410/1410 1409/1409/1409 1411/1411/1411
f 1410/1410/1410 1411/1411/1411 1412/1412/1412
f 1412/1412/1412 1411/1411/1411 1413/1413/1413
f 1412/1412/1412 1413/1413/1413 1414/1414/1414
f 1414/1414/1414 1413/1413/1413 1415/1415/1415
f 1414/1414/1414 1415/1415/1415 1416/1416/1416
f 1415/1415/1415 1417/1417/1417 1416/1416/1416
f 1416/1416/1416 1417/1417/1417 1418/1418/1418
f 1421/1421/1421 1420/1420/1420 1419/1419/1419
f 1422/1422/1422 1420/1420/1420 1421/1421/1421
f 1422/1422/1422 1421/1421/1421 1423/1423/1423
f 1423/1423/1423 1421/1421/1421 1424/1424/1424
f 1423/1423/1423 1424/1424/1424 1425/1425/1425
f 1425/1425/1425 1424/1424/1424 1426/1426/1426
f 1425/1425/1425 1426/1426/1426 1427/1427/1427
f 1427/1427/1427 1426/1426/1426 1428/1428/1428
f 1427/1427/1427 1428/1428/1428 1429/1429/1429
f 1426/1426/1426 1430/1430/1430 1428/1428/1428
f 1430/1430/1430 1429/1429/1429 1431/1431/1431
f 1428/1428/1428 1430/1430/1430 1431/1431/1431
f 1428/1428/1428 1431/1431/1431 1429/1429/1429
f 1434/1434/1434 1433/1433/1433 1432/1432/1432
f 1435/1435/1435 1434/1434/1434 1432/1432/1432
f 1436/1436/1436 1434/1434/1434 1435/1435/1435
f 1437/1437/1437 1436/1436/1436 1435/1435/1435
f 1438/1438/1438 1436/1436/1436 1437/1437/1437
f 1438/1438/1438 1439/1439/1439 1436/1436/1436
f 1442/1442/1442 1441/1441/1441 1440/1440/1440
f 1442/1442/1442 1443/1443/1443 1441/1441/1441
f 1444/1444/1444 1443/1443/1443 1442/1442/1442
f 1445/1445/1445 1443/1443/1443 1444/1444/1444
f 1445/1445/1445 1446/1446/1446 1443/1443/1443
f 1445/1445/1445 1447/1447/1447 1446/1446/1446
f 1448/1448/1448 1447/1447/1447 1445/1445/1445
f 1447/1447/1447 1448/1448/1448 1449/1449/1449
f 1448/1448/1448 1445/1445/1445 1450/1450/1450
f 1450/1450/1450 1445/1445/1445 1451/1451/1451
f 1451/1451/1451 1445/1445/1445 1452/1452/1452
f 1448/1448/1448 1453/1453/1453 1449/1449/1449
f 1449/1449/1449 1453/1453/1453 1454/1454/1454
f 1453/1453/1453 1455/1455/1455 1454/1454/1454
f 1454/1454/1454 1455/1455/1455 1456/1456/1456
f 1455/1455/1455 1457/1457/1457 1456/1456/1456
f 1456/1456/1456 1457/1457/1457 1458/1458/1458
f 1457/1457/1457 1459/1459/1459 1458/1458/1458
f 1458/1458/1458 1459/1459/1459 1460/1460/1460
f 1458/1458/1458 1460/1460/1460 1461/1461/1461
f 1464/1464/1464 1463/1463/1463 1462/1462/1462
f 1464/1464/1464 1462/1462/1462 1465/1465/1465
f 1465/1465/1465 1462/1462/1462 1466/1466/1466
f 1465/1465/1465 1466/1466/1466 1467/1467/1467
f 1467/1467/1467 1466/1466/1466 1468/1468/1468
f 1467/1467/1467 1468/1468/1468 1469/1469/1469
f 1470/1470/1470 1469/1469/1469 1468/1468/1468
f 1471/1471/1471 1469/1469/1469 1470/1470/1470
f 1472/1472/1472 1471/1471/1471 1470/1470/1470
f 1473/1473/1473 1471/1471/1471 1472/1472/1472
f 1474/1474/1474 1473/1473/1473 1472/1472/1472
f 1475/1475/1475 1473/1473/1473 1474/1474/1474
f 1476/1476/1476 1475/1475/1475 1474/1474/1474
f 1477/1477/1477 1475/1475/1475 1476/1476/1476
f 1476/1476/1476 1478/1478/1478 1477/1477/1477
f 1477/1477/1477 1478/1478/1478 1479/1479/1479
f 1482/1482/1482 1481/1481/1481 1480/1480/1480
f 1481/1481/1481 1483/1483/1483 1480/1480/1480
f 1481/1481/1481 1484/1484/1484 1483/1483/1483
f 1480/1480/1480 1483/1483/1483 1485/1485/1485
f 1480/1480/1480 1485/1485/1485 1486/1486/1486
f 1486/1486/1486 1485/1485/1485 1487/1487/1487
f 1487/1487/1487 1485/1485/1485 1488/1488/1488
f 1489/1489/1489 1488/1488/1488 1485/1485/1485
f 1490/1490/1490 1489/1489/1489 1485/1485/1485
f 1490/1490/1490 1485/1485/1485 1491/1491/1491
f 1492/1492/1492 1490/1490/1490 1491/1491/1491
f 1493/1493/1493 1492/1492/1492 1491/1491/1491
f 1494/1494/1494 1492/1492/1492 1493/1493/1493
f 1493/1493/1493 1491/1491/1491 1495/1495/1495
f 1495/1495/1495 1491/1491/1491 1496/1496/1496
f 1495/1495/1495 1496/1496/1496 1497/1497/1497
f 1495/1495/1495 1497/1497/1497 1498/1498/1498
f 1484/1484/1484 1499/1499/1499 1483/1483/1483
f 1499/1499/1499 1500/1500/1500 1483/1483/1483
f 1501/1501/1501 1499/1499/1499 1484/1484/1484
f 1502/1502/1502 1501/1501/1501 1484/1484/1484
f 1502/1502/1502 1503/1503/1503 1501/1501/1501
f 1502/1502/1502 1504/1504/1504 1503/1503/1503
f 1505/1505/1505 1504/1504/1504 1502/1502/1502
f 1499/1499/1499 1506/1506/1506 1500/1500/1500
f 1507/1507/1507 1506/1506/1506 1499/1499/1499
f 1506/1506/1506 1508/1508/1508 1500/1500/1500
f 1509/1509/1509 1500/1500/1500 1508/1508/1508
f 1509/1509/1509 1510/1510/1510 1500/1500/1500
f 1513/1513/1513 1512/1512/1512 1511/1511/1511
f 1513/1513/1513 1511/1511/1511 1514/1514/1514
f 1515/1515/1515 1513/1513/1513 1514/1514/1514
f 1516/1516/1516 1515/1515/1515 1514/1514/1514
f 1517/1517/1517 1515/1515/1515 1516/1516/1516
f 1518/1518/1518 1517/1517/1517 1516/1516/1516
f 1519/1519/1519 1517/1517/1517 1518/1518/1518
f 1520/1520/1520 1519/1519/1519 1518/1518/1518
f 1521/1521/1521 1519/1519/1519 1520/1520/1520
f 1522/1522/1522 1521/1521/1521 1520/1520/1520
f 1521/1521/1521 1522/1522/1522 1523/1523/1523
f 1522/1522/1522 1524/1524/1524 1523/1523/1523
f 1523/1523/1523 1524/1524/1524 1525/1525/1525
f 1524/1524/1524 1526/1526/1526 1525/1525/1525
f 1525/1525/1525 1526/1526/1526 1527/1527/1527
f 1526/1526/1526 1528/1528/1528 1527/1527/1527
f 1531/1531/1531 1530/1530/1530 1529/1529/1529
f 1531/1531/1531 1532/1532/1532 1530/1530/1530
f 1533/1533/1533 1532/1532/1532 1531/1531/1531
f 1530/1530/1530 1532/1532/1532 1534/1534/1534
f 1530/1530/1530 1534/1534/1534 1535/1535/1535
f 1536/1536/1536 1535/1535/1535 1534/1534/1534
f 1533/1533/1533 1537/1537/1537 1532/1532/1532
f 1538/1538/1538 1537/1537/1537 1533/1533/1533
f 1538/1538/1538 1539/1539/1539 1537/1537/1537
f 1542/1542/1542 1541/1541/1541 1540/1540/1540
f 1542/1542/1542 1543/1543/1543 1541/1541/1541
f 1544/1544/1544 1543/1543/1543 1542/1542/1542
f 1545/1545/1545 1544/1544/1544 1542/1542/1542
f 1546/1546/1546 1544/1544/1544 1545/1545/1545
f 1547/1547/1547 1546/1546/1546 1545/1545/1545
f 1550/1550/1550 1549/1549/1549 1548/1548/1548
f 1551/1551/1551 1550/1550/1550 1548/1548/1548
f 1551/1551/1551 1552/1552/1552 1550/1550/1550
f 1553/1553/1553 1551/1551/1551 1548/1548/1548
f 1554/1554/1554 1553/1553/1553 1548/1548/1548
f 1555/1555/1555 1553/1553/1553 1554/1554/1554
f 1556/1556/1556 1555/1555/1555 1554/1554/1554
f 1557/1557/1557 1556/1556/1556 1554/1554/1554
f 1558/1558/1558 1556/1556/1556 1557/1557/1557
f 1559/1559/1559 1558/1558/1558 1557/1557/1557
f 1560/1560/1560 1558/1558/1558 1559/1559/1559
f 1561/1561/1561 1560/1560/1560 1559/1559/1559
f 1562/1562/1562 1560/1560/1560 1561/1561/1561
f 1563/1563/1563 1562/1562/1562 1561/1561/1561
f 1564/1564/1564 1562/1562/1562 1563/1563/1563
f 1565/1565/1565 1564/1564/1564 1563/1563/1563
f 1566/1566/1566 1564/1564/1564 1565/1565/1565
f 1567/1567/1567 1566/1566/1566 1565/1565/1565
f 1570/1570/1570 1569/1569/1569 1568/1568/1568
f 1571/1571/1571 1570/1570/1570 1568/1568/1568
f 1574/1574/1574 1573/1573/1573 1572/1572/1572
f 1572/1572/1572 1573/1573/1573 1575/1575/1575
f 1576/1576/1576 1572/1572/1572 1575/1575/1575
f 1577/1577/1577 1572/1572/1572 1576/1576/1576
f 1575/1575/1575 1573/1573/1573 1578/1578/1578
f 1573/1573/1573 1579/1579/1579 1578/1578/1578
f 1578/1578/1578 1579/1579/1579 1580/1580/1580
f 1579/1579/1579 1581/1581/1581 1580/1580/1580
f 1580/1580/1580 1581/1581/1581 1582/1582/1582
f 1585/1585/1585 1584/1584/1584 1583/1583/1583
f 1585/1585/1585 1586/1586/1586 1584/1584/1584
f 1584/1584/1584 1586/1586/1586 1587/1587/1587
f 1584/1584/1584 1587/1587/1587 1588/1588/1588
f 1589/1589/1589 1584/1584/1584 1588/1588/1588
f 1584/1584/1584 1589/1589/1589 1590/1590/1590
f 1589/1589/1589 1591/1591/1591 1590/1590/1590
f 1590/1590/1590 1591/1591/1591 1592/1592/1592
f 1590/1590/1590 1592/1592/1592 1593/1593/1593
f 1593/1593/1593 1592/1592/1592 1594/1594/1594
f 1593/1593/1593 1594/1594/1594 1595/1595/1595
f 1596/1596/1596 1595/1595/1595 1594/1594/1594
f 1595/1595/1595 1596/1596/1596 1597/1597/1597
f 1598/1598/1598 1595/1595/1595 1597/1597/1597
f 1595/1595/1595 1598/1598/1598 1599/1599/1599
f 1600/1600/1600 1595/1595/1595 1599/1599/1599
f 1603/1603/1603 1602/1602/1602 1601/1601/1601
f 1603/1603/1603 1601/1601/1601 1604/1604/1604
f 1605/1605/1605 1604/1604/1604 1601/1601/1601
f 1606/1606/1606 1605/1605/1605 1601/1601/1601
f 1607/1607/1607 1605/1605/1605 1606/1606/1606
f 1608/1608/1608 1607/1607/1607 1606/1606/1606
f 1609/1609/1609 1607/1607/1607 1608/1608/1608
f 1610/1610/1610 1609/1609/1609 1608/1608/1608
f 1611/1611/1611 1609/1609/1609 1610/1610/1610
f 1611/1611/1611 1612/1612/1612 1609/1609/1609
f 1613/1613/1613 1612/1612/1612 1611/1611/1611
f 1614/1614/1614 1612/1612/1612 1613/1613/1613
f 1615/1615/1615 1612/1612/1612 1614/1614/1614
f 1616/1616/1616 1615/1615/1615 1614/1614/1614
f 1617/1617/1617 1615/1615/1615 1616/1616/1616
f 1618/1618/1618 1615/1615/1615 1617/1617/1617
f 1618/1618/1618 1619/1619/1619 1615/1615/1615
f 1620/1620/1620 1619/1619/1619 1618/1618/1618
f 1620/1620/1620 1621/1621/1621 1619/1619/1619
f 1619/1619/1619 1621/1621/1621 1622/1622/1622
f 1621/1621/1621 1623/1623/1623 1622/1622/1622
f 1622/1622/1622 1623/1623/1623 1624/1624/1624
f 1623/1623/1623 1625/1625/1625 1624/1624/1624
f 1624/1624/1624 1625/1625/1625 1626/1626/1626
f 1626/1626/1626 1625/1625/1625 1627/1627/1627
f 1625/1625/1625 1628/1628/1628 1627/1627/1627
f 1629/1629/1629 1616/1616/1616 1614/1614/1614
f 1630/1630/1630 1616/1616/1616 1629/1629/1629
f 1629/1629/1629 1614/1614/1614 1631/1631/1631
f 1631/1631/1631 1614/1614/1614 1632/1632/1632
f 1635/1635/1635 1634/1634/1634 1633/1633/1633
f 1636/1636/1636 1635/1635/1635 1633/1633/1633
f 1639/1639/1639 1638/1638/1638 1637/1637/1637
f 1639/1639/1639 1637/1637/1637 1640/1640/1640
f 1639/1639/1639 1640/1640/1640 1641/1641/1641
f 1642/1642/1642 1639/1639/1639 1641/1641/1641
f 1640/1640/1640 1643/1643/1643 1641/1641/1641
f 1644/1644/1644 1642/1642/1642 1641/1641/1641
f 1643/1643/1643 1645/1645/1645 1641/1641/1641
f 1646/1646/1646 1644/1644/1644 1641/1641/1641
f 1646/1646/1646 1641/1641/1641 1647/1647/1647
f 1648/1648/1648 1646/1646/1646 1647/1647/1647
f 1645/1645/1645 1649/1649/1649 1641/1641/1641
f 1641/1641/1641 1649/1649/1649 1647/1647/1647
f 1650/1650/1650 1648/1648/1648 1647/1647/1647
f 1649/1649/1649 1651/1651/1651 1647/1647/1647
f 1651/1651/1651 1652/1652/1652 1647/1647/1647
f 1652/1652/1652 1653/1653/1653 1647/1647/1647
f 1654/1654/1654 1650/1650/1650 1647/1647/1647
f 1653/1653/1653 1654/1654/1654 1647/1647/1647
f 1654/1654/1654 1653/1653/1653 1655/1655/1655
f 1654/1654/1654 1655/1655/1655 1656/1656/1656
f 1656/1656/1656 1655/1655/1655 1657/1657/1657
f 1656/1656/1656 1657/1657/1657 1658/1658/1658
f 1658/1658/1658 1657/1657/1657 1659/1659/1659
f 1658/1658/1658 1659/1659/1659 1660/1660/1660
f 1660/1660/1660 1659/1659/1659 1661/1661/1661
f 1660/1660/1660 1661/1661/1661 1662/1662/1662
f 1662/1662/1662 1661/1661/1661 1663/1663/1663
f 1661/1661/1661 1664/1664/1664 1663/1663/1663
f 1665/1665/1665 1662/1662/1662 1663/1663/1663
f 1664/1664/1664 1666/1666/1666 1663/1663/1663
f 1667/1667/1667 1665/1665/1665 1663/1663/1663
f 1666/1666/1666 1668/1668/1668 1663/1663/1663
f 1663/1663/1663 1668/1668/1668 1669/1669/1669
f 1668/1668/1668 1670/1670/1670 1669/1669/1669
f 1671/1671/1671 1667/1667/1667 1663/1663/1663
f 1671/1671/1671 1663/1663/1663 1669/1669/1669
f 1670/1670/1670 1672/1672/1672 1669/1669/1669
f 1673/1673/1673 1671/1671/1671 1669/1669/1669
f 1674/1674/1674 1673/1673/1673 1669/1669/1669
f 1672/1672/1672 1675/1675/1675 1669/1669/1669
f 1676/1676/1676 1674/1674/1674 1669/1669/1669
f 1675/1675/1675 1676/1676/1676 1669/1669/1669
f 1675/1675/1675 1677/1677/1677 1676/1676/1676
f 1677/1677/1677 1678/1678/1678 1676/1676/1676
f 1681/1681/1681 1680/1680/1680 1679/1679/1679
f 1679/1679/1679 1680/1680/1680 1682/1682/1682
f 1679/1679/1679 1682/1682/1682 1683/1683/1683
f 1684/1684/1684 1679/1679/1679 1683/1683/1683
f 1685/1685/1685 1684/1684/1684 1683/1683/1683
f 1686/1686/1686 1684/1684/1684 1685/1685/1685
f 1687/1687/1687 1686/1686/1686 1685/1685/1685
f 1680/1680/1680 1688/1688/1688 1682/1682/1682
f 1680/1680/1680 1689/1689/1689 1688/1688/1688
f 1689/1689/1689 1690/1690/1690 1688/1688/1688
f 1690/1690/1690 1691/1691/1691 1688/1688/1688
f 1687/1687/1687 1692/1692/1692 1686/1686/1686
f 1693/1693/1693 1692/1692/1692 1687/1687/1687
f 1693/1693/1693 1694/1694/1694 1692/1692/1692
f 1694/1694/1694 1695/1695/1695 1692/1692/1692
f 1696/1696/1696 1694/1694/1694 1693/1693/1693
f 1697/1697/1697 1694/1694/1694 1696/1696/1696
f 1698/1698/1698 1697/1697/1697 1696/1696/1696
f 1699/1699/1699 1698/1698/1698 1696/1696/1696
f 1702/1702/1702 1701/1701/1701 1700/1700/1700
f 1700/1700/1700 1701/1701/1701 1703/1703/1703
f 1701/1701/1701 1704/1704/1704 1703/1703/1703
f 1703/1703/1703 1704/1704/1704 1705/1705/1705
f 1705/1705/1705 1704/1704/1704 1706/1706/1706
f 1705/1705/1705 1706/1706/1706 1707/1707/1707
f 1707/1707/1707 1706/1706/1706 1708/1708/1708
f 1706/1706/1706 1709/1709/1709 1708/1708/1708
f 1712/1712/1712 1711/1711/1711 1710/1710/1710
f 1713/1713/1713 1711/1711/1711 1712/1712/1712
f 1714/1714/1714 1713/1713/1713 1712/1712/1712
f 1717/1717/1717 1716/1716/1716 1715/1715/1715
f 1717/1717/1717 1718/1718/1718 1716/1716/1716
f 1719/1719/1719 1718/1718/1718 1717/1717/1717
f 1722/1722/1722 1721/1721/1721 1720/1720/1720
f 1720/1720/1720 1723/1723/1723 1722/1722/1722
f 1724/1724/1724 1723/1723/1723 1720/1720/1720
f 1727/1727/1727 1726/1726/1726 1725/1725/1725
f 1725/1725/1725 1726/1726/1726 1728/1728/1728
f 1726/1726/1726 1729/1729/1729 1728/1728/1728
f 1728/1728/1728 1729/1729/1729 1730/1730/1730
f 1730/1730/1730 1729/1729/1729 1731/1731/1731
f 1729/1729/1729 1732/1732/1732 1731/1731/1731
f 1735/1735/1735 1734/1734/1734 1733/1733/1733
f 1733/1733/1733 1734/1734/1734 1736/1736/1736
f 1738/1738/1738 1737/1737/1737 1734/1734/1734
f 1739/1739/1739 1734/1734/1734 1737/1737/1737
f 1737/1737/1737 1740/1740/1740 1739/1739/1739
f 1741/1741/1741 1740/1740/1740 1737/1737/1737
f 1742/1742/1742 1740/1740/1740 1741/1741/1741
f 1742/1742/1742 1743/1743/1743 1740/1740/1740
f 1744/1744/1744 1743/1743/1743 1742/1742/1742
f 1744/1744/1744 1745/1745/1745 1743/1743/1743
f 1748/1748/1748 1747/1747/1747 1746/1746/1746
f 1749/1749/1749 1748/1748/1748 1746/1746/1746
f 1750/1750/1750 1748/1748/1748 1749/1749/1749
f 1750/1750/1750 1751/1751/1751 1748/1748/1748
f 1752/1752/1752 1751/1751/1751 1750/1750/1750
f 1750/1750/1750 1753/1753/1753 1752/1752/1752
f 1752/1752/1752 1754/1754/1754 1751/1751/1751
f 1757/1757/1757 1756/1756/1756 1755/1755/1755
f 1758/1758/1758 1756/1756/1756 1757/1757/1757
f 1759/1759/1759 1758/1758/1758 1757/1757/1757
f 1760/1760/1760 1758/1758/1758 1759/1759/1759
f 1761/1761/1761 1760/1760/1760 1759/1759/1759
f 1762/1762/1762 1760/1760/1760 1761/1761/1761
f 1765/1765/1765 1764/1764/1764 1763/1763/1763
f 1766/1766/1766 1765/1765/1765 1763/1763/1763
f 1767/1767/1767 1765/1765/1765 1766/1766/1766
f 1767/1767/1767 1768/1768/1768 1765/1765/1765
f 1771/1771/1771 1770/1770/1770 1769/1769/1769
f 1771/1771/1771 1772/1772/1772 1770/1770/1770
f 1775/1775/1775 1774/1774/1774 1773/1773/1773
f 1775/1775/1775 1776/1776/1776 1774/1774/1774
f 1777/1777/1777 1776/1776/1776 1775/1775/1775
f 1777/1777/1777 1778/1778/1778 1776/1776/1776
f 1781/1781/1781 1780/1780/1780 1779/1779/1779
f 1782/1782/1782 1780/1780/1780 1781/1781/1781
f 1782/1782/1782 1783/1783/1783 1780/1780/1780
f 1782/1782/1782 1784/1784/1784 1783/1783/1783
f 1785/1785/1785 1784/1784/1784 1782/1782/1782
f 1785/1785/1785 1786/1786/1786 1784/1784/1784
f 1787/1787/1787 1786/1786/1786 1785/1785/1785
f 1788/1788/1788 1786/1786/1786 1787/1787/1787
f 1791/1791/1791 1790/1790/1790 1789/1789/1789
f 1789/1789/1789 1790/1790/1790 1792/1792/1792
f 1792/1792/1792 1790/1790/1790 1793/1793/1793
f 1796/1796/1796 1795/1795/1795 1794/1794/1794
f 1795/1795/1795 1796/1796/1796 1797/1797/1797
f 1796/1796/1796 1798/1798/1798 1797/1797/1797
f 1798/1798/1798 1799/1799/1799 1797/1797/1797
f 1802/1802/1802 1801/1801/1801 1800/1800/1800
f 1803/1803/1803 1801/1801/1801 1802/1802/1802
f 1806/1806/1806 1805/1805/1805 1804/1804/1804
f 1804/1804/1804 1805/1805/1805 1807/1807/1807
f 1804/1804/1804 1807/1807/1807 1808/1808/1808
f 1808/1808/1808 1807/1807/1807 1809/1809/1809
f 1808/1808/1808 1809/1809/1809 1810/1810/1810
f 1810/1810/1810 1809/1809/1809 1811/1811/1811
f 1811/1811/1811 1809/1809/1809 1812/1812/1812
f 1810/1810/1810 1811/1811/1811 1813/1813/1813
f 1813/1813/1813 1811/1811/1811 1814/1814/1814
f 1817/1817/1817 1816/1816/1816 1815/1815/1815
f 1815/1815/1815 1816/1816/1816 1818/1818/1818
f 1821/1821/1821 1820/1820/1820 1819/1819/1819
f 1819/1819/1819 1820/1820/1820 1822/1822/1822
f 1822/1822/1822 1820/1820/1820 1823/1823/1823
f 1826/1826/1826 1825/1825/1825 1824/1824/1824
f 1824/1824/1824 1825/1825/1825 1827/1827/1827
f 1824/1824/1824 1827/1827/1827 1828/1828/1828
f 1828/1828/1828 1827/1827/1827 1829/1829/1829
f 1828/1828/1828 1829/1829/1829 1830/1830/1830
f 1830/1830/1830 1829/1829/1829 1831/1831/1831
f 1830/1830/1830 1831/1831/1831 1832/1832/1832
f 1828/1828/1828 1830/1830/1830 1833/1833/1833
f 1834/1834/1834 1833/1833/1833 1830/1830/1830
f 1835/1835/1835 1833/1833/1833 1834/1834/1834
f 1836/1836/1836 1833/1833/1833 1835/1835/1835
f 1837/1837/1837 1833/1833/1833 1836/1836/1836
f 1840/1840/1840 1839/1839/1839 1838/1838/1838
f 1838/1838/1838 1839/1839/1839 1841/1841/1841
f 1838/1838/1838 1841/1841/1841 1842/1842/1842
f 1842/1842/1842 1841/1841/1841 1843/1843/1843
f 1842/1842/1842 1843/1843/1843 1844/1844/1844
f 1844/1844/1844 1843/1843/1843 1845/1845/1845
f 1848/1848/1848 1847/1847/1847 1846/1846/1846
f 1847/1847/1847 1849/1849/1849 1846/1846/1846
f 1846/1846/1846 1849/1849/1849 1850/1850/1850
f 1847/1847/1847 1851/1851/1851 1849/1849/1849
f 1849/1849/1849 1852/1852/1852 1850/1850/1850
f 1851/1851/1851 1853/1853/1853 1849/1849/1849
f 1853/1853/1853 1854/1854/1854 1849/1849/1849
f 1851/1851/1851 1855/1855/1855 1853/1853/1853
f 1855/1855/1855 1856/1856/1856 1853/1853/1853
f 1849/1849/1849 1857/1857/1857 1852/1852/1852
f 1852/1852/1852 1857/1857/1857 1858/1858/1858
f 1859/1859/1859 1852/1852/1852 1858/1858/1858
f 1857/1857/1857 1860/1860/1860 1858/1858/1858
f 1859/1859/1859 1858/1858/1858 1861/1861/1861
f 1861/1861/1861 1858/1858/1858 1862/1862/1862
f 1861/1861/1861 1862/1862/1862 1863/1863/1863
f 1858/1858/1858 1860/1860/1860 1864/1864/1864
f 1862/1862/1862 1864/1864/1864 1863/1863/1863
f 1863/1863/1863 1864/1864/1864 1865/1865/1865
f 1860/1860/1860 1866/1866/1866 1864/1864/1864
f 1865/1865/1865 1864/1864/1864 1867/1867/1867
f 1867/1867/1867 1864/1864/1864 1866/1866/1866
f 1867/1867/1867 1866/1866/1866 1868/1868/1868
f 1867/1867/1867 1868/1868/1868 1869/1869/1869
f 1868/1868/1868 1870/1870/1870 1869/1869/1869
f 1870/1870/1870 1868/1868/1868 1871/1871/1871
f 1870/1870/1870 1871/1871/1871 1872/1872/1872
f 1872/1872/1872 1871/1871/1871 1873/1873/1873
f 1870/1870/1870 1872/1872/1872 1874/1874/1874
f 1870/1870/1870 1874/1874/1874 1875/1875/1875
f 1878/1878/1878 1877/1877/1877 1876/1876/1876
f 1879/1879/1879 1878/1878/1878 1876/1876/1876
f 1880/1880/1880 1878/1878/1878 1879/1879/1879
f 1881/1881/1881 1880/1880/1880 1879/1879/1879
f 1882/1882/1882 1880/1880/1880 1881/1881/1881
f 1882/1882/1882 1881/1881/1881 1883/1883/1883
f 1884/1884/1884 1882/1882/1882 1883/1883/1883
f 1885/1885/1885 1882/1882/1882 1884/1884/1884
f 1888/1888/1888 1887/1887/1887 1886/1886/1886
f 1888/1888/1888 1886/1886/1886 1889/1889/1889
f 1889/1889/1889 1886/1886/1886 1890/1890/1890
f 1889/1889/1889 1890/1890/1890 1891/1891/1891
f 1891/1891/1891 1890/1890/1890 1892/1892/1892
f 1891/1891/1891 1892/1892/1892 1893/1893/1893
f 1896/1896/1896 1895/1895/1895 1894/1894/1894
f 1894/1894/1894 1895/1895/1895 1897/1897/1897
f 1897/1897/1897 1895/1895/1895 1898/1898/1898
f 1898/1898/1898 1895/1895/1895 1899/1899/1899
f 1898/1898/1898 1899/1899/1899 1900/1900/1900
f 1898/1898/1898 1900/1900/1900 1901/1901/1901
f 1898/1898/1898 1901/1901/1901 1902/1902/1902
f 1898/1898/1898 1902/1902/1902 1903/1903/1903
f 1899/1899/1899 1904/1904/1904 1900/1900/1900
f 1898/1898/1898 1903/1903/1903 1905/1905/1905
f 1899/1899/1899 1906/1906/1906 1904/1904/1904
f 1899/1899/1899 1907/1907/1907 1906/1906/1906
f 1899/1899/1899 1908/1908/1908 1907/1907/1907
f 1903/1903/1903 1909/1909/1909 1905/1905/1905
f 1899/1899/1899 1910/1910/1910 1908/1908/1908
f 1908/1908/1908 1910/1910/1910 1911/1911/1911
f 1911/1911/1911 1910/1910/1910 1912/1912/1912
f 1912/1912/1912 1910/1910/1910 1913/1913/1913
f 1912/1912/1912 1913/1913/1913 1914/1914/1914
f 1909/1909/1909 1915/1915/1915 1905/1905/1905
f 1905/1905/1905 1915/1915/1915 1916/1916/1916
f 1905/1905/1905 1916/1916/1916 1917/1917/1917
f 1914/1914/1914 1913/1913/1913 1918/1918/1918
f 1905/1905/1905 1917/1917/1917 1919/1919/1919
f 1917/1917/1917 1920/1920/1920 1919/1919/1919
f 1920/1920/1920 1921/1921/1921 1919/1919/1919
f 1914/1914/1914 1918/1918/1918 1922/1922/1922
f 1921/1921/1921 1922/1922/1922 1919/1919/1919
f 1922/1922/1922 1918/1918/1918 1919/1919/1919
f 1918/1918/1918 1923/1923/1923 1919/1919/1919
f 1923/1923/1923 1924/1924/1924 1919/1919/1919
f 1923/1923/1923 1925/1925/1925 1924/1924/1924
f 1925/1925/1925 1926/1926/1926 1924/1924/1924
f 1926/1926/1926 1927/1927/1927 1924/1924/1924
f 1926/1926/1926 1928/1928/1928 1927/1927/1927
f 1928/1928/1928 1929/1929/1929 1927/1927/1927
f 1928/1928/1928 1930/1930/1930 1929/1929/1929
f 1929/1929/1929 1931/1931/1931 1927/1927/1927
f 1929/1929/1929 1932/1932/1932 1931/1931/1931
f 1931/1931/1931 1932/1932/1932 1933/1933/1933
f 1932/1932/1932 1934/1934/1934 1933/1933/1933
f 1934/1934/1934 1935/1935/1935 1933/1933/1933
f 1934/1934/1934 1936/1936/1936 1935/1935/1935
f 1936/1936/1936 1937/1937/1937 1935/1935/1935
f 1935/1935/1935 1937/1937/1937 1938/1938/1938
f 1937/1937/1937 1939/1939/1939 1938/1938/1938
f 1938/1938/1938 1939/1939/1939 1940/1940/1940
f 1941/1941/1941 1940/1940/1940 1939/1939/1939
f 1941/1941/1941 1942/1942/1942 1940/1940/1940
f 1941/1941/1941 1943/1943/1943 1942/1942/1942
f 1944/1944/1944 1943/1943/1943 1941/1941/1941
f 1945/1945/1945 1943/1943/1943 1944/1944/1944
f 1946/1946/1946 1943/1943/1943 1945/1945/1945
f 1943/1943/1943 1947/1947/1947 1942/1942/1942
f 1947/1947/1947 1948/1948/1948 1942/1942/1942
f 1947/1947/1947 1949/1949/1949 1948/1948/1948
f 1949/1949/1949 1950/1950/1950 1948/1948/1948
f 1950/1950/1950 1951/1951/1951 1948/1948/1948
f 1950/1950/1950 1952/1952/1952 1951/1951/1951
f 1952/1952/1952 1953/1953/1953 1951/1951/1951
f 1952/1952/1952 1954/1954/1954 1953/1953/1953
f 1952/1952/1952 1955/1955/1955 1954/1954/1954
f 1955/1955/1955 1956/1956/1956 1954/1954/1954
f 1953/1953/1953 1957/1957/1957 1951/1951/1951
f 1957/1957/1957 1958/1958/1958 1951/1951/1951
f 1958/1958/1958 1959/1959/1959 1951/1951/1951
f 1960/1960/1960 1956/1956/1956 1955/1955/1955
f 1960/1960/1960 1961/1961/1961 1956/1956/1956
f 1960/1960/1960 1962/1962/1962 1961/1961/1961
f 1959/1959/1959 1963/1963/1963 1951/1951/1951
f 1964/1964/1964 1962/1962/1962 1960/1960/1960
f 1959/1959/1959 1965/1965/1965 1963/1963/1963
f 1964/1964/1964 1966/1966/1966 1962/1962/1962
f 1967/1967/1967 1963/1963/1963 1965/1965/1965
f 1968/1968/1968 1963/1963/1963 1967/1967/1967
f 1969/1969/1969 1963/1963/1963 1968/1968/1968
f 1964/1964/1964 1970/1970/1970 1966/1966/1966
f 1971/1971/1971 1963/1963/1963 1969/1969/1969
f 1964/1964/1964 1972/1972/1972 1970/1970/1970
f 1971/1971/1971 1969/1969/1969 1973/1973/1973
f 1971/1971/1971 1973/1973/1973 1974/1974/1974
f 1964/1964/1964 1975/1975/1975 1972/1972/1972
f 1975/1975/1975 1971/1971/1971 1974/1974/1974
f 1964/1964/1964 1971/1971/1971 1975/1975/1975
f 1976/1976/1976 1971/1971/1971 1964/1964/1964
f 1976/1976/1976 1977/1977/1977 1971/1971/1971
f 1976/1976/1976 1978/1978/1978 1977/1977/1977
f 1979/1979/1979 1978/1978/1978 1976/1976/1976
f 1982/1982/1982 1981/1981/1981 1980/1980/1980
f 1982/1982/1982 1980/1980/1980 1983/1983/1983
f 1982/1982/1982 1983/1983/1983 1984/1984/1984
f 1985/1985/1985 1982/1982/1982 1984/1984/1984
f 1986/1986/1986 1985/1985/1985 1984/1984/1984
f 1987/1987/1987 1985/1985/1985 1986/1986/1986
f 1988/1988/1988 1987/1987/1987 1986/1986/1986
f 1989/1989/1989 1987/1987/1987 1988/1988/1988
f 1990/1990/1990 1989/1989/1989 1988/1988/1988
f 1991/1991/1991 1989/1989/1989 1990/1990/1990
f 1992/1992/1992 1991/1991/1991 1990/1990/1990
f 1993/1993/1993 1991/1991/1991 1992/1992/1992
f 1994/1994/1994 1993/1993/1993 1992/1992/1992
f 1995/1995/1995 1994/1994/1994 1992/1992/1992
f 1996/1996/1996 1995/1995/1995 1992/1992/1992
f 1997/1997/1997 1994/1994/1994 1995/1995/1995
f 2000/2000/2000 1999/1999/1999 1998/1998/1998
f 2001/2001/2001 1999/1999/1999 2000/2000/2000
f 2001/2001/2001 2002/2002/2002 1999/1999/1999
f 2002/2002/2002 2003/2003/2003 1999/1999/1999
f 2004/2004/2004 2003/2003/2003 2002/2002/2002
f 2004/2004/2004 2005/2005/2005 2003/2003/2003
f 2006/2006/2006 2005/2005/2005 2004/2004/2004
f 2006/2006/2006 2007/2007/2007 2005/2005/2005
f 2010/2010/2010 2009/2009/2009 2008/2008/2008
f 2011/2011/2011 2010/2010/2010 2008/2008/2008
f 2012/2012/2012 2011/2011/2011 2008/2008/2008
f 2012/2012/2012 2008/2008/2008 2013/2013/2013
f 2012/2012/2012 2013/2013/2013 2014/2014/2014
f 2014/2014/2014 2013/2013/2013 2015/2015/2015
f 2014/2014/2014 2015/2015/2015 2016/2016/2016
f 2011/2011/2011 2017/2017/2017 2010/2010/2010
f 2017/2017/2017 2018/2018/2018 2010/2010/2010
f 2017/2017/2017 2019/2019/2019 2018/2018/2018
f 2017/2017/2017 2020/2020/2020 2019/2019/2019
f 2016/2016/2016 2015/2015/2015 2021/2021/2021
f 2016/2016/2016 2021/2021/2021 2022/2022/2022
f 2022/2022/2022 2021/2021/2021 2023/2023/2023
f 2023/2023/2023 2021/2021/2021 2024/2024/2024
f 2025/2025/2025 2022/2022/2022 2023/2023/2023
f 2025/2025/2025 2023/2023/2023 2026/2026/2026
f 2025/2025/2025 2026/2026/2026 2027/2027/2027
f 2025/2025/2025 2027/2027/2027 2028/2028/2028
f 2031/2031/2031 2030/2030/2030 2029/2029/2029
f 2029/2029/2029 2030/2030/2030 2032/2032/2032
f 2035/2035/2035 2034/2034/2034 2033/2033/2033
f 2035/2035/2035 2036/2036/2036 2034/2034/2034
f 2036/2036/2036 2037/2037/2037 2034/2034/2034
f 2040/2040/2040 2039/2039/2039 2038/2038/2038
f 2041/2041/2041 2039/2039/2039 2040/2040/2040
f 2042/2042/2042 2039/2039/2039 2041/2041/2041
f 2043/2043/2043 2042/2042/2042 2041/2041/2041
f 2044/2044/2044 2042/2042/2042 2043/2043/2043
f 2044/2044/2044 2043/2043/2043 2045/2045/2045
f 2044/2044/2044 2045/2045/2045 2046/2046/2046
f 2047/2047/2047 2044/2044/2044 2046/2046/2046
f 2050/2050/2050 2049/2049/2049 2048/2048/2048
f 2051/2051/2051 2050/2050/2050 2048/2048/2048
f 2052/2052/2052 2050/2050/2050 2051/2051/2051
f 2053/2053/2053 2052/2052/2052 2051/2051/2051
f 2054/2054/2054 2052/2052/2052 2053/2053/2053
f 2055/2055/2055 2054/2054/2054 2053/2053/2053
f 2056/2056/2056 2052/2052/2052 2054/2054/2054
f 2059/2059/2059 2058/2058/2058 2057/2057/2057
f 2060/2060/2060 2058/2058/2058 2059/2059/2059
f 2059/2059/2059 2061/2061/2061 2060/2060/2060
f 2060/2060/2060 2061/2061/2061 2062/2062/2062
f 2061/2061/2061 2063/2063/2063 2062/2062/2062
f 2062/2062/2062 2063/2063/2063 2064/2064/2064
f 2063/2063/2063 2065/2065/2065 2064/2064/2064
f 2064/2064/2064 2065/2065/2065 2066/2066/2066
f 2065/2065/2065 2067/2067/2067 2066/2066/2066
f 2066/2066/2066 2067/2067/2067 2068/2068/2068
f 2069/2069/2069 2068/2068/2068 2067/2067/2067
f 2070/2070/2070 2069/2069/2069 2067/2067/2067
f 2071/2071/2071 2069/2069/2069 2070/2070/2070
f 2072/2072/2072 2071/2071/2071 2070/2070/2070
f 2073/2073/2073 2071/2071/2071 2072/2072/2072
f 2074/2074/2074 2073/2073/2073 2072/2072/2072
f 2075/2075/2075 2074/2074/2074 2072/2072/2072
f 2073/2073/2073 2074/2074/2074 2076/2076/2076
f 2074/2074/2074 2077/2077/2077 2076/2076/2076
f 2077/2077/2077 2078/2078/2078 2076/2076/2076
f 2076/2076/2076 2078/2078/2078 2079/2079/2079
f 2078/2078/2078 2080/2080/2080 2079/2079/2079
f 2079/2079/2079 2080/2080/2080 2081/2081/2081
f 2080/2080/2080 2082/2082/2082 2081/2081/2081
f 2081/2081/2081 2082/2082/2082 2083/2083/2083
f 2082/2082/2082 2084/2084/2084 2083/2083/2083
f 2083/2083/2083 2084/2084/2084 2085/2085/2085
f 2084/2084/2084 2086/2086/2086 2085/2085/2085
f 2085/2085/2085 2086/2086/2086 2087/2087/2087
f 2086/2086/2086 2088/2088/2088 2087/2087/2087
f 2087/2087/2087 2088/2088/2088 2089/2089/2089
f 2088/2088/2088 2090/2090/2090 2089/2089/2089
f 2091/2091/2091 2089/2089/2089 2090/2090/2090
f 2092/2092/2092 2089/2089/2089 2091/2091/2091
f 2091/2091/2091 2093/2093/2093 2092/2092/2092
f 2092/2092/2092 2093/2093/2093 2094/2094/2094
f 2093/2093/2093 2095/2095/2095 2094/2094/2094
f 2094/2094/2094 2095/2095/2095 2096/2096/2096
f 2095/2095/2095 2097/2097/2097 2096/2096/2096
f 2096/2096/2096 2097/2097/2097 2098/2098/2098
f 2097/2097/2097 2099/2099/2099 2098/2098/2098
f 2098/2098/2098 2099/2099/2099 2100/2100/2100
f 2100/2100/2100 2099/2099/2099 2101/2101/2101
f 2099/2099/2099 2102/2102/2102 2101/2101/2101
f 2101/2101/2101 2102/2102/2102 2103/2103/2103
f 2102/2102/2102 2104/2104/2104 2103/2103/2103
f 2103/2103/2103 2104/2104/2104 2105/2105/2105
f 2104/2104/2104 2106/2106/2106 2105/2105/2105
f 2105/2105/2105 2106/2106/2106 2107/2107/2107
f 2105/2105/2105 2107/2107/2107 2108/2108/2108
f 2108/2108/2108 2107/2107/2107 2109/2109/2109
f 2108/2108/2108 2109/2109/2109 2110/2110/2110
f 2111/2111/2111 2110/2110/2110 2109/2109/2109
f 2111/2111/2111 2112/2112/2112 2110/2110/2110
f 2113/2113/2113 2112/2112/2112 2111/2111/2111
f 2113/2113/2113 2114/2114/2114 2112/2112/2112
f 2113/2113/2113 2115/2115/2115 2114/2114/2114
f 2116/2116/2116 2115/2115/2115 2113/2113/2113
f 2116/2116/2116 2117/2117/2117 2115/2115/2115
f 2117/2117/2117 2118/2118/2118 2115/2115/2115
f 2117/2117/2117 2119/2119/2119 2118/2118/2118
f 2120/2120/2120 2119/2119/2119 2117/2117/2117
f 2121/2121/2121 2119/2119/2119 2120/2120/2120
f 2121/2121/2121 2122/2122/2122 2119/2119/2119
f 2123/2123/2123 2122/2122/2122 2121/2121/2121
f 2123/2123/2123 2124/2124/2124 2122/2122/2122
f 2125/2125/2125 2124/2124/2124 2123/2123/2123
f 2125/2125/2125 2126/2126/2126 2124/2124/2124
f 2127/2127/2127 2126/2126/2126 2125/2125/2125
f 2127/2127/2127 2128/2128/2128 2126/2126/2126
f 2129/2129/2129 2128/2128/2128 2127/2127/2127
f 2129/2129/2129 2130/2130/2130 2128/2128/2128
f 2131/2131/2131 2130/2130/2130 2129/2129/2129
f 2132/2132/2132 2131/2131/2131 2129/2129/2129
f 2133/2133/2133 2131/2131/2131 2132/2132/2132
f 2134/2134/2134 2133/2133/2133 2132/2132/2132
f 2135/2135/2135 2133/2133/2133 2134/2134/2134
f 2136/2136/2136 2135/2135/2135 2134/2134/2134
f 2136/2136/2136 2137/2137/2137 2135/2135/2135
f 2137/2137/2137 2138/2138/2138 2135/2135/2135
f 2137/2137/2137 2139/2139/2139 2138/2138/2138
f 2139/2139/2139 2140/2140/2140 2138/2138/2138
f 2140/2140/2140 2139/2139/2139 2141/2141/2141
f 2141/2141/2141 2139/2139/2139 2142/2142/2142
f 2141/2141/2141 2142/2142/2142 2143/2143/2143
f 2144/2144/2144 2143/2143/2143 2142/2142/2142
f 2143/2143/2143 2144/2144/2144 2145/2145/2145
f 2145/2145/2145 2144/2144/2144 2146/2146/2146
f 2147/2147/2147 2146/2146/2146 2144/2144/2144
f 2148/2148/2148 2146/2146/2146 2147/2147/2147
f 2148/2148/2148 2149/2149/2149 2146/2146/2146
f 2150/2150/2150 2149/2149/2149 2148/2148/2148
f 2151/2151/2151 2150/2150/2150 2148/2148/2148
f 2152/2152/2152 2150/2150/2150 2151/2151/2151
f 2153/2153/2153 2152/2152/2152 2151/2151/2151
f 2153/2153/2153 2154/2154/2154 2152/2152/2152
f 2154/2154/2154 2155/2155/2155 2152/2152/2152
f 2154/2154/2154 2156/2156/2156 2155/2155/2155
f 2155/2155/2155 2156/2156/2156 2157/2157/2157
f 2157/2157/2157 2156/2156/2156 2158/2158/2158
f 2159/2159/2159 2158/2158/2158 2156/2156/2156
f 2160/2160/2160 2158/2158/2158 2159/2159/2159
f 2158/2158/2158 2160/2160/2160 2161/2161/2161
f 2161/2161/2161 2160/2160/2160 2162/2162/2162
f 2162/2162/2162 2160/2160/2160 2163/2163/2163
f 2163/2163/2163 2164/2164/2164 2162/2162/2162
f 2165/2165/2165 2164/2164/2164 2163/2163/2163
f 2166/2166/2166 2164/2164/2164 2165/2165/2165
f 2166/2166/2166 2167/2167/2167 2164/2164/2164
f 2168/2168/2168 2167/2167/2167 2166/2166/2166
f 2168/2168/2168 2169/2169/2169 2167/2167/2167
f 2170/2170/2170 2169/2169/2169 2168/2168/2168
f 2170/2170/2170 2171/2171/2171 2169/2169/2169
f 2172/2172/2172 2171/2171/2171 2170/2170/2170
f 2172/2172/2172 2173/2173/2173 2171/2171/2171
f 2174/2174/2174 2173/2173/2173 2172/2172/2172
f 2174/2174/2174 2175/2175/2175 2173/2173/2173
f 2176/2176/2176 2175/2175/2175 2174/2174/2174
f 2176/2176/2176 2177/2177/2177 2175/2175/2175
f 2178/2178/2178 2177/2177/2177 2176/2176/2176
f 2178/2178/2178 2179/2179/2179 2177/2177/2177
f 2180/2180/2180 2179/2179/2179 2178/2178/2178
f 2180/2180/2180 2181/2181/2181 2179/2179/2179
f 2182/2182/2182 2181/2181/2181 2180/2180/2180
f 2182/2182/2182 2183/2183/2183 2181/2181/2181
f 2182/2182/2182 2184/2184/2184 2183/2183/2183
f 2184/2184/2184 2185/2185/2185 2183/2183/2183
f 2184/2184/2184 2186/2186/2186 2185/2185/2185
f 2187/2187/2187 2186/2186/2186 2184/2184/2184
f 2187/2187/2187 2188/2188/2188 2186/2186/2186
f 2189/2189/2189 2188/2188/2188 2187/2187/2187
f 2189/2189/2189 2190/2190/2190 2188/2188/2188
f 2191/2191/2191 2190/2190/2190 2189/2189/2189
f 2190/2190/2190 2191/2191/2191 2192/2192/2192
f 2190/2190/2190 2192/2192/2192 2193/2193/2193
f 2193/2193/2193 2192/2192/2192 2194/2194/2194
f 2192/2192/2192 2195/2195/2195 2194/2194/2194
f 2194/2194/2194 2195/2195/2195 2196/2196/2196
f 2195/2195/2195 2197/2197/2197 2196/2196/2196
f 2197/2197/2197 2198/2198/2198 2196/2196/2196
f 2196/2196/2196 2198/2198/2198 2199/2199/2199
f 2198/2198/2198 2200/2200/2200 2199/2199/2199
f 2199/2199/2199 2200/2200/2200 2201/2201/2201
f 2201/2201/2201 2200/2200/2200 2202/2202/2202
f 2200/2200/2200 2203/2203/2203 2202/2202/2202
f 2202/2202/2202 2203/2203/2203 2204/2204/2204
f 2203/2203/2203 2205/2205/2205 2204/2204/2204
f 2204/2204/2204 2205/2205/2205 2206/2206/2206
f 2205/2205/2205 2207/2207/2207 2206/2206/2206
f 2206/2206/2206 2207/2207/2207 2208/2208/2208
f 2207/2207/2207 2209/2209/2209 2208/2208/2208
f 2209/2209/2209 2210/2210/2210 2208/2208/2208
f 2211/2211/2211 2210/2210/2210 2209/2209/2209
f 2211/2211/2211 2212/2212/2212 2210/2210/2210
f 2210/2210/2210 2212/2212/2212 2213/2213/2213
f 2212/2212/2212 2214/2214/2214 2213/2213/2213
f 2213/2213/2213 2214/2214/2214 2215/2215/2215
f 2214/2214/2214 2216/2216/2216 2215/2215/2215
f 2215/2215/2215 2216/2216/2216 2217/2217/2217
f 2216/2216/2216 2218/2218/2218 2217/2217/2217
f 2217/2217/2217 2218/2218/2218 2219/2219/2219
f 2218/2218/2218 2220/2220/2220 2219/2219/2219
f 2219/2219/2219 2220/2220/2220 2221/2221/2221
f 2220/2220/2220 2222/2222/2222 2221/2221/2221
f 2221/2221/2221 2222/2222/2222 2223/2223/2223
f 2222/2222/2222 2224/2224/2224 2223/2223/2223
f 2223/2223/2223 2224/2224/2224 2225/2225/2225
f 2223/2223/2223 2225/2225/2225 2226/2226/2226
f 2227/2227/2227 2226/2226/2226 2225/2225/2225
f 2227/2227/2227 2225/2225/2225 2228/2228/2228
f 2227/2227/2227 2229/2229/2229 2226/2226/2226
f 2230/2230/2230 2229/2229/2229 2227/2227/2227
f 2230/2230/2230 2231/2231/2231 2229/2229/2229
f 2232/2232/2232 2231/2231/2231 2230/2230/2230
f 2232/2232/2232 2233/2233/2233 2231/2231/2231
f 2233/2233/2233 2232/2232/2232 2234/2234/2234
f 2232/2232/2232 2235/2235/2235 2234/2234/2234
f 2234/2234/2234 2235/2235/2235 2236/2236/2236
f 2235/2235/2235 2237/2237/2237 2236/2236/2236
f 2236/2236/2236 2237/2237/2237 2238/2238/2238
f 2237/2237/2237 2239/2239/2239 2238/2238/2238
f 2238/2238/2238 2239/2239/2239 2240/2240/2240
f 2239/2239/2239 2241/2241/2241 2240/2240/2240
f 2241/2241/2241 2242/2242/2242 2240/2240/2240
f 2243/2243/2243 2242/2242/2242 2241/2241/2241
f 2246/2246/2246 2245/2245/2245 2244/2244/2244
f 2246/2246/2246 2247/2247/2247 2245/2245/2245
f 2248/2248/2248 2247/2247/2247 2246/2246/2246
f 2249/2249/2249 2247/2247/2247 2248/2248/2248
f 2250/2250/2250 2249/2249/2249 2248/2248/2248
f 2251/2251/2251 2249/2249/2249 2250/2250/2250
f 2252/2252/2252 2251/2251/2251 2250/2250/2250
f 2253/2253/2253 2251/2251/2251 2252/2252/2252
f 2254/2254/2254 2253/2253/2253 2252/2252/2252
f 2255/2255/2255 2253/2253/2253 2254/2254/2254
f 2255/2255/2255 2254/2254/2254 2256/2256/2256
f 2255/2255/2255 2256/2256/2256 2257/2257/2257
f 2257/2257/2257 2256/2256/2256 2258/2258/2258
f 2257/2257/2257 2258/2258/2258 2259/2259/2259
f 2259/2259/2259 2258/2258/2258 2260/2260/2260
f 2259/2259/2259 2260/2260/2260 2261/2261/2261
f 2262/2262/2262 2261/2261/2261 2260/2260/2260
f 2263/2263/2263 2262/2262/2262 2260/2260/2260
f 2264/2264/2264 2262/2262/2262 2263/2263/2263
f 2265/2265/2265 2262/2262/2262 2264/2264/2264
f 2266/2266/2266 2265/2265/2265 2264/2264/2264
f 2267/2267/2267 2265/2265/2265 2266/2266/2266
f 2268/2268/2268 2267/2267/2267 2266/2266/2266
f 2269/2269/2269 2267/2267/2267 2268/2268/2268
f 2270/2270/2270 2269/2269/2269 2268/2268/2268
f 2271/2271/2271 2269/2269/2269 2270/2270/2270
f 2272/2272/2272 2271/2271/2271 2270/2270/2270
f 2273/2273/2273 2271/2271/2271 2272/2272/2272
f 2274/2274/2274 2273/2273/2273 2272/2272/2272
f 2275/2275/2275 2273/2273/2273 2274/2274/2274
f 2274/2274/2274 2276/2276/2276 2275/2275/2275
f 2277/2277/2277 2276/2276/2276 2274/2274/2274
f 2276/2276/2276 2277/2277/2277 2278/2278/2278
f 2277/2277/2277 2279/2279/2279 2278/2278/2278
f 2278/2278/2278 2279/2279/2279 2280/2280/2280
f 2279/2279/2279 2281/2281/2281 2280/2280/2280
f 2280/2280/2280 2281/2281/2281 2282/2282/2282
f 2281/2281/2281 2283/2283/2283 2282/2282/2282
f 2282/2282/2282 2283/2283/2283 2284/2284/2284
f 2283/2283/2283 2285/2285/2285 2284/2284/2284
f 2284/2284/2284 2285/2285/2285 2286/2286/2286
f 2285/2285/2285 2287/2287/2287 2286/2286/2286
f 2286/2286/2286 2287/2287/2287 2288/2288/2288
f 2287/2287/2287 2289/2289/2289 2288/2288/2288
f 2290/2290/2290 2288/2288/2288 2289/2289/2289
f 2291/2291/2291 2288/2288/2288 2290/2290/2290
f 2292/2292/2292 2291/2291/2291 2290/2290/2290
f 2293/2293/2293 2291/2291/2291 2292/2292/2292
f 2294/2294/2294 2293/2293/2293 2292/2292/2292
f 2295/2295/2295 2293/2293/2293 2294/2294/2294
f 2295/2295/2295 2294/2294/2294 2296/2296/2296
f 2295/2295/2295 2296/2296/2296 2297/2297/2297
f 2297/2297/2297 2296/2296/2296 2298/2298/2298
f 2297/2297/2297 2298/2298/2298 2299/2299/2299
f 2299/2299/2299 2298/2298/2298 2300/2300/2300
f 2299/2299/2299 2300/2300/2300 2301/2301/2301
f 2302/2302/2302 2301/2301/2301 2300/2300/2300
f 2302/2302/2302 2303/2303/2303 2301/2301/2301
f 2303/2303/2303 2302/2302/2302 2304/2304/2304
f 2303/2303/2303 2304/2304/2304 2305/2305/2305
f 2305/2305/2305 2304/2304/2304 2306/2306/2306
f 2305/2305/2305 2306/2306/2306 2307/2307/2307
f 2307/2307/2307 2306/2306/2306 2308/2308/2308
f 2307/2307/2307 2308/2308/2308 2309/2309/2309
f 2309/2309/2309 2308/2308/2308 2310/2310/2310
f 2309/2309/2309 2310/2310/2310 2311/2311/2311
f 2311/2311/2311 2310/2310/2310 2312/2312/2312
f 2311/2311/2311 2312/2312/2312 2313/2313/2313
f 2313/2313/2313 2312/2312/2312 2314/2314/2314
f 2314/2314/2314 2312/2312/2312 2315/2315/2315
f 2314/2314/2314 2315/2315/2315 2316/2316/2316
f 2314/2314/2314 2316/2316/2316 2317/2317/2317
f 2317/2317/2317 2316/2316/2316 2318/2318/2318
f 2317/2317/2317 2318/2318/2318 2319/2319/2319
f 2319/2319/2319 2318/2318/2318 2320/2320/2320
f 2319/2319/2319 2320/2320/2320 2321/2321/2321
f 2322/2322/2322 2321/2321/2321 2320/2320/2320
f 2323/2323/2323 2322/2322/2322 2320/2320/2320
f 2323/2323/2323 2324/2324/2324 2322/2322/2322
f 2322/2322/2322 2324/2324/2324 2325/2325/2325
f 2324/2324/2324 2326/2326/2326 2325/2325/2325
f 2325/2325/2325 2326/2326/2326 2327/2327/2327
f 2326/2326/2326 2328/2328/2328 2327/2327/2327
f 2327/2327/2327 2328/2328/2328 2329/2329/2329
f 2328/2328/2328 2330/2330/2330 2329/2329/2329
f 2329/2329/2329 2330/2330/2330 2331/2331/2331
f 2330/2330/2330 2332/2332/2332 2331/2331/2331
f 2331/2331/2331 2332/2332/2332 2333/2333/2333
f 2332/2332/2332 2334/2334/2334 2333/2333/2333
f 2335/2335/2335 2334/2334/2334 2332/2332/2332
f 2336/2336/2336 2334/2334/2334 2335/2335/2335
f 2336/2336/2336 2337/2337/2337 2334/2334/2334
f 2338/2338/2338 2337/2337/2337 2336/2336/2336
f 2338/2338/2338 2339/2339/2339 2337/2337/2337
f 2338/2338/2338 2340/2340/2340 2339/2339/2339
f 2339/2339/2339 2340/2340/2340 2341/2341/2341
f 2340/2340/2340 2342/2342/2342 2341/2341/2341
f 2341/2341/2341 2342/2342/2342 2343/2343/2343
f 2342/2342/2342 2344/2344/2344 2343/2343/2343
f 2343/2343/2343 2344/2344/2344 2345/2345/2345
f 2344/2344/2344 2346/2346/2346 2345/2345/2345
f 2345/2345/2345 2346/2346/2346 2347/2347/2347
f 2346/2346/2346 2348/2348/2348 2347/2347/2347
f 2347/2347/2347 2348/2348/2348 2349/2349/2349
f 2350/2350/2350 2349/2349/2349 2348/2348/2348
f 2351/2351/2351 2349/2349/2349 2350/2350/2350
f 2351/2351/2351 2350/2350/2350 2352/2352/2352
f 2352/2352/2352 2350/2350/2350 2353/2353/2353
f 2352/2352/2352 2353/2353/2353 2354/2354/2354
f 2354/2354/2354 2353/2353/2353 2355/2355/2355
f 2354/2354/2354 2355/2355/2355 2356/2356/2356
f 2356/2356/2356 2355/2355/2355 2357/2357/2357
f 2356/2356/2356 2357/2357/2357 2358/2358/2358
f 2356/2356/2356 2358/2358/2358 2359/2359/2359
f 2359/2359/2359 2358/2358/2358 2360/2360/2360
f 2359/2359/2359 2360/2360/2360 2361/2361/2361
f 2361/2361/2361 2360/2360/2360 2362/2362/2362
f 2361/2361/2361 2362/2362/2362 2363/2363/2363
f 2363/2363/2363 2362/2362/2362 2364/2364/2364
f 2363/2363/2363 2364/2364/2364 2365/2365/2365
f 2365/2365/2365 2364/2364/2364 2366/2366/2366
f 2365/2365/2365 2366/2366/2366 2367/2367/2367
f 2367/2367/2367 2366/2366/2366 2368/2368/2368
f 2367/2367/2367 2368/2368/2368 2369/2369/2369
f 2370/2370/2370 2369/2369/2369 2368/2368/2368
f 2370/2370/2370 2371/2371/2371 2369/2369/2369
f 2371/2371/2371 2370/2370/2370 2372/2372/2372
f 2371/2371/2371 2372/2372/2372 2373/2373/2373
f 2373/2373/2373 2372/2372/2372 2374/2374/2374
f 2373/2373/2373 2374/2374/2374 2375/2375/2375
f 2375/2375/2375 2374/2374/2374 2376/2376/2376
f 2375/2375/2375 2376/2376/2376 2377/2377/2377
f 2378/2378/2378 2377/2377/2377 2376/2376/2376
f 2379/2379/2379 2377/2377/2377 2378/2378/2378
f 2380/2380/2380 2379/2379/2379 2378/2378/2378
f 2381/2381/2381 2379/2379/2379 2380/2380/2380
f 2382/2382/2382 2381/2381/2381 2380/2380/2380
f 2383/2383/2383 2381/2381/2381 2382/2382/2382
f 2384/2384/2384 2383/2383/2383 2382/2382/2382
f 2385/2385/2385 2384/2384/2384 2382/2382/2382
f 2386/2386/2386 2384/2384/2384 2385/2385/2385
f 2387/2387/2387 2386/2386/2386 2385/2385/2385
f 2388/2388/2388 2386/2386/2386 2387/2387/2387
f 2389/2389/2389 2388/2388/2388 2387/2387/2387
f 2390/2390/2390 2388/2388/2388 2389/2389/2389
f 2391/2391/2391 2390/2390/2390 2389/2389/2389
f 2392/2392/2392 2390/2390/2390 2391/2391/2391
f 2393/2393/2393 2392/2392/2392 2391/2391/2391
f 2394/2394/2394 2392/2392/2392 2393/2393/2393
f 2395/2395/2395 2394/2394/2394 2393/2393/2393
f 2396/2396/2396 2394/2394/2394 2395/2395/2395
f 2397/2397/2397 2394/2394/2394 2396/2396/2396
f 2398/2398/2398 2397/2397/2397 2396/2396/2396
f 2399/2399/2399 2397/2397/2397 2398/2398/2398
f 2400/2400/2400 2399/2399/2399 2398/2398/2398
f 2401/2401/2401 2399/2399/2399 2400/2400/2400
f 2402/2402/2402 2401/2401/2401 2400/2400/2400
f 2403/2403/2403 2401/2401/2401 2402/2402/2402
f 2404/2404/2404 2403/2403/2403 2402/2402/2402
f 2405/2405/2405 2403/2403/2403 2404/2404/2404
f 2406/2406/2406 2405/2405/2405 2404/2404/2404
f 2407/2407/2407 2405/2405/2405 2406/2406/2406
f 2408/2408/2408 2407/2407/2407 2406/2406/2406
f 2409/2409/2409 2407/2407/2407 2408/2408/2408
f 2410/2410/2410 2409/2409/2409 2408/2408/2408
f 2411/2411/2411 2410/2410/2410 2408/2408/2408
f 2411/2411/2411 2412/2412/2412 2410/2410/2410
f 2413/2413/2413 2412/2412/2412 2411/2411/2411
f 2413/2413/2413 2414/2414/2414 2412/2412/2412
f 2415/2415/2415 2414/2414/2414 2413/2413/2413
f 2415/2415/2415 2416/2416/2416 2414/2414/2414
f 2417/2417/2417 2416/2416/2416 2415/2415/2415
f 2416/2416/2416 2417/2417/2417 2418/2418/2418
f 2417/2417/2417 2419/2419/2419 2418/2418/2418
f 2418/2418/2418 2419/2419/2419 2420/2420/2420
f 2419/2419/2419 2421/2421/2421 2420/2420/2420
f 2420/2420/2420 2421/2421/2421 2422/2422/2422
f 2421/2421/2421 2423/2423/2423 2422/2422/2422
f 2422/2422/2422 2423/2423/2423 2424/2424/2424
f 2423/2423/2423 2425/2425/2425 2424/2424/2424
f 2426/2426/2426 2424/2424/2424 2425/2425/2425
f 2427/2427/2427 2426/2426/2426 2425/2425/2425
f 2430/2430/2430 2429/2429/2429 2428/2428/2428
f 2428/2428/2428 2429/2429/2429 2431/2431/2431
f 2428/2428/2428 2431/2431/2431 2432/2432/2432
f 2428/2428/2428 2432/2432/2432 2433/2433/2433
f 2434/2434/2434 2428/2428/2428 2433/2433/2433
f 2435/2435/2435 2428/2428/2428 2434/2434/2434
f 2431/2431/2431 2429/2429/2429 2436/2436/2436
f 2435/2435/2435 2434/2434/2434 2437/2437/2437
f 2436/2436/2436 2429/2429/2429 2438/2438/2438
f 2436/2436/2436 2438/2438/2438 2439/2439/2439
f 2439/2439/2439 2438/2438/2438 2440/2440/2440
f 2429/2429/2429 2441/2441/2441 2438/2438/2438
f 2440/2440/2440 2438/2438/2438 2442/2442/2442
f 2441/2441/2441 2443/2443/2443 2438/2438/2438
f 2441/2441/2441 2444/2444/2444 2443/2443/2443
f 2442/2442/2442 2438/2438/2438 2445/2445/2445
f 2446/2446/2446 2442/2442/2442 2445/2445/2445
f 2447/2447/2447 2446/2446/2446 2445/2445/2445
f 2448/2448/2448 2447/2447/2447 2445/2445/2445
f 2449/2449/2449 2447/2447/2447 2448/2448/2448
f 2450/2450/2450 2449/2449/2449 2448/2448/2448
f 2450/2450/2450 2448/2448/2448 2451/2451/2451
f 2450/2450/2450 2452/2452/2452 2449/2449/2449
f 2453/2453/2453 2450/2450/2450 2451/2451/2451
f 2452/2452/2452 2454/2454/2454 2449/2449/2449
f 2452/2452/2452 2455/2455/2455 2454/2454/2454
f 2455/2455/2455 2456/2456/2456 2454/2454/2454
f 2456/2456/2456 2457/2457/2457 2454/2454/2454
f 2458/2458/2458 2453/2453/2453 2451/2451/2451
f 2459/2459/2459 2453/2453/2453 2458/2458/2458
f 2460/2460/2460 2453/2453/2453 2459/2459/2459
f 2461/2461/2461 2459/2459/2459 2458/2458/2458
f 2462/2462/2462 2460/2460/2460 2459/2459/2459
f 2463/2463/2463 2461/2461/2461 2458/2458/2458
f 2464/2464/2464 2461/2461/2461 2463/2463/2463
f 2465/2465/2465 2464/2464/2464 2463/2463/2463
f 2462/2462/2462 2466/2466/2466 2460/2460/2460
f 2462/2462/2462 2467/2467/2467 2466/2466/2466
f 2468/2468/2468 2467/2467/2467 2462/2462/2462
f 2469/2469/2469 2468/2468/2468 2462/2462/2462
f 2470/2470/2470 2465/2465/2465 2463/2463/2463
f 2470/2470/2470 2471/2471/2471 2465/2465/2465
f 2470/2470/2470 2472/2472/2472 2471/2471/2471
f 2470/2470/2470 2473/2473/2473 2472/2472/2472
f 2474/2474/2474 2473/2473/2473 2470/2470/2470
f 2474/2474/2474 2470/2470/2470 2475/2475/2475
f 2474/2474/2474 2475/2475/2475 2476/2476/2476
f 2474/2474/2474 2476/2476/2476 2477/2477/2477
f 2474/2474/2474 2478/2478/2478 2473/2473/2473
f 2474/2474/2474 2479/2479/2479 2478/2478/2478
f 2479/2479/2479 2474/2474/2474 2480/2480/2480
f 2479/2479/2479 2481/2481/2481 2478/2478/2478
f 2479/2479/2479 2482/2482/2482 2481/2481/2481
f 2479/2479/2479 2483/2483/2483 2482/2482/2482
f 2479/2479/2479 2484/2484/2484 2483/2483/2483
f 2484/2484/2484 2485/2485/2485 2483/2483/2483
f 2484/2484/2484 2486/2486/2486 2485/2485/2485
f 2484/2484/2484 2487/2487/2487 2486/2486/2486
f 2484/2484/2484 2488/2488/2488 2487/2487/2487
f 2484/2484/2484 2489/2489/2489 2488/2488/2488
f 2486/2486/2486 2490/2490/2490 2485/2485/2485
f 2485/2485/2485 2490/2490/2490 2491/2491/2491
f 2491/2491/2491 2490/2490/2490 2492/2492/2492
f 2490/2490/2490 2493/2493/2493 2492/2492/2492
f 2492/2492/2492 2493/2493/2493 2494/2494/2494
f 2493/2493/2493 2495/2495/2495 2494/2494/2494
f 2494/2494/2494 2495/2495/2495 2496/2496/2496
f 2495/2495/2495 2497/2497/2497 2496/2496/2496
f 2495/2495/2495 2498/2498/2498 2497/2497/2497
f 2497/2497/2497 2498/2498/2498 2499/2499/2499
f 2499/2499/2499 2498/2498/2498 2500/2500/2500
f 2500/2500/2500 2498/2498/2498 2501/2501/2501
f 2498/2498/2498 2502/2502/2502 2501/2501/2501
f 2498/2498/2498 2503/2503/2503 2502/2502/2502
f 2495/2495/2495 2504/2504/2504 2498/2498/2498
f 2495/2495/2495 2505/2505/2505 2504/2504/2504
f 2495/2495/2495 2506/2506/2506 2505/2505/2505
f 2506/2506/2506 2507/2507/2507 2505/2505/2505
f 2506/2506/2506 2508/2508/2508 2507/2507/2507
f 2506/2506/2506 2509/2509/2509 2508/2508/2508
f 2495/2495/2495 2510/2510/2510 2506/2506/2506
f 2510/2510/2510 2511/2511/2511 2506/2506/2506
f 2512/2512/2512 2510/2510/2510 2495/2495/2495
f 2515/2515/2515 2514/2514/2514 2513/2513/2513
f 2516/2516/2516 2515/2515/2515 2513/2513/2513
f 2519/2519/2519 2518/2518/2518 2517/2517/2517
f 2520/2520/2520 2519/2519/2519 2517/2517/2517
f 2520/2520/2520 2521/2521/2521 2519/2519/2519
f 2520/2520/2520 2522/2522/2522 2521/2521/2521
f 2523/2523/2523 2522/2522/2522 2520/2520/2520
f 2523/2523/2523 2524/2524/2524 2522/2522/2522
f 2525/2525/2525 2524/2524/2524 2523/2523/2523
f 2525/2525/2525 2526/2526/2526 2524/2524/2524
f 2527/2527/2527 2526/2526/2526 2525/2525/2525
f 2527/2527/2527 2528/2528/2528 2526/2526/2526
f 2529/2529/2529 2528/2528/2528 2527/2527/2527
f 2528/2528/2528 2529/2529/2529 2530/2530/2530
f 2528/2528/2528 2530/2530/2530 2531/2531/2531
f 2531/2531/2531 2530/2530/2530 2532/2532/2532
f 2532/2532/2532 2530/2530/2530 2533/2533/2533
f 2532/2532/2532 2533/2533/2533 2534/2534/2534
f 2534/2534/2534 2533/2533/2533 2535/2535/2535
f 2534/2534/2534 2535/2535/2535 2536/2536/2536
f 2534/2534/2534 2536/2536/2536 2537/2537/2537
f 2537/2537/2537 2536/2536/2536 2538/2538/2538
f 2537/2537/2537 2538/2538/2538 2539/2539/2539
f 2539/2539/2539 2538/2538/2538 2540/2540/2540
f 2540/2540/2540 2538/2538/2538 2541/2541/2541
f 2540/2540/2540 2541/2541/2541 2542/2542/2542
f 2540/2540/2540 2542/2542/2542 2543/2543/2543
f 2543/2543/2543 2542/2542/2542 2544/2544/2544
f 2543/2543/2543 2544/2544/2544 2545/2545/2545
f 2545/2545/2545 2544/2544/2544 2546/2546/2546
f 2545/2545/2545 2546/2546/2546 2547/2547/2547
f 2547/2547/2547 2546/2546/2546 2548/2548/2548
f 2547/2547/2547 2548/2548/2548 2549/2549/2549
f 2552/2552/2552 2551/2551/2551 2550/2550/2550
f 2551/2551/2551 2553/2553/2553 2550/2550/2550
f 2550/2550/2550 2553/2553/2553 2554/2554/2554
f 2553/2553/2553 2555/2555/2555 2554/2554/2554
f 2554/2554/2554 2555/2555/2555 2556/2556/2556
f 2554/2554/2554 2556/2556/2556 2557/2557/2557
f 2557/2557/2557 2556/2556/2556 2558/2558/2558
f 2558/2558/2558 2556/2556/2556 2559/2559/2559
f 2560/2560/2560 2558/2558/2558 2559/2559/2559
f 2561/2561/2561 2560/2560/2560 2559/2559/2559
f 2562/2562/2562 2560/2560/2560 2561/2561/2561
f 2563/2563/2563 2562/2562/2562 2561/2561/2561
f 2564/2564/2564 2562/2562/2562 2563/2563/2563
f 2565/2565/2565 2564/2564/2564 2563/2563/2563
f 2566/2566/2566 2564/2564/2564 2565/2565/2565
f 2567/2567/2567 2566/2566/2566 2565/2565/2565
f 2566/2566/2566 2567/2567/2567 2568/2568/2568
f 2566/2566/2566 2568/2568/2568 2569/2569/2569
f 2569/2569/2569 2568/2568/2568 2570/2570/2570
f 2569/2569/2569 2570/2570/2570 2571/2571/2571
f 2571/2571/2571 2570/2570/2570 2572/2572/2572
f 2571/2571/2571 2572/2572/2572 2573/2573/2573
f 2571/2571/2571 2573/2573/2573 2574/2574/2574
f 2575/2575/2575 2574/2574/2574 2573/2573/2573
f 2576/2576/2576 2575/2575/2575 2573/2573/2573
f 2577/2577/2577 2573/2573/2573 2572/2572/2572
f 2577/2577/2577 2576/2576/2576 2573/2573/2573
f 2578/2578/2578 2576/2576/2576 2577/2577/2577
f 2579/2579/2579 2578/2578/2578 2577/2577/2577
f 2580/2580/2580 2578/2578/2578 2579/2579/2579
f 2581/2581/2581 2580/2580/2580 2579/2579/2579
f 2582/2582/2582 2580/2580/2580 2581/2581/2581
f 2583/2583/2583 2582/2582/2582 2581/2581/2581
f 2584/2584/2584 2582/2582/2582 2583/2583/2583
f 2585/2585/2585 2584/2584/2584 2583/2583/2583
f 2586/2586/2586 2584/2584/2584 2585/2585/2585
f 2587/2587/2587 2586/2586/2586 2585/2585/2585
f 2588/2588/2588 2586/2586/2586 2587/2587/2587
f 2589/2589/2589 2588/2588/2588 2587/2587/2587
f 2590/2590/2590 2588/2588/2588 2589/2589/2589
f 2589/2589/2589 2591/2591/2591 2590/2590/2590
f 2592/2592/2592 2591/2591/2591 2589/2589/2589
f 2593/2593/2593 2591/2591/2591 2592/2592/2592
f 2594/2594/2594 2593/2593/2593 2592/2592/2592
f 2595/2595/2595 2593/2593/2593 2594/2594/2594
f 2596/2596/2596 2595/2595/2595 2594/2594/2594
f 2597/2597/2597 2595/2595/2595 2596/2596/2596
f 2598/2598/2598 2597/2597/2597 2596/2596/2596
f 2599/2599/2599 2597/2597/2597 2598/2598/2598
f 2600/2600/2600 2599/2599/2599 2598/2598/2598
f 2601/2601/2601 2599/2599/2599 2600/2600/2600
f 2602/2602/2602 2599/2599/2599 2601/2601/2601
f 2603/2603/2603 2602/2602/2602 2601/2601/2601
f 2604/2604/2604 2602/2602/2602 2603/2603/2603
f 2605/2605/2605 2604/2604/2604 2603/2603/2603
f 2605/2605/2605 2606/2606/2606 2604/2604/2604
f 2607/2607/2607 2606/2606/2606 2605/2605/2605
f 2607/2607/2607 2608/2608/2608 2606/2606/2606
f 2609/2609/2609 2608/2608/2608 2607/2607/2607
f 2609/2609/2609 2610/2610/2610 2608/2608/2608
f 2610/2610/2610 2609/2609/2609 2611/2611/2611
f 2610/2610/2610 2611/2611/2611 2612/2612/2612
f 2612/2612/2612 2611/2611/2611 2613/2613/2613
f 2612/2612/2612 2613/2613/2613 2614/2614/2614
f 2614/2614/2614 2613/2613/2613 2615/2615/2615
f 2614/2614/2614 2615/2615/2615 2616/2616/2616
f 2616/2616/2616 2615/2615/2615 2617/2617/2617
f 2618/2618/2618 2616/2616/2616 2617/2617/2617
f 2618/2618/2618 2617/2617/2617 2619/2619/2619
f 2618/2618/2618 2619/2619/2619 2620/2620/2620
f 2620/2620/2620 2619/2619/2619 2621/2621/2621
f 2620/2620/2620 2621/2621/2621 2622/2622/2622
f 2622/2622/2622 2621/2621/2621 2623/2623/2623
f 2622/2622/2622 2623/2623/2623 2624/2624/2624
f 2624/2624/2624 2623/2623/2623 2625/2625/2625
f 2624/2624/2624 2625/2625/2625 2626/2626/2626
f 2626/2626/2626 2625/2625/2625 2627/2627/2627
f 2626/2626/2626 2627/2627/2627 2628/2628/2628
f 2628/2628/2628 2627/2627/2627 2629/2629/2629
f 2628/2628/2628 2629/2629/2629 2630/2630/2630
f 2630/2630/2630 2629/2629/2629 2631/2631/2631
f 2630/2630/2630 2631/2631/2631 2632/2632/2632
f 2632/2632/2632 2631/2631/2631 2633/2633/2633
f 2632/2632/2632 2633/2633/2633 2634/2634/2634
f 2634/2634/2634 2633/2633/2633 2635/2635/2635
f 2634/2634/2634 2635/2635/2635 2636/2636/2636
f 2636/2636/2636 2635/2635/2635 358/358/358
f 358/358/358 2635/2635/2635 2637/2637/2637
f 2638/2638/2638 358/358/358 2637/2637/2637
f 2639/2639/2639 2638/2638/2638 2637/2637/2637
f 2638/2638/2638 2639/2639/2639 2640/2640/2640
f 2638/2638/2638 2640/2640/2640 358/358/358
f 2641/2641/2641 2640/2640/2640 2639/2639/2639
f 2642/2642/2642 2640/2640/2640 2641/2641/2641
f 2640/2640/2640 2643/2643/2643 358/358/358
f 2642/2642/2642 2643/2643/2643 2640/2640/2640
f 358/358/358 2643/2643/2643 2644/2644/2644
f 2644/2644/2644 2643/2643/2643 2642/2642/2642
f 2645/2645/2645 2644/2644/2644 2642/2642/2642
f 358/358/358 2644/2644/2644 357/357/357
f 2646/2646/2646 2644/2644/2644 2645/2645/2645
f 357/357/357 2644/2644/2644 2646/2646/2646
f 357/357/357 2646/2646/2646 2647/2647/2647
f 2646/2646/2646 2648/2648/2648 2647/2647/2647
f 2647/2647/2647 2648/2648/2648 2649/2649/2649
f 2648/2648/2648 2650/2650/2650 2649/2649/2649
f 2649/2649/2649 2650/2650/2650 2651/2651/2651
f 2650/2650/2650 2652/2652/2652 2651/2651/2651
f 2651/2651/2651 2652/2652/2652 2653/2653/2653
f 2654/2654/2654 2653/2653/2653 2652/2652/2652
f 2655/2655/2655 2653/2653/2653 2654/2654/2654
f 2656/2656/2656 2655/2655/2655 2654/2654/2654
f 2655/2655/2655 2656/2656/2656 2657/2657/2657
f 2658/2658/2658 2657/2657/2657 2656/2656/2656
f 2659/2659/2659 2657/2657/2657 2658/2658/2658
f 2660/2660/2660 2657/2657/2657 2659/2659/2659
f 2660/2660/2660 2659/2659/2659 2661/2661/2661
f 2662/2662/2662 2660/2660/2660 2661/2661/2661
f 2662/2662/2662 2661/2661/2661 2663/2663/2663
f 2664/2664/2664 2662/2662/2662 2663/2663/2663
f 2664/2664/2664 2663/2663/2663 2665/2665/2665
f 2663/2663/2663 2666/2666/2666 2665/2665/2665
f 2665/2665/2665 2666/2666/2666 2667/2667/2667
f 2666/2666/2666 2668/2668/2668 2667/2667/2667
f 2667/2667/2667 2668/2668/2668 2669/2669/2669
f 2668/2668/2668 2670/2670/2670 2669/2669/2669
f 2669/2669/2669 2670/2670/2670 2671/2671/2671
f 2669/2669/2669 2671/2671/2671 2672/2672/2672
f 2672/2672/2672 2671/2671/2671 2673/2673/2673
f 2672/2672/2672 2673/2673/2673 2674/2674/2674
f 2674/2674/2674 2673/2673/2673 2675/2675/2675
f 2674/2674/2674 2675/2675/2675 2676/2676/2676
f 2676/2676/2676 2675/2675/2675 2677/2677/2677
f 2676/2676/2676 2677/2677/2677 2678/2678/2678
f 2678/2678/2678 2677/2677/2677 2679/2679/2679
f 2678/2678/2678 2679/2679/2679 2680/2680/2680
f 2680/2680/2680 2679/2679/2679 2681/2681/2681
f 2680/2680/2680 2681/2681/2681 2682/2682/2682
f 2682/2682/2682 2681/2681/2681 2683/2683/2683
f 2684/2684/2684 2682/2682/2682 2683/2683/2683
f 2684/2684/2684 2683/2683/2683 2685/2685/2685
f 2685/2685/2685 2683/2683/2683 2686/2686/2686
f 2685/2685/2685 2686/2686/2686 2687/2687/2687
f 2685/2685/2685 2687/2687/2687 2688/2688/2688
f 2688/2688/2688 2687/2687/2687 2689/2689/2689
f 2688/2688/2688 2689/2689/2689 2690/2690/2690
f 2691/2691/2691 2690/2690/2690 2689/2689/2689
f 2691/2691/2691 2692/2692/2692 2690/2690/2690
f 2693/2693/2693 2692/2692/2692 2691/2691/2691
f 2693/2693/2693 2694/2694/2694 2692/2692/2692
f 2695/2695/2695 2694/2694/2694 2693/2693/2693
f 2696/2696/2696 2695/2695/2695 2693/2693/2693
f 2697/2697/2697 2695/2695/2695 2696/2696/2696
f 2698/2698/2698 2697/2697/2697 2696/2696/2696
f 2699/2699/2699 2697/2697/2697 2698/2698/2698
f 2700/2700/2700 2699/2699/2699 2698/2698/2698
f 2701/2701/2701 2699/2699/2699 2700/2700/2700
f 2702/2702/2702 2699/2699/2699 2701/2701/2701
f 2703/2703/2703 2702/2702/2702 2701/2701/2701
f 2704/2704/2704 2702/2702/2702 2703/2703/2703
f 2705/2705/2705 2704/2704/2704 2703/2703/2703
f 2706/2706/2706 2704/2704/2704 2705/2705/2705
f 2707/2707/2707 2706/2706/2706 2705/2705/2705
f 2708/2708/2708 2706/2706/2706 2707/2707/2707
f 2707/2707/2707 2709/2709/2709 2708/2708/2708
f 2710/2710/2710 2709/2709/2709 2707/2707/2707
f 2711/2711/2711 2709/2709/2709 2710/2710/2710
f 2712/2712/2712 2711/2711/2711 2710/2710/2710
f 2713/2713/2713 2711/2711/2711 2712/2712/2712
f 2714/2714/2714 2713/2713/2713 2712/2712/2712
f 2715/2715/2715 2713/2713/2713 2714/2714/2714
f 2716/2716/2716 2715/2715/2715 2714/2714/2714
f 2717/2717/2717 2715/2715/2715 2716/2716/2716
f 2718/2718/2718 2717/2717/2717 2716/2716/2716
f 2719/2719/2719 2717/2717/2717 2718/2718/2718
f 2720/2720/2720 2719/2719/2719 2718/2718/2718
f 2721/2721/2721 2719/2719/2719 2720/2720/2720
f 2722/2722/2722 2721/2721/2721 2720/2720/2720
f 2723/2723/2723 2721/2721/2721 2722/2722/2722
f 2724/2724/2724 2723/2723/2723 2722/2722/2722
f 2725/2725/2725 2723/2723/2723 2724/2724/2724
f 2726/2726/2726 2725/2725/2725 2724/2724/2724
f 2727/2727/2727 2724/2724/2724 2722/2722/2722
f 2726/2726/2726 2724/2724/2724 2728/2728/2728
f 2724/2724/2724 2727/2727/2727 2728/2728/2728
f 2727/2727/2727 2729/2729/2729 2728/2728/2728
f 2728/2728/2728 2729/2729/2729 2730/2730/2730
f 2729/2729/2729 2731/2731/2731 2730/2730/2730
f 2730/2730/2730 2731/2731/2731 2732/2732/2732
f 2731/2731/2731 2733/2733/2733 2732/2732/2732
f 2734/2734/2734 2732/2732/2732 2733/2733/2733
f 2735/2735/2735 2732/2732/2732 2734/2734/2734
f 2736/2736/2736 2735/2735/2735 2734/2734/2734
f 2737/2737/2737 2735/2735/2735 2736/2736/2736
f 2738/2738/2738 2737/2737/2737 2736/2736/2736
f 2739/2739/2739 2737/2737/2737 2738/2738/2738
f 2740/2740/2740 2739/2739/2739 2738/2738/2738
f 2741/2741/2741 2739/2739/2739 2740/2740/2740
f 2741/2741/2741 2740/2740/2740 2742/2742/2742
f 2743/2743/2743 2741/2741/2741 2742/2742/2742
f 2743/2743/2743 2742/2742/2742 2744/2744/2744
f 2742/2742/2742 2745/2745/2745 2744/2744/2744
f 2744/2744/2744 2745/2745/2745 2746/2746/2746
f 2744/2744/2744 2746/2746/2746 2747/2747/2747
f 2747/2747/2747 2746/2746/2746 2748/2748/2748
f 2747/2747/2747 2748/2748/2748 2749/2749/2749
f 2752/2752/2752 2751/2751/2751 2750/2750/2750
f 2752/2752/2752 2750/2750/2750 2753/2753/2753
f 2753/2753/2753 2750/2750/2750 2754/2754/2754
f 2753/2753/2753 2754/2754/2754 2755/2755/2755
f 2755/2755/2755 2754/2754/2754 2756/2756/2756
f 2754/2754/2754 2757/2757/2757 2756/2756/2756
f 2760/2760/2760 2759/2759/2759 2758/2758/2758
f 2760/2760/2760 2758/2758/2758 2761/2761/2761
f 2761/2761/2761 2758/2758/2758 2762/2762/2762
f 2761/2761/2761 2762/2762/2762 2763/2763/2763
f 2766/2766/2766 2765/2765/2765 2764/2764/2764
f 2765/2765/2765 2767/2767/2767 2764/2764/2764
f 2767/2767/2767 2768/2768/2768 2764/2764/2764
f 2764/2764/2764 2768/2768/2768 2769/2769/2769
f 2769/2769/2769 2768/2768/2768 2770/2770/2770
f 2769/2769/2769 2770/2770/2770 2771/2771/2771
f 2771/2771/2771 2770/2770/2770 2772/2772/2772
f 2765/2765/2765 2773/2773/2773 2767/2767/2767
f 2774/2774/2774 2773/2773/2773 2765/2765/2765
f 2774/2774/2774 2775/2775/2775 2773/2773/2773
f 2775/2775/2775 2776/2776/2776 2773/2773/2773
f 2771/2771/2771 2772/2772/2772 2777/2777/2777
f 2777/2777/2777 2772/2772/2772 2778/2778/2778
f 2777/2777/2777 2778/2778/2778 2779/2779/2779
f 2777/2777/2777 2779/2779/2779 2780/2780/2780
f 2778/2778/2778 2781/2781/2781 2779/2779/2779
f 2779/2779/2779 2781/2781/2781 2782/2782/2782
f 2782/2782/2782 2781/2781/2781 2783/2783/2783
f 2783/2783/2783 2781/2781/2781 2784/2784/2784
f 2787/2787/2787 2786/2786/2786 2785/2785/2785
f 2788/2788/2788 2785/2785/2785 2786/2786/2786
f 2788/2788/2788 2789/2789/2789 2785/2785/2785
f 2789/2789/2789 2788/2788/2788 2790/2790/2790
f 2791/2791/2791 2790/2790/2790 2788/2788/2788
f 2794/2794/2794 2793/2793/2793 2792/2792/2792
f 2794/2794/2794 2795/2795/2795 2793/2793/2793
f 2793/2793/2793 2797/2797/2797 2796/2796/2796
f 2798/2798/2798 2793/2793/2793 2796/2796/2796
f 2798/2798/2798 2796/2796/2796 2799/2799/2799
f 2798/2798/2798 2799/2799/2799 2800/2800/2800
f 2800/2800/2800 2799/2799/2799 2801/2801/2801
f 2800/2800/2800 2801/2801/2801 2802/2802/2802
f 2802/2802/2802 2801/2801/2801 2803/2803/2803
f 2803/2803/2803 2801/2801/2801 2804/2804/2804
f 2804/2804/2804 2805/2805/2805 2803/2803/2803
f 2805/2805/2805 2804/2804/2804 2806/2806/2806
f 2803/2803/2803 2805/2805/2805 2807/2807/2807
f 2807/2807/2807 2805/2805/2805 2808/2808/2808
f 2807/2807/2807 2808/2808/2808 2809/2809/2809
f 2808/2808/2808 2810/2810/2810 2809/2809/2809
f 2809/2809/2809 2810/2810/2810 2811/2811/2811
f 2810/2810/2810 2812/2812/2812 2811/2811/2811
f 2812/2812/2812 2813/2813/2813 2811/2811/2811
f 2811/2811/2811 2813/2813/2813 2814/2814/2814
f 2812/2812/2812 2815/2815/2815 2813/2813/2813
f 2818/2818/2818 2817/2817/2817 2816/2816/2816
f 2816/2816/2816 2817/2817/2817 2819/2819/2819
f 2816/2816/2816 2819/2819/2819 2820/2820/2820
f 2820/2820/2820 2819/2819/2819 2821/2821/2821
f 2820/2820/2820 2821/2821/2821 2822/2822/2822
f 2822/2822/2822 2821/2821/2821 2823/2823/2823
f 2826/2826/2826 2825/2825/2825 2824/2824/2824
f 2827/2827/2827 2826/2826/2826 2824/2824/2824
f 2830/2830/2830 2829/2829/2829 2828/2828/2828
f 2829/2829/2829 2831/2831/2831 2828/2828/2828
f 2828/2828/2828 2831/2831/2831 2832/2832/2832
f 2831/2831/2831 2833/2833/2833 2832/2832/2832
f 2836/2836/2836 2835/2835/2835 2834/2834/2834
f 2834/2834/2834 2835/2835/2835 2837/2837/2837
f 2837/2837/2837 2835/2835/2835 2838/2838/2838
f 2837/2837/2837 2838/2838/2838 2839/2839/2839
f 2839/2839/2839 2838/2838/2838 2840/2840/2840
f 2839/2839/2839 2840/2840/2840 2841/2841/2841
f 2839/2839/2839 2841/2841/2841 2842/2842/2842
f 2842/2842/2842 2841/2841/2841 2843/2843/2843
f 2846/2846/2846 2845/2845/2845 2844/2844/2844
f 2847/2847/2847 2846/2846/2846 2844/2844/2844
f 2848/2848/2848 2846/2846/2846 2847/2847/2847
f 2849/2849/2849 2848/2848/2848 2847/2847/2847
f 2850/2850/2850 2848/2848/2848 2849/2849/2849
f 2850/2850/2850 2851/2851/2851 2848/2848/2848
f 2851/2851/2851 2850/2850/2850 2852/2852/2852
f 2853/2853/2853 2851/2851/2851 2852/2852/2852
f 2852/2852/2852 2850/2850/2850 2854/2854/2854
f 2852/2852/2852 2854/2854/2854 2855/2855/2855
f 2855/2855/2855 2856/2856/2856 2852/2852/2852
f 2855/2855/2855 2854/2854/2854 2857/2857/2857
f 2860/2860/2860 2859/2859/2859 2858/2858/2858
f 2858/2858/2858 2859/2859/2859 2861/2861/2861
f 2859/2859/2859 2862/2862/2862 2861/2861/2861
f 2861/2861/2861 2862/2862/2862 2863/2863/2863
f 2863/2863/2863 2862/2862/2862 2864/2864/2864
f 2863/2863/2863 2864/2864/2864 2865/2865/2865
f 2865/2865/2865 2864/2864/2864 2866/2866/2866
f 2864/2864/2864 2867/2867/2867 2866/2866/2866
f 2870/2870/2870 2869/2869/2869 2868/2868/2868
f 2869/2869/2869 2871/2871/2871 2868/2868/2868
f 2869/2869/2869 2872/2872/2872 2871/2871/2871
f 2869/2869/2869 2873/2873/2873 2872/2872/2872
f 2876/2876/2876 2875/2875/2875 2874/2874/2874
f 2877/2877/2877 2876/2876/2876 2874/2874/2874
f 2878/2878/2878 2877/2877/2877 2874/2874/2874
f 2879/2879/2879 2877/2877/2877 2878/2878/2878
f 2880/2880/2880 2879/2879/2879 2878/2878/2878
f 2881/2881/2881 2879/2879/2879 2880/2880/2880
f 2882/2882/2882 2879/2879/2879 2881/2881/2881
f 2883/2883/2883 2882/2882/2882 2881/2881/2881
f 2883/2883/2883 2881/2881/2881 2884/2884/2884
f 2887/2887/2887 2886/2886/2886 2885/2885/2885
f 2886/2886/2886 2888/2888/2888 2885/2885/2885
f 2885/2885/2885 2888/2888/2888 2889/2889/2889
f 2888/2888/2888 2890/2890/2890 2889/2889/2889
f 2889/2889/2889 2890/2890/2890 2891/2891/2891
f 2890/2890/2890 2892/2892/2892 2891/2891/2891
f 2895/2895/2895 2894/2894/2894 2893/2893/2893
f 2896/2896/2896 2894/2894/2894 2895/2895/2895
f 2896/2896/2896 2897/2897/2897 2894/2894/2894
f 2897/2897/2897 2898/2898/2898 2894/2894/2894
f 2899/2899/2899 2898/2898/2898 2897/2897/2897
f 2899/2899/2899 2900/2900/2900 2898/2898/2898
f 2901/2901/2901 2900/2900/2900 2899/2899/2899
f 2901/2901/2901 2902/2902/2902 2900/2900/2900
f 2905/2905/2905 2904/2904/2904 2903/2903/2903
f 2904/2904/2904 2906/2906/2906 2903/2903/2903
f 2903/2903/2903 2906/2906/2906 2907/2907/2907
f 2906/2906/2906 2908/2908/2908 2907/2907/2907
f 2907/2907/2907 2908/2908/2908 2909/2909/2909
f 2908/2908/2908 2910/2910/2910 2909/2909/2909
f 2909/2909/2909 2910/2910/2910 2911/2911/2911
f 2910/2910/2910 2913/2913/2913 2912/2912/2912
f 2913/2913/2913 2910/2910/2910 2914/2914/2914
f 2917/2917/2917 2916/2916/2916 2915/2915/2915
f 2918/2918/2918 2917/2917/2917 2915/2915/2915
f 2918/2918/2918 2915/2915/2915 2919/2919/2919
f 505/505/505 2918/2918/2918 2919/2919/2919
f 505/505/505 2919/2919/2919 506/506/506
f 506/506/506 2919/2919/2919 2920/2920/2920
f 2919/2919/2919 2921/2921/2921 2920/2920/2920
f 2921/2921/2921 2922/2922/2922 2920/2920/2920
f 2920/2920/2920 2922/2922/2922 2923/2923/2923
f 2922/2922/2922 2924/2924/2924 2923/2923/2923
f 2923/2923/2923 2924/2924/2924 2925/2925/2925
f 2924/2924/2924 2926/2926/2926 2925/2925/2925
f 2925/2925/2925 2926/2926/2926 2927/2927/2927
f 2926/2926/2926 2928/2928/2928 2927/2927/2927
f 2928/2928/2928 2929/2929/2929 2927/2927/2927
f 2927/2927/2927 2929/2929/2929 2930/2930/2930
f 2929/2929/2929 2931/2931/2931 2930/2930/2930
f 2930/2930/2930 2931/2931/2931 2932/2932/2932
f 2931/2931/2931 2933/2933/2933 2932/2932/2932
f 2932/2932/2932 2933/2933/2933 2934/2934/2934
f 2933/2933/2933 2935/2935/2935 2934/2934/2934
f 2934/2934/2934 2935/2935/2935 2936/2936/2936
f 2935/2935/2935 2937/2937/2937 2936/2936/2936
f 2936/2936/2936 2937/2937/2937 2517/2517/2517
f 2937/2937/2937 2520/2520/2520 2517/2517/2517
f 2937/2937/2937 2938/2938/2938 2520/2520/2520
f 2938/2938/2938 2939/2939/2939 2520/2520/2520
f 2942/2942/2942 2941/2941/2941 2940/2940/2940
f 2942/2942/2942 2940/2940/2940 2943/2943/2943
f 2942/2942/2942 2943/2943/2943 2944/2944/2944
f 2943/2943/2943 2945/2945/2945 2944/2944/2944
f 2946/2946/2946 2942/2942/2942 2944/2944/2944
f 2945/2945/2945 2947/2947/2947 2944/2944/2944
f 2948/2948/2948 2946/2946/2946 2944/2944/2944
f 2947/2947/2947 2949/2949/2949 2944/2944/2944
f 2944/2944/2944 2949/2949/2949 2950/2950/2950
f 2949/2949/2949 2951/2951/2951 2950/2950/2950
f 2952/2952/2952 2948/2948/2948 2944/2944/2944
f 2952/2952/2952 2944/2944/2944 2950/2950/2950
f 2951/2951/2951 2953/2953/2953 2950/2950/2950
f 2954/2954/2954 2952/2952/2952 2950/2950/2950
f 2955/2955/2955 2954/2954/2954 2950/2950/2950
f 2953/2953/2953 2956/2956/2956 2950/2950/2950
f 2957/2957/2957 2955/2955/2955 2950/2950/2950
f 2956/2956/2956 2957/2957/2957 2950/2950/2950
f 2957/2957/2957 2956/2956/2956 2958/2958/2958
f 2957/2957/2957 2958/2958/2958 2959/2959/2959
f 2959/2959/2959 2958/2958/2958 2960/2960/2960
f 2958/2958/2958 2961/2961/2961 2960/2960/2960
f 2960/2960/2960 2961/2961/2961 2962/2962/2962
f 2961/2961/2961 2963/2963/2963 2962/2962/2962
f 2962/2962/2962 2963/2963/2963 2964/2964/2964
f 2962/2962/2962 2964/2964/2964 2965/2965/2965
f 2965/2965/2965 2964/2964/2964 2966/2966/2966
f 2967/2967/2967 2965/2965/2965 2966/2966/2966
f 2964/2964/2964 2968/2968/2968 2966/2966/2966
f 2969/2969/2969 2967/2967/2967 2966/2966/2966
f 2968/2968/2968 2970/2970/2970 2966/2966/2966
f 2971/2971/2971 2969/2969/2969 2966/2966/2966
f 2971/2971/2971 2966/2966/2966 2972/2972/2972
f 2973/2973/2973 2971/2971/2971 2972/2972/2972
f 2970/2970/2970 2974/2974/2974 2966/2966/2966
f 2966/2966/2966 2974/2974/2974 2972/2972/2972
f 2975/2975/2975 2973/2973/2973 2972/2972/2972
f 2974/2974/2974 2976/2976/2976 2972/2972/2972
f 2976/2976/2976 2977/2977/2977 2972/2972/2972
f 2977/2977/2977 2978/2978/2978 2972/2972/2972
f 2979/2979/2979 2975/2975/2975 2972/2972/2972
f 2978/2978/2978 2979/2979/2979 2972/2972/2972
f 2978/2978/2978 2980/2980/2980 2979/2979/2979
f 2980/2980/2980 2981/2981/2981 2979/2979/2979
f 2981/2981/2981 2980/2980/2980 2982/2982/2982
f 2980/2980/2980 2983/2983/2983 2982/2982/2982
f 2983/2983/2983 2984/2984/2984 2982/2982/2982
f 2984/2984/2984 2985/2985/2985 2982/2982/2982
f 2985/2985/2985 2984/2984/2984 2986/2986/2986
f 2984/2984/2984 2987/2987/2987 2986/2986/2986
f 2987/2987/2987 2984/2984/2984 2988/2988/2988
f 2989/2989/2989 2988/2988/2988 2984/2984/2984
f 2989/2989/2989 2990/2990/2990 2988/2988/2988
f 2991/2991/2991 2990/2990/2990 2989/2989/2989
f 2991/2991/2991 2992/2992/2992 2990/2990/2990
f 2993/2993/2993 2992/2992/2992 2991/2991/2991
f 2994/2994/2994 2993/2993/2993 2991/2991/2991
f 2993/2993/2993 2994/2994/2994 2995/2995/2995
f 2994/2994/2994 2996/2996/2996 2995/2995/2995
f 2994/2994/2994 2997/2997/2997 2996/2996/2996
f 2998/2998/2998 2997/2997/2997 2994/2994/2994
f 2998/2998/2998 2994/2994/2994 2999/2999/2999
f 3002/3002/3002 3001/3001/3001 3000/3000/3000
f 3003/3003/3003 3002/3002/3002 3000/3000/3000
f 3006/3006/3006 3005/3005/3005 3004/3004/3004
f 3004/3004/3004 3005/3005/3005 3007/3007/3007
f 3005/3005/3005 3008/3008/3008 3007/3007/3007
f 3007/3007/3007 3008/3008/3008 3009/3009/3009
f 3010/3010/3010 3007/3007/3007 3009/3009/3009
f 3011/3011/3011 3008/3008/3008 3005/3005/3005
f 3012/3012/3012 3011/3011/3011 3005/3005/3005
f 3013/3013/3013 3012/3012/3012 3005/3005/3005
f 3014/3014/3014 3013/3013/3013 3005/3005/3005
f 3008/3008/3008 3015/3015/3015 3009/3009/3009
f 3015/3015/3015 3016/3016/3016 3009/3009/3009
f 3016/3016/3016 3017/3017/3017 3009/3009/3009
f 3009/3009/3009 3017/3017/3017 3018/3018/3018
f 3016/3016/3016 3019/3019/3019 3017/3017/3017
f 3019/3019/3019 3020/3020/3020 3017/3017/3017
f 3019/3019/3019 3021/3021/3021 3020/3020/3020
f 3024/3024/3024 3023/3023/3023 3022/3022/3022
f 3025/3025/3025 3024/3024/3024 3022/3022/3022
f 3025/3025/3025 3022/3022/3022 3026/3026/3026
f 3026/3026/3026 3022/3022/3022 3027/3027/3027
f 3030/3030/3030 3029/3029/3029 3028/3028/3028
f 3029/3029/3029 3031/3031/3031 3028/3028/3028
f 3028/3028/3028 3031/3031/3031 3032/3032/3032
f 3028/3028/3028 3032/3032/3032 3033/3033/3033
f 3033/3033/3033 3032/3032/3032 3034/3034/3034
f 3033/3033/3033 3034/3034/3034 3035/3035/3035
f 3038/3038/3038 3037/3037/3037 3036/3036/3036
f 3038/3038/3038 3036/3036/3036 3039/3039/3039
f 3039/3039/3039 3036/3036/3036 3040/3040/3040
f 3039/3039/3039 3040/3040/3040 3041/3041/3041
f 3044/3044/3044 3043/3043/3043 3042/3042/3042
f 3044/3044/3044 3042/3042/3042 3045/3045/3045
f 3042/3042/3042 3046/3046/3046 3045/3045/3045
f 3047/3047/3047 3046/3046/3046 3042/3042/3042
f 3047/3047/3047 3048/3048/3048 3046/3046/3046
f 3048/3048/3048 3049/3049/3049 3046/3046/3046
f 3050/3050/3050 3049/3049/3049 3048/3048/3048
f 3051/3051/3051 3050/3050/3050 3048/3048/3048
f 3048/3048/3048 3052/3052/3052 3051/3051/3051
f 3048/3048/3048 3053/3053/3053 3052/3052/3052
f 3054/3054/3054 3053/3053/3053 3048/3048/3048
f 3057/3057/3057 3056/3056/3056 3055/3055/3055
f 3055/3055/3055 3056/3056/3056 3058/3058/3058
f 3055/3055/3055 3058/3058/3058 3059/3059/3059
f 3058/3058/3058 3056/3056/3056 3060/3060/3060
f 3056/3056/3056 3061/3061/3061 3060/3060/3060
f 3064/3064/3064 3063/3063/3063 3062/3062/3062
f 3064/3064/3064 3062/3062/3062 3065/3065/3065
f 3065/3065/3065 3062/3062/3062 3066/3066/3066
f 3066/3066/3066 3062/3062/3062 3067/3067/3067
f 3070/3070/3070 3069/3069/3069 3068/3068/3068
f 3070/3070/3070 3068/3068/3068 3071/3071/3071
f 3071/3071/3071 3068/3068/3068 3072/3072/3072
f 3075/3075/3075 3074/3074/3074 3073/3073/3073
f 3076/3076/3076 3075/3075/3075 3073/3073/3073
f 3077/3077/3077 3075/3075/3075 3076/3076/3076
f 3080/3080/3080 3079/3079/3079 3078/3078/3078
f 3078/3078/3078 3079/3079/3079 3081/3081/3081
f 3084/3084/3084 3083/3083/3083 3082/3082/3082
f 3085/3085/3085 3084/3084/3084 3082/3082/3082
f 3085/3085/3085 3082/3082/3082 3086/3086/3086
f 3085/3085/3085 3086/3086/3086 3087/3087/3087
f 3088/3088/3088 3085/3085/3085 3087/3087/3087
f 3088/3088/3088 3087/3087/3087 3089/3089/3089
f 3087/3087/3087 3090/3090/3090 3089/3089/3089
f 3090/3090/3090 3087/3087/3087 3091/3091/3091
f 3087/3087/3087 3092/3092/3092 3091/3091/3091
f 3087/3087/3087 3093/3093/3093 3092/3092/3092
f 3093/3093/3093 3087/3087/3087 3094/3094/3094
f 3087/3087/3087 3095/3095/3095 3094/3094/3094
f 3095/3095/3095 3087/3087/3087 3096/3096/3096
f 3096/3096/3096 3087/3087/3087 3097/3097/3097
f 3098/3098/3098 3096/3096/3096 3097/3097/3097
f 3099/3099/3099 3096/3096/3096 3098/3098/3098
f 3100/3100/3100 3099/3099/3099 3098/3098/3098
f 3103/3103/3103 3102/3102/3102 3101/3101/3101
f 3102/3102/3102 3104/3104/3104 3101/3101/3101
f 3101/3101/3101 3104/3104/3104 3105/3105/3105
f 3106/3106/3106 3104/3104/3104 3102/3102/3102
f 3106/3106/3106 3102/3102/3102 3107/3107/3107
f 3108/3108/3108 3104/3104/3104 3106/3106/3106
f 3111/3111/3111 3110/3110/3110 3109/3109/3109
f 3112/3112/3112 3110/3110/3110 3111/3111/3111
f 3115/3115/3115 3114/3114/3114 3113/3113/3113
f 3113/3113/3113 3114/3114/3114 3116/3116/3116
f 3117/3117/3117 3113/3113/3113 3116/3116/3116
f 3117/3117/3117 3116/3116/3116 3118/3118/3118
f 3118/3118/3118 3116/3116/3116 3119/3119/3119
f 3119/3119/3119 3116/3116/3116 3120/3120/3120
f 3121/3121/3121 3119/3119/3119 3120/3120/3120
f 3118/3118/3118 3122/3122/3122 3117/3117/3117
f 3117/3117/3117 3122/3122/3122 3123/3123/3123
f 3122/3122/3122 3124/3124/3124 3123/3123/3123
f 3123/3123/3123 3124/3124/3124 3125/3125/3125
f 3124/3124/3124 3126/3126/3126 3125/3125/3125
f 3125/3125/3125 3126/3126/3126 3127/3127/3127
f 3126/3126/3126 3128/3128/3128 3127/3127/3127
f 3127/3127/3127 3128/3128/3128 3129/3129/3129
f 3128/3128/3128 3130/3130/3130 3129/3129/3129
f 3129/3129/3129 3130/3130/3130 3131/3131/3131
f 3130/3130/3130 3132/3132/3132 3131/3131/3131
f 3131/3131/3131 3132/3132/3132 3133/3133/3133
f 3132/3132/3132 3134/3134/3134 3133/3133/3133
f 3133/3133/3133 3134/3134/3134 3135/3135/3135
f 3134/3134/3134 3136/3136/3136 3135/3135/3135
f 3137/3137/3137 3135/3135/3135 3136/3136/3136
f 3138/3138/3138 3135/3135/3135 3137/3137/3137
f 3138/3138/3138 3139/3139/3139 3135/3135/3135
f 3140/3140/3140 3138/3138/3138 3137/3137/3137
f 3141/3141/3141 3138/3138/3138 3140/3140/3140
f 3142/3142/3142 3138/3138/3138 3141/3141/3141
f 3142/3142/3142 3141/3141/3141 3143/3143/3143
f 3146/3146/3146 3145/3145/3145 3144/3144/3144
f 3147/3147/3147 3146/3146/3146 3144/3144/3144
f 3148/3148/3148 3146/3146/3146 3147/3147/3147
f 3148/3148/3148 3149/3149/3149 3146/3146/3146
f 3150/3150/3150 3149/3149/3149 3148/3148/3148
f 3150/3150/3150 3151/3151/3151 3149/3149/3149
f 3154/3154/3154 3153/3153/3153 3152/3152/3152
f 3154/3154/3154 3152/3152/3152 3155/3155/3155
f 3158/3158/3158 3157/3157/3157 3156/3156/3156
f 3156/3156/3156 3157/3157/3157 3159/3159/3159
f 3156/3156/3156 3159/3159/3159 3160/3160/3160
f 3160/3160/3160 3159/3159/3159 3161/3161/3161
f 3161/3161/3161 3159/3159/3159 3162/3162/3162
f 3161/3161/3161 3162/3162/3162 3163/3163/3163
f 3164/3164/3164 3161/3161/3161 3163/3163/3163
f 3167/3167/3167 3166/3166/3166 3165/3165/3165
f 3165/3165/3165 3166/3166/3166 3168/3168/3168
f 3165/3165/3165 3168/3168/3168 3169/3169/3169
f 3169/3169/3169 3168/3168/3168 3170/3170/3170
f 3169/3169/3169 3170/3170/3170 3171/3171/3171
f 3169/3169/3169 3171/3171/3171 3172/3172/3172
f 3175/3175/3175 3174/3174/3174 3173/3173/3173
f 3176/3176/3176 3175/3175/3175 3173/3173/3173
f 3175/3175/3175 3176/3176/3176 3177/3177/3177
f 3177/3177/3177 3176/3176/3176 3178/3178/3178
f 3181/3181/3181 3180/3180/3180 3179/3179/3179
f 3182/3182/3182 3181/3181/3181 3179/3179/3179
f 3183/3183/3183 3182/3182/3182 3179/3179/3179
f 3184/3184/3184 3183/3183/3183 3179/3179/3179
f 3187/3187/3187 3186/3186/3186 3185/3185/3185
f 3186/3186/3186 3188/3188/3188 3185/3185/3185
f 3189/3189/3189 3188/3188/3188 3186/3186/3186
f 3189/3189/3189 3190/3190/3190 3188/3188/3188
f 3191/3191/3191 3190/3190/3190 3189/3189/3189
f 3191/3191/3191 3192/3192/3192 3190/3190/3190
f 3195/3195/3195 3194/3194/3194 3193/3193/3193
f 3193/3193/3193 3194/3194/3194 3196/3196/3196
f 3194/3194/3194 3197/3197/3197 3196/3196/3196
f 3196/3196/3196 3197/3197/3197 3198/3198/3198
f 3198/3198/3198 3197/3197/3197 3199/3199/3199
f 3197/3197/3197 3200/3200/3200 3199/3199/3199
f 3203/3203/3203 3202/3202/3202 3201/3201/3201
f 3204/3204/3204 3202/3202/3202 3203/3203/3203
f 3205/3205/3205 3204/3204/3204 3203/3203/3203
f 3206/3206/3206 3204/3204/3204 3205/3205/3205
f 3207/3207/3207 3206/3206/3206 3205/3205/3205
f 3208/3208/3208 3206/3206/3206 3207/3207/3207
f 3211/3211/3211 3210/3210/3210 3209/3209/3209
f 3212/3212/3212 3211/3211/3211 3209/3209/3209
f 3213/3213/3213 3211/3211/3211 3212/3212/3212
f 3213/3213/3213 3214/3214/3214 3211/3211/3211
f 3215/3215/3215 3211/3211/3211 3214/3214/3214
f 3215/3215/3215 3216/3216/3216 3211/3211/3211
f 3219/3219/3219 3218/3218/3218 3217/3217/3217
f 3219/3219/3219 3220/3220/3220 3218/3218/3218
f 3221/3221/3221 3220/3220/3220 3219/3219/3219
f 3222/3222/3222 3220/3220/3220 3221/3221/3221
f 3222/3222/3222 3223/3223/3223 3220/3220/3220
f 3224/3224/3224 3223/3223/3223 3222/3222/3222
f 3225/3225/3225 3224/3224/3224 3222/3222/3222
f 3225/3225/3225 3222/3222/3222 3226/3226/3226
f 3226/3226/3226 3222/3222/3222 3227/3227/3227
f 3227/3227/3227 3222/3222/3222 3228/3228/3228
f 3229/3229/3229 3228/3228/3228 3222/3222/3222
f 3229/3229/3229 3230/3230/3230 3228/3228/3228
f 3233/3233/3233 3232/3232/3232 3231/3231/3231
f 3234/3234/3234 3233/3233/3233 3231/3231/3231
f 3237/3237/3237 3236/3236/3236 3235/3235/3235
f 3236/3236/3236 3238/3238/3238 3235/3235/3235
f 3235/3235/3235 3238/3238/3238 3239/3239/3239
f 3238/3238/3238 3240/3240/3240 3239/3239/3239
f 3239/3239/3239 3240/3240/3240 3241/3241/3241
f 3240/3240/3240 3242/3242/3242 3241/3241/3241
f 3241/3241/3241 3242/3242/3242 3243/3243/3243
f 3243/3243/3243 3242/3242/3242 3244/3244/3244
f 3244/3244/3244 3242/3242/3242 3245/3245/3245
f 3245/3245/3245 3242/3242/3242 3246/3246/3246
f 3247/3247/3247 3246/3246/3246 3242/3242/3242
f 3248/3248/3248 3247/3247/3247 3242/3242/3242
f 3249/3249/3249 3247/3247/3247 3248/3248/3248
f 3248/3248/3248 3250/3250/3250 3249/3249/3249
f 3249/3249/3249 3250/3250/3250 3251/3251/3251
f 3252/3252/3252 3251/3251/3251 3250/3250/3250
f 3252/3252/3252 3253/3253/3253 3251/3251/3251
f 3253/3253/3253 3254/3254/3254 3251/3251/3251
f 3255/3255/3255 3253/3253/3253 3252/3252/3252
f 3258/3258/3258 3257/3257/3257 3256/3256/3256
f 3259/3259/3259 3257/3257/3257 3258/3258/3258
f 3260/3260/3260 3259/3259/3259 3258/3258/3258
f 3260/3260/3260 3261/3261/3261 3259/3259/3259
f 3262/3262/3262 3261/3261/3261 3260/3260/3260
f 3263/3263/3263 3262/3262/3262 3260/3260/3260
f 3266/3266/3266 3265/3265/3265 3264/3264/3264
f 3264/3264/3264 3265/3265/3265 3267/3267/3267
f 3270/3270/3270 3269/3269/3269 3268/3268/3268
f 3271/3271/3271 3270/3270/3270 3268/3268/3268
f 3271/3271/3271 3268/3268/3268 3272/3272/3272
f 3271/3271/3271 3272/3272/3272 3273/3273/3273
f 3273/3273/3273 3272/3272/3272 3274/3274/3274
f 3272/3272/3272 3275/3275/3275 3274/3274/3274
f 3274/3274/3274 3275/3275/3275 3276/3276/3276
f 3275/3275/3275 3277/3277/3277 3276/3276/3276
f 3277/3277/3277 3278/3278/3278 3276/3276/3276
f 3278/3278/3278 3279/3279/3279 3276/3276/3276
f 3282/3282/3282 3281/3281/3281 3280/3280/3280
f 3283/3283/3283 3281/3281/3281 3282/3282/3282
f 3283/3283/3283 3282/3282/3282 3284/3284/3284
f 3284/3284/3284 3282/3282/3282 3285/3285/3285
f 3284/3284/3284 3285/3285/3285 3286/3286/3286
f 3284/3284/3284 3286/3286/3286 3287/3287/3287
f 3287/3287/3287 3286/3286/3286 3288/3288/3288
f 3287/3287/3287 3288/3288/3288 3289/3289/3289
f 3288/3288/3288 3290/3290/3290 3289/3289/3289
f 3293/3293/3293 3292/3292/3292 3291/3291/3291
f 3294/3294/3294 3291/3291/3291 3292/3292/3292
f 3296/3296/3296 3291/3291/3291 3295/3295/3295
f 3295/3295/3295 3291/3291/3291 3297/3297/3297
f 3295/3295/3295 3297/3297/3297 3298/3298/3298
f 3297/3297/3297 3299/3299/3299 3298/3298/3298
f 3298/3298/3298 3299/3299/3299 3300/3300/3300
f 3299/3299/3299 3301/3301/3301 3300/3300/3300
f 3301/3301/3301 3302/3302/3302 3300/3300/3300
f 3302/3302/3302 3303/3303/3303 3300/3300/3300
f 3303/3303/3303 3304/3304/3304 3300/3300/3300
f 3300/3300/3300 3304/3304/3304 3305/3305/3305
f 3304/3304/3304 3306/3306/3306 3305/3305/3305
f 3305/3305/3305 3306/3306/3306 3307/3307/3307
f 3306/3306/3306 3308/3308/3308 3307/3307/3307
f 3307/3307/3307 3308/3308/3308 3309/3309/3309
f 3307/3307/3307 3309/3309/3309 3310/3310/3310
f 3309/3309/3309 3311/3311/3311 3310/3310/3310
f 3310/3310/3310 3311/3311/3311 3312/3312/3312
f 3311/3311/3311 3313/3313/3313 3312/3312/3312
f 3313/3313/3313 3314/3314/3314 3312/3312/3312
f 3314/3314/3314 3315/3315/3315 3312/3312/3312
f 3315/3315/3315 3316/3316/3316 3312/3312/3312
f 3312/3312/3312 3316/3316/3316 3317/3317/3317
f 3316/3316/3316 3318/3318/3318 3317/3317/3317
f 3317/3317/3317 3318/3318/3318 3319/3319/3319
f 3318/3318/3318 3320/3320/3320 3319/3319/3319
f 3319/3319/3319 3320/3320/3320 3321/3321/3321
f 3320/3320/3320 3322/3322/3322 3321/3321/3321
f 3323/3323/3323 3322/3322/3322 3320/3320/3320
f 3324/3324/3324 3323/3323/3323 3320/3320/3320
f 3325/3325/3325 3324/3324/3324 3320/3320/3320
f 3328/3328/3328 3327/3327/3327 3326/3326/3326
f 3328/3328/3328 3329/3329/3329 3327/3327/3327
f 3330/3330/3330 3329/3329/3329 3328/3328/3328
f 3330/3330/3330 3331/3331/3331 3329/3329/3329
f 3332/3332/3332 3331/3331/3331 3330/3330/3330
f 3332/3332/3332 3333/3333/3333 3331/3331/3331
f 3334/3334/3334 3333/3333/3333 3332/3332/3332
f 3335/3335/3335 3334/3334/3334 3332/3332/3332
f 3336/3336/3336 3334/3334/3334 3335/3335/3335
f 3337/3337/3337 3336/3336/3336 3335/3335/3335
f 3338/3338/3338 3336/3336/3336 3337/3337/3337
f 3338/3338/3338 3339/3339/3339 3336/3336/3336
f 3340/3340/3340 3339/3339/3339 3338/3338/3338
f 3340/3340/3340 3341/3341/3341 3339/3339/3339
f 3342/3342/3342 3341/3341/3341 3340/3340/3340
f 3343/3343/3343 3342/3342/3342 3340/3340/3340
f 3344/3344/3344 3342/3342/3342 3343/3343/3343
f 3345/3345/3345 3344/3344/3344 3343/3343/3343
f 3346/3346/3346 3344/3344/3344 3345/3345/3345
f 3347/3347/3347 3346/3346/3346 3345/3345/3345
f 3346/3346/3346 3347/3347/3347 3348/3348/3348
f 3349/3349/3349 3346/3346/3346 3348/3348/3348
f 3349/3349/3349 3348/3348/3348 3350/3350/3350
f 3350/3350/3350 3348/3348/3348 3351/3351/3351
f 3352/3352/3352 3350/3350/3350 3351/3351/3351
f 3352/3352/3352 3353/3353/3353 3350/3350/3350
f 3354/3354/3354 3353/3353/3353 3352/3352/3352
f 3355/3355/3355 3354/3354/3354 3352/3352/3352
f 3356/3356/3356 3354/3354/3354 3355/3355/3355
f 3357/3357/3357 3356/3356/3356 3355/3355/3355
f 3356/3356/3356 3357/3357/3357 3358/3358/3358
f 3357/3357/3357 3359/3359/3359 3358/3358/3358
f 3360/3360/3360 3359/3359/3359 3357/3357/3357
f 3361/3361/3361 3360/3360/3360 3357/3357/3357
f 3362/3362/3362 3361/3361/3361 3357/3357/3357
f 3363/3363/3363 3362/3362/3362 3357/3357/3357
f 3364/3364/3364 3362/3362/3362 3363/3363/3363
f 3365/3365/3365 3364/3364/3364 3363/3363/3363
f 3365/3365/3365 3366/3366/3366 3364/3364/3364
f 3367/3367/3367 3366/3366/3366 3365/3365/3365
f 3367/3367/3367 3368/3368/3368 3366/3366/3366
f 3368/3368/3368 3369/3369/3369 3366/3366/3366
f 3369/3369/3369 3370/3370/3370 3366/3366/3366
f 3370/3370/3370 3371/3371/3371 3366/3366/3366
f 3356/3356/3356 3358/3358/3358 3372/3372/3372
f 3356/3356/3356 3372/3372/3372 3373/3373/3373
f 3374/3374/3374 3356/3356/3356 3373/3373/3373
f 3375/3375/3375 3356/3356/3356 3374/3374/3374
f 3376/3376/3376 3375/3375/3375 3374/3374/3374
f 3377/3377/3377 3376/3376/3376 3374/3374/3374
f 3378/3378/3378 3376/3376/3376 3377/3377/3377
f 3378/3378/3378 3377/3377/3377 3379/3379/3379
f 3377/3377/3377 3380/3380/3380 3379/3379/3379
f 3379/3379/3379 3380/3380/3380 3381/3381/3381
f 3380/3380/3380 3382/3382/3382 3381/3381/3381
f 3381/3381/3381 3382/3382/3382 3383/3383/3383
f 3382/3382/3382 3384/3384/3384 3383/3383/3383
f 3383/3383/3383 3384/3384/3384 3385/3385/3385
f 3384/3384/3384 3386/3386/3386 3385/3385/3385
f 3385/3385/3385 3386/3386/3386 3387/3387/3387
f 3386/3386/3386 3388/3388/3388 3387/3387/3387
f 3387/3387/3387 3388/3388/3388 3389/3389/3389
f 3388/3388/3388 3390/3390/3390 3389/3389/3389
f 3390/3390/3390 3391/3391/3391 3389/3389/3389
f 3392/3392/3392 3391/3391/3391 3390/3390/3390
f 3392/3392/3392 3393/3393/3393 3391/3391/3391
f 3393/3393/3393 3394/3394/3394 3391/3391/3391
f 3393/3393/3393 3395/3395/3395 3394/3394/3394
f 3392/3392/3392 3396/3396/3396 3393/3393/3393
f 3396/3396/3396 3397/3397/3397 3393/3393/3393
f 3392/3392/3392 3398/3398/3398 3396/3396/3396
f 3401/3401/3401 3400/3400/3400 3399/3399/3399
f 3401/3401/3401 3402/3402/3402 3400/3400/3400
f 3403/3403/3403 3402/3402/3402 3401/3401/3401
f 3400/3400/3400 3402/3402/3402 3404/3404/3404
f 3400/3400/3400 3404/3404/3404 3405/3405/3405
f 3404/3404/3404 3406/3406/3406 3405/3405/3405
f 3405/3405/3405 3406/3406/3406 3407/3407/3407
f 3403/3403/3403 3408/3408/3408 3402/3402/3402
f 3409/3409/3409 3408/3408/3408 3403/3403/3403
f 3410/3410/3410 3408/3408/3408 3409/3409/3409
f 3410/3410/3410 3411/3411/3411 3408/3408/3408
f 3412/3412/3412 3411/3411/3411 3410/3410/3410
f 3412/3412/3412 3413/3413/3413 3411/3411/3411
f 3414/3414/3414 3413/3413/3413 3412/3412/3412
f 3414/3414/3414 3415/3415/3415 3413/3413/3413
f 3416/3416/3416 3415/3415/3415 3414/3414/3414
f 3417/3417/3417 3416/3416/3416 3414/3414/3414
f 3418/3418/3418 3416/3416/3416 3417/3417/3417
f 3419/3419/3419 3418/3418/3418 3417/3417/3417
f 3420/3420/3420 3418/3418/3418 3419/3419/3419
f 3421/3421/3421 3420/3420/3420 3419/3419/3419
f 3421/3421/3421 3422/3422/3422 3420/3420/3420
f 3423/3423/3423 3422/3422/3422 3421/3421/3421
f 3424/3424/3424 3422/3422/3422 3423/3423/3423
f 3424/3424/3424 3425/3425/3425 3422/3422/3422
f 3426/3426/3426 3425/3425/3425 3424/3424/3424
f 3426/3426/3426 3427/3427/3427 3425/3425/3425
f 3428/3428/3428 3427/3427/3427 3426/3426/3426
f 3431/3431/3431 3430/3430/3430 3429/3429/3429
f 3432/3432/3432 3431/3431/3431 3429/3429/3429
f 3435/3435/3435 3434/3434/3434 3433/3433/3433
f 3436/3436/3436 3434/3434/3434 3435/3435/3435
f 3436/3436/3436 3437/3437/3437 3434/3434/3434
f 3438/3438/3438 3437/3437/3437 3436/3436/3436
f 3438/3438/3438 3439/3439/3439 3437/3437/3437
f 3440/3440/3440 3439/3439/3439 3438/3438/3438
f 3443/3443/3443 3442/3442/3442 3441/3441/3441
f 3441/3441/3441 3442/3442/3442 3444/3444/3444
f 3441/3441/3441 3444/3444/3444 3445/3445/3445
f 3441/3441/3441 3445/3445/3445 3446/3446/3446
f 3446/3446/3446 3445/3445/3445 3447/3447/3447
f 3446/3446/3446 3447/3447/3447 3448/3448/3448
f 3451/3451/3451 3450/3450/3450 3449/3449/3449
f 3452/3452/3452 3450/3450/3450 3451/3451/3451
f 3452/3452/3452 3453/3453/3453 3450/3450/3450
f 3454/3454/3454 3453/3453/3453 3452/3452/3452
f 3454/3454/3454 3455/3455/3455 3453/3453/3453
f 3456/3456/3456 3455/3455/3455 3454/3454/3454
f 3457/3457/3457 3456/3456/3456 3454/3454/3454
f 3458/3458/3458 3457/3457/3457 3454/3454/3454
f 3459/3459/3459 3458/3458/3458 3454/3454/3454
f 3462/3462/3462 3461/3461/3461 3460/3460/3460
f 3462/3462/3462 3460/3460/3460 3463/3463/3463
f 3462/3462/3462 3463/3463/3463 3464/3464/3464
f 3462/3462/3462 3464/3464/3464 3465/3465/3465
f 3468/3468/3468 3467/3467/3467 3466/3466/3466
f 3469/3469/3469 3467/3467/3467 3468/3468/3468
f 3470/3470/3470 3469/3469/3469 3468/3468/3468
f 3470/3470/3470 3468/3468/3468 3471/3471/3471
f 3474/3474/3474 3473/3473/3473 3472/3472/3472
f 3475/3475/3475 3473/3473/3473 3474/3474/3474
f 3475/3475/3475 3476/3476/3476 3473/3473/3473
f 3477/3477/3477 3476/3476/3476 3475/3475/3475
f 3477/3477/3477 3478/3478/3478 3476/3476/3476
f 3477/3477/3477 3479/3479/3479 3478/3478/3478
f 3480/3480/3480 3479/3479/3479 3477/3477/3477
f 3480/3480/3480 3481/3481/3481 3479/3479/3479
f 3479/3479/3479 3481/3481/3481 3482/3482/3482
f 3481/3481/3481 3483/3483/3483 3482/3482/3482
f 3481/3481/3481 3484/3484/3484 3483/3483/3483
f 3484/3484/3484 3485/3485/3485 3483/3483/3483
f 3483/3483/3483 3485/3485/3485 3486/3486/3486
f 3486/3486/3486 3485/3485/3485 3487/3487/3487
f 3485/3485/3485 3488/3488/3488 3487/3487/3487
f 3487/3487/3487 3488/3488/3488 3489/3489/3489
f 3488/3488/3488 3490/3490/3490 3489/3489/3489
f 3489/3489/3489 3490/3490/3490 3491/3491/3491
f 3491/3491/3491 3490/3490/3490 3492/3492/3492
f 3492/3492/3492 3490/3490/3490 3493/3493/3493
f 3496/3496/3496 3495/3495/3495 3494/3494/3494
f 3497/3497/3497 3496/3496/3496 3494/3494/3494
f 3500/3500/3500 3499/3499/3499 3498/3498/3498
f 3501/3501/3501 3500/3500/3500 3498/3498/3498
f 3502/3502/3502 3500/3500/3500 3501/3501/3501
f 3503/3503/3503 3502/3502/3502 3501/3501/3501
f 3504/3504/3504 3502/3502/3502 3503/3503/3503
f 3504/3504/3504 3505/3505/3505 3502/3502/3502
f 3508/3508/3508 3507/3507/3507 3506/3506/3506
f 3509/3509/3509 3507/3507/3507 3508/3508/3508
f 3509/3509/3509 3510/3510/3510 3507/3507/3507
f 3509/3509/3509 3511/3511/3511 3510/3510/3510
f 3511/3511/3511 3512/3512/3512 3510/3510/3510
f 3511/3511/3511 3513/3513/3513 3512/3512/3512
f 3511/3511/3511 3514/3514/3514 3513/3513/3513
f 3511/3511/3511 3515/3515/3515 3514/3514/3514
f 3511/3511/3511 3516/3516/3516 3515/3515/3515
f 3511/3511/3511 3517/3517/3517 3516/3516/3516
f 3517/3517/3517 3518/3518/3518 3516/3516/3516
f 3517/3517/3517 3519/3519/3519 3518/3518/3518
f 3519/3519/3519 3520/3520/3520 3518/3518/3518
f 3518/3518/3518 3520/3520/3520 3521/3521/3521
f 3524/3524/3524 3523/3523/3523 3522/3522/3522
f 3522/3522/3522 3523/3523/3523 3525/3525/3525
f 3522/3522/3522 3525/3525/3525 3526/3526/3526
f 3522/3522/3522 3526/3526/3526 3527/3527/3527
f 3530/3530/3530 3529/3529/3529 3528/3528/3528
f 3528/3528/3528 3529/3529/3529 3531/3531/3531
f 3531/3531/3531 3529/3529/3529 3532/3532/3532
f 3529/3529/3529 3533/3533/3533 3532/3532/3532
f 3533/3533/3533 3534/3534/3534 3532/3532/3532
f 3532/3532/3532 3534/3534/3534 3535/3535/3535
f 3535/3535/3535 3534/3534/3534 3536/3536/3536
f 3534/3534/3534 3537/3537/3537 3536/3536/3536
f 3536/3536/3536 3537/3537/3537 3538/3538/3538
f 3537/3537/3537 3539/3539/3539 3538/3538/3538
f 3538/3538/3538 3539/3539/3539 3540/3540/3540
f 3539/3539/3539 3541/3541/3541 3540/3540/3540
f 3540/3540/3540 3541/3541/3541 3542/3542/3542
f 3542/3542/3542 3541/3541/3541 3543/3543/3543
f 3541/3541/3541 3544/3544/3544 3543/3543/3543
f 3543/3543/3543 3544/3544/3544 3545/3545/3545
f 3545/3545/3545 3544/3544/3544 3546/3546/3546
f 3546/3546/3546 3544/3544/3544 3547/3547/3547
f 3548/3548/3548 3546/3546/3546 3547/3547/3547
f 3548/3548/3548 3547/3547/3547 3549/3549/3549
f 3550/3550/3550 3546/3546/3546 3548/3548/3548
f 3547/3547/3547 3551/3551/3551 3549/3549/3549
f 3550/3550/3550 3552/3552/3552 3546/3546/3546
f 3549/3549/3549 3551/3551/3551 3553/3553/3553
f 3551/3551/3551 3554/3554/3554 3553/3553/3553
f 3554/3554/3554 3555/3555/3555 3553/3553/3553
f 3553/3553/3553 3555/3555/3555 3556/3556/3556
f 3557/3557/3557 3552/3552/3552 3550/3550/3550
f 3557/3557/3557 3558/3558/3558 3552/3552/3552
f 3557/3557/3557 3559/3559/3559 3558/3558/3558
f 3556/3556/3556 3555/3555/3555 3560/3560/3560
f 3561/3561/3561 3559/3559/3559 3557/3557/3557
f 3556/3556/3556 3560/3560/3560 3562/3562/3562
f 3562/3562/3562 3559/3559/3559 3561/3561/3561
f 3562/3562/3562 3560/3560/3560 3563/3563/3563
f 3562/3562/3562 3563/3563/3563 3559/3559/3559
f 3560/3560/3560 3564/3564/3564 3563/3563/3563
f 3564/3564/3564 3560/3560/3560 3565/3565/3565
f 3560/3560/3560 3566/3566/3566 3565/3565/3565
f 3559/3559/3559 3563/3563/3563 3567/3567/3567
f 3559/3559/3559 3567/3567/3567 3568/3568/3568
f 3559/3559/3559 3568/3568/3568 3569/3569/3569
f 3559/3559/3559 3569/3569/3569 3570/3570/3570
f 3569/3569/3569 3571/3571/3571 3570/3570/3570
f 3574/3574/3574 3573/3573/3573 3572/3572/3572
f 3574/3574/3574 3572/3572/3572 3575/3575/3575
f 3575/3575/3575 3572/3572/3572 3576/3576/3576
f 3575/3575/3575 3576/3576/3576 3577/3577/3577
f 3577/3577/3577 3576/3576/3576 3578/3578/3578
f 3577/3577/3577 3578/3578/3578 3579/3579/3579
f 3579/3579/3579 3578/3578/3578 3580/3580/3580
f 3578/3578/3578 3581/3581/3581 3580/3580/3580
f 3580/3580/3580 3581/3581/3581 3582/3582/3582
f 3581/3581/3581 3583/3583/3583 3582/3582/3582
f 3582/3582/3582 3583/3583/3583 3584/3584/3584
f 3583/3583/3583 3585/3585/3585 3584/3584/3584
f 3584/3584/3584 3585/3585/3585 3586/3586/3586
f 3585/3585/3585 3587/3587/3587 3586/3586/3586
f 3586/3586/3586 3587/3587/3587 3588/3588/3588
f 3588/3588/3588 3587/3587/3587 3589/3589/3589
f 3588/3588/3588 3589/3589/3589 3590/3590/3590
f 3588/3588/3588 3590/3590/3590 3591/3591/3591
f 3591/3591/3591 3590/3590/3590 3592/3592/3592
f 3590/3590/3590 3593/3593/3593 3592/3592/3592
f 3592/3592/3592 3593/3593/3593 3594/3594/3594
f 3593/3593/3593 3595/3595/3595 3594/3594/3594
f 3598/3598/3598 3597/3597/3597 3596/3596/3596
f 3599/3599/3599 3597/3597/3597 3598/3598/3598
f 3600/3600/3600 3597/3597/3597 3599/3599/3599
f 3600/3600/3600 3601/3601/3601 3597/3597/3597
f 3597/3597/3597 3601/3601/3601 3602/3602/3602
f 3602/3602/3602 3601/3601/3601 3603/3603/3603
f 3602/3602/3602 3603/3603/3603 3604/3604/3604
f 3603/3603/3603 3605/3605/3605 3604/3604/3604
f 3605/3605/3605 3606/3606/3606 3604/3604/3604
f 3602/3602/3602 3604/3604/3604 3607/3607/3607
f 3602/3602/3602 3607/3607/3607 3608/3608/3608
f 3608/3608/3608 3607/3607/3607 3609/3609/3609
f 3609/3609/3609 3607/3607/3607 3610/3610/3610
f 3613/3613/3613 3612/3612/3612 3611/3611/3611
f 3614/3614/3614 3613/3613/3613 3611/3611/3611
f 3615/3615/3615 3613/3613/3613 3614/3614/3614
f 3615/3615/3615 3616/3616/3616 3613/3613/3613
f 3617/3617/3617 3616/3616/3616 3615/3615/3615
f 3617/3617/3617 3618/3618/3618 3616/3616/3616
f 3621/3621/3621 3620/3620/3620 3619/3619/3619
f 3621/3621/3621 3622/3622/3622 3620/3620/3620
f 3623/3623/3623 3622/3622/3622 3621/3621/3621
f 3624/3624/3624 3622/3622/3622 3623/3623/3623
f 3625/3625/3625 3622/3622/3622 3624/3624/3624
f 3625/3625/3625 3626/3626/3626 3622/3622/3622
f 3627/3627/3627 3626/3626/3626 3625/3625/3625
f 3627/3627/3627 3628/3628/3628 3626/3626/3626
f 3627/3627/3627 3625/3625/3625 3629/3629/3629
f 3630/3630/3630 3627/3627/3627 3629/3629/3629
f 3633/3633/3633 3632/3632/3632 3631/3631/3631
f 3633/3633/3633 3631/3631/3631 3634/3634/3634
f 3634/3634/3634 3631/3631/3631 3635/3635/3635
f 3634/3634/3634 3635/3635/3635 3636/3636/3636
f 3634/3634/3634 3636/3636/3636 3637/3637/3637
f 3637/3637/3637 3636/3636/3636 3638/3638/3638
f 3641/3641/3641 3640/3640/3640 3639/3639/3639
f 3639/3639/3639 3640/3640/3640 3642/3642/3642
f 3640/3640/3640 3643/3643/3643 3642/3642/3642
f 3642/3642/3642 3643/3643/3643 3644/3644/3644
f 3644/3644/3644 3643/3643/3643 3645/3645/3645
f 3644/3644/3644 3645/3645/3645 3646/3646/3646
f 3646/3646/3646 3645/3645/3645 3647/3647/3647
f 3645/3645/3645 3648/3648/3648 3647/3647/3647
f 3647/3647/3647 3648/3648/3648 3649/3649/3649
f 3649/3649/3649 3648/3648/3648 3650/3650/3650
f 3653/3653/3653 3652/3652/3652 3651/3651/3651
f 3654/3654/3654 3652/3652/3652 3653/3653/3653
f 3655/3655/3655 3654/3654/3654 3653/3653/3653
f 3656/3656/3656 3654/3654/3654 3655/3655/3655
f 3657/3657/3657 3656/3656/3656 3655/3655/3655
f 3658/3658/3658 3656/3656/3656 3657/3657/3657
f 3658/3658/3658 3657/3657/3657 3659/3659/3659
f 3660/3660/3660 3658/3658/3658 3659/3659/3659
f 3660/3660/3660 3659/3659/3659 3661/3661/3661
f 3661/3661/3661 3659/3659/3659 3662/3662/3662
f 3663/3663/3663 3661/3661/3661 3662/3662/3662
f 3664/3664/3664 3663/3663/3663 3662/3662/3662
f 3665/3665/3665 3663/3663/3663 3664/3664/3664
f 3666/3666/3666 3665/3665/3665 3664/3664/3664
f 3667/3667/3667 3665/3665/3665 3666/3666/3666
f 3668/3668/3668 3667/3667/3667 3666/3666/3666
f 3671/3671/3671 3670/3670/3670 3669/3669/3669
f 3672/3672/3672 3670/3670/3670 3671/3671/3671
f 3671/3671/3671 3673/3673/3673 3672/3672/3672
f 3674/3674/3674 3672/3672/3672 3673/3673/3673
f 3675/3675/3675 3672/3672/3672 3674/3674/3674
f 3676/3676/3676 3675/3675/3675 3674/3674/3674
f 3677/3677/3677 3675/3675/3675 3676/3676/3676
f 3678/3678/3678 3677/3677/3677 3676/3676/3676
f 3679/3679/3679 3678/3678/3678 3676/3676/3676
f 3680/3680/3680 3678/3678/3678 3679/3679/3679
f 3681/3681/3681 3680/3680/3680 3679/3679/3679
f 3680/3680/3680 3681/3681/3681 3682/3682/3682
f 3682/3682/3682 3681/3681/3681 3683/3683/3683
f 3684/3684/3684 3682/3682/3682 3683/3683/3683
f 3685/3685/3685 3684/3684/3684 3683/3683/3683
f 3686/3686/3686 3684/3684/3684 3685/3685/3685
f 3684/3684/3684 3686/3686/3686 3687/3687/3687
f 3686/3686/3686 3688/3688/3688 3687/3687/3687
f 3691/3691/3691 3690/3690/3690 3689/3689/3689
f 3690/3690/3690 3692/3692/3692 3689/3689/3689
f 3689/3689/3689 3692/3692/3692 3693/3693/3693
f 3692/3692/3692 3694/3694/3694 3693/3693/3693
f 3693/3693/3693 3694/3694/3694 3695/3695/3695
f 3694/3694/3694 3696/3696/3696 3695/3695/3695
f 3696/3696/3696 3697/3697/3697 3695/3695/3695
f 3698/3698/3698 3697/3697/3697 3696/3696/3696
f 3698/3698/3698 3699/3699/3699 3697/3697/3697
f 3700/3700/3700 3699/3699/3699 3698/3698/3698
f 3697/3697/3697 3699/3699/3699 3701/3701/3701
f 3700/3700/3700 3701/3701/3701 3699/3699/3699
f 3697/3697/3697 3701/3701/3701 3702/3702/3702
f 3700/3700/3700 3702/3702/3702 3701/3701/3701
f 3703/3703/3703 3702/3702/3702 3700/3700/3700
f 3702/3702/3702 3703/3703/3703 3704/3704/3704
f 3705/3705/3705 3703/3703/3703 3700/3700/3700
f 3703/3703/3703 3705/3705/3705 3704/3704/3704
f 3706/3706/3706 3705/3705/3705 3700/3700/3700
f 3704/3704/3704 3705/3705/3705 3706/3706/3706
f 3707/3707/3707 3704/3704/3704 3706/3706/3706
f 3708/3708/3708 3704/3704/3704 3707/3707/3707
f 3708/3708/3708 3707/3707/3707 3709/3709/3709
f 3708/3708/3708 3709/3709/3709 3710/3710/3710
f 3710/3710/3710 3709/3709/3709 3711/3711/3711
f 3710/3710/3710 3711/3711/3711 3712/3712/3712
f 3712/3712/3712 3711/3711/3711 3713/3713/3713
f 3712/3712/3712 3713/3713/3713 3714/3714/3714
f 3717/3717/3717 3716/3716/3716 3715/3715/3715
f 3717/3717/3717 3715/3715/3715 3718/3718/3718
f 3718/3718/3718 3715/3715/3715 3719/3719/3719
f 3718/3718/3718 3719/3719/3719 3720/3720/3720
f 3723/3723/3723 3722/3722/3722 3721/3721/3721
f 3722/3722/3722 3724/3724/3724 3721/3721/3721
f 3722/3722/3722 3725/3725/3725 3724/3724/3724
f 3726/3726/3726 3725/3725/3725 3722/3722/3722
f 3729/3729/3729 3728/3728/3728 3727/3727/3727
f 3728/3728/3728 3730/3730/3730 3727/3727/3727
f 3728/3728/3728 3731/3731/3731 3730/3730/3730
f 3732/3732/3732 3731/3731/3731 3728/3728/3728
f 3735/3735/3735 3734/3734/3734 3733/3733/3733
f 3733/3733/3733 3734/3734/3734 3736/3736/3736
f 3734/3734/3734 3737/3737/3737 3736/3736/3736
f 3736/3736/3736 3737/3737/3737 3738/3738/3738
f 3737/3737/3737 3739/3739/3739 3738/3738/3738
f 3737/3737/3737 3740/3740/3740 3739/3739/3739
f 3739/3739/3739 3740/3740/3740 3741/3741/3741
f 3740/3740/3740 3742/3742/3742 3741/3741/3741
f 3741/3741/3741 3742/3742/3742 3743/3743/3743
f 3743/3743/3743 3742/3742/3742 3744/3744/3744
f 3747/3747/3747 3746/3746/3746 3745/3745/3745
f 3746/3746/3746 3748/3748/3748 3745/3745/3745
f 3746/3746/3746 3749/3749/3749 3748/3748/3748
f 3752/3752/3752 3751/3751/3751 3750/3750/3750
f 3753/3753/3753 3752/3752/3752 3750/3750/3750
f 3754/3754/3754 3752/3752/3752 3753/3753/3753
f 3755/3755/3755 3754/3754/3754 3753/3753/3753
f 3756/3756/3756 3754/3754/3754 3755/3755/3755
f 3756/3756/3756 3757/3757/3757 3754/3754/3754
f 3758/3758/3758 3757/3757/3757 3756/3756/3756
f 3758/3758/3758 3759/3759/3759 3757/3757/3757
f 3759/3759/3759 3760/3760/3760 3757/3757/3757
f 3763/3763/3763 3762/3762/3762 3761/3761/3761
f 3761/3761/3761 3762/3762/3762 3764/3764/3764
f 3761/3761/3761 3764/3764/3764 3765/3765/3765
f 3765/3765/3765 3764/3764/3764 3766/3766/3766
f 3765/3765/3765 3766/3766/3766 3767/3767/3767
f 3765/3765/3765 3767/3767/3767 3768/3768/3768
f 3768/3768/3768 3767/3767/3767 3769/3769/3769
f 3768/3768/3768 3769/3769/3769 3770/3770/3770
f 3770/3770/3770 3769/3769/3769 3771/3771/3771
f 3770/3770/3770 3771/3771/3771 3772/3772/3772
f 3775/3775/3775 3774/3774/3774 3773/3773/3773
f 3773/3773/3773 3774/3774/3774 3776/3776/3776
f 3776/3776/3776 3774/3774/3774 3777/3777/3777
f 3780/3780/3780 3779/3779/3779 3778/3778/3778
f 3779/3779/3779 3781/3781/3781 3778/3778/3778
f 3778/3778/3778 3781/3781/3781 3782/3782/3782
f 3781/3781/3781 3783/3783/3783 3782/3782/3782
f 3786/3786/3786 3785/3785/3785 3784/3784/3784
f 3787/3787/3787 3786/3786/3786 3784/3784/3784
f 3788/3788/3788 3786/3786/3786 3787/3787/3787
f 3789/3789/3789 3788/3788/3788 3787/3787/3787
f 3790/3790/3790 3788/3788/3788 3789/3789/3789
f 3790/3790/3790 3789/3789/3789 3791/3791/3791
f 3792/3792/3792 3790/3790/3790 3791/3791/3791
f 3793/3793/3793 3790/3790/3790 3792/3792/3792
f 339/339/339 3795/3795/3795 3794/3794/3794
f 339/339/339 3794/3794/3794 3796/3796/3796
f 339/339/339 3796/3796/3796 3797/3797/3797
f 339/339/339 3797/3797/3797 340/340/340
f 3797/3797/3797 3798/3798/3798 340/340/340
f 340/340/340 3798/3798/3798 3799/3799/3799
f 3799/3799/3799 3798/3798/3798 3800/3800/3800
f 3798/3798/3798 3801/3801/3801 3800/3800/3800
f 3800/3800/3800 3801/3801/3801 3802/3802/3802
f 3801/3801/3801 3803/3803/3803 3802/3802/3802
f 3802/3802/3802 3803/3803/3803 3804/3804/3804
f 3803/3803/3803 3805/3805/3805 3804/3804/3804
f 3803/3803/3803 3806/3806/3806 3805/3805/3805
f 3805/3805/3805 3806/3806/3806 3807/3807/3807
f 3807/3807/3807 3806/3806/3806 3808/3808/3808
f 3808/3808/3808 3806/3806/3806 3809/3809/3809
f 3806/3806/3806 3810/3810/3810 3809/3809/3809
f 3806/3806/3806 3811/3811/3811 3810/3810/3810
f 3803/3803/3803 3812/3812/3812 3806/3806/3806
f 3803/3803/3803 3813/3813/3813 3812/3812/3812
f 3813/3813/3813 3814/3814/3814 3812/3812/3812
f 3803/3803/3803 3815/3815/3815 3813/3813/3813
f 3815/3815/3815 3816/3816/3816 3813/3813/3813
f 3815/3815/3815 3817/3817/3817 3816/3816/3816
f 3818/3818/3818 3815/3815/3815 3803/3803/3803
f 3818/3818/3818 3819/3819/3819 3815/3815/3815
f 3818/3818/3818 3820/3820/3820 3819/3819/3819
f 3823/3823/3823 3822/3822/3822 3821/3821/3821
f 3823/3823/3823 3824/3824/3824 3822/3822/3822
f 3823/3823/3823 3825/3825/3825 3824/3824/3824
f 3824/3824/3824 3825/3825/3825 3826/3826/3826
f 3823/3823/3823 3827/3827/3827 3825/3825/3825
f 3828/3828/3828 3827/3827/3827 3823/3823/3823
f 3829/3829/3829 3828/3828/3828 3823/3823/3823
f 3828/3828/3828 3830/3830/3830 3827/3827/3827
f 3831/3831/3831 3828/3828/3828 3829/3829/3829
f 3832/3832/3832 3828/3828/3828 3831/3831/3831
f 3828/3828/3828 3833/3833/3833 3830/3830/3830
f 3834/3834/3834 3828/3828/3828 3832/3832/3832
f 3828/3828/3828 3835/3835/3835 3833/3833/3833
f 3835/3835/3835 3836/3836/3836 3833/3833/3833
f 3837/3837/3837 3836/3836/3836 3835/3835/3835
f 3837/3837/3837 3838/3838/3838 3836/3836/3836
f 3837/3837/3837 2437/2437/2437 3838/3838/3838
f 3839/3839/3839 2437/2437/2437 3837/3837/3837
f 3839/3839/3839 2435/2435/2435 2437/2437/2437
f 3840/3840/3840 2435/2435/2435 3839/3839/3839
f 3840/3840/3840 3841/3841/3841 2435/2435/2435
f 3840/3840/3840 3842/3842/3842 3841/3841/3841
f 3834/3834/3834 3843/3843/3843 3828/3828/3828
f 3843/3843/3843 3844/3844/3844 3828/3828/3828
f 3843/3843/3843 3845/3845/3845 3844/3844/3844
f 3834/3834/3834 3846/3846/3846 3843/3843/3843
f 3834/3834/3834 3847/3847/3847 3846/3846/3846
f 3850/3850/3850 3849/3849/3849 3848/3848/3848
f 3372/3372/3372 3849/3849/3849 3850/3850/3850
f 3373/3373/3373 3372/3372/3372 3850/3850/3850
f 3372/3372/3372 3851/3851/3851 3849/3849/3849
f 3851/3851/3851 3852/3852/3852 3849/3849/3849
f 3852/3852/3852 3853/3853/3853 3849/3849/3849
f 3853/3853/3853 3854/3854/3854 3849/3849/3849
f 3849/3849/3849 3854/3854/3854 3855/3855/3855
f 3854/3854/3854 3856/3856/3856 3855/3855/3855
f 3855/3855/3855 3856/3856/3856 3857/3857/3857
f 3855/3855/3855 3857/3857/3857 3858/3858/3858
f 3857/3857/3857 3859/3859/3859 3858/3858/3858
f 3858/3858/3858 3859/3859/3859 3860/3860/3860
f 3858/3858/3858 3860/3860/3860 3861/3861/3861
f 3860/3860/3860 3862/3862/3862 3861/3861/3861
f 3862/3862/3862 3863/3863/3863 3861/3861/3861
f 3863/3863/3863 3864/3864/3864 3861/3861/3861
f 3861/3861/3861 3864/3864/3864 3865/3865/3865
f 3864/3864/3864 3866/3866/3866 3865/3865/3865
f 3865/3865/3865 3866/3866/3866 3867/3867/3867
f 3866/3866/3866 3868/3868/3868 3867/3867/3867
f 3867/3867/3867 3868/3868/3868 3869/3869/3869
f 3868/3868/3868 3870/3870/3870 3869/3869/3869
f 3868/3868/3868 3871/3871/3871 3870/3870/3870
f 3874/3874/3874 3873/3873/3873 3872/3872/3872
f 3873/3873/3873 3875/3875/3875 3872/3872/3872
f 3873/3873/3873 3876/3876/3876 3875/3875/3875
f 3873/3873/3873 3877/3877/3877 3876/3876/3876
f 3878/3878/3878 3877/3877/3877 3873/3873/3873
f 3878/3878/3878 3879/3879/3879 3877/3877/3877
f 3880/3880/3880 3879/3879/3879 3878/3878/3878
f 3880/3880/3880 3881/3881/3881 3879/3879/3879
f 3884/3884/3884 3883/3883/3883 3882/3882/3882
f 3885/3885/3885 3882/3882/3882 3883/3883/3883
f 3885/3885/3885 3883/3883/3883 3886/3886/3886
f 3887/3887/3887 3885/3885/3885 3886/3886/3886
f 3886/3886/3886 3883/3883/3883 3888/3888/3888
f 3886/3886/3886 3888/3888/3888 3889/3889/3889
f 3889/3889/3889 3888/3888/3888 3890/3890/3890
f 3890/3890/3890 3888/3888/3888 3891/3891/3891
f 3894/3894/3894 3893/3893/3893 3892/3892/3892
f 3895/3895/3895 3893/3893/3893 3894/3894/3894
f 3895/3895/3895 3896/3896/3896 3893/3893/3893
f 3897/3897/3897 3896/3896/3896 3895/3895/3895
f 3897/3897/3897 3898/3898/3898 3896/3896/3896
f 3899/3899/3899 3898/3898/3898 3897/3897/3897
f 3898/3898/3898 3899/3899/3899 3900/3900/3900
f 3900/3900/3900 3899/3899/3899 3901/3901/3901
f 3900/3900/3900 3901/3901/3901 3902/3902/3902
f 3902/3902/3902 3901/3901/3901 3903/3903/3903
f 3902/3902/3902 3903/3903/3903 3904/3904/3904
f 3904/3904/3904 3903/3903/3903 3905/3905/3905
f 3904/3904/3904 3905/3905/3905 3906/3906/3906
f 3906/3906/3906 3905/3905/3905 3907/3907/3907
f 3910/3910/3910 3909/3909/3909 3908/3908/3908
f 3909/3909/3909 3911/3911/3911 3908/3908/3908
f 3911/3911/3911 3909/3909/3909 3912/3912/3912
f 3912/3912/3912 3909/3909/3909 3913/3913/3913
f 3909/3909/3909 3914/3914/3914 3913/3913/3913
f 3915/3915/3915 3914/3914/3914 3909/3909/3909
f 3916/3916/3916 3914/3914/3914 3915/3915/3915
f 3917/3917/3917 3916/3916/3916 3915/3915/3915
f 3918/3918/3918 3916/3916/3916 3917/3917/3917
f 3919/3919/3919 3918/3918/3918 3917/3917/3917
f 3920/3920/3920 3918/3918/3918 3919/3919/3919
f 3921/3921/3921 3920/3920/3920 3919/3919/3919
f 3924/3924/3924 3923/3923/3923 3922/3922/3922
f 3924/3924/3924 3922/3922/3922 3925/3925/3925
f 3925/3925/3925 3922/3922/3922 3926/3926/3926
f 3925/3925/3925 3926/3926/3926 3927/3927/3927
f 3927/3927/3927 3926/3926/3926 3928/3928/3928
f 3927/3927/3927 3928/3928/3928 3929/3929/3929
f 3929/3929/3929 3928/3928/3928 3930/3930/3930
f 3929/3929/3929 3930/3930/3930 3931/3931/3931
f 3931/3931/3931 3930/3930/3930 3932/3932/3932
f 3931/3931/3931 3932/3932/3932 3933/3933/3933
f 3933/3933/3933 3932/3932/3932 3934/3934/3934
f 3933/3933/3933 3934/3934/3934 3935/3935/3935
f 3935/3935/3935 3934/3934/3934 3936/3936/3936
f 3935/3935/3935 3936/3936/3936 3937/3937/3937
f 3936/3936/3936 3938/3938/3938 3937/3937/3937
f 3936/3936/3936 3939/3939/3939 3938/3938/3938
f 3942/3942/3942 3941/3941/3941 3940/3940/3940
f 3942/3942/3942 3943/3943/3943 3941/3941/3941
f 3944/3944/3944 3943/3943/3943 3942/3942/3942
f 3944/3944/3944 3945/3945/3945 3943/3943/3943
f 3946/3946/3946 3945/3945/3945 3944/3944/3944
f 3946/3946/3946 3947/3947/3947 3945/3945/3945
f 3948/3948/3948 3947/3947/3947 3946/3946/3946
f 3948/3948/3948 3949/3949/3949 3947/3947/3947
f 3950/3950/3950 3949/3949/3949 3948/3948/3948
f 3950/3950/3950 3951/3951/3951 3949/3949/3949
f 3952/3952/3952 3951/3951/3951 3950/3950/3950
f 3951/3951/3951 3953/3953/3953 3949/3949/3949
f 3954/3954/3954 3953/3953/3953 3951/3951/3951
f 3954/3954/3954 3955/3955/3955 3953/3953/3953
f 3956/3956/3956 3955/3955/3955 3954/3954/3954
f 3959/3959/3959 3958/3958/3958 3957/3957/3957
f 3960/3960/3960 3959/3959/3959 3957/3957/3957
f 3963/3963/3963 3962/3962/3962 3961/3961/3961
f 3964/3964/3964 3962/3962/3962 3963/3963/3963
f 3962/3962/3962 3965/3965/3965 3961/3961/3961
f 3961/3961/3961 3965/3965/3965 3964/3964/3964
f 3964/3964/3964 3966/3966/3966 3962/3962/3962
f 3965/3965/3965 3966/3966/3966 3964/3964/3964
f 3969/3969/3969 3968/3968/3968 3967/3967/3967
f 3970/3970/3970 3968/3968/3968 3969/3969/3969
f 3967/3967/3967 3968/3968/3968 3971/3971/3971
f 3970/3970/3970 3972/3972/3972 3968/3968/3968
f 3967/3967/3967 3971/3971/3971 3973/3973/3973
f 3974/3974/3974 3972/3972/3972 3970/3970/3970
f 3973/3973/3973 3971/3971/3971 3975/3975/3975
f 3974/3974/3974 3976/3976/3976 3972/3972/3972
f 3973/3973/3973 3975/3975/3975 3977/3977/3977
f 3978/3978/3978 3976/3976/3976 3974/3974/3974
f 3977/3977/3977 3975/3975/3975 3979/3979/3979
f 3978/3978/3978 3980/3980/3980 3976/3976/3976
f 3981/3981/3981 3980/3980/3980 3978/3978/3978
f 3981/3981/3981 3982/3982/3982 3980/3980/3980
f 3983/3983/3983 3982/3982/3982 3981/3981/3981
f 3983/3983/3983 3984/3984/3984 3982/3982/3982
f 3977/3977/3977 3979/3979/3979 3985/3985/3985
f 3985/3985/3985 3979/3979/3979 3986/3986/3986
f 3985/3985/3985 3986/3986/3986 3987/3987/3987
f 3985/3985/3985 3987/3987/3987 3988/3988/3988
f 3988/3988/3988 3987/3987/3987 3989/3989/3989
f 3988/3988/3988 3989/3989/3989 3990/3990/3990
f 3990/3990/3990 3989/3989/3989 3991/3991/3991
f 3990/3990/3990 3991/3991/3991 3992/3992/3992
f 3992/3992/3992 3991/3991/3991 3993/3993/3993
f 3992/3992/3992 3993/3993/3993 3994/3994/3994
f 3995/3995/3995 3984/3984/3984 3983/3983/3983
f 3995/3995/3995 3996/3996/3996 3984/3984/3984
f 3995/3995/3995 3997/3997/3997 3996/3996/3996
f 3998/3998/3998 3997/3997/3997 3995/3995/3995
f 3998/3998/3998 3999/3999/3999 3997/3997/3997
f 4000/4000/4000 3999/3999/3999 3998/3998/3998
f 3994/3994/3994 3993/3993/3993 4001/4001/4001
f 4000/4000/4000 4001/4001/4001 3999/3999/3999
f 3994/3994/3994 4001/4001/4001 4002/4002/4002
f 4002/4002/4002 4001/4001/4001 4000/4000/4000
f 4005/4005/4005 4004/4004/4004 4003/4003/4003
f 4006/4006/4006 4004/4004/4004 4005/4005/4005
f 4003/4003/4003 4004/4004/4004 4007/4007/4007
f 4006/4006/4006 4008/4008/4008 4004/4004/4004
f 4003/4003/4003 4007/4007/4007 4009/4009/4009
f 4010/4010/4010 4008/4008/4008 4006/4006/4006
f 4009/4009/4009 4007/4007/4007 4011/4011/4011
f 4010/4010/4010 4012/4012/4012 4008/4008/4008
f 4009/4009/4009 4011/4011/4011 4013/4013/4013
f 4014/4014/4014 4012/4012/4012 4010/4010/4010
f 4013/4013/4013 4011/4011/4011 4015/4015/4015
f 4014/4014/4014 4016/4016/4016 4012/4012/4012
f 4017/4017/4017 4016/4016/4016 4014/4014/4014
f 4017/4017/4017 4018/4018/4018 4016/4016/4016
f 4013/4013/4013 4015/4015/4015 4019/4019/4019
f 4019/4019/4019 4015/4015/4015 4020/4020/4020
f 4019/4019/4019 4020/4020/4020 4021/4021/4021
f 4019/4019/4019 4021/4021/4021 4022/4022/4022
f 4022/4022/4022 4021/4021/4021 4023/4023/4023
f 4022/4022/4022 4023/4023/4023 4024/4024/4024
f 4024/4024/4024 4023/4023/4023 4025/4025/4025
f 4024/4024/4024 4025/4025/4025 4026/4026/4026
f 4026/4026/4026 4025/4025/4025 4027/4027/4027
f 4026/4026/4026 4027/4027/4027 4028/4028/4028
f 4028/4028/4028 4027/4027/4027 4029/4029/4029
f 4028/4028/4028 4029/4029/4029 4030/4030/4030
f 4031/4031/4031 4018/4018/4018 4017/4017/4017
f 4031/4031/4031 4032/4032/4032 4018/4018/4018
f 4031/4031/4031 4033/4033/4033 4032/4032/4032
f 4034/4034/4034 4033/4033/4033 4031/4031/4031
f 4034/4034/4034 4035/4035/4035 4033/4033/4033
f 4036/4036/4036 4035/4035/4035 4034/4034/4034
f 4030/4030/4030 4029/4029/4029 4037/4037/4037
f 4036/4036/4036 4037/4037/4037 4035/4035/4035
f 4030/4030/4030 4037/4037/4037 4038/4038/4038
f 4038/4038/4038 4037/4037/4037 4036/4036/4036
f 4041/4041/4041 4040/4040/4040 4039/4039/4039
f 4042/4042/4042 4040/4040/4040 4041/4041/4041
f 4039/4039/4039 4040/4040/4040 4043/4043/4043
f 4042/4042/4042 4044/4044/4044 4040/4040/4040
f 4039/4039/4039 4043/4043/4043 4045/4045/4045
f 4045/4045/4045 4043/4043/4043 4046/4046/4046
f 4045/4045/4045 4046/4046/4046 4047/4047/4047
f 4047/4047/4047 4046/4046/4046 4048/4048/4048
f 4047/4047/4047 4048/4048/4048 4049/4049/4049
f 4049/4049/4049 4048/4048/4048 4050/4050/4050
f 4049/4049/4049 4050/4050/4050 4051/4051/4051
f 4051/4051/4051 4050/4050/4050 4052/4052/4052
f 4051/4051/4051 4052/4052/4052 4053/4053/4053
f 4053/4053/4053 4052/4052/4052 4054/4054/4054
f 4055/4055/4055 4044/4044/4044 4042/4042/4042
f 4055/4055/4055 4056/4056/4056 4044/4044/4044
f 4055/4055/4055 4057/4057/4057 4056/4056/4056
f 4058/4058/4058 4057/4057/4057 4055/4055/4055
f 4058/4058/4058 4059/4059/4059 4057/4057/4057
f 4060/4060/4060 4059/4059/4059 4058/4058/4058
f 4060/4060/4060 4061/4061/4061 4059/4059/4059
f 4062/4062/4062 4061/4061/4061 4060/4060/4060
f 4062/4062/4062 4063/4063/4063 4061/4061/4061
f 4064/4064/4064 4063/4063/4063 4062/4062/4062
f 4064/4064/4064 4065/4065/4065 4063/4063/4063
f 4066/4066/4066 4065/4065/4065 4064/4064/4064
f 4066/4066/4066 4067/4067/4067 4065/4065/4065
f 4068/4068/4068 4067/4067/4067 4066/4066/4066
f 4068/4068/4068 4069/4069/4069 4067/4067/4067
f 4070/4070/4070 4069/4069/4069 4068/4068/4068
f 4071/4071/4071 4069/4069/4069 4070/4070/4070
f 4071/4071/4071 4072/4072/4072 4069/4069/4069
f 4073/4073/4073 4072/4072/4072 4071/4071/4071
f 4073/4073/4073 4074/4074/4074 4072/4072/4072
f 4073/4073/4073 4054/4054/4054 4074/4074/4074
f 4053/4053/4053 4054/4054/4054 4073/4073/4073
f 4077/4077/4077 4076/4076/4076 4075/4075/4075
f 4078/4078/4078 4076/4076/4076 4077/4077/4077
f 4075/4075/4075 4076/4076/4076 4079/4079/4079
f 4078/4078/4078 4080/4080/4080 4076/4076/4076
f 4075/4075/4075 4079/4079/4079 4081/4081/4081
f 4082/4082/4082 4080/4080/4080 4078/4078/4078
f 4075/4075/4075 4081/4081/4081 4083/4083/4083
f 4082/4082/4082 4084/4084/4084 4080/4080/4080
f 4083/4083/4083 4081/4081/4081 4085/4085/4085
f 4086/4086/4086 4084/4084/4084 4082/4082/4082
f 4083/4083/4083 4085/4085/4085 4087/4087/4087
f 4086/4086/4086 4088/4088/4088 4084/4084/4084
f 4087/4087/4087 4085/4085/4085 4089/4089/4089
f 4090/4090/4090 4088/4088/4088 4086/4086/4086
f 4087/4087/4087 4089/4089/4089 4091/4091/4091
f 4090/4090/4090 4092/4092/4092 4088/4088/4088
f 4091/4091/4091 4089/4089/4089 4093/4093/4093
f 4094/4094/4094 4092/4092/4092 4090/4090/4090
f 4091/4091/4091 4093/4093/4093 4095/4095/4095
f 4094/4094/4094 4096/4096/4096 4092/4092/4092
f 4095/4095/4095 4093/4093/4093 4097/4097/4097
f 4098/4098/4098 4096/4096/4096 4094/4094/4094
f 4095/4095/4095 4097/4097/4097 4099/4099/4099
f 4098/4098/4098 4100/4100/4100 4096/4096/4096
f 4099/4099/4099 4097/4097/4097 4101/4101/4101
f 4102/4102/4102 4100/4100/4100 4098/4098/4098
f 4099/4099/4099 4101/4101/4101 4103/4103/4103
f 4102/4102/4102 4104/4104/4104 4100/4100/4100
f 4103/4103/4103 4101/4101/4101 4105/4105/4105
f 4106/4106/4106 4104/4104/4104 4102/4102/4102
f 4103/4103/4103 4105/4105/4105 4107/4107/4107
f 4106/4106/4106 4108/4108/4108 4104/4104/4104
f 4107/4107/4107 4105/4105/4105 4109/4109/4109
f 4110/4110/4110 4108/4108/4108 4106/4106/4106
f 4110/4110/4110 4109/4109/4109 4108/4108/4108
f 4107/4107/4107 4109/4109/4109 4110/4110/4110
f 4113/4113/4113 4112/4112/4112 4111/4111/4111
f 4114/4114/4114 4112/4112/4112 4113/4113/4113
f 4112/4112/4112 4115/4115/4115 4111/4111/4111
f 4111/4111/4111 4115/4115/4115 4114/4114/4114
f 4114/4114/4114 4116/4116/4116 4112/4112/4112
f 4115/4115/4115 4116/4116/4116 4114/4114/4114
f 4119/4119/4119 4118/4118/4118 4117/4117/4117
f 4119/4119/4119 4117/4117/4117 4120/4120/4120
f 4121/4121/4121 4118/4118/4118 4119/4119/4119
f 4120/4120/4120 4117/4117/4117 4122/4122/4122
f 4121/4121/4121 4123/4123/4123 4118/4118/4118
f 4120/4120/4120 4122/4122/4122 4124/4124/4124
f 4125/4125/4125 4123/4123/4123 4121/4121/4121
f 4124/4124/4124 4122/4122/4122 4126/4126/4126
f 4125/4125/4125 4127/4127/4127 4123/4123/4123
f 4124/4124/4124 4126/4126/4126 4128/4128/4128
f 4129/4129/4129 4127/4127/4127 4125/4125/4125
f 4128/4128/4128 4126/4126/4126 4130/4130/4130
f 4129/4129/4129 4131/4131/4131 4127/4127/4127
f 4128/4128/4128 4130/4130/4130 4132/4132/4132
f 4133/4133/4133 4131/4131/4131 4129/4129/4129
f 4132/4132/4132 4130/4130/4130 4134/4134/4134
f 4133/4133/4133 4135/4135/4135 4131/4131/4131
f 4132/4132/4132 4134/4134/4134 4136/4136/4136
f 4137/4137/4137 4135/4135/4135 4133/4133/4133
f 4136/4136/4136 4134/4134/4134 4138/4138/4138
f 4137/4137/4137 4139/4139/4139 4135/4135/4135
f 4136/4136/4136 4138/4138/4138 4140/4140/4140
f 4141/4141/4141 4139/4139/4139 4137/4137/4137
f 4140/4140/4140 4138/4138/4138 4142/4142/4142
f 4141/4141/4141 4143/4143/4143 4139/4139/4139
f 4140/4140/4140 4142/4142/4142 4144/4144/4144
f 4145/4145/4145 4143/4143/4143 4141/4141/4141
f 4144/4144/4144 4142/4142/4142 4146/4146/4146
f 4145/4145/4145 4147/4147/4147 4143/4143/4143
f 4144/4144/4144 4146/4146/4146 4148/4148/4148
f 4149/4149/4149 4147/4147/4147 4145/4145/4145
f 4148/4148/4148 4146/4146/4146 4150/4150/4150
f 4149/4149/4149 4151/4151/4151 4147/4147/4147
f 4148/4148/4148 4150/4150/4150 4152/4152/4152
f 4152/4152/4152 4150/4150/4150 4151/4151/4151
f 4152/4152/4152 4151/4151/4151 4149/4149/4149
f 4155/4155/4155 4154/4154/4154 4153/4153/4153
f 4155/4155/4155 4153/4153/4153 4156/4156/4156
f 4157/4157/4157 4154/4154/4154 4155/4155/4155
f 4156/4156/4156 4153/4153/4153 4158/4158/4158
f 4157/4157/4157 4159/4159/4159 4154/4154/4154
f 4156/4156/4156 4158/4158/4158 4160/4160/4160
f 4161/4161/4161 4159/4159/4159 4157/4157/4157
f 4160/4160/4160 4158/4158/4158 4162/4162/4162
f 4161/4161/4161 4163/4163/4163 4159/4159/4159
f 4160/4160/4160 4162/4162/4162 4164/4164/4164
f 4165/4165/4165 4163/4163/4163 4161/4161/4161
f 4164/4164/4164 4162/4162/4162 4166/4166/4166
f 4165/4165/4165 4167/4167/4167 4163/4163/4163
f 4164/4164/4164 4166/4166/4166 4168/4168/4168
f 4169/4169/4169 4167/4167/4167 4165/4165/4165
f 4168/4168/4168 4166/4166/4166 4170/4170/4170
f 4169/4169/4169 4171/4171/4171 4167/4167/4167
f 4168/4168/4168 4170/4170/4170 4172/4172/4172
f 4173/4173/4173 4171/4171/4171 4169/4169/4169
f 4172/4172/4172 4170/4170/4170 4174/4174/4174
f 4173/4173/4173 4175/4175/4175 4171/4171/4171
f 4172/4172/4172 4174/4174/4174 4176/4176/4176
f 4177/4177/4177 4175/4175/4175 4173/4173/4173
f 4176/4176/4176 4174/4174/4174 4178/4178/4178
f 4177/4177/4177 4179/4179/4179 4175/4175/4175
f 4176/4176/4176 4178/4178/4178 4180/4180/4180
f 4181/4181/4181 4179/4179/4179 4177/4177/4177
f 4180/4180/4180 4178/4178/4178 4182/4182/4182
f 4181/4181/4181 4183/4183/4183 4179/4179/4179
f 4180/4180/4180 4182/4182/4182 4184/4184/4184
f 4185/4185/4185 4183/4183/4183 4181/4181/4181
f 4184/4184/4184 4182/4182/4182 4186/4186/4186
f 4185/4185/4185 4187/4187/4187 4183/4183/4183
f 4184/4184/4184 4186/4186/4186 4188/4188/4188
f 4188/4188/4188 4187/4187/4187 4185/4185/4185
f 4188/4188/4188 4186/4186/4186 4187/4187/4187
