g Base_parts04
v 0.0812057704 0.0712012947 0.0350000001
v 0.0841470957 0.0723896772 0.0320000015
v 0.0841470957 0.0723896772 0.0350000001
v -0.0788924769 0.0780831426 0.0350000001
v -0.0803588852 0.0765731484 0.0370000005
v -0.0849751458 0.0714158639 0.0370000005
v -0.0733970702 0.0832698643 0.0149999997
v -0.0931997597 0.0602893494 0.0240000002
v -0.0931997597 0.0602893494 0.0149999997
v 0.0110366624 -0.133544713 0
v 0.0321033746 -0.130097538 -0.000261100009
v 0.0321033746 -0.130097538 0
v -0.0265255682 -0.0808743238 0.0101132402
v -0.032718163 -0.0784507543 0.00999999978
v -0.0255119 -0.0810810849 0.00999999978
v -0.0275946688 -0.0808845684 0.0104621397
v -0.032718163 -0.0784507543 0.00999999978
v -0.0265255682 -0.0808743238 0.0101132402
v -0.0287180468 -0.0811504126 0.0110820299
v -0.032718163 -0.0784507543 0.00999999978
v -0.0298952293 -0.0817651749 0.0120589901
v -0.0309737772 -0.0827994868 0.0134032294
v -0.0377843976 -0.0816843808 0.0149999997
v -0.0317385457 -0.0842179582 0.0149999997
v -0.0396579318 -0.0751814321 0.00999999978
v -0.043629799 -0.0787174702 0.0149999997
v -0.0462746806 -0.0712997392 0.00999999978
v -0.0492437445 -0.0753329471 0.0149999997
v -0.0812057704 -0.0712012947 0.0350000001
v -0.0841470957 -0.0723896772 0.0320000015
v -0.0841470957 -0.0723896772 0.0350000001
v -0.0855046064 -0.0707810745 0.0370000005
v -0.0841470957 -0.0723896772 0.0350000001
v -0.0897498578 -0.0653143302 0.0370000005
v -0.0841470957 -0.0723896772 0.0320000015
v -0.0897498578 -0.0653143302 0.0370000005
v -0.093646124 -0.0595936179 0.0370000005
v -0.0971782953 -0.0536411926 0.0240000002
v -0.0971782953 -0.0536411926 0.0370000005
v -0.0790268853 -0.077947095 0.0149999997
v -0.0971782953 -0.0536411926 0.0149999997
v -0.0676080957 -0.0880349055 0.0320000015
v -0.0549729913 -0.096431151 0.0149999997
v -0.0482249968 -0.0999767482 0.0320000015
v -0.0268131923 -0.107712828 0.0149999997
v -0.0268131997 -0.10771282 0.0320000015
v -0.025342159 -0.107853964 0.0149999997
v -0.0257798824 -0.107857846 0.0320000015
v -0.0242272038 -0.107667208 0.0320000015
v -0.0238941237 -0.107558936 0.0149999997
v -0.0228094235 -0.10700608 0.0320000015
v -0.0225955676 -0.1068535 0.0149999997
v -0.0216653347 -0.105939195 0.0320000015
v -0.0215599444 -0.10579931 0.0149999997
v -0.0209069252 -0.104571 0.0320000015
v -0.0208776947 -0.104488447 0.0149999997
v -0.0206084326 -0.10303539 0.0320000015
v -0.0206084326 -0.10303539 0.0149999997
v -0.0203225017 -0.0948472321 0.0149999997
v -0.0203225017 -0.0948472321 0.0320000015
v -0.00906876288 -0.0965751261 0.0149999997
v 0.00230992306 -0.0969724804 0.0149999997
v 0.0136567876 -0.0960337967 0.0320000015
v 0.0136567876 -0.0960337967 0.0149999997
v 0.013370852 -0.10422197 0.0149999997
v 0.013370852 -0.10422197 0.0320000015
v 0.0135380933 -0.105690271 0.0149999997
v 0.0135614919 -0.105774656 0.0320000015
v 0.0141272442 -0.107045531 0.0149999997
v 0.0142226219 -0.107192434 0.0320000015
v 0.0150868027 -0.108169399 0.0149999997
v 0.0152895022 -0.108336516 0.0320000015
v 0.016332984 -0.108963691 0.0149999997
v 0.0166577008 -0.109094933 0.0320000015
v 0.0177569147 -0.109359011 0.0149999997
v 0.0181933064 -0.109393425 0.0320000015
v 0.0192342084 -0.109320827 0.0149999997
v 0.0192342177 -0.109320827 0.0320000015
v 0.0411335044 -0.103097208 0.0320000015
v 0.053091716 -0.0974795893 0.0149999997
v 0.0613023974 -0.0925365612 0.0320000015
v 0.081405431 -0.0754596218 0.0149999997
v 0.0788924769 -0.0780831426 0.0320000015
v 0.101218887 -0.0455602407 0.0149999997
v 0.0931997597 -0.0602893494 0.0370000005
v 0.101218887 -0.0455602407 0.0480000004
v 0.0987945795 -0.0506026745 0.0480000004
v 0.0961192697 -0.0555165261 0.0480000004
v 0.0931997597 -0.0602893494 0.0480000004
v 0.0892609879 -0.0659808815 0.0370000005
v 0.0849751458 -0.0714158639 0.0370000005
v 0.0788924769 -0.0780831426 0.0350000001
v 0.0803588852 -0.0765731484 0.0370000005
v -0.0713233054 -0.0672085136 0.0350000001
v -0.0713233054 -0.0672085136 0.0320000015
v -0.0743020549 -0.0684120134 0.0350000001
v -0.0733971968 -0.0428701565 0.0480000004
v -0.0724208504 -0.0444996543 0.0469999984
v -0.0723757744 -0.0445729308 0.0480000004
v -0.0717659518 -0.0460502058 0.0480000004
v -0.0723757744 -0.0445729308 0.0480000004
v -0.0720307156 -0.0452410467 0.0469999984
v -0.0724208504 -0.0444996543 0.0469999984
v -0.0720307156 -0.0452410467 0.0469999984
v -0.0723757744 -0.0445729308 0.0480000004
v -0.0716534182 -0.0476444289 0.0480000004
v -0.0717659518 -0.0460502058 0.0480000004
v -0.0716583431 -0.0466937162 0.0469999984
v -0.0716583431 -0.0466937162 0.0469999984
v -0.0717659518 -0.0460502058 0.0480000004
v -0.0717897713 -0.0459533483 0.0469999984
v -0.0717897713 -0.0459533483 0.0469999984
v -0.0717659518 -0.0460502058 0.0480000004
v -0.0720307156 -0.0452410467 0.0469999984
v -0.0743785575 -0.041144006 0.0480000004
v -0.0724208504 -0.0444996543 0.0469999984
v -0.0733971968 -0.0428701565 0.0480000004
v -0.0743785575 -0.041144006 0.0480000004
v -0.0753193423 -0.0393953845 0.0480000004
v -0.0724208504 -0.0444996543 0.0469999984
v -0.0713936388 0.0671338066 0.0370000005
v -0.0680163875 0.0705533177 0.0370000005
v -0.0664613396 0.0720200688 0.0350000001
v 0.0300666261 0.0922225341 0.0469999984
v 0.0280239247 0.0928636566 0.0489999987
v 0.019938292 0.0949287266 0.0489999987
v -0.0368089564 0.0929790288 -0.0149999997
v -0.0425528511 0.0904945061 -0.0259999987
v -0.0367911533 0.0929706469 -0.0260198992
v -0.0578907095 0.0815393403 -0.0171908103
v -0.0535187982 0.0844733045 -0.0259999987
v -0.0481300727 0.0876555517 -0.0259999987
v -0.0481300727 0.0876555517 -0.0259999987
v -0.0368089564 0.0929790288 -0.0149999997
v -0.0366994031 0.0930223241 -0.0138058104
v -0.0363706984 0.0931513384 -0.0126455994
v -0.0578907095 0.0815393403 -0.00300000003
v -0.035306368 0.0935599282 -0.0108549995
v -0.0337178968 0.0941440463 -0.00954130013
v -0.0432186686 0.0901784077 0
v -0.0317826644 0.0948148891 -0.00886811968
v -0.0297279134 0.0954790488 -0.00892060995
v -0.0694792718 0.0719210207 0
v -0.0771871135 0.0635778904 -0.00300000003
v -0.088632457 0.0463064462 0
v -0.0911192894 0.0411980003 -0.00300000003
v -0.0987189859 0.0159549639 0
v -0.0987189636 0.0159549732 -0.00300000003
v -0.0125370193 0.0992110074 0
v -0.0278011598 0.0960577726 -0.00969210919
v 0.000514116255 0.0999986753 -0.00954160932
v 0.0025620698 0.0999671742 -0.00886820909
v -0.00117825507 0.0999930575 -0.0108555397
v -0.0262371395 0.0964966938 -0.0110851703
v -0.00231793872 0.0999731198 -0.0126463305
v -0.0252228994 0.096766755 -0.0129270097
v -0.00267081265 0.0999643281 -0.0138066392
v 0.0194270909 0.0980947837 0
v -0.024872629 0.0968573838 -0.0149999997
v 0.00472013233 0.0998885408 -0.00892050937
v -0.0027884054 0.0999611169 -0.0149999997
v 0.00672874413 0.0997733697 -0.0096918596
v -0.0102201412 0.0994763747 -0.0259999987
v -0.00277454359 0.0999471471 -0.0260198992
v -0.0175951757 0.0984398797 -0.0259999987
v -0.0248821061 0.0968401432 -0.0260198992
v 0.0346846841 0.0937921777 -0.00954159908
v 0.036598362 0.0930621251 -0.00886820909
v 0.0330924504 0.094365716 -0.0108555304
v 0.00834870804 0.0996508747 -0.0110848602
v 0.0320146903 0.0947367996 -0.0126463193
v 0.00939429738 0.0995577574 -0.0129267294
v 0.0316800699 0.094849214 -0.0138066299
v 0.0494039245 0.0869439617 0
v 0.00975455996 0.0995231047 -0.0149999997
v 0.0385993868 0.0922501385 -0.00892050937
v 0.0404474586 0.0914549157 -0.00969186984
v 0.0315684676 0.0948864073 -0.0149999997
v 0.0634375811 0.0773024783 -0.00300002005
v 0.0743269622 0.0668991953 0
v 0.0419278331 0.0907857716 -0.0110848695
v 0.0814340636 0.058038719 -0.00300000003
v 0.0916467234 0.0400109552 0
v 0.0937711596 0.0347414725 -0.00300000003
v 0.0995914713 0.00902980287 0
v 0.0995914713 0.00902980287 -0.00300000003
v 0.063437596 0.0773024708 -0.0171906389
v 0.13377066 0.00783624128 0
v 0.13377066 0.00783624128 -0.00300000003
v 0.125691697 0.0464499518 -0.00300000003
v 0.124099255 0.0505507179 0
v 0.106718719 0.0810377374 -0.00300000003
v 0.101171531 0.0878653601 0
v 0.0784961656 0.108601786 -0.00300000003
v 0.0674366504 0.115794204 0
v 0.0434701927 0.126753077 -0.00300000003
v 0.0264981743 0.1313539 0
v 0.00467653759 0.133918375 -0.00300000003
v -0.0172708463 0.132882342 0
v -0.0345224403 0.129476637 -0.00300000003
v -0.0591949821 0.120216273 0
v -0.0707292855 0.113812864 -0.00300000003
v -0.0947959051 0.0947086886 0
v -0.100805834 0.0882846639 -0.00300000003
v -0.120270707 0.0590843 0
v -0.122145317 0.0551046208 -0.00300000003
v -0.132898182 0.017148532 0
v -0.132898182 0.017148532 -0.00300000003
v -0.0987189859 0.0159549639 0
v -0.0987189636 0.0159549732 -0.00300000003
v -0.0481300727 0.0876555517 -0.0259999987
v -0.0425528511 0.0904945061 -0.0259999987
v 0.0899037719 -0.099364534 0
v 0.0899037719 -0.099364534 -0.000261100009
v 0.110619903 -0.0756256208 0
v 0.0713233054 0.0672085136 0.0350000001
v 0.0713233054 0.0672085136 0.0320000015
v 0.0743020549 0.0684120134 0.0350000001
v -0.0335473679 0.0835139155 0.0149999997
v -0.0258914195 0.0867115408 0.0149999997
v -0.0257864855 0.0862267762 0.0149999997
v -0.0259478111 0.0872042999 0.0149999997
v -0.0259551182 0.0877002329 0.0149999997
v -0.0257153604 0.0945659503 0.0149999997
v -0.0454065204 0.0868461132 0.0149999997
v -0.0410283022 0.0801041573 0.0149999997
v -0.048166886 0.0760259777 0.0149999997
v -0.0629827306 0.0750811249 0.0149999997
v -0.0523161627 0.0732326359 0.0149999997
v -0.0442729779 0.0605384447 0.0149999997
v -0.0401385911 0.0633552894 0.0149999997
v -0.058628872 0.0682836398 0.0149999997
v -0.0644758418 0.0627922267 0.0149999997
v -0.0776253045 0.0598189943 0.0149999997
v -0.0751632601 0.0584666096 0.0149999997
v -0.0725427568 0.0574549176 0.0149999997
v -0.0698106661 0.0568020232 0.0149999997
v -0.0257864855 0.0862267762 0.0149999997
v -0.0251284745 0.0847673938 0.0134135298
v -0.0335473679 0.0835139155 0.0149999997
v -0.0271660108 0.0805419609 0.00999999978
v -0.0241343211 0.0836641267 0.0120755602
v -0.0230123587 0.0829672068 0.0110995099
v -0.0218880977 0.0826129764 0.0104633998
v -0.0208127517 0.0825278461 0.0101117892
v -0.0197938178 0.0826631933 0.00999999978
v -0.0343169384 0.0777646899 0.00999999978
v -0.0410283022 0.0801041573 0.0149999997
v -0.0411883444 0.0743540153 0.00999999978
v -0.048166886 0.0760259777 0.0149999997
v -0.0401385911 0.0633552894 0.0149999997
v -0.0358256064 0.0658902526 0.00999999978
v -0.0257580839 0.0861254707 0.0485669412
v -0.0251284745 0.0847673938 0.0134135298
v -0.0257864855 0.0862267762 0.0149999997
v -0.025128264 0.0847670659 0.0499025173
v -0.0242325701 0.083747074 0.050890632
v -0.0241343211 0.0836641267 0.0120755602
v -0.023222005 0.083067596 0.0515344292
v -0.0230123587 0.0829672068 0.0110995099
v -0.0221799631 0.0826773047 0.0518881083
v -0.0218880977 0.0826129764 0.0104633998
v -0.0211326666 0.0825287774 0.0519999973
v -0.0208127517 0.0825278461 0.0101117892
v -0.020682944 0.0825333223 0.0519999973
v -0.0202354603 0.0825782493 0.0519999973
v -0.0197938178 0.0826631933 0.00999999978
v -0.0197938178 0.0826631933 0.0519999973
v -0.00467867358 0.0848711506 0.0519999973
v 0.0255119 0.0810810849 0.00999999978
v 0.0105875852 0.0843380317 0.0519999973
v 0.0255119 0.0810810849 0.0519999973
v 0.0259465352 0.0809655339 0.0519999973
v 0.0265188012 0.0808750167 0.0101117697
v 0.0263897944 0.0808895007 0.0519999973
v 0.0268380996 0.0808536112 0.0519999973
v 0.0275974609 0.0808848813 0.0104633495
v 0.0278932136 0.080928728 0.0518881083
v 0.0287437271 0.0811598077 0.0110994596
v 0.0289599411 0.0812453628 0.0515344292
v 0.0299117174 0.0817768425 0.0120756198
v 0.0300154462 0.0818526894 0.050890632
v 0.0309804026 0.0828081146 0.0134136193
v 0.0309801102 0.0828077197 0.0499025173
v 0.0317031406 0.0841188803 0.0485669412
v 0.0317385457 0.0842179582 0.0149999997
v 0.0318770446 0.0846942142 0.0149999997
v 0.0320095494 0.0856760666 0.0469999984
v 0.0319676735 0.0851818472 0.0149999997
v 0.0320095494 0.0856760666 0.0149999997
v 0.032134898 0.0892655924 0.0320000015
v 0.032134898 0.0892655924 0.0469999984
v 0.0322493054 0.0925417766 0.0149999997
v 0.0300666261 0.0922225341 0.0341702104
v 0.0322493054 0.0925417766 0.0320000015
v 0.046574343 0.0862254724 0.0320000015
v 0.0300666261 0.0922225341 0.0469999984
v 0.0562330373 0.0802611038 0.0149999997
v 0.0597107597 0.0777085871 0.0320000015
v 0.0292455312 0.0924862102 0.0350000001
v 0.0713233054 0.0672085136 0.0320000015
v 0.0272757951 0.0930861458 0.0350000001
v 0.0252937619 0.0936441422 0.0350000001
v 0.0233003236 0.0941599458 0.0350000001
v 0.019938292 0.0949287266 0.0489999987
v 0.0117050959 0.096291177 0.0489999987
v 0.0203225017 0.0948472321 0.0320000015
v 0.0759657249 0.0619129129 0.0149999997
v 0.00338525278 0.0969409049 0.0489999987
v 0.0816589594 0.0541831478 0.0370000005
v 0.089955613 0.0388842784 0.0149999997
v 0.0788864419 0.0581457615 0.0370000005
v 0.0759217963 0.0619667694 0.0370000005
v 0.0713233054 0.0672085136 0.0350000001
v 0.072772257 0.0656368658 0.0370000005
v -0.0136567876 0.0960337967 0.0320000015
v -0.00495964056 0.0968731195 0.0489999987
v -0.0166753046 0.0955559164 0.0350000001
v -0.0132678319 0.09608832 0.0489999987
v -0.0235602707 0.0940952301 0.0469999984
v -0.0186998583 0.0951804295 0.0350000001
v -0.0207159873 0.0947620496 0.0350000001
v -0.0227227844 0.0943009704 0.0350000001
v -0.0235602707 0.0940952301 0.0341702104
v -0.0214778222 0.0945922956 0.0489999987
v -0.0234909598 0.0941125527 0.0475113913
v -0.0232788697 0.0941652432 0.0480036288
v -0.0228232145 0.0942767188 0.0485261679
v -0.0221990719 0.0944256261 0.0488760807
v -0.00230992306 0.0969724804 0.0149999997
v -0.0136567876 0.0960337967 0.0149999997
v 0.00906876288 0.0965751261 0.0149999997
v 0.0203225017 0.0948472321 0.0149999997
v -0.0166753046 0.0955559164 0.0350000001
v -0.0163690224 0.104326494 0.0350000001
v -0.0136567876 0.0960337967 0.0320000015
v -0.013370852 0.10422197 0.0320000015
v -0.0164452363 0.104947612 0.0350000001
v -0.0135614919 0.105774656 0.0320000015
v -0.0167096667 0.105514765 0.0350000001
v -0.0142226219 0.107192434 0.0320000015
v -0.0171364304 0.105972439 0.0350000001
v -0.0152895022 0.108336516 0.0320000015
v -0.0176837351 0.106275834 0.0350000001
v -0.0166577008 0.109094933 0.0320000015
v -0.0182980113 0.106395252 0.0350000001
v -0.0181933064 0.109393425 0.0320000015
v -0.0185416788 0.10939344 0.0320000015
v -0.0184373893 0.106395259 0.0350000001
v -0.018889213 0.109369218 0.0320000015
v -0.0185764208 0.106385559 0.0350000001
v -0.0192342177 0.109320827 0.0320000015
v -0.0187144522 0.106366202 0.0350000001
v -0.0397066623 0.100435957 0.0350000001
v -0.0411334969 0.103097208 0.0320000015
v -0.05907901 0.0904083401 0.0350000001
v -0.0613023974 0.0925365612 0.0320000015
v -0.0760411918 0.0766924769 0.0350000001
v -0.0788924769 0.0780831426 0.0320000015
v -0.0788924769 0.0780831426 0.0350000001
v -0.0849751458 0.0714158639 0.0370000005
v -0.0892609879 0.0659808815 0.0370000005
v -0.0931997597 0.0602893494 0.0240000002
v -0.0931997597 0.0602893494 0.0370000005
v -0.0733970702 0.0832698643 0.0149999997
v -0.0613023974 0.0925365612 0.0320000015
v -0.0481123812 0.100030981 0.0149999997
v -0.0411334969 0.103097208 0.0320000015
v -0.0192342084 0.109320827 0.0149999997
v -0.0192342177 0.109320827 0.0320000015
v -0.018889213 0.109369218 0.0320000015
v -0.0185416788 0.10939344 0.0320000015
v -0.0177569147 0.109359011 0.0149999997
v -0.0181933064 0.109393425 0.0320000015
v -0.0166577008 0.109094933 0.0320000015
v -0.016332984 0.108963691 0.0149999997
v -0.0152895022 0.108336516 0.0320000015
v -0.0150868027 0.108169399 0.0149999997
v -0.0142226219 0.107192434 0.0320000015
v -0.0141272442 0.107045531 0.0149999997
v -0.0135614919 0.105774656 0.0320000015
v -0.0135380933 0.105690271 0.0149999997
v -0.013370852 0.10422197 0.0320000015
v -0.013370852 0.10422197 0.0149999997
v -0.0136567876 0.0960337967 0.0149999997
v -0.0136567876 0.0960337967 0.0320000015
v -0.0225780997 0.0984440371 0.0350000001
v -0.0257153604 0.0945659503 0.0320000015
v -0.0395709574 0.0929254517 0.0350000001
v -0.0404461026 0.0892642885 0.0320000015
v -0.0553255491 0.0844990164 0.0350000001
v -0.0541446283 0.0816845 0.0320000015
v -0.0664613396 0.0720200688 0.0320000015
v -0.0693488792 0.0734284073 0.0350000001
v -0.0664613396 0.0720200688 0.0350000001
v -0.0713936388 0.0671338066 0.0370000005
v -0.0745991841 0.0635528266 0.0370000005
v -0.0776253045 0.0598189943 0.0370000005
v -0.0776253045 0.0598189943 0.0149999997
v -0.0775845349 0.0597929657 0.0370000005
v -0.0775436983 0.0597670302 0.0370000005
v -0.0775027946 0.059741199 0.0370000005
v -0.0629827306 0.0750811249 0.0149999997
v -0.0541446283 0.0816845 0.0320000015
v -0.0454065204 0.0868461132 0.0149999997
v -0.0404461026 0.0892642885 0.0320000015
v -0.0257153604 0.0945659503 0.0149999997
v -0.0257153604 0.0945659503 0.0320000015
v -0.0258297622 0.0912897736 0.0320000015
v -0.0259551182 0.0877002329 0.0149999997
v -0.0751632601 0.0584666096 0.0149999997
v -0.0259551182 0.0877002329 0.0469999984
v -0.0258297622 0.0912897736 0.0469999984
v -0.0259478111 0.0872042999 0.0149999997
v -0.0258914195 0.0867115408 0.0149999997
v -0.0257580839 0.0861254707 0.0485669412
v -0.0257864855 0.0862267762 0.0149999997
v -0.0718374699 0.0572490431 0.0419999957
v -0.0725427568 0.0574549176 0.0149999997
v -0.0698106661 0.0568020232 0.0149999997
v -0.0702585205 0.0568828098 0.0419999957
v -0.0686560124 0.0566394515 0.0419999957
v -0.0670395195 0.0565204099 0.0419999957
v -0.0633045584 0.0567233115 0.00999999978
v -0.0633575395 0.0567157306 0.0419999957
v -0.0597664826 0.0575520061 0.0419999957
v -0.0563770458 0.0590034649 0.0419999957
v -0.0596278943 0.0575977638 -9.66299922E-05
v -0.0563770458 0.0590034649 -0.00139252003
v -0.0633045584 0.0567233115 0.00200000009
v -0.060240183 0.0599676482 0.00200000009
v -0.060240183 0.0599676482 0.00999999978
v -0.0570097715 0.0630466938 0.00999999978
v -0.0570097715 0.0630466938 0.00200000009
v -0.0536222123 0.0659519434 0.00999999978
v -0.0536222123 0.0659519434 0.00200000009
v -0.0490576215 0.0587478727 0.00999999978
v -0.0509262159 0.0616969988 -0.00300000003
v -0.052003786 0.0607914925 -0.00300000003
v -0.0570097715 0.0630466938 0.00200000009
v -0.053065259 0.0598671697 -0.00300000003
v -0.0490576215 0.0587478727 -0.00300000003
v -0.0563770458 0.0590034649 -0.00139252003
v -0.0541103072 0.0589243099 -0.00300000003
v -0.060240183 0.0599676482 0.00200000009
v -0.0596278943 0.0575977638 -9.66299922E-05
v -0.0633045584 0.0567233115 0.00200000009
v -0.0563770458 0.0590034649 -0.00139252003
v -0.0541103072 0.0589243099 -0.00300000003
v -0.0563770458 0.0590034649 0.0419999957
v -0.046725262 0.058666423 0.0119265793
v -0.046725262 0.058666423 0.0419999957
v -0.0235602707 0.0940952301 0.0341702104
v -0.0225780997 0.0984440371 0.0350000001
v -0.0227227844 0.0943009704 0.0350000001
v -0.0257153604 0.0945659503 0.0320000015
v -0.0258297622 0.0912897736 0.0320000015
v -0.0227227844 0.0943009704 0.0350000001
v -0.0225780997 0.0984440371 0.0350000001
v -0.0207159873 0.0947620496 0.0350000001
v -0.0186998583 0.0951804295 0.0350000001
v -0.0166753046 0.0955559164 0.0350000001
v -0.0163690224 0.104326494 0.0350000001
v -0.0187144522 0.106366202 0.0350000001
v -0.0164452363 0.104947612 0.0350000001
v -0.0167096667 0.105514765 0.0350000001
v -0.0171364304 0.105972439 0.0350000001
v -0.0176837351 0.106275834 0.0350000001
v -0.0397066623 0.100435957 0.0350000001
v -0.0185764208 0.106385559 0.0350000001
v -0.0182980113 0.106395252 0.0350000001
v -0.0184373893 0.106395259 0.0350000001
v -0.0395709574 0.0929254517 0.0350000001
v -0.05907901 0.0904083401 0.0350000001
v -0.0553255491 0.0844990164 0.0350000001
v -0.0693488792 0.0734284073 0.0350000001
v -0.0760411918 0.0766924769 0.0350000001
v -0.00230992306 0.0969724804 0.0149999997
v -0.0136567876 0.0960337967 0.0149999997
v -0.013370852 0.10422197 0.0149999997
v -0.0135380933 0.105690271 0.0149999997
v -0.0141272442 0.107045531 0.0149999997
v 0.0215599444 0.10579931 0.0149999997
v 0.00906876288 0.0965751261 0.0149999997
v -0.0150868027 0.108169399 0.0149999997
v 0.0208776947 0.104488447 0.0149999997
v 0.0206084326 0.10303539 0.0149999997
v 0.0203225017 0.0948472321 0.0149999997
v 0.0225955676 0.1068535 0.0149999997
v 0.0299392268 0.140853196 0.0149999997
v 0.0238941237 0.107558936 0.0149999997
v 0.025342159 0.107853964 0.0149999997
v 0.0268131923 0.107712828 0.0149999997
v -0.0200409647 0.14259854 0.0149999997
v 0.0763083026 0.122118883 0.0149999997
v 0.0597622208 0.0935386345 0.0149999997
v 0.0864709243 0.0695972517 0.0149999997
v 0.113473482 0.088655211 0.0149999997
v -0.016332984 0.108963691 0.0149999997
v 0.104150444 0.0383885875 0.0149999997
v -0.0177569147 0.109359011 0.0149999997
v -0.0192342084 0.109320827 0.0149999997
v -0.0481123812 0.100030981 0.0149999997
v -0.0676039308 0.127144411 0.0149999997
v -0.0733970702 0.0832698643 0.0149999997
v -0.107012868 0.0963547751 0.0149999997
v -0.0931997597 0.0602893494 0.0149999997
v -0.121434473 0.0612753294 0.0149999997
v -0.122885488 0.0611126833 0.0149999997
v -0.124227643 0.0605377816 0.0149999997
v -0.125346497 0.0595996641 0.0149999997
v -0.133514494 0.053943336 0.0149999997
v -0.126146629 0.0583783127 0.0149999997
v -0.127869472 0.0545013212 0.0149999997
v -0.129473209 0.0505735725 0.0149999997
v -0.130956337 0.0465986989 0.0149999997
v -0.143912315 0.00502552511 0.0149999997
v -0.12600337 0.00823269319 0.0149999997
v -0.124470152 0.00904791802 0.0149999997
v -0.113962151 0.0210071988 0.0149999997
v -0.127165318 0.006942234 0.0149999997
v -0.127815813 0.00533220265 0.0149999997
v -0.127876416 0.00359677314 0.0149999997
v -0.127339795 0.00194528094 0.0149999997
v -0.126270726 0.000576915743 0.0149999997
v -0.114395402 0.0196345542 0.0149999997
v -0.113155812 0.0221995357 0.0149999997
v -0.122750565 0.00928959344 0.0149999997
v -0.114916191 0.0161161516 0.0149999997
v -0.115335852 0.0125842616 0.0149999997
v -0.115654044 0.00904177688 0.0149999997
v -0.112043224 0.0231127534 0.0149999997
v -0.110716566 0.0236711837 0.0149999997
v -0.109285802 0.0238285307 0.0149999997
v -0.133887872 -0.0373501331 0.0149999997
v -0.136952162 -0.0444984287 0.0149999997
v -0.124798082 -0.000343284599 0.0149999997
v -0.132685661 -0.0414187759 0.0149999997
v -0.115149938 -0.0130064292 0.0149999997
v -0.131359816 -0.0454488397 0.0149999997
v -0.129911602 -0.0494365692 0.0149999997
v -0.129198626 -0.0507107489 0.0149999997
v -0.113473572 -0.0886552185 0.0149999997
v -0.128147945 -0.0517246313 0.0149999997
v -0.12684916 -0.0523917489 0.0149999997
v -0.12541303 -0.0526552238 0.0149999997
v -0.0971782953 -0.0536411926 0.0149999997
v -0.0790268853 -0.077947095 0.0149999997
v -0.0763083994 -0.122118883 0.0149999997
v -0.0549729913 -0.096431151 0.0149999997
v -0.0299393199 -0.140853196 0.0149999997
v -0.0268131923 -0.107712828 0.0149999997
v -0.025342159 -0.107853964 0.0149999997
v -0.0238941237 -0.107558936 0.0149999997
v -0.0225955676 -0.1068535 0.0149999997
v 0.0200408734 -0.142598554 0.0149999997
v 0.0150868027 -0.108169399 0.0149999997
v -0.0215599444 -0.10579931 0.0149999997
v 0.016332984 -0.108963691 0.0149999997
v 0.0177569147 -0.109359011 0.0149999997
v 0.0192342084 -0.109320827 0.0149999997
v 0.0676038414 -0.127144396 0.0149999997
v 0.053091716 -0.0974795893 0.0149999997
v 0.081405431 -0.0754596218 0.0149999997
v 0.107012786 -0.0963547751 0.0149999997
v 0.101218887 -0.0455602407 0.0149999997
v 0.0141272442 -0.107045531 0.0149999997
v 0.133514404 -0.0539433323 0.0149999997
v 0.00230992306 -0.0969724804 0.0149999997
v 0.0135380933 -0.105690271 0.0149999997
v 0.013370852 -0.10422197 0.0149999997
v 0.0136567876 -0.0960337967 0.0149999997
v -0.00906876288 -0.0965751261 0.0149999997
v -0.0208776947 -0.104488447 0.0149999997
v -0.0206084326 -0.10303539 0.0149999997
v -0.0203225017 -0.0948472321 0.0149999997
v 0.119233333 -0.0291789565 0.0149999997
v 0.120610461 -0.0289851464 0.0149999997
v 0.0938273668 -0.0282917619 0.0149999997
v 0.121838003 -0.0283315368 0.0149999997
v 0.122767568 -0.0272971522 0.0149999997
v 0.123286791 -0.0260070171 0.0149999997
v 0.143912211 -0.00502552511 0.0149999997
v 0.123766407 -0.0236193612 0.0149999997
v 0.124199808 -0.0212229006 0.0149999997
v 0.124586768 -0.0188184995 0.0149999997
v 0.12456172 -0.0174764637 0.0149999997
v 0.124094114 -0.0162182897 0.0149999997
v 0.123236626 -0.0151856272 0.0149999997
v 0.123995721 0.00655207597 0.0149999997
v 0.0870240554 -0.0450645424 0.0149999997
v 0.124923162 0.00752240652 0.0149999997
v 0.122799508 0.00594318844 0.0149999997
v 0.125477389 0.00874490757 0.0149999997
v 0.125595987 0.0100819208 0.0149999997
v 0.125377685 0.0125074619 0.0149999997
v 0.125112534 0.0149283214 0.0149999997
v 0.124800645 0.0173436105 0.0149999997
v 0.136952072 0.0444984362 0.0149999997
v 0.124372669 0.0186668206 0.0149999997
v 0.123517521 0.0197635368 0.0149999997
v 0.122338571 0.0205011833 0.0149999997
v 0.120978318 0.0207905807 0.0149999997
v 0.12208581 -0.0144947767 0.0149999997
v 0.095572345 0.021677779 0.0149999997
v 0.089955613 0.0388842784 0.0149999997
v 0.115929335 -0.00404834747 0.0149999997
v 0.115504473 -0.00750858756 0.0149999997
v 0.115746878 -0.000566892617 0.0149999997
v 0.120771237 -0.0142235179 0.0149999997
v 0.114485182 -0.0108424854 0.0149999997
v 0.112902477 -0.0139487358 0.0149999997
v 0.121469229 0.00576429348 0.0149999997
v 0.114962652 0.00282999035 0.0149999997
v 0.113600463 0.00603907555 0.0149999997
v 0.0826351717 0.0356570818 0.0149999997
v 0.0719721764 0.0540370867 0.0149999997
v 0.0759657249 0.0619129129 0.0149999997
v 0.0886917859 0.0152894305 0.0149999997
v 0.0912516788 0.0160920043 0.0149999997
v 0.0938959494 0.0165447667 0.0149999997
v 0.0965770409 0.0166395437 0.0149999997
v 0.0572971702 0.0694048479 0.0149999997
v 0.0562330373 0.0802611038 0.0149999997
v 0.0533528551 0.072480835 0.0149999997
v 0.0483880788 0.0573026463 0.0149999997
v 0.0444602631 0.0604010299 0.0149999997
v 0.0465161465 0.07704705 0.0149999997
v 0.0392912813 0.080970332 0.0149999997
v 0.0322493054 0.0925417766 0.0149999997
v 0.0320095494 0.0856760666 0.0149999997
v 0.0319676735 0.0851818472 0.0149999997
v 0.0318770446 0.0846942142 0.0149999997
v 0.0317385457 0.0842179582 0.0149999997
v 0.0203225017 0.0948472321 0.0320000015
v 0.0203225017 0.0948472321 0.0149999997
v 0.0206084326 0.10303539 0.0320000015
v 0.0206084326 0.10303539 0.0149999997
v 0.0208776947 0.104488447 0.0149999997
v 0.0209069252 0.104571 0.0320000015
v 0.0215599444 0.10579931 0.0149999997
v 0.0216653347 0.105939195 0.0320000015
v 0.0225955676 0.1068535 0.0149999997
v 0.0228094235 0.10700608 0.0320000015
v 0.0238941237 0.107558936 0.0149999997
v 0.0242272038 0.107667208 0.0320000015
v 0.025342159 0.107853964 0.0149999997
v 0.0257798824 0.107857846 0.0320000015
v 0.0261274148 0.107833572 0.0320000015
v 0.0268131923 0.107712828 0.0149999997
v 0.0264724176 0.107785143 0.0320000015
v 0.0268132091 0.10771282 0.0320000015
v 0.0482250042 0.0999767482 0.0320000015
v 0.0597622208 0.0935386345 0.0149999997
v 0.0676080957 0.0880349055 0.0320000015
v 0.0864709243 0.0695972517 0.0149999997
v 0.0841470957 0.0723896772 0.0320000015
v 0.104150444 0.0383885875 0.0149999997
v 0.0971782953 0.0536411926 0.0370000005
v 0.104150444 0.0383885875 0.0480000004
v 0.102083787 0.0435878448 0.0480000004
v 0.0997577682 0.0486763567 0.0480000004
v 0.0971782953 0.0536411926 0.0480000004
v 0.093646124 0.0595936179 0.0370000005
v 0.0897498578 0.0653143302 0.0370000005
v 0.0841470957 0.0723896772 0.0350000001
v 0.0855046064 0.0707810745 0.0370000005
v 0.0237260107 0.103544936 0.0350000001
v 0.0240293741 0.104092203 0.0350000001
v 0.0236066096 0.102930687 0.0350000001
v 0.025952246 0.104830585 0.0350000001
v 0.0250541158 0.104783416 0.0350000001
v 0.0244870037 0.104518972 0.0350000001
v 0.0256751906 0.104859672 0.0350000001
v 0.0258142203 0.104849964 0.0350000001
v 0.0260885712 0.10480164 0.0350000001
v 0.0293902159 0.096629262 0.0350000001
v 0.0233003236 0.0941599458 0.0350000001
v 0.0252937619 0.0936441422 0.0350000001
v 0.0272757951 0.0930861458 0.0350000001
v 0.0292455312 0.0924862102 0.0350000001
v 0.0466159806 0.0974215046 0.0350000001
v 0.0459567234 0.0899387598 0.0350000001
v 0.0652416572 0.0860669762 0.0350000001
v 0.0610851385 0.0804338604 0.0350000001
v 0.0743020549 0.0684120134 0.0350000001
v 0.0812057704 0.0712012947 0.0350000001
v 0.0203225017 0.0948472321 0.0320000015
v 0.0236066096 0.102930687 0.0350000001
v 0.0233003236 0.0941599458 0.0350000001
v 0.0206084326 0.10303539 0.0320000015
v 0.0237260107 0.103544936 0.0350000001
v 0.0209069252 0.104571 0.0320000015
v 0.0240293741 0.104092203 0.0350000001
v 0.0216653347 0.105939195 0.0320000015
v 0.0244870037 0.104518972 0.0350000001
v 0.0228094235 0.10700608 0.0320000015
v 0.0250541158 0.104783416 0.0350000001
v 0.0242272038 0.107667208 0.0320000015
v 0.0256751906 0.104859672 0.0350000001
v 0.0257798824 0.107857846 0.0320000015
v 0.0261274148 0.107833572 0.0320000015
v 0.0258142203 0.104849964 0.0350000001
v 0.0264724176 0.107785143 0.0320000015
v 0.025952246 0.104830585 0.0350000001
v 0.0268132091 0.10771282 0.0320000015
v 0.0260885712 0.10480164 0.0350000001
v 0.0466159806 0.0974215046 0.0350000001
v 0.0482250042 0.0999767482 0.0320000015
v 0.0652416572 0.0860669762 0.0350000001
v 0.0676080957 0.0880349055 0.0320000015
v 0.0812057704 0.0712012947 0.0350000001
v 0.0841470957 0.0723896772 0.0320000015
v 0.104150444 0.0383885875 0.0480000004
v 0.104150444 0.0383885875 0.0149999997
v 0.089955613 0.0388842784 0.0480000004
v 0.0874941424 0.0441449359 0.0480000004
v 0.0847253427 0.0492505357 0.0480000004
v 0.0816589594 0.0541831478 0.0480000004
v 0.0912806466 0.0408392325 0.049999997
v 0.0995971859 0.0442876704 0.049999997
v 0.101199456 0.0404928587 0.049999997
v 0.0978527069 0.0480192415 0.049999997
v 0.0894740075 0.0446586981 0.049999997
v 0.09596847 0.0516822264 0.049999997
v 0.0875076577 0.0483984649 0.049999997
v 0.0853850618 0.052051805 0.049999997
v 0.0912806466 0.0408392325 0.049999997
v 0.101199456 0.0404928587 0.049999997
v 0.089955613 0.0388842784 0.0480000004
v 0.104150444 0.0383885875 0.0480000004
v 0.102083787 0.0435878448 0.0480000004
v 0.0995971859 0.0442876704 0.049999997
v 0.0997577682 0.0486763567 0.0480000004
v 0.0978527069 0.0480192415 0.049999997
v 0.09596847 0.0516822264 0.049999997
v 0.0971782953 0.0536411926 0.0480000004
v 0.0912806466 0.0408392325 0.049999997
v 0.089955613 0.0388842784 0.0480000004
v 0.0874941424 0.0441449359 0.0480000004
v 0.0894740075 0.0446586981 0.049999997
v 0.0875076577 0.0483984649 0.049999997
v 0.0847253427 0.0492505357 0.0480000004
v 0.0853850618 0.052051805 0.049999997
v 0.0816589594 0.0541831478 0.0480000004
v 0.09596847 0.0516822264 0.049999997
v 0.0853850618 0.052051805 0.049999997
v 0.0971782953 0.0536411926 0.0480000004
v 0.0816589594 0.0541831478 0.0480000004
v 0.0816589594 0.0541831478 0.0480000004
v 0.0816589594 0.0541831478 0.0370000005
v 0.0971782953 0.0536411926 0.0480000004
v 0.0971782953 0.0536411926 0.0370000005
v 0.0816589594 0.0541831478 0.0370000005
v 0.093646124 0.0595936179 0.0370000005
v 0.0971782953 0.0536411926 0.0370000005
v 0.0897498578 0.0653143302 0.0370000005
v 0.0788864419 0.0581457615 0.0370000005
v 0.0759217963 0.0619667694 0.0370000005
v 0.0855046064 0.0707810745 0.0370000005
v 0.072772257 0.0656368658 0.0370000005
v 0.0719721764 0.0540370867 0.0149999997
v 0.0580921583 0.0620507896 0.00999999978
v 0.0572971702 0.0694048479 0.0149999997
v 0.0703618303 0.0476886965 0.00999999978
v 0.0826351717 0.0356570818 0.0149999997
v 0.0791566148 0.0309714451 0.00999999978
v 0.0886917859 0.0152894305 0.0149999997
v 0.0840421543 0.0127246259 0.00999999978
v 0.086552076 0.0143085951 0.049999997
v 0.0931580588 0.0164550114 0.049999997
v 0.0912516788 0.0160920043 0.0149999997
v 0.0938959494 0.0165447667 0.0149999997
v 0.0810786262 0.0100322552 0.049999997
v 0.0776740536 0.00479213474 0.0149999997
v 0.0776740536 0.00479213474 0.0419999957
v 0.0773978382 0.00414177869 0.049999997
v 0.0965770409 0.0166395437 0.0449999981
v 0.0965770409 0.0166395437 0.0149999997
v 0.0986347944 0.0164674763 0.0469999984
v 0.10009975 0.0162125956 0.049999997
v 0.103928067 0.0149858138 0.0469999984
v 0.106539905 0.0136106154 0.049999997
v 0.108618073 0.0121191209 0.0469999984
v 0.111701734 0.00896288361 0.049999997
v 0.112350568 0.00808394421 0.0469999984
v 0.113600463 0.00603907555 0.0449999981
v 0.114962652 0.00282999035 0.049999997
v 0.114962652 0.00282999035 0.0149999997
v 0.113600463 0.00603907555 0.0149999997
v 0.115746878 -0.000566892617 0.0149999997
v 0.115929335 -0.00404834747 0.049999997
v 0.115929335 -0.00404834747 0.0149999997
v 0.115504473 -0.00750858756 0.0149999997
v 0.114485182 -0.0108424854 0.049999997
v 0.114485182 -0.0108424854 0.0149999997
v 0.112902477 -0.0139487358 0.0449999981
v 0.112902477 -0.0139487358 0.0149999997
v 0.110804424 -0.0167329609 0.049999997
v 0.111512981 -0.0159014296 0.0469999984
v 0.107508101 -0.0196664166 0.0469999984
v 0.105330944 -0.0210093074 0.049999997
v 0.102629542 -0.0221989602 0.0469999984
v 0.0987249836 -0.0231557079 0.049999997
v 0.097245805 -0.0233077761 0.0469999984
v 0.0917832851 -0.0229133032 0.049999997
v 0.0951810628 -0.0233358908 0.0449999981
v 0.0964571014 -0.0263823774 0.0469999984
v 0.0938273668 -0.0282917619 0.0449999981
v 0.0925131217 -0.0230543185 0.0149999997
v 0.0951810628 -0.0233358908 0.0149999997
v 0.0899068713 -0.0224182084 0.0149999997
v 0.0874091983 -0.0214390121 0.0149999997
v 0.0853431299 -0.0203113165 0.049999997
v 0.0829498097 -0.0185561217 0.00999999978
v 0.0801813006 -0.0156635847 0.049999997
v 0.0771505684 -0.0101987263 0.0149999997
v 0.0769203827 -0.00953069422 0.049999997
v 0.0768033266 -0.0364176892 0.00999999978
v 0.0799465626 -0.041334562 0.0149999997
v 0.0668638423 -0.0524807237 0.00999999978
v 0.0680274069 -0.0589259788 0.0149999997
v 0.0536221974 -0.0659519434 0.00999999978
v 0.0523161627 -0.0732326359 0.0149999997
v 0.0442729779 -0.0605384447 0.0149999997
v 0.048227556 -0.0574378185 0.00999999978
v 0.0760283694 -0.00521216122 0.0149999997
v 0.0759536996 -0.00265236129 0.0469999984
v 0.0759536996 -0.00265236129 0.049999997
v 0.0762067512 -0.00010399818 0.0149999997
v 0.0632788613 0.0052948189 0.0149999997
v 0.0632788613 0.0052948189 -0.00300000003
v 0.0776740536 0.00479213474 -0.00300000003
v 0.0782375187 0.00595385535 -0.00300000003
v 0.0788747594 0.00707681384 -0.00300000003
v 0.0795831308 0.00815630145 -0.00300000003
v 0.0840421543 0.0127246259 0.00200000009
v 0.0754630268 0.0265580844 -0.00300000003
v 0.0791566148 0.0309714451 0.00200000009
v 0.0671499893 0.0434842184 -0.00300000003
v 0.0703618303 0.0476886965 0.00200000009
v 0.0551059321 0.0579942726 -0.00300000003
v 0.0580921583 0.0620507896 0.00200000009
v 0.0791566148 0.0309714451 0.00200000009
v 0.0791566148 0.0309714451 0.00999999978
v 0.0703618303 0.0476886965 0.00999999978
v 0.0703618303 0.0476886965 0.00200000009
v 0.0580921583 0.0620507896 0.00999999978
v 0.0580921583 0.0620507896 0.00200000009
v 0.0572971702 0.0694048479 0.0149999997
v 0.0580921583 0.0620507896 0.00999999978
v 0.0483880788 0.0573026463 0.0149999997
v 0.0521167368 0.053933721 0.00999999978
v 0.0580921583 0.0620507896 0.00999999978
v 0.0580921583 0.0620507896 0.00200000009
v 0.0521167368 0.053933721 0.00999999978
v 0.0551059321 0.0579942726 -0.00300000003
v 0.0452263951 0.0445737913 -0.00300000003
v 0.0452263951 0.0445737913 0.0419999957
v 0.0521167368 0.053933721 0.0419999957
v 0.0521167368 0.053933721 0.00999999978
v 0.0521167368 0.053933721 0.0419999957
v 0.0483880788 0.0573026463 0.0149999997
v 0.0483995043 0.0572929978 0.0419999957
v 0.0444602631 0.0604010299 0.0149999997
v 0.0444662757 0.060396608 0.0419999957
v 0.0403346159 0.0632306784 0.0419999957
v 0.0403346159 0.0632306784 0.00999999978
v 0.0551059321 0.0579942726 -0.00300000003
v 0.0671499893 0.0434842184 -0.00300000003
v 0.0452263951 0.0445737913 -0.00300000003
v 0.0542484745 0.0330053344 -0.00300000003
v 0.0754630268 0.0265580844 -0.00300000003
v 0.0603749678 0.0196751803 -0.00300000003
v 0.0795831308 0.00815630145 -0.00300000003
v 0.0632788613 0.0052948189 -0.00300000003
v 0.0788747594 0.00707681384 -0.00300000003
v 0.0782375187 0.00595385535 -0.00300000003
v 0.0776740536 0.00479213474 -0.00300000003
v 0.0452263951 0.0445737913 0.0419999957
v 0.0452263951 0.0445737913 -0.00300000003
v 0.0542484745 0.0330053344 -0.00300000003
v 0.055508364 0.0308394339 0.0419999957
v 0.0632788613 0.0052948189 0.0149999997
v 0.0617382713 0.0148538183 0.0419999957
v 0.0603749678 0.0196751803 -0.00300000003
v 0.0632788613 0.0052948189 -0.00300000003
v 0.0634613112 -0.00221612211 0.0419999957
v 0.0634993315 0.000289278018 0.0149999997
v 0.0633244812 -0.00471806992 0.0149999997
v 0.0627553761 -0.00969604123 0.0149999997
v 0.0605517328 -0.0191242844 0.0419999957
v 0.0532218963 -0.0346363857 0.0419999957
v 0.0518139936 -0.0367091261 -0.00300000003
v 0.0420069098 -0.0476200506 0.0419999957
v 0.0420069098 -0.0476200506 -0.00300000003
v 0.058855433 -0.0238388013 -0.00300000003
v 0.0627553761 -0.00969604123 -0.00300000003
v 0.0771505684 -0.0101987263 -0.00300000003
v 0.0776316226 -0.0113969296 -0.00300000003
v 0.0781889707 -0.0125616025 -0.00300000003
v 0.0788203105 -0.0136878751 -0.00300000003
v 0.0829498097 -0.0185561217 0.00200000009
v 0.0768033266 -0.0364176892 0.00999999978
v 0.0734266043 -0.0317574292 -0.00300000003
v 0.0768033266 -0.0364176892 0.00200000009
v 0.0768033266 -0.0364176892 0.00200000009
v 0.0668638423 -0.0524807237 0.00999999978
v 0.0639531091 -0.0480624586 -0.00300000003
v 0.0668638423 -0.0524807237 0.00200000009
v 0.0668638423 -0.0524807237 0.00200000009
v 0.0536221974 -0.0659519434 0.00999999978
v 0.0509262159 -0.0616969988 -0.00300000003
v 0.0536221974 -0.0659519434 0.00200000009
v 0.048227556 -0.0574378185 0.00999999978
v 0.0420069098 -0.0476200506 -0.00300000003
v 0.0420069098 -0.0476200506 0.0419999957
v 0.048227556 -0.0574378185 0.0419999957
v 0.0951810628 -0.0233358908 0.0149999997
v 0.0925131217 -0.0230543185 0.0149999997
v 0.0899068713 -0.0224182084 0.0149999997
v 0.0874091983 -0.0214390121 0.0149999997
v 0.0799465626 -0.041334562 0.0149999997
v 0.0680274069 -0.0589259788 0.0149999997
v 0.0714618489 -0.0670611858 0.0149999997
v 0.0523161627 -0.0732326359 0.0149999997
v 0.0504973307 -0.0839882046 0.0149999997
v 0.048166886 -0.0760259777 0.0149999997
v 0.0410283022 -0.0801041573 0.0149999997
v 0.0335473679 -0.0835139155 0.0149999997
v 0.0257153604 -0.0945659503 0.0149999997
v 0.0259551182 -0.0877002329 0.0149999997
v 0.0257864855 -0.0862267762 0.0149999997
v 0.0415374935 -0.0624470636 0.0149999997
v 0.0401385911 -0.0633552894 0.0149999997
v 0.0429158434 -0.0615079664 0.0149999997
v 0.0442729779 -0.0605384447 0.0149999997
v -0.043913655 0.0269043017 0.0149999997
v -0.0392310284 0.0433955789 0.0149999997
v -0.0323001035 0.0401117466 0.0149999997
v -0.0488348491 0.0322088189 0.0149999997
v -0.0553367287 0.0189761911 0.0149999997
v -0.050405886 0.0105591984 0.0149999997
v -0.0583237074 0.00453823339 0.0149999997
v -0.0510196686 -0.00701734051 0.0149999997
v -0.0584982038 -0.000458724477 0.0149999997
v -0.0688254386 0.00490496168 0.0149999997
v -0.0565256476 -0.0150698749 0.0149999997
v -0.0456834398 -0.0237754937 0.0149999997
v -0.0509626567 -0.0287238099 0.0149999997
v -0.0421625897 -0.0405532494 0.0149999997
v -0.0415805578 -0.0405735783 0.0149999997
v -0.0350194871 -0.0377608947 0.0149999997
v -0.0689999387 -9.19938102E-05 0.0149999997
v -0.0760869831 0.00575813744 0.0149999997
v -0.0685451701 0.00790946186 0.0149999997
v -0.0763033107 -0.000436549191 0.0149999997
v -0.0689299405 -0.00310873031 0.0149999997
v -0.0706356242 0.0114721367 0.0149999997
v -0.077777721 0.011721544 0.0149999997
v -0.0698010251 0.0115604522 0.0149999997
v -0.0681338012 0.0108988518 0.0149999997
v -0.0690235496 0.0118764974 0.0149999997
v -0.068364054 0.0123955226 0.0149999997
v -0.0678741336 0.013076935 0.0149999997
v -0.0675921217 0.0138673801 0.0149999997
v -0.071263805 -0.00651689526 0.0149999997
v -0.0784059241 -0.00626749033 0.0149999997
v -0.070437409 -0.00666321255 0.0149999997
v -0.0687280893 -0.0061195204 0.0149999997
v -0.0696838871 -0.00703272317 0.0149999997
v -0.0690621957 -0.00759648532 0.0149999997
v -0.0686210021 -0.00831041299 0.0149999997
v -0.06839481 -0.00911860447 0.0149999997
v 0.119233333 -0.0291789565 0.0149999997
v 0.0938273668 -0.0282917619 0.0149999997
v 0.0938273668 -0.0282917619 0.0449999981
v 0.119233333 -0.0291789565 0.0449999981
v 0.120610461 -0.0289851464 0.0449999981
v 0.120610461 -0.0289851464 0.0149999997
v 0.121838003 -0.0283315368 0.0449999981
v 0.121838003 -0.0283315368 0.0149999997
v 0.122767568 -0.0272971522 0.0449999981
v 0.122767568 -0.0272971522 0.0149999997
v 0.123286791 -0.0260070171 0.0449999981
v 0.123286791 -0.0260070171 0.0149999997
v 0.123766407 -0.0236193612 0.0449999981
v 0.123766407 -0.0236193612 0.0149999997
v 0.124199808 -0.0212229006 0.0449999981
v 0.124199808 -0.0212229006 0.0149999997
v 0.124586768 -0.0188184995 0.0449999981
v 0.124586768 -0.0188184995 0.0149999997
v 0.12456172 -0.0174764637 0.0149999997
v 0.12456172 -0.0174764637 0.0449999981
v 0.124094114 -0.0162182897 0.0149999997
v 0.124094114 -0.0162182897 0.0449999981
v 0.123236626 -0.0151856272 0.0149999997
v 0.123236626 -0.0151856272 0.0449999981
v 0.12208581 -0.0144947767 0.0149999997
v 0.12208581 -0.0144947767 0.0449999981
v 0.120771237 -0.0142235179 0.0149999997
v 0.120771237 -0.0142235179 0.0449999981
v 0.112902477 -0.0139487358 0.0149999997
v 0.112902477 -0.0139487358 0.0449999981
v 0.119233333 -0.0291789565 0.0449999981
v 0.0938273668 -0.0282917619 0.0449999981
v 0.0964571014 -0.0263823774 0.0469999984
v 0.11930313 -0.0271801818 0.0469999984
v 0.11999169 -0.0270832703 0.0469999984
v 0.120610461 -0.0289851464 0.0449999981
v 0.120605454 -0.0267564692 0.0469999984
v 0.121838003 -0.0283315368 0.0449999981
v 0.121070251 -0.0262392722 0.0469999984
v 0.122767568 -0.0272971522 0.0449999981
v 0.121329859 -0.0255942047 0.0469999984
v 0.123286791 -0.0260070171 0.0449999981
v 0.123766407 -0.0236193612 0.0449999981
v 0.121801868 -0.0232444517 0.0469999984
v 0.124199808 -0.0212229006 0.0449999981
v 0.122228369 -0.020886017 0.0469999984
v 0.124586768 -0.0188184995 0.0449999981
v 0.122609191 -0.0185197946 0.0469999984
v 0.12456172 -0.0174764637 0.0449999981
v 0.122596681 -0.0178487729 0.0469999984
v 0.124094114 -0.0162182897 0.0449999981
v 0.122362874 -0.0172196813 0.0469999984
v 0.123236626 -0.0151856272 0.0449999981
v 0.121934138 -0.0167033523 0.0469999984
v 0.12208581 -0.0144947767 0.0449999981
v 0.121358722 -0.0163579322 0.0469999984
v 0.120771237 -0.0142235179 0.0449999981
v 0.120701425 -0.0162223056 0.0469999984
v 0.112902477 -0.0139487358 0.0449999981
v 0.111512981 -0.0159014296 0.0469999984
v 0.120605454 -0.0267564692 0.0469999984
v 0.11999169 -0.0270832703 0.0469999984
v 0.11930313 -0.0271801818 0.0469999984
v 0.121070251 -0.0262392722 0.0469999984
v 0.121329859 -0.0255942047 0.0469999984
v 0.121801868 -0.0232444517 0.0469999984
v 0.111512981 -0.0159014296 0.0469999984
v 0.122228369 -0.020886017 0.0469999984
v 0.107508101 -0.0196664166 0.0469999984
v 0.102629542 -0.0221989602 0.0469999984
v 0.0964571014 -0.0263823774 0.0469999984
v 0.097245805 -0.0233077761 0.0469999984
v 0.120701425 -0.0162223056 0.0469999984
v 0.122609191 -0.0185197946 0.0469999984
v 0.122596681 -0.0178487729 0.0469999984
v 0.122362874 -0.0172196813 0.0469999984
v 0.121358722 -0.0163579322 0.0469999984
v 0.121934138 -0.0167033523 0.0469999984
v 0.123543099 0.00925338268 0.0469999984
v 0.123265989 0.00864212494 0.0469999984
v 0.123602405 0.00992189348 0.0469999984
v 0.122802272 0.00815696735 0.0469999984
v 0.121539019 0.00776308542 0.0469999984
v 0.122204155 0.00785252545 0.0469999984
v 0.123387553 0.012308931 0.0469999984
v 0.112350568 0.00808394421 0.0469999984
v 0.123126619 0.0146913575 0.0469999984
v 0.120908506 0.0187917985 0.0469999984
v 0.108618073 0.0121191209 0.0469999984
v 0.103928067 0.0149858138 0.0469999984
v 0.12281967 0.0170683134 0.0469999984
v 0.098062478 0.0195896029 0.0469999984
v 0.0986347944 0.0164674763 0.0469999984
v 0.121588625 0.0186470933 0.0469999984
v 0.122178115 0.0182782747 0.0469999984
v 0.122605681 0.0177299213 0.0469999984
v 0.121539019 0.00776308542 0.0469999984
v 0.113600463 0.00603907555 0.0449999981
v 0.112350568 0.00808394421 0.0469999984
v 0.121469229 0.00576429348 0.0449999981
v 0.122204155 0.00785252545 0.0469999984
v 0.122799508 0.00594318844 0.0449999981
v 0.122802272 0.00815696735 0.0469999984
v 0.123995721 0.00655207597 0.0449999981
v 0.123265989 0.00864212494 0.0469999984
v 0.124923162 0.00752240652 0.0449999981
v 0.123543099 0.00925338268 0.0469999984
v 0.125477389 0.00874490757 0.0449999981
v 0.123602405 0.00992189348 0.0469999984
v 0.125595987 0.0100819208 0.0449999981
v 0.123387553 0.012308931 0.0469999984
v 0.125377685 0.0125074619 0.0449999981
v 0.123126619 0.0146913575 0.0469999984
v 0.125112534 0.0149283214 0.0449999981
v 0.124800645 0.0173436105 0.0449999981
v 0.12281967 0.0170683134 0.0469999984
v 0.122605681 0.0177299213 0.0469999984
v 0.124372669 0.0186668206 0.0449999981
v 0.122178115 0.0182782747 0.0469999984
v 0.123517521 0.0197635368 0.0449999981
v 0.121588625 0.0186470933 0.0469999984
v 0.122338571 0.0205011833 0.0449999981
v 0.120908506 0.0187917985 0.0469999984
v 0.120978318 0.0207905807 0.0449999981
v 0.098062478 0.0195896029 0.0469999984
v 0.095572345 0.021677779 0.0449999981
v 0.121469229 0.00576429348 0.0449999981
v 0.113600463 0.00603907555 0.0149999997
v 0.113600463 0.00603907555 0.0449999981
v 0.121469229 0.00576429348 0.0149999997
v 0.122799508 0.00594318844 0.0449999981
v 0.122799508 0.00594318844 0.0149999997
v 0.123995721 0.00655207597 0.0449999981
v 0.123995721 0.00655207597 0.0149999997
v 0.124923162 0.00752240652 0.0449999981
v 0.124923162 0.00752240652 0.0149999997
v 0.125477389 0.00874490757 0.0449999981
v 0.125477389 0.00874490757 0.0149999997
v 0.125595987 0.0100819208 0.0449999981
v 0.125595987 0.0100819208 0.0149999997
v 0.125377685 0.0125074619 0.0449999981
v 0.125377685 0.0125074619 0.0149999997
v 0.125112534 0.0149283214 0.0449999981
v 0.125112534 0.0149283214 0.0149999997
v 0.124800645 0.0173436105 0.0149999997
v 0.124800645 0.0173436105 0.0449999981
v 0.124372669 0.0186668206 0.0449999981
v 0.124372669 0.0186668206 0.0149999997
v 0.123517521 0.0197635368 0.0449999981
v 0.123517521 0.0197635368 0.0149999997
v 0.122338571 0.0205011833 0.0449999981
v 0.122338571 0.0205011833 0.0149999997
v 0.120978318 0.0207905807 0.0449999981
v 0.120978318 0.0207905807 0.0149999997
v 0.095572345 0.021677779 0.0149999997
v 0.095572345 0.021677779 0.0449999981
v 0.0965770409 0.0166395437 0.0449999981
v 0.0965770409 0.0166395437 0.0149999997
v 0.095572345 0.021677779 0.0149999997
v 0.095572345 0.021677779 0.0449999981
v 0.098062478 0.0195896029 0.0469999984
v 0.0986347944 0.0164674763 0.0469999984
v 0.0965770409 0.0166395437 0.0449999981
v 0.095572345 0.021677779 0.0449999981
v 0.0938273668 -0.0282917619 0.0449999981
v 0.0938273668 -0.0282917619 0.0149999997
v 0.0951810628 -0.0233358908 0.0149999997
v 0.0951810628 -0.0233358908 0.0449999981
v 0.0896247849 0.00233725784 0.00699999975
v 0.0874466896 -0.003053708 0.00699999975
v 0.0880604535 -0.000166196813 0.00699999975
v 0.087857537 -0.00597699638 0.00699999975
v 0.0892434269 -0.00858347397 0.00699999975
v 0.0919510052 0.00415469659 0.00699999975
v 0.0914372057 -0.0105587598 0.00699999975
v 0.0947585478 0.0050669238 0.00699999975
v 0.0941742659 -0.0116646048 0.00699999975
v 0.0977087691 0.00496389857 0.00699999975
v 0.0971244872 -0.0117676305 0.00699999975
v 0.100445822 0.00385805592 0.00699999975
v 0.0999320298 -0.0108554028 0.00699999975
v 0.102258243 -0.00903796218 0.00699999975
v 0.102639608 0.00188276765 0.00699999975
v 0.103822574 -0.00653450936 0.00699999975
v 0.104436338 -0.00364699354 0.00699999975
v 0.104025498 -0.000723710051 0.00699999975
v 0.0634993315 0.000289278018 0.0149999997
v 0.0632788613 0.0052948189 0.0149999997
v 0.0776740536 0.00479213474 0.0149999997
v 0.0762067512 -0.00010399818 0.0149999997
v 0.0760283694 -0.00521216122 0.0149999997
v 0.0633244812 -0.00471806992 0.0149999997
v 0.0771505684 -0.0101987263 0.0149999997
v 0.0627553761 -0.00969604123 0.0149999997
v -0.129473209 0.0505735725 0.0149999997
v -0.130956337 0.0465986989 0.0240000002
v -0.130956337 0.0465986989 0.0149999997
v -0.129473209 0.0505735725 0.0240000002
v -0.127869472 0.0545013212 0.0149999997
v -0.127869472 0.0545013212 0.0240000002
v -0.126146629 0.0583783127 0.0149999997
v -0.126146629 0.0583783127 0.0240000002
v -0.125346497 0.0595996641 0.0240000002
v -0.125346497 0.0595996641 0.0149999997
v -0.124227643 0.0605377816 0.0240000002
v -0.124227643 0.0605377816 0.0149999997
v -0.122885488 0.0611126833 0.0240000002
v -0.122885488 0.0611126833 0.0149999997
v -0.121434473 0.0612753294 0.0240000002
v -0.121434473 0.0612753294 0.0149999997
v -0.0931997597 0.0602893494 0.0240000002
v -0.0931997597 0.0602893494 0.0149999997
v -0.101218887 0.0455602407 0.0240000002
v -0.130956337 0.0465986989 0.0149999997
v -0.130956337 0.0465986989 0.0240000002
v -0.0758175701 0.0446732119 0.0149999997
v -0.0723877773 0.0445534363 0.0419999957
v -0.0723877773 0.0445534363 0.0120000001
v -0.101218887 0.0455602407 0.0480000004
v -0.0723877773 0.0445534363 0.0480000004
v -0.0386489965 0.0433752462 0.0419999957
v -0.0461313538 0.0436365455 0.00999999978
v -0.0392310284 0.0433955789 0.0149999997
v -0.0723877773 0.0445534363 0.0120000001
v -0.0665809214 0.0443506613 -0.00300000003
v -0.0461313538 0.0436365455 -0.00300000003
v -0.0723877773 0.0445534363 0.00200000009
v -0.0706764013 0.0374812707 -0.00300000003
v -0.076216206 0.0376309566 0.00200000009
v -0.0740655512 0.0302372873 -0.00300000003
v -0.0793845132 0.0303825475 0.00200000009
v -0.0767144933 0.0226911213 -0.00300000003
v -0.076216206 0.0376309566 0.00200000009
v -0.076216206 0.0376309566 0.0120000001
v -0.0793845132 0.0303825475 0.0120000001
v -0.0793845132 0.0303825475 0.00200000009
v -0.0818652436 0.0228709932 0.00200000009
v -0.0818652436 0.0228709932 0.0120000001
v -0.0717216432 0.0225167647 -0.00300000003
v -0.0717216432 0.0225167647 0.0449999981
v -0.0849469453 0.0229786001 0.0149999997
v -0.0702724978 0.0222488511 0.0449999981
v -0.0702724978 0.0222488511 -0.00300000003
v -0.0689644068 0.0215701107 0.0449999981
v -0.0689644068 0.0215701107 -0.00300000003
v -0.0679109916 0.0205395073 0.0449999981
v -0.0679109916 0.0205395073 -0.00300000003
v -0.0672037825 0.0192465745 0.0449999981
v -0.0672037825 0.0192465745 -0.00300000003
v -0.0669042096 0.0178036429 0.0449999981
v -0.0669042096 0.0178036429 -0.00300000003
v -0.0952435285 0.0233381689 0.0449999981
v -0.0670382977 0.0163360424 0.0449999981
v -0.0670382977 0.0163360424 -0.00300000003
v -0.0675921217 0.0138673801 0.0149999997
v -0.067232959 0.0155154355 0.0449999981
v -0.0674175769 0.0146925049 0.0449999981
v -0.0675921217 0.0138673801 0.0449999981
v -0.067797415 0.0132341916 0.0450770073
v -0.109285802 0.0238285307 0.0149999997
v -0.0682876408 0.00988922827 0.00999999978
v -0.0675228834 0.0142006874 -0.00300000003
v -0.0679394826 0.0120510217 -0.00300000003
v -0.0682876408 0.00988922827 -0.00300000003
v -0.0627553761 0.00969604123 -0.00300000003
v -0.0678741336 0.013076935 0.0149999997
v -0.0681448951 0.0126518197 0.0453094095
v -0.068364054 0.0123955226 0.0149999997
v -0.0686594993 0.0121255703 0.0457219966
v -0.0690235496 0.0118764974 0.0149999997
v -0.0692310482 0.011766565 0.0453432612
v -0.0681338012 0.0108988518 0.0149999997
v -0.0698010251 0.0115604522 0.0149999997
v -0.0698842928 0.0115398979 0.0450939424
v -0.0702457875 0.0114830732 0.0450245291
v -0.0685451701 0.00790946186 0.0149999997
v -0.0706356242 0.0114721367 0.0149999997
v -0.0706356242 0.0114721367 0.0449999981
v -0.077777721 0.011721544 0.0449999981
v -0.077777721 0.011721544 0.0149999997
v -0.0760869831 0.00575813744 0.0149999997
v -0.0759536996 0.00265236129 0.0469999984
v -0.0688254386 0.00490496168 0.0149999997
v -0.0763033107 -0.000436549191 0.0149999997
v -0.0627553761 0.00969604123 0.00999999978
v -0.0583237074 0.00453823339 0.0149999997
v -0.0553367287 0.0189761911 0.0149999997
v -0.0595464371 0.0220561065 0.00999999978
v -0.0539293736 0.0335241966 0.00999999978
v -0.0488348491 0.0322088189 0.0149999997
v -0.0461313538 0.0436365455 0.00999999978
v -0.0392310284 0.0433955789 0.0149999997
v -0.0764637664 -0.00119027379 0.0469999984
v -0.0784059241 -0.00626749033 0.0449999981
v -0.0784059241 -0.00626749033 0.0149999997
v -0.071263805 -0.00651689526 0.0449999981
v -0.071263805 -0.00651689526 0.0149999997
v -0.0705880597 -0.00661730999 0.0450767688
v -0.070437409 -0.00666321255 0.0149999997
v -0.0700029954 -0.00684397202 0.0452828668
v -0.0696838871 -0.00703272317 0.0149999997
v -0.0696544126 -0.00705283135 0.0454794392
v -0.0693380833 -0.00730658276 0.0457219966
v -0.0690621957 -0.00759648532 0.0149999997
v -0.0688614324 -0.00786745083 0.0453094095
v -0.0686210021 -0.00831041299 0.0149999997
v -0.068555437 -0.0084726382 0.0450770073
v -0.06839481 -0.00911860447 0.0149999997
v -0.06839481 -0.00911860447 0.0449999981
v -0.0682782531 -0.00995390397 0.0449999981
v -0.0681514889 -0.0107877012 0.0449999981
v -0.0680145323 -0.011619892 0.0449999981
v -0.0680145323 -0.011619892 -0.00300000003
v -0.068811141 -0.00510163791 0.00999999978
v -0.0687280893 -0.0061195204 0.0149999997
v -0.0689299405 -0.00310873031 0.0149999997
v -0.0689999387 -9.19938102E-05 0.0149999997
v -0.0679831579 -0.0130932666 -0.00300000003
v -0.0679831579 -0.0130932666 0.0449999981
v -0.0683826506 -0.0145117827 -0.00300000003
v -0.0683826506 -0.0145117827 0.0449999981
v -0.0691783205 -0.0157522373 -0.00300000003
v -0.0691783205 -0.0157522373 0.0449999981
v -0.0703010634 -0.0167068504 -0.00300000003
v -0.0703010634 -0.0167068504 0.0449999981
v -0.0716533139 -0.0172926895 -0.00300000003
v -0.0716533139 -0.0172926895 0.0449999981
v -0.0683489963 -0.00945593603 -0.00300000003
v -0.0731176287 -0.0174588654 -0.00300000003
v -0.068614617 -0.00728244288 -0.00300000003
v -0.068811141 -0.00510163791 -0.00300000003
v -0.0731176287 -0.0174588654 0.0449999981
v -0.0632788613 -0.0052948189 0.00999999978
v -0.0632788613 -0.0052948189 -0.00300000003
v -0.0609399341 -0.0178486314 0.00999999978
v -0.0609399341 -0.0178486314 -0.00300000003
v -0.0561365411 -0.029680619 0.00999999978
v -0.0561365411 -0.029680619 -0.00300000003
v -0.0490629189 -0.040312279 0.00999999978
v -0.0490629189 -0.040312279 -0.00300000003
v -0.069512479 -0.0395981669 -0.00300000003
v -0.0753193423 -0.0393953845 0.0120000001
v -0.0753193423 -0.0393953845 0.0419999957
v -0.0787491277 -0.0392756201 0.0149999997
v -0.0415805578 -0.0405735783 0.0419999957
v -0.0421625897 -0.0405532494 0.0149999997
v -0.104150444 -0.0383885875 0.0240000002
v -0.133887872 -0.0373501331 0.0149999997
v -0.133887872 -0.0373501331 0.0240000002
v -0.104150444 -0.0383885875 0.0480000004
v -0.0753193423 -0.0393953845 0.0480000004
v -0.0415805578 -0.0405735783 0.0419999957
v -0.0415805578 -0.0405735783 0.0149999997
v -0.0350194871 -0.0377608947 0.0149999997
v -0.0319836885 -0.0364594758 0.0419999957
v -0.0319836885 -0.0364594758 0.0120000001
v -0.0758175701 0.0446732119 0.0149999997
v -0.0795041621 0.0377238169 0.0149999997
v -0.0825554132 0.0304729734 0.0149999997
v -0.0849469453 0.0229786001 0.0149999997
v -0.104025811 0.0216436349 0.0469999984
v -0.107653469 0.0195623804 0.0469999984
v -0.109355606 0.0218297578 0.0469999984
v -0.110214062 0.0217353459 0.0469999984
v -0.111010052 0.0214002933 0.0469999984
v -0.111677609 0.0208523534 0.0469999984
v -0.112161413 0.0201369468 0.0469999984
v -0.110768996 0.0167721957 0.0469999984
v -0.112421364 0.0193133615 0.0469999984
v -0.112725139 0.0173451286 0.0469999984
v -0.11299675 0.0153722018 0.0469999984
v -0.113236107 0.0133950897 0.0469999984
v -0.0697160885 0.0134412386 0.0469999984
v -0.077777721 0.011721544 0.0449999981
v -0.0788645074 0.0137607073 0.0469999984
v -0.0706356242 0.0114721367 0.0449999981
v -0.0702457875 0.0114830732 0.0450245291
v -0.0698842928 0.0115398979 0.0450939424
v -0.0692310482 0.011766565 0.0453432612
v -0.0686594993 0.0121255703 0.0457219966
v -0.0681448951 0.0126518197 0.0453094095
v -0.067797415 0.0132341916 0.0450770073
v -0.0694893897 0.0145679265 0.0469999984
v -0.0675921217 0.0138673801 0.0449999981
v -0.0674175769 0.0146925049 0.0449999981
v -0.0692444891 0.0156907905 0.0469999984
v -0.067232959 0.0155154355 0.0449999981
v -0.0689814389 0.016809551 0.0469999984
v -0.0670382977 0.0163360424 0.0449999981
v -0.0689009875 0.0176901091 0.0469999984
v -0.0669042096 0.0178036429 0.0449999981
v -0.0690807253 0.0185558684 0.0469999984
v -0.0672037825 0.0192465745 0.0449999981
v -0.0695050582 0.0193316266 0.0469999984
v -0.0679109916 0.0205395073 0.0449999981
v -0.070137091 0.0199499894 0.0469999984
v -0.0689644068 0.0215701107 0.0449999981
v -0.07092195 0.0203572288 0.0469999984
v -0.0702724978 0.0222488511 0.0449999981
v -0.0717914477 0.0205179825 0.0469999984
v -0.0717216432 0.0225167647 0.0449999981
v -0.0866008475 0.0210351367 0.0469999984
v -0.0894313902 0.0222611539 0.0458735153
v -0.0923110843 0.0230180919 0.0452175364
v -0.0952435285 0.0233381689 0.0449999981
v -0.0981661975 0.0232262369 0.0452138595
v -0.109285802 0.0238285307 0.0449999981
v -0.101093881 0.0226753037 0.0458666421
v -0.104025811 0.0216436349 0.0469999984
v -0.109355606 0.0218297578 0.0469999984
v -0.110214062 0.0217353459 0.0469999984
v -0.110716566 0.023671193 0.0449999981
v -0.111010052 0.0214002933 0.0469999984
v -0.112043217 0.0231127646 0.0449999981
v -0.111677609 0.0208523534 0.0469999984
v -0.113155812 0.0221995413 0.0449999981
v -0.112161413 0.0201369468 0.0469999984
v -0.113962144 0.0210072082 0.0449999981
v -0.112421364 0.0193133615 0.0469999984
v -0.114395402 0.0196345653 0.0449999981
v -0.112725139 0.0173451286 0.0469999984
v -0.114916191 0.0161161609 0.0449999981
v -0.11299675 0.0153722018 0.0469999984
v -0.113236107 0.0133950897 0.0469999984
v -0.115335852 0.0125842616 0.0449999981
v -0.115244307 0.00858502369 0.0454421788
v -0.115654044 0.00904177688 0.0449999981
v -0.070137091 0.0199499894 0.0469999984
v -0.0717914477 0.0205179825 0.0469999984
v -0.07092195 0.0203572288 0.0469999984
v -0.0695050582 0.0193316266 0.0469999984
v -0.0690807253 0.0185558684 0.0469999984
v -0.0689009875 0.0176901091 0.0469999984
v -0.0689814389 0.016809551 0.0469999984
v -0.0692444891 0.0156907905 0.0469999984
v -0.0694893897 0.0145679265 0.0469999984
v -0.0788645074 0.0137607073 0.0469999984
v -0.0697160885 0.0134412386 0.0469999984
v -0.0809926614 0.0166368838 0.0469999984
v -0.0835992619 0.0190878455 0.0469999984
v -0.0866008475 0.0210351367 0.0469999984
v -0.0825554132 0.0304729734 0.0149999997
v -0.0793845132 0.0303825475 0.0120000001
v -0.0818652436 0.0228709932 0.0120000001
v -0.0849469453 0.0229786001 0.0149999997
v -0.0740655512 0.0302372873 -0.00300000003
v -0.0717216432 0.0225167647 -0.00300000003
v -0.0767144933 0.0226911213 -0.00300000003
v -0.0702724978 0.0222488511 -0.00300000003
v -0.0689644068 0.0215701107 -0.00300000003
v -0.0595464371 0.0220561065 -0.00300000003
v -0.0679109916 0.0205395073 -0.00300000003
v -0.0672037825 0.0192465745 -0.00300000003
v -0.0669042096 0.0178036429 -0.00300000003
v -0.0706764013 0.0374812707 -0.00300000003
v -0.0670382977 0.0163360424 -0.00300000003
v -0.0539293848 0.033524204 -0.00300000003
v -0.0665809214 0.0443506613 -0.00300000003
v -0.0461313538 0.0436365455 -0.00300000003
v -0.0627553761 0.00969604123 -0.00300000003
v -0.0675228834 0.0142006874 -0.00300000003
v -0.0679394826 0.0120510217 -0.00300000003
v -0.0682876408 0.00988922827 -0.00300000003
v -0.0758175701 0.0446732119 0.0149999997
v -0.0723877773 0.0445534363 0.0120000001
v -0.076216206 0.0376309566 0.0120000001
v -0.0795041621 0.0377238169 0.0149999997
v -0.0723877773 0.0445534363 0.0480000004
v -0.0691403076 0.0494430773 0.0469999984
v -0.0723877773 0.0445534363 0.0419999957
v -0.0386489965 0.0433752462 0.0419999957
v -0.0373573452 0.0483331904 0.0469999984
v -0.0297861286 0.0444413833 0.0469999984
v -0.0293624904 0.0386017263 0.0419999957
v -0.0268757902 0.040372543 0.0419999957
v -0.0294033736 0.044695545 0.0469999984
v -0.0290184487 0.0449464135 0.0469999984
v -0.0286313761 0.045193959 0.0469999984
v -0.0242826082 0.0419833884 0.0419999957
v -0.0215932094 0.0434278958 0.0419999957
v -0.098128289 0.0474535376 0.049999997
v -0.0723877773 0.0445534363 0.0480000004
v -0.101218887 0.0455602407 0.0480000004
v -0.0734720156 0.0465925224 0.049999997
v -0.0987945795 0.0506026745 0.0480000004
v -0.098128289 0.0474535376 0.049999997
v -0.101218887 0.0455602407 0.0480000004
v -0.0962652266 0.0511273406 0.049999997
v -0.0961192697 0.0555165261 0.0480000004
v -0.0942646861 0.0547281355 0.049999997
v -0.0921295136 0.0582507588 0.049999997
v -0.0931997597 0.0602893494 0.0480000004
v -0.098128289 0.0474535376 0.049999997
v -0.0962652266 0.0511273406 0.049999997
v -0.0734720156 0.0465925224 0.049999997
v -0.0942646861 0.0547281355 0.049999997
v -0.078099139 0.0577608086 0.049999997
v -0.0921295136 0.0582507588 0.049999997
v -0.0762639493 0.0567747466 0.049999997
v -0.0725790784 0.0479716398 0.049999997
v -0.0743470713 0.0559588037 0.049999997
v -0.071660243 0.0493336469 0.049999997
v -0.0723642185 0.0553196594 0.049999997
v -0.070715867 0.0506780557 0.049999997
v -0.0714914203 0.0549225137 0.049999997
v -0.0707885176 0.0542702526 0.049999997
v -0.0703273118 0.0534295253 0.049999997
v -0.0701549575 0.052486226 0.049999997
v -0.0702890456 0.0515367463 0.049999997
v -0.078099139 0.0577608086 0.049999997
v -0.0921295136 0.0582507588 0.049999997
v -0.0775027946 0.059741199 0.0480000004
v -0.0931997597 0.0602893494 0.0480000004
v -0.0931997597 0.0602893494 0.0480000004
v -0.0931997597 0.0602893494 0.0370000005
v -0.0775027946 0.059741199 0.0480000004
v -0.0756994709 0.0587253273 0.0480000004
v -0.0738049001 0.0578919128 0.0480000004
v -0.0718374699 0.0572490431 0.0480000004
v -0.0710545108 0.0569632761 0.0420858264
v -0.0703827962 0.056587141 0.0480000004
v -0.0703051388 0.0565343611 0.0423510112
v -0.0692757219 0.0555809215 0.0431267954
v -0.0692112818 0.055500038 0.0480000004
v -0.0683788359 0.0539069846 0.0446914285
v -0.0684426278 0.0540988259 0.0480000004
v -0.0681553632 0.0525266603 0.0480000004
v -0.0682266057 0.0515786074 0.0469999984
v -0.0683788434 0.0509441644 0.0480000004
v -0.068409346 0.050849203 0.0469999984
v -0.0686993971 0.0501554571 0.0469999984
v -0.0690902248 0.0495130308 0.0480000004
v -0.0691403076 0.0494430773 0.0469999984
v -0.0702279359 0.0478856601 0.0480000004
v -0.0713273138 0.0462321639 0.0480000004
v -0.0723877773 0.0445534363 0.0480000004
v -0.0931997597 0.0602893494 0.0370000005
v -0.0931997597 0.0602893494 0.0480000004
v -0.0961192697 0.0555165261 0.0480000004
v -0.0987945795 0.0506026745 0.0480000004
v -0.101218887 0.0455602407 0.0480000004
v -0.101218887 0.0455602407 0.0240000002
v -0.0987945795 0.0506026745 0.0240000002
v -0.0961192697 0.0555165261 0.0240000002
v -0.0931997597 0.0602893494 0.0240000002
v -0.0931997597 0.0602893494 0.0370000005
v -0.0775436983 0.0597670302 0.0370000005
v -0.0775027946 0.059741199 0.0370000005
v -0.0775845349 0.0597929657 0.0370000005
v -0.0776253045 0.0598189943 0.0370000005
v -0.0892609879 0.0659808815 0.0370000005
v -0.0849751458 0.0714158639 0.0370000005
v -0.0745991841 0.0635528266 0.0370000005
v -0.0803588852 0.0765731484 0.0370000005
v -0.0713936388 0.0671338066 0.0370000005
v -0.0680163875 0.0705533177 0.0370000005
v 0.0634375811 0.0773024783 -0.00300002005
v 0.0642922893 0.0704731047 -0.00760638993
v 0.0814340636 0.058038719 -0.00300000003
v 0.0580921583 0.0620507896 -0.0179999992
v 0.0755104721 0.0390277952 -0.0179999992
v 0.0937711596 0.0347414725 -0.00300000003
v 0.0842181072 0.0115026589 -0.0179999992
v 0.0995914713 0.00902980287 -0.00300000003
v 0.0949075744 0.00419030664 -0.00800000038
v 0.0832105651 -0.0173493922 -0.0179999992
v 0.0943840519 -0.010800533 -0.00800000038
v 0.0987189636 -0.0159549732 -0.00300000003
v 0.0911192894 -0.0411980003 -0.00300000003
v 0.0726040825 -0.0442000665 -0.0179999992
v 0.0771871135 -0.0635778904 -0.00300000003
v 0.0536221974 -0.0659519434 -0.0179999992
v 0.0592197403 -0.0747862905 -0.00760621997
v 0.0578907095 -0.0815393403 -0.00300000003
v 0.0642922893 0.0704731047 -0.00760638993
v 0.0642923042 0.070473142 -0.01601707
v 0.0580921583 0.0620507896 -0.0179999992
v 0.0568951219 0.060424719 -0.0333287492
v 0.0482252389 0.0486474633 -0.0179999992
v 0.0482252389 0.0486474633 -0.0379999988
v 0.0634375811 0.0773024783 -0.00300002005
v 0.063437596 0.0773024708 -0.0171906389
v 0.0642922893 0.0704731047 -0.00760638993
v 0.0642923042 0.070473142 -0.01601707
v 0.0592808947 0.0805342719 -0.0259999987
v 0.0642923042 0.070473142 -0.01601707
v 0.063437596 0.0773024708 -0.0171906389
v 0.0568951219 0.060424719 -0.0333287492
v 0.0525319502 0.071366325 -0.0417947285
v 0.0541273169 0.0840846747 -0.0259999987
v 0.0592808947 0.0805342719 -0.0259999987
v 0.043205183 0.0901848748 -0.0149999997
v 0.0487617329 0.087305747 -0.0259999987
v 0.043205183 0.0901848748 -0.0259999987
v 0.0428785123 0.0903406441 -0.0129267387
v 0.0592808947 0.0805342719 -0.0259999987
v 0.0481638499 0.0743841603 -0.0417947285
v 0.0525319502 0.071366325 -0.0417947285
v 0.0541273169 0.0840846747 -0.0259999987
v 0.0436228588 0.0771349892 -0.0417947285
v 0.0487617329 0.087305747 -0.0259999987
v 0.0389252827 0.0796089321 -0.0417947285
v 0.0431868359 0.0901777521 -0.0260198992
v 0.043205183 0.0901848748 -0.0259999987
v 0.0318981409 0.0623097792 -0.0480000004
v 0.0318276957 0.0622256212 -0.0480000004
v 0.0352023728 0.0605044737 -0.0480000004
v 0.030097967 0.0579443872 -0.0480000004
v 0.0384047627 0.0585241206 -0.0480000004
v 0.0289569236 0.0561183393 -0.0480000004
v 0.0346783958 0.0471132472 -0.0480000004
v 0.0414960384 0.0563744456 -0.0480000004
v 0.0272601526 0.0547926649 -0.0480000004
v 0.0252123009 0.0541272871 -0.0480000004
v 0.0317065641 0.04058256 -0.0480000004
v 0.0176140405 0.0483941697 -0.0480000004
v 0.0478639007 0.0336347558 -0.0480000004
v 0.0426954366 0.0287984274 -0.0480000004
v 0.0560769588 0.0166620463 -0.0480000004
v 0.0495049804 0.0141953211 -0.0480000004
v 0.0230603684 0.0542024262 -0.0480000004
v 0.0584643744 -0.00204162113 -0.0480000004
v 0.0514686257 -0.00179733033 -0.0480000004
v 0.0483941697 -0.0176140405 -0.0480000004
v 0.0547780804 -0.0205331966 -0.0480000004
v 0.04058256 -0.0317065641 -0.0480000004
v 0.0454010665 -0.0368916467 -0.0480000004
v 0.0210639276 0.0550090484 -0.0480000004
v 0.0287984274 -0.0426954366 -0.0480000004
v 0.0194637608 0.0564498417 -0.0480000004
v 0.0313074663 -0.0494175218 -0.0480000004
v 0.0184528809 0.0583510436 -0.0480000004
v 0.00687596062 0.0608117916 -0.0480000004
v 0.0181532018 0.0604833253 -0.0480000004
v 0.00517919054 0.0594861209 -0.0480000004
v 0.00801701006 0.0626378506 -0.0480000004
v 0.00179733033 0.0514686257 -0.0480000004
v 0.0186008886 0.0625895038 -0.0480000004
v 0.00313134189 0.0588207431 -0.0480000004
v 0.000979411532 0.0588958859 -0.0480000004
v -0.00101703405 0.0597025044 -0.0480000004
v -0.0141953211 0.0495049804 -0.0480000004
v 0.00846468937 0.0647440255 -0.0480000004
v -0.00261719944 0.0611432977 -0.0480000004
v 0.0125999786 0.068856664 -0.0480000004
v 0.00862584077 0.0693586692 -0.0480000004
v 0.00866326038 0.0694618374 -0.0480000004
v 0.016495917 0.0680285469 -0.0480000004
v 0.020338444 0.066980198 -0.0480000004
v -0.014337563 0.0594961047 -0.0480000004
v -0.00362808211 0.0630444884 -0.0480000004
v -0.0138898827 0.0616022944 -0.0480000004
v -0.0154786035 0.057670068 -0.0480000004
v -0.0039277575 0.0651767775 -0.0480000004
v -0.0171753857 0.0563444048 -0.0480000004
v -0.01922323 0.0556790046 -0.0480000004
v -0.0213751607 0.0557541586 -0.0480000004
v -0.014189546 0.0637345761 -0.0480000004
v -0.0287984274 0.0426954366 -0.0480000004
v -0.0077660894 0.0695678517 -0.0480000004
v -0.00376660819 0.0697914213 -0.0480000004
v -0.0037967586 0.0698969588 -0.0480000004
v -0.0117102787 0.069013536 -0.0480000004
v -0.0156164309 0.0681260452 -0.0480000004
v -0.0156165548 0.0682357848 -0.0480000004
v -0.0313074663 0.0494175218 -0.0480000004
v -0.0233716015 0.0565607771 -0.0480000004
v -0.0249717664 0.058001563 -0.0480000004
v -0.0454010665 0.0368916467 -0.0480000004
v -0.04058256 0.0317065641 -0.0480000004
v -0.0547780804 0.0205331966 -0.0480000004
v -0.0483941697 0.0176140405 -0.0480000004
v -0.0584643744 0.00204162113 -0.0480000004
v -0.0514686257 0.00179733033 -0.0480000004
v -0.0495049804 -0.0141953211 -0.0480000004
v -0.0560769588 -0.0166620463 -0.0480000004
v -0.0426954366 -0.0287984274 -0.0480000004
v -0.0478639007 -0.0336347558 -0.0480000004
v -0.0317065641 -0.04058256 -0.0480000004
v -0.0346783958 -0.0471132472 -0.0480000004
v -0.0342287719 0.0610605367 -0.0480000004
v -0.0374624878 0.0591317229 -0.0480000004
v -0.0259826537 0.0599027611 -0.0480000004
v -0.0308960266 0.062812686 -0.0480000004
v -0.027409533 0.0642942339 -0.0480000004
v -0.0274738893 0.0643831044 -0.0480000004
v -0.0252123009 -0.0541272871 -0.0480000004
v -0.0176140405 -0.0483941697 -0.0480000004
v -0.0272601526 -0.0547926649 -0.0480000004
v -0.0230603684 -0.0542024262 -0.0480000004
v -0.0210639276 -0.0550090484 -0.0480000004
v -0.0194637608 -0.0564498417 -0.0480000004
v -0.0289569236 -0.0561183393 -0.0480000004
v -0.0184528809 -0.0583510436 -0.0480000004
v -0.0384047702 -0.0585241169 -0.0480000004
v -0.0414960571 -0.0563744307 -0.048000019
v -0.030097967 -0.0579443872 -0.0480000004
v -0.0352023803 -0.06050447 -0.0480000004
v -0.0318981484 -0.0623097755 -0.0480000004
v -0.00687596062 -0.0608117916 -0.0480000004
v -0.0181532018 -0.0604833253 -0.0480000004
v -0.00517919054 -0.0594861209 -0.0480000004
v -0.00801701006 -0.0626378506 -0.0480000004
v -0.00179733033 -0.0514686257 -0.0480000004
v -0.0186008886 -0.0625895038 -0.0480000004
v -0.00313134189 -0.0588207431 -0.0480000004
v -0.000979411532 -0.0588958859 -0.0480000004
v 0.00101703405 -0.0597025044 -0.0480000004
v 0.0141953211 -0.0495049804 -0.0480000004
v -0.00846468937 -0.0647440255 -0.0480000004
v 0.00261719944 -0.0611432977 -0.0480000004
v -0.0164958686 -0.0680285618 -0.0480000004
v -0.0203383919 -0.0669802055 -0.0480000004
v -0.0125999497 -0.068856664 -0.0480000004
v -0.00866322033 -0.0694618374 -0.0480000004
v 0.014337563 -0.0594961047 -0.0480000004
v 0.00362808211 -0.0630444884 -0.0480000004
v 0.0138898827 -0.0616022944 -0.0480000004
v 0.0154786035 -0.057670068 -0.0480000004
v 0.0039277575 -0.0651767775 -0.0480000004
v 0.0171753857 -0.0563444048 -0.0480000004
v 0.01922323 -0.0556790046 -0.0480000004
v 0.0213751607 -0.0557541586 -0.0480000004
v 0.0233716015 -0.0565607771 -0.0480000004
v 0.0249717664 -0.058001563 -0.0480000004
v 0.014189546 -0.0637345761 -0.0480000004
v 0.0342287868 -0.0610605329 -0.0480000004
v 0.0374625064 -0.059131708 -0.0480000004
v 0.0259826537 -0.0599027611 -0.0480000004
v 0.030896036 -0.062812686 -0.0480000004
v 0.027409533 -0.0642942339 -0.0480000004
v 0.0274738893 -0.0643831044 -0.0480000004
v 0.00776607729 -0.0695678592 -0.0480000004
v 0.00376660819 -0.0697914213 -0.0480000004
v 0.00379673718 -0.0698969513 -0.0480000004
v 0.0117102712 -0.0690135285 -0.0480000004
v 0.0156164309 -0.0681260452 -0.0480000004
v 0.0156165548 -0.0682357848 -0.0480000004
v 0.0306820814 0.0625934824 -0.0467999987
v 0.0318981409 0.0623097792 -0.0480000004
v 0.0374701098 0.0793944597 -0.0407788083
v 0.0388615839 0.0795638561 -0.0418175608
v 0.0318276957 0.0622256212 -0.0480000004
v 0.0306820814 0.0625934824 -0.0467999987
v 0.030097967 0.0579443872 -0.0480000004
v 0.0289853495 0.0583939105 -0.0467999987
v 0.0289569236 0.0561183393 -0.0480000004
v 0.0280651562 0.0569212995 -0.0467999987
v 0.0272601526 0.0547926649 -0.0480000004
v 0.0266967863 0.055852212 -0.0467999987
v 0.0252123009 0.0541272871 -0.0480000004
v 0.0250452962 0.0553156063 -0.0467999987
v 0.0230603684 0.0542024262 -0.0480000004
v 0.023309866 0.055376213 -0.0467999987
v 0.0210639276 0.0550090484 -0.0480000004
v 0.0216998309 0.0560267121 -0.0467999987
v 0.0194637608 0.0564498417 -0.0480000004
v 0.0204093829 0.0571886413 -0.0467999987
v 0.0184528809 0.0583510436 -0.0480000004
v 0.0195941497 0.058721859 -0.0467999987
v 0.0181532018 0.0604833253 -0.0480000004
v 0.0193524752 0.0604414456 -0.0467999987
v 0.0197135117 0.0621399805 -0.0467999987
v 0.0186008886 0.0625895038 -0.0480000004
v 0.0214102454 0.0663395524 -0.0467999987
v 0.020338444 0.066980198 -0.0480000004
v 0.0370783955 0.0784249231 -0.0392549373
v 0.0275790878 0.0638080984 -0.0449999981
v 0.0306085609 0.062411502 -0.0449999981
v 0.0340365656 0.0797921568 -0.0392549373
v 0.0309444256 0.0810414553 -0.0392549373
v 0.0244860984 0.0650577471 -0.0449999981
v 0.0278065559 0.0821709931 -0.0392549373
v 0.0213367213 0.066157572 -0.0449999981
v 0.040924456 0.0879442394 -0.0250315294
v 0.0340365656 0.0797921568 -0.0392549373
v 0.0370783955 0.0784249231 -0.0392549373
v 0.0378773883 0.0892989486 -0.0250315294
v 0.0309444256 0.0810414553 -0.0392549373
v 0.0347855538 0.0905481204 -0.0250315294
v 0.0316526182 0.091690287 -0.0250315294
v 0.0278065559 0.0821709931 -0.0392549373
v 0.0374701098 0.0793944597 -0.0407788083
v 0.0431868359 0.0901777521 -0.0260198992
v 0.0415741056 0.089552179 -0.0256126095
v 0.0389252827 0.0796089321 -0.0417947285
v 0.0388615839 0.0795638561 -0.0418175608
v 0.0415741056 0.089552179 -0.0256126095
v 0.0431868359 0.0901777521 -0.0260198992
v 0.043205183 0.0901848748 -0.0259999987
v 0.043205183 0.0901848748 -0.0149999997
v 0.0415741056 0.089552179 -0.0149999997
v 0.0428785123 0.0903406441 -0.0129267387
v 0.0413153991 0.0896802098 -0.0133280205
v 0.0419278331 0.0907857716 -0.0110848695
v 0.0405619703 0.0900449082 -0.0118426299
v 0.0404474586 0.0914549157 -0.00969186984
v 0.039387174 0.0905897394 -0.01071925
v 0.0385993868 0.0922501385 -0.00892050937
v 0.0379178897 0.0912313238 -0.0100971898
v 0.036598362 0.0930621251 -0.00886820909
v 0.0363237672 0.0918788761 -0.0100550102
v 0.0346846841 0.0937921777 -0.00954159908
v 0.0347961374 0.0924534798 -0.0105980597
v 0.0330924504 0.094365716 -0.0108555304
v 0.033522848 0.0928989947 -0.0116576897
v 0.0320146903 0.0947367996 -0.0126463193
v 0.0326598361 0.0931840688 -0.0131018693
v 0.0316800699 0.094849214 -0.0138066299
v 0.0323917083 0.0932699069 -0.0140375989
v 0.0323022678 0.0932982489 -0.0149999997
v 0.0315684676 0.0948864073 -0.0149999997
v 0.0323022678 0.0932982489 -0.0256126095
v 0.0315767266 0.0948685408 -0.0260198992
v 0.0385090634 0.0890283734 -0.0105889998
v 0.0370138884 0.0896603093 -0.0100537799
v 0.0354295783 0.0902980864 -0.0100962901
v 0.0339402221 0.0908683762 -0.0107116904
v 0.0397437513 0.0884840861 -0.0116403103
v 0.0327237062 0.0913135186 -0.0118289003
v 0.0405778065 0.08810471 -0.0130843194
v 0.0319287404 0.0915945098 -0.0133165503
v 0.0408370309 0.0879848748 -0.014023779
v 0.0316526182 0.091690287 -0.0149999997
v 0.040924456 0.0879442394 -0.0149999997
v 0.0347855538 0.0905481204 -0.0250315294
v 0.0316526182 0.091690287 -0.0250315294
v 0.0378773883 0.0892989486 -0.0250315294
v 0.040924456 0.0879442394 -0.0250315294
v 0.00573719246 0.0968301818 -0.0105889998
v 0.00411604391 0.0969126299 -0.0100537799
v 0.00240915292 0.0969700664 -0.0100962901
v 0.000814571336 0.0969965756 -0.0107116904
v 0.0070835636 0.0967410132 -0.0116403103
v -0.0004808378 0.0969988033 -0.0118289003
v 0.00799707603 0.0966697782 -0.0130843194
v -0.00132396701 0.0969909653 -0.0133165503
v 0.00828166213 0.0966458097 -0.014023779
v -0.00161620136 0.0969865322 -0.0149999997
v 0.00837770198 0.0966375396 -0.0149999997
v 0.00171843998 0.0969847739 -0.0250315294
v -0.00161620136 0.0969865322 -0.0250315294
v 0.00505106896 0.0968683958 -0.0250315294
v 0.00837770198 0.0966375396 -0.0250315294
v -0.0251795184 0.0936749279 -0.0149999997
v -0.0283844993 0.0927540734 -0.0250315294
v -0.0251795184 0.0936749279 -0.0250315294
v -0.0346900783 0.0905847549 -0.0149999997
v -0.031555932 0.0917236209 -0.0250315294
v -0.0346900783 0.0905847549 -0.0250315294
v -0.0346000418 0.0906191915 -0.014023779
v -0.0254616532 0.093598634 -0.0133165503
v -0.0343330838 0.0907206684 -0.0130843194
v -0.0262742769 0.0933737755 -0.0118289003
v -0.0334745981 0.0910409316 -0.0116403103
v -0.0275188945 0.0930145755 -0.0107116904
v -0.0322049521 0.091497764 -0.0105889998
v -0.0290443935 0.0925495699 -0.0100962901
v -0.0306693427 0.0920238569 -0.0100537799
v -0.0251795184 0.0936749279 -0.0250315294
v -0.0252158847 0.0830026194 -0.0392549373
v -0.0220068637 0.0839105099 -0.0392549373
v -0.0283844993 0.0927540734 -0.0250315294
v -0.031555932 0.0917236209 -0.0250315294
v -0.0283876341 0.0819720477 -0.0392549373
v -0.0346900783 0.0905847549 -0.0250315294
v -0.0315174349 0.0808203369 -0.0392549373
v -0.0771871135 0.0635778904 -0.00300000003
v -0.0592197403 0.0747862905 -0.00760621997
v -0.0578907095 0.0815393403 -0.00300000003
v -0.0536221974 0.0659519434 -0.0179999992
v -0.0726040825 0.0442000665 -0.0179999992
v -0.0911192894 0.0411980003 -0.00300000003
v -0.0832105651 0.0173493922 -0.0179999992
v -0.0987189636 0.0159549732 -0.00300000003
v -0.0943840519 0.010800533 -0.00800000038
v -0.0949075371 -0.00419032574 -0.00800000038
v -0.0842181072 -0.0115026589 -0.0179999992
v -0.0995914787 -0.00902979821 -0.00300000003
v -0.0937711596 -0.0347414725 -0.00300000003
v -0.0755104721 -0.0390277952 -0.0179999992
v -0.0814340562 -0.0580387115 -0.00300000003
v -0.0580921583 -0.0620507896 -0.0179999992
v -0.0642922893 -0.0704731047 -0.00760638993
v -0.0634375811 -0.0773024783 -0.00300002005
v -0.0592197403 0.0747862905 -0.00760621997
v -0.0578907095 0.0815393403 -0.0171908103
v -0.0578907095 0.0815393403 -0.00300000003
v -0.0592197292 0.0747862831 -0.01601707
v -0.0536221974 0.0659519434 -0.0179999992
v -0.0592197292 0.0747862831 -0.01601707
v -0.0592197403 0.0747862905 -0.00760621997
v -0.0525415167 0.0642463416 -0.0333287492
v -0.0447142981 0.0518929847 -0.0179999992
v -0.0447142981 0.0518929847 -0.0379999988
v -0.0447142981 0.0518929847 -0.0179999992
v -0.0536221974 0.0659519434 -0.0179999992
v -0.057121288 0.0378074981 -0.0179999992
v -0.0726040825 0.0442000665 -0.0179999992
v -0.0652391464 0.0208830964 -0.0179999992
v -0.0832105651 0.0173493922 -0.0179999992
v -0.0684582666 0.0023906182 -0.0179999992
v -0.0842181072 -0.0115026589 -0.0179999992
v -0.0665369555 -0.0162813701 -0.0179999992
v -0.0755104721 -0.0390277952 -0.0179999992
v -0.0596194714 -0.0337308273 -0.0179999992
v -0.0580921583 -0.0620507896 -0.0179999992
v -0.0482252389 -0.0486474633 -0.0179999992
v -0.0447142981 0.0518929847 -0.0379999988
v -0.0447142981 0.0518929847 -0.0179999992
v -0.057121288 0.0378074981 -0.0179999992
v -0.057121288 0.0378074981 -0.0379999988
v -0.0652391464 0.0208830964 -0.0179999992
v -0.0652391464 0.0208830964 -0.0379999988
v -0.0684582666 0.0023906182 -0.0179999992
v -0.0684582666 0.0023906182 -0.0379999988
v -0.0665369555 -0.0162813701 -0.0179999992
v -0.0665369555 -0.0162813701 -0.0379999988
v -0.0596194714 -0.0337308273 -0.0179999992
v -0.0596194714 -0.0337308273 -0.0379999988
v -0.0482252389 -0.0486474633 -0.0179999992
v -0.0482252389 -0.0486474633 -0.0379999988
v -0.0943840519 0.010800533 -0.00800000038
v -0.0987189636 0.0159549732 -0.00300000003
v -0.132898182 0.017148532 -0.00300000003
v -0.138451204 0.0123393917 -0.00800000038
v -0.138451204 0.0123393917 -0.00800000038
v -0.132898182 0.017148532 -0.00300000003
v -0.126579344 0.0574340336 -0.00800000038
v -0.122145317 0.0551046208 -0.00300000003
v -0.100805834 0.0882846639 -0.00300000003
v -0.100461699 0.096064806 -0.00800000038
v -0.0707292855 0.113812864 -0.00300000003
v -0.0630376562 0.12388403 -0.00800000038
v -0.0345224403 0.129476637 -0.00300000003
v -0.0185190905 0.137760803 -0.00800000038
v 0.00467653759 0.133918375 -0.00300000003
v 0.0280836895 0.136133417 -0.00800000038
v 0.0434701927 0.126753077 -0.00300000003
v 0.0715258121 0.119184971 -0.00800000038
v 0.0784961656 0.108601786 -0.00300000003
v 0.106918126 0.0888229385 -0.00800000038
v 0.106718719 0.0810377374 -0.00300000003
v 0.130277395 0.0484643988 -0.00800000038
v 0.125691697 0.0464499518 -0.00300000003
v 0.13377066 0.00783624128 -0.00300000003
v 0.138974711 0.00265147211 -0.00800000038
v -0.121434473 0.0612753294 0.0240000002
v -0.0931997597 0.0602893494 0.0240000002
v -0.0961192697 0.0555165261 0.0240000002
v -0.0987945795 0.0506026745 0.0240000002
v -0.101218887 0.0455602407 0.0240000002
v -0.127869472 0.0545013212 0.0240000002
v -0.129473209 0.0505735725 0.0240000002
v -0.130956337 0.0465986989 0.0240000002
v -0.126146629 0.0583783127 0.0240000002
v -0.125346497 0.0595996641 0.0240000002
v -0.122885488 0.0611126833 0.0240000002
v -0.124227643 0.0605377816 0.0240000002
v -0.132124394 -0.0431757122 -0.00800000038
v -0.13377066 -0.00783624128 -0.00300000003
v -0.138974711 -0.00265147211 -0.00800000038
v -0.123081602 -0.0529803298 -0.00300000003
v -0.113723107 -0.0799253136 -0.00800000038
v -0.0976397097 -0.0917740911 -0.00300000003
v -0.0853795409 -0.10968744 -0.00800000038
v -0.0604945235 -0.119567603 -0.00300000003
v -0.049571652 -0.129860118 -0.00800000038
v -0.0160983186 -0.133029476 -0.00300000003
v -0.00942995492 -0.138679758 -0.00800000038
v 0.03022746 -0.130546167 -0.00300000003
v 0.0315361358 -0.135375306 -0.00800000038
v 0.0315854587 -0.135291368 -0.00792945921
v 0.0336873047 -0.135621354 -0.00600000005
v 0.0321033746 -0.130097538 -0.000261100009
v -0.0160983186 -0.133029476 -0.00300000003
v 0.0334824845 -0.134907097 -0.00499999989
v 0.0346099287 -0.138838932 -0.00600000005
v 0.0110366624 -0.133544713 0
v -0.0103101349 -0.133602753 0
v -0.0313952826 -0.130270243 0
v 0.0321033746 -0.130097538 0
v -0.0604945235 -0.119567603 -0.00300000003
v -0.0516836792 -0.123631693 0
v -0.0706604421 -0.113855608 0
v -0.0878439769 -0.10119009 0
v -0.0976397097 -0.0917740911 -0.00300000003
v -0.102798194 -0.0859565511 0
v -0.115143582 -0.0685416013 0
v -0.123081602 -0.0529803298 -0.00300000003
v -0.12456686 -0.0493872017 0
v -0.130828857 -0.028979443 0
v -0.13377066 -0.00783624128 -0.00300000003
v -0.13377066 -0.00783624128 0
v -0.0995914787 -0.00902979821 -0.00300000003
v -0.0995914713 -0.00902980287 0
v 0.02551453 -0.107798651 0
v 0.0254377127 -0.10821043 0
v 0.0255026426 -0.108679563 0
v 0.0257647373 -0.107333288 0
v 0.0257512666 -0.109260611 0
v 0.0265013166 -0.109894842 0
v 0.0260673761 -0.109632455 0
v 0.0269468203 -0.110026635 0
v 0.0261492804 -0.106915116 0
v 0.0275080241 -0.110070638 0
v 0.0266976394 -0.106546685 0
v 0.0274636354 -0.106245838 0
v 0.0286707059 -0.109880619 0
v 0.03267866 -0.104750462 0
v 0.0337334424 -0.108428895 0
v 0.0382789038 -0.0972148404 0.00300000003
v 0.0382789038 -0.0972148404 0.00200000009
v 0.0254863724 -0.100883044 0.00200000009
v 0.0254863724 -0.100883044 0.00300000003
v 0.0221099798 -0.102263965 0.00300000003
v 0.0221099798 -0.102263965 0.00200000009
v 0.0204641819 -0.103413716 0.00300000003
v 0.0204641819 -0.103413716 0.00200000009
v 0.0191736985 -0.104785211 0.00300000003
v 0.0191736985 -0.104785211 0.00200000009
v 0.0181670282 -0.106621243 0.00300000003
v 0.0181670282 -0.106621243 0.00200000009
v 0.017806625 -0.108591333 0.00200000009
v 0.017806625 -0.108591333 0.00300000003
v 0.0180990789 -0.11069262 0.00200000009
v 0.0180990789 -0.11069262 0.00300000003
v 0.0188615173 -0.112489156 0.00200000009
v 0.0188615173 -0.112489156 0.00300000003
v 0.0195369478 -0.113443121 0.00300000003
v 0.0195369478 -0.113443121 0.00200000009
v 0.0203613658 -0.114267327 0.00300000003
v 0.0203613658 -0.114267327 0.00200000009
v 0.0219019409 -0.115235023 0.00300000003
v 0.0219019409 -0.115235023 0.00200000009
v 0.023700228 -0.115751401 0.00300000003
v 0.023700228 -0.115751401 0.00200000009
v 0.0257593337 -0.115821138 0.00300000003
v 0.0257593337 -0.115821138 0.00200000009
v 0.0249351021 -0.0989605114 0
v 0.0382789038 -0.0972148404 0.00200000009
v 0.0396501496 -0.0947410464 0
v 0.0254863724 -0.100883044 0.00200000009
v 0.0216425247 -0.100242749 0
v 0.0221099798 -0.102263965 0.00200000009
v 0.0192658231 -0.101807646 0
v 0.0204641819 -0.103413716 0.00200000009
v 0.0175743867 -0.103584304 0
v 0.0191736985 -0.104785211 0.00200000009
v 0.0181670282 -0.106621243 0.00200000009
v 0.016263647 -0.106005162 0
v 0.017806625 -0.108591333 0.00200000009
v 0.0158078615 -0.108513534 0
v 0.0161765572 -0.111243896 0
v 0.0180990789 -0.11069262 0.00200000009
v 0.0168789662 -0.113033295 0
v 0.0188615173 -0.112489156 0.00200000009
v 0.0178560261 -0.114547342 0
v 0.0195369478 -0.113443121 0.00200000009
v 0.0190698039 -0.115794368 0
v 0.0203613658 -0.114267327 0.00200000009
v 0.0207320303 -0.116893515 0
v 0.0219019409 -0.115235023 0.00200000009
v 0.0219021831 -0.117375068 0
v 0.023700228 -0.115751401 0.00200000009
v 0.0232027434 -0.11769677 0
v 0.0257593337 -0.115821138 0.00200000009
v 0.0454454757 -0.122207642 0.00200000009
v 0.0382789038 -0.0972148404 0.00200000009
v 0.0382789038 -0.0972148404 0.00300000003
v 0.0454454757 -0.122207642 0.00300000003
v 0.0382789038 -0.0972148404 0.00200000009
v 0.0454454757 -0.122207642 0.00200000009
v 0.0396501496 -0.0947410464 0
v 0.0479192659 -0.123578891 0
v 0.0454454757 -0.122207642 0.00200000009
v 0.0379317813 -0.12644276 0
v 0.0479192659 -0.123578891 0
v 0.0393030271 -0.123968959 0.00200000009
v 0.0417159833 -0.127341166 0
v 0.0417159833 -0.127341166 -0.000261100009
v 0.0560213849 -0.121727578 0
v 0.0566047952 -0.121457383 -0.00300000003
v 0.0695899725 -0.114513032 0
v 0.0690397546 -0.114845596 -0.00300000003
v 0.043544583 -0.126727536 -0.00300000003
v 0.0822433233 -0.105792403 -0.000261100009
v 0.0822433233 -0.105792403 0
v 0.0807120949 -0.106965207 -0.00300000003
v 0.0432999134 -0.132864982 -0.00600000005
v 0.0449075103 -0.131471321 -0.00792945921
v 0.0449938066 -0.131516382 -0.00800000038
v 0.0586608313 -0.126015484 -0.00800000038
v 0.0566047952 -0.121457383 -0.00300000003
v 0.0716688633 -0.119099006 -0.00800000038
v 0.0690397546 -0.114845596 -0.00300000003
v 0.0838718042 -0.11084459 -0.00800000038
v 0.0838827118 -0.110747851 -0.00792945921
v 0.0859370604 -0.110194422 -0.00600000005
v 0.0430951044 -0.13215071 -0.00499999989
v 0.0417159833 -0.127341166 0
v 0.0385349803 -0.128339604 0
v 0.0442225449 -0.13608256 -0.00600000005
v 0.0399132483 -0.133146286 -0.00499999989
v 0.035330113 -0.129258573 0
v 0.0367084146 -0.134065241 -0.00499999989
v 0.044474151 -0.13696003 -0.00499999989
v 0.0854594335 -0.109625205 -0.00499999989
v 0.0822433233 -0.105792403 0
v 0.0880886242 -0.112758555 -0.00600000005
v 0.0848498717 -0.10371355 0
v 0.0880640596 -0.107544035 -0.00499999989
v 0.0906180292 -0.105401002 -0.00499999989
v 0.0874038786 -0.101570472 0
v 0.0931198746 -0.103197321 -0.00499999989
v 0.0899037719 -0.099364534 0
v 0.0886753798 -0.113457814 -0.00499999989
v 0.0899037719 -0.099364534 -0.000261100009
v 0.045853138 -0.141769141 -9.10599992E-05
v 0.045853138 -0.141769141 0
v 0.0412915088 -0.137952924 -0.00499999989
v 0.0426697657 -0.142759547 0
v 0.0394650213 -0.143678516 0
v 0.0380867198 -0.138871878 -0.00499999989
v 0.0362405293 -0.144525513 0
v 0.0348615311 -0.139716417 -0.00499999989
v 0.0362405293 -0.144525513 -9.10599992E-05
v 0.0478170514 -0.141118854 -0.00300000003
v 0.0464394838 -0.136306167 -0.00800000038
v 0.0463465862 -0.13623406 -0.00800000038
v 0.0627489239 -0.135142788 -0.00300000003
v 0.0607157424 -0.130574107 -0.00800000038
v 0.0627489239 -0.135142788 -0.00300000003
v 0.045853138 -0.141769141 0
v 0.0918911844 -0.117290266 0
v 0.0769496784 -0.127592102 -0.00300000003
v 0.0769496784 -0.127592102 -0.00300000003
v 0.07429903 -0.123351745 -0.00800000038
v 0.0918911844 -0.117290266 -9.10599992E-05
v 0.0870343074 -0.114721522 -0.00800000038
v 0.0902538598 -0.118554793 -0.00300000003
v 0.0870264769 -0.114604175 -0.00800000038
v 0.0918911844 -0.117290266 0
v 0.0912782475 -0.111374512 -0.00499999989
v 0.0944924057 -0.11520496 0
v 0.0970463082 -0.113061987 0
v 0.0938321874 -0.109231502 -0.00499999989
v 0.0995516255 -0.110862397 0
v 0.0963358209 -0.107029945 -0.00499999989
v 0.0995516255 -0.110862397 -9.10599992E-05
v 0.0957490727 -0.106330678 -0.00600000005
v 0.093597509 -0.103766546 -0.00600000005
v 0.0913247466 -0.0980601385 -0.00300000003
v 0.0944992527 -0.101839505 -0.00792945921
v 0.0945964158 -0.101845548 -0.00800000038
v 0.111340538 -0.0745605975 -0.00300000003
v 0.116434172 -0.0759215504 -0.00800000038
v 0.125447899 -0.0471043959 -0.00300000003
v 0.131348059 -0.0454828143 -0.00800000038
v 0.132898182 -0.017148532 -0.00300000003
v 0.138451204 -0.0123393917 -0.00800000038
v 0.111340538 -0.0745605975 -0.00300000003
v 0.110619903 -0.0756256208 0
v 0.125220433 -0.0477057844 0
v 0.125447899 -0.0471043959 -0.00300000003
v 0.132898182 -0.017148532 0
v 0.132898182 -0.017148532 -0.00300000003
v 0.0987189859 -0.0159549639 0
v 0.0987189636 -0.0159549732 -0.00300000003
v 0.0911192894 -0.0411980003 -0.00300000003
v 0.088632457 -0.0463064462 0
v 0.0771871135 -0.0635778904 -0.00300000003
v 0.0694792718 -0.0719210207 0
v 0.0578907095 -0.0815393403 -0.00300000003
v 0.0432186686 -0.0901784077 0
v 0.0337178968 -0.0941440463 -0.00954130013
v 0.035306368 -0.0935599282 -0.0108549995
v 0.0317826644 -0.0948148891 -0.00886811968
v 0.0363706984 -0.0931513384 -0.0126455994
v 0.0297279134 -0.0954790488 -0.00892060995
v 0.0578907095 -0.0815393403 -0.0171908401
v 0.0125370193 -0.0992110074 0
v 0.0366994031 -0.0930223241 -0.0138058104
v 0.0368089564 -0.0929790288 -0.0149999997
v 0.0278011598 -0.0960577726 -0.00969210919
v 0.0481300913 -0.0876555443 -0.0259999987
v 0.0535188317 -0.0844732821 -0.0259999987
v 0.0425528511 -0.0904944986 -0.0259999987
v 0.0368089564 -0.0929790288 -0.0259999987
v -0.000514116255 -0.0999986753 -0.00954160932
v -0.0025620698 -0.0999671742 -0.00886820909
v 0.00117825507 -0.0999930575 -0.0108555397
v 0.0262371395 -0.0964966938 -0.0110851703
v 0.00231793872 -0.0999731198 -0.0126463305
v 0.0252228994 -0.096766755 -0.0129270097
v 0.00267081265 -0.0999643281 -0.0138066392
v -0.0194270909 -0.0980947837 0
v 0.024872629 -0.0968573838 -0.0149999997
v -0.00472013233 -0.0998885408 -0.00892050937
v 0.0027884054 -0.0999611169 -0.0149999997
v -0.00672874413 -0.0997733697 -0.0096918596
v 0.0102201412 -0.0994763747 -0.0259999987
v 0.0027884054 -0.0999611169 -0.0259999987
v 0.0175951757 -0.0984398797 -0.0259999987
v 0.024872629 -0.0968573838 -0.0259999987
v -0.0346846841 -0.0937921777 -0.00954159908
v -0.036598362 -0.0930621251 -0.00886820909
v -0.0330924504 -0.094365716 -0.0108555304
v -0.00834870804 -0.0996508747 -0.0110848602
v -0.0320146903 -0.0947367996 -0.0126463193
v -0.00939429738 -0.0995577574 -0.0129267294
v -0.0316800699 -0.094849214 -0.0138066299
v -0.0494039245 -0.0869439617 0
v -0.00975455996 -0.0995231047 -0.0149999997
v -0.0385993868 -0.0922501385 -0.00892050937
v -0.0404474586 -0.0914549157 -0.00969186984
v -0.0315684676 -0.0948864073 -0.0149999997
v -0.0634375811 -0.0773024783 -0.00300002005
v -0.0743269622 -0.0668991953 0
v -0.0419278331 -0.0907857716 -0.0110848695
v -0.0814340562 -0.0580387115 -0.00300000003
v -0.0916467234 -0.0400109552 0
v -0.0937711596 -0.0347414725 -0.00300000003
v -0.0995914713 -0.00902980287 0
v -0.0995914787 -0.00902979821 -0.00300000003
v -0.063437596 -0.0773024708 -0.0171906482
v -0.0428785123 -0.0903406441 -0.0129267387
v -0.043205183 -0.0901848748 -0.0149999997
v -0.0171343666 -0.0985211283 -0.0259999987
v -0.00975455996 -0.0995231047 -0.0259999987
v -0.0244191382 -0.0969727039 -0.0259999987
v -0.0315684676 -0.0948864073 -0.0259999987
v -0.0541273281 -0.0840846598 -0.0259999987
v -0.0592809133 -0.0805342644 -0.0259999987
v -0.0487617441 -0.087305747 -0.0259999987
v -0.043205183 -0.0901848748 -0.0259999987
v 0.0367084146 -0.134065241 -0.00499999989
v 0.0334824845 -0.134907097 -0.00499999989
v 0.0348615311 -0.139716417 -0.00499999989
v 0.0380867198 -0.138871878 -0.00499999989
v 0.0399132483 -0.133146286 -0.00499999989
v 0.0412915088 -0.137952924 -0.00499999989
v 0.044474151 -0.13696003 -0.00499999989
v 0.0430951044 -0.13215071 -0.00499999989
v 0.0346099287 -0.138838932 -0.00600000005
v 0.0336873047 -0.135621354 -0.00600000005
v 0.0328889154 -0.140092984 -0.00800000038
v 0.0315361358 -0.135375306 -0.00800000038
v 0.0315854587 -0.135291368 -0.00792945921
v 0.0328483544 -0.140203372 -0.00800000038
v 0.0328889154 -0.140092984 -0.00800000038
v 0.0315361358 -0.135375306 -0.00800000038
v -0.00942995492 -0.138679758 -0.00800000038
v -0.0156708863 -0.143144757 -0.00800000038
v -0.049571652 -0.129860118 -0.00800000038
v -0.0624044836 -0.129775494 -0.00800000038
v -0.0853795409 -0.10968744 -0.00800000038
v -0.102027401 -0.101618923 -0.00800000038
v -0.113723107 -0.0799253136 -0.00800000038
v -0.130024776 -0.0618833899 -0.00800000038
v -0.132124394 -0.0431757122 -0.00800000038
v -0.143206477 -0.015096521 -0.00800000038
v -0.138974711 -0.00265147211 -0.00800000038
v -0.138451204 0.0123393917 -0.00800000038
v -0.0949075371 -0.00419032574 -0.00800000038
v -0.0943840519 0.010800533 -0.00800000038
v -0.140070468 0.0334105156 -0.00800000038
v -0.126579344 0.0574340336 -0.00800000038
v -0.120974109 0.0781105831 -0.00800000038
v -0.100461699 0.096064806 -0.00800000038
v -0.0880933329 0.113910332 -0.00800000038
v -0.0630376562 0.12388403 -0.00800000038
v -0.045174744 0.136730537 -0.00800000038
v -0.0185190905 0.137760803 -0.00800000038
v 0.00289128302 0.143970966 -0.00800000038
v 0.0280836895 0.136133417 -0.00800000038
v 0.0506278649 0.134806588 -0.00800000038
v 0.0715258121 0.119184971 -0.00800000038
v 0.0925956517 0.110281654 -0.00800000038
v 0.106918126 0.0888229385 -0.00800000038
v 0.124012604 0.0731906518 -0.00800000038
v 0.130277395 0.0484643988 -0.00800000038
v 0.14129892 0.0277599525 -0.00800000038
v 0.138974711 0.00265147211 -0.00800000038
v 0.142484903 -0.0208338965 -0.00800000038
v 0.138451204 -0.0123393917 -0.00800000038
v 0.0943840519 -0.010800533 -0.00800000038
v 0.0949075744 0.00419030664 -0.00800000038
v 0.131348059 -0.0454828143 -0.00800000038
v 0.127435416 -0.0670538098 -0.00800000038
v 0.116434172 -0.0759215504 -0.00800000038
v 0.0978652835 -0.105633266 -0.00800000038
v 0.0945964158 -0.101845548 -0.00800000038
v 0.0977511033 -0.105605163 -0.00800000038
v 0.0328889154 -0.140092984 -0.00800000038
v 0.0328483544 -0.140203372 -0.00800000038
v 0.0342304334 -0.145014748 -0.00300000003
v -0.0110822767 -0.148587286 -0.00300000003
v -0.0156708863 -0.143144757 -0.00800000038
v -0.0553636812 -0.138332427 -0.00300000003
v -0.0624044836 -0.129775494 -0.00800000038
v -0.0944929868 -0.115204476 -0.00300000003
v -0.102027401 -0.101618923 -0.00800000038
v -0.124828868 -0.0813557059 -0.00300000003
v -0.130024776 -0.0618833899 -0.00800000038
v -0.14354828 -0.0399360508 -0.00300000003
v -0.143206477 -0.015096521 -0.00800000038
v -0.148909226 0.00520002842 -0.00300000003
v -0.140070468 0.0334105156 -0.00800000038
v -0.138150394 0.0558163822 -0.00300000003
v -0.120974109 0.0781105831 -0.00800000038
v -0.110728577 0.0997004509 -0.00300000003
v -0.0880933329 0.113910332 -0.00800000038
v -0.0699512586 0.131559178 -0.00300000003
v -0.045174744 0.136730537 -0.00800000038
v -0.0207367893 0.147549957 -0.00300000003
v 0.00289128302 0.143970966 -0.00800000038
v 0.0309788436 0.145743981 -0.00300000003
v 0.0506278649 0.134806588 -0.00800000038
v 0.0789579675 0.12635918 -0.00300000003
v 0.0925956517 0.110281654 -0.00800000038
v 0.117413595 0.09173356 -0.00300000003
v 0.124012604 0.0731906518 -0.00800000038
v 0.14170742 0.0460435338 -0.00300000003
v 0.14129892 0.0277599525 -0.00800000038
v 0.148909226 -0.00520002842 -0.00300000003
v 0.142484903 -0.0208338965 -0.00800000038
v 0.142417893 -0.0437966287 -0.00300000003
v 0.127435416 -0.0670538098 -0.00800000038
v 0.126099914 -0.0793713331 -0.00300000003
v 0.0978652835 -0.105633266 -0.00800000038
v 0.101081252 -0.109469533 -0.00300000003
v 0.0977511033 -0.105605163 -0.00800000038
v 0.126099914 -0.0793713331 -0.00300000003
v 0.0995516255 -0.110862397 0
v 0.110728577 -0.0997004509 0.00999996997
v 0.0970463082 -0.113061987 0
v 0.0944924057 -0.11520496 0
v 0.0918911844 -0.117290266 0
v 0.138150394 -0.0558163822 0.00999996997
v 0.0699512586 -0.131559178 0.00999996997
v 0.142417893 -0.0437966287 -0.00300000003
v 0.045853138 -0.141769141 0
v 0.148909226 -0.00520002376 0.00999996997
v 0.148909226 -0.00520002842 -0.00300000003
v 0.14170742 0.0460435338 -0.00300000003
v 0.14170742 0.0460435338 0.00999996997
v 0.0207367893 -0.147549957 0.00999996997
v 0.117413595 0.09173356 -0.00300000003
v 0.117413595 0.09173356 0.00999996997
v 0.0789579675 0.12635918 0.00999996997
v 0.0789579675 0.12635918 -0.00300000003
v 0.0309788436 0.145743981 0.00999996997
v 0.0309788436 0.145743981 -0.00300000003
v -0.0207367893 0.147549957 0.00999996997
v -0.0207367893 0.147549957 -0.00300000003
v -0.0699512586 0.131559178 0.00999996997
v -0.0699512586 0.131559178 -0.00300000003
v -0.110728577 0.0997004509 0.00999996997
v -0.110728577 0.0997004509 -0.00300000003
v -0.138150394 0.0558163822 0.00999996997
v -0.138150394 0.0558163822 -0.00300000003
v -0.148909271 0.00520002842 0.00999996997
v -0.148909226 0.00520002842 -0.00300000003
v -0.14354828 -0.0399360508 -0.00300000003
v -0.14170742 -0.0460435338 0.00999996997
v -0.124828868 -0.0813557059 -0.00300000003
v -0.117413595 -0.09173356 0.00999996997
v -0.0944929868 -0.115204476 -0.00300000003
v -0.0789579675 -0.12635918 0.00999996997
v -0.0553636812 -0.138332427 -0.00300000003
v -0.0309788436 -0.145743981 0.00999996997
v -0.0110822767 -0.148587286 -0.00300000003
v 0.0362405293 -0.144525513 0
v 0.0394650213 -0.143678516 0
v 0.0426697657 -0.142759547 0
v 0.0307060275 -0.128514707 0
v 0.0223647784 -0.128825933 0.00200000009
v 0.0195435137 -0.131715506 0
v 0.0290656276 -0.126904488 0.00200000009
v 0.0195435137 -0.131715506 0
v 0.0223647784 -0.128825933 0.00200000009
v 0.0232027434 -0.11769677 0
v 0.0257593337 -0.115821138 0.00200000009
v 0.0232027434 -0.11769677 0
v 0.0219021831 -0.117375068 0
v 0.0195435137 -0.131715506 0
v 0.0207320303 -0.116893515 0
v 0.0190698039 -0.115794368 0
v 0.0110366624 -0.133544713 0
v 0.0178560261 -0.114547342 0
v 0.0168789662 -0.113033295 0
v 0.0321033746 -0.130097538 0
v -0.0103101349 -0.133602753 0
v 0.0307060275 -0.128514707 0
v 0.0161765572 -0.111243896 0
v 0.035330113 -0.129258573 0
v -0.0194270909 -0.0980947837 0
v -0.0313952826 -0.130270243 0
v 0.0158078615 -0.108513534 0
v -0.0516836792 -0.123631693 0
v 0.0379317813 -0.12644276 0
v 0.0385349803 -0.128339604 0
v 0.0339273736 -0.116438597 0
v 0.03497684 -0.116137676 0
v 0.0417159833 -0.127341166 0
v 0.0479192659 -0.123578891 0
v 0.0560213849 -0.121727578 0
v 0.0396501496 -0.0947410464 0
v 0.0125370193 -0.0992110074 0
v -0.0494039245 -0.0869439617 0
v -0.0706604421 -0.113855608 0
v -0.0878439769 -0.10119009 0
v 0.016263647 -0.106005162 0
v -0.0743269622 -0.0668991953 0
v -0.102798194 -0.0859565511 0
v -0.115143582 -0.0685416013 0
v 0.0175743867 -0.103584304 0
v -0.0916467234 -0.0400109552 0
v -0.12456686 -0.0493872017 0
v -0.130828857 -0.028979443 0
v -0.0995914713 -0.00902980287 0
v -0.13377066 -0.00783624128 0
v 0.0192658231 -0.101807646 0
v 0.0216425247 -0.100242749 0
v 0.0249351021 -0.0989605114 0
v 0.0432186686 -0.0901784077 0
v 0.0684642941 -0.101820149 0
v 0.0695899725 -0.114513032 0
v 0.0742450282 -0.10870935 0
v 0.0822433233 -0.105792403 0
v 0.0933977142 -0.0926383734 0
v 0.0848498717 -0.10371355 0
v 0.0874038786 -0.101570472 0
v 0.0899037719 -0.099364534 0
v 0.110619903 -0.0756256208 0
v 0.0747568607 -0.0704230741 0
v 0.0660912916 -0.0776943713 0
v 0.0789513737 -0.0930204466 0
v 0.0694792718 -0.0719210207 0
v 0.088632457 -0.0463064462 0
v 0.125220433 -0.0477057844 0
v 0.0987189859 -0.0159549639 0
v 0.132898182 -0.017148532 0
v 0.0223647784 -0.128825933 0.00300000003
v 0.0290656276 -0.126904488 0.00300000003
v 0.0257593337 -0.115821138 0.00300000003
v 0.0322869681 -0.114828371 0.00300000003
v 0.0289463419 -0.11084187 0.00300000003
v 0.0349703394 -0.10911452 0.00300000003
v 0.0275818966 -0.111069232 0.00300000003
v 0.0268136878 -0.111018747 0.00300000003
v 0.0261145774 -0.110817038 0.00300000003
v 0.023700228 -0.115751401 0.00300000003
v 0.0254156496 -0.110390909 0.00300000003
v 0.0219019409 -0.115235023 0.00300000003
v 0.0203613658 -0.114267327 0.00300000003
v 0.0248910524 -0.109770775 0.00300000003
v 0.0195369478 -0.113443121 0.00300000003
v 0.0188615173 -0.112489156 0.00300000003
v 0.024541378 -0.10895519 0.00300000003
v 0.0180990789 -0.11069262 0.00300000003
v 0.017806625 -0.108591333 0.00300000003
v 0.0244382899 -0.108191215 0.00300000003
v 0.0181670282 -0.106621243 0.00300000003
v 0.0245754085 -0.107456014 0.00300000003
v 0.0191736985 -0.104785211 0.00300000003
v 0.0204641819 -0.103413716 0.00300000003
v 0.0249527525 -0.106749602 0.00300000003
v 0.0221099798 -0.102263965 0.00300000003
v 0.0255352538 -0.106124751 0.00300000003
v 0.0262828488 -0.105635688 0.00300000003
v 0.0254863724 -0.100883044 0.00300000003
v 0.0271880031 -0.105284572 0.00300000003
v 0.0333642848 -0.103513561 0.00300000003
v 0.0382789038 -0.0972148404 0.00300000003
v 0.0363480933 -0.11366386 0.00300000003
v 0.0454454757 -0.122207642 0.00300000003
v 0.0393030271 -0.123968959 0.00300000003
v 0.0257593337 -0.115821138 0.00300000003
v 0.0223647784 -0.128825933 0.00200000009
v 0.0223647784 -0.128825933 0.00300000003
v 0.0257593337 -0.115821138 0.00200000009
v 0.0349703394 -0.10911452 0.00300000003
v 0.0289463419 -0.11084187 0.00200000009
v 0.0289463419 -0.11084187 0.00300000003
v 0.0349703394 -0.10911452 0.00200000009
v 0.0289463419 -0.11084187 0.00300000003
v 0.0289463419 -0.11084187 0.00200000009
v 0.0275818966 -0.111069232 0.00200000009
v 0.0275818966 -0.111069232 0.00300000003
v 0.0268136878 -0.111018747 0.00200000009
v 0.0268136878 -0.111018747 0.00300000003
v 0.0261145774 -0.110817038 0.00200000009
v 0.0261145774 -0.110817038 0.00300000003
v 0.0254156496 -0.110390909 0.00200000009
v 0.0254156496 -0.110390909 0.00300000003
v 0.0248910524 -0.109770775 0.00200000009
v 0.0248910524 -0.109770775 0.00300000003
v 0.024541378 -0.10895519 0.00300000003
v 0.024541378 -0.10895519 0.00200000009
v 0.0244382899 -0.108191215 0.00300000003
v 0.0244382899 -0.108191215 0.00200000009
v 0.0245754085 -0.107456014 0.00200000009
v 0.0245754085 -0.107456014 0.00300000003
v 0.0249527525 -0.106749602 0.00200000009
v 0.0249527525 -0.106749602 0.00300000003
v 0.0255352538 -0.106124751 0.00200000009
v 0.0255352538 -0.106124751 0.00300000003
v 0.0262828488 -0.105635688 0.00200000009
v 0.0262828488 -0.105635688 0.00300000003
v 0.0271880031 -0.105284572 0.00300000003
v 0.0271880031 -0.105284572 0.00200000009
v 0.0289463419 -0.11084187 0.00200000009
v 0.0286707059 -0.109880619 0
v 0.0275818966 -0.111069232 0.00200000009
v 0.0275080241 -0.110070638 0
v 0.0268136878 -0.111018747 0.00200000009
v 0.0269468203 -0.110026635 0
v 0.0261145774 -0.110817038 0.00200000009
v 0.0265013166 -0.109894842 0
v 0.0260673761 -0.109632455 0
v 0.0254156496 -0.110390909 0.00200000009
v 0.0257512666 -0.109260611 0
v 0.0248910524 -0.109770775 0.00200000009
v 0.0255026426 -0.108679563 0
v 0.024541378 -0.10895519 0.00200000009
v 0.0244382899 -0.108191215 0.00200000009
v 0.0254377127 -0.10821043 0
v 0.02551453 -0.107798651 0
v 0.0245754085 -0.107456014 0.00200000009
v 0.0257647373 -0.107333288 0
v 0.0249527525 -0.106749602 0.00200000009
v 0.0261492804 -0.106915116 0
v 0.0255352538 -0.106124751 0.00200000009
v 0.0266976394 -0.106546685 0
v 0.0262828488 -0.105635688 0.00200000009
v 0.0274636354 -0.106245838 0
v 0.0271880031 -0.105284572 0.00200000009
v 0.0289463419 -0.11084187 0.00200000009
v 0.0337334424 -0.108428895 0
v 0.0286707059 -0.109880619 0
v 0.0349703394 -0.10911452 0.00200000009
v 0.0271880031 -0.105284572 0.00300000003
v 0.0271880031 -0.105284572 0.00200000009
v 0.0333642848 -0.103513561 0.00300000003
v 0.0333642848 -0.103513561 0.00200000009
v 0.03267866 -0.104750462 0
v 0.0271880031 -0.105284572 0.00200000009
v 0.0274636354 -0.106245838 0
v 0.0333642848 -0.103513561 0.00200000009
v 0.0333642848 -0.103513561 0.00300000003
v 0.0333642848 -0.103513561 0.00200000009
v 0.0349703394 -0.10911452 0.00300000003
v 0.0349703394 -0.10911452 0.00200000009
v 0.0349703394 -0.10911452 0.00200000009
v 0.0333642848 -0.103513561 0.00200000009
v 0.03267866 -0.104750462 0
v 0.0337334424 -0.108428895 0
v 0.0322869681 -0.114828371 0.00300000003
v 0.0322869681 -0.114828371 0.00200000009
v 0.0363480933 -0.11366386 0.00300000003
v 0.0363480933 -0.11366386 0.00200000009
v 0.0363480933 -0.11366386 0.00300000003
v 0.0363480933 -0.11366386 0.00200000009
v 0.0393030271 -0.123968959 0.00300000003
v 0.0393030271 -0.123968959 0.00200000009
v 0.0363480933 -0.11366386 0.00200000009
v 0.0322869681 -0.114828371 0.00200000009
v 0.03497684 -0.116137676 0
v 0.0339273736 -0.116438597 0
v 0.0322869681 -0.114828371 0.00200000009
v 0.0290656276 -0.126904488 0.00200000009
v 0.0339273736 -0.116438597 0
v 0.0307060275 -0.128514707 0
v 0.0290656276 -0.126904488 0.00200000009
v 0.0322869681 -0.114828371 0.00200000009
v 0.0322869681 -0.114828371 0.00300000003
v 0.0290656276 -0.126904488 0.00300000003
v 0.0393030271 -0.123968959 0.00200000009
v 0.03497684 -0.116137676 0
v 0.0379317813 -0.12644276 0
v 0.0363480933 -0.11366386 0.00200000009
v 0.0393030271 -0.123968959 0.00300000003
v 0.0393030271 -0.123968959 0.00200000009
v 0.0454454757 -0.122207642 0.00300000003
v 0.0454454757 -0.122207642 0.00200000009
v 0.0223647784 -0.128825933 0.00200000009
v 0.0290656276 -0.126904488 0.00200000009
v 0.0290656276 -0.126904488 0.00300000003
v 0.0223647784 -0.128825933 0.00300000003
v 0.0432999134 -0.132864982 -0.00600000005
v 0.0442225449 -0.13608256 -0.00600000005
v 0.0463465862 -0.13623406 -0.00800000038
v 0.0449938066 -0.131516382 -0.00800000038
v 0.0449075103 -0.131471321 -0.00792945921
v 0.0463465862 -0.13623406 -0.00800000038
v 0.0464394838 -0.136306167 -0.00800000038
v 0.0449938066 -0.131516382 -0.00800000038
v 0.0607157424 -0.130574107 -0.00800000038
v 0.0586608313 -0.126015484 -0.00800000038
v 0.0716688633 -0.119099006 -0.00800000038
v 0.07429903 -0.123351745 -0.00800000038
v 0.0838718042 -0.11084459 -0.00800000038
v 0.0870343074 -0.114721522 -0.00800000038
v 0.0870264769 -0.114604175 -0.00800000038
v 0.0880640596 -0.107544035 -0.00499999989
v 0.0854594335 -0.109625205 -0.00499999989
v 0.0886753798 -0.113457814 -0.00499999989
v 0.0912782475 -0.111374512 -0.00499999989
v 0.0906180292 -0.105401002 -0.00499999989
v 0.0938321874 -0.109231502 -0.00499999989
v 0.0963358209 -0.107029945 -0.00499999989
v 0.0931198746 -0.103197321 -0.00499999989
v 0.0859370604 -0.110194422 -0.00600000005
v 0.0838827118 -0.110747851 -0.00792945921
v 0.0838718042 -0.11084459 -0.00800000038
v 0.0870264769 -0.114604175 -0.00800000038
v 0.0880886242 -0.112758555 -0.00600000005
v 0.0933977142 -0.0926383734 0
v 0.074491553 -0.10589169 0.00200000009
v 0.0742450282 -0.10870935 0
v 0.0905800536 -0.0923918486 0.00200000009
v 0.074491553 -0.10589169 0.00200000009
v 0.0684642941 -0.101820149 0
v 0.0742450282 -0.10870935 0
v 0.0712819695 -0.102066666 0.00200000009
v 0.0712819695 -0.102066666 0.00200000009
v 0.074491553 -0.10589169 0.00200000009
v 0.074491553 -0.10589169 0.00300000003
v 0.0712819695 -0.102066666 0.00300000003
v 0.074491553 -0.10589169 0.00300000003
v 0.074491553 -0.10589169 0.00200000009
v 0.0905800536 -0.0923918486 0.00300000003
v 0.0905800536 -0.0923918486 0.00200000009
v 0.0905800536 -0.0923918486 0.00300000003
v 0.0905800536 -0.0923918486 0.00200000009
v 0.0745103508 -0.0732407495 0.00300000003
v 0.0745103508 -0.0732407495 0.00200000009
v 0.0745103508 -0.0732407495 0.00300000003
v 0.0689089522 -0.0779408813 0.00300000003
v 0.0817690566 -0.093266964 0.00300000003
v 0.0905800536 -0.0923918486 0.00300000003
v 0.074491553 -0.10589169 0.00300000003
v 0.0712819695 -0.102066666 0.00300000003
v 0.0689089522 -0.0779408813 0.00300000003
v 0.0689089522 -0.0779408813 0.00200000009
v 0.0817690566 -0.093266964 0.00300000003
v 0.0817690566 -0.093266964 0.00200000009
v 0.0817690566 -0.093266964 0.00300000003
v 0.0817690566 -0.093266964 0.00200000009
v 0.0712819695 -0.102066666 0.00300000003
v 0.0712819695 -0.102066666 0.00200000009
v 0.0789513737 -0.0930204466 0
v 0.0689089522 -0.0779408813 0.00200000009
v 0.0660912916 -0.0776943713 0
v 0.0817690566 -0.093266964 0.00200000009
v 0.0689089522 -0.0779408813 0.00200000009
v 0.0745103508 -0.0732407495 0.00200000009
v 0.0660912916 -0.0776943713 0
v 0.0747568607 -0.0704230741 0
v 0.0745103508 -0.0732407495 0.00200000009
v 0.0689089522 -0.0779408813 0.00200000009
v 0.0689089522 -0.0779408813 0.00300000003
v 0.0745103508 -0.0732407495 0.00300000003
v 0.0745103508 -0.0732407495 0.00200000009
v 0.0905800536 -0.0923918486 0.00200000009
v 0.0933977142 -0.0926383734 0
v 0.0747568607 -0.0704230741 0
v 0.0592197403 -0.0747862905 -0.00760621997
v 0.0578907095 -0.0815393403 -0.0171908401
v 0.0578907095 -0.0815393403 -0.00300000003
v 0.0592197292 -0.0747862831 -0.01601707
v 0.0322049521 -0.091497764 -0.0105889998
v 0.0290443935 -0.0925495699 -0.0100962901
v 0.0306693427 -0.0920238569 -0.0100537799
v 0.0275188945 -0.0930145755 -0.0107116904
v 0.0334745981 -0.0910409316 -0.0116403103
v 0.0262742769 -0.0933737755 -0.0118289003
v 0.0343330838 -0.0907206684 -0.0130843194
v 0.0254616532 -0.093598634 -0.0133165503
v 0.0346000418 -0.0906191915 -0.014023779
v 0.0251795184 -0.0936749279 -0.0149999997
v 0.0346900783 -0.0905847549 -0.0149999997
v 0.0283844993 -0.0927540734 -0.0250315294
v 0.0251795184 -0.0936749279 -0.0250315294
v 0.031555932 -0.0917236209 -0.0250315294
v 0.0346900783 -0.0905847549 -0.0250315294
v -0.00975455996 -0.0995231047 -0.0149999997
v -0.00843823142 -0.0983707011 -0.0256126095
v -0.00975455996 -0.0995231047 -0.0259999987
v -0.00843823142 -0.0983707011 -0.0149999997
v -0.00939429738 -0.0995577574 -0.0129267294
v -0.0081513403 -0.0984025374 -0.0133280093
v -0.00834870804 -0.0996508747 -0.0110848602
v -0.00731861359 -0.0984875485 -0.0118426299
v -0.00672874413 -0.0997733697 -0.0096918596
v -0.00602829922 -0.0985977128 -0.0107192397
v -0.00472013233 -0.0998885408 -0.00892050937
v -0.00442819111 -0.098698087 -0.0100971796
v -0.0025620698 -0.0999671742 -0.00886820909
v -0.00270873541 -0.0987613648 -0.0100550102
v -0.000514116255 -0.0999986753 -0.00954160932
v -0.00107670785 -0.098778829 -0.0105980691
v 0.00117825507 -0.0999930575 -0.0108555397
v 0.000272154808 -0.0987619981 -0.0116576897
v 0.00231793872 -0.0999731198 -0.0126463305
v 0.00118062971 -0.0987346992 -0.0131018804
v 0.00267081265 -0.0999643281 -0.0138066392
v 0.001461935 -0.0987236574 -0.01403761
v 0.00155568123 -0.0987197012 -0.0149999997
v 0.0027884054 -0.0999611169 -0.0149999997
v 0.00155568123 -0.0987197012 -0.0256126095
v 0.0027884054 -0.0999611169 -0.0259999987
v -0.0323022678 -0.0932982489 -0.0256126095
v -0.0315684676 -0.0948864073 -0.0149999997
v -0.0315684676 -0.0948864073 -0.0259999987
v -0.0323022678 -0.0932982489 -0.0149999997
v -0.0316800699 -0.094849214 -0.0138066299
v -0.0323917083 -0.0932699069 -0.0140375989
v -0.0326598361 -0.0931840688 -0.0131018693
v -0.0320146903 -0.0947367996 -0.0126463193
v -0.033522848 -0.0928989947 -0.0116576897
v -0.0330924504 -0.094365716 -0.0108555304
v -0.0347961374 -0.0924534798 -0.0105980597
v -0.0346846841 -0.0937921777 -0.00954159908
v -0.0363237672 -0.0918788761 -0.0100550102
v -0.036598362 -0.0930621251 -0.00886820909
v -0.0379178897 -0.0912313238 -0.0100971898
v -0.0385993868 -0.0922501385 -0.00892050937
v -0.039387174 -0.0905897394 -0.01071925
v -0.0404474586 -0.0914549157 -0.00969186984
v -0.0405619703 -0.0900449082 -0.0118426299
v -0.0419278331 -0.0907857716 -0.0110848695
v -0.0413153991 -0.0896802098 -0.0133280205
v -0.0428785123 -0.0903406441 -0.0129267387
v -0.0415741056 -0.089552179 -0.0149999997
v -0.043205183 -0.0901848748 -0.0149999997
v -0.0415741056 -0.089552179 -0.0256126095
v -0.043205183 -0.0901848748 -0.0259999987
v -0.00805589464 -0.087421909 -0.0407788083
v -0.00866322033 -0.0694618374 -0.0480000004
v -0.00934994407 -0.0881211534 -0.0417947285
v -0.00742349587 -0.0693125278 -0.0467999987
v 0.00193801872 -0.0877709091 -0.0407788083
v 0.00318011036 -0.0885587186 -0.0417947285
v 0.00379673718 -0.0698969513 -0.0480000004
v 0.00257040723 -0.069661513 -0.0467999987
v 0.00376660819 -0.0697914213 -0.0480000004
v 0.0039277575 -0.0651767775 -0.0480000004
v 0.00272848364 -0.0651349053 -0.0467999987
v 0.00362808211 -0.0630444884 -0.0480000004
v 0.0024868201 -0.0634153187 -0.0467999987
v 0.00167157885 -0.0618820935 -0.0467999987
v 0.00261719944 -0.0611432977 -0.0480000004
v 0.000381131162 -0.0607201569 -0.0467999987
v 0.00101703405 -0.0597025044 -0.0480000004
v -0.0012289047 -0.0600696653 -0.0467999987
v -0.000979411532 -0.0588958859 -0.0480000004
v -0.00296433689 -0.0600090586 -0.0467999987
v -0.00313134189 -0.0588207431 -0.0480000004
v -0.00461582653 -0.0605456643 -0.0467999987
v -0.00517919054 -0.0594861209 -0.0480000004
v -0.00598419178 -0.0616147406 -0.0467999987
v -0.00687596062 -0.0608117916 -0.0480000004
v -0.00690438738 -0.0630873665 -0.0467999987
v -0.00801701006 -0.0626378506 -0.0480000004
v -0.00726542436 -0.0647859052 -0.0467999987
v -0.00846468937 -0.0647440255 -0.0480000004
v -0.00742349587 -0.0693125278 -0.0467999987
v -0.00866322033 -0.0694618374 -0.0480000004
v 0.0153592182 -0.0872745886 -0.0417947285
v 0.0213531274 -0.0860046744 -0.0417947285
v 0.0156165548 -0.0682357848 -0.0480000004
v 0.0117102712 -0.0690135285 -0.0480000004
v 0.00776607729 -0.0695678592 -0.0480000004
v 0.00929187797 -0.0881272852 -0.0417947285
v 0.00379673718 -0.0698969513 -0.0480000004
v 0.00318011036 -0.0885587186 -0.0417947285
v -0.0306820814 -0.0625934824 -0.0467999987
v -0.030097967 -0.0579443872 -0.0480000004
v -0.0318981484 -0.0623097755 -0.0480000004
v -0.0289853495 -0.0583939105 -0.0467999987
v -0.0289569236 -0.0561183393 -0.0480000004
v -0.0280651562 -0.0569212995 -0.0467999987
v -0.0272601526 -0.0547926649 -0.0480000004
v -0.0266967863 -0.055852212 -0.0467999987
v -0.0252123009 -0.0541272871 -0.0480000004
v -0.0250452962 -0.0553156063 -0.0467999987
v -0.0230603684 -0.0542024262 -0.0480000004
v -0.023309866 -0.055376213 -0.0467999987
v -0.0210639276 -0.0550090484 -0.0480000004
v -0.0216998309 -0.0560267121 -0.0467999987
v -0.0194637608 -0.0564498417 -0.0480000004
v -0.0204093829 -0.0571886413 -0.0467999987
v -0.0184528809 -0.0583510436 -0.0480000004
v -0.0195941497 -0.058721859 -0.0467999987
v -0.0181532018 -0.0604833253 -0.0480000004
v -0.0193524752 -0.0604414456 -0.0467999987
v -0.0197135117 -0.0621399805 -0.0467999987
v -0.0186008886 -0.0625895038 -0.0480000004
v -0.0214102454 -0.0663395524 -0.0467999987
v -0.0203383919 -0.0669802055 -0.0480000004
v -0.0213367213 -0.066157572 -0.0449999981
v -0.0197135117 -0.0621399805 -0.0449999981
v -0.0244860984 -0.0650577471 -0.0449999981
v -0.0193524752 -0.0604414456 -0.0449999981
v -0.0195941497 -0.058721859 -0.0449999981
v -0.0204093829 -0.0571886413 -0.0449999981
v -0.0216998309 -0.0560267121 -0.0449999981
v -0.023309866 -0.055376213 -0.0449999981
v -0.0275790878 -0.0638080984 -0.0449999981
v -0.0250452962 -0.0553156063 -0.0449999981
v -0.0266967863 -0.055852212 -0.0449999981
v -0.0280651562 -0.0569212995 -0.0449999981
v -0.0289853495 -0.0583939105 -0.0449999981
v -0.0306085609 -0.062411502 -0.0449999981
v -0.0278065559 -0.0821709931 -0.0392549373
v -0.0213367213 -0.066157572 -0.0449999981
v -0.0244860984 -0.0650577471 -0.0449999981
v -0.0309444256 -0.0810414553 -0.0392549373
v -0.0275790878 -0.0638080984 -0.0449999981
v -0.0340365656 -0.0797921568 -0.0392549373
v -0.0370783955 -0.0784249231 -0.0392549373
v -0.0306085609 -0.062411502 -0.0449999981
v -0.0316526182 -0.091690287 -0.0250315294
v -0.0278065559 -0.0821709931 -0.0392549373
v -0.0309444256 -0.0810414553 -0.0392549373
v -0.0347855538 -0.0905481204 -0.0250315294
v -0.0378773883 -0.0892989486 -0.0250315294
v -0.0340365656 -0.0797921568 -0.0392549373
v -0.040924456 -0.0879442394 -0.0250315294
v -0.0370783955 -0.0784249231 -0.0392549373
v -0.0347855538 -0.0905481204 -0.0250315294
v -0.0316526182 -0.091690287 -0.0149999997
v -0.0316526182 -0.091690287 -0.0250315294
v -0.040924456 -0.0879442394 -0.0149999997
v -0.0378773883 -0.0892989486 -0.0250315294
v -0.040924456 -0.0879442394 -0.0250315294
v -0.0408370309 -0.0879848748 -0.014023779
v -0.0319287404 -0.0915945098 -0.0133165503
v -0.0405778065 -0.08810471 -0.0130843194
v -0.0327237062 -0.0913135186 -0.0118289003
v -0.0397437513 -0.0884840861 -0.0116403103
v -0.0339402221 -0.0908683762 -0.0107116904
v -0.0385090634 -0.0890283734 -0.0105889998
v -0.0354295783 -0.0902980864 -0.0100962901
v -0.0370138884 -0.0896603093 -0.0100537799
v -0.0634375811 -0.0773024783 -0.00300002005
v -0.063437596 -0.0773024708 -0.0171906482
v -0.0642922893 -0.0704731047 -0.00760638993
v -0.0642923042 -0.070473142 -0.01601707
v -0.063437596 -0.0773024708 -0.0171906482
v -0.0592809133 -0.0805342644 -0.0259999987
v -0.0642923042 -0.070473142 -0.01601707
v -0.0568951219 -0.0604247265 -0.0333287604
v -0.0525320098 -0.0713662803 -0.0417947285
v -0.13377066 -0.00783624128 -0.00300000003
v -0.0995914787 -0.00902979821 -0.00300000003
v -0.0949075371 -0.00419032574 -0.00800000038
v -0.138974711 -0.00265147211 -0.00800000038
v -0.0568951219 -0.0604247265 -0.0333287604
v -0.0482252389 -0.0486474633 -0.0379999988
v -0.0482252389 -0.0486474633 -0.0179999992
v -0.0580921583 -0.0620507896 -0.0179999992
v -0.0642923042 -0.070473142 -0.01601707
v -0.0642922893 -0.0704731047 -0.00760638993
v -0.0482252389 -0.0486474633 -0.0379999988
v -0.0346783958 -0.0471132472 -0.0480000004
v -0.0478639007 -0.0336347558 -0.0480000004
v -0.0596194714 -0.0337308273 -0.0379999988
v -0.0560769588 -0.0166620463 -0.0480000004
v -0.0665369555 -0.0162813701 -0.0379999988
v -0.0584643744 0.00204162113 -0.0480000004
v -0.0684582666 0.0023906182 -0.0379999988
v -0.0652391464 0.0208830964 -0.0379999988
v -0.0547780804 0.0205331966 -0.0480000004
v -0.057121288 0.0378074981 -0.0379999988
v -0.0454010665 0.0368916467 -0.0480000004
v -0.0447142981 0.0518929847 -0.0379999988
v -0.0313074663 0.0494175218 -0.0480000004
v -0.0482252389 -0.0486474633 -0.0379999988
v -0.0414960571 -0.0563744307 -0.048000019
v -0.0346783958 -0.0471132472 -0.0480000004
v -0.0568951219 -0.0604247265 -0.0333287604
v -0.0525320098 -0.0713662803 -0.0417947285
v -0.0525320098 -0.0713662803 -0.0417947285
v -0.0384047702 -0.0585241169 -0.0480000004
v -0.0414960571 -0.0563744307 -0.048000019
v -0.0481638946 -0.074384138 -0.0417947285
v -0.0352023803 -0.06050447 -0.0480000004
v -0.0436228849 -0.0771349669 -0.0417947285
v -0.0318981484 -0.0623097755 -0.0480000004
v -0.0389252827 -0.0796089321 -0.0417947285
v -0.0592809133 -0.0805342644 -0.0259999987
v -0.0481638946 -0.074384138 -0.0417947285
v -0.0525320098 -0.0713662803 -0.0417947285
v -0.0541273281 -0.0840846598 -0.0259999987
v -0.0436228849 -0.0771349669 -0.0417947285
v -0.0487617441 -0.087305747 -0.0259999987
v -0.0389252827 -0.0796089321 -0.0417947285
v -0.043205183 -0.0901848748 -0.0259999987
v -0.0374701098 -0.0793944597 -0.0407788083
v -0.0318981484 -0.0623097755 -0.0480000004
v -0.0389252827 -0.0796089321 -0.0417947285
v -0.0306820814 -0.0625934824 -0.0467999987
v -0.0374701098 -0.0793944597 -0.0407788083
v -0.0389252827 -0.0796089321 -0.0417947285
v -0.043205183 -0.0901848748 -0.0259999987
v -0.0415741056 -0.089552179 -0.0256126095
v -0.0273005366 -0.0843056366 -0.0417947285
v -0.0203383919 -0.0669802055 -0.0480000004
v -0.028198272 -0.0831405222 -0.0407788083
v -0.0214102454 -0.0663395524 -0.0467999987
v -0.00801939424 -0.0863768756 -0.0392549373
v -0.00409220438 -0.0693926066 -0.0449999981
v -0.00741663901 -0.0691163689 -0.0449999981
v -0.00469338894 -0.0866212845 -0.0392549373
v -0.00136044028 -0.08673767 -0.0392549373
v -0.000758347509 -0.0695090294 -0.0449999981
v 0.00197451585 -0.0867258608 -0.0392549373
v 0.00257726433 -0.0694653615 -0.0449999981
v -0.00409220438 -0.0693926066 -0.0449999981
v -0.00726542436 -0.0647859052 -0.0449999981
v -0.00741663901 -0.0691163689 -0.0449999981
v -0.00690438738 -0.0630873665 -0.0449999981
v -0.00598419178 -0.0616147406 -0.0449999981
v -0.00461582653 -0.0605456643 -0.0449999981
v -0.00296433689 -0.0600090586 -0.0449999981
v -0.000758347509 -0.0695090294 -0.0449999981
v -0.0012289047 -0.0600696653 -0.0449999981
v 0.000381131162 -0.0607201569 -0.0449999981
v 0.00167157885 -0.0618820935 -0.0449999981
v 0.0024868201 -0.0634153187 -0.0449999981
v 0.00272848364 -0.0651349053 -0.0449999981
v 0.00257726433 -0.0694653615 -0.0449999981
v -0.00837770198 -0.0966375396 -0.0250315294
v -0.00469338894 -0.0866212845 -0.0392549373
v -0.00801939424 -0.0863768756 -0.0392549373
v -0.00505106896 -0.0968683958 -0.0250315294
v -0.00136044028 -0.08673767 -0.0392549373
v -0.00171843998 -0.0969847739 -0.0250315294
v 0.00161620136 -0.0969865322 -0.0250315294
v 0.00197451585 -0.0867258608 -0.0392549373
v -0.00171843998 -0.0969847739 -0.0250315294
v 0.00161620136 -0.0969865322 -0.0149999997
v 0.00161620136 -0.0969865322 -0.0250315294
v -0.00837770198 -0.0966375396 -0.0149999997
v -0.00505106896 -0.0968683958 -0.0250315294
v -0.00837770198 -0.0966375396 -0.0250315294
v -0.00828166213 -0.0966458097 -0.014023779
v 0.00132396701 -0.0969909653 -0.0133165503
v -0.00799707603 -0.0966697782 -0.0130843194
v 0.0004808378 -0.0969988033 -0.0118289003
v -0.0070835636 -0.0967410132 -0.0116403103
v -0.000814571336 -0.0969965756 -0.0107116904
v -0.00573719246 -0.0968301818 -0.0105889998
v -0.00240915292 -0.0969700664 -0.0100962901
v -0.00411604391 -0.0969126299 -0.0100537799
v 0.0257154275 -0.0953242779 -0.0149999997
v 0.0259958114 -0.0952560678 -0.0133282393
v 0.0254616532 -0.093598634 -0.0133165503
v 0.0251795184 -0.0936749279 -0.0149999997
v 0.0254616532 -0.093598634 -0.0133165503
v 0.0259958114 -0.0952560678 -0.0133282393
v 0.0262742769 -0.0933737755 -0.0118289003
v 0.0268072821 -0.0950511843 -0.0118428804
v 0.0275188945 -0.0930145755 -0.0107116904
v 0.0280573387 -0.0947134346 -0.0107194399
v 0.0290443935 -0.0925495699 -0.0100962901
v 0.0295951888 -0.0942605212 -0.0100972699
v 0.0306693427 -0.0920238569 -0.0100537799
v 0.0312325545 -0.0937319249 -0.0100549394
v 0.032772135 -0.0931901559 -0.0105978204
v 0.0322049521 -0.091497764 -0.0105889998
v 0.034033969 -0.092712976 -0.0116572594
v 0.0334745981 -0.0910409316 -0.0116403103
v 0.0348784588 -0.0923765674 -0.01310129
v 0.0343330838 -0.0907206684 -0.0130843194
v 0.0351391248 -0.0922699273 -0.0140369404
v 0.0346000418 -0.0906191915 -0.014023779
v 0.0352259874 -0.0922340974 -0.0149999997
v 0.0346900783 -0.0905847549 -0.0149999997
v 0.0352259874 -0.0922340974 -0.0149999997
v 0.0346900783 -0.0905847549 -0.0250315294
v 0.0346900783 -0.0905847549 -0.0149999997
v 0.0352259874 -0.0922340974 -0.0256126095
v 0.0315174349 -0.0808203369 -0.0392549373
v 0.0318405628 -0.0818148404 -0.0407788083
v 0.0315174349 -0.0808203369 -0.0392549373
v 0.0262410417 -0.064581275 -0.0467999987
v 0.0261803977 -0.0643946156 -0.0449999981
v 0.0230608769 -0.0655764937 -0.0449999981
v 0.0283876341 -0.0819720477 -0.0392549373
v 0.0252158847 -0.0830026194 -0.0392549373
v 0.0198882502 -0.0666073337 -0.0449999981
v 0.0220068637 -0.0839105099 -0.0392549373
v 0.0166698284 -0.0674847886 -0.0449999981
v 0.0261803977 -0.0643946156 -0.0449999981
v 0.0248413868 -0.0602735952 -0.0467999987
v 0.0248413868 -0.0602735952 -0.0449999981
v 0.0240261629 -0.0587403663 -0.0449999981
v 0.0240261629 -0.0587403663 -0.0467999987
v 0.0227357 -0.0575784296 -0.0449999981
v 0.0227357 -0.0575784296 -0.0467999987
v 0.0211256593 -0.056927938 -0.0449999981
v 0.0211256593 -0.056927938 -0.0467999987
v 0.0193902459 -0.0568673313 -0.0449999981
v 0.0193902459 -0.0568673313 -0.0467999987
v 0.0177387428 -0.0574039295 -0.0449999981
v 0.0177387428 -0.0574039295 -0.0467999987
v 0.0163703859 -0.0584730171 -0.0449999981
v 0.0163703859 -0.0584730171 -0.0467999987
v 0.0154501861 -0.059945628 -0.0449999981
v 0.0154501861 -0.059945628 -0.0467999987
v 0.0150891514 -0.0616441816 -0.0449999981
v 0.0150891514 -0.0616441816 -0.0467999987
v 0.0153308148 -0.0633637607 -0.0449999981
v 0.0153308148 -0.0633637607 -0.0467999987
v 0.0166698284 -0.0674847886 -0.0449999981
v 0.0167304818 -0.067671448 -0.0467999987
v 0.0220068637 -0.0839105099 -0.0392549373
v 0.0223299991 -0.0849049911 -0.0407788083
v 0.0257154275 -0.0953242779 -0.0256126095
v 0.0251795184 -0.0936749279 -0.0250315294
v 0.0257154275 -0.0953242779 -0.0149999997
v 0.0251795184 -0.0936749279 -0.0149999997
v 0.0251795184 -0.0936749279 -0.0250315294
v 0.0252158847 -0.0830026194 -0.0392549373
v 0.0220068637 -0.0839105099 -0.0392549373
v 0.0283844993 -0.0927540734 -0.0250315294
v 0.031555932 -0.0917236209 -0.0250315294
v 0.0283876341 -0.0819720477 -0.0392549373
v 0.0346900783 -0.0905847549 -0.0250315294
v 0.0315174349 -0.0808203369 -0.0392549373
v 0.0261803977 -0.0643946156 -0.0449999981
v 0.0248413868 -0.0602735952 -0.0449999981
v 0.0230608769 -0.0655764937 -0.0449999981
v 0.0240261629 -0.0587403663 -0.0449999981
v 0.0227357 -0.0575784296 -0.0449999981
v 0.0211256593 -0.056927938 -0.0449999981
v 0.0193902459 -0.0568673313 -0.0449999981
v 0.0198882502 -0.0666073337 -0.0449999981
v 0.0177387428 -0.0574039295 -0.0449999981
v 0.0163703859 -0.0584730171 -0.0449999981
v 0.0154501861 -0.059945628 -0.0449999981
v 0.0150891514 -0.0616441816 -0.0449999981
v 0.0153308148 -0.0633637607 -0.0449999981
v 0.0166698284 -0.0674847886 -0.0449999981
v 0.0313074663 -0.0494175218 -0.0480000004
v 0.0374625064 -0.059131708 -0.0480000004
v 0.0447142981 -0.0518929847 -0.0379999988
v 0.0525415167 -0.0642463416 -0.0333287604
v 0.04742584 -0.0748567879 -0.0417947918
v 0.0447142981 -0.0518929847 -0.0379999988
v 0.0454010665 -0.0368916467 -0.0480000004
v 0.0313074663 -0.0494175218 -0.0480000004
v 0.057121288 -0.0378074981 -0.0379999988
v 0.0547780804 -0.0205331966 -0.0480000004
v 0.0652391464 -0.0208830964 -0.0379999988
v 0.0584643744 -0.00204162113 -0.0480000004
v 0.0684582666 -0.0023906182 -0.0379999988
v 0.0665369555 0.0162813701 -0.0379999988
v 0.0560769588 0.0166620463 -0.0480000004
v 0.0596194714 0.0337308273 -0.0379999988
v 0.0478639007 0.0336347558 -0.0480000004
v 0.0482252389 0.0486474633 -0.0379999988
v 0.0346783958 0.0471132472 -0.0480000004
v 0.0580921583 0.0620507896 -0.0179999992
v 0.0482252389 0.0486474633 -0.0179999992
v 0.0596194714 0.0337308273 -0.0179999992
v 0.0755104721 0.0390277952 -0.0179999992
v 0.0665369555 0.0162813701 -0.0179999992
v 0.0842181072 0.0115026589 -0.0179999992
v 0.0684582666 -0.0023906182 -0.0179999992
v 0.0832105651 -0.0173493922 -0.0179999992
v 0.0652391464 -0.0208830964 -0.0179999992
v 0.0726040825 -0.0442000665 -0.0179999992
v 0.057121288 -0.0378074981 -0.0179999992
v 0.0536221974 -0.0659519434 -0.0179999992
v 0.0447142981 -0.0518929847 -0.0179999992
v 0.0596194714 0.0337308273 -0.0379999988
v 0.0482252389 0.0486474633 -0.0179999992
v 0.0482252389 0.0486474633 -0.0379999988
v 0.0596194714 0.0337308273 -0.0179999992
v 0.0665369555 0.0162813701 -0.0379999988
v 0.0665369555 0.0162813701 -0.0179999992
v 0.0684582666 -0.0023906182 -0.0379999988
v 0.0684582666 -0.0023906182 -0.0179999992
v 0.0652391464 -0.0208830964 -0.0379999988
v 0.0652391464 -0.0208830964 -0.0179999992
v 0.057121288 -0.0378074981 -0.0379999988
v 0.057121288 -0.0378074981 -0.0179999992
v 0.0447142981 -0.0518929847 -0.0379999988
v 0.0447142981 -0.0518929847 -0.0179999992
v 0.0482252389 0.0486474633 -0.0379999988
v 0.0414960384 0.0563744456 -0.0480000004
v 0.0346783958 0.0471132472 -0.0480000004
v 0.0568951219 0.060424719 -0.0333287492
v 0.0525319502 0.071366325 -0.0417947285
v 0.0257010832 0.041130323 -0.0449999981
v 0.024569992 0.0418158583 0.0170000009
v 0.0382185206 0.029859582 -0.0449999981
v 0.0347867422 0.0337954499 0.0419999957
v 0.024569992 0.0418158583 0.0419999957
v 0.0425085165 0.0233511534 0.0419999957
v 0.0461262316 0.0149873244 -0.0449999981
v 0.047181461 0.0112320576 0.0419999957
v 0.0484704562 -0.00169262884 -0.0449999981
v 0.0484704562 -0.00169262884 0.0419999957
v 0.046283029 -0.0144959064 0.0419999957
v 0.0449684188 -0.0181684159 -0.0449999981
v 0.0407760665 -0.0262595117 0.0419999957
v 0.0360425264 -0.0324528366 -0.0449999981
v 0.0323445536 -0.0361397229 0.0419999957
v 0.0215932094 -0.0434278958 0.0170000009
v 0.0215932094 -0.0434278958 0.0419999957
v 0.0227693673 -0.0428229496 -0.0449999981
v 0.0118752262 -0.0470237061 -0.00300000003
v 0.0118752262 -0.0470237061 -0.0329999998
v 0.00674989587 -0.0480279997 -0.0449999981
v 0.00286874757 -0.0484150834 -0.0329999998
v -0.010083722 -0.0474401563 -0.0449999981
v -0.00623901468 -0.0480970293 -0.0329999998
v -0.0151264984 -0.046080783 -0.0329999998
v -0.0257010832 -0.041130323 -0.0449999981
v -0.0151264984 -0.046080783 -0.00300000003
v -0.024569992 -0.0418158583 0.0170000009
v -0.0319836885 -0.0364594758 0.0120000001
v -0.0382185206 -0.029859582 -0.0449999981
v -0.0412074514 -0.0255772397 0.0120000001
v -0.0461262316 -0.0149873244 -0.0449999981
v -0.0468662269 -0.0124822482 0.0120000001
v -0.0484704562 0.00169262884 -0.0449999981
v -0.0484704562 0.00169262884 0.0120000001
v -0.0458813459 0.0157210678 0.0120000001
v -0.0449684188 0.0181684159 -0.0449999981
v -0.0393228941 0.0283894297 0.0120000001
v -0.0360425264 0.0324528366 -0.0449999981
v -0.0293624904 0.0386017263 0.0120000001
v -0.0227693673 0.0428229496 -0.0449999981
v -0.0296265744 -0.0383994319 0.0419999957
v -0.0319836885 -0.0364594758 0.0419999957
v -0.0271520652 -0.0401872583 0.0419999957
v -0.024569992 -0.0418158583 0.0419999957
v -0.0215932094 0.0434278958 0.0170000009
v -0.0268757902 0.040372543 0.0419999957
v -0.0293624904 0.0386017263 0.0419999957
v -0.0242826082 0.0419833884 0.0419999957
v -0.0215932094 0.0434278958 0.0419999957
v -0.0118752262 0.0470237061 -0.00300000003
v -0.0118752262 0.0470237061 -0.0329999998
v -0.00674989587 0.0480279997 -0.0449999981
v -0.00286874757 0.0484150834 -0.0329999998
v 0.00623901468 0.0480970293 -0.0329999998
v 0.010083722 0.0474401563 -0.0449999981
v 0.0151264984 0.046080783 -0.0329999998
v 0.0257010832 0.041130323 -0.0449999981
v 0.0151264984 0.046080783 -0.00300000003
v 0.024569992 0.0418158583 0.0170000009
v 0.0324984528 0.0545536466 0.0146976691
v 0.024569992 0.0418158583 0.0170000009
v 0.0151264984 0.046080783 -0.00300000003
v 0.0334989578 0.0539450534 0.0170000009
v 0.0151264984 0.046080783 -0.00300000003
v 0.0324984528 0.0545536466 -0.0329999998
v 0.0324984528 0.0545536466 0.0146976691
v 0.0151264984 0.046080783 -0.0329999998
v 0.0324984528 0.0545536466 0.0146976691
v 0.0324984528 0.0545536466 -0.0329999998
v 0.0328331925 0.0543528385 -0.0329999998
v 0.0331666991 0.0541499704 -0.0329999998
v 0.0334989578 0.0539450534 -0.0329999998
v 0.0334989578 0.0539450534 0.0170000009
v 0.0331666991 0.0541499704 -0.0329999998
v 0.0359164104 0.0572289452 -0.0329999998
v 0.0334989578 0.0539450534 -0.0329999998
v 0.0328331925 0.0543528385 -0.0329999998
v 0.0324984528 0.0545536466 -0.0329999998
v 0.0253922474 0.0626129061 -0.0329999998
v 0.0151264984 0.046080783 -0.0329999998
v 0.0140908016 0.0660801753 -0.0329999998
v 0.00623901468 0.0480970293 -0.0329999998
v 0.00235801213 0.0675246716 -0.0329999998
v -0.00286874757 0.0484150834 -0.0329999998
v -0.00944695901 0.0669021532 -0.0329999998
v -0.0118752262 0.0470237061 -0.0329999998
v -0.0209627412 0.0642316416 -0.0329999998
v -0.0286138151 0.056687735 -0.0329999998
v -0.0318368338 0.0595949441 -0.0329999998
v -0.0296543334 0.0561504178 -0.0329999998
v 0.0444602631 0.0604010299 0.0149999997
v 0.0403346159 0.0632306784 0.00999999978
v 0.0462746806 0.0712997392 0.00999999978
v 0.0533528551 0.072480835 0.0149999997
v 0.0444662757 0.060396608 0.0419999957
v 0.0414960608 0.0563744232 0.0469999984
v 0.0403346159 0.0632306784 0.0419999957
v 0.0483995043 0.0572929978 0.0419999957
v 0.0454168059 0.0532664321 0.0469999984
v 0.0521167368 0.053933721 0.0419999957
v 0.0414960608 0.0563744232 0.0469999984
v 0.031714201 0.0430866405 0.0469999984
v 0.0403346159 0.0632306784 0.0419999957
v 0.024569992 0.0418158583 0.0419999957
v 0.0347867422 0.0337954499 0.0419999957
v 0.0437728539 0.0307601523 0.0469999984
v 0.0425085165 0.0233511534 0.0419999957
v 0.0512840338 0.0152380401 0.0469999984
v 0.047181461 0.0112320576 0.0419999957
v 0.0534674115 -0.00186712504 0.0469999984
v 0.0484704562 -0.00169262884 0.0419999957
v 0.046283029 -0.0144959064 0.0419999957
v 0.0500961542 -0.0187783148 0.0469999984
v 0.0407760665 -0.0262595117 0.0419999957
v 0.0415205099 -0.0337386616 0.0469999984
v 0.0323445536 -0.0361397229 0.0419999957
v 0.0286313761 -0.045193959 0.0469999984
v 0.0215932094 -0.0434278958 0.0419999957
v 0.0358256064 -0.0658902526 0.0419999957
v 0.0374624953 -0.0591317266 0.0469999984
v 0.0401449092 -0.0633512959 0.0419999957
v 0.0388608165 -0.0582222976 0.0469999984
v 0.0442850478 -0.0605296157 0.0419999957
v 0.040237084 -0.0572798103 0.0469999984
v 0.0415905006 -0.0563047975 0.0469999984
v 0.048227556 -0.0574378185 0.0419999957
v 0.0420069098 -0.0476200506 0.0419999957
v 0.0354166254 -0.04656085 0.0469999984
v 0.047430709 -0.0342429169 0.0469999984
v 0.0532218963 -0.0346363857 0.0419999957
v 0.0553414226 -0.0189625286 0.0469999984
v 0.0605517328 -0.0191242844 0.0419999957
v 0.0584643744 -0.00204162113 0.0469999984
v 0.0634613112 -0.00221612211 0.0419999957
v 0.0617382713 0.0148538183 0.0419999957
v 0.0565293692 0.0150559181 0.0469999984
v 0.055508364 0.0308394339 0.0419999957
v 0.0497038364 0.0308509059 0.0469999984
v 0.0452263951 0.0445737913 0.0419999957
v 0.0385782719 0.0439768881 0.0469999984
v 0.0454168059 0.0532664321 0.0469999984
v 0.0521167368 0.053933721 0.0419999957
v 0.0415905006 -0.0563047975 0.0469999984
v 0.040237084 -0.0572798103 0.0469999984
v 0.0354166254 -0.04656085 0.0469999984
v 0.0388608165 -0.0582222976 0.0469999984
v 0.0374624953 -0.0591317266 0.0469999984
v 0.0286313761 -0.045193959 0.0469999984
v 0.0415205099 -0.0337386616 0.0469999984
v 0.047430709 -0.0342429169 0.0469999984
v 0.0500961542 -0.0187783148 0.0469999984
v 0.0553414226 -0.0189625286 0.0469999984
v 0.0534674115 -0.00186712504 0.0469999984
v 0.0584643744 -0.00204162113 0.0469999984
v 0.0565293692 0.0150559181 0.0469999984
v 0.0512840338 0.0152380401 0.0469999984
v 0.0497038364 0.0308509059 0.0469999984
v 0.0437728539 0.0307601523 0.0469999984
v 0.0385782719 0.0439768881 0.0469999984
v 0.031714201 0.0430866405 0.0469999984
v 0.0414960608 0.0563744232 0.0469999984
v 0.0454168059 0.0532664321 0.0469999984
v 0.048227556 -0.0574378185 0.0419999957
v 0.048227556 -0.0574378185 0.00999999978
v 0.0442729779 -0.0605384447 0.0149999997
v 0.0442850478 -0.0605296157 0.0419999957
v 0.0429158434 -0.0615079664 0.0149999997
v 0.0401449092 -0.0633512959 0.0419999957
v 0.0415374935 -0.0624470636 0.0149999997
v 0.0401385911 -0.0633552894 0.0149999997
v 0.0358256064 -0.0658902526 0.0419999957
v 0.0358256064 -0.0658902526 0.00999999978
v 0.0931997597 -0.0602893494 0.0370000005
v 0.0776804164 -0.0597474054 0.0370000005
v 0.0776804164 -0.0597474054 0.0480000004
v 0.0931997597 -0.0602893494 0.0480000004
v 0.0776804164 -0.0597474054 0.0480000004
v 0.0776804164 -0.0597474054 0.0370000005
v 0.0810834095 -0.0550407022 0.0480000004
v 0.0842016041 -0.0501406789 0.0480000004
v 0.0870240554 -0.0450645424 0.0480000004
v 0.0870240554 -0.0450645424 0.0149999997
v 0.101218887 -0.0455602407 0.0480000004
v 0.101218887 -0.0455602407 0.0149999997
v 0.0714618489 -0.0670611858 0.0149999997
v 0.0664613396 -0.0720200688 0.0320000015
v 0.0746382251 -0.0635069609 0.0370000005
v 0.0714142695 -0.0671118647 0.0370000005
v 0.0504973307 -0.0839882046 0.0149999997
v 0.0664613396 -0.0720200688 0.0350000001
v 0.0680163875 -0.0705533177 0.0370000005
v 0.0541446283 -0.0816845 0.0320000015
v 0.0404461026 -0.0892642885 0.0320000015
v 0.0257153604 -0.0945659503 0.0149999997
v 0.0257153604 -0.0945659503 0.0320000015
v 0.0931997597 -0.0602893494 0.0370000005
v 0.0892609879 -0.0659808815 0.0370000005
v 0.0776804164 -0.0597474054 0.0370000005
v 0.0849751458 -0.0714158639 0.0370000005
v 0.0746382251 -0.0635069609 0.0370000005
v 0.0714142695 -0.0671118647 0.0370000005
v 0.0803588852 -0.0765731484 0.0370000005
v 0.0680163875 -0.0705533177 0.0370000005
v 0.0788924769 -0.0780831426 0.0350000001
v 0.0788924769 -0.0780831426 0.0320000015
v 0.0760411918 -0.0766924769 0.0350000001
v 0.0613023974 -0.0925365612 0.0320000015
v 0.0590790324 -0.0904083326 0.0350000001
v 0.0411335044 -0.103097208 0.0320000015
v 0.039706707 -0.100435942 0.0350000001
v 0.0192342177 -0.109320827 0.0320000015
v 0.018714508 -0.106366195 0.0350000001
v 0.0182980113 -0.106395252 0.0350000001
v 0.0181933064 -0.109393425 0.0320000015
v 0.0166577008 -0.109094933 0.0320000015
v 0.0176837686 -0.106275849 0.0350000001
v 0.0152895022 -0.108336516 0.0320000015
v 0.0171364825 -0.105972499 0.0350000001
v 0.0142226219 -0.107192434 0.0320000015
v 0.0167097282 -0.105514847 0.0350000001
v 0.0135614919 -0.105774656 0.0320000015
v 0.0164452828 -0.104947746 0.0350000001
v 0.013370852 -0.10422197 0.0320000015
v 0.0163690224 -0.104326673 0.0350000001
v 0.0136567876 -0.0960337967 0.0320000015
v 0.0166753046 -0.0955559164 0.0350000001
v 0.0760411918 -0.0766924769 0.0350000001
v 0.0590790324 -0.0904083326 0.0350000001
v 0.0693488792 -0.0734284073 0.0350000001
v 0.0553255491 -0.0844990164 0.0350000001
v 0.0395709574 -0.0929254517 0.0350000001
v 0.039706707 -0.100435942 0.0350000001
v 0.0225780997 -0.0984440371 0.0350000001
v 0.018714508 -0.106366195 0.0350000001
v 0.0163690224 -0.104326673 0.0350000001
v 0.0166753046 -0.0955559164 0.0350000001
v 0.0186998583 -0.0951804295 0.0350000001
v 0.0207159873 -0.0947620496 0.0350000001
v 0.0227227844 -0.0943009704 0.0350000001
v 0.0176837686 -0.106275849 0.0350000001
v 0.0182980113 -0.106395252 0.0350000001
v 0.0164452828 -0.104947746 0.0350000001
v 0.0171364825 -0.105972499 0.0350000001
v 0.0167097282 -0.105514847 0.0350000001
v 0.0788924769 -0.0780831426 0.0350000001
v 0.0760411918 -0.0766924769 0.0350000001
v 0.0803588852 -0.0765731484 0.0370000005
v 0.0680163875 -0.0705533177 0.0370000005
v 0.0693488792 -0.0734284073 0.0350000001
v 0.0664613396 -0.0720200688 0.0350000001
v 0.0693488792 -0.0734284073 0.0350000001
v 0.0664613396 -0.0720200688 0.0320000015
v 0.0664613396 -0.0720200688 0.0350000001
v 0.0553255491 -0.0844990164 0.0350000001
v 0.0541446283 -0.0816845 0.0320000015
v 0.0404461026 -0.0892642885 0.0320000015
v 0.0395709574 -0.0929254517 0.0350000001
v 0.0257153604 -0.0945659503 0.0320000015
v 0.0225780997 -0.0984440371 0.0350000001
v -0.0240293015 -0.104092129 0.0350000001
v -0.0244869441 -0.104518928 0.0350000001
v -0.0250540841 -0.104783408 0.0350000001
v -0.0236066058 -0.102930516 0.0350000001
v -0.0237259548 -0.103544801 0.0350000001
v -0.0260886643 -0.104801632 0.0350000001
v -0.0256751906 -0.104859672 0.0350000001
v -0.0293902159 -0.096629262 0.0350000001
v -0.0233003236 -0.0941599458 0.0350000001
v -0.0252937619 -0.0936441422 0.0350000001
v -0.0272757951 -0.0930861458 0.0350000001
v -0.0292455312 -0.0924862102 0.0350000001
v -0.0466160327 -0.0974214822 0.0350000001
v -0.0394946523 -0.0929579064 0.0350000001
v -0.0491516143 -0.088233307 0.0350000001
v -0.065241687 -0.0860669613 0.0350000001
v -0.0582516864 -0.0825090408 0.0350000001
v -0.065367505 -0.0769940764 0.0350000001
v -0.0452642143 -0.0598009229 0.0350000001
v -0.0428337529 -0.0615651533 0.0350000001
v -0.0476220883 -0.057940796 0.0350000001
v -0.0499036051 -0.0559877604 0.0350000001
v -0.0684619248 -0.0742560625 0.0350000001
v -0.0812057704 -0.0712012947 0.0350000001
v -0.0714417771 -0.0713937804 0.0350000001
v -0.0743020549 -0.0684120134 0.0350000001
v -0.0203225017 -0.0948472321 0.0320000015
v -0.0236066058 -0.102930516 0.0350000001
v -0.0233003236 -0.0941599458 0.0350000001
v -0.0206084326 -0.10303539 0.0320000015
v -0.0237259548 -0.103544801 0.0350000001
v -0.0209069252 -0.104571 0.0320000015
v -0.0240293015 -0.104092129 0.0350000001
v -0.0216653347 -0.105939195 0.0320000015
v -0.0244869441 -0.104518928 0.0350000001
v -0.0228094235 -0.10700608 0.0320000015
v -0.0250540841 -0.104783408 0.0350000001
v -0.0242272038 -0.107667208 0.0320000015
v -0.0256751906 -0.104859672 0.0350000001
v -0.0257798824 -0.107857846 0.0320000015
v -0.0268131997 -0.10771282 0.0320000015
v -0.0260886643 -0.104801632 0.0350000001
v -0.0466160327 -0.0974214822 0.0350000001
v -0.0482249968 -0.0999767482 0.0320000015
v -0.065241687 -0.0860669613 0.0350000001
v -0.0676080957 -0.0880349055 0.0320000015
v -0.0812057704 -0.0712012947 0.0350000001
v -0.0841470957 -0.0723896772 0.0320000015
v -0.0394946523 -0.0929579064 0.0350000001
v -0.0322493054 -0.0925417766 0.0320000015
v -0.0293902159 -0.096629262 0.0350000001
v -0.03978597 -0.0895604566 0.0320000015
v -0.0491516143 -0.088233307 0.0350000001
v -0.0470504947 -0.0859665647 0.0320000015
v -0.0539932139 -0.0817846656 0.0320000015
v -0.0582516864 -0.0825090408 0.0350000001
v -0.0428337529 -0.0615651533 0.0350000001
v -0.0403346159 -0.0632306784 0.0320000015
v -0.0292455312 -0.0924862102 0.0350000001
v -0.0293902159 -0.096629262 0.0350000001
v -0.0300666261 -0.0922225341 0.0341702104
v -0.0322493054 -0.0925417766 0.0320000015
v -0.032134898 -0.0892655924 0.0320000015
v -0.0300666261 -0.0922225341 0.0469999984
v -0.0292455312 -0.0924862102 0.0350000001
v -0.0300666261 -0.0922225341 0.0341702104
v -0.0272757951 -0.0930861458 0.0350000001
v -0.0252937619 -0.0936441422 0.0350000001
v -0.0233003236 -0.0941599458 0.0350000001
v -0.019938292 -0.0949287266 0.0489999987
v -0.0117050959 -0.096291177 0.0489999987
v -0.00338525278 -0.0969409049 0.0489999987
v 0.00495964056 -0.0968731195 0.0489999987
v -0.0280239247 -0.0928636566 0.0489999987
v -0.0300013795 -0.0922437906 0.0475017019
v -0.0298045725 -0.0923075676 0.0479801968
v -0.0294930357 -0.0924075693 0.0483897664
v 0.0166753046 -0.0955559164 0.0350000001
v 0.0132678319 -0.09608832 0.0489999987
v 0.0235602707 -0.0940952301 0.0469999984
v 0.0186998583 -0.0951804295 0.0350000001
v 0.0207159873 -0.0947620496 0.0350000001
v 0.0227227844 -0.0943009704 0.0350000001
v 0.0235602707 -0.0940952301 0.0341702104
v 0.0214778222 -0.0945922956 0.0489999987
v 0.0234909318 -0.0941125676 0.0475114994
v 0.0232788287 -0.0941652581 0.0480036996
v 0.0228231996 -0.0942767337 0.0485261902
v 0.0221989658 -0.0944256559 0.0488761179
v -0.032134898 -0.0892655924 0.0469999984
v -0.0320095494 -0.0856760666 0.0469999984
v -0.0319559537 -0.0892925337 0.0483287089
v -0.0317031406 -0.0841188803 0.0485669412
v -0.031429179 -0.0893714279 0.0495665222
v -0.0309801102 -0.0828077197 0.0499025173
v -0.0303193163 -0.0895359293 0.0508616492
v -0.0300154462 -0.0818526894 0.050890632
v -0.0288370289 -0.0897519216 0.0517067388
v -0.0289599411 -0.0812453628 0.0515344292
v -0.0278932136 -0.080928728 0.0518881083
v -0.0271572154 -0.0899915993 0.0519999973
v -0.0268380996 -0.0808536112 0.0519999973
v -0.0263897944 -0.0808895007 0.0519999973
v -0.0259465352 -0.0809655339 0.0519999973
v -0.0255119 -0.0810810849 0.0519999973
v -0.0193216465 -0.091992788 0.0519999973
v -0.0105875852 -0.0843380317 0.0519999973
v -0.011343074 -0.0933130905 0.0519999973
v -0.00328055141 -0.0939427391 0.0519999973
v 0.00467867358 -0.0848711506 0.0519999973
v 0.00480625127 -0.0938770473 0.0519999973
v 0.0128574921 -0.0931165069 0.0519999973
v 0.0197938178 -0.0826631933 0.0519999973
v 0.0208135545 -0.0916667655 0.0519999973
v 0.0211326666 -0.0825287774 0.0519999973
v 0.0221799631 -0.0826773047 0.0518881083
v 0.0221579578 -0.0915703624 0.0518170297
v 0.023222005 -0.083067596 0.0515344292
v 0.0233997107 -0.0914783105 0.0512841493
v 0.0242325701 -0.083747074 0.050890632
v 0.0246959012 -0.0913791358 0.0501659997
v 0.025128264 -0.0847670659 0.0499025173
v 0.0257580839 -0.0861254707 0.0485669412
v 0.0255377572 -0.0913130268 0.048680909
v 0.0259551182 -0.0877002329 0.0469999984
v 0.0258297622 -0.0912897736 0.0469999984
v -0.032134898 -0.0892655924 0.0469999984
v -0.032134898 -0.0892655924 0.0320000015
v -0.0320095494 -0.0856760666 0.0469999984
v -0.0320095494 -0.0856760666 0.0149999997
v -0.0322493054 -0.0925417766 0.0149999997
v -0.0322493054 -0.0925417766 0.0320000015
v -0.0319676735 -0.0851818472 0.0149999997
v -0.0318770446 -0.0846942142 0.0149999997
v -0.0317031406 -0.0841188803 0.0485669412
v -0.0317385457 -0.0842179582 0.0149999997
v -0.0309737772 -0.0827994868 0.0134032294
v -0.0309801102 -0.0828077197 0.0499025173
v -0.0300154462 -0.0818526894 0.050890632
v -0.0298952293 -0.0817651749 0.0120589901
v -0.0289599411 -0.0812453628 0.0515344292
v -0.0287180468 -0.0811504126 0.0110820299
v -0.0278932136 -0.080928728 0.0518881083
v -0.0275946688 -0.0808845684 0.0104621397
v -0.0268380996 -0.0808536112 0.0519999973
v -0.0265255682 -0.0808743238 0.0101132402
v -0.0263897944 -0.0808895007 0.0519999973
v -0.0259465352 -0.0809655339 0.0519999973
v -0.0255119 -0.0810810849 0.00999999978
v -0.0255119 -0.0810810849 0.0519999973
v -0.0105875852 -0.0843380317 0.0519999973
v 0.0197938178 -0.0826631933 0.00999999978
v 0.00467867358 -0.0848711506 0.0519999973
v 0.0197938178 -0.0826631933 0.0519999973
v 0.0211326666 -0.0825287774 0.0519999973
v 0.0208127145 -0.0825278461 0.0101117892
v 0.0218879841 -0.0826129541 0.0104633495
v 0.0221799631 -0.0826773047 0.0518881083
v 0.0230122451 -0.0829671547 0.0110994298
v 0.023222005 -0.083067596 0.0515344292
v 0.0241341926 -0.0836640373 0.0120754195
v 0.0242325701 -0.083747074 0.050890632
v 0.0251284782 -0.0847674087 0.0134135494
v 0.025128264 -0.0847670659 0.0499025173
v 0.0257580839 -0.0861254707 0.0485669412
v 0.0257864855 -0.0862267762 0.0149999997
v 0.0259551182 -0.0877002329 0.0149999997
v 0.0259551182 -0.0877002329 0.0469999984
v 0.0258297622 -0.0912897736 0.0320000015
v 0.0258297622 -0.0912897736 0.0469999984
v 0.0257153604 -0.0945659503 0.0149999997
v 0.0257153604 -0.0945659503 0.0320000015
v -0.032134898 -0.0892655924 0.0320000015
v -0.032134898 -0.0892655924 0.0469999984
v -0.0300666261 -0.0922225341 0.0341702104
v -0.0300666261 -0.0922225341 0.0469999984
v -0.0300013795 -0.0922437906 0.0475017019
v -0.0319559537 -0.0892925337 0.0483287089
v -0.0298045725 -0.0923075676 0.0479801968
v -0.031429179 -0.0893714279 0.0495665222
v -0.0294930357 -0.0924075693 0.0483897664
v -0.0303193163 -0.0895359293 0.0508616492
v -0.0290723816 -0.0925407782 0.0487165675
v -0.0280239247 -0.0928636566 0.0489999987
v -0.0288370289 -0.0897519216 0.0517067388
v -0.0285769608 -0.0926949605 0.0489252359
v -0.0271572154 -0.0899915993 0.0519999973
v -0.0280239247 -0.0928636566 0.0489999987
v -0.019938292 -0.0949287266 0.0489999987
v -0.0193216465 -0.091992788 0.0519999973
v -0.0117050959 -0.096291177 0.0489999987
v -0.011343074 -0.0933130905 0.0519999973
v -0.00338525278 -0.0969409049 0.0489999987
v -0.00328055141 -0.0939427391 0.0519999973
v 0.00480625127 -0.0938770473 0.0519999973
v 0.00495964056 -0.0968731195 0.0489999987
v 0.0128574921 -0.0931165069 0.0519999973
v 0.0132678319 -0.09608832 0.0489999987
v 0.0208135545 -0.0916667655 0.0519999973
v 0.0214778222 -0.0945922956 0.0489999987
v 0.0221579578 -0.0915703624 0.0518170297
v 0.0221989658 -0.0944256559 0.0488761179
v 0.0233997107 -0.0914783105 0.0512841493
v 0.0228231996 -0.0942767337 0.0485261902
v 0.0246959012 -0.0913791358 0.0501659997
v 0.0232788287 -0.0941652581 0.0480036996
v 0.0255377572 -0.0913130268 0.048680909
v 0.0234909318 -0.0941125676 0.0475114994
v 0.0258297622 -0.0912897736 0.0469999984
v 0.0235602707 -0.0940952301 0.0469999984
v 0.0235602707 -0.0940952301 0.0341702104
v 0.0258297622 -0.0912897736 0.0320000015
v -0.0377843976 -0.0816843808 0.0149999997
v -0.0317385457 -0.0842179582 0.0149999997
v -0.0318770446 -0.0846942142 0.0149999997
v -0.0319676735 -0.0851818472 0.0149999997
v -0.0320095494 -0.0856760666 0.0149999997
v -0.03978597 -0.0895604566 0.0149999997
v -0.0322493054 -0.0925417766 0.0149999997
v -0.0470504947 -0.0859665647 0.0149999997
v -0.043629799 -0.0787174702 0.0149999997
v -0.0539932139 -0.0817846656 0.0149999997
v -0.0492437445 -0.0753329471 0.0149999997
v 0.0218879841 -0.0826129541 0.0104633495
v 0.0208127145 -0.0825278461 0.0101117892
v 0.0197938178 -0.0826631933 0.00999999978
v 0.0271660108 -0.0805419609 0.00999999978
v 0.0230122451 -0.0829671547 0.0110994298
v 0.0241341926 -0.0836640373 0.0120754195
v 0.0251284782 -0.0847674087 0.0134135494
v 0.0335473679 -0.0835139155 0.0149999997
v 0.0257864855 -0.0862267762 0.0149999997
v 0.0343169384 -0.0777646899 0.00999999978
v 0.0410283022 -0.0801041573 0.0149999997
v 0.0411883444 -0.0743540153 0.00999999978
v 0.048166886 -0.0760259777 0.0149999997
v 0.0235602707 -0.0940952301 0.0341702104
v 0.0258297622 -0.0912897736 0.0320000015
v 0.0257153604 -0.0945659503 0.0320000015
v 0.0225780997 -0.0984440371 0.0350000001
v 0.0227227844 -0.0943009704 0.0350000001
v 0.0411883444 -0.0743540153 0.00999999978
v 0.0401385911 -0.0633552894 0.0149999997
v 0.048166886 -0.0760259777 0.0149999997
v 0.0358256064 -0.0658902526 0.00999999978
v 0.0411883444 -0.0743540153 0.00999999978
v 0.0411883444 -0.0743540153 -0.0211576596
v 0.0358256064 -0.0658902526 0.00999999978
v 0.0296543334 -0.0561504178 -0.0329999998
v 0.0318368338 -0.0595949441 -0.0329999998
v 0.0381204002 -0.0695120245 -0.0290957689
v 0.0296543334 -0.0561504178 0.0170000009
v 0.0358256064 -0.0658902526 0.0419999957
v 0.0215932094 -0.0434278958 0.0419999957
v 0.0215932094 -0.0434278958 0.0170000009
v 0.0343169384 -0.0777646899 0.00999999978
v 0.0411883444 -0.0743540153 -0.0211576596
v 0.0411883444 -0.0743540153 0.00999999978
v 0.0271904767 -0.0805337131 -0.0211576596
v 0.0271660108 -0.0805419609 0.00999999978
v 0.0197938178 -0.0826631933 0.00999999978
v 0.0123114847 -0.0841036588 -0.0211576596
v -0.00296645635 -0.0849482119 -0.0211576596
v -0.0255119 -0.0810810849 0.00999999978
v -0.0181482714 -0.0830399841 -0.0211576596
v -0.0327419862 -0.0784408227 -0.0211576596
v -0.032718163 -0.0784507543 0.00999999978
v -0.0396579318 -0.0751814321 0.00999999978
v -0.0462746806 -0.0712997392 -0.0211576596
v -0.0462746806 -0.0712997392 0.00999999978
v 0.0271904767 -0.0805337131 -0.0211576596
v 0.0381204002 -0.0695120245 -0.0290957689
v 0.0411883444 -0.0743540153 -0.0211576596
v 0.0251470301 -0.0751845315 -0.0290957689
v 0.0123114847 -0.0841036588 -0.0211576596
v 0.0113714859 -0.0784587339 -0.0290957689
v -0.00296645635 -0.0849482119 -0.0211576596
v -0.00276677846 -0.079230234 -0.0290957689
v -0.016816793 -0.0774744004 -0.0290957689
v -0.0181482714 -0.0830399841 -0.0211576596
v -0.0303303767 -0.0732472092 -0.0290957689
v -0.0327419862 -0.0784408227 -0.0211576596
v 0.0286138151 -0.056687735 -0.0329999998
v 0.0286138151 -0.056687735 0.0146976691
v 0.0296543334 -0.0561504178 -0.0329999998
v 0.0296543334 -0.0561504178 0.0170000009
v 0.0286138151 -0.056687735 0.0146976691
v 0.0286138151 -0.056687735 -0.0329999998
v 0.0118752262 -0.0470237061 -0.00300000003
v 0.0118752262 -0.0470237061 -0.0329999998
v 0.0118752262 -0.0470237061 -0.00300000003
v 0.0215932094 -0.0434278958 0.0170000009
v 0.0286138151 -0.056687735 0.0146976691
v 0.0296543334 -0.0561504178 0.0170000009
v 0.0286138151 -0.056687735 -0.0329999998
v 0.0296543334 -0.0561504178 -0.0329999998
v 0.0318368338 -0.0595949441 -0.0329999998
v 0.0209627412 -0.0642316416 -0.0329999998
v 0.0118752262 -0.0470237061 -0.0329999998
v 0.00944695901 -0.0669021532 -0.0329999998
v 0.00286874757 -0.0484150834 -0.0329999998
v -0.00235801213 -0.0675246716 -0.0329999998
v -0.00623901468 -0.0480970293 -0.0329999998
v -0.0140908016 -0.0660801753 -0.0329999998
v -0.0151264984 -0.046080783 -0.0329999998
v -0.0253922474 -0.0626129061 -0.0329999998
v -0.0324984528 -0.0545536466 -0.0329999998
v -0.0359164104 -0.0572289452 -0.0329999998
v -0.0328331925 -0.0543528385 -0.0329999998
v -0.0331666991 -0.0541499704 -0.0329999998
v -0.0334989578 -0.0539450534 -0.0329999998
v 0.0167304818 -0.067671448 -0.0467999987
v 0.0156165548 -0.0682357848 -0.0480000004
v 0.0223299991 -0.0849049911 -0.0407788083
v 0.0213531274 -0.0860046744 -0.0417947285
v 0.0156164309 -0.0681260452 -0.0480000004
v 0.0167304818 -0.067671448 -0.0467999987
v 0.014189546 -0.0637345761 -0.0480000004
v 0.0153308148 -0.0633637607 -0.0467999987
v 0.0138898827 -0.0616022944 -0.0480000004
v 0.0150891514 -0.0616441816 -0.0467999987
v 0.0154501861 -0.059945628 -0.0467999987
v 0.014337563 -0.0594961047 -0.0480000004
v 0.0163703859 -0.0584730171 -0.0467999987
v 0.0154786035 -0.057670068 -0.0480000004
v 0.0177387428 -0.0574039295 -0.0467999987
v 0.0171753857 -0.0563444048 -0.0480000004
v 0.0193902459 -0.0568673313 -0.0467999987
v 0.01922323 -0.0556790046 -0.0480000004
v 0.0213751607 -0.0557541586 -0.0480000004
v 0.0211256593 -0.056927938 -0.0467999987
v 0.0227357 -0.0575784296 -0.0467999987
v 0.0233716015 -0.0565607771 -0.0480000004
v 0.0249717664 -0.058001563 -0.0480000004
v 0.0240261629 -0.0587403663 -0.0467999987
v 0.0248413868 -0.0602735952 -0.0467999987
v 0.0259826537 -0.0599027611 -0.0480000004
v 0.0262410417 -0.064581275 -0.0467999987
v 0.027409533 -0.0642942339 -0.0480000004
v 0.00318011036 -0.0885587186 -0.0417947285
v 0.00193801872 -0.0877709091 -0.0407788083
v 0.0027884054 -0.0999611169 -0.0259999987
v 0.00155568123 -0.0987197012 -0.0256126095
v 0.024872629 -0.0968573838 -0.0149999997
v 0.0257154275 -0.0953242779 -0.0256126095
v 0.024872629 -0.0968573838 -0.0259999987
v 0.0257154275 -0.0953242779 -0.0149999997
v 0.0252228994 -0.096766755 -0.0129270097
v 0.0259958114 -0.0952560678 -0.0133282393
v 0.0262371395 -0.0964966938 -0.0110851703
v 0.0268072821 -0.0950511843 -0.0118428804
v 0.0278011598 -0.0960577726 -0.00969210919
v 0.0280573387 -0.0947134346 -0.0107194399
v 0.0297279134 -0.0954790488 -0.00892060995
v 0.0295951888 -0.0942605212 -0.0100972699
v 0.0317826644 -0.0948148891 -0.00886811968
v 0.0312325545 -0.0937319249 -0.0100549394
v 0.0337178968 -0.0941440463 -0.00954130013
v 0.032772135 -0.0931901559 -0.0105978204
v 0.035306368 -0.0935599282 -0.0108549995
v 0.034033969 -0.092712976 -0.0116572594
v 0.0363706984 -0.0931513384 -0.0126455994
v 0.0348784588 -0.0923765674 -0.01310129
v 0.0366994031 -0.0930223241 -0.0138058104
v 0.0351391248 -0.0922699273 -0.0140369404
v 0.0352259874 -0.0922340974 -0.0149999997
v 0.0368089564 -0.0929790288 -0.0149999997
v 0.0352259874 -0.0922340974 -0.0256126095
v 0.0368089564 -0.0929790288 -0.0259999987
v 0.0223299991 -0.0849049911 -0.0407788083
v 0.0213531274 -0.0860046744 -0.0417947285
v 0.024872629 -0.0968573838 -0.0259999987
v 0.0257154275 -0.0953242779 -0.0256126095
v 0.024872629 -0.0968573838 -0.0259999987
v 0.0213531274 -0.0860046744 -0.0417947285
v 0.0175951757 -0.0984398797 -0.0259999987
v 0.0153592182 -0.0872745886 -0.0417947285
v 0.0102201412 -0.0994763747 -0.0259999987
v 0.00929187797 -0.0881272852 -0.0417947285
v 0.00318011036 -0.0885587186 -0.0417947285
v 0.0027884054 -0.0999611169 -0.0259999987
v 0.0274738893 -0.0643831044 -0.0480000004
v 0.0332772098 -0.0821303055 -0.0417947285
v 0.0381359681 -0.0799900442 -0.0417947285
v 0.030896036 -0.062812686 -0.0480000004
v 0.0428578407 -0.0775626525 -0.0417947285
v 0.0342287868 -0.0610605329 -0.0480000004
v 0.04742584 -0.0748567879 -0.0417947918
v 0.0374625064 -0.059131708 -0.0480000004
v -0.0428764485 -0.0666835457 -0.0290957689
v -0.0303303767 -0.0732472092 -0.0290957689
v -0.0327419862 -0.0784408227 -0.0211576596
v -0.0462746806 -0.0712997392 -0.0211576596
v -0.0334989578 -0.0539450534 0.0170000009
v -0.024569992 -0.0418158583 0.0170000009
v -0.0324984528 -0.0545536466 0.0146976691
v -0.0151264984 -0.046080783 -0.00300000003
v -0.0324984528 -0.0545536466 0.0146976691
v -0.0324984528 -0.0545536466 -0.0329999998
v -0.0328331925 -0.0543528385 -0.0329999998
v -0.0331666991 -0.0541499704 -0.0329999998
v -0.0334989578 -0.0539450534 -0.0329999998
v -0.0334989578 -0.0539450534 0.0170000009
v -0.0462746806 -0.0712997392 -0.0211576596
v -0.0359164104 -0.0572289452 -0.0329999998
v -0.0428764485 -0.0666835457 -0.0290957689
v -0.0303303767 -0.0732472092 -0.0290957689
v -0.0253922474 -0.0626129061 -0.0329999998
v -0.016816793 -0.0774744004 -0.0290957689
v -0.0140908016 -0.0660801753 -0.0329999998
v -0.00276677846 -0.079230234 -0.0290957689
v -0.00235801213 -0.0675246716 -0.0329999998
v 0.00944695901 -0.0669021532 -0.0329999998
v 0.0113714859 -0.0784587339 -0.0290957689
v 0.0209627412 -0.0642316416 -0.0329999998
v 0.0251470301 -0.0751845315 -0.0290957689
v 0.0318368338 -0.0595949441 -0.0329999998
v 0.0381204002 -0.0695120245 -0.0290957689
v -0.0462746806 -0.0712997392 0.00999999978
v -0.0403346159 -0.0632306784 0.0320000015
v -0.0492437445 -0.0753329471 0.0149999997
v -0.024569992 -0.0418158583 0.0419999957
v -0.024569992 -0.0418158583 0.0170000009
v -0.0403346159 -0.0632306784 0.0419999957
v -0.0539932139 -0.0817846656 0.0320000015
v -0.0539932139 -0.0817846656 0.0149999997
v -0.0470504947 -0.0859665647 0.0320000015
v -0.0470504947 -0.0859665647 0.0149999997
v -0.03978597 -0.0895604566 0.0320000015
v -0.03978597 -0.0895604566 0.0149999997
v -0.0322493054 -0.0925417766 0.0320000015
v -0.0322493054 -0.0925417766 0.0149999997
v -0.0151264984 -0.046080783 -0.00300000003
v -0.0324984528 -0.0545536466 -0.0329999998
v -0.0324984528 -0.0545536466 0.0146976691
v -0.0151264984 -0.046080783 -0.0329999998
v -0.031714201 -0.0430866405 0.0469999984
v -0.0403346159 -0.0632306784 0.0419999957
v -0.0414960608 -0.0563744232 0.0469999984
v -0.024569992 -0.0418158583 0.0419999957
v -0.0271520652 -0.0401872583 0.0419999957
v -0.0296265744 -0.0383994319 0.0419999957
v -0.0320830606 -0.0428126901 0.0469999984
v -0.0324495509 -0.0425355919 0.0469999984
v -0.0328136496 -0.0422553495 0.0469999984
v -0.0319836885 -0.0364594758 0.0419999957
v -0.0415805578 -0.0405735783 0.0419999957
v -0.0406378992 -0.045609545 0.0469999984
v -0.0724208504 -0.0444996543 0.0469999984
v -0.0753193423 -0.0393953845 0.0419999957
v -0.0753193423 -0.0393953845 0.0480000004
v -0.0439436696 -0.0607779063 0.0419999957
v -0.0414960608 -0.0563744232 0.0469999984
v -0.0403346159 -0.0632306784 0.0419999957
v -0.0474039689 -0.0581193827 0.0419999957
v -0.0439690351 -0.0544676371 0.0469999984
v -0.0462878272 -0.052472081 0.0469999984
v -0.0506371297 -0.0552837513 0.0419999957
v -0.0486477278 -0.0503328778 0.0469999984
v -0.0506371297 -0.0552837513 0.0419999957
v -0.0589085855 -0.0499745645 0.0469999984
v -0.0486477278 -0.0503328778 0.0469999984
v -0.0603555851 -0.0549270771 0.0419999957
v -0.0603555851 -0.0549270771 0.0419999957
v -0.0636355132 -0.0532427095 0.0419999957
v -0.0589085855 -0.0499745645 0.0469999984
v -0.06263192 -0.0482714549 0.0469999984
v -0.0671595037 -0.0521579683 0.0419999957
v -0.0665764585 -0.0471739694 0.0469999984
v -0.0717629343 -0.0483265854 0.0453678295
v -0.0716583431 -0.0466937162 0.0469999984
v -0.0708188713 -0.051706288 0.0419999957
v -0.0722999722 -0.0496895686 0.0440160893
v -0.0730411932 -0.0506730527 0.0430707596
v -0.0724397376 -0.0517122783 0.0419999957
v -0.0738704801 -0.0513623208 0.0424568169
v -0.0740553066 -0.0518432595 0.0419999957
v -0.0747457743 -0.0518249795 0.0421115384
v -0.0756559819 -0.0520984642 0.0419999957
v -0.0603555851 -0.0549270771 -0.00139252003
v -0.0635203123 -0.0532897264 -8.67599956E-05
v -0.0603555851 -0.0549270771 0.0419999957
v -0.0671071559 -0.0521692261 0.00999999978
v -0.0671071559 -0.0521692261 0.00200000009
v -0.0636355132 -0.0532427095 0.0419999957
v -0.0671595037 -0.0521579683 0.0419999957
v -0.0708188713 -0.051706288 0.0419999957
v -0.0736029223 -0.0517939068 0.0149999997
v -0.0724397376 -0.0517122783 0.0419999957
v -0.0740553066 -0.0518432595 0.0419999957
v -0.0756559819 -0.0520984642 0.0419999957
v -0.0763738975 -0.0522546433 0.0149999997
v -0.079058595 -0.0530810617 0.0149999997
v -0.0814813375 -0.0541893505 0.0370000005
v -0.0816089734 -0.0542584062 0.0149999997
v -0.0776634514 -0.0526025183 0.0480000004
v -0.0796115473 -0.0533017479 0.0480000004
v -0.0814813375 -0.0541893505 0.0480000004
v -0.0756559819 -0.0520984642 0.0480000004
v -0.0747457743 -0.0518249795 0.0421115384
v -0.0741586685 -0.0515396409 0.0480000004
v -0.0738704801 -0.0513623208 0.0424568169
v -0.0730411932 -0.0506730527 0.0430707596
v -0.0729141757 -0.050536897 0.0480000004
v -0.0722999722 -0.0496895686 0.0440160893
v -0.072049655 -0.0491927229 0.0480000004
v -0.0717629343 -0.0483265854 0.0453678295
v -0.0716534182 -0.0476444289 0.0480000004
v -0.0716583431 -0.0466937162 0.0469999984
v -0.0530361645 -0.0551826693 0.0320000015
v -0.0506371297 -0.0552837513 0.0419999957
v -0.0499036051 -0.0559877604 0.0350000001
v -0.0603555851 -0.0549270771 0.0419999957
v -0.0603555851 -0.0549270771 -0.00139252003
v -0.0530361645 -0.0551826693 -0.00300000003
v -0.0580888465 -0.0550062321 -0.00300000003
v -0.0474039689 -0.0581193827 0.0419999957
v -0.0499036051 -0.0559877604 0.0350000001
v -0.0506371297 -0.0552837513 0.0419999957
v -0.0476220883 -0.057940796 0.0350000001
v -0.0452642143 -0.0598009229 0.0350000001
v -0.0439436696 -0.0607779063 0.0419999957
v -0.0428337529 -0.0615651533 0.0350000001
v -0.0403346159 -0.0632306784 0.0419999957
v -0.0403346159 -0.0632306784 0.0320000015
v -0.0658457279 -0.0725833252 0.0320000015
v -0.0530361645 -0.0551826693 0.0320000015
v -0.0499036051 -0.0559877604 0.0350000001
v -0.065367505 -0.0769940764 0.0350000001
v -0.0684619248 -0.0742560625 0.0350000001
v -0.0677181706 -0.0708396062 0.0320000015
v -0.0714417771 -0.0713937804 0.0350000001
v -0.0695444345 -0.0690476 0.0320000015
v -0.0713233054 -0.0672085136 0.0320000015
v -0.0743020549 -0.0684120134 0.0350000001
v -0.0812057704 -0.0712012947 0.0350000001
v -0.0841470957 -0.0723896772 0.0350000001
v -0.0855046064 -0.0707810745 0.0370000005
v -0.072772257 -0.0656368658 0.0370000005
v -0.0743020549 -0.0684120134 0.0350000001
v -0.0713233054 -0.0672085136 0.0350000001
v -0.0759027451 -0.0619900972 0.0370000005
v -0.0713233054 -0.0672085136 0.0350000001
v -0.072772257 -0.0656368658 0.0370000005
v -0.0713233054 -0.0672085136 0.0320000015
v -0.0788506791 -0.0581942312 0.0370000005
v -0.0816089734 -0.0542584062 0.0370000005
v -0.0816089734 -0.0542584062 0.0149999997
v -0.0814813375 -0.0541893505 0.0370000005
v -0.0768645778 -0.0607933812 0.0149999997
v -0.0715982467 -0.0669155419 0.0149999997
v -0.0695444345 -0.0690476 0.0320000015
v -0.0658457279 -0.0725833252 0.0149999997
v -0.0677181706 -0.0708396062 0.0320000015
v -0.0658457279 -0.0725833252 0.0320000015
v -0.0610759109 -0.0661039576 0.0149999997
v -0.0530361645 -0.0551826693 0.0320000015
v -0.0580921583 -0.0620507896 0.00999999978
v -0.0530361645 -0.0551826693 -0.00300000003
v -0.0580921583 -0.0620507896 0.00200000009
v -0.0551059321 -0.0579942726 -0.00300000003
v -0.0759027451 -0.0619900972 0.0370000005
v -0.072772257 -0.0656368658 0.0370000005
v -0.0855046064 -0.0707810745 0.0370000005
v -0.0788506791 -0.0581942312 0.0370000005
v -0.0897498578 -0.0653143302 0.0370000005
v -0.0816089734 -0.0542584062 0.0370000005
v -0.093646124 -0.0595936179 0.0370000005
v -0.0971782953 -0.0536411926 0.0370000005
v -0.0814813375 -0.0541893505 0.0370000005
v -0.0715982467 -0.0669155419 0.0149999997
v -0.0610759109 -0.0661039576 0.0149999997
v -0.0658457279 -0.0725833252 0.0149999997
v -0.0655850098 -0.0616328306 0.0149999997
v -0.0697676241 -0.0568548851 0.0149999997
v -0.0768645778 -0.0607933812 0.0149999997
v -0.0763738975 -0.0522546433 0.0149999997
v -0.0736029223 -0.0517939068 0.0149999997
v -0.079058595 -0.0530810617 0.0149999997
v -0.0816089734 -0.0542584062 0.0149999997
v -0.0612688139 -0.0589163192 0.00999999978
v -0.0580921583 -0.0620507896 0.00999999978
v -0.0610759109 -0.0661039576 0.0149999997
v -0.0655850098 -0.0616328306 0.0149999997
v -0.0642765686 -0.0556194298 0.00999999978
v -0.0697676241 -0.0568548851 0.0149999997
v -0.0671071559 -0.0521692261 0.00999999978
v -0.0736029223 -0.0517939068 0.0149999997
v -0.0612688139 -0.0589163192 0.00200000009
v -0.0580921583 -0.0620507896 0.00200000009
v -0.0580921583 -0.0620507896 0.00999999978
v -0.0612688139 -0.0589163192 0.00999999978
v -0.0642765686 -0.0556194298 0.00999999978
v -0.0642765686 -0.0556194298 0.00200000009
v -0.0671071559 -0.0521692261 0.00999999978
v -0.0671071559 -0.0521692261 0.00200000009
v -0.0530361645 -0.0551826693 -0.00300000003
v -0.0571121201 -0.0560196973 -0.00300000003
v -0.0580888465 -0.0550062321 -0.00300000003
v -0.056117706 -0.0570158027 -0.00300000003
v -0.0551059321 -0.0579942726 -0.00300000003
v -0.0603555851 -0.0549270771 -0.00139252003
v -0.0580888465 -0.0550062321 -0.00300000003
v -0.0571121201 -0.0560196973 -0.00300000003
v -0.0612688139 -0.0589163192 0.00200000009
v -0.056117706 -0.0570158027 -0.00300000003
v -0.0580921583 -0.0620507896 0.00200000009
v -0.0551059321 -0.0579942726 -0.00300000003
v -0.0642765686 -0.0556194298 0.00200000009
v -0.0635203123 -0.0532897264 -8.67599956E-05
v -0.0671071559 -0.0521692261 0.00200000009
v -0.0717659518 -0.0460502058 0.0480000004
v -0.0740787238 -0.0456217192 0.049999997
v -0.0723757744 -0.0445729308 0.0480000004
v -0.0749270245 -0.0442147069 0.049999997
v -0.0733971968 -0.0428701565 0.0480000004
v -0.0757486075 -0.0427919179 0.049999997
v -0.0743785575 -0.041144006 0.0480000004
v -0.0765431747 -0.0413538627 0.049999997
v -0.0753193423 -0.0393953845 0.0480000004
v -0.101199456 -0.0404928587 0.049999997
v -0.104150444 -0.0383885875 0.0480000004
v -0.102083787 -0.0435878448 0.0480000004
v -0.0995971859 -0.0442876704 0.049999997
v -0.0997577682 -0.0486763567 0.0480000004
v -0.0978527069 -0.0480192415 0.049999997
v -0.09596847 -0.0516822264 0.049999997
v -0.0971782953 -0.0536411926 0.0480000004
v -0.0665764585 -0.0471739694 0.0469999984
v -0.0716583431 -0.0466937162 0.0469999984
v -0.0717897713 -0.0459533483 0.0469999984
v -0.0720307156 -0.0452410467 0.0469999984
v -0.0724208504 -0.0444996543 0.0469999984
v -0.0406378992 -0.045609545 0.0469999984
v -0.06263192 -0.0482714549 0.0469999984
v -0.0589085855 -0.0499745645 0.0469999984
v -0.0486477278 -0.0503328778 0.0469999984
v -0.0462878272 -0.052472081 0.0469999984
v -0.0439690351 -0.0544676371 0.0469999984
v -0.0414960608 -0.0563744232 0.0469999984
v -0.031714201 -0.0430866405 0.0469999984
v -0.0320830606 -0.0428126901 0.0469999984
v -0.0324495509 -0.0425355919 0.0469999984
v -0.0328136496 -0.0422553495 0.0469999984
v -0.0509626567 -0.0287238099 0.0149999997
v -0.0421625897 -0.0405532494 0.0149999997
v -0.0490629189 -0.040312279 0.00999999978
v -0.0561365411 -0.029680619 0.00999999978
v -0.0565256476 -0.0150698749 0.0149999997
v -0.0609399341 -0.0178486314 0.00999999978
v -0.0632788613 -0.0052948189 0.00999999978
v -0.0584982038 -0.000458724477 0.0149999997
v -0.0412074514 -0.0255772397 0.0120000001
v -0.0319836885 -0.0364594758 0.0120000001
v -0.0350194871 -0.0377608947 0.0149999997
v -0.0456834398 -0.0237754937 0.0149999997
v -0.0468662269 -0.0124822482 0.0120000001
v -0.0510196686 -0.00701734051 0.0149999997
v -0.0484704562 0.00169262884 0.0120000001
v -0.050405886 0.0105591984 0.0149999997
v -0.0458813459 0.0157210678 0.0120000001
v -0.043913655 0.0269043017 0.0149999997
v -0.0393228941 0.0283894297 0.0120000001
v -0.0323001035 0.0401117466 0.0149999997
v -0.0293624904 0.0386017263 0.0120000001
v -0.0764637664 -0.00119027379 0.0469999984
v -0.0784059241 -0.00626749033 0.0449999981
v -0.0777055174 -0.00486232759 0.0469999984
v -0.0796322897 -0.00822588149 0.0469999984
v -0.0784059241 -0.00626749033 0.0449999981
v -0.0704838708 -0.00854535308 0.0469999984
v -0.0796322897 -0.00822588149 0.0469999984
v -0.071263805 -0.00651689526 0.0449999981
v -0.0705880597 -0.00661730999 0.0450767688
v -0.0700029954 -0.00684397202 0.0452828668
v -0.0696544126 -0.00705283135 0.0454794392
v -0.0693380833 -0.00730658276 0.0457219966
v -0.0688614324 -0.00786745083 0.0453094095
v -0.068555437 -0.0084726382 0.0450770073
v -0.0703363195 -0.00968510378 0.0469999984
v -0.06839481 -0.00911860447 0.0449999981
v -0.0682782531 -0.00995390397 0.0449999981
v -0.0701703355 -0.0108223222 0.0469999984
v -0.0681514889 -0.0107877012 0.0449999981
v -0.0699859783 -0.0119567011 0.0469999984
v -0.0680145323 -0.011619892 0.0449999981
v -0.0679831579 -0.0130932666 0.0449999981
v -0.0699671358 -0.012840719 0.0469999984
v -0.0683826506 -0.0145117827 0.0449999981
v -0.0702068433 -0.0136918351 0.0469999984
v -0.0691783205 -0.0157522373 0.0449999981
v -0.0706842467 -0.014436109 0.0469999984
v -0.0703010634 -0.0167068504 0.0449999981
v -0.071357891 -0.0150088733 0.0469999984
v -0.0716533139 -0.0172926895 0.0449999981
v -0.0721692368 -0.0153603815 0.0469999984
v -0.0731176287 -0.0174588654 0.0449999981
v -0.0730478242 -0.0154600833 0.0469999984
v -0.0878572166 -0.0149429273 0.0469999984
v -0.0907891467 -0.0159746017 0.0458666421
v -0.09371683 -0.0165255349 0.0452138707
v -0.0966395065 -0.0166374613 0.0449999981
v -0.110681787 -0.0161470938 0.0449999981
v -0.0995719433 -0.0163173918 0.0452175364
v -0.102451645 -0.0155604454 0.0458735153
v -0.105282187 -0.01433443 0.0469999984
v -0.110611983 -0.0141483117 0.0469999984
v -0.111461759 -0.0139942598 0.0469999984
v -0.112098083 -0.0158903264 0.0449999981
v -0.112232447 -0.0136044882 0.0469999984
v -0.113382556 -0.0152407214 0.0449999981
v -0.112860166 -0.0130113261 0.0469999984
v -0.114428736 -0.0142521095 0.0449999981
v -0.113292873 -0.0122639127 0.0469999984
v -0.115149938 -0.0130064292 0.0449999981
v -0.113494739 -0.0114242025 0.0469999984
v -0.115486383 -0.0116069075 0.0449999981
v -0.113660485 -0.00943956804 0.0469999984
v -0.11576046 -0.00806074124 0.0449999981
v -0.113793798 -0.00745248795 0.0469999984
v -0.113894664 -0.00546350935 0.0469999984
v -0.11593274 -0.00450818054 0.0449999981
v -0.115562454 -0.000525078736 0.0454421788
v -0.116003044 -0.000952124596 0.0449999981
v -0.115807883 0.00104227546 0.0469999984
v -0.116003044 -0.000952124596 0.0449999981
v -0.123029761 0.00129446981 0.0469999984
v -0.115807883 0.00104227546 0.0469999984
v -0.123099573 -0.00070431229 0.0449999981
v -0.124798082 -0.000343284599 0.0449999981
v -0.124048881 0.00151109218 0.0469999984
v -0.126270726 0.000576915743 0.0449999981
v -0.124932468 0.0020632029 0.0469999984
v -0.127339795 0.00194528094 0.0449999981
v -0.125573903 0.00288423058 0.0469999984
v -0.127876416 0.00359677314 0.0449999981
v -0.125895873 0.00387512683 0.0469999984
v -0.127815813 0.00533220265 0.0449999981
v -0.125859499 0.0049163769 0.0469999984
v -0.127165318 0.006942234 0.0449999981
v -0.125469208 0.00588239636 0.0469999984
v -0.12600337 0.00823269319 0.0449999981
v -0.124772049 0.00665667513 0.0469999984
v -0.124470152 0.00904791802 0.0449999981
v -0.123852119 0.00714580528 0.0469999984
v -0.122750565 0.00928959344 0.0449999981
v -0.122820377 0.00729081128 0.0469999984
v -0.115654044 0.00904177688 0.0449999981
v -0.115598492 0.0070386217 0.0469999984
v -0.115244307 0.00858502369 0.0454421788
v -0.0704838708 -0.00854535308 0.0469999984
v -0.0703363195 -0.00968510378 0.0469999984
v -0.0796322897 -0.00822588149 0.0469999984
v -0.0730478242 -0.0154600833 0.0469999984
v -0.0701703355 -0.0108223222 0.0469999984
v -0.0819559097 -0.0109465998 0.0469999984
v -0.0699859783 -0.0119567011 0.0469999984
v -0.0847271159 -0.0132097499 0.0469999984
v -0.0878572166 -0.0149429273 0.0469999984
v -0.0699671358 -0.012840719 0.0469999984
v -0.071357891 -0.0150088733 0.0469999984
v -0.0721692368 -0.0153603815 0.0469999984
v -0.0706842467 -0.014436109 0.0469999984
v -0.0702068433 -0.0136918351 0.0469999984
v -0.102258243 0.00903796218 0.00699999975
v -0.104436338 0.00364699354 0.00699999975
v -0.103822574 0.00653450936 0.00699999975
v -0.104025498 0.000723710051 0.00699999975
v -0.102639608 -0.00188276765 0.00699999975
v -0.0999320298 0.0108554028 0.00699999975
v -0.100445822 -0.00385805592 0.00699999975
v -0.0971244872 0.0117676305 0.00699999975
v -0.0977087691 -0.00496389857 0.00699999975
v -0.0941742659 0.0116646048 0.00699999975
v -0.0947585478 -0.0050669238 0.00699999975
v -0.0914372057 0.0105587598 0.00699999975
v -0.0919510052 -0.00415469659 0.00699999975
v -0.0896247849 -0.00233725784 0.00699999975
v -0.0892434269 0.00858347397 0.00699999975
v -0.087857537 0.00597699638 0.00699999975
v -0.0880604535 0.000166196813 0.00699999975
v -0.0874466896 0.003053708 0.00699999975
v -0.115598492 0.0070386217 0.0469999984
v -0.115758762 0.0060478067 0.0469999984
v -0.122820377 0.00729081128 0.0469999984
v -0.11586915 0.00505022053 0.0469999984
v -0.115929335 0.00404834747 0.0469999984
v -0.123029761 0.00129446981 0.0469999984
v -0.115939178 0.00304471003 0.0469999984
v -0.123852119 0.00714580528 0.0469999984
v -0.115898676 0.00204184535 0.0469999984
v -0.115807883 0.00104227546 0.0469999984
v -0.124772049 0.00665667513 0.0469999984
v -0.125469208 0.00588239636 0.0469999984
v -0.125859499 0.0049163769 0.0469999984
v -0.125895873 0.00387512683 0.0469999984
v -0.125573903 0.00288423058 0.0469999984
v -0.124932468 0.0020632029 0.0469999984
v -0.124048881 0.00151109218 0.0469999984
v -0.113894664 -0.00546350935 0.0469999984
v -0.111669138 -0.009004483 0.0469999984
v -0.113793798 -0.00745248795 0.0469999984
v -0.113660485 -0.00943956804 0.0469999984
v -0.113494739 -0.0114242025 0.0469999984
v -0.113292873 -0.0122639127 0.0469999984
v -0.108755842 -0.012005195 0.0469999984
v -0.112860166 -0.0130113261 0.0469999984
v -0.112232447 -0.0136044882 0.0469999984
v -0.111461759 -0.0139942598 0.0469999984
v -0.110611983 -0.0141483117 0.0469999984
v -0.105282187 -0.01433443 0.0469999984
v -0.116003044 -0.000952124596 0.0449999981
v -0.11593274 -0.00450818054 0.0149999997
v -0.116003044 -0.000952124596 0.0149999997
v -0.11593274 -0.00450818054 0.0449999981
v -0.11576046 -0.00806074124 0.0449999981
v -0.11576046 -0.00806074124 0.0149999997
v -0.115486383 -0.0116069075 0.0149999997
v -0.115486383 -0.0116069075 0.0449999981
v -0.115149938 -0.0130064292 0.0449999981
v -0.115149938 -0.0130064292 0.0149999997
v -0.114428736 -0.0142521095 0.0449999981
v -0.114428736 -0.0142521095 0.0149999997
v -0.113382556 -0.0152407214 0.0449999981
v -0.113382556 -0.0152407214 0.0149999997
v -0.112098083 -0.0158903264 0.0449999981
v -0.112098083 -0.0158903264 0.0149999997
v -0.110681787 -0.0161470938 0.0449999981
v -0.110681787 -0.0161470938 0.0149999997
v -0.0966395065 -0.0166374613 0.0449999981
v -0.0863429233 -0.0169970244 0.0149999997
v -0.0832612216 -0.0171046499 0.0120000001
v -0.0832612216 -0.0171046499 0.00200000009
v -0.0781104714 -0.0172845069 -0.00300000003
v -0.0813105106 -0.0247709509 0.00200000009
v -0.0813105106 -0.0247709509 0.00200000009
v -0.0813105106 -0.0247709509 0.0120000001
v -0.0759943724 -0.0249970835 -0.00300000003
v -0.0786555558 -0.032222718 0.00200000009
v -0.0786555558 -0.032222718 0.00200000009
v -0.0786555558 -0.032222718 0.0120000001
v -0.0731188059 -0.0324598253 -0.00300000003
v -0.0753193423 -0.0393953845 0.00200000009
v -0.0753193423 -0.0393953845 0.0120000001
v -0.069512479 -0.0395981669 -0.00300000003
v -0.11593274 -0.00450818054 0.0149999997
v -0.123099573 -0.00070431229 0.0149999997
v -0.116003044 -0.000952124596 0.0149999997
v -0.11576046 -0.00806074124 0.0149999997
v -0.115486383 -0.0116069075 0.0149999997
v -0.114428736 -0.0142521095 0.0149999997
v -0.113382556 -0.0152407214 0.0149999997
v -0.112098083 -0.0158903264 0.0149999997
v -0.110681787 -0.0161470938 0.0149999997
v -0.08448001 -0.0246399604 0.0149999997
v -0.0863429233 -0.0169970244 0.0149999997
v -0.0819419846 -0.0320859924 0.0149999997
v -0.0787491277 -0.0392756201 0.0149999997
v -0.116003044 -0.000952124596 0.0449999981
v -0.116003044 -0.000952124596 0.0149999997
v -0.123099573 -0.00070431229 0.0449999981
v -0.123099573 -0.00070431229 0.0149999997
v -0.124798082 -0.000343284599 0.0149999997
v -0.124798082 -0.000343284599 0.0449999981
v -0.126270726 0.000576915743 0.0149999997
v -0.126270726 0.000576915743 0.0449999981
v -0.127339795 0.00194528094 0.0149999997
v -0.127339795 0.00194528094 0.0449999981
v -0.127876416 0.00359677314 0.0149999997
v -0.127876416 0.00359677314 0.0449999981
v -0.127815813 0.00533220265 0.0449999981
v -0.127815813 0.00533220265 0.0149999997
v -0.127165318 0.006942234 0.0449999981
v -0.127165318 0.006942234 0.0149999997
v -0.12600337 0.00823269319 0.0449999981
v -0.12600337 0.00823269319 0.0149999997
v -0.124470152 0.00904791802 0.0149999997
v -0.124470152 0.00904791802 0.0449999981
v -0.122750565 0.00928959344 0.0149999997
v -0.122750565 0.00928959344 0.0449999981
v -0.115654044 0.00904177688 0.0449999981
v -0.115654044 0.00904177688 0.0149999997
v -0.08448001 -0.0246399604 0.0149999997
v -0.0813105106 -0.0247709509 0.0120000001
v -0.0819419846 -0.0320859924 0.0149999997
v -0.0786555558 -0.032222718 0.0120000001
v -0.0832612216 -0.0171046499 0.0120000001
v -0.0813105106 -0.0247709509 0.0120000001
v -0.08448001 -0.0246399604 0.0149999997
v -0.0863429233 -0.0169970244 0.0149999997
v -0.0819419846 -0.0320859924 0.0149999997
v -0.0786555558 -0.032222718 0.0120000001
v -0.0787491277 -0.0392756201 0.0149999997
v -0.0753193423 -0.0393953845 0.0120000001
v -0.0561365411 -0.029680619 -0.00300000003
v -0.0490629189 -0.040312279 -0.00300000003
v -0.069512479 -0.0395981669 -0.00300000003
v -0.0731188059 -0.0324598253 -0.00300000003
v -0.0609399341 -0.0178486314 -0.00300000003
v -0.0759943724 -0.0249970835 -0.00300000003
v -0.0703010634 -0.0167068504 -0.00300000003
v -0.0716533139 -0.0172926895 -0.00300000003
v -0.0731176287 -0.0174588654 -0.00300000003
v -0.0781104714 -0.0172845069 -0.00300000003
v -0.0691783205 -0.0157522373 -0.00300000003
v -0.0683826506 -0.0145117827 -0.00300000003
v -0.0679831579 -0.0130932666 -0.00300000003
v -0.0680145323 -0.011619892 -0.00300000003
v -0.0632788613 -0.0052948189 -0.00300000003
v -0.0683489963 -0.00945593603 -0.00300000003
v -0.068614617 -0.00728244288 -0.00300000003
v -0.068811141 -0.00510163791 -0.00300000003
v -0.0971782953 -0.0536411926 0.0480000004
v -0.0971782953 -0.0536411926 0.0370000005
v -0.0997577682 -0.0486763567 0.0480000004
v -0.0997577682 -0.0486763567 0.0240000002
v -0.0971782953 -0.0536411926 0.0240000002
v -0.102083787 -0.0435878448 0.0240000002
v -0.102083787 -0.0435878448 0.0480000004
v -0.104150444 -0.0383885875 0.0240000002
v -0.104150444 -0.0383885875 0.0480000004
v -0.104150444 -0.0383885875 0.0240000002
v -0.132685661 -0.0414187759 0.0240000002
v -0.133887872 -0.0373501331 0.0240000002
v -0.131359816 -0.0454488397 0.0240000002
v -0.12541303 -0.0526552238 0.0240000002
v -0.102083787 -0.0435878448 0.0240000002
v -0.0997577682 -0.0486763567 0.0240000002
v -0.0971782953 -0.0536411926 0.0240000002
v -0.129911602 -0.0494365692 0.0240000002
v -0.128147945 -0.0517246313 0.0240000002
v -0.12684916 -0.0523917489 0.0240000002
v -0.129198626 -0.0507107489 0.0240000002
v -0.0971782953 -0.0536411926 0.0240000002
v -0.0971782953 -0.0536411926 0.0149999997
v -0.12541303 -0.0526552238 0.0149999997
v -0.12541303 -0.0526552238 0.0240000002
v -0.12684916 -0.0523917489 0.0240000002
v -0.12684916 -0.0523917489 0.0149999997
v -0.128147945 -0.0517246313 0.0240000002
v -0.128147945 -0.0517246313 0.0149999997
v -0.129198626 -0.0507107489 0.0240000002
v -0.129198626 -0.0507107489 0.0149999997
v -0.129911602 -0.0494365692 0.0240000002
v -0.129911602 -0.0494365692 0.0149999997
v -0.131359816 -0.0454488397 0.0149999997
v -0.131359816 -0.0454488397 0.0240000002
v -0.132685661 -0.0414187759 0.0149999997
v -0.132685661 -0.0414187759 0.0240000002
v -0.133887872 -0.0373501331 0.0149999997
v -0.133887872 -0.0373501331 0.0240000002
v -0.0765431747 -0.0413538627 0.049999997
v -0.0995971859 -0.0442876704 0.049999997
v -0.101199456 -0.0404928587 0.049999997
v -0.0978527069 -0.0480192415 0.049999997
v -0.081938073 -0.052172184 0.049999997
v -0.09596847 -0.0516822264 0.049999997
v -0.0800385848 -0.0513165556 0.049999997
v -0.0757486075 -0.0427919179 0.049999997
v -0.0780694559 -0.0506363101 0.049999997
v -0.0749270245 -0.0442147069 0.049999997
v -0.0760468468 -0.0501370244 0.049999997
v -0.0740787238 -0.0456217192 0.049999997
v -0.0751484707 -0.0498017296 0.049999997
v -0.074401781 -0.0492001064 0.049999997
v -0.0738830566 -0.0483935922 0.049999997
v -0.0736453235 -0.0474646166 0.049999997
v -0.0737128407 -0.0465080924 0.049999997
v -0.0717659518 -0.0460502058 0.0480000004
v -0.0716534182 -0.0476444289 0.0480000004
v -0.0736453235 -0.0474646166 0.049999997
v -0.072049655 -0.0491927229 0.0480000004
v -0.0738830566 -0.0483935922 0.049999997
v -0.074401781 -0.0492001064 0.049999997
v -0.0729141757 -0.050536897 0.0480000004
v -0.0751484707 -0.0498017296 0.049999997
v -0.0741586685 -0.0515396409 0.0480000004
v -0.0760468468 -0.0501370244 0.049999997
v -0.0756559819 -0.0520984642 0.0480000004
v -0.0780694559 -0.0506363101 0.049999997
v -0.0776634514 -0.0526025183 0.0480000004
v -0.0800385848 -0.0513165556 0.049999997
v -0.0796115473 -0.0533017479 0.0480000004
v -0.081938073 -0.052172184 0.049999997
v -0.0814813375 -0.0541893505 0.0480000004
v -0.0814813375 -0.0541893505 0.0480000004
v -0.09596847 -0.0516822264 0.049999997
v -0.081938073 -0.052172184 0.049999997
v -0.0971782953 -0.0536411926 0.0480000004
v -0.0814813375 -0.0541893505 0.0480000004
v -0.0814813375 -0.0541893505 0.0370000005
v -0.0971782953 -0.0536411926 0.0370000005
v -0.0971782953 -0.0536411926 0.0480000004
v -0.115654044 0.00904177688 0.0449999981
v -0.115654044 0.00904177688 0.0149999997
v -0.115335852 0.0125842616 0.0149999997
v -0.115335852 0.0125842616 0.0449999981
v -0.114916191 0.0161161516 0.0149999997
v -0.114916191 0.0161161609 0.0449999981
v -0.114395402 0.0196345542 0.0149999997
v -0.114395402 0.0196345653 0.0449999981
v -0.113962151 0.0210071988 0.0149999997
v -0.113962144 0.0210072082 0.0449999981
v -0.113155812 0.0221995357 0.0149999997
v -0.113155812 0.0221995413 0.0449999981
v -0.112043224 0.0231127534 0.0149999997
v -0.112043217 0.0231127646 0.0449999981
v -0.110716566 0.0236711837 0.0149999997
v -0.110716566 0.023671193 0.0449999981
v -0.109285802 0.0238285307 0.0449999981
v -0.0923110843 0.0230180919 0.0452175364
v -0.0917832851 0.0229133032 0.049999997
v -0.0894313902 0.0222611539 0.0458735153
v -0.0866008475 0.0210351367 0.0469999984
v -0.0853431299 0.0203113165 0.049999997
v -0.0835992619 0.0190878455 0.0469999984
v -0.0987249836 0.0231557079 0.049999997
v -0.0801813006 0.0156635847 0.049999997
v -0.0809926614 0.0166368838 0.0469999984
v -0.0788645074 0.0137607073 0.0469999984
v -0.0981661975 0.0232262369 0.0452138595
v -0.101093881 0.0226753037 0.0458666421
v -0.104025811 0.0216436349 0.0469999984
v -0.105330944 0.0210093074 0.049999997
v -0.107653469 0.0195623804 0.0469999984
v -0.0769203827 0.00953069422 0.049999997
v -0.077777721 0.011721544 0.0449999981
v -0.0759536996 0.00265236129 0.049999997
v -0.0764637664 -0.00119027379 0.0469999984
v -0.110804424 0.0167329609 0.049999997
v -0.110768996 0.0167721957 0.0469999984
v -0.113236107 0.0133950897 0.0469999984
v -0.0773978382 -0.00414177869 0.049999997
v -0.0777055174 -0.00486232759 0.0469999984
v -0.0796322897 -0.00822588149 0.0469999984
v -0.114485182 0.0108424854 0.049999997
v -0.115244307 0.00858502369 0.0454421788
v -0.115598492 0.0070386217 0.0469999984
v -0.115929335 0.00404834747 0.049999997
v -0.0810786262 -0.0100322552 0.049999997
v -0.0819559097 -0.0109465998 0.0469999984
v -0.0847271159 -0.0132097499 0.0469999984
v -0.086552076 -0.0143085951 0.049999997
v -0.0878572166 -0.0149429273 0.0469999984
v -0.115758762 0.0060478067 0.0469999984
v -0.0931580588 -0.0164550114 0.049999997
v -0.11586915 0.00505022053 0.0469999984
v -0.0907891467 -0.0159746017 0.0458666421
v -0.09371683 -0.0165255349 0.0452138707
v -0.115929335 0.00404834747 0.0469999984
v -0.10009975 -0.0162125956 0.049999997
v -0.115939178 0.00304471003 0.0469999984
v -0.115898676 0.00204184535 0.0469999984
v -0.115807883 0.00104227546 0.0469999984
v -0.114962652 -0.00282999035 0.049999997
v -0.113894664 -0.00546350935 0.0469999984
v -0.0995719433 -0.0163173918 0.0452175364
v -0.102451645 -0.0155604454 0.0458735153
v -0.105282187 -0.01433443 0.0469999984
v -0.106539905 -0.0136106154 0.049999997
v -0.108755842 -0.012005195 0.0469999984
v -0.111701734 -0.00896288361 0.049999997
v -0.111669138 -0.009004483 0.0469999984
v -0.0539293736 0.0335241966 0.00999999978
v -0.0461313538 0.0436365455 -0.00300000003
v -0.0461313538 0.0436365455 0.00999999978
v -0.0539293848 0.033524204 -0.00300000003
v -0.0595464371 0.0220561065 0.00999999978
v -0.0595464371 0.0220561065 -0.00300000003
v -0.0627553761 0.00969604123 0.00999999978
v -0.0392310284 0.0433955789 0.0149999997
v -0.0386489965 0.0433752462 0.0419999957
v -0.0323001035 0.0401117466 0.0149999997
v -0.0293624904 0.0386017263 0.0419999957
v -0.0293624904 0.0386017263 0.0120000001
v -0.0296543334 0.0561504178 0.0170000009
v -0.0215932094 0.0434278958 0.0170000009
v -0.0215932094 0.0434278958 0.0419999957
v -0.0358256064 0.0658902526 0.0419999957
v -0.0358256064 0.0658902526 0.00999999978
v -0.0296543334 0.0561504178 -0.0329999998
v -0.0318368338 0.0595949441 -0.0329999998
v -0.0411883444 0.0743540153 -0.0211576596
v -0.0381204002 0.0695120245 -0.0290957689
v -0.0411883444 0.0743540153 0.00999999978
v -0.0343169384 0.0777646899 0.00999999978
v -0.0271904767 0.0805337131 -0.0211576596
v -0.0271660108 0.0805419609 0.00999999978
v -0.0197938178 0.0826631933 0.00999999978
v -0.0123114847 0.0841036588 -0.0211576596
v 0.00296645635 0.0849482119 -0.0211576596
v 0.0255119 0.0810810849 0.00999999978
v 0.0181482714 0.0830399841 -0.0211576596
v 0.0327419862 0.0784408227 -0.0211576596
v 0.032718163 0.0784507543 0.00999999978
v 0.0396579318 0.0751814321 0.00999999978
v 0.0462746806 0.0712997392 -0.0211576596
v 0.0462746806 0.0712997392 0.00999999978
v 0.0403346159 0.0632306784 0.00999999978
v 0.0334989578 0.0539450534 -0.0329999998
v 0.0359164104 0.0572289452 -0.0329999998
v 0.0428764485 0.0666835457 -0.0290957689
v 0.0334989578 0.0539450534 0.0170000009
v 0.0403346159 0.0632306784 0.0419999957
v 0.024569992 0.0418158583 0.0419999957
v 0.024569992 0.0418158583 0.0170000009
v -0.0286138151 0.056687735 0.0146976691
v -0.0215932094 0.0434278958 0.0170000009
v -0.0296543334 0.0561504178 0.0170000009
v -0.0118752262 0.0470237061 -0.00300000003
v -0.0286138151 0.056687735 0.0146976691
v -0.0286138151 0.056687735 -0.0329999998
v -0.0118752262 0.0470237061 -0.00300000003
v -0.0118752262 0.0470237061 -0.0329999998
v -0.0251470301 0.0751845315 -0.0290957689
v -0.0318368338 0.0595949441 -0.0329999998
v -0.0381204002 0.0695120245 -0.0290957689
v -0.0209627412 0.0642316416 -0.0329999998
v -0.0113714812 0.0784587488 -0.0290957689
v -0.00944695901 0.0669021532 -0.0329999998
v 0.00276677846 0.079230234 -0.0290957689
v 0.00235801213 0.0675246716 -0.0329999998
v 0.0140908016 0.0660801753 -0.0329999998
v 0.016816793 0.0774744004 -0.0290957689
v 0.0253922474 0.0626129061 -0.0329999998
v 0.0303303767 0.0732472092 -0.0290957689
v 0.0359164104 0.0572289452 -0.0329999998
v 0.0428764485 0.0666835457 -0.0290957689
v -0.0271904767 0.0805337131 -0.0211576596
v -0.0381204002 0.0695120245 -0.0290957689
v -0.0411883444 0.0743540153 -0.0211576596
v -0.0251470301 0.0751845315 -0.0290957689
v -0.0123114847 0.0841036588 -0.0211576596
v -0.0113714812 0.0784587488 -0.0290957689
v 0.00296645635 0.0849482119 -0.0211576596
v 0.00276677846 0.079230234 -0.0290957689
v 0.016816793 0.0774744004 -0.0290957689
v 0.0181482714 0.0830399841 -0.0211576596
v 0.0303303767 0.0732472092 -0.0290957689
v 0.0327419862 0.0784408227 -0.0211576596
v 0.0428764485 0.0666835457 -0.0290957689
v 0.0462746806 0.0712997392 -0.0211576596
v -0.0358256064 0.0658902526 0.00999999978
v -0.0358256064 0.0658902526 0.0419999957
v -0.0401385911 0.0633552894 0.0149999997
v -0.0395969711 0.0636952072 0.0419999957
v -0.043234285 0.0612845495 0.0419999957
v -0.0442729779 0.0605384447 0.0149999997
v -0.046725262 0.058666423 0.0419999957
v -0.046725262 0.058666423 0.0119265793
v -0.0358256064 0.0658902526 0.0419999957
v -0.0374624953 0.0591317266 0.0469999984
v -0.0395969711 0.0636952072 0.0419999957
v -0.043234285 0.0612845495 0.0419999957
v -0.0400624499 0.0574020855 0.0469999984
v -0.042582687 0.0555582121 0.0469999984
v -0.046725262 0.058666423 0.0419999957
v -0.0450181775 0.0536037609 0.0469999984
v -0.0374624953 0.0591317266 0.0469999984
v -0.0358256064 0.0658902526 0.0419999957
v -0.0286313761 0.045193959 0.0469999984
v -0.0215932094 0.0434278958 0.0419999957
v -0.0294033736 0.044695545 0.0469999984
v -0.0297861286 0.0444413833 0.0469999984
v -0.0373573452 0.0483331904 0.0469999984
v -0.0290184487 0.0449464135 0.0469999984
v -0.0286313761 0.045193959 0.0469999984
v -0.0374624953 0.0591317266 0.0469999984
v -0.0400624499 0.0574020855 0.0469999984
v -0.042582687 0.0555582121 0.0469999984
v -0.0450181775 0.0536037609 0.0469999984
v -0.0552790351 0.0539620779 0.0469999984
v -0.0591121055 0.0525228381 0.0469999984
v -0.0691403076 0.0494430773 0.0469999984
v -0.0686993971 0.0501554571 0.0469999984
v -0.0631235912 0.051703196 0.0469999984
v -0.0672140121 0.0515234619 0.0469999984
v -0.068409346 0.050849203 0.0469999984
v -0.0682266057 0.0515786074 0.0469999984
v -0.0597664826 0.0575520061 0.0419999957
v -0.0563770458 0.0590034649 0.0419999957
v -0.0552790351 0.0539620779 0.0469999984
v -0.0591121055 0.0525228381 0.0469999984
v -0.0633575395 0.0567157306 0.0419999957
v -0.0631235912 0.051703196 0.0469999984
v -0.0683788359 0.0539069846 0.0446914285
v -0.0672140121 0.0515234619 0.0469999984
v -0.0682266057 0.0515786074 0.0469999984
v -0.0670395195 0.0565204099 0.0419999957
v -0.0692757219 0.0555809215 0.0431267954
v -0.0686560124 0.0566394515 0.0419999957
v -0.0703051388 0.0565343611 0.0423510112
v -0.0702585205 0.0568828098 0.0419999957
v -0.0710545108 0.0569632761 0.0420858264
v -0.0718374699 0.0572490431 0.0419999957
v -0.0644758418 0.0627922267 0.0149999997
v -0.0633045584 0.0567233115 0.00999999978
v -0.0698106661 0.0568020232 0.0149999997
v -0.060240183 0.0599676482 0.00999999978
v -0.0570097715 0.0630466938 0.00999999978
v -0.058628872 0.0682836398 0.0149999997
v -0.0536222123 0.0659519434 0.00999999978
v -0.0523161627 0.0732326359 0.0149999997
v -0.0442729779 0.0605384447 0.0149999997
v -0.046725262 0.058666423 0.0119265793
v -0.0490576215 0.0587478727 0.00999999978
v -0.0680163875 0.0705533177 0.0370000005
v -0.0693488792 0.0734284073 0.0350000001
v -0.0664613396 0.0720200688 0.0350000001
v -0.0760411918 0.0766924769 0.0350000001
v -0.0803588852 0.0765731484 0.0370000005
v -0.0788924769 0.0780831426 0.0350000001
v -0.0552790351 0.0539620779 0.0469999984
v -0.0563770458 0.0590034649 0.0419999957
v -0.046725262 0.058666423 0.0419999957
v -0.0450181775 0.0536037609 0.0469999984
v -0.0509262159 0.0616969988 -0.00300000003
v -0.0490576215 0.0587478727 -0.00300000003
v -0.052003786 0.0607914925 -0.00300000003
v -0.053065259 0.0598671697 -0.00300000003
v -0.0541103072 0.0589243099 -0.00300000003
v -0.0713273138 0.0462321639 0.0480000004
v -0.0723877773 0.0445534363 0.0480000004
v -0.0734720156 0.0465925224 0.049999997
v -0.0725790784 0.0479716398 0.049999997
v -0.0702279359 0.0478856601 0.0480000004
v -0.071660243 0.0493336469 0.049999997
v -0.0690902248 0.0495130308 0.0480000004
v -0.070715867 0.0506780557 0.049999997
v -0.0683788434 0.0509441644 0.0480000004
v -0.0702890456 0.0515367463 0.049999997
v -0.0681553632 0.0525266603 0.0480000004
v -0.0701549575 0.052486226 0.049999997
v -0.0684426278 0.0540988259 0.0480000004
v -0.0703273118 0.0534295253 0.049999997
v -0.0707885176 0.0542702526 0.049999997
v -0.0692112818 0.055500038 0.0480000004
v -0.0714914203 0.0549225137 0.049999997
v -0.0703827962 0.056587141 0.0480000004
v -0.0723642185 0.0553196594 0.049999997
v -0.0718374699 0.0572490431 0.0480000004
v -0.0743470713 0.0559588037 0.049999997
v -0.0738049001 0.0578919128 0.0480000004
v -0.0762639493 0.0567747466 0.049999997
v -0.0756994709 0.0587253273 0.0480000004
v -0.078099139 0.0577608086 0.049999997
v -0.0775027946 0.059741199 0.0480000004
v -0.0296543334 0.0561504178 -0.0329999998
v -0.0286138151 0.056687735 0.0146976691
v -0.0296543334 0.0561504178 0.0170000009
v -0.0286138151 0.056687735 -0.0329999998
v 0.0300666261 0.0922225341 0.0469999984
v 0.0300013721 0.0922437906 0.0475017317
v 0.0280239247 0.0928636566 0.0489999987
v 0.0298045799 0.0923075527 0.0479801781
v 0.0294930506 0.0924075767 0.0483897664
v 0.0290723816 0.0925407782 0.0487165675
v 0.0285767931 0.0926950127 0.048925288
v 0.0314291716 0.0893714279 0.0495665297
v 0.0319558792 0.0892925411 0.0483289622
v 0.0303195175 0.0895358995 0.0508614928
v 0.0300013721 0.0922437906 0.0475017317
v 0.032134898 0.0892655924 0.0469999984
v 0.0300666261 0.0922225341 0.0469999984
v 0.0288370512 0.0897519216 0.0517067388
v 0.0271572154 0.0899915993 0.0519999973
v 0.0280239247 0.0928636566 0.0489999987
v 0.019938292 0.0949287266 0.0489999987
v 0.0193216465 0.091992788 0.0519999973
v 0.0117050959 0.096291177 0.0489999987
v 0.011343074 0.0933130905 0.0519999973
v 0.00338525278 0.0969409049 0.0489999987
v 0.00328055141 0.0939427391 0.0519999973
v -0.00480625127 0.0938770473 0.0519999973
v -0.00495964056 0.0968731195 0.0489999987
v -0.0128574921 0.0931165069 0.0519999973
v -0.0132678319 0.09608832 0.0489999987
v -0.0208135545 0.0916667655 0.0519999973
v -0.0214778222 0.0945922956 0.0489999987
v -0.0221580788 0.091570355 0.0518169999
v -0.0221990719 0.0944256261 0.0488760807
v -0.0233994294 0.0914783329 0.0512843169
v -0.0228232145 0.0942767188 0.0485261679
v -0.0246957224 0.0913791507 0.0501662306
v -0.0232788697 0.0941652432 0.0480036288
v -0.0255377572 0.0913130268 0.0486809202
v -0.0234909598 0.0941125527 0.0475113913
v -0.0258297622 0.0912897736 0.0469999984
v -0.0235602707 0.0940952301 0.0469999984
v 0.032134898 0.0892655924 0.0469999984
v 0.0320095494 0.0856760666 0.0469999984
v 0.0319558792 0.0892925411 0.0483289622
v 0.0317031406 0.0841188803 0.0485669412
v 0.0314291716 0.0893714279 0.0495665297
v 0.0309801102 0.0828077197 0.0499025173
v 0.0303195175 0.0895358995 0.0508614928
v 0.0300154462 0.0818526894 0.050890632
v 0.0288370512 0.0897519216 0.0517067388
v 0.0289599411 0.0812453628 0.0515344292
v 0.0278932136 0.080928728 0.0518881083
v 0.0271572154 0.0899915993 0.0519999973
v 0.0268380996 0.0808536112 0.0519999973
v 0.0263897944 0.0808895007 0.0519999973
v 0.0259465352 0.0809655339 0.0519999973
v 0.0255119 0.0810810849 0.0519999973
v 0.0193216465 0.091992788 0.0519999973
v 0.0105875852 0.0843380317 0.0519999973
v 0.011343074 0.0933130905 0.0519999973
v 0.00328055141 0.0939427391 0.0519999973
v -0.00467867358 0.0848711506 0.0519999973
v -0.00480625127 0.0938770473 0.0519999973
v -0.0128574921 0.0931165069 0.0519999973
v -0.0197938178 0.0826631933 0.0519999973
v -0.0208135545 0.0916667655 0.0519999973
v -0.0202354603 0.0825782493 0.0519999973
v -0.020682944 0.0825333223 0.0519999973
v -0.0211326666 0.0825287774 0.0519999973
v -0.0221799631 0.0826773047 0.0518881083
v -0.0221580788 0.091570355 0.0518169999
v -0.023222005 0.083067596 0.0515344292
v -0.0233994294 0.0914783329 0.0512843169
v -0.0242325701 0.083747074 0.050890632
v -0.0246957224 0.0913791507 0.0501662306
v -0.025128264 0.0847670659 0.0499025173
v -0.0257580839 0.0861254707 0.0485669412
v -0.0255377572 0.0913130268 0.0486809202
v -0.0259551182 0.0877002329 0.0469999984
v -0.0258297622 0.0912897736 0.0469999984
v 0.0265188012 0.0808750167 0.0101117697
v 0.032718163 0.0784507543 0.00999999978
v 0.0255119 0.0810810849 0.00999999978
v 0.0275974609 0.0808848813 0.0104633495
v 0.0287437271 0.0811598077 0.0110994596
v 0.0299117174 0.0817768425 0.0120756198
v 0.0309804026 0.0828081146 0.0134136193
v 0.0392912813 0.080970332 0.0149999997
v 0.0317385457 0.0842179582 0.0149999997
v 0.0396579318 0.0751814321 0.00999999978
v 0.0465161465 0.07704705 0.0149999997
v 0.0462746806 0.0712997392 0.00999999978
v 0.0533528551 0.072480835 0.0149999997
v 0.0459567234 0.0899387598 0.0350000001
v 0.0322493054 0.0925417766 0.0320000015
v 0.0293902159 0.096629262 0.0350000001
v 0.046574343 0.0862254724 0.0320000015
v 0.0610851385 0.0804338604 0.0350000001
v 0.0597107597 0.0777085871 0.0320000015
v 0.0713233054 0.0672085136 0.0320000015
v 0.0743020549 0.0684120134 0.0350000001
v 0.0322493054 0.0925417766 0.0320000015
v 0.032134898 0.0892655924 0.0320000015
v 0.0300666261 0.0922225341 0.0341702104
v 0.0293902159 0.096629262 0.0350000001
v 0.0292455312 0.0924862102 0.0350000001
v -0.00193801872 0.0877709091 -0.0407788083
v -0.00314028258 0.0884916261 -0.0418175608
v -0.0037967586 0.0698969588 -0.0480000004
v -0.00257040723 0.069661513 -0.0467999987
v -0.00376660819 0.0697914213 -0.0480000004
v -0.00257040723 0.069661513 -0.0467999987
v -0.0039277575 0.0651767775 -0.0480000004
v -0.00272848364 0.0651349053 -0.0467999987
v -0.00362808211 0.0630444884 -0.0480000004
v -0.0024868201 0.0634153187 -0.0467999987
v -0.00167157885 0.0618820935 -0.0467999987
v -0.00261719944 0.0611432977 -0.0480000004
v -0.000381131162 0.0607201569 -0.0467999987
v -0.00101703405 0.0597025044 -0.0480000004
v 0.0012289047 0.0600696653 -0.0467999987
v 0.000979411532 0.0588958859 -0.0480000004
v 0.00296433689 0.0600090586 -0.0467999987
v 0.00313134189 0.0588207431 -0.0480000004
v 0.00461582653 0.0605456643 -0.0467999987
v 0.00517919054 0.0594861209 -0.0480000004
v 0.00598419178 0.0616147406 -0.0467999987
v 0.00687596062 0.0608117916 -0.0480000004
v 0.00690438738 0.0630873665 -0.0467999987
v 0.00801701006 0.0626378506 -0.0480000004
v 0.00726542436 0.0647859052 -0.0467999987
v 0.00846468937 0.0647440255 -0.0480000004
v 0.00742349587 0.0693125278 -0.0467999987
v 0.00862584077 0.0693586692 -0.0480000004
v 0.00866326038 0.0694618374 -0.0480000004
v 0.00742349587 0.0693125278 -0.0467999987
v 0.00805589464 0.087421909 -0.0407788083
v 0.00930549856 0.0880570114 -0.0418175608
v -0.00155568123 0.0987197012 -0.0256126095
v -0.00277454359 0.0999471471 -0.0260198992
v -0.00193801872 0.0877709091 -0.0407788083
v -0.00318014366 0.0885587186 -0.0417947285
v -0.00314028258 0.0884916261 -0.0418175608
v 0.00975455996 0.0995231047 -0.0149999997
v 0.00843823142 0.0983707011 -0.0256126095
v 0.00973974913 0.0995101333 -0.0260198992
v 0.00843823142 0.0983707011 -0.0149999997
v 0.00939429738 0.0995577574 -0.0129267294
v 0.0081513403 0.0984025374 -0.0133280093
v 0.00834870804 0.0996508747 -0.0110848602
v 0.00731861359 0.0984875485 -0.0118426299
v 0.00672874413 0.0997733697 -0.0096918596
v 0.00602829922 0.0985977128 -0.0107192397
v 0.00472013233 0.0998885408 -0.00892050937
v 0.00442819111 0.098698087 -0.0100971796
v 0.0025620698 0.0999671742 -0.00886820909
v 0.00270873541 0.0987613648 -0.0100550102
v 0.000514116255 0.0999986753 -0.00954160932
v 0.00107670785 0.098778829 -0.0105980691
v -0.00117825507 0.0999930575 -0.0108555397
v -0.000272154808 0.0987619981 -0.0116576897
v -0.00231793872 0.0999731198 -0.0126463305
v -0.00118062971 0.0987346992 -0.0131018804
v -0.00267081265 0.0999643281 -0.0138066392
v -0.001461935 0.0987236574 -0.01403761
v -0.00155568123 0.0987197012 -0.0149999997
v -0.0027884054 0.0999611169 -0.0149999997
v -0.00155568123 0.0987197012 -0.0256126095
v -0.00277454359 0.0999471471 -0.0260198992
v -0.0102201412 0.0994763747 -0.0259999987
v -0.00318014366 0.0885587186 -0.0417947285
v -0.00277454359 0.0999471471 -0.0260198992
v -0.00929190125 0.0881272927 -0.0417947285
v -0.0153592322 0.0872745886 -0.0417947285
v -0.0175951757 0.0984398797 -0.0259999987
v -0.0213531274 0.0860046744 -0.0417947285
v -0.0248821061 0.0968401432 -0.0260198992
v -0.0213531274 0.0860046744 -0.0417947285
v -0.021372959 0.0859291852 -0.0418175608
v -0.0153592322 0.0872745886 -0.0417947285
v -0.0156165548 0.0682357848 -0.0480000004
v -0.0117102787 0.069013536 -0.0480000004
v -0.0077660894 0.0695678517 -0.0480000004
v -0.00929190125 0.0881272927 -0.0417947285
v -0.0037967586 0.0698969588 -0.0480000004
v -0.00314028258 0.0884916261 -0.0418175608
v -0.00318014366 0.0885587186 -0.0417947285
v -0.021372959 0.0859291852 -0.0418175608
v -0.0213531274 0.0860046744 -0.0417947285
v -0.0223299954 0.0849050134 -0.0407788083
v -0.0248821061 0.0968401432 -0.0260198992
v -0.0257154275 0.0953242779 -0.0256126095
v -0.024872629 0.0968573838 -0.0149999997
v -0.0257154275 0.0953242779 -0.0256126095
v -0.0248821061 0.0968401432 -0.0260198992
v -0.0257154275 0.0953242779 -0.0149999997
v -0.0252228994 0.096766755 -0.0129270097
v -0.0259958114 0.0952560678 -0.0133282393
v -0.0262371395 0.0964966938 -0.0110851703
v -0.0268072821 0.0950511843 -0.0118428804
v -0.0278011598 0.0960577726 -0.00969210919
v -0.0280573387 0.0947134346 -0.0107194399
v -0.0297279134 0.0954790488 -0.00892060995
v -0.0295951888 0.0942605212 -0.0100972699
v -0.0317826644 0.0948148891 -0.00886811968
v -0.0312325545 0.0937319249 -0.0100549394
v -0.0337178968 0.0941440463 -0.00954130013
v -0.032772135 0.0931901559 -0.0105978204
v -0.035306368 0.0935599282 -0.0108549995
v -0.034033969 0.092712976 -0.0116572594
v -0.0363706984 0.0931513384 -0.0126455994
v -0.0348784588 0.0923765674 -0.01310129
v -0.0366994031 0.0930223241 -0.0138058104
v -0.0351391248 0.0922699273 -0.0140369404
v -0.0352259874 0.0922340974 -0.0149999997
v -0.0368089564 0.0929790288 -0.0149999997
v -0.0352259874 0.0922340974 -0.0256126095
v -0.0367911533 0.0929706469 -0.0260198992
v -0.0156165548 0.0682357848 -0.0480000004
v -0.021372959 0.0859291852 -0.0418175608
v -0.0223299954 0.0849050134 -0.0407788083
v -0.0167304818 0.067671448 -0.0467999987
v -0.0156164309 0.0681260452 -0.0480000004
v -0.014189546 0.0637345761 -0.0480000004
v -0.0153308148 0.0633637607 -0.0467999987
v -0.0138898827 0.0616022944 -0.0480000004
v -0.0150891514 0.0616441816 -0.0467999987
v -0.014337563 0.0594961047 -0.0480000004
v -0.0154501861 0.059945628 -0.0467999987
v -0.0163703859 0.0584730171 -0.0467999987
v -0.0154786035 0.057670068 -0.0480000004
v -0.0177387428 0.0574039295 -0.0467999987
v -0.0171753857 0.0563444048 -0.0480000004
v -0.01922323 0.0556790046 -0.0480000004
v -0.0193902459 0.0568673313 -0.0467999987
v -0.0213751607 0.0557541586 -0.0480000004
v -0.0211256593 0.056927938 -0.0467999987
v -0.0233716015 0.0565607771 -0.0480000004
v -0.0227357 0.0575784296 -0.0467999987
v -0.0240261629 0.0587403663 -0.0467999987
v -0.0249717664 0.058001563 -0.0480000004
v -0.0248413868 0.0602735952 -0.0467999987
v -0.0259826537 0.0599027611 -0.0480000004
v -0.0262410417 0.064581275 -0.0467999987
v -0.027409533 0.0642942339 -0.0480000004
v -0.0274738893 0.0643831044 -0.0480000004
v -0.0318405628 0.0818148404 -0.0407788083
v -0.0332168117 0.0820808783 -0.0418175608
v -0.0220068637 0.0839105099 -0.0392549373
v -0.0198882502 0.0666073337 -0.0449999981
v -0.0166698284 0.0674847886 -0.0449999981
v -0.0252158847 0.0830026194 -0.0392549373
v -0.0230608769 0.0655764937 -0.0449999981
v -0.0283876341 0.0819720477 -0.0392549373
v -0.0315174349 0.0808203369 -0.0392549373
v -0.0261803977 0.0643946156 -0.0449999981
v -0.0198882502 0.0666073337 -0.0449999981
v -0.0153308148 0.0633637607 -0.0449999981
v -0.0166698284 0.0674847886 -0.0449999981
v -0.0150891514 0.0616441816 -0.0449999981
v -0.0154501861 0.059945628 -0.0449999981
v -0.0163703859 0.0584730171 -0.0449999981
v -0.0177387428 0.0574039295 -0.0449999981
v -0.0193902459 0.0568673313 -0.0449999981
v -0.0230608769 0.0655764937 -0.0449999981
v -0.0211256593 0.056927938 -0.0449999981
v -0.0227357 0.0575784296 -0.0449999981
v -0.0240261629 0.0587403663 -0.0449999981
v -0.0248413868 0.0602735952 -0.0449999981
v -0.0261803977 0.0643946156 -0.0449999981
v 0.0171343666 0.0985211283 -0.0259999987
v 0.00973974913 0.0995101333 -0.0260198992
v 0.0244191382 0.0969727039 -0.0259999987
v 0.0315767266 0.0948685408 -0.0260198992
v 0.00805589464 0.087421909 -0.0407788083
v 0.00973974913 0.0995101333 -0.0260198992
v 0.00843823142 0.0983707011 -0.0256126095
v 0.00934994407 0.0881211534 -0.0417947285
v 0.00930549856 0.0880570114 -0.0418175608
v 0.0273004957 0.084305644 -0.0417947285
v 0.020338444 0.066980198 -0.0480000004
v 0.028198272 0.0831405222 -0.0407788083
v 0.0214102454 0.0663395524 -0.0467999987
v 0.0323022678 0.0932982489 -0.0256126095
v 0.0315767266 0.0948685408 -0.0260198992
v 0.028198272 0.0831405222 -0.0407788083
v 0.0273004957 0.084305644 -0.0417947285
v 0.0213367213 0.066157572 -0.0449999981
v 0.0197135117 0.0621399805 -0.0449999981
v 0.0244860984 0.0650577471 -0.0449999981
v 0.0193524752 0.0604414456 -0.0449999981
v 0.0195941497 0.058721859 -0.0449999981
v 0.0204093829 0.0571886413 -0.0449999981
v 0.0216998309 0.0560267121 -0.0449999981
v 0.023309866 0.055376213 -0.0449999981
v 0.0275790878 0.0638080984 -0.0449999981
v 0.0250452962 0.0553156063 -0.0449999981
v 0.0266967863 0.055852212 -0.0449999981
v 0.0280651562 0.0569212995 -0.0449999981
v 0.0289853495 0.0583939105 -0.0449999981
v 0.0306085609 0.062411502 -0.0449999981
v 0.00973974913 0.0995101333 -0.0260198992
v 0.00934994407 0.0881211534 -0.0417947285
v 0.0171343666 0.0985211283 -0.0259999987
v 0.0154167172 0.0872644484 -0.0417947285
v 0.0244191382 0.0969727039 -0.0259999987
v 0.0214097798 0.0859905928 -0.0417947285
v 0.0273004957 0.084305644 -0.0417947285
v 0.0315767266 0.0948685408 -0.0260198992
v 0.020338444 0.066980198 -0.0480000004
v 0.0273004957 0.084305644 -0.0417947285
v 0.0214097798 0.0859905928 -0.0417947285
v 0.016495917 0.0680285469 -0.0480000004
v 0.0125999786 0.068856664 -0.0480000004
v 0.0154167172 0.0872644484 -0.0417947285
v 0.00866326038 0.0694618374 -0.0480000004
v 0.00930549856 0.0880570114 -0.0418175608
v 0.00934994407 0.0881211534 -0.0417947285
v 0.00409220438 0.0693926066 -0.0449999981
v 0.00726542436 0.0647859052 -0.0449999981
v 0.00741663901 0.0691163689 -0.0449999981
v 0.00690438738 0.0630873665 -0.0449999981
v 0.00598419178 0.0616147406 -0.0449999981
v 0.00461582653 0.0605456643 -0.0449999981
v 0.00296433689 0.0600090586 -0.0449999981
v 0.000758347509 0.0695090294 -0.0449999981
v 0.0012289047 0.0600696653 -0.0449999981
v -0.000381131162 0.0607201569 -0.0449999981
v -0.00167157885 0.0618820935 -0.0449999981
v -0.0024868201 0.0634153187 -0.0449999981
v -0.00272848364 0.0651349053 -0.0449999981
v -0.00257726433 0.0694653615 -0.0449999981
v 0.00801939424 0.0863768756 -0.0392549373
v 0.00409220438 0.0693926066 -0.0449999981
v 0.00741663901 0.0691163689 -0.0449999981
v 0.00469338894 0.0866212845 -0.0392549373
v 0.00136044028 0.08673767 -0.0392549373
v 0.000758347509 0.0695090294 -0.0449999981
v -0.00197451585 0.0867258608 -0.0392549373
v -0.00257726433 0.0694653615 -0.0449999981
v -0.00161620136 0.0969865322 -0.0250315294
v -0.00197451585 0.0867258608 -0.0392549373
v 0.00136044028 0.08673767 -0.0392549373
v 0.00171843998 0.0969847739 -0.0250315294
v 0.00505106896 0.0968683958 -0.0250315294
v 0.00469338894 0.0866212845 -0.0392549373
v 0.00837770198 0.0966375396 -0.0250315294
v 0.00801939424 0.0863768756 -0.0392549373
v -0.0474258028 0.0748568773 -0.0417947471
v -0.0374624878 0.0591317229 -0.0480000004
v -0.0342287719 0.0610605367 -0.0480000004
v -0.0428577997 0.0775626674 -0.0417947285
v -0.0308960266 0.062812686 -0.0480000004
v -0.0381359607 0.0799900517 -0.0417947285
v -0.0274738893 0.0643831044 -0.0480000004
v -0.0332168117 0.0820808783 -0.0418175608
v -0.0332772322 0.082130298 -0.0417947285
v -0.0525415167 0.0642463416 -0.0333287492
v -0.0474258028 0.0748568773 -0.0417947471
v -0.0535187982 0.0844733045 -0.0259999987
v -0.0592197292 0.0747862831 -0.01601707
v -0.0578907095 0.0815393403 -0.0171908103
v -0.0535187982 0.0844733045 -0.0259999987
v -0.0474258028 0.0748568773 -0.0417947471
v -0.0428577997 0.0775626674 -0.0417947285
v -0.0481300727 0.0876555517 -0.0259999987
v -0.0381359607 0.0799900517 -0.0417947285
v -0.0425528511 0.0904945061 -0.0259999987
v -0.0332772322 0.082130298 -0.0417947285
v -0.0367911533 0.0929706469 -0.0260198992
v -0.0374624878 0.0591317229 -0.0480000004
v -0.0474258028 0.0748568773 -0.0417947471
v -0.0525415167 0.0642463416 -0.0333287492
v -0.0447142981 0.0518929847 -0.0379999988
v -0.0313074663 0.0494175218 -0.0480000004
v -0.0332772322 0.082130298 -0.0417947285
v -0.0332168117 0.0820808783 -0.0418175608
v -0.0318405628 0.0818148404 -0.0407788083
v -0.0367911533 0.0929706469 -0.0260198992
v -0.0352259874 0.0922340974 -0.0256126095
v 0.0931997597 -0.0602893494 0.0480000004
v 0.0921295136 -0.0582507588 0.049999997
v 0.0961192697 -0.0555165261 0.0480000004
v 0.0942646861 -0.0547281355 0.049999997
v 0.0962652266 -0.0511273406 0.049999997
v 0.0987945795 -0.0506026745 0.0480000004
v 0.098128289 -0.0474535376 0.049999997
v 0.101218887 -0.0455602407 0.0480000004
v 0.0931997597 -0.0602893494 0.0480000004
v 0.0815461129 -0.0578811727 0.049999997
v 0.0921295136 -0.0582507588 0.049999997
v 0.0776804164 -0.0597474054 0.0480000004
v 0.0921295136 -0.0582507588 0.049999997
v 0.0815461129 -0.0578811727 0.049999997
v 0.0839183703 -0.0543847866 0.049999997
v 0.0861408189 -0.0507913083 0.049999997
v 0.0942646861 -0.0547281355 0.049999997
v 0.0882095024 -0.0471071601 0.049999997
v 0.0962652266 -0.0511273406 0.049999997
v 0.098128289 -0.0474535376 0.049999997
v 0.0776804164 -0.0597474054 0.0480000004
v 0.0810834095 -0.0550407022 0.0480000004
v 0.0815461129 -0.0578811727 0.049999997
v 0.0839183703 -0.0543847866 0.049999997
v 0.0842016041 -0.0501406789 0.0480000004
v 0.0861408189 -0.0507913083 0.049999997
v 0.0882095024 -0.0471071601 0.049999997
v 0.0870240554 -0.0450645424 0.0480000004
v 0.0870240554 -0.0450645424 0.0480000004
v 0.098128289 -0.0474535376 0.049999997
v 0.0882095024 -0.0471071601 0.049999997
v 0.101218887 -0.0455602407 0.0480000004
v 0.0639531091 -0.0480624586 -0.00300000003
v 0.0509262159 -0.0616969988 -0.00300000003
v 0.0420069098 -0.0476200506 -0.00300000003
v 0.0518139936 -0.0367091261 -0.00300000003
v 0.0734266043 -0.0317574292 -0.00300000003
v 0.058855433 -0.0238388013 -0.00300000003
v 0.0788203105 -0.0136878751 -0.00300000003
v 0.0627553761 -0.00969604123 -0.00300000003
v 0.0781889707 -0.0125616025 -0.00300000003
v 0.0776316226 -0.0113969296 -0.00300000003
v 0.0771505684 -0.0101987263 -0.00300000003
v 0.0525319502 0.071366325 -0.0417947285
v 0.0384047627 0.0585241206 -0.0480000004
v 0.0414960384 0.0563744456 -0.0480000004
v 0.0481638499 0.0743841603 -0.0417947285
v 0.0352023728 0.0605044737 -0.0480000004
v 0.0436228588 0.0771349892 -0.0417947285
v 0.0318981409 0.0623097792 -0.0480000004
v 0.0388615839 0.0795638561 -0.0418175608
v 0.0389252827 0.0796089321 -0.0417947285
v 0.138974711 0.00265147211 -0.00800000038
v 0.13377066 0.00783624128 -0.00300000003
v 0.0949075744 0.00419030664 -0.00800000038
v 0.0995914713 0.00902980287 -0.00300000003
v 0.093597509 -0.103766546 -0.00600000005
v 0.0945964158 -0.101845548 -0.00800000038
v 0.0944992527 -0.101839505 -0.00792945921
v 0.0977511033 -0.105605163 -0.00800000038
v 0.0957490727 -0.106330678 -0.00600000005
v 0.0943840519 -0.010800533 -0.00800000038
v 0.132898182 -0.017148532 -0.00300000003
v 0.138451204 -0.0123393917 -0.00800000038
v 0.0987189636 -0.0159549732 -0.00300000003
v 0.0536221974 -0.0659519434 -0.0179999992
v 0.0592197292 -0.0747862831 -0.01601707
v 0.0592197403 -0.0747862905 -0.00760621997
v 0.0525415167 -0.0642463416 -0.0333287604
v 0.0447142981 -0.0518929847 -0.0179999992
v 0.0447142981 -0.0518929847 -0.0379999988
v 0.0535188317 -0.0844732821 -0.0259999987
v 0.0578907095 -0.0815393403 -0.0171908401
v 0.0592197292 -0.0747862831 -0.01601707
v 0.0525415167 -0.0642463416 -0.0333287604
v 0.04742584 -0.0748567879 -0.0417947918
v 0.0535188317 -0.0844732821 -0.0259999987
v 0.04742584 -0.0748567879 -0.0417947918
v 0.0428578407 -0.0775626525 -0.0417947285
v 0.0481300913 -0.0876555443 -0.0259999987
v 0.0381359681 -0.0799900442 -0.0417947285
v 0.0425528511 -0.0904944986 -0.0259999987
v 0.0332772098 -0.0821303055 -0.0417947285
v 0.0368089564 -0.0929790288 -0.0259999987
v 0.0318405628 -0.0818148404 -0.0407788083
v 0.0332772098 -0.0821303055 -0.0417947285
v 0.0274738893 -0.0643831044 -0.0480000004
v 0.0262410417 -0.064581275 -0.0467999987
v 0.027409533 -0.0642942339 -0.0480000004
v 0.0352259874 -0.0922340974 -0.0256126095
v 0.0368089564 -0.0929790288 -0.0259999987
v 0.0332772098 -0.0821303055 -0.0417947285
v 0.0318405628 -0.0818148404 -0.0407788083
v 0.124099255 0.0505507179 0
v 0.0995914713 0.00902980287 0
v 0.13377066 0.00783624128 0
v 0.0916467234 0.0400109552 0
v 0.101171531 0.0878653601 0
v 0.0743269622 0.0668991953 0
v 0.0674366504 0.115794204 0
v 0.0494039245 0.0869439617 0
v 0.0264981743 0.1313539 0
v 0.0194270909 0.0980947837 0
v -0.0125370193 0.0992110074 0
v -0.0172708463 0.132882342 0
v -0.0432186686 0.0901784077 0
v -0.0591949821 0.120216273 0
v -0.0694792718 0.0719210207 0
v -0.0947959051 0.0947086886 0
v -0.088632457 0.0463064462 0
v -0.120270707 0.0590843 0
v -0.0987189859 0.0159549639 0
v -0.132898182 0.017148532 0
v -0.0214098021 -0.0859905779 -0.0417947285
v -0.0203383919 -0.0669802055 -0.0480000004
v -0.0273005366 -0.0843056366 -0.0417947285
v -0.0164958686 -0.0680285618 -0.0480000004
v -0.0154167246 -0.0872644484 -0.0417947285
v -0.0125999497 -0.068856664 -0.0480000004
v -0.00866322033 -0.0694618374 -0.0480000004
v -0.00934994407 -0.0881211534 -0.0417947285
v -0.0323022678 -0.0932982489 -0.0256126095
v -0.0315684676 -0.0948864073 -0.0259999987
v -0.0273005366 -0.0843056366 -0.0417947285
v -0.028198272 -0.0831405222 -0.0407788083
v -0.0171343666 -0.0985211283 -0.0259999987
v -0.00975455996 -0.0995231047 -0.0259999987
v -0.00934994407 -0.0881211534 -0.0417947285
v -0.0154167246 -0.0872644484 -0.0417947285
v -0.0244191382 -0.0969727039 -0.0259999987
v -0.0214098021 -0.0859905779 -0.0417947285
v -0.0273005366 -0.0843056366 -0.0417947285
v -0.0315684676 -0.0948864073 -0.0259999987
v -0.00805589464 -0.087421909 -0.0407788083
v -0.00934994407 -0.0881211534 -0.0417947285
v -0.00975455996 -0.0995231047 -0.0259999987
v -0.00843823142 -0.0983707011 -0.0256126095
v 0.0712819695 -0.102066666 0.00200000009
v 0.0817690566 -0.093266964 0.00200000009
v 0.0789513737 -0.0930204466 0
v 0.0684642941 -0.101820149 0
v -0.0795041621 0.0377238169 0.0149999997
v -0.076216206 0.0376309566 0.0120000001
v -0.0793845132 0.0303825475 0.0120000001
v -0.0825554132 0.0304729734 0.0149999997
v 0.0855046064 0.0707810745 0.0370000005
v 0.0812057704 0.0712012947 0.0350000001
v 0.0841470957 0.0723896772 0.0350000001
v 0.072772257 0.0656368658 0.0370000005
v 0.0743020549 0.0684120134 0.0350000001
v 0.0713233054 0.0672085136 0.0350000001
v -0.0235602707 0.0940952301 0.0469999984
v -0.0258297622 0.0912897736 0.0469999984
v -0.0235602707 0.0940952301 0.0341702104
v -0.0258297622 0.0912897736 0.0320000015
v -0.0790270418 -0.0028060053 0.0519999973
v -0.0779524818 0.00272216066 0.0519999973
v -0.0759536996 0.00265236129 0.049999997
v -0.0786388069 0.00831182953 0.0519999973
v -0.0773978382 -0.00414177869 0.049999997
v -0.0769203827 0.00953069422 0.049999997
v -0.081757322 -0.00773156388 0.0519999973
v -0.0810188502 0.0134158246 0.0519999973
v -0.0810786262 -0.0100322552 0.049999997
v -0.0801813006 0.0156635847 0.049999997
v -0.0858760551 -0.0115723228 0.0519999973
v -0.0848596096 0.0175345484 0.0519999973
v -0.086552076 -0.0143085951 0.049999997
v -0.0853431299 0.0203113165 0.049999997
v -0.090980038 -0.0139523549 0.0519999973
v -0.0897851512 0.0202648174 0.0519999973
v -0.0931580588 -0.0164550114 0.049999997
v -0.0917832851 0.0229133032 0.049999997
v -0.0965697095 -0.0146386838 0.0519999973
v -0.0953133255 0.0213393867 0.0519999973
v -0.10009975 -0.0162125956 0.049999997
v -0.0987249836 0.0231557079 0.049999997
v -0.102097884 -0.0135641145 0.0519999973
v -0.100902997 0.0206530616 0.0519999973
v -0.106539905 -0.0136106154 0.049999997
v -0.105330944 0.0210093074 0.049999997
v -0.107023425 -0.0108338445 0.0519999973
v -0.10600698 0.0182730239 0.0519999973
v -0.111701734 -0.00896288361 0.049999997
v -0.110804424 0.0167329609 0.049999997
v -0.110864192 -0.00671511656 0.0519999973
v -0.110125698 0.0144322626 0.0519999973
v -0.114962652 -0.00282999035 0.049999997
v -0.114485182 0.0108424854 0.049999997
v -0.113244228 -0.00161112787 0.0519999973
v -0.112855986 0.00950671639 0.0519999973
v -0.115929335 0.00404834747 0.049999997
v -0.113930546 0.00397854298 0.0519999973
v -0.0315174349 0.0808203369 -0.0392549373
v -0.0318405628 0.0818148404 -0.0407788083
v -0.0262410417 0.064581275 -0.0467999987
v -0.0352259874 0.0922340974 -0.0256126095
v -0.0261803977 0.0643946156 -0.0449999981
v -0.0346900783 0.0905847549 -0.0250315294
v -0.0248413868 0.0602735952 -0.0467999987
v -0.0248413868 0.0602735952 -0.0449999981
v -0.0240261629 0.0587403663 -0.0449999981
v -0.0240261629 0.0587403663 -0.0467999987
v -0.0227357 0.0575784296 -0.0449999981
v -0.0227357 0.0575784296 -0.0467999987
v -0.0211256593 0.056927938 -0.0449999981
v -0.0211256593 0.056927938 -0.0467999987
v -0.0193902459 0.0568673313 -0.0449999981
v -0.0193902459 0.0568673313 -0.0467999987
v -0.0177387428 0.0574039295 -0.0449999981
v -0.0177387428 0.0574039295 -0.0467999987
v -0.0163703859 0.0584730171 -0.0449999981
v -0.0163703859 0.0584730171 -0.0467999987
v -0.0154501861 0.059945628 -0.0449999981
v -0.0154501861 0.059945628 -0.0467999987
v -0.0150891514 0.0616441816 -0.0449999981
v -0.0150891514 0.0616441816 -0.0467999987
v -0.0153308148 0.0633637607 -0.0449999981
v -0.0153308148 0.0633637607 -0.0467999987
v -0.0166698284 0.0674847886 -0.0449999981
v -0.0167304818 0.067671448 -0.0467999987
v -0.0220068637 0.0839105099 -0.0392549373
v -0.0223299954 0.0849050134 -0.0407788083
v -0.0257154275 0.0953242779 -0.0256126095
v -0.0251795184 0.0936749279 -0.0250315294
v -0.0257154275 0.0953242779 -0.0149999997
v -0.0251795184 0.0936749279 -0.0149999997
v -0.0254616532 0.093598634 -0.0133165503
v -0.0259958114 0.0952560678 -0.0133282393
v -0.0262742769 0.0933737755 -0.0118289003
v -0.0268072821 0.0950511843 -0.0118428804
v -0.0275188945 0.0930145755 -0.0107116904
v -0.0280573387 0.0947134346 -0.0107194399
v -0.0290443935 0.0925495699 -0.0100962901
v -0.0295951888 0.0942605212 -0.0100972699
v -0.0306693427 0.0920238569 -0.0100537799
v -0.0312325545 0.0937319249 -0.0100549394
v -0.032772135 0.0931901559 -0.0105978204
v -0.0322049521 0.091497764 -0.0105889998
v -0.034033969 0.092712976 -0.0116572594
v -0.0334745981 0.0910409316 -0.0116403103
v -0.0348784588 0.0923765674 -0.01310129
v -0.0343330838 0.0907206684 -0.0130843194
v -0.0351391248 0.0922699273 -0.0140369404
v -0.0346000418 0.0906191915 -0.014023779
v -0.0352259874 0.0922340974 -0.0149999997
v -0.0346900783 0.0905847549 -0.0149999997
v -0.00167157885 0.0618820935 -0.0449999981
v -0.0024868201 0.0634153187 -0.0449999981
v -0.0024868201 0.0634153187 -0.0467999987
v -0.00272848364 0.0651349053 -0.0449999981
v -0.00167157885 0.0618820935 -0.0467999987
v -0.00272848364 0.0651349053 -0.0467999987
v -0.000381131162 0.0607201569 -0.0449999981
v -0.00257726433 0.0694653615 -0.0449999981
v -0.000381131162 0.0607201569 -0.0467999987
v -0.00257040723 0.069661513 -0.0467999987
v 0.0012289047 0.0600696653 -0.0449999981
v 0.0012289047 0.0600696653 -0.0467999987
v 0.00296433689 0.0600090586 -0.0449999981
v 0.00296433689 0.0600090586 -0.0467999987
v 0.00461582653 0.0605456643 -0.0449999981
v 0.00461582653 0.0605456643 -0.0467999987
v 0.00598419178 0.0616147406 -0.0449999981
v 0.00598419178 0.0616147406 -0.0467999987
v 0.00690438738 0.0630873665 -0.0449999981
v 0.00690438738 0.0630873665 -0.0467999987
v 0.00726542436 0.0647859052 -0.0449999981
v 0.00726542436 0.0647859052 -0.0467999987
v 0.00741663901 0.0691163689 -0.0449999981
v 0.00742349587 0.0693125278 -0.0467999987
v 0.00801939424 0.0863768756 -0.0392549373
v 0.00805589464 0.087421909 -0.0407788083
v 0.00843823142 0.0983707011 -0.0256126095
v 0.00837770198 0.0966375396 -0.0250315294
v 0.00843823142 0.0983707011 -0.0149999997
v 0.00837770198 0.0966375396 -0.0149999997
v 0.00828166213 0.0966458097 -0.014023779
v 0.0081513403 0.0984025374 -0.0133280093
v 0.00799707603 0.0966697782 -0.0130843194
v 0.00731861359 0.0984875485 -0.0118426299
v 0.0070835636 0.0967410132 -0.0116403103
v 0.00602829922 0.0985977128 -0.0107192397
v 0.00573719246 0.0968301818 -0.0105889998
v 0.00442819111 0.098698087 -0.0100971796
v 0.00411604391 0.0969126299 -0.0100537799
v 0.00270873541 0.0987613648 -0.0100550102
v 0.00240915292 0.0969700664 -0.0100962901
v 0.00107670785 0.098778829 -0.0105980691
v 0.000814571336 0.0969965756 -0.0107116904
v -0.000272154808 0.0987619981 -0.0116576897
v -0.0004808378 0.0969988033 -0.0118289003
v -0.00118062971 0.0987346992 -0.0131018804
v -0.00132396701 0.0969909653 -0.0133165503
v -0.001461935 0.0987236574 -0.01403761
v -0.00161620136 0.0969865322 -0.0149999997
v -0.00155568123 0.0987197012 -0.0149999997
v -0.00161620136 0.0969865322 -0.0250315294
v -0.00155568123 0.0987197012 -0.0256126095
v -0.00197451585 0.0867258608 -0.0392549373
v -0.00193801872 0.0877709091 -0.0407788083
v 0.0195941497 0.058721859 -0.0449999981
v 0.0193524752 0.0604414456 -0.0449999981
v 0.0193524752 0.0604414456 -0.0467999987
v 0.0197135117 0.0621399805 -0.0449999981
v 0.0195941497 0.058721859 -0.0467999987
v 0.0197135117 0.0621399805 -0.0467999987
v 0.0204093829 0.0571886413 -0.0449999981
v 0.0213367213 0.066157572 -0.0449999981
v 0.0204093829 0.0571886413 -0.0467999987
v 0.0214102454 0.0663395524 -0.0467999987
v 0.0216998309 0.0560267121 -0.0449999981
v 0.0216998309 0.0560267121 -0.0467999987
v 0.023309866 0.055376213 -0.0449999981
v 0.023309866 0.055376213 -0.0467999987
v 0.0250452962 0.0553156063 -0.0449999981
v 0.0250452962 0.0553156063 -0.0467999987
v 0.0266967863 0.055852212 -0.0449999981
v 0.0266967863 0.055852212 -0.0467999987
v 0.0280651562 0.0569212995 -0.0449999981
v 0.0280651562 0.0569212995 -0.0467999987
v 0.0289853495 0.0583939105 -0.0449999981
v 0.0289853495 0.0583939105 -0.0467999987
v 0.0306085609 0.062411502 -0.0449999981
v 0.0306820814 0.0625934824 -0.0467999987
v 0.0370783955 0.0784249231 -0.0392549373
v 0.0374701098 0.0793944597 -0.0407788083
v 0.0415741056 0.089552179 -0.0256126095
v 0.040924456 0.0879442394 -0.0250315294
v 0.0415741056 0.089552179 -0.0149999997
v 0.040924456 0.0879442394 -0.0149999997
v 0.0408370309 0.0879848748 -0.014023779
v 0.0413153991 0.0896802098 -0.0133280205
v 0.0405778065 0.08810471 -0.0130843194
v 0.0405619703 0.0900449082 -0.0118426299
v 0.0397437513 0.0884840861 -0.0116403103
v 0.039387174 0.0905897394 -0.01071925
v 0.0385090634 0.0890283734 -0.0105889998
v 0.0379178897 0.0912313238 -0.0100971898
v 0.0370138884 0.0896603093 -0.0100537799
v 0.0363237672 0.0918788761 -0.0100550102
v 0.0354295783 0.0902980864 -0.0100962901
v 0.0347961374 0.0924534798 -0.0105980597
v 0.0339402221 0.0908683762 -0.0107116904
v 0.033522848 0.0928989947 -0.0116576897
v 0.0327237062 0.0913135186 -0.0118289003
v 0.0326598361 0.0931840688 -0.0131018693
v 0.0319287404 0.0915945098 -0.0133165503
v 0.0323917083 0.0932699069 -0.0140375989
v 0.0316526182 0.091690287 -0.0149999997
v 0.0323022678 0.0932982489 -0.0149999997
v 0.0316526182 0.091690287 -0.0250315294
v 0.0323022678 0.0932982489 -0.0256126095
v 0.0278065559 0.0821709931 -0.0392549373
v 0.028198272 0.0831405222 -0.0407788083
v -0.0977087691 -0.00496389857 0.0519999973
v -0.0947585478 -0.0050669238 0.00699999975
v -0.0947585478 -0.0050669238 0.0519999973
v -0.0919510052 -0.00415469659 0.0519999973
v -0.0977087691 -0.00496389857 0.00699999975
v -0.0919510052 -0.00415469659 0.00699999975
v -0.100445822 -0.00385805592 0.00699999975
v -0.100445822 -0.00385805592 0.0519999973
v -0.102639608 -0.00188276765 0.00699999975
v -0.102639608 -0.00188276765 0.0519999973
v -0.104025498 0.000723710051 0.00699999975
v -0.104025498 0.000723710051 0.0519999973
v -0.104436338 0.00364699354 0.00699999975
v -0.104436338 0.00364699354 0.0519999973
v -0.103822574 0.00653450936 0.00699999975
v -0.103822574 0.00653450936 0.0519999973
v -0.102258243 0.00903796218 0.00699999975
v -0.102258243 0.00903796218 0.0519999973
v -0.0999320298 0.0108554028 0.00699999975
v -0.0999320298 0.0108554028 0.0519999973
v -0.0971244872 0.0117676305 0.00699999975
v -0.0971244872 0.0117676305 0.0519999973
v -0.0941742659 0.0116646048 0.0519999973
v -0.0941742659 0.0116646048 0.00699999975
v -0.0914372057 0.0105587598 0.00699999975
v -0.0914372057 0.0105587598 0.0519999973
v -0.0892434269 0.00858347397 0.00699999975
v -0.0892434269 0.00858347397 0.0519999973
v -0.087857537 0.00597699638 0.0519999973
v -0.087857537 0.00597699638 0.00699999975
v -0.0874466896 0.003053708 0.00699999975
v -0.0874466896 0.003053708 0.0519999973
v -0.0880604535 0.000166196813 0.00699999975
v -0.0880604535 0.000166196813 0.0519999973
v -0.0896247849 -0.00233725784 0.0519999973
v -0.0896247849 -0.00233725784 0.00699999975
v 0.0024868201 -0.0634153187 -0.0449999981
v 0.00272848364 -0.0651349053 -0.0449999981
v 0.0024868201 -0.0634153187 -0.0467999987
v 0.00167157885 -0.0618820935 -0.0449999981
v 0.00272848364 -0.0651349053 -0.0467999987
v 0.00167157885 -0.0618820935 -0.0467999987
v 0.00257726433 -0.0694653615 -0.0449999981
v 0.000381131162 -0.0607201569 -0.0449999981
v 0.00257040723 -0.069661513 -0.0467999987
v 0.000381131162 -0.0607201569 -0.0467999987
v -0.0012289047 -0.0600696653 -0.0449999981
v -0.0012289047 -0.0600696653 -0.0467999987
v -0.00296433689 -0.0600090586 -0.0449999981
v -0.00296433689 -0.0600090586 -0.0467999987
v -0.00461582653 -0.0605456643 -0.0449999981
v -0.00461582653 -0.0605456643 -0.0467999987
v -0.00598419178 -0.0616147406 -0.0449999981
v -0.00598419178 -0.0616147406 -0.0467999987
v -0.00690438738 -0.0630873665 -0.0449999981
v -0.00690438738 -0.0630873665 -0.0467999987
v -0.00726542436 -0.0647859052 -0.0449999981
v -0.00726542436 -0.0647859052 -0.0467999987
v -0.00741663901 -0.0691163689 -0.0449999981
v -0.00742349587 -0.0693125278 -0.0467999987
v -0.00801939424 -0.0863768756 -0.0392549373
v -0.00805589464 -0.087421909 -0.0407788083
v -0.00843823142 -0.0983707011 -0.0256126095
v -0.00837770198 -0.0966375396 -0.0250315294
v -0.00843823142 -0.0983707011 -0.0149999997
v -0.00837770198 -0.0966375396 -0.0149999997
v -0.00828166213 -0.0966458097 -0.014023779
v -0.0081513403 -0.0984025374 -0.0133280093
v -0.00799707603 -0.0966697782 -0.0130843194
v -0.00731861359 -0.0984875485 -0.0118426299
v -0.0070835636 -0.0967410132 -0.0116403103
v -0.00602829922 -0.0985977128 -0.0107192397
v -0.00573719246 -0.0968301818 -0.0105889998
v -0.00442819111 -0.098698087 -0.0100971796
v -0.00411604391 -0.0969126299 -0.0100537799
v -0.00270873541 -0.0987613648 -0.0100550102
v -0.00240915292 -0.0969700664 -0.0100962901
v -0.00107670785 -0.098778829 -0.0105980691
v -0.000814571336 -0.0969965756 -0.0107116904
v 0.000272154808 -0.0987619981 -0.0116576897
v 0.0004808378 -0.0969988033 -0.0118289003
v 0.00118062971 -0.0987346992 -0.0131018804
v 0.00132396701 -0.0969909653 -0.0133165503
v 0.001461935 -0.0987236574 -0.01403761
v 0.00161620136 -0.0969865322 -0.0149999997
v 0.00155568123 -0.0987197012 -0.0149999997
v 0.00161620136 -0.0969865322 -0.0250315294
v 0.00155568123 -0.0987197012 -0.0256126095
v 0.00197451585 -0.0867258608 -0.0392549373
v 0.00193801872 -0.0877709091 -0.0407788083
v 0.0495049804 0.0141953211 -0.0480000004
v 0.0484704562 -0.00169262884 -0.0449999981
v 0.0514686257 -0.00179733033 -0.0480000004
v 0.0483941697 -0.0176140405 -0.0480000004
v 0.0461262316 0.0149873244 -0.0449999981
v 0.0449684188 -0.0181684159 -0.0449999981
v 0.0426954366 0.0287984274 -0.0480000004
v 0.04058256 -0.0317065641 -0.0480000004
v 0.0382185206 0.029859582 -0.0449999981
v 0.0360425264 -0.0324528366 -0.0449999981
v 0.0317065641 0.04058256 -0.0480000004
v 0.0287984274 -0.0426954366 -0.0480000004
v 0.0257010832 0.041130323 -0.0449999981
v 0.0227693673 -0.0428229496 -0.0449999981
v 0.0176140405 0.0483941697 -0.0480000004
v 0.0141953211 -0.0495049804 -0.0480000004
v 0.010083722 0.0474401563 -0.0449999981
v 0.00674989587 -0.0480279997 -0.0449999981
v 0.00179733033 0.0514686257 -0.0480000004
v -0.00179733033 -0.0514686257 -0.0480000004
v -0.00674989587 0.0480279997 -0.0449999981
v -0.010083722 -0.0474401563 -0.0449999981
v -0.0141953211 0.0495049804 -0.0480000004
v -0.0176140405 -0.0483941697 -0.0480000004
v -0.0227693673 0.0428229496 -0.0449999981
v -0.0257010832 -0.041130323 -0.0449999981
v -0.0287984274 0.0426954366 -0.0480000004
v -0.0317065641 -0.04058256 -0.0480000004
v -0.0360425264 0.0324528366 -0.0449999981
v -0.0382185206 -0.029859582 -0.0449999981
v -0.04058256 0.0317065641 -0.0480000004
v -0.0426954366 -0.0287984274 -0.0480000004
v -0.0449684188 0.0181684159 -0.0449999981
v -0.0461262316 -0.0149873244 -0.0449999981
v -0.0483941697 0.0176140405 -0.0480000004
v -0.0495049804 -0.0141953211 -0.0480000004
v -0.0484704562 0.00169262884 -0.0449999981
v -0.0514686257 0.00179733033 -0.0480000004
v -0.0306820814 -0.0625934824 -0.0467999987
v -0.0374701098 -0.0793944597 -0.0407788083
v -0.0370783955 -0.0784249231 -0.0392549373
v -0.0415741056 -0.089552179 -0.0256126095
v -0.0306085609 -0.062411502 -0.0449999981
v -0.040924456 -0.0879442394 -0.0250315294
v -0.0289853495 -0.0583939105 -0.0467999987
v -0.0289853495 -0.0583939105 -0.0449999981
v -0.0280651562 -0.0569212995 -0.0467999987
v -0.0280651562 -0.0569212995 -0.0449999981
v -0.0266967863 -0.055852212 -0.0467999987
v -0.0266967863 -0.055852212 -0.0449999981
v -0.0250452962 -0.0553156063 -0.0467999987
v -0.0250452962 -0.0553156063 -0.0449999981
v -0.023309866 -0.055376213 -0.0467999987
v -0.023309866 -0.055376213 -0.0449999981
v -0.0216998309 -0.0560267121 -0.0467999987
v -0.0216998309 -0.0560267121 -0.0449999981
v -0.0204093829 -0.0571886413 -0.0467999987
v -0.0204093829 -0.0571886413 -0.0449999981
v -0.0195941497 -0.058721859 -0.0467999987
v -0.0195941497 -0.058721859 -0.0449999981
v -0.0193524752 -0.0604414456 -0.0467999987
v -0.0193524752 -0.0604414456 -0.0449999981
v -0.0197135117 -0.0621399805 -0.0449999981
v -0.0197135117 -0.0621399805 -0.0467999987
v -0.0213367213 -0.066157572 -0.0449999981
v -0.0214102454 -0.0663395524 -0.0467999987
v -0.0278065559 -0.0821709931 -0.0392549373
v -0.028198272 -0.0831405222 -0.0407788083
v -0.0323022678 -0.0932982489 -0.0256126095
v -0.0316526182 -0.091690287 -0.0250315294
v -0.0323022678 -0.0932982489 -0.0149999997
v -0.0316526182 -0.091690287 -0.0149999997
v -0.0323917083 -0.0932699069 -0.0140375989
v -0.0319287404 -0.0915945098 -0.0133165503
v -0.0326598361 -0.0931840688 -0.0131018693
v -0.0327237062 -0.0913135186 -0.0118289003
v -0.033522848 -0.0928989947 -0.0116576897
v -0.0339402221 -0.0908683762 -0.0107116904
v -0.0347961374 -0.0924534798 -0.0105980597
v -0.0354295783 -0.0902980864 -0.0100962901
v -0.0363237672 -0.0918788761 -0.0100550102
v -0.0370138884 -0.0896603093 -0.0100537799
v -0.0379178897 -0.0912313238 -0.0100971898
v -0.0385090634 -0.0890283734 -0.0105889998
v -0.039387174 -0.0905897394 -0.01071925
v -0.0397437513 -0.0884840861 -0.0116403103
v -0.0405619703 -0.0900449082 -0.0118426299
v -0.0405778065 -0.08810471 -0.0130843194
v -0.0413153991 -0.0896802098 -0.0133280205
v -0.0408370309 -0.0879848748 -0.014023779
v -0.0415741056 -0.089552179 -0.0149999997
v -0.040924456 -0.0879442394 -0.0149999997
v -0.0200409647 0.14259854 0.0149999997
v -0.0676039308 0.127144411 0.0149999997
v -0.0699512586 0.131559178 0.00999996997
v -0.107012868 0.0963547751 0.0149999997
v -0.0207367893 0.147549957 0.00999996997
v -0.110728577 0.0997004509 0.00999996997
v 0.0299392268 0.140853196 0.0149999997
v -0.133514494 0.053943336 0.0149999997
v 0.0309788436 0.145743981 0.00999996997
v -0.138150394 0.0558163822 0.00999996997
v 0.0763083026 0.122118883 0.0149999997
v 0.0789579675 0.12635918 0.00999996997
v 0.113473482 0.088655211 0.0149999997
v 0.117413595 0.09173356 0.00999996997
v 0.136952072 0.0444984362 0.0149999997
v 0.14170742 0.0460435338 0.00999996997
v -0.143912315 0.00502552511 0.0149999997
v -0.148909271 0.00520002842 0.00999996997
v -0.14170742 -0.0460435338 0.00999996997
v -0.136952162 -0.0444984287 0.0149999997
v -0.117413595 -0.09173356 0.00999996997
v -0.113473572 -0.0886552185 0.0149999997
v 0.143912211 -0.00502552511 0.0149999997
v 0.148909226 -0.00520002376 0.00999996997
v 0.138150394 -0.0558163822 0.00999996997
v 0.133514404 -0.0539433323 0.0149999997
v 0.110728577 -0.0997004509 0.00999996997
v 0.107012786 -0.0963547751 0.0149999997
v 0.0699512586 -0.131559178 0.00999996997
v 0.0676038414 -0.127144396 0.0149999997
v 0.0207367893 -0.147549957 0.00999996997
v 0.0200408734 -0.142598554 0.0149999997
v -0.0309788436 -0.145743981 0.00999996997
v -0.0299393199 -0.140853196 0.0149999997
v -0.0789579675 -0.12635918 0.00999996997
v -0.0763083994 -0.122118883 0.0149999997
v 0.0941742659 -0.0116646048 0.0519999973
v 0.0971244872 -0.0117676305 0.00699999975
v 0.0971244872 -0.0117676305 0.0519999973
v 0.0999320298 -0.0108554028 0.0519999973
v 0.0941742659 -0.0116646048 0.00699999975
v 0.0999320298 -0.0108554028 0.00699999975
v 0.0914372057 -0.0105587598 0.00699999975
v 0.0914372057 -0.0105587598 0.0519999973
v 0.0892434269 -0.00858347397 0.00699999975
v 0.0892434269 -0.00858347397 0.0519999973
v 0.087857537 -0.00597699638 0.00699999975
v 0.087857537 -0.00597699638 0.0519999973
v 0.0874466896 -0.003053708 0.00699999975
v 0.0874466896 -0.003053708 0.0519999973
v 0.0880604535 -0.000166196813 0.00699999975
v 0.0880604535 -0.000166196813 0.0519999973
v 0.0896247849 0.00233725784 0.00699999975
v 0.0896247849 0.00233725784 0.0519999973
v 0.0919510052 0.00415469659 0.00699999975
v 0.0919510052 0.00415469659 0.0519999973
v 0.0947585478 0.0050669238 0.00699999975
v 0.0947585478 0.0050669238 0.0519999973
v 0.0977087691 0.00496389857 0.0519999973
v 0.0977087691 0.00496389857 0.00699999975
v 0.100445822 0.00385805592 0.00699999975
v 0.100445822 0.00385805592 0.0519999973
v 0.102639608 0.00188276765 0.00699999975
v 0.102639608 0.00188276765 0.0519999973
v 0.104025498 -0.000723710051 0.0519999973
v 0.104025498 -0.000723710051 0.00699999975
v 0.104436338 -0.00364699354 0.00699999975
v 0.104436338 -0.00364699354 0.0519999973
v 0.103822574 -0.00653450936 0.00699999975
v 0.103822574 -0.00653450936 0.0519999973
v 0.102258243 -0.00903796218 0.0519999973
v 0.102258243 -0.00903796218 0.00699999975
v 0.0759536996 -0.00265236129 0.049999997
v 0.0779524818 -0.00272216066 0.0519999973
v 0.0786388069 -0.00831182953 0.0519999973
v 0.0790270418 0.0028060053 0.0519999973
v 0.0769203827 -0.00953069422 0.049999997
v 0.0773978382 0.00414177869 0.049999997
v 0.0810188502 -0.0134158246 0.0519999973
v 0.081757322 0.00773156388 0.0519999973
v 0.0801813006 -0.0156635847 0.049999997
v 0.0810786262 0.0100322552 0.049999997
v 0.0848596096 -0.0175345484 0.0519999973
v 0.0858760551 0.0115723228 0.0519999973
v 0.0853431299 -0.0203113165 0.049999997
v 0.086552076 0.0143085951 0.049999997
v 0.0897851512 -0.0202648174 0.0519999973
v 0.090980038 0.0139523549 0.0519999973
v 0.0917832851 -0.0229133032 0.049999997
v 0.0931580588 0.0164550114 0.049999997
v 0.0953133255 -0.0213393867 0.0519999973
v 0.0965697095 0.0146386838 0.0519999973
v 0.0987249836 -0.0231557079 0.049999997
v 0.10009975 0.0162125956 0.049999997
v 0.100902997 -0.0206530616 0.0519999973
v 0.102097884 0.0135641145 0.0519999973
v 0.105330944 -0.0210093074 0.049999997
v 0.106539905 0.0136106154 0.049999997
v 0.10600698 -0.0182730239 0.0519999973
v 0.107023425 0.0108338445 0.0519999973
v 0.110804424 -0.0167329609 0.049999997
v 0.111701734 0.00896288361 0.049999997
v 0.110125698 -0.0144322626 0.0519999973
v 0.110864192 0.00671511656 0.0519999973
v 0.114485182 -0.0108424854 0.049999997
v 0.114962652 0.00282999035 0.049999997
v 0.112855986 -0.00950671639 0.0519999973
v 0.113244228 0.00161112787 0.0519999973
v 0.115929335 -0.00404834747 0.049999997
v 0.113930546 -0.00397854298 0.0519999973
v -0.104436338 0.00364699354 0.0519999973
v -0.113244228 -0.00161112787 0.0519999973
v -0.113930546 0.00397854298 0.0519999973
v -0.112855986 0.00950671639 0.0519999973
v -0.104025498 0.000723710051 0.0519999973
v -0.103822574 0.00653450936 0.0519999973
v -0.110864192 -0.00671511656 0.0519999973
v -0.110125698 0.0144322626 0.0519999973
v -0.102639608 -0.00188276765 0.0519999973
v -0.102258243 0.00903796218 0.0519999973
v -0.107023425 -0.0108338445 0.0519999973
v -0.10600698 0.0182730239 0.0519999973
v -0.100445822 -0.00385805592 0.0519999973
v -0.0999320298 0.0108554028 0.0519999973
v -0.102097884 -0.0135641145 0.0519999973
v -0.100902997 0.0206530616 0.0519999973
v -0.0977087691 -0.00496389857 0.0519999973
v -0.0971244872 0.0117676305 0.0519999973
v -0.0965697095 -0.0146386838 0.0519999973
v -0.0953133255 0.0213393867 0.0519999973
v -0.0947585478 -0.0050669238 0.0519999973
v -0.0941742659 0.0116646048 0.0519999973
v -0.090980038 -0.0139523549 0.0519999973
v -0.0897851512 0.0202648174 0.0519999973
v -0.0919510052 -0.00415469659 0.0519999973
v -0.0914372057 0.0105587598 0.0519999973
v -0.0858760551 -0.0115723228 0.0519999973
v -0.0848596096 0.0175345484 0.0519999973
v -0.0896247849 -0.00233725784 0.0519999973
v -0.0892434269 0.00858347397 0.0519999973
v -0.081757322 -0.00773156388 0.0519999973
v -0.0810188502 0.0134158246 0.0519999973
v -0.0880604535 0.000166196813 0.0519999973
v -0.087857537 0.00597699638 0.0519999973
v -0.0790270418 -0.0028060053 0.0519999973
v -0.0786388069 0.00831182953 0.0519999973
v -0.0874466896 0.003053708 0.0519999973
v -0.0779524818 0.00272216066 0.0519999973
v 0.0874466896 -0.003053708 0.0519999973
v 0.0786388069 -0.00831182953 0.0519999973
v 0.0779524818 -0.00272216066 0.0519999973
v 0.0790270418 0.0028060053 0.0519999973
v 0.087857537 -0.00597699638 0.0519999973
v 0.0880604535 -0.000166196813 0.0519999973
v 0.0810188502 -0.0134158246 0.0519999973
v 0.081757322 0.00773156388 0.0519999973
v 0.0892434269 -0.00858347397 0.0519999973
v 0.0896247849 0.00233725784 0.0519999973
v 0.0848596096 -0.0175345484 0.0519999973
v 0.0858760551 0.0115723228 0.0519999973
v 0.0914372057 -0.0105587598 0.0519999973
v 0.0919510052 0.00415469659 0.0519999973
v 0.0897851512 -0.0202648174 0.0519999973
v 0.090980038 0.0139523549 0.0519999973
v 0.0941742659 -0.0116646048 0.0519999973
v 0.0947585478 0.0050669238 0.0519999973
v 0.0953133255 -0.0213393867 0.0519999973
v 0.0965697095 0.0146386838 0.0519999973
v 0.0971244872 -0.0117676305 0.0519999973
v 0.0977087691 0.00496389857 0.0519999973
v 0.100902997 -0.0206530616 0.0519999973
v 0.102097884 0.0135641145 0.0519999973
v 0.0999320298 -0.0108554028 0.0519999973
v 0.100445822 0.00385805592 0.0519999973
v 0.10600698 -0.0182730239 0.0519999973
v 0.107023425 0.0108338445 0.0519999973
v 0.102258243 -0.00903796218 0.0519999973
v 0.102639608 0.00188276765 0.0519999973
v 0.110125698 -0.0144322626 0.0519999973
v 0.110864192 0.00671511656 0.0519999973
v 0.103822574 -0.00653450936 0.0519999973
v 0.104025498 -0.000723710051 0.0519999973
v 0.112855986 -0.00950671639 0.0519999973
v 0.113244228 0.00161112787 0.0519999973
v 0.104436338 -0.00364699354 0.0519999973
v 0.113930546 -0.00397854298 0.0519999973
vn -0.374608129 0.92718327 0
vn -0.374608129 0.92718327 0
vn -0.374608129 0.92718327 0
vn -0.744428277 0.666333199 -0.0427393466
vn -0.744428277 0.666333199 -0.0427393466
vn -0.744428277 0.666333199 -0.0427393466
vn -0.757541776 0.652786613 0
vn -0.757541776 0.652786613 0
vn -0.757541776 0.652786613 0
vn -0.161483586 0.986875415 0
vn -0.161483586 0.986875415 0
vn -0.161483586 0.986875415 0
vn 0.203683794 0.558035195 0.8044312
vn 0.203683794 0.558035195 0.8044312
vn 0.203683794 0.558035195 0.8044312
vn 0.243639052 0.649637759 0.720146358
vn 0.234517321 0.633667827 0.737201929
vn 0.234517321 0.633667827 0.737201929
vn 0.245906204 0.651875854 0.71734786
vn 0.275886118 0.648549616 0.709415376
vn 0.25206387 0.656406462 0.711051702
vn 0.267571777 0.655425906 0.706273615
vn 0.296661019 0.642171621 0.706829429
vn 0.27269271 0.650724113 0.708658457
vn 0.328840226 0.622619927 0.710076451
vn 0.344171733 0.618003726 0.706835985
vn 0.360347539 0.606321096 0.708889663
vn 0.365558863 0.606356621 0.706185818
vn 0.374608129 -0.92718327 0
vn 0.374608129 -0.92718327 0
vn 0.374608129 -0.92718327 0
vn -0.789098442 -0.612777889 -0.0427427068
vn -0.789098442 -0.612777889 -0.0427427068
vn -0.789098442 -0.612777889 -0.0427427068
vn -0.777300298 -0.628710985 -0.0229505915
vn -0.816926897 -0.564967513 -0.115940526
vn -0.82981348 -0.556692004 -0.03877718
vn -0.815027416 -0.57901895 -0.0216174088
vn -0.859987438 -0.510315299 0
vn -0.715511918 -0.698317647 -0.0198781267
vn -0.801232576 -0.598353028 0
vn -0.609091759 -0.793008924 -0.0120004732
vn -0.494304091 -0.869005263 -0.0222069994
vn -0.422919184 -0.906127155 -0.00853735022
vn -0.235014826 -0.971937597 -0.0102548851
vn -0.228209883 -0.973611653 -0.000792235078
vn 0.043862287 -0.999035954 -0.00182626187
vn 0.00227304874 -0.999997258 0.000636223995
vn 0.275756866 -0.96122396 0.00259865122
vn 0.342391461 -0.939555287 -0.00199511321
vn 0.559321582 -0.828947902 0.00216903165
vn 0.602104664 -0.79841572 -0.00152854074
vn 0.788122475 -0.615516186 0.00165327149
vn 0.809206486 -0.58752358 -0.000975926116
vn 0.939764559 -0.341820806 0.00105151208
vn 0.945611537 -0.325297773 -0.000338557671
vn 0.993599296 -0.112961911 0.00036072795
vn 0.994057894 -0.108852081 0
vn 0.637901604 -0.770117939 0
vn 0.275509953 -0.961285949 0.00485994946
vn -0.0715117827 -0.995982885 0.0538913496
vn 0.00186151324 -0.998545051 0.0538928024
vn -0.341894239 -0.939725876 0.00485885935
vn -0.69006747 -0.723745048 0
vn -0.99922967 -0.0392429642 0
vn -0.999058783 -0.0433760956 0.000360615377
vn -0.96600014 -0.258541316 -0.000338802085
vn -0.961319685 -0.275433272 0.00105140079
vn -0.848219275 -0.52964437 -0.000976150739
vn -0.82913655 -0.559043765 0.00165405951
vn -0.656331599 -0.754470944 -0.00152802491
vn -0.615782976 -0.787912786 0.0021701823
vn -0.407097161 -0.913382709 -0.00199463568
vn -0.342141032 -0.939644933 0.00259887753
vn -0.113444559 -0.993542671 -0.0018266238
vn -0.072023049 -0.997402728 0.000635738485
vn 0.171693563 -0.985000014 -0.0172093567
vn 0.159740508 -0.987158716 -0.000792829669
vn 0.358300716 -0.933107555 -0.0305125248
vn 0.479359001 -0.876981497 -0.0334419943
vn 0.569121659 -0.821856856 -0.0255311858
vn 0.752373576 -0.658730209 0.00292727002
vn 0.734639943 -0.677829564 -0.0291756373
vn 0.840956151 -0.540362358 -0.0283079483
vn 0.839238524 -0.539332032 -0.0692789108
vn 0.88666904 -0.461532056 -0.0283956341
vn 0.893922865 -0.443627477 -0.0640047565
vn 0.869567156 -0.493534029 -0.0166506749
vn 0.853060424 -0.521812201 0
vn 0.782467782 -0.548882365 -0.29406175
vn 0.77357173 -0.623934209 -0.110873111
vn 0.7402004 -0.672312737 -0.00994615722
vn 0.744428277 -0.666333199 -0.0427393466
vn 0.3746095 -0.927182615 0
vn 0.3746095 -0.927182615 0
vn 0.3746095 -0.927182615 0
vn 0.857546568 0.514405489 -0.000958510442
vn 0.857546568 0.514405489 -0.000958510442
vn 0.857546568 0.514405489 -0.000958510442
vn 0.922451198 0.380792201 0.0638840795
vn 0.922451198 0.380792201 0.0638840795
vn 0.922451198 0.380792201 0.0638840795
vn 0.884938121 0.465673 -0.00575919449
vn 0.884938121 0.465673 -0.00575919449
vn 0.884938121 0.465673 -0.00575919449
vn 0.995604277 0.070277594 0.0619139895
vn 0.995604277 0.070277594 0.0619139895
vn 0.995604277 0.070277594 0.0619139895
vn 0.984585702 0.174781352 -0.00651788805
vn 0.984585702 0.174781352 -0.00651788805
vn 0.984585702 0.174781352 -0.00651788805
vn 0.947239399 0.320415109 0.00847723987
vn 0.947239399 0.320415109 0.00847723987
vn 0.947239399 0.320415109 0.00847723987
vn 0.868510365 0.493769914 0.0433712378
vn 0.868510365 0.493769914 0.0433712378
vn 0.868510365 0.493769914 0.0433712378
vn 0.872816503 0.469593167 0.132942006
vn 0.872816503 0.469593167 0.132942006
vn 0.872816503 0.469593167 0.132942006
vn 0.710982025 -0.70219177 0.0378330462
vn 0.710982025 -0.70219177 0.0378330462
vn 0.710982025 -0.70219177 0.0378330462
vn 0.24704431 0.967280626 -0.0577681959
vn 0.24704431 0.967280626 -0.0577681959
vn 0.24704431 0.967280626 -0.0577681959
vn -0.394844055 0.918747127 -0.00133857306
vn -0.394844055 0.918747127 -0.00133857306
vn -0.394844055 0.918747127 -0.00133857306
vn -0.477564335 0.878227174 0.0254825745
vn -0.508191764 0.860556662 0.0344006903
vn -0.508191764 0.860556662 0.0344006903
vn -0.481512815 0.873403311 0.0728841573
vn -0.479006708 0.877361417 0.0280989949
vn -0.479701668 0.876981497 0.028101163
vn -0.464737147 0.8842538 0.0459855236
vn -0.526967585 0.822108746 0.215505049
vn -0.439320207 0.89245075 0.102612615
vn -0.388459146 0.920437515 0.0435236804
vn -0.448390007 0.893204987 -0.0336339548
vn -0.314149767 0.945187271 0.0890550986
vn -0.277259916 0.952926993 0.122707307
vn -0.674772978 0.716196239 -0.178169787
vn -0.759576559 0.581805229 0.290768057
vn -0.861777902 0.497685194 -0.0982260182
vn -0.923636198 0.344777048 0.16740638
vn -0.956798434 0.290194124 0.0180030204
vn -0.957546353 0.288279146 -4.82344331E-06
vn -0.129582286 0.991455495 -0.0149818808
vn -0.212550387 0.974566877 0.0710047111
vn -0.0564263426 0.996694088 0.0584556311
vn 0.0248380862 0.991927505 0.124349996
vn -0.137350902 0.979922712 0.14452073
vn -0.138390452 0.982120335 0.127623409
vn -0.138697863 0.988440514 0.0612236485
vn -0.139351353 0.98903954 0.0488065854
vn -0.139078602 0.989984155 0.0242606383
vn 0.199596763 0.979769468 -0.0145874685
vn -0.152961746 0.987920642 0.0248123221
vn 0.0505087189 0.991942763 0.116183214
vn -0.125205174 0.991916358 0.020628769
vn 0.131587908 0.989919543 0.0523828119
vn -0.115475103 0.992719054 0.0342698656
vn -0.0631057546 0.998005927 -0.00134443829
vn -0.16262795 0.98609215 0.0342693031
vn -0.214425504 0.976739407 -0.00134443876
vn 0.285453498 0.955121994 0.0791092142
vn 0.346066564 0.930092871 0.123147473
vn 0.206084937 0.967803597 0.144517154
vn 0.205859959 0.970221519 0.127639458
vn 0.207732663 0.976267755 0.0612237826
vn 0.207323372 0.977053702 0.048816964
vn 0.207903564 0.977848828 0.0242432319
vn 0.509459198 0.86001265 -0.0288036317
vn 0.194151759 0.980657518 0.0248185247
vn 0.386437476 0.91896224 0.0785779729
vn 0.456612319 0.888798654 0.0392708629
vn 0.221601263 0.974919379 0.0206198059
vn 0.582553625 0.783931851 0.214667276
vn 0.723089814 0.667383015 -0.178160444
vn 0.51405406 0.853188634 0.0884170756
vn 0.798309326 0.527402043 0.290773779
vn 0.894395351 0.436358899 -0.0982241407
vn 0.945436537 0.27950725 0.167408079
vn 0.636890709 0.770870328 0.0113598304
vn 0.637726426 0.770262957 0
vn 0.540183067 0.841064334 0.0285135601
vn -0.76524502 0.643683672 -0.0084577715
vn -0.765018523 0.644008279 0
vn -0.953805745 -0.270605505 -0.13048847
vn -0.896587789 -0.432143301 0.0968631655
vn -0.805533469 -0.524312139 -0.276066363
vn -0.697760463 -0.680434346 0.223918647
vn -0.581764877 -0.72321254 -0.372173637
vn -0.448235154 -0.840171397 0.305282265
vn -0.316212147 -0.8482638 -0.424803942
vn -0.173956245 -0.922804356 0.343760669
vn -0.0313148797 -0.896742582 -0.441443145
vn 0.109160669 -0.932690263 0.343762577
vn 0.256269842 -0.868254244 -0.424806088
vn 0.388536572 -0.869394481 0.305274576
vn 0.52989763 -0.762031138 -0.372178733
vn 0.648596168 -0.727449596 0.223920077
vn 0.766997695 -0.579226136 -0.276064366
vn 0.864258587 -0.493633449 0.0968663618
vn 0.932605982 -0.336481333 -0.130485669
vn 0.80828166 0.588735282 -0.00845735054
vn 0.808078945 0.589074135 1.51819876E-07
vn 0.0348993503 0.999390841 3.17564422E-06
vn 0.0348993316 0.999390841 3.36296262E-06
vn -0.453350723 0.890622139 0.035569787
vn -0.453350723 0.890622139 0.035569787
vn -0.753447592 0.657508016 0
vn -0.753447592 0.657508016 0
vn -0.753447592 0.657508016 0
vn -0.3746095 0.927182615 0
vn -0.3746095 0.927182615 0
vn -0.3746095 0.927182615 0
vn -0 0 1
vn -0 0 1
vn -0 0 1
vn -0 0 1
vn -0 0 1
vn -0 0 1
vn -0 0 1
vn -0 0 1
vn -0 0 1
vn -0 0 1
vn -0 0 1
vn -0 0 1
vn -0 0 1
vn -0 0 1
vn -0 0 1
vn -0 0 1
vn -0 0 1
vn -0 0 1
vn -0 0 1
vn 0.232720032 -0.665759087 0.708947361
vn 0.225935489 -0.671766937 0.705465972
vn 0.263202429 -0.65841502 0.705134094
vn 0.229254752 -0.666528583 0.709353149
vn 0.205737323 -0.672430217 0.710992157
vn 0.199928761 -0.667566478 0.717205286
vn 0.191789299 -0.652750552 0.732893944
vn 0.167921707 -0.58200717 0.79565686
vn 0.164052784 -0.57015574 0.804990113
vn 0.285127699 -0.644895434 0.709092438
vn 0.323034912 -0.631507993 0.704873145
vn 0.541293025 -0.150690585 0.827220798
vn 0.555102348 -0.136699706 0.82047224
vn 0.597302318 0.378457755 0.707106411
vn 0.597302377 0.378458083 0.707106352
vn -0.907322228 -0.420435816 -7.99656755E-06
vn -0.79343313 -0.60865736 -0.000447769678
vn -0.9118101 -0.410611778 -0.000467980397
vn -0.801116347 -0.598508596 -1.07226685E-06
vn -0.623375714 -0.78192246 0.000242013222
vn -0.59193033 -0.805988967 -0.000574879639
vn -0.429507732 -0.903063059 0.000443569239
vn -0.374126703 -0.927377403 -0.000629377028
vn -0.232256636 -0.972654343 0.000521250418
vn -0.1605905 -0.98702091 -0.000596395112
vn -0.0626066774 -0.998038232 0.000308359391
vn 0.0416617692 -0.99913162 -0.000603703957
vn 0.0551402457 -0.998478591 -3.99851269E-05
vn 0.144475967 -0.989508271 -9.36541401E-05
vn 0.0663180575 -0.997458398 0.0260516573
vn 0.166750267 -0.985999167 0
vn 0.0352252163 -0.99858582 0.0398189239
vn -0.135735258 -0.990402579 0.0260516945
vn -0.104797222 -0.993696153 0.0398189873
vn -0.235129595 -0.971964061 0
vn -0.213158578 -0.977017641 -9.4004703E-05
vn -0.11127165 -0.993789852 -0.000603369495
vn -0.124646544 -0.992201209 -4.05786668E-05
vn -0.00715041487 -0.99997437 0.00030817982
vn 0.0913177803 -0.995821595 -0.000595966645
vn 0.163839296 -0.986486912 0.000521520793
vn 0.308513939 -0.951219618 -0.000629309856
vn 0.365461469 -0.930826366 0.000443915458
vn 0.534268022 -0.84531492 -0.000575144135
vn 0.567311883 -0.823502958 0.000242135415
vn 0.749054492 -0.662508249 -0.000447653059
vn 0.757414699 -0.652934134 -8.03769069E-07
vn 0.910951018 -0.41251418 0.000451869622
vn 0.917611897 -0.397477329 -0.000205297401
vn 0.972988963 -0.230849966 0.000875055266
vn 0.9916991 -0.128575832 0.00107741135
vn 0.990950167 -0.134228125 0.000776268018
vn 0.998217285 -0.0596848242 0
vn 0.997076869 0.0764051527 0
vn 0.958890617 0.283775896 0
vn 0.518413126 -0.854746699 0.0256135333
vn 0.707121134 0.707092404 0
vn 0.531442702 -0.847094238 0
vn -0.470445186 -0.882245481 0.0180061869
vn 0.559597313 0.828751266 0.00470352964
vn -0.575744152 -0.81716764 0.0274899285
vn -0.619234025 -0.785157323 0.00878786575
vn 0.29970783 0.954030931 0.000455885311
vn -0.734696031 -0.678155124 0.0180918667
vn 0.279642224 0.960095763 0.00406152895
vn 0.258177668 0.966025949 0.0117536532
vn 0.22309494 0.974712312 0.0128308265
vn 0.200818583 0.979612589 -0.00556725496
vn 0.110750429 0.993329704 -0.0320996307
vn 0.110930324 0.993815064 0.00509518152
vn -0.77561754 -0.630680263 0.0256877709
vn 0.0348217227 0.997171938 -0.0666010156
vn -0.851333976 -0.524071515 0.0240736045
vn -0.514348865 -0.857486844 0.0127113955
vn -0.802025557 -0.568859041 0.182083815
vn -0.781336904 -0.620111227 0.0705311149
vn -0.753165483 -0.657785535 0.00774202403
vn -0.75832659 -0.650766253 0.0380013101
vn -0.0413355008 0.999132335 0.00509364391
vn -0.0411892943 0.998635471 -0.0321026593
vn -0.154557526 0.987900496 0.0128291603
vn -0.134840116 0.99082911 -0.00871065632
vn -0.201371476 0.979494452 -0.00633870857
vn -0.190161377 0.98168242 0.0117532387
vn -0.211990789 0.977263272 0.00405667769
vn -0.232422456 0.972614765 0.0004554771
vn -0.238575652 0.971123874 0
vn -0.188239232 0.980926991 -0.0484592952
vn -0.230022565 0.973181903 -0.00258624926
vn -0.227046788 0.973858774 -0.00699955411
vn -0.224077374 0.974488318 -0.012718888
vn -0.222032502 0.974858224 -0.0187897272
vn -0.00186151196 0.998545051 0.0538928024
vn -0.0824445188 0.996595681 0
vn 0.0715117827 0.995982885 0.0538913496
vn 0.151761264 0.988417089 0
vn 0.706676185 -0.0246782098 0.707106531
vn 0.707513452 0.0329312049 0.70593214
vn 0.706676304 -0.0246780366 0.707106471
vn 0.707529843 0.0290202927 0.70608741
vn 0.679726183 0.194860071 0.70710808
vn 0.679712713 0.194905609 0.707108378
vn 0.586235046 0.395384431 0.707106411
vn 0.586214304 0.395412713 0.707107902
vn 0.435354441 0.557198226 0.707104385
vn 0.435337663 0.557207823 0.707107127
vn 0.241862223 0.664455652 0.707107663
vn 0.241847843 0.664461374 0.707107246
vn 0.0698520616 0.704373658 0.706384063
vn 0.0661012009 0.704620659 0.706498623
vn -0.0245779082 0.706680298 0.707105935
vn -0.0245999005 0.706678629 0.707106888
vn -0.0737295747 0.703253746 0.707105398
vn -0.0737587065 0.703241825 0.70711422
vn -0.14504227 0.692519009 0.706668258
vn -0.146338597 0.692006588 0.706902981
vn -0.256775618 0.658863902 0.707081795
vn -0.264109105 0.656583846 0.706501245
vn -0.38174656 0.595500708 0.706858158
vn -0.394428283 0.587585807 0.706519127
vn -0.236040488 0.774406433 0.587009013
vn -0.614238381 0.778495967 0.129054993
vn -0.235041618 0.971985281 0
vn -0.775526404 0.620577514 -0.115940802
vn -0.788959444 0.613220453 -0.0387775451
vn -0.782605827 0.621445894 -0.0365095325
vn -0.822295547 0.569060564 0
vn -0.654988289 0.755322158 -0.0218798723
vn -0.552290618 0.833565354 -0.0119992075
vn -0.432480931 0.901369631 -0.0222059302
vn -0.358680278 0.933421433 -0.0085366955
vn -0.158714965 0.987262428 -0.0110616134
vn -0.206621125 0.978421032 0
vn -0.103826024 0.99459523 -0.0007232934
vn -0.034570761 0.999400735 -0.00176734338
vn 0.122459784 0.992469966 -0.00263269246
vn 0.0943095684 0.995542824 0.000405130908
vn 0.342141032 0.939644933 0.00259887753
vn 0.407097161 0.913382709 -0.00199463568
vn 0.615782976 0.787912786 0.0021701823
vn 0.656331599 0.754470944 -0.00152802491
vn 0.82913655 0.559043765 0.00165405951
vn 0.848219275 0.52964437 -0.000976150739
vn 0.961319685 0.275433272 0.00105140079
vn 0.96600014 0.258541316 -0.000338802085
vn 0.999058783 0.043375954 0.000360615348
vn 0.99922967 0.0392430946 0
vn 0.999390841 -0.0348991975 0
vn 0.999390841 -0.0348994359 0
vn 0.22885032 -0.704675734 0.6716097
vn 0.229540735 -0.69771415 0.678605974
vn 0.271101624 -0.653447866 0.706760049
vn 0.305862993 -0.643780053 0.701423645
vn 0.387621105 -0.594385564 0.704596102
vn 0.395275086 -0.587129176 0.706425369
vn 0.750311792 -0.620493889 0.228078157
vn 0.714602947 -0.0240746345 0.699115992
vn 0.998824298 0.0484777279 0
vn 0.738271475 -0.670543373 0.0729854107
vn 0.760189414 -0.62421459 0.180189162
vn 0.99030149 0.135959238 0.0286012571
vn 0.987561584 0.156921402 0.00988054741
vn 0.537157714 0.843481839 2.62899334E-06
vn 0.535031974 0.844831824 1.10420788E-05
vn 0.355195224 0.934792042 -0.000384750048
vn 0.644055605 -0.76480794 0.0161639191
vn 0.553034246 -0.833157063 0.00150663836
vn 0.462101549 -0.886665165 0.0169431455
vn 0.406802028 -0.913514197 0.00199868623
vn -0.583218515 -0.812222123 0.0123027992
vn -0.58923775 -0.807959735 0
vn -0.999390841 0.0348997414 0
vn -0.999949098 0.0100924112 1.32854893E-07
vn 0.420965642 0.907075107 -0.00160358392
vn -0.998252213 -0.0590879843 0.00107719377
vn -0.999390721 0.0349016264 0
vn -0.997899532 -0.0647764802 0.000776083267
vn -0.986724079 -0.162403122 0.000874736521
vn -0.992272019 -0.124068588 0.0017754283
vn -0.977366447 -0.21155329 0.000188493068
vn 0.332762927 0.942982137 0.00730835134
vn 0.298064411 0.954545617 -0.000507489429
vn 0.109571606 0.993964374 0.00537133263
vn 0.188591763 0.982055485 0.000190033257
vn 0.110821247 0.993839562 0.00124448584
vn 0.011113693 0.999936223 0.00200341386
vn 0.113024369 0.99356395 -0.00748399738
vn -0.14034076 0.990103245 2.28022031E-06
vn -0.317387193 0.948237538 0.0105352672
vn -0.382330865 0.923889697 0.0158403758
vn -0.338931382 0.940809429 -0.00177309511
vn -0.39689514 0.917863905 0
vn 0.574426472 0.81855619 0
vn 0.708707333 -0.705502629 0
vn 0.708707333 -0.705502629 0
vn 0.67070359 -0.741725445 0
vn 0.67070502 -0.741724253 0
vn -0.148016021 -0.988984942 0
vn -0.0842304826 -0.949202657 0.303182423
vn -0.349658608 0.936877191 2.5594673E-07
vn -0.447985142 -0.785523951 0.42692095
vn 0.460364223 -0.537974656 0.706150234
vn 0.47516945 -0.526000142 0.705363572
vn 0.47126931 -0.529263318 0.705539227
vn -0.86758697 0.497285545 0
vn 0.485135257 -0.515088737 0.706631124
vn 0.478153884 -0.529977977 0.700351596
vn 0.49342069 -0.507779658 0.706184089
vn 0.498345703 -0.498679787 0.70920372
vn 0.517031431 -0.488353282 0.70298624
vn 0.0348986872 0.999390841 0
vn 0.0348986015 0.999390841 0
vn 0.034898974 0.999390841 0
vn 0.0348996446 0.999390841 9.26451094E-07
vn 0.0348989815 0.999390841 0
vn -0.706677258 0.0246784613 0.707105517
vn -0.706677735 0.0246786866 0.707105041
vn -0.706673622 0.0246780738 0.707109153
vn -0.706678033 0.0246783346 0.707104743
vn -0.706677079 0.0246779379 0.707105696
vn -0 0 1
vn -0 0 1
vn -0 0 1
vn -0 0 1
vn -0 0 1
vn -0 0 1
vn -0 0 1
vn -0 0 1
vn -0 0 1
vn -0 0 1
vn -0 0 1
vn -0 0 1
vn -0 0 1
vn -0 0 1
vn -0 0 1
vn -0 0 1
vn -0 0 1
vn -0 0 1
vn 5.33003231E-07 0 1
vn 6.48067157E-07 0 1
vn -0 0 1
vn -0 0 1
vn -0 0 1
vn -0 0 1
vn -0 0 1
vn -0 0 1
vn -0 0 1
vn -0 0 1
vn -0 0 1
vn -0 0 1
vn -0 0 1
vn -0 0 1
vn -0 0 1
vn -0 0 1
vn -0 0 1
vn -0 0 1
vn -0 0 1
vn -0 0 1
vn -0 0 1
vn -0 0 1
vn -0 0 1
vn -0 0 1
vn -0 0 1
vn -0 0 1
vn -0 0 1
vn -0 0 1
vn -0 0 1
vn -0 0 1
vn -0 0 1
vn -0 0 1
vn -0 0 1
vn 1.74463651E-06 0 1
vn -2.63057154E-06 0 1
vn -4.76243144E-07 0 1
vn -0 0 1
vn -0 0 1
vn -0 0 1
vn -0 0 1
vn 2.3541466E-07 0 1
vn -0 0 1
vn -0 0 1
vn -0 0 1
vn -0 0 1
vn -0 0 1
vn -0 0 1
vn -0 0 1
vn -0 0 1
vn -0 0 1
vn -0 0 1
vn -0 0 1
vn -0 0 1
vn -0 0 1
vn -0 0 1
vn -0 0 1
vn -0 0 1
vn -0 0 1
vn -0 0 1
vn -0 0 1
vn -0 0 1
vn -0 0 1
vn -0 0 1
vn -0 0 1
vn -0 0 1
vn -0 0 1
vn -1.3477505E-07 0 1
vn -0 0 1
vn 1.57642501E-06 0 1
vn 2.96215916E-07 0 1
vn 6.01433157E-07 0 1
vn -0 0 1
vn -0 0 1
vn -0 0 1
vn -0 0 1
vn -0 0 1
vn -0 0 1
vn -0 0 1
vn -0 0 1
vn -0 0 1
vn -0 0 1
vn -0 0 1
vn -0 0 1
vn -0 0 1
vn -0 0 1
vn -0 0 1
vn -0 0 1
vn -0 0 1
vn -0 0 1
vn -0 0 1
vn -0 0 1
vn -0 0 1
vn -0 0 1
vn -0 0 1
vn -0 0 1
vn -0 0 1
vn -0 0 1
vn -0 0 1
vn -0 0 1
vn -0 0 1
vn -0 0 1
vn -0 0 1
vn -0 0 1
vn -0 0 1
vn -0 0 1
vn -0 0 1
vn -0 0 1
vn -0 0 1
vn -0 0 1
vn 1.32665591E-07 0 1
vn 1.45432551E-07 0 1
vn -5.53864311E-07 0 1
vn -0 0 1
vn -0 0 1
vn -0 0 1
vn -0 0 1
vn -0 0 1
vn -0 0 1
vn -0 0 1
vn -0 0 1
vn -0 0 1
vn -0 0 1
vn -0 0 1
vn -0 0 1
vn -0 0 1
vn -0 0 1
vn -0 0 1
vn -0 0 1
vn -0 0 1
vn -0 0 1
vn -1.3510801E-07 0 1
vn -0 0 1
vn -0 0 1
vn -0 0 1
vn -0 0 1
vn -0 0 1
vn -0 0 1
vn -0 0 1
vn -0 0 1
vn -0 0 1
vn -2.01155075E-07 0 1
vn -0 0 1
vn -0 0 1
vn -0 0 1
vn -0 0 1
vn -0 0 1
vn -0 0 1
vn -0 0 1
vn -0 0 1
vn -0 0 1
vn -0 0 1
vn -0 0 1
vn -0 0 1
vn -0 0 1
vn -0 0 1
vn -0 0 1
vn -0 0 1
vn -0 0 1
vn -0 0 1
vn -0.999390841 0.0348987952 0
vn -0.999390841 0.0348988026 0
vn -0.993599296 0.112961911 0.00036072795
vn -0.994057894 0.108852081 0
vn -0.945611537 0.325297773 -0.000338557671
vn -0.939764559 0.341820806 0.00105151208
vn -0.809206486 0.58752358 -0.000975926116
vn -0.788122475 0.615516186 0.00165327149
vn -0.602104664 0.79841572 -0.00152854074
vn -0.559321582 0.828947902 0.00216903165
vn -0.342391461 0.939555287 -0.00199511321
vn -0.275756866 0.96122396 0.00259865122
vn -0.052931428 0.998594701 -0.00263289874
vn -0.0246490054 0.999696136 0.00040678581
vn 0.10421329 0.994553328 -0.00176441041
vn 0.232170522 0.972508132 -0.0180236325
vn 0.172964886 0.984927773 -0.000722150551
vn 0.274352849 0.961629093 5.80303663E-07
vn 0.422518432 0.905840576 -0.0305130668
vn 0.539366543 0.841406703 -0.03344284
vn 0.625065088 0.780155003 -0.0255317409
vn 0.796491683 0.60464251 0.00292730751
vn 0.780133784 0.624931931 -0.0291753616
vn 0.876601279 0.480383903 -0.0283076074
vn 0.874816 0.479476273 -0.0692784563
vn 0.916703999 0.398556828 -0.0283953436
vn 0.922691345 0.380189359 -0.0640048087
vn 0.90187633 0.431673139 -0.0166524202
vn 0.887380362 0.461038023 0
vn 0.818851113 0.492962778 -0.294058859
vn 0.815211177 0.568452179 -0.110873073
vn 0.785296738 0.619039714 -0.00994693115
vn 0.789098442 0.612777889 -0.0427427068
vn -0 0 1
vn -0 0 1
vn -0 0 1
vn -0 0 1
vn -0 0 1
vn -0 0 1
vn -0 0 1
vn -0 0 1
vn -0 0 1
vn -0 0 1
vn -0 0 1
vn -0 0 1
vn -0 0 1
vn -0 0 1
vn -0 0 1
vn -0 0 1
vn 2.89418438E-07 0 1
vn 3.86436653E-07 0 1
vn 1.36089412E-07 0 1
vn -0 0 1
vn -0.706677079 0.0246776603 0.707105696
vn -0.703485191 0.0822367892 0.705936074
vn -0.706677735 0.0246779732 0.707104981
vn -0.703782499 0.0783075541 0.706086516
vn -0.664453149 0.241847172 0.707115173
vn -0.664463818 0.24184759 0.7071051
vn -0.557203352 0.435327053 0.7071172
vn -0.557209134 0.435338795 0.707105398
vn -0.395406634 0.586206675 0.707117617
vn -0.395410985 0.586218357 0.707105517
vn -0.194898993 0.679712057 0.707110882
vn -0.194906056 0.679716349 0.707104921
vn -0.0205525961 0.707527041 0.706387341
vn -0.0167945083 0.707516909 0.706496775
vn 0.0738290101 0.70324403 0.707104743
vn 0.0738298371 0.703235567 0.707113087
vn 0.122617573 0.696393847 0.707107186
vn 0.122659013 0.696383357 0.707110226
vn 0.192986459 0.680712581 0.706672907
vn 0.194269359 0.680111587 0.706899941
vn 0.302109122 0.639345527 0.707083642
vn 0.309266001 0.636559486 0.706502974
vn 0.422355473 0.567420781 0.706858933
vn 0.43445459 0.55864042 0.706519663
vn 0.493525207 0.522558153 0.695245206
vn 0.495359957 0.523659527 0.69310838
vn -0.0348993205 -0.999390841 0
vn -0.0348992646 -0.999390841 0
vn -0.53528744 -0.844444871 0.0195003282
vn -0.896802962 -0.435434788 0.0783642828
vn -0.86892736 -0.494516045 0.0204726253
vn -0.849273384 -0.527953267 0
vn -0 0 1
vn -0 0 1
vn -0 0 1
vn -0 0 1
vn -0 0 1
vn -0 0 1
vn -0 0 1
vn -0 0 1
vn -0.0246773828 -0.70667392 0.707108796
vn 0.395749211 -0.270451158 0.87763238
vn -0.0246774238 -0.706674516 0.707108259
vn 0.394535631 -0.278867632 0.875542462
vn 0.652175426 0.278493553 0.70505929
vn 0.646511316 0.289311409 0.705919266
vn 0.636997998 0.311000913 0.705345333
vn 0.634546459 0.312232316 0.707009017
vn 0.630701184 0.326741308 0.703886509
vn 0.631132185 0.327903658 0.702959001
vn -0.636399508 -0.298685133 0.711184204
vn -0.635890067 -0.297535241 0.712121189
vn -0.629326165 -0.317207307 0.709456265
vn -0.63302362 -0.314397365 0.707414627
vn -0.617756009 -0.339917064 0.709107876
vn -0.609075665 -0.354058236 0.709696829
vn -0.602307916 -0.365011036 0.709923983
vn -0.594667673 -0.369676471 0.713939548
vn 0.0246776026 0.70667851 0.707104325
vn 0.0246778317 0.706674457 0.707108378
vn 0.024677651 0.706677496 0.707105279
vn 0.0246778559 0.70667398 0.707108796
vn 0.0348999538 0.999390841 0
vn 0.0348999463 0.999390841 0
vn 0.0348999463 0.999390841 0
vn 0.0348999389 0.999390841 0
vn -8.32121941E-07 0 1
vn -0 0 1
vn -5.27105612E-07 0 1
vn -1.62816335E-07 0 1
vn -7.33169429E-07 0 1
vn -0 0 1
vn -3.53800999E-07 0 1
vn 3.78857919E-07 0 1
vn -0.561988175 -0.430650502 0.706193626
vn -0.534218013 -0.499997467 0.681625724
vn -0.537356436 -0.513133228 0.66928494
vn -0.596609533 -0.389286429 0.701792777
vn -0.648869574 -0.286565393 0.704874933
vn -0.665063083 -0.247811452 0.704471886
vn -0.622901022 0.731117487 0.27831915
vn -0.913906634 0.36305055 0.181574047
vn -0.469554663 0.882874489 0.00714671751
vn -0.154477715 0.987716496 0.0235131457
vn -0.236786574 0.971557617 0.00282075
vn -0.101950556 0.994789362 -0.000457620161
vn -0.742236197 0.670110524 0.00611690432
vn -0.705465853 0.708743274 0.000985896448
vn -0.918316305 0.395838231 0.00271566375
vn -0.929762065 0.368161023 5.05281314E-05
vn -0.0228788983 0.999518514 0.0209561884
vn -0.0353284255 0.999375761 0
vn 0.100255147 0.994484603 0.0308117792
vn 0.209760189 0.977493882 0.0225002915
vn 0.392000318 0.919557512 0.0273835864
vn 0.529211223 0.84821558 0.021578297
vn 0.643658638 0.7649014 0.0250895377
vn 0.786483645 0.617157757 0.0236573983
vn 0.833188295 0.552687526 0.0182702355
vn 0.906651318 0.421338618 0.0213833507
vn 0.955088258 0.29543063 0.0229630917
vn 0.951056242 0.309017926 0
vn 0.920502067 0.390737712 0
vn 0.99026835 0.139170274 0.000548650918
vn 0.999356806 -0.0348981321 0.00825190824
vn 0.999390841 -0.0349008925 0
vn 0.97814697 -0.20791392 0.00054867001
vn 0.932153642 -0.361334145 0.022963915
vn 0.927184165 -0.374605954 0
vn 0.875051916 -0.483556539 0.0213839188
vn 0.891008973 -0.453985602 0
vn 0.741517782 -0.670516014 0.0236590188
vn 0.792604029 -0.609462976 0.0182699077
vn 0.588733613 -0.807937503 0.0250926241
vn 0.468752652 -0.88306582 0.0215808693
vn 0.326900423 -0.944661975 0.0273839813
vn 0.141063675 -0.989744842 0.0224989895
vn -0.211607188 -0.935223699 0.28386429
vn -0.223000959 -0.974534631 0.0235132985
vn -0.378350854 -0.867368579 0.32329911
vn -0.680108249 0.181443855 0.710303366
vn -0.680108249 0.181443855 0.710303366
vn -0.171095133 -0.985254347 -0.000457492017
vn -0.104956493 -0.994476855 0
vn -0.303981572 -0.952673674 0.00282091252
vn -0.672383606 -0.685885429 0.278319001
vn -0.529996276 -0.84796989 0.00714670494
vn -0.93700546 -0.298415303 0.181574151
vn -0.788866997 -0.614554107 0.00349382986
vn -0.752952218 -0.658075035 0.000477527239
vn -0.950945497 -0.309328139 0.00433607167
vn -0.646156371 0.293600142 0.704472184
vn -0.627299011 0.331130117 0.704875052
vn -0.568001449 0.429956019 0.701792181
vn -0.530578792 0.468804151 0.706193089
vn 0.0454972535 0.550972462 0.833282292
vn 0.0808803439 0.554353714 0.828341961
vn 0.597302437 0.378457636 0.707106411
vn 0.597302198 0.378457785 0.70710659
vn -0.995566308 -0.0940166712 -0.0029239729
vn -0.999170303 0.0407011397 0.00148164574
vn -0.999390841 0.0348997861 0
vn -0.986466825 0.163953632 -0.00153118954
vn 0.0348990299 0.999390841 0
vn 0.0348989926 0.999390841 0
vn -0.515976727 0.856602609 0
vn -0.884512544 0.466510177 0.00242038118
vn -0.85177213 0.523823261 0.00966877863
vn -0.865031898 0.418962687 0.276025653
vn -0.936970949 0.17719759 0.301141918
vn -0.667849541 -0.227623224 0.708635747
vn -0.654710591 -0.265283257 0.7077986
vn -0.593961835 -0.379230618 0.70950228
vn -0.58161968 -0.402256399 0.707042098
vn -0.541197181 -0.459471732 0.704266548
vn -0.542737424 -0.463665962 0.700321317
vn -0.931254268 -0.364370108 0
vn -0.931254148 -0.364370137 0
vn -0.827786267 -0.561043501 0
vn -0.827786267 -0.56104362 0
vn -0.760319769 -0.649549007 0
vn -0.76031965 -0.649549067 0
vn 0.56944716 -0.419201076 0.707107067
vn 0.569447219 -0.419201195 0.707106829
vn 0.569447458 -0.419201285 0.70710665
vn 0.569447637 -0.419201493 0.707106411
vn 0.805319846 -0.592840552 0
vn 0.805319846 -0.592840433 1.62321768E-07
vn 0.805320442 -0.592839837 0
vn 0.805320323 -0.592839837 2.41115458E-07
vn 0.805320621 -0.592839479 1.17882209E-07
vn 0.805320978 -0.592839122 0
vn 0.805320978 -0.592839003 0
vn 0.67040801 0.741992712 0
vn 0.670473218 0.741933763 -1.64934681E-05
vn 0.650333285 0.759648979 9.00803059E-07
vn 0.645307124 0.763923287 -7.13418513E-06
vn 0.587439597 0.809268057 2.18465743E-06
vn 0.592858493 0.805306673 6.6242992E-06
vn 0.565650105 0.8246454 7.78442973E-06
vn 0.565614164 0.824669957 0
vn -0 0 1
vn -0 0 1
vn -0 0 1
vn -0 0 1
vn -0 0 1
vn -0 0 1
vn -0 0 1
vn -0 0 1
vn -0 0 1
vn -0 0 1
vn -0 0 1
vn 0.798136532 0.602454662 0.00514175417
vn 0.788546145 0.614975691 0
vn 0.872023404 0.488519281 0.0303985346
vn 0.884342253 0.466438532 -0.0193371084
vn 0.978594065 0.205671236 0.00728764152
vn 0.964268982 0.262212634 -0.037813019
vn 0.926085055 0.353186816 0.132761151
vn 0.980214238 0.197939396 0
vn 0.99922514 -0.0348933302 0.0182084162
vn 0.999974251 0.00687951036 0.0020464072
vn 0.99705863 -0.0766154528 0.0020466072
vn 0.841881037 -0.539624453 0.00645738048
vn 0.943628907 -0.328838468 -0.0378128663
vn 0.849650681 -0.526991308 -0.0193370171
vn 0.835821688 -0.548158884 0.0303985029
vn 0.75416702 -0.656662524 0.00514182122
vn 0.743726254 -0.668484271 0
vn 0.899192214 -0.416926771 0.132760957
vn 0.591897607 -0.806013107 0
vn -0.574473321 -0.818523288 0
vn -0.914900064 -0.403673291 0.00242046919
vn -0.886240542 -0.463124484 0.00966904499
vn -0.892152071 -0.357595652 0.276025504
vn -0.94704926 -0.111405917 0.301141918
vn -0.903568506 0.428443551 0
vn -0.650344729 0.273655802 0.708635509
vn -0.903568506 0.428443551 0
vn -0.634610951 0.310307562 0.707798183
vn -0.786633432 0.617420316 0
vn -0.566062033 0.419740289 0.709501147
vn -0.786633313 0.617420375 0
vn -0.552143693 0.441848963 0.707040966
vn 0.10582009 0.994385242 0
vn 0.411325544 0.789540946 0.455451906
vn 0.0464593731 0.950875342 0.306068122
vn 0.844713151 0.535219252 -1.91394747E-07
vn 0.844713151 0.535219252 -2.35764432E-07
vn 0.844713032 0.535219371 0
vn 0.844713032 0.535219371 0
vn -0 0 1
vn -0 0 1
vn -0 0 1
vn -0 0 1
vn -0 0 1
vn -0 0 1
vn -0 0 1
vn -0 0 1
vn -0 0 1
vn -0 0 1
vn -0 0 1
vn -0 0 1
vn -0 0 1
vn -0 0 1
vn -0 0 1
vn -0 0 1
vn -0 0 1
vn -0 0 1
vn -0 0 1
vn -0 0 1
vn -0 0 1
vn -0 0 1
vn -0 0 1
vn -0 0 1
vn -0 0 1
vn -0 0 1
vn 1.50328589E-07 0 1
vn -0 0 1
vn -0 0 1
vn -0 0 1
vn -1.64451649E-07 0 1
vn -2.30945759E-07 0 1
vn 3.92765151E-06 0 1
vn 2.15655314E-06 0 1
vn -3.91641436E-07 0 1
vn -0 0 1
vn -0 0 1
vn -0 0 1
vn -0 0 1
vn -0 0 1
vn -0 0 1
vn -0 0 1
vn -0 0 1
vn -0 0 1
vn -0 0 1
vn -0 0 1
vn -0 0 1
vn -0 0 1
vn -0 0 1
vn -0 0 1
vn -0 0 1
vn -0 0 1
vn -0 0 1
vn -0 0 1
vn -0 0 1
vn -0 0 1
vn 0.0524309874 -0.998624563 0
vn -0.0348995142 -0.999390841 0
vn -0.0348995179 -0.999390841 0
vn 0.0524309762 -0.998624563 0
vn 0.309383243 -0.95093745 0
vn 0.309383303 -0.95093745 0
vn 0.616268277 -0.787536263 0
vn 0.616268337 -0.787536263 0
vn 0.848662913 -0.528934002 0
vn 0.848658621 -0.528940976 0
vn 0.958123207 -0.286356151 0
vn 0.958119452 -0.286368698 0
vn 0.982272506 -0.187458932 0
vn 0.982272506 -0.187458917 0
vn 0.985712409 -0.168436691 0
vn 0.985713363 -0.168431908 0
vn 0.997519135 -0.0703956559 0
vn 0.997519135 -0.0703955665 0
vn 0.982520044 0.186156705 0
vn 0.982520163 0.186156452 0
vn 0.865619004 0.500703335 0
vn 0.86562264 0.500697017 0
vn 0.65124917 0.758863926 0
vn 0.651254714 0.758859217 0
vn 0.36354509 0.93157661 0
vn 0.3635436 0.931577146 0
vn 0.118916772 0.992904246 0
vn 0.118915044 0.992904484 0
vn 0.0348993987 0.999390841 0
vn 0.0348993987 0.999390841 0
vn 0.0348457284 -0.707501352 0.705852389
vn -0.0246777125 -0.706675172 0.707107544
vn -0.0246777143 -0.706675291 0.707107425
vn 0.0397266895 -0.707462311 0.705633581
vn 0.218764827 -0.672422707 0.707099438
vn 0.218767986 -0.672411144 0.707109451
vn 0.435763478 -0.556878924 0.707103908
vn 0.435769767 -0.556865513 0.707110584
vn 0.600088179 -0.374029905 0.707103729
vn 0.600093246 -0.374015659 0.707106948
vn 0.678007841 -0.205343217 0.705790043
vn 0.679210365 -0.200619027 0.705992341
vn 0.694571495 -0.132556021 0.707106292
vn 0.69457078 -0.132551864 0.707107723
vn 0.697002649 -0.119103856 0.707107902
vn 0.697001815 -0.11909838 0.707109571
vn 0.706228614 -0.0519664101 0.706074119
vn 0.706726432 -0.0474852361 0.705891609
vn 0.694745243 0.131638452 0.707107008
vn 0.694749832 0.131620556 0.707105815
vn 0.612087786 0.354044318 0.707107544
vn 0.612085462 0.35406372 0.707099915
vn 0.460506737 0.536590278 0.707109809
vn 0.460496306 0.536613584 0.70709902
vn 0.257066905 0.658718765 0.70711112
vn 0.257054687 0.658733428 0.707101941
vn 0.0820984319 0.703497589 0.705939829
vn 0.0866199508 0.703154922 0.705740809
vn 0.0246779472 0.70667547 0.707107306
vn 0.0246778969 0.70667547 0.707107246
vn -5.63281446E-07 0 1
vn -9.00154828E-06 0 1
vn -5.83376845E-07 0 1
vn -0 0 1
vn -0 0 1
vn -0 0 1
vn -3.84955115E-07 0 1
vn -2.95253756E-07 0 1
vn -1.23778719E-07 0 1
vn -0 0 1
vn -0 0 1
vn -0 0 1
vn -3.13129431E-06 0 1
vn -0 0 1
vn -2.64747723E-06 0 1
vn -1.37484276E-05 0 1
vn -1.30210674E-05 0 1
vn -0 0 1
vn -0 0 1
vn -0 0 1
vn -0 0 1
vn 3.0057538E-07 0 1
vn 3.2901832E-07 0 1
vn 5.00035003E-06 0 1
vn -4.9084548E-07 0 1
vn -2.04109327E-07 0 1
vn -1.70461533E-07 0 1
vn -0 0 1
vn -0 0 1
vn 1.67995736E-07 0 1
vn -6.32481658E-07 0 1
vn 4.06413704E-07 0 1
vn 7.6034587E-07 0 1
vn -0 0 1
vn 4.50624975E-06 0 1
vn 7.20110911E-05 0 1
vn 0.0373602659 -0.707478106 0.705747128
vn -0.0246769562 -0.706674099 0.707108736
vn -0.0246769302 -0.706674039 0.707108736
vn 0.0328240469 -0.707512081 0.705938518
vn 0.210477903 -0.675054431 0.707107067
vn 0.210486129 -0.67505312 0.707105994
vn 0.421945632 -0.567412913 0.707109869
vn 0.421947986 -0.567416906 0.707105219
vn 0.585903347 -0.395868003 0.707110822
vn 0.585897088 -0.395887911 0.707104802
vn 0.683874011 -0.179760799 0.707108378
vn 0.68387115 -0.179775 0.707107604
vn 0.708317697 -0.0019320799 0.705891073
vn 0.708135545 0.00258758711 0.706071734
vn 0.703613639 0.0701884702 0.707107723
vn 0.703613639 0.0701867566 0.707107902
vn 0.70212543 0.083775349 0.707107782
vn 0.702125967 0.0837770998 0.707107067
vn 0.691547692 0.152755961 0.70599395
vn 0.690679073 0.157537341 0.705793321
vn 0.624721467 0.331238657 0.70710963
vn 0.624719501 0.331245452 0.70710808
vn 0.473551512 0.525115788 0.707108378
vn 0.473551244 0.525118172 0.707106888
vn 0.265138716 0.655514121 0.707108676
vn 0.26513809 0.655516684 0.707106531
vn 0.0889796391 0.702958941 0.705642521
vn 0.0841130167 0.70334512 0.705854595
vn 0.0246777125 0.706675291 0.707107484
vn 0.0246777125 0.706675172 0.707107544
vn 0.0493649729 -0.998780787 0
vn -0.0348993056 -0.999390841 0
vn -0.0348993987 -0.999390841 0
vn 0.0493661985 -0.998780787 0
vn 0.297668964 -0.954669118 0
vn 0.297677904 -0.954666317 0
vn 0.596723914 -0.802446604 0
vn 0.596725106 -0.802445829 0
vn 0.828586817 -0.559860528 0
vn 0.828578234 -0.559873223 0
vn 0.967143834 -0.254229844 0
vn 0.967141569 -0.254238129 0
vn 0.999999762 0.000648200745 0
vn 0.999999762 0.000648152432 0
vn 0.995061338 0.099261649 0
vn 0.995061338 0.0992616564 0
vn 0.992956877 0.118476957 0
vn 0.992956758 0.118476972 0
vn 0.975761533 0.218836531 0
vn 0.97576344 0.218828291 0
vn 0.883493304 0.468443781 0
vn 0.883482754 0.46846357 0
vn 0.669710219 0.742622554 0
vn 0.669699788 0.742631972 0
vn 0.374964058 0.927039266 0
vn 0.374965787 0.92703867 0
vn 0.121961229 0.992534876 0
vn 0.121963046 0.992534637 0
vn 0.0348995887 0.999390841 0
vn 0.03489957 0.999390841 0
vn -0.980690777 -0.19556497 0
vn -0.980690777 -0.19556497 0
vn -0.980690777 -0.19556497 0
vn -0.980690777 -0.19556497 0
vn -0.69111073 -0.13355723 0.710301697
vn -0.69111073 -0.13355723 0.710301697
vn -0.69111073 -0.13355723 0.710301697
vn -0.69111073 -0.13355723 0.710301697
vn -0.964660525 0.263495743 0
vn -0.964660525 0.263495743 0
vn -0.964660525 0.263495743 0
vn -0.964660525 0.263495743 0
vn -3.79020634E-07 0 1
vn -3.25557835E-07 0 1
vn -0 0 1
vn 4.41627634E-07 0 1
vn 3.42331816E-07 0 1
vn -4.99579016E-07 0 1
vn -0 0 1
vn -2.18920491E-07 0 1
vn -0 0 1
vn -0 0 1
vn -1.36154881E-07 0 1
vn -1.11907042E-07 0 1
vn -0 0 1
vn 3.4233247E-07 0 1
vn -4.0072328E-07 0 1
vn 3.98220607E-07 0 1
vn -6.51117432E-07 0 1
vn -0 0 1
vn -0 0 1
vn -0 0 1
vn -0 0 1
vn -0 0 1
vn -0 0 1
vn -0 0 1
vn -0 0 1
vn -0 0 1
vn -0.931461096 0.363840848 0
vn -0.936905921 0.349581569 0
vn -0.936904788 0.349584699 0
vn -0.931462288 0.363837838 0
vn -0.919923723 0.392097324 0
vn -0.919925034 0.392094404 0
vn -0.878028691 0.478608072 0
vn -0.878029406 0.478606641 0
vn -0.747502327 0.664259195 0
vn -0.747502387 0.664259136 0
vn -0.523736298 0.851880431 0
vn -0.523732007 0.851883113 0
vn -0.255305678 0.966860473 0
vn -0.255300075 0.966861904 0
vn -0.0383496284 0.999264419 0
vn -0.0383489169 0.999264419 0
vn 0.0348995738 0.999390841 0
vn 0.0348995738 0.999390841 0
vn -0.0348994657 -0.999390841 -1.01383755E-07
vn -0.0348996371 -0.999390841 0
vn -0.0348996706 -0.999390841 0
vn -0.0349003598 -0.999390841 -1.86992665E-07
vn -0.034899503 -0.999390841 0
vn -0.0349011421 -0.999390721 0
vn -0.034899462 -0.999390841 0
vn -0.0348994471 -0.999390841 0
vn -0.0348995849 -0.999390841 -1.87753585E-07
vn -0.0348994769 -0.999390841 -1.63420779E-07
vn -0.0348993652 -0.999390841 -2.59842267E-07
vn 0.308531135 -0.951214254 -1.36872217E-07
vn 0.208312452 -0.937146068 0.279934198
vn -0.03489957 -0.999390841 0
vn 0.529672146 -0.796556771 0.291452855
vn 0.622182429 -0.33030203 0.709781289
vn 0.63580507 -0.312904149 0.705579817
vn 0.652311146 -0.266616106 0.709511101
vn 0.661964297 -0.252223819 0.705823243
vn 0.480219007 0.737600029 0.474695504
vn 0.896661103 -0.442717522 0
vn 0.896661222 -0.442717552 0
vn 0.933935344 -0.357441962 0
vn 0.933935225 -0.35744229 0
vn 0.8084566 0.499296248 0.31161055
vn 0.427421898 0.904052258 2.07715686E-07
vn 0.10864532 0.994080603 0
vn 0.108644128 0.994080722 0
vn 0.0348986052 0.999390841 2.88097709E-07
vn 0.324727982 0.945807397 0
vn 0.324728936 0.945807099 0
vn 0.586349547 0.810058117 0
vn 0.586349547 0.810058117 0
vn 0.797033489 0.603934944 0
vn 0.797028005 0.603942335 0
vn 0.938475251 0.345346451 0
vn 0.938470304 0.345359981 0
vn 0.998387575 0.0567641333 0
vn 0.998387337 0.0567692593 0
vn 0.0348993428 0.999390841 0
vn 0.986957192 -0.160981923 0.000489070429
vn 0.988377273 -0.151937559 -0.00504275132
vn 0.971321464 -0.237765819 0.00144056196
vn 0.974339604 -0.225082025 0.000699554104
vn 0.977042913 -0.213042572 0.000174870962
vn 0.965655088 -0.259827524 0
vn 0.904557168 -0.426352143 0.000271520665
vn -0.0373039469 0.999303937 -2.48438852E-07
vn 0.858310699 0.447305232 0.251437545
vn 0.977844477 -0.2090002 -0.0117915822
vn 0.984330118 -0.176310495 -0.0029568309
vn 0.772451401 0.635073841 0
vn -0.597948015 0.801534832 0
vn 0.885641336 -0.464369357 -0.000788208214
vn 0.773953199 -0.633242488 0.000635697797
vn 0.722299099 -0.691580117 -0.000942334824
vn 0.627781332 -0.778389573 0.000636027253
vn 0.502402842 -0.864633262 -0.000867550611
vn 0.458774596 -0.888552547 0.000446972495
vn 0.986997247 -0.160723537 0.00208567642
vn 0.243364647 -0.969934464 -0.000890618074
vn 0.256302744 -0.966596544 4.89204831E-05
vn 0.0968349427 -0.995300412 -0.000139591561
vn 0.99396956 -0.109372504 0.00788800977
vn 0.0349334292 -0.999389529 -0.000499132439
vn -0.00281332969 -0.999996066 0
vn 0.815793514 -0.578224301 0.0117307287
vn 0.787091315 -0.616836488 0
vn 0.992426872 0.122818999 -0.002105569
vn 0.99966085 0.0197556913 -0.0169695672
vn 0.484647304 0.592870533 0.643134236
vn 0.981450677 -0.191678897 -0.00372628728
vn -0.353931695 0.486080319 0.799035788
vn -0.370668083 0.462366641 0.805495024
vn -0.661751926 0.228395745 0.714086711
vn -0.657862008 0.252636462 0.709501565
vn -0.602926791 0.364319682 0.709753752
vn -0.585061312 0.384332925 0.714137018
vn -0.530984581 0.441953629 0.723002374
vn -0.515881777 0.442883611 0.73329401
vn 0.972457469 -0.233079582 -0.000613805896
vn 0.901731312 0.432285756 -0.00309515325
vn 0.828202903 0.560428441 0
vn 0.0930163264 0.995664656 0
vn 0.104679607 0.994505942 -0.000310991367
vn 0.269312531 0.963052809 0.000212979518
vn 0.310268521 0.950648606 -0.000792569073
vn 0.457110703 0.889409781 0.000180630232
vn 0.561537266 0.827450931 -0.000958600256
vn 0.588267088 0.808666706 -3.52376774E-05
vn 0.697827339 0.716265917 0.000314084464
vn 0.76877147 0.63952291 -0.000942557759
vn 0.816251278 0.577696621 0.000635553035
vn 0.915871263 0.401471168 -0.00078827492
vn 0.932098091 0.362205803 0.000271515222
vn 0.985540926 0.169431359 0.00144032249
vn 0.981428146 0.191829816 0
vn 0.989524186 0.144367129 0.000175059919
vn 0.987667084 0.156566828 0.000699944387
vn 0.995782971 0.0917398408 0.000489264028
vn 0.996568084 0.0826226026 -0.00504316622
vn 0.825018167 -0.506087363 0.251437098
vn 0.995804489 0.0914829373 0.00208428362
vn 0.999177635 0.0397707149 0.00788843166
vn 0.442109972 -0.625234365 0.643133521
vn 0.991995335 -0.126274854 0
vn 0.991995931 -0.126269847 0
vn 0.9120965 -0.409975678 0
vn 0.912100375 -0.409967124 0
vn 0.752960384 -0.658065856 0
vn 0.752963305 -0.658062577 0
vn 0.528414369 -0.848986566 0
vn 0.528414428 -0.848986685 0
vn 0.257961869 -0.966155112 0
vn 0.257962435 -0.966154993 0
vn 0.990041196 0.140283614 -0.0117917424
vn 0.0390367024 -0.999237776 -3.48613099E-07
vn 0.994231462 0.107215106 -0.00295606023
vn 0.726272404 -0.687406957 0
vn 0.0390371345 -0.999237776 0
vn -0.652402937 -0.757872283 0
vn -0.652402759 -0.757872343 0
vn -0.959684193 -0.281080604 0
vn -0.959684193 -0.281080484 0
vn -0.884039998 -0.46741116 0
vn -0.884040117 -0.467410982 0
vn -0.340922266 0.940091431 0
vn -0.873080492 0.487576067 0
vn 0.034899462 0.999390841 0
vn 0.0348992087 0.999390841 0
vn 0.0348993875 0.999390841 0
vn 0.0348988473 0.999390841 0
vn 0.0348997489 0.999390841 2.29233805E-07
vn 0.0349001251 0.999390841 0
vn 0.0348994061 0.999390841 1.47369093E-07
vn 0.0348994806 0.999390841 0
vn 0.0348994881 0.999390841 0
vn 0.0348993093 0.999390841 0
vn 0.0348992981 0.999390841 0
vn -0.38869831 0.921365082 0
vn -0.183987767 0.982928514 0
vn -0.394012332 0.919105232 0
vn -0.394012779 0.919104934 0
vn -0.394011408 0.91910553 0
vn -0 0 1
vn -0 0 1
vn -0 0 1
vn -0 0 1
vn -2.02600995E-06 0 1
vn -4.3344258E-07 0 1
vn 7.34471587E-06 0 1
vn 2.40215854E-06 0 1
vn -3.63110416E-07 0 1
vn -1.10655844E-06 0 1
vn -6.5786827E-07 0 1
vn -1.22521399E-07 0 1
vn 7.23163851E-07 0 1
vn 2.62197972E-07 0 1
vn -8.29316605E-07 0 1
vn -0 0 1
vn 0.375560492 -0.475342989 0.795615137
vn -0.0246779937 -0.7066769 0.707105815
vn -0.0246781334 -0.70667702 0.707105696
vn -0.0246693399 -0.706678212 0.707104802
vn -0.0246780384 -0.706682205 0.70710057
vn -0.0246935058 -0.706678867 0.707103372
vn -0.024666531 -0.706672609 0.707110584
vn 0.378388911 -0.470465153 0.797172725
vn 0.695159554 -0.130360022 0.706936657
vn 0.693970501 -0.136561126 0.706934094
vn 0.692336261 -0.145057529 0.706844211
vn 0.692668617 -0.142566472 0.707025409
vn 0.690760911 -0.150543839 0.707238257
vn 0.689899325 -0.15637584 0.706813574
vn 0.688920021 -0.159080088 0.707165182
vn 0.699470341 -0.111899287 0.705846906
vn 0.698549926 -0.115853786 0.706120431
vn 0.705965757 0.0401330963 0.707107961
vn 0.705966234 0.0401383005 0.707107127
vn 0.66359967 0.244203404 0.707106888
vn 0.663600206 0.244200438 0.707107425
vn 0.563585579 0.427050918 0.707105815
vn 0.563587725 0.427044332 0.70710808
vn 0.414610177 0.572797835 0.707107425
vn 0.414612174 0.572797298 0.70710665
vn 0.229616567 0.668785572 0.707108259
vn 0.229618147 0.668785691 0.707107604
vn 0.0787568092 0.703748107 0.70607084
vn 0.0752725452 0.704000413 0.706199348
vn 0.0246777143 0.706674814 0.707107902
vn 0.024677705 0.706674933 0.707107842
vn 0.0246771351 0.706672728 0.707110107
vn 0.0246770717 0.70667243 0.707110345
vn 0.0246772785 0.706676483 0.707106233
vn -0.0248253513 0.707540333 0.70623678
vn 0.0246780906 0.706678867 0.707103908
vn 0.0246767271 0.706675589 0.707107246
vn -0.0281589758 0.707529426 0.706122637
vn -0.177660823 0.684419453 0.707111418
vn -0.1776613 0.684428215 0.707102776
vn -0.365285426 0.605440199 0.707112908
vn -0.36528194 0.605450928 0.707105517
vn -0.522625566 0.476300806 0.707106829
vn -0.522623956 0.476304471 0.707105517
vn -0.636657834 0.307683468 0.7071051
vn -0.636656821 0.307684809 0.707105517
vn -0.689037502 0.162707329 0.706224859
vn -0.690607011 0.158289939 0.70569557
vn -0.700248241 0.102501929 0.706502557
vn -0.702192843 0.0935286209 0.705816984
vn -0.701593459 0.0901174322 0.706856012
vn -0.702779889 0.0778244883 0.707137644
vn -0.702057362 0.0707505271 0.708597064
vn -0.699718535 0.0626698881 0.711664498
vn -0.698894143 0.0627782643 0.712464571
vn -0 0 1
vn -0 0 1
vn -0 0 1
vn -0 0 1
vn -0 0 1
vn -0 0 1
vn -4.36197115E-06 0 1
vn 5.52710071E-06 0 1
vn 1.19127151E-06 0 1
vn 2.55534303E-07 0 1
vn -5.74234775E-07 0 1
vn 2.75604691E-07 0 1
vn -0 0 1
vn -0 0 1
vn 0.670152903 -0.219020903 0.70917201
vn 0.667053103 -0.220297754 0.711694539
vn 0.674064577 -0.217397153 0.705957115
vn 0.677178383 -0.216094494 0.703372359
vn -0 0 1
vn -0 0 1
vn -0 0 1
vn 2.88976054E-07 0 1
vn -0 0 1
vn -0 0 1
vn -0 0 1
vn -0 0 1
vn -0 0 1
vn -0 0 1
vn -0 0 1
vn -0 0 1
vn -0 0 1
vn -0 0 1
vn -0 0 1
vn -1.23420264E-07 0 1
vn -0 0 1
vn -1.23898673E-07 0 1
vn 0.612691998 -0.338845193 0.713997543
vn 0.612691998 -0.338845193 0.713997543
vn 0.612691998 -0.338845193 0.713997543
vn 0.63008225 -0.334252477 0.700907767
vn 0.833015263 -0.553249955 0
vn 0.278024375 -0.77079916 0.573211253
vn 0.410727054 -0.770791888 0.487014562
vn -0.176079392 -0.675873578 0.715675116
vn -0.176079437 -0.675873756 0.715674937
vn 0.0361867212 -0.651378989 0.757889211
vn 0.0467670485 -0.647713065 0.760447621
vn 0.391823232 -0.587468326 0.708064675
vn 0.388536245 -0.590734243 0.707158029
vn 0.38319391 -0.593859553 0.707455456
vn 0.372606397 -0.601530373 0.706629932
vn 0.352289885 -0.617734015 0.703062177
vn 0.338417083 -0.630069911 0.698917568
vn -0.0246775597 -0.706674993 0.707107723
vn -0.0246778727 -0.706674874 0.707107961
vn -0.024677543 -0.706674993 0.707107723
vn -0.0246779062 -0.706674755 0.707107961
vn -0.631160617 0.323308736 0.705058634
vn -0.637581646 0.312347889 0.704221845
vn -0.642875254 0.309082866 0.700841725
vn -0.624756217 0.333705306 0.705918133
vn -0.613752365 0.354678214 0.705344796
vn -0.611220181 0.355735987 0.707009077
vn -0.606372535 0.369939744 0.703887045
vn -0.606721759 0.37112844 0.702959776
vn -0 0 1
vn -0 0 1
vn -0 0 1
vn -0 0 1
vn -0 0 1
vn -0 0 1
vn -0 0 1
vn -0 0 1
vn -0 0 1
vn -0 0 1
vn -0 0 1
vn -0 0 1
vn -0 0 1
vn -0 0 1
vn -0 0 1
vn -0 0 1
vn -0 0 1
vn 0.0246776734 0.706677914 0.707104862
vn 0.0246775392 0.706673622 0.707109153
vn 0.0246776547 0.706677258 0.707105517
vn 0.0246775206 0.706673205 0.707109511
vn 0.0348993614 0.999390841 0
vn 0.0348993503 0.999390841 0
vn 0.270549655 0.96270597 0
vn 0.442038208 0.896936238 0.0103671728
vn 0.36234048 0.931955218 0.0129970983
vn 0.359733373 0.93304199 0.00494860439
vn 0.41055733 0.911834657 0.000496135792
vn 0.556316078 0.830945313 0.00650427537
vn 0.56735456 0.823473632 0.000105470397
vn 0.746867597 0.664972425 0.000701797602
vn 0.79125315 0.611481965 -0.00286533474
vn 0.927820086 0.37284857 -0.0115645491
vn 0.940244734 0.340495527 -0.00161266653
vn 0.999524593 0.0302455425 -0.00599044655
vn 0.993808091 -0.11078167 -0.00853109732
vn 0.954437435 -0.296008617 0.0377899297
vn 0.947488785 -0.319785655 0.0014692127
vn 0.890891254 -0.45334667 0.0280986205
vn 0.850692511 -0.525384903 0.0171175115
vn 0.836970091 -0.547234833 0.00388929294
vn 0.830180764 -0.556295395 0.0365427285
vn 0.837722838 -0.531411111 0.125788048
vn 0.837936282 -0.529328823 0.13294211
vn -0.874569952 0.484898001 -0.00118886086
vn -0.853060424 0.521812201 0
vn -0.869567156 0.493534029 -0.0166506749
vn -0.893922865 0.443627477 -0.0640047565
vn -0.886668742 0.461532384 -0.0283956286
vn -0.887861907 0.459299982 0.0272926744
vn -0.893907547 0.445100814 0.0530526377
vn -0.869099736 0.494448662 0.0136475852
vn -0.853058219 0.521815717 0
vn -0 0 1
vn 3.92533281E-07 0 1
vn 1.45933291E-06 0 1
vn -3.5200037E-06 0 1
vn 1.46353307E-06 0 1
vn -0 0 1
vn -0 0 1
vn -3.2118794E-07 0 1
vn -1.44788487E-07 0 1
vn -3.8179968E-07 0 1
vn -3.81251567E-07 0 1
vn 0.549518466 0.513367414 -0.659153461
vn 0.541818738 0.49541229 -0.678969204
vn 0.576092303 0.410300642 -0.706944883
vn 0.537544072 0.441554815 -0.718384206
vn 0.615966976 0.318213969 -0.720641673
vn 0.663796902 0.241045922 -0.708004713
vn 0.683095217 0.0993158594 -0.723545015
vn 0.70313108 0.121571623 -0.700590611
vn 0.688907325 0.0160442851 -0.724671781
vn 0.674503207 -0.146724448 -0.723545015
vn 0.6861099 -0.0640607849 -0.724671841
vn 0.69293797 -0.170322388 -0.700590611
vn 0.645365298 -0.286762685 -0.708004773
vn 0.592268944 -0.360406607 -0.720641732
vn 0.546067178 -0.449487925 -0.706945062
vn 0.505433083 -0.477979362 -0.718382299
vn 0.505937934 -0.532001078 -0.678971052
vn 0.512364566 -0.550445139 -0.659160554
vn 0.805321038 -0.592838943 -1.08418658E-06
vn 0.805320978 -0.592839122 -7.11316375E-07
vn 0.805320501 -0.592839658 0
vn 0.805320203 -0.592840135 1.63321573E-07
vn 0.805320024 -0.592840314 1.9249994E-07
vn 0.805320024 -0.592840314 0
vn 0.992259562 0.124181069 6.10272025E-07
vn 0.992259324 0.124183334 1.87339879E-06
vn 0.992259443 0.124182239 1.26539146E-06
vn 0.992259085 0.124185137 2.88306478E-06
vn 0.909516513 0.0427782424 -0.413460672
vn 0.909515977 0.042778872 -0.413461775
vn 0.909515917 0.0427795425 -0.413461953
vn 0.909517109 0.0427776165 -0.413459599
vn 0.909517705 0.0427770056 -0.413458258
vn 0.540646374 0.839363337 0.0563076138
vn 0.566986442 0.823008597 0.0343967602
vn 0.524871111 0.850672901 0.0294269323
vn 0.496439368 0.867749214 0.0236462876
vn 0.460060775 0.887887478 0
vn 0.543383241 0.837374628 0.0594844781
vn 0.460544467 0.668178678 -0.584325254
vn 0.440970957 0.68083775 -0.584811628
vn 0.461193234 0.667545617 -0.584537029
vn 0.439284772 0.682263255 -0.584419072
vn 0.399332792 0.705904067 -0.585006714
vn 0.369499654 0.71302551 -0.595872998
vn 0.377045065 0.718221962 -0.584802747
vn 0.369499654 0.71302551 -0.595872998
vn 0.369499654 0.71302551 -0.595872998
vn -0 0 -1
vn -7.17425621E-07 0 -1
vn -8.62667378E-07 0 -1
vn 7.14329644E-07 0 -1
vn -3.50147303E-07 0 -1
vn -0 0 -1
vn -0 0 -1
vn -0 0 -1
vn -0 0 -1
vn -9.08043489E-07 0 -1
vn -0 0 -1
vn -3.67991248E-07 0 -1
vn -1.71860464E-07 0 -1
vn -1.89831965E-07 0 -1
vn -0 0 -1
vn -0 0 -1
vn -2.4225269E-06 0 -1
vn -3.13425033E-07 0 -1
vn -4.28036827E-07 0 -1
vn 4.03312555E-07 0 -1
vn 2.27007178E-07 0 -1
vn -2.25042257E-07 0 -1
vn -3.37065302E-07 0 -1
vn -0 0 -1
vn -0 0 -1
vn 7.10901247E-07 0 -1
vn 1.86933278E-07 0 -1
vn 1.67749519E-07 0 -1
vn -2.12023437E-07 0 -1
vn -0 0 -1
vn -0 0 -1
vn -5.54197413E-07 0 -1
vn 1.13481107E-07 0 -1
vn -0 0 -1
vn 1.22366384E-06 0 -1
vn 1.22366191E-06 0 -1
vn -1.236115E-07 0 -1
vn -2.36897108E-07 0 -1
vn -1.97709937E-07 0 -1
vn 1.7422488E-07 0 -1
vn -0 0 -1
vn -3.31332762E-06 0 -1
vn -6.94985056E-06 0 -1
vn -0 0 -1
vn -0 0 -1
vn -3.13524566E-07 0 -1
vn 1.8932765E-07 0 -1
vn -2.07278191E-07 0 -1
vn -0 0 -1
vn 3.47964715E-07 0 -1
vn -0 0 -1
vn -2.42253554E-06 0 -1
vn -7.20998855E-07 0 -1
vn 6.759916E-07 0 -1
vn -0 0 -1
vn 4.43843845E-07 0 -1
vn -1.656579E-06 0 -1
vn -3.47494006E-06 0 -1
vn -1.21152084E-07 0 -1
vn -6.62815273E-06 0 -1
vn -1.39027916E-05 0 -1
vn -0 0 -1
vn 8.7582265E-07 0 -1
vn 7.00800172E-07 0 -1
vn 1.68532637E-07 0 -1
vn -0 0 -1
vn -2.77924272E-07 0 -1
vn -4.03312555E-07 0 -1
vn 3.13425062E-07 0 -1
vn 4.28036913E-07 0 -1
vn -0 0 -1
vn 1.01834068E-07 0 -1
vn 3.22396716E-07 0 -1
vn 3.37064961E-07 0 -1
vn -2.31019555E-07 0 -1
vn -1.89100646E-07 -1.15084504E-07 -1
vn -0 0 -1
vn -0 0 -1
vn -5.44900104E-07 0 -1
vn 2.03007801E-07 0 -1
vn 1.04962537E-05 0 -1
vn 2.20630409E-05 0 -1
vn 6.94049049E-07 0 -1
vn 3.47009546E-07 0 -1
vn -4.3791016E-07 0 -1
vn 2.4225269E-06 0 -1
vn -0 0 -1
vn -0 0 -1
vn -6.19804268E-07 0 -1
vn -0 0 -1
vn 1.77714264E-06 -6.80046071E-07 -1
vn 4.40651411E-06 -1.64203141E-06 -1
vn -5.46081537E-07 0 -1
vn -0 0 -1
vn -0 0 -1
vn 7.90226693E-07 0 -1
vn -2.20470142E-07 0 -1
vn 5.38447466E-07 0 -1
vn 2.88198777E-07 0 -1
vn -2.50613454E-07 0 -1
vn 2.61583807E-07 0 -1
vn -1.22366384E-06 0 -1
vn -1.22366191E-06 0 -1
vn -0 0 -1
vn 1.11488013E-07 0 -1
vn -0 0 -1
vn -3.4844993E-07 0 -1
vn 5.36294692E-07 0 -1
vn 2.55090322E-06 0 -1
vn -0 0 -1
vn -0 0 -1
vn 2.87809513E-07 0 -1
vn -4.37395357E-07 0 -1
vn 2.07278447E-07 0 -1
vn -0 0 -1
vn -0 0 -1
vn -0 0 -1
vn 1.4762353E-06 0 -1
vn 4.39359496E-07 0 -1
vn -0 0 -1
vn 3.46644327E-07 0 -1
vn -2.09789334E-07 0 -1
vn 4.45771775E-07 0 -1
vn -0 0 -1
vn -0 0 -1
vn -0 0 -1
vn -1.43559246E-05 0 -1
vn -2.94221463E-05 0 -1
vn -4.75072341E-07 0 -1
vn -0 0 -1
vn -0 0 -1
vn -8.55522217E-07 0 -1
vn 6.32538968E-06 0 -1
vn 1.04265609E-05 0 -1
vn -0.561609566 0.470759988 -0.680426121
vn -0.561747611 0.470757395 -0.680313885
vn -0.563760161 0.470718324 -0.678674281
vn -0.56387496 0.470716029 -0.678580463
vn -0.608169377 0.379895091 -0.697000563
vn -0.652807891 0.272590458 -0.706778765
vn -0.632189572 0.319542348 -0.705853462
vn -0.63016963 0.323973805 -0.70563966
vn -0.525487006 0.473147988 -0.707102776
vn -0.525485694 0.473147869 -0.707103789
vn -0.331965655 0.624338508 -0.707106888
vn -0.331964433 0.624337852 -0.70710808
vn -0.0984115154 0.700225174 -0.70710665
vn -0.0984098837 0.700224638 -0.707107425
vn 0.147016749 0.69165206 -0.707109213
vn 0.14701876 0.691651583 -0.707109272
vn 0.3747105 0.599661291 -0.707105577
vn 0.374708921 0.599661171 -0.707106531
vn 0.557208359 0.435336679 -0.707107365
vn 0.557205677 0.43533662 -0.707109511
vn 0.672499895 0.218509227 -0.707104981
vn 0.672497511 0.218510687 -0.707106888
vn 0.706676781 -0.0246773288 -0.707105935
vn 0.706675053 -0.0246777236 -0.707107663
vn 0.6783548 -0.204703823 -0.705642343
vn 0.675846159 -0.208398551 -0.706966817
vn 0.650182843 -0.258459538 -0.714465499
vn 0.648696899 -0.256713539 -0.716443002
vn 0.129995674 0.28837961 -0.948650837
vn 0.125312686 0.290097177 -0.948757231
vn 0.132280335 0.286941379 -0.948771119
vn 0.124004997 0.290884256 -0.948688149
vn 0.112862982 0.295386285 -0.94868803
vn 0.111375503 0.295728147 -0.948757231
vn 0.106815219 0.297745705 -0.948650599
vn 0.104171664 0.298298001 -0.948771119
vn 0.329959273 0.741194487 -0.584600329
vn 0.31815666 0.74607873 -0.584929705
vn 0.332498342 0.739744306 -0.584998488
vn 0.316695333 0.746866822 -0.584717095
vn 0.289407283 0.7576949 -0.584928751
vn 0.29100284 0.757247329 -0.584716797
vn 0.277523696 0.762380183 -0.584599912
vn 0.274691224 0.76310128 -0.584996819
vn -0.41596806 0.803469896 -0.425918698
vn -0.41843608 0.802910864 -0.424553096
vn -0.418622732 0.802868307 -0.424449712
vn -0.415840685 0.803490579 -0.426004142
vn -0.415857494 0.803475261 -0.42601648
vn -0.361645758 0.932315528 3.24784679E-07
vn -0.361711293 0.932290137 4.38852803E-05
vn -0.361673534 0.9323048 1.87458536E-05
vn -0.360978812 0.930598855 -0.0606646687
vn -0.360789597 0.93034941 -0.0654280409
vn -0.323337942 0.913992763 -0.245091408
vn -0.322962284 0.914045036 -0.245391533
vn -0.214531958 0.862961233 -0.457464635
vn -0.213829875 0.862985313 -0.457747906
vn -0.0513854362 0.789213061 -0.611965835
vn -0.0506977923 0.789217949 -0.612016857
vn 0.145432025 0.704604685 -0.694537103
vn 0.145741418 0.70460695 -0.694469929
vn 0.355335355 0.619546831 -0.699927568
vn 0.355178356 0.619503021 -0.700045884
vn 0.558242798 0.542229354 -0.627974749
vn 0.557856083 0.542082727 -0.628444791
vn 0.73259455 0.479465753 -0.483133495
vn 0.732307792 0.479224086 -0.483807325
vn 0.8459391 0.440076441 -0.30119732
vn 0.844653249 0.440186918 -0.304625034
vn 0.89445895 0.423923016 -0.142240793
vn 0.894432604 0.423878461 -0.142538995
vn 0.907158196 0.419192255 -0.0366302878
vn 0.907225728 0.419178873 -0.0350792594
vn 0.907786071 0.419433504 7.2830187E-07
vn 0.907786191 0.419433147 8.00916212E-07
vn 0.374195874 0.926435828 -0.0411599986
vn 0.374117404 0.926121354 -0.0483267382
vn 0.37423712 0.926112115 -0.0475705191
vn 0.374404669 0.926411688 -0.0397793092
vn 0.374310821 0.926805377 -0.0303835478
vn 0.374578387 0.926755011 -0.028570395
vn 0.374448806 0.927047789 -0.019251138
vn 0.37481901 0.926976502 -0.0150065152
vn 0.374574959 0.927149951 -0.00930937659
vn 0.371307611 0.928509593 0.000806101831
vn 0.3779625 0.925818205 0.00224449206
vn 0.361879557 0.932199538 0.00688046729
vn 0.342516452 0.939511836 0
vn 0.387242317 0.921952307 0.00688081235
vn 0.406254113 0.913760066 0
vn 0.0347677507 0.998548567 -0.0411327705
vn 0.0347966403 0.998221695 -0.0483994223
vn 0.0349177644 0.998257577 -0.047567185
vn 0.0349715799 0.998595774 -0.0397926867
vn 0.0347489491 0.998934686 -0.0303653348
vn 0.035018824 0.99897778 -0.0285863988
vn 0.0347977206 0.999208987 -0.0192539487
vn 0.0351711735 0.999268591 -0.0150085287
vn 0.0348823592 0.999348104 -0.00930290017
vn 0.0313470438 0.999508262 0.000811068283
vn 0.0385210179 0.99925524 0.00225452706
vn 0.021225011 0.999751031 0.00688100513
vn 0.000526221702 0.999999881 0
vn 0.0485646278 0.998796344 0.00688078487
vn 0.069229804 0.997600734 0
vn -0.305634767 0.952148497 0.000807589153
vn -0.295972496 0.955171645 0.0068801688
vn -0.276146114 0.961115658 0
vn -0.312461555 0.949927807 0.00224449788
vn -0.321988523 0.946718574 0.00687997323
vn -0.341525406 0.939872444 0
vn -0.308988482 0.951020122 -0.00931361597
vn -0.309243292 0.950864553 -0.0150058065
vn -0.308868349 0.950909913 -0.0192530192
vn -0.309017301 0.950626969 -0.0285776611
vn -0.3087475 0.950659275 -0.0303625744
vn -0.308867872 0.950271785 -0.0398007035
vn -0.308660805 0.95028311 -0.0411152579
vn -0.308723956 0.949960887 -0.0475799851
vn -0.30860132 0.949961782 -0.0483505763
vn -0.223666981 0.779882252 -0.584599555
vn -0.235849306 0.776036084 -0.584929943
vn -0.220789433 0.780402839 -0.584998667
vn -0.237471908 0.775702 -0.584716678
vn -0.263826668 0.767138362 -0.584717155
vn -0.265338719 0.766454518 -0.584929764
vn -0.277453601 0.762405455 -0.58460021
vn -0.280084133 0.761137664 -0.584997714
vn -0.546067178 0.449487925 -0.706945062
vn -0.505937934 0.532001078 -0.678971052
vn -0.512364566 0.550445139 -0.659160554
vn -0.505433083 0.477979362 -0.718382299
vn -0.592268944 0.360406607 -0.720641732
vn -0.645365298 0.286762685 -0.708004773
vn -0.674503446 0.146724269 -0.723544836
vn -0.69293797 0.170322388 -0.700590611
vn -0.686110258 0.0640605316 -0.724671602
vn -0.688907266 -0.016042294 -0.724671841
vn -0.683095276 -0.0993155763 -0.723544955
vn -0.703130841 -0.121570103 -0.700591028
vn -0.663796902 -0.241046041 -0.708004653
vn -0.615967035 -0.318214208 -0.720641613
vn -0.576092482 -0.410300761 -0.706944644
vn -0.537544429 -0.441554546 -0.718383908
vn -0.541819453 -0.495411932 -0.678968787
vn -0.549519181 -0.513367534 -0.659152806
vn -0.981178701 0.193101659 -3.56139623E-07
vn -0.981178939 0.193100691 -6.86691465E-07
vn -0.981178582 0.193102658 0
vn -0.981179297 0.193099126 -1.23557481E-06
vn -0.844713032 -0.535219491 3.69346481E-07
vn -0.844712913 -0.535219789 2.16317829E-07
vn -0.844712913 -0.535219789 0
vn -0.844713032 -0.535219371 1.86865577E-07
vn -0.844713151 -0.535219252 0
vn -0.844712973 -0.53521961 0
vn -3.17995926E-07 0 -1
vn -1.70734324E-07 0 -1
vn -0 0 -1
vn -0 0 -1
vn -0 0 -1
vn -0 0 -1
vn -0 0 -1
vn -0 0 -1
vn -0 0 -1
vn -0 0 -1
vn -0 0 -1
vn -0 0 -1
vn -0 0 -1
vn -0.750402629 0.660981059 0
vn -0.750402451 0.660981119 0
vn -0.833887577 0.551934302 0
vn -0.833887637 0.551934242 0
vn -0.952396214 0.304862857 0
vn -0.952396214 0.304862916 0
vn -0.999390841 0.0348995179 0
vn -0.999390841 0.0348996483 0
vn -0.971342504 -0.237684175 0
vn -0.971342504 -0.23768419 0
vn -0.870357275 -0.492420763 0
vn -0.870357275 -0.492420882 0
vn -0.794681787 -0.60702616 0
vn -0.794681787 -0.60702616 0
vn 0.0246775355 0.706674814 -0.707107902
vn 0.0246775169 0.706674755 -0.70710808
vn 0.0246776249 0.70667541 -0.707107365
vn 0.0246776268 0.70667541 -0.707107306
vn 0.744441628 -0.195985928 -0.638275921
vn 0.740413487 -0.195935413 -0.642959714
vn 0.649699926 -0.296155334 -0.700129986
vn 0.645933867 -0.287991166 -0.706986964
vn 0.581787944 -0.454204589 -0.674700677
vn 0.491202295 -0.497507274 -0.714987278
vn 0.44431296 -0.638391256 -0.628524065
vn 0.290801018 -0.611865819 -0.73556447
vn 0.229606688 -0.771048963 -0.593939543
vn 0.0818747282 -0.660037398 -0.746757627
vn -0.0283949431 -0.813126862 -0.58139348
vn -0.12771745 -0.652719319 -0.746756792
vn -0.282833248 -0.753154874 -0.593938649
vn -0.332774371 -0.590090275 -0.735564232
vn -0.487762928 -0.605842829 -0.628523529
vn -0.524710298 -0.462031245 -0.714986742
vn -0.612055957 -0.412515551 -0.67469877
vn -0.66877681 -0.250113308 -0.700129271
vn -0.664450645 -0.242231354 -0.706986129
vn -0.752276301 -0.143809408 -0.642961323
vn -0.756298065 -0.143578812 -0.63827765
vn 2.15407169E-07 0 1
vn -0 0 1
vn -0 0 1
vn -0 0 1
vn -0 0 1
vn -0 0 1
vn -0 0 1
vn -0 0 1
vn -0 0 1
vn -1.42177981E-07 0 1
vn 1.71951729E-06 0 1
vn -4.83924032E-06 0 1
vn 0.625656784 0.174400151 -0.760354042
vn 0.73585093 0.128348067 -0.664868593
vn 0.750016272 0.126784608 -0.649154305
vn 0.682611585 0.319914341 -0.657036006
vn 0.520844758 0.351499856 -0.777925789
vn 0.559260845 0.529900432 -0.63752079
vn 0.378859729 0.498280615 -0.779860079
vn 0.360704422 0.66953063 -0.649323463
vn 0.205688387 0.608521819 -0.766416013
vn 0.115180828 0.718145192 -0.686295033
vn 0.0120692188 0.67578274 -0.737002075
vn 0.179205924 0.868545353 -0.462075979
vn -0.0884089693 0.704812407 -0.703863144
vn 0.0914294645 0.729895353 -0.677416682
vn 0.844937742 0.482326925 -0.231172755
vn 0.763256729 0.631429911 -0.136877537
vn 0.137102306 0.990540922 -0.00561865512
vn 0.819446623 0.509004414 -0.263480037
vn 0.969187081 0.0232225861 -0.245228499
vn -0.0787798315 0.578447044 0.811906874
vn 0.0216301735 0.988864779 0.147236794
vn 0.247653916 0.843825281 0.47605285
vn 0.273246884 0.729820251 -0.626656592
vn 0.455137372 0.88986057 -0.0315936357
vn 0.310638815 0.899741471 0.306543589
vn 0.535848737 0.748922527 0.389847666
vn 0.544218838 0.709738314 0.447322369
vn 0.719984174 0.693613291 -0.0228787772
vn 0.783752084 0.578735888 0.225382954
vn 0.728663385 0.471154243 0.497054696
vn 0.909641564 0.414973348 0.0186892338
vn 0.942716181 0.324265033 0.0783478767
vn 0.831451952 0.195044771 0.520235598
vn 0.74458462 -0.665905356 0.0465159006
vn 0.742683768 -0.669642389 0
vn -0.0348994285 -0.999390841 -1.31659624E-06
vn -0.0348994322 -0.999390841 -1.39425958E-06
vn -0 0 -1
vn -0 0 -1
vn -0 0 -1
vn -0 0 -1
vn -0 0 -1
vn -0 0 -1
vn -0 0 -1
vn -0 0 -1
vn -0 0 -1
vn -0 0 -1
vn -0 0 -1
vn -0 0 -1
vn -0 0 -1
vn -0 0 -1
vn -0 0 -1
vn 0.275637537 -0.96126163 0
vn 0.275637537 -0.96126163 0
vn 0.327582538 -0.94482255 0
vn 0.327582538 -0.94482255 0
vn 0.478555828 -0.878057182 0
vn 0.478555679 -0.878057182 0
vn 0.653957129 -0.756531537 0
vn 0.65395695 -0.756531775 0
vn 0.809057534 -0.587729454 0
vn 0.809057295 -0.587729812 0
vn 0.942343295 -0.334647596 0
vn 0.942343295 -0.334647804 0
vn 0.999772727 -0.0213216562 0
vn 0.999772727 -0.0213216357 0
vn 0.963817775 0.266562343 0
vn 0.963817775 0.266562045 0
vn 0.873367071 0.487062424 0
vn 0.873367488 0.487061828 0
vn 0.764321208 0.64483577 0
vn 0.76432085 0.644836128 0
vn 0.623381793 0.781917572 0
vn 0.623381734 0.781917632 0
vn 0.407978952 0.912991405 0
vn 0.407978922 0.912991405 0
vn 0.156100422 0.987741292 0
vn 0.156100422 0.987741292 0
vn 0.0338507369 0.999426961 0
vn 0.0338507481 0.999426961 0
vn 0.225484997 -0.670569122 -0.706748545
vn 0.194905266 -0.679716289 -0.70710516
vn 0.194905326 -0.679716706 -0.707104683
vn 0.228542849 -0.667193472 -0.708957732
vn 0.320738047 -0.630385518 -0.706923783
vn 0.340892494 -0.616032004 -0.710138679
vn 0.456686616 -0.543719292 -0.704135478
vn 0.463242292 -0.533649564 -0.70754844
vn 0.572629213 -0.416946292 -0.705869436
vn 0.572538972 -0.415055037 -0.707056165
vn 0.665557802 -0.23694241 -0.707736611
vn 0.667540491 -0.233584568 -0.706985116
vn 0.706305683 -0.0146520063 -0.707755327
vn 0.706898391 -0.0168211441 -0.707115054
vn 0.684557974 0.179292724 -0.706565261
vn 0.679943502 0.183470786 -0.709940374
vn 0.631077886 0.320601463 -0.706367731
vn 0.612752318 0.344645083 -0.711164057
vn 0.554960907 0.443097889 -0.704047263
vn 0.538847923 0.45663026 -0.707906663
vn 0.451042086 0.545983195 -0.706019402
vn 0.441151172 0.549477637 -0.70954901
vn 0.331871808 0.624568403 -0.706947982
vn 0.287054747 0.63655448 -0.715819776
vn 0.217320815 0.671014845 -0.708879948
vn 0.102252707 0.697156727 -0.709589183
vn 0.130946621 0.694181621 -0.707788706
vn 0.0241699331 0.713606834 -0.70012933
vn -0.96126169 -0.275637329 0
vn -0.96126163 -0.275637567 0
vn -0.96126163 -0.275637567 0
vn -0.96126169 -0.275637358 0
vn -0.679714978 -0.194905102 -0.707106471
vn -0.67971462 -0.194905058 -0.707106829
vn -0.679714918 -0.194905102 -0.707106531
vn -0.67971462 -0.194905058 -0.707106829
vn -0.194904596 0.679711044 -0.707110345
vn -0.19490473 0.679711998 -0.707109392
vn -0.194904536 0.679710746 -0.707110643
vn -0.194904819 0.679712653 -0.707108736
vn -0.36529246 0.930892885 0
vn -0.891563356 0.438390344 -0.113704361
vn -0.411167085 0.911557615 0.00207154406
vn -0.425597399 0.904903293 -0.00411745533
vn -0.525793374 0.850609839 0.00207170006
vn -0.512208104 0.858851492 -0.00411836104
vn -0.572141171 0.694839716 -0.435720265
vn 0.135117516 0.984284043 -0.1137022
vn -0.567476153 0.823389828 0
vn -0.256105363 0.862878859 -0.43571803
vn -0.972143054 -0.03871499 -0.231168628
vn -0.464340419 0.570512533 -0.677424133
vn -0.254113436 0.660633624 -0.70639199
vn -0.298488706 0.641165197 -0.706973553
vn -0.298894286 0.640832424 -0.707103789
vn -0.364636511 0.605992138 -0.706975102
vn -0.364134133 0.606142342 -0.707105219
vn -0.405610234 0.580093861 -0.706379116
vn -0.213363379 0.703998744 -0.677393436
vn 0.575711012 0.78429234 -0.231176078
vn -0.964661419 -0.00257972046 -0.263480008
vn -0.618473232 0.474125773 -0.626654267
vn -0.20328477 0.677176714 -0.707182467
vn -0.83422178 -0.493897349 -0.245233476
vn -0.20299761 0.677339137 -0.707109392
vn -0.186452255 0.682002902 -0.707182944
vn -0.186782658 0.681989849 -0.707108259
vn -0.820887864 -0.507559359 -0.261775553
vn 0.541556001 0.798300683 -0.263501674
vn -0.0472178049 0.777864933 -0.626655221
vn 0.875947654 0.415418088 -0.245241746
vn -0.447728962 0.547203422 -0.707182646
vn -0.448025525 0.547058761 -0.70710665
vn -0.460947871 0.536214948 -0.707107127
vn -0.461144209 0.535946608 -0.707182705
vn -0.880215883 -0.394694626 -0.263507307
vn -0.757847548 0.18158026 -0.626654267
vn 0.879786968 0.396743149 -0.261857957
vn -0.94974333 -0.272332102 -0.154346302
vn -0.44766444 -0.887659252 -0.107970275
vn -0.239728808 -0.732008338 -0.637725472
vn 0.20270738 -0.677359283 -0.707173347
vn 0.202460185 -0.677501738 -0.707107663
vn 0.187325656 -0.681840956 -0.70710814
vn 0.187040016 -0.681852043 -0.707173228
vn 0.591201663 -0.493762344 -0.637714267
vn 0.965138674 0.00470218761 -0.261696666
vn 0.829124153 -0.550722301 -0.0962196961
vn 0.00845966116 -0.907837689 -0.419236362
vn -0.20504491 -0.732660472 -0.648972332
vn -0.527820408 -0.680018485 -0.508901298
vn 0.297867686 -0.641490519 -0.706940353
vn 0.298408389 -0.641060054 -0.707102776
vn 0.388070405 -0.74208504 0.546544671
vn 0.375264317 -0.924089789 0.0723523498
vn 0.556263566 -0.827850163 0.0723530948
vn 0.398211658 -0.736694336 0.546542645
vn 0.365254313 -0.605660915 -0.706939936
vn 0.364595085 -0.60586828 -0.707102478
vn 0.986232102 -0.125256449 -0.107967891
vn 0.722052932 -0.239689291 -0.648990512
vn 0.747900486 -0.514671564 -0.419235051
vn 0.858869553 0.0574092008 -0.508966804
vn 0.740919948 -0.210603073 -0.637717843
vn 0.448203713 -0.546829045 -0.7071715
vn 0.44846049 -0.546699524 -0.707108676
vn 0.460519701 -0.536582291 -0.707107425
vn 0.460691363 -0.536350727 -0.707171381
vn 0.0787194669 -0.766223907 -0.637733638
vn -0.543295324 -0.797670305 -0.261824846
vn -0.0159003362 -0.994975924 -0.0988436937
vn -0.561212361 -0.790506721 -0.245234326
vn -0.872352481 -0.430766582 -0.231173575
vn -0.815542221 0.366882622 -0.447535336
vn -0.656324208 0.332309365 -0.677354455
vn -0.525043368 0.478895605 -0.703554153
vn -0.58274442 0.403703004 -0.705289185
vn -0.596650004 0.382613033 -0.705419004
vn -0.661639214 0.267792314 -0.700371921
vn -0.670786917 0.220547318 -0.708098769
vn -0.725156188 0.157943517 -0.67022562
vn -0.732448876 0.156975314 -0.662478209
vn -0.842546105 0.538481653 -0.0123939319
vn -0.808265448 0.588631928 0.014813859
vn -0.930160522 0.367152244 0.000724168727
vn -0.941069186 0.338202745 -0.00277633267
vn -0.798503697 -0.601988673 -0.00120945461
vn -0.798460066 -0.602047741 1.48774092E-07
vn 0.581564188 -0.81342119 0.0113588395
vn 0.582444847 -0.812870264 -9.21981496E-07
vn 0.923636198 -0.344777048 0.16740638
vn 0.861777902 -0.497685194 -0.0982260182
vn 0.759576559 -0.581805229 0.290768057
vn 0.674772978 -0.716196239 -0.178169787
vn 0.526967525 -0.822108746 0.215505019
vn 0.448390007 -0.893204987 -0.0336339548
vn 0.388459146 -0.920437515 0.0435236804
vn 0.439320207 -0.89245075 0.102612615
vn 0.314149767 -0.945187271 0.0890550986
vn 0.464737296 -0.884253681 0.0459855087
vn 0.277259916 -0.952926993 0.122707307
vn 0.482069582 -0.875723302 0.0267856307
vn 0.129582286 -0.991455495 -0.0149818808
vn 0.479701847 -0.876981437 0.0281011704
vn 0.463568866 -0.885724962 0.0243963599
vn 0.212550387 -0.974566877 0.0710047111
vn 0.48077774 -0.875032425 0.0563120097
vn 0.50819087 -0.860557079 0.0344040915
vn 0.434697807 -0.900265753 0.0236489139
vn 0.397003502 -0.917817116 0
vn 0.0564263426 -0.996694088 0.0584556311
vn -0.0248380862 -0.991927505 0.124349996
vn 0.137350902 -0.979922712 0.14452073
vn 0.138390452 -0.982120335 0.127623409
vn 0.138697863 -0.988440514 0.0612236485
vn 0.139351353 -0.98903954 0.0488065854
vn 0.139078602 -0.989984155 0.0242606383
vn -0.199596763 -0.979769468 -0.0145874685
vn 0.152587235 -0.9879722 0.0250623766
vn -0.0505087189 -0.991942763 0.116183214
vn 0.125588298 -0.991862655 0.0208831709
vn -0.131587908 -0.989919543 0.0523828119
vn 0.116130479 -0.992627084 0.0347166285
vn 0.0650877729 -0.997879505 0
vn 0.16197294 -0.986184299 0.0347160734
vn 0.212486461 -0.97716397 0
vn -0.285453498 -0.955121994 0.0791092142
vn -0.346066564 -0.930092871 0.123147473
vn -0.206084937 -0.967803597 0.144517154
vn -0.205859959 -0.970221519 0.127639458
vn -0.207732663 -0.976267755 0.0612237826
vn -0.207323372 -0.977053702 0.048816964
vn -0.207903564 -0.977848828 0.0242432319
vn -0.509459198 -0.86001265 -0.0288036317
vn -0.194521576 -0.980577826 0.0250687543
vn -0.386437476 -0.91896224 0.0785779729
vn -0.456612319 -0.888798654 0.0392708629
vn -0.221223056 -0.974999845 0.0208742097
vn -0.582553625 -0.783931851 0.214667097
vn -0.723089278 -0.667382181 -0.178165376
vn -0.51405406 -0.853188634 0.0884170532
vn -0.798310101 -0.52740252 0.290770531
vn -0.894395232 -0.436358958 -0.0982244536
vn -0.945436537 -0.279507339 0.167408213
vn -0.974710405 -0.222745135 0.0180101339
vn -0.975323021 -0.220782727 2.64570508E-06
vn -0.540183067 -0.841064334 0.0285135787
vn -0.54338342 -0.837374568 0.0594844855
vn -0.52487123 -0.850672841 0.0294272006
vn -0.185090214 -0.982108176 0.0347163044
vn -0.134538561 -0.990908325 0
vn -0.230371431 -0.972483337 0.0347168744
vn -0.28013289 -0.959961236 0
vn -0.540646613 -0.839363158 0.0563082956
vn -0.566986203 -0.823008835 0.0343967751
vn -0.496439785 -0.867749035 0.0236481167
vn -0.460059613 -0.887888014 0
vn -0 0 -1
vn -0 0 -1
vn -0 0 -1
vn -0 0 -1
vn -0 0 -1
vn -0 0 -1
vn -0 0 -1
vn -0 0 -1
vn 0.679714322 0.194904715 -0.707107127
vn 0.679712117 0.194904134 -0.707109451
vn 0.679712772 0.194904998 -0.707108617
vn 0.679713547 0.194881603 -0.70711422
vn 0.679717541 0.194846869 -0.707119942
vn -0 0 -1
vn -0 0 -1
vn -0 0 -1
vn -0 0 -1
vn -0 0 -1
vn -0 0 -1
vn -0 0 -1
vn -0 0 -1
vn -0 0 -1
vn 1.41049171E-07 0 -1
vn -0 0 -1
vn -0 0 -1
vn -0 0 -1
vn -2.39533961E-07 0 -1
vn 1.8992209E-07 0 -1
vn -0 0 -1
vn -0 0 -1
vn -0 0 -1
vn 2.80376554E-07 0 -1
vn -0 0 -1
vn -0 0 -1
vn -0 0 -1
vn -0 0 -1
vn -0 0 -1
vn -0 0 -1
vn -0 0 -1
vn -0 0 -1
vn -0 0 -1
vn -0 0 -1
vn -0 0 -1
vn -0 0 -1
vn -0 0 -1
vn -0 0 -1
vn -0 0 -1
vn -1.86922975E-07 0 -1
vn -0 0 -1
vn 1.91869944E-07 0 -1
vn -0 0 -1
vn -0 0 -1
vn -0 0 -1
vn -0 0 -1
vn -0 0 -1
vn -0 0 -1
vn -0 0 -1
vn -0 0 -1
vn 0.807865679 -0.296886295 -0.509128213
vn 0.527991772 -0.531330884 -0.662504435
vn 0.430152386 -0.810672581 -0.397213846
vn -0.0213450268 -0.689402461 -0.724063873
vn -0.106069364 -0.711615026 -0.694516718
vn -0.216334358 -0.627504826 -0.747955203
vn -0.354914218 -0.66004312 -0.662101984
vn -0.388043582 -0.511899054 -0.766408265
vn -0.565648854 -0.527762353 -0.633646786
vn -0.519460797 -0.354611605 -0.77743876
vn -0.71488744 -0.328928888 -0.617042661
vn -0.600788653 -0.168422386 -0.781464577
vn -0.783055842 -0.0894532725 -0.615484834
vn -0.629815519 0.0343574062 -0.775984466
vn -0.808318317 0.17752786 -0.561342478
vn -0.583460093 0.243481591 -0.774784505
vn -0.70196569 0.442548454 -0.558027864
vn -0.466581345 0.424960703 -0.775699914
vn -0.510712326 0.655468047 -0.556358218
vn -0.296108633 0.556899488 -0.776004314
vn -0.257820725 0.789931297 -0.556360602
vn -0.0913991407 0.624448001 -0.775700271
vn 0.0256452933 0.829426467 -0.558026791
vn 0.124411449 0.619864285 -0.77478385
vn 0.304828376 0.769398987 -0.561342061
vn 0.326884121 0.543350101 -0.773251295
vn 0.545576632 0.617816925 -0.566258311
vn 0.492895544 0.403081656 -0.771089554
vn 0.718828022 0.394062132 -0.57271409
vn 0.603134453 0.214392513 -0.768286884
vn 0.804316163 0.126338422 -0.580615282
vn 0.63776201 0.00239015766 -0.770229697
vn 0.741484404 -0.11744187 -0.660612047
vn 0.589010715 -0.187781245 -0.786005497
vn 0.66184634 -0.326069862 -0.675009549
vn 0.532368004 -0.373050123 -0.759880126
vn 0.13773495 -0.734999955 -0.663930833
vn 0.419905275 -0.813667059 -0.402026713
vn -0.205726102 -0.835775197 -0.509074211
vn 0.842250347 -0.530578434 0.0953991264
vn 0.708011627 -0.705129027 0.0388939455
vn 0.75173521 -0.659188986 -0.0190835856
vn 0.639425993 -0.756695211 0.136186615
vn 0.617117405 -0.765017629 0.184157595
vn 0.59206742 -0.788608253 0.165991351
vn 0.923816323 -0.382788688 0.00602441514
vn 0.466050118 -0.876512289 -0.120513849
vn 0.964299142 -0.25778693 0.0606043823
vn 0.322705835 -0.931830466 0.165990517
vn 0.999751747 -0.0178605411 0.0133220898
vn 0.999908924 -0.0134988725 0
vn 0.95105654 0.309016913 0
vn 0.95105654 0.309016943 0
vn 0.11592222 -0.991987348 -0.0502310209
vn 0.788010776 0.615661442 0
vn 0.788010776 0.615661383 0
vn 0.529919207 0.848048151 0
vn 0.529919207 0.848048151 0
vn 0.207911655 0.978147566 0
vn 0.20791167 0.978147566 0
vn -0.13917315 0.990268052 0
vn -0.13917312 0.990268052 0
vn -0.469471782 0.882947505 0
vn -0.469471723 0.882947505 0
vn -0.743144751 0.669130683 0
vn -0.74314481 0.669130683 0
vn -0.927183688 0.374606967 0
vn -0.927183747 0.374606848 -2.85331424E-07
vn -0.999022126 0.0436984673 0.00672590965
vn -0.998960018 0.0455941409 -3.66824133E-06
vn -0.971404374 -0.236693442 0.0187053252
vn -0.946089208 -0.323867589 0.00500440551
vn -0.85478121 -0.516702592 0.0486583635
vn -0.776132286 -0.63038981 -0.0150782336
vn -0.648426294 -0.757787645 0.0728092268
vn -0.522445738 -0.852148354 -0.0298929717
vn -0.371745467 -0.924673736 0.0823635757
vn -0.214000002 -0.976340592 -0.0310322009
vn -0.0543962941 -0.995653987 0.0755925179
vn 0.179223642 -0.98319155 0.0348309837
vn 0.269767612 -0.953247786 0.13617675
vn 0.289137185 -0.939406931 0.18415843
vn -0.194905564 0.679714978 -0.707106233
vn -0.194905207 0.679715097 -0.707106352
vn -0.194905072 0.679715097 -0.707106352
vn -0.194905788 0.679714918 -0.707106352
vn 0.684181929 -0.178587958 -0.707107782
vn 0.684182107 -0.178587958 -0.707107544
vn 0.684183478 -0.178588033 -0.707106173
vn 0.684183776 -0.178588033 -0.707105994
vn -0 0 -1
vn -0 0 -1
vn -0 0 -1
vn -0 0 -1
vn -0 0 -1
vn -0 0 -1
vn -0 0 -1
vn -0 0 -1
vn -0 0 -1
vn -0 0 -1
vn -0 0 -1
vn -0 0 -1
vn -0 0 -1
vn -0 0 -1
vn -0 0 -1
vn -0 0 -1
vn -0 0 -1
vn -0 0 -1
vn -0 0 -1
vn -0 0 -1
vn -0 0 -1
vn -0 0 -1
vn -0 0 -1
vn -0 0 -1
vn -0 0 -1
vn -0 0 -1
vn -0 0 -1
vn -0 0 -1
vn -0 0 -1
vn -0 0 -1
vn -0 0 -1
vn -0 0 -1
vn -0 0 -1
vn -0 0 -1
vn -0 0 -1
vn -0 0 -1
vn -0 0 -1
vn -0 0 -1
vn -0 0 -1
vn -0 0 -1
vn -0 0 -1
vn -0 0 -1
vn -0 0 -1
vn -0 0 -1
vn -0 0 -1
vn -0 0 -1
vn -0 0 -1
vn -0 0 -1
vn -0 0 -1
vn -0 0 -1
vn -0 0 -1
vn -0 0 -1
vn -0 0 -1
vn -0 0 -1
vn -0 0 -1
vn -0 0 -1
vn -0 0 -1
vn -0 0 -1
vn -0 0 -1
vn -0 0 -1
vn -0 0 -1
vn -0 0 -1
vn -0 0 -1
vn -0 0 -1
vn -0 0 -1
vn -0 0 -1
vn -0 0 -1
vn -0 0 -1
vn -0 0 -1
vn -0 0 -1
vn -0 0 -1
vn -0 0 -1
vn -0 0 -1
vn -0 0 -1
vn -0 0 -1
vn -0 0 -1
vn -0 0 -1
vn -0 0 -1
vn -0 0 -1
vn -0 0 -1
vn -0 0 -1
vn -0 0 -1
vn -0 0 -1
vn -0 0 -1
vn -0 0 -1
vn -0 0 -1
vn -0 0 -1
vn -2.46524309E-07 0 -1
vn -0 0 -1
vn -3.16337548E-07 0 -1
vn -0 0 -1
vn -0 0 -1
vn -0 0 -1
vn -0 0 -1
vn -0 0 -1
vn 0.967580914 -0.25256145 0
vn 0.967580914 -0.252561331 0
vn 0.967580914 -0.252561361 0
vn 0.967580914 -0.25256145 0
vn 0.275637448 -0.96126169 0
vn 0.275637209 -0.96126169 0
vn 0.275637209 -0.96126169 0
vn 0.275637478 -0.96126169 0
vn 0.164362684 -0.986400008 0
vn 0.164362669 -0.986400008 0
vn 0.0497282147 -0.998762727 0
vn 0.0497282408 -0.998762727 0
vn -0.172389537 -0.985028863 0
vn -0.172390267 -0.985028744 0
vn -0.402462423 -0.915436506 0
vn -0.402464032 -0.915435791 0
vn -0.650383711 -0.759605825 0
vn -0.650384665 -0.75960499 0
vn -0.850645363 -0.525739849 0
vn -0.8506459 -0.525739074 0
vn -0.963882864 -0.266326487 0
vn -0.963882625 -0.266327292 0
vn -0.999684215 0.0251298808 0
vn -0.999684215 0.0251287408 0
vn -0.943587303 0.331123888 0
vn -0.943586349 0.33112672 0
vn -0.813605189 0.581417799 0
vn -0.813603282 0.581420362 0
vn -0.644128084 0.764917612 0
vn -0.644127131 0.764918447 0
vn -0.457047403 0.889442325 0
vn -0.457047939 0.889442027 0
vn -0.361650139 0.932313919 0
vn -0.361649066 0.932314336 0
vn 0.147201747 -0.883411229 -0.444877774
vn 0.145339951 -0.883254588 -0.445799977
vn 0.0447440073 -0.893351555 -0.447125256
vn 0.0376431234 -0.89278388 -0.44890967
vn -0.154087543 -0.881566346 -0.446203828
vn -0.163383842 -0.87905997 -0.447838634
vn -0.359776318 -0.819326639 -0.446390837
vn -0.361822456 -0.818013489 -0.447144747
vn -0.579645813 -0.680907011 -0.44763428
vn -0.581726789 -0.679528356 -0.447029531
vn -0.760058403 -0.471262366 -0.447462857
vn -0.761188507 -0.46962285 -0.447265565
vn -0.862183988 -0.238891751 -0.446731865
vn -0.862045169 -0.238514781 -0.447201043
vn -0.89409554 0.0220632926 -0.447332501
vn -0.89425528 0.0211606026 -0.44705683
vn -0.843788326 0.296916842 -0.447058707
vn -0.843722522 0.29673937 -0.447300911
vn -0.729156375 0.518275499 -0.446902186
vn -0.728161454 0.519905746 -0.446630657
vn -0.583008945 0.677856982 -0.447895646
vn -0.576360226 0.684732258 -0.446038872
vn -0.415216118 0.791460693 -0.448537022
vn -0.408202469 0.796140671 -0.446688622
vn -0.326158941 0.833101809 -0.446723372
vn -0.323734969 0.834573746 -0.445737988
vn 0.246538192 -0.859778583 -0.447213233
vn 0.24653773 -0.859779119 -0.447212517
vn 0.246538386 -0.859778345 -0.44721362
vn 0.246537566 -0.859779239 -0.447212219
vn -0.275635958 0.961262167 0
vn -0.275635988 0.961262167 0
vn -0.275636077 0.961262047 0
vn -0.275636077 0.961262047 0
vn -0.246536002 0.859777033 -0.447217494
vn -0.246537089 0.859779656 -0.447211742
vn -0.246537581 0.859780908 -0.447209209
vn -0.246535599 0.85977608 -0.447219461
vn 0.961261511 0.275637984 0
vn 0.961261511 0.275637895 0
vn 0.96126169 0.275637209 0
vn 0.961261809 0.27563712 0
vn 0.859779119 0.246538982 -0.447211862
vn 0.859779835 0.246538579 -0.447210789
vn 0.859779477 0.246538654 -0.447211117
vn 0.859778702 0.24653922 -0.447212577
vn -0.275638193 0.961261511 0
vn -0.275638163 0.961261511 0
vn -0.275638103 0.961261511 0
vn -0.275638103 0.961261511 0
vn 0.961261928 0.275636494 0
vn 0.961261928 0.275636494 0
vn 0.961261928 0.275636584 0
vn 0.961261928 0.275636584 0
vn -0.194905221 0.679713488 -0.707107782
vn -0.194904387 0.679715574 -0.707105994
vn -0.194903761 0.679717124 -0.707104802
vn -0.19490166 0.67972213 -0.70710063
vn -0.683215261 0.18224974 -0.70710808
vn -0.683216929 0.18225047 -0.707106352
vn -0.683215499 0.182249829 -0.707107782
vn -0.683217227 0.182250589 -0.707106054
vn -0.96621412 0.257740855 0
vn -0.96621412 0.257740587 0
vn -0.96621412 0.257740617 0
vn -0.96621412 0.257740915 0
vn 0.679714561 0.194905207 -0.707106829
vn 0.679713309 0.194904149 -0.707108319
vn 0.679714859 0.194905415 -0.707106531
vn 0.67971307 0.194903925 -0.707108617
vn -0.275637865 0.96126163 0
vn -0.275637835 0.96126163 0
vn -0.275637507 0.96126163 0
vn -0.275637507 0.96126163 0
vn -0.275638223 0.961261392 0
vn -0.275638133 0.961261511 0
vn -0.275638163 0.961261511 0
vn -0.275638223 0.961261392 0
vn -0.679714799 -0.194905564 -0.707106531
vn -0.679710627 -0.194905549 -0.707110524
vn -0.679713368 -0.194905654 -0.707107842
vn -0.679717839 -0.194902703 -0.707104325
vn -0.679719746 -0.194898218 -0.707103729
vn -0 0 -1
vn -0 0 -1
vn -0 0 -1
vn -0 0 -1
vn -0 0 -1
vn -0 0 -1
vn -0 0 -1
vn -0 0 -1
vn -0 0 -1
vn -0 0 -1
vn -0 0 -1
vn -0 0 -1
vn -0 0 -1
vn -0 0 -1
vn -0 0 -1
vn -0 0 -1
vn -0 0 -1
vn -0 0 -1
vn 0.541677058 0.454521775 -0.707103789
vn 0.54172349 0.454524219 -0.707066715
vn 0.54169482 0.454522967 -0.707089424
vn 0.541676879 0.454521567 -0.707104087
vn 0.54167819 0.45452109 -0.707103372
vn -0.454516202 0.541672051 -0.707111239
vn -0.454521328 0.541678429 -0.707103074
vn -0.454521716 0.541678846 -0.707102478
vn -0.454515398 0.541671097 -0.707112551
vn 0.541672885 0.454518348 -0.707109272
vn 0.54167366 0.45451951 -0.707107961
vn 0.541672647 0.454517901 -0.707109749
vn 0.541674256 0.454520583 -0.70710665
vn 0.766043186 0.642789006 0
vn 0.766043186 0.642789185 0
vn 0.766043186 0.642789185 0
vn 0.766043186 0.642789006 0
vn -0.642787635 0.766044438 0
vn -0.642787635 0.766044438 0
vn -0.64278698 0.766045034 0
vn -0.64278698 0.766045034 0
vn -0.76604408 -0.642787993 0
vn -0.76604408 -0.642787993 0
vn -0.76604408 -0.642787933 0
vn -0.76604414 -0.642787933 0
vn -0 0 -1
vn -0 0 -1
vn -0 0 -1
vn -0 0 -1
vn -0 0 -1
vn -0 0 -1
vn 0.766044796 0.642787158 0
vn 0.766044796 0.642787158 0
vn 0.766044438 0.642787635 0
vn 0.766044378 0.642787695 0
vn 0.642787755 -0.766044319 0
vn 0.642787814 -0.766044319 0
vn 0.642787278 -0.766044796 0
vn 0.642787278 -0.766044796 0
vn 0.541673183 0.454517663 -0.707109451
vn 0.541675746 0.454519212 -0.707106531
vn 0.541675925 0.454519302 -0.707106233
vn 0.541673005 0.454517573 -0.70710969
vn 0.454518378 -0.541673005 -0.707109094
vn 0.454519629 -0.541674256 -0.707107365
vn 0.454518795 -0.541673481 -0.707108498
vn 0.454519808 -0.541674495 -0.707107127
vn 0.642787576 -0.766044497 0
vn 0.642788291 -0.766043842 0
vn 0.642788231 -0.766043901 0
vn 0.642787457 -0.766044497 0
vn -0.541674793 -0.454518855 -0.707107425
vn -0.54167825 -0.454523027 -0.70710218
vn -0.541677892 -0.45452252 -0.707102776
vn -0.541674554 -0.454518676 -0.707107782
vn 0.981179059 -0.193099812 -3.56138571E-07
vn 0.981179178 -0.19309932 -6.8669118E-07
vn 0.981178939 -0.193100393 0
vn 0.981179416 -0.193098471 -1.23557459E-06
vn 0.308660805 -0.95028311 -0.0411152579
vn 0.308723956 -0.949960887 -0.0475799851
vn 0.30860132 -0.949961782 -0.0483505763
vn 0.308867872 -0.950271785 -0.0398007035
vn 0.3087475 -0.950659275 -0.0303625744
vn 0.309017301 -0.950626969 -0.0285776611
vn 0.308868349 -0.950909913 -0.0192530192
vn 0.309243292 -0.950864553 -0.0150058065
vn 0.308988482 -0.951020122 -0.00931361597
vn 0.305634767 -0.952148497 0.000807589153
vn 0.312461555 -0.949927807 0.00224449788
vn 0.295972496 -0.955171645 0.0068801688
vn 0.276146114 -0.961115658 0
vn 0.321988523 -0.946718574 0.00687997323
vn 0.341525406 -0.939872444 0
vn 0.657489955 -0.751016855 -0.0606680922
vn 0.658703387 -0.752402782 0
vn 0.658703387 -0.752402782 0
vn 0.657228708 -0.750845671 -0.0654299781
vn 0.616444945 -0.748281002 -0.245094106
vn 0.616111457 -0.748458266 -0.245391354
vn 0.496741772 -0.737542152 -0.457470387
vn 0.496091306 -0.737805963 -0.457750827
vn 0.318212956 -0.724042356 -0.61196661
vn 0.317569256 -0.72428143 -0.612018108
vn 0.104328088 -0.711853027 -0.694536448
vn 0.104036711 -0.71195966 -0.694470882
vn -0.122008279 -0.703711748 -0.699931145
vn -0.121877186 -0.703620136 -0.700046241
vn -0.339127839 -0.700464964 -0.627965868
vn -0.33881402 -0.700195193 -0.628436029
vn -0.524427176 -0.701115906 -0.483127922
vn -0.524236321 -0.700787783 -0.483810604
vn -0.64440608 -0.702869773 -0.301189125
vn -0.643159688 -0.702532947 -0.30461967
vn -0.695528686 -0.704279721 -0.142232239
vn -0.695517361 -0.704229534 -0.142535463
vn -0.709080279 -0.704175651 -0.0366316289
vn -0.709150732 -0.70418483 -0.0350561924
vn -0.709586561 -0.704618275 0
vn -0.709586561 -0.704618275 0
vn -0.90778482 -0.419436246 0
vn -0.907226264 -0.41917935 -0.0350589268
vn -0.90778482 -0.419436157 0
vn -0.907158196 -0.419192255 -0.0366302878
vn -0.89445895 -0.423923016 -0.142240793
vn -0.894432604 -0.423878461 -0.142538995
vn -0.844653249 -0.440186918 -0.304625034
vn -0.8459391 -0.440076441 -0.30119732
vn -0.732307792 -0.479224086 -0.483807325
vn -0.73259455 -0.479465753 -0.483133495
vn -0.557856083 -0.542082727 -0.628444791
vn -0.558242798 -0.542229354 -0.627974749
vn -0.355178356 -0.619503021 -0.700045884
vn -0.355335355 -0.619546831 -0.699927568
vn -0.145741418 -0.70460695 -0.694469929
vn -0.145432025 -0.704604685 -0.694537103
vn 0.0506977923 -0.789217949 -0.612016857
vn 0.0513854362 -0.789213061 -0.611965835
vn 0.213829875 -0.862985313 -0.457747906
vn 0.214531958 -0.862961233 -0.457464635
vn 0.322962284 -0.914045036 -0.245391533
vn 0.323337942 -0.913992763 -0.245091408
vn 0.360789597 -0.93034941 -0.0654280409
vn 0.360978812 -0.930598855 -0.0606646687
vn 0.361645281 -0.932315767 0
vn 0.361645371 -0.932315767 0
vn 0.678981125 -0.253993243 -0.688819349
vn 0.688126922 -0.250527114 -0.680968046
vn 0.678465843 -0.254186153 -0.689255774
vn 0.688759625 -0.250284374 -0.680417538
vn -0.695050597 -0.206007004 -0.688814759
vn -0.694550931 -0.206234992 -0.689250469
vn -0.704201519 -0.201559901 -0.680789053
vn -0.710181773 -0.0931908563 -0.697823226
vn -0.710065126 -0.0996869728 -0.697043717
vn -0.707499802 -0.0347829163 -0.705856979
vn -0.707457244 -0.0396512374 -0.705642879
vn -0.672498226 -0.218509287 -0.70710659
vn -0.672499657 -0.218509048 -0.707105339
vn -0.557208538 -0.435337543 -0.70710659
vn -0.557208717 -0.435337424 -0.707106531
vn -0.374709904 -0.599661767 -0.707105458
vn -0.374711365 -0.599662423 -0.707104146
vn -0.147017226 -0.691657662 -0.70710361
vn -0.14701806 -0.691657603 -0.70710355
vn 0.0984092131 -0.700227916 -0.707104206
vn 0.098408632 -0.700228214 -0.707104087
vn 0.331962705 -0.624340415 -0.70710659
vn 0.331964999 -0.624340296 -0.707105637
vn 0.525484324 -0.473147631 -0.707105041
vn 0.525486708 -0.473146737 -0.707103789
vn 0.655617595 -0.264888436 -0.707106531
vn 0.655620039 -0.264886826 -0.707104802
vn 0.702971101 -0.0889053345 -0.70563978
vn 0.702183068 -0.0845088661 -0.706963301
vn 0.69909656 -0.0283400975 -0.714465499
vn 0.697027922 -0.0293313507 -0.716443896
vn 0.0547715724 -0.311765522 -0.948579133
vn 0.0656821132 -0.31001699 -0.948459446
vn 0.062458571 -0.310041547 -0.948669136
vn 0.0527462214 -0.311827987 -0.948673368
vn 0.0352480561 -0.314287245 -0.948673368
vn 0.033283446 -0.31478554 -0.948579073
vn 0.0254196189 -0.315247178 -0.948669136
vn 0.0223144833 -0.316112101 -0.948459387
vn 0.647232771 -0.26573655 -0.714474559
vn 0.630929589 -0.319572449 -0.706966341
vn 0.644947231 -0.265960962 -0.716455102
vn 0.63016963 -0.323973805 -0.70563966
vn 0.525487006 -0.473147988 -0.707102776
vn 0.525485694 -0.473147869 -0.707103789
vn 0.331965655 -0.624338508 -0.707106888
vn 0.331964433 -0.624337852 -0.70710808
vn 0.0984115154 -0.700225174 -0.70710665
vn 0.0984098837 -0.700224638 -0.707107425
vn -0.147016749 -0.69165206 -0.707109213
vn -0.14701876 -0.691651583 -0.707109272
vn -0.3747105 -0.599661291 -0.707105577
vn -0.374708921 -0.599661171 -0.707106531
vn -0.557208359 -0.435336679 -0.707107365
vn -0.557205677 -0.43533662 -0.707109511
vn -0.672499895 -0.218509227 -0.707104981
vn -0.672497511 -0.218510687 -0.707106888
vn -0.706676781 0.0246773288 -0.707105935
vn -0.706675053 0.0246777236 -0.707107663
vn -0.6783548 0.204703823 -0.705642343
vn -0.675844967 0.208396956 -0.706968427
vn -0.650175929 0.258448631 -0.714475811
vn -0.648687959 0.256699622 -0.716455936
vn -0 0 -1
vn -0 0 -1
vn -0 0 -1
vn -0 0 -1
vn -0 0 -1
vn -0 0 -1
vn -0 0 -1
vn -0 0 -1
vn -0 0 -1
vn -0 0 -1
vn -0 0 -1
vn -0 0 -1
vn -0 0 -1
vn -0 0 -1
vn -0.106815219 -0.297745705 -0.948650599
vn -0.104171664 -0.298298001 -0.948771119
vn -0.111375503 -0.295728147 -0.948757231
vn -0.112862982 -0.295386285 -0.94868803
vn -0.125312686 -0.290097177 -0.948757231
vn -0.124004997 -0.290884256 -0.948688149
vn -0.129995674 -0.28837961 -0.948650837
vn -0.132280335 -0.286941379 -0.948771119
vn -0.277523696 -0.762380183 -0.584599912
vn -0.274691224 -0.76310128 -0.584996819
vn -0.289407283 -0.7576949 -0.584928751
vn -0.29100284 -0.757247329 -0.584716797
vn -0.316695333 -0.746866822 -0.584717095
vn -0.31815666 -0.74607873 -0.584929705
vn -0.329959273 -0.741194487 -0.584600329
vn -0.332498342 -0.739744306 -0.584998488
vn -0.361879557 -0.932199538 0.00688046729
vn -0.371307611 -0.928509593 0.000806101831
vn -0.342516452 -0.939511836 0
vn -0.3779625 -0.925818205 0.00224449206
vn -0.387242317 -0.921952307 0.00688081235
vn -0.406254113 -0.913760066 0
vn -0.374574959 -0.927149951 -0.00930937659
vn -0.37481901 -0.926976502 -0.0150065152
vn -0.374448806 -0.927047789 -0.019251138
vn -0.374578387 -0.926755011 -0.028570395
vn -0.374310821 -0.926805377 -0.0303835478
vn -0.374404669 -0.926411688 -0.0397793092
vn -0.374195874 -0.926435828 -0.0411599986
vn -0.37423712 -0.926112115 -0.0475705191
vn -0.374117404 -0.926121354 -0.0483267382
vn -0.992259443 -0.124181941 6.10271456E-07
vn -0.992259204 -0.124183498 1.87339822E-06
vn -0.992259324 -0.124182761 1.26539055E-06
vn -0.992259085 -0.12418472 2.88306478E-06
vn -0.909516394 -0.0427788869 -0.413460791
vn -0.909517169 -0.0427771807 -0.413459301
vn -0.909516394 -0.0427780561 -0.41346091
vn -0.909517884 -0.0427763201 -0.413457841
vn -0.909518957 -0.0427754447 -0.413455635
vn -0.0246775933 -0.706676543 -0.707106233
vn -0.0246775523 -0.706676781 -0.707105994
vn -0.0246775635 -0.706676722 -0.707106054
vn -0.0246775933 -0.706676483 -0.707106233
vn -0.805320501 0.592839777 0
vn -0.805320621 0.59283936 0
vn -0.805320501 0.592839718 1.92499897E-07
vn -0.805320442 0.592839837 -2.10799442E-07
vn -0.805320799 0.592839241 -8.72272608E-07
vn -0.805321038 0.592838943 -1.08418658E-06
vn -0.527332246 -0.462202102 -0.712944508
vn -0.486715406 -0.47613582 -0.732395232
vn -0.569575846 -0.400896788 -0.717541039
vn -0.619203687 -0.344932973 -0.705413461
vn -0.669660807 -0.198191822 -0.715733469
vn -0.688714504 -0.162294418 -0.70663482
vn -0.700014889 0.0244451016 -0.713709652
vn -0.706676662 0.0246777944 -0.707106113
vn -0.675716043 0.209941298 -0.7066347
vn -0.654204607 0.244422391 -0.715733171
vn -0.593634307 0.387286365 -0.705413103
vn -0.540223241 0.439651936 -0.717540979
vn -0.493806154 0.49786067 -0.712944686
vn -0.452316046 0.508927166 -0.732395589
vn -0.663797796 0.305445462 -0.682697356
vn -0.641431808 0.332075536 -0.691585839
vn -0.569446921 0.419202507 -0.707106352
vn -0.701804221 0.244242594 -0.669190943
vn -0.702011526 0.239109904 -0.670825064
vn -0.180005252 -0.260337144 -0.948589861
vn -0.173508674 -0.264282852 -0.948709309
vn -0.180598035 -0.259711593 -0.948648691
vn -0.172028378 -0.265600473 -0.948610902
vn -0.158964932 -0.273115516 -0.948756099
vn -0.155852899 -0.275522679 -0.948576391
vn -0.150880471 -0.277774513 -0.948723555
vn -0.147603914 -0.280273467 -0.94850409
vn -0.46054402 -0.668178856 -0.584325433
vn -0.440971375 -0.680837572 -0.584811449
vn -0.461194932 -0.667544961 -0.584536672
vn -0.439284295 -0.682263017 -0.584419727
vn -0.399333537 -0.705903232 -0.585007131
vn -0.395798385 -0.708519638 -0.584246278
vn -0.377057314 -0.718212843 -0.584806144
vn -0.373499364 -0.720831692 -0.583866358
vn 0.551155627 -0.47089988 -0.688825607
vn 0.56093061 -0.470770389 -0.680978715
vn 0.550605655 -0.470904976 -0.689261854
vn 0.561607897 -0.470758587 -0.680428445
vn 0.414512038 -0.804065645 -0.426213771
vn 0.414512038 -0.804065645 -0.426213771
vn 0.414512038 -0.804065645 -0.426213771
vn 0.414512038 -0.804065645 -0.426213771
vn -0.723200619 0.0437548421 -0.689250588
vn -0.730525613 0.0510119349 -0.680977345
vn -0.723592222 0.0441398807 -0.688814938
vn -0.731004 0.0514900498 -0.68042767
vn -0.0235247239 -0.315449089 -0.948650837
vn -0.0185363926 -0.315462232 -0.948757052
vn -0.0261628684 -0.314879388 -0.948771
vn -0.0170395598 -0.315754026 -0.94868803
vn -0.00502905948 -0.316173494 -0.94868803
vn -0.00351350312 -0.315986961 -0.948757052
vn 0.00146217411 -0.316321611 -0.948650837
vn 0.00413510948 -0.315937608 -0.948771
vn -0 0 -1
vn -0 0 -1
vn -0 0 -1
vn -0 0 -1
vn -0 0 -1
vn -0 0 -1
vn -0 0 -1
vn -0 0 -1
vn -0 0 -1
vn -0 0 -1
vn -0 0 -1
vn -0 0 -1
vn -0 0 -1
vn -0 0 -1
vn -0.056557592 -0.809347332 -0.584600866
vn -0.0437952019 -0.809900939 -0.584929526
vn -0.0594382733 -0.808853567 -0.584998369
vn -0.0421541482 -0.810140491 -0.584718168
vn -0.0128065385 -0.810982943 -0.584929585
vn -0.0144597478 -0.811107755 -0.58471787
vn -3.63147046E-05 -0.811321437 -0.584600329
vn 0.00287149474 -0.811029375 -0.584998488
vn -0.021225011 -0.999751031 0.00688100513
vn -0.0313470438 -0.999508262 0.000811068283
vn -0.000526221702 -0.999999881 0
vn -0.0385210179 -0.99925524 0.00225452706
vn -0.0485646278 -0.998796344 0.00688078487
vn -0.069229804 -0.997600734 0
vn -0.0348823592 -0.999348104 -0.00930290017
vn -0.0351711735 -0.999268591 -0.0150085287
vn -0.0347977206 -0.999208987 -0.0192539487
vn -0.035018824 -0.99897778 -0.0285863988
vn -0.0347489491 -0.998934686 -0.0303653348
vn -0.0349715799 -0.998595774 -0.0397926867
vn -0.0347677507 -0.998548567 -0.0411327705
vn -0.0349177644 -0.998257577 -0.047567185
vn -0.0347966403 -0.998221695 -0.0483994223
vn 0.937364936 0.303921014 -0.170232132
vn 0.9376477 0.303382009 -0.169635117
vn 0.937357485 0.303935289 -0.170248002
vn 0.937074423 0.304473042 -0.17084378
vn 0.827230334 0.270074219 -0.492696434
vn 0.828409612 0.268853575 -0.491381139
vn 0.736412227 0.240077451 -0.632502794
vn 0.735271156 0.238038108 -0.6345976
vn 0.490654498 0.160291702 -0.856483996
vn 0.488836199 0.158315361 -0.857890069
vn 0.18674852 0.0612062439 -0.980499327
vn 0.185452089 0.0603388697 -0.98079896
vn -0.140267774 -0.0449545234 -0.989092588
vn -0.139861256 -0.0454456545 -0.989127696
vn -0.448096454 -0.146288872 -0.881934822
vn -0.44994247 -0.14510031 -0.881191015
vn -0.704360962 -0.229948074 -0.671564996
vn -0.706113994 -0.228335693 -0.670273006
vn -0.864755094 -0.281651795 -0.415777504
vn -0.865323603 -0.280100435 -0.415642649
vn -0.932801485 -0.303718984 -0.194000334
vn -0.93289119 -0.302838713 -0.194942966
vn -0.946390867 -0.30803442 -0.0972583219
vn -0.946463704 -0.307529837 -0.098142013
vn -0.951056004 -0.309018373 0
vn -0.951056004 -0.309018344 -2.32170237E-06
vn -0.951056004 -0.309018344 0
vn -0.951056004 -0.309018373 -2.09272025E-06
vn -0.951056361 -0.309017569 1.85197882E-06
vn -0.95105648 -0.309017271 0
vn -0.65032959 -0.430561304 -0.625850141
vn -0.951056004 -0.309018344 1.46218224E-06
vn -0.654919982 -0.430119455 -0.621350944
vn 0.104772069 -0.298131824 -0.948757172
vn 0.103412077 -0.29882592 -0.94868803
vn 0.0919836313 -0.302539498 -0.948687911
vn 0.09047506 -0.30277732 -0.948757172
vn 0.0857848674 -0.304471314 -0.948650718
vn 0.0831087828 -0.304837942 -0.948771179
vn -0.951056004 -0.309018463 1.11939107E-06
vn -0.920505106 -0.390730441 1.83946369E-07
vn -0.920505524 -0.390729755 0
vn -0.788012803 -0.615658939 0
vn -0.788011372 -0.615660727 0
vn -0.529918134 -0.848048806 0
vn -0.529916465 -0.848049819 0
vn -0.207910866 -0.978147745 0
vn -0.207910195 -0.978147864 0
vn 0.139170632 -0.990268469 0
vn 0.139170378 -0.990268469 0
vn 0.469472319 -0.882947147 0
vn 0.469471633 -0.882947505 0
vn 0.743144631 -0.669130743 0
vn 0.743143976 -0.669131458 0
vn 0.927183449 -0.374607384 0
vn 0.927183032 -0.374608487 0
vn 0.999390841 -0.0349004231 0
vn 0.999390841 -0.0349009633 0
vn 0.97437036 0.224949613 0
vn 0.974370301 0.224950209 1.72449759E-07
vn 0.951055944 0.309018999 5.08969663E-07
vn 0.951055706 0.309019506 8.29308533E-07
vn 0.951056004 0.309018493 3.44753084E-06
vn 0.951056004 0.309018552 3.58689931E-06
vn 0.951056242 0.309017897 8.65077709E-07
vn 0.951056242 0.309017837 7.73897568E-07
vn 0.95105654 0.309016854 0
vn 0.95105654 0.309016764 0
vn 0.223666981 -0.779882252 -0.584599555
vn 0.235849306 -0.776036084 -0.584929943
vn 0.220789433 -0.780402839 -0.584998667
vn 0.237471908 -0.775702 -0.584716678
vn 0.263826668 -0.767138362 -0.584717155
vn 0.265338719 -0.766454518 -0.584929764
vn 0.277453601 -0.762405455 -0.58460021
vn 0.280084133 -0.761137664 -0.584997714
vn -0 0 -1
vn -0 0 -1
vn -0 0 -1
vn -0 0 -1
vn -0 0 -1
vn -0 0 -1
vn -1.36550864E-06 0 -1
vn -1.68113402E-07 0 -1
vn -1.72866476E-06 0 -1
vn -0 0 -1
vn -0 0 -1
vn -0 0 -1
vn -0 0 -1
vn -0 0 -1
vn 0.597301841 0.378458381 -0.70710659
vn 0.663033605 0.286524177 -0.691585422
vn 0.683487833 0.258396775 -0.682697237
vn 0.717132151 0.194696352 -0.669189751
vn 0.716980696 0.18956466 -0.670823336
vn 0.493806154 -0.49786067 -0.712944686
vn 0.540223241 -0.439651936 -0.717540979
vn 0.452316046 -0.508927166 -0.732395589
vn 0.593634307 -0.387286365 -0.705413103
vn 0.654204607 -0.244422391 -0.715733171
vn 0.675716043 -0.209941298 -0.7066347
vn 0.700014889 -0.0244451016 -0.713709652
vn 0.706676662 -0.0246777944 -0.707106113
vn 0.688714504 0.162294418 -0.70663482
vn 0.669660807 0.198191822 -0.715733469
vn 0.619203687 0.344932973 -0.705413461
vn 0.569575846 0.400896788 -0.717541039
vn 0.527332246 0.462202102 -0.712944508
vn 0.486715406 0.47613582 -0.732395232
vn -0 0 -1
vn -0 0 -1
vn -0 0 -1
vn -0 0 -1
vn -0 0 -1
vn -0 0 -1
vn -0 0 -1
vn -0 0 -1
vn -0 0 -1
vn -0 0 -1
vn -0 0 -1
vn -0 0 -1
vn 1.58997977E-07 0 -1
vn 0.870357275 0.492420882 0
vn 0.794681787 0.60702616 0
vn 0.794681787 0.60702616 0
vn 0.870357275 0.492420763 0
vn 0.971342504 0.23768419 0
vn 0.971342504 0.237684175 0
vn 0.999390841 -0.0348996483 0
vn 0.999390841 -0.0348995179 0
vn 0.952396214 -0.304862916 0
vn 0.952396214 -0.304862857 0
vn 0.833887637 -0.551934242 0
vn 0.833887577 -0.551934302 0
vn 0.750402629 -0.660981059 0
vn 0.750402451 -0.660981119 0
vn 0.663797557 -0.305443496 -0.682698369
vn 0.641431689 -0.332072973 -0.69158715
vn 0.569447398 -0.419199556 -0.707107663
vn 0.701803446 -0.244240478 -0.669192433
vn 0.702010572 -0.239107296 -0.670826972
vn -0.669124842 -0.743139267 -0.00399020128
vn -0.633454442 -0.77374512 0.00734507386
vn -0.785647929 -0.618667126 0.0028743078
vn -0.716011524 -0.698088169 -0.000598350773
vn -0.617486417 -0.786581516 0
vn -0.876553178 -0.481290191 -0.00375623186
vn -0.951268494 -0.308290124 0.00674436474
vn -0.973124743 -0.230272517 -0.00169331557
vn -0.999375641 0.0348990224 0.00551786507
vn -0.999390841 0.0348990336 0
vn -0.954691291 0.297593087 -0.00169335026
vn -0.927445769 0.373896867 0.0067442921
vn -0.840845108 0.541262865 -0.00375629542
vn -0.740577698 0.671964526 0.00287412619
vn -0.665571213 0.746334076 -0.000598380691
vn -0.548854828 0.835890889 0.00669848174
vn -0.561112225 0.827739716 0
vn -0.482219875 0.875972629 0.0116591351
vn -0.35232842 0.935873866 0.00221570837
vn -0.297156543 0.954788089 0.00880918838
vn -0.136910528 0.990029633 0.0331202559
vn -0.040410921 0.998999536 0.0191539004
vn 0.205638126 0.978067458 0.0331208371
vn 0.109999344 0.993747115 0.0191547144
vn 0.363035023 0.931733906 0.00880951621
vn 0.537592292 0.842978239 0.0195504203
vn 0.416752398 0.909017384 0.00221594749
vn 0.560446143 0.828183353 0.00352388038
vn 0.648613095 0.761117518 -0.00109883677
vn 0.788301885 0.615200102 0.010444981
vn 0.850167871 0.526483357 -0.00547223026
vn 0.951428056 0.30777365 0.00775410887
vn 0.966772735 0.255629122 -0.00207731756
vn 0.999374211 -0.0348988473 0.00577102089
vn 0.999390841 -0.0348992757 0
vn 0.946586072 -0.322444707 -0.00207736227
vn 0.927641153 -0.373392373 0.00775406184
vn 0.811371088 -0.584505856 -0.00547223585
vn 0.743467033 -0.668690979 0.0104448553
vn 0.593939602 -0.804508924 -0.00109882117
vn 0.477479517 -0.87842536 0.0195501372
vn 0.608925581 0.793217301 0.00399302179
vn 0.63547343 0.772122741 0
vn 0.561846197 0.827231348 0.00414018054
vn 0.533481538 0.845811784 0
vn 0.501308978 -0.865261197 0.00352399098
vn 0.552110553 -0.833761275 0.00399308233
vn 0.580066741 -0.814568877 0
vn 0.502770901 -0.864409745 0.00414020428
vn 0.47317794 -0.880966902 0
vn 0.352328449 -0.935873747 0.00221569231
vn 0.297156543 -0.954788089 0.00880918931
vn 0.136910468 -0.990029633 0.0331202857
vn 0.040410731 -0.998999536 0.0191532932
vn -0.109999157 -0.993747115 0.0191542003
vn -0.205638021 -0.978067458 0.0331209302
vn -0.363034993 -0.931733906 0.00880962517
vn -0.397199839 -0.917322397 0.0274176709
vn -0.416752398 -0.909017384 0.00221592304
vn -0.415930748 -0.909392953 0.00246706116
vn -0.71837306 0.528833628 0.451968044
vn -0.718372703 0.528833449 0.451968849
vn -0.718372643 0.528833508 0.451969057
vn -0.718373418 0.528833807 0.451967388
vn -0.438370913 0.898794115 0
vn -0.438370943 0.898794115 0
vn -0.438370883 0.898794174 0
vn -0.438370943 0.898794115 0
vn 0.519688606 0.854355752 6.15635713E-07
vn 0.514421165 0.857537627 0
vn 0.517077744 0.855938375 2.54216939E-05
vn 0.522346377 0.852733433 0.000101038262
vn 0.524849713 0.851194859 0.000148104271
vn 0.519688547 0.854355812 0
vn -8.38012875E-06 0 1
vn -9.73457759E-07 0 1
vn -0 0 1
vn -6.19999719E-06 0 1
vn -0 0 1
vn -0 0 1
vn -0 0 1
vn -0 0 1
vn 2.18214041E-07 0 1
vn -0 0 1
vn 3.65154222E-07 0 1
vn -2.77036946E-07 0 1
vn 1.79806818E-07 0 1
vn -1.89744867E-07 0 1
vn -0 0 1
vn -0 0 1
vn -0 0 1
vn -0.569447875 0.419200689 0.70710659
vn -0.569447756 0.419200271 0.707106948
vn -0.569447994 0.419201016 0.707106352
vn -0.569448113 0.419201255 0.707106113
vn 0.419438958 0.569025636 0.707305253
vn 0.427801579 0.562700629 0.70735687
vn 0.400099128 0.583285749 0.706893504
vn 0.456203759 0.54044503 0.70696342
vn 0.449183583 0.546059668 0.707144141
vn 0.474706858 0.525289774 0.706203997
vn -0.569446862 0.419200957 0.707107306
vn -0.58799088 -0.0456836149 0.807576478
vn -0.5694471 0.419201076 0.707107067
vn -0.56161952 -0.0820474029 0.823317468
vn -0.51740998 -0.503818333 0.691703737
vn -0.585146129 -0.412864566 0.697959065
vn -0.635852277 -0.336500466 0.694592893
vn -0.686294675 -0.205417454 0.697712839
vn -0.696960092 -0.149523109 0.701348424
vn -0.714945257 0.0249664094 0.698734462
vn -0.706675887 0.0246776082 0.707106948
vn -0.684832275 0.197776809 0.701348066
vn -0.670293689 0.252791017 0.697712719
vn -0.610830069 0.380035341 0.69459331
vn -0.554920554 0.452676117 0.697959542
vn -0.481004566 0.538683414 0.691704392
vn -0.583371341 0.0865880474 0.807576895
vn -0.554527104 0.121024549 0.823318124
vn -0.137281075 -0.567408562 0.811912239
vn -0.122515269 -0.564400554 0.816358984
vn 0.378150761 -0.598783791 0.706017077
vn 0.394147426 -0.588731349 0.705721736
vn 0.418986589 -0.571350753 0.705697238
vn 0.4062168 -0.580176175 0.705962956
vn 0.579872429 -0.112433352 0.806911826
vn 0.587581158 -0.100964107 0.802841604
vn 0.609123647 -0.0385534912 0.792137623
vn 0.595852196 -0.0694679022 0.800083995
vn 0.566517889 -0.417800933 0.710281491
vn 0.597223938 -0.376620531 0.708152831
vn 0.664034903 -0.231096551 0.711092114
vn 0.676315546 -0.205557585 0.707349539
vn 0.703096807 -0.0245525353 0.710670114
vn 0.706677079 -0.0246775597 0.707105637
vn 0.689007342 0.157879382 0.707349241
vn 0.678538263 0.184212863 0.711091757
vn 0.622041464 0.334042728 0.708152413
vn 0.594282806 0.377264947 0.710280955
vn 0.61032927 -0.00403017597 0.792137504
vn 0.599246323 0.0277344771 0.800084114
vn 0.569447577 -0.419201076 0.70710665
vn 0.569447696 -0.419201165 0.70710659
vn 4.96518169E-06 0 1
vn 2.1803869E-06 0 1
vn 7.20837079E-07 0 1
vn -2.92725531E-06 0 1
vn -3.33727098E-06 0 1
vn 8.05686341E-07 0 1
vn -0 0 1
vn -0 0 1
vn -0 0 1
vn -0 0 1
vn -4.61392773E-07 0 1
vn -5.60338151E-07 0 1
vn -1.14844823E-07 0 1
vn -0 0 1
vn -0 0 1
vn -0 0 1
vn -4.98313113E-07 0 1
vn -5.38580196E-07 0 1
vn -3.0379627E-07 0 1
vn -0 0 1
vn 0.617085874 -0.786895871 -1.62837823E-05
vn 0.617015481 -0.786951005 0
vn 0.602860808 -0.797846377 1.68198937E-06
vn 0.590827227 -0.806797862 0.000655187992
vn 0.57185638 -0.820353389 0.00071313954
vn 0.534896016 -0.844917595 0.000668817898
vn 0.554195225 -0.832386315 0.000707223837
vn 0.521967232 -0.852965534 -7.36563607E-07
vn 0.506746411 -0.862095237 8.09578341E-06
vn 0.506709933 -0.862116575 0
vn -0.0348993056 -0.999390841 0
vn -0.0348993279 -0.999390841 0
vn -0.0348993167 -0.999390841 0
vn -0.0348992832 -0.999390841 0
vn -0.810375214 0.585911274 0
vn -0.812702596 0.582181215 0.0240734462
vn -0.832315326 0.553924322 0.0204736311
vn -0.864242852 0.496934235 0.078362368
vn -0.475077391 0.87972796 0.0194996838
vn -0.453280687 0.891277194 0.0127113694
vn 0.0348996073 0.999390841 0
vn 0.0348996036 0.999390841 0
vn -0.729734302 0.683248162 0.0256881695
vn -0.685600758 0.727752805 0.0180921312
vn -0.760391593 0.623419106 0.182080567
vn -0.736177504 0.673103273 0.0705316737
vn -0.517338753 0.85533905 0.0274903402
vn -0.705445826 0.708721519 0.00774097117
vn -0.711081982 0.70208168 0.0379962958
vn -0.562955141 0.826440692 0.00878785923
vn -0.407756865 0.912913024 0.0180066638
vn -0.367031306 0.929784834 0.0280729234
vn -0.338640183 0.940915942 0
vn -5.27105328E-07 0 1
vn -2.87989423E-07 0 1
vn 3.14537829E-07 0 1
vn 2.43647435E-07 0 1
vn 1.70466535E-07 0 1
vn -0 0 1
vn 4.27573241E-07 0 1
vn -0 0 1
vn -0.438369632 -0.89879477 0
vn 0.130778998 -0.846206307 0.516557574
vn 0.236040443 -0.774406433 0.587009132
vn 0.394427419 -0.587585807 0.706519663
vn 0.381746083 -0.59550041 0.706858695
vn 0.264109105 -0.656584263 0.706500828
vn 0.256776482 -0.658863902 0.707081378
vn 0.121519379 -0.696848452 0.7068488
vn 0.121309392 -0.696624517 0.707105517
vn -0.0444253348 -0.705845416 0.706971467
vn -0.0422357842 -0.705954134 0.706997156
vn -0.241848782 -0.664462805 0.707105577
vn -0.241841018 -0.664461315 0.70710963
vn -0.435340405 -0.557209134 0.707104385
vn -0.435334355 -0.557208776 0.707108438
vn -0.586216986 -0.395412058 0.707106054
vn -0.586219311 -0.395406842 0.707107008
vn -0.679714084 -0.19490464 0.707107365
vn -0.679710627 -0.194905102 0.707110524
vn -0.707531035 -0.029021807 0.706086159
vn -0.707511485 -0.0329650231 0.705932558
vn -0.706675828 0.0246776566 0.707106948
vn -0.706675589 0.0246776938 0.707107186
vn -0 0 1
vn -0 0 1
vn -0 0 1
vn -0 0 1
vn -0 0 1
vn -0 0 1
vn -0 0 1
vn -0 0 1
vn -0 0 1
vn -0 0 1
vn -0 0 1
vn -0 0 1
vn -0 0 1
vn -0 0 1
vn -0 0 1
vn -0 0 1
vn -0 0 1
vn -0 0 1
vn -0.309974074 -0.635542929 0.707107663
vn -0.309975564 -0.635543585 0.707106352
vn -0.309974879 -0.635543227 0.707107067
vn -0.309974611 -0.6355443 0.707106173
vn -0.309976012 -0.635545135 0.707104802
vn -0.309972703 -0.635543764 0.707107544
vn -0.714602947 0.0240746345 0.699115992
vn -0.662855744 0.183547825 0.725901127
vn -0.438368559 -0.898795247 0
vn -0.387621105 0.594385564 0.704596102
vn -0.395275086 0.587129176 0.706425369
vn -0.305862993 0.643780053 0.701423645
vn -0.271101624 0.653447866 0.706760049
vn -0.229540735 0.69771415 0.678605974
vn -0.22885032 0.704675734 0.6716097
vn -0 0 1
vn -0 0 1
vn -0 0 1
vn -0 0 1
vn -0 0 1
vn -0 0 1
vn -0 0 1
vn -0 0 1
vn -0 0 1
vn -0 0 1
vn -0 0 1
vn -0 0 1
vn -0 0 1
vn -0 0 1
vn -0 0 1
vn -0 0 1
vn -0 0 1
vn -0 0 1
vn 5.3915511E-07 0 1
vn 1.22103404E-06 0 1
vn -0 0 1
vn -0 0 1
vn -0 0 1
vn -0 0 1
vn -0 0 1
vn -0 0 1
vn 0.706676364 -0.0246779956 0.707106352
vn 0.703495741 -0.0822017714 0.705929577
vn 0.706677139 -0.0246784426 0.707105577
vn 0.703782797 -0.0783060789 0.706086397
vn 0.664475918 -0.241793394 0.707112253
vn 0.664463699 -0.241847634 0.7071051
vn 0.557226479 -0.435305655 0.707112134
vn 0.557207644 -0.435340196 0.707105756
vn 0.395429373 -0.586198866 0.707111239
vn 0.395408571 -0.586218655 0.70710659
vn 0.194915131 -0.679706454 0.707111895
vn 0.194905117 -0.679716468 0.707105041
vn -0.00491623301 -0.707223952 0.70697248
vn -0.00711083692 -0.707181633 0.706996262
vn -0.169831425 -0.686674297 0.706849098
vn -0.169604108 -0.686464727 0.707107127
vn -0.30211103 -0.639347911 0.707080722
vn -0.309266567 -0.636562228 0.706500292
vn -0.422355562 -0.567419291 0.706860006
vn -0.434454113 -0.558639407 0.706520855
vn -0.493525296 -0.522558212 0.695245028
vn -0.495359957 -0.523659527 0.69310838
vn 0.277804822 0.653984606 0.703653753
vn 0.249638438 0.672986269 0.696254313
vn 0.246952936 0.679671764 0.690695703
vn 0.293100536 0.646077693 0.704752088
vn 0.345543534 0.620835245 0.703678489
vn 0.336888492 0.62256211 0.706344485
vn 0.555462897 0.116659261 0.823317468
vn 0.560972214 0.103648074 0.821320415
vn 0.569446385 -0.419200957 0.707107663
vn 0.569446206 -0.419200927 0.707107842
vn -0.706673265 0.0246792883 0.707109451
vn -0.706675947 0.024678763 0.707106829
vn -0.706675649 0.0246782992 0.707107127
vn -0.706676126 0.0246773437 0.70710659
vn -0.706675529 0.0246766284 0.707107306
vn -0.2692388 -0.963052571 -0.00632968731
vn -0.299708039 -0.954030812 0.000455885252
vn -0.305745006 -0.95211345 0
vn -0.279642344 -0.960095644 0.00406041695
vn -0.258177757 -0.966025949 0.011753533
vn -0.223094895 -0.974712312 0.0128309596
vn -0.203629047 -0.979009449 -0.00870941021
vn -0.110750407 -0.993329704 -0.0320996754
vn -0.0348217115 -0.997171938 -0.0666010156
vn 0.0411892943 -0.998635471 -0.0321026184
vn -0.253615677 -0.965969205 -0.05081819
vn -0.297380298 -0.954755723 -0.0025223759
vn -0.294566035 -0.955607474 -0.00673491554
vn -0.292218655 -0.956285596 -0.0112309903
vn 0.154557556 -0.987900496 0.0128296064
vn 0.134840101 -0.99082911 -0.00871112198
vn 0.201369032 -0.979494929 -0.00634546485
vn 0.190161377 -0.98168242 0.0117542027
vn 0.211990759 -0.977263272 0.00405723369
vn 0.232422665 -0.972614765 0.0004554771
vn 0.238576025 -0.971123755 0
vn 0.188238233 -0.980926871 -0.0484657437
vn 0.23001717 -0.973183155 -0.00259378413
vn 0.227055326 -0.973857045 -0.00694876257
vn 0.224055395 -0.97449255 -0.0127873514
vn 0.222029924 -0.974858761 -0.0187916197
vn -0.990366817 0.0345843248 0.134080321
vn -0.9879601 0.0402425081 0.149382994
vn -0.963255286 0.0318734236 0.266689509
vn -0.926504016 0.0384047329 0.37432
vn -0.845948339 0.0238936804 0.532729387
vn -0.779250085 0.0289013926 0.6260463
vn -0.62622261 0.0180494972 0.779435277
vn -0.590410888 0.0154109336 0.806955695
vn -0.329408675 0.00676107174 0.944163203
vn -0.400173426 0.0127794547 0.916350305
vn -0.19720532 0.00778737338 0.980331242
vn -0.0755191371 -0.000627275964 0.997144163
vn -0.0518597811 0.00181112951 0.998652697
vn -0 0 1
vn -0 0 1
vn -0 0 1
vn -0 0 1
vn -0 0 1
vn 1.25720732E-07 0 1
vn 3.58196871E-07 0 1
vn -0 0 1
vn 5.39551536E-07 0 1
vn -2.13172896E-07 0 1
vn 3.82821054E-06 0 1
vn 0.0601061918 -0.00356420339 0.998185575
vn 0.0534742512 -0.00186729094 0.998567462
vn 0.197414428 -0.00591267552 0.980302215
vn 0.258839399 -0.0130561423 0.965832055
vn 0.398156047 -0.0109441904 0.917252421
vn 0.522397935 -0.0247891005 0.852341413
vn 0.597397506 -0.0172122102 0.801760554
vn 0.771203518 -0.0302916858 0.635867596
vn 0.782395899 -0.0263666976 0.62222296
vn 0.920864046 -0.0383864492 0.38798964
vn 0.939373791 -0.0310862754 0.34148261
vn 0.985745013 -0.0375740379 0.163997158
vn 0.984741151 -0.0343899876 0.170593873
vn -0.999390841 0.0349000469 0
vn -0.999390841 0.0348995291 0
vn -0.9916991 0.128575563 0.00107741146
vn -0.998217285 0.0596848242 0
vn -0.999390841 0.0348999463 0
vn -0.999390841 0.0348995887 0
vn -0.990950167 0.134228125 0.000776268018
vn -0.972988963 0.230849952 0.000875010912
vn -0.910932183 0.412555933 0.000418706855
vn -0.917353988 0.398072302 -0.000207251287
vn -0.747386098 0.664389729 -0.000498119683
vn -0.757440984 0.652903616 1.59457013E-05
vn -0.567337334 0.823485434 0.000286680151
vn -0.530753136 0.847526252 -0.000637235004
vn -0.365475357 0.930820882 0.000487164274
vn -0.30527997 0.952262402 -0.000638814527
vn -0.163832381 0.986488044 0.000541421061
vn -0.0905836076 0.99588865 -0.000581970322
vn 0.00714978157 0.99997437 0.00031150601
vn 0.110743023 0.993848979 -0.000601396721
vn 0.124651909 0.992200553 -4.44897123E-05
vn 0.213155612 0.977018237 -9.95812588E-05
vn 0.135405883 0.99044764 0.0260539446
vn 0.235129595 0.971964061 0
vn 0.104797117 0.993696153 0.0398188941
vn -0.0574273393 0.997996509 0.0265495889
vn -0.0352251083 0.99858582 0.0398187898
vn -0.129132554 0.991627336 0.000222344403
vn 0.00916484743 0.999957919 0.000489229569
vn -0.0318507738 0.999492645 8.10930578E-06
vn 0.160573438 0.987023711 -0.000596150581
vn 0.232256845 0.972654343 0.000521564914
vn 0.374111742 0.927383423 -0.000629685295
vn 0.429507196 0.903063357 0.000443654484
vn 0.591913879 0.806001008 -0.000575514685
vn 0.623373091 0.781924427 0.000242020382
vn 0.793426037 0.608666539 -0.000448344392
vn 0.801114976 0.598510504 -8.62818922E-07
vn 0.937951088 0.346767515 5.74176483E-05
vn 0.954913974 0.296882749 -0.00018342158
vn 0.99911052 0.0421661697 0.000123631398
vn 0.998345971 0.0574924946 0.000148019841
vn 0.999390841 -0.0348997414 0
vn 0.999390721 -0.0349016264 0
vn 0.999390841 -0.0348997042 2.69082477E-07
vn 0.999390841 -0.0348979905 0
vn -0.819439113 -0.573166311 0
vn -0.819102645 -0.571714103 0.0470517762
vn -0.819438934 -0.573166549 0
vn -0.818703413 -0.572649121 0.0423994176
vn -0.799366713 -0.578158319 0.163541213
vn -0.793646812 -0.576330721 0.194852859
vn -0.740537226 -0.591135383 0.319630295
vn -0.708459198 -0.591316402 0.385266751
vn -0.631718695 -0.643266857 0.432595819
vn -0.548451483 -0.621530414 0.559375405
vn -0.442717344 -0.836167574 0.323767155
vn -0.289687425 -0.956939578 -0.0186483003
vn -0.331976503 -0.663689971 0.670303822
vn -0.355931997 -0.855569482 0.37591657
vn -0.198628321 -0.681916773 0.703943372
vn -0.23645094 -0.666825533 0.706706822
vn -0.145345151 -0.692006826 0.707107663
vn -0.145344436 -0.692006648 0.707107961
vn -0.0853270292 -0.701938987 0.707107365
vn -0.0853268877 -0.701938689 0.707107663
vn -0.0246780161 -0.706675589 0.707107246
vn -0.0246780813 -0.706675768 0.707106948
vn 0.0361546949 -0.706181884 0.707106709
vn 0.0361544676 -0.706180811 0.707107782
vn 0.0967192128 -0.700460255 0.707107365
vn 0.0967191681 -0.700459421 0.70710808
vn 0.135593116 -0.694150329 0.706944048
vn 0.191601843 -0.694094002 0.69391799
vn 0.238604099 -0.686827898 0.686538935
vn 0.370566905 -0.680458903 0.632183373
vn 0.427155435 -0.667095959 0.610345244
vn 0.555897593 -0.659042776 0.506597102
vn 0.607986569 -0.6459108 0.461683363
vn 0.685920417 -0.643625617 0.33949855
vn 0.736049116 -0.630129278 0.247323364
vn 0.756444275 -0.632538855 0.166392848
vn 0.777745903 -0.625829577 0.0587261766
vn 0.776727855 -0.628341854 0.0433624759
vn 0.777460098 -0.628932238 0
vn 0.777460098 -0.628932238 0
vn -0 0 1
vn -0 0 1
vn -0 0 1
vn -0 0 1
vn -0 0 1
vn -0 0 1
vn -0 0 1
vn -0 0 1
vn -0 0 1
vn -0 0 1
vn -0 0 1
vn -0.186546281 0.636837661 0.748089731
vn -0.182620019 0.626878083 0.757412612
vn -0.182620019 0.626878083 0.757412612
vn -0.22920306 0.666370273 0.709518611
vn -0.199926078 0.667563438 0.717208922
vn -0.205740005 0.672429204 0.710992336
vn -0.225937024 0.671767831 0.705464661
vn -0.26320222 0.658414841 0.705134332
vn -0.232718647 0.665755153 0.708951414
vn -0.285127699 0.644895434 0.709092438
vn -0.323034912 0.631507993 0.704873145
vn -0.331402898 0.62432456 0.707383156
vn -0.353806883 0.619315982 0.700905442
vn 0.706677198 -0.0246782545 0.707105577
vn 0.706676781 -0.0246779379 0.707105994
vn 0.706677854 -0.0246781688 0.707104921
vn 0.706677735 -0.0246783886 0.707105041
vn 0.70667392 -0.0246780422 0.707108855
vn -0.597302437 -0.378457606 0.707106411
vn -0.597302437 -0.378457814 0.707106352
vn -0.597302496 -0.378457487 0.707106531
vn -0.597302377 -0.378458083 0.707106352
vn -0.844712794 -0.535219848 0
vn -0.844712913 -0.535219789 0
vn -0.844712734 -0.535219967 0
vn -0.844712615 -0.535220146 -1.26348607E-06
vn -0.844712138 -0.535220861 -3.43410352E-06
vn -0.844713032 -0.535219371 1.34670768E-06
vn -0.844712913 -0.535219789 0
vn -0.844712973 -0.535219491 1.03988818E-07
vn -0.844713151 -0.535219193 0
vn -0.844713151 -0.535219252 0
vn -0.403739363 0.914872527 0.00168295763
vn -0.410163522 0.91196382 0.00937206578
vn -0.444601655 0.895728469 0
vn -0.319872975 0.947413743 0.00940440316
vn -0.319577247 0.947560251 -1.87800794E-07
vn -0.150457889 0.988090634 -0.0322371796
vn -0.131243974 0.991246879 -0.0143095553
vn 0.0348379835 0.99763453 -0.0592590831
vn 0.21901767 0.975188196 -0.0322371311
vn 0.200070202 0.979677022 -0.0143094966
vn 0.38518244 0.922792494 0.00940464903
vn 0.38489756 0.922959268 -2.6732323E-07
vn 0.466574162 0.884480417 0.00168291444
vn 0.47277993 0.881130755 0.00937223621
vn 0.506001949 0.862532318 0
vn -0.25980863 0.769000292 0.584070265
vn -0.327365547 0.744086027 0.582381129
vn -0.328670204 0.74448359 0.581136942
vn -0.256667405 0.769290924 0.585075617
vn -0.11754179 0.80296582 0.584320068
vn -0.115950927 0.802823186 0.584833503
vn 0.0283182133 0.810937166 0.584447682
vn 0.0283114556 0.81074816 0.584710062
vn 0.171670899 0.792779684 0.584832788
vn 0.173267901 0.792811215 0.584318995
vn 0.243713751 0.775396705 0.582549334
vn 0.244467288 0.775724232 0.581796944
vn 0.458830953 -0.888523579 0
vn 0.458829135 -0.888524532 0
vn 0.458830923 -0.888523579 0
vn 0.458829135 -0.888524532 0
vn -0.500000179 -0.866025329 0
vn -0.5 -0.866025448 0
vn -0.500000119 -0.866025329 0
vn -0.49999997 -0.866025448 0
vn -0.753512204 -0.47743383 0.451969266
vn -0.753512323 -0.477433801 0.451969117
vn -0.753512859 -0.477433592 0.451968491
vn -0.753513277 -0.477433413 0.451967895
vn -0 0 1
vn -0 0 1
vn -0 0 1
vn 1.42308664E-07 0 1
vn -2.06223092E-07 0 1
vn 2.15530321E-07 0 1
vn -3.72507088E-07 0 1
vn 1.01637646E-07 0 1
vn -2.08410256E-07 0 1
vn -0 0 1
vn -0 0 1
vn -0 0 1
vn -0 0 1
vn 9.73457759E-07 0 1
vn 6.19999719E-06 0 1
vn 8.38012875E-06 0 1
vn -0 0 1
vn 0.732814908 0.000372970011 -0.680427909
vn 0.732303619 -7.13684494E-05 -0.680978358
vn 0.724897265 -0.00645371759 -0.688826859
vn 0.724479079 -0.00681109866 -0.689263105
vn 0.710051715 0.0998826995 -0.697029352
vn 0.67529583 0.210799947 -0.706780612
vn 0.689683259 0.161577344 -0.705853999
vn 0.690982699 0.156885147 -0.705641389
vn 0.706676662 -0.0246790405 -0.707105994
vn 0.706675768 -0.0246784557 -0.707106948
vn 0.655616641 -0.264888316 -0.707107365
vn 0.655618012 -0.264887184 -0.70710665
vn 0.525483549 -0.473147392 -0.707105637
vn 0.525485039 -0.47314781 -0.707104325
vn 0.331967115 -0.62434262 -0.707102537
vn 0.331967205 -0.624342084 -0.707102954
vn 0.0984095931 -0.700226665 -0.707105339
vn 0.0984112844 -0.700224936 -0.707106888
vn -0.147016779 -0.691655934 -0.707105398
vn -0.147014722 -0.691655755 -0.707105994
vn -0.374709874 -0.599662244 -0.70710516
vn -0.374711543 -0.5996629 -0.70710361
vn -0.557208836 -0.435339749 -0.7071051
vn -0.557208121 -0.435338497 -0.707106352
vn -0.651230752 -0.279226512 -0.705642223
vn -0.652938008 -0.274665773 -0.705854654
vn -0.672498882 -0.218508288 -0.707106352
vn -0.672499657 -0.218507946 -0.707105637
vn -0.70663327 -0.56527257 -0.425601333
vn -0.706538796 -0.565342784 -0.425664723
vn -0.704905868 -0.566554964 -0.426758975
vn -0.704780936 -0.56664747 -0.426842421
vn 0.874700785 -0.480852544 -0.0606573746
vn 0.876316309 -0.481736213 0
vn 0.876316488 -0.481735855 0
vn 0.874397695 -0.480780214 -0.0654148981
vn 0.835205615 -0.492315888 -0.245064601
vn 0.834953606 -0.492595822 -0.245360255
vn 0.719064713 -0.523157418 -0.457441062
vn 0.718542039 -0.523629129 -0.457722574
vn 0.546704471 -0.571527779 -0.611939728
vn 0.546179593 -0.571974695 -0.611990929
vn 0.341555923 -0.633229971 -0.69452095
vn 0.341319263 -0.63342905 -0.694455743
vn 0.126092508 -0.702988923 -0.699933648
vn 0.126185343 -0.702853501 -0.700052977
vn -0.0790423751 -0.774187565 -0.628001571
vn -0.0788404718 -0.773824751 -0.628473878
vn -0.252954721 -0.838175774 -0.483192831
vn -0.252888232 -0.837804496 -0.483870983
vn -0.365111709 -0.880867362 -0.3012743
vn -0.364053726 -0.880121171 -0.304715782
vn -0.412690908 -0.899685264 -0.142311782
vn -0.412697107 -0.899632573 -0.142626226
vn -0.42547524 -0.904227316 -0.0366577655
vn -0.425539047 -0.904259741 -0.0350813866
vn -0.425800234 -0.904817164 0
vn -0.425800264 -0.904817164 0
vn 0.83437717 -0.349506348 -0.426215887
vn 0.83437717 -0.349506348 -0.426215887
vn 0.83437717 -0.349506348 -0.426215887
vn 0.83437717 -0.349506348 -0.426215887
vn 0.172540873 -0.793465734 -0.583645165
vn 0.169138044 -0.793552399 -0.584522903
vn 0.142613918 -0.798930287 -0.584270239
vn 0.14036274 -0.79901731 -0.584696114
vn 0.0831258073 -0.807290733 -0.584270239
vn 0.0853125229 -0.80675441 -0.584695697
vn 0.0561470725 -0.809432805 -0.584522009
vn 0.0528519712 -0.81028682 -0.583645284
vn 0.131136015 -0.287622482 -0.948723674
vn 0.127693653 -0.289886594 -0.94850421
vn 0.136254102 -0.28572318 -0.948576391
vn 0.139525861 -0.283538938 -0.948756158
vn 0.153079018 -0.276955247 -0.948610902
vn 0.15465112 -0.275740266 -0.948709846
vn 0.161401287 -0.272261441 -0.948590219
vn 0.162044227 -0.271671206 -0.948649764
vn 0.378473014 0.71943754 0.582381129
vn 0.376095951 0.718885779 0.584598064
vn 0.377525151 0.719218433 0.583266377
vn 0.379802257 0.719743073 0.581136823
vn 0.718373418 -0.528833807 0.451967388
vn 0.718372703 -0.528833449 0.451968849
vn 0.71837306 -0.528833628 0.451968044
vn 0.718372643 -0.528833508 0.451969057
vn -0.519688606 -0.854355752 6.15635713E-07
vn -0.514421165 -0.857537627 0
vn -0.517077744 -0.855938375 2.54216939E-05
vn -0.522346377 -0.852733433 0.000101038262
vn 0.190664038 -0.9816553 0.000100681282
vn 0.743263245 -0.668999016 1.6802899E-07
vn 0.805320323 -0.592839837 0
vn 0.780712247 -0.366898 0.505840003
vn 0.790155292 -0.384615839 0.477205604
vn 0.121234059 0.292769849 0.948466241
vn 0.118363015 0.292835355 0.948808551
vn 0.0671052486 0.309436262 0.948549449
vn 0.06565433 0.30920732 0.9487257
vn 0.0110456031 0.316305399 0.94859308
vn 0.0110364193 0.316034645 0.948683441
vn -0.0439258367 0.313034356 0.948725462
vn -0.0453569479 0.313364178 0.948549211
vn -0.0976474658 0.30037868 0.948808551
vn -0.100515619 0.300513595 0.948466241
vn -0.126037449 0.2915546 0.948214412
vn -0.127755806 0.292185813 0.947790027
vn 0.805320263 -0.592840016 0
vn 0.805320263 -0.592840075 1.58672123E-07
vn 0.805320024 -0.592840254 0
vn 0.805320203 -0.592840135 0
vn 0.805320024 -0.592840314 0
vn 0.805320263 -0.592840075 0
vn 0.980650842 0.195764944 0
vn 0.980650961 0.195764318 0
vn 0.480107307 0.877209783 0
vn 0.480107129 0.877209842 0
vn 0.405979097 0.913882434 0
vn 0.405978829 0.913882494 0
vn 0.367841214 0.929888606 0
vn 0.367841095 0.929888606 0
vn 0.438370913 -0.898794115 0
vn 0.438370943 -0.898794115 0
vn 0.438370883 -0.898794174 0
vn 0.438370943 -0.898794115 0
vn 0.569421828 0.0844644159 0.817694664
vn 0.569446802 -0.419201344 0.707107186
vn 0.569446445 -0.419201255 0.707107544
vn 0.557821214 0.103874154 0.823435247
vn 0.394525766 0.59165448 0.703060806
vn 0.431848377 0.55870533 0.708064497
vn 0.423675358 0.565687776 0.707457781
vn 0.428786874 0.562198877 0.707159281
vn 0.0815376714 0.647267282 0.757889628
vn 0.0918352976 0.642873645 0.760447145
vn -0.128504202 0.686509848 0.715675235
vn -0.128504157 0.686509728 0.715675116
vn 0.331114024 0.74952805 0.573211253
vn 0.463494331 0.740264177 0.48701334
vn 0.869577408 0.493796676 0
vn -0.413285553 -0.573453784 0.707351267
vn -0.423554033 -0.566556692 0.706834733
vn -0.396752566 -0.583790481 0.708361566
vn -0.449231684 -0.547061265 0.706338942
vn -0.446171224 -0.548534572 0.707135737
vn -0.468096823 -0.529799163 0.7072469
vn -0.468961179 -0.530422509 0.706206381
vn -0.474701971 -0.523676395 0.707404554
vn -0.0251293108 -0.7058447 0.70792073
vn -0.0254121665 -0.706066906 0.707688987
vn -0.024634596 -0.70545584 0.708325684
vn -0.0259280149 -0.706471801 0.707266092
vn -0.320878625 -0.624839306 0.711767316
vn -0.264777124 -0.651698172 0.710762024
vn -0.303434044 -0.640472114 0.70549494
vn -0.242469937 -0.665965319 0.705477476
vn -0.142179549 -0.693413198 0.706373096
vn -0.126818225 -0.695154667 0.707585394
vn -0.0601608604 -0.705572963 0.706078887
vn -0.0664604306 -0.703256547 0.707822978
vn -0.0468933396 -0.713235319 0.699354231
vn 0.00889585353 -0.703695714 0.710445821
vn 0.0279991161 -0.703398407 0.710244119
vn 0.0234580245 -0.710590065 0.703215182
vn 0.0644637868 -0.700832486 0.710407078
vn 0.0808144957 -0.698629558 0.710904956
vn 0.102179468 -0.663385749 0.741268277
vn 0.104004234 -0.65233624 0.750759959
vn -0.459515691 -0.888169646 0
vn -0.403294861 -0.915068328 -0.0017768509
vn -0.445849657 -0.894967675 0.0158403404
vn -0.270021081 -0.962839246 -0.00539922714
vn -0.29818207 -0.95450902 0
vn -0.382761478 -0.923787117 0.0105357096
vn -0.209064245 -0.977901936 2.16478043E-06
vn -0.0586650707 -0.998275757 0.00200356427
vn 0.039971225 -0.999186337 0.00537137501
vn 0.041224964 -0.999149084 0.00124451902
vn 0.119627997 -0.992818773 0.000189511615
vn 0.268822163 -0.963161945 0.00732596125
vn 0.230752453 -0.973012328 -0.000507246761
vn 0.356661916 -0.934232175 -0.00160336948
vn 0.347986728 -0.937499106 -0.000761647709
vn 0.41912955 -0.907926321 0.000418761832
vn 0.296447098 -0.954960823 0.0129970973
vn 0.378394842 -0.925586164 0.0103665525
vn 0.428841323 -0.903379798 0
vn 0.293872923 -0.95583272 0.00473835133
vn 0.364604354 -0.931162357 -0.000532907958
vn 0.496290147 -0.868123889 0.0075542666
vn 0.533896148 -0.845549762 0.000709211279
vn 0.687024951 -0.726620317 0.00442372914
vn 0.741883457 -0.670475841 0.00844006334
vn 0.841612101 -0.540067196 -0.00405703299
vn 0.915581167 -0.401887059 0.0140613299
vn 0.959780037 -0.280550569 -0.0106555391
vn 0.988052249 -0.154114902 -0.00116695138
vn 0.998972535 -0.0302896313 -0.033712022
vn -0.0560990758 -0.998415232 0.00446432317
vn -0.0928564295 -0.995604634 0.0122128101
vn -0.0928564295 -0.995604634 0.0122128101
vn -0.0695620403 -0.997550905 0.00730111636
vn -0.0348987244 -0.999390841 5.37145809E-07
vn -0.0348987281 -0.999390841 4.03515315E-07
vn -0.0348987021 -0.999390841 2.9336511E-06
vn -0.634116113 -0.773227453 0.00399266696
vn -0.653392911 -0.757013679 0.00279699918
vn -0.659362376 -0.75179702 0.00651782844
vn -0.635357916 -0.77221787 9.60771285E-05
vn -0.603907287 -0.79705441 -0.000373010349
vn -0.585828841 -0.810428321 0.00323815481
vn -0.567350566 -0.823476374 -0.000156277689
vn -0.560154676 -0.828382969 0.00288620102
vn -0.554569006 -0.832137704 0
vn -0.0515429899 0.55359906 0.831186771
vn -0.569446743 0.419201225 0.707107246
vn -0.569446981 0.419201285 0.707107067
vn -0.0595110394 0.556980848 0.828390419
vn 0.480029225 0.521123886 0.705692351
vn 0.488932937 0.511155248 0.706869841
vn 0.501308501 0.500737071 0.705657244
vn 0.502175987 0.497941941 0.707017064
vn 0.510150552 0.49149251 0.705819786
vn 0.511758029 0.490905493 0.705064118
vn 0.264887452 -0.655618846 0.707105815
vn 0.264887035 -0.655619323 0.707105517
vn 0.264887214 -0.655618787 0.707105815
vn 0.264888614 -0.655618966 0.70710516
vn 0.264888585 -0.655620694 0.70710361
vn 0.264889091 -0.655617416 0.707106411
vn 0.781105757 0.620479286 0.0698517039
vn 0.75306195 0.657904685 0.00769046694
vn 0.758231342 0.650886655 0.0378404334
vn 0.756406367 0.654076397 0.00577592105
vn 0.801881313 0.569665968 0.180186063
vn 0.978149593 -0.20592007 0.0286424719
vn 0.798880219 0.60110867 -0.0214225147
vn 0.475902826 -0.879497886 0
vn 0.79148525 0.610565364 -0.027586963
vn 0.731794178 0.681523979 0.00152340939
vn 0.708840489 0.705364704 0.00243092771
vn -0.0804660171 0.99675262 0.0030944352
vn 0.691896558 0.721993387 0.0021517768
vn -0.0930651575 0.995660007 -1.40230469E-07
vn -0.805320561 0.592839658 0
vn -0.805320501 0.592839658 0
vn -0.805320442 0.592839777 0
vn -0.805320978 0.592839122 -4.610622E-07
vn -0.805320323 0.592839956 -1.45974283E-07
vn -0.805322349 0.592837214 -1.36579558E-06
vn -0 0 1
vn -0 0 1
vn -3.29579422E-07 0 1
vn 2.8342069E-07 0 1
vn -3.81186624E-07 0 1
vn 1.3962088E-07 0 1
vn -2.4011959E-07 0 1
vn -0 0 1
vn -0 0 1
vn -0 0 1
vn -0 0 1
vn -0 0 1
vn -0 0 1
vn -0 0 1
vn -0 0 1
vn -0 0 1
vn -0 0 1
vn -0 0 1
vn -0 0 1
vn 0.508952081 0.491214693 0.70687753
vn 0.497601449 0.504297733 0.70574528
vn 0.498795986 0.503927827 0.705166161
vn 0.516324222 0.485975713 0.705150187
vn 0.534223974 0.462764114 0.707427859
vn 0.55007112 0.448112547 0.704710484
vn 0.553447008 0.440226138 0.707034349
vn 0.566363573 0.429201216 0.703575611
vn 0.720810056 0.693132579 0
vn 0.702363551 0.711818457 0
vn 0.702364385 0.711817622 0
vn 0.720809937 0.693132758 0
vn 0.756195605 0.654345572 0
vn 0.756196141 0.654344976 0
vn 0.773111463 0.634270132 0
vn 0.773111522 0.634270132 0
vn -0 0 1
vn -0 0 1
vn -0 0 1
vn -0 0 1
vn -0 0 1
vn 0.519891024 0.47997582 0.706637502
vn 0.513961494 0.495326817 0.700353444
vn 0.507042289 0.495100528 0.705537796
vn 0.510703444 0.491573572 0.705363333
vn 0.49677074 0.50455302 0.706148028
vn 0.497301191 0.505314052 0.705229878
vn 0.491961628 0.508705616 0.706535518
vn 0.535942912 0.464365572 0.70507431
vn 0.53962034 0.457746208 0.706596375
vn 0.549882293 0.451129377 0.702930868
vn 0.657821357 0.271551758 0.702517331
vn 0.619666874 0.341462076 0.706694186
vn 0.631634891 0.320067316 0.706112027
vn 0.608936131 0.359616458 0.707016945
vn 0.610028625 0.356446207 0.707680166
vn 0.615825534 0.348011404 0.706857145
vn 0.618125081 0.341941655 0.707811594
vn 0.343319088 0.559008241 0.754746139
vn 0.345793217 0.555874467 0.755930245
vn -0.395749062 0.270450234 0.877632856
vn -0.394535363 0.27886638 0.875542879
vn -0.652175426 -0.278493553 0.70505929
vn -0.646511316 -0.289311409 0.705919266
vn -0.636997998 -0.311000913 0.705345333
vn -0.634546459 -0.312232316 0.707009017
vn -0.630701184 -0.326741308 0.703886509
vn -0.631132185 -0.327903658 0.702959001
vn -0 0 1
vn -0 0 1
vn -0 0 1
vn -0 0 1
vn -0 0 1
vn 2.61708124E-07 0 1
vn -0 0 1
vn -0 0 1
vn -2.72170496E-07 0 1
vn -8.96480117E-07 0 1
vn -6.92890296E-07 0 1
vn 3.64032815E-07 0 1
vn 4.26042959E-07 0 1
vn -0 0 1
vn -2.25039116E-06 0 1
vn -6.98363056E-06 0 1
vn -0.610444784 -0.342584759 0.714137793
vn -0.545518756 -0.405818105 0.733294606
vn -0.560519636 -0.403836906 0.723003089
vn -0.62687093 -0.321374238 0.709754467
vn -0.676072776 -0.181677982 0.714085937
vn -0.673883557 -0.20613119 0.709500551
vn -0.386976838 -0.460207582 0.799035609
vn -0.402018994 -0.435384244 0.805494487
vn 0.607641876 0.411883831 0.6790604
vn 0.525458395 0.44537726 0.724936187
vn 0.540287375 0.44955796 0.711327791
vn 0.63078022 0.315791309 0.708796263
vn 0.72134608 0.2114508 0.659506202
vn 0.692379832 0.0902840421 0.715862453
vn 0.757715523 -0.0264599454 0.652048349
vn 0.684395134 -0.138361901 0.715862572
vn 0.704839289 -0.261254489 0.659505665
vn 0.607215881 -0.359023333 0.708795488
vn 0.577430844 -0.453268141 0.679059327
vn 0.507611334 -0.48615244 0.711327314
vn 0.493109882 -0.480947584 0.724935889
vn 0.941956937 -0.318535388 -0.106077068
vn 0.892283976 -0.45144999 0.00470162509
vn 0.925986171 -0.372314632 -0.0626998395
vn 0.866825104 -0.496550053 0.0453037918
vn 0.0246775672 0.706675828 0.707107008
vn 0.407801151 0.44799009 0.795615017
vn 0.0246775188 0.706675887 0.707106888
vn 0.0246761758 0.706677198 0.707105637
vn 0.0246771332 0.706677794 0.707104981
vn 0.0246799849 0.706675291 0.707107425
vn 0.024673637 0.706678629 0.707104266
vn 0.405195445 0.447620064 0.797152936
vn 0.70255816 0.081556581 0.706937432
vn 0.70180434 0.0878152922 0.706936479
vn 0.700768352 0.0964111015 0.706844032
vn 0.700927019 0.093889676 0.707026303
vn 0.699581087 0.101988859 0.707237244
vn 0.699128747 0.107869804 0.706811845
vn 0.698337734 0.110642888 0.707165182
vn 0.705573618 0.0628381521 0.705844998
vn 0.704927742 0.0668498725 0.706121802
vn 0.701448202 -0.0892866999 0.707105577
vn 0.701448023 -0.0892902538 0.707105219
vn 0.644951642 -0.289892405 0.707106531
vn 0.644947052 -0.289903343 0.707106292
vn 0.532424569 -0.465319246 0.7071082
vn 0.532424033 -0.465322018 0.707106829
vn 0.37364462 -0.600323379 0.707107782
vn 0.373648286 -0.600322425 0.707106769
vn 0.182406515 -0.683174133 0.707107425
vn 0.182407409 -0.683174491 0.707106888
vn 0.0259800721 -0.707536459 0.706199169
vn 0.0294717457 -0.707529306 0.706069171
vn -0.0246768557 -0.706672609 0.707110226
vn -0.0246774927 -0.706676304 0.707106471
vn -0.0246782042 -0.706696093 0.707086682
vn -0.0246782657 -0.706698179 0.707084596
vn -0.0741213933 -0.704080462 0.70624125
vn -0.0246775784 -0.706681967 0.707100749
vn -0.0246785674 -0.706674159 0.707108498
vn -0.024677325 -0.706674516 0.707108319
vn -0.0774411932 -0.703843355 0.706121206
vn -0.22497268 -0.670362771 0.707107425
vn -0.22497265 -0.670362949 0.707107306
vn -0.406622976 -0.578494966 0.707107723
vn -0.406624585 -0.578495502 0.707106292
vn -0.554576755 -0.438687861 0.707105041
vn -0.554579794 -0.43868041 0.707107306
vn -0.656568587 -0.262530416 0.707103491
vn -0.656568468 -0.262516946 0.707108617
vn -0.698706686 -0.114260413 0.706224859
vn -0.699966431 -0.109728053 0.705695987
vn -0.705693543 -0.0534058586 0.706501484
vn -0.707007468 -0.0443162285 0.705816209
vn -0.706172585 -0.0409495831 0.706854582
vn -0.744978905 -0.053910587 0.664905965
vn -0.705282271 -0.0216101576 0.708597183
vn -0.624834001 -0.477510571 0.617710471
vn -0.701583207 -0.0138716716 0.712452471
vn -0.874724984 -0.403599948 0.268259853
vn -0.0246772822 -0.706676662 0.707106173
vn -0.0889050439 -0.70296514 0.7056458
vn -0.0246772747 -0.706677198 0.707105577
vn -0.0840511844 -0.703350723 0.705856383
vn -0.264886618 -0.655617654 0.707107127
vn -0.264883518 -0.655617774 0.707108259
vn -0.473147035 -0.525483251 0.707106233
vn -0.473146677 -0.525482833 0.707106769
vn -0.624337077 -0.331968129 0.707107008
vn -0.624340475 -0.331956923 0.707109272
vn -0.700223327 -0.0984138623 0.70710814
vn -0.700224042 -0.0984044001 0.707108736
vn -0.691653669 0.147014499 0.70710808
vn -0.69165206 0.14702028 0.707108438
vn -0.599659741 0.374705374 0.707109571
vn -0.599659979 0.374706715 0.707108736
vn -0.435337812 0.557207286 0.707107425
vn -0.435337186 0.557209253 0.707106233
vn -0.218508348 0.672496796 0.707108259
vn -0.218505353 0.672500968 0.70710516
vn -0.0347841904 0.707499444 0.705857396
vn -0.039653603 0.707459807 0.705640256
vn 0.0246761478 0.706676364 0.707106411
vn 0.0246770382 0.706676364 0.707106352
vn 0.024671508 0.706677556 0.707105458
vn -0 0 1
vn -0 0 1
vn -0 0 1
vn -5.38247605E-07 0 1
vn -0 0 1
vn -0 0 1
vn -2.11846964E-06 0 1
vn -0 0 1
vn -0 0 1
vn -7.5431185E-06 0 1
vn -2.79202681E-07 0 1
vn 6.53748612E-06 0 1
vn 1.56613296E-05 0 1
vn -2.61516543E-05 0 1
vn -0 0 1
vn -2.63066198E-07 0 1
vn 9.99910753E-07 0 1
vn -2.05086621E-07 0 1
vn -1.01781808E-07 0 1
vn -0 0 1
vn -1.68349985E-07 0 1
vn -0 0 1
vn -1.46316623E-07 0 1
vn -0 0 1
vn -0 0 1
vn -0 0 1
vn 2.22872657E-07 0 1
vn -0 0 1
vn -1.38581669E-07 0 1
vn -6.65800371E-07 0 1
vn 5.88625369E-07 0 1
vn -9.99891654E-07 0 1
vn -0 0 1
vn -0 0 1
vn -3.0126219E-07 0 1
vn 1.91776485E-06 0 1
vn 1.59173146E-06 0 1
vn -1.70011432E-07 0 1
vn 9.58882538E-07 0 1
vn -0 0 1
vn 3.03037467E-07 0 1
vn 6.21237461E-07 0 1
vn -0 0 1
vn -0 0 1
vn -0 0 1
vn 5.56250598E-07 0 1
vn 2.5958534E-06 0 1
vn -0 0 1
vn -0 0 1
vn 2.92942423E-06 0 1
vn -4.41369508E-07 0 1
vn 2.11120187E-06 0 1
vn -0 0 1
vn -2.22881272E-06 0 1
vn -1.99117198E-06 0 1
vn 5.2491788E-07 0 1
vn -4.26800568E-07 0 1
vn 6.04890829E-07 0 1
vn -1.44520845E-06 0 1
vn 1.09966084E-06 0 1
vn 2.02602268E-06 0 1
vn -0.999804676 -0.0197635628 0
vn -0.999418259 -0.0341062732 0
vn -0.999804556 -0.0197701715 0
vn -0.999418259 -0.0341062658 0
vn -0.998028815 -0.0627561137 0
vn -0.998029053 -0.062752828 0
vn -0.987773836 -0.155893624 0
vn -0.987775087 -0.155885369 0
vn -0.928527474 -0.371263742 0
vn -0.928529859 -0.371257693 0
vn -0.784286916 -0.620398283 0
vn -0.784292459 -0.620391309 0
vn -0.575057864 -0.818112731 0
vn -0.575049877 -0.818118334 0
vn -0.318162113 -0.948036373 0
vn -0.318155497 -0.948038518 0
vn -0.106923498 -0.994267285 0
vn -0.106920443 -0.994267583 0
vn -0.0348995291 -0.999390841 0
vn -0.0349005572 -0.999390841 3.42337017E-07
vn 0.363317132 -0.93166548 2.0771563E-07
vn 0.77165848 -0.554474711 0.311610341
vn 0.427596629 -0.769302726 0.474693984
vn 0.956594288 0.291423023 0
vn 0.67794621 0.205432862 0.705823183
vn 0.956594527 0.291422427 0
vn 0.669320345 0.220463157 0.70951122
vn 0.925359726 0.37909025 0
vn 0.656083226 0.267789811 0.705580235
vn 0.925359726 0.379090309 0
vn 0.643707097 0.286095619 0.709781945
vn 0.583946288 0.757668555 0.291453183
vn 0.812325358 0.583204508 0
vn 0.532188952 0.603680015 0.593586922
vn -0 0 1
vn -0 0 1
vn -0 0 1
vn -0 0 1
vn -0 0 1
vn -0 0 1
vn -0 0 1
vn -0 0 1
vn -0 0 1
vn -0 0 1
vn -0 0 1
vn -0 0 1
vn -0 0 1
vn -0.0348989181 -0.999390841 0
vn -0.0348990262 -0.999390841 0
vn -0.12186873 -0.99254626 0
vn -0.121867307 -0.99254638 0
vn -0.374605328 -0.927184403 0
vn -0.374603182 -0.927185178 0
vn -0.66913116 -0.743144333 0
vn -0.669128478 -0.743146777 0
vn -0.882948101 -0.46947062 0
vn -0.882948101 -0.46947062 0
vn -0.990268171 -0.139172584 0
vn -0.990268171 -0.139172599 0
vn -0.978148341 0.207908392 0
vn -0.978148341 0.207908466 0
vn -0.848047376 0.529920399 0
vn -0.848050177 0.529915988 0
vn -0.615659177 0.788012564 0
vn -0.615660608 0.788011432 0
vn -0.309015065 0.951057076 0
vn -0.309020102 0.951055467 0
vn -0.0523357987 0.99862957 0
vn -0.0523377471 0.998629451 0
vn 0.0348995924 0.999390841 0
vn 0.0348995961 0.999390841 0
vn 0.674023867 0.229745641 0.702074766
vn 0.674023867 0.229745641 0.702074766
vn 0.674023867 0.229745641 0.702074766
vn 0.660574317 0.235352442 0.712917089
vn 0.687587261 0.169846758 0.705957472
vn 0.68079412 0.173231259 0.711695433
vn 0.683797657 0.171740457 0.709172606
vn 0.690602958 0.168329179 0.703372419
vn 0.651863158 0.289487183 0.700907707
vn 0.651863158 0.289487183 0.700907707
vn 0.651863158 0.289487183 0.700907707
vn 0.63483721 0.295280486 0.713996589
vn -0 0 1
vn -0 0 1
vn -0 0 1
vn -0 0 1
vn -0 0 1
vn -0 0 1
vn -0 0 1
vn -0 0 1
vn -0 0 1
vn -0 0 1
vn -0 0 1
vn -0 0 1
vn -0 0 1
vn -0 0 1
vn -0 0 1
vn -0 0 1
vn -0 0 1
vn -0 0 1
vn -0.887380362 -0.461038023 0
vn -0.887381792 -0.461035311 0
vn -0.898718238 -0.438526601 0
vn -0.898717999 -0.438526899 0
vn -0.887380004 -0.461038738 0
vn -0.919673622 -0.392683625 0
vn -0.919673622 -0.392683625 0
vn -0.929278374 -0.369380057 0
vn -0.929278374 -0.369380057 0
vn -0 0 1
vn -0 0 1
vn -0 0 1
vn -0 0 1
vn -0 0 1
vn -0 0 1
vn -0 0 1
vn -1.08263499E-07 0 1
vn 2.89426083E-07 0 1
vn -4.97860469E-07 0 1
vn -0 0 1
vn -9.67810593E-06 0 1
vn -0.0348992161 -0.999390841 0
vn -0.0348992161 -0.999390841 0
vn -0.107965998 -0.994154632 0
vn -0.107963644 -0.994154871 0
vn -0.322123289 -0.946697712 0
vn -0.322125554 -0.946696997 0
vn -0.581881464 -0.813273609 0
vn -0.581881464 -0.813273609 0
vn -0.792023182 -0.610490978 0
vn -0.792019725 -0.610495567 0
vn -0.909277439 -0.416190565 0
vn -0.909274399 -0.416197181 0
vn -0.94503361 -0.32697314 0
vn -0.945035338 -0.326968312 0
vn -0.954572976 -0.29797709 0
vn -0.954573989 -0.297973841 0
vn -0.959009767 -0.283373088 0
vn -0.959009767 -0.283373088 0
vn -0 0 1
vn -0 0 1
vn -0 0 1
vn -0 0 1
vn -0 0 1
vn -0 0 1
vn -0 0 1
vn -0 0 1
vn -0 0 1
vn -0 0 1
vn -0 0 1
vn 0.193908468 0.0800414011 0.977748871
vn -0 0 1
vn -0 0 1
vn -0 0 1
vn -0 0 1
vn 0.404023111 0.0950134173 0.909801006
vn 0.703331172 0.0896671191 0.7051844
vn 0.704241157 -0.0635757521 0.707108498
vn 0.704245448 -0.0635771528 0.707104087
vn 0.64820683 -0.282537907 0.707106888
vn 0.64820987 -0.282537162 0.707104504
vn 0.525945485 -0.472632557 0.70710659
vn 0.525945067 -0.472632587 0.707106948
vn 0.349946558 -0.61444056 0.707106829
vn 0.349945754 -0.614438593 0.707109034
vn 0.211159602 -0.676911235 0.705126047
vn 0.208197176 -0.67718786 0.705741107
vn 0.199886441 -0.67859143 0.706794977
vn 0.205094039 -0.67538774 0.708369851
vn 0.260698497 -0.65826267 0.706205785
vn 0.270495355 -0.651262403 0.709006011
vn 0.29557687 -0.642689228 0.706813097
vn 0.301865429 -0.635896862 0.710290372
vn -0.0246781111 -0.706675053 0.707107663
vn -0.0246779639 -0.706677914 0.707104802
vn -0.0246781372 -0.706674576 0.70710808
vn -0.0246779472 -0.706678331 0.707104445
vn -0.0349000059 -0.999390841 0
vn -0.0349000283 -0.999390841 0
vn -0.0348999985 -0.999390841 0
vn -0.0348999724 -0.999390841 0
vn -0.995990217 0.0894622803 0
vn -0.995990813 0.0894557238 0
vn -0.994604528 0.103738487 0
vn -0.994604886 0.103735089 0
vn -0.991219938 0.132223472 0
vn -0.991220891 0.132216796 0
vn -0.974493861 0.224414125 0
vn -0.974491954 0.224422276 0
vn -0.900371671 0.435121715 0
vn -0.900364637 0.43513611 0
vn -0.739108384 0.673586547 -1.06744082E-07
vn -0.739100039 0.673595667 0
vn -0.516587019 0.85623467 -2.05054477E-07
vn -0.516588628 0.856233776 -1.40089952E-07
vn -0.251250923 0.967921972 -2.81093094E-07
vn -0.251255155 0.967920959 -1.45873017E-07
vn -0.0373017862 0.999304056 0
vn 0.169536248 0.985519767 0.00288309762
vn 0.206038564 0.97767514 0.0412258878
vn 0.325473934 0.944858611 0.0361793116
vn 0.430667967 0.9017452 0.0371595882
vn 0.526479781 0.849172711 0.0415301956
vn 0.635032356 0.771128654 0.0457654297
vn -0.137379393 0.989660025 0.0412301905
vn 0.786489844 0.616068006 0.043519333
vn 0.731971681 0.680948079 0.0229593832
vn 0.870391965 0.4902381 0.04565439
vn -0.0993054509 0.995052278 0.00306903431
vn -0.257953227 0.965500593 0.0356209055
vn -0.371205956 0.927903235 0.0346653983
vn -0.465706259 0.884156287 0.0372185856
vn -0.595540941 0.802147329 0.0434807204
vn 0.960860491 0.276086479 -0.022874536
vn 0.942390382 0.334171206 -0.0151659818
vn 0.999697924 -0.0123888403 0.0212283023
vn 0.97430861 -0.21974203 0.0493565798
vn -0.742478788 0.668741882 0.0388518609
vn -0.740587533 0.671959937 4.17650299E-05
vn -0.86559701 0.499600083 0.0337876305
vn 0.925702453 -0.375953525 0.0416397341
vn 0.905183315 -0.424921364 0.00922364276
vn 0.827404082 -0.559752226 0.0456057303
vn -0.92617625 0.375587344 0.0336399376
vn -0.95030272 0.311300606 0.00409266632
vn -0.974313378 0.215420842 0.065631099
vn -0.997636914 0.0348383822 0.0592185445
vn 0.74159801 -0.669431329 0.0435217507
vn 0.682684064 -0.730352879 0.0229613781
vn 0.579695642 -0.813546777 0.0457657389
vn 0.46596396 -0.883828521 0.0415312573
vn 0.366652191 -0.929621637 0.0370095
vn -0.988768339 0.144061416 0.0397916436
vn 0.137378991 -0.989660025 0.0412293337
vn -0.995878339 0.0901323631 0.0101212393
vn 0.257954776 -0.965500057 0.0356215611
vn 0.0993047953 -0.995052397 0.0030682839
vn -0.999390602 0.0349062495 0
vn -0.206039429 -0.977674901 0.0412253514
vn -0.999739945 -0.0204385146 0.0101144286
vn -0.996407568 -0.0747487247 0.0398083292
vn -0.986509502 -0.156803459 0.047028847
vn -0.95284313 -0.303437054 -0.00398405781
vn -0.899812281 -0.435375839 0.0280294642
vn -0.169536874 -0.985519648 0.00288470741
vn -0.325475097 -0.944858193 0.0361787789
vn -0.435090095 -0.899713635 0.0348138362
vn -0.526247263 -0.849516809 0.0372152254
vn -0.650044501 -0.758651257 0.0434790626
vn -0.787318587 -0.615321159 0.0388510786
vn -0.785656154 -0.61866343 4.19123025E-05
vn -0.84928149 0.527940214 7.05431717E-07
vn -0.791892946 0.610660017 5.8100801E-07
vn -0.791893125 0.610659719 0
vn -0.84928149 0.527940333 7.85020234E-07
vn -0.937739193 0.347340226 2.12395165E-07
vn -0.937739193 0.347340167 0
vn -0.597947955 0.801534951 0
vn -0.428152174 -0.903666258 0.0085489573
vn -0.452129036 -0.891951263 0.0014951562
vn -0.434711695 -0.900545239 0.00662934221
vn -0.457166553 -0.889381111 0
vn -0.457166553 -0.889381111 0
vn 0.844712794 0.535219789 0
vn 0.844713151 0.535219252 0
vn 0.844713151 0.535219193 0
vn 0.844712973 0.53521955 1.0398881E-07
vn 0.844712734 0.535219967 0
vn 0.844711781 0.535221338 -4.53176654E-07
vn 0.844712198 0.535220802 -2.45850543E-07
vn 0.999506235 -0.0309711434 0.00531268539
vn 0.844713032 0.535219371 1.34670768E-06
vn 0.963060915 -0.26928398 0
vn 0.403739363 -0.914872527 0.00168296427
vn 0.319872975 -0.947413743 0.00940440595
vn 0.319577247 -0.947560251 -1.72200487E-07
vn 0.150457889 -0.988090634 -0.0322372019
vn 0.131243989 -0.991246879 -0.0143096717
vn -0.0348379835 -0.99763453 -0.0592591465
vn -0.21901767 -0.975188196 -0.0322370566
vn -0.200070202 -0.979677022 -0.0143094966
vn -0.38518244 -0.922792494 0.00940467604
vn -0.38489756 -0.922959268 0
vn -0.466574162 -0.884480417 0.0016829886
vn -0.999231815 0.0388261378 0.00531270169
vn -0.979499161 -0.201448277 0
vn -0.805320323 0.592839956 0
vn -0.805320024 0.592840254 0
vn -0.805319428 0.592841148 0
vn -0.805320561 0.592839658 -6.73353895E-07
vn -0.805320203 0.592840135 0
vn -0.805320263 0.592840075 1.03988867E-07
vn -0.805320203 0.592840135 0
vn -0.805320024 0.592840314 0
vn 0.753512859 0.477433592 0.451968491
vn 0.753512323 0.477433801 0.451969117
vn 0.753513277 0.477433413 0.451967895
vn 0.753512204 0.47743383 0.451969266
vn 0.500000179 0.866025329 0
vn 0.5 0.866025448 0
vn 0.500000119 0.866025329 0
vn 0.49999997 0.866025448 0
vn 0.100515828 -0.300513417 0.948466241
vn 0.126037449 -0.2915546 0.948214412
vn 0.127755806 -0.292185813 0.947790027
vn 0.0976474881 -0.300378501 0.948808551
vn 0.0453568324 -0.313364029 0.94854933
vn 0.0439255759 -0.313034147 0.948725581
vn -0.0110456645 -0.316305399 0.94859308
vn -0.0110364193 -0.316034645 0.948683441
vn -0.06565433 -0.30920732 0.9487257
vn -0.0671052486 -0.309436262 0.948549449
vn -0.118363015 -0.292835355 0.948808551
vn -0.121234059 -0.292769849 0.948466241
vn -0.146068469 -0.282052249 0.948214412
vn -0.147826627 -0.282561958 0.947790027
vn 0.25980863 -0.769000292 0.584070265
vn 0.327365547 -0.744086027 0.582381129
vn 0.328670204 -0.74448359 0.581136942
vn 0.256667495 -0.769291043 0.585075319
vn 0.117541991 -0.802966595 0.584318817
vn 0.115951136 -0.802823722 0.584832788
vn -0.0283183586 -0.810936928 0.58444798
vn -0.0283116885 -0.810747504 0.584711015
vn -0.171670899 -0.792779684 0.584832788
vn -0.173267901 -0.792811215 0.584318995
vn -0.309705645 -0.749512672 0.585075438
vn -0.312818825 -0.749003589 0.584070206
vn -0.378473014 -0.71943754 0.582381129
vn -0.379802257 -0.719743073 0.581136823
vn -0.506709874 0.862116635 0
vn -0.503459871 0.864018321 -0.000697515847
vn -0.527674079 0.849446833 -0.000175949186
vn -0.530441642 0.847721279 -0.000575445651
vn -0.578613639 0.815601707 0.000290119788
vn -0.587864459 0.808959484 -9.75040821E-05
vn -0.600478053 0.799640715 0.000903607288
vn -0.606784821 0.794866145 0
vn -0.355063975 0.610045612 0.708360136
vn -0.383001506 0.594722033 0.706834853
vn -0.372277051 0.600887477 0.707350075
vn -0.407987148 0.578857183 0.706024706
vn -0.404293954 0.580233753 0.707018673
vn -0.429605633 0.56114459 0.707499683
vn -0.429400742 0.56328249 0.705923498
vn -0.441814482 0.550554752 0.708300352
vn 0.59730351 0.378457069 0.707105875
vn 0.597303033 0.378457129 0.707106233
vn 0.597302377 0.378457218 0.707106829
vn 0.597302258 0.378457248 0.707106888
vn -4.75868228E-06 0 1
vn -0 0 1
vn -5.50950517E-07 0 1
vn 2.75654793E-06 0 1
vn 3.67475764E-06 0 1
vn -3.64032644E-07 0 1
vn -0 0 1
vn -0 0 1
vn -0 0 1
vn -0 0 1
vn -0 0 1
vn -1.09731548E-06 0 1
vn -1.16573176E-06 0 1
vn -1.49521065E-06 0 1
vn -0 0 1
vn -0 0 1
vn -0 0 1
vn -0.218671381 0.668578982 0.710763693
vn -0.276507944 0.64570117 0.711767733
vn -0.258018553 0.660077691 0.705495477
vn -0.195424944 0.681256056 0.705477953
vn -0.0920542628 0.702482522 0.70572257
vn -0.079416953 0.698829591 0.710865796
vn -0.00100087922 0.704873741 0.709332108
vn -0.0035424158 0.694826484 0.719168603
vn 0.0383796394 0.704829633 0.708337605
vn -3.33476637E-05 0.719363034 0.694634318
vn 0.0758002773 0.700649917 0.709467411
vn 0.0745925307 0.706347823 0.703923762
vn 0.119161189 0.695473254 0.708602548
vn 0.126671776 0.692358434 0.710347712
vn 0.146037281 0.640232205 0.754172206
vn 0.145919293 0.629132569 0.763478756
vn 0.508871198 -0.496164173 0.703470767
vn 0.522686958 -0.479733735 0.704736769
vn 0.532773614 -0.474483639 0.70072639
vn 0.500341177 -0.500433445 0.706558704
vn 0.476777017 -0.524094224 0.705697536
vn 0.463006794 -0.539182246 0.703496397
vn -0.0810719728 -0.546558142 0.83348757
vn -0.0960163847 -0.551731527 0.828476429
vn -0.597302496 -0.378457814 0.707106292
vn -0.597302318 -0.378457904 0.707106352
vn -0.59730196 -0.378457695 0.707106829
vn 0.309974939 0.635545075 0.707105219
vn 0.309976399 0.63554585 0.707104087
vn 0.30997324 0.635544956 0.707106173
vn 0.309975564 0.635543704 0.707106292
vn 0.309974879 0.635543227 0.707107067
vn 0.309974074 0.635542929 0.707107663
vn 0.0246775225 0.706676364 0.707106411
vn 0.0246775243 0.706676006 0.707106829
vn 0.0246775225 0.706676543 0.707106173
vn 0.0246775262 0.7066769 0.707105815
vn -0 0 1
vn -0 0 1
vn -0 0 1
vn -0 0 1
vn -0 0 1
vn 0.592766404 -0.384227246 0.707811654
vn 0.596966565 -0.377112508 0.708108127
vn 0.595113814 -0.382065505 0.707011759
vn 0.590049446 -0.390117526 0.706859291
vn 0.583677828 -0.39813143 0.707680404
vn 0.582367063 -0.401215822 0.707018077
vn 0.607769251 -0.363346875 0.7061131
vn 0.609913766 -0.360474735 0.705735922
vn 0.675356388 -0.209505767 0.707107544
vn 0.675356805 -0.209498525 0.707109213
vn 0.706961334 0.0142931705 0.707107723
vn 0.706961274 0.0142960893 0.707107663
vn 0.666335106 0.236633256 0.707108259
vn 0.666335285 0.236636356 0.707107067
vn 0.55763334 0.434794098 0.707106173
vn 0.55763185 0.434791118 0.707109153
vn 0.391957223 0.588532984 0.707105637
vn 0.391955018 0.588531792 0.707107842
vn 0.257863253 0.660531938 0.705127001
vn 0.254928559 0.66101563 0.705740571
vn 0.246732593 0.66299504 0.70679599
vn 0.251706213 0.659435928 0.708370149
vn 0.30598098 0.638473094 0.70620662
vn 0.315266788 0.630805194 0.709007502
vn 0.339688808 0.620504081 0.70681411
vn 0.345487297 0.613288403 0.710292757
vn -0.458830923 0.888523579 0
vn -0.458829135 0.888524532 0
vn -0.458829135 0.888524532 0
vn -0.458830953 0.888523579 0
vn 0.297944576 0.954581678 -0.00173038652
vn 0.297384709 0.954754412 -0.00251903781
vn 0.292905629 0.956075907 -0.0111840786
vn 0.565911353 0.804878354 0.178648338
vn 0.513473272 0.818827391 0.25664553
vn 0.442708522 0.836163521 0.323789775
vn 0.355879724 0.855548024 0.376015007
vn 0.70846194 0.591315567 0.385262996
vn 0.793641686 0.576330006 0.194875568
vn 0.548470855 0.621524513 0.559363067
vn 0.79936558 0.578159094 0.163544282
vn 0.816756904 0.568773091 0.0969808474
vn 0.816678107 0.57123816 0.0819991902
vn 0.331989229 0.663684189 0.670303285
vn 0.198626712 0.681915283 0.703945398
vn 0.236427292 0.666836441 0.706704497
vn 0.145345151 0.692006826 0.707107663
vn 0.145344436 0.692006648 0.707107961
vn 0.0853270292 0.701938987 0.707107365
vn 0.0853268877 0.701938689 0.707107663
vn 0.0246780161 0.706675589 0.707107246
vn 0.0246780813 0.706675768 0.707106948
vn -0.0361546949 0.706181884 0.707106709
vn -0.0361544676 0.706180811 0.707107782
vn -0.0967192128 0.700460255 0.707107365
vn -0.0967191681 0.700459421 0.70710808
vn -0.135594755 0.694150448 0.706943572
vn -0.19161047 0.694093108 0.693916559
vn -0.23860459 0.686830997 0.686535478
vn -0.370594293 0.680455506 0.632170916
vn -0.427128792 0.66710341 0.610355675
vn -0.555913568 0.659040153 0.506582797
vn -0.60795927 0.645917892 0.46170941
vn -0.68593514 0.643622696 0.33947444
vn -0.736043215 0.630130947 0.247336492
vn -0.756455839 0.632533252 0.166362032
vn -0.77502507 0.620037913 0.122021109
vn -0.774730802 0.626717269 0.0837712437
vn 0.990362704 -0.0345852114 0.13411063
vn 0.987958789 -0.0402368344 0.149393529
vn 0.96324724 -0.0318749174 0.266718656
vn 0.926504433 -0.038402684 0.374319196
vn 0.845950365 -0.0238969401 0.53272593
vn 0.77925396 -0.0289048608 0.626041412
vn 0.626247942 -0.0180491079 0.779415071
vn 0.590411663 -0.0154132145 0.806955099
vn 0.329419345 -0.00675968453 0.944159508
vn 0.400173426 -0.0127805937 0.916350305
vn 0.197205052 -0.00778769096 0.980331361
vn 0.0755182356 0.000627185218 0.997144163
vn 0.0518597811 -0.00181112951 0.998652697
vn -0 0 1
vn -0 0 1
vn -0 0 1
vn -0 0 1
vn -0 0 1
vn -0 0 1
vn -3.61017385E-07 0 1
vn -1.0143053E-07 0 1
vn -6.70510587E-07 0 1
vn 2.99056012E-07 0 1
vn 1.76164249E-07 0 1
vn -0.0601092763 0.00356479269 0.998185456
vn -0 0 1
vn -0 0 1
vn -0.0518621877 0.00181112986 0.998652577
vn -0.197411135 0.00591212185 0.98030293
vn -0.25884226 0.0130550042 0.965831399
vn -0.398149431 0.0109432731 0.917255282
vn -0.522366762 0.0247869287 0.852360666
vn -0.597391903 0.0172117278 0.801764727
vn -0.771172225 0.0302918442 0.635905504
vn -0.782401383 0.0263661407 0.622216105
vn -0.920861006 0.0383914784 0.387996435
vn -0.93936789 0.0310851559 0.34149915
vn -0.985745072 0.0375738367 0.16399616
vn -0.98474139 0.0343897305 0.170592576
vn -0.208094597 -0.568820953 0.79570055
vn -0.275191247 -0.648911953 0.709353983
vn -0.20340465 -0.557257116 0.805041015
vn -0.236859813 -0.63779062 0.732885122
vn -0.24600789 -0.651991606 0.717207789
vn -0.252142996 -0.656439424 0.710993052
vn -0.272247106 -0.65437144 0.705464125
vn -0.308490008 -0.638451397 0.705133855
vn -0.27859509 -0.647905469 0.708945155
vn -0.329418451 -0.623435438 0.709092259
vn -0.366299391 -0.607435048 0.704873979
vn -0.374146044 -0.599684715 0.707384586
vn -0.396146178 -0.593124032 0.700908005
vn -0.316023022 -0.632944763 0.706760466
vn -0.277651042 -0.680001915 0.678606868
vn -0.277447999 -0.686994553 0.671610832
vn -0.350025505 -0.620875597 0.701424003
vn -0.428139776 -0.565899014 0.704595506
vn -0.435269088 -0.55812639 0.706424654
vn -0.483502209 -0.531978428 0.69514358
vn -0.484221071 -0.532355666 0.694353878
vn 0.706675887 -0.0246772841 0.707106948
vn 0.706675172 -0.0246766582 0.707107663
vn 0.706675649 -0.0246782079 0.707107127
vn 0.706675947 -0.0246786177 0.707106769
vn 0.706673563 -0.0246792976 0.707109094
vn 0.706478477 0.200720683 -0.678674757
vn 0.706582785 0.200671777 -0.678580523
vn 0.704531074 0.201272696 -0.680533111
vn 0.704524338 0.201634794 -0.680432916
vn 0.710067391 0.0997659117 -0.697030187
vn 0.707237959 -0.0164916888 -0.706783235
vn 0.707499802 0.0347829163 -0.705856979
vn 0.707457244 0.0396512374 -0.705642879
vn 0.672498226 0.218509287 -0.70710659
vn 0.672499657 0.218509048 -0.707105339
vn 0.557208538 0.435337543 -0.70710659
vn 0.557208717 0.435337424 -0.707106531
vn 0.374709904 0.599661767 -0.707105458
vn 0.374711365 0.599662423 -0.707104146
vn 0.147017226 0.691657662 -0.70710361
vn 0.14701806 0.691657603 -0.70710355
vn -0.0984092131 0.700227916 -0.707104206
vn -0.098408632 0.700228214 -0.707104087
vn -0.331962705 0.624340415 -0.70710659
vn -0.331964999 0.624340296 -0.707105637
vn -0.525484324 0.473147631 -0.707105041
vn -0.525486708 0.473146737 -0.707103789
vn -0.655617595 0.264888436 -0.707106531
vn -0.655620039 0.264886826 -0.707104802
vn -0.702971101 0.0889053345 -0.70563978
vn -0.703355551 0.0840502679 -0.705851614
vn -0.706669033 0.0328796133 -0.706779897
vn -0.70139724 0.148991033 -0.697024763
vn -0.688877046 0.250237733 -0.680315733
vn -0.688747883 0.250287384 -0.680428267
vn -0.690760374 0.249512613 -0.678670406
vn -0.690867841 0.249471158 -0.678576231
vn 0.708985448 0.563188493 -0.424450725
vn 0.708832741 0.563302875 -0.424553841
vn 0.706813633 0.564813375 -0.425911129
vn 0.706732929 0.564902902 -0.425926328
vn 0.706780434 0.564909637 -0.4258385
vn -0.657488465 0.751015246 -0.0607040189
vn -0.658702016 0.752403855 -1.13685394E-06
vn -0.658701956 0.752403915 -1.2502037E-06
vn -0.657228708 0.750845671 -0.0654299781
vn -0.616444945 0.748281002 -0.245094106
vn -0.616111457 0.748458266 -0.245391354
vn -0.496741772 0.737542152 -0.457470387
vn -0.496091306 0.737805963 -0.457750827
vn -0.318212956 0.724042356 -0.61196661
vn -0.317569256 0.72428143 -0.612018108
vn -0.104328088 0.711853027 -0.694536448
vn -0.104036711 0.71195966 -0.694470882
vn 0.122008279 0.703711748 -0.699931145
vn 0.121877186 0.703620136 -0.700046241
vn 0.339127839 0.700464964 -0.627965868
vn 0.33881402 0.700195193 -0.628436029
vn 0.524427176 0.701115906 -0.483127922
vn 0.524236321 0.700787783 -0.483810604
vn 0.64440608 0.702869773 -0.301189125
vn 0.643159688 0.702532947 -0.30461967
vn 0.695528686 0.704279721 -0.142232239
vn 0.695517361 0.704229534 -0.142535463
vn 0.709080279 0.704175651 -0.0366316289
vn 0.709150076 0.704184473 -0.0350766294
vn 0.709583759 0.704621077 -1.13685496E-06
vn 0.709583461 0.704621375 -1.25020426E-06
vn -0.0831348822 0.807293773 -0.584264815
vn -0.0561315902 0.80943656 -0.584518313
vn -0.0527939685 0.810301781 -0.583629847
vn -0.0853126794 0.806754291 -0.584695756
vn -0.140363485 0.79901731 -0.584695995
vn -0.142605692 0.798935771 -0.584264755
vn -0.169153407 0.793552101 -0.58451885
vn -0.172599897 0.793464422 -0.583629668
vn -0.064475663 0.304337531 -0.95037967
vn -0.0652077794 0.307582021 -0.949284494
vn -0.0548005253 0.311743379 -0.948584735
vn -0.0624755174 0.310041666 -0.948668003
vn -0.0527464896 0.311828017 -0.948673368
vn -0.0352487415 0.314287096 -0.948673368
vn -0.0332512408 0.31477204 -0.948584616
vn -0.0254020505 0.315251917 -0.948668003
vn -0.022098396 0.313651353 -0.949281096
vn -0.0219058376 0.310345232 -0.950371504
vn -0.835027516 0.348188877 -0.426020563
vn -0.835026264 0.348210037 -0.426005781
vn -0.835111678 0.3481116 -0.425918758
vn -0.836640835 0.34610188 -0.424553216
vn -0.836756289 0.34594968 -0.424449831
vn -0.874698877 0.480851591 -0.0606931895
vn -0.876315594 0.481737494 5.68426231E-07
vn -0.876315653 0.481737316 6.25100824E-07
vn -0.874397695 0.480780214 -0.0654148981
vn -0.835205615 0.492315888 -0.245064601
vn -0.834953606 0.492595822 -0.245360255
vn -0.719064713 0.523157418 -0.457441062
vn -0.718542039 0.523629129 -0.457722574
vn -0.546704471 0.571527779 -0.611939728
vn -0.546179593 0.571974695 -0.611990929
vn -0.341555923 0.633229971 -0.69452095
vn -0.341319263 0.63342905 -0.694455743
vn -0.126092508 0.702988923 -0.699933648
vn -0.126185343 0.702853501 -0.700052977
vn 0.0790423751 0.774187565 -0.628001571
vn 0.0788404718 0.773824751 -0.628473878
vn 0.252954721 0.838175774 -0.483192831
vn 0.252888232 0.837804496 -0.483870983
vn 0.365111709 0.880867362 -0.3012743
vn 0.364053726 0.880121171 -0.304715782
vn 0.412690908 0.899685264 -0.142311782
vn 0.412697107 0.899632573 -0.142626226
vn 0.42547524 0.904227316 -0.0366577655
vn 0.42553854 0.904259145 -0.0351018384
vn 0.42579785 0.904818356 -1.13685269E-06
vn 0.425797582 0.904818416 -1.25020165E-06
vn -0.732823491 -0.000631631527 -0.680418551
vn -0.73452574 -0.00186235469 -0.678578138
vn -0.734439135 -0.00178676785 -0.678672194
vn -0.708359838 -0.106172323 -0.697820842
vn -0.710051715 -0.0998826995 -0.697029352
vn -0.689683259 -0.161577344 -0.705853999
vn -0.690982699 -0.156885147 -0.705641389
vn -0.70667851 0.0246785041 -0.707104206
vn -0.706676662 0.024678262 -0.707105994
vn -0.655618489 0.264887363 -0.707106054
vn -0.655616224 0.264888912 -0.707107663
vn -0.525483549 0.473147392 -0.707105637
vn -0.525485039 0.47314781 -0.707104325
vn -0.331968218 0.624340415 -0.707103968
vn -0.331970125 0.624341726 -0.707101882
vn -0.0984100476 0.700226426 -0.707105637
vn -0.0984059125 0.700226426 -0.707106233
vn 0.147019014 0.691657305 -0.70710355
vn 0.147017106 0.691656888 -0.707104385
vn 0.374710113 0.59966296 -0.707104325
vn 0.374709457 0.599663854 -0.707104087
vn 0.5572083 0.435339749 -0.707105517
vn 0.557207704 0.435338974 -0.707106352
vn 0.651230752 0.279226512 -0.705642223
vn 0.652938008 0.274665773 -0.705854654
vn 0.635491073 0.330462605 -0.697814763
vn 0.633244812 0.336368769 -0.697034359
vn 0.593329549 0.430092812 -0.680426538
vn 0.595223963 0.430248201 -0.678671479
vn 0.595337689 0.430238038 -0.678578198
vn -0.0857848674 0.304471314 -0.948650718
vn -0.09047506 0.30277732 -0.948757172
vn -0.0831087828 0.304837942 -0.948771179
vn -0.0919836313 0.302539498 -0.948687911
vn -0.104772069 0.298131824 -0.948757172
vn -0.103412077 0.29882592 -0.94868803
vn -0.109561436 0.296745449 -0.948650837
vn -0.11194329 0.295468986 -0.948771179
vn 1.68113402E-07 0 -1
vn -0 0 -1
vn -0 0 -1
vn -0 0 -1
vn -0 0 -1
vn -0 0 -1
vn 1.72866476E-06 0 -1
vn 1.36550864E-06 0 -1
vn -0 0 -1
vn -0 0 -1
vn -0 0 -1
vn -0 0 -1
vn -0 0 -1
vn -0 0 -1
vn 0.184442773 0.982245564 0.0342692174
vn 0.132570028 0.991172731 -0.00134544063
vn 0.231018335 0.97234565 0.0342701003
vn 0.282037407 0.959402442 -0.00134443748
vn -0.665691137 0.61274296 -0.42591241
vn -0.667811811 0.611376405 -0.424554199
vn -0.667972088 0.611272931 -0.424450994
vn -0.6655913 0.612838566 -0.425930947
vn -0.665619671 0.612865508 -0.425847918
vn 0.723195374 -0.043742381 -0.689256907
vn 0.730536103 -0.0510225892 -0.680965304
vn 0.723587751 -0.044128634 -0.688820243
vn 0.731015503 -0.051502239 -0.680414498
vn 0.858850718 0.286735356 -0.424450606
vn 0.858746111 0.286895603 -0.424553931
vn 0.857361197 0.289010495 -0.425916404
vn 0.857281089 0.289132208 -0.425994724
vn -0 0 -1
vn -0 0 -1
vn -0 0 -1
vn -0 0 -1
vn -0 0 -1
vn -0 0 -1
vn -0 0 -1
vn -0 0 -1
vn -0 0 -1
vn -0 0 -1
vn -0 0 -1
vn -0 0 -1
vn -0 0 -1
vn -0 0 -1
vn 0.109189339 0.804645658 -0.58362931
vn 0.112458259 0.803548992 -0.584518671
vn 0.139246076 0.799528182 -0.584264696
vn 0.141381189 0.798838139 -0.584695637
vn 0.197989315 0.787041962 -0.584264755
vn 0.195758536 0.787280083 -0.584695339
vn 0.224097386 0.779819548 -0.584518433
vn 0.227529496 0.779491305 -0.583629668
vn 0.0839349851 0.304929703 -0.948668957
vn 0.0871483088 0.304679543 -0.948459566
vn 0.0763866454 0.307185113 -0.948579133
vn 0.0743703321 0.307389051 -0.948673368
vn 0.0570854619 0.311062843 -0.948673368
vn 0.0551275164 0.31168592 -0.948584616
vn 0.0473307669 0.312712252 -0.948667884
vn 0.0439292341 0.311362326 -0.949275374
vn 0.0435138978 0.308099657 -0.950358391
vn -0 0 -1
vn -0 0 -1
vn -0 0 -1
vn -0 0 -1
vn -0 0 -1
vn -0 0 -1
vn -0 0 -1
vn -0 0 -1
vn -0 0 -1
vn -0 0 -1
vn -0 0 -1
vn -0 0 -1
vn -0 0 -1
vn -0 0 -1
vn 0.0235247239 0.315449089 -0.948650837
vn 0.0185363926 0.315462232 -0.948757052
vn 0.0261628684 0.314879388 -0.948771
vn 0.0170395598 0.315754026 -0.94868803
vn 0.00502905948 0.316173494 -0.94868803
vn 0.00351350312 0.315986961 -0.948757052
vn -0.00146217411 0.316321611 -0.948650837
vn -0.00413510948 0.315937608 -0.948771
vn 3.63147046E-05 0.811321437 -0.584600329
vn -0.00287149474 0.811029375 -0.584998488
vn 0.0128065385 0.810982943 -0.584929585
vn 0.0144597478 0.811107755 -0.58471787
vn 0.0421541482 0.810140491 -0.584718168
vn 0.0437952019 0.809900939 -0.584929526
vn 0.056557592 0.809347332 -0.584600866
vn 0.0594382733 0.808853567 -0.584998369
vn -0.161403164 0.272260487 -0.948590219
vn -0.162045002 0.271672994 -0.948649108
vn -0.15465185 0.275741398 -0.948709369
vn -0.153080076 0.276953995 -0.948611021
vn -0.139526248 0.283539385 -0.94875598
vn -0.136217535 0.285720199 -0.94858247
vn -0.131122097 0.287632138 -0.94872272
vn -0.126790345 0.287936419 -0.949219108
vn -0.125657395 0.285257697 -0.950178027
vn -0.904319048 0.10611333 -0.413457453
vn -0.904319525 0.10611295 -0.413456529
vn -0.904318452 0.106112763 -0.413458854
vn -0.904317856 0.106112279 -0.413460195
vn -0.904317081 0.106109098 -0.413462818
vn -0.412809938 0.698678136 -0.58432585
vn -0.413501024 0.698092043 -0.584537745
vn -0.392403275 0.709939897 -0.584811926
vn -0.390621305 0.711244524 -0.584419489
vn -0.349119812 0.732039452 -0.58500731
vn -0.345418423 0.734403551 -0.584240854
vn -0.326026529 0.742772818 -0.584803581
vn -0.322255939 0.745162308 -0.583853006
vn -0.663033545 -0.286521971 -0.691586435
vn -0.716980517 -0.189560309 -0.670824766
vn -0.717131734 -0.194693252 -0.669191062
vn -0.683487356 -0.258395404 -0.682698131
vn -0.59730202 -0.378456771 -0.707107246
vn 0.470873564 0.772547364 -0.425968021
vn 0.470884889 0.772561133 -0.425930411
vn 0.47100234 0.7724967 -0.425917447
vn 0.473426938 0.771765649 -0.424552262
vn 0.473610282 0.771710157 -0.424448788
vn 0.606721759 -0.37112844 0.702959776
vn 0.606372535 -0.369939744 0.703887045
vn 0.613752365 -0.354678214 0.705344796
vn 0.611220181 -0.355735987 0.707009077
vn 0.624756217 -0.333705306 0.705918133
vn 0.631160617 -0.323308736 0.705058634
vn 0.637581646 -0.312347889 0.704221845
vn 0.642875254 -0.309082866 0.700841725
vn -0.0246778131 -0.706674874 0.707107961
vn -0.0246775039 -0.706674576 0.7071082
vn -0.0246778987 -0.706674874 0.707107842
vn -0.0246774685 -0.706674516 0.707108259
vn -0 0 1
vn -0 0 1
vn -0 0 1
vn -0 0 1
vn -0 0 1
vn -0 0 1
vn -0 0 1
vn -0 0 1
vn -0.567431509 0.410259873 0.713938594
vn -0.582895875 0.395681888 0.709695876
vn -0.575379848 0.406136632 0.709923208
vn -0.59254092 0.382180452 0.709107459
vn -0.605664134 0.360334724 0.709457397
vn -0.609547615 0.357790053 0.707416415
vn -0.614012063 0.342351228 0.711185515
vn -0.613584161 0.341168284 0.712122619
vn 0.0246778559 0.706675291 0.707107425
vn 0.0246777851 0.706675649 0.707107127
vn 0.0246778782 0.706675172 0.707107544
vn 0.0246777739 0.706675649 0.707107127
vn -0 0 1
vn -0 0 1
vn -0 0 1
vn -0 0 1
vn -0 0 1
vn -0 0 1
vn -0 0 1
vn -0 0 1
vn -0 0 1
vn -0 0 1
vn -0 0 1
vn 0.180004686 0.260336488 -0.9485901
vn 0.173510224 0.264282048 -0.94870919
vn 0.180601433 0.259708256 -0.94864887
vn 0.17202802 0.265600085 -0.948611021
vn 0.158965155 0.273116142 -0.94875586
vn 0.150585607 0.275743067 -0.949362814
vn 0.15086706 0.277784884 -0.94872272
vn 0.145467654 0.276283234 -0.950003505
vn 0.145233691 0.27589488 -0.950152218
vn 0.024677312 0.706676364 -0.707106411
vn 0.0246773344 0.706676245 -0.707106531
vn 0.0246775411 0.706675231 -0.707107544
vn 0.0246775895 0.706674993 -0.707107782
vn -0.541675091 -0.454517812 -0.707107902
vn -0.541656435 -0.454490602 -0.707139611
vn -0.541628361 -0.454449266 -0.707187831
vn -0.541676044 -0.454519182 -0.707106292
vn -0.541676283 -0.45451951 -0.707105935
vn -0.0246775355 -0.706674814 -0.707107902
vn -0.0246776249 -0.70667541 -0.707107365
vn -0.0246776268 -0.70667541 -0.707107306
vn -0.0246775169 -0.706674755 -0.70710808
vn 0.844712913 0.53521961 3.69346083E-07
vn 0.844712734 0.535219908 2.16317616E-07
vn 0.844712913 0.535219789 0
vn 0.844713032 0.535219371 1.86865392E-07
vn 0.844713211 0.535219133 0
vn 0.844712913 0.535219669 0
vn 0.904319108 -0.10611105 -0.413457781
vn 0.904317558 -0.106107228 -0.413462251
vn 0.904318511 -0.106110506 -0.413459361
vn 0.904319823 -0.10611169 -0.413456231
vn 0.904320419 -0.106111377 -0.413455099
vn 0.412810475 -0.698678017 -0.584325731
vn 0.413506806 -0.698087871 -0.584538519
vn 0.392404586 -0.709938884 -0.584812284
vn 0.39062044 -0.71124512 -0.58441931
vn 0.349119246 -0.732039928 -0.585007131
vn 0.345410019 -0.73440361 -0.584245861
vn 0.326038867 -0.742765427 -0.584806144
vn 0.322306931 -0.745129824 -0.583866298
vn -0.582672 -0.431305915 -0.688816726
vn -0.582123458 -0.431349277 -0.68925333
vn -0.59289062 -0.430131465 -0.680784523
vn -0.593106985 -0.4304111 -0.680419326
vn -0.593444645 -0.42970264 -0.680572629
vn -0.469596088 -0.773189723 -0.426212668
vn -0.469596088 -0.773189723 -0.426212668
vn -0.469596088 -0.773189723 -0.426212668
vn -0.469596088 -0.773189723 -0.426212668
vn -0 0 -1
vn -0 0 -1
vn -0 0 -1
vn -0 0 -1
vn -0 0 -1
vn -0 0 -1
vn -0 0 -1
vn -0 0 -1
vn -0 0 -1
vn -0 0 -1
vn -0 0 -1
vn -0 0 -1
vn -0 0 -1
vn -0 0 -1
vn -0 0 -1
vn -0 0 -1
vn -0 0 -1
vn -0 0 -1
vn -0 0 -1
vn -0 0 -1
vn -0.0763869211 -0.307185173 -0.948579073
vn -0.0839339346 -0.304929554 -0.948669136
vn -0.087148346 -0.304680169 -0.948459387
vn -0.0743702352 -0.307388932 -0.948673368
vn -0.0551608726 -0.311696708 -0.948579133
vn -0.0570858642 -0.311063021 -0.948673368
vn -0.0473472401 -0.31270647 -0.948669076
vn -0.0443094335 -0.313785344 -0.948459446
vn -0.856729627 -0.290444881 -0.426211208
vn -0.856729627 -0.290444881 -0.426211208
vn -0.856729627 -0.290444881 -0.426211208
vn -0.856729627 -0.290444881 -0.426211208
vn -0.139236972 -0.799525678 -0.584270358
vn -0.109246574 -0.804626286 -0.583645105
vn -0.112472683 -0.803544044 -0.584522724
vn -0.141381413 -0.798838258 -0.584695339
vn -0.197996929 -0.787036061 -0.58427006
vn -0.195758834 -0.787279963 -0.584695339
vn -0.224082232 -0.779820502 -0.584522963
vn -0.227470085 -0.779497445 -0.583644629
vn 0.664521456 -0.613801718 -0.426214397
vn 0.664521456 -0.613801718 -0.426214397
vn 0.664521456 -0.613801718 -0.426214397
vn 0.664521456 -0.613801718 -0.426214397
vn 0.454516858 -0.541672051 -0.707110882
vn 0.45451951 -0.541675806 -0.707106233
vn 0.454519242 -0.541675329 -0.707106829
vn 0.45451653 -0.541671634 -0.707111418
vn 0.642547369 -0.280860513 0.712916732
vn 0.642547369 -0.280860513 0.712916732
vn 0.642547369 -0.280860513 0.712916732
vn 0.656356335 -0.276203275 0.702074111
vn -0.26488772 0.655619085 0.707105517
vn -0.264887542 0.655618727 0.707105815
vn -0.264887899 0.65561974 0.707104683
vn -0.264888376 0.65561837 0.707105935
vn -0.264887929 0.655619204 0.70710516
vn -0.264889091 0.655617416 0.707106411
vn -0.777460098 0.628932297 0
vn -0.777460098 0.628932238 0
vn -0.777460098 0.628932238 0
vn -0.777460098 0.628932238 0
vn 0.670297205 -0.23021242 0.705481291
vn 0.706677198 -0.0246775877 0.707105577
vn 0.712013662 -0.0248639435 0.701725245
vn 0.684722245 0.182894602 0.705482066
vn 0.660990417 -0.269139647 0.700468063
vn 0.678153515 0.22237511 0.700469255
vn 0.570331097 -0.425884992 0.70238477
vn 0.598648548 0.385060519 0.702387571
vn 0.527692437 -0.481328875 0.699902296
vn 0.559981465 0.443344593 0.699904561
vn 0.411367238 -0.586075425 0.698063433
vn 0.451247543 0.555953503 0.698062479
vn 0.331230104 -0.63182199 0.700776398
vn 0.374496162 0.607178926 0.700775623
vn 0.205535784 -0.689359903 0.694649518
vn 0.253121674 0.673343182 0.694649756
vn 0.0975583792 -0.705876112 0.701584816
vn 0.146559954 0.697350621 0.701585472
vn -0.02514771 -0.720133483 0.693379641
vn 0.0251473822 0.720133781 0.693379343
vn -0.146560237 -0.697351456 0.701584697
vn -0.0975587443 0.705876827 0.701583922
vn -0.253121912 -0.67334342 0.694649518
vn -0.205535784 0.689360619 0.694648862
vn -0.374496102 -0.607178569 0.700775981
vn -0.33122915 0.631822765 0.700776219
vn -0.451247931 -0.555952489 0.698063135
vn -0.411366403 0.586075783 0.698063672
vn -0.559981942 -0.443342954 0.699905217
vn -0.527691007 0.481326729 0.699904859
vn -0.598648369 -0.385059595 0.702388108
vn -0.570329487 0.425882548 0.702387571
vn -0.6781528 -0.222376242 0.700469673
vn -0.660990238 0.269140422 0.700467944
vn -0.684721529 -0.182895079 0.705482721
vn -0.670297146 0.230213583 0.705480874
vn -0.712012291 0.0248641931 0.701726615
vn -0.706675053 0.0246774275 0.707107663
vn 0.95105648 0.30901739 1.03674824E-06
vn 0.95105648 0.30901742 1.0709864E-06
vn 0.95105654 0.309017062 2.44627722E-06
vn 0.951056004 0.309018373 -2.09272025E-06
vn 0.95105654 0.309016913 2.4843489E-06
vn 0.951056004 0.309018344 -2.32170237E-06
vn 0.920505106 0.390730441 1.83946369E-07
vn 0.920505524 0.390729755 0
vn 0.788012803 0.615658939 0
vn 0.788011372 0.615660727 0
vn 0.529918134 0.848048806 0
vn 0.529916465 0.848049819 0
vn 0.207910866 0.978147745 0
vn 0.207910195 0.978147864 0
vn -0.139170632 0.990268469 0
vn -0.139170378 0.990268469 0
vn -0.469472319 0.882947147 0
vn -0.469471633 0.882947505 0
vn -0.743144631 0.669130743 0
vn -0.743143976 0.669131458 0
vn -0.927183449 0.374607384 0
vn -0.927183032 0.374608487 0
vn -0.999390841 0.0349004231 0
vn -0.999390841 0.0349009633 0
vn -0.97437036 -0.224949613 0
vn -0.974370301 -0.224950209 1.72449759E-07
vn -0.951055944 -0.309018999 5.08969663E-07
vn -0.951055706 -0.309019446 7.04631702E-07
vn -0.95105654 -0.309016794 -1.36849974E-06
vn -0.95105654 -0.309016734 -1.42882845E-06
vn -0.951056242 -0.309017867 6.20793912E-07
vn -0.951056242 -0.309017837 7.73897568E-07
vn -0.947647214 -0.307583004 -0.0857760012
vn -0.947573781 -0.307884783 -0.0855033398
vn -0.895807147 -0.291395307 -0.335586399
vn -0.895637333 -0.290207654 -0.337065905
vn -0.736412227 -0.240077451 -0.632502794
vn -0.735271156 -0.238038108 -0.6345976
vn -0.490654498 -0.160291702 -0.856483996
vn -0.488836199 -0.158315361 -0.857890069
vn -0.18674852 -0.0612062439 -0.980499327
vn -0.185452089 -0.0603388697 -0.98079896
vn 0.140267774 0.0449545234 -0.989092588
vn 0.139861256 0.0454456545 -0.989127696
vn 0.448096454 0.146288872 -0.881934822
vn 0.44994247 0.14510031 -0.881191015
vn 0.704360962 0.229948074 -0.671564996
vn 0.706113994 0.228335693 -0.670273006
vn 0.864755094 0.281651795 -0.415777504
vn 0.865323603 0.280100435 -0.415642649
vn 0.932801485 0.303718984 -0.194000334
vn 0.93289119 0.302838713 -0.194942966
vn 0.949844301 0.308891594 -0.0488024801
vn 0.9499107 0.30864802 -0.0490516499
vn 0.788011432 0.615660548 0
vn 0.951056659 0.309016377 0
vn 0.95105654 0.309016943 0
vn 0.998629689 0.052333951 0
vn 0.788010776 0.615661442 0
vn 0.998629689 0.0523339286 4.36873819E-07
vn 0.529920697 0.848047197 0
vn 0.999390841 -0.0349003598 3.14150338E-06
vn 0.529919684 0.848047793 0
vn 0.999390841 -0.0349005312 3.48794129E-06
vn 0.207911193 0.978147686 0
vn 0.207910672 0.978147745 0
vn -0.139173031 0.990268171 0
vn -0.139173046 0.990268171 0
vn -0.469471484 0.882947624 0
vn -0.469471395 0.882947683 0
vn -0.74314481 0.669130683 0
vn -0.743144751 0.669130743 0
vn -0.927184105 0.374606043 0
vn -0.927183986 0.374606341 0
vn -0.99254626 0.121868901 0
vn -0.992546141 0.121869542 -4.9291782E-07
vn -0.999390841 0.0349000953 -3.26522968E-06
vn -0.999390841 0.0349002667 -3.70785165E-06
vn -0.999390721 0.0349017382 -2.61830019E-06
vn -0.999390721 0.0349016972 -2.62513686E-06
vn -0.999390721 0.0349025689 -1.08130848E-06
vn -0.999390721 0.0349025726 -1.06411574E-06
vn -0.997071505 0.0210234746 -0.0735283494
vn -0.998187721 0.034861248 -0.0490510054
vn -0.981221974 0.0265524164 -0.191045731
vn -0.939883649 0.00942482986 -0.341364771
vn -0.90937531 0.0371491201 -0.414314508
vn -0.774365306 0.016593758 -0.632521152
vn -0.739675403 0.0362777375 -0.671985269
vn -0.515711725 0.00744705787 -0.856729805
vn -0.469796091 0.0265249331 -0.882376313
vn -0.196837649 -0.00346557866 -0.980430007
vn -0.144226074 0.0146836424 -0.989435792
vn 0.144730896 -0.0149477236 -0.989358068
vn 0.198497519 0.00228537037 -0.980098724
vn 0.469329953 -0.0257916953 -0.882646024
vn 0.517643809 -0.00906141289 -0.855548203
vn 0.73911643 -0.034862075 -0.672674894
vn 0.775522053 -0.0179487448 -0.631065309
vn 0.909363866 -0.036381077 -0.414407581
vn 0.939909101 -0.0097604366 -0.34128508
vn 0.981356978 -0.0258948263 -0.190441802
vn 0.997075796 -0.0207199771 -0.0735566393
vn 0.998212457 -0.0348563083 -0.0485478267
vn 0.999390841 -0.0348977298 -6.77162063E-07
vn 0.999390841 -0.0348978527 -5.92926085E-07
vn 0.999390841 -0.0349003077 1.65193615E-06
vn 0.999390841 -0.0349003375 1.70673002E-06
vn 0.951055825 0.309019089 0
vn 0.999390841 -0.0348989442 0
vn 0.999390841 -0.0348991714 0
vn 0.956304789 -0.29237169 0
vn 0.951055467 0.309020162 0
vn 0.956304371 -0.292373031 3.6789092E-07
vn 0.788011372 0.615660727 0
vn 0.927183449 -0.374607563 0
vn 0.788010955 0.615661383 0
vn 0.927183449 -0.374607384 7.40795485E-07
vn 0.529921472 0.84804666 0
vn 0.52992022 0.848047435 0
vn 0.207912549 0.978147447 0
vn 0.207911581 0.978147686 0
vn -0.139172882 0.990268171 0
vn -0.139173105 0.990268171 0
vn -0.469472498 0.882947147 0
vn -0.469471902 0.882947445 0
vn -0.743144512 0.669130921 0
vn -0.743143737 0.669131875 0
vn -0.891006589 0.4539904 0
vn -0.891006231 0.453991175 2.29932311E-07
vn -0.927183688 0.374606907 6.7862544E-07
vn -0.927183688 0.374607116 9.23674634E-07
vn -0.927184165 0.374605954 4.19299766E-07
vn -0.927184165 0.374605894 3.53609693E-07
vn -0.92718488 0.374604046 7.81328026E-07
vn -0.92718482 0.374604255 7.7390132E-07
vn -0.929751039 0.360771388 -0.0735329539
vn -0.926067948 0.374154508 -0.0490570292
vn -0.912967145 0.360544801 -0.191045508
vn -0.879980922 0.330312133 -0.341361463
vn -0.841833293 0.345930815 -0.414304912
vn -0.721992254 0.28043744 -0.632520378
vn -0.682661951 0.287072569 -0.671983659
vn -0.482063442 0.183381364 -0.856729865
vn -0.432391077 0.185604915 -0.88237679
vn -0.186157212 0.0640641823 -0.980429053
vn -0.13050881 0.063124232 -0.989435554
vn 0.130886391 -0.0635483861 -0.989358544
vn 0.187307283 -0.065742895 -0.980098963
vn 0.432201982 -0.184758648 -0.882647097
vn 0.483325452 -0.185560897 -0.85554868
vn 0.682618558 -0.285554737 -0.672674119
vn 0.722613335 -0.282111555 -0.631065071
vn 0.842078984 -0.345208555 -0.414408088
vn 0.879888058 -0.330639184 -0.341284126
vn 0.913318038 -0.359975368 -0.190440997
vn 0.929859221 -0.36048761 -0.073555626
vn 0.926092505 -0.374160379 -0.0485443473
vn 0.927185893 -0.374601632 -2.32168736E-06
vn 0.927185833 -0.374601752 -2.17645152E-06
vn 0.927184284 -0.374605566 1.14309375E-06
vn 0.927184284 -0.374605477 1.4415258E-06
vn 0.207912102 0.978147566 0
vn -0.139172792 0.990268171 0
vn -0.139173657 0.990268052 0
vn -0.469471902 0.882947445 0
vn 0.207911074 0.978147745 0
vn -0.469471157 0.882947803 0
vn 0.529917479 0.848049164 0
vn 0.529919982 0.848047614 0
vn 0.78801018 0.615662217 0
vn 0.788011312 0.615660846 0
vn 0.951056004 0.309018582 0
vn 0.951056778 0.309016019 0
vn 0.999390841 -0.0348976701 0
vn 0.999390721 -0.0349030271 0
vn 0.927183867 -0.374606669 0
vn 0.927182853 -0.374609023 0
vn 0.743145764 -0.669129491 0
vn 0.74314481 -0.669130683 0
vn 0.469473571 -0.882946491 0
vn 0.469471455 -0.882947683 0
vn 0.139173612 -0.990268052 0
vn 0.139172778 -0.990268171 0
vn -0.207912445 -0.978147447 0
vn -0.207911417 -0.978147686 0
vn -0.529919267 -0.848048031 0
vn -0.529920161 -0.848047554 0
vn -0.788009584 -0.615662992 0
vn -0.788011134 -0.615660965 0
vn -0.951056004 -0.309018582 0
vn -0.951055288 -0.309020936 0
vn -0.999390841 0.0349006504 0
vn -0.999390841 0.0348978788 0
vn -0.927182853 0.374608964 0
vn -0.927183986 0.374606371 0
vn -0.743144631 0.669130802 0
vn -0.743144631 0.669130743 0
vn -0.951056659 -0.309016377 0
vn -0.998629689 -0.052333951 0
vn -0.95105654 -0.309016943 0
vn -0.788011432 -0.615660548 0
vn -0.998629689 -0.0523339286 4.36873819E-07
vn -0.788010776 -0.615661442 0
vn -0.999390841 0.0349003598 3.14150338E-06
vn -0.529920697 -0.848047197 0
vn -0.999390841 0.0349005312 3.48794129E-06
vn -0.529919684 -0.848047793 0
vn -0.207911193 -0.978147686 0
vn -0.207910672 -0.978147745 0
vn 0.139173031 -0.990268171 0
vn 0.139173046 -0.990268171 0
vn 0.469471484 -0.882947624 0
vn 0.469471395 -0.882947683 0
vn 0.74314481 -0.669130683 0
vn 0.743144751 -0.669130743 0
vn 0.927184105 -0.374606043 0
vn 0.927183986 -0.374606341 0
vn 0.99254626 -0.121868901 0
vn 0.992546141 -0.121869542 -4.9291782E-07
vn 0.999390841 -0.0349000953 -3.26522968E-06
vn 0.999390841 -0.0349002667 -3.70785165E-06
vn 0.999390721 -0.0349017382 -2.61830019E-06
vn 0.999390721 -0.0349016972 -2.62513686E-06
vn 0.999390721 -0.0349025689 -1.08130848E-06
vn 0.999390721 -0.0349025726 -1.06411574E-06
vn 0.997071505 -0.0210234746 -0.0735283494
vn 0.998187721 -0.034861248 -0.0490510054
vn 0.981221974 -0.0265524164 -0.191045731
vn 0.939883649 -0.00942482986 -0.341364771
vn 0.90937531 -0.0371491201 -0.414314508
vn 0.774365306 -0.016593758 -0.632521152
vn 0.739675403 -0.0362777375 -0.671985269
vn 0.515711725 -0.00744705787 -0.856729805
vn 0.469796091 -0.0265249331 -0.882376313
vn 0.196837649 0.00346557866 -0.980430007
vn 0.144226074 -0.0146836424 -0.989435792
vn -0.144730896 0.0149477236 -0.989358068
vn -0.198497519 -0.00228537037 -0.980098724
vn -0.469329953 0.0257916953 -0.882646024
vn -0.517643809 0.00906141289 -0.855548203
vn -0.73911643 0.034862075 -0.672674894
vn -0.775522053 0.0179487448 -0.631065309
vn -0.909363866 0.036381077 -0.414407581
vn -0.939909101 0.0097604366 -0.34128508
vn -0.981356978 0.0258948263 -0.190441802
vn -0.997075796 0.0207199771 -0.0735566393
vn -0.998212457 0.0348563083 -0.0485478267
vn -0.999390841 0.0348977298 -6.77162063E-07
vn -0.999390841 0.0348978527 -5.92926085E-07
vn -0.999390841 0.0349003077 1.65193615E-06
vn -0.999390841 0.0349003375 1.70673002E-06
vn -0.679382741 -0.175960943 -0.712374091
vn -0.701438725 0.0244950429 -0.712308705
vn -0.706676602 0.0246781819 -0.707106054
vn -0.665454686 0.22292383 -0.71237272
vn -0.66730547 -0.230483711 -0.708223641
vn -0.649603605 0.276470989 -0.708222449
vn -0.585433304 -0.368545473 -0.722109437
vn -0.558298469 0.408485383 -0.722109795
vn -0.553075314 -0.456304252 -0.697061062
vn -0.519897521 0.49377352 -0.697061181
vn -0.433480471 -0.525805652 -0.731862664
vn -0.395747036 0.554763556 -0.731861711
vn -0.372844785 -0.625173569 -0.685670972
vn -0.328327656 0.649659753 -0.685669899
vn -0.239826769 -0.630337 -0.738348305
vn -0.19527261 0.645531356 -0.738348067
vn -0.147148296 -0.719234347 -0.679006159
vn -0.096618332 0.727746189 -0.679006934
vn -0.0234516859 -0.671565056 -0.74057436
vn 0.0234516859 0.671565056 -0.74057436
vn 0.096618332 -0.727746189 -0.679006934
vn 0.147148296 0.719234347 -0.679006159
vn 0.19527261 -0.645531356 -0.738348067
vn 0.239826769 0.630337 -0.738348305
vn 0.328327656 -0.649659753 -0.685669899
vn 0.372844785 0.625173569 -0.685670972
vn 0.395747036 -0.554763556 -0.731861711
vn 0.433480471 0.525805652 -0.731862664
vn 0.519897521 -0.49377352 -0.697061181
vn 0.553075314 0.456304252 -0.697061062
vn 0.558298469 -0.408485383 -0.722109795
vn 0.585433304 0.368545473 -0.722109437
vn 0.649603605 -0.276470989 -0.708222449
vn 0.66730547 0.230483711 -0.708223641
vn 0.665454686 -0.22292383 -0.71237272
vn 0.679382741 0.175960943 -0.712374091
vn 0.701438725 -0.0244950429 -0.712308705
vn 0.706676602 -0.0246781819 -0.707106054
vn 0.927183688 -0.374607116 9.23674634E-07
vn 0.927184165 -0.374605894 3.53609693E-07
vn 0.927184165 -0.374605954 4.19299766E-07
vn 0.92718488 -0.374604046 7.81328026E-07
vn 0.927183688 -0.374606907 6.7862544E-07
vn 0.92718482 -0.374604255 7.7390132E-07
vn 0.891006231 -0.453991175 2.29932311E-07
vn 0.891006589 -0.4539904 0
vn 0.743143737 -0.669131875 0
vn 0.743144512 -0.669130921 0
vn 0.469471902 -0.882947445 0
vn 0.469472498 -0.882947147 0
vn 0.139173105 -0.990268171 0
vn 0.139172882 -0.990268171 0
vn -0.207911581 -0.978147686 0
vn -0.207912549 -0.978147447 0
vn -0.52992022 -0.848047435 0
vn -0.529921472 -0.84804666 0
vn -0.788010955 -0.615661383 0
vn -0.788011372 -0.615660727 0
vn -0.951055467 -0.309020162 0
vn -0.951055825 -0.309019089 0
vn -0.999390841 0.0348991714 0
vn -0.999390841 0.0348989442 0
vn -0.956304789 0.29237169 0
vn -0.956304371 0.292373031 3.6789092E-07
vn -0.927183449 0.374607563 0
vn -0.927183449 0.374607384 7.40795485E-07
vn -0.927184284 0.374605566 1.14309375E-06
vn -0.927184284 0.374605477 1.4415258E-06
vn -0.927185833 0.374601752 -2.17645152E-06
vn -0.927185893 0.374601632 -2.32168736E-06
vn -0.926092505 0.374160379 -0.0485443473
vn -0.929859221 0.36048761 -0.073555626
vn -0.913318038 0.359975368 -0.190440997
vn -0.879888058 0.330639184 -0.341284126
vn -0.842078984 0.345208555 -0.414408088
vn -0.722613335 0.282111555 -0.631065071
vn -0.682618558 0.285554737 -0.672674119
vn -0.483325452 0.185560897 -0.85554868
vn -0.432201982 0.184758648 -0.882647097
vn -0.187307283 0.065742895 -0.980098963
vn -0.130886391 0.0635483861 -0.989358544
vn 0.13050881 -0.063124232 -0.989435554
vn 0.186157212 -0.0640641823 -0.980429053
vn 0.432391077 -0.185604915 -0.88237679
vn 0.482063442 -0.183381364 -0.856729865
vn 0.682661951 -0.287072569 -0.671983659
vn 0.721992254 -0.28043744 -0.632520378
vn 0.841833293 -0.345930815 -0.414304912
vn 0.879980922 -0.330312133 -0.341361463
vn 0.912967145 -0.360544801 -0.191045508
vn 0.929751039 -0.360771388 -0.0735329539
vn 0.926067948 -0.374154508 -0.0490570292
vn -0.0984106585 0.700222671 0.707109272
vn -0.331966847 0.624339104 0.707105815
vn -0.331966251 0.624339402 0.707105935
vn -0.52548492 0.473148584 0.707103908
vn -0.0984095037 0.700222731 0.707109332
vn -0.525484681 0.473149151 0.707103729
vn 0.14701435 0.691651642 0.707110167
vn -0.655620933 0.264888018 0.70710355
vn 0.147015437 0.691651642 0.707109988
vn -0.655620754 0.264888406 0.70710361
vn 0.374707669 0.59965843 0.707109511
vn 0.374708354 0.599658132 0.707109392
vn 0.557205379 0.435336947 0.707109451
vn 0.557205558 0.435336858 0.707109392
vn 0.67249614 0.218507394 0.707109213
vn 0.67249614 0.218507171 0.707109213
vn -0.706678629 0.0246775988 0.707104087
vn -0.706678689 0.024677705 0.707104146
vn -0.6725021 -0.218509629 0.707102776
vn -0.672502339 -0.218508974 0.707102776
vn -0.557209849 -0.435340673 0.707103729
vn -0.557210207 -0.435339779 0.707103908
vn 0.706674576 -0.024677638 0.7071082
vn 0.706674635 -0.024677638 0.70710814
vn 0.655615628 -0.264885843 0.707109332
vn 0.655615509 -0.264886022 0.707109392
vn 0.525481701 -0.473145515 0.707108319
vn 0.525481164 -0.473146051 0.707108438
vn 0.331965625 -0.624335945 0.707109213
vn 0.33196485 -0.624336183 0.707109332
vn 0.0984104127 -0.700223804 0.70710814
vn 0.0984095037 -0.700224042 0.70710808
vn -0.147015199 -0.691654205 0.707107484
vn -0.147016093 -0.691653967 0.707107484
vn -0.3747091 -0.599660933 0.70710665
vn -0.374709845 -0.599660337 0.707106769
vn 0.207912445 0.978147447 0
vn -0.139173612 0.990268052 0
vn -0.139172778 0.990268171 0
vn -0.469471455 0.882947683 0
vn 0.207911417 0.978147686 0
vn -0.469473571 0.882946491 0
vn 0.529919267 0.848048031 0
vn 0.529920161 0.848047554 0
vn 0.788011134 0.615660965 0
vn 0.788009584 0.615662873 0
vn 0.951056004 0.309018552 0
vn 0.951055288 0.309020936 0
vn 0.999390841 -0.0349006504 0
vn 0.999390841 -0.0348978788 0
vn 0.927182853 -0.374608994 0
vn 0.927183986 -0.374606371 0
vn 0.743144631 -0.669130802 0
vn 0.743144631 -0.669130743 0
vn 0.469471157 -0.882947803 0
vn 0.469471902 -0.882947445 0
vn 0.139172792 -0.990268171 0
vn 0.139173657 -0.990268052 0
vn -0.207912102 -0.978147566 0
vn -0.207911074 -0.978147745 0
vn -0.529917479 -0.848049164 0
vn -0.529919982 -0.848047614 0
vn -0.78801012 -0.615662217 0
vn -0.788011312 -0.615660727 0
vn -0.951056778 -0.309015989 0
vn -0.951056004 -0.309018612 0
vn -0.999390841 0.0348976701 0
vn -0.999390721 0.0349030271 0
vn -0.927183867 0.374606639 0
vn -0.927182853 0.374609083 0
vn -0.743144751 0.669130683 0
vn -0.743145823 0.669129431 0
vn -0.712013662 0.0248639435 0.701725245
vn -0.706677198 0.0246775877 0.707105577
vn -0.684722245 -0.182894602 0.705482066
vn -0.670297205 0.23021242 0.705481291
vn -0.678153515 -0.22237511 0.700469255
vn -0.660990417 0.269139647 0.700468063
vn -0.598648548 -0.385060519 0.702387571
vn -0.570331097 0.425884992 0.70238477
vn -0.559981465 -0.443344593 0.699904561
vn -0.527692437 0.481328875 0.699902296
vn -0.451247543 -0.555953503 0.698062479
vn -0.411367238 0.586075425 0.698063433
vn -0.374496162 -0.607178926 0.700775623
vn -0.331230104 0.63182199 0.700776398
vn -0.253121674 -0.673343182 0.694649756
vn -0.205535784 0.689359903 0.694649518
vn -0.146559954 -0.697350621 0.701585472
vn -0.0975583792 0.705876112 0.701584816
vn -0.0251473822 -0.720133781 0.693379343
vn 0.02514771 0.720133483 0.693379641
vn 0.0975587443 -0.705876827 0.701583922
vn 0.146560237 0.697351456 0.701584697
vn 0.205535784 -0.689360619 0.694648862
vn 0.253121912 0.67334342 0.694649518
vn 0.33122915 -0.631822765 0.700776219
vn 0.374496102 0.607178569 0.700775981
vn 0.411366403 -0.586075783 0.698063672
vn 0.451247931 0.555952489 0.698063135
vn 0.527691007 -0.481326729 0.699904859
vn 0.559981942 0.443342954 0.699905217
vn 0.570329487 -0.425882548 0.702387571
vn 0.598648369 0.385059595 0.702388108
vn 0.660990238 -0.269140422 0.700467944
vn 0.6781528 0.222376242 0.700469673
vn 0.670297146 -0.230213583 0.705480874
vn 0.684721529 0.182895079 0.705482721
vn 0.712012291 -0.0248641931 0.701726615
vn 0.706675053 -0.0246774275 0.707107663
vn 7.12507415E-07 0 1
vn -0 0 1
vn -4.51192477E-07 0 1
vn -0 0 1
vn 4.10969392E-07 0 1
vn 8.97150016E-07 0 1
vn -0 0 1
vn 1.89087899E-07 0 1
vn -0 0 1
vn -4.6822916E-07 0 1
vn 2.12896978E-07 0 1
vn 2.91420605E-07 0 1
vn -0 0 1
vn -1.14067348E-06 0 1
vn 3.029119E-07 0 1
vn 1.02802335E-06 0 1
vn -0 0 1
vn -2.2832765E-07 0 1
vn -0 0 1
vn 8.84766621E-07 0 1
vn 1.36912843E-06 0 1
vn 2.66320882E-07 0 1
vn -0 0 1
vn -0 0 1
vn 1.22753636E-06 0 1
vn 7.47232036E-07 0 1
vn -2.12897689E-07 0 1
vn -5.9654991E-07 0 1
vn 7.83333462E-07 0 1
vn 3.19928176E-07 0 1
vn 1.77548031E-07 0 1
vn -8.69383427E-07 0 1
vn 5.98226904E-07 0 1
vn -0 0 1
vn -0 0 1
vn -0 0 1
vn -0 0 1
vn -0 0 1
vn -0 0 1
vn -0 0 1
vn -0 0 1
vn -0 0 1
vn -0 0 1
vn -0 0 1
vn 4.34691714E-07 0 1
vn -0 0 1
vn -1.0964194E-06 0 1
vn 1.56076126E-07 0 1
vn 2.42421862E-07 0 1
vn 4.70587025E-07 0 1
vn -1.41777423E-06 0 1
vn -3.93438569E-07 0 1
vn 3.02911928E-07 0 1
vn 1.94863333E-07 0 1
vn -0 0 1
vn -5.36294806E-07 0 1
vn -3.5624106E-07 0 1
vn -0 0 1
vn 1.2536409E-06 0 1
vn 8.01400745E-07 0 1
vn -5.05882667E-07 0 1
vn 1.3511395E-07 0 1
vn 1.89808111E-06 0 1
vn 4.89087881E-07 0 1
vn -2.46628815E-07 0 1
vn -0 0 1
vn 6.24305414E-07 0 1
vn -0 0 1
vn -0 0 1
vn -0 0 1
vn -4.10966777E-07 0 1
vn -4.10969335E-07 0 1
vn 2.80885445E-07 0 1
vn -0 0 1
vn -3.70062452E-07 0 1
vn 6.20389301E-07 0 1
g Base_parts04_0
f 3/3/3 2/2/2 1/1/1
f 6/6/6 5/5/5 4/4/4
f 9/9/9 8/8/8 7/7/7
f 12/12/12 11/11/11 10/10/10
f 15/15/15 14/14/14 13/13/13
f 18/18/18 17/17/17 16/16/16
f 16/16/16 20/20/20 19/19/19
f 21/21/21 19/19/19 20/20/20
f 22/22/22 21/21/21 20/20/20
f 22/22/22 20/20/20 23/23/23
f 24/24/24 22/22/22 23/23/23
f 23/23/23 20/20/20 25/25/25
f 23/23/23 25/25/25 26/26/26
f 26/26/26 25/25/25 27/27/27
f 26/26/26 27/27/27 28/28/28
f 31/31/31 30/30/30 29/29/29
f 34/34/34 33/33/33 32/32/32
f 36/36/36 35/35/35 33/33/33
f 37/37/37 35/35/35 36/36/36
f 37/37/37 38/38/38 35/35/35
f 39/39/39 38/38/38 37/37/37
f 38/38/38 40/40/40 35/35/35
f 38/38/38 41/41/41 40/40/40
f 35/35/35 40/40/40 42/42/42
f 40/40/40 43/43/43 42/42/42
f 42/42/42 43/43/43 44/44/44
f 43/43/43 45/45/45 44/44/44
f 44/44/44 45/45/45 46/46/46
f 45/45/45 47/47/47 46/46/46
f 47/47/47 48/48/48 46/46/46
f 48/48/48 47/47/47 49/49/49
f 47/47/47 50/50/50 49/49/49
f 49/49/49 50/50/50 51/51/51
f 50/50/50 52/52/52 51/51/51
f 51/51/51 52/52/52 53/53/53
f 52/52/52 54/54/54 53/53/53
f 53/53/53 54/54/54 55/55/55
f 54/54/54 56/56/56 55/55/55
f 55/55/55 56/56/56 57/57/57
f 56/56/56 58/58/58 57/57/57
f 58/58/58 59/59/59 57/57/57
f 57/57/57 59/59/59 60/60/60
f 59/59/59 61/61/61 60/60/60
f 60/60/60 61/61/61 62/62/62
f 60/60/60 62/62/62 63/63/63
f 62/62/62 64/64/64 63/63/63
f 64/64/64 65/65/65 63/63/63
f 63/63/63 65/65/65 66/66/66
f 67/67/67 66/66/66 65/65/65
f 68/68/68 66/66/66 67/67/67
f 69/69/69 68/68/68 67/67/67
f 70/70/70 68/68/68 69/69/69
f 71/71/71 70/70/70 69/69/69
f 72/72/72 70/70/70 71/71/71
f 73/73/73 72/72/72 71/71/71
f 74/74/74 72/72/72 73/73/73
f 75/75/75 74/74/74 73/73/73
f 76/76/76 74/74/74 75/75/75
f 75/75/75 77/77/77 76/76/76
f 77/77/77 78/78/78 76/76/76
f 78/78/78 77/77/77 79/79/79
f 77/77/77 80/80/80 79/79/79
f 79/79/79 80/80/80 81/81/81
f 80/80/80 82/82/82 81/81/81
f 81/81/81 82/82/82 83/83/83
f 83/83/83 82/82/82 84/84/84
f 83/83/83 84/84/84 85/85/85
f 85/85/85 84/84/84 86/86/86
f 87/87/87 85/85/85 86/86/86
f 88/88/88 85/85/85 87/87/87
f 89/89/89 85/85/85 88/88/88
f 90/90/90 83/83/83 85/85/85
f 91/91/91 83/83/83 90/90/90
f 92/92/92 83/83/83 91/91/91
f 93/93/93 92/92/92 91/91/91
f 96/96/96 95/95/95 94/94/94
f 99/99/99 98/98/98 97/97/97
f 102/102/102 101/101/101 100/100/100
f 105/105/105 104/104/104 103/103/103
f 108/108/108 107/107/107 106/106/106
f 111/111/111 110/110/110 109/109/109
f 114/114/114 113/113/113 112/112/112
f 117/117/117 116/116/116 115/115/115
f 120/120/120 119/119/119 118/118/118
f 123/123/123 122/122/122 121/121/121
f 126/126/126 125/125/125 124/124/124
f 129/129/129 128/128/128 127/127/127
f 132/132/132 131/131/131 130/130/130
f 134/134/134 133/133/133 130/130/130
f 135/135/135 134/134/134 130/130/130
f 136/136/136 135/135/135 130/130/130
f 136/136/136 130/130/130 137/137/137
f 138/138/138 136/136/136 137/137/137
f 139/139/139 138/138/138 137/137/137
f 140/140/140 139/139/139 137/137/137
f 141/141/141 139/139/139 140/140/140
f 142/142/142 141/141/141 140/140/140
f 140/140/140 137/137/137 143/143/143
f 143/143/143 137/137/137 144/144/144
f 143/143/143 144/144/144 145/145/145
f 144/144/144 146/146/146 145/145/145
f 145/145/145 146/146/146 147/147/147
f 146/146/146 148/148/148 147/147/147
f 149/149/149 142/142/142 140/140/140
f 150/150/150 142/142/142 149/149/149
f 151/151/151 150/150/150 149/149/149
f 152/152/152 151/151/151 149/149/149
f 151/151/151 153/153/153 150/150/150
f 153/153/153 154/154/154 150/150/150
f 153/153/153 155/155/155 154/154/154
f 155/155/155 156/156/156 154/154/154
f 155/155/155 157/157/157 156/156/156
f 158/158/158 152/152/152 149/149/149
f 157/157/157 159/159/159 156/156/156
f 160/160/160 152/152/152 158/158/158
f 157/157/157 161/161/161 159/159/159
f 162/162/162 160/160/160 158/158/158
f 161/161/161 163/163/163 159/159/159
f 164/164/164 163/163/163 161/161/161
f 163/163/163 165/165/165 159/159/159
f 165/165/165 166/166/166 159/159/159
f 167/167/167 162/162/162 158/158/158
f 168/168/168 167/167/167 158/158/158
f 167/167/167 169/169/169 162/162/162
f 169/169/169 170/170/170 162/162/162
f 169/169/169 171/171/171 170/170/170
f 171/171/171 172/172/172 170/170/170
f 171/171/171 173/173/173 172/172/172
f 174/174/174 168/168/168 158/158/158
f 173/173/173 175/175/175 172/172/172
f 176/176/176 168/168/168 174/174/174
f 177/177/177 176/176/176 174/174/174
f 173/173/173 178/178/178 175/175/175
f 179/179/179 177/177/177 174/174/174
f 180/180/180 179/179/179 174/174/174
f 179/179/179 181/181/181 177/177/177
f 180/180/180 182/182/182 179/179/179
f 183/183/183 182/182/182 180/180/180
f 183/183/183 184/184/184 182/182/182
f 185/185/185 184/184/184 183/183/183
f 185/185/185 186/186/186 184/184/184
f 179/179/179 187/187/187 181/181/181
f 188/188/188 186/186/186 185/185/185
f 188/188/188 189/189/189 186/186/186
f 189/189/189 188/188/188 190/190/190
f 190/190/190 188/188/188 191/191/191
f 190/190/190 191/191/191 192/192/192
f 192/192/192 191/191/191 193/193/193
f 192/192/192 193/193/193 194/194/194
f 194/194/194 193/193/193 195/195/195
f 194/194/194 195/195/195 196/196/196
f 196/196/196 195/195/195 197/197/197
f 196/196/196 197/197/197 198/198/198
f 198/198/198 197/197/197 199/199/199
f 198/198/198 199/199/199 200/200/200
f 200/200/200 199/199/199 201/201/201
f 200/200/200 201/201/201 202/202/202
f 202/202/202 201/201/201 203/203/203
f 202/202/202 203/203/203 204/204/204
f 204/204/204 203/203/203 205/205/205
f 204/204/204 205/205/205 206/206/206
f 206/206/206 205/205/205 207/207/207
f 206/206/206 207/207/207 208/208/208
f 209/209/209 208/208/208 207/207/207
f 209/209/209 210/210/210 208/208/208
f 212/212/212 211/211/211 134/134/134
f 215/215/215 214/214/214 213/213/213
f 218/218/218 217/217/217 216/216/216
f 221/221/221 220/220/220 219/219/219
f 220/220/220 222/222/222 219/219/219
f 222/222/222 223/223/223 219/219/219
f 223/223/223 224/224/224 219/219/219
f 219/219/219 224/224/224 225/225/225
f 219/219/219 225/225/225 226/226/226
f 226/226/226 225/225/225 227/227/227
f 227/227/227 225/225/225 228/228/228
f 229/229/229 227/227/227 228/228/228
f 227/227/227 229/229/229 230/230/230
f 231/231/231 227/227/227 230/230/230
f 229/229/229 228/228/228 232/232/232
f 232/232/232 228/228/228 233/233/233
f 233/233/233 228/228/228 234/234/234
f 235/235/235 233/233/233 234/234/234
f 236/236/236 233/233/233 235/235/235
f 237/237/237 233/233/233 236/236/236
f 240/240/240 239/239/239 238/238/238
f 240/240/240 241/241/241 239/239/239
f 239/239/239 241/241/241 242/242/242
f 241/241/241 243/243/243 242/242/242
f 241/241/241 244/244/244 243/243/243
f 241/241/241 245/245/245 244/244/244
f 241/241/241 246/246/246 245/245/245
f 240/240/240 247/247/247 241/241/241
f 248/248/248 247/247/247 240/240/240
f 248/248/248 249/249/249 247/247/247
f 250/250/250 249/249/249 248/248/248
f 251/251/251 249/249/249 250/250/250
f 252/252/252 249/249/249 251/251/251
f 255/255/255 254/254/254 253/253/253
f 253/253/253 254/254/254 256/256/256
f 256/256/256 254/254/254 257/257/257
f 254/254/254 258/258/258 257/257/257
f 257/257/257 258/258/258 259/259/259
f 258/258/258 260/260/260 259/259/259
f 259/259/259 260/260/260 261/261/261
f 260/260/260 262/262/262 261/261/261
f 261/261/261 262/262/262 263/263/263
f 262/262/262 264/264/264 263/263/263
f 263/263/263 264/264/264 265/265/265
f 265/265/265 264/264/264 266/266/266
f 264/264/264 267/267/267 266/266/266
f 266/266/266 267/267/267 268/268/268
f 267/267/267 269/269/269 268/268/268
f 270/270/270 269/269/269 267/267/267
f 270/270/270 271/271/271 269/269/269
f 270/270/270 272/272/272 271/271/271
f 272/272/272 270/270/270 273/273/273
f 270/270/270 274/274/274 273/273/273
f 273/273/273 274/274/274 275/275/275
f 275/275/275 274/274/274 276/276/276
f 274/274/274 277/277/277 276/276/276
f 276/276/276 277/277/277 278/278/278
f 277/277/277 279/279/279 278/278/278
f 278/278/278 279/279/279 280/280/280
f 279/279/279 281/281/281 280/280/280
f 280/280/280 281/281/281 282/282/282
f 281/281/281 283/283/283 282/282/282
f 282/282/282 283/283/283 284/284/284
f 284/284/284 283/283/283 285/285/285
f 283/283/283 286/286/286 285/285/285
f 286/286/286 287/287/287 285/285/285
f 285/285/285 287/287/287 288/288/288
f 287/287/287 289/289/289 288/288/288
f 289/289/289 290/290/290 288/288/288
f 290/290/290 291/291/291 288/288/288
f 288/288/288 291/291/291 292/292/292
f 291/291/291 290/290/290 293/293/293
f 292/292/292 291/291/291 294/294/294
f 291/291/291 293/293/293 295/295/295
f 293/293/293 296/296/296 295/295/295
f 292/292/292 294/294/294 297/297/297
f 298/298/298 296/296/296 293/293/293
f 298/298/298 299/299/299 296/296/296
f 300/300/300 297/297/297 294/294/294
f 298/298/298 301/301/301 299/299/299
f 302/302/302 297/297/297 300/300/300
f 303/303/303 297/297/297 302/302/302
f 304/304/304 297/297/297 303/303/303
f 305/305/305 297/297/297 304/304/304
f 306/306/306 305/305/305 304/304/304
f 306/306/306 304/304/304 307/307/307
f 308/308/308 301/301/301 298/298/298
f 309/309/309 306/306/306 307/307/307
f 308/308/308 310/310/310 301/301/301
f 311/311/311 310/310/310 308/308/308
f 310/310/310 312/312/312 301/301/301
f 312/312/312 313/313/313 301/301/301
f 301/301/301 313/313/313 314/314/314
f 313/313/313 315/315/315 314/314/314
f 316/316/316 309/309/309 307/307/307
f 317/317/317 309/309/309 316/316/316
f 318/318/318 317/317/317 316/316/316
f 319/319/319 317/317/317 318/318/318
f 320/320/320 319/319/319 318/318/318
f 321/321/321 320/320/320 318/318/318
f 322/322/322 320/320/320 321/321/321
f 323/323/323 320/320/320 322/322/322
f 320/320/320 323/323/323 324/324/324
f 320/320/320 325/325/325 319/319/319
f 326/326/326 325/325/325 320/320/320
f 326/326/326 327/327/327 325/325/325
f 327/327/327 328/328/328 325/325/325
f 328/328/328 329/329/329 325/325/325
f 330/330/330 316/316/316 307/307/307
f 331/331/331 316/316/316 330/330/330
f 330/330/330 307/307/307 332/332/332
f 332/332/332 307/307/307 333/333/333
f 336/336/336 335/335/335 334/334/334
f 336/336/336 337/337/337 335/335/335
f 338/338/338 335/335/335 337/337/337
f 339/339/339 338/338/338 337/337/337
f 340/340/340 338/338/338 339/339/339
f 341/341/341 340/340/340 339/339/339
f 342/342/342 340/340/340 341/341/341
f 343/343/343 342/342/342 341/341/341
f 344/344/344 342/342/342 343/343/343
f 345/345/345 344/344/344 343/343/343
f 346/346/346 344/344/344 345/345/345
f 347/347/347 346/346/346 345/345/345
f 348/348/348 346/346/346 347/347/347
f 349/349/349 346/346/346 348/348/348
f 350/350/350 349/349/349 348/348/348
f 351/351/351 349/349/349 350/350/350
f 352/352/352 351/351/351 350/350/350
f 353/353/353 351/351/351 352/352/352
f 354/354/354 353/353/353 352/352/352
f 355/355/355 354/354/354 352/352/352
f 356/356/356 354/354/354 355/355/355
f 357/357/357 356/356/356 355/355/355
f 358/358/358 356/356/356 357/357/357
f 359/359/359 358/358/358 357/357/357
f 358/358/358 359/359/359 360/360/360
f 361/361/361 360/360/360 359/359/359
f 362/362/362 361/361/361 359/359/359
f 363/363/363 362/362/362 359/359/359
f 364/364/364 362/362/362 363/363/363
f 363/363/363 359/359/359 365/365/365
f 359/359/359 366/366/366 365/365/365
f 365/365/365 366/366/366 367/367/367
f 366/366/366 368/368/368 367/367/367
f 367/367/367 368/368/368 369/369/369
f 368/368/368 370/370/370 369/369/369
f 370/370/370 371/371/371 369/369/369
f 371/371/371 372/372/372 369/369/369
f 369/369/369 372/372/372 373/373/373
f 372/372/372 374/374/374 373/373/373
f 374/374/374 375/375/375 373/373/373
f 373/373/373 375/375/375 376/376/376
f 375/375/375 377/377/377 376/376/376
f 376/376/376 377/377/377 378/378/378
f 377/377/377 379/379/379 378/378/378
f 378/378/378 379/379/379 380/380/380
f 379/379/379 381/381/381 380/380/380
f 380/380/380 381/381/381 382/382/382
f 381/381/381 383/383/383 382/382/382
f 382/382/382 383/383/383 384/384/384
f 383/383/383 385/385/385 384/384/384
f 386/386/386 385/385/385 383/383/383
f 389/389/389 388/388/388 387/387/387
f 389/389/389 390/390/390 388/388/388
f 391/391/391 390/390/390 389/389/389
f 391/391/391 392/392/392 390/390/390
f 393/393/393 392/392/392 391/391/391
f 394/394/394 393/393/393 391/391/391
f 395/395/395 393/393/393 394/394/394
f 393/393/393 395/395/395 396/396/396
f 393/393/393 396/396/396 397/397/397
f 393/393/393 397/397/397 398/398/398
f 399/399/399 393/393/393 398/398/398
f 399/399/399 398/398/398 400/400/400
f 399/399/399 400/400/400 401/401/401
f 399/399/399 401/401/401 402/402/402
f 403/403/403 393/393/393 399/399/399
f 403/403/403 404/404/404 393/393/393
f 405/405/405 404/404/404 403/403/403
f 405/405/405 406/406/406 404/404/404
f 407/407/407 406/406/406 405/405/405
f 407/407/407 408/408/408 406/406/406
f 408/408/408 407/407/407 409/409/409
f 409/409/409 407/407/407 410/410/410
f 399/399/399 402/402/402 411/411/411
f 412/412/412 409/409/409 410/410/410
f 413/413/413 409/409/409 412/412/412
f 410/410/410 414/414/414 412/412/412
f 414/414/414 415/415/415 412/412/412
f 412/412/412 415/415/415 416/416/416
f 415/415/415 417/417/417 416/416/416
f 411/411/411 402/402/402 418/418/418
f 411/411/411 418/418/418 419/419/419
f 419/419/419 418/418/418 420/420/420
f 420/420/420 418/418/418 421/421/421
f 420/420/420 421/421/421 422/422/422
f 420/420/420 422/422/422 423/423/423
f 420/420/420 423/423/423 424/424/424
f 424/424/424 423/423/423 425/425/425
f 424/424/424 425/425/425 426/426/426
f 424/424/424 426/426/426 427/427/427
f 424/424/424 427/427/427 428/428/428
f 428/428/428 427/427/427 429/429/429
f 430/430/430 424/424/424 428/428/428
f 431/431/431 424/424/424 430/430/430
f 431/431/431 432/432/432 424/424/424
f 431/431/431 433/433/433 432/432/432
f 434/434/434 433/433/433 431/431/431
f 434/434/434 435/435/435 433/433/433
f 436/436/436 435/435/435 434/434/434
f 435/435/435 436/436/436 437/437/437
f 436/436/436 438/438/438 437/437/437
f 436/436/436 439/439/439 438/438/438
f 440/440/440 439/439/439 436/436/436
f 440/440/440 441/441/441 439/439/439
f 437/437/437 438/438/438 442/442/442
f 440/440/440 443/443/443 441/441/441
f 443/443/443 444/444/444 441/441/441
f 445/445/445 443/443/443 440/440/440
f 445/445/445 446/446/446 443/443/443
f 447/447/447 446/446/446 445/445/445
f 437/437/437 442/442/442 448/448/448
f 442/442/442 449/449/449 448/448/448
f 450/450/450 437/437/437 448/448/448
f 450/450/450 451/451/451 437/437/437
f 452/452/452 451/451/451 450/450/450
f 455/455/455 454/454/454 453/453/453
f 453/453/453 454/454/454 456/456/456
f 453/453/453 456/456/456 457/457/457
f 460/460/460 459/459/459 458/458/458
f 461/461/461 459/459/459 460/460/460
f 462/462/462 459/459/459 461/461/461
f 462/462/462 463/463/463 459/459/459
f 459/459/459 463/463/463 464/464/464
f 463/463/463 465/465/465 464/464/464
f 465/465/465 466/466/466 464/464/464
f 466/466/466 467/467/467 464/464/464
f 467/467/467 468/468/468 464/464/464
f 459/459/459 464/464/464 469/469/469
f 468/468/468 470/470/470 464/464/464
f 468/468/468 471/471/471 470/470/470
f 471/471/471 472/472/472 470/470/470
f 459/459/459 469/469/469 473/473/473
f 473/473/473 469/469/469 474/474/474
f 473/473/473 474/474/474 475/475/475
f 475/475/475 474/474/474 476/476/476
f 476/476/476 474/474/474 477/477/477
f 480/480/480 479/479/479 478/478/478
f 481/481/481 480/480/480 478/478/478
f 482/482/482 481/481/481 478/478/478
f 482/482/482 478/478/478 483/483/483
f 478/478/478 484/484/484 483/483/483
f 485/485/485 482/482/482 483/483/483
f 483/483/483 484/484/484 486/486/486
f 486/486/486 484/484/484 487/487/487
f 487/487/487 484/484/484 488/488/488
f 489/489/489 485/485/485 483/483/483
f 490/490/490 485/485/485 489/489/489
f 490/490/490 489/489/489 491/491/491
f 490/490/490 491/491/491 492/492/492
f 490/490/490 492/492/492 493/493/493
f 494/494/494 485/485/485 490/490/490
f 490/490/490 493/493/493 495/495/495
f 495/495/495 493/493/493 496/496/496
f 495/495/495 496/496/496 497/497/497
f 495/495/495 497/497/497 498/498/498
f 494/494/494 499/499/499 485/485/485
f 498/498/498 497/497/497 500/500/500
f 494/494/494 501/501/501 499/499/499
f 494/494/494 502/502/502 501/501/501
f 494/494/494 503/503/503 502/502/502
f 494/494/494 504/504/504 503/503/503
f 504/504/504 505/505/505 503/503/503
f 504/504/504 506/506/506 505/505/505
f 505/505/505 506/506/506 507/507/507
f 506/506/506 508/508/508 507/507/507
f 506/506/506 509/509/509 508/508/508
f 506/506/506 510/510/510 509/509/509
f 506/506/506 511/511/511 510/510/510
f 506/506/506 512/512/512 511/511/511
f 511/511/511 512/512/512 513/513/513
f 513/513/513 512/512/512 514/514/514
f 514/514/514 512/512/512 515/515/515
f 515/515/515 512/512/512 516/516/516
f 516/516/516 512/512/512 517/517/517
f 516/516/516 517/517/517 518/518/518
f 516/516/516 518/518/518 519/519/519
f 520/520/520 516/516/516 519/519/519
f 518/518/518 517/517/517 521/521/521
f 521/521/521 517/517/517 522/522/522
f 522/522/522 517/517/517 523/523/523
f 523/523/523 517/517/517 524/524/524
f 524/524/524 517/517/517 525/525/525
f 526/526/526 520/520/520 519/519/519
f 527/527/527 516/516/516 520/520/520
f 526/526/526 519/519/519 528/528/528
f 526/526/526 528/528/528 529/529/529
f 529/529/529 528/528/528 530/530/530
f 530/530/530 528/528/528 531/531/531
f 516/516/516 527/527/527 532/532/532
f 516/516/516 532/532/532 533/533/533
f 516/516/516 533/533/533 534/534/534
f 525/525/525 517/517/517 535/535/535
f 535/535/535 517/517/517 536/536/536
f 537/537/537 525/525/525 535/535/535
f 535/535/535 536/536/536 538/538/538
f 539/539/539 537/537/537 535/535/535
f 538/538/538 536/536/536 540/540/540
f 540/540/540 536/536/536 541/541/541
f 541/541/541 536/536/536 542/542/542
f 542/542/542 536/536/536 543/543/543
f 544/544/544 542/542/542 543/543/543
f 545/545/545 544/544/544 543/543/543
f 546/546/546 545/545/545 543/543/543
f 547/547/547 546/546/546 543/543/543
f 547/547/547 543/543/543 548/548/548
f 548/548/548 543/543/543 549/549/549
f 550/550/550 548/548/548 549/549/549
f 550/550/550 549/549/549 551/551/551
f 552/552/552 550/550/550 551/551/551
f 553/553/553 552/552/552 551/551/551
f 554/554/554 553/553/553 551/551/551
f 555/555/555 554/554/554 551/551/551
f 555/555/555 551/551/551 556/556/556
f 557/557/557 555/555/555 556/556/556
f 558/558/558 555/555/555 557/557/557
f 559/559/559 557/557/557 556/556/556
f 560/560/560 559/559/559 556/556/556
f 561/561/561 560/560/560 556/556/556
f 561/561/561 556/556/556 562/562/562
f 563/563/563 561/561/561 562/562/562
f 564/564/564 563/563/563 562/562/562
f 564/564/564 562/562/562 565/565/565
f 566/566/566 564/564/564 565/565/565
f 567/567/567 558/558/558 557/557/557
f 568/568/568 566/566/566 565/565/565
f 569/569/569 558/558/558 567/567/567
f 570/570/570 569/569/569 567/567/567
f 571/571/571 569/569/569 570/570/570
f 572/572/572 569/569/569 571/571/571
f 573/573/573 558/558/558 569/569/569
f 574/574/574 558/558/558 573/573/573
f 575/575/575 574/574/574 573/573/573
f 576/576/576 575/575/575 573/573/573
f 577/577/577 566/566/566 568/568/568
f 578/578/578 577/577/577 568/568/568
f 579/579/579 566/566/566 577/577/577
f 580/580/580 578/578/578 568/568/568
f 581/581/581 580/580/580 568/568/568
f 582/582/582 581/581/581 568/568/568
f 583/583/583 582/582/582 568/568/568
f 583/583/583 584/584/584 582/582/582
f 585/585/585 584/584/584 583/583/583
f 586/586/586 585/585/585 583/583/583
f 587/587/587 586/586/586 583/583/583
f 588/588/588 587/587/587 583/583/583
f 589/589/589 588/588/588 583/583/583
f 590/590/590 589/589/589 583/583/583
f 579/579/579 591/591/591 566/566/566
f 592/592/592 590/590/590 583/583/583
f 590/590/590 593/593/593 589/589/589
f 594/594/594 592/592/592 583/583/583
f 595/595/595 594/594/594 583/583/583
f 596/596/596 595/595/595 583/583/583
f 597/597/597 596/596/596 583/583/583
f 598/598/598 597/597/597 583/583/583
f 599/599/599 598/598/598 583/583/583
f 599/599/599 600/600/600 598/598/598
f 599/599/599 601/601/601 600/600/600
f 599/599/599 602/602/602 601/601/601
f 599/599/599 603/603/603 602/602/602
f 593/593/593 604/604/604 589/589/589
f 599/599/599 500/500/500 603/603/603
f 498/498/498 500/500/500 599/599/599
f 500/500/500 605/605/605 603/603/603
f 500/500/500 606/606/606 605/605/605
f 593/593/593 607/607/607 604/604/604
f 607/607/607 608/608/608 604/604/604
f 593/593/593 609/609/609 607/607/607
f 608/608/608 610/610/610 604/604/604
f 608/608/608 611/611/611 610/610/610
f 611/611/611 612/612/612 610/610/610
f 613/613/613 609/609/609 593/593/593
f 613/613/613 614/614/614 609/609/609
f 615/615/615 614/614/614 613/613/613
f 606/606/606 616/616/616 605/605/605
f 617/617/617 616/616/616 606/606/606
f 618/618/618 617/617/617 606/606/606
f 616/616/616 619/619/619 605/605/605
f 605/605/605 619/619/619 620/620/620
f 605/605/605 620/620/620 621/621/621
f 605/605/605 621/621/621 622/622/622
f 618/618/618 623/623/623 617/617/617
f 624/624/624 623/623/623 618/618/618
f 624/624/624 625/625/625 623/623/623
f 623/623/623 625/625/625 626/626/626
f 625/625/625 627/627/627 626/626/626
f 624/624/624 628/628/628 625/625/625
f 629/629/629 628/628/628 624/624/624
f 630/630/630 629/629/629 624/624/624
f 630/630/630 631/631/631 629/629/629
f 631/631/631 632/632/632 629/629/629
f 632/632/632 633/633/633 629/629/629
f 633/633/633 634/634/634 629/629/629
f 637/637/637 636/636/636 635/635/635
f 637/637/637 638/638/638 636/636/636
f 639/639/639 638/638/638 637/637/637
f 640/640/640 639/639/639 637/637/637
f 641/641/641 639/639/639 640/640/640
f 642/642/642 641/641/641 640/640/640
f 643/643/643 641/641/641 642/642/642
f 644/644/644 643/643/643 642/642/642
f 645/645/645 643/643/643 644/644/644
f 646/646/646 645/645/645 644/644/644
f 647/647/647 645/645/645 646/646/646
f 648/648/648 647/647/647 646/646/646
f 649/649/649 647/647/647 648/648/648
f 650/650/650 647/647/647 649/649/649
f 651/651/651 650/650/650 649/649/649
f 652/652/652 650/650/650 651/651/651
f 653/653/653 650/650/650 652/652/652
f 654/654/654 650/650/650 653/653/653
f 655/655/655 654/654/654 653/653/653
f 656/656/656 654/654/654 655/655/655
f 657/657/657 656/656/656 655/655/655
f 658/658/658 656/656/656 657/657/657
f 659/659/659 658/658/658 657/657/657
f 658/658/658 659/659/659 660/660/660
f 660/660/660 659/659/659 661/661/661
f 661/661/661 659/659/659 662/662/662
f 662/662/662 659/659/659 663/663/663
f 664/664/664 659/659/659 657/657/657
f 664/664/664 657/657/657 665/665/665
f 665/665/665 657/657/657 666/666/666
f 665/665/665 666/666/666 667/667/667
f 670/670/670 669/669/669 668/668/668
f 671/671/671 669/669/669 670/670/670
f 671/671/671 672/672/672 669/669/669
f 672/672/672 673/673/673 669/669/669
f 671/671/671 674/674/674 672/672/672
f 671/671/671 675/675/675 674/674/674
f 676/676/676 671/671/671 670/670/670
f 677/677/677 676/676/676 670/670/670
f 677/677/677 670/670/670 678/678/678
f 677/677/677 678/678/678 679/679/679
f 680/680/680 677/677/677 679/679/679
f 681/681/681 677/677/677 680/680/680
f 682/682/682 676/676/676 677/677/677
f 683/683/683 682/682/682 677/677/677
f 684/684/684 682/682/682 683/683/683
f 685/685/685 684/684/684 683/683/683
f 686/686/686 684/684/684 685/685/685
f 687/687/687 684/684/684 686/686/686
f 690/690/690 689/689/689 688/688/688
f 688/688/688 689/689/689 691/691/691
f 689/689/689 692/692/692 691/691/691
f 691/691/691 692/692/692 693/693/693
f 692/692/692 694/694/694 693/693/693
f 693/693/693 694/694/694 695/695/695
f 694/694/694 696/696/696 695/695/695
f 695/695/695 696/696/696 697/697/697
f 696/696/696 698/698/698 697/697/697
f 697/697/697 698/698/698 699/699/699
f 698/698/698 700/700/700 699/699/699
f 699/699/699 700/700/700 701/701/701
f 701/701/701 700/700/700 702/702/702
f 700/700/700 703/703/703 702/702/702
f 702/702/702 703/703/703 704/704/704
f 703/703/703 705/705/705 704/704/704
f 704/704/704 705/705/705 706/706/706
f 705/705/705 707/707/707 706/706/706
f 706/706/706 707/707/707 708/708/708
f 706/706/706 708/708/708 709/709/709
f 709/709/709 708/708/708 710/710/710
f 709/709/709 710/710/710 711/711/711
f 711/711/711 710/710/710 712/712/712
f 711/711/711 712/712/712 713/713/713
f 716/716/716 715/715/715 714/714/714
f 716/716/716 311/311/311 715/715/715
f 311/311/311 716/716/716 310/310/310
f 310/310/310 716/716/716 717/717/717
f 310/310/310 717/717/717 718/718/718
f 310/310/310 718/718/718 719/719/719
f 722/722/722 721/721/721 720/720/720
f 721/721/721 723/723/723 720/720/720
f 720/720/720 723/723/723 724/724/724
f 723/723/723 725/725/725 724/724/724
f 724/724/724 725/725/725 726/726/726
f 725/725/725 727/727/727 726/726/726
f 730/730/730 729/729/729 728/728/728
f 730/730/730 731/731/731 729/729/729
f 732/732/732 729/729/729 731/731/731
f 733/733/733 729/729/729 732/732/732
f 734/734/734 733/733/733 732/732/732
f 734/734/734 735/735/735 733/733/733
f 736/736/736 735/735/735 734/734/734
f 737/737/737 736/736/736 734/734/734
f 740/740/740 739/739/739 738/738/738
f 741/741/741 740/740/740 738/738/738
f 742/742/742 740/740/740 741/741/741
f 742/742/742 743/743/743 740/740/740
f 744/744/744 743/743/743 742/742/742
f 745/745/745 743/743/743 744/744/744
f 748/748/748 747/747/747 746/746/746
f 748/748/748 749/749/749 747/747/747
f 752/752/752 751/751/751 750/750/750
f 752/752/752 753/753/753 751/751/751
f 756/756/756 755/755/755 754/754/754
f 755/755/755 757/757/757 754/754/754
f 754/754/754 757/757/757 758/758/758
f 757/757/757 759/759/759 758/758/758
f 757/757/757 760/760/760 759/759/759
f 760/760/760 761/761/761 759/759/759
f 764/764/764 763/763/763 762/762/762
f 763/763/763 765/765/765 762/762/762
f 762/762/762 765/765/765 766/766/766
f 765/765/765 767/767/767 766/766/766
f 766/766/766 767/767/767 768/768/768
f 767/767/767 769/769/769 768/768/768
f 769/769/769 770/770/770 768/768/768
f 770/770/770 771/771/771 768/768/768
f 768/768/768 771/771/771 772/772/772
f 772/772/772 771/771/771 773/773/773
f 774/774/774 770/770/770 769/769/769
f 775/775/775 774/774/774 769/769/769
f 776/776/776 774/774/774 775/775/775
f 776/776/776 777/777/777 774/774/774
f 771/771/771 778/778/778 773/773/773
f 773/773/773 778/778/778 779/779/779
f 778/778/778 771/771/771 780/780/780
f 780/780/780 771/771/771 781/781/781
f 780/780/780 781/781/781 782/782/782
f 782/782/782 781/781/781 783/783/783
f 782/782/782 783/783/783 784/784/784
f 784/784/784 783/783/783 785/785/785
f 784/784/784 785/785/785 786/786/786
f 786/786/786 785/785/785 787/787/787
f 787/787/787 785/785/785 788/788/788
f 787/787/787 788/788/788 789/789/789
f 790/790/790 787/787/787 789/789/789
f 789/789/789 788/788/788 791/791/791
f 788/788/788 792/792/792 791/791/791
f 791/791/791 792/792/792 793/793/793
f 794/794/794 793/793/793 792/792/792
f 795/795/795 794/794/794 792/792/792
f 796/796/796 794/794/794 795/795/795
f 797/797/797 796/796/796 795/795/795
f 798/798/798 796/796/796 797/797/797
f 799/799/799 797/797/797 795/795/795
f 799/799/799 800/800/800 797/797/797
f 799/799/799 801/801/801 800/800/800
f 802/802/802 801/801/801 799/799/799
f 802/802/802 803/803/803 801/801/801
f 804/804/804 803/803/803 802/802/802
f 804/804/804 805/805/805 803/803/803
f 806/806/806 805/805/805 804/804/804
f 806/806/806 807/807/807 805/805/805
f 808/808/808 805/805/805 807/807/807
f 809/809/809 808/808/808 807/807/807
f 806/806/806 810/810/810 807/807/807
f 810/810/810 811/811/811 807/807/807
f 812/812/812 810/810/810 806/806/806
f 813/813/813 812/812/812 806/806/806
f 814/814/814 813/813/813 806/806/806
f 815/815/815 813/813/813 814/814/814
f 816/816/816 815/815/815 814/814/814
f 817/817/817 815/815/815 816/816/816
f 818/818/818 817/817/817 816/816/816
f 813/813/813 815/815/815 819/819/819
f 813/813/813 819/819/819 820/820/820
f 820/820/820 819/819/819 821/821/821
f 820/820/820 821/821/821 822/822/822
f 822/822/822 821/821/821 823/823/823
f 822/822/822 823/823/823 824/824/824
f 824/824/824 823/823/823 825/825/825
f 825/825/825 823/823/823 826/826/826
f 827/827/827 817/817/817 818/818/818
f 828/828/828 827/827/827 818/818/818
f 829/829/829 828/828/828 818/818/818
f 828/828/828 829/829/829 777/777/777
f 830/830/830 827/827/827 828/828/828
f 828/828/828 777/777/777 776/776/776
f 830/830/830 828/828/828 776/776/776
f 775/775/775 830/830/830 776/776/776
f 775/775/775 832/832/832 831/831/831
f 775/775/775 833/833/833 832/832/832
f 833/833/833 775/775/775 834/834/834
f 834/834/834 775/775/775 835/835/835
f 835/835/835 775/775/775 836/836/836
f 836/836/836 775/775/775 769/769/769
f 836/836/836 769/769/769 837/837/837
f 838/838/838 836/836/836 837/837/837
f 839/839/839 838/838/838 837/837/837
f 840/840/840 838/838/838 839/839/839
f 841/841/841 840/840/840 839/839/839
f 842/842/842 840/840/840 841/841/841
f 843/843/843 842/842/842 841/841/841
f 837/837/837 769/769/769 844/844/844
f 844/844/844 769/769/769 845/845/845
f 844/844/844 845/845/845 846/846/846
f 844/844/844 846/846/846 847/847/847
f 847/847/847 846/846/846 848/848/848
f 847/847/847 848/848/848 849/849/849
f 852/852/852 851/851/851 850/850/850
f 853/853/853 851/851/851 852/852/852
f 856/856/856 855/855/855 854/854/854
f 856/856/856 857/857/857 855/855/855
f 856/856/856 858/858/858 857/857/857
f 859/859/859 858/858/858 856/856/856
f 859/859/859 856/856/856 860/860/860
f 863/863/863 862/862/862 861/861/861
f 864/864/864 862/862/862 863/863/863
f 864/864/864 863/863/863 865/865/865
f 866/866/866 864/864/864 865/865/865
f 867/867/867 866/866/866 865/865/865
f 867/867/867 865/865/865 868/868/868
f 871/871/871 870/870/870 869/869/869
f 871/871/871 872/872/872 870/870/870
f 872/872/872 873/873/873 870/870/870
f 872/872/872 874/874/874 873/873/873
f 874/874/874 875/875/875 873/873/873
f 874/874/874 876/876/876 875/875/875
f 876/876/876 877/877/877 875/875/875
f 876/876/876 878/878/878 877/877/877
f 876/876/876 879/879/879 878/878/878
f 882/882/882 881/881/881 880/880/880
f 883/883/883 882/882/882 880/880/880
f 884/884/884 882/882/882 883/883/883
f 885/885/885 884/884/884 883/883/883
f 884/884/884 886/886/886 882/882/882
f 887/887/887 886/886/886 884/884/884
f 888/888/888 884/884/884 885/885/885
f 889/889/889 884/884/884 888/888/888
f 890/890/890 889/889/889 888/888/888
f 890/890/890 888/888/888 891/891/891
f 892/892/892 891/891/891 888/888/888
f 893/893/893 891/891/891 892/892/892
f 893/893/893 894/894/894 891/891/891
f 895/895/895 894/894/894 893/893/893
f 896/896/896 894/894/894 895/895/895
f 894/894/894 897/897/897 891/891/891
f 897/897/897 898/898/898 891/891/891
f 891/891/891 898/898/898 817/817/817
f 898/898/898 899/899/899 817/817/817
f 899/899/899 900/900/900 817/817/817
f 900/900/900 901/901/901 817/817/817
f 901/901/901 902/902/902 817/817/817
f 817/817/817 902/902/902 815/815/815
f 902/902/902 903/903/903 815/815/815
f 815/815/815 903/903/903 904/904/904
f 903/903/903 902/902/902 905/905/905
f 904/904/904 903/903/903 906/906/906
f 903/903/903 905/905/905 907/907/907
f 904/904/904 906/906/906 908/908/908
f 907/907/907 905/905/905 909/909/909
f 908/908/908 906/906/906 910/910/910
f 907/907/907 909/909/909 911/911/911
f 908/908/908 910/910/910 912/912/912
f 911/911/911 909/909/909 913/913/913
f 912/912/912 910/910/910 914/914/914
f 911/911/911 913/913/913 914/914/914
f 912/912/912 914/914/914 915/915/915
f 914/914/914 913/913/913 915/915/915
f 913/913/913 916/916/916 915/915/915
f 915/915/915 916/916/916 917/917/917
f 918/918/918 915/915/915 917/917/917
f 920/920/920 579/579/579 919/919/919
f 920/920/920 921/921/921 579/579/579
f 921/921/921 922/922/922 579/579/579
f 579/579/579 922/922/922 923/923/923
f 579/579/579 923/923/923 591/591/591
f 923/923/923 924/924/924 591/591/591
f 591/591/591 924/924/924 925/925/925
f 924/924/924 926/926/926 925/925/925
f 926/926/926 927/927/927 925/925/925
f 926/926/926 928/928/928 927/927/927
f 928/928/928 929/929/929 927/927/927
f 929/929/929 930/930/930 927/927/927
f 927/927/927 930/930/930 931/931/931
f 930/930/930 932/932/932 931/931/931
f 932/932/932 930/930/930 933/933/933
f 934/934/934 928/928/928 926/926/926
f 934/934/934 935/935/935 928/928/928
f 936/936/936 934/934/934 926/926/926
f 937/937/937 936/936/936 926/926/926
f 940/940/940 939/939/939 938/938/938
f 939/939/939 941/941/941 938/938/938
f 938/938/938 941/941/941 942/942/942
f 938/938/938 942/942/942 943/943/943
f 943/943/943 942/942/942 944/944/944
f 943/943/943 944/944/944 945/945/945
f 945/945/945 944/944/944 946/946/946
f 946/946/946 944/944/944 947/947/947
f 945/945/945 946/946/946 948/948/948
f 949/949/949 945/945/945 948/948/948
f 949/949/949 948/948/948 950/950/950
f 949/949/949 950/950/950 951/951/951
f 952/952/952 949/949/949 951/951/951
f 953/953/953 949/949/949 952/952/952
f 946/946/946 947/947/947 954/954/954
f 954/954/954 947/947/947 955/955/955
f 947/947/947 956/956/956 955/955/955
f 954/954/954 955/955/955 957/957/957
f 958/958/958 954/954/954 957/957/957
f 956/956/956 959/959/959 955/955/955
f 959/959/959 960/960/960 955/955/955
f 961/961/961 959/959/959 956/956/956
f 962/962/962 961/961/961 956/956/956
f 962/962/962 963/963/963 961/961/961
f 964/964/964 963/963/963 962/962/962
f 965/965/965 964/964/964 962/962/962
f 966/966/966 965/965/965 962/962/962
f 958/958/958 957/957/957 967/967/967
f 967/967/967 957/957/957 968/968/968
f 969/969/969 958/958/958 967/967/967
f 970/970/970 958/958/958 969/969/969
f 971/971/971 970/970/970 969/969/969
f 972/972/972 970/970/970 971/971/971
f 970/970/970 972/972/972 973/973/973
f 970/970/970 973/973/973 974/974/974
f 977/977/977 976/976/976 975/975/975
f 977/977/977 975/975/975 978/978/978
f 979/979/979 978/978/978 975/975/975
f 980/980/980 979/979/979 975/975/975
f 981/981/981 979/979/979 980/980/980
f 982/982/982 981/981/981 980/980/980
f 983/983/983 981/981/981 982/982/982
f 984/984/984 983/983/983 982/982/982
f 985/985/985 983/983/983 984/984/984
f 986/986/986 985/985/985 984/984/984
f 985/985/985 986/986/986 987/987/987
f 986/986/986 988/988/988 987/987/987
f 987/987/987 988/988/988 989/989/989
f 988/988/988 990/990/990 989/989/989
f 989/989/989 990/990/990 991/991/991
f 990/990/990 992/992/992 991/991/991
f 993/993/993 991/991/991 992/992/992
f 994/994/994 991/991/991 993/993/993
f 995/995/995 994/994/994 993/993/993
f 996/996/996 994/994/994 995/995/995
f 997/997/997 996/996/996 995/995/995
f 998/998/998 996/996/996 997/997/997
f 999/999/999 998/998/998 997/997/997
f 1000/1000/1000 998/998/998 999/999/999
f 1001/1001/1001 1000/1000/1000 999/999/999
f 1002/1002/1002 1000/1000/1000 1001/1001/1001
f 1001/1001/1001 1003/1003/1003 1002/1002/1002
f 1002/1002/1002 1003/1003/1003 1004/1004/1004
f 1007/1007/1007 1006/1006/1006 1005/1005/1005
f 1008/1008/1008 1007/1007/1007 1005/1005/1005
f 1009/1009/1009 1008/1008/1008 1005/1005/1005
f 1010/1010/1010 1009/1009/1009 1005/1005/1005
f 1011/1011/1011 1009/1009/1009 1010/1010/1010
f 1012/1012/1012 1011/1011/1011 1010/1010/1010
f 1013/1013/1013 1011/1011/1011 1012/1012/1012
f 1014/1014/1014 1013/1013/1013 1012/1012/1012
f 1015/1015/1015 1013/1013/1013 1014/1014/1014
f 1016/1016/1016 1015/1015/1015 1014/1014/1014
f 1017/1017/1017 1015/1015/1015 1016/1016/1016
f 1018/1018/1018 1015/1015/1015 1017/1017/1017
f 1019/1019/1019 1018/1018/1018 1017/1017/1017
f 1020/1020/1020 1018/1018/1018 1019/1019/1019
f 1021/1021/1021 1020/1020/1020 1019/1019/1019
f 1022/1022/1022 1020/1020/1020 1021/1021/1021
f 1023/1023/1023 1022/1022/1022 1021/1021/1021
f 1024/1024/1024 1022/1022/1022 1023/1023/1023
f 1025/1025/1025 1024/1024/1024 1023/1023/1023
f 1026/1026/1026 1024/1024/1024 1025/1025/1025
f 1027/1027/1027 1026/1026/1026 1025/1025/1025
f 1028/1028/1028 1026/1026/1026 1027/1027/1027
f 1029/1029/1029 1028/1028/1028 1027/1027/1027
f 1030/1030/1030 1028/1028/1028 1029/1029/1029
f 1031/1031/1031 1030/1030/1030 1029/1029/1029
f 1032/1032/1032 1030/1030/1030 1031/1031/1031
f 1032/1032/1032 1031/1031/1031 1033/1033/1033
f 1034/1034/1034 1032/1032/1032 1033/1033/1033
f 1037/1037/1037 1036/1036/1036 1035/1035/1035
f 1037/1037/1037 1035/1035/1035 1038/1038/1038
f 1037/1037/1037 1038/1038/1038 1039/1039/1039
f 1040/1040/1040 1037/1037/1037 1039/1039/1039
f 1041/1041/1041 1037/1037/1037 1040/1040/1040
f 1041/1041/1041 1040/1040/1040 1042/1042/1042
f 1041/1041/1041 1043/1043/1043 1037/1037/1037
f 1044/1044/1044 1037/1037/1037 1043/1043/1043
f 1045/1045/1045 1037/1037/1037 1044/1044/1044
f 1044/1044/1044 1046/1046/1046 1045/1045/1045
f 1041/1041/1041 1042/1042/1042 1047/1047/1047
f 1047/1047/1047 1042/1042/1042 1048/1048/1048
f 1047/1047/1047 1048/1048/1048 1049/1049/1049
f 1047/1047/1047 1049/1049/1049 1050/1050/1050
f 1047/1047/1047 1050/1050/1050 1051/1051/1051
f 1051/1051/1051 1050/1050/1050 1052/1052/1052
f 1055/1055/1055 1054/1054/1054 1053/1053/1053
f 1055/1055/1055 1056/1056/1056 1054/1054/1054
f 1055/1055/1055 1057/1057/1057 1056/1056/1056
f 1057/1057/1057 1058/1058/1058 1056/1056/1056
f 1059/1059/1059 1057/1057/1057 1055/1055/1055
f 1060/1060/1060 1057/1057/1057 1059/1059/1059
f 1060/1060/1060 1059/1059/1059 1061/1061/1061
f 1062/1062/1062 1060/1060/1060 1061/1061/1061
f 1063/1063/1063 1060/1060/1060 1062/1062/1062
f 1064/1064/1064 1063/1063/1063 1062/1062/1062
f 1062/1062/1062 1061/1061/1061 1065/1065/1065
f 1066/1066/1066 1064/1064/1064 1062/1062/1062
f 1067/1067/1067 1064/1064/1064 1066/1066/1066
f 1062/1062/1062 1065/1065/1065 1068/1068/1068
f 1068/1068/1068 1065/1065/1065 1069/1069/1069
f 1069/1069/1069 1065/1065/1065 1070/1070/1070
f 1073/1073/1073 1072/1072/1072 1071/1071/1071
f 1071/1071/1071 1072/1072/1072 1074/1074/1074
f 1075/1075/1075 1071/1071/1071 1074/1074/1074
f 1076/1076/1076 1075/1075/1075 1074/1074/1074
f 1077/1077/1077 1075/1075/1075 1076/1076/1076
f 1078/1078/1078 1077/1077/1077 1076/1076/1076
f 1079/1079/1079 1077/1077/1077 1078/1078/1078
f 1080/1080/1080 1079/1079/1079 1078/1078/1078
f 1081/1081/1081 1079/1079/1079 1080/1080/1080
f 1082/1082/1082 1081/1081/1081 1080/1080/1080
f 1083/1083/1083 1081/1081/1081 1082/1082/1082
f 1084/1084/1084 1083/1083/1083 1082/1082/1082
f 1085/1085/1085 1083/1083/1083 1084/1084/1084
f 1086/1086/1086 1085/1085/1085 1084/1084/1084
f 1087/1087/1087 1085/1085/1085 1086/1086/1086
f 1088/1088/1088 1087/1087/1087 1086/1086/1086
f 1089/1089/1089 1087/1087/1087 1088/1088/1088
f 1090/1090/1090 1087/1087/1087 1089/1089/1089
f 1091/1091/1091 1090/1090/1090 1089/1089/1089
f 1092/1092/1092 1091/1091/1091 1089/1089/1089
f 1093/1093/1093 1091/1091/1091 1092/1092/1092
f 1094/1094/1094 1093/1093/1093 1092/1092/1092
f 1095/1095/1095 1093/1093/1093 1094/1094/1094
f 1096/1096/1096 1095/1095/1095 1094/1094/1094
f 1097/1097/1097 1095/1095/1095 1096/1096/1096
f 1098/1098/1098 1097/1097/1097 1096/1096/1096
f 1097/1097/1097 1098/1098/1098 1099/1099/1099
f 1099/1099/1099 1098/1098/1098 1100/1100/1100
f 1103/1103/1103 1102/1102/1102 1101/1101/1101
f 1102/1102/1102 1104/1104/1104 1101/1101/1101
f 1105/1105/1105 1101/1101/1101 1104/1104/1104
f 1106/1106/1106 1105/1105/1105 1104/1104/1104
f 1107/1107/1107 1105/1105/1105 1106/1106/1106
f 1108/1108/1108 1107/1107/1107 1106/1106/1106
f 1109/1109/1109 1107/1107/1107 1108/1108/1108
f 1110/1110/1110 1109/1109/1109 1108/1108/1108
f 1111/1111/1111 1109/1109/1109 1110/1110/1110
f 1112/1112/1112 1111/1111/1111 1110/1110/1110
f 1113/1113/1113 1111/1111/1111 1112/1112/1112
f 1114/1114/1114 1113/1113/1113 1112/1112/1112
f 1113/1113/1113 1114/1114/1114 1115/1115/1115
f 1114/1114/1114 1116/1116/1116 1115/1115/1115
f 1115/1115/1115 1116/1116/1116 1117/1117/1117
f 1116/1116/1116 1118/1118/1118 1117/1117/1117
f 1118/1118/1118 1119/1119/1119 1117/1117/1117
f 1117/1117/1117 1119/1119/1119 1120/1120/1120
f 1121/1121/1121 1120/1120/1120 1119/1119/1119
f 1122/1122/1122 1121/1121/1121 1119/1119/1119
f 1123/1123/1123 1121/1121/1121 1122/1122/1122
f 1124/1124/1124 1123/1123/1123 1122/1122/1122
f 1125/1125/1125 1123/1123/1123 1124/1124/1124
f 1126/1126/1126 1125/1125/1125 1124/1124/1124
f 1127/1127/1127 1125/1125/1125 1126/1126/1126
f 1128/1128/1128 1127/1127/1127 1126/1126/1126
f 1127/1127/1127 1128/1128/1128 1129/1129/1129
f 1127/1127/1127 1129/1129/1129 1130/1130/1130
f 1133/1133/1133 1132/1132/1132 1131/1131/1131
f 1134/1134/1134 1133/1133/1133 1131/1131/1131
f 1137/1137/1137 1136/1136/1136 1135/1135/1135
f 1138/1138/1138 1137/1137/1137 1135/1135/1135
f 1141/1141/1141 1140/1140/1140 1139/1139/1139
f 1142/1142/1142 1141/1141/1141 1139/1139/1139
f 1145/1145/1145 1144/1144/1144 1143/1143/1143
f 1144/1144/1144 1146/1146/1146 1143/1143/1143
f 1146/1146/1146 1147/1147/1147 1143/1143/1143
f 1143/1143/1143 1147/1147/1147 1148/1148/1148
f 1147/1147/1147 1149/1149/1149 1148/1148/1148
f 1148/1148/1148 1149/1149/1149 1150/1150/1150
f 1149/1149/1149 1151/1151/1151 1150/1150/1150
f 1150/1150/1150 1151/1151/1151 1152/1152/1152
f 1151/1151/1151 1153/1153/1153 1152/1152/1152
f 1152/1152/1152 1153/1153/1153 1154/1154/1154
f 1153/1153/1153 1155/1155/1155 1154/1154/1154
f 1155/1155/1155 1156/1156/1156 1154/1154/1154
f 1154/1154/1154 1156/1156/1156 1157/1157/1157
f 1156/1156/1156 1158/1158/1158 1157/1157/1157
f 1158/1158/1158 1159/1159/1159 1157/1157/1157
f 1159/1159/1159 1160/1160/1160 1157/1157/1157
f 1163/1163/1163 1162/1162/1162 1161/1161/1161
f 1164/1164/1164 1163/1163/1163 1161/1161/1161
f 1164/1164/1164 1161/1161/1161 1165/1165/1165
f 1161/1161/1161 1166/1166/1166 1165/1165/1165
f 1165/1165/1165 1166/1166/1166 1167/1167/1167
f 1166/1166/1166 1168/1168/1168 1167/1167/1167
f 1171/1171/1171 1170/1170/1170 1169/1169/1169
f 1170/1170/1170 1172/1172/1172 1169/1169/1169
f 1169/1169/1169 1172/1172/1172 1173/1173/1173
f 1172/1172/1172 1174/1174/1174 1173/1173/1173
f 1173/1173/1173 1174/1174/1174 1175/1175/1175
f 1174/1174/1174 1176/1176/1176 1175/1175/1175
f 1177/1177/1177 1175/1175/1175 1176/1176/1176
f 1178/1178/1178 1175/1175/1175 1177/1177/1177
f 1179/1179/1179 1178/1178/1178 1177/1177/1177
f 1180/1180/1180 1178/1178/1178 1179/1179/1179
f 1181/1181/1181 1180/1180/1180 1179/1179/1179
f 1182/1182/1182 1180/1180/1180 1181/1181/1181
f 1183/1183/1183 1182/1182/1182 1181/1181/1181
f 1184/1184/1184 1182/1182/1182 1183/1183/1183
f 1185/1185/1185 1184/1184/1184 1183/1183/1183
f 1185/1185/1185 1186/1186/1186 1184/1184/1184
f 1189/1189/1189 1188/1188/1188 1187/1187/1187
f 1190/1190/1190 1187/1187/1187 1188/1188/1188
f 1187/1187/1187 1190/1190/1190 1191/1191/1191
f 1191/1191/1191 1190/1190/1190 1192/1192/1192
f 1193/1193/1193 1187/1187/1187 1191/1191/1191
f 1193/1193/1193 1191/1191/1191 1194/1194/1194
f 1191/1191/1191 1196/1196/1196 1195/1195/1195
f 1195/1195/1195 1196/1196/1196 1197/1197/1197
f 1191/1191/1191 1198/1198/1198 1196/1196/1196
f 1198/1198/1198 1199/1199/1199 1196/1196/1196
f 1199/1199/1199 1200/1200/1200 1196/1196/1196
f 1198/1198/1198 1201/1201/1201 1199/1199/1199
f 1201/1201/1201 1202/1202/1202 1199/1199/1199
f 1203/1203/1203 1202/1202/1202 1201/1201/1201
f 1203/1203/1203 1204/1204/1204 1202/1202/1202
f 1205/1205/1205 1204/1204/1204 1203/1203/1203
f 1205/1205/1205 1206/1206/1206 1204/1204/1204
f 1198/1198/1198 1207/1207/1207 1201/1201/1201
f 1208/1208/1208 1207/1207/1207 1198/1198/1198
f 1209/1209/1209 1207/1207/1207 1208/1208/1208
f 1209/1209/1209 1210/1210/1210 1207/1207/1207
f 1211/1211/1211 1206/1206/1206 1205/1205/1205
f 1212/1212/1212 1210/1210/1210 1209/1209/1209
f 1212/1212/1212 1211/1211/1211 1210/1210/1210
f 1213/1213/1213 1206/1206/1206 1211/1211/1211
f 1212/1212/1212 1213/1213/1213 1211/1211/1211
f 1214/1214/1214 1213/1213/1213 1212/1212/1212
f 1214/1214/1214 1212/1212/1212 1215/1215/1215
f 1216/1216/1216 1213/1213/1213 1214/1214/1214
f 1217/1217/1217 1213/1213/1213 1216/1216/1216
f 1218/1218/1218 1217/1217/1217 1216/1216/1216
f 1219/1219/1219 1217/1217/1217 1218/1218/1218
f 1220/1220/1220 1219/1219/1219 1218/1218/1218
f 1221/1221/1221 1219/1219/1219 1220/1220/1220
f 1222/1222/1222 1221/1221/1221 1220/1220/1220
f 1223/1223/1223 1221/1221/1221 1222/1222/1222
f 1224/1224/1224 1223/1223/1223 1222/1222/1222
f 1225/1225/1225 1223/1223/1223 1224/1224/1224
f 1214/1214/1214 1215/1215/1215 1226/1226/1226
f 1227/1227/1227 1225/1225/1225 1224/1224/1224
f 1228/1228/1228 1225/1225/1225 1227/1227/1227
f 1227/1227/1227 1229/1229/1229 1228/1228/1228
f 1230/1230/1230 1229/1229/1229 1227/1227/1227
f 1231/1231/1231 1229/1229/1229 1230/1230/1230
f 1232/1232/1232 1229/1229/1229 1231/1231/1231
f 1232/1232/1232 1233/1233/1233 1229/1229/1229
f 1226/1226/1226 1215/1215/1215 1234/1234/1234
f 1229/1229/1229 1235/1235/1235 1228/1228/1228
f 1235/1235/1235 1236/1236/1236 1228/1228/1228
f 1235/1235/1235 1237/1237/1237 1236/1236/1236
f 1235/1235/1235 1238/1238/1238 1237/1237/1237
f 1239/1239/1239 1238/1238/1238 1235/1235/1235
f 1229/1229/1229 1233/1233/1233 1240/1240/1240
f 1233/1233/1233 1241/1241/1241 1240/1240/1240
f 1240/1240/1240 1241/1241/1241 1242/1242/1242
f 1241/1241/1241 1243/1243/1243 1242/1242/1242
f 1242/1242/1242 1243/1243/1243 1244/1244/1244
f 1243/1243/1243 1245/1245/1245 1244/1244/1244
f 1246/1246/1246 1235/1235/1235 1229/1229/1229
f 1244/1244/1244 1245/1245/1245 1247/1247/1247
f 1245/1245/1245 1248/1248/1248 1247/1247/1247
f 1248/1248/1248 1249/1249/1249 1247/1247/1247
f 1250/1250/1250 1235/1235/1235 1246/1246/1246
f 1247/1247/1247 1249/1249/1249 1251/1251/1251
f 1249/1249/1249 1252/1252/1252 1251/1251/1251
f 1253/1253/1253 1251/1251/1251 1252/1252/1252
f 1253/1253/1253 1254/1254/1254 1251/1251/1251
f 1255/1255/1255 1254/1254/1254 1253/1253/1253
f 1256/1256/1256 1255/1255/1255 1253/1253/1253
f 1257/1257/1257 1235/1235/1235 1250/1250/1250
f 1258/1258/1258 1255/1255/1255 1256/1256/1256
f 1257/1257/1257 1259/1259/1259 1235/1235/1235
f 1257/1257/1257 1260/1260/1260 1259/1259/1259
f 1259/1259/1259 1260/1260/1260 1261/1261/1261
f 1259/1259/1259 1261/1261/1261 1262/1262/1262
f 1262/1262/1262 1261/1261/1261 1263/1263/1263
f 1261/1261/1261 1264/1264/1264 1263/1263/1263
f 1263/1263/1263 1264/1264/1264 1265/1265/1265
f 1264/1264/1264 1266/1266/1266 1265/1265/1265
f 1267/1267/1267 1258/1258/1258 1256/1256/1256
f 1268/1268/1268 1258/1258/1258 1267/1267/1267
f 1269/1269/1269 1258/1258/1258 1268/1268/1268
f 1270/1270/1270 1269/1269/1269 1268/1268/1268
f 1270/1270/1270 1271/1271/1271 1269/1269/1269
f 1272/1272/1272 1271/1271/1271 1270/1270/1270
f 1273/1273/1273 1271/1271/1271 1272/1272/1272
f 1274/1274/1274 1273/1273/1273 1272/1272/1272
f 1275/1275/1275 1273/1273/1273 1274/1274/1274
f 1276/1276/1276 1275/1275/1275 1274/1274/1274
f 1277/1277/1277 1275/1275/1275 1276/1276/1276
f 1278/1278/1278 1275/1275/1275 1277/1277/1277
f 1279/1279/1279 1278/1278/1278 1277/1277/1277
f 1280/1280/1280 1278/1278/1278 1279/1279/1279
f 1281/1281/1281 1280/1280/1280 1279/1279/1279
f 1282/1282/1282 1280/1280/1280 1281/1281/1281
f 1283/1283/1283 1282/1282/1282 1281/1281/1281
f 1284/1284/1284 1282/1282/1282 1283/1283/1283
f 1285/1285/1285 1282/1282/1282 1284/1284/1284
f 1286/1286/1286 1282/1282/1282 1285/1285/1285
f 1287/1287/1287 1282/1282/1282 1286/1286/1286
f 1282/1282/1282 1287/1287/1287 1288/1288/1288
f 1282/1282/1282 1288/1288/1288 1289/1289/1289
f 1289/1289/1289 1288/1288/1288 1290/1290/1290
f 1290/1290/1290 1288/1288/1288 1291/1291/1291
f 1287/1287/1287 1286/1286/1286 1292/1292/1292
f 1286/1286/1286 1293/1293/1293 1292/1292/1292
f 1292/1292/1292 1293/1293/1293 1294/1294/1294
f 1293/1293/1293 1295/1295/1295 1294/1294/1294
f 1294/1294/1294 1295/1295/1295 1296/1296/1296
f 1295/1295/1295 1297/1297/1297 1296/1296/1296
f 1296/1296/1296 1297/1297/1297 1298/1298/1298
f 1297/1297/1297 1299/1299/1299 1298/1298/1298
f 1298/1298/1298 1299/1299/1299 1300/1300/1300
f 1299/1299/1299 1301/1301/1301 1300/1300/1300
f 1288/1288/1288 1287/1287/1287 1302/1302/1302
f 1300/1300/1300 1301/1301/1301 1303/1303/1303
f 1288/1288/1288 1302/1302/1302 1304/1304/1304
f 1288/1288/1288 1304/1304/1304 1305/1305/1305
f 1301/1301/1301 1306/1306/1306 1303/1303/1303
f 1288/1288/1288 1305/1305/1305 1307/1307/1307
f 1305/1305/1305 1308/1308/1308 1307/1307/1307
f 1307/1307/1307 1308/1308/1308 1309/1309/1309
f 1308/1308/1308 1310/1310/1310 1309/1309/1309
f 1309/1309/1309 1310/1310/1310 1311/1311/1311
f 1310/1310/1310 1312/1312/1312 1311/1311/1311
f 1311/1311/1311 1312/1312/1312 1313/1313/1313
f 1312/1312/1312 1314/1314/1314 1313/1313/1313
f 1313/1313/1313 1314/1314/1314 1315/1315/1315
f 1313/1313/1313 1315/1315/1315 1316/1316/1316
f 1313/1313/1313 1316/1316/1316 1317/1317/1317
f 1316/1316/1316 1318/1318/1318 1317/1317/1317
f 1319/1319/1319 1313/1313/1313 1317/1317/1317
f 1320/1320/1320 1313/1313/1313 1319/1319/1319
f 1317/1317/1317 1318/1318/1318 1321/1321/1321
f 1322/1322/1322 1321/1321/1321 1318/1318/1318
f 1321/1321/1321 1322/1322/1322 1323/1323/1323
f 1317/1317/1317 1321/1321/1321 1324/1324/1324
f 1325/1325/1325 1317/1317/1317 1324/1324/1324
f 1327/1327/1327 1320/1320/1320 1326/1326/1326
f 1327/1327/1327 1326/1326/1326 1328/1328/1328
f 1326/1326/1326 1329/1329/1329 1328/1328/1328
f 1328/1328/1328 1329/1329/1329 1330/1330/1330
f 516/516/516 1332/1332/1332 1331/1331/1331
f 516/516/516 1333/1333/1333 1332/1332/1332
f 516/516/516 534/534/534 1333/1333/1333
f 1333/1333/1333 534/534/534 1334/1334/1334
f 1337/1337/1337 1336/1336/1336 1335/1335/1335
f 1338/1338/1338 1336/1336/1336 1337/1337/1337
f 1338/1338/1338 1339/1339/1339 1336/1336/1336
f 1339/1339/1339 1340/1340/1340 1336/1336/1336
f 1340/1340/1340 1341/1341/1341 1336/1336/1336
f 1341/1341/1341 1342/1342/1342 1336/1336/1336
f 1343/1343/1343 1342/1342/1342 1341/1341/1341
f 1344/1344/1344 1342/1342/1342 1343/1343/1343
f 1344/1344/1344 1345/1345/1345 1342/1342/1342
f 1345/1345/1345 1346/1346/1346 1342/1342/1342
f 1349/1349/1349 1348/1348/1348 1347/1347/1347
f 1347/1347/1347 1348/1348/1348 1350/1350/1350
f 1347/1347/1347 1350/1350/1350 1351/1351/1351
f 1347/1347/1347 1351/1351/1351 1352/1352/1352
f 1347/1347/1347 1352/1352/1352 1353/1353/1353
f 1347/1347/1347 1353/1353/1353 1354/1354/1354
f 1347/1347/1347 1354/1354/1354 1355/1355/1355
f 1347/1347/1347 1355/1355/1355 1356/1356/1356
f 1347/1347/1347 1356/1356/1356 1357/1357/1357
f 1357/1357/1357 1356/1356/1356 1358/1358/1358
f 1357/1357/1357 1358/1358/1358 1359/1359/1359
f 1357/1357/1357 1359/1359/1359 1360/1360/1360
f 1360/1360/1360 1359/1359/1359 1361/1361/1361
f 1360/1360/1360 1361/1361/1361 1362/1362/1362
f 1362/1362/1362 1361/1361/1361 1363/1363/1363
f 1364/1364/1364 1362/1362/1362 1363/1363/1363
f 1365/1365/1365 1364/1364/1364 1363/1363/1363
f 1366/1366/1366 1364/1364/1364 1365/1365/1365
f 1367/1367/1367 1366/1366/1366 1365/1365/1365
f 1368/1368/1368 1366/1366/1366 1367/1367/1367
f 1369/1369/1369 1368/1368/1368 1367/1367/1367
f 1370/1370/1370 1368/1368/1368 1369/1369/1369
f 1371/1371/1371 1370/1370/1370 1369/1369/1369
f 1372/1372/1372 1370/1370/1370 1371/1371/1371
f 1373/1373/1373 1372/1372/1372 1371/1371/1371
f 1374/1374/1374 1372/1372/1372 1373/1373/1373
f 1375/1375/1375 1374/1374/1374 1373/1373/1373
f 1375/1375/1375 1376/1376/1376 1374/1374/1374
f 1375/1375/1375 1377/1377/1377 1376/1376/1376
f 1378/1378/1378 1377/1377/1377 1375/1375/1375
f 1379/1379/1379 1378/1378/1378 1375/1375/1375
f 1381/1381/1381 1380/1380/1380 1379/1379/1379
f 1381/1381/1381 1382/1382/1382 1380/1380/1380
f 1382/1382/1382 1381/1381/1381 1383/1383/1383
f 1383/1383/1383 1381/1381/1381 1384/1384/1384
f 1385/1385/1385 1384/1384/1384 1381/1381/1381
f 1386/1386/1386 1385/1385/1385 1381/1381/1381
f 1387/1387/1387 1385/1385/1385 1386/1386/1386
f 1388/1388/1388 1387/1387/1387 1386/1386/1386
f 1389/1389/1389 1387/1387/1387 1388/1388/1388
f 1390/1390/1390 1389/1389/1389 1388/1388/1388
f 1391/1391/1391 1389/1389/1389 1390/1390/1390
f 1392/1392/1392 1391/1391/1391 1390/1390/1390
f 1393/1393/1393 1391/1391/1391 1392/1392/1392
f 1394/1394/1394 1393/1393/1393 1392/1392/1392
f 1395/1395/1395 1393/1393/1393 1394/1394/1394
f 1396/1396/1396 1395/1395/1395 1394/1394/1394
f 1397/1397/1397 1395/1395/1395 1396/1396/1396
f 1398/1398/1398 1397/1397/1397 1396/1396/1396
f 1399/1399/1399 1398/1398/1398 1396/1396/1396
f 1400/1400/1400 1398/1398/1398 1399/1399/1399
f 1401/1401/1401 1400/1400/1400 1399/1399/1399
f 1404/1404/1404 1403/1403/1403 1402/1402/1402
f 1402/1402/1402 1403/1403/1403 1405/1405/1405
f 1403/1403/1403 1406/1406/1406 1405/1405/1405
f 1403/1403/1403 1407/1407/1407 1406/1406/1406
f 1403/1403/1403 1408/1408/1408 1407/1407/1407
f 1409/1409/1409 1408/1408/1408 1403/1403/1403
f 1410/1410/1410 1409/1409/1409 1403/1403/1403
f 1411/1411/1411 1410/1410/1410 1403/1403/1403
f 1411/1411/1411 1412/1412/1412 1410/1410/1410
f 1413/1413/1413 1411/1411/1411 1403/1403/1403
f 1414/1414/1414 1413/1413/1413 1403/1403/1403
f 1415/1415/1415 1414/1414/1414 1403/1403/1403
f 1418/1418/1418 1417/1417/1417 1416/1416/1416
f 1419/1419/1419 1418/1418/1418 1416/1416/1416
f 1422/1422/1422 1421/1421/1421 1420/1420/1420
f 1421/1421/1421 1423/1423/1423 1420/1420/1420
f 1423/1423/1423 1424/1424/1424 1420/1420/1420
f 1420/1420/1420 1424/1424/1424 1425/1425/1425
f 1424/1424/1424 1426/1426/1426 1425/1425/1425
f 1426/1426/1426 1427/1427/1427 1425/1425/1425
f 1427/1427/1427 1428/1428/1428 1425/1425/1425
f 1420/1420/1420 1425/1425/1425 1429/1429/1429
f 1428/1428/1428 1430/1430/1430 1425/1425/1425
f 1429/1429/1429 1425/1425/1425 1431/1431/1431
f 1432/1432/1432 1429/1429/1429 1431/1431/1431
f 1432/1432/1432 1431/1431/1431 1433/1433/1433
f 1430/1430/1430 1434/1434/1434 1425/1425/1425
f 1435/1435/1435 1434/1434/1434 1430/1430/1430
f 1435/1435/1435 1436/1436/1436 1434/1434/1434
f 1436/1436/1436 1437/1437/1437 1434/1434/1434
f 1440/1440/1440 1439/1439/1439 1438/1438/1438
f 1441/1441/1441 1440/1440/1440 1438/1438/1438
f 1444/1444/1444 1443/1443/1443 1442/1442/1442
f 1444/1444/1444 1445/1445/1445 1443/1443/1443
f 1443/1443/1443 1445/1445/1445 1446/1446/1446
f 1445/1445/1445 1447/1447/1447 1446/1446/1446
f 1445/1445/1445 1448/1448/1448 1447/1447/1447
f 1447/1447/1447 1448/1448/1448 1449/1449/1449
f 1447/1447/1447 1449/1449/1449 1450/1450/1450
f 1450/1450/1450 1449/1449/1449 1451/1451/1451
f 1451/1451/1451 1449/1449/1449 1452/1452/1452
f 1452/1452/1452 1449/1449/1449 1453/1453/1453
f 1452/1452/1452 1453/1453/1453 1454/1454/1454
f 1457/1457/1457 1456/1456/1456 1455/1455/1455
f 1455/1455/1455 1456/1456/1456 1458/1458/1458
f 1461/1461/1461 1460/1460/1460 1459/1459/1459
f 1460/1460/1460 1462/1462/1462 1459/1459/1459
f 1459/1459/1459 1462/1462/1462 1463/1463/1463
f 1462/1462/1462 1464/1464/1464 1463/1463/1463
f 1463/1463/1463 1464/1464/1464 1465/1465/1465
f 1463/1463/1463 1465/1465/1465 1466/1466/1466
f 1469/1469/1469 1468/1468/1468 1467/1467/1467
f 1469/1469/1469 1470/1470/1470 1468/1468/1468
f 1469/1469/1469 1471/1471/1471 1470/1470/1470
f 1471/1471/1471 1472/1472/1472 1470/1470/1470
f 1469/1469/1469 1473/1473/1473 1471/1471/1471
f 1469/1469/1469 1474/1474/1474 1473/1473/1473
f 1474/1474/1474 1475/1475/1475 1473/1473/1473
f 1474/1474/1474 1476/1476/1476 1475/1475/1475
f 1476/1476/1476 1477/1477/1477 1475/1475/1475
f 1476/1476/1476 1478/1478/1478 1477/1477/1477
f 1478/1478/1478 1479/1479/1479 1477/1477/1477
f 1478/1478/1478 1480/1480/1480 1479/1479/1479
f 1478/1478/1478 1481/1481/1481 1480/1480/1480
f 1478/1478/1478 1482/1482/1482 1481/1481/1481
f 1478/1478/1478 1483/1483/1483 1482/1482/1482
f 1486/1486/1486 1485/1485/1485 1484/1484/1484
f 1486/1486/1486 1487/1487/1487 1485/1485/1485
f 402/402/402 1489/1489/1489 1488/1488/1488
f 1490/1490/1490 402/402/402 1488/1488/1488
f 402/402/402 1490/1490/1490 1491/1491/1491
f 402/402/402 1491/1491/1491 1492/1492/1492
f 402/402/402 1492/1492/1492 418/418/418
f 1492/1492/1492 1493/1493/1493 418/418/418
f 1494/1494/1494 418/418/418 1493/1493/1493
f 1495/1495/1495 1494/1494/1494 1493/1493/1493
f 1496/1496/1496 1494/1494/1494 1495/1495/1495
f 1497/1497/1497 1496/1496/1496 1495/1495/1495
f 1498/1498/1498 1497/1497/1497 1495/1495/1495
f 1499/1499/1499 1497/1497/1497 1498/1498/1498
f 1500/1500/1500 1499/1499/1499 1498/1498/1498
f 1501/1501/1501 1499/1499/1499 1500/1500/1500
f 1502/1502/1502 1499/1499/1499 1501/1501/1501
f 1503/1503/1503 1502/1502/1502 1501/1501/1501
f 1503/1503/1503 1504/1504/1504 1502/1502/1502
f 1505/1505/1505 1504/1504/1504 1503/1503/1503
f 1506/1506/1506 1505/1505/1505 1503/1503/1503
f 1505/1505/1505 1506/1506/1506 1507/1507/1507
f 1507/1507/1507 1506/1506/1506 1508/1508/1508
f 1507/1507/1507 1508/1508/1508 1509/1509/1509
f 1507/1507/1507 1509/1509/1509 1510/1510/1510
f 1513/1513/1513 1512/1512/1512 1511/1511/1511
f 1514/1514/1514 1513/1513/1513 1511/1511/1511
f 1515/1515/1515 1514/1514/1514 1511/1511/1511
f 1515/1515/1515 1511/1511/1511 1516/1516/1516
f 1516/1516/1516 1511/1511/1511 1517/1517/1517
f 1517/1517/1517 1511/1511/1511 1518/1518/1518
f 1518/1518/1518 1511/1511/1511 1519/1519/1519
f 1522/1522/1522 1521/1521/1521 1520/1520/1520
f 1521/1521/1521 1523/1523/1523 1520/1520/1520
f 1523/1523/1523 1524/1524/1524 1520/1520/1520
f 1524/1524/1524 1525/1525/1525 1520/1520/1520
f 1524/1524/1524 1526/1526/1526 1525/1525/1525
f 1524/1524/1524 1527/1527/1527 1526/1526/1526
f 1527/1527/1527 1528/1528/1528 1526/1526/1526
f 1527/1527/1527 1529/1529/1529 1528/1528/1528
f 1529/1529/1529 1530/1530/1530 1528/1528/1528
f 1533/1533/1533 1532/1532/1532 1531/1531/1531
f 1533/1533/1533 1534/1534/1534 1532/1532/1532
f 1535/1535/1535 1534/1534/1534 1533/1533/1533
f 1536/1536/1536 1535/1535/1535 1533/1533/1533
f 1537/1537/1537 1535/1535/1535 1536/1536/1536
f 1538/1538/1538 1537/1537/1537 1536/1536/1536
f 1539/1539/1539 1537/1537/1537 1538/1538/1538
f 1540/1540/1540 1537/1537/1537 1539/1539/1539
f 1541/1541/1541 1540/1540/1540 1539/1539/1539
f 1540/1540/1540 1541/1541/1541 1542/1542/1542
f 1543/1543/1543 1540/1540/1540 1542/1542/1542
f 1544/1544/1544 1540/1540/1540 1543/1543/1543
f 1545/1545/1545 1544/1544/1544 1543/1543/1543
f 1546/1546/1546 1544/1544/1544 1545/1545/1545
f 1547/1547/1547 1546/1546/1546 1545/1545/1545
f 1548/1548/1548 1547/1547/1547 1545/1545/1545
f 1551/1551/1551 1550/1550/1550 1549/1549/1549
f 1551/1551/1551 1552/1552/1552 1550/1550/1550
f 1553/1553/1553 1552/1552/1552 1551/1551/1551
f 1552/1552/1552 1553/1553/1553 1554/1554/1554
f 1557/1557/1557 1556/1556/1556 1555/1555/1555
f 1558/1558/1558 1556/1556/1556 1557/1557/1557
f 1561/1561/1561 1560/1560/1560 1559/1559/1559
f 1559/1559/1559 1560/1560/1560 1562/1562/1562
f 1559/1559/1559 1562/1562/1562 1563/1563/1563
f 1565/1565/1565 1564/1564/1564 187/187/187
f 187/187/187 1564/1564/1564 1566/1566/1566
f 1564/1564/1564 1567/1567/1567 1566/1566/1566
f 1567/1567/1567 1568/1568/1568 1566/1566/1566
f 187/187/187 1566/1566/1566 1569/1569/1569
f 187/187/187 1569/1569/1569 181/181/181
f 1572/1572/1572 1571/1571/1571 1570/1570/1570
f 1570/1570/1570 1571/1571/1571 1573/1573/1573
f 1571/1571/1571 1574/1574/1574 1573/1573/1573
f 1573/1573/1573 1574/1574/1574 1575/1575/1575
f 1574/1574/1574 1576/1576/1576 1575/1575/1575
f 1575/1575/1575 1576/1576/1576 1577/1577/1577
f 1575/1575/1575 1577/1577/1577 1578/1578/1578
f 1581/1581/1581 1580/1580/1580 1579/1579/1579
f 1581/1581/1581 1582/1582/1582 1580/1580/1580
f 1583/1583/1583 1582/1582/1582 1581/1581/1581
f 1583/1583/1583 1584/1584/1584 1582/1582/1582
f 1583/1583/1583 1585/1585/1585 1584/1584/1584
f 1586/1586/1586 1585/1585/1585 1583/1583/1583
f 1584/1584/1584 1585/1585/1585 1587/1587/1587
f 1585/1585/1585 1588/1588/1588 1587/1587/1587
f 1585/1585/1585 1589/1589/1589 1588/1588/1588
f 1588/1588/1588 1589/1589/1589 1590/1590/1590
f 1591/1591/1591 1589/1589/1589 1585/1585/1585
f 1591/1591/1591 1592/1592/1592 1589/1589/1589
f 1591/1591/1591 1593/1593/1593 1592/1592/1592
f 1593/1593/1593 1594/1594/1594 1592/1592/1592
f 1588/1588/1588 1590/1590/1590 1595/1595/1595
f 1593/1593/1593 1596/1596/1596 1594/1594/1594
f 1594/1594/1594 1596/1596/1596 1597/1597/1597
f 1596/1596/1596 1598/1598/1598 1597/1597/1597
f 1596/1596/1596 1599/1599/1599 1598/1598/1598
f 1599/1599/1599 1600/1600/1600 1598/1598/1598
f 1599/1599/1599 1601/1601/1601 1600/1600/1600
f 1595/1595/1595 1590/1590/1590 1602/1602/1602
f 1600/1600/1600 1601/1601/1601 1603/1603/1603
f 1602/1602/1602 1590/1590/1590 1604/1604/1604
f 1601/1601/1601 1605/1605/1605 1603/1603/1603
f 1606/1606/1606 1604/1604/1604 1590/1590/1590
f 1606/1606/1606 1590/1590/1590 1607/1607/1607
f 1608/1608/1608 1606/1606/1606 1607/1607/1607
f 1607/1607/1607 1590/1590/1590 1609/1609/1609
f 1608/1608/1608 1607/1607/1607 1610/1610/1610
f 1590/1590/1590 1611/1611/1611 1609/1609/1609
f 1612/1612/1612 1608/1608/1608 1610/1610/1610
f 1609/1609/1609 1611/1611/1611 1613/1613/1613
f 1613/1613/1613 1611/1611/1611 1614/1614/1614
f 1614/1614/1614 1611/1611/1611 1615/1615/1615
f 1615/1615/1615 1611/1611/1611 1616/1616/1616
f 1612/1612/1612 1610/1610/1610 1617/1617/1617
f 1615/1615/1615 1616/1616/1616 1618/1618/1618
f 1612/1612/1612 1617/1617/1617 1619/1619/1619
f 1619/1619/1619 1617/1617/1617 1620/1620/1620
f 1619/1619/1619 1620/1620/1620 1621/1621/1621
f 1622/1622/1622 1612/1612/1612 1619/1619/1619
f 1612/1612/1612 1622/1622/1622 1623/1623/1623
f 1618/1618/1618 1616/1616/1616 1624/1624/1624
f 1625/1625/1625 1618/1618/1618 1624/1624/1624
f 1625/1625/1625 1624/1624/1624 1626/1626/1626
f 1624/1624/1624 1616/1616/1616 1627/1627/1627
f 1628/1628/1628 1625/1625/1625 1626/1626/1626
f 1627/1627/1627 1616/1616/1616 1629/1629/1629
f 1629/1629/1629 1616/1616/1616 1630/1630/1630
f 1630/1630/1630 1616/1616/1616 1631/1631/1631
f 1628/1628/1628 1626/1626/1626 1632/1632/1632
f 1616/1616/1616 1633/1633/1633 1631/1631/1631
f 1634/1634/1634 1628/1628/1628 1632/1632/1632
f 1635/1635/1635 1628/1628/1628 1634/1634/1634
f 1636/1636/1636 1635/1635/1635 1634/1634/1634
f 1634/1634/1634 1632/1632/1632 1637/1637/1637
f 1637/1637/1637 1632/1632/1632 1638/1638/1638
f 1637/1637/1637 1638/1638/1638 1639/1639/1639
f 1631/1631/1631 1633/1633/1633 1640/1640/1640
f 1631/1631/1631 1640/1640/1640 1641/1641/1641
f 1641/1641/1641 1640/1640/1640 1642/1642/1642
f 1640/1640/1640 1633/1633/1633 1643/1643/1643
f 1633/1633/1633 1644/1644/1644 1643/1643/1643
f 1643/1643/1643 1644/1644/1644 1645/1645/1645
f 1644/1644/1644 1646/1646/1646 1645/1645/1645
f 1646/1646/1646 1647/1647/1647 1645/1645/1645
f 1646/1646/1646 1648/1648/1648 1647/1647/1647
f 1648/1648/1648 1649/1649/1649 1647/1647/1647
f 1647/1647/1647 1649/1649/1649 1650/1650/1650
f 1649/1649/1649 1651/1651/1651 1650/1650/1650
f 1651/1651/1651 1652/1652/1652 1650/1650/1650
f 1651/1651/1651 1653/1653/1653 1652/1652/1652
f 1653/1653/1653 1654/1654/1654 1652/1652/1652
f 1642/1642/1642 1640/1640/1640 1655/1655/1655
f 1655/1655/1655 1640/1640/1640 1656/1656/1656
f 1657/1657/1657 1642/1642/1642 1655/1655/1655
f 1657/1657/1657 1655/1655/1655 1658/1658/1658
f 1659/1659/1659 1657/1657/1657 1658/1658/1658
f 1660/1660/1660 1659/1659/1659 1658/1658/1658
f 1653/1653/1653 1661/1661/1661 1654/1654/1654
f 1662/1662/1662 1661/1661/1661 1653/1653/1653
f 1661/1661/1661 1663/1663/1663 1654/1654/1654
f 1662/1662/1662 1664/1664/1664 1661/1661/1661
f 1662/1662/1662 1665/1665/1665 1664/1664/1664
f 1662/1662/1662 1666/1666/1666 1665/1665/1665
f 1663/1663/1663 1667/1667/1667 1654/1654/1654
f 1662/1662/1662 1668/1668/1668 1666/1666/1666
f 1654/1654/1654 1667/1667/1667 1669/1669/1669
f 1654/1654/1654 1669/1669/1669 1670/1670/1670
f 1667/1667/1667 1671/1671/1671 1669/1669/1669
f 1671/1671/1671 1672/1672/1672 1669/1669/1669
f 1672/1672/1672 1671/1671/1671 1673/1673/1673
f 1662/1662/1662 1674/1674/1674 1668/1668/1668
f 1674/1674/1674 1675/1675/1675 1668/1668/1668
f 1676/1676/1676 1674/1674/1674 1662/1662/1662
f 1674/1674/1674 1677/1677/1677 1675/1675/1675
f 1678/1678/1678 1676/1676/1676 1662/1662/1662
f 1677/1677/1677 1679/1679/1679 1675/1675/1675
f 1678/1678/1678 1680/1680/1680 1676/1676/1676
f 1678/1678/1678 1681/1681/1681 1680/1680/1680
f 1678/1678/1678 1682/1682/1682 1681/1681/1681
f 1683/1683/1683 1682/1682/1682 1678/1678/1678
f 1677/1677/1677 1684/1684/1684 1679/1679/1679
f 1683/1683/1683 1685/1685/1685 1682/1682/1682
f 1684/1684/1684 1686/1686/1686 1679/1679/1679
f 1687/1687/1687 1679/1679/1679 1686/1686/1686
f 1684/1684/1684 1688/1688/1688 1686/1686/1686
f 1684/1684/1684 1689/1689/1689 1688/1688/1688
f 1683/1683/1683 1690/1690/1690 1685/1685/1685
f 1690/1690/1690 1691/1691/1691 1685/1685/1685
f 1690/1690/1690 1692/1692/1692 1691/1691/1691
f 1683/1683/1683 1693/1693/1693 1690/1690/1690
f 1692/1692/1692 1694/1694/1694 1691/1691/1691
f 1683/1683/1683 1695/1695/1695 1693/1693/1693
f 1683/1683/1683 1696/1696/1696 1695/1695/1695
f 1697/1697/1697 1696/1696/1696 1683/1683/1683
f 1603/1603/1603 1697/1697/1697 1683/1683/1683
f 1603/1603/1603 1605/1605/1605 1697/1697/1697
f 1605/1605/1605 1698/1698/1698 1697/1697/1697
f 1605/1605/1605 1699/1699/1699 1698/1698/1698
f 1692/1692/1692 1700/1700/1700 1694/1694/1694
f 1605/1605/1605 1701/1701/1701 1699/1699/1699
f 1605/1605/1605 1702/1702/1702 1701/1701/1701
f 1701/1701/1701 1703/1703/1703 1699/1699/1699
f 1701/1701/1701 1704/1704/1704 1703/1703/1703
f 1704/1704/1704 1705/1705/1705 1703/1703/1703
f 1704/1704/1704 1706/1706/1706 1705/1705/1705
f 1700/1700/1700 1707/1707/1707 1694/1694/1694
f 1694/1694/1694 1707/1707/1707 1708/1708/1708
f 1707/1707/1707 1709/1709/1709 1708/1708/1708
f 1700/1700/1700 1710/1710/1710 1707/1707/1707
f 1700/1700/1700 1711/1711/1711 1710/1710/1710
f 1711/1711/1711 1712/1712/1712 1710/1710/1710
f 1715/1715/1715 1714/1714/1714 1713/1713/1713
f 1715/1715/1715 1716/1716/1716 1714/1714/1714
f 1718/1718/1718 1714/1714/1714 1717/1717/1717
f 1717/1717/1717 1719/1719/1719 1718/1718/1718
f 1719/1719/1719 1720/1720/1720 1718/1718/1718
f 1721/1721/1721 1720/1720/1720 1719/1719/1719
f 1721/1721/1721 1722/1722/1722 1720/1720/1720
f 1723/1723/1723 1722/1722/1722 1721/1721/1721
f 1723/1723/1723 1724/1724/1724 1722/1722/1722
f 1725/1725/1725 1724/1724/1724 1723/1723/1723
f 1725/1725/1725 1726/1726/1726 1724/1724/1724
f 1727/1727/1727 1726/1726/1726 1725/1725/1725
f 1727/1727/1727 1728/1728/1728 1726/1726/1726
f 1729/1729/1729 1728/1728/1728 1727/1727/1727
f 1729/1729/1729 1730/1730/1730 1728/1728/1728
f 1731/1731/1731 1730/1730/1730 1729/1729/1729
f 1731/1731/1731 1732/1732/1732 1730/1730/1730
f 1733/1733/1733 1732/1732/1732 1731/1731/1731
f 1733/1733/1733 1734/1734/1734 1732/1732/1732
f 1735/1735/1735 1734/1734/1734 1733/1733/1733
f 1735/1735/1735 1736/1736/1736 1734/1734/1734
f 1737/1737/1737 1736/1736/1736 1735/1735/1735
f 1738/1738/1738 1737/1737/1737 1735/1735/1735
f 1738/1738/1738 1739/1739/1739 1737/1737/1737
f 1739/1739/1739 1738/1738/1738 1740/1740/1740
f 1743/1743/1743 1742/1742/1742 1741/1741/1741
f 1741/1741/1741 1742/1742/1742 1744/1744/1744
f 1744/1744/1744 1742/1742/1742 1745/1745/1745
f 1742/1742/1742 1746/1746/1746 1745/1745/1745
f 1745/1745/1745 1746/1746/1746 1747/1747/1747
f 1746/1746/1746 1748/1748/1748 1747/1747/1747
f 1751/1751/1751 1750/1750/1750 1749/1749/1749
f 1749/1749/1749 1750/1750/1750 1752/1752/1752
f 1750/1750/1750 1753/1753/1753 1752/1752/1752
f 1752/1752/1752 1753/1753/1753 1754/1754/1754
f 1754/1754/1754 1753/1753/1753 1755/1755/1755
f 1753/1753/1753 1756/1756/1756 1755/1755/1755
f 1759/1759/1759 1758/1758/1758 1757/1757/1757
f 1758/1758/1758 1760/1760/1760 1757/1757/1757
f 1757/1757/1757 1760/1760/1760 1761/1761/1761
f 1764/1764/1764 1763/1763/1763 1762/1762/1762
f 1764/1764/1764 1762/1762/1762 1765/1765/1765
f 1765/1765/1765 1762/1762/1762 1766/1766/1766
f 1767/1767/1767 1765/1765/1765 1766/1766/1766
f 1768/1768/1768 1767/1767/1767 1766/1766/1766
f 1769/1769/1769 1767/1767/1767 1768/1768/1768
f 1770/1770/1770 1769/1769/1769 1768/1768/1768
f 1771/1771/1771 1769/1769/1769 1770/1770/1770
f 1772/1772/1772 1771/1771/1771 1770/1770/1770
f 1773/1773/1773 1771/1771/1771 1772/1772/1772
f 1774/1774/1774 1773/1773/1773 1772/1772/1772
f 1775/1775/1775 1773/1773/1773 1774/1774/1774
f 1776/1776/1776 1775/1775/1775 1774/1774/1774
f 1777/1777/1777 1775/1775/1775 1776/1776/1776
f 1778/1778/1778 1777/1777/1777 1776/1776/1776
f 1779/1779/1779 1777/1777/1777 1778/1778/1778
f 1780/1780/1780 1779/1779/1779 1778/1778/1778
f 1781/1781/1781 1779/1779/1779 1780/1780/1780
f 1782/1782/1782 1781/1781/1781 1780/1780/1780
f 1782/1782/1782 1783/1783/1783 1781/1781/1781
f 1784/1784/1784 1783/1783/1783 1782/1782/1782
f 1785/1785/1785 1783/1783/1783 1784/1784/1784
f 1785/1785/1785 1786/1786/1786 1783/1783/1783
f 1786/1786/1786 1785/1785/1785 1787/1787/1787
f 1788/1788/1788 1786/1786/1786 1787/1787/1787
f 1791/1791/1791 1790/1790/1790 1789/1789/1789
f 1792/1792/1792 1791/1791/1791 1789/1789/1789
f 1792/1792/1792 1789/1789/1789 1793/1793/1793
f 1794/1794/1794 1792/1792/1792 1793/1793/1793
f 1794/1794/1794 1793/1793/1793 1795/1795/1795
f 1796/1796/1796 1794/1794/1794 1795/1795/1795
f 1796/1796/1796 1795/1795/1795 1797/1797/1797
f 1798/1798/1798 1796/1796/1796 1797/1797/1797
f 1798/1798/1798 1797/1797/1797 1799/1799/1799
f 1798/1798/1798 1799/1799/1799 1800/1800/1800
f 1801/1801/1801 1798/1798/1798 1800/1800/1800
f 1800/1800/1800 1799/1799/1799 1802/1802/1802
f 1802/1802/1802 1799/1799/1799 1803/1803/1803
f 1806/1806/1806 1805/1805/1805 1804/1804/1804
f 1807/1807/1807 1806/1806/1806 1804/1804/1804
f 1807/1807/1807 1804/1804/1804 1808/1808/1808
f 1809/1809/1809 1807/1807/1807 1808/1808/1808
f 1809/1809/1809 1808/1808/1808 1810/1810/1810
f 1811/1811/1811 1809/1809/1809 1810/1810/1810
f 1811/1811/1811 1810/1810/1810 1812/1812/1812
f 1813/1813/1813 1811/1811/1811 1812/1812/1812
f 1813/1813/1813 1812/1812/1812 1814/1814/1814
f 1813/1813/1813 1814/1814/1814 1815/1815/1815
f 1816/1816/1816 1813/1813/1813 1815/1815/1815
f 1815/1815/1815 1814/1814/1814 1817/1817/1817
f 1817/1817/1817 1814/1814/1814 1818/1818/1818
f 1821/1821/1821 1820/1820/1820 1819/1819/1819
f 1819/1819/1819 1820/1820/1820 1822/1822/1822
f 1820/1820/1820 1823/1823/1823 1822/1822/1822
f 1823/1823/1823 1824/1824/1824 1822/1822/1822
f 1819/1819/1819 1822/1822/1822 1825/1825/1825
f 1826/1826/1826 1819/1819/1819 1825/1825/1825
f 1826/1826/1826 1825/1825/1825 1827/1827/1827
f 1828/1828/1828 1826/1826/1826 1827/1827/1827
f 1828/1828/1828 1827/1827/1827 1829/1829/1829
f 1830/1830/1830 1828/1828/1828 1829/1829/1829
f 1830/1830/1830 1829/1829/1829 1831/1831/1831
f 1832/1832/1832 1830/1830/1830 1831/1831/1831
f 1833/1833/1833 1832/1832/1832 1831/1831/1831
f 1836/1836/1836 1835/1835/1835 1834/1834/1834
f 1834/1834/1834 1835/1835/1835 1837/1837/1837
f 1837/1837/1837 1835/1835/1835 1838/1838/1838
f 1835/1835/1835 1839/1839/1839 1838/1838/1838
f 1838/1838/1838 1839/1839/1839 1840/1840/1840
f 1839/1839/1839 1841/1841/1841 1840/1840/1840
f 1844/1844/1844 1843/1843/1843 1842/1842/1842
f 1843/1843/1843 1845/1845/1845 1842/1842/1842
f 1845/1845/1845 1846/1846/1846 1842/1842/1842
f 1842/1842/1842 1846/1846/1846 1847/1847/1847
f 1846/1846/1846 1848/1848/1848 1847/1847/1847
f 1847/1847/1847 1848/1848/1848 1849/1849/1849
f 1848/1848/1848 1850/1850/1850 1849/1849/1849
f 1850/1850/1850 1848/1848/1848 1851/1851/1851
f 1848/1848/1848 1852/1852/1852 1851/1851/1851
f 1851/1851/1851 1852/1852/1852 1853/1853/1853
f 1853/1853/1853 1852/1852/1852 1854/1854/1854
f 1852/1852/1852 1855/1855/1855 1854/1854/1854
f 1854/1854/1854 1855/1855/1855 1856/1856/1856
f 1855/1855/1855 1857/1857/1857 1856/1856/1856
f 1856/1856/1856 1857/1857/1857 1858/1858/1858
f 1856/1856/1856 1858/1858/1858 1859/1859/1859
f 1862/1862/1862 1861/1861/1861 1860/1860/1860
f 1861/1861/1861 1863/1863/1863 1860/1860/1860
f 1866/1866/1866 1865/1865/1865 1864/1864/1864
f 1865/1865/1865 1867/1867/1867 1864/1864/1864
f 1864/1864/1864 1867/1867/1867 1868/1868/1868
f 1869/1869/1869 1868/1868/1868 1867/1867/1867
f 1872/1872/1872 1871/1871/1871 1870/1870/1870
f 1873/1873/1873 1871/1871/1871 1872/1872/1872
f 1874/1874/1874 1873/1873/1873 1872/1872/1872
f 1875/1875/1875 1873/1873/1873 1874/1874/1874
f 1875/1875/1875 1874/1874/1874 1876/1876/1876
f 1877/1877/1877 1875/1875/1875 1876/1876/1876
f 1877/1877/1877 1876/1876/1876 1878/1878/1878
f 1879/1879/1879 1877/1877/1877 1878/1878/1878
f 1879/1879/1879 1878/1878/1878 1880/1880/1880
f 1881/1881/1881 1879/1879/1879 1880/1880/1880
f 1881/1881/1881 1880/1880/1880 1882/1882/1882
f 1885/1885/1885 1884/1884/1884 1883/1883/1883
f 1886/1886/1886 1885/1885/1885 1883/1883/1883
f 1887/1887/1887 1885/1885/1885 1886/1886/1886
f 1888/1888/1888 1887/1887/1887 1886/1886/1886
f 1889/1889/1889 1887/1887/1887 1888/1888/1888
f 1890/1890/1890 1889/1889/1889 1888/1888/1888
f 1891/1891/1891 1889/1889/1889 1890/1890/1890
f 1892/1892/1892 1891/1891/1891 1890/1890/1890
f 1893/1893/1893 1891/1891/1891 1892/1892/1892
f 1894/1894/1894 1893/1893/1893 1892/1892/1892
f 1895/1895/1895 1893/1893/1893 1894/1894/1894
f 1896/1896/1896 1895/1895/1895 1894/1894/1894
f 1899/1899/1899 1898/1898/1898 1897/1897/1897
f 1899/1899/1899 1897/1897/1897 1900/1900/1900
f 1903/1903/1903 1902/1902/1902 1901/1901/1901
f 1903/1903/1903 1904/1904/1904 1902/1902/1902
f 1905/1905/1905 1904/1904/1904 1903/1903/1903
f 1906/1906/1906 1905/1905/1905 1903/1903/1903
f 1907/1907/1907 1905/1905/1905 1906/1906/1906
f 1908/1908/1908 1907/1907/1907 1906/1906/1906
f 1909/1909/1909 1907/1907/1907 1908/1908/1908
f 1910/1910/1910 1909/1909/1909 1908/1908/1908
f 1911/1911/1911 1909/1909/1909 1910/1910/1910
f 1912/1912/1912 1911/1911/1911 1910/1910/1910
f 1913/1913/1913 1911/1911/1911 1912/1912/1912
f 1914/1914/1914 1913/1913/1913 1912/1912/1912
f 1915/1915/1915 1913/1913/1913 1914/1914/1914
f 1916/1916/1916 1915/1915/1915 1914/1914/1914
f 1916/1916/1916 1917/1917/1917 1915/1915/1915
f 1918/1918/1918 1917/1917/1917 1916/1916/1916
f 1918/1918/1918 1919/1919/1919 1917/1917/1917
f 1920/1920/1920 1919/1919/1919 1918/1918/1918
f 1921/1921/1921 1920/1920/1920 1918/1918/1918
f 1924/1924/1924 1923/1923/1923 1922/1922/1922
f 1925/1925/1925 1924/1924/1924 1922/1922/1922
f 1926/1926/1926 1925/1925/1925 1922/1922/1922
f 1926/1926/1926 1922/1922/1922 1927/1927/1927
f 1926/1926/1926 1927/1927/1927 1928/1928/1928
f 1926/1926/1926 1928/1928/1928 1929/1929/1929
f 1927/1927/1927 1922/1922/1922 1930/1930/1930
f 1922/1922/1922 1931/1931/1931 1930/1930/1930
f 1922/1922/1922 1932/1932/1932 1931/1931/1931
f 1932/1932/1932 1933/1933/1933 1931/1931/1931
f 1936/1936/1936 1935/1935/1935 1934/1934/1934
f 1935/1935/1935 1937/1937/1937 1934/1934/1934
f 1934/1934/1934 1937/1937/1937 1938/1938/1938
f 1937/1937/1937 1939/1939/1939 1938/1938/1938
f 1938/1938/1938 1939/1939/1939 1940/1940/1940
f 1939/1939/1939 1941/1941/1941 1940/1940/1940
f 1940/1940/1940 1941/1941/1941 1942/1942/1942
f 1941/1941/1941 1943/1943/1943 1942/1942/1942
f 1942/1942/1942 1943/1943/1943 1944/1944/1944
f 1943/1943/1943 1945/1945/1945 1944/1944/1944
f 1944/1944/1944 1945/1945/1945 1946/1946/1946
f 1946/1946/1946 1945/1945/1945 1947/1947/1947
f 1945/1945/1945 1948/1948/1948 1947/1947/1947
f 1945/1945/1945 1949/1949/1949 1948/1948/1948
f 1949/1949/1949 1945/1945/1945 1950/1950/1950
f 1949/1949/1949 1951/1951/1951 1948/1948/1948
f 1952/1952/1952 1948/1948/1948 1951/1951/1951
f 1949/1949/1949 1950/1950/1950 1953/1953/1953
f 1953/1953/1953 1950/1950/1950 1954/1954/1954
f 1954/1954/1954 1950/1950/1950 1955/1955/1955
f 1951/1951/1951 1949/1949/1949 1956/1956/1956
f 1955/1955/1955 1950/1950/1950 1957/1957/1957
f 1955/1955/1955 1957/1957/1957 1958/1958/1958
f 1958/1958/1958 1957/1957/1957 1959/1959/1959
f 1959/1959/1959 1957/1957/1957 1960/1960/1960
f 1960/1960/1960 1957/1957/1957 1961/1961/1961
f 1960/1960/1960 1961/1961/1961 1962/1962/1962
f 1962/1962/1962 1961/1961/1961 1963/1963/1963
f 1963/1963/1963 1961/1961/1961 1964/1964/1964
f 1963/1963/1963 1964/1964/1964 1965/1965/1965
f 1965/1965/1965 1964/1964/1964 1966/1966/1966
f 1966/1966/1966 1964/1964/1964 1967/1967/1967
f 1966/1966/1966 1967/1967/1967 1968/1968/1968
f 1968/1968/1968 1967/1967/1967 1969/1969/1969
f 1968/1968/1968 1969/1969/1969 1970/1970/1970
f 1973/1973/1973 1972/1972/1972 1971/1971/1971
f 1973/1973/1973 1971/1971/1971 1974/1974/1974
f 1975/1975/1975 1973/1973/1973 1974/1974/1974
f 1975/1975/1975 1974/1974/1974 1976/1976/1976
f 1977/1977/1977 1975/1975/1975 1976/1976/1976
f 1976/1976/1976 1974/1974/1974 1978/1978/1978
f 1978/1978/1978 1974/1974/1974 1979/1979/1979
f 1978/1978/1978 1979/1979/1979 1980/1980/1980
f 1980/1980/1980 1979/1979/1979 1981/1981/1981
f 1980/1980/1980 1981/1981/1981 1982/1982/1982
f 1980/1980/1980 1982/1982/1982 1983/1983/1983
f 1983/1983/1983 1982/1982/1982 1984/1984/1984
f 1983/1983/1983 1984/1984/1984 1985/1985/1985
f 1988/1988/1988 1987/1987/1987 1986/1986/1986
f 1989/1989/1989 1988/1988/1988 1986/1986/1986
f 1990/1990/1990 1988/1988/1988 1989/1989/1989
f 1990/1990/1990 1991/1991/1991 1988/1988/1988
f 1992/1992/1992 1991/1991/1991 1990/1990/1990
f 1992/1992/1992 1993/1993/1993 1991/1991/1991
f 1994/1994/1994 1993/1993/1993 1992/1992/1992
f 1994/1994/1994 1995/1995/1995 1993/1993/1993
f 1996/1996/1996 1995/1995/1995 1994/1994/1994
f 1996/1996/1996 1997/1997/1997 1995/1995/1995
f 1998/1998/1998 1997/1997/1997 1996/1996/1996
f 1999/1999/1999 1998/1998/1998 1996/1996/1996
f 2000/2000/2000 1998/1998/1998 1999/1999/1999
f 2001/2001/2001 2000/2000/2000 1999/1999/1999
f 2002/2002/2002 2000/2000/2000 2001/2001/2001
f 2003/2003/2003 2002/2002/2002 2001/2001/2001
f 2004/2004/2004 2002/2002/2002 2003/2003/2003
f 2004/2004/2004 2005/2005/2005 2002/2002/2002
f 2006/2006/2006 2005/2005/2005 2004/2004/2004
f 2006/2006/2006 2007/2007/2007 2005/2005/2005
f 2008/2008/2008 2007/2007/2007 2006/2006/2006
f 2008/2008/2008 2009/2009/2009 2007/2007/2007
f 2010/2010/2010 2009/2009/2009 2008/2008/2008
f 2010/2010/2010 2011/2011/2011 2009/2009/2009
f 2012/2012/2012 2011/2011/2011 2010/2010/2010
f 2012/2012/2012 2013/2013/2013 2011/2011/2011
f 2016/2016/2016 2015/2015/2015 2014/2014/2014
f 2014/2014/2014 2015/2015/2015 2017/2017/2017
f 2017/2017/2017 2018/2018/2018 2014/2014/2014
f 2019/2019/2019 2018/2018/2018 2017/2017/2017
f 2019/2019/2019 2020/2020/2020 2018/2018/2018
f 2021/2021/2021 2020/2020/2020 2019/2019/2019
f 2021/2021/2021 2022/2022/2022 2020/2020/2020
f 2023/2023/2023 2022/2022/2022 2021/2021/2021
f 2024/2024/2024 2022/2022/2022 2023/2023/2023
f 2024/2024/2024 2025/2025/2025 2022/2022/2022
f 2026/2026/2026 2025/2025/2025 2024/2024/2024
f 2026/2026/2026 2027/2027/2027 2025/2025/2025
f 2026/2026/2026 2028/2028/2028 2027/2027/2027
f 2029/2029/2029 2028/2028/2028 2026/2026/2026
f 2029/2029/2029 2030/2030/2030 2028/2028/2028
f 2031/2031/2031 2030/2030/2030 2029/2029/2029
f 2031/2031/2031 2032/2032/2032 2030/2030/2030
f 2033/2033/2033 2032/2032/2032 2031/2031/2031
f 2033/2033/2033 2034/2034/2034 2032/2032/2032
f 2035/2035/2035 2034/2034/2034 2033/2033/2033
f 2035/2035/2035 2036/2036/2036 2034/2034/2034
f 2037/2037/2037 2036/2036/2036 2035/2035/2035
f 2037/2037/2037 2038/2038/2038 2036/2036/2036
f 2039/2039/2039 2038/2038/2038 2037/2037/2037
f 2039/2039/2039 2040/2040/2040 2038/2038/2038
f 2041/2041/2041 2040/2040/2040 2039/2039/2039
f 2044/2044/2044 2043/2043/2043 2042/2042/2042
f 2044/2044/2044 2042/2042/2042 2045/2045/2045
f 2048/2048/2048 2047/2047/2047 2046/2046/2046
f 2049/2049/2049 2047/2047/2047 2048/2048/2048
f 2052/2052/2052 2051/2051/2051 2050/2050/2050
f 2051/2051/2051 2053/2053/2053 2050/2050/2050
f 2056/2056/2056 2055/2055/2055 2054/2054/2054
f 2056/2056/2056 2057/2057/2057 2055/2055/2055
f 2058/2058/2058 2057/2057/2057 2056/2056/2056
f 2058/2058/2058 2059/2059/2059 2057/2057/2057
f 2055/2055/2055 2057/2057/2057 2060/2060/2060
f 2061/2061/2061 2059/2059/2059 2058/2058/2058
f 2062/2062/2062 2061/2061/2061 2058/2058/2058
f 2061/2061/2061 2063/2063/2063 2059/2059/2059
f 2064/2064/2064 2055/2055/2055 2060/2060/2060
f 2065/2065/2065 2064/2064/2064 2060/2060/2060
f 2066/2066/2066 2065/2065/2065 2060/2060/2060
f 2066/2066/2066 2060/2060/2060 2067/2067/2067
f 2060/2060/2060 2068/2068/2068 2067/2067/2067
f 2067/2067/2067 2068/2068/2068 2069/2069/2069
f 2068/2068/2068 2070/2070/2070 2069/2069/2069
f 2069/2069/2069 2070/2070/2070 2063/2063/2063
f 2069/2069/2069 2063/2063/2063 2071/2071/2071
f 2071/2071/2071 2063/2063/2063 2072/2072/2072
f 2063/2063/2063 2073/2073/2073 2072/2072/2072
f 2063/2063/2063 2061/2061/2061 2073/2073/2073
f 2064/2064/2064 2074/2074/2074 2055/2055/2055
f 2075/2075/2075 2055/2055/2055 2074/2074/2074
f 2074/2074/2074 2076/2076/2076 2075/2075/2075
f 2074/2074/2074 2064/2064/2064 2077/2077/2077
f 2078/2078/2078 2076/2076/2076 2074/2074/2074
f 2078/2078/2078 2079/2079/2079 2076/2076/2076
f 2080/2080/2080 2079/2079/2079 2078/2078/2078
f 1951/1951/1951 2079/2079/2079 2080/2080/2080
f 1951/1951/1951 1956/1956/1956 2079/2079/2079
f 2074/2074/2074 2077/2077/2077 2081/2081/2081
f 2061/2061/2061 2082/2082/2082 2073/2073/2073
f 2082/2082/2082 2061/2061/2061 2083/2083/2083
f 2084/2084/2084 2073/2073/2073 2082/2082/2082
f 2082/2082/2082 2083/2083/2083 2085/2085/2085
f 2082/2082/2082 2085/2085/2085 2086/2086/2086
f 2086/2086/2086 2085/2085/2085 2087/2087/2087
f 2087/2087/2087 2085/2085/2085 2088/2088/2088
f 2087/2087/2087 2088/2088/2088 2089/2089/2089
f 2089/2089/2089 2088/2088/2088 2090/2090/2090
f 2091/2091/2091 2084/2084/2084 2082/2082/2082
f 2090/2090/2090 2092/2092/2092 2089/2089/2089
f 2093/2093/2093 2081/2081/2081 2077/2077/2077
f 2081/2081/2081 2093/2093/2093 2094/2094/2094
f 2095/2095/2095 2081/2081/2081 2094/2094/2094
f 2096/2096/2096 2095/2095/2095 2094/2094/2094
f 2097/2097/2097 2095/2095/2095 2096/2096/2096
f 2098/2098/2098 2095/2095/2095 2097/2097/2097
f 2099/2099/2099 2098/2098/2098 2097/2097/2097
f 2100/2100/2100 2098/2098/2098 2099/2099/2099
f 2099/2099/2099 2101/2101/2101 2100/2100/2100
f 1952/1952/1952 2100/2100/2100 2101/2101/2101
f 2100/2100/2100 1952/1952/1952 1951/1951/1951
f 2102/2102/2102 2093/2093/2093 2077/2077/2077
f 2102/2102/2102 2077/2077/2077 2103/2103/2103
f 2103/2103/2103 2077/2077/2077 2104/2104/2104
f 2102/2102/2102 2103/2103/2103 2105/2105/2105
f 2103/2103/2103 2106/2106/2106 2105/2105/2105
f 2102/2102/2102 2107/2107/2107 2093/2093/2093
f 2093/2093/2093 2107/2107/2107 2108/2108/2108
f 2108/2108/2108 2107/2107/2107 2109/2109/2109
f 2107/2107/2107 2110/2110/2110 2109/2109/2109
f 2105/2105/2105 2106/2106/2106 2111/2111/2111
f 2106/2106/2106 2112/2112/2112 2111/2111/2111
f 2110/2110/2110 2113/2113/2113 2109/2109/2109
f 2111/2111/2111 2112/2112/2112 2114/2114/2114
f 2111/2111/2111 2114/2114/2114 2115/2115/2115
f 2110/2110/2110 2115/2115/2115 2113/2113/2113
f 2114/2114/2114 2084/2084/2084 2115/2115/2115
f 2084/2084/2084 2113/2113/2113 2115/2115/2115
f 2114/2114/2114 2116/2116/2116 2084/2084/2084
f 2084/2084/2084 2091/2091/2091 2113/2113/2113
f 2117/2117/2117 2113/2113/2113 2091/2091/2091
f 2091/2091/2091 2118/2118/2118 2117/2117/2117
f 2117/2117/2117 2118/2118/2118 2119/2119/2119
f 2119/2119/2119 2118/2118/2118 2120/2120/2120
f 2118/2118/2118 2121/2121/2121 2120/2120/2120
f 2120/2120/2120 2121/2121/2121 2122/2122/2122
f 2121/2121/2121 2123/2123/2123 2122/2122/2122
f 2123/2123/2123 2124/2124/2124 2122/2122/2122
f 2124/2124/2124 2123/2123/2123 2125/2125/2125
f 2089/2089/2089 2125/2125/2125 2123/2123/2123
f 2089/2089/2089 2126/2126/2126 2125/2125/2125
f 2126/2126/2126 2089/2089/2089 2092/2092/2092
f 2126/2126/2126 2092/2092/2092 2127/2127/2127
f 2128/2128/2128 2126/2126/2126 2127/2127/2127
f 2129/2129/2129 2128/2128/2128 2127/2127/2127
f 2129/2129/2129 2127/2127/2127 2130/2130/2130
f 2129/2129/2129 2130/2130/2130 2131/2131/2131
f 2131/2131/2131 2130/2130/2130 2132/2132/2132
f 2131/2131/2131 2132/2132/2132 2133/2133/2133
f 2133/2133/2133 2132/2132/2132 2134/2134/2134
f 2133/2133/2133 2134/2134/2134 2135/2135/2135
f 2092/2092/2092 2136/2136/2136 2127/2127/2127
f 2137/2137/2137 2136/2136/2136 2092/2092/2092
f 2138/2138/2138 2136/2136/2136 2137/2137/2137
f 2138/2138/2138 2139/2139/2139 2136/2136/2136
f 2140/2140/2140 2139/2139/2139 2138/2138/2138
f 2140/2140/2140 2141/2141/2141 2139/2139/2139
f 2142/2142/2142 2141/2141/2141 2140/2140/2140
f 2142/2142/2142 2143/2143/2143 2141/2141/2141
f 2144/2144/2144 2143/2143/2143 2142/2142/2142
f 2145/2145/2145 2144/2144/2144 2142/2142/2142
f 2146/2146/2146 2144/2144/2144 2145/2145/2145
f 2147/2147/2147 2146/2146/2146 2145/2145/2145
f 2147/2147/2147 2148/2148/2148 2146/2146/2146
f 2149/2149/2149 2148/2148/2148 2147/2147/2147
f 2149/2149/2149 2150/2150/2150 2148/2148/2148
f 2150/2150/2150 2151/2151/2151 2148/2148/2148
f 2152/2152/2152 2150/2150/2150 2149/2149/2149
f 2151/2151/2151 2153/2153/2153 2148/2148/2148
f 2154/2154/2154 2152/2152/2152 2149/2149/2149
f 2153/2153/2153 2155/2155/2155 2148/2148/2148
f 2156/2156/2156 2154/2154/2154 2149/2149/2149
f 2153/2153/2153 2157/2157/2157 2155/2155/2155
f 2157/2157/2157 2158/2158/2158 2155/2155/2155
f 2159/2159/2159 2154/2154/2154 2156/2156/2156
f 2158/2158/2158 2160/2160/2160 2155/2155/2155
f 2160/2160/2160 2161/2161/2161 2155/2155/2155
f 2162/2162/2162 2160/2160/2160 2158/2158/2158
f 2163/2163/2163 2162/2162/2162 2158/2158/2158
f 2164/2164/2164 2159/2159/2159 2156/2156/2156
f 2165/2165/2165 2164/2164/2164 2156/2156/2156
f 2164/2164/2164 2166/2166/2166 2159/2159/2159
f 2166/2166/2166 2167/2167/2167 2159/2159/2159
f 2166/2166/2166 2168/2168/2168 2167/2167/2167
f 2168/2168/2168 2169/2169/2169 2167/2167/2167
f 2168/2168/2168 2170/2170/2170 2169/2169/2169
f 2171/2171/2171 2165/2165/2165 2156/2156/2156
f 2170/2170/2170 2172/2172/2172 2169/2169/2169
f 2173/2173/2173 2165/2165/2165 2171/2171/2171
f 2170/2170/2170 2174/2174/2174 2172/2172/2172
f 2175/2175/2175 2173/2173/2173 2171/2171/2171
f 2174/2174/2174 2176/2176/2176 2172/2172/2172
f 2177/2177/2177 2176/2176/2176 2174/2174/2174
f 2176/2176/2176 2178/2178/2178 2172/2172/2172
f 2178/2178/2178 2179/2179/2179 2172/2172/2172
f 2180/2180/2180 2175/2175/2175 2171/2171/2171
f 2181/2181/2181 2180/2180/2180 2171/2171/2171
f 2180/2180/2180 2182/2182/2182 2175/2175/2175
f 2182/2182/2182 2183/2183/2183 2175/2175/2175
f 2182/2182/2182 2184/2184/2184 2183/2183/2183
f 2184/2184/2184 2185/2185/2185 2183/2183/2183
f 2184/2184/2184 2186/2186/2186 2185/2185/2185
f 2187/2187/2187 2181/2181/2181 2171/2171/2171
f 2186/2186/2186 2188/2188/2188 2185/2185/2185
f 2189/2189/2189 2181/2181/2181 2187/2187/2187
f 2190/2190/2190 2189/2189/2189 2187/2187/2187
f 2186/2186/2186 2191/2191/2191 2188/2188/2188
f 2192/2192/2192 2190/2190/2190 2187/2187/2187
f 2193/2193/2193 2192/2192/2192 2187/2187/2187
f 2192/2192/2192 2194/2194/2194 2190/2190/2190
f 2193/2193/2193 2195/2195/2195 2192/2192/2192
f 2196/2196/2196 2195/2195/2195 2193/2193/2193
f 2196/2196/2196 2197/2197/2197 2195/2195/2195
f 2198/2198/2198 2197/2197/2197 2196/2196/2196
f 2198/2198/2198 2199/2199/2199 2197/2197/2197
f 2192/2192/2192 2200/2200/2200 2194/2194/2194
f 2200/2200/2200 2201/2201/2201 2194/2194/2194
f 2200/2200/2200 2202/2202/2202 2201/2201/2201
f 2191/2191/2191 2203/2203/2203 2188/2188/2188
f 2203/2203/2203 2204/2204/2204 2188/2188/2188
f 2205/2205/2205 2203/2203/2203 2191/2191/2191
f 2206/2206/2206 2205/2205/2205 2191/2191/2191
f 2200/2200/2200 2207/2207/2207 2202/2202/2202
f 2208/2208/2208 2207/2207/2207 2200/2200/2200
f 2207/2207/2207 2209/2209/2209 2202/2202/2202
f 2209/2209/2209 2210/2210/2210 2202/2202/2202
f 2213/2213/2213 2212/2212/2212 2211/2211/2211
f 2213/2213/2213 2211/2211/2211 2214/2214/2214
f 2214/2214/2214 2211/2211/2211 2215/2215/2215
f 2214/2214/2214 2215/2215/2215 2216/2216/2216
f 2216/2216/2216 2215/2215/2215 2217/2217/2217
f 2215/2215/2215 2218/2218/2218 2217/2217/2217
f 2221/2221/2221 2220/2220/2220 2219/2219/2219
f 2222/2222/2222 2220/2220/2220 2221/2221/2221
f 2222/2222/2222 2223/2223/2223 2220/2220/2220
f 2226/2226/2226 2225/2225/2225 2224/2224/2224
f 2226/2226/2226 2224/2224/2224 2227/2227/2227
f 2224/2224/2224 2228/2228/2228 2227/2227/2227
f 2227/2227/2227 2228/2228/2228 2229/2229/2229
f 2228/2228/2228 2230/2230/2230 2229/2229/2229
f 2229/2229/2229 2230/2230/2230 2231/2231/2231
f 2230/2230/2230 2232/2232/2232 2231/2231/2231
f 2231/2231/2231 2232/2232/2232 2233/2233/2233
f 2234/2234/2234 2233/2233/2233 2232/2232/2232
f 2235/2235/2235 2233/2233/2233 2234/2234/2234
f 2236/2236/2236 2235/2235/2235 2234/2234/2234
f 2235/2235/2235 2236/2236/2236 2237/2237/2237
f 2238/2238/2238 2237/2237/2237 2236/2236/2236
f 2237/2237/2237 2238/2238/2238 2239/2239/2239
f 2238/2238/2238 2240/2240/2240 2239/2239/2239
f 2241/2241/2241 2238/2238/2238 2236/2236/2236
f 2238/2238/2238 2241/2241/2241 2242/2242/2242
f 2243/2243/2243 2242/2242/2242 2241/2241/2241
f 2244/2244/2244 2242/2242/2242 2243/2243/2243
f 2245/2245/2245 2244/2244/2244 2243/2243/2243
f 2246/2246/2246 2244/2244/2244 2245/2245/2245
f 2247/2247/2247 2246/2246/2246 2245/2245/2245
f 2248/2248/2248 2246/2246/2246 2247/2247/2247
f 2249/2249/2249 2248/2248/2248 2247/2247/2247
f 2250/2250/2250 2248/2248/2248 2249/2249/2249
f 2251/2251/2251 2250/2250/2250 2249/2249/2249
f 2252/2252/2252 2250/2250/2250 2251/2251/2251
f 2253/2253/2253 2252/2252/2252 2251/2251/2251
f 2253/2253/2253 2254/2254/2254 2252/2252/2252
f 2253/2253/2253 2255/2255/2255 2254/2254/2254
f 2255/2255/2255 2256/2256/2256 2254/2254/2254
f 2255/2255/2255 2257/2257/2257 2256/2256/2256
f 2256/2256/2256 2257/2257/2257 2258/2258/2258
f 2257/2257/2257 2259/2259/2259 2258/2258/2258
f 2258/2258/2258 2259/2259/2259 2260/2260/2260
f 2258/2258/2258 2260/2260/2260 2261/2261/2261
f 2262/2262/2262 2258/2258/2258 2261/2261/2261
f 2260/2260/2260 2259/2259/2259 2263/2263/2263
f 2259/2259/2259 2264/2264/2264 2263/2263/2263
f 2263/2263/2263 2264/2264/2264 2265/2265/2265
f 2264/2264/2264 2266/2266/2266 2265/2265/2265
f 2265/2265/2265 2266/2266/2266 2267/2267/2267
f 2267/2267/2267 2266/2266/2266 2268/2268/2268
f 2270/2270/2270 2269/2269/2269 1952/1952/1952
f 2270/2270/2270 1952/1952/1952 2271/2271/2271
f 1952/1952/1952 2101/2101/2101 2271/2271/2271
f 2272/2272/2272 2270/2270/2270 2271/2271/2271
f 2272/2272/2272 2273/2273/2273 2270/2270/2270
f 2274/2274/2274 2273/2273/2273 2272/2272/2272
f 2274/2274/2274 2275/2275/2275 2273/2273/2273
f 2276/2276/2276 2275/2275/2275 2274/2274/2274
f 2276/2276/2276 2277/2277/2277 2275/2275/2275
f 2278/2278/2278 2277/2277/2277 2276/2276/2276
f 2278/2278/2278 2279/2279/2279 2277/2277/2277
f 2280/2280/2280 2279/2279/2279 2278/2278/2278
f 2280/2280/2280 2281/2281/2281 2279/2279/2279
f 2282/2282/2282 2281/2281/2281 2280/2280/2280
f 2282/2282/2282 2283/2283/2283 2281/2281/2281
f 2284/2284/2284 2283/2283/2283 2282/2282/2282
f 2284/2284/2284 2285/2285/2285 2283/2283/2283
f 2286/2286/2286 2285/2285/2285 2284/2284/2284
f 2286/2286/2286 2287/2287/2287 2285/2285/2285
f 2288/2288/2288 2287/2287/2287 2286/2286/2286
f 2288/2288/2288 2289/2289/2289 2287/2287/2287
f 2290/2290/2290 2289/2289/2289 2288/2288/2288
f 2290/2290/2290 2291/2291/2291 2289/2289/2289
f 2292/2292/2292 2291/2291/2291 2290/2290/2290
f 2292/2292/2292 2293/2293/2293 2291/2291/2291
f 2294/2294/2294 2293/2293/2293 2292/2292/2292
f 2294/2294/2294 2295/2295/2295 2293/2293/2293
f 2296/2296/2296 2295/2295/2295 2294/2294/2294
f 2296/2296/2296 2297/2297/2297 2295/2295/2295
f 2298/2298/2298 2297/2297/2297 2296/2296/2296
f 2298/2298/2298 2299/2299/2299 2297/2297/2297
f 2300/2300/2300 2299/2299/2299 2298/2298/2298
f 2300/2300/2300 2301/2301/2301 2299/2299/2299
f 2302/2302/2302 2301/2301/2301 2300/2300/2300
f 2302/2302/2302 2303/2303/2303 2301/2301/2301
f 2304/2304/2304 2303/2303/2303 2302/2302/2302
f 2304/2304/2304 2305/2305/2305 2303/2303/2303
f 2306/2306/2306 2305/2305/2305 2304/2304/2304
f 2306/2306/2306 2125/2125/2125 2305/2305/2305
f 2305/2305/2305 2125/2125/2125 2307/2307/2307
f 2306/2306/2306 2124/2124/2124 2125/2125/2125
f 2124/2124/2124 2306/2306/2306 2308/2308/2308
f 2309/2309/2309 2124/2124/2124 2308/2308/2308
f 2310/2310/2310 2309/2309/2309 2308/2308/2308
f 2311/2311/2311 2309/2309/2309 2310/2310/2310
f 2312/2312/2312 2311/2311/2311 2310/2310/2310
f 2313/2313/2313 2312/2312/2312 2310/2310/2310
f 2314/2314/2314 2310/2310/2310 2308/2308/2308
f 2315/2315/2315 2313/2313/2313 2310/2310/2310
f 2308/2308/2308 2316/2316/2316 2314/2314/2314
f 2317/2317/2317 2313/2313/2313 2315/2315/2315
f 2314/2314/2314 2316/2316/2316 2318/2318/2318
f 2316/2316/2316 2319/2319/2319 2318/2318/2318
f 2320/2320/2320 2318/2318/2318 2319/2319/2319
f 2321/2321/2321 2318/2318/2318 2320/2320/2320
f 2322/2322/2322 2317/2317/2317 2315/2315/2315
f 2323/2323/2323 2321/2321/2321 2320/2320/2320
f 2324/2324/2324 2321/2321/2321 2323/2323/2323
f 2325/2325/2325 2324/2324/2324 2323/2323/2323
f 2326/2326/2326 2325/2325/2325 2323/2323/2323
f 2327/2327/2327 2325/2325/2325 2326/2326/2326
f 2328/2328/2328 2327/2327/2327 2326/2326/2326
f 2329/2329/2329 2327/2327/2327 2328/2328/2328
f 2330/2330/2330 2329/2329/2329 2328/2328/2328
f 2331/2331/2331 2329/2329/2329 2330/2330/2330
f 2332/2332/2332 2331/2331/2331 2330/2330/2330
f 2333/2333/2333 2331/2331/2331 2332/2332/2332
f 2334/2334/2334 2333/2333/2333 2332/2332/2332
f 2335/2335/2335 2333/2333/2333 2334/2334/2334
f 2336/2336/2336 2335/2335/2335 2334/2334/2334
f 2337/2337/2337 2335/2335/2335 2336/2336/2336
f 2338/2338/2338 2337/2337/2337 2336/2336/2336
f 2338/2338/2338 2339/2339/2339 2337/2337/2337
f 2337/2337/2337 2339/2339/2339 2340/2340/2340
f 2339/2339/2339 2341/2341/2341 2340/2340/2340
f 2340/2340/2340 2341/2341/2341 2342/2342/2342
f 2341/2341/2341 2343/2343/2343 2342/2342/2342
f 2342/2342/2342 2343/2343/2343 2344/2344/2344
f 2343/2343/2343 2345/2345/2345 2344/2344/2344
f 2344/2344/2344 2345/2345/2345 2346/2346/2346
f 2345/2345/2345 2347/2347/2347 2346/2346/2346
f 2346/2346/2346 2347/2347/2347 2322/2322/2322
f 2347/2347/2347 2348/2348/2348 2322/2322/2322
f 2347/2347/2347 2101/2101/2101 2348/2348/2348
f 2347/2347/2347 2271/2271/2271 2101/2101/2101
f 2348/2348/2348 2349/2349/2349 2322/2322/2322
f 2349/2349/2349 2350/2350/2350 2322/2322/2322
f 2350/2350/2350 2317/2317/2317 2322/2322/2322
f 2353/2353/2353 2352/2352/2352 2351/2351/2351
f 2351/2351/2351 2352/2352/2352 2354/2354/2354
f 2357/2357/2357 2356/2356/2356 2355/2355/2355
f 2357/2357/2357 2358/2358/2358 2356/2356/2356
f 2361/2361/2361 2360/2360/2360 2359/2359/2359
f 2361/2361/2361 2362/2362/2362 2360/2360/2360
f 2361/2361/2361 2363/2363/2363 2362/2362/2362
f 2364/2364/2364 2363/2363/2363 2361/2361/2361
f 2364/2364/2364 2365/2365/2365 2363/2363/2363
f 2364/2364/2364 2366/2366/2366 2365/2365/2365
f 2364/2364/2364 2361/2361/2361 2367/2367/2367
f 2368/2368/2368 2366/2366/2366 2364/2364/2364
f 2361/2361/2361 2369/2369/2369 2367/2367/2367
f 2368/2368/2368 2370/2370/2370 2366/2366/2366
f 2367/2367/2367 2369/2369/2369 2371/2371/2371
f 2368/2368/2368 2372/2372/2372 2370/2370/2370
f 2373/2373/2373 2372/2372/2372 2368/2368/2368
f 2372/2372/2372 2374/2374/2374 2370/2370/2370
f 2375/2375/2375 2372/2372/2372 2373/2373/2373
f 2369/2369/2369 2376/2376/2376 2371/2371/2371
f 2371/2371/2371 2376/2376/2376 2377/2377/2377
f 2369/2369/2369 2378/2378/2378 2376/2376/2376
f 2376/2376/2376 2378/2378/2378 2379/2379/2379
f 2377/2377/2377 2376/2376/2376 2380/2380/2380
f 2376/2376/2376 2381/2381/2381 2380/2380/2380
f 2380/2380/2380 2381/2381/2381 2382/2382/2382
f 2381/2381/2381 2383/2383/2383 2382/2382/2382
f 2372/2372/2372 2384/2384/2384 2374/2374/2374
f 2375/2375/2375 2385/2385/2385 2372/2372/2372
f 2386/2386/2386 2385/2385/2385 2375/2375/2375
f 2387/2387/2387 2385/2385/2385 2386/2386/2386
f 2374/2374/2374 2384/2384/2384 2388/2388/2388
f 2387/2387/2387 2389/2389/2389 2385/2385/2385
f 2390/2390/2390 2389/2389/2389 2387/2387/2387
f 2390/2390/2390 2391/2391/2391 2389/2389/2389
f 2388/2388/2388 2384/2384/2384 2392/2392/2392
f 2391/2391/2391 2393/2393/2393 2389/2389/2389
f 2391/2391/2391 2394/2394/2394 2393/2393/2393
f 2394/2394/2394 2395/2395/2395 2393/2393/2393
f 2395/2395/2395 2396/2396/2396 2393/2393/2393
f 2395/2395/2395 2397/2397/2397 2396/2396/2396
f 2384/2384/2384 2398/2398/2398 2392/2392/2392
f 2384/2384/2384 2399/2399/2399 2398/2398/2398
f 2384/2384/2384 2400/2400/2400 2399/2399/2399
f 2384/2384/2384 2401/2401/2401 2400/2400/2400
f 2400/2400/2400 2401/2401/2401 2383/2383/2383
f 2383/2383/2383 2401/2401/2401 2402/2402/2402
f 2382/2382/2382 2383/2383/2383 2402/2402/2402
f 2382/2382/2382 2402/2402/2402 2403/2403/2403
f 2403/2403/2403 2402/2402/2402 2404/2404/2404
f 2403/2403/2403 2404/2404/2404 2405/2405/2405
f 2406/2406/2406 2405/2405/2405 2404/2404/2404
f 2406/2406/2406 2407/2407/2407 2405/2405/2405
f 2406/2406/2406 2408/2408/2408 2407/2407/2407
f 2406/2406/2406 2409/2409/2409 2408/2408/2408
f 2409/2409/2409 2406/2406/2406 2410/2410/2410
f 2406/2406/2406 2411/2411/2411 2410/2410/2410
f 2401/2401/2401 2412/2412/2412 2402/2402/2402
f 2402/2402/2402 2412/2412/2412 2413/2413/2413
f 2401/2401/2401 2414/2414/2414 2412/2412/2412
f 2412/2412/2412 2414/2414/2414 2411/2411/2411
f 2414/2414/2414 2415/2415/2415 2411/2411/2411
f 2411/2411/2411 2415/2415/2415 2410/2410/2410
f 2410/2410/2410 2415/2415/2415 2416/2416/2416
f 2415/2415/2415 2417/2417/2417 2416/2416/2416
f 2416/2416/2416 2417/2417/2417 2418/2418/2418
f 2421/2421/2421 2420/2420/2420 2419/2419/2419
f 2420/2420/2420 2421/2421/2421 2422/2422/2422
f 2421/2421/2421 2423/2423/2423 2422/2422/2422
f 2422/2422/2422 2423/2423/2423 2424/2424/2424
f 2421/2421/2421 2425/2425/2425 2423/2423/2423
f 2421/2421/2421 2426/2426/2426 2425/2425/2425
f 2421/2421/2421 2427/2427/2427 2426/2426/2426
f 2428/2428/2428 2427/2427/2427 2421/2421/2421
f 2428/2428/2428 2429/2429/2429 2427/2427/2427
f 2430/2430/2430 2429/2429/2429 2428/2428/2428
f 2431/2431/2431 2429/2429/2429 2430/2430/2430
f 2431/2431/2431 2432/2432/2432 2429/2429/2429
f 2433/2433/2433 2432/2432/2432 2431/2431/2431
f 2433/2433/2433 2434/2434/2434 2432/2432/2432
f 2434/2434/2434 2435/2435/2435 2432/2432/2432
f 2434/2434/2434 2436/2436/2436 2435/2435/2435
f 2436/2436/2436 2437/2437/2437 2435/2435/2435
f 2437/2437/2437 2438/2438/2438 2435/2435/2435
f 2437/2437/2437 2439/2439/2439 2438/2438/2438
f 2439/2439/2439 2440/2440/2440 2438/2438/2438
f 2439/2439/2439 2441/2441/2441 2440/2440/2440
f 2441/2441/2441 2442/2442/2442 2440/2440/2440
f 2442/2442/2442 2443/2443/2443 2440/2440/2440
f 2442/2442/2442 2444/2444/2444 2443/2443/2443
f 2443/2443/2443 2444/2444/2444 2445/2445/2445
f 2445/2445/2445 2444/2444/2444 2446/2446/2446
f 2444/2444/2444 2447/2447/2447 2446/2446/2446
f 2446/2446/2446 2447/2447/2447 2448/2448/2448
f 2448/2448/2448 2447/2447/2447 2449/2449/2449
f 2447/2447/2447 2450/2450/2450 2449/2449/2449
f 2424/2424/2424 2449/2449/2449 2450/2450/2450
f 2451/2451/2451 2424/2424/2424 2450/2450/2450
f 2422/2422/2422 2424/2424/2424 2451/2451/2451
f 2451/2451/2451 2450/2450/2450 2452/2452/2452
f 2453/2453/2453 2451/2451/2451 2452/2452/2452
f 2456/2456/2456 2455/2455/2455 2454/2454/2454
f 2455/2455/2455 2457/2457/2457 2454/2454/2454
f 2460/2460/2460 2459/2459/2459 2458/2458/2458
f 2459/2459/2459 2461/2461/2461 2458/2458/2458
f 2464/2464/2464 2463/2463/2463 2462/2462/2462
f 2465/2465/2465 2464/2464/2464 2462/2462/2462
f 2465/2465/2465 2466/2466/2466 2464/2464/2464
f 2467/2467/2467 2466/2466/2466 2465/2465/2465
f 2467/2467/2467 2468/2468/2468 2466/2466/2466
f 2469/2469/2469 2468/2468/2468 2467/2467/2467
f 2469/2469/2469 2470/2470/2470 2468/2468/2468
f 2471/2471/2471 2470/2470/2470 2469/2469/2469
f 2471/2471/2471 2472/2472/2472 2470/2470/2470
f 2473/2473/2473 2472/2472/2472 2471/2471/2471
f 2474/2474/2474 2472/2472/2472 2473/2473/2473
f 2474/2474/2474 2475/2475/2475 2472/2472/2472
f 2476/2476/2476 2475/2475/2475 2474/2474/2474
f 2476/2476/2476 2477/2477/2477 2475/2475/2475
f 2476/2476/2476 2478/2478/2478 2477/2477/2477
f 2479/2479/2479 2478/2478/2478 2476/2476/2476
f 2479/2479/2479 2480/2480/2480 2478/2478/2478
f 2481/2481/2481 2480/2480/2480 2479/2479/2479
f 2481/2481/2481 2482/2482/2482 2480/2480/2480
f 2483/2483/2483 2482/2482/2482 2481/2481/2481
f 2483/2483/2483 2484/2484/2484 2482/2482/2482
f 2485/2485/2485 2484/2484/2484 2483/2483/2483
f 2486/2486/2486 2484/2484/2484 2485/2485/2485
f 2486/2486/2486 2487/2487/2487 2484/2484/2484
f 2490/2490/2490 2489/2489/2489 2488/2488/2488
f 2490/2490/2490 2491/2491/2491 2489/2489/2489
f 2492/2492/2492 2491/2491/2491 2490/2490/2490
f 2492/2492/2492 2493/2493/2493 2491/2491/2491
f 2494/2494/2494 2493/2493/2493 2492/2492/2492
f 2494/2494/2494 2495/2495/2495 2493/2493/2493
f 2494/2494/2494 2496/2496/2496 2495/2495/2495
f 2497/2497/2497 2496/2496/2496 2494/2494/2494
f 2497/2497/2497 2498/2498/2498 2496/2496/2496
f 2499/2499/2499 2498/2498/2498 2497/2497/2497
f 2499/2499/2499 2500/2500/2500 2498/2498/2498
f 2501/2501/2501 2500/2500/2500 2499/2499/2499
f 2502/2502/2502 2500/2500/2500 2501/2501/2501
f 2502/2502/2502 2503/2503/2503 2500/2500/2500
f 2502/2502/2502 2504/2504/2504 2503/2503/2503
f 2505/2505/2505 2504/2504/2504 2502/2502/2502
f 2505/2505/2505 2506/2506/2506 2504/2504/2504
f 2507/2507/2507 2506/2506/2506 2505/2505/2505
f 2507/2507/2507 2508/2508/2508 2506/2506/2506
f 2509/2509/2509 2508/2508/2508 2507/2507/2507
f 2509/2509/2509 2510/2510/2510 2508/2508/2508
f 2511/2511/2511 2510/2510/2510 2509/2509/2509
f 2511/2511/2511 2512/2512/2512 2510/2510/2510
f 2513/2513/2513 2512/2512/2512 2511/2511/2511
f 2516/2516/2516 2515/2515/2515 2514/2514/2514
f 2515/2515/2515 2517/2517/2517 2514/2514/2514
f 2520/2520/2520 2519/2519/2519 2518/2518/2518
f 2520/2520/2520 2521/2521/2521 2519/2519/2519
f 2524/2524/2524 2523/2523/2523 2522/2522/2522
f 2522/2522/2522 2523/2523/2523 2525/2525/2525
f 2528/2528/2528 2527/2527/2527 2526/2526/2526
f 2528/2528/2528 2529/2529/2529 2527/2527/2527
f 2532/2532/2532 2531/2531/2531 2530/2530/2530
f 2533/2533/2533 2532/2532/2532 2530/2530/2530
f 2536/2536/2536 2535/2535/2535 2534/2534/2534
f 2536/2536/2536 2537/2537/2537 2535/2535/2535
f 2540/2540/2540 2539/2539/2539 2538/2538/2538
f 2540/2540/2540 2541/2541/2541 2539/2539/2539
f 2544/2544/2544 2543/2543/2543 2542/2542/2542
f 2544/2544/2544 2545/2545/2545 2543/2543/2543
f 2548/2548/2548 2547/2547/2547 2546/2546/2546
f 2549/2549/2549 2547/2547/2547 2548/2548/2548
f 2552/2552/2552 2551/2551/2551 2550/2550/2550
f 2552/2552/2552 2550/2550/2550 2553/2553/2553
f 2556/2556/2556 2555/2555/2555 2554/2554/2554
f 2555/2555/2555 2557/2557/2557 2554/2554/2554
f 2560/2560/2560 2559/2559/2559 2558/2558/2558
f 2560/2560/2560 2561/2561/2561 2559/2559/2559
f 2564/2564/2564 2563/2563/2563 2562/2562/2562
f 2564/2564/2564 2562/2562/2562 2565/2565/2565
f 2568/2568/2568 2567/2567/2567 2566/2566/2566
f 2569/2569/2569 2568/2568/2568 2566/2566/2566
f 2570/2570/2570 2569/2569/2569 2566/2566/2566
f 2573/2573/2573 2572/2572/2572 2571/2571/2571
f 2574/2574/2574 2572/2572/2572 2573/2573/2573
f 2575/2575/2575 2574/2574/2574 2573/2573/2573
f 2576/2576/2576 2574/2574/2574 2575/2575/2575
f 2576/2576/2576 2577/2577/2577 2574/2574/2574
f 2578/2578/2578 2577/2577/2577 2576/2576/2576
f 2578/2578/2578 2579/2579/2579 2577/2577/2577
f 2578/2578/2578 2580/2580/2580 2579/2579/2579
f 2583/2583/2583 2582/2582/2582 2581/2581/2581
f 2583/2583/2583 2581/2581/2581 2584/2584/2584
f 2584/2584/2584 2581/2581/2581 2585/2585/2585
f 2584/2584/2584 2585/2585/2585 2586/2586/2586
f 2586/2586/2586 2585/2585/2585 2587/2587/2587
f 2585/2585/2585 2588/2588/2588 2587/2587/2587
f 2591/2591/2591 2590/2590/2590 2589/2589/2589
f 2591/2591/2591 2589/2589/2589 2592/2592/2592
f 2592/2592/2592 2589/2589/2589 2593/2593/2593
f 2596/2596/2596 2595/2595/2595 2594/2594/2594
f 2594/2594/2594 2595/2595/2595 2597/2597/2597
f 2600/2600/2600 2599/2599/2599 2598/2598/2598
f 2599/2599/2599 2601/2601/2601 2598/2598/2598
f 2604/2604/2604 2603/2603/2603 2602/2602/2602
f 2604/2604/2604 2602/2602/2602 2605/2605/2605
f 2608/2608/2608 2607/2607/2607 2606/2606/2606
f 2608/2608/2608 2609/2609/2609 2607/2607/2607
f 2612/2612/2612 2611/2611/2611 2610/2610/2610
f 2612/2612/2612 2613/2613/2613 2611/2611/2611
f 2616/2616/2616 2615/2615/2615 2614/2614/2614
f 2616/2616/2616 2614/2614/2614 2617/2617/2617
f 2618/2618/2618 2616/2616/2616 2617/2617/2617
f 2618/2618/2618 2619/2619/2619 2616/2616/2616
f 2622/2622/2622 2621/2621/2621 2620/2620/2620
f 2622/2622/2622 2623/2623/2623 2621/2621/2621
f 2626/2626/2626 2625/2625/2625 2624/2624/2624
f 2626/2626/2626 2627/2627/2627 2625/2625/2625
f 2630/2630/2630 2629/2629/2629 2628/2628/2628
f 2628/2628/2628 2629/2629/2629 2631/2631/2631
f 2634/2634/2634 2633/2633/2633 2632/2632/2632
f 2635/2635/2635 2633/2633/2633 2634/2634/2634
f 2638/2638/2638 2637/2637/2637 2636/2636/2636
f 2638/2638/2638 2636/2636/2636 2639/2639/2639
f 2642/2642/2642 2641/2641/2641 2640/2640/2640
f 2643/2643/2643 2642/2642/2642 2640/2640/2640
f 2646/2646/2646 2645/2645/2645 2644/2644/2644
f 2645/2645/2645 2647/2647/2647 2644/2644/2644
f 2650/2650/2650 2649/2649/2649 2648/2648/2648
f 2649/2649/2649 2651/2651/2651 2648/2648/2648
f 2651/2651/2651 2652/2652/2652 2648/2648/2648
f 2651/2651/2651 2653/2653/2653 2652/2652/2652
f 2653/2653/2653 2654/2654/2654 2652/2652/2652
f 2653/2653/2653 2655/2655/2655 2654/2654/2654
f 2655/2655/2655 2656/2656/2656 2654/2654/2654
f 2655/2655/2655 2657/2657/2657 2656/2656/2656
f 2657/2657/2657 2658/2658/2658 2656/2656/2656
f 2657/2657/2657 2659/2659/2659 2658/2658/2658
f 2660/2660/2660 2659/2659/2659 2657/2657/2657
f 2659/2659/2659 2661/2661/2661 2658/2658/2658
f 2661/2661/2661 2662/2662/2662 2658/2658/2658
f 2665/2665/2665 2664/2664/2664 2663/2663/2663
f 2663/2663/2663 2664/2664/2664 2666/2666/2666
f 2667/2667/2667 2663/2663/2663 2666/2666/2666
f 2668/2668/2668 2667/2667/2667 2666/2666/2666
f 2669/2669/2669 2667/2667/2667 2668/2668/2668
f 2670/2670/2670 2669/2669/2669 2668/2668/2668
f 2671/2671/2671 2669/2669/2669 2670/2670/2670
f 2672/2672/2672 2671/2671/2671 2670/2670/2670
f 2673/2673/2673 2671/2671/2671 2672/2672/2672
f 2674/2674/2674 2673/2673/2673 2672/2672/2672
f 2675/2675/2675 2673/2673/2673 2674/2674/2674
f 2676/2676/2676 2675/2675/2675 2674/2674/2674
f 2677/2677/2677 2675/2675/2675 2676/2676/2676
f 2678/2678/2678 2677/2677/2677 2676/2676/2676
f 2679/2679/2679 2677/2677/2677 2678/2678/2678
f 2680/2680/2680 2679/2679/2679 2678/2678/2678
f 2681/2681/2681 2679/2679/2679 2680/2680/2680
f 2682/2682/2682 2681/2681/2681 2680/2680/2680
f 2682/2682/2682 2683/2683/2683 2681/2681/2681
f 2684/2684/2684 2683/2683/2683 2682/2682/2682
f 2685/2685/2685 2683/2683/2683 2684/2684/2684
f 2685/2685/2685 2686/2686/2686 2683/2683/2683
f 2686/2686/2686 2685/2685/2685 2687/2687/2687
f 2688/2688/2688 2686/2686/2686 2687/2687/2687
f 2691/2691/2691 2690/2690/2690 2689/2689/2689
f 2690/2690/2690 2692/2692/2692 2689/2689/2689
f 2692/2692/2692 2690/2690/2690 2693/2693/2693
f 2692/2692/2692 2693/2693/2693 2694/2694/2694
f 2694/2694/2694 2693/2693/2693 2695/2695/2695
f 2695/2695/2695 2693/2693/2693 2696/2696/2696
f 2695/2695/2695 2696/2696/2696 2697/2697/2697
f 2696/2696/2696 2698/2698/2698 2697/2697/2697
f 2697/2697/2697 2698/2698/2698 2699/2699/2699
f 2698/2698/2698 2700/2700/2700 2699/2699/2699
f 2699/2699/2699 2700/2700/2700 2701/2701/2701
f 2700/2700/2700 2702/2702/2702 2701/2701/2701
f 2701/2701/2701 2702/2702/2702 2703/2703/2703
f 2702/2702/2702 2704/2704/2704 2703/2703/2703
f 2703/2703/2703 2704/2704/2704 2705/2705/2705
f 2704/2704/2704 2706/2706/2706 2705/2705/2705
f 2705/2705/2705 2706/2706/2706 2707/2707/2707
f 2706/2706/2706 2708/2708/2708 2707/2707/2707
f 2707/2707/2707 2708/2708/2708 2709/2709/2709
f 2708/2708/2708 2710/2710/2710 2709/2709/2709
f 2709/2709/2709 2710/2710/2710 2711/2711/2711
f 2710/2710/2710 2712/2712/2712 2711/2711/2711
f 2712/2712/2712 2713/2713/2713 2711/2711/2711
f 2714/2714/2714 2713/2713/2713 2712/2712/2712
f 2717/2717/2717 2716/2716/2716 2715/2715/2715
f 2715/2715/2715 2716/2716/2716 2718/2718/2718
f 2721/2721/2721 2720/2720/2720 2719/2719/2719
f 2722/2722/2722 2721/2721/2721 2719/2719/2719
f 2722/2722/2722 2723/2723/2723 2721/2721/2721
f 2723/2723/2723 2722/2722/2722 2724/2724/2724
f 2724/2724/2724 2722/2722/2722 2725/2725/2725
f 2724/2724/2724 2725/2725/2725 2726/2726/2726
f 2725/2725/2725 2727/2727/2727 2726/2726/2726
f 2726/2726/2726 2727/2727/2727 2728/2728/2728
f 2726/2726/2726 2728/2728/2728 2729/2729/2729
f 2729/2729/2729 2728/2728/2728 2730/2730/2730
f 2729/2729/2729 2730/2730/2730 2731/2731/2731
f 2731/2731/2731 2730/2730/2730 2732/2732/2732
f 2731/2731/2731 2732/2732/2732 2733/2733/2733
f 2733/2733/2733 2732/2732/2732 2734/2734/2734
f 2733/2733/2733 2734/2734/2734 2735/2735/2735
f 2735/2735/2735 2734/2734/2734 2736/2736/2736
f 2735/2735/2735 2736/2736/2736 2737/2737/2737
f 2737/2737/2737 2736/2736/2736 2738/2738/2738
f 2737/2737/2737 2738/2738/2738 2739/2739/2739
f 2739/2739/2739 2738/2738/2738 2740/2740/2740
f 2739/2739/2739 2740/2740/2740 2741/2741/2741
f 2741/2741/2741 2740/2740/2740 2742/2742/2742
f 2741/2741/2741 2742/2742/2742 2743/2743/2743
f 2743/2743/2743 2742/2742/2742 2744/2744/2744
f 2743/2743/2743 2744/2744/2744 2745/2745/2745
f 2748/2748/2748 2747/2747/2747 2746/2746/2746
f 2749/2749/2749 2748/2748/2748 2746/2746/2746
f 2750/2750/2750 2749/2749/2749 2746/2746/2746
f 2751/2751/2751 2750/2750/2750 2746/2746/2746
f 2752/2752/2752 2750/2750/2750 2751/2751/2751
f 2752/2752/2752 2751/2751/2751 2753/2753/2753
f 2756/2756/2756 2755/2755/2755 2754/2754/2754
f 2755/2755/2755 2757/2757/2757 2754/2754/2754
f 2758/2758/2758 2757/2757/2757 2755/2755/2755
f 2758/2758/2758 2759/2759/2759 2757/2757/2757
f 2760/2760/2760 2759/2759/2759 2758/2758/2758
f 2760/2760/2760 2761/2761/2761 2759/2759/2759
f 2762/2762/2762 2761/2761/2761 2760/2760/2760
f 2762/2762/2762 2763/2763/2763 2761/2761/2761
f 2764/2764/2764 2763/2763/2763 2762/2762/2762
f 2764/2764/2764 2765/2765/2765 2763/2763/2763
f 2766/2766/2766 2765/2765/2765 2764/2764/2764
f 2766/2766/2766 2767/2767/2767 2765/2765/2765
f 2768/2768/2768 2767/2767/2767 2766/2766/2766
f 2768/2768/2768 2769/2769/2769 2767/2767/2767
f 2770/2770/2770 2769/2769/2769 2768/2768/2768
f 2770/2770/2770 2771/2771/2771 2769/2769/2769
f 2772/2772/2772 2771/2771/2771 2770/2770/2770
f 2772/2772/2772 2773/2773/2773 2771/2771/2771
f 2774/2774/2774 2773/2773/2773 2772/2772/2772
f 2775/2775/2775 2774/2774/2774 2772/2772/2772
f 2775/2775/2775 2776/2776/2776 2774/2774/2774
f 2776/2776/2776 2775/2775/2775 2777/2777/2777
f 2780/2780/2780 2779/2779/2779 2778/2778/2778
f 2780/2780/2780 2781/2781/2781 2779/2779/2779
f 2780/2780/2780 2782/2782/2782 2781/2781/2781
f 2780/2780/2780 2783/2783/2783 2782/2782/2782
f 2780/2780/2780 2784/2784/2784 2783/2783/2783
f 2780/2780/2780 2785/2785/2785 2784/2784/2784
f 2786/2786/2786 2785/2785/2785 2780/2780/2780
f 2786/2786/2786 2787/2787/2787 2785/2785/2785
f 2786/2786/2786 2788/2788/2788 2787/2787/2787
f 2786/2786/2786 2789/2789/2789 2788/2788/2788
f 2786/2786/2786 2790/2790/2790 2789/2789/2789
f 2791/2791/2791 2790/2790/2790 2786/2786/2786
f 2794/2794/2794 2793/2793/2793 2792/2792/2792
f 2795/2795/2795 2794/2794/2794 2792/2792/2792
f 2796/2796/2796 2794/2794/2794 2795/2795/2795
f 2797/2797/2797 2796/2796/2796 2795/2795/2795
f 2798/2798/2798 2796/2796/2796 2797/2797/2797
f 2799/2799/2799 2796/2796/2796 2798/2798/2798
f 2802/2802/2802 2801/2801/2801 2800/2800/2800
f 2803/2803/2803 2802/2802/2802 2800/2800/2800
f 2804/2804/2804 2802/2802/2802 2803/2803/2803
f 2805/2805/2805 2802/2802/2802 2804/2804/2804
f 2806/2806/2806 2805/2805/2805 2804/2804/2804
f 2807/2807/2807 2805/2805/2805 2806/2806/2806
f 2810/2810/2810 2809/2809/2809 2808/2808/2808
f 2809/2809/2809 2811/2811/2811 2808/2808/2808
f 2808/2808/2808 2811/2811/2811 2812/2812/2812
f 2812/2812/2812 2811/2811/2811 2813/2813/2813
f 2809/2809/2809 2814/2814/2814 2811/2811/2811
f 2809/2809/2809 2815/2815/2815 2814/2814/2814
f 2815/2815/2815 2816/2816/2816 2814/2814/2814
f 2815/2815/2815 2817/2817/2817 2816/2816/2816
f 2817/2817/2817 2818/2818/2818 2816/2816/2816
f 2817/2817/2817 2819/2819/2819 2818/2818/2818
f 2819/2819/2819 2820/2820/2820 2818/2818/2818
f 2819/2819/2819 2821/2821/2821 2820/2820/2820
f 2821/2821/2821 2822/2822/2822 2820/2820/2820
f 2825/2825/2825 2824/2824/2824 2823/2823/2823
f 2826/2826/2826 2824/2824/2824 2825/2825/2825
f 2829/2829/2829 2828/2828/2828 2827/2827/2827
f 2830/2830/2830 2828/2828/2828 2829/2829/2829
f 2830/2830/2830 2831/2831/2831 2828/2828/2828
f 2834/2834/2834 2833/2833/2833 2832/2832/2832
f 2835/2835/2835 2834/2834/2834 2832/2832/2832
f 2838/2838/2838 2837/2837/2837 2836/2836/2836
f 2838/2838/2838 2836/2836/2836 2839/2839/2839
f 2839/2839/2839 2836/2836/2836 2840/2840/2840
f 2839/2839/2839 2840/2840/2840 2841/2841/2841
f 2844/2844/2844 2843/2843/2843 2842/2842/2842
f 2845/2845/2845 2844/2844/2844 2842/2842/2842
f 2846/2846/2846 2844/2844/2844 2845/2845/2845
f 2847/2847/2847 2846/2846/2846 2845/2845/2845
f 2848/2848/2848 2846/2846/2846 2847/2847/2847
f 2849/2849/2849 2848/2848/2848 2847/2847/2847
f 2850/2850/2850 2848/2848/2848 2849/2849/2849
f 2850/2850/2850 2851/2851/2851 2848/2848/2848
f 2852/2852/2852 2851/2851/2851 2850/2850/2850
f 2852/2852/2852 2853/2853/2853 2851/2851/2851
f 2854/2854/2854 2853/2853/2853 2852/2852/2852
f 2855/2855/2855 2853/2853/2853 2854/2854/2854
f 2858/2858/2858 2857/2857/2857 2856/2856/2856
f 2856/2856/2856 2857/2857/2857 2859/2859/2859
f 2857/2857/2857 2860/2860/2860 2859/2859/2859
f 2863/2863/2863 2862/2862/2862 2861/2861/2861
f 2861/2861/2861 2862/2862/2862 2864/2864/2864
f 2862/2862/2862 2865/2865/2865 2864/2864/2864
f 2864/2864/2864 2865/2865/2865 2866/2866/2866
f 2865/2865/2865 2867/2867/2867 2866/2866/2866
f 2867/2867/2867 2868/2868/2868 2866/2866/2866
f 2871/2871/2871 2870/2870/2870 2869/2869/2869
f 2869/2869/2869 2870/2870/2870 2872/2872/2872
f 2870/2870/2870 2873/2873/2873 2872/2872/2872
f 2872/2872/2872 2873/2873/2873 2874/2874/2874
f 2873/2873/2873 2875/2875/2875 2874/2874/2874
f 2875/2875/2875 2876/2876/2876 2874/2874/2874
f 2879/2879/2879 2878/2878/2878 2877/2877/2877
f 2877/2877/2877 2878/2878/2878 2880/2880/2880
f 2883/2883/2883 2882/2882/2882 2881/2881/2881
f 2884/2884/2884 2883/2883/2883 2881/2881/2881
f 2887/2887/2887 2886/2886/2886 2885/2885/2885
f 2888/2888/2888 2886/2886/2886 2887/2887/2887
f 2891/2891/2891 2890/2890/2890 2889/2889/2889
f 2889/2889/2889 2890/2890/2890 2892/2892/2892
f 2892/2892/2892 2890/2890/2890 2893/2893/2893
f 2890/2890/2890 2894/2894/2894 2893/2893/2893
f 2893/2893/2893 2894/2894/2894 2895/2895/2895
f 2894/2894/2894 2896/2896/2896 2895/2895/2895
f 2899/2899/2899 2898/2898/2898 2897/2897/2897
f 2897/2897/2897 2898/2898/2898 2900/2900/2900
f 2897/2897/2897 2900/2900/2900 2901/2901/2901
f 2897/2897/2897 2901/2901/2901 2902/2902/2902
f 2897/2897/2897 2902/2902/2902 2903/2903/2903
f 2897/2897/2897 2903/2903/2903 2904/2904/2904
f 2904/2904/2904 2903/2903/2903 2905/2905/2905
f 2904/2904/2904 2905/2905/2905 2906/2906/2906
f 2904/2904/2904 2906/2906/2906 2907/2907/2907
f 2904/2904/2904 2907/2907/2907 2908/2908/2908
f 2904/2904/2904 2908/2908/2908 2909/2909/2909
f 2904/2904/2904 2909/2909/2909 2910/2910/2910
f 2913/2913/2913 2912/2912/2912 2911/2911/2911
f 2911/2911/2911 2912/2912/2912 2914/2914/2914
f 2912/2912/2912 2915/2915/2915 2914/2914/2914
f 2914/2914/2914 2915/2915/2915 2916/2916/2916
f 2916/2916/2916 2915/2915/2915 2917/2917/2917
f 2915/2915/2915 2918/2918/2918 2917/2917/2917
f 2921/2921/2921 2920/2920/2920 2919/2919/2919
f 2920/2920/2920 2922/2922/2922 2919/2919/2919
f 2919/2919/2919 2922/2922/2922 2923/2923/2923
f 2923/2923/2923 2922/2922/2922 2924/2924/2924
f 2920/2920/2920 2925/2925/2925 2922/2922/2922
f 2920/2920/2920 2926/2926/2926 2925/2925/2925
f 2926/2926/2926 2927/2927/2927 2925/2925/2925
f 2926/2926/2926 2928/2928/2928 2927/2927/2927
f 2928/2928/2928 2929/2929/2929 2927/2927/2927
f 2928/2928/2928 2930/2930/2930 2929/2929/2929
f 2930/2930/2930 2931/2931/2931 2929/2929/2929
f 2930/2930/2930 2932/2932/2932 2931/2931/2931
f 2932/2932/2932 2933/2933/2933 2931/2931/2931
f 2936/2936/2936 2935/2935/2935 2934/2934/2934
f 2936/2936/2936 2934/2934/2934 2937/2937/2937
f 2940/2940/2940 2939/2939/2939 2938/2938/2938
f 2940/2940/2940 2941/2941/2941 2939/2939/2939
f 2942/2942/2942 2941/2941/2941 2940/2940/2940
f 2942/2942/2942 2943/2943/2943 2941/2941/2941
f 2944/2944/2944 2943/2943/2943 2942/2942/2942
f 2944/2944/2944 2945/2945/2945 2943/2943/2943
f 2946/2946/2946 2945/2945/2945 2944/2944/2944
f 2946/2946/2946 2947/2947/2947 2945/2945/2945
f 2946/2946/2946 2948/2948/2948 2947/2947/2947
f 2949/2949/2949 2948/2948/2948 2946/2946/2946
f 2949/2949/2949 2950/2950/2950 2948/2948/2948
f 2951/2951/2951 2950/2950/2950 2949/2949/2949
f 2951/2951/2951 2952/2952/2952 2950/2950/2950
f 2953/2953/2953 2952/2952/2952 2951/2951/2951
f 2953/2953/2953 2954/2954/2954 2952/2952/2952
f 2955/2955/2955 2954/2954/2954 2953/2953/2953
f 2955/2955/2955 2956/2956/2956 2954/2954/2954
f 2957/2957/2957 2956/2956/2956 2955/2955/2955
f 2960/2960/2960 2959/2959/2959 2958/2958/2958
f 2959/2959/2959 2961/2961/2961 2958/2958/2958
f 2959/2959/2959 2962/2962/2962 2961/2961/2961
f 2962/2962/2962 2963/2963/2963 2961/2961/2961
f 2965/2965/2965 2963/2963/2963 2964/2964/2964
f 2966/2966/2966 2965/2965/2965 2964/2964/2964
f 2967/2967/2967 2966/2966/2966 2964/2964/2964
f 2968/2968/2968 2967/2967/2967 2964/2964/2964
f 2969/2969/2969 2967/2967/2967 2968/2968/2968
f 2970/2970/2970 2967/2967/2967 2969/2969/2969
f 2971/2971/2971 2970/2970/2970 2969/2969/2969
f 2972/2972/2972 2970/2970/2970 2971/2971/2971
f 2974/2974/2974 2965/2965/2965 2973/2973/2973
f 2975/2975/2975 2974/2974/2974 2973/2973/2973
f 2976/2976/2976 2974/2974/2974 2975/2975/2975
f 2976/2976/2976 2977/2977/2977 2974/2974/2974
f 2978/2978/2978 2977/2977/2977 2976/2976/2976
f 2978/2978/2978 2979/2979/2979 2977/2977/2977
f 2980/2980/2980 2979/2979/2979 2978/2978/2978
f 2980/2980/2980 2981/2981/2981 2979/2979/2979
f 2982/2982/2982 2981/2981/2981 2980/2980/2980
f 2982/2982/2982 2983/2983/2983 2981/2981/2981
f 2984/2984/2984 2983/2983/2983 2982/2982/2982
f 2984/2984/2984 2985/2985/2985 2983/2983/2983
f 2986/2986/2986 2985/2985/2985 2984/2984/2984
f 2986/2986/2986 2987/2987/2987 2985/2985/2985
f 2988/2988/2988 2987/2987/2987 2986/2986/2986
f 2988/2988/2988 2989/2989/2989 2987/2987/2987
f 2990/2990/2990 2989/2989/2989 2988/2988/2988
f 2990/2990/2990 2991/2991/2991 2989/2989/2989
f 2992/2992/2992 2991/2991/2991 2990/2990/2990
f 2992/2992/2992 2993/2993/2993 2991/2991/2991
f 2994/2994/2994 2993/2993/2993 2992/2992/2992
f 2994/2994/2994 2995/2995/2995 2993/2993/2993
f 2996/2996/2996 2995/2995/2995 2994/2994/2994
f 2996/2996/2996 2997/2997/2997 2995/2995/2995
f 2997/2997/2997 2996/2996/2996 2998/2998/2998
f 2998/2998/2998 2996/2996/2996 2999/2999/2999
f 2998/2998/2998 2999/2999/2999 3000/3000/3000
f 3000/3000/3000 2999/2999/2999 3001/3001/3001
f 3004/3004/3004 3003/3003/3003 3002/3002/3002
f 3002/3002/3002 3003/3003/3003 3005/3005/3005
f 3005/3005/3005 3003/3003/3003 3006/3006/3006
f 3003/3003/3003 3007/3007/3007 3006/3006/3006
f 3006/3006/3006 3007/3007/3007 3008/3008/3008
f 3007/3007/3007 3009/3009/3009 3008/3008/3008
f 3012/3012/3012 3011/3011/3011 3010/3010/3010
f 3013/3013/3013 3011/3011/3011 3012/3012/3012
f 3014/3014/3014 3013/3013/3013 3012/3012/3012
f 3015/3015/3015 3014/3014/3014 3012/3012/3012
f 3016/3016/3016 3015/3015/3015 3012/3012/3012
f 3017/3017/3017 3016/3016/3016 3012/3012/3012
f 3018/3018/3018 3016/3016/3016 3017/3017/3017
f 3019/3019/3019 3018/3018/3018 3017/3017/3017
f 3020/3020/3020 3019/3019/3019 3017/3017/3017
f 3021/3021/3021 3020/3020/3020 3017/3017/3017
f 3022/3022/3022 3021/3021/3021 3017/3017/3017
f 3023/3023/3023 3022/3022/3022 3017/3017/3017
f 3026/3026/3026 3025/3025/3025 3024/3024/3024
f 3026/3026/3026 3027/3027/3027 3025/3025/3025
f 3025/3025/3025 3027/3027/3027 3028/3028/3028
f 3031/3031/3031 3030/3030/3030 3029/3029/3029
f 3029/3029/3029 3030/3030/3030 3032/3032/3032
f 3032/3032/3032 3030/3030/3030 3033/3033/3033
f 3032/3032/3032 3033/3033/3033 3034/3034/3034
f 3034/3034/3034 3033/3033/3033 3035/3035/3035
f 3034/3034/3034 3035/3035/3035 3036/3036/3036
f 3036/3036/3036 3035/3035/3035 3037/3037/3037
f 3035/3035/3035 3038/3038/3038 3037/3037/3037
f 3037/3037/3037 3038/3038/3038 3039/3039/3039
f 3038/3038/3038 3040/3040/3040 3039/3039/3039
f 3039/3039/3039 3040/3040/3040 3041/3041/3041
f 3040/3040/3040 3042/3042/3042 3041/3041/3041
f 3045/3045/3045 3044/3044/3044 3043/3043/3043
f 3045/3045/3045 3043/3043/3043 3046/3046/3046
f 3047/3047/3047 3045/3045/3045 3046/3046/3046
f 3047/3047/3047 3046/3046/3046 3048/3048/3048
f 3049/3049/3049 3047/3047/3047 3048/3048/3048
f 3049/3049/3049 3048/3048/3048 3050/3050/3050
f 3051/3051/3051 3049/3049/3049 3050/3050/3050
f 3052/3052/3052 3051/3051/3051 3050/3050/3050
f 3053/3053/3053 3051/3051/3051 3052/3052/3052
f 3054/3054/3054 3053/3053/3053 3052/3052/3052
f 3054/3054/3054 3055/3055/3055 3053/3053/3053
f 3058/3058/3058 3057/3057/3057 3056/3056/3056
f 3057/3057/3057 3059/3059/3059 3056/3056/3056
f 3056/3056/3056 3059/3059/3059 3060/3060/3060
f 3059/3059/3059 3061/3061/3061 3060/3060/3060
f 3060/3060/3060 3061/3061/3061 3062/3062/3062
f 3061/3061/3061 3063/3063/3063 3062/3062/3062
f 3062/3062/3062 3063/3063/3063 3064/3064/3064
f 3063/3063/3063 3065/3065/3065 3064/3064/3064
f 3064/3064/3064 3065/3065/3065 3066/3066/3066
f 3065/3065/3065 3067/3067/3067 3066/3066/3066
f 3066/3066/3066 3067/3067/3067 3068/3068/3068
f 3067/3067/3067 3069/3069/3069 3068/3068/3068
f 3072/3072/3072 3071/3071/3071 3070/3070/3070
f 3073/3073/3073 3070/3070/3070 3071/3071/3071
f 3074/3074/3074 3073/3073/3073 3071/3071/3071
f 3077/3077/3077 3076/3076/3076 3075/3075/3075
f 3077/3077/3077 3078/3078/3078 3076/3076/3076
f 3078/3078/3078 3079/3079/3079 3076/3076/3076
f 3077/3077/3077 3080/3080/3080 3078/3078/3078
f 3081/3081/3081 3080/3080/3080 3077/3077/3077
f 3081/3081/3081 3082/3082/3082 3080/3080/3080
f 3083/3083/3083 3082/3082/3082 3081/3081/3081
f 3083/3083/3083 3084/3084/3084 3082/3082/3082
f 3084/3084/3084 3083/3083/3083 3085/3085/3085
f 3085/3085/3085 3083/3083/3083 3086/3086/3086
f 3085/3085/3085 3086/3086/3086 3087/3087/3087
f 3087/3087/3087 3086/3086/3086 3088/3088/3088
f 3087/3087/3087 3088/3088/3088 3089/3089/3089
f 3089/3089/3089 3088/3088/3088 3090/3090/3090
f 3089/3089/3089 3090/3090/3090 3091/3091/3091
f 3090/3090/3090 3088/3088/3088 3092/3092/3092
f 3090/3090/3090 3092/3092/3092 3093/3093/3093
f 3093/3093/3093 3092/3092/3092 3094/3094/3094
f 3092/3092/3092 3095/3095/3095 3094/3094/3094
f 3094/3094/3094 3095/3095/3095 3096/3096/3096
f 3096/3096/3096 3095/3095/3095 3097/3097/3097
f 3096/3096/3096 3097/3097/3097 3098/3098/3098
f 3098/3098/3098 3097/3097/3097 3099/3099/3099
f 3097/3097/3097 3100/3100/3100 3099/3099/3099
f 3101/3101/3101 3099/3099/3099 3100/3100/3100
f 3101/3101/3101 3100/3100/3100 3102/3102/3102
f 3102/3102/3102 3100/3100/3100 3103/3103/3103
f 3103/3103/3103 3100/3100/3100 3104/3104/3104
f 3103/3103/3103 3104/3104/3104 3105/3105/3105
f 3105/3105/3105 3104/3104/3104 3106/3106/3106
f 3105/3105/3105 3106/3106/3106 3107/3107/3107
f 3107/3107/3107 3106/3106/3106 3108/3108/3108
f 3107/3107/3107 3108/3108/3108 3109/3109/3109
f 3108/3108/3108 3110/3110/3110 3109/3109/3109
f 3111/3111/3111 3110/3110/3110 3108/3108/3108
f 3111/3111/3111 3112/3112/3112 3110/3110/3110
f 3113/3113/3113 3112/3112/3112 3111/3111/3111
f 3113/3113/3113 3114/3114/3114 3112/3112/3112
f 3115/3115/3115 3114/3114/3114 3113/3113/3113
f 3116/3116/3116 3102/3102/3102 3103/3103/3103
f 3116/3116/3116 3103/3103/3103 3117/3117/3117
f 3118/3118/3118 3102/3102/3102 3116/3116/3116
f 3119/3119/3119 3102/3102/3102 3118/3118/3118
f 3115/3115/3115 3120/3120/3120 3114/3114/3114
f 3120/3120/3120 3121/3121/3121 3114/3114/3114
f 3114/3114/3114 3121/3121/3121 3122/3122/3122
f 3120/3120/3120 3123/3123/3123 3121/3121/3121
f 3120/3120/3120 3124/3124/3124 3123/3123/3123
f 3115/3115/3115 3125/3125/3125 3120/3120/3120
f 3126/3126/3126 3125/3125/3125 3115/3115/3115
f 3127/3127/3127 3126/3126/3126 3115/3115/3115
f 3127/3127/3127 3128/3128/3128 3126/3126/3126
f 3129/3129/3129 3128/3128/3128 3127/3127/3127
f 3130/3130/3130 3129/3129/3129 3127/3127/3127
f 3131/3131/3131 3129/3129/3129 3130/3130/3130
f 3132/3132/3132 3131/3131/3131 3130/3130/3130
f 3132/3132/3132 3133/3133/3133 3131/3131/3131
f 3132/3132/3132 3134/3134/3134 3133/3133/3133
f 3137/3137/3137 3136/3136/3136 3135/3135/3135
f 3135/3135/3135 3136/3136/3136 3138/3138/3138
f 3141/3141/3141 3140/3140/3140 3139/3139/3139
f 3140/3140/3140 3142/3142/3142 3139/3139/3139
f 3145/3145/3145 3144/3144/3144 3143/3143/3143
f 3146/3146/3146 3145/3145/3145 3143/3143/3143
f 3147/3147/3147 3146/3146/3146 3143/3143/3143
f 3147/3147/3147 3143/3143/3143 3148/3148/3148
f 3151/3151/3151 3150/3150/3150 3149/3149/3149
f 3149/3149/3149 3150/3150/3150 3152/3152/3152
f 3152/3152/3152 3150/3150/3150 3153/3153/3153
f 3150/3150/3150 3154/3154/3154 3153/3153/3153
f 3153/3153/3153 3154/3154/3154 3155/3155/3155
f 3155/3155/3155 3154/3154/3154 3156/3156/3156
f 3155/3155/3155 3156/3156/3156 3157/3157/3157
f 3157/3157/3157 3156/3156/3156 3158/3158/3158
f 3157/3157/3157 3158/3158/3158 3159/3159/3159
f 3159/3159/3159 3158/3158/3158 3160/3160/3160
f 3159/3159/3159 3160/3160/3160 3161/3161/3161
f 3161/3161/3161 3160/3160/3160 3162/3162/3162
f 3161/3161/3161 3162/3162/3162 3163/3163/3163
f 3163/3163/3163 3162/3162/3162 3164/3164/3164
f 3163/3163/3163 3164/3164/3164 3165/3165/3165
f 3168/3168/3168 3167/3167/3167 3166/3166/3166
f 3168/3168/3168 3166/3166/3166 3169/3169/3169
f 3172/3172/3172 3171/3171/3171 3170/3170/3170
f 3173/3173/3173 3170/3170/3170 3171/3171/3171
f 3174/3174/3174 3173/3173/3173 3171/3171/3171
f 3173/3173/3173 3174/3174/3174 3175/3175/3175
f 3178/3178/3178 3177/3177/3177 3176/3176/3176
f 3178/3178/3178 3179/3179/3179 3177/3177/3177
f 3177/3177/3177 3179/3179/3179 3180/3180/3180
f 3177/3177/3177 3180/3180/3180 3181/3181/3181
f 3180/3180/3180 3182/3182/3182 3181/3181/3181
f 3181/3181/3181 3182/3182/3182 3183/3183/3183
f 3182/3182/3182 3184/3184/3184 3183/3183/3183
f 3183/3183/3183 3184/3184/3184 3185/3185/3185
f 3184/3184/3184 3186/3186/3186 3185/3185/3185
f 3185/3185/3185 3186/3186/3186 3187/3187/3187
f 3185/3185/3185 3187/3187/3187 3188/3188/3188
f 3188/3188/3188 3187/3187/3187 3189/3189/3189
f 3188/3188/3188 3189/3189/3189 3190/3190/3190
f 3190/3190/3190 3189/3189/3189 3191/3191/3191
f 3190/3190/3190 3191/3191/3191 3192/3192/3192
f 3191/3191/3191 3193/3193/3193 3192/3192/3192
f 3192/3192/3192 3193/3193/3193 3194/3194/3194
f 3195/3195/3195 3192/3192/3192 3194/3194/3194
f 3196/3196/3196 3195/3195/3195 3194/3194/3194
f 3197/3197/3197 3195/3195/3195 3196/3196/3196
f 3198/3198/3198 3197/3197/3197 3196/3196/3196
f 3199/3199/3199 3197/3197/3197 3198/3198/3198
f 3200/3200/3200 3199/3199/3199 3198/3198/3198
f 3201/3201/3201 3200/3200/3200 3198/3198/3198
f 3200/3200/3200 3201/3201/3201 3202/3202/3202
f 3203/3203/3203 3200/3200/3200 3202/3202/3202
f 3204/3204/3204 3203/3203/3203 3202/3202/3202
f 3205/3205/3205 3204/3204/3204 3202/3202/3202
f 3206/3206/3206 3204/3204/3204 3205/3205/3205
f 3207/3207/3207 3206/3206/3206 3205/3205/3205
f 3208/3208/3208 3206/3206/3206 3207/3207/3207
f 3209/3209/3209 3208/3208/3208 3207/3207/3207
f 3210/3210/3210 3208/3208/3208 3209/3209/3209
f 3210/3210/3210 3211/3211/3211 3208/3208/3208
f 3212/3212/3212 3211/3211/3211 3210/3210/3210
f 3212/3212/3212 3213/3213/3213 3211/3211/3211
f 3214/3214/3214 3213/3213/3213 3212/3212/3212
f 3214/3214/3214 3215/3215/3215 3213/3213/3213
f 3214/3214/3214 3216/3216/3216 3215/3215/3215
f 3214/3214/3214 3217/3217/3217 3216/3216/3216
f 3220/3220/3220 3219/3219/3219 3218/3218/3218
f 3220/3220/3220 3221/3221/3221 3219/3219/3219
f 3220/3220/3220 3222/3222/3222 3221/3221/3221
f 3223/3223/3223 3222/3222/3222 3220/3220/3220
f 3223/3223/3223 3220/3220/3220 3224/3224/3224
f 3224/3224/3224 3220/3220/3220 3225/3225/3225
f 3226/3226/3226 3224/3224/3224 3225/3225/3225
f 3226/3226/3226 3225/3225/3225 3227/3227/3227
f 3228/3228/3228 3226/3226/3226 3227/3227/3227
f 3228/3228/3228 3227/3227/3227 3229/3229/3229
f 3230/3230/3230 3228/3228/3228 3229/3229/3229
f 3231/3231/3231 3228/3228/3228 3230/3230/3230
f 3232/3232/3232 3231/3231/3231 3230/3230/3230
f 3233/3233/3233 3231/3231/3231 3232/3232/3232
f 3234/3234/3234 3233/3233/3233 3232/3232/3232
f 3235/3235/3235 3233/3233/3233 3234/3234/3234
f 3236/3236/3236 3235/3235/3235 3234/3234/3234
f 3236/3236/3236 3234/3234/3234 3237/3237/3237
f 3240/3240/3240 3239/3239/3239 3238/3238/3238
f 3241/3241/3241 3240/3240/3240 3238/3238/3238
f 3242/3242/3242 3240/3240/3240 3241/3241/3241
f 3243/3243/3243 3242/3242/3242 3241/3241/3241
f 3244/3244/3244 3242/3242/3242 3243/3243/3243
f 3245/3245/3245 3244/3244/3244 3243/3243/3243
f 3246/3246/3246 3245/3245/3245 3243/3243/3243
f 3247/3247/3247 3245/3245/3245 3246/3246/3246
f 3250/3250/3250 3249/3249/3249 3248/3248/3248
f 3250/3250/3250 3248/3248/3248 3251/3251/3251
f 3254/3254/3254 3253/3253/3253 3252/3252/3252
f 3255/3255/3255 3253/3253/3253 3254/3254/3254
f 3256/3256/3256 3253/3253/3253 3255/3255/3255
f 3256/3256/3256 3257/3257/3257 3253/3253/3253
f 3258/3258/3258 3257/3257/3257 3256/3256/3256
f 3258/3258/3258 3259/3259/3259 3257/3257/3257
f 3253/3253/3253 3257/3257/3257 3260/3260/3260
f 3253/3253/3253 3260/3260/3260 3261/3261/3261
f 3253/3253/3253 3261/3261/3261 3262/3262/3262
f 3262/3262/3262 3261/3261/3261 3263/3263/3263
f 3261/3261/3261 3260/3260/3260 3264/3264/3264
f 3263/3263/3263 3261/3261/3261 3265/3265/3265
f 3263/3263/3263 3265/3265/3265 3266/3266/3266
f 3261/3261/3261 3264/3264/3264 3267/3267/3267
f 3267/3267/3267 3264/3264/3264 3268/3268/3268
f 3268/3268/3268 3264/3264/3264 3269/3269/3269
f 3268/3268/3268 3269/3269/3269 3270/3270/3270
f 3273/3273/3273 3272/3272/3272 3271/3271/3271
f 3273/3273/3273 3274/3274/3274 3272/3272/3272
f 3275/3275/3275 3274/3274/3274 3273/3273/3273
f 3275/3275/3275 3276/3276/3276 3274/3274/3274
f 3276/3276/3276 3277/3277/3277 3274/3274/3274
f 3276/3276/3276 3278/3278/3278 3277/3277/3277
f 3281/3281/3281 3280/3280/3280 3279/3279/3279
f 3280/3280/3280 3281/3281/3281 3282/3282/3282
f 3281/3281/3281 3283/3283/3283 3282/3282/3282
f 3282/3282/3282 3283/3283/3283 3284/3284/3284
f 3283/3283/3283 3285/3285/3285 3284/3284/3284
f 3284/3284/3284 3285/3285/3285 3286/3286/3286
f 3285/3285/3285 3287/3287/3287 3286/3286/3286
f 3287/3287/3287 3288/3288/3288 3286/3286/3286
f 3288/3288/3288 3289/3289/3289 3286/3286/3286
f 3289/3289/3289 3288/3288/3288 3290/3290/3290
f 3288/3288/3288 3291/3291/3291 3290/3290/3290
f 3290/3290/3290 3291/3291/3291 3292/3292/3292
f 3291/3291/3291 3293/3293/3293 3292/3292/3292
f 3292/3292/3292 3293/3293/3293 3294/3294/3294
f 3293/3293/3293 3295/3295/3295 3294/3294/3294
f 3294/3294/3294 3295/3295/3295 3296/3296/3296
f 3295/3295/3295 3297/3297/3297 3296/3296/3296
f 3296/3296/3296 3297/3297/3297 3298/3298/3298
f 3297/3297/3297 3299/3299/3299 3298/3298/3298
f 3298/3298/3298 3299/3299/3299 3300/3300/3300
f 3300/3300/3300 3299/3299/3299 3301/3301/3301
f 3304/3304/3304 3303/3303/3303 3302/3302/3302
f 3305/3305/3305 3303/3303/3303 3304/3304/3304
f 3306/3306/3306 3303/3303/3303 3305/3305/3305
f 3306/3306/3306 3307/3307/3307 3303/3303/3303
f 3308/3308/3308 3307/3307/3307 3306/3306/3306
f 3308/3308/3308 3309/3309/3309 3307/3307/3307
f 3310/3310/3310 3309/3309/3309 3308/3308/3308
f 3311/3311/3311 3310/3310/3310 3308/3308/3308
f 3312/3312/3312 3311/3311/3311 3308/3308/3308
f 3312/3312/3312 3308/3308/3308 3313/3313/3313
f 3313/3313/3313 3308/3308/3308 3314/3314/3314
f 3310/3310/3310 3315/3315/3315 3309/3309/3309
f 3316/3316/3316 3309/3309/3309 3315/3315/3315
f 3317/3317/3317 3315/3315/3315 3310/3310/3310
f 3318/3318/3318 3315/3315/3315 3317/3317/3317
f 3319/3319/3319 3318/3318/3318 3317/3317/3317
f 3322/3322/3322 3321/3321/3321 3320/3320/3320
f 3323/3323/3323 3321/3321/3321 3322/3322/3322
f 3323/3323/3323 3324/3324/3324 3321/3321/3321
f 3323/3323/3323 3325/3325/3325 3324/3324/3324
f 3328/3328/3328 3327/3327/3327 3326/3326/3326
f 3326/3326/3326 3327/3327/3327 3329/3329/3329
f 3327/3327/3327 3330/3330/3330 3329/3329/3329
f 3329/3329/3329 3330/3330/3330 3331/3331/3331
f 3329/3329/3329 3331/3331/3331 3332/3332/3332
f 3332/3332/3332 3331/3331/3331 3333/3333/3333
f 3332/3332/3332 3333/3333/3333 3334/3334/3334
f 3337/3337/3337 3336/3336/3336 3335/3335/3335
f 3337/3337/3337 3335/3335/3335 3338/3338/3338
f 3335/3335/3335 3339/3339/3339 3338/3338/3338
f 3340/3340/3340 3337/3337/3337 3338/3338/3338
f 3337/3337/3337 3340/3340/3340 3341/3341/3341
f 3340/3340/3340 3338/3338/3338 3342/3342/3342
f 3342/3342/3342 3338/3338/3338 3343/3343/3343
f 3344/3344/3344 3342/3342/3342 3343/3343/3343
f 3345/3345/3345 3342/3342/3342 3344/3344/3344
f 3346/3346/3346 3342/3342/3342 3345/3345/3345
f 3347/3347/3347 3340/3340/3340 3342/3342/3342
f 3348/3348/3348 3347/3347/3347 3342/3342/3342
f 3349/3349/3349 3347/3347/3347 3348/3348/3348
f 3350/3350/3350 3347/3347/3347 3349/3349/3349
f 3351/3351/3351 3350/3350/3350 3349/3349/3349
f 3352/3352/3352 3350/3350/3350 3351/3351/3351
f 3352/3352/3352 3351/3351/3351 3353/3353/3353
f 3353/3353/3353 3351/3351/3351 3354/3354/3354
f 3355/3355/3355 3352/3352/3352 3353/3353/3353
f 3356/3356/3356 3352/3352/3352 3355/3355/3355
f 3357/3357/3357 3350/3350/3350 3352/3352/3352
f 3358/3358/3358 3350/3350/3350 3357/3357/3357
f 3359/3359/3359 3358/3358/3358 3357/3357/3357
f 3360/3360/3360 3358/3358/3358 3359/3359/3359
f 3363/3363/3363 3362/3362/3362 3361/3361/3361
f 3362/3362/3362 3364/3364/3364 3361/3361/3361
f 3362/3362/3362 3365/3365/3365 3364/3364/3364
f 3364/3364/3364 3365/3365/3365 3366/3366/3366
f 3365/3365/3365 3367/3367/3367 3366/3366/3366
f 3366/3366/3366 3367/3367/3367 3368/3368/3368
f 3367/3367/3367 3369/3369/3369 3368/3368/3368
f 3368/3368/3368 3369/3369/3369 3370/3370/3370
f 3369/3369/3369 3371/3371/3371 3370/3370/3370
f 3370/3370/3370 3371/3371/3371 3372/3372/3372
f 3371/3371/3371 3373/3373/3373 3372/3372/3372
f 3372/3372/3372 3373/3373/3373 3374/3374/3374
f 3375/3375/3375 3374/3374/3374 3373/3373/3373
f 3376/3376/3376 3375/3375/3375 3373/3373/3373
f 3375/3375/3375 3376/3376/3376 3377/3377/3377
f 3375/3375/3375 3377/3377/3377 3378/3378/3378
f 3378/3378/3378 3377/3377/3377 3379/3379/3379
f 3378/3378/3378 3379/3379/3379 3380/3380/3380
f 3380/3380/3380 3379/3379/3379 3381/3381/3381
f 3380/3380/3380 3381/3381/3381 3382/3382/3382
f 3385/3385/3385 3384/3384/3384 3383/3383/3383
f 3384/3384/3384 3386/3386/3386 3383/3383/3383
f 3383/3383/3383 3386/3386/3386 3387/3387/3387
f 3386/3386/3386 3388/3388/3388 3387/3387/3387
f 3387/3387/3387 3388/3388/3388 3389/3389/3389
f 3387/3387/3387 3389/3389/3389 3390/3390/3390
f 3390/3390/3390 3389/3389/3389 3391/3391/3391
f 3391/3391/3391 3389/3389/3389 3392/3392/3392
f 3395/3395/3395 3394/3394/3394 3393/3393/3393
f 3396/3396/3396 3394/3394/3394 3395/3395/3395
f 3397/3397/3397 3396/3396/3396 3395/3395/3395
f 3400/3400/3400 3399/3399/3399 3398/3398/3398
f 3399/3399/3399 3401/3401/3401 3398/3398/3398
f 3401/3401/3401 3402/3402/3402 3398/3398/3398
f 3402/3402/3402 3403/3403/3403 3398/3398/3398
f 3398/3398/3398 3403/3403/3403 3404/3404/3404
f 3404/3404/3404 3403/3403/3403 3405/3405/3405
f 3403/3403/3403 60/60/60 3405/3405/3405
f 3405/3405/3405 60/60/60 3406/3406/3406
f 60/60/60 63/63/63 3406/3406/3406
f 3406/3406/3406 63/63/63 3407/3407/3407
f 3408/3408/3408 3398/3398/3398 3404/3404/3404
f 3409/3409/3409 3398/3398/3398 3408/3408/3408
f 3410/3410/3410 3409/3409/3409 3408/3408/3408
f 3411/3411/3411 3410/3410/3410 3408/3408/3408
f 63/63/63 3412/3412/3412 3407/3407/3407
f 3407/3407/3407 3412/3412/3412 3413/3413/3413
f 3413/3413/3413 3412/3412/3412 3414/3414/3414
f 3412/3412/3412 3415/3415/3415 3414/3414/3414
f 3415/3415/3415 3416/3416/3416 3414/3414/3414
f 3416/3416/3416 3417/3417/3417 3414/3414/3414
f 3417/3417/3417 3418/3418/3418 3414/3414/3414
f 3413/3413/3413 3414/3414/3414 3419/3419/3419
f 3419/3419/3419 3414/3414/3414 3420/3420/3420
f 3419/3419/3419 3420/3420/3420 3421/3421/3421
f 3419/3419/3419 3421/3421/3421 3422/3422/3422
f 3423/3423/3423 3419/3419/3419 3422/3422/3422
f 3426/3426/3426 3425/3425/3425 3424/3424/3424
f 3427/3427/3427 3425/3425/3425 3426/3426/3426
f 3428/3428/3428 3427/3427/3427 3426/3426/3426
f 3429/3429/3429 3427/3427/3427 3428/3428/3428
f 3430/3430/3430 3429/3429/3429 3428/3428/3428
f 3431/3431/3431 3429/3429/3429 3430/3430/3430
f 3432/3432/3432 3431/3431/3431 3430/3430/3430
f 3433/3433/3433 3431/3431/3431 3432/3432/3432
f 3434/3434/3434 3433/3433/3433 3432/3432/3432
f 3435/3435/3435 3434/3434/3434 3432/3432/3432
f 3436/3436/3436 3434/3434/3434 3435/3435/3435
f 3436/3436/3436 3435/3435/3435 3437/3437/3437
f 3437/3437/3437 3435/3435/3435 3438/3438/3438
f 3438/3438/3438 3435/3435/3435 3439/3439/3439
f 3435/3435/3435 3440/3440/3440 3439/3439/3439
f 3439/3439/3439 3440/3440/3440 3441/3441/3441
f 3440/3440/3440 3442/3442/3442 3441/3441/3441
f 3442/3442/3442 3443/3443/3443 3441/3441/3441
f 3441/3441/3441 3443/3443/3443 3444/3444/3444
f 3443/3443/3443 3445/3445/3445 3444/3444/3444
f 3444/3444/3444 3445/3445/3445 3446/3446/3446
f 3444/3444/3444 3446/3446/3446 3447/3447/3447
f 3446/3446/3446 3448/3448/3448 3447/3447/3447
f 3447/3447/3447 3448/3448/3448 3449/3449/3449
f 3449/3449/3449 3448/3448/3448 3450/3450/3450
f 3448/3448/3448 3451/3451/3451 3450/3450/3450
f 3450/3450/3450 3451/3451/3451 3452/3452/3452
f 3451/3451/3451 3453/3453/3453 3452/3452/3452
f 3452/3452/3452 3453/3453/3453 3454/3454/3454
f 3453/3453/3453 3455/3455/3455 3454/3454/3454
f 3454/3454/3454 3455/3455/3455 3456/3456/3456
f 3456/3456/3456 3455/3455/3455 3457/3457/3457
f 3455/3455/3455 3458/3458/3458 3457/3457/3457
f 3457/3457/3457 3458/3458/3458 3459/3459/3459
f 3458/3458/3458 3460/3460/3460 3459/3459/3459
f 3463/3463/3463 3462/3462/3462 3461/3461/3461
f 3464/3464/3464 3462/3462/3462 3463/3463/3463
f 3464/3464/3464 3465/3465/3465 3462/3462/3462
f 3462/3462/3462 3465/3465/3465 3466/3466/3466
f 3464/3464/3464 3463/3463/3463 3467/3467/3467
f 3467/3467/3467 3463/3463/3463 3468/3468/3468
f 3463/3463/3463 3469/3469/3469 3468/3468/3468
f 3468/3468/3468 3469/3469/3469 3470/3470/3470
f 3470/3470/3470 3469/3469/3469 3471/3471/3471
f 3469/3469/3469 3472/3472/3472 3471/3471/3471
f 3472/3472/3472 3473/3473/3473 3471/3471/3471
f 3471/3471/3471 3473/3473/3473 3474/3474/3474
f 3473/3473/3473 3475/3475/3475 3474/3474/3474
f 3474/3474/3474 3475/3475/3475 3476/3476/3476
f 3475/3475/3475 3477/3477/3477 3476/3476/3476
f 3476/3476/3476 3477/3477/3477 3478/3478/3478
f 3477/3477/3477 3479/3479/3479 3478/3478/3478
f 3478/3478/3478 3479/3479/3479 3480/3480/3480
f 3479/3479/3479 3481/3481/3481 3480/3480/3480
f 3481/3481/3481 3482/3482/3482 3480/3480/3480
f 3480/3480/3480 3482/3482/3482 3483/3483/3483
f 3482/3482/3482 3484/3484/3484 3483/3483/3483
f 3485/3485/3485 3483/3483/3483 3484/3484/3484
f 3485/3485/3485 3486/3486/3486 3483/3483/3483
f 3487/3487/3487 3486/3486/3486 3485/3485/3485
f 3488/3488/3488 3486/3486/3486 3487/3487/3487
f 3486/3486/3486 3488/3488/3488 3489/3489/3489
f 3490/3490/3490 3486/3486/3486 3489/3489/3489
f 3490/3490/3490 3489/3489/3489 3491/3491/3491
f 3489/3489/3489 3492/3492/3492 3491/3491/3491
f 3491/3491/3491 3492/3492/3492 3493/3493/3493
f 3492/3492/3492 3494/3494/3494 3493/3493/3493
f 3493/3493/3493 3494/3494/3494 3495/3495/3495
f 3494/3494/3494 3496/3496/3496 3495/3495/3495
f 3495/3495/3495 3496/3496/3496 3497/3497/3497
f 3496/3496/3496 3498/3498/3498 3497/3497/3497
f 3498/3498/3498 3499/3499/3499 3497/3497/3497
f 3497/3497/3497 3499/3499/3499 3500/3500/3500
f 3501/3501/3501 3500/3500/3500 3499/3499/3499
f 3502/3502/3502 3501/3501/3501 3499/3499/3499
f 3502/3502/3502 3503/3503/3503 3501/3501/3501
f 3504/3504/3504 3503/3503/3503 3502/3502/3502
f 3505/3505/3505 3501/3501/3501 3503/3503/3503
f 3506/3506/3506 3505/3505/3505 3503/3503/3503
f 3509/3509/3509 3508/3508/3508 3507/3507/3507
f 3510/3510/3510 3508/3508/3508 3509/3509/3509
f 3508/3508/3508 3510/3510/3510 3511/3511/3511
f 3508/3508/3508 3511/3511/3511 3512/3512/3512
f 3512/3512/3512 3511/3511/3511 3513/3513/3513
f 3512/3512/3512 3513/3513/3513 3514/3514/3514
f 3514/3514/3514 3513/3513/3513 3515/3515/3515
f 3514/3514/3514 3515/3515/3515 3516/3516/3516
f 3516/3516/3516 3515/3515/3515 3517/3517/3517
f 3517/3517/3517 3515/3515/3515 3518/3518/3518
f 3516/3516/3516 3517/3517/3517 3519/3519/3519
f 3520/3520/3520 3517/3517/3517 3518/3518/3518
f 3519/3519/3519 3517/3517/3517 3520/3520/3520
f 3519/3519/3519 3520/3520/3520 3521/3521/3521
f 3521/3521/3521 3520/3520/3520 3522/3522/3522
f 3523/3523/3523 3521/3521/3521 3522/3522/3522
f 3523/3523/3523 3524/3524/3524 3521/3521/3521
f 3525/3525/3525 3524/3524/3524 3523/3523/3523
f 3525/3525/3525 3526/3526/3526 3524/3524/3524
f 3527/3527/3527 3526/3526/3526 3525/3525/3525
f 3527/3527/3527 3528/3528/3528 3526/3526/3526
f 3529/3529/3529 3528/3528/3528 3527/3527/3527
f 3530/3530/3530 3529/3529/3529 3527/3527/3527
f 3531/3531/3531 3529/3529/3529 3530/3530/3530
f 3532/3532/3532 3531/3531/3531 3530/3530/3530
f 3533/3533/3533 3531/3531/3531 3532/3532/3532
f 3534/3534/3534 3533/3533/3533 3532/3532/3532
f 3533/3533/3533 3534/3534/3534 3535/3535/3535
f 3535/3535/3535 3534/3534/3534 3536/3536/3536
f 3535/3535/3535 3536/3536/3536 3537/3537/3537
f 3537/3537/3537 3536/3536/3536 3538/3538/3538
f 3537/3537/3537 3538/3538/3538 3539/3539/3539
f 3539/3539/3539 3538/3538/3538 3540/3540/3540
f 3539/3539/3539 3540/3540/3540 3541/3541/3541
f 3541/3541/3541 3540/3540/3540 3542/3542/3542
f 3541/3541/3541 3542/3542/3542 3543/3543/3543
f 3543/3543/3543 3542/3542/3542 3544/3544/3544
f 3544/3544/3544 3545/3545/3545 3543/3543/3543
f 3545/3545/3545 3546/3546/3546 3543/3543/3543
f 3549/3549/3549 3548/3548/3548 3547/3547/3547
f 3550/3550/3550 3549/3549/3549 3547/3547/3547
f 3551/3551/3551 3550/3550/3550 3547/3547/3547
f 3551/3551/3551 3547/3547/3547 3552/3552/3552
f 3553/3553/3553 3551/3551/3551 3552/3552/3552
f 3552/3552/3552 3547/3547/3547 3554/3554/3554
f 3547/3547/3547 3555/3555/3555 3554/3554/3554
f 3554/3554/3554 3555/3555/3555 3556/3556/3556
f 3555/3555/3555 3557/3557/3557 3556/3556/3556
f 3560/3560/3560 3559/3559/3559 3558/3558/3558
f 3561/3561/3561 3560/3560/3560 3558/3558/3558
f 3561/3561/3561 3558/3558/3558 3562/3562/3562
f 3561/3561/3561 3562/3562/3562 3563/3563/3563
f 3564/3564/3564 3561/3561/3561 3563/3563/3563
f 3565/3565/3565 3561/3561/3561 3564/3564/3564
f 3565/3565/3565 3564/3564/3564 3566/3566/3566
f 3565/3565/3565 3567/3567/3567 3561/3561/3561
f 3568/3568/3568 3567/3567/3567 3565/3565/3565
f 3568/3568/3568 3569/3569/3569 3567/3567/3567
f 3570/3570/3570 3569/3569/3569 3568/3568/3568
f 3573/3573/3573 3572/3572/3572 3571/3571/3571
f 3573/3573/3573 3571/3571/3571 3574/3574/3574
f 3571/3571/3571 3575/3575/3575 3574/3574/3574
f 3578/3578/3578 3577/3577/3577 3576/3576/3576
f 3577/3577/3577 3579/3579/3579 3576/3576/3576
f 3582/3582/3582 3581/3581/3581 3580/3580/3580
f 3583/3583/3583 3581/3581/3581 3582/3582/3582
f 3583/3583/3583 3584/3584/3584 3581/3581/3581
f 3584/3584/3584 3585/3585/3585 3581/3581/3581
f 3586/3586/3586 3583/3583/3583 3582/3582/3582
f 3586/3586/3586 3582/3582/3582 3587/3587/3587
f 3588/3588/3588 3586/3586/3586 3587/3587/3587
f 3589/3589/3589 3586/3586/3586 3588/3588/3588
f 3592/3592/3592 3591/3591/3591 3590/3590/3590
f 3590/3590/3590 3591/3591/3591 3593/3593/3593
f 3590/3590/3590 3593/3593/3593 3594/3594/3594
f 3594/3594/3594 3593/3593/3593 3595/3595/3595
f 3595/3595/3595 3593/3593/3593 3596/3596/3596
f 3595/3595/3595 3596/3596/3596 3597/3597/3597
f 3595/3595/3595 3597/3597/3597 3598/3598/3598
f 3598/3598/3598 3597/3597/3597 3599/3599/3599
f 3598/3598/3598 3599/3599/3599 3600/3600/3600
f 3598/3598/3598 3600/3600/3600 3601/3601/3601
f 3601/3601/3601 3600/3600/3600 3602/3602/3602
f 3602/3602/3602 3600/3600/3600 3603/3603/3603
f 3602/3602/3602 3603/3603/3603 3604/3604/3604
f 3607/3607/3607 3606/3606/3606 3605/3605/3605
f 3606/3606/3606 3608/3608/3608 3605/3605/3605
f 3605/3605/3605 3608/3608/3608 3609/3609/3609
f 3608/3608/3608 3610/3610/3610 3609/3609/3609
f 3609/3609/3609 3610/3610/3610 3611/3611/3611
f 3610/3610/3610 3612/3612/3612 3611/3611/3611
f 3611/3611/3611 3612/3612/3612 3613/3613/3613
f 3611/3611/3611 3613/3613/3613 3614/3614/3614
f 3614/3614/3614 3613/3613/3613 3615/3615/3615
f 3614/3614/3614 3615/3615/3615 3616/3616/3616
f 3619/3619/3619 3618/3618/3618 3617/3617/3617
f 3620/3620/3620 3618/3618/3618 3619/3619/3619
f 3623/3623/3623 3622/3622/3622 3621/3621/3621
f 3623/3623/3623 3624/3624/3624 3622/3622/3622
f 3627/3627/3627 3626/3626/3626 3625/3625/3625
f 3628/3628/3628 3626/3626/3626 3627/3627/3627
f 3631/3631/3631 3630/3630/3630 3629/3629/3629
f 3629/3629/3629 3632/3632/3632 3631/3631/3631
f 3633/3633/3633 3632/3632/3632 3629/3629/3629
f 3634/3634/3634 3632/3632/3632 3633/3633/3633
f 3635/3635/3635 3634/3634/3634 3633/3633/3633
f 3636/3636/3636 3634/3634/3634 3635/3635/3635
f 3637/3637/3637 3636/3636/3636 3635/3635/3635
f 3638/3638/3638 3636/3636/3636 3637/3637/3637
f 3639/3639/3639 3638/3638/3638 3637/3637/3637
f 3640/3640/3640 3638/3638/3638 3639/3639/3639
f 3641/3641/3641 3640/3640/3640 3639/3639/3639
f 3642/3642/3642 3640/3640/3640 3641/3641/3641
f 3643/3643/3643 3642/3642/3642 3641/3641/3641
f 3644/3644/3644 3642/3642/3642 3643/3643/3643
f 3645/3645/3645 3642/3642/3642 3644/3644/3644
f 3648/3648/3648 3647/3647/3647 3646/3646/3646
f 3648/3648/3648 3649/3649/3649 3647/3647/3647
f 3651/3651/3651 3647/3647/3647 3650/3650/3650
f 3650/3650/3650 3652/3652/3652 3651/3651/3651
f 3652/3652/3652 3653/3653/3653 3651/3651/3651
f 3654/3654/3654 3653/3653/3653 3652/3652/3652
f 3654/3654/3654 3655/3655/3655 3653/3653/3653
f 3656/3656/3656 3655/3655/3655 3654/3654/3654
f 3657/3657/3657 3656/3656/3656 3654/3654/3654
f 3658/3658/3658 3656/3656/3656 3657/3657/3657
f 3659/3659/3659 3658/3658/3658 3657/3657/3657
f 3660/3660/3660 3658/3658/3658 3659/3659/3659
f 3661/3661/3661 3660/3660/3660 3659/3659/3659
f 3662/3662/3662 3660/3660/3660 3661/3661/3661
f 3663/3663/3663 3662/3662/3662 3661/3661/3661
f 3664/3664/3664 3662/3662/3662 3663/3663/3663
f 3664/3664/3664 3665/3665/3665 3662/3662/3662
f 3666/3666/3666 3665/3665/3665 3664/3664/3664
f 3667/3667/3667 3666/3666/3666 3664/3664/3664
f 3668/3668/3668 3666/3666/3666 3667/3667/3667
f 3668/3668/3668 3669/3669/3669 3666/3666/3666
f 3670/3670/3670 3669/3669/3669 3668/3668/3668
f 3671/3671/3671 3670/3670/3670 3668/3668/3668
f 3671/3671/3671 3672/3672/3672 3670/3670/3670
f 3673/3673/3673 3672/3672/3672 3671/3671/3671
f 3676/3676/3676 3675/3675/3675 3674/3674/3674
f 3676/3676/3676 3677/3677/3677 3675/3675/3675
f 3680/3680/3680 3679/3679/3679 3678/3678/3678
f 3678/3678/3678 3679/3679/3679 3681/3681/3681
f 3682/3682/3682 3678/3678/3678 3681/3681/3681
f 3683/3683/3683 3682/3682/3682 3681/3681/3681
f 3684/3684/3684 3682/3682/3682 3683/3683/3683
f 3685/3685/3685 3684/3684/3684 3683/3683/3683
f 3686/3686/3686 3684/3684/3684 3685/3685/3685
f 3687/3687/3687 3686/3686/3686 3685/3685/3685
f 3688/3688/3688 3686/3686/3686 3687/3687/3687
f 3689/3689/3689 3688/3688/3688 3687/3687/3687
f 3690/3690/3690 3688/3688/3688 3689/3689/3689
f 3691/3691/3691 3690/3690/3690 3689/3689/3689
f 3692/3692/3692 3690/3690/3690 3691/3691/3691
f 3693/3693/3693 3692/3692/3692 3691/3691/3691
f 3694/3694/3694 3692/3692/3692 3693/3693/3693
f 3695/3695/3695 3694/3694/3694 3693/3693/3693
f 3696/3696/3696 3694/3694/3694 3695/3695/3695
f 3697/3697/3697 3696/3696/3696 3695/3695/3695
f 3697/3697/3697 3698/3698/3698 3696/3696/3696
f 3699/3699/3699 3698/3698/3698 3697/3697/3697
f 3700/3700/3700 3698/3698/3698 3699/3699/3699
f 3700/3700/3700 3701/3701/3701 3698/3698/3698
f 3701/3701/3701 3700/3700/3700 3702/3702/3702
f 3703/3703/3703 3701/3701/3701 3702/3702/3702
f 3706/3706/3706 3705/3705/3705 3704/3704/3704
f 3707/3707/3707 3706/3706/3706 3704/3704/3704
f 3710/3710/3710 3709/3709/3709 3708/3708/3708
f 3711/3711/3711 3709/3709/3709 3710/3710/3710
f 3712/3712/3712 3711/3711/3711 3710/3710/3710
f 3713/3713/3713 3711/3711/3711 3712/3712/3712
f 3714/3714/3714 3713/3713/3713 3712/3712/3712
f 3712/3712/3712 3715/3715/3715 3714/3714/3714
f 3718/3718/3718 3717/3717/3717 3716/3716/3716
f 3716/3716/3716 3719/3719/3719 3718/3718/3718
f 3718/3718/3718 3719/3719/3719 3720/3720/3720
f 3719/3719/3719 3721/3721/3721 3720/3720/3720
f 3720/3720/3720 3721/3721/3721 3722/3722/3722
f 3721/3721/3721 3723/3723/3723 3722/3722/3722
f 3726/3726/3726 3725/3725/3725 3724/3724/3724
f 3726/3726/3726 3724/3724/3724 3727/3727/3727
f 3730/3730/3730 3729/3729/3729 3728/3728/3728
f 3731/3731/3731 3729/3729/3729 3730/3730/3730
f 3734/3734/3734 3733/3733/3733 3732/3732/3732
f 3735/3735/3735 3734/3734/3734 3732/3732/3732
f 3736/3736/3736 3735/3735/3735 3732/3732/3732
f 3736/3736/3736 3732/3732/3732 3737/3737/3737
f 3738/3738/3738 3736/3736/3736 3737/3737/3737
f 3738/3738/3738 3739/3739/3739 3736/3736/3736
f 3738/3738/3738 3740/3740/3740 3739/3739/3739
f 3741/3741/3741 3739/3739/3739 3740/3740/3740
f 3741/3741/3741 3742/3742/3742 3739/3739/3739
f 3743/3743/3743 3742/3742/3742 3741/3741/3741
f 3743/3743/3743 3744/3744/3744 3742/3742/3742
f 3745/3745/3745 3744/3744/3744 3743/3743/3743
f 3745/3745/3745 3746/3746/3746 3744/3744/3744
f 3747/3747/3747 3746/3746/3746 3745/3745/3745
f 3748/3748/3748 3747/3747/3747 3745/3745/3745
f 3749/3749/3749 3747/3747/3747 3748/3748/3748
f 3750/3750/3750 3749/3749/3749 3748/3748/3748
f 3750/3750/3750 3751/3751/3751 3749/3749/3749
f 3752/3752/3752 3751/3751/3751 3750/3750/3750
f 3753/3753/3753 3738/3738/3738 3737/3737/3737
f 3753/3753/3753 3737/3737/3737 3754/3754/3754
f 3755/3755/3755 3753/3753/3753 3754/3754/3754
f 3754/3754/3754 3737/3737/3737 3756/3756/3756
f 3737/3737/3737 3757/3757/3757 3756/3756/3756
f 3758/3758/3758 3754/3754/3754 3756/3756/3756
f 3759/3759/3759 3755/3755/3755 3754/3754/3754
f 3760/3760/3760 3755/3755/3755 3759/3759/3759
f 3761/3761/3761 3760/3760/3760 3759/3759/3759
f 3761/3761/3761 3762/3762/3762 3760/3760/3760
f 3763/3763/3763 3762/3762/3762 3761/3761/3761
f 3763/3763/3763 3764/3764/3764 3762/3762/3762
f 3765/3765/3765 3764/3764/3764 3763/3763/3763
f 3765/3765/3765 3766/3766/3766 3764/3764/3764
f 3769/3769/3769 3768/3768/3768 3767/3767/3767
f 3768/3768/3768 3770/3770/3770 3767/3767/3767
f 3773/3773/3773 3772/3772/3772 3771/3771/3771
f 3771/3771/3771 3772/3772/3772 3774/3774/3774
f 3771/3771/3771 3774/3774/3774 3775/3775/3775
f 3771/3771/3771 3775/3775/3775 3776/3776/3776
f 3771/3771/3771 3776/3776/3776 3777/3777/3777
f 3777/3777/3777 3776/3776/3776 3778/3778/3778
f 3778/3778/3778 3776/3776/3776 3779/3779/3779
f 3779/3779/3779 3776/3776/3776 3780/3780/3780
f 3779/3779/3779 3780/3780/3780 3781/3781/3781
f 3782/3782/3782 3779/3779/3779 3781/3781/3781
f 3782/3782/3782 3781/3781/3781 3783/3783/3783
f 3783/3783/3783 3781/3781/3781 3784/3784/3784
f 3783/3783/3783 3784/3784/3784 3785/3785/3785
f 3788/3788/3788 3787/3787/3787 3786/3786/3786
f 3786/3786/3786 3787/3787/3787 3789/3789/3789
f 3787/3787/3787 3790/3790/3790 3789/3789/3789
f 3790/3790/3790 3791/3791/3791 3789/3789/3789
f 3789/3789/3789 3791/3791/3791 3792/3792/3792
f 3791/3791/3791 3793/3793/3793 3792/3792/3792
f 3796/3796/3796 3795/3795/3795 3794/3794/3794
f 3795/3795/3795 3797/3797/3797 3794/3794/3794
f 3800/3800/3800 3799/3799/3799 3798/3798/3798
f 3801/3801/3801 3799/3799/3799 3800/3800/3800
f 3801/3801/3801 3802/3802/3802 3799/3799/3799
f 3803/3803/3803 3802/3802/3802 3801/3801/3801
f 3804/3804/3804 3802/3802/3802 3803/3803/3803
f 3805/3805/3805 3804/3804/3804 3803/3803/3803
f 3804/3804/3804 3806/3806/3806 3802/3802/3802
f 3804/3804/3804 3807/3807/3807 3806/3806/3806
f 3807/3807/3807 3808/3808/3808 3806/3806/3806
f 3808/3808/3808 3809/3809/3809 3806/3806/3806
f 3810/3810/3810 3809/3809/3809 3808/3808/3808
f 3810/3810/3810 3811/3811/3811 3809/3809/3809
f 3812/3812/3812 3811/3811/3811 3810/3810/3810
f 3813/3813/3813 3811/3811/3811 3812/3812/3812
f 3816/3816/3816 3815/3815/3815 3814/3814/3814
f 3816/3816/3816 3817/3817/3817 3815/3815/3815
f 3817/3817/3817 3818/3818/3818 3815/3815/3815
f 3819/3819/3819 3817/3817/3817 3816/3816/3816
f 3820/3820/3820 3817/3817/3817 3819/3819/3819
f 3821/3821/3821 3817/3817/3817 3820/3820/3820
f 3821/3821/3821 3822/3822/3822 3817/3817/3817
f 3823/3823/3823 3822/3822/3822 3821/3821/3821
f 3824/3824/3824 3822/3822/3822 3823/3823/3823
f 3825/3825/3825 3822/3822/3822 3824/3824/3824
f 3825/3825/3825 3826/3826/3826 3822/3822/3822
f 3825/3825/3825 3827/3827/3827 3826/3826/3826
f 3828/3828/3828 3827/3827/3827 3825/3825/3825
f 3828/3828/3828 3829/3829/3829 3827/3827/3827
f 3828/3828/3828 3825/3825/3825 3830/3830/3830
f 3831/3831/3831 3828/3828/3828 3830/3830/3830
f 3832/3832/3832 3828/3828/3828 3831/3831/3831
f 3830/3830/3830 3825/3825/3825 3833/3833/3833
f 3834/3834/3834 3833/3833/3833 3825/3825/3825
f 3835/3835/3835 3833/3833/3833 3834/3834/3834
f 3836/3836/3836 3835/3835/3835 3834/3834/3834
f 3837/3837/3837 3835/3835/3835 3836/3836/3836
f 3838/3838/3838 3835/3835/3835 3837/3837/3837
f 3839/3839/3839 3838/3838/3838 3837/3837/3837
f 3840/3840/3840 3838/3838/3838 3839/3839/3839
f 3841/3841/3841 3840/3840/3840 3839/3839/3839
f 3842/3842/3842 3840/3840/3840 3841/3841/3841
f 3843/3843/3843 3842/3842/3842 3841/3841/3841
f 3846/3846/3846 3845/3845/3845 3844/3844/3844
f 3845/3845/3845 3847/3847/3847 3844/3844/3844
f 3848/3848/3848 3844/3844/3844 3847/3847/3847
f 3848/3848/3848 3849/3849/3849 3844/3844/3844
f 3848/3848/3848 3850/3850/3850 3849/3849/3849
f 3853/3853/3853 3852/3852/3852 3851/3851/3851
f 3852/3852/3852 3854/3854/3854 3851/3851/3851
f 3854/3854/3854 3855/3855/3855 3851/3851/3851
f 3851/3851/3851 3855/3855/3855 3856/3856/3856
f 3855/3855/3855 3857/3857/3857 3856/3856/3856
f 3856/3856/3856 3857/3857/3857 3858/3858/3858
f 3858/3858/3858 3857/3857/3857 3859/3859/3859
f 3862/3862/3862 3861/3861/3861 3860/3860/3860
f 3863/3863/3863 3862/3862/3862 3860/3860/3860
f 3863/3863/3863 3860/3860/3860 3864/3864/3864
f 3864/3864/3864 3860/3860/3860 3865/3865/3865
f 3864/3864/3864 3865/3865/3865 3866/3866/3866
f 3866/3866/3866 3865/3865/3865 3867/3867/3867
f 3866/3866/3866 3867/3867/3867 3868/3868/3868
f 3866/3866/3866 3868/3868/3868 3869/3869/3869
f 3872/3872/3872 3871/3871/3871 3870/3870/3870
f 3872/3872/3872 3870/3870/3870 3873/3873/3873
f 3873/3873/3873 3870/3870/3870 3874/3874/3874
f 3873/3873/3873 3874/3874/3874 3875/3875/3875
f 3878/3878/3878 3877/3877/3877 3876/3876/3876
f 3877/3877/3877 3879/3879/3879 3876/3876/3876
f 3876/3876/3876 3879/3879/3879 3880/3880/3880
f 3879/3879/3879 3881/3881/3881 3880/3880/3880
f 3879/3879/3879 3882/3882/3882 3881/3881/3881
f 3881/3881/3881 3882/3882/3882 3883/3883/3883
f 3879/3879/3879 3884/3884/3884 3882/3882/3882
f 3879/3879/3879 3885/3885/3885 3884/3884/3884
f 3886/3886/3886 3885/3885/3885 3879/3879/3879
f 3886/3886/3886 3887/3887/3887 3885/3885/3885
f 3888/3888/3888 3887/3887/3887 3886/3886/3886
f 3889/3889/3889 3887/3887/3887 3888/3888/3888
f 3890/3890/3890 3887/3887/3887 3889/3889/3889
f 3891/3891/3891 3890/3890/3890 3889/3889/3889
f 3892/3892/3892 3890/3890/3890 3891/3891/3891
f 3893/3893/3893 3892/3892/3892 3891/3891/3891
f 3893/3893/3893 3894/3894/3894 3892/3892/3892
f 3893/3893/3893 3895/3895/3895 3894/3894/3894
f 3898/3898/3898 3897/3897/3897 3896/3896/3896
f 3898/3898/3898 3896/3896/3896 3899/3899/3899
f 3900/3900/3900 3898/3898/3898 3899/3899/3899
f 3900/3900/3900 3899/3899/3899 3901/3901/3901
f 3902/3902/3902 3900/3900/3900 3901/3901/3901
f 3903/3903/3903 3902/3902/3902 3901/3901/3901
f 3903/3903/3903 3901/3901/3901 3904/3904/3904
f 3907/3907/3907 3906/3906/3906 3905/3905/3905
f 3906/3906/3906 3908/3908/3908 3905/3905/3905
f 3908/3908/3908 3909/3909/3909 3905/3905/3905
f 3909/3909/3909 3910/3910/3910 3905/3905/3905
f 3909/3909/3909 3911/3911/3911 3910/3910/3910
f 3909/3909/3909 3912/3912/3912 3911/3911/3911
f 3911/3911/3911 3913/3913/3913 3910/3910/3910
f 3913/3913/3913 3914/3914/3914 3910/3910/3910
f 3917/3917/3917 3916/3916/3916 3915/3915/3915
f 3917/3917/3917 3915/3915/3915 3918/3918/3918
f 3918/3918/3918 3915/3915/3915 3919/3919/3919
f 3918/3918/3918 3919/3919/3919 3920/3920/3920
f 3920/3920/3920 3919/3919/3919 3921/3921/3921
f 3920/3920/3920 3921/3921/3921 3922/3922/3922
f 3925/3925/3925 3924/3924/3924 3923/3923/3923
f 3925/3925/3925 3923/3923/3923 3926/3926/3926
f 3926/3926/3926 3923/3923/3923 3927/3927/3927
f 3927/3927/3927 3923/3923/3923 3928/3928/3928
f 3927/3927/3927 3928/3928/3928 3929/3929/3929
f 3929/3929/3929 3928/3928/3928 3930/3930/3930
f 3933/3933/3933 3932/3932/3932 3931/3931/3931
f 3932/3932/3932 3934/3934/3934 3931/3931/3931
f 3934/3934/3934 3935/3935/3935 3931/3931/3931
f 3938/3938/3938 3937/3937/3937 3936/3936/3936
f 3939/3939/3939 3938/3938/3938 3936/3936/3936
f 3939/3939/3939 3940/3940/3940 3938/3938/3938
f 3941/3941/3941 3940/3940/3940 3939/3939/3939
f 3941/3941/3941 3942/3942/3942 3940/3940/3940
f 3939/3939/3939 3936/3936/3936 3943/3943/3943
f 3943/3943/3943 3936/3936/3936 3944/3944/3944
f 3943/3943/3943 3944/3944/3944 3945/3945/3945
f 3948/3948/3948 3947/3947/3947 3946/3946/3946
f 3947/3947/3947 3948/3948/3948 3949/3949/3949
f 3949/3949/3949 3948/3948/3948 3950/3950/3950
f 3949/3949/3949 3950/3950/3950 3951/3951/3951
f 3951/3951/3951 3950/3950/3950 3952/3952/3952
f 3951/3951/3951 3952/3952/3952 3953/3953/3953
f 3953/3953/3953 3952/3952/3952 3954/3954/3954
f 3953/3953/3953 3954/3954/3954 3955/3955/3955
f 3955/3955/3955 3954/3954/3954 3956/3956/3956
f 3957/3957/3957 3955/3955/3955 3956/3956/3956
f 3958/3958/3958 3955/3955/3955 3957/3957/3957
f 3959/3959/3959 3958/3958/3958 3957/3957/3957
f 3959/3959/3959 3960/3960/3960 3958/3958/3958
f 3961/3961/3961 3960/3960/3960 3959/3959/3959
f 3962/3962/3962 3961/3961/3961 3959/3959/3959
f 3965/3965/3965 3964/3964/3964 3963/3963/3963
f 3966/3966/3966 3965/3965/3965 3963/3963/3963
f 3966/3966/3966 3963/3963/3963 3967/3967/3967
f 3963/3963/3963 3968/3968/3968 3967/3967/3967
f 3963/3963/3963 3969/3969/3969 3968/3968/3968
f 3969/3969/3969 3970/3970/3970 3968/3968/3968
f 3970/3970/3970 3971/3971/3971 3968/3968/3968
f 3971/3971/3971 3972/3972/3972 3968/3968/3968
f 3968/3968/3968 3972/3972/3972 3973/3973/3973
f 3968/3968/3968 3973/3973/3973 3974/3974/3974
f 3968/3968/3968 3974/3974/3974 3975/3975/3975
f 3968/3968/3968 3975/3975/3975 3976/3976/3976
f 3968/3968/3968 3976/3976/3976 3977/3977/3977
f 3968/3968/3968 3977/3977/3977 3978/3978/3978
f 3981/3981/3981 3980/3980/3980 3979/3979/3979
f 3981/3981/3981 3979/3979/3979 3982/3982/3982
f 3982/3982/3982 3979/3979/3979 3983/3983/3983
f 3982/3982/3982 3983/3983/3983 3984/3984/3984
f 3984/3984/3984 3983/3983/3983 3985/3985/3985
f 3983/3983/3983 3986/3986/3986 3985/3985/3985
f 3986/3986/3986 1291/1291/1291 3985/3985/3985
f 1291/1291/1291 1288/1288/1288 3985/3985/3985
f 3989/3989/3989 3988/3988/3988 3987/3987/3987
f 3989/3989/3989 3987/3987/3987 3990/3990/3990
f 3990/3990/3990 3987/3987/3987 3991/3991/3991
f 3990/3990/3990 3991/3991/3991 3992/3992/3992
f 3991/3991/3991 3993/3993/3993 3992/3992/3992
f 3992/3992/3992 3993/3993/3993 3994/3994/3994
f 3993/3993/3993 3995/3995/3995 3994/3994/3994
f 3994/3994/3994 3995/3995/3995 3996/3996/3996
f 3995/3995/3995 3997/3997/3997 3996/3996/3996
f 3996/3996/3996 3997/3997/3997 3998/3998/3998
f 3997/3997/3997 3999/3999/3999 3998/3998/3998
f 4002/4002/4002 4001/4001/4001 4000/4000/4000
f 4003/4003/4003 4001/4001/4001 4002/4002/4002
f 4006/4006/4006 4005/4005/4005 4004/4004/4004
f 4005/4005/4005 4007/4007/4007 4004/4004/4004
f 4005/4005/4005 4008/4008/4008 4007/4007/4007
f 4005/4005/4005 4009/4009/4009 4008/4008/4008
f 4005/4005/4005 4010/4010/4010 4009/4009/4009
f 4005/4005/4005 4011/4011/4011 4010/4010/4010
f 4005/4005/4005 4012/4012/4012 4011/4011/4011
f 4005/4005/4005 4013/4013/4013 4012/4012/4012
f 4014/4014/4014 4013/4013/4013 4005/4005/4005
f 4014/4014/4014 4015/4015/4015 4013/4013/4013
f 4014/4014/4014 4016/4016/4016 4015/4015/4015
f 4017/4017/4017 4016/4016/4016 4014/4014/4014
f 4017/4017/4017 4018/4018/4018 4016/4016/4016
f 4019/4019/4019 4018/4018/4018 4017/4017/4017
f 4019/4019/4019 4020/4020/4020 4018/4018/4018
f 4020/4020/4020 4019/4019/4019 4021/4021/4021
f 4019/4019/4019 4022/4022/4022 4021/4021/4021
f 4021/4021/4021 4022/4022/4022 4023/4023/4023
f 4022/4022/4022 4024/4024/4024 4023/4023/4023
f 4023/4023/4023 4024/4024/4024 4025/4025/4025
f 4024/4024/4024 4026/4026/4026 4025/4025/4025
f 4025/4025/4025 4026/4026/4026 4027/4027/4027
f 4026/4026/4026 4028/4028/4028 4027/4027/4027
f 4027/4027/4027 4028/4028/4028 4029/4029/4029
f 4028/4028/4028 4030/4030/4030 4029/4029/4029
f 4029/4029/4029 4030/4030/4030 4031/4031/4031
f 4030/4030/4030 4032/4032/4032 4031/4031/4031
f 4032/4032/4032 4033/4033/4033 4031/4031/4031
f 4033/4033/4033 4034/4034/4034 4031/4031/4031
f 4031/4031/4031 4034/4034/4034 4035/4035/4035
f 4031/4031/4031 4035/4035/4035 4036/4036/4036
f 4036/4036/4036 4038/4038/4038 4037/4037/4037
f 4038/4038/4038 4039/4039/4039 4037/4037/4037
f 4040/4040/4040 4037/4037/4037 4039/4039/4039
f 4041/4041/4041 4037/4037/4037 4040/4040/4040
f 4041/4041/4041 4042/4042/4042 4037/4037/4037
f 4037/4037/4037 4042/4042/4042 4043/4043/4043
f 4042/4042/4042 4044/4044/4044 4043/4043/4043
f 4043/4043/4043 4044/4044/4044 4045/4045/4045
f 4044/4044/4044 4046/4046/4046 4045/4045/4045
f 4045/4045/4045 4046/4046/4046 4047/4047/4047
f 4046/4046/4046 4048/4048/4048 4047/4047/4047
f 4047/4047/4047 4048/4048/4048 4049/4049/4049
f 4048/4048/4048 4050/4050/4050 4049/4049/4049
f 4049/4049/4049 4050/4050/4050 4051/4051/4051
f 4050/4050/4050 4052/4052/4052 4051/4051/4051
f 4051/4051/4051 4052/4052/4052 4053/4053/4053
f 4052/4052/4052 4054/4054/4054 4053/4053/4053
f 4054/4054/4054 4055/4055/4055 4053/4053/4053
f 4053/4053/4053 4055/4055/4055 4056/4056/4056
f 4056/4056/4056 4055/4055/4055 4057/4057/4057
f 4056/4056/4056 4057/4057/4057 4058/4058/4058
f 4059/4059/4059 4057/4057/4057 4055/4055/4055
f 4057/4057/4057 4059/4059/4059 4060/4060/4060
f 4062/4062/4062 4061/4061/4061 4060/4060/4060
f 4061/4061/4061 4063/4063/4063 4060/4060/4060
f 4063/4063/4063 4061/4061/4061 4064/4064/4064
f 4061/4061/4061 4065/4065/4065 4064/4064/4064
f 4064/4064/4064 4065/4065/4065 4066/4066/4066
f 4065/4065/4065 4067/4067/4067 4066/4066/4066
f 4066/4066/4066 4067/4067/4067 4068/4068/4068
f 4067/4067/4067 4069/4069/4069 4068/4068/4068
f 4068/4068/4068 4069/4069/4069 4070/4070/4070
f 4069/4069/4069 4071/4071/4071 4070/4070/4070
f 4070/4070/4070 4071/4071/4071 4072/4072/4072
f 4071/4071/4071 4073/4073/4073 4072/4072/4072
f 4072/4072/4072 4073/4073/4073 4074/4074/4074
f 4073/4073/4073 4075/4075/4075 4074/4074/4074
f 4074/4074/4074 4075/4075/4075 4076/4076/4076
f 4075/4075/4075 4077/4077/4077 4076/4076/4076
f 4076/4076/4076 4077/4077/4077 4078/4078/4078
f 4077/4077/4077 4079/4079/4079 4078/4078/4078
f 4078/4078/4078 4079/4079/4079 4080/4080/4080
f 4079/4079/4079 4081/4081/4081 4080/4080/4080
f 4081/4081/4081 4082/4082/4082 4080/4080/4080
f 4083/4083/4083 4082/4082/4082 4081/4081/4081
f 4083/4083/4083 4084/4084/4084 4082/4082/4082
f 4087/4087/4087 4086/4086/4086 4085/4085/4085
f 4087/4087/4087 4088/4088/4088 4086/4086/4086
f 4088/4088/4088 4089/4089/4089 4086/4086/4086
f 4090/4090/4090 4088/4088/4088 4087/4087/4087
f 4088/4088/4088 4091/4091/4091 4089/4089/4089
f 4090/4090/4090 4092/4092/4092 4088/4088/4088
f 4092/4092/4092 4093/4093/4093 4088/4088/4088
f 4088/4088/4088 4094/4094/4094 4091/4091/4091
f 4088/4088/4088 4095/4095/4095 4094/4094/4094
f 4088/4088/4088 4096/4096/4096 4095/4095/4095
f 4095/4095/4095 4097/4097/4097 4094/4094/4094
f 4097/4097/4097 4098/4098/4098 4094/4094/4094
f 4101/4101/4101 4100/4100/4100 4099/4099/4099
f 4100/4100/4100 4102/4102/4102 4099/4099/4099
f 4102/4102/4102 4103/4103/4103 4099/4099/4099
f 4099/4099/4099 4103/4103/4103 4104/4104/4104
f 4103/4103/4103 4105/4105/4105 4104/4104/4104
f 4104/4104/4104 4105/4105/4105 4106/4106/4106
f 4105/4105/4105 4107/4107/4107 4106/4106/4106
f 4106/4106/4106 4107/4107/4107 4108/4108/4108
f 4107/4107/4107 4109/4109/4109 4108/4108/4108
f 4108/4108/4108 4109/4109/4109 4110/4110/4110
f 4109/4109/4109 4111/4111/4111 4110/4110/4110
f 4111/4111/4111 4112/4112/4112 4110/4110/4110
f 4110/4110/4110 4112/4112/4112 4113/4113/4113
f 4112/4112/4112 4114/4114/4114 4113/4113/4113
f 4112/4112/4112 4115/4115/4115 4114/4114/4114
f 4115/4115/4115 4116/4116/4116 4114/4114/4114
f 4119/4119/4119 4118/4118/4118 4117/4117/4117
f 4119/4119/4119 4120/4120/4120 4118/4118/4118
f 4119/4119/4119 4121/4121/4121 4120/4120/4120
f 4119/4119/4119 4122/4122/4122 4121/4121/4121
f 4122/4122/4122 4123/4123/4123 4121/4121/4121
f 4124/4124/4124 4122/4122/4122 4119/4119/4119
f 4122/4122/4122 4125/4125/4125 4123/4123/4123
f 4122/4122/4122 4126/4126/4126 4125/4125/4125
f 4127/4127/4127 4122/4122/4122 4124/4124/4124
f 4128/4128/4128 4122/4122/4122 4127/4127/4127
f 4129/4129/4129 4122/4122/4122 4128/4128/4128
f 4130/4130/4130 4122/4122/4122 4129/4129/4129
f 4130/4130/4130 4131/4131/4131 4122/4122/4122
f 4131/4131/4131 4132/4132/4132 4122/4122/4122
f 4132/4132/4132 4133/4133/4133 4122/4122/4122
f 4136/4136/4136 4135/4135/4135 4134/4134/4134
f 4136/4136/4136 4137/4137/4137 4135/4135/4135
f 4137/4137/4137 4138/4138/4138 4135/4135/4135
f 4138/4138/4138 4139/4139/4139 4135/4135/4135
f 4135/4135/4135 4139/4139/4139 4140/4140/4140
f 4139/4139/4139 4141/4141/4141 4140/4140/4140
f 4141/4141/4141 4142/4142/4142 4140/4140/4140
f 4142/4142/4142 4143/4143/4143 4140/4140/4140
f 4143/4143/4143 4144/4144/4144 4140/4140/4140
f 4140/4140/4140 4144/4144/4144 4145/4145/4145
f 4148/4148/4148 4147/4147/4147 4146/4146/4146
f 4146/4146/4146 4147/4147/4147 4149/4149/4149
f 4149/4149/4149 4147/4147/4147 4150/4150/4150
f 4147/4147/4147 4151/4151/4151 4150/4150/4150
f 4151/4151/4151 4152/4152/4152 4150/4150/4150
f 4150/4150/4150 4152/4152/4152 4153/4153/4153
f 4154/4154/4154 4153/4153/4153 4152/4152/4152
f 4155/4155/4155 4154/4154/4154 4152/4152/4152
f 4156/4156/4156 4154/4154/4154 4155/4155/4155
f 4157/4157/4157 4156/4156/4156 4155/4155/4155
f 4158/4158/4158 4156/4156/4156 4157/4157/4157
f 4159/4159/4159 4158/4158/4158 4157/4157/4157
f 4160/4160/4160 4158/4158/4158 4159/4159/4159
f 4161/4161/4161 4160/4160/4160 4159/4159/4159
f 4162/4162/4162 4160/4160/4160 4161/4161/4161
f 4163/4163/4163 4162/4162/4162 4161/4161/4161
f 4162/4162/4162 4163/4163/4163 4164/4164/4164
f 4163/4163/4163 4165/4165/4165 4164/4164/4164
f 4164/4164/4164 4165/4165/4165 1306/1306/1306
f 4165/4165/4165 4166/4166/4166 1306/1306/1306
f 4166/4166/4166 1303/1303/1303 1306/1306/1306
f 4167/4167/4167 1303/1303/1303 4166/4166/4166
f 4167/4167/4167 4168/4168/4168 1303/1303/1303
f 4166/4166/4166 4169/4169/4169 4167/4167/4167
f 4170/4170/4170 4168/4168/4168 4167/4167/4167
f 4171/4171/4171 4169/4169/4169 4166/4166/4166
f 4170/4170/4170 4172/4172/4172 4168/4168/4168
f 4171/4171/4171 4173/4173/4173 4169/4169/4169
f 4174/4174/4174 4172/4172/4172 4170/4170/4170
f 4175/4175/4175 4173/4173/4173 4171/4171/4171
f 4174/4174/4174 4176/4176/4176 4172/4172/4172
f 4175/4175/4175 4177/4177/4177 4173/4173/4173
f 4177/4177/4177 4176/4176/4176 4174/4174/4174
f 4178/4178/4178 4177/4177/4177 4175/4175/4175
f 4177/4177/4177 4179/4179/4179 4176/4176/4176
f 4179/4179/4179 4177/4177/4177 4178/4178/4178
f 4182/4182/4182 4181/4181/4181 4180/4180/4180
f 4180/4180/4180 4181/4181/4181 4183/4183/4183
f 4183/4183/4183 4181/4181/4181 4184/4184/4184
f 4181/4181/4181 537/537/537 4184/4184/4184
f 4184/4184/4184 537/537/537 539/539/539
f 4185/4185/4185 539/539/539 535/535/535
f 4186/4186/4186 4185/4185/4185 535/535/535
f 4187/4187/4187 4186/4186/4186 535/535/535
f 4188/4188/4188 4187/4187/4187 535/535/535
f 4189/4189/4189 4188/4188/4188 535/535/535
f 4190/4190/4190 4188/4188/4188 4189/4189/4189
f 4191/4191/4191 4189/4189/4189 535/535/535
f 4192/4192/4192 4191/4191/4191 535/535/535
f 4195/4195/4195 4194/4194/4194 4193/4193/4193
f 4196/4196/4196 4194/4194/4194 4195/4195/4195
f 4196/4196/4196 4195/4195/4195 4197/4197/4197
f 4195/4195/4195 4198/4198/4198 4197/4197/4197
f 4197/4197/4197 4198/4198/4198 4199/4199/4199
f 4198/4198/4198 4200/4200/4200 4199/4199/4199
f 4199/4199/4199 4200/4200/4200 4201/4201/4201
f 4200/4200/4200 4202/4202/4202 4201/4201/4201
f 4201/4201/4201 4202/4202/4202 4203/4203/4203
f 4202/4202/4202 4204/4204/4204 4203/4203/4203
f 4204/4204/4204 4205/4205/4205 4203/4203/4203
f 4203/4203/4203 4205/4205/4205 4206/4206/4206
f 4205/4205/4205 4207/4207/4207 4206/4206/4206
f 4206/4206/4206 4207/4207/4207 4208/4208/4208
f 4207/4207/4207 4209/4209/4209 4208/4208/4208
f 4208/4208/4208 4209/4209/4209 4210/4210/4210
f 4210/4210/4210 4209/4209/4209 4211/4211/4211
f 4209/4209/4209 4212/4212/4212 4211/4211/4211
f 4211/4211/4211 4212/4212/4212 4213/4213/4213
f 4212/4212/4212 4214/4214/4214 4213/4213/4213
f 4215/4215/4215 4213/4213/4213 4214/4214/4214
f 4216/4216/4216 4213/4213/4213 4215/4215/4215
f 4219/4219/4219 4218/4218/4218 4217/4217/4217
f 4219/4219/4219 4220/4220/4220 4218/4218/4218
f 4223/4223/4223 4222/4222/4222 4221/4221/4221
f 4223/4223/4223 4221/4221/4221 4224/4224/4224
f 4227/4227/4227 4226/4226/4226 4225/4225/4225
f 4227/4227/4227 4228/4228/4228 4226/4226/4226
f 4231/4231/4231 4230/4230/4230 4229/4229/4229
f 4232/4232/4232 4231/4231/4231 4229/4229/4229
f 4232/4232/4232 4229/4229/4229 4233/4233/4233
f 4234/4234/4234 4232/4232/4232 4233/4233/4233
f 4235/4235/4235 4234/4234/4234 4233/4233/4233
f 4236/4236/4236 4234/4234/4234 4235/4235/4235
f 4237/4237/4237 4234/4234/4234 4236/4236/4236
f 4238/4238/4238 4234/4234/4234 4237/4237/4237
f 4239/4239/4239 4235/4235/4235 4233/4233/4233
f 4240/4240/4240 4239/4239/4239 4233/4233/4233
f 4241/4241/4241 4240/4240/4240 4233/4233/4233
f 4242/4242/4242 4241/4241/4241 4233/4233/4233
f 4242/4242/4242 4233/4233/4233 4243/4243/4243
f 4244/4244/4244 4242/4242/4242 4243/4243/4243
f 4245/4245/4245 4244/4244/4244 4243/4243/4243
f 4246/4246/4246 4245/4245/4245 4243/4243/4243
f 4249/4249/4249 4248/4248/4248 4247/4247/4247
f 4248/4248/4248 4249/4249/4249 4250/4250/4250
f 4251/4251/4251 4248/4248/4248 4250/4250/4250
f 4252/4252/4252 4250/4250/4250 4249/4249/4249
f 4253/4253/4253 4252/4252/4252 4249/4249/4249
f 4254/4254/4254 4252/4252/4252 4253/4253/4253
f 4255/4255/4255 4254/4254/4254 4253/4253/4253
f 4258/4258/4258 4257/4257/4257 4256/4256/4256
f 4257/4257/4257 4259/4259/4259 4256/4256/4256
f 4259/4259/4259 4260/4260/4260 4256/4256/4256
f 4260/4260/4260 4261/4261/4261 4256/4256/4256
f 4260/4260/4260 4262/4262/4262 4261/4261/4261
f 4260/4260/4260 4263/4263/4263 4262/4262/4262
f 4264/4264/4264 4260/4260/4260 4259/4259/4259
f 4264/4264/4264 4265/4265/4265 4260/4260/4260
f 4265/4265/4265 4266/4266/4266 4260/4260/4260
f 4267/4267/4267 4265/4265/4265 4264/4264/4264
f 4270/4270/4270 4269/4269/4269 4268/4268/4268
f 4271/4271/4271 4270/4270/4270 4268/4268/4268
f 4271/4271/4271 4272/4272/4272 4270/4270/4270
f 4270/4270/4270 4272/4272/4272 4273/4273/4273
f 4272/4272/4272 4274/4274/4274 4273/4273/4273
f 4273/4273/4273 4274/4274/4274 4275/4275/4275
f 4274/4274/4274 4276/4276/4276 4275/4275/4275
f 4275/4275/4275 4276/4276/4276 4277/4277/4277
f 4276/4276/4276 4278/4278/4278 4277/4277/4277
f 4277/4277/4277 4278/4278/4278 4279/4279/4279
f 4280/4280/4280 4279/4279/4279 4278/4278/4278
f 4281/4281/4281 4280/4280/4280 4278/4278/4278
f 4282/4282/4282 4280/4280/4280 4281/4281/4281
f 4283/4283/4283 4282/4282/4282 4281/4281/4281
f 4284/4284/4284 4282/4282/4282 4283/4283/4283
f 4285/4285/4285 4284/4284/4284 4283/4283/4283
f 4288/4288/4288 4287/4287/4287 4286/4286/4286
f 4287/4287/4287 4289/4289/4289 4286/4286/4286
f 4289/4289/4289 4290/4290/4290 4286/4286/4286
f 4289/4289/4289 4291/4291/4291 4290/4290/4290
f 4290/4290/4290 4292/4292/4292 4286/4286/4286
f 4292/4292/4292 4293/4293/4293 4286/4286/4286
f 4292/4292/4292 4294/4294/4294 4293/4293/4293
f 4294/4294/4294 4295/4295/4295 4293/4293/4293
f 4294/4294/4294 4296/4296/4296 4295/4295/4295
f 4296/4296/4296 4297/4297/4297 4295/4295/4295
f 4296/4296/4296 4298/4298/4298 4297/4297/4297
f 4298/4298/4298 4299/4299/4299 4297/4297/4297
f 4299/4299/4299 4300/4300/4300 4297/4297/4297
f 4300/4300/4300 4301/4301/4301 4297/4297/4297
f 4301/4301/4301 4302/4302/4302 4297/4297/4297
f 4297/4297/4297 4302/4302/4302 4303/4303/4303
f 4303/4303/4303 4302/4302/4302 4304/4304/4304
f 4302/4302/4302 4305/4305/4305 4304/4304/4304
f 4304/4304/4304 4305/4305/4305 4306/4306/4306
f 4305/4305/4305 4307/4307/4307 4306/4306/4306
f 4307/4307/4307 4308/4308/4308 4306/4306/4306
f 4306/4306/4306 4308/4308/4308 4309/4309/4309
f 4308/4308/4308 4310/4310/4310 4309/4309/4309
f 4309/4309/4309 4310/4310/4310 4311/4311/4311
f 4310/4310/4310 4312/4312/4312 4311/4311/4311
f 4311/4311/4311 4312/4312/4312 4313/4313/4313
f 4314/4314/4314 4313/4313/4313 4312/4312/4312
f 4314/4314/4314 4315/4315/4315 4313/4313/4313
f 4316/4316/4316 4315/4315/4315 4314/4314/4314
f 4316/4316/4316 4317/4317/4317 4315/4315/4315
f 4318/4318/4318 4317/4317/4317 4316/4316/4316
f 4318/4318/4318 4319/4319/4319 4317/4317/4317
f 4322/4322/4322 4321/4321/4321 4320/4320/4320
f 4321/4321/4321 4323/4323/4323 4320/4320/4320
f 4326/4326/4326 4325/4325/4325 4324/4324/4324
f 4327/4327/4327 4326/4326/4326 4324/4324/4324
f 4330/4330/4330 4329/4329/4329 4328/4328/4328
f 4331/4331/4331 4330/4330/4330 4328/4328/4328
f 4332/4332/4332 4330/4330/4330 4331/4331/4331
f 4333/4333/4333 4332/4332/4332 4331/4331/4331
f 4334/4334/4334 4332/4332/4332 4333/4333/4333
f 4335/4335/4335 4334/4334/4334 4333/4333/4333
f 4336/4336/4336 4334/4334/4334 4335/4335/4335
f 4337/4337/4337 4336/4336/4336 4335/4335/4335
f 4338/4338/4338 4336/4336/4336 4337/4337/4337
f 4339/4339/4339 4338/4338/4338 4337/4337/4337
f 4340/4340/4340 4338/4338/4338 4339/4339/4339
f 4341/4341/4341 4340/4340/4340 4339/4339/4339
f 4342/4342/4342 4340/4340/4340 4341/4341/4341
f 4343/4343/4343 4342/4342/4342 4341/4341/4341
f 1234/1234/1234 4342/4342/4342 4343/4343/4343
f 4344/4344/4344 1234/1234/1234 4343/4343/4343
f 1226/1226/1226 1234/1234/1234 4344/4344/4344
f 4346/4346/4346 4345/4345/4345 1226/1226/1226
f 4347/4347/4347 4345/4345/4345 4346/4346/4346
f 4348/4348/4348 4347/4347/4347 4346/4346/4346
f 4349/4349/4349 4348/4348/4348 4346/4346/4346
f 4349/4349/4349 4350/4350/4350 4348/4348/4348
f 4346/4346/4346 1226/1226/1226 4351/4351/4351
f 4352/4352/4352 4350/4350/4350 4349/4349/4349
f 4352/4352/4352 4353/4353/4353 4350/4350/4350
f 4352/4352/4352 4354/4354/4354 4353/4353/4353
f 1226/1226/1226 4355/4355/4355 4351/4351/4351
f 4351/4351/4351 4355/4355/4355 4356/4356/4356
f 4351/4351/4351 4356/4356/4356 4357/4357/4357
f 4351/4351/4351 4357/4357/4357 4358/4358/4358
f 4358/4358/4358 4357/4357/4357 4359/4359/4359
f 4360/4360/4360 4354/4354/4354 4352/4352/4352
f 4360/4360/4360 4361/4361/4361 4354/4354/4354
f 4360/4360/4360 1256/1256/1256 4361/4361/4361
f 4362/4362/4362 1256/1256/1256 4360/4360/4360
f 4363/4363/4363 1256/1256/1256 4362/4362/4362
f 4358/4358/4358 4359/4359/4359 4364/4364/4364
f 4359/4359/4359 4365/4365/4365 4364/4364/4364
f 4364/4364/4364 4365/4365/4365 4366/4366/4366
f 4367/4367/4367 4363/4363/4363 4362/4362/4362
f 4368/4368/4368 4363/4363/4363 4367/4367/4367
f 4369/4369/4369 4368/4368/4368 4367/4367/4367
f 4364/4364/4364 4366/4366/4366 4370/4370/4370
f 4370/4370/4370 4366/4366/4366 4371/4371/4371
f 4370/4370/4370 4371/4371/4371 4372/4372/4372
f 4370/4370/4370 4372/4372/4372 4373/4373/4373
f 4374/4374/4374 4369/4369/4369 4367/4367/4367
f 4375/4375/4375 4369/4369/4369 4374/4374/4374
f 4376/4376/4376 4375/4375/4375 4374/4374/4374
f 4377/4377/4377 4376/4376/4376 4374/4374/4374
f 4378/4378/4378 4376/4376/4376 4377/4377/4377
f 4372/4372/4372 4379/4379/4379 4373/4373/4373
f 4380/4380/4380 4378/4378/4378 4377/4377/4377
f 4379/4379/4379 4381/4381/4381 4373/4373/4373
f 4382/4382/4382 4378/4378/4378 4380/4380/4380
f 4383/4383/4383 4382/4382/4382 4380/4380/4380
f 4164/4164/4164 4383/4383/4383 4380/4380/4380
f 4381/4381/4381 4384/4384/4384 4373/4373/4373
f 4385/4385/4385 4164/4164/4164 4380/4380/4380
f 4384/4384/4384 4386/4386/4386 4373/4373/4373
f 4386/4386/4386 4387/4387/4387 4373/4373/4373
f 4387/4387/4387 4388/4388/4388 4373/4373/4373
f 4373/4373/4373 4388/4388/4388 4389/4389/4389
f 4388/4388/4388 4390/4390/4390 4389/4389/4389
f 4391/4391/4391 4164/4164/4164 4385/4385/4385
f 4392/4392/4392 4391/4391/4391 4385/4385/4385
f 4393/4393/4393 4392/4392/4392 4385/4385/4385
f 4394/4394/4394 4393/4393/4393 4385/4385/4385
f 4395/4395/4395 4393/4393/4393 4394/4394/4394
f 4389/4389/4389 4390/4390/4390 4396/4396/4396
f 4396/4396/4396 4395/4395/4395 4394/4394/4394
f 4390/4390/4390 4397/4397/4397 4396/4396/4396
f 4397/4397/4397 4395/4395/4395 4396/4396/4396
f 4400/4400/4400 4399/4399/4399 4398/4398/4398
f 4399/4399/4399 4401/4401/4401 4398/4398/4398
f 4398/4398/4398 4401/4401/4401 4402/4402/4402
f 4401/4401/4401 4403/4403/4403 4402/4402/4402
f 4402/4402/4402 4403/4403/4403 4404/4404/4404
f 4403/4403/4403 1239/1239/1239 4404/4404/4404
f 4404/4404/4404 1239/1239/1239 1235/1235/1235
f 4407/4407/4407 4406/4406/4406 4405/4405/4405
f 4407/4407/4407 4408/4408/4408 4406/4406/4406
f 4409/4409/4409 4408/4408/4408 4407/4407/4407
f 4412/4412/4412 4411/4411/4411 4410/4410/4410
f 4412/4412/4412 4410/4410/4410 4413/4413/4413
f 4413/4413/4413 4410/4410/4410 4414/4414/4414
f 4410/4410/4410 4415/4415/4415 4414/4414/4414
f 4415/4415/4415 4416/4416/4416 4414/4414/4414
f 4416/4416/4416 4417/4417/4417 4414/4414/4414
f 4416/4416/4416 4418/4418/4418 4417/4417/4417
f 4414/4414/4414 4417/4417/4417 4419/4419/4419
f 4417/4417/4417 4420/4420/4420 4419/4419/4419
f 4421/4421/4421 4420/4420/4420 4417/4417/4417
f 4421/4421/4421 4422/4422/4422 4420/4420/4420
f 4421/4421/4421 4423/4423/4423 4422/4422/4422
f 4424/4424/4424 4423/4423/4423 4421/4421/4421
f 4425/4425/4425 4423/4423/4423 4424/4424/4424
f 4425/4425/4425 4426/4426/4426 4423/4423/4423
f 4427/4427/4427 4426/4426/4426 4425/4425/4425
f 4428/4428/4428 4426/4426/4426 4427/4427/4427
f 4428/4428/4428 4429/4429/4429 4426/4426/4426
f 4428/4428/4428 4430/4430/4430 4429/4429/4429
f 4431/4431/4431 4430/4430/4430 4428/4428/4428
f 4431/4431/4431 4432/4432/4432 4430/4430/4430
f 4432/4432/4432 4431/4431/4431 4433/4433/4433
f 4433/4433/4433 4431/4431/4431 4434/4434/4434
f 4431/4431/4431 4435/4435/4435 4434/4434/4434
f 4431/4431/4431 4436/4436/4436 4435/4435/4435
f 4433/4433/4433 4434/4434/4434 4437/4437/4437
f 4438/4438/4438 4433/4433/4433 4437/4437/4437
f 4438/4438/4438 4437/4437/4437 4439/4439/4439
f 4439/4439/4439 4437/4437/4437 4440/4440/4440
f 4443/4443/4443 4442/4442/4442 4441/4441/4441
f 4441/4441/4441 4442/4442/4442 4444/4444/4444
f 4447/4447/4447 4446/4446/4446 4445/4445/4445
f 4447/4447/4447 4448/4448/4448 4446/4446/4446
f 4451/4451/4451 4450/4450/4450 4449/4449/4449
f 4449/4449/4449 4450/4450/4450 4452/4452/4452
f 4449/4449/4449 4452/4452/4452 4453/4453/4453
f 4452/4452/4452 4454/4454/4454 4453/4453/4453
f 4453/4453/4453 4454/4454/4454 4455/4455/4455
f 4454/4454/4454 4456/4456/4456 4455/4455/4455
f 4455/4455/4455 4456/4456/4456 4457/4457/4457
f 4455/4455/4455 4457/4457/4457 4458/4458/4458
f 4458/4458/4458 4457/4457/4457 4459/4459/4459
f 4458/4458/4458 4459/4459/4459 4460/4460/4460
f 4460/4460/4460 4459/4459/4459 4461/4461/4461
f 4460/4460/4460 4461/4461/4461 4462/4462/4462
f 4465/4465/4465 4464/4464/4464 4463/4463/4463
f 4464/4464/4464 4466/4466/4466 4463/4463/4463
f 4463/4463/4463 4466/4466/4466 4467/4467/4467
f 4466/4466/4466 4468/4468/4468 4467/4467/4467
f 4467/4467/4467 4468/4468/4468 4469/4469/4469
f 4468/4468/4468 4470/4470/4470 4469/4469/4469
f 4469/4469/4469 4470/4470/4470 4471/4471/4471
f 4469/4469/4469 4471/4471/4471 4472/4472/4472
f 4472/4472/4472 4471/4471/4471 4473/4473/4473
f 4472/4472/4472 4473/4473/4473 4474/4474/4474
f 4474/4474/4474 4473/4473/4473 4475/4475/4475
f 4474/4474/4474 4475/4475/4475 4476/4476/4476
f 4479/4479/4479 4478/4478/4478 4477/4477/4477
f 4480/4480/4480 4478/4478/4478 4479/4479/4479
f 4481/4481/4481 4480/4480/4480 4479/4479/4479
f 4482/4482/4482 4481/4481/4481 4479/4479/4479
f 4483/4483/4483 4481/4481/4481 4482/4482/4482
f 4483/4483/4483 4482/4482/4482 4484/4484/4484
f 4487/4487/4487 4486/4486/4486 4485/4485/4485
f 4488/4488/4488 4486/4486/4486 4487/4487/4487
f 4489/4489/4489 4486/4486/4486 4488/4488/4488
f 4490/4490/4490 4489/4489/4489 4488/4488/4488
f 4491/4491/4491 4490/4490/4490 4488/4488/4488
f 4492/4492/4492 4490/4490/4490 4491/4491/4491
f 4495/4495/4495 4494/4494/4494 4493/4493/4493
f 4496/4496/4496 4494/4494/4494 4495/4495/4495
f 4499/4499/4499 4498/4498/4498 4497/4497/4497
f 4499/4499/4499 4497/4497/4497 4500/4500/4500
f 4499/4499/4499 4500/4500/4500 4501/4501/4501
f 4502/4502/4502 4499/4499/4499 4501/4501/4501
f 4503/4503/4503 4499/4499/4499 4502/4502/4502
f 4504/4504/4504 4499/4499/4499 4503/4503/4503
f 4505/4505/4505 4499/4499/4499 4504/4504/4504
f 4506/4506/4506 4499/4499/4499 4505/4505/4505
f 4507/4507/4507 4499/4499/4499 4506/4506/4506
f 4508/4508/4508 4499/4499/4499 4507/4507/4507
f 4508/4508/4508 4507/4507/4507 4509/4509/4509
f 4507/4507/4507 4510/4510/4510 4509/4509/4509
f 4509/4509/4509 4510/4510/4510 4511/4511/4511
f 4512/4512/4512 4509/4509/4509 4511/4511/4511
f 4513/4513/4513 4512/4512/4512 4511/4511/4511
f 4516/4516/4516 4515/4515/4515 4514/4514/4514
f 4516/4516/4516 4514/4514/4514 4517/4517/4517
f 4517/4517/4517 4514/4514/4514 4518/4518/4518
f 4517/4517/4517 4518/4518/4518 4519/4519/4519
f 4519/4519/4519 4518/4518/4518 4520/4520/4520
f 4519/4519/4519 4520/4520/4520 4521/4521/4521
f 4521/4521/4521 4520/4520/4520 4522/4522/4522
f 4518/4518/4518 4523/4523/4523 4520/4520/4520
f 4520/4520/4520 4523/4523/4523 4524/4524/4524
f 4523/4523/4523 4525/4525/4525 4524/4524/4524
f 4524/4524/4524 4525/4525/4525 4526/4526/4526
f 4525/4525/4525 4527/4527/4527 4526/4526/4526
f 4526/4526/4526 4527/4527/4527 4528/4528/4528
f 4527/4527/4527 4529/4529/4529 4528/4528/4528
f 4532/4532/4532 4531/4531/4531 4530/4530/4530
f 4530/4530/4530 4531/4531/4531 4533/4533/4533
f 4530/4530/4530 4533/4533/4533 4534/4534/4534
f 4530/4530/4530 4534/4534/4534 4535/4535/4535
f 4535/4535/4535 4534/4534/4534 4536/4536/4536
f 4535/4535/4535 4536/4536/4536 4537/4537/4537
f 4536/4536/4536 4538/4538/4538 4537/4537/4537
f 4536/4536/4536 4539/4539/4539 4538/4538/4538
f 4536/4536/4536 4540/4540/4540 4539/4539/4539
f 4543/4543/4543 4542/4542/4542 4541/4541/4541
f 4542/4542/4542 4544/4544/4544 4541/4541/4541
f 4541/4541/4541 4544/4544/4544 4545/4545/4545
f 4544/4544/4544 4546/4546/4546 4545/4545/4545
f 4549/4549/4549 4548/4548/4548 4547/4547/4547
f 4549/4549/4549 4547/4547/4547 4550/4550/4550
f 4553/4553/4553 4552/4552/4552 4551/4551/4551
f 4553/4553/4553 4554/4554/4554 4552/4552/4552
f 4554/4554/4554 4555/4555/4555 4552/4552/4552
f 4558/4558/4558 4557/4557/4557 4556/4556/4556
f 4558/4558/4558 4556/4556/4556 4559/4559/4559
f 4559/4559/4559 4556/4556/4556 4560/4560/4560
f 4559/4559/4559 4560/4560/4560 4561/4561/4561
f 4561/4561/4561 4560/4560/4560 4562/4562/4562
f 4561/4561/4561 4562/4562/4562 4563/4563/4563
f 4564/4564/4564 4563/4563/4563 4562/4562/4562
f 4565/4565/4565 4563/4563/4563 4564/4564/4564
f 4566/4566/4566 4565/4565/4565 4564/4564/4564
f 4567/4567/4567 4565/4565/4565 4566/4566/4566
f 4568/4568/4568 4567/4567/4567 4566/4566/4566
f 4569/4569/4569 4567/4567/4567 4568/4568/4568
f 4570/4570/4570 4569/4569/4569 4568/4568/4568
f 4571/4571/4571 4570/4570/4570 4568/4568/4568
f 4572/4572/4572 4570/4570/4570 4571/4571/4571
f 4573/4573/4573 4572/4572/4572 4571/4571/4571
f 4574/4574/4574 4572/4572/4572 4573/4573/4573
f 4575/4575/4575 4574/4574/4574 4573/4573/4573
f 4574/4574/4574 4575/4575/4575 4576/4576/4576
f 4576/4576/4576 4575/4575/4575 4577/4577/4577
f 4576/4576/4576 4577/4577/4577 4578/4578/4578
f 4578/4578/4578 4577/4577/4577 4579/4579/4579
f 4578/4578/4578 4579/4579/4579 4580/4580/4580
f 4580/4580/4580 4579/4579/4579 4581/4581/4581
f 4584/4584/4584 4583/4583/4583 4582/4582/4582
f 4583/4583/4583 4585/4585/4585 4582/4582/4582
f 4588/4588/4588 4587/4587/4587 4586/4586/4586
f 4588/4588/4588 4589/4589/4589 4587/4587/4587
f 4588/4588/4588 4590/4590/4590 4589/4589/4589
f 4588/4588/4588 4591/4591/4591 4590/4590/4590
f 4588/4588/4588 4592/4592/4592 4591/4591/4591
f 4589/4589/4589 4590/4590/4590 4593/4593/4593
f 4594/4594/4594 4589/4589/4589 4593/4593/4593
f 4593/4593/4593 4590/4590/4590 4595/4595/4595
f 4590/4590/4590 4591/4591/4591 4595/4595/4595
f 4596/4596/4596 4589/4589/4589 4594/4594/4594
f 4597/4597/4597 4596/4596/4596 4594/4594/4594
f 4598/4598/4598 4596/4596/4596 4597/4597/4597
f 4595/4595/4595 4591/4591/4591 4599/4599/4599
f 4591/4591/4591 4592/4592/4592 4599/4599/4599
f 4599/4599/4599 4592/4592/4592 4600/4600/4600
f 4592/4592/4592 4601/4601/4601 4600/4600/4600
f 4602/4602/4602 4600/4600/4600 4601/4601/4601
f 4602/4602/4602 4603/4603/4603 4600/4600/4600
f 4604/4604/4604 4603/4603/4603 4602/4602/4602
f 4604/4604/4604 4605/4605/4605 4603/4603/4603
f 4606/4606/4606 4605/4605/4605 4604/4604/4604
f 4606/4606/4606 4607/4607/4607 4605/4605/4605
f 4608/4608/4608 4607/4607/4607 4606/4606/4606
f 4609/4609/4609 4608/4608/4608 4606/4606/4606
f 4610/4610/4610 4608/4608/4608 4609/4609/4609
f 4611/4611/4611 4610/4610/4610 4609/4609/4609
f 4612/4612/4612 4610/4610/4610 4611/4611/4611
f 4613/4613/4613 4612/4612/4612 4611/4611/4611
f 4612/4612/4612 4613/4613/4613 4614/4614/4614
f 4613/4613/4613 4615/4615/4615 4614/4614/4614
f 4614/4614/4614 4615/4615/4615 4616/4616/4616
f 4615/4615/4615 4617/4617/4617 4616/4616/4616
f 4616/4616/4616 4617/4617/4617 4618/4618/4618
f 4617/4617/4617 4619/4619/4619 4618/4618/4618
f 4618/4618/4618 4619/4619/4619 4620/4620/4620
f 4619/4619/4619 4621/4621/4621 4620/4620/4620
f 4620/4620/4620 4621/4621/4621 4622/4622/4622
f 4621/4621/4621 4623/4623/4623 4622/4622/4622
f 4626/4626/4626 4625/4625/4625 4624/4624/4624
f 4627/4627/4627 4625/4625/4625 4626/4626/4626
f 4628/4628/4628 4627/4627/4627 4626/4626/4626
f 4629/4629/4629 4627/4627/4627 4628/4628/4628
f 4630/4630/4630 4629/4629/4629 4628/4628/4628
f 4631/4631/4631 4629/4629/4629 4630/4630/4630
f 4632/4632/4632 4631/4631/4631 4630/4630/4630
f 4633/4633/4633 4631/4631/4631 4632/4632/4632
f 4634/4634/4634 4633/4633/4633 4632/4632/4632
f 4635/4635/4635 4634/4634/4634 4632/4632/4632
f 4636/4636/4636 4634/4634/4634 4635/4635/4635
f 4636/4636/4636 4635/4635/4635 4637/4637/4637
f 4637/4637/4637 4635/4635/4635 4638/4638/4638
f 4638/4638/4638 4635/4635/4635 4639/4639/4639
f 4639/4639/4639 4635/4635/4635 4640/4640/4640
f 4639/4639/4639 4640/4640/4640 4641/4641/4641
f 4640/4640/4640 4642/4642/4642 4641/4641/4641
f 4641/4641/4641 4642/4642/4642 4643/4643/4643
f 4641/4641/4641 4643/4643/4643 4644/4644/4644
f 4644/4644/4644 4643/4643/4643 4645/4645/4645
f 4644/4644/4644 4645/4645/4645 4646/4646/4646
f 4644/4644/4644 4646/4646/4646 4647/4647/4647
f 4647/4647/4647 4646/4646/4646 4648/4648/4648
f 4647/4647/4647 4648/4648/4648 4649/4649/4649
f 4649/4649/4649 4648/4648/4648 4650/4650/4650
f 4650/4650/4650 4648/4648/4648 4651/4651/4651
f 4651/4651/4651 4648/4648/4648 4652/4652/4652
f 4648/4648/4648 4653/4653/4653 4652/4652/4652
f 4652/4652/4652 4653/4653/4653 4654/4654/4654
f 4653/4653/4653 4655/4655/4655 4654/4654/4654
f 4654/4654/4654 4655/4655/4655 4656/4656/4656
f 4655/4655/4655 4657/4657/4657 4656/4656/4656
f 4656/4656/4656 4657/4657/4657 4658/4658/4658
f 4658/4658/4658 4657/4657/4657 4659/4659/4659
f 4657/4657/4657 4660/4660/4660 4659/4659/4659
f 4659/4659/4659 4660/4660/4660 4661/4661/4661
f 4660/4660/4660 4662/4662/4662 4661/4661/4661
f 4665/4665/4665 4664/4664/4664 4663/4663/4663
f 4663/4663/4663 4664/4664/4664 4666/4666/4666
f 4666/4666/4666 4664/4664/4664 4667/4667/4667
f 4668/4668/4668 4667/4667/4667 4664/4664/4664
f 4669/4669/4669 4668/4668/4668 4664/4664/4664
f 4669/4669/4669 4664/4664/4664 4670/4670/4670
f 4671/4671/4671 4669/4669/4669 4670/4670/4670
f 4670/4670/4670 4664/4664/4664 4672/4672/4672
f 4670/4670/4670 4672/4672/4672 4673/4673/4673
f 4673/4673/4673 4672/4672/4672 4674/4674/4674
f 4673/4673/4673 4674/4674/4674 4675/4675/4675
f 4678/4678/4678 4677/4677/4677 4676/4676/4676
f 4677/4677/4677 4679/4679/4679 4676/4676/4676
f 4676/4676/4676 4679/4679/4679 4680/4680/4680
f 4679/4679/4679 4681/4681/4681 4680/4680/4680
f 4680/4680/4680 4681/4681/4681 4682/4682/4682
f 4680/4680/4680 4682/4682/4682 4683/4683/4683
f 4686/4686/4686 4685/4685/4685 4684/4684/4684
f 4687/4687/4687 4686/4686/4686 4684/4684/4684
f 4687/4687/4687 4688/4688/4688 4686/4686/4686
f 4691/4691/4691 4690/4690/4690 4689/4689/4689
f 4692/4692/4692 4691/4691/4691 4689/4689/4689
f 4694/4694/4694 4693/4693/4693 4691/4691/4691
f 4693/4693/4693 4694/4694/4694 4695/4695/4695
f 4695/4695/4695 4694/4694/4694 4696/4696/4696
f 4695/4695/4695 4696/4696/4696 4697/4697/4697
f 4696/4696/4696 4698/4698/4698 4697/4697/4697
f 4697/4697/4697 4698/4698/4698 4699/4699/4699
f 4697/4697/4697 4699/4699/4699 4700/4700/4700
f 4700/4700/4700 4699/4699/4699 4701/4701/4701
f 4700/4700/4700 4701/4701/4701 4702/4702/4702
f 4702/4702/4702 4701/4701/4701 4703/4703/4703
f 4702/4702/4702 4703/4703/4703 4704/4704/4704
f 4704/4704/4704 4703/4703/4703 4705/4705/4705
f 4704/4704/4704 4705/4705/4705 4706/4706/4706
f 4706/4706/4706 4705/4705/4705 4707/4707/4707
f 4706/4706/4706 4707/4707/4707 4708/4708/4708
f 4708/4708/4708 4707/4707/4707 4709/4709/4709
f 4708/4708/4708 4709/4709/4709 4710/4710/4710
f 4710/4710/4710 4709/4709/4709 4711/4711/4711
f 4710/4710/4710 4711/4711/4711 4712/4712/4712
f 4712/4712/4712 4711/4711/4711 4713/4713/4713
f 4712/4712/4712 4713/4713/4713 4714/4714/4714
f 4714/4714/4714 4713/4713/4713 4715/4715/4715
f 4716/4716/4716 4714/4714/4714 4715/4715/4715
f 4715/4715/4715 4717/4717/4717 4716/4716/4716
f 4719/4719/4719 4717/4717/4717 4718/4718/4718
f 4719/4719/4719 4720/4720/4720 4717/4717/4717
f 4723/4723/4723 4722/4722/4722 4721/4721/4721
f 4723/4723/4723 4724/4724/4724 4722/4722/4722
f 4723/4723/4723 4725/4725/4725 4724/4724/4724
f 4728/4728/4728 4727/4727/4727 4726/4726/4726
f 4726/4726/4726 4727/4727/4727 4729/4729/4729
f 4730/4730/4730 4726/4726/4726 4729/4729/4729
f 4731/4731/4731 4730/4730/4730 4729/4729/4729
f 4732/4732/4732 4730/4730/4730 4731/4731/4731
f 4733/4733/4733 4732/4732/4732 4731/4731/4731
f 4734/4734/4734 4732/4732/4732 4733/4733/4733
f 4735/4735/4735 4734/4734/4734 4733/4733/4733
f 4736/4736/4736 4734/4734/4734 4735/4735/4735
f 4737/4737/4737 4736/4736/4736 4735/4735/4735
f 4738/4738/4738 4736/4736/4736 4737/4737/4737
f 4739/4739/4739 4738/4738/4738 4737/4737/4737
f 4740/4740/4740 4738/4738/4738 4739/4739/4739
f 4741/4741/4741 4740/4740/4740 4739/4739/4739
f 4742/4742/4742 4740/4740/4740 4741/4741/4741
f 4743/4743/4743 4742/4742/4742 4741/4741/4741
f 4744/4744/4744 4742/4742/4742 4743/4743/4743
f 4745/4745/4745 4744/4744/4744 4743/4743/4743
f 4745/4745/4745 4746/4746/4746 4744/4744/4744
f 4747/4747/4747 4746/4746/4746 4745/4745/4745
f 4748/4748/4748 4746/4746/4746 4747/4747/4747
f 4748/4748/4748 4749/4749/4749 4746/4746/4746
f 4749/4749/4749 4748/4748/4748 4750/4750/4750
f 4749/4749/4749 4750/4750/4750 4751/4751/4751
f 4754/4754/4754 4753/4753/4753 4752/4752/4752
f 4753/4753/4753 4755/4755/4755 4752/4752/4752
f 4755/4755/4755 4756/4756/4756 4752/4752/4752
f 4752/4752/4752 4756/4756/4756 4757/4757/4757
f 4756/4756/4756 4758/4758/4758 4757/4757/4757
f 4757/4757/4757 4758/4758/4758 4759/4759/4759
f 4762/4762/4762 4761/4761/4761 4760/4760/4760
f 4762/4762/4762 4763/4763/4763 4761/4761/4761
f 4764/4764/4764 4763/4763/4763 4762/4762/4762
f 4765/4765/4765 4764/4764/4764 4762/4762/4762
f 4766/4766/4766 4765/4765/4765 4762/4762/4762
f 4767/4767/4767 4765/4765/4765 4766/4766/4766
f 4768/4768/4768 4767/4767/4767 4766/4766/4766
f 4769/4769/4769 4768/4768/4768 4766/4766/4766
f 4772/4772/4772 4771/4771/4771 4770/4770/4770
f 4773/4773/4773 4771/4771/4771 4772/4772/4772
f 4774/4774/4774 4773/4773/4773 4772/4772/4772
f 4777/4777/4777 4776/4776/4776 4775/4775/4775
f 4775/4775/4775 4776/4776/4776 4778/4778/4778
f 4779/4779/4779 4775/4775/4775 4778/4778/4778
f 4780/4780/4780 4779/4779/4779 4778/4778/4778
f 4781/4781/4781 4779/4779/4779 4780/4780/4780
f 4782/4782/4782 4781/4781/4781 4780/4780/4780
f 4783/4783/4783 4781/4781/4781 4782/4782/4782
f 4784/4784/4784 4783/4783/4783 4782/4782/4782
f 4785/4785/4785 4783/4783/4783 4784/4784/4784
f 4786/4786/4786 4785/4785/4785 4784/4784/4784
f 4787/4787/4787 4785/4785/4785 4786/4786/4786
f 4788/4788/4788 4787/4787/4787 4786/4786/4786
f 4789/4789/4789 4787/4787/4787 4788/4788/4788
f 4790/4790/4790 4789/4789/4789 4788/4788/4788
f 4791/4791/4791 4789/4789/4789 4790/4790/4790
f 4792/4792/4792 4791/4791/4791 4790/4790/4790
f 4793/4793/4793 4791/4791/4791 4792/4792/4792
f 4794/4794/4794 4793/4793/4793 4792/4792/4792
f 4794/4794/4794 4795/4795/4795 4793/4793/4793
f 4796/4796/4796 4795/4795/4795 4794/4794/4794
f 4797/4797/4797 4795/4795/4795 4796/4796/4796
f 4797/4797/4797 4798/4798/4798 4795/4795/4795
f 4798/4798/4798 4797/4797/4797 4799/4799/4799
f 4798/4798/4798 4799/4799/4799 4800/4800/4800
f 4803/4803/4803 4802/4802/4802 4801/4801/4801
f 4803/4803/4803 4801/4801/4801 4804/4804/4804
f 4804/4804/4804 4801/4801/4801 4805/4805/4805
f 4805/4805/4805 4806/4806/4806 4804/4804/4804
f 4806/4806/4806 4807/4807/4807 4804/4804/4804
f 4808/4808/4808 4807/4807/4807 4806/4806/4806
f 4808/4808/4808 4809/4809/4809 4807/4807/4807
f 4810/4810/4810 4809/4809/4809 4808/4808/4808
f 4810/4810/4810 4811/4811/4811 4809/4809/4809
f 4812/4812/4812 4811/4811/4811 4810/4810/4810
f 4813/4813/4813 4812/4812/4812 4810/4810/4810
f 4814/4814/4814 4812/4812/4812 4813/4813/4813
f 4815/4815/4815 4814/4814/4814 4813/4813/4813
f 4816/4816/4816 4814/4814/4814 4815/4815/4815
f 4816/4816/4816 4817/4817/4817 4814/4814/4814
f 4818/4818/4818 4817/4817/4817 4816/4816/4816
f 4818/4818/4818 4819/4819/4819 4817/4817/4817
f 4820/4820/4820 4819/4819/4819 4818/4818/4818
f 4820/4820/4820 4821/4821/4821 4819/4819/4819
f 4822/4822/4822 4821/4821/4821 4820/4820/4820
f 4823/4823/4823 4822/4822/4822 4820/4820/4820
f 4824/4824/4824 4822/4822/4822 4823/4823/4823
f 4825/4825/4825 4824/4824/4824 4823/4823/4823
f 4825/4825/4825 4826/4826/4826 4824/4824/4824
f 4827/4827/4827 4826/4826/4826 4825/4825/4825
f 4826/4826/4826 4827/4827/4827 4828/4828/4828
f 4826/4826/4826 4828/4828/4828 4829/4829/4829
f 4828/4828/4828 4830/4830/4830 4829/4829/4829
f 4833/4833/4833 4832/4832/4832 4831/4831/4831
f 4831/4831/4831 4832/4832/4832 4834/4834/4834
f 4832/4832/4832 4835/4835/4835 4834/4834/4834
f 4834/4834/4834 4835/4835/4835 4836/4836/4836
f 4836/4836/4836 4835/4835/4835 4837/4837/4837
f 4835/4835/4835 4838/4838/4838 4837/4837/4837
f 4841/4841/4841 4840/4840/4840 4839/4839/4839
f 4840/4840/4840 4842/4842/4842 4839/4839/4839
f 4842/4842/4842 4843/4843/4843 4839/4839/4839
f 4843/4843/4843 4844/4844/4844 4839/4839/4839
f 4844/4844/4844 4845/4845/4845 4839/4839/4839
f 4845/4845/4845 4846/4846/4846 4839/4839/4839
f 4839/4839/4839 4846/4846/4846 4847/4847/4847
f 4846/4846/4846 4848/4848/4848 4847/4847/4847
f 4848/4848/4848 4849/4849/4849 4847/4847/4847
f 4849/4849/4849 4850/4850/4850 4847/4847/4847
f 4850/4850/4850 4851/4851/4851 4847/4847/4847
f 4847/4847/4847 4851/4851/4851 4852/4852/4852
f 4854/4854/4854 175/175/175 4853/4853/4853
f 178/178/178 4853/4853/4853 175/175/175
f 4855/4855/4855 4853/4853/4853 178/178/178
f 4856/4856/4856 4855/4855/4855 178/178/178
f 4859/4859/4859 4858/4858/4858 4857/4857/4857
f 4858/4858/4858 4860/4860/4860 4857/4857/4857
f 4857/4857/4857 4860/4860/4860 4861/4861/4861
f 4864/4864/4864 4863/4863/4863 4862/4862/4862
f 4865/4865/4865 4863/4863/4863 4864/4864/4864
f 4868/4868/4868 4867/4867/4867 4866/4866/4866
f 4868/4868/4868 4869/4869/4869 4867/4867/4867
f 4872/4872/4872 4871/4871/4871 4870/4870/4870
f 4872/4872/4872 4873/4873/4873 4871/4871/4871
f 4872/4872/4872 4874/4874/4874 4873/4873/4873
f 4872/4872/4872 4875/4875/4875 4874/4874/4874
f 4872/4872/4872 4876/4876/4876 4875/4875/4875
f 4872/4872/4872 4877/4877/4877 4876/4876/4876
f 4878/4878/4878 4877/4877/4877 4872/4872/4872
f 4878/4878/4878 4879/4879/4879 4877/4877/4877
f 4878/4878/4878 4880/4880/4880 4879/4879/4879
f 4878/4878/4878 4881/4881/4881 4880/4880/4880
f 4878/4878/4878 4882/4882/4882 4881/4881/4881
f 4883/4883/4883 4882/4882/4882 4878/4878/4878
f 4886/4886/4886 4885/4885/4885 4884/4884/4884
f 4887/4887/4887 4885/4885/4885 4886/4886/4886
f 4888/4888/4888 4887/4887/4887 4886/4886/4886
f 4889/4889/4889 4887/4887/4887 4888/4888/4888
f 4890/4890/4890 4889/4889/4889 4888/4888/4888
f 4891/4891/4891 4890/4890/4890 4888/4888/4888
f 4894/4894/4894 4893/4893/4893 4892/4892/4892
f 4892/4892/4892 4895/4895/4895 4894/4894/4894
f 4895/4895/4895 4896/4896/4896 4894/4894/4894
f 4894/4894/4894 4896/4896/4896 4897/4897/4897
f 4896/4896/4896 4898/4898/4898 4897/4897/4897
f 4897/4897/4897 4898/4898/4898 4899/4899/4899
f 4897/4897/4897 4899/4899/4899 4900/4900/4900
f 4903/4903/4903 4902/4902/4902 4901/4901/4901
f 4901/4901/4901 4902/4902/4902 4904/4904/4904
f 4901/4901/4901 4904/4904/4904 4905/4905/4905
f 4901/4901/4901 4905/4905/4905 4906/4906/4906
f 4901/4901/4901 4906/4906/4906 4907/4907/4907
f 4901/4901/4901 4907/4907/4907 4908/4908/4908
f 4908/4908/4908 4907/4907/4907 4909/4909/4909
f 4908/4908/4908 4909/4909/4909 4910/4910/4910
f 4908/4908/4908 4910/4910/4910 4911/4911/4911
f 4908/4908/4908 4911/4911/4911 4912/4912/4912
f 4908/4908/4908 4912/4912/4912 4913/4913/4913
f 4908/4908/4908 4913/4913/4913 4914/4914/4914
f 4917/4917/4917 4916/4916/4916 4915/4915/4915
f 4915/4915/4915 4916/4916/4916 4918/4918/4918
f 4918/4918/4918 4916/4916/4916 4919/4919/4919
f 4916/4916/4916 4920/4920/4920 4919/4919/4919
f 4919/4919/4919 4920/4920/4920 4921/4921/4921
f 4920/4920/4920 4922/4922/4922 4921/4921/4921
f 4925/4925/4925 4924/4924/4924 4923/4923/4923
f 4926/4926/4926 4925/4925/4925 4923/4923/4923
f 4927/4927/4927 4925/4925/4925 4926/4926/4926
f 4928/4928/4928 4925/4925/4925 4927/4927/4927
f 4929/4929/4929 4928/4928/4928 4927/4927/4927
f 4930/4930/4930 4928/4928/4928 4929/4929/4929
f 4933/4933/4933 4932/4932/4932 4931/4931/4931
f 4934/4934/4934 4933/4933/4933 4931/4931/4931
f 4935/4935/4935 4933/4933/4933 4934/4934/4934
f 4936/4936/4936 4935/4935/4935 4934/4934/4934
f 4937/4937/4937 4935/4935/4935 4936/4936/4936
f 4938/4938/4938 4937/4937/4937 4936/4936/4936
f 4939/4939/4939 4938/4938/4938 4936/4936/4936
f 4942/4942/4942 4941/4941/4941 4940/4940/4940
f 4943/4943/4943 4942/4942/4942 4940/4940/4940
f 4943/4943/4943 4944/4944/4944 4942/4942/4942
f 4947/4947/4947 4946/4946/4946 4945/4945/4945
f 4948/4948/4948 4947/4947/4947 4945/4945/4945
f 4949/4949/4949 4947/4947/4947 4948/4948/4948
f 4950/4950/4950 4949/4949/4949 4948/4948/4948
f 4951/4951/4951 4949/4949/4949 4950/4950/4950
f 4952/4952/4952 4951/4951/4951 4950/4950/4950
f 4955/4955/4955 4954/4954/4954 4953/4953/4953
f 4953/4953/4953 4956/4956/4956 4955/4955/4955
f 4956/4956/4956 4953/4953/4953 4957/4957/4957
f 4960/4960/4960 4959/4959/4959 4958/4958/4958
f 4960/4960/4960 4958/4958/4958 4961/4961/4961
f 4960/4960/4960 4961/4961/4961 4962/4962/4962
f 4965/4965/4965 4964/4964/4964 4963/4963/4963
f 4965/4965/4965 4966/4966/4966 4964/4964/4964
f 4967/4967/4967 4966/4966/4966 4965/4965/4965
f 4968/4968/4968 4967/4967/4967 4965/4965/4965
f 4969/4969/4969 4967/4967/4967 4968/4968/4968
f 4970/4970/4970 4969/4969/4969 4968/4968/4968
f 4973/4973/4973 4972/4972/4972 4971/4971/4971
f 4972/4972/4972 4974/4974/4974 4971/4971/4971
f 4977/4977/4977 4976/4976/4976 4975/4975/4975
f 4977/4977/4977 4975/4975/4975 4978/4978/4978
f 4978/4978/4978 4975/4975/4975 4979/4979/4979
f 4978/4978/4978 4979/4979/4979 4980/4980/4980
f 4980/4980/4980 4979/4979/4979 4981/4981/4981
f 4980/4980/4980 4981/4981/4981 4982/4982/4982
f 4985/4985/4985 4984/4984/4984 4983/4983/4983
f 4986/4986/4986 4984/4984/4984 4985/4985/4985
f 4987/4987/4987 4984/4984/4984 4986/4986/4986
f 4988/4988/4988 4987/4987/4987 4986/4986/4986
f 4989/4989/4989 4987/4987/4987 4988/4988/4988
f 4989/4989/4989 4990/4990/4990 4987/4987/4987
f 4993/4993/4993 4992/4992/4992 4991/4991/4991
f 4992/4992/4992 4994/4994/4994 4991/4991/4991
f 4997/4997/4997 4996/4996/4996 4995/4995/4995
f 4998/4998/4998 4997/4997/4997 4995/4995/4995
f 4998/4998/4998 4995/4995/4995 4999/4999/4999
f 5000/5000/5000 4998/4998/4998 4999/4999/4999
f 5000/5000/5000 4999/4999/4999 5001/5001/5001
f 5002/5002/5002 5000/5000/5000 5001/5001/5001
f 5002/5002/5002 5001/5001/5001 5003/5003/5003
f 5002/5002/5002 5003/5003/5003 5004/5004/5004
f 5002/5002/5002 5004/5004/5004 5005/5005/5005
f 5008/5008/5008 5007/5007/5007 5006/5006/5006
f 5006/5006/5006 5007/5007/5007 5009/5009/5009
f 5007/5007/5007 5010/5010/5010 5009/5009/5009
f 5009/5009/5009 5010/5010/5010 5011/5011/5011
f 5010/5010/5010 5012/5012/5012 5011/5011/5011
f 5011/5011/5011 5012/5012/5012 5013/5013/5013
f 5011/5011/5011 5013/5013/5013 5014/5014/5014
f 5017/5017/5017 5016/5016/5016 5015/5015/5015
f 5018/5018/5018 5016/5016/5016 5017/5017/5017
f 5021/5021/5021 5020/5020/5020 5019/5019/5019
f 5020/5020/5020 5022/5022/5022 5019/5019/5019
f 5022/5022/5022 5023/5023/5023 5019/5019/5019
f 5026/5026/5026 5025/5025/5025 5024/5024/5024
f 5024/5024/5024 5025/5025/5025 5027/5027/5027
f 5030/5030/5030 5029/5029/5029 5028/5028/5028
f 5029/5029/5029 5031/5031/5031 5028/5028/5028
f 5028/5028/5028 5031/5031/5031 5032/5032/5032
f 5032/5032/5032 5031/5031/5031 5033/5033/5033
f 5036/5036/5036 5035/5035/5035 5034/5034/5034
f 5037/5037/5037 5036/5036/5036 5034/5034/5034
f 5038/5038/5038 5037/5037/5037 5034/5034/5034
f 5041/5041/5041 5040/5040/5040 5039/5039/5039
f 5042/5042/5042 5041/5041/5041 5039/5039/5039
f 5043/5043/5043 5041/5041/5041 5042/5042/5042
f 5044/5044/5044 5043/5043/5043 5042/5042/5042
f 5045/5045/5045 5043/5043/5043 5044/5044/5044
f 5045/5045/5045 5044/5044/5044 5046/5046/5046
f 5049/5049/5049 5048/5048/5048 5047/5047/5047
f 5050/5050/5050 5049/5049/5049 5047/5047/5047
f 5050/5050/5050 5051/5051/5051 5049/5049/5049
f 5054/5054/5054 5053/5053/5053 5052/5052/5052
f 5055/5055/5055 5054/5054/5054 5052/5052/5052
f 5058/5058/5058 5057/5057/5057 5056/5056/5056
f 5056/5056/5056 5057/5057/5057 5059/5059/5059
f 5056/5056/5056 5059/5059/5059 5060/5060/5060
f 5060/5060/5060 5059/5059/5059 5061/5061/5061
f 5060/5060/5060 5061/5061/5061 5062/5062/5062
f 5061/5061/5061 5063/5063/5063 5062/5062/5062
f 5062/5062/5062 5063/5063/5063 5064/5064/5064
f 5063/5063/5063 5065/5065/5065 5064/5064/5064
f 5064/5064/5064 5065/5065/5065 5066/5066/5066
f 5064/5064/5064 5066/5066/5066 5067/5067/5067
f 5066/5066/5066 5068/5068/5068 5067/5067/5067
f 5067/5067/5067 5068/5068/5068 5069/5069/5069
f 5068/5068/5068 5070/5070/5070 5069/5069/5069
f 5069/5069/5069 5070/5070/5070 5071/5071/5071
f 5070/5070/5070 5072/5072/5072 5071/5071/5071
f 5072/5072/5072 5073/5073/5073 5071/5071/5071
f 5072/5072/5072 5074/5074/5074 5073/5073/5073
f 5074/5074/5074 5075/5075/5075 5073/5073/5073
f 5078/5078/5078 5077/5077/5077 5076/5076/5076
f 5077/5077/5077 5079/5079/5079 5076/5076/5076
f 5076/5076/5076 5079/5079/5079 5080/5080/5080
f 5079/5079/5079 5081/5081/5081 5080/5080/5080
f 5081/5081/5081 5082/5082/5082 5080/5080/5080
f 5082/5082/5082 5083/5083/5083 5080/5080/5080
f 5086/5086/5086 5085/5085/5085 5084/5084/5084
f 5087/5087/5087 5086/5086/5086 5084/5084/5084
f 5090/5090/5090 5089/5089/5089 5088/5088/5088
f 5091/5091/5091 5090/5090/5090 5088/5088/5088
f 5092/5092/5092 5091/5091/5091 5088/5088/5088
f 5093/5093/5093 5091/5091/5091 5092/5092/5092
f 5094/5094/5094 5093/5093/5093 5092/5092/5092
f 5092/5092/5092 5095/5095/5095 5094/5094/5094
f 5098/5098/5098 5097/5097/5097 5096/5096/5096
f 5099/5099/5099 5098/5098/5098 5096/5096/5096
f 5102/5102/5102 5101/5101/5101 5100/5100/5100
f 5103/5103/5103 5102/5102/5102 5100/5100/5100
f 5106/5106/5106 5105/5105/5105 5104/5104/5104
f 5107/5107/5107 5106/5106/5106 5104/5104/5104
f 5110/5110/5110 5109/5109/5109 5108/5108/5108
f 5108/5108/5108 5109/5109/5109 5111/5111/5111
f 5109/5109/5109 5112/5112/5112 5111/5111/5111
f 5112/5112/5112 5113/5113/5113 5111/5111/5111
f 5116/5116/5116 5115/5115/5115 5114/5114/5114
f 5117/5117/5117 5115/5115/5115 5116/5116/5116
f 5120/5120/5120 5119/5119/5119 5118/5118/5118
f 5121/5121/5121 5119/5119/5119 5120/5120/5120
f 5120/5120/5120 5118/5118/5118 5122/5122/5122
f 5123/5123/5123 5121/5121/5121 5120/5120/5120
f 5122/5122/5122 5118/5118/5118 5124/5124/5124
f 5125/5125/5125 5121/5121/5121 5123/5123/5123
f 5122/5122/5122 5124/5124/5124 5126/5126/5126
f 5127/5127/5127 5125/5125/5125 5123/5123/5123
f 5126/5126/5126 5124/5124/5124 5128/5128/5128
f 5129/5129/5129 5125/5125/5125 5127/5127/5127
f 5126/5126/5126 5128/5128/5128 5130/5130/5130
f 5131/5131/5131 5129/5129/5129 5127/5127/5127
f 5130/5130/5130 5128/5128/5128 5132/5132/5132
f 5133/5133/5133 5129/5129/5129 5131/5131/5131
f 5130/5130/5130 5132/5132/5132 5134/5134/5134
f 5135/5135/5135 5133/5133/5133 5131/5131/5131
f 5134/5134/5134 5132/5132/5132 5136/5136/5136
f 5137/5137/5137 5133/5133/5133 5135/5135/5135
f 5134/5134/5134 5136/5136/5136 5138/5138/5138
f 5139/5139/5139 5137/5137/5137 5135/5135/5135
f 5136/5136/5136 5140/5140/5140 5138/5138/5138
f 5139/5139/5139 5141/5141/5141 5137/5137/5137
f 5138/5138/5138 5140/5140/5140 5142/5142/5142
f 5143/5143/5143 5141/5141/5141 5139/5139/5139
f 5140/5140/5140 5144/5144/5144 5142/5142/5142
f 5143/5143/5143 5145/5145/5145 5141/5141/5141
f 5142/5142/5142 5144/5144/5144 5146/5146/5146
f 5147/5147/5147 5145/5145/5145 5143/5143/5143
f 5144/5144/5144 5148/5148/5148 5146/5146/5146
f 5147/5147/5147 5149/5149/5149 5145/5145/5145
f 5146/5146/5146 5148/5148/5148 5150/5150/5150
f 5151/5151/5151 5149/5149/5149 5147/5147/5147
f 5148/5148/5148 5152/5152/5152 5150/5150/5150
f 5151/5151/5151 5153/5153/5153 5149/5149/5149
f 5150/5150/5150 5152/5152/5152 5154/5154/5154
f 5154/5154/5154 5153/5153/5153 5151/5151/5151
f 5152/5152/5152 5155/5155/5155 5154/5154/5154
f 5154/5154/5154 5155/5155/5155 5153/5153/5153
f 5158/5158/5158 5157/5157/5157 5156/5156/5156
f 5156/5156/5156 5157/5157/5157 5159/5159/5159
f 5160/5160/5160 5158/5158/5158 5156/5156/5156
f 5161/5161/5161 5156/5156/5156 5159/5159/5159
f 5162/5162/5162 5158/5158/5158 5160/5160/5160
f 5163/5163/5163 5162/5162/5162 5160/5160/5160
f 5164/5164/5164 5162/5162/5162 5163/5163/5163
f 5164/5164/5164 5165/5165/5165 5162/5162/5162
f 5166/5166/5166 5165/5165/5165 5164/5164/5164
f 5166/5166/5166 5167/5167/5167 5165/5165/5165
f 5168/5168/5168 5167/5167/5167 5166/5166/5166
f 5168/5168/5168 5169/5169/5169 5167/5167/5167
f 5170/5170/5170 5169/5169/5169 5168/5168/5168
f 5170/5170/5170 5171/5171/5171 5169/5169/5169
f 5172/5172/5172 5171/5171/5171 5170/5170/5170
f 5172/5172/5172 5173/5173/5173 5171/5171/5171
f 5174/5174/5174 5173/5173/5173 5172/5172/5172
f 5174/5174/5174 5175/5175/5175 5173/5173/5173
f 5176/5176/5176 5175/5175/5175 5174/5174/5174
f 5176/5176/5176 5177/5177/5177 5175/5175/5175
f 5178/5178/5178 5177/5177/5177 5176/5176/5176
f 5178/5178/5178 5179/5179/5179 5177/5177/5177
f 5180/5180/5180 5179/5179/5179 5178/5178/5178
f 5180/5180/5180 5181/5181/5181 5179/5179/5179
f 5182/5182/5182 5181/5181/5181 5180/5180/5180
f 5182/5182/5182 5183/5183/5183 5181/5181/5181
f 5184/5184/5184 5183/5183/5183 5182/5182/5182
f 5184/5184/5184 5185/5185/5185 5183/5183/5183
f 5185/5185/5185 5184/5184/5184 5186/5186/5186
f 5186/5186/5186 5184/5184/5184 5187/5187/5187
f 5186/5186/5186 5187/5187/5187 5188/5188/5188
f 5188/5188/5188 5187/5187/5187 5189/5189/5189
f 5190/5190/5190 5188/5188/5188 5189/5189/5189
f 5190/5190/5190 5191/5191/5191 5188/5188/5188
f 5192/5192/5192 5191/5191/5191 5190/5190/5190
f 5192/5192/5192 5193/5193/5193 5191/5191/5191
f 5194/5194/5194 5193/5193/5193 5192/5192/5192
f 5194/5194/5194 5195/5195/5195 5193/5193/5193
f 5196/5196/5196 5195/5195/5195 5194/5194/5194
f 5196/5196/5196 5197/5197/5197 5195/5195/5195
f 5198/5198/5198 5197/5197/5197 5196/5196/5196
f 5198/5198/5198 5199/5199/5199 5197/5197/5197
f 5198/5198/5198 5200/5200/5200 5199/5199/5199
f 5201/5201/5201 5200/5200/5200 5198/5198/5198
f 5201/5201/5201 5202/5202/5202 5200/5200/5200
f 5203/5203/5203 5202/5202/5202 5201/5201/5201
f 5203/5203/5203 5204/5204/5204 5202/5202/5202
f 5205/5205/5205 5204/5204/5204 5203/5203/5203
f 5205/5205/5205 5206/5206/5206 5204/5204/5204
f 5207/5207/5207 5206/5206/5206 5205/5205/5205
f 5207/5207/5207 5208/5208/5208 5206/5206/5206
f 5209/5209/5209 5208/5208/5208 5207/5207/5207
f 5209/5209/5209 5161/5161/5161 5208/5208/5208
f 5161/5161/5161 5159/5159/5159 5208/5208/5208
f 5212/5212/5212 5211/5211/5211 5210/5210/5210
f 5212/5212/5212 5213/5213/5213 5211/5211/5211
f 5212/5212/5212 5210/5210/5210 5214/5214/5214
f 5215/5215/5215 5213/5213/5213 5212/5212/5212
f 5214/5214/5214 5210/5210/5210 5216/5216/5216
f 5213/5213/5213 5215/5215/5215 5217/5217/5217
f 5214/5214/5214 5216/5216/5216 5218/5218/5218
f 5215/5215/5215 5219/5219/5219 5217/5217/5217
f 5218/5218/5218 5216/5216/5216 5220/5220/5220
f 5218/5218/5218 5220/5220/5220 5221/5221/5221
f 5221/5221/5221 5220/5220/5220 5222/5222/5222
f 5221/5221/5221 5222/5222/5222 5223/5223/5223
f 5223/5223/5223 5222/5222/5222 5224/5224/5224
f 5223/5223/5223 5224/5224/5224 5225/5225/5225
f 5225/5225/5225 5224/5224/5224 5226/5226/5226
f 5225/5225/5225 5226/5226/5226 5227/5227/5227
f 5227/5227/5227 5226/5226/5226 5228/5228/5228
f 5227/5227/5227 5228/5228/5228 5229/5229/5229
f 5229/5229/5229 5228/5228/5228 5230/5230/5230
f 5229/5229/5229 5230/5230/5230 5231/5231/5231
f 5232/5232/5232 5231/5231/5231 5230/5230/5230
f 5232/5232/5232 5233/5233/5233 5231/5231/5231
f 5234/5234/5234 5233/5233/5233 5232/5232/5232
f 5234/5234/5234 5235/5235/5235 5233/5233/5233
f 5236/5236/5236 5235/5235/5235 5234/5234/5234
f 5236/5236/5236 5234/5234/5234 5237/5237/5237
f 5238/5238/5238 5236/5236/5236 5237/5237/5237
f 5238/5238/5238 5237/5237/5237 5239/5239/5239
f 5238/5238/5238 5239/5239/5239 5240/5240/5240
f 5238/5238/5238 5240/5240/5240 5241/5241/5241
f 5241/5241/5241 5240/5240/5240 5242/5242/5242
f 5241/5241/5241 5242/5242/5242 5243/5243/5243
f 5243/5243/5243 5242/5242/5242 5244/5244/5244
f 5243/5243/5243 5244/5244/5244 5245/5245/5245
f 5245/5245/5245 5244/5244/5244 5246/5246/5246
f 5245/5245/5245 5246/5246/5246 5247/5247/5247
f 5247/5247/5247 5246/5246/5246 5248/5248/5248
f 5247/5247/5247 5248/5248/5248 5249/5249/5249
f 5249/5249/5249 5248/5248/5248 5250/5250/5250
f 5249/5249/5249 5250/5250/5250 5251/5251/5251
f 5251/5251/5251 5250/5250/5250 5252/5252/5252
f 5251/5251/5251 5252/5252/5252 5253/5253/5253
f 5253/5253/5253 5252/5252/5252 5254/5254/5254
f 5253/5253/5253 5254/5254/5254 5255/5255/5255
f 5255/5255/5255 5254/5254/5254 5256/5256/5256
f 5255/5255/5255 5256/5256/5256 5257/5257/5257
f 5257/5257/5257 5256/5256/5256 5258/5258/5258
f 5257/5257/5257 5258/5258/5258 5259/5259/5259
f 5258/5258/5258 5260/5260/5260 5259/5259/5259
f 5259/5259/5259 5260/5260/5260 5261/5261/5261
f 5260/5260/5260 5262/5262/5262 5261/5261/5261
f 5261/5261/5261 5262/5262/5262 5263/5263/5263
f 5219/5219/5219 5263/5263/5263 5262/5262/5262
f 5217/5217/5217 5219/5219/5219 5262/5262/5262
f 5266/5266/5266 5265/5265/5265 5264/5264/5264
f 5266/5266/5266 5267/5267/5267 5265/5265/5265
f 5266/5266/5266 5264/5264/5264 5268/5268/5268
f 5269/5269/5269 5267/5267/5267 5266/5266/5266
f 5268/5268/5268 5264/5264/5264 5270/5270/5270
f 5267/5267/5267 5269/5269/5269 5271/5271/5271
f 5268/5268/5268 5270/5270/5270 5272/5272/5272
f 5269/5269/5269 5273/5273/5273 5271/5271/5271
f 5272/5272/5272 5270/5270/5270 5274/5274/5274
f 5272/5272/5272 5274/5274/5274 5275/5275/5275
f 5275/5275/5275 5274/5274/5274 5276/5276/5276
f 5275/5275/5275 5276/5276/5276 5277/5277/5277
f 5277/5277/5277 5276/5276/5276 5278/5278/5278
f 5277/5277/5277 5278/5278/5278 5279/5279/5279
f 5279/5279/5279 5278/5278/5278 5280/5280/5280
f 5279/5279/5279 5280/5280/5280 5281/5281/5281
f 5281/5281/5281 5280/5280/5280 5282/5282/5282
f 5281/5281/5281 5282/5282/5282 5283/5283/5283
f 5283/5283/5283 5282/5282/5282 5284/5284/5284
f 5283/5283/5283 5284/5284/5284 5285/5285/5285
f 5286/5286/5286 5285/5285/5285 5284/5284/5284
f 5286/5286/5286 5287/5287/5287 5285/5285/5285
f 5288/5288/5288 5287/5287/5287 5286/5286/5286
f 5288/5288/5288 5289/5289/5289 5287/5287/5287
f 5290/5290/5290 5289/5289/5289 5288/5288/5288
f 5290/5290/5290 5288/5288/5288 5291/5291/5291
f 5292/5292/5292 5290/5290/5290 5291/5291/5291
f 5292/5292/5292 5291/5291/5291 5293/5293/5293
f 5292/5292/5292 5293/5293/5293 5294/5294/5294
f 5292/5292/5292 5294/5294/5294 5295/5295/5295
f 5295/5295/5295 5294/5294/5294 5296/5296/5296
f 5295/5295/5295 5296/5296/5296 5297/5297/5297
f 5297/5297/5297 5296/5296/5296 5298/5298/5298
f 5297/5297/5297 5298/5298/5298 5299/5299/5299
f 5299/5299/5299 5298/5298/5298 5300/5300/5300
f 5299/5299/5299 5300/5300/5300 5301/5301/5301
f 5301/5301/5301 5300/5300/5300 5302/5302/5302
f 5301/5301/5301 5302/5302/5302 5303/5303/5303
f 5303/5303/5303 5302/5302/5302 5304/5304/5304
f 5303/5303/5303 5304/5304/5304 5305/5305/5305
f 5305/5305/5305 5304/5304/5304 5306/5306/5306
f 5305/5305/5305 5306/5306/5306 5307/5307/5307
f 5307/5307/5307 5306/5306/5306 5308/5308/5308
f 5307/5307/5307 5308/5308/5308 5309/5309/5309
f 5309/5309/5309 5308/5308/5308 5310/5310/5310
f 5309/5309/5309 5310/5310/5310 5311/5311/5311
f 5311/5311/5311 5310/5310/5310 5312/5312/5312
f 5311/5311/5311 5312/5312/5312 5313/5313/5313
f 5312/5312/5312 5314/5314/5314 5313/5313/5313
f 5313/5313/5313 5314/5314/5314 5315/5315/5315
f 5314/5314/5314 5316/5316/5316 5315/5315/5315
f 5315/5315/5315 5316/5316/5316 5317/5317/5317
f 5273/5273/5273 5317/5317/5317 5316/5316/5316
f 5271/5271/5271 5273/5273/5273 5316/5316/5316
f 5320/5320/5320 5319/5319/5319 5318/5318/5318
f 5321/5321/5321 5319/5319/5319 5320/5320/5320
f 5318/5318/5318 5319/5319/5319 5322/5322/5322
f 5321/5321/5321 5323/5323/5323 5319/5319/5319
f 5318/5318/5318 5322/5322/5322 5324/5324/5324
f 5318/5318/5318 5324/5324/5324 5325/5325/5325
f 5325/5325/5325 5324/5324/5324 5326/5326/5326
f 5325/5325/5325 5326/5326/5326 5327/5327/5327
f 5327/5327/5327 5326/5326/5326 5328/5328/5328
f 5327/5327/5327 5328/5328/5328 5329/5329/5329
f 5329/5329/5329 5328/5328/5328 5330/5330/5330
f 5329/5329/5329 5330/5330/5330 5331/5331/5331
f 5332/5332/5332 5331/5331/5331 5330/5330/5330
f 5332/5332/5332 5333/5333/5333 5331/5331/5331
f 5334/5334/5334 5333/5333/5333 5332/5332/5332
f 5334/5334/5334 5335/5335/5335 5333/5333/5333
f 5336/5336/5336 5335/5335/5335 5334/5334/5334
f 5336/5336/5336 5337/5337/5337 5335/5335/5335
f 5338/5338/5338 5337/5337/5337 5336/5336/5336
f 5338/5338/5338 5339/5339/5339 5337/5337/5337
f 5338/5338/5338 5340/5340/5340 5339/5339/5339
f 5341/5341/5341 5340/5340/5340 5338/5338/5338
f 5342/5342/5342 5340/5340/5340 5341/5341/5341
f 5342/5342/5342 5343/5343/5343 5340/5340/5340
f 5344/5344/5344 5343/5343/5343 5342/5342/5342
f 5344/5344/5344 5345/5345/5345 5343/5343/5343
f 5344/5344/5344 5346/5346/5346 5345/5345/5345
f 5347/5347/5347 5346/5346/5346 5344/5344/5344
f 5348/5348/5348 5346/5346/5346 5347/5347/5347
f 5348/5348/5348 5349/5349/5349 5346/5346/5346
f 5349/5349/5349 5348/5348/5348 5350/5350/5350
f 5349/5349/5349 5350/5350/5350 5351/5351/5351
f 5351/5351/5351 5350/5350/5350 5352/5352/5352
f 5352/5352/5352 5350/5350/5350 5353/5353/5353
f 5352/5352/5352 5353/5353/5353 5323/5323/5323
f 5352/5352/5352 5323/5323/5323 5321/5321/5321
f 5356/5356/5356 5355/5355/5355 5354/5354/5354
f 5356/5356/5356 5354/5354/5354 5357/5357/5357
f 5358/5358/5358 5355/5355/5355 5356/5356/5356
f 5356/5356/5356 5357/5357/5357 5359/5359/5359
f 5355/5355/5355 5358/5358/5358 5360/5360/5360
f 5359/5359/5359 5357/5357/5357 5361/5361/5361
f 5358/5358/5358 5362/5362/5362 5360/5360/5360
f 5359/5359/5359 5361/5361/5361 5363/5363/5363
f 5363/5363/5363 5361/5361/5361 5364/5364/5364
f 5363/5363/5363 5364/5364/5364 5365/5365/5365
f 5365/5365/5365 5364/5364/5364 5366/5366/5366
f 5365/5365/5365 5366/5366/5366 5367/5367/5367
f 5367/5367/5367 5366/5366/5366 5368/5368/5368
f 5367/5367/5367 5368/5368/5368 5369/5369/5369
f 5369/5369/5369 5368/5368/5368 5370/5370/5370
f 5369/5369/5369 5370/5370/5370 5371/5371/5371
f 5371/5371/5371 5370/5370/5370 5372/5372/5372
f 5371/5371/5371 5372/5372/5372 5373/5373/5373
f 5373/5373/5373 5372/5372/5372 5374/5374/5374
f 5373/5373/5373 5374/5374/5374 5375/5375/5375
f 5376/5376/5376 5375/5375/5375 5374/5374/5374
f 5376/5376/5376 5377/5377/5377 5375/5375/5375
f 5378/5378/5378 5377/5377/5377 5376/5376/5376
f 5378/5378/5378 5379/5379/5379 5377/5377/5377
f 5380/5380/5380 5379/5379/5379 5378/5378/5378
f 5380/5380/5380 5378/5378/5378 5381/5381/5381
f 5382/5382/5382 5380/5380/5380 5381/5381/5381
f 5382/5382/5382 5381/5381/5381 5383/5383/5383
f 5382/5382/5382 5383/5383/5383 5384/5384/5384
f 5382/5382/5382 5384/5384/5384 5385/5385/5385
f 5385/5385/5385 5384/5384/5384 5386/5386/5386
f 5385/5385/5385 5386/5386/5386 5387/5387/5387
f 5387/5387/5387 5386/5386/5386 5388/5388/5388
f 5387/5387/5387 5388/5388/5388 5389/5389/5389
f 5389/5389/5389 5388/5388/5388 5390/5390/5390
f 5389/5389/5389 5390/5390/5390 5391/5391/5391
f 5391/5391/5391 5390/5390/5390 5392/5392/5392
f 5391/5391/5391 5392/5392/5392 5393/5393/5393
f 5393/5393/5393 5392/5392/5392 5394/5394/5394
f 5393/5393/5393 5394/5394/5394 5395/5395/5395
f 5395/5395/5395 5394/5394/5394 5396/5396/5396
f 5395/5395/5395 5396/5396/5396 5397/5397/5397
f 5397/5397/5397 5396/5396/5396 5398/5398/5398
f 5397/5397/5397 5398/5398/5398 5399/5399/5399
f 5399/5399/5399 5398/5398/5398 5400/5400/5400
f 5399/5399/5399 5400/5400/5400 5401/5401/5401
f 5401/5401/5401 5400/5400/5400 5402/5402/5402
f 5401/5401/5401 5402/5402/5402 5403/5403/5403
f 5402/5402/5402 5404/5404/5404 5403/5403/5403
f 5403/5403/5403 5404/5404/5404 5405/5405/5405
f 5404/5404/5404 5406/5406/5406 5405/5405/5405
f 5405/5405/5405 5406/5406/5406 5407/5407/5407
f 5362/5362/5362 5407/5407/5407 5406/5406/5406
f 5360/5360/5360 5362/5362/5362 5406/5406/5406
f 5410/5410/5410 5409/5409/5409 5408/5408/5408
f 5411/5411/5411 5409/5409/5409 5410/5410/5410
f 5409/5409/5409 5412/5412/5412 5408/5408/5408
f 5411/5411/5411 5413/5413/5413 5409/5409/5409
f 5408/5408/5408 5412/5412/5412 5414/5414/5414
f 5415/5415/5415 5413/5413/5413 5411/5411/5411
f 5412/5412/5412 5416/5416/5416 5414/5414/5414
f 5415/5415/5415 5417/5417/5417 5413/5413/5413
f 5414/5414/5414 5416/5416/5416 5418/5418/5418
f 5419/5419/5419 5417/5417/5417 5415/5415/5415
f 5416/5416/5416 5420/5420/5420 5418/5418/5418
f 5421/5421/5421 5417/5417/5417 5419/5419/5419
f 5418/5418/5418 5420/5420/5420 5422/5422/5422
f 5423/5423/5423 5421/5421/5421 5419/5419/5419
f 5420/5420/5420 5424/5424/5424 5422/5422/5422
f 5425/5425/5425 5421/5421/5421 5423/5423/5423
f 5422/5422/5422 5424/5424/5424 5426/5426/5426
f 5427/5427/5427 5425/5425/5425 5423/5423/5423
f 5424/5424/5424 5428/5428/5428 5426/5426/5426
f 5429/5429/5429 5425/5425/5425 5427/5427/5427
f 5426/5426/5426 5428/5428/5428 5430/5430/5430
f 5431/5431/5431 5429/5429/5429 5427/5427/5427
f 5428/5428/5428 5432/5432/5432 5430/5430/5430
f 5433/5433/5433 5429/5429/5429 5431/5431/5431
f 5430/5430/5430 5432/5432/5432 5434/5434/5434
f 5435/5435/5435 5433/5433/5433 5431/5431/5431
f 5432/5432/5432 5436/5436/5436 5434/5434/5434
f 5437/5437/5437 5433/5433/5433 5435/5435/5435
f 5434/5434/5434 5436/5436/5436 5438/5438/5438
f 5439/5439/5439 5437/5437/5437 5435/5435/5435
f 5438/5438/5438 5436/5436/5436 5440/5440/5440
f 5441/5441/5441 5437/5437/5437 5439/5439/5439
f 5438/5438/5438 5440/5440/5440 5442/5442/5442
f 5443/5443/5443 5441/5441/5441 5439/5439/5439
f 5442/5442/5442 5440/5440/5440 5444/5444/5444
f 5444/5444/5444 5441/5441/5441 5443/5443/5443
f 5442/5442/5442 5444/5444/5444 5445/5445/5445
f 5445/5445/5445 5444/5444/5444 5443/5443/5443
f 5448/5448/5448 5447/5447/5447 5446/5446/5446
f 5449/5449/5449 5447/5447/5447 5448/5448/5448
f 5448/5448/5448 5446/5446/5446 5450/5450/5450
f 5449/5449/5449 5448/5448/5448 5451/5451/5451
f 5450/5450/5450 5446/5446/5446 5452/5452/5452
f 5450/5450/5450 5452/5452/5452 5453/5453/5453
f 5454/5454/5454 5453/5453/5453 5452/5452/5452
f 5454/5454/5454 5455/5455/5455 5453/5453/5453
f 5456/5456/5456 5455/5455/5455 5454/5454/5454
f 5456/5456/5456 5457/5457/5457 5455/5455/5455
f 5458/5458/5458 5457/5457/5457 5456/5456/5456
f 5458/5458/5458 5459/5459/5459 5457/5457/5457
f 5460/5460/5460 5459/5459/5459 5458/5458/5458
f 5460/5460/5460 5461/5461/5461 5459/5459/5459
f 5462/5462/5462 5461/5461/5461 5460/5460/5460
f 5462/5462/5462 5463/5463/5463 5461/5461/5461
f 5464/5464/5464 5463/5463/5463 5462/5462/5462
f 5464/5464/5464 5465/5465/5465 5463/5463/5463
f 5466/5466/5466 5465/5465/5465 5464/5464/5464
f 5466/5466/5466 5467/5467/5467 5465/5465/5465
f 5468/5468/5468 5467/5467/5467 5466/5466/5466
f 5468/5468/5468 5469/5469/5469 5467/5467/5467
f 5468/5468/5468 5470/5470/5470 5469/5469/5469
f 5471/5471/5471 5470/5470/5470 5468/5468/5468
f 5470/5470/5470 5471/5471/5471 5472/5472/5472
f 5471/5471/5471 5473/5473/5473 5472/5472/5472
f 5472/5472/5472 5473/5473/5473 5474/5474/5474
f 5473/5473/5473 5475/5475/5475 5474/5474/5474
f 5476/5476/5476 5474/5474/5474 5475/5475/5475
f 5477/5477/5477 5474/5474/5474 5476/5476/5476
f 5478/5478/5478 5477/5477/5477 5476/5476/5476
f 5479/5479/5479 5477/5477/5477 5478/5478/5478
f 5480/5480/5480 5479/5479/5479 5478/5478/5478
f 5480/5480/5480 5481/5481/5481 5479/5479/5479
f 5482/5482/5482 5481/5481/5481 5480/5480/5480
f 5482/5482/5482 5483/5483/5483 5481/5481/5481
f 5484/5484/5484 5483/5483/5483 5482/5482/5482
f 5484/5484/5484 5485/5485/5485 5483/5483/5483
f 5486/5486/5486 5485/5485/5485 5484/5484/5484
f 5486/5486/5486 5487/5487/5487 5485/5485/5485
f 5488/5488/5488 5487/5487/5487 5486/5486/5486
f 5488/5488/5488 5489/5489/5489 5487/5487/5487
f 5490/5490/5490 5489/5489/5489 5488/5488/5488
f 5490/5490/5490 5491/5491/5491 5489/5489/5489
f 5492/5492/5492 5491/5491/5491 5490/5490/5490
f 5492/5492/5492 5493/5493/5493 5491/5491/5491
f 5494/5494/5494 5493/5493/5493 5492/5492/5492
f 5494/5494/5494 5495/5495/5495 5493/5493/5493
f 5496/5496/5496 5495/5495/5495 5494/5494/5494
f 5496/5496/5496 5497/5497/5497 5495/5495/5495
f 5498/5498/5498 5497/5497/5497 5496/5496/5496
f 5498/5498/5498 5499/5499/5499 5497/5497/5497
f 5498/5498/5498 5451/5451/5451 5499/5499/5499
f 5498/5498/5498 5449/5449/5449 5451/5451/5451
f 5502/5502/5502 5501/5501/5501 5500/5500/5500
f 5503/5503/5503 5501/5501/5501 5502/5502/5502
f 5502/5502/5502 5500/5500/5500 5504/5504/5504
f 5505/5505/5505 5503/5503/5503 5502/5502/5502
f 5504/5504/5504 5500/5500/5500 5506/5506/5506
f 5507/5507/5507 5503/5503/5503 5505/5505/5505
f 5504/5504/5504 5506/5506/5506 5508/5508/5508
f 5509/5509/5509 5507/5507/5507 5505/5505/5505
f 5508/5508/5508 5506/5506/5506 5510/5510/5510
f 5508/5508/5508 5510/5510/5510 5511/5511/5511
f 5511/5511/5511 5510/5510/5510 5512/5512/5512
f 5511/5511/5511 5512/5512/5512 5513/5513/5513
f 5513/5513/5513 5512/5512/5512 5514/5514/5514
f 5513/5513/5513 5514/5514/5514 5515/5515/5515
f 5516/5516/5516 5507/5507/5507 5509/5509/5509
f 5517/5517/5517 5516/5516/5516 5509/5509/5509
f 5518/5518/5518 5516/5516/5516 5517/5517/5517
f 5518/5518/5518 5519/5519/5519 5516/5516/5516
f 5520/5520/5520 5519/5519/5519 5518/5518/5518
f 5520/5520/5520 5521/5521/5521 5519/5519/5519
f 5515/5515/5515 5514/5514/5514 5522/5522/5522
f 5515/5515/5515 5522/5522/5522 5523/5523/5523
f 5523/5523/5523 5522/5522/5522 5524/5524/5524
f 5522/5522/5522 5525/5525/5525 5524/5524/5524
f 5524/5524/5524 5525/5525/5525 5526/5526/5526
f 5525/5525/5525 5527/5527/5527 5526/5526/5526
f 5526/5526/5526 5527/5527/5527 5528/5528/5528
f 5527/5527/5527 5529/5529/5529 5528/5528/5528
f 5528/5528/5528 5529/5529/5529 5530/5530/5530
f 5529/5529/5529 5531/5531/5531 5530/5530/5530
f 5530/5530/5530 5531/5531/5531 5532/5532/5532
f 5531/5531/5531 5533/5533/5533 5532/5532/5532
f 5534/5534/5534 5521/5521/5521 5520/5520/5520
f 5532/5532/5532 5533/5533/5533 5534/5534/5534
f 5534/5534/5534 5535/5535/5535 5521/5521/5521
f 5533/5533/5533 5535/5535/5535 5534/5534/5534
f 5538/5538/5538 5537/5537/5537 5536/5536/5536
f 5539/5539/5539 5537/5537/5537 5538/5538/5538
f 5536/5536/5536 5537/5537/5537 5540/5540/5540
f 5539/5539/5539 5541/5541/5541 5537/5537/5537
f 5536/5536/5536 5540/5540/5540 5542/5542/5542
f 5536/5536/5536 5542/5542/5542 5543/5543/5543
f 5543/5543/5543 5542/5542/5542 5544/5544/5544
f 5543/5543/5543 5544/5544/5544 5545/5545/5545
f 5545/5545/5545 5544/5544/5544 5546/5546/5546
f 5545/5545/5545 5546/5546/5546 5547/5547/5547
f 5547/5547/5547 5546/5546/5546 5548/5548/5548
f 5547/5547/5547 5548/5548/5548 5549/5549/5549
f 5550/5550/5550 5549/5549/5549 5548/5548/5548
f 5550/5550/5550 5551/5551/5551 5549/5549/5549
f 5552/5552/5552 5551/5551/5551 5550/5550/5550
f 5552/5552/5552 5553/5553/5553 5551/5551/5551
f 5554/5554/5554 5553/5553/5553 5552/5552/5552
f 5554/5554/5554 5555/5555/5555 5553/5553/5553
f 5556/5556/5556 5555/5555/5555 5554/5554/5554
f 5556/5556/5556 5557/5557/5557 5555/5555/5555
f 5556/5556/5556 5558/5558/5558 5557/5557/5557
f 5559/5559/5559 5558/5558/5558 5556/5556/5556
f 5560/5560/5560 5558/5558/5558 5559/5559/5559
f 5560/5560/5560 5561/5561/5561 5558/5558/5558
f 5562/5562/5562 5561/5561/5561 5560/5560/5560
f 5562/5562/5562 5563/5563/5563 5561/5561/5561
f 5562/5562/5562 5564/5564/5564 5563/5563/5563
f 5565/5565/5565 5564/5564/5564 5562/5562/5562
f 5566/5566/5566 5564/5564/5564 5565/5565/5565
f 5566/5566/5566 5567/5567/5567 5564/5564/5564
f 5567/5567/5567 5566/5566/5566 5568/5568/5568
f 5567/5567/5567 5568/5568/5568 5569/5569/5569
f 5569/5569/5569 5568/5568/5568 5570/5570/5570
f 5570/5570/5570 5568/5568/5568 5571/5571/5571
f 5570/5570/5570 5571/5571/5571 5541/5541/5541
f 5570/5570/5570 5541/5541/5541 5539/5539/5539
f 5574/5574/5574 5573/5573/5573 5572/5572/5572
f 5572/5572/5572 5573/5573/5573 5575/5575/5575
f 5576/5576/5576 5574/5574/5574 5572/5572/5572
f 5572/5572/5572 5575/5575/5575 5577/5577/5577
f 5578/5578/5578 5574/5574/5574 5576/5576/5576
f 5577/5577/5577 5575/5575/5575 5579/5579/5579
f 5580/5580/5580 5578/5578/5578 5576/5576/5576
f 5577/5577/5577 5579/5579/5579 5581/5581/5581
f 5582/5582/5582 5578/5578/5578 5580/5580/5580
f 5581/5581/5581 5579/5579/5579 5583/5583/5583
f 5584/5584/5584 5582/5582/5582 5580/5580/5580
f 5581/5581/5581 5583/5583/5583 5585/5585/5585
f 5586/5586/5586 5582/5582/5582 5584/5584/5584
f 5585/5585/5585 5583/5583/5583 5587/5587/5587
f 5588/5588/5588 5586/5586/5586 5584/5584/5584
f 5585/5585/5585 5587/5587/5587 5589/5589/5589
f 5590/5590/5590 5586/5586/5586 5588/5588/5588
f 5589/5589/5589 5587/5587/5587 5591/5591/5591
f 5592/5592/5592 5590/5590/5590 5588/5588/5588
f 5589/5589/5589 5591/5591/5591 5593/5593/5593
f 5592/5592/5592 5594/5594/5594 5590/5590/5590
f 5591/5591/5591 5595/5595/5595 5593/5593/5593
f 5596/5596/5596 5594/5594/5594 5592/5592/5592
f 5593/5593/5593 5595/5595/5595 5597/5597/5597
f 5596/5596/5596 5598/5598/5598 5594/5594/5594
f 5595/5595/5595 5599/5599/5599 5597/5597/5597
f 5600/5600/5600 5598/5598/5598 5596/5596/5596
f 5597/5597/5597 5599/5599/5599 5601/5601/5601
f 5600/5600/5600 5602/5602/5602 5598/5598/5598
f 5599/5599/5599 5603/5603/5603 5601/5601/5601
f 5604/5604/5604 5602/5602/5602 5600/5600/5600
f 5601/5601/5601 5603/5603/5603 5605/5605/5605
f 5604/5604/5604 5606/5606/5606 5602/5602/5602
f 5603/5603/5603 5607/5607/5607 5605/5605/5605
f 5608/5608/5608 5606/5606/5606 5604/5604/5604
f 5605/5605/5605 5607/5607/5607 5608/5608/5608
f 5608/5608/5608 5609/5609/5609 5606/5606/5606
f 5607/5607/5607 5609/5609/5609 5608/5608/5608
f 5612/5612/5612 5611/5611/5611 5610/5610/5610
f 5613/5613/5613 5612/5612/5612 5610/5610/5610
f 5611/5611/5611 5614/5614/5614 5610/5610/5610
f 5613/5613/5613 5610/5610/5610 5615/5615/5615
f 5611/5611/5611 5616/5616/5616 5614/5614/5614
f 5613/5613/5613 5615/5615/5615 5617/5617/5617
f 5616/5616/5616 5618/5618/5618 5614/5614/5614
f 5617/5617/5617 5615/5615/5615 5619/5619/5619
f 5616/5616/5616 5620/5620/5620 5618/5618/5618
f 5617/5617/5617 5619/5619/5619 5621/5621/5621
f 5618/5618/5618 5620/5620/5620 5622/5622/5622
f 5619/5619/5619 5623/5623/5623 5621/5621/5621
f 5620/5620/5620 5624/5624/5624 5622/5622/5622
f 5621/5621/5621 5623/5623/5623 5625/5625/5625
f 5622/5622/5622 5624/5624/5624 5626/5626/5626
f 5623/5623/5623 5627/5627/5627 5625/5625/5625
f 5624/5624/5624 5628/5628/5628 5626/5626/5626
f 5625/5625/5625 5627/5627/5627 5629/5629/5629
f 5626/5626/5626 5628/5628/5628 5630/5630/5630
f 5627/5627/5627 5631/5631/5631 5629/5629/5629
f 5628/5628/5628 5632/5632/5632 5630/5630/5630
f 5629/5629/5629 5631/5631/5631 5633/5633/5633
f 5630/5630/5630 5632/5632/5632 5634/5634/5634
f 5631/5631/5631 5635/5635/5635 5633/5633/5633
f 5632/5632/5632 5636/5636/5636 5634/5634/5634
f 5633/5633/5633 5635/5635/5635 5637/5637/5637
f 5634/5634/5634 5636/5636/5636 5638/5638/5638
f 5635/5635/5635 5639/5639/5639 5637/5637/5637
f 5638/5638/5638 5636/5636/5636 5640/5640/5640
f 5637/5637/5637 5639/5639/5639 5641/5641/5641
f 5638/5638/5638 5640/5640/5640 5642/5642/5642
f 5639/5639/5639 5643/5643/5643 5641/5641/5641
f 5642/5642/5642 5640/5640/5640 5644/5644/5644
f 5643/5643/5643 5645/5645/5645 5641/5641/5641
f 5646/5646/5646 5642/5642/5642 5644/5644/5644
f 5643/5643/5643 5646/5646/5646 5645/5645/5645
f 5646/5646/5646 5644/5644/5644 5647/5647/5647
f 5646/5646/5646 5647/5647/5647 5645/5645/5645
f 5650/5650/5650 5649/5649/5649 5648/5648/5648
f 5651/5651/5651 5650/5650/5650 5648/5648/5648
f 5649/5649/5649 5652/5652/5652 5648/5648/5648
f 5651/5651/5651 5648/5648/5648 5653/5653/5653
f 5649/5649/5649 5654/5654/5654 5652/5652/5652
f 5651/5651/5651 5653/5653/5653 5655/5655/5655
f 5654/5654/5654 5656/5656/5656 5652/5652/5652
f 5655/5655/5655 5653/5653/5653 5657/5657/5657
f 5654/5654/5654 5658/5658/5658 5656/5656/5656
f 5655/5655/5655 5657/5657/5657 5659/5659/5659
f 5656/5656/5656 5658/5658/5658 5660/5660/5660
f 5657/5657/5657 5661/5661/5661 5659/5659/5659
f 5658/5658/5658 5662/5662/5662 5660/5660/5660
f 5659/5659/5659 5661/5661/5661 5663/5663/5663
f 5660/5660/5660 5662/5662/5662 5664/5664/5664
f 5661/5661/5661 5665/5665/5665 5663/5663/5663
f 5662/5662/5662 5666/5666/5666 5664/5664/5664
f 5663/5663/5663 5665/5665/5665 5667/5667/5667
f 5664/5664/5664 5666/5666/5666 5668/5668/5668
f 5665/5665/5665 5669/5669/5669 5667/5667/5667
f 5666/5666/5666 5670/5670/5670 5668/5668/5668
f 5667/5667/5667 5669/5669/5669 5671/5671/5671
f 5668/5668/5668 5670/5670/5670 5672/5672/5672
f 5669/5669/5669 5673/5673/5673 5671/5671/5671
f 5670/5670/5670 5674/5674/5674 5672/5672/5672
f 5671/5671/5671 5673/5673/5673 5675/5675/5675
f 5672/5672/5672 5674/5674/5674 5676/5676/5676
f 5673/5673/5673 5677/5677/5677 5675/5675/5675
f 5676/5676/5676 5674/5674/5674 5678/5678/5678
f 5675/5675/5675 5677/5677/5677 5679/5679/5679
f 5676/5676/5676 5678/5678/5678 5680/5680/5680
f 5677/5677/5677 5681/5681/5681 5679/5679/5679
f 5680/5680/5680 5678/5678/5678 5682/5682/5682
f 5681/5681/5681 5683/5683/5683 5679/5679/5679
f 5684/5684/5684 5680/5680/5680 5682/5682/5682
f 5681/5681/5681 5684/5684/5684 5683/5683/5683
f 5684/5684/5684 5682/5682/5682 5685/5685/5685
f 5684/5684/5684 5685/5685/5685 5683/5683/5683
