g Base_parts01
v -4.0142808 15.3433743 -1.1007123
v -4.05120039 15.0869379 -1.0841471
v -0.469849974 15.663763 -1.11667001
v -4.11786985 14.9171982 -4.60593462
v -4.34416628 15.1499004 -4.9000001
v -4.48329449 14.872613 -4.59683323
v -4.08444118 17.6153736 -4.91568756
v -5.89144659 17.0398159 -4.89781475
v -4.34416628 15.1499004 -4.9000001
v 12.4334669 -7.94507122 1.61348057
v 12.4650564 -8.23405838 0.924156368
v 12.4784174 -7.84571362 0.610527515
v 12.4878588 -8.30983543 1.60000002
v 12.4650564 -8.23405838 0.924156368
v 12.4334669 -7.94507122 1.61348057
v 12.4334669 -7.94507122 1.61348057
v 12.7507629 -8.11085987 1.90439868
v 12.4878588 -8.30983543 1.60000002
v 14.8716488 1.4182564 0.924156249
v 14.7080851 1.17792726 1.61348045
v 14.7011299 1.06909478 0.610526979
v 14.8716488 1.4182564 0.924156249
v 14.9273567 1.47445822 1.60000002
v 14.7080851 1.17792726 1.61348045
v 14.7080851 1.17792726 1.61348045
v 14.9273567 1.47445822 1.60000002
v 15.0665474 1.17429757 1.90457559
v 2.09808755 -12.972518 -0.812021732
v 2.41169596 -12.9778166 -1.10000002
v 2.26671815 -12.707921 -0.796856463
v -9.22782516 -9.4386034 0.899999976
v -9.06201458 -9.20275021 0.573700964
v -8.92349434 -9.31564617 4
v -7.77057981 -13.6098452 -1.11683083
v -7.29201603 -13.5031519 -1.1006521
v -7.25385809 -13.471137 -0.800000012
v -9.37922573 -13.9384766 -0.0998905301
v -8.23519802 -13.717927 -1.10000002
v -8.23519802 -13.717927 -3.29014111
v -9.18624783 -13.9103394 -4.29998302
v -10.0919724 -14.0436077 -0.0999999642
v -10.093009 -14.0429049 -4.30000019
v -3.15486121 -12.6534643 4.19999981
v -2.28052354 -15.0967283 4.19999981
v -5.07389784 -14.4002628 4.19999981
v -11.7519951 -4.23565102 -1.10964882
v -11.7925577 -3.83682919 -0.803448439
v -12.0393486 -4.28823328 -0.800205231
v -11.8072462 -3.86016536 0.607497454
v -11.6828766 -4.16549492 0.908704698
v -12.0383034 -4.26784945 0.596304119
v -9.48502922 -9.18204784 0.899998665
v -9.06201458 -9.20275021 0.573700964
v -9.22782516 -9.4386034 0.899999976
v -4.05120039 15.0869379 -1.0841471
v -4.11786985 14.9171982 -4.60593462
v -4.31828737 14.829752 -1.100824
v -2.09808755 12.972518 -0.812021732
v -2.41169596 12.9778166 -1.10000002
v -2.26671815 12.707921 -0.796856463
v -8.36827087 9.17802334 -1.11181259
v -8.66182232 9.36796284 -0.807445943
v -8.54264069 8.86709595 -0.80012548
v -8.37309074 9.17317677 0.910356939
v -8.60453606 8.94024181 0.604233086
v -8.61939812 9.42794323 0.602325201
v -7.1298337 8.22505093 0.607820809
v -7.01805401 8.58273983 0.911787927
v -6.57950068 8.65319252 0.603924513
v -0.0991281494 15.3459702 -1.10065186
v -0.469849974 15.663763 -1.11667001
v -0.0804653093 15.2997885 -0.800000012
v -0.831076384 15.9784012 -1.10000002
v -1.76600111 16.7321663 -0.0996481776
v -0.831076384 15.9784012 -3.29014397
v -1.58047068 16.5947819 -4.29998255
v 3.15486121 12.6534643 4.19999981
v 2.28052354 15.0967283 4.19999981
v 5.07389784 14.4002628 4.19999981
v -4.48329449 14.872613 -4.59683323
v -4.31828737 14.829752 -1.100824
v -4.11786985 14.9171982 -4.60593462
v 9.74077034 13.347579 4.50006008
v 12.0207682 11.2073545 4.50995779
v 9.04009533 9.90322685 4.50009394
v 8.16338253 10.6263437 4.5
v 6.49679756 15.1931372 4.50007963
v 6.76775694 10.0979805 4.50277519
v 5.69037867 14.5557413 4.5
v 2.92138934 16.2636013 4.50009584
v 2.77827191 11.7516718 4.49987316
v 3.0240221 12.1286964 4.5
v 1.80919564 15.523428 4.5
v -1.22054076 12.0530748 4.50042295
v -1.97518444 16.4507198 4.50024509
v -2.21907687 13.2149801 4.5
v -3.33265042 12.9880972 4.50009394
v -5.34404945 15.5286846 4.50828695
v 9.04009533 9.90322685 4.50009394
v 8.09288979 10.0579443 4.00060987
v 8.16338253 10.6263437 4.5
v 8.92349434 9.31564617 4
v 8.09288979 10.0579443 4.00060987
v 8.02750874 10.0888462 2.79999185
v 6.64740562 9.50675392 2.79999995
v 6.62860584 9.50976562 3.9968617
v 9.1241684 9.13662815 -0.793478429
v 7.97106218 10.1523781 -0.798236132
v 8.02750874 10.0888462 2.79999185
v 9.06282806 9.20347977 0.574556231
v 8.09288979 10.0579443 4.00060987
v 8.92349434 9.31564617 4
v 7.92581463 10.447484 -0.807634473
v 8.02750874 10.0888462 2.79999185
v 7.97106218 10.1523781 -0.798236132
v 7.94272995 10.4832096 2.7999773
v 8.02750874 10.0888462 2.79999185
v 7.94272995 10.4832096 2.7999773
v 6.64740562 9.50675392 2.79999995
v 4.38209867 10.7104044 2.80002785
v 6.96273804 13.6494951 2.79998255
v 10.1997404 11.468874 2.8002696
v 4.3701458 14.368969 2.79999995
v 4.72823143 14.5502386 2.80000138
v 1.2977618 11.5086679 2.80003047
v 2.89386892 14.7182035 2.79999995
v 2.58986354 15.1432714 2.80006671
v -1.27330482 15.2638998 2.799999
v -2.12105942 13.0799007 2.79999995
v -3.60679221 14.8687944 2.79999995
v -1.40616584 11.5147343 2.79999995
v -2.28159165 12.6877918 2.79994822
v 6.64740562 9.50675392 2.79999995
v 4.38209867 10.7104044 2.80002785
v 6.62860584 9.50976562 3.9968617
v 4.1681304 10.7952232 4.00331974
v 1.2977618 11.5086679 2.80003047
v 1.28037894 11.4916153 4.00157738
v -1.38815284 11.5085678 3.9968617
v -1.40616584 11.5147343 2.79999995
v -0.0991281494 15.3459702 -1.10065186
v 2.58986354 15.1432714 2.80006671
v 2.66015291 15.0891418 -1.09510672
v -0.0804653093 15.2997885 -0.800000012
v -1.27330482 15.2638998 2.799999
v -1.87866807 15.198247 -0.802046955
v -3.60679221 14.8687944 2.79999995
v -3.60679221 14.8687944 -0.800000012
v 2.89386892 14.7182035 -0.800000012
v 4.36834192 14.3646221 -0.799346328
v 2.66015291 15.0891418 -1.09510672
v 4.72818708 14.5506897 -1.09983408
v 4.36834192 14.3646221 -0.799346328
v 4.3701458 14.368969 2.79999995
v 4.72823143 14.5502386 2.80000138
v 4.72818708 14.5506897 -1.09983408
v 4.72818708 14.5506897 -1.09983408
v 4.72823143 14.5502386 2.80000138
v 5.39665699 14.3424635 -1.04268003
v 6.96273804 13.6494951 2.79998255
v 7.89338732 13.1325607 -0.783762276
v 10.1997404 11.468874 2.8002696
v 10.165081 11.4350824 -0.800000012
v 5.89302921 14.5210485 -1.11698914
v 5.39665699 14.3424635 -1.04268003
v 7.89338732 13.1325607 -0.783762276
v 8.02539062 13.5169334 -1.1381228
v 10.9011478 11.3729582 -1.12212408
v 10.165081 11.4350824 -0.800000012
v 8.22211456 10.3265114 -1.10000002
v 10.9011478 11.3729582 -1.12212408
v 10.165081 11.4350824 -0.800000012
v 7.92581463 10.447484 -0.807634473
v 8.22211456 10.3265114 -1.10000002
v 9.49125004 9.20626354 -1.09979689
v 10.9011478 11.3729582 -1.12212408
v 13.2009363 8.71791458 -1.10012293
v 8.89367294 7.92499733 -1.10098386
v 13.142231 5.45690584 -1.09847176
v 10.4219027 5.63971758 -1.10000002
v 14.4153891 6.77545023 -1.08759511
v 15.1395884 5.17618036 -1.10000002
v 13.8585339 3.57382488 -1.10000587
v 15.8210354 2.50960684 -1.09974265
v 14.8595428 1.28380632 -1.09991848
v 14.1962948 1.71907914 -1.10000002
v 15.451767 0.331691444 -1.09457171
v 15.9553823 -0.22155951 -1.08475447
v 15.5207043 -1.10432029 -1.09980249
v 15.4199915 -3.78698397 -1.09975719
v 14.9707584 -2.09584117 -1.09983575
v 14.2881975 -2.5978055 -1.10016394
v 14.2023344 -5.17782211 -1.09983575
v 13.8183908 -4.39341402 -1.10000002
v 14.2224188 -6.3114624 -1.09980249
v 14.1905575 -7.29617453 -1.08459604
v 13.4873762 -7.54703188 -1.09457135
v 12.7909536 -9.64337921 -1.09974265
v 12.5174789 -8.10966396 -1.09991837
v 10.558568 -9.66166973 -1.10000587
v 11.7275276 -8.18260956 -1.10000002
v 10.937398 -11.6778994 -1.10000002
v 9.04204178 -10.9880638 -1.09847176
v 9.54720974 -12.7498493 -1.08743799
v 7.56294632 -13.8949118 -1.10012293
v 4.13199663 -11.1729898 -1.10096037
v 6.55430937 -9.87236023 -1.10000002
v 4.05819988 -12.5845184 -1.09979689
v 4.28586864 -15.159503 -1.12212431
v 2.41169596 -12.9778166 -1.10000002
v 8.22211456 10.3265114 -1.10000002
v 9.1241684 9.13662815 -0.793478429
v 9.49125004 9.20626354 -1.09979689
v 7.97106218 10.1523781 -0.798236132
v 7.92581463 10.447484 -0.807634473
v 8.89367294 7.92499733 -1.10098386
v 9.1241684 9.13662815 -0.793478429
v 8.57986259 7.84624004 -0.817822099
v 9.49125004 9.20626354 -1.09979689
v 8.56385708 7.84956026 0.602437615
v 9.1241684 9.13662815 -0.793478429
v 9.06282806 9.20347977 0.574556231
v 8.57986259 7.84624004 -0.817822099
v 8.57986259 7.84624004 -0.817822099
v 10.3037338 5.36468744 -0.818252385
v 8.89367294 7.92499733 -1.10098386
v 10.4219027 5.63971758 -1.10000002
v 12.8399267 10.8553286 -0.100028403
v 14.3270712 8.77354145 -0.100000001
v 14.042057 10.9287529 -0.100000001
v 12.4893675 12.9331226 -0.100000001
v 10.5197086 13.1249466 -0.100033261
v 10.4320316 14.4149141 -0.100000001
v 8.26818657 14.6245384 -0.100000001
v 14.3270712 8.77354145 -0.100000001
v 14.042057 10.9287529 -2.0999999
v 14.042057 10.9287529 -0.100000001
v 14.5311661 7.23021936 -2.0999999
v 14.5311661 7.23021936 -0.669447005
v 14.4153891 6.77545023 -1.08759511
v 14.4672794 6.97050095 -2.5482626
v 14.844676 8.6509428 -2.60113263
v 14.042057 10.9287529 -0.100000001
v 14.042057 10.9287529 -2.0999999
v 12.4893675 12.9331226 -0.100000001
v 12.4893675 12.9331226 -2.0999999
v 10.4320316 14.4149141 -0.100000001
v 10.4320316 14.4149141 -2.0999999
v 10.4320316 14.4149141 -0.100000001
v 10.4320316 14.4149141 -2.0999999
v 8.26818657 14.6245384 -0.100000001
v 6.71868038 14.7746468 -2.0999999
v 6.33346415 14.6752272 -1.0103792
v 6.45173264 14.698513 -2.55255747
v 8.12759876 15.1375484 -2.60113239
v 6.71868038 14.7746468 -2.0999999
v 10.4320316 14.4149141 -2.0999999
v 8.12759876 15.1375484 -2.60113239
v 10.6146641 14.8995628 -2.5999999
v 12.8403177 13.2965412 -2.5999999
v 12.4893675 12.9331226 -2.0999999
v 14.042057 10.9287529 -2.0999999
v 14.5200357 11.1281891 -2.5999999
v 14.844676 8.6509428 -2.60113263
v 14.5311661 7.23021936 -2.0999999
v 7.13327646 16.7438469 -1.60000002
v 6.43619871 15.405858 -3.09048915
v 10.6983337 15.4502869 -2.57389188
v 11.1625633 16.3535061 -1.60000002
v 6.43619871 15.405858 -3.09048915
v 8.12759876 15.1375484 -2.60113239
v 10.6983337 15.4502869 -2.57389188
v 6.45173264 14.698513 -2.55255747
v 5.64572287 15.0927601 -3.00853729
v 10.6983337 15.4502869 -2.57389188
v 8.12759876 15.1375484 -2.60113239
v 10.6146641 14.8995628 -2.5999999
v 13.191267 13.6599607 -2.5999999
v 12.8403177 13.2965412 -2.5999999
v 14.5200357 11.1281891 -2.5999999
v 15.0682888 11.2308731 -2.57396221
v 14.844676 8.6509428 -2.60113263
v 15.0682888 11.2308731 -2.57396221
v 15.1585159 7.07317638 -3.06533241
v 16.4846954 7.71328735 -1.60000002
v 15.9539728 11.7264986 -1.60000002
v 15.0682888 11.2308731 -2.57396221
v 14.844676 8.6509428 -2.60113263
v 15.1585159 7.07317638 -3.06533241
v 14.4672794 6.97050095 -2.5482626
v 15.0168371 6.3386116 -3.0999198
v 14.771081 6.27687979 -2.84395027
v 15.8396177 3.93486452 -3.09990001
v 15.6337748 3.50136828 -2.80147696
v 16.3516197 1.29005098 -3.12305117
v 15.9500399 1.26342738 -2.79999995
v 16.4846954 7.71328735 -1.60000002
v 15.1585159 7.07317638 -3.06533241
v 17.5027542 5.04226637 -1.61569583
v 16.1572437 4.31055498 -3.10004663
v 18.067234 2.19432354 -1.60000002
v 16.9490452 0.895732939 -3.10275102
v 19.7438335 -1.49031103 -1.60000002
v 15.9539728 11.7264986 -1.60000002
v 16.4846954 7.71328735 -1.60000002
v 16.4846954 7.71328735 0.600000024
v 15.9582396 11.7198038 0.827651858
v 16.4846954 7.71328735 -1.60000002
v 17.5236645 5.02483654 0.595806241
v 16.4846954 7.71328735 0.600000024
v 17.5027542 5.04226637 -1.61569583
v 18.067234 2.19432354 -1.60000002
v 18.067234 2.19432354 0.600000024
v 19.7438335 -1.49031103 -1.60000002
v 19.7438335 -1.49031103 0.600000024
v 17.237793 4.94287205 0.900100946
v 16.1933784 7.62787437 0.899999976
v 16.4846954 7.71328735 0.600000024
v 17.5236645 5.02483654 0.595806241
v 18.067234 2.19432354 0.600000024
v 17.7749214 2.1123836 0.899999976
v 18.6767769 0.0259184539 0.91179961
v 19.7438335 -1.49031103 0.600000024
v 16.8850288 1.97377348 0.899999976
v 17.7749214 2.1123836 0.899999976
v 18.6767769 0.0259184539 0.91179961
v 16.3455887 4.7515893 0.900005817
v 17.237793 4.94287205 0.900100946
v 16.1933784 7.62787437 0.899999976
v 15.3945293 7.21675491 0.901191115
v 15.8549194 10.187233 0.899999976
v 16.9381084 1.93594444 1.39729309
v 16.8850288 1.97377348 0.899999976
v 18.6767769 0.0259184539 0.91179961
v 18.4253025 0.303614378 1.40245032
v 19.7438335 -1.49031103 1.39999998
v 19.7438335 -1.49031103 0.600000024
v 16.9381084 1.93594444 1.39729309
v 16.3455887 4.7515893 0.900005817
v 16.8850288 1.97377348 0.899999976
v 16.0231133 5.7402401 1.39826488
v 15.3945293 7.21675491 0.901191115
v 15.010644 7.98001146 1.39999998
v 15.3945293 7.21675491 0.901191115
v 15.010644 7.98001146 1.39999998
v 15.5041981 11.4717321 1.40006208
v 15.8549194 10.187233 0.899999976
v 15.9582396 11.7198038 0.827651858
v 15.010644 7.98001146 1.39999998
v 13.7161217 10.0923729 1.39885247
v 15.5041981 11.4717321 1.40006208
v 13.6599712 13.1068001 1.39999938
v 13.4579363 13.9005098 1.39999962
v 13.0098562 12.4870768 1.39998209
v 12.4224749 11.6590204 1.39871669
v 12.1488724 12.7555208 1.41815519
v 9.41954994 14.1756306 1.40003467
v 12.0507431 13.5803814 1.3999995
v 12.6757793 14.1434698 1.40096998
v 10.9236555 15.8951092 1.40006411
v 7.45128059 15.2800007 1.39999998
v 13.7161217 10.0923729 1.39885247
v 12.4365044 10.8500834 1.88591397
v 12.4224749 11.6590204 1.39871669
v 13.9221449 8.89236164 1.90004373
v 15.010644 7.98001146 1.39999998
v 15.8006363 4.98610115 1.89997113
v 16.0231133 5.7402401 1.39826488
v 16.9381084 1.93594444 1.39729309
v 16.4348965 1.79561055 1.89986145
v 17.1594868 -4.27813864 -4.64200115
v 17.517725 -1.6117928 -4.59995413
v 17.2080173 -1.71934938 -4.30000019
v 16.9548912 -4.22732639 -4.30000019
v 16.0009651 -6.56057358 -4.30000019
v 16.2239304 -6.80093718 -4.59995413
v 13.8931646 14.3867979 0.899999976
v 10.9236555 15.8951092 1.40006411
v 11.156271 16.3568935 0.828164935
v 13.4579363 13.9005098 1.39999962
v 15.5041981 11.4717321 1.40006208
v 15.9582396 11.7198038 0.827651858
v 7.13327646 16.7438469 0.600000024
v 7.13327646 16.7438469 -1.60000002
v 11.156271 16.3568935 0.828164935
v 11.1625633 16.3535061 -1.60000002
v 11.156271 16.3568935 0.828164935
v 9.62769318 16.2007942 0.899999976
v 7.13327646 16.7438469 0.600000024
v 7.05808258 16.4497261 0.899999976
v 11.156271 16.3568935 0.828164935
v 11.1625633 16.3535061 -1.60000002
v 13.8931646 14.3867979 -1.60000002
v 13.8931646 14.3867979 0.899999976
v 15.9582396 11.7198038 0.827651858
v 15.9539728 11.7264986 -1.60000002
v 15.9539728 11.7264986 -1.60000002
v 13.8931646 14.3867979 -1.60000002
v 15.0682888 11.2308731 -2.57396221
v 13.191267 13.6599607 -2.5999999
v 10.6983337 15.4502869 -2.57389188
v 11.1625633 16.3535061 -1.60000002
v 16.4846954 7.71328735 0.600000024
v 15.8549194 10.187233 0.899999976
v 15.9582396 11.7198038 0.827651858
v 16.1933784 7.62787437 0.899999976
v 7.05808258 16.4497261 0.899999976
v 9.62769318 16.2007942 0.899999976
v 6.67592621 15.6372185 0.901165187
v 4.00218201 16.5546913 0.90001297
v 4.33825541 17.3997955 0.900100887
v 1.49075627 17.8378143 0.899999976
v 1.38328755 16.9436283 0.899999976
v -0.625426888 18.6660042 0.911805749
v 11.156271 16.3568935 0.828164935
v 10.9236555 15.8951092 1.40006411
v 9.62769318 16.2007942 0.899999976
v 6.67592621 15.6372185 0.901165187
v 7.45128059 15.2800007 1.39999998
v -1.22054076 12.0530748 4.50042295
v 1.28037894 11.4916153 4.00157738
v -1.38815284 11.5085678 3.9968617
v 2.77827191 11.7516718 4.49987316
v 4.1681304 10.7952232 4.00331974
v 6.76775694 10.0979805 4.50277519
v 6.62860584 9.50976562 3.9968617
v -2.21907687 13.2149801 4.5
v -1.22054076 12.0530748 4.50042295
v -2.42368269 12.6800184 4.00060987
v -1.38815284 11.5085678 3.9968617
v -1.38815284 11.5085678 3.9968617
v -1.40616584 11.5147343 2.79999995
v -2.42368269 12.6800184 4.00060987
v -2.28159165 12.6877918 2.79994822
v -2.12105942 13.0799007 2.79999995
v -2.09808755 12.972518 -0.812021732
v -2.28159165 12.6877918 2.79994822
v -2.26671815 12.707921 -0.796856463
v -3.60679221 14.8687944 2.79999995
v -3.60679221 14.8687944 -0.800000012
v -2.12105942 13.0799007 2.79999995
v -2.09808755 12.972518 -0.812021732
v -4.05120039 15.0869379 -1.0841471
v -2.41169596 12.9778166 -1.10000002
v -3.60679221 14.8687944 -0.800000012
v -2.09808755 12.972518 -0.812021732
v -3.60679221 14.8687944 -0.800000012
v -1.87866807 15.198247 -0.802046955
v -4.05120039 15.0869379 -1.0841471
v -0.469849974 15.663763 -1.11667001
v -0.0804653093 15.2997885 -0.800000012
v -1.76600111 16.7321663 -0.0996481776
v -4.0142808 15.3433743 -1.1007123
v -0.469849974 15.663763 -1.11667001
v -3.89023542 16.34338 -0.100000001
v -0.831076384 15.9784012 -1.10000002
v -0.469849974 15.663763 -1.11667001
v 1.95651734 15.8989096 -1.10025728
v -0.0991281494 15.3459702 -1.10065186
v 2.66015291 15.0891418 -1.09510672
v 4.64465857 15.3110142 -1.10000002
v 4.72818708 14.5506897 -1.09983408
v 5.39665699 14.3424635 -1.04268003
v 5.89302921 14.5210485 -1.11698914
v 6.33346415 14.6752272 -1.0103792
v 0.718766093 16.3867817 -3.1230247
v 0.70600462 15.984416 -2.79999995
v 2.95362449 15.7464457 -2.80147648
v 3.37968397 15.9672918 -3.09990001
v 5.64572287 15.0927601 -3.00853729
v 6.43619871 15.405858 -3.09048915
v 3.74405313 16.2978344 -3.10004663
v 5.64572287 15.0927601 -3.00853729
v 3.37968397 15.9672918 -3.09990001
v 0.332285047 16.922987 -3.1046319
v 0.718766093 16.3867817 -3.1230247
v 1.56244421 18.1328087 0.600000024
v 1.56244421 18.1328087 -1.60000002
v 4.27382421 17.7120113 0.606077433
v 4.54208565 17.6478004 -1.60587239
v 7.13327646 16.7438469 0.600000024
v 7.13327646 16.7438469 -1.60000002
v 4.33825541 17.3997955 0.900100887
v 1.49075627 17.8378143 0.899999976
v 1.56244421 18.1328087 0.600000024
v 4.27382421 17.7120113 0.606077433
v 7.13327646 16.7438469 0.600000024
v 7.05808258 16.4497261 0.899999976
v 1.38328755 16.9436283 1.39999998
v 1.38328755 16.9436283 0.899999976
v 4.00218201 16.5546913 0.90001297
v 3.09686708 16.7470379 4.00721121
v 0.594430447 16.9896049 1.89999998
v -0.655284941 17.0043659 4.02341509
v -1.66190195 16.9385509 1.90004289
v -3.51647258 16.6323318 4
v -5.53373957 16.1113892 1.89997935
v -5.70140839 15.9636631 4.01648569
v -5.87735319 15.3717623 1.90015697
v -5.8366909 15.2433872 4.00330877
v -5.22123337 14.4390526 1.90198743
v 6.89159441 15.5683241 4.00935698
v -3.50554991 12.4145527 4
v 6.67592621 15.6372185 0.901165187
v 7.45128059 15.2800007 1.39999998
v 9.41954994 14.1756306 1.40003467
v 10.2076159 13.6174936 4.01737404
v 12.4224749 11.6590204 1.39871669
v 12.4900446 11.4997921 3.989784
v 12.4365044 10.8500834 1.88591397
v 12.3712578 10.7780704 4.01720238
v 11.306426 10.2754431 1.90099227
v 8.92349434 9.31564617 4
v -4.9660759 14.0873871 1.59591508
v 10.9992809 10.1070566 1.59624243
v -3.80016661 12.6982498 0.893299282
v -3.68089104 12.3799686 0.573758483
v -5.04259443 14.0888882 0.900908411
v 9.3178587 9.42834568 0.894364715
v 11.0672855 10.072279 0.901166081
v 9.06282806 9.20347977 0.574556231
v 1.38328755 16.9436283 1.39999998
v -0.625426888 18.6660042 0.911805749
v 1.38328755 16.9436283 0.899999976
v -0.329509854 18.4168129 1.40485239
v -2.17845893 19.6797943 1.39999998
v -2.17845893 19.6797943 0.600000024
v 1.38328755 16.9436283 1.39999998
v 0.594430447 16.9896049 1.89999998
v -0.329509854 18.4168129 1.40485239
v -2.21992993 19.1610546 1.90068889
v -2.17845893 19.6797943 1.39999998
v -1.66190195 16.9385509 1.90004289
v -2.21992993 19.1610546 1.90068889
v 0.594430447 16.9896049 1.89999998
v -4.51254082 18.3610878 1.89999962
v -5.31542826 18.6522064 1.89999986
v -4.31049013 17.5673733 1.8999989
v -4.91197681 17.0114841 1.8999995
v -5.53373957 16.1113892 1.89997935
v -5.70036983 17.2333717 1.8999989
v -8.21154594 17.4619312 1.89999998
v -5.91279697 18.024437 1.89999914
v -5.87735319 15.3717623 1.90015697
v -9.7823801 13.3044691 1.89997244
v -5.22123337 14.4390526 1.90198743
v -9.30016708 12.1806383 1.89990437
v -12.5631542 10.8017197 1.89981639
v -11.9417572 9.60497284 1.89990437
v -13.8912306 6.4726162 1.89990437
v -15.5101385 5.85240602 1.90226579
v -15.0766745 2.80606055 1.89990032
v -16.4909382 1.06112611 1.90005124
v -15.2897463 -1.0414865 1.89990437
v -16.1636925 -3.63930368 1.89983058
v -14.8675861 -3.61177015 1.89999998
v -13.9300241 -6.3886981 1.89990437
v -14.8833914 -7.15460539 1.8999784
v -11.3885584 -10.2984343 1.90245605
v -12.3348484 -10.7417746 1.89999998
v -12.5136271 -11.3926382 1.89991593
v -15.4482412 -11.5628872 1.89999998
v -13.0585451 -12.5166798 1.89999878
v -13.6448956 -13.0885201 1.89999914
v -13.4955692 -13.9294004 1.89999962
v -12.2763872 -12.7596397 1.8999989
v -10.2270145 -13.6523476 1.90017796
v -12.0743532 -13.5533514 1.89999962
v -12.6532221 -14.1328526 1.89999962
v -10.9556494 -15.8760147 1.90068889
v -7.45128059 -15.2800007 1.89999998
v -8.58127022 17.8438168 1.39999998
v -8.21154594 17.4619312 1.89999998
v -9.47558594 15.8049831 1.40245056
v -9.7823801 13.3044691 1.89997244
v -10.1453848 13.7021875 1.39709246
v -12.5631542 10.8017197 1.89981639
v -13.0020094 10.9833689 1.40095913
v -14.416213 9.00959396 1.39999998
v -15.5101385 5.85240602 1.90226579
v -15.7233763 6.52557468 1.3999964
v -16.7019386 3.25029063 1.39996278
v -16.4909382 1.06112611 1.90005124
v -17.0018406 -1.05109298 1.40629792
v -16.1636925 -3.63930368 1.89983058
v -16.6364689 -3.59368157 1.40095913
v -15.3906288 -7.33534908 1.39709294
v -14.8833914 -7.15460539 1.8999784
v -8.58127022 17.8438168 1.39999998
v -5.51274967 19.2252331 1.39999998
v -8.21154594 17.4619312 1.89999998
v -5.31542826 18.6522064 1.89999986
v -2.21992993 19.1610546 1.90068889
v -2.17845893 19.6797943 1.39999998
v -3.33265042 12.9880972 4.50009394
v -3.50554991 12.4145527 4
v -5.8366909 15.2433872 4.00330877
v -5.34404945 15.5286846 4.50828695
v -5.70140839 15.9636631 4.01648569
v -1.97518444 16.4507198 4.50024509
v -3.51647258 16.6323318 4
v -0.655284941 17.0043659 4.02341509
v 2.92138934 16.2636013 4.50009584
v 3.09686708 16.7470379 4.00721121
v 6.49679756 15.1931372 4.50007963
v 6.89159441 15.5683241 4.00935698
v 9.74077034 13.347579 4.50006008
v 10.2076159 13.6174936 4.01737404
v 12.0207682 11.2073545 4.50995779
v 12.4900446 11.4997921 3.989784
v 12.3712578 10.7780704 4.01720238
v 9.04009533 9.90322685 4.50009394
v 8.92349434 9.31564617 4
v -6.95059872 13.292448 1.60000002
v -4.9660759 14.0873871 1.59591508
v -5.04259443 14.0888882 0.900908411
v -6.9505949 13.2924509 0.899999976
v -9.11786175 11.9418812 0.900082171
v -9.35531807 11.7612667 1.59422278
v -11.7076759 9.41670132 0.899993539
v -11.8950844 9.18457317 1.59422266
v -13.6189299 6.34576178 0.90002048
v -13.7470493 6.07222748 1.59399557
v -14.5544367 3.62882686 0.899999976
v -14.7665691 2.74834299 1.59293413
v -15.0039558 0.7907179 0.900018096
v -15.0111694 -0.719781339 1.59399629
v -14.8963118 -1.76065326 0.899999976
v -14.5760651 -3.54094815 1.60000002
v -14.311615 -4.57401228 0.899995446
v -13.7737494 -6.0096364 1.59598792
v -12.8698263 -7.73769236 0.900244951
v -12.3774376 -8.47343063 1.60000002
v -11.0666828 -10.0723925 0.900702238
v -10.9984093 -10.1069965 1.5959152
v -4.9660759 14.0873871 1.59591508
v -6.95059872 13.292448 1.60000002
v -5.22123337 14.4390526 1.90198743
v -9.30016708 12.1806383 1.89990437
v -9.35531807 11.7612667 1.59422278
v -11.9417572 9.60497284 1.89990437
v -11.8950844 9.18457317 1.59422266
v -13.8912306 6.4726162 1.89990437
v -13.7470493 6.07222748 1.59399557
v -15.0766745 2.80606055 1.89990032
v -14.7665691 2.74834299 1.59293413
v -15.0111694 -0.719781339 1.59399629
v -15.2897463 -1.0414865 1.89990437
v -14.5760651 -3.54094815 1.60000002
v -14.8675861 -3.61177015 1.89999998
v -13.7737494 -6.0096364 1.59598792
v -13.9300241 -6.3886981 1.89990437
v -12.3774376 -8.47343063 1.60000002
v -11.3885584 -10.2984343 1.90245605
v -10.9984093 -10.1069965 1.5959152
v -6.42675304 12.7418671 0.898469448
v -6.26638222 12.469368 0.602119148
v -7.98259592 11.5012245 0.600000024
v -8.21515751 11.704751 0.899999976
v -9.88545513 9.95014 0.596593261
v -10.3925219 9.86140251 0.899897456
v -11.5773144 7.87183523 0.600000024
v -11.9914789 7.79066229 0.899999976
v -5.83371305 12.6284056 0.898342431
v -6.26638222 12.469368 0.602119148
v -6.42675304 12.7418671 0.898469448
v -5.83162594 12.1910887 0.601950645
v -5.4577961 11.9554396 0.899686694
v -5.84946442 11.4330568 0.60733366
v -5.68767405 11.2254496 0.90020299
v -6.29181528 12.4698324 -0.806417108
v -5.78535938 12.1442919 -0.797166288
v -6.25649166 12.7867451 -1.09505248
v -5.58361721 12.3643389 -1.09766662
v -7.36904764 15.1255188 -0.0996481851
v -4.72796345 15.1406288 -1.09884501
v -5.36157036 15.9214811 -0.100000001
v -7.7848978 13.9302034 -1.08506751
v -7.45358324 14.9106932 -4.29998255
v -7.76247501 13.9908543 -3.29014111
v -7.36904764 15.1255188 -0.0996481851
v -7.7848978 13.9302034 -1.08506751
v -7.11613417 15.7617092 -0.0999999717
v -7.45358324 14.9106932 -4.29998255
v -7.1150074 15.7622547 -4.30000019
v -7.45358324 14.9106932 -4.29998255
v -7.1150074 15.7622547 -4.30000019
v -7.36300802 15.9766922 -4.59995413
v -7.97188473 14.4423237 -4.60329056
v -9.2502737 14.2304001 -3.10275149
v -7.78177643 16.0081463 -4.60010004
v -8.58127022 17.8438168 -1.60000002
v -8.26736641 14.627717 -4.60005617
v -8.62069893 14.0052071 -4.22776222
v -9.29302311 13.5158978 -3.12305093
v -7.05187941 17.9896564 -2.34373546
v -7.78177643 16.0081463 -4.60010004
v -6.0163784 16.7217655 -4.63090515
v -8.58127022 17.8438168 -1.60000002
v -5.51274967 19.2252331 -1.60000002
v -5.37493086 18.7446022 -2.34226298
v -3.55274057 18.9930229 -2.34373522
v -2.1013546 19.6719093 -1.60528934
v -1.9006716 17.6991653 -4.5999999
v -3.75913334 17.3690567 -4.63086748
v -7.78177643 16.0081463 -4.60010004
v -7.36300802 15.9766922 -4.59995413
v -6.0163784 16.7217655 -4.63090515
v -8.26736641 14.627717 -4.60005617
v -7.97188473 14.4423237 -4.60329056
v -8.62069893 14.0052071 -4.22776222
v -8.35841179 13.6544304 -3.93792915
v -9.29302311 13.5158978 -3.12305093
v -9.06917953 13.181426 -2.79999995
v -6.0163784 16.7217655 -4.63090515
v -6.7742877 18.1146259 -2.88309598
v -7.05187941 17.9896564 -2.34373546
v -5.89144659 17.0398159 -4.89781475
v -7.05187941 17.9896564 -2.34373546
v -6.7742877 18.1146259 -2.88309598
v -5.37493086 18.7446022 -2.34226298
v -5.37493086 18.7446022 -2.88309598
v -3.85437393 18.9518986 -2.88309598
v -3.55274057 18.9930229 -2.34373522
v -5.89144659 17.0398159 -4.89781475
v -5.37493086 18.7446022 -2.88309598
v -6.7742877 18.1146259 -2.88309598
v -4.08444118 17.6153736 -4.91568756
v -3.85437393 18.9518986 -2.88309598
v -3.85437393 18.9518986 -2.88309598
v -4.08444118 17.6153736 -4.91568756
v -3.75913334 17.3690567 -4.63086748
v -3.55274057 18.9930229 -2.34373522
v -3.75913334 17.3690567 -4.63086748
v -2.31885862 17.1375294 -4.30000019
v -2.22217751 17.4508018 -4.59995413
v -3.81531167 16.9335194 -4.30000019
v -3.75913334 17.3690567 -4.63086748
v -4.11786985 14.9171982 -4.60593462
v -3.81531167 16.9335194 -4.30000019
v -4.0142808 15.3433743 -1.1007123
v -4.05120039 15.0869379 -1.0841471
v -3.81531167 16.9335194 -0.100000001
v -3.89023542 16.34338 -0.100000001
v -4.11786985 14.9171982 -4.60593462
v -3.75913334 17.3690567 -4.63086748
v -4.34416628 15.1499004 -4.9000001
v -4.08444118 17.6153736 -4.91568756
v -4.34416628 15.1499004 -4.9000001
v -6.0163784 16.7217655 -4.63090515
v -4.48329449 14.872613 -4.59683323
v -5.89144659 17.0398159 -4.89781475
v -1.76600111 16.7321663 -0.0996481776
v -2.31761312 17.1376629 -0.0999999717
v -3.81531167 16.9335194 -0.100000001
v -3.89023542 16.34338 -0.100000001
v -2.31761312 17.1376629 -0.0999999717
v -2.31885862 17.1375294 -4.30000019
v -3.81531167 16.9335194 -0.100000001
v -3.81531167 16.9335194 -4.30000019
v -1.76600111 16.7321663 -0.0996481776
v -1.58047068 16.5947819 -4.29998255
v -2.31761312 17.1376629 -0.0999999717
v -2.31885862 17.1375294 -4.30000019
v -2.22217751 17.4508018 -4.59995413
v -1.58047068 16.5947819 -4.29998255
v -0.883014143 16.4715233 -4.60455799
v -2.31885862 17.1375294 -4.30000019
v -0.883014143 16.4715233 -4.60455799
v -1.58047068 16.5947819 -4.29998255
v -0.831076384 15.9784012 -3.29014397
v -0.139486492 16.0017605 -3.91973853
v 0.70600462 15.984416 -2.79999995
v -0.831076384 15.9784012 -1.10000002
v 1.95651734 15.8989096 -1.10025728
v 2.95362449 15.7464457 -2.80147648
v 4.64465857 15.3110142 -1.10000002
v 5.64572287 15.0927601 -3.00853729
v 6.45173264 14.698513 -2.55255747
v 6.33346415 14.6752272 -1.0103792
v 0.332285047 16.922987 -3.1046319
v -0.104944006 16.4483356 -4.22294044
v 0.718766093 16.3867817 -3.1230247
v -0.750182807 16.816143 -4.60037279
v -2.1013546 19.6719093 -1.60528934
v -1.9006716 17.6991653 -4.5999999
v 0.332285047 16.922987 -3.1046319
v 1.56244421 18.1328087 -1.60000002
v -2.1013546 19.6719093 -1.60528934
v 3.74405313 16.2978344 -3.10004663
v 4.54208565 17.6478004 -1.60587239
v 6.43619871 15.405858 -3.09048915
v 7.13327646 16.7438469 -1.60000002
v -5.51274967 19.2252331 -1.60000002
v -2.1013546 19.6719093 -1.60528934
v -2.17845893 19.6797943 0.600000024
v -5.51274967 19.2252331 1.39999998
v -2.17845893 19.6797943 1.39999998
v -8.58127022 17.8438168 0.600000024
v -8.58127022 17.8438168 -1.60000002
v -8.58127022 17.8438168 1.39999998
v -2.1013546 19.6719093 -1.60528934
v 1.56244421 18.1328087 -1.60000002
v 1.56244421 18.1328087 0.600000024
v -2.17845893 19.6797943 0.600000024
v 1.56244421 18.1328087 0.600000024
v -0.625426888 18.6660042 0.911805749
v -2.17845893 19.6797943 0.600000024
v 1.49075627 17.8378143 0.899999976
v -8.58127022 17.8438168 1.39999998
v -9.36082935 16.1616135 0.911799312
v -8.58127022 17.8438168 0.600000024
v -9.47558594 15.8049831 1.40245056
v -10.1453848 13.7021875 1.39709246
v -10.1518526 13.6359768 0.899999976
v -10.9339571 14.5495214 0.600000024
v -8.58127022 17.8438168 -1.60000002
v -8.58127022 17.8438168 0.600000024
v -10.9339571 14.5495214 -1.60000002
v -8.58127022 17.8438168 0.600000024
v -9.36082935 16.1616135 0.911799312
v -10.9339571 14.5495214 0.600000024
v -10.7168388 14.3373413 0.899999976
v -10.1453848 13.7021875 1.39709246
v -12.2877846 11.7799082 0.900005817
v -10.1518526 13.6359768 0.899999976
v -13.0020094 10.9833689 1.40095913
v -13.9471569 9.72367764 0.901191115
v -14.416213 9.00959396 1.39999998
v -14.416213 9.00959396 1.39999998
v -15.7233763 6.52557468 1.3999964
v -17.6869087 7.69116259 1.40006375
v -17.3690357 5.05069208 1.40096986
v -18.1503067 5.30921984 1.40000105
v -18.796772 4.84946728 1.4190582
v -17.1883659 4.25184488 1.3999989
v -16.7019386 3.25029063 1.39996278
v -17.7747211 3.68002152 1.3999989
v -19.2274017 1.51259911 1.40005815
v -17.0018406 -1.05109298 1.40629792
v -18.6108608 3.9601028 1.39999962
v -13.9471569 9.72367764 0.901191115
v -14.416213 9.00959396 1.39999998
v -17.6869087 7.69116259 1.40006375
v -16.7498627 8.637146 0.899999976
v -18.1287689 7.96034145 0.82765156
v -14.7026234 10.20994 0.899999976
v -16.7498627 8.637146 0.899999976
v -14.9222517 10.4195213 0.600000024
v -18.1287689 7.96034145 0.82765156
v -12.8995399 12.4569368 0.900100887
v -14.7026234 10.20994 0.899999976
v -14.9222517 10.4195213 0.600000024
v -13.0103512 12.7558489 0.60607779
v -10.9339571 14.5495214 0.600000024
v -10.7168388 14.3373413 0.899999976
v -13.9471569 9.72367764 0.901191115
v -16.7498627 8.637146 0.899999976
v -14.7026234 10.20994 0.899999976
v -12.2877846 11.7799082 0.900005817
v -12.8995399 12.4569368 0.900100887
v -10.7168388 14.3373413 0.899999976
v -10.1518526 13.6359768 0.899999976
v -9.36082935 16.1616135 0.911799312
v -17.6869087 7.69116259 1.40006375
v -19.4059143 4.83843517 0.899999976
v -18.1287689 7.96034145 0.82765156
v -18.796772 4.84946728 1.4190582
v -19.2274017 1.51259911 1.40005815
v -19.7436218 1.48316717 0.828164935
v -18.1324329 7.95329714 -1.60000002
v -19.4059143 4.83843517 -1.60000002
v -17.2603645 7.4340868 -2.57396269
v -18.4255047 4.59399223 -2.5999999
v -18.7295074 1.53988504 -2.57389164
v -19.7438335 1.49031103 -1.60000002
v -19.7436218 1.48316717 0.828164935
v -19.7438335 1.49031103 -1.60000002
v -19.4059143 4.83843517 -1.60000002
v -19.4059143 4.83843517 0.899999976
v -18.1287689 7.96034145 0.82765156
v -18.1324329 7.95329714 -1.60000002
v -17.2603645 7.4340868 -2.57396269
v -14.9222517 10.4195213 -1.60000002
v -18.1324329 7.95329714 -1.60000002
v -13.7048092 9.59107208 -3.06533217
v -18.1324329 7.95329714 -1.60000002
v -14.9222517 10.4195213 -1.60000002
v -14.9222517 10.4195213 0.600000024
v -18.1287689 7.96034145 0.82765156
v -13.2042093 12.5588245 -1.60600424
v -14.9222517 10.4195213 0.600000024
v -14.9222517 10.4195213 -1.60000002
v -13.0103512 12.7558489 0.60607779
v -10.9339571 14.5495214 -1.60000002
v -10.9339571 14.5495214 0.600000024
v -14.9222517 10.4195213 -1.60000002
v -13.7048092 9.59107208 -3.06533217
v -13.2042093 12.5588245 -1.60600424
v -11.811677 11.8373003 -3.10004663
v -10.9339571 14.5495214 -1.60000002
v -9.2502737 14.2304001 -3.10275149
v -8.58127022 17.8438168 -1.60000002
v -17.2603645 7.4340868 -2.57396269
v -14.9142733 8.53039551 -2.60113263
v -13.7048092 9.59107208 -3.06533217
v -13.2559776 9.04781818 -2.55245471
v -12.7691259 9.84024429 -3.02447987
v -13.2559776 9.04781818 -2.55245471
v -14.9142733 8.53039551 -2.60113263
v -13.5271368 8.96924877 -2.0999999
v -13.0754442 9.09635353 -1.0875622
v -13.5271368 8.96924877 -0.669447005
v -16.4856071 6.6964016 -2.0999999
v -13.5271368 8.96924877 -2.0999999
v -14.9142733 8.53039551 -2.60113263
v -16.8973141 7.01062584 -2.5999999
v -13.5271368 8.96924877 -0.669447005
v -13.5271368 8.96924877 -2.0999999
v -14.7616453 8.02083588 -0.100000001
v -16.4856071 6.6964016 -2.0999999
v -16.4856071 6.6964016 -0.100000001
v -12.7691259 9.84024429 -3.02447987
v -10.8491659 11.7885561 -2.80147672
v -11.3275127 11.7500677 -3.09990001
v -9.29302311 13.5158978 -3.12305093
v -9.06917953 13.181426 -2.79999995
v -7.98259592 11.5012245 -0.800000012
v -6.29181528 12.4698324 -0.806417108
v -6.25649166 12.7867451 -1.09505248
v -8.21515751 11.704751 -1.10000002
v -10.0279913 9.8071661 -0.793793142
v -10.3925323 9.86141205 -1.09991229
v -11.5773144 7.87183523 -0.800000012
v -11.9914789 7.79066229 -1.10000002
v -11.5773144 7.87183523 0.600000024
v -10.9072084 7.24904251 0.615742564
v -11.2283268 7.22419262 0.901136756
v -11.9914789 7.79066229 0.899999976
v -11.5773144 7.87183523 0.600000024
v -11.5773144 7.87183523 -0.800000012
v -10.9195318 7.3113656 -0.821395159
v -10.9072084 7.24904251 0.615742564
v -11.5773144 7.87183523 -0.800000012
v -11.5773144 7.87183523 0.600000024
v -10.0279913 9.8071661 -0.793793142
v -9.88545513 9.95014 0.596593261
v -7.98259592 11.5012245 -0.800000012
v -7.98259592 11.5012245 0.600000024
v -6.29181528 12.4698324 -0.806417108
v -6.26638222 12.469368 0.602119148
v -10.9195318 7.3113656 -0.821395159
v -11.5773144 7.87183523 -0.800000012
v -11.2997751 7.27398252 -1.10504556
v -11.9914789 7.79066229 -1.10000002
v -11.2997751 7.27398252 -1.10504556
v -12.1600981 4.68132448 -0.812824011
v -10.9195318 7.3113656 -0.821395159
v -13.1152515 2.44180727 -1.09859347
v -10.9195318 7.3113656 -0.821395159
v -12.1600981 4.68132448 -0.812824011
v -10.9072084 7.24904251 0.615742564
v -12.1438704 4.68979311 0.593309522
v -12.9089947 1.7249279 0.594518244
v -12.9384966 1.45268011 -0.796030819
v -13.0391254 -1.27959383 0.622467339
v -13.087225 -1.33483744 -0.812453449
v -13.2479658 1.42095268 0.899900138
v -13.0391254 -1.27959383 0.622467339
v -13.3055763 -1.1072073 0.901136816
v -12.9089947 1.7249279 0.594518244
v -12.4284105 4.82971382 0.899878561
v -12.1438704 4.68979311 0.593309522
v -10.9072084 7.24904251 0.615742564
v -11.2283268 7.22419262 0.901136756
v -13.3015709 -1.1040467 -1.10136569
v -13.087225 -1.33483744 -0.812453449
v -12.9384966 1.45268011 -0.796030819
v -13.1152515 2.44180727 -1.09859347
v -12.1600981 4.68132448 -0.812824011
v -14.2453423 -1.2490921 -1.10000002
v -13.3015709 -1.1040467 -1.10136569
v -13.1152515 2.44180727 -1.09859347
v -15.8147984 0.397760093 -1.10014343
v -15.357254 3.82899141 -1.10008514
v -15.8153172 -1.89318311 -1.08739197
v -14.1503801 7.0733881 -1.10014343
v -11.2997751 7.27398252 -1.10504556
v -11.9914789 7.79066229 -1.10000002
v -13.0754442 9.09635353 -1.0875622
v -13.8057137 -3.82811189 -1.09991229
v -15.582056 -3.63311434 -1.10000002
v -14.7469482 -6.25546265 -1.09983277
v -12.7485991 -6.47790289 -1.10000002
v -13.4139347 -8.64108276 -1.08489001
v -11.5112734 -8.36320305 -1.09602821
v -10.3925323 9.86141205 -1.09991229
v -12.0524988 10.5231781 -1.10000002
v -10.0840168 12.4465208 -1.09983277
v -8.21515751 11.704751 -1.10000002
v -7.7848978 13.9302034 -1.08506751
v -6.25649166 12.7867451 -1.09505248
v -4.72796345 15.1406288 -1.09884501
v -10.969099 -11.366375 -1.11878753
v -5.58361721 12.3643389 -1.09766662
v -10.7348833 -8.29548836 -1.09740984
v -4.31828737 14.829752 -1.100824
v -9.49132729 -9.20627689 -1.09985948
v -8.22211456 -10.3265114 -1.0999999
v -10.211895 -7.41411734 -1.09546423
v -8.70884323 -7.54577112 -1.10032952
v -10.4711294 -4.88483524 -1.09880447
v -11.7519951 -4.23565102 -1.10964882
v -10.3863125 -4.15636253 -1.10020924
v -10.1675682 -4.52686739 -1.10764635
v -4.05829287 12.5845928 -1.0998925
v -5.55199194 11.3484564 -1.09856951
v -2.41169596 12.9778166 -1.10000002
v -4.05120039 15.0869379 -1.0841471
v -4.14693022 10.7510719 -1.10032952
v -6.83731556 9.23528099 -1.09373212
v -8.36827087 9.17802334 -1.11181259
v -7.0187254 8.58307743 -1.11186731
v -14.1503801 7.0733881 -1.10014343
v -13.0754442 9.09635353 -1.0875622
v -13.5271368 8.96924877 -0.669447005
v -14.7616453 8.02083588 -0.100000001
v -15.8209553 5.69203472 -0.100028403
v -15.357254 3.82899141 -1.10008514
v -16.6263924 2.54785109 -0.100033268
v -15.8147984 0.397760093 -1.10014343
v -16.7993145 -0.151809528 -0.100000001
v -16.1545601 -1.56877542 -0.669447005
v -15.8153172 -1.89318311 -1.08739197
v -16.4856071 6.6964016 -0.100000001
v -15.8209553 5.69203472 -0.100028403
v -14.7616453 8.02083588 -0.100000001
v -17.445097 4.34954834 -0.100000001
v -16.6263924 2.54785109 -0.100033268
v -17.6996975 1.82694638 -0.100000001
v -16.7993145 -0.151809528 -0.100000001
v -16.4856071 6.6964016 -0.100000001
v -16.4856071 6.6964016 -2.0999999
v -17.445097 4.34954834 -0.100000001
v -17.445097 4.34954834 -2.0999999
v -17.6996975 1.82694638 -0.100000001
v -17.6996975 1.82694638 -2.0999999
v -17.6996975 1.82694638 -0.100000001
v -17.6996975 1.82694638 -2.0999999
v -16.7993145 -0.151809528 -0.100000001
v -16.1545601 -1.56877542 -2.0999999
v -16.1545601 -1.56877542 -0.669447005
v -16.1545601 -1.56877542 -2.0999999
v -17.6996975 1.82694638 -2.0999999
v -17.1733017 -0.530066848 -2.60113263
v -18.2107315 1.74278724 -2.5999999
v -17.9353008 4.47177029 -2.5999999
v -18.2107315 1.74278724 -2.5999999
v -17.6996975 1.82694638 -2.0999999
v -17.445097 4.34954834 -2.0999999
v -16.4856071 6.6964016 -2.0999999
v -16.8973141 7.01062584 -2.5999999
v -17.2603645 7.4340868 -2.57396269
v -16.8973141 7.01062584 -2.5999999
v -14.9142733 8.53039551 -2.60113263
v -18.4255047 4.59399223 -2.5999999
v -17.9353008 4.47177029 -2.5999999
v -18.2107315 1.74278724 -2.5999999
v -18.7295074 1.53988504 -2.57389164
v -17.1733017 -0.530066848 -2.60113263
v -19.7438335 1.49031103 -1.60000002
v -18.067234 -2.19432354 -1.60000002
v -18.7295074 1.53988504 -2.57389164
v -16.5599651 -2.12901688 -3.09048915
v -16.5599651 -2.12901688 -3.09048915
v -17.1733017 -0.530066848 -2.60113263
v -18.7295074 1.53988504 -2.57389164
v -15.965497 -1.75251794 -2.55748272
v -16.0942745 -2.5809443 -3.09994769
v -15.8391829 -2.4850893 -2.8207655
v -15.5179214 -5.05675173 -3.09990001
v -15.1136322 -5.3153162 -2.80147719
v -14.5507536 -7.57092285 -3.12302494
v -14.1959124 -7.38078976 -2.79999995
v -17.1733017 -0.530066848 -2.60113263
v -15.965497 -1.75251794 -2.55748272
v -16.1545601 -1.56877542 -2.0999999
v -15.8153172 -1.89318311 -1.08739197
v -16.1545601 -1.56877542 -0.669447005
v -14.5507536 -7.57092285 -3.12302494
v -15.5179214 -5.05675173 -3.09990001
v -14.8218784 -8.1737299 -3.1046319
v -15.9863691 -4.90646315 -3.10004663
v -16.0942745 -2.5809443 -3.09994769
v -16.5599651 -2.12901688 -3.09048915
v -14.1959124 -7.38078976 -2.79999995
v -14.5507536 -7.57092285 -3.12302494
v -13.7881889 -8.12167931 -3.91973925
v -14.1922054 -8.31505203 -4.22293997
v -13.8232508 -9.00047398 -4.60455894
v -14.188117 -9.05775356 -4.60037279
v -14.001749 -10.6498652 -4.59995413
v -14.3775902 -10.4956121 -4.5999999
v -12.4310236 -12.8732605 -4.64198065
v -9.96978951 -14.7428713 -4.60009956
v -10.1547174 -14.3648987 -4.59995413
v -8.53408909 -14.4735022 -4.60005617
v -8.52137375 -14.1250534 -4.60331154
v -7.81881428 -14.4679728 -4.22818327
v -7.6453681 -14.0656462 -3.93701792
v -7.05801058 -14.8048735 -3.12271404
v -6.88085842 -14.4448528 -2.79999995
v -14.8218784 -8.1737299 -3.1046319
v -14.1922054 -8.31505203 -4.22293997
v -14.5507536 -7.57092285 -3.12302494
v -14.188117 -9.05775356 -4.60037279
v -15.9856844 -11.6558027 -1.60530865
v -14.3775902 -10.4956121 -4.5999999
v -14.8218784 -8.1737299 -3.1046319
v -16.4846954 -7.71328735 -1.60000002
v -15.9856844 -11.6558027 -1.60530865
v -15.9863691 -4.90646315 -3.10004663
v -17.4886169 -5.12210608 -1.60912323
v -16.5599651 -2.12901688 -3.09048915
v -18.067234 -2.19432354 -1.60000002
v -13.8232508 -9.00047398 -4.60455894
v -13.5812674 -9.66611862 -4.29998255
v -13.422164 -8.70893383 -3.29014397
v -13.7881889 -8.12167931 -3.91973925
v -14.1959124 -7.38078976 -2.79999995
v -13.4139347 -8.64108276 -1.08489001
v -14.7469482 -6.25546265 -1.09983277
v -15.1136322 -5.3153162 -2.80147719
v -15.582056 -3.63311434 -1.10000002
v -15.8391829 -2.4850893 -2.8207655
v -15.965497 -1.75251794 -2.55748272
v -15.8153172 -1.89318311 -1.08739197
v -13.4139347 -8.64108276 -1.08489001
v -13.422164 -8.70893383 -3.29014397
v -13.6026525 -9.85996056 -0.0998905823
v -13.5812674 -9.66611862 -4.29998255
v -13.6828442 -10.575943 -0.0999999642
v -13.682106 -10.5769548 -4.30000019
v -13.6026525 -9.85996056 -0.0998905823
v -10.969099 -11.366375 -1.11878753
v -13.4139347 -8.64108276 -1.08489001
v -11.6905241 -12.1058989 -0.100046396
v -9.51067638 -12.496026 -1.13131034
v -9.37922573 -13.9384766 -0.0998905301
v -7.77057981 -13.6098452 -1.11683083
v -13.6828442 -10.575943 -0.0999999642
v -11.6905241 -12.1058989 -0.100046396
v -13.6026525 -9.85996056 -0.0998905823
v -12.1384182 -12.5697041 -0.100000001
v -10.0919724 -14.0436077 -0.0999999642
v -9.37922573 -13.9384766 -0.0998905301
v -7.77057981 -13.6098452 -1.11683083
v -8.23519802 -13.717927 -1.10000002
v -5.68259954 -14.9838848 -1.10040438
v -7.29201603 -13.5031519 -1.1006521
v -4.73514795 -14.5717859 -1.09510529
v -3.08709073 -15.6993589 -1.10000002
v -2.65638828 -15.0672445 -1.09983432
v -1.96840906 -15.1972218 -1.04268038
v -1.61397994 -15.5879345 -1.11698914
v -1.29780006 -15.9305334 -1.01048768
v -8.23519802 -13.717927 -3.29014111
v -9.18624783 -13.9103394 -4.29998302
v -8.52137375 -14.1250534 -4.60331154
v -7.6453681 -14.0656462 -3.93701792
v -6.88085842 -14.4448528 -2.79999995
v -8.23519802 -13.717927 -1.10000002
v -5.68259954 -14.9838848 -1.10040438
v -4.3608861 -15.4340582 -2.79197168
v -3.08709073 -15.6993589 -1.10000002
v -1.20429862 -16.0070229 -2.55425858
v -1.29780006 -15.9305334 -1.01048768
v -2.04349446 -16.0827065 -3.06808186
v -4.51209927 -15.684948 -3.09990001
v -7.05801058 -14.8048735 -3.12271404
v -6.88085842 -14.4448528 -2.79999995
v -8.52137375 -14.1250534 -4.60331154
v -9.18624783 -13.9103394 -4.29998302
v -10.1547174 -14.3648987 -4.59995413
v -10.093009 -14.0429049 -4.30000019
v -7.65473557 -15.0966282 -3.10474277
v -9.96978951 -14.7428713 -4.60009956
v -11.1094809 -16.3817272 -1.59487319
v -8.53408909 -14.4735022 -4.60005617
v -7.81881428 -14.4679728 -4.22818327
v -7.05801058 -14.8048735 -3.12271404
v -11.1094809 -16.3817272 -1.59487319
v -9.96978951 -14.7428713 -4.60009956
v -12.4310236 -12.8732605 -4.64198065
v -13.8931646 -14.3867979 -1.60000002
v -15.9856844 -11.6558027 -1.60530865
v -14.3775902 -10.4956121 -4.5999999
v -10.093009 -14.0429049 -4.30000019
v -12.4310236 -12.8732605 -4.64198065
v -10.1547174 -14.3648987 -4.59995413
v -12.1384182 -12.5697041 -4.30000019
v -13.682106 -10.5769548 -4.30000019
v -14.001749 -10.6498652 -4.59995413
v -13.682106 -10.5769548 -4.30000019
v -13.5812674 -9.66611862 -4.29998255
v -14.001749 -10.6498652 -4.59995413
v -13.8232508 -9.00047398 -4.60455894
v -13.6828442 -10.575943 -0.0999999642
v -13.682106 -10.5769548 -4.30000019
v -12.1384182 -12.5697041 -0.100000001
v -12.1384182 -12.5697041 -4.30000019
v -10.093009 -14.0429049 -4.30000019
v -10.0919724 -14.0436077 -0.0999999642
v -15.9856844 -11.6558027 -1.60530865
v -16.4846954 -7.71328735 -1.60000002
v -16.4846954 -7.71328735 0.600000024
v -15.9539728 -11.7264986 0.600000024
v -13.8931646 -14.3867979 -1.60000002
v -15.9856844 -11.6558027 -1.60530865
v -15.9539728 -11.7264986 0.600000024
v -13.8931646 -14.3867979 1.39999998
v -15.9539728 -11.7264986 1.39999998
v -11.1625633 -16.3535061 0.600000024
v -11.1094809 -16.3817272 -1.59487319
v -11.1625633 -16.3535061 1.39999998
v -7.13327646 -16.7438469 -1.60000002
v -11.1094809 -16.3817272 -1.59487319
v -11.1625633 -16.3535061 0.600000024
v -7.13327646 -16.7438469 0.600000024
v -11.1625633 -16.3535061 1.39999998
v -9.31536865 -16.1874866 0.911805868
v -11.1625633 -16.3535061 0.600000024
v -8.93709469 -16.1063862 1.40485179
v -6.73317671 -15.6097507 1.39999998
v -6.73317671 -15.6097507 0.899999976
v -11.1625633 -16.3535061 0.600000024
v -9.31536865 -16.1874866 0.911805868
v -7.13327646 -16.7438469 0.600000024
v -7.05808258 -16.4497261 0.899999976
v -11.1094809 -16.3817272 -1.59487319
v -7.13327646 -16.7438469 -1.60000002
v -7.65473557 -15.0966282 -3.10474277
v -4.34556913 -16.1478615 -3.10004663
v -4.50781727 -17.6569424 -1.60926247
v -1.45370531 -16.6642494 -3.06533194
v -1.56244421 -18.1328087 -1.60000002
v -7.13327646 -16.7438469 0.600000024
v -4.50781727 -17.6569424 -1.60926247
v -7.13327646 -16.7438469 -1.60000002
v -4.27382469 -17.7120113 0.606077254
v -1.56244421 -18.1328087 -1.60000002
v -1.56244421 -18.1328087 0.600000024
v -4.33825541 -17.3997955 0.900100887
v -1.49075627 -17.8378143 0.899999976
v -1.56244421 -18.1328087 0.600000024
v -4.27382469 -17.7120113 0.606077254
v -7.13327646 -16.7438469 0.600000024
v -7.05808258 -16.4497261 0.899999976
v -1.56244421 -18.1328087 0.600000024
v 0.89494288 -18.824379 0.899999976
v 2.17052603 -19.6801434 0.827650785
v -1.49075627 -17.8378143 0.899999976
v 2.17052603 -19.6801434 0.827650785
v 2.17845893 -19.6797943 -1.60000002
v -1.56244421 -18.1328087 0.600000024
v -1.56244421 -18.1328087 -1.60000002
v 2.19207501 -18.664959 -2.57396221
v -1.56244421 -18.1328087 -1.60000002
v 2.17845893 -19.6797943 -1.60000002
v -1.45370531 -16.6642494 -3.06533194
v 2.19207501 -18.664959 -2.57396221
v 0.069602415 -17.1813412 -2.60113287
v -1.45370531 -16.6642494 -3.06533194
v -1.20429862 -16.0070229 -2.55425858
v -2.04349446 -16.0827065 -3.06808186
v -1.20429862 -16.0070229 -2.55425858
v 0.069602415 -17.1813412 -2.60113287
v -1.00402844 -16.1994686 -2.0999999
v -1.29780006 -15.9305334 -1.01048768
v 0.434575528 -16.7943783 -0.100000001
v 2.44354963 -17.6251545 -2.0999999
v 2.44354963 -17.6251545 -0.100000001
v -1.45370531 -16.6642494 -3.06533194
v -2.04349446 -16.0827065 -3.06808186
v -4.34556913 -16.1478615 -3.10004663
v -4.51209927 -15.684948 -3.09990001
v -7.65473557 -15.0966282 -3.10474277
v -7.05801058 -14.8048735 -3.12271404
v 0.740171969 -15.7024374 -1.13812232
v -1.61397994 -15.5879345 -1.11698914
v -1.29780006 -15.9305334 -1.01048768
v 0.434575528 -16.7943783 -0.100000001
v 3.12654805 -16.5273476 -0.100033276
v 4.28586864 -15.159503 -1.12212431
v 6.24071121 -15.6126671 -0.100028411
v 7.56294632 -13.8949118 -1.10012293
v 8.53112793 -14.4727278 -0.100000001
v 9.43587875 -13.2058716 -0.669447005
v 9.54720974 -12.7498493 -1.08743799
v 2.44354963 -17.6251545 -0.100000001
v 3.12654805 -16.5273476 -0.100033276
v 0.434575528 -16.7943783 -0.100000001
v 4.95572948 -17.2826729 -0.100000001
v 6.24071121 -15.6126671 -0.100028411
v 7.26766634 -16.2418594 -0.100000001
v 8.53112793 -14.4727278 -0.100000001
v 4.28586864 -15.159503 -1.12212431
v 3.60679221 -14.8687944 -0.800000012
v 0.804102957 -15.3010826 -0.783761322
v 0.740171969 -15.7024374 -1.13812232
v -1.61397994 -15.5879345 -1.11698914
v -1.96840906 -15.1972218 -1.04268038
v 3.60679221 -14.8687944 -0.800000012
v 3.62146235 -14.9149218 2.8002696
v 0.804102957 -15.3010826 -0.783761322
v -0.260314614 -15.3205967 2.79998255
v -1.96840906 -15.1972218 -1.04268038
v -2.65613699 -15.0668678 2.80000138
v -2.65638828 -15.0672445 -1.09983432
v -2.65638828 -15.0672445 -1.09983432
v -2.65613699 -15.0668678 2.80000138
v -2.89386892 -14.7182035 -0.800000012
v -2.89386892 -14.7182035 2.79999995
v -2.65638828 -15.0672445 -1.09983432
v -2.89386892 -14.7182035 -0.800000012
v -4.73514795 -14.5717859 -1.09510529
v -4.36834192 -14.3646221 -0.799346328
v -2.89386892 -14.7182035 -0.800000012
v -4.3701458 -14.368969 2.79999995
v -4.36834192 -14.3646221 -0.799346328
v -2.89386892 -14.7182035 2.79999995
v -4.36834192 -14.3646221 -0.799346328
v -4.82401657 -14.5860443 2.80006504
v -4.73514795 -14.5717859 -1.09510529
v -4.3701458 -14.368969 2.79999995
v 1.23487449 -12.0932312 4.50274849
v -1.38781595 -11.4884338 4.00331974
v 1.38815296 -11.5085669 3.9968617
v -3.06400418 -11.6804304 4.49987316
v -4.36146116 -10.7177868 4.00961256
v -6.73654747 -10.0693598 4.5004034
v -6.63330936 -9.5109272 3.99849367
v -1.15907323 -11.5139952 2.80002785
v 1.40616584 -11.5147343 2.79999995
v 1.38815296 -11.5085669 3.9968617
v -1.38781595 -11.4884338 4.00331974
v -4.12488461 -10.8118954 2.79999995
v -4.36146116 -10.7177868 4.00961256
v -6.63977671 -9.50561333 2.79999995
v -6.63330936 -9.5109272 3.99849367
v 1.40616584 -11.5147343 2.79999995
v 2.12105942 -13.0799007 2.79999995
v 2.28159165 -12.6877918 2.79994822
v -1.15907323 -11.5139952 2.80002785
v -0.260314614 -15.3205967 2.79998255
v 3.62146235 -14.9149218 2.8002696
v -2.89386892 -14.7182035 2.79999995
v -2.65613699 -15.0668678 2.80000138
v -4.3701458 -14.368969 2.79999995
v -4.12488461 -10.8118954 2.79999995
v -4.82401657 -14.5860443 2.80006504
v -8.29024029 -12.8794346 2.799999
v -7.98599243 -10.5331469 2.79999995
v -10.165081 -11.4350824 2.79999995
v -6.63977671 -9.50561333 2.79999995
v -7.98869324 -10.1097584 2.80010104
v 1.40616584 -11.5147343 2.79999995
v 2.28159165 -12.6877918 2.79994822
v 2.42368245 -12.6800184 4.0006094
v 1.38815296 -11.5085669 3.9968617
v 1.38815296 -11.5085669 3.9968617
v 2.42368245 -12.6800184 4.0006094
v 1.23487449 -12.0932312 4.50274849
v 2.21907687 -13.2149801 4.5
v 2.21907687 -13.2149801 4.5
v 2.42368245 -12.6800184 4.0006094
v 3.33265042 -12.9880972 4.50009394
v 3.50554991 -12.4145527 4
v -0.594430447 -16.9896049 1.39999998
v 1.66190207 -16.9385509 1.40003467
v 2.18271852 -19.1628952 1.40006411
v 4.52083397 -18.3832836 1.39999914
v 5.30922556 -18.6051693 1.39999962
v 4.27280807 -17.503437 1.39999986
v 4.92638445 -16.9141579 1.41851234
v 5.49459219 -16.1264305 1.39914596
v 5.70866108 -17.2555676 1.39999962
v 7.37256002 -15.3503532 1.39885283
v 5.91071224 -18.0492821 1.40097022
v 8.30374813 -17.4077168 1.40006232
v 9.5072279 -14.0929985 1.39999998
v 5.49459219 -16.1264305 1.39914596
v 5.88698149 -15.4186392 1.88591325
v 7.37256002 -15.3503532 1.39885283
v 8.1178236 -14.3875351 1.90004373
v 9.5072279 -14.0929985 1.39999998
v 11.6102972 -11.8204184 1.89997113
v 11.4526997 -12.5907183 1.398265
v 14.0465946 -9.66129398 1.39729345
v 13.6681271 -9.30115414 1.89986992
v 5.34950209 -15.5246191 4.50843287
v 1.97288954 -16.4508591 4.50025845
v 3.33265042 -12.9880972 4.50009394
v 2.21907687 -13.2149801 4.5
v 1.23487449 -12.0932312 4.50274849
v -1.80919564 -15.523428 4.5
v -2.92138934 -16.2636013 4.50009584
v -3.06400418 -11.6804304 4.49987316
v -3.0240221 -12.1286964 4.5
v -5.69037867 -14.5557413 4.5
v -6.73654747 -10.0693598 4.5004034
v -6.49679756 -15.1931372 4.50007963
v -8.16338253 -10.6263437 4.5
v -9.74077034 -13.347579 4.50006008
v -9.04009533 -9.90322685 4.50009394
v -12.0144415 -11.2123671 4.51022434
v 3.33265042 -12.9880972 4.50009394
v 3.50554991 -12.4145527 4
v 5.86395979 -15.3282547 4.02123451
v 5.34950209 -15.5246191 4.50843287
v 5.62325048 -16.0223999 3.99777555
v 1.97288954 -16.4508591 4.50025845
v 2.58210492 -16.8246975 4.00000095
v -1.25565374 -16.9825306 3.98855257
v -2.92138934 -16.2636013 4.50009584
v -5.15095043 -16.2372551 3.98436666
v -6.49679756 -15.1931372 4.50007963
v -8.58006096 -14.7009134 3.99691439
v -9.74077034 -13.347579 4.50006008
v -10.9132633 -13.0345955 4
v -12.0144415 -11.2123671 4.51022434
v -12.458971 -11.4377441 3.99638653
v -12.5049477 -11.133481 4.00193167
v -12.3373137 -10.7773504 4.0031147
v -9.04009533 -9.90322685 4.50009394
v -8.92349434 -9.31564617 4
v 3.50554991 -12.4145527 4
v 2.42368245 -12.6800184 4.0006094
v 3.68089533 -12.3800602 0.573841572
v 2.28159165 -12.6877918 2.79994822
v 3.76677871 -12.3507013 -0.793478191
v 2.26671815 -12.707921 -0.796856463
v 3.50554991 -12.4145527 4
v 3.68089533 -12.3800602 0.573841572
v 3.80094123 -12.6992636 0.894410253
v 4.99209356 -14.1018715 1.60698807
v 5.00468302 -14.072319 0.899827182
v 5.158957 -14.380722 1.90099216
v 5.86395979 -15.3282547 4.02123451
v 5.88698149 -15.4186392 1.88591325
v 5.62325048 -16.0223999 3.99777555
v 5.49459219 -16.1264305 1.39914596
v 2.58210492 -16.8246975 4.00000095
v 1.66190207 -16.9385509 1.40003467
v -1.25565374 -16.9825306 3.98855257
v -0.594430447 -16.9896049 1.39999998
v -1.44673109 -16.9410038 0.901165187
v -4.23824644 -16.4958344 0.90001297
v -5.15095043 -16.2372551 3.98436666
v -6.73317671 -15.6097507 1.39999998
v -6.73317671 -15.6097507 0.899999976
v -7.45128059 -15.2800007 1.89999998
v -8.58006096 -14.7009134 3.99691439
v -10.2270145 -13.6523476 1.90017796
v -10.9132633 -13.0345955 4
v -12.458971 -11.4377441 3.99638653
v -12.5136271 -11.3926382 1.89991593
v -12.5049477 -11.133481 4.00193167
v -12.3348484 -10.7417746 1.89999998
v -12.3373137 -10.7773504 4.0031147
v -11.3885584 -10.2984343 1.90245605
v -8.92349434 -9.31564617 4
v -10.9984093 -10.1069965 1.5959152
v -9.22782516 -9.4386034 0.899999976
v -11.0666828 -10.0723925 0.900702238
v 5.88698149 -15.4186392 1.88591325
v 5.158957 -14.380722 1.90099216
v 7.48649454 -13.368989 1.89993525
v 8.1178236 -14.3875351 1.90004373
v 11.6102972 -11.8204184 1.89997113
v 10.928072 -10.8161507 1.90243566
v 13.6681271 -9.30115414 1.89986992
v 12.7507629 -8.11085987 1.90439868
v 13.8105612 -7.21462345 1.89986169
v 14.3289757 -5.7743969 1.89774573
v 17.3690357 -5.05069351 1.89999962
v 17.737875 -7.59712505 1.89999998
v 18.1574383 -5.27256918 1.89999962
v 18.8109989 -4.72280836 1.89999962
v 17.1883659 -4.25184631 1.8999989
v 14.2881413 -2.59792948 1.9001298
v 13.8183908 -4.39341402 1.89999998
v 15.3650255 -1.62133753 1.89735496
v 17.7747211 -3.68002224 1.89999962
v 16.4348965 1.79561055 1.89986145
v 15.5810623 -0.11352887 1.89986169
v 15.0665474 1.17429757 1.90457559
v 14.727891 4.41672373 1.90247643
v 19.2282486 -1.6195581 1.89999998
v 18.5660191 -3.89158726 1.89999962
v 15.8006363 4.98610115 1.89997113
v 12.8865395 8.2894268 1.89993525
v 13.9221449 8.89236164 1.90004373
v 12.4365044 10.8500834 1.88591397
v 11.306426 10.2754431 1.90099227
v 5.158957 -14.380722 1.90099216
v 4.99209356 -14.1018715 1.60698807
v 7.48649454 -13.368989 1.89993525
v 7.00156784 -13.2656717 1.60000002
v 9.46148205 -11.6739416 1.59722638
v 10.928072 -10.8161507 1.90243566
v 11.3592691 -9.79627514 1.60000002
v 12.4878588 -8.30983543 1.60000002
v 12.7507629 -8.11085987 1.90439868
v 7.66565371 -12.9249687 0.899980605
v 4.99209356 -14.1018715 1.60698807
v 5.00468302 -14.072319 0.899827182
v 7.00156784 -13.2656717 1.60000002
v 9.46148205 -11.6739416 1.59722638
v 10.6300993 -10.6203918 0.899985909
v 11.3592691 -9.79627514 1.60000002
v 12.4650564 -8.23405838 0.924156368
v 12.4878588 -8.30983543 1.60000002
v 7.66565371 -12.9249687 0.899980605
v 5.00468302 -14.072319 0.899827182
v 3.80094123 -12.6992636 0.894410253
v 6.06904507 -10.2019711 0.900001705
v 4.13238955 -11.135458 0.900332332
v 10.2185192 -9.82687378 0.896432221
v 7.88020039 -8.85013771 0.899999976
v 10.6300993 -10.6203918 0.899985909
v 11.7555904 -8.18808556 0.900241792
v 12.4650564 -8.23405838 0.924156368
v 3.68089533 -12.3800602 0.573841572
v 4.13238955 -11.135458 0.900332332
v 3.80094123 -12.6992636 0.894410253
v 3.87634277 -10.9514856 0.602775276
v 4.13199663 -11.1729898 -1.10096037
v 6.57908344 -9.57403755 -0.818430901
v 3.89222598 -10.9559259 -0.817947209
v 6.55430937 -9.87236023 -1.10000002
v 3.89222598 -10.9559259 -0.817947209
v 6.57908344 -9.57403755 -0.818430901
v 3.87634277 -10.9514856 0.602775276
v 6.13343859 -9.80707359 0.591276824
v 6.57085705 -9.53620815 -0.0533185601
v 7.82923651 -8.4914999 0.600000024
v 7.83576536 -8.53625584 -0.062233679
v 8.53112793 -14.4727278 -0.100000001
v 9.43587875 -13.2058716 -2.0999999
v 9.43587875 -13.2058716 -0.669447005
v 7.26766634 -16.2418594 -2.0999999
v 7.26766634 -16.2418594 -0.100000001
v 9.43587875 -13.2058716 -2.0999999
v 7.26766634 -16.2418594 -2.0999999
v 9.04570293 -14.60748 -2.60113287
v 7.59606743 -16.6423492 -2.5999999
v 9.04570293 -14.60748 -2.60113287
v 9.49924946 -12.9503698 -2.54109764
v 9.43587875 -13.2058716 -2.0999999
v 9.54720974 -12.7498493 -1.08743799
v 9.43587875 -13.2058716 -0.669447005
v 10.937398 -11.6778994 -1.10000002
v 9.54720974 -12.7498493 -1.08743799
v 9.49924946 -12.9503698 -2.54109764
v 10.2903147 -12.4111271 -3.01789665
v 12.1600142 -10.4311333 -2.80147767
v 12.7909536 -9.64337921 -1.09974265
v 13.4899073 -8.60362625 -2.79999995
v 14.1905575 -7.29617453 -1.08459604
v 14.2532396 -7.26946783 -3.29014397
v 13.9857931 -7.88611794 -4.01181793
v 14.6910028 -7.487885 -4.6048584
v 15.1617384 -6.92866373 -4.29998302
v 16.2239304 -6.80093718 -4.59995413
v 16.0009651 -6.56057358 -4.30000019
v 12.2423115 -11.3913641 -3.10004663
v 10.2903147 -12.4111271 -3.01789665
v 10.1237659 -13.2768402 -3.09048915
v 12.1382341 -10.9105406 -3.09990001
v 14.4997406 -8.74190807 -3.1043148
v 13.8306189 -8.81641769 -3.12310004
v 10.2903147 -12.4111271 -3.01789665
v 9.49924946 -12.9503698 -2.54109764
v 10.1237659 -13.2768402 -3.09048915
v 9.04570293 -14.60748 -2.60113287
v 8.03117466 -16.9901733 -2.57389164
v 13.1801758 -12.5845404 -1.60912287
v 10.1237659 -13.2768402 -3.09048915
v 10.9339571 -14.5495214 -1.60000002
v 12.2423115 -11.3913641 -3.10004663
v 14.9222517 -10.4195213 -1.60000002
v 14.4997406 -8.74190807 -3.1043148
v 18.0870266 -8.01615334 -1.6053195
v 18.0870266 -8.01615334 -1.6053195
v 17.3640823 -4.32895088 -4.64200115
v 16.2782631 -7.20355272 -4.5999999
v 19.4059143 -4.83843517 -1.60000002
v 19.7438335 -1.49031103 -1.60000002
v 17.7525921 -1.26265275 -4.60009956
v 18.0870266 -8.01615334 -1.6053195
v 16.2782631 -7.20355272 -4.5999999
v 14.9360065 -7.75913239 -4.60036993
v 14.4997406 -8.74190807 -3.1043148
v 14.2845602 -8.20988655 -4.14649534
v 13.8306189 -8.81641769 -3.12310004
v 14.1905575 -7.29617453 -1.08459604
v 14.2532396 -7.26946783 -3.29014397
v 15.3403025 -6.85026312 -0.0998905152
v 15.1617384 -6.92866373 -4.29998302
v 16.0004578 -6.56171846 -0.0999999642
v 16.0009651 -6.56057358 -4.30000019
v 13.8306189 -8.81641769 -3.12310004
v 13.4899073 -8.60362625 -2.79999995
v 12.1600142 -10.4311333 -2.80147767
v 12.1382341 -10.9105406 -3.09990001
v 10.2903147 -12.4111271 -3.01789665
v 13.4899073 -8.60362625 -2.79999995
v 13.8306189 -8.81641769 -3.12310004
v 13.9857931 -7.88611794 -4.01181793
v 14.2845602 -8.20988655 -4.14649534
v 14.6910028 -7.487885 -4.6048584
v 14.9360065 -7.75913239 -4.60036993
v 16.2239304 -6.80093718 -4.59995413
v 16.2782631 -7.20355272 -4.5999999
v 17.3640823 -4.32895088 -4.64200115
v 17.1594868 -4.27813864 -4.64200115
v 17.517725 -1.6117928 -4.59995413
v 17.7525921 -1.26265275 -4.60009956
v 16.8014641 -0.153986648 -4.60005617
v 16.4933434 -0.317197144 -4.60331059
v 16.4390392 0.462693244 -4.22818422
v 16.0038891 0.411742032 -3.93701577
v 16.3516197 1.29005098 -3.12305117
v 15.9500399 1.26342738 -2.79999995
v 10.558568 -9.66166973 -1.10000587
v 8.98633671 -10.6907263 -0.794987977
v 9.04204178 -10.9880638 -1.09847176
v 10.4415131 -9.34271908 -0.797044635
v 11.7275276 -8.18260956 -1.10000002
v 11.5804291 -7.86725092 -0.800000012
v 7.83576536 -8.53625584 -0.062233679
v 9.03324509 -10.6852894 -0.100768581
v 10.170186 -9.58355808 -0.0715658814
v 6.57085705 -9.53620815 -0.0533185601
v 6.57085705 -9.53620815 -0.0533185601
v 8.98633671 -10.6907263 -0.794987977
v 9.03324509 -10.6852894 -0.100768581
v 6.57908344 -9.57403755 -0.818430901
v 7.82923651 -8.4914999 0.600000024
v 10.170186 -9.58355808 -0.0715658814
v 10.1587896 -9.52470684 0.572704256
v 7.83576536 -8.53625584 -0.062233679
v 7.88020039 -8.85013771 0.899999976
v 7.82923651 -8.4914999 0.600000024
v 10.1587896 -9.52470684 0.572704256
v 10.2185192 -9.82687378 0.896432221
v 6.13343859 -9.80707359 0.591276824
v 7.82923651 -8.4914999 0.600000024
v 7.88020039 -8.85013771 0.899999976
v 6.06904507 -10.2019711 0.900001705
v 3.87634277 -10.9514856 0.602775276
v 4.13238955 -11.135458 0.900332332
v 6.55430937 -9.87236023 -1.10000002
v 8.98633671 -10.6907263 -0.794987977
v 6.57908344 -9.57403755 -0.818430901
v 9.04204178 -10.9880638 -1.09847176
v 10.2185192 -9.82687378 0.896432221
v 10.1587896 -9.52470684 0.572704256
v 11.7555904 -8.18808556 0.900241792
v 11.6097631 -7.87637234 0.603192806
v 11.6097631 -7.87637234 0.603192806
v 10.1587896 -9.52470684 0.572704256
v 10.170186 -9.58355808 -0.0715658814
v 11.5804291 -7.86725092 -0.800000012
v 10.4415131 -9.34271908 -0.797044635
v 9.03324509 -10.6852894 -0.100768581
v 8.98633671 -10.6907263 -0.794987977
v 12.3239117 -7.84785938 -0.798417628
v 11.5804291 -7.86725092 -0.800000012
v 11.7275276 -8.18260956 -1.10000002
v 12.5174789 -8.10966396 -1.09991837
v 13.2111254 -7.41640663 -0.797775626
v 13.4873762 -7.54703188 -1.09457135
v 13.8148479 -6.60101366 -0.798641741
v 14.2224188 -6.3114624 -1.09980249
v 13.9520273 -5.33329391 -0.788674057
v 14.2023344 -5.17782211 -1.09983575
v 13.8183908 -4.39341402 -1.10000002
v 13.4998655 -4.47050571 -0.792427719
v 12.4784174 -7.84571362 0.610527515
v 11.6097631 -7.87637234 0.603192806
v 11.5804291 -7.86725092 -0.800000012
v 12.3239117 -7.84785938 -0.798417628
v 13.2111254 -7.41640663 -0.797775626
v 13.4786978 -7.19908476 1.59821463
v 12.4334669 -7.94507122 1.61348057
v 13.8148479 -6.60101366 -0.798641741
v 13.9646473 -6.01766634 1.59983957
v 13.9520273 -5.33329391 -0.788674057
v 13.843647 -5.04737091 1.59943926
v 13.4998655 -4.47050571 -0.792427719
v 13.5134554 -4.47458887 1.60561228
v 11.7555904 -8.18808556 0.900241792
v 12.4784174 -7.84571362 0.610527515
v 12.4650564 -8.23405838 0.924156368
v 11.6097631 -7.87637234 0.603192806
v 11.4526997 -12.5907183 1.398265
v 10.2045069 -13.5993052 0.901191056
v 9.5072279 -14.0929985 1.39999998
v 12.2015781 -11.8691769 0.900005877
v 14.0465946 -9.66129398 1.39729345
v 13.9819689 -9.66977596 0.899999976
v 8.30374813 -17.4077168 1.40006232
v 9.5072279 -14.0929985 1.39999998
v 10.2045069 -13.5993052 0.901191056
v 9.2164526 -16.4382229 0.899999976
v 8.58735085 -17.8400631 0.828165829
v 10.7168388 -14.3373413 0.899999976
v 9.2164526 -16.4382229 0.899999976
v 10.2045069 -13.5993052 0.901191056
v 12.2015781 -11.8691769 0.900005877
v 12.8995399 -12.4569368 0.900100887
v 14.7026234 -10.20994 0.899999976
v 13.9819689 -9.66977596 0.899999976
v 16.4784508 -8.79109383 0.911799788
v 10.9339571 -14.5495214 0.600000024
v 10.9339571 -14.5495214 -1.60000002
v 8.58735085 -17.8400631 0.828165829
v 8.58127022 -17.8438168 -1.60000002
v 13.0103512 -12.7558489 0.60607779
v 10.9339571 -14.5495214 -1.60000002
v 10.9339571 -14.5495214 0.600000024
v 13.1801758 -12.5845404 -1.60912287
v 14.9222517 -10.4195213 0.600000024
v 14.9222517 -10.4195213 -1.60000002
v 18.0870266 -8.01615334 -1.6053195
v 18.1324329 -7.95329714 0.600000024
v 8.58735085 -17.8400631 0.828165829
v 9.2164526 -16.4382229 0.899999976
v 10.9339571 -14.5495214 0.600000024
v 10.7168388 -14.3373413 0.899999976
v 12.8995399 -12.4569368 0.900100887
v 13.0103512 -12.7558489 0.60607779
v 14.9222517 -10.4195213 0.600000024
v 14.7026234 -10.20994 0.899999976
v 16.4784508 -8.79109383 0.911799788
v 18.1324329 -7.95329714 0.600000024
v 8.58735085 -17.8400631 0.828165829
v 8.58127022 -17.8438168 -1.60000002
v 5.51274967 -19.2252331 -1.60000002
v 5.51274967 -19.2252331 0.899999976
v 2.17052603 -19.6801434 0.827650785
v 2.17845893 -19.6797943 -1.60000002
v 5.51274967 -19.2252331 0.899999976
v 8.30374813 -17.4077168 1.40006232
v 8.58735085 -17.8400631 0.828165829
v 5.30922556 -18.6051693 1.39999962
v 2.18271852 -19.1628952 1.40006411
v 2.17052603 -19.6801434 0.827650785
v 5.51274967 -19.2252331 -1.60000002
v 8.58127022 -17.8438168 -1.60000002
v 8.03117466 -16.9901733 -2.57389164
v 5.23424006 -18.253952 -2.5999999
v 2.19207501 -18.664959 -2.57396221
v 2.17845893 -19.6797943 -1.60000002
v 8.58127022 -17.8438168 -1.60000002
v 10.9339571 -14.5495214 -1.60000002
v 8.03117466 -16.9901733 -2.57389164
v 10.1237659 -13.2768402 -3.09048915
v 8.03117466 -16.9901733 -2.57389164
v 9.04570293 -14.60748 -2.60113287
v 7.59606743 -16.6423492 -2.5999999
v 5.23424006 -18.253952 -2.5999999
v 5.09498501 -17.7683125 -2.5999999
v 2.37727666 -18.1388149 -2.5999999
v 2.19207501 -18.664959 -2.57396221
v 0.069602415 -17.1813412 -2.60113287
v 5.09498501 -17.7683125 -2.5999999
v 7.59606743 -16.6423492 -2.5999999
v 7.26766634 -16.2418594 -2.0999999
v 4.95572948 -17.2826729 -2.0999999
v 2.44354963 -17.6251545 -2.0999999
v 2.37727666 -18.1388149 -2.5999999
v 2.44354963 -17.6251545 -2.0999999
v 0.069602415 -17.1813412 -2.60113287
v 2.37727666 -18.1388149 -2.5999999
v -1.00402844 -16.1994686 -2.0999999
v 4.95572948 -17.2826729 -2.0999999
v 7.26766634 -16.2418594 -2.0999999
v 7.26766634 -16.2418594 -0.100000001
v 4.95572948 -17.2826729 -0.100000001
v 2.44354963 -17.6251545 -2.0999999
v 2.44354963 -17.6251545 -0.100000001
v 0.89494288 -18.824379 0.899999976
v 2.18271852 -19.1628952 1.40006411
v 2.17052603 -19.6801434 0.827650785
v -1.44673109 -16.9410038 0.901165187
v -0.594430447 -16.9896049 1.39999998
v 14.0465946 -9.66129398 1.39729345
v 13.6681271 -9.30115414 1.89986992
v 16.1260452 -8.91822433 1.4024502
v 17.737875 -7.59712505 1.89999998
v 18.1324329 -7.95329714 1.39999998
v 14.0465946 -9.66129398 1.39729345
v 16.4784508 -8.79109383 0.911799788
v 13.9819689 -9.66977596 0.899999976
v 16.1260452 -8.91822433 1.4024502
v 18.1324329 -7.95329714 1.39999998
v 18.1324329 -7.95329714 0.600000024
v 19.4059143 -4.83843517 1.39999998
v 18.1324329 -7.95329714 1.39999998
v 17.737875 -7.59712505 1.89999998
v 18.8109989 -4.72280836 1.89999962
v 19.2282486 -1.6195581 1.89999998
v 19.7438335 -1.49031103 1.39999998
v 13.843647 -5.04737091 1.59943926
v 13.5134554 -4.47458887 1.60561228
v 13.8183908 -4.39341402 1.89999998
v 14.3289757 -5.7743969 1.89774573
v 13.9646473 -6.01766634 1.59983957
v 13.4786978 -7.19908476 1.59821463
v 13.8105612 -7.21462345 1.89986169
v 12.7507629 -8.11085987 1.90439868
v 12.4334669 -7.94507122 1.61348057
v 13.8183908 -4.39341402 1.89999998
v 13.5134554 -4.47458887 1.60561228
v 14.2881413 -2.59792948 1.9001298
v 13.9955711 -2.40082788 1.60000002
v 13.9955711 -2.40082788 1.60000002
v 14.0131636 -2.42317629 -0.788225472
v 14.5928097 -2.04263306 1.59943879
v 14.9711132 -1.60205483 -0.798387766
v 15.1551733 -1.2427218 1.59983969
v 15.2967749 -0.657325864 -0.798641801
v 15.2807493 0.0285528582 1.5982151
v 15.1465216 0.346059084 -0.797775865
v 14.7011299 1.06909478 0.610526979
v 14.7080851 1.17792726 1.61348045
v 14.5657177 1.1435256 -0.798417747
v 13.9183636 1.50969315 -0.800000012
v 13.9485445 1.50397515 0.603192806
v 13.9955711 -2.40082788 1.60000002
v 14.5928097 -2.04263306 1.59943879
v 14.2881413 -2.59792948 1.9001298
v 15.3650255 -1.62133753 1.89735496
v 15.1551733 -1.2427218 1.59983969
v 15.2807493 0.0285528582 1.5982151
v 15.5810623 -0.11352887 1.89986169
v 15.0665474 1.17429757 1.90457559
v 14.7080851 1.17792726 1.61348045
v 13.4998655 -4.47050571 -0.792427719
v 14.0131636 -2.42317629 -0.788225472
v 13.5134554 -4.47458887 1.60561228
v 13.9955711 -2.40082788 1.60000002
v 14.2881975 -2.5978055 -1.10016394
v 13.4998655 -4.47050571 -0.792427719
v 13.8183908 -4.39341402 -1.10000002
v 14.0131636 -2.42317629 -0.788225472
v 14.9707584 -2.09584117 -1.09983575
v 14.9711132 -1.60205483 -0.798387766
v 15.5207043 -1.10432029 -1.09980249
v 15.2967749 -0.657325864 -0.798641801
v 15.451767 0.331691444 -1.09457171
v 15.1465216 0.346059084 -0.797775865
v 14.8595428 1.28380632 -1.09991848
v 14.5657177 1.1435256 -0.798417747
v 14.1962948 1.71907914 -1.10000002
v 13.9183636 1.50969315 -0.800000012
v 15.3403025 -6.85026312 -0.0998905152
v 15.4199915 -3.78698397 -1.09975719
v 14.1905575 -7.29617453 -1.08459604
v 16.329277 -4.07133722 -0.100046396
v 16.7606869 -1.15340722 -0.099890545
v 15.9553823 -0.22155951 -1.08475447
v 16.329277 -4.07133722 -0.100046396
v 17.208107 -1.71809888 -0.0999999642
v 16.7606869 -1.15340722 -0.099890545
v 16.9548912 -4.22732639 -0.100000001
v 16.0004578 -6.56171846 -0.0999999642
v 15.3403025 -6.85026312 -0.0998905152
v 16.7606869 -1.15340722 -0.099890545
v 15.9976721 -0.272926599 -3.29014111
v 15.9553823 -0.22155951 -1.08475447
v 16.6398315 -1.00035477 -4.29998207
v 17.208107 -1.71809888 -0.0999999642
v 17.2080173 -1.71934938 -4.30000019
v 16.6398315 -1.00035477 -4.29998207
v 17.2080173 -1.71934938 -4.30000019
v 17.517725 -1.6117928 -4.59995413
v 16.4933434 -0.317197144 -4.60331059
v 15.9976721 -0.272926599 -3.29014111
v 16.0038891 0.411742032 -3.93701577
v 15.9500399 1.26342738 -2.79999995
v 15.9553823 -0.22155951 -1.08475447
v 15.8210354 2.50960684 -1.09974265
v 15.6337748 3.50136828 -2.80147696
v 15.1395884 5.17618036 -1.10000002
v 14.771081 6.27687979 -2.84395027
v 14.4672794 6.97050095 -2.5482626
v 14.4153891 6.77545023 -1.08759511
v 16.9548912 -4.22732639 -0.100000001
v 17.2080173 -1.71934938 -4.30000019
v 17.208107 -1.71809888 -0.0999999642
v 16.9548912 -4.22732639 -4.30000019
v 16.0009651 -6.56057358 -4.30000019
v 16.0004578 -6.56171846 -0.0999999642
v 16.9490452 0.895732939 -3.10275102
v 17.7525921 -1.26265275 -4.60009956
v 19.7438335 -1.49031103 -1.60000002
v 16.8014641 -0.153986648 -4.60005617
v 16.4390392 0.462693244 -4.22818422
v 16.3516197 1.29005098 -3.12305117
v 16.3516197 1.29005098 -3.12305117
v 16.9490452 0.895732939 -3.10275102
v 15.8396177 3.93486452 -3.09990001
v 16.1572437 4.31055498 -3.10004663
v 15.0168371 6.3386116 -3.0999198
v 15.1585159 7.07317638 -3.06533241
v 13.2009363 8.71791458 -1.10012293
v 14.4153891 6.77545023 -1.08759511
v 14.5311661 7.23021936 -0.669447005
v 14.3270712 8.77354145 -0.100000001
v 12.8399267 10.8553286 -0.100028403
v 10.9011478 11.3729582 -1.12212408
v 10.5197086 13.1249466 -0.100033261
v 8.02539062 13.5169334 -1.1381228
v 8.26818657 14.6245384 -0.100000001
v 6.33346415 14.6752272 -1.0103792
v 5.89302921 14.5210485 -1.11698914
v 12.9534531 5.22052479 -0.794987381
v 10.3037338 5.36468744 -0.818252385
v 10.279603 5.33543634 -0.0433612391
v 12.9923439 5.19366789 -0.100733995
v 10.4219027 5.63971758 -1.10000002
v 12.9534531 5.22052479 -0.794987381
v 13.142231 5.45690584 -1.09847176
v 10.3037338 5.36468744 -0.818252385
v 10.3037338 5.36468744 -0.818252385
v 8.57986259 7.84624004 -0.817822099
v 8.56385708 7.84956026 0.602437615
v 10.0200338 5.77899361 0.591375351
v 10.279603 5.33543634 -0.0433612391
v 10.8993206 3.82194877 0.600000024
v 10.9241571 3.86866665 -0.0644045696
v 10.1481781 6.15857077 0.900001705
v 8.56385708 7.84956026 0.602437615
v 8.87646198 7.89199114 0.900332391
v 10.0200338 5.77899361 0.591375351
v 11.1126909 4.11468077 0.899999976
v 10.8993206 3.82194877 0.600000024
v 8.87646198 7.89199114 0.900332391
v 9.06282806 9.20347977 0.574556231
v 9.3178587 9.42834568 0.894364715
v 8.56385708 7.84956026 0.602437615
v 9.3178587 9.42834568 0.894364715
v 11.0672855 10.072279 0.901166081
v 12.9153624 7.66347075 0.900016248
v 10.1481781 6.15857077 0.900001705
v 8.87646198 7.89199114 0.900332391
v 13.6398563 3.88361859 0.896143854
v 11.1126909 4.11468077 0.899999976
v 14.3717852 4.3867383 0.900005817
v 14.2236433 1.71073949 0.900241792
v 14.8716488 1.4182564 0.924156249
v 12.4098711 8.42585945 1.60000002
v 11.0672855 10.072279 0.901166081
v 10.9992809 10.1070566 1.59624243
v 12.9153624 7.66347075 0.900016248
v 13.8345776 5.86557531 1.59722614
v 14.3717852 4.3867383 0.900005817
v 14.6287107 3.31674814 1.60000002
v 14.8716488 1.4182564 0.924156249
v 14.9273567 1.47445822 1.60000002
v 12.8865395 8.2894268 1.89993525
v 10.9992809 10.1070566 1.59624243
v 11.306426 10.2754431 1.90099227
v 12.4098711 8.42585945 1.60000002
v 13.8345776 5.86557531 1.59722614
v 14.727891 4.41672373 1.90247643
v 14.6287107 3.31674814 1.60000002
v 14.9273567 1.47445822 1.60000002
v 15.0665474 1.17429757 1.90457559
v 13.4347763 3.6416173 0.5685817
v 11.1126909 4.11468077 0.899999976
v 13.6398563 3.88361859 0.896143854
v 10.8993206 3.82194877 0.600000024
v 13.4347763 3.6416173 0.5685817
v 13.4538345 3.72498727 -0.0752253681
v 10.8993206 3.82194877 0.600000024
v 10.9241571 3.86866665 -0.0644045696
v 13.5432739 3.52291703 -0.00932013243
v 13.4538345 3.72498727 -0.0752253681
v 13.4347763 3.6416173 0.5685817
v 13.9485445 1.50397515 0.603192806
v 13.9183636 1.50969315 -0.800000012
v 13.605443 3.34716535 -0.797044694
v 13.4538345 3.72498727 -0.0752253681
v 12.9923439 5.19366789 -0.100733995
v 12.9534531 5.22052479 -0.794987381
v 14.2236433 1.71073949 0.900241792
v 13.9485445 1.50397515 0.603192806
v 13.4347763 3.6416173 0.5685817
v 13.6398563 3.88361859 0.896143854
v 14.8716488 1.4182564 0.924156249
v 14.7011299 1.06909478 0.610526979
v 14.2236433 1.71073949 0.900241792
v 13.9485445 1.50397515 0.603192806
v 19.7438335 -1.49031103 1.39999998
v 19.2282486 -1.6195581 1.89999998
v 18.4253025 0.303614378 1.40245032
v 16.4348965 1.79561055 1.89986145
v 16.9381084 1.93594444 1.39729309
v 19.7438335 -1.49031103 1.39999998
v 19.7438335 -1.49031103 0.600000024
v 19.4059143 -4.83843517 1.39999998
v 19.4059143 -4.83843517 -1.60000002
v 19.7438335 -1.49031103 -1.60000002
v 18.1324329 -7.95329714 0.600000024
v 18.1324329 -7.95329714 1.39999998
v 18.0870266 -8.01615334 -1.6053195
v 13.605443 3.34716535 -0.797044694
v 13.9183636 1.50969315 -0.800000012
v 14.1962948 1.71907914 -1.10000002
v 13.8585339 3.57382488 -1.10000587
v 12.9534531 5.22052479 -0.794987381
v 13.142231 5.45690584 -1.09847176
v 13.4538345 3.72498727 -0.0752253681
v 12.9923439 5.19366789 -0.100733995
v 10.9241571 3.86866665 -0.0644045696
v 10.279603 5.33543634 -0.0433612391
v 4.13199663 -11.1729898 -1.10096037
v 3.76677871 -12.3507013 -0.793478191
v 4.05819988 -12.5845184 -1.09979689
v 3.89222598 -10.9559259 -0.817947209
v 3.76677871 -12.3507013 -0.793478191
v 2.26671815 -12.707921 -0.796856463
v 2.41169596 -12.9778166 -1.10000002
v 4.05819988 -12.5845184 -1.09979689
v 4.28586864 -15.159503 -1.12212431
v 2.41169596 -12.9778166 -1.10000002
v 3.60679221 -14.8687944 -0.800000012
v 2.09808755 -12.972518 -0.812021732
v 2.12105942 -13.0799007 2.79999995
v 3.60679221 -14.8687944 -0.800000012
v 2.09808755 -12.972518 -0.812021732
v 3.62146235 -14.9149218 2.8002696
v 2.12105942 -13.0799007 2.79999995
v 2.09808755 -12.972518 -0.812021732
v 2.28159165 -12.6877918 2.79994822
v 2.26671815 -12.707921 -0.796856463
v 3.68089533 -12.3800602 0.573841572
v 3.76677871 -12.3507013 -0.793478191
v 3.87634277 -10.9514856 0.602775276
v 3.89222598 -10.9559259 -0.817947209
v 0.89494288 -18.824379 0.899999976
v -1.49075627 -17.8378143 0.899999976
v -1.44673109 -16.9410038 0.901165187
v -4.23824644 -16.4958344 0.90001297
v -4.33825541 -17.3997955 0.900100887
v -7.05808258 -16.4497261 0.899999976
v -6.73317671 -15.6097507 0.899999976
v -9.31536865 -16.1874866 0.911805868
v -8.93709469 -16.1063862 1.40485179
v -7.45128059 -15.2800007 1.89999998
v -6.73317671 -15.6097507 1.39999998
v -10.9556494 -15.8760147 1.90068889
v -11.1625633 -16.3535061 1.39999998
v -15.7864313 -9.50644875 1.40244997
v -15.4482412 -11.5628872 1.89999998
v -15.9539728 -11.7264986 1.39999998
v -14.8833914 -7.15460539 1.8999784
v -15.3906288 -7.33534908 1.39709294
v -13.8931646 -14.3867979 1.39999998
v -15.9539728 -11.7264986 1.39999998
v -15.4482412 -11.5628872 1.89999998
v -13.4955692 -13.9294004 1.89999962
v -10.9556494 -15.8760147 1.90068889
v -11.1625633 -16.3535061 1.39999998
v -15.9539728 -11.7264986 1.39999998
v -15.9539728 -11.7264986 0.600000024
v -15.8525352 -9.87521076 0.911799788
v -15.7864313 -9.50644875 1.40244997
v -15.3906288 -7.33534908 1.39709294
v -15.3652554 -7.27385235 0.899999976
v -16.4846954 -7.71328735 0.600000024
v -15.8525352 -9.87521076 0.911799788
v -15.9539728 -11.7264986 0.600000024
v -16.1933784 -7.62787437 0.899999976
v -15.8525352 -9.87521076 0.911799788
v -16.1933784 -7.62787437 0.899999976
v -15.3652554 -7.27385235 0.899999976
v -16.379797 -4.63229942 0.900005817
v -17.237793 -4.94287205 0.900100946
v -17.7749214 -2.1123836 0.899999976
v -16.8795967 -2.03770876 0.901191115
v -18.8441448 0.237430155 0.899999976
v -17.237793 -4.94287205 0.900100946
v -16.1933784 -7.62787437 0.899999976
v -16.4846954 -7.71328735 0.600000024
v -17.5520611 -4.88938236 0.606078565
v -18.067234 -2.19432354 0.600000024
v -17.7749214 -2.1123836 0.899999976
v -11.3865442 -8.05686283 0.597386539
v -12.4477091 -6.40738106 0.600000024
v -11.3973417 -8.06898499 -0.80916518
v -12.44771 -6.40738106 -0.800000012
v -13.3996458 -4.14451122 0.596593499
v -13.4583769 -3.95135117 -0.793792427
v -13.9177647 -1.51520216 0.600000024
v -13.9177647 -1.51520216 -0.800000012
v -12.4477091 -6.40738106 0.600000024
v -11.3865442 -8.05686283 0.597386539
v -11.5273504 -8.35337448 0.895606101
v -12.7485991 -6.47790289 0.899999976
v -13.3996458 -4.14451122 0.596593499
v -13.8056993 -3.82810879 0.899897456
v -13.9177647 -1.51520216 0.600000024
v -14.2453423 -1.2490921 0.899999976
v -16.6364689 -3.59368157 1.40095913
v -16.8795967 -2.03770876 0.901191115
v -17.0018406 -1.05109298 1.40629792
v -16.379797 -4.63229942 0.900005817
v -15.3906288 -7.33534908 1.39709294
v -15.3652554 -7.27385235 0.899999976
v -16.4846954 -7.71328735 0.600000024
v -16.4846954 -7.71328735 -1.60000002
v -17.4886169 -5.12210608 -1.60912323
v -17.5520611 -4.88938236 0.606078565
v -18.067234 -2.19432354 -1.60000002
v -18.067234 -2.19432354 0.600000024
v -18.067234 -2.19432354 0.600000024
v -18.067234 -2.19432354 -1.60000002
v -19.7436218 1.48316717 0.828164935
v -19.7438335 1.49031103 -1.60000002
v -19.7436218 1.48316717 0.828164935
v -18.8441448 0.237430155 0.899999976
v -18.067234 -2.19432354 0.600000024
v -17.7749214 -2.1123836 0.899999976
v -19.7436218 1.48316717 0.828164935
v -19.2274017 1.51259911 1.40005815
v -18.8441448 0.237430155 0.899999976
v -16.8795967 -2.03770876 0.901191115
v -17.0018406 -1.05109298 1.40629792
v -13.9177647 -1.51520216 0.600000024
v -13.087225 -1.33483744 -0.812453449
v -13.9177647 -1.51520216 -0.800000012
v -13.0391254 -1.27959383 0.622467339
v -13.0391254 -1.27959383 0.622467339
v -13.9177647 -1.51520216 0.600000024
v -13.3055763 -1.1072073 0.901136816
v -14.2453423 -1.2490921 0.899999976
v -13.9177647 -1.51520216 -0.800000012
v -13.3015709 -1.1040467 -1.10136569
v -14.2453423 -1.2490921 -1.10000002
v -13.087225 -1.33483744 -0.812453449
v -13.8057137 -3.82811189 -1.09991229
v -13.9177647 -1.51520216 -0.800000012
v -14.2453423 -1.2490921 -1.10000002
v -13.4583769 -3.95135117 -0.793792427
v -12.7485991 -6.47790289 -1.10000002
v -12.44771 -6.40738106 -0.800000012
v -11.5112734 -8.36320305 -1.09602821
v -11.3973417 -8.06898499 -0.80916518
v -11.3865442 -8.05686283 0.597386539
v -10.8138418 -7.99712706 0.588425636
v -11.5273504 -8.35337448 0.895606101
v -10.7347441 -8.29571819 0.897666514
v -10.8138418 -7.99712706 0.588425636
v -11.3865442 -8.05686283 0.597386539
v -11.3973417 -8.06898499 -0.80916518
v -10.869915 -8.02005196 -0.789182186
v -10.869915 -8.02005196 -0.789182186
v -11.3973417 -8.06898499 -0.80916518
v -11.5112734 -8.36320305 -1.09602821
v -10.7348833 -8.29548836 -1.09740984
v -10.211895 -7.41411734 -1.09546423
v -10.869915 -8.02005196 -0.789182186
v -10.7348833 -8.29548836 -1.09740984
v -10.5346718 -7.34687567 -0.807565868
v -10.8138418 -7.99712706 0.588425636
v -10.2252378 -7.43104029 0.898096681
v -10.7347441 -8.29571819 0.897666514
v -10.559659 -7.27812481 0.599796355
v -8.70884323 -7.54577446 0.900329351
v -9.06201458 -9.20275021 0.573700964
v -9.48502922 -9.18204784 0.899998665
v -8.40196228 -7.53838253 0.603452623
v -8.40196228 -7.53838253 0.603452623
v -9.1241684 -9.13662815 -0.79347831
v -9.06201458 -9.20275021 0.573700964
v -8.40671253 -7.49371719 -0.802908719
v -9.1241684 -9.13662815 -0.79347831
v -8.40671253 -7.49371719 -0.802908719
v -8.70884323 -7.54577112 -1.10032952
v -9.49132729 -9.20627689 -1.09985948
v -9.33346939 -6.20654011 0.599141836
v -8.40671253 -7.49371719 -0.802908719
v -8.40196228 -7.53838253 0.603452623
v -10.0834131 -4.98933411 -0.783447146
v -10.0244932 -4.93516588 0.588354468
v -8.70884323 -7.54577112 -1.10032952
v -8.40671253 -7.49371719 -0.802908719
v -10.0834131 -4.98933411 -0.783447146
v -10.4711294 -4.88483524 -1.09880447
v -9.33346939 -6.20654011 0.599141836
v -8.40196228 -7.53838253 0.603452623
v -8.70884323 -7.54577446 0.900329351
v -10.4155445 -4.92754507 0.896422744
v -10.0244932 -4.93516588 0.588354468
v -10.0834131 -4.98933411 -0.783447146
v -10.1675682 -4.52686739 -1.10764635
v -10.4711294 -4.88483524 -1.09880447
v -9.88072205 -4.57809973 -0.805581748
v -10.0911407 -3.96512628 -0.796138883
v -10.1675682 -4.52686739 -1.10764635
v -9.88072205 -4.57809973 -0.805581748
v -10.3863125 -4.15636253 -1.10020924
v -9.909338 -4.24942207 0.603593946
v -10.2124147 -4.32471943 0.917301536
v -10.2766657 -3.87042546 0.602819681
v -11.6828766 -4.16549492 0.908704698
v -11.8072462 -3.86016536 0.607497454
v -10.0244932 -4.93516588 0.588354468
v -10.2124147 -4.32471943 0.917301536
v -9.909338 -4.24942207 0.603593946
v -10.4155445 -4.92754507 0.896422744
v -10.0244932 -4.93516588 0.588354468
v -9.88072205 -4.57809973 -0.805581748
v -10.0834131 -4.98933411 -0.783447146
v -9.909338 -4.24942207 0.603593946
v -10.0911407 -3.96512628 -0.796138883
v -10.2766657 -3.87042546 0.602819681
v -11.6828766 -4.16549492 0.908704698
v -10.2124147 -4.32471943 0.917301536
v -10.4155445 -4.92754507 0.896422744
v -11.1375313 -5.70129204 0.900019169
v -10.2252378 -7.43104029 0.898096681
v -8.70884323 -7.54577446 0.900329351
v -9.48502922 -9.18204784 0.899998665
v -10.7347441 -8.29571819 0.897666514
v -11.0666828 -10.0723925 0.900702238
v -9.22782516 -9.4386034 0.899999976
v -11.5273504 -8.35337448 0.895606101
v -12.8698263 -7.73769236 0.900244951
v -12.7485991 -6.47790289 0.899999976
v -14.311615 -4.57401228 0.899995446
v -13.8056993 -3.82810879 0.899897456
v -14.8963118 -1.76065326 0.899999976
v -14.2453423 -1.2490921 0.899999976
v -15.0039558 0.7907179 0.900018096
v -13.3055763 -1.1072073 0.901136816
v -13.2479658 1.42095268 0.899900138
v -14.5544367 3.62882686 0.899999976
v -12.4284105 4.82971382 0.899878561
v -13.6189299 6.34576178 0.90002048
v -11.2283268 7.22419262 0.901136756
v -11.9914789 7.79066229 0.899999976
v -11.7076759 9.41670132 0.899993539
v -10.3925219 9.86140251 0.899897456
v -9.11786175 11.9418812 0.900082171
v -8.21515751 11.704751 0.899999976
v -6.42675304 12.7418671 0.898469448
v -6.9505949 13.2924509 0.899999976
v -5.83371305 12.6284056 0.898342431
v -5.04259443 14.0888882 0.900908411
v -3.80016661 12.6982498 0.893299282
v -5.4577961 11.9554396 0.899686694
v -4.14692926 10.7510748 0.900329292
v -5.68767405 11.2254496 0.90020299
v -6.83512115 9.23884583 0.893016696
v -8.37309074 9.17317677 0.910356939
v -7.01805401 8.58273983 0.911787927
v -11.1375313 -5.70129204 0.900019169
v -10.2252378 -7.43104029 0.898096681
v -10.559659 -7.27812481 0.599796355
v -11.4048395 -5.83812952 0.593475044
v -12.0383034 -4.26784945 0.596304119
v -11.6828766 -4.16549492 0.908704698
v -10.559659 -7.27812481 0.599796355
v -10.8138418 -7.99712706 0.588425636
v -10.5346718 -7.34687567 -0.807565868
v -10.869915 -8.02005196 -0.789182186
v -8.92349434 -9.31564617 4
v -9.06201458 -9.20275021 0.573700964
v -8.09288979 -10.0579443 4.00060987
v -7.98869324 -10.1097584 2.80010104
v -9.1241684 -9.13662815 -0.79347831
v -7.97106314 -10.1523771 -0.798235655
v -8.92349434 -9.31564617 4
v -8.09288979 -10.0579443 4.00060987
v -9.04009533 -9.90322685 4.50009394
v -8.16338253 -10.6263437 4.5
v -8.09288979 -10.0579443 4.00060987
v -6.63977671 -9.50561333 2.79999995
v -6.63330936 -9.5109272 3.99849367
v -7.98869324 -10.1097584 2.80010104
v -8.09288979 -10.0579443 4.00060987
v -6.63330936 -9.5109272 3.99849367
v -6.73654747 -10.0693598 4.5004034
v -8.16338253 -10.6263437 4.5
v -7.77057981 -13.6098452 -1.11683083
v -7.25385809 -13.471137 -0.800000012
v -8.79480648 -12.5366468 -0.801869631
v -9.51067638 -12.496026 -1.13131034
v -10.165081 -11.4350824 -0.800000012
v -10.969099 -11.366375 -1.11878753
v -4.73514795 -14.5717859 -1.09510529
v -4.82401657 -14.5860443 2.80006504
v -7.29201603 -13.5031519 -1.1006521
v -7.25385809 -13.471137 -0.800000012
v -8.29024029 -12.8794346 2.799999
v -8.79480648 -12.5366468 -0.801869631
v -10.165081 -11.4350824 2.79999995
v -10.165081 -11.4350824 -0.800000012
v -7.98599243 -10.5331469 2.79999995
v -10.165081 -11.4350824 -0.800000012
v -10.165081 -11.4350824 2.79999995
v -7.93504381 -10.4657707 -0.8072685
v -10.165081 -11.4350824 -0.800000012
v -7.93504381 -10.4657707 -0.8072685
v -8.22211456 -10.3265114 -1.0999999
v -10.969099 -11.366375 -1.11878753
v -8.22211456 -10.3265114 -1.0999999
v -9.1241684 -9.13662815 -0.79347831
v -9.49132729 -9.20627689 -1.09985948
v -7.97106314 -10.1523771 -0.798235655
v -7.93504381 -10.4657707 -0.8072685
v -7.93504381 -10.4657707 -0.8072685
v -7.98869324 -10.1097584 2.80010104
v -7.97106314 -10.1523771 -0.798235655
v -7.98599243 -10.5331469 2.79999995
v -1.80919564 -15.523428 4.5
v -2.28052354 -15.0967283 4.19999981
v -3.0240221 -12.1286964 4.5
v -3.15486121 -12.6534643 4.19999981
v -3.0240221 -12.1286964 4.5
v -3.15486121 -12.6534643 4.19999981
v -5.07389784 -14.4002628 4.19999981
v -5.69037867 -14.5557413 4.5
v -5.69037867 -14.5557413 4.5
v -5.07389784 -14.4002628 4.19999981
v -2.28052354 -15.0967283 4.19999981
v -1.80919564 -15.523428 4.5
v -10.5346718 -7.34687567 -0.807565868
v -10.211895 -7.41411734 -1.09546423
v -11.3989878 -5.83513021 -0.80660671
v -11.7519951 -4.23565102 -1.10964882
v -12.0393486 -4.28823328 -0.800205231
v -10.559659 -7.27812481 0.599796355
v -10.5346718 -7.34687567 -0.807565868
v -11.4048395 -5.83812952 0.593475044
v -11.3989878 -5.83513021 -0.80660671
v -12.0393486 -4.28823328 -0.800205231
v -12.0383034 -4.26784945 0.596304119
v -12.0383034 -4.26784945 0.596304119
v -12.0393486 -4.28823328 -0.800205231
v -11.7925577 -3.83682919 -0.803448439
v -11.8072462 -3.86016536 0.607497454
v -11.7519951 -4.23565102 -1.10964882
v -10.3863125 -4.15636253 -1.10020924
v -11.7925577 -3.83682919 -0.803448439
v -10.0911407 -3.96512628 -0.796138883
v -11.8072462 -3.86016536 0.607497454
v -11.7925577 -3.83682919 -0.803448439
v -10.2766657 -3.87042546 0.602819681
v -10.0911407 -3.96512628 -0.796138883
v -11.3275127 11.7500677 -3.09990001
v -9.29302311 13.5158978 -3.12305093
v -9.2502737 14.2304001 -3.10275149
v -11.811677 11.8373003 -3.10004663
v -12.7691259 9.84024429 -3.02447987
v -13.7048092 9.59107208 -3.06533217
v -7.76247501 13.9908543 -3.29014111
v -7.45358324 14.9106932 -4.29998255
v -7.97188473 14.4423237 -4.60329056
v -8.35841179 13.6544304 -3.93792915
v -9.06917953 13.181426 -2.79999995
v -7.7848978 13.9302034 -1.08506751
v -10.0840168 12.4465208 -1.09983277
v -10.8491659 11.7885561 -2.80147672
v -12.0524988 10.5231781 -1.10000002
v -12.7691259 9.84024429 -3.02447987
v -13.2559776 9.04781818 -2.55245471
v -13.0754442 9.09635353 -1.0875622
v -3.75913334 17.3690567 -4.63086748
v -2.22217751 17.4508018 -4.59995413
v -1.9006716 17.6991653 -4.5999999
v -0.750182807 16.816143 -4.60037279
v -0.883014143 16.4715233 -4.60455799
v -0.104944006 16.4483356 -4.22294044
v -0.139486492 16.0017605 -3.91973853
v 0.718766093 16.3867817 -3.1230247
v 0.70600462 15.984416 -2.79999995
v -4.05829287 12.5845928 -1.0998925
v -3.76677895 12.3507013 -0.793478191
v -2.41169596 12.9778166 -1.10000002
v -2.26671815 12.707921 -0.796856463
v -3.76677895 12.3507013 -0.793478191
v -2.28159165 12.6877918 2.79994822
v -2.26671815 12.707921 -0.796856463
v -3.68089104 12.3799686 0.573758483
v -2.42368269 12.6800184 4.00060987
v -3.50554991 12.4145527 4
v -2.42368269 12.6800184 4.00060987
v -3.50554991 12.4145527 4
v -3.33265042 12.9880972 4.50009394
v -2.21907687 13.2149801 4.5
v -3.68089104 12.3799686 0.573758483
v -3.76677895 12.3507013 -0.793478191
v -3.87943888 10.6004782 0.603452682
v -3.90460324 10.5632696 -0.802909017
v -4.14692926 10.7510748 0.900329292
v -3.68089104 12.3799686 0.573758483
v -3.87943888 10.6004782 0.603452682
v -3.80016661 12.6982498 0.893299282
v -5.78535938 12.1442919 -0.797166288
v -5.84946442 11.4330568 0.60733366
v -5.90675592 11.3836613 -0.799796402
v -5.83162594 12.1910887 0.601950645
v -5.78535938 12.1442919 -0.797166288
v -5.90675592 11.3836613 -0.799796402
v -5.55199194 11.3484564 -1.09856951
v -5.58361721 12.3643389 -1.09766662
v -5.84946442 11.4330568 0.60733366
v -5.68767405 11.2254496 0.90020299
v -7.36921644 10.476841 0.603438616
v -8.37309074 9.17317677 0.910356939
v -8.61939812 9.42794323 0.602325201
v -5.84946442 11.4330568 0.60733366
v -7.30328798 10.5231695 -0.800795615
v -5.90675592 11.3836613 -0.799796402
v -7.36921644 10.476841 0.603438616
v -8.66182232 9.36796284 -0.807445943
v -8.61939812 9.42794323 0.602325201
v -6.83512115 9.23884583 0.893016696
v -5.32717466 9.86184502 0.599142253
v -6.56855345 9.07740116 0.603519678
v -4.14692926 10.7510748 0.900329292
v -3.87943888 10.6004782 0.603452682
v -6.57950068 8.65319252 0.603924513
v -6.83512115 9.23884583 0.893016696
v -6.56855345 9.07740116 0.603519678
v -7.01805401 8.58273983 0.911787927
v -6.56855345 9.07740116 0.603519678
v -6.56069183 8.70000839 -0.800173759
v -6.57950068 8.65319252 0.603924513
v -6.54556084 9.14643955 -0.779479861
v -6.54556084 9.14643955 -0.779479861
v -6.83731556 9.23528099 -1.09373212
v -6.56069183 8.70000839 -0.800173759
v -7.0187254 8.58307743 -1.11186731
v -7.07016134 8.23190689 -0.808069408
v -7.07016134 8.23190689 -0.808069408
v -8.54264069 8.86709595 -0.80012548
v -7.1298337 8.22505093 0.607820809
v -8.60453606 8.94024181 0.604233086
v -7.07016134 8.23190689 -0.808069408
v -8.36827087 9.17802334 -1.11181259
v -8.54264069 8.86709595 -0.80012548
v -7.0187254 8.58307743 -1.11186731
v -8.66182232 9.36796284 -0.807445943
v -8.36827087 9.17802334 -1.11181259
v -7.30328798 10.5231695 -0.800795615
v -5.55199194 11.3484564 -1.09856951
v -5.90675592 11.3836613 -0.799796402
v -8.66182232 9.36796284 -0.807445943
v -8.61939812 9.42794323 0.602325201
v -8.60453606 8.94024181 0.604233086
v -8.54264069 8.86709595 -0.80012548
v -8.37309074 9.17317677 0.910356939
v -7.1298337 8.22505093 0.607820809
v -8.60453606 8.94024181 0.604233086
v -7.01805401 8.58273983 0.911787927
v -6.57950068 8.65319252 0.603924513
v -7.07016134 8.23190689 -0.808069408
v -7.1298337 8.22505093 0.607820809
v -6.56069183 8.70000839 -0.800173759
v -6.26638222 12.469368 0.602119148
v -5.83162594 12.1910887 0.601950645
v -5.78535938 12.1442919 -0.797166288
v -6.29181528 12.4698324 -0.806417108
v -4.14693022 10.7510719 -1.10032952
v -3.76677895 12.3507013 -0.793478191
v -4.05829287 12.5845928 -1.0998925
v -3.90460324 10.5632696 -0.802909017
v -5.32717466 9.86184502 0.599142253
v -3.87943888 10.6004782 0.603452682
v -3.90460324 10.5632696 -0.802909017
v -6.54556084 9.14643955 -0.779479861
v -6.56855345 9.07740116 0.603519678
v -6.83731556 9.23528099 -1.09373212
v -6.54556084 9.14643955 -0.779479861
v -4.14693022 10.7510719 -1.10032952
v -3.90460324 10.5632696 -0.802909017
v -5.73783541 16.3822441 -4.30000019
v -4.48329449 14.872613 -4.59683323
v -6.0163784 16.7217655 -4.63090515
v -4.72796345 15.1406288 -1.09884501
v -4.31828737 14.829752 -1.100824
v -5.73783541 16.3822441 -0.100000001
v -5.36157036 15.9214811 -0.100000001
v -7.1150074 15.7622547 -4.30000019
v -5.73783541 16.3822441 -4.30000019
v -6.0163784 16.7217655 -4.63090515
v -7.36300802 15.9766922 -4.59995413
v -5.73783541 16.3822441 -4.30000019
v -7.1150074 15.7622547 -4.30000019
v -5.73783541 16.3822441 -0.100000001
v -7.11613417 15.7617092 -0.0999999717
v -7.36904764 15.1255188 -0.0996481851
v -5.73783541 16.3822441 -0.100000001
v -7.11613417 15.7617092 -0.0999999717
v -5.36157036 15.9214811 -0.100000001
v 6.76775694 10.0979805 4.50277519
v 8.09288979 10.0579443 4.00060987
v 6.62860584 9.50976562 3.9968617
v 8.16338253 10.6263437 4.5
v 1.80919564 15.523428 4.5
v 2.28052354 15.0967283 4.19999981
v 3.0240221 12.1286964 4.5
v 3.15486121 12.6534643 4.19999981
v 3.0240221 12.1286964 4.5
v 3.15486121 12.6534643 4.19999981
v 5.07389784 14.4002628 4.19999981
v 5.69037867 14.5557413 4.5
v 5.69037867 14.5557413 4.5
v 5.07389784 14.4002628 4.19999981
v 2.28052354 15.0967283 4.19999981
v 1.80919564 15.523428 4.5
v 7.94272995 10.4832096 2.7999773
v 10.165081 11.4350824 -0.800000012
v 10.1997404 11.468874 2.8002696
v 7.92581463 10.447484 -0.807634473
v 2.89386892 14.7182035 -0.800000012
v 4.3701458 14.368969 2.79999995
v 4.36834192 14.3646221 -0.799346328
v 2.89386892 14.7182035 2.79999995
v 2.58986354 15.1432714 2.80006671
v 2.89386892 14.7182035 2.79999995
v 2.89386892 14.7182035 -0.800000012
v 2.66015291 15.0891418 -1.09510672
v 18.3783321 -4.0787673 1.46330369
v 18.5451488 -4.64478159 1.47322559
v 18.1001129 -5.01913786 1.46330547
v 17.8395042 -3.93470359 1.46042466
v 17.5632553 -4.86805296 1.46043718
v 17.4402294 -4.32408333 1.46330214
v 5.51784611 -17.4319286 0.968486786
v 5.65543175 -17.9724026 0.965618134
v 5.24585295 -18.3509331 0.968482971
v 4.97112608 -17.2336941 0.978404999
v 4.70900249 -18.1998405 0.965604782
v 4.56435156 -17.6611691 0.968484879
v -17.5632553 4.86805153 0.965617537
v -17.4402294 4.3240819 0.968482494
v -17.8395042 3.93470216 0.965605021
v -18.1001129 5.01913643 0.968485832
v -18.3783321 4.07876587 0.968484044
v -18.5451488 4.64478016 0.978405952
v 13.2694454 13.7185078 0.968482971
v 13.4070206 13.1780357 0.965604782
v 13.0128441 12.7834301 0.968484879
v 12.7368412 13.8839493 0.965618134
v 12.4392529 12.9219685 0.978404999
v 12.3375683 13.4945593 0.968486786
v -4.70335674 18.1847267 1.46330547
v -4.5657711 17.6442528 1.46043718
v -4.97534943 17.2657242 1.46330214
v -5.25007677 18.3829613 1.47322559
v -5.51219988 17.4168167 1.46042466
v -5.65685081 17.9554863 1.46330369
v -12.464879 -12.9416409 1.46330214
v -12.3273039 -13.4821129 1.46042466
v -12.7214804 -13.8767204 1.46330369
v -12.9974842 -12.7762003 1.46043718
v -13.2950716 -13.7381811 1.47322559
v -13.3967552 -13.1655903 1.46330547
v -12.2763872 -12.7596397 1.8999989
v -12.464879 -12.9416409 1.46330214
v -12.9974842 -12.7762003 1.46043718
v -13.0585451 -12.5166798 1.89999878
v -12.0743532 -13.5533514 1.89999962
v -13.3967552 -13.1655903 1.46330547
v -12.3273039 -13.4821129 1.46042466
v -13.6448956 -13.0885201 1.89999914
v -12.6532221 -14.1328526 1.89999962
v -13.2950716 -13.7381811 1.47322559
v -12.7214804 -13.8767204 1.46330369
v -13.4955692 -13.9294004 1.89999962
v -4.91197681 17.0114841 1.8999995
v -4.97534943 17.2657242 1.46330214
v -4.5657711 17.6442528 1.46043718
v -4.31049013 17.5673733 1.8999989
v -5.70036983 17.2333717 1.8999989
v -4.70335674 18.1847267 1.46330547
v -5.51219988 17.4168167 1.46042466
v -4.51254082 18.3610878 1.89999962
v -5.91279697 18.024437 1.89999914
v -5.25007677 18.3829613 1.47322559
v -5.65685081 17.9554863 1.46330369
v -5.31542826 18.6522064 1.89999986
v 12.0507431 13.5803814 1.3999995
v 12.4392529 12.9219685 0.978404999
v 12.1488724 12.7555208 1.41815519
v 12.3375683 13.4945593 0.968486786
v 13.0128441 12.7834301 0.968484879
v 12.6757793 14.1434698 1.40096998
v 13.0098562 12.4870768 1.39998209
v 12.7368412 13.8839493 0.965618134
v 13.4070206 13.1780357 0.965604782
v 13.4579363 13.9005098 1.39999962
v 13.6599712 13.1068001 1.39999938
v 13.2694454 13.7185078 0.968482971
v -18.1503067 5.30921984 1.40000105
v -18.5451488 4.64478016 0.978405952
v -18.796772 4.84946728 1.4190582
v -18.1001129 5.01913643 0.968485832
v -18.3783321 4.07876587 0.968484044
v -17.3690357 5.05069208 1.40096986
v -18.6108608 3.9601028 1.39999962
v -17.5632553 4.86805153 0.965617537
v -17.8395042 3.93470216 0.965605021
v -17.1883659 4.25184488 1.3999989
v -17.7747211 3.68002152 1.3999989
v -17.4402294 4.3240819 0.968482494
v 5.70866108 -17.2555676 1.39999962
v 4.97112608 -17.2336941 0.978404999
v 4.92638445 -16.9141579 1.41851234
v 5.51784611 -17.4319286 0.968486786
v 4.56435156 -17.6611691 0.968484879
v 5.91071224 -18.0492821 1.40097022
v 4.27280807 -17.503437 1.39999986
v 5.65543175 -17.9724026 0.965618134
v 4.70900249 -18.1998405 0.965604782
v 5.30922556 -18.6051693 1.39999962
v 4.52083397 -18.3832836 1.39999914
v 5.24585295 -18.3509331 0.968482971
v 17.7747211 -3.68002224 1.89999962
v 17.8395042 -3.93470359 1.46042466
v 17.4402294 -4.32408333 1.46330214
v 17.1883659 -4.25184631 1.8999989
v 18.5660191 -3.89158726 1.89999962
v 17.5632553 -4.86805296 1.46043718
v 18.3783321 -4.0787673 1.46330369
v 17.3690357 -5.05069351 1.89999962
v 18.8109989 -4.72280836 1.89999962
v 18.1001129 -5.01913786 1.46330547
v 18.5451488 -4.64478159 1.47322559
v 18.1574383 -5.27256918 1.89999962
vn 0.00135179237 -0.064657487 -0.997906566
vn 0.00135179237 -0.064657487 -0.997906566
vn 0.00135179237 -0.064657487 -0.997906566
vn 0.075567618 -0.75281477 -0.653880358
vn 0.075567618 -0.75281477 -0.653880358
vn 0.075567618 -0.75281477 -0.653880358
vn -0.0081364233 -0.00550537743 -0.99995172
vn -0.0081364233 -0.00550537743 -0.99995172
vn -0.0081364233 -0.00550537743 -0.99995172
vn -0.998986661 -0.00194354157 -0.0449653342
vn -0.998986661 -0.00194354157 -0.0449653342
vn -0.998986661 -0.00194354157 -0.0449653342
vn -0.988835156 -0.148068234 0.0167606771
vn -0.988835156 -0.148068234 0.0167606771
vn -0.988835156 -0.148068234 0.0167606771
vn -0.706305325 -0.131025568 0.695676029
vn -0.706305325 -0.131025568 0.695676029
vn -0.706305325 -0.131025568 0.695676029
vn -0.881141663 0.470709413 -0.0449674316
vn -0.881141663 0.470709413 -0.0449674316
vn -0.881141663 0.470709413 -0.0449674316
vn -0.803571999 0.594971538 0.0167597234
vn -0.803571999 0.594971538 0.0167597234
vn -0.803571999 0.594971538 0.0167597234
vn -0.561266243 0.446709216 0.696728885
vn -0.561266243 0.446709216 0.696728885
vn -0.561266243 0.446709216 0.696728885
vn -0.608040571 0.425911129 -0.669989884
vn -0.608040571 0.425911129 -0.669989884
vn -0.608040571 0.425911129 -0.669989884
vn -0.781633377 0.621560097 0.0520804971
vn -0.781633377 0.621560097 0.0520804971
vn -0.781633377 0.621560097 0.0520804971
vn -0.227922142 0.97258085 -0.0462395027
vn -0.21450226 0.973725677 -0.0764649808
vn -0.21450226 0.973725677 -0.0764649808
vn -0.165337443 0.986232221 -0.00310579524
vn -0.209465966 0.977520406 -0.0240392182
vn -0.19486028 0.980828822 -0.0020701196
vn -0.162576959 0.986695647 -0.000732610526
vn -0.145749524 0.989321589 -3.90090354E-05
vn -0.144658715 0.989481568 0.00020119673
vn -0 0 1
vn -0 0 1
vn -0 0 1
vn -0.708439291 0.383057177 -0.592773855
vn -0.708439291 0.383057177 -0.592773855
vn -0.708439291 0.383057177 -0.592773855
vn -0.671927094 0.363095075 0.645504475
vn -0.671927094 0.363095075 0.645504475
vn -0.671927094 0.363095075 0.645504475
vn 0.532634258 0.533978462 0.656633615
vn 0.532634258 0.533978462 0.656633615
vn 0.532634258 0.533978462 0.656633615
vn 0.692765713 -0.720838368 0.0216280781
vn 0.692765713 -0.720838368 0.0216280781
vn 0.692765713 -0.720838368 0.0216280781
vn 0.608040571 -0.425911129 -0.669989884
vn 0.608040571 -0.425911129 -0.669989884
vn 0.608040571 -0.425911129 -0.669989884
vn -0.763333082 -0.190657884 -0.617229402
vn -0.763333082 -0.190657884 -0.617229402
vn -0.763333082 -0.190657884 -0.617229402
vn -0.789492965 -0.0216583647 0.613377333
vn -0.789492965 -0.0216583647 0.613377333
vn -0.789492965 -0.0216583647 0.613377333
vn 0.505793214 -0.644933403 0.572917163
vn 0.505793214 -0.644933403 0.572917163
vn 0.505793214 -0.644933403 0.572917163
vn -0.647023439 -0.7586357 -0.0763719454
vn -0.657310307 -0.75211519 -0.0475999676
vn -0.647023439 -0.7586357 -0.0763719454
vn -0.643461645 -0.765073538 -0.0248931274
vn -0.634101689 -0.773206234 -0.00819773972
vn -0.632279575 -0.77473706 -0.00224518892
vn -0.633103788 -0.774062395 -0.00264608208
vn -0 0 1
vn -0 0 1
vn -0 0 1
vn 0.120653376 -0.992533922 -0.0178623423
vn 0.120653376 -0.992533922 -0.0178623423
vn 0.120653376 -0.992533922 -0.0178623423
vn -0.00128624786 0.000255335704 0.999999166
vn -0.0036370575 0.00074975309 0.999993086
vn -0.00175289786 0.000366426859 0.99999845
vn 0.000625434972 0.000242075635 0.999999762
vn -0 0.00019218534 1
vn 0.000682937971 0.000563467562 0.999999642
vn -0.000296126498 0.00024327173 1
vn -1.31924244E-05 -0.000109744404 1
vn -0.000155976464 8.42516747E-05 1
vn 0.000277566956 -0.000519432011 0.999999881
vn 4.23143792E-05 -7.78063841E-05 1
vn -2.41545258E-05 1.17267327E-05 1
vn 0.000884855224 -0.000361826533 0.999999523
vn -0.000218597634 -5.9223803E-05 1
vn 0.00142459269 -0.000602002547 0.999998808
vn 0.00268733362 -0.00109720498 0.999995828
vn -0.461335987 -0.53190279 0.710104585
vn -0.459594578 -0.54176718 0.703747869
vn -0.457267016 -0.554304242 0.695452094
vn -0.463466167 -0.519192219 0.718079746
vn 0.372222811 -0.927878797 -0.0221588835
vn 0.388230711 -0.920470953 -0.0448340066
vn 0.366467834 -0.930323839 -0.0141072758
vn 0.350574881 -0.936501682 0.00786469597
vn -0.656341016 -0.754464328 -0.000380266254
vn -0.660991371 -0.750388026 -0.00287954067
vn -0.636003256 -0.771594763 0.0118891411
vn -0.641037166 -0.767466605 0.00814922713
vn -0.657598257 -0.753366828 0.00172116968
vn -0.666357994 -0.745627046 -0.00268928241
vn -0.987772644 -0.155407503 0.0123946229
vn -0.978304267 -0.207055122 0.00699354568
vn -0.98842901 -0.151140466 0.0128373019
vn -0.977641881 -0.210171476 0.00666508405
vn -0 -3.49703951E-05 -1
vn 3.26433183E-05 0 -1
vn -1.19849828E-05 0 -1
vn -0 0 -1
vn 1.77928105E-05 0 -1
vn 0.000113562302 3.67703396E-05 -1
vn -0 0 -1
vn -0 1.36628732E-05 -1
vn -0 0 -1
vn -7.4223899E-05 2.74100585E-05 -1
vn -4.9352544E-05 2.75578986E-05 -1
vn -0 0 -1
vn 3.41412597E-05 1.29764639E-05 -1
vn -0 0 -1
vn 2.47987136E-05 1.13474334E-05 -1
vn 0.000152045759 6.95786075E-05 -1
vn -0.469211668 -0.883070767 -0.00515002292
vn -0.37281394 -0.927905083 0.00137062825
vn -0.467498213 -0.883945644 -0.00924307574
vn -0.344356179 -0.938838899 -0.000505387667
vn -0.123577803 -0.992288888 -0.00955384318
vn -0.120329209 -0.992607951 -0.0158261545
vn -0.00332622533 -0.999966025 -0.00754856458
vn -0.00224343035 -0.999984384 -0.00511918729
vn -0.00171874312 -0.998711824 -0.0507129878
vn -0.0511628836 -0.998633087 -0.0106916241
vn -0.0926947668 -0.99562031 0.0121627925
vn 0.0937809721 -0.991708934 -0.0878553838
vn 0.0711855292 -0.99739933 -0.0112850731
vn 0.125008523 -0.992153823 0.00190479786
vn 0.172825262 -0.984926343 -0.00716888998
vn 0.187269032 -0.982308626 0
vn -0.161477312 -0.674710095 -0.720202267
vn -0.185719565 -0.713608742 -0.67547822
vn -0.167883068 -0.685153246 -0.708787858
vn -0.188443288 -0.717870533 -0.670187235
vn 0.458853573 -0.888511896 -5.99078812E-05
vn 0.451647103 -0.892196298 0.000851609278
vn 0.452189535 -0.891921461 0.000783133437
vn 0.459234357 -0.888315201 -0.000108173328
vn -0.297394514 -0.954754651 -0.000106877553
vn -0.3651914 -0.930838943 -0.013193097
vn -0.36021477 -0.932865858 0.00256000506
vn -0.465659738 -0.884878635 -0.0122765396
vn -0.52013582 -0.854078054 0.00304035493
vn -0.575816453 -0.817529976 -0.0089498926
vn -0.598465264 -0.801038742 0.0132798767
vn -0.0634391606 -0.31838873 -0.945835114
vn -0.0399370417 -0.28721714 -0.957032502
vn -0.33960852 -0.552494645 -0.761193693
vn -0.338650972 -0.572262287 -0.746881127
vn -0.38599509 -0.512270272 -0.767194211
vn -0.381715745 -0.503425896 -0.77514869
vn -0.310431033 0.713935018 -0.627637923
vn -0.258915752 0.647707045 -0.716546059
vn -0.262813121 0.652876973 -0.710408986
vn -0.315545022 0.720238149 -0.617809236
vn -0.00567555055 -0.00661118468 -0.999962091
vn -0.00215138565 -0.00414053071 -0.999989152
vn -0.00274275034 -0.00851959083 -0.999959946
vn 0.00159921753 -0.00256400765 -0.99999547
vn 0.000232927414 0.000226618213 -1
vn 0.00165599247 0.00162905012 -0.999997377
vn 0.000557920197 -5.74021433E-05 -0.999999881
vn 0.00571244815 0.00273298565 -0.999979973
vn -9.2763752E-05 0.00285416213 -0.999995947
vn -0.000135611859 0.00014927343 -1
vn 0.00184078468 -0.000879751111 -0.999997973
vn 0.00226601865 -0.00163630757 -0.999996066
vn 0.000137353811 2.18501791E-05 -1
vn 0.014219691 -0.00262607308 -0.999895453
vn 0.0236534588 0.00192289485 -0.999718368
vn 0.0310096443 -0.00039026601 -0.999518991
vn 0.0028857037 -0.000717172108 -0.999995589
vn 0.000209066173 0 -1
vn 0.000337356236 -1.54628087E-05 -1
vn 0.000127799663 -6.24091408E-05 -1
vn 0.000156852504 -0.000132436733 -1
vn 0.0285562687 -0.0144366696 -0.999487877
vn 0.0203442313 -0.0129544092 -0.99970907
vn 0.0140161067 -0.00445042737 -0.999891877
vn 0.00205832184 -9.40694081E-05 -0.999997854
vn 0.00276924041 0.000380957121 -0.999996066
vn -0.000189793936 -6.81206511E-05 -1
vn 0.000111162182 -8.3870349E-05 -1
vn -0.00143420475 -0.00251046149 -0.999995828
vn 0.000707382045 -0.0022482588 -0.999997258
vn 0.00381365232 -0.00516916951 -0.999979377
vn 0.0026357309 0.00150502508 -0.99999547
vn 9.9381301E-05 -0.000303463807 -1
vn 0.000515133957 -0.000221083857 -0.999999881
vn 4.68955368E-05 0.00467271544 -0.999989152
vn 0.00157805311 0.00881007779 -0.999959946
vn -0.00190740882 0.00850192178 -0.999962091
vn -0.556973875 -0.43061465 -0.710176885
vn -0.475624979 -0.539542913 -0.694747686
vn -0.476518035 -0.539975405 -0.693799138
vn -0.605701268 -0.358101845 -0.710555494
vn -0.7230528 -0.132455468 -0.677974939
vn -0.673684001 0.299612701 -0.675560653
vn -0.64957577 0.30078876 -0.698267519
vn -0.679525495 0.299271494 -0.669837177
vn -0.643999159 0.301009923 -0.70331943
vn -0.929578662 0.366981179 -0.0347610265
vn -0.929767609 0.366447806 -0.0353286639
vn -0.93707478 0.344135851 -0.0588332899
vn -0.921248615 0.388810188 -0.0112910885
vn -0.561137319 -0.389681607 -0.730255544
vn -0.613504231 -0.412258059 -0.673539758
vn -0.565468967 -0.391584277 -0.725883245
vn -0.620366216 -0.415142 -0.665434241
vn 2.20606616E-05 1.29630989E-05 -1
vn 2.3437733E-05 0 -1
vn 2.31099148E-05 0 -1
vn 1.94034074E-05 1.88166468E-05 -1
vn 1.4640239E-05 2.46930267E-05 -1
vn -0 2.63427282E-05 -1
vn -0 2.59540539E-05 -1
vn -0.991368711 -0.131103143 0
vn -0.991368711 -0.131102905 0
vn -0.991368711 -0.131103188 0
vn -0.990278542 0.139070451 0.00281444308
vn -0.999869704 -0.0161432642 0
vn -0.969241738 0.246110514 -0.000289830321
vn -0.973557115 0.228352666 0.00644779112
vn -0.975548029 0.219464928 0.0118803605
vn -0.790548265 -0.612399638 0
vn -0.790548086 -0.612399876 0
vn -0.694658279 -0.719339907 0
vn -0.694658279 -0.719339967 0
vn -0.584437132 -0.811439037 0
vn -0.584437311 -0.811438859 0
vn -0.0964244157 -0.995340347 0
vn -0.0964242667 -0.995340347 0
vn -0.0771838948 -0.996903598 -0.0150234746
vn 0.166060194 -0.986079872 -0.0083924979
vn 0.0496336967 -0.996071458 -0.0733354762
vn 0.258042574 -0.96607846 0.0103135696
vn 0.253755033 -0.967180729 0.013028047
vn -0.0684594139 -0.706674516 -0.704219043
vn -0.244488522 -0.650358021 -0.719207704
vn -0.0683058277 -0.706391931 -0.704517424
vn -0.244404092 -0.650131822 -0.719440937
vn -0.488644451 -0.506005824 -0.710763514
vn -0.488644361 -0.506005764 -0.710763574
vn -0.64142859 -0.267036468 -0.719208539
vn -0.641205132 -0.266944557 -0.719441891
vn -0.703577578 -0.0929173157 -0.704517603
vn -0.70385462 -0.0930805877 -0.704219103
vn 0.0743230879 0.722407758 -0.687461376
vn 0.0755294561 0.72420615 -0.685434699
vn 0.070862323 0.717218876 -0.693235576
vn 0.0692448393 0.714778543 -0.695914328
vn 0.139765173 -0.606292963 -0.782862902
vn 0.0994058177 -0.686713874 -0.720098913
vn 0.0928919911 -0.702082992 -0.706010342
vn 0.142084688 -0.597211599 -0.78939867
vn 0.154338494 -0.595929444 -0.788065791
vn 0.0123918317 0.0454713479 -0.998888791
vn 0.00491454126 0.0466078483 -0.998901129
vn 0.01298426 0.0431152508 -0.998985708
vn 0.0039471155 0.00409113476 -0.999983907
vn -0 0 -1
vn 0.042467691 0.0144280735 -0.998993695
vn 0.0448342226 0.0139146801 -0.998897552
vn 0.0462216958 0.00651384285 -0.99890995
vn 0.713310421 0.0949606001 -0.694385111
vn 0.716430843 0.0971945822 -0.690854549
vn 0.715605259 0.0966024175 -0.691792667
vn 0.712226868 0.0941874981 -0.695601583
vn -0.703084946 0.0683930516 -0.707809269
vn -0.6885252 0.0752575621 -0.721296966
vn -0.614500165 0.12716639 -0.778600156
vn -0.623733759 0.107478373 -0.774212301
vn -0.675658226 -0.0693334416 -0.733947396
vn -0.701150298 -0.111972779 -0.704166353
vn -0.660372436 -0.189682618 -0.726587117
vn -0.688740909 -0.150695965 -0.709173143
vn -0.632902324 -0.0936919153 -0.768541813
vn -0.620804012 -0.08824604 -0.778983295
vn 0.658773899 0.255250484 -0.707717538
vn 0.657196581 0.251403719 -0.710555196
vn 0.677279055 0.198429793 -0.708462238
vn 0.684358835 0.192072853 -0.703392386
vn 0.683265209 0.206402913 -0.70039022
vn 0.67289418 0.233036503 -0.702073693
vn 0.632392347 0.287753731 -0.719220161
vn 0.991435468 0.130593956 -0.000943899329
vn 0.991368711 0.131103009 0
vn 0.991402209 0.130849034 -0.000470976665
vn 0.991466165 0.130357072 -0.00138302799
vn 0.933453858 0.358688742 -0.00251060282
vn 0.961298704 0.275478423 -0.00404738123
vn 0.932768762 0.360475093 0
vn 0.960907817 0.276782304 -0.00690413173
vn 0.95251435 0.304489285 -0.00162631588
vn 0.952810466 0.30356583 0
vn 0.910202086 0.414164454 0
vn 0.910201967 0.414164692 0
vn 0.686393082 0.196820945 0.700090051
vn 0.656297326 0.25531289 0.70999229
vn 0.65743041 0.255500108 0.708875716
vn 0.6874699 0.197128206 0.698946059
vn 0.669597626 0.209152818 0.712666929
vn 0.671758056 0.207314998 0.711169243
vn 0.614314139 0.278825581 0.73815608
vn 0.611985445 0.278468102 0.740222514
vn -0.000312717108 0.00200715358 0.999997973
vn -0.000456478592 0.00286933105 0.999995828
vn -0.000825300696 0.00529851159 0.999985695
vn 5.59842229E-05 -1.50345604E-05 1
vn -0.000100202538 -2.97992956E-05 1
vn 0.00127322343 0.000130969478 0.999999166
vn 0.00143092731 0.000116835748 0.999999046
vn 0.00139599445 0.000184619057 0.999999046
vn 0.736196041 0.676331103 -0.0243243072
vn 0.735795677 0.676662624 -0.0270628929
vn 0.788760781 0.613121331 0.0440311506
vn 0.759400725 0.650278389 0.0211766884
vn 0.815773368 0.578229845 0.0128069213
vn 0.81778574 0.57552284 0
vn 0.978877246 0.195328712 -0.0603816621
vn 0.962296605 0.248359099 0.110918418
vn 0.977685153 0.189862087 -0.0899126679
vn 0.936380088 0.346887648 -0.0534909107
vn 0.912754059 0.405430764 0.0500591844
vn 0.9089517 0.410828412 0.070900768
vn 0.700180471 -0.100914292 0.706798136
vn 0.708521485 -0.100161709 0.698544979
vn 0.761801064 -0.0453575328 0.646221161
vn 0.691162944 -0.0904232115 0.717019796
vn 0.78829205 -0.0241197683 0.614828408
vn -0.000743927551 8.73608296E-05 0.999999762
vn -0.000589924166 -0.000192124804 0.999999881
vn -0.000479556853 -0.000204178723 0.999999881
vn -3.58525758E-05 -0.000157078219 1
vn -4.39631076E-05 -1.15648763E-05 1
vn 0.00497999415 -0.00438550161 0.999978065
vn 0.00034957187 -0.00814505387 0.999966741
vn -0.00455355132 -0.0100077707 0.999939561
vn -0.000898960803 0.000262039423 0.999999642
vn 0.00223276694 0.00981035735 0.999949455
vn 0.00118718029 0.00141896482 0.999998331
vn -8.6969354E-05 0.00028292046 1
vn -1.83344873E-05 0 1
vn 0.546041131 0.407194525 0.732141912
vn 0.533404887 0.434181362 0.725924134
vn 0.535732448 0.442438632 0.719193161
vn 0.606784165 0.374568462 0.701078713
vn 0.597354889 0.298595518 0.744317055
vn 0.724883735 0.209295243 0.656307161
vn 0.671734333 0.262645513 0.692668974
vn 0.692076027 0.141436905 0.707832158
vn 0.680998862 0.135355636 0.719666243
vn -0.813632131 0.20282495 -0.544852972
vn -0.710579097 0.106438734 -0.695519984
vn -0.72338587 0.104931168 -0.682423949
vn -0.825974464 0.205979556 -0.524727166
vn -0.687979639 0.246952802 -0.68242085
vn -0.677376151 0.239607811 -0.695521116
vn 0.437276483 0.453855425 0.776404917
vn 0.417764872 0.594775021 0.686815143
vn 0.423602641 0.612801611 0.66710943
vn 0.423980355 0.436471671 0.793557346
vn 0.580422521 0.43848443 0.686178565
vn 0.597795129 0.444785029 0.666938722
vn 0.0957435146 0.995406032 0
vn 0.0959780514 0.995383322 -0.000392405665
vn 0.0962069333 0.99536103 -0.000775398978
vn 0.0964244306 0.995339632 -0.00113933708
vn -0.00568203069 0.463422179 0.886119425
vn -0.00153679692 0.478134573 0.878285289
vn 0.0624525547 0.686873317 0.724088967
vn 0.0681817383 0.703809083 0.707109511
vn 0.584346116 0.811504483 0.000227358687
vn 0.584436893 0.811439037 0.000382819009
vn 0.694645107 0.719352603 0.000136866802
vn 0.694631517 0.719365656 0
vn 0.790601611 0.612330914 0.000177677692
vn 0.790548027 0.612399876 0.000299170671
vn 0.550534546 0.426473379 -0.717657447
vn 0.486511976 0.503863275 -0.713742137
vn 0.553768158 0.426840633 -0.714946151
vn 0.488592356 0.506056964 -0.710762858
vn 0.407134414 0.568219781 -0.715099812
vn 0.406875372 0.564910769 -0.717863679
vn 0.684271276 0.0863841474 0.72409302
vn 0.478127867 0.0152250156 0.878158271
vn 0.463581532 0.0105721895 0.885991216
vn 0.701003194 0.0927032456 0.707107186
vn 9.34323398E-05 0.00125289161 0.999999285
vn 0.00013286357 0.00137159496 0.999999046
vn 8.14993109E-05 0.00139576301 0.999999046
vn -1.7063041E-05 4.94915839E-05 1
vn -2.16544031E-05 -9.54113566E-05 1
vn 0.00288465479 -0.000355309749 0.999995828
vn 0.00202397536 -0.000243255112 0.999997973
vn 0.00532811647 -0.000640363956 0.999985576
vn -0.0514981262 0.787131786 0.614631176
vn -0.0718199462 0.759893239 0.646068215
vn -0.114479534 0.687601805 0.717006505
vn -0.125284702 0.696221948 0.706808865
vn -0.124823555 0.70457375 0.698566258
vn -0.0131667284 -0.69627279 0.717656434
vn -0.0696132332 -0.764863253 0.640420258
vn -0.0056061903 -0.678022444 0.735019863
vn -0.158352807 -0.664528966 0.730291486
vn -0.291303515 -0.72530973 0.62375313
vn -0.303694218 -0.605150163 0.7359097
vn -0.300985128 -0.579913974 0.757038832
vn -0.534056962 -0.458707273 0.710190654
vn -0.536655903 -0.472572893 0.699053168
vn -0.534994423 -0.463620722 0.706283689
vn -0.537522614 -0.477378786 0.695110798
vn -0.749199927 -0.662297249 0.00786402728
vn -0.77110523 -0.63565737 -0.0365569629
vn -0.778081536 -0.62602222 -0.0518209152
vn -0.797551155 -0.595198572 -0.0982382819
vn 0.925307155 -0.378830492 0.0171469525
vn 0.850475132 -0.526012301 0.00174325844
vn 0.921547592 -0.387925565 0.0162390135
vn 0.843311608 -0.537424684 0.000479724258
vn 0.769280255 0.638911486 0
vn 0.777698159 0.628578782 -0.00860881619
vn 0.774278104 0.632825017 -0.00508721871
vn 0.782426655 0.622595787 -0.0135334702
vn 0.627408683 0.492245406 -0.603367805
vn 0.60020864 0.480745882 -0.63924402
vn 0.625448465 0.491433442 -0.606058955
vn 0.597841859 0.479722679 -0.642223597
vn 0.128627598 -0.679198563 -0.722595513
vn 0.112068079 -0.760121346 -0.640043914
vn 0.126919389 -0.702544928 -0.700230002
vn 0.0467465967 -0.652596712 -0.756262004
vn 0.036643371 -0.633338034 -0.773007214
vn -0.0781675726 0.663128495 -0.744412839
vn -0.102188036 0.685227334 -0.721124887
vn -0.0619648248 0.647688448 -0.759381294
vn -0.129717588 0.709372222 -0.692794621
vn 0.00146428507 0.054582838 -0.998508155
vn 0.00377973495 0.030762108 -0.999519587
vn 0.00136035145 -0.00494985515 -0.999986887
vn 0.00920319092 -0.0335009359 -0.999396324
vn -0.000964053848 -0.0063146241 -0.999979615
vn 0.013492818 0.00251352019 -0.999905825
vn 0.0538945384 0.00570293423 -0.998530388
vn -0.0534141287 -0.100269847 -0.993525505
vn 0.0750820115 0.139884323 -0.987317145
vn 0.144597873 0.2491007 -0.95762223
vn -0.0715374276 -0.635656953 -0.768649936
vn -0.0665114224 -0.623362184 -0.779099345
vn -0.131228447 -0.689012408 -0.712769985
vn -0.181040451 -0.649109662 -0.7388376
vn -0.208673224 -0.619740546 -0.756556034
vn -0.0447594933 -0.14568235 -0.988318324
vn 0.0138715515 -0.0317818299 -0.999398589
vn -0.0387897678 -0.136381686 -0.989896655
vn 0.010634575 -0.00936210528 -0.999899626
vn 0.0135119492 0.0381376296 -0.999181092
vn 0.0158868581 0.0457120687 -0.998828351
vn 0.153360799 0.988170266 0
vn 0.156504735 0.987669289 -0.00395921851
vn 0.233631656 0.972322464 0.00228651916
vn 0.249733463 0.968314469 -0.000528829056
vn 0.325645983 0.945478976 0.00492225913
vn 0.32938838 0.944194496 0
vn 0.183907107 0.692644536 0.697439492
vn 0.107042067 0.696028769 0.709990144
vn 0.106947877 0.695778251 0.710249841
vn 0.157397851 0.694052935 0.702507317
vn 0.232556388 0.667159259 0.707683504
vn 0.232252777 0.664809942 0.709990442
vn 0.118248284 0.992973924 0.0044912477
vn 0.146900803 0.989151239 0
vn 0.242149279 0.970236778 0.00205536792
vn 0.183719963 0.982854009 0.0156456679
vn 0.0451013781 0.998856187 0.0158839691
vn -0.0306949597 0.999405265 0.0157090165
vn -0.11258731 0.993616223 -0.00713544758
vn -0.20891273 0.977933943 -0.000817516237
vn -0.618709922 0.785359085 -0.0202285796
vn -0.746930778 0.664133906 0.0319448225
vn -0.995078564 -0.0954038873 -0.0267705396
vn -0.967687726 -0.251401514 0.0194363445
vn -0.79135555 -0.611100078 0.0176918115
vn 0.403365672 0.914921522 0.0146542629
vn -0.78209281 -0.622790754 0.0215065628
vn 0.361701965 0.932283223 -0.00443349034
vn 0.45615989 0.889897764 -0.000487067242
vn 0.557369828 0.830261528 0.00217040419
vn 0.60096705 0.799243867 0.00691852206
vn 0.858959079 0.511960447 -0.00925909169
vn 0.94767952 0.318411291 0.0227547456
vn 0.895956039 -0.44369027 -0.0200400986
vn 0.781386375 -0.623762429 0.0188598167
vn 0.42078504 -0.906698942 0.0289323237
vn 0.402860314 -0.914918005 0.0250707828
vn -0.767164648 -0.639581978 0.0489217676
vn 0.383822918 -0.921665013 0.0566882044
vn -0.858013391 -0.511962295 0.0413236059
vn -0.917313814 -0.394894153 0.0509305261
vn -0.743096828 -0.664339125 0.080378674
vn 0.516670644 -0.855187595 0.0412978865
vn 0.344029814 -0.935504615 0.0804648846
vn 0.623818755 -0.779908955 0.0509129018
vn 0.6510607 0.759025097 -0.000959749566
vn 0.586102009 0.808971584 0.0452697985
vn 0.65092659 0.75914073 0
vn 0.627367377 0.778538883 0.0169485677
vn 0.549446166 0.835427523 0.0130258463
vn 0.546624541 0.837377906 0
vn 0.471138656 0.545486093 0.693161845
vn 0.458640754 0.541385472 0.704663396
vn 0.413658917 0.535195947 0.736513078
vn 0.415121824 0.597191215 0.68632108
vn 0.417376697 0.613596678 0.670295358
vn -3.676497E-05 -0.000240665919 1
vn -0.000120916571 -0.000328012276 1
vn 2.53395501E-05 -0.000284270354 1
vn -0.000130646877 -0.00031909527 1
vn -0.000153002446 -0.000422953221 0.999999881
vn -1.54335812E-05 0 1
vn -1.1241711E-05 0 1
vn 3.72594805E-05 6.5614382E-05 1
vn -0 -1.27162293E-05 1
vn -1.65411784E-05 2.59852586E-05 1
vn -0 0 1
vn -0.000304707355 0.000631823612 0.999999762
vn -0.000214570857 -1.1761922E-05 1
vn -0.00071890495 0.00111377798 0.999999166
vn -0.000171931591 -0.000120195684 1
vn 9.59010868E-05 -1.13657061E-05 1
vn -5.80097039E-05 4.33712703E-05 1
vn 0.00151892577 -0.000458568917 0.999998808
vn 0.001567345 -0.00053954724 0.999998689
vn 0.00086143217 -0.000514904037 0.999999523
vn 0.000234906038 -0.000118503871 1
vn 3.16477162E-05 -2.85527149E-05 1
vn -8.67705239E-05 -1.77793172E-05 1
vn -0.000129788925 -3.74804622E-05 1
vn -0.000125059974 0.000217115696 1
vn -0.000220500908 0.000112066111 1
vn -0.00164695957 -0.00104251259 0.999998093
vn -0.000929002941 -0.000653985771 0.999999404
vn -1.82490257E-05 1.57248851E-05 1
vn 2.18653695E-05 1.23976297E-05 1
vn 1.66101745E-05 4.56131638E-05 1
vn -0 0 1
vn -0 0 1
vn -5.03122319E-05 3.71478163E-05 1
vn -0 0.000164393961 1
vn -9.45168067E-05 3.96949072E-05 1
vn 3.39601247E-05 0.000398079399 1
vn 2.61188343E-05 0.000241686867 1
vn 0.000166737867 0.000175112757 1
vn -0.652307153 0.286971778 0.701528788
vn -0.64238894 0.27529189 0.715227783
vn -0.614362955 0.232715562 0.753924251
vn -0.562181056 0.388140529 0.730273485
vn -0.60543102 0.356731921 0.71147424
vn -0.544235528 0.482258379 0.686465323
vn -0.564978421 0.479362786 0.6715734
vn -0.528013825 0.317917854 0.787483096
vn -0.698002934 0.24695152 0.672165692
vn -0.662826121 0.301444381 0.685414374
vn -0.634281695 0.124784701 0.762964845
vn -0.765774488 0.0535802841 0.640873253
vn -0.632635891 -0.0380529426 0.773513973
vn -0.70769459 -0.175275072 0.68443197
vn -0.723531067 -0.162955403 0.67078203
vn -0.650038779 -0.234288573 0.722882032
vn -0.641346991 -0.233552963 0.730840027
vn -0.290273428 0.644780695 0.707106054
vn -0.178633317 0.621509314 0.762768805
vn -0.284091115 0.637808025 0.715886354
vn -0.171896264 0.613406539 0.770833373
vn -0.0961056873 0.68715483 0.72012639
vn -0.0947846174 0.695262969 0.71247828
vn -0.543617785 -0.447108656 0.710333407
vn -0.546170056 -0.450905532 0.705962181
vn -0.646540046 -0.199520886 0.736326993
vn -0.508157194 0.177424833 0.842790961
vn -0.475635767 0.451126188 0.755152881
vn -0.0974641889 0.739610434 0.665940881
vn -0.171007633 0.631613076 0.75618875
vn 0.00717800297 0.650629461 0.759361506
vn 0.117748402 0.68212682 0.72169131
vn 0.132119313 0.68542105 0.7160604
vn 0.264460921 0.649741888 0.7126683
vn 0.290397376 0.635602236 0.715317607
vn 0.404723585 0.570623517 0.714554191
vn 0.427011579 0.549723148 0.717959344
vn 0.545165181 -0.082682088 0.834241271
vn 0.640091717 0.259279162 0.723226666
vn 0.525724471 -0.423646837 0.737656534
vn 0.273615479 -0.651056886 0.707996786
vn 0.2740089 -0.654286861 0.704860151
vn 0.457932502 -0.888955414 -0.0074861683
vn 0.371428281 -0.927470207 -0.0428961925
vn 0.374179453 -0.926713407 -0.034525793
vn 0.458553314 -0.888666928 0
vn 0.599237502 -0.800571322 9.9948913E-05
vn 0.642342091 -0.766298831 0.013520916
vn 0.766580284 -0.642147899 -0.000943150371
vn 0.803471029 -0.595242143 0.0110053048
vn 0.895047188 -0.44595629 -0.00367057999
vn 0.919257104 -0.393648535 0.00268105953
vn 0.96299392 -0.267730772 -0.0310314763
vn 0.983633339 -0.176001638 0.0385854356
vn 0.994577408 -0.0640211776 -0.0819585398
vn 0.998187482 0.0474079438 0.037070252
vn 0.990287066 0.137889281 -0.0178344194
vn 0.975844502 0.217254609 0.0229754727
vn 0.952000082 0.304402918 -0.0321651623
vn 0.908629954 0.407703727 0.0903837085
vn 0.859298348 0.510676861 -0.0285574868
vn 0.806474328 0.590285301 0.034093082
vn 0.769413352 0.638503909 -0.0177770872
vn 0.763372898 0.644532979 -0.0428851135
vn 0.219887063 -0.544778109 0.809238255
vn 0.409310997 -0.746671855 0.524352551
vn 0.241960526 -0.571462095 0.784146726
vn 0.42030549 -0.580003679 0.697810054
vn 0.479615808 -0.554160893 0.680348694
vn 0.536550283 -0.460051268 0.707436621
vn 0.595087588 -0.425063908 0.682049453
vn 0.631412745 -0.318363458 0.707080305
vn 0.682140112 -0.269845277 0.67960906
vn 0.690484524 -0.128512427 0.711839557
vn 0.685650885 -0.127612516 0.71665746
vn 0.735157847 0.00331036816 0.677887976
vn 0.705211222 0.0634517148 0.70615226
vn 0.686132252 0.165970474 0.708291173
vn 0.689128578 0.167520136 0.705009818
vn 0.672923088 0.270963997 0.688297212
vn 0.639861822 0.315587848 0.700700402
vn 0.711978912 0.467164189 0.524255335
vn 0.482193023 0.391187221 0.783876538
vn 0.450158149 0.377992541 0.808998942
vn 0.33859545 -0.599159598 0.725507319
vn 0.335345626 -0.596058965 0.729559422
vn 0.395474941 -0.585186601 0.70792383
vn 0.409039646 -0.580404341 0.704142988
vn 0.497120589 -0.537936211 0.680805147
vn 0.517210484 -0.462967783 0.719829321
vn 0.575214982 -0.44591254 0.68577677
vn 0.580368876 -0.44810769 0.679979146
vn -0.409314543 -0.584626257 0.700481057
vn -0.234756723 -0.671116352 0.703201234
vn -0.146494403 -0.766396403 0.625440538
vn -0.602201581 -0.326606035 0.728479028
vn -0.69982475 -0.0581820644 0.711941123
vn -0.723891795 0.168306798 0.669069111
vn -0.766568065 0.241816059 0.594893634
vn -0.373706192 -0.601453841 -0.706113994
vn -0.379638195 -0.603513718 -0.701174617
vn -0.37719962 -0.60267061 -0.703213096
vn -0.382114053 -0.604364514 -0.699093997
vn -0.26680854 0.667531729 -0.695136428
vn -0.266362339 0.668958545 -0.693934858
vn -0.26592052 0.670365989 -0.69274509
vn -0.267092228 0.666621566 -0.69590044
vn 0.94709295 -0.320948303 -0.00264619244
vn 0.946651697 -0.322251588 -0.00212832377
vn 0.945327878 -0.326120704 -0.000589249132
vn 0.944333315 -0.328989834 0.000553631631
vn 0.929259419 -0.369427532 0.000193303422
vn 0.929247499 -0.369457811 0.000200451177
vn 0.92924583 -0.369462013 0.000201444724
vn 0.649666727 -0.256573468 -0.715613902
vn 0.64650172 -0.257060438 -0.718300402
vn 0.647633135 -0.256887078 -0.717342615
vn 0.650255084 -0.256482244 -0.715111971
vn -0.856510162 0.199807242 -0.475885928
vn -0.838038921 0.32010752 -0.441839188
vn -0.840043008 0.333490849 -0.427915424
vn -0.837054789 0.263223439 -0.479638129
vn -0.848989606 0.15308021 -0.50575006
vn -0.865074098 0.0658883154 -0.497298241
vn -0.338637471 0.759085119 -0.555980623
vn -0.325145781 0.76022464 -0.562440038
vn -0.317513615 0.761068404 -0.565649986
vn -0.342067868 0.758497179 -0.554681599
vn -0.228393599 0.798097432 -0.557563305
vn -0.228609517 0.797252953 -0.558681726
vn -0.112065561 0.826243639 -0.552053273
vn -0.107207365 0.827949822 -0.550459445
vn -0.125961274 0.817972541 -0.561297357
vn -0.135123536 0.81360352 -0.565500557
vn -0.000219462338 -0.00755309919 -0.999971509
vn -0.00196715747 -0.0245715529 -0.999696136
vn -0.00244185049 -0.0371035896 -0.999308467
vn -0.123579137 -0.181353718 -0.975622356
vn -0.107988365 -0.260813028 -0.959330559
vn -0.169513702 -0.661618531 -0.730428636
vn -0.267203003 -0.727799773 -0.631593227
vn -0.361393988 -0.75776118 -0.543316007
vn -0.358158559 -0.761489034 -0.540237784
vn -0.911147594 0.0206520036 -0.411562175
vn -0.894990802 0.0665093809 -0.441098779
vn -0.893487096 0.0703890398 -0.443538338
vn -0.912682116 0.0158043448 -0.408364594
vn -0.410508871 0.911856532 0
vn -0.410508782 0.911856532 0
vn -0.275637746 0.96126163 0
vn -0.275637507 0.96126163 0
vn -0.135081053 0.990834475 0
vn -0.135081321 0.990834475 0
vn -0.281576455 0.766881347 -0.576721609
vn -0.234286532 0.795444965 -0.558907151
vn -0.341614902 0.758824468 -0.554512918
vn -0.206209138 0.793916643 -0.571991384
vn -0.113968402 0.835979283 -0.536795974
vn 0.723088861 0.531144142 -0.441620201
vn 0.752116203 0.508355498 -0.41939941
vn 0.74929589 0.510660827 -0.421640962
vn 0.720446706 0.533119857 -0.443553448
vn 0.0777706653 -0.625569761 -0.77628237
vn 0.0577341616 -0.682312429 -0.728777349
vn 0.0515205972 -0.698913157 -0.713348567
vn 0.0831071585 -0.609603763 -0.788337708
vn 0.989173055 -0.144961253 -0.0228665639
vn 0.989152908 -0.146347433 -0.0126087489
vn 0.989563048 -0.143128023 -0.0167148784
vn 0.990851462 -0.13482365 -0.00600176072
vn 0.989616632 -0.143244177 -0.0118304063
vn 0.992182076 -0.124794446 0.00102686742
vn 0.992032766 -0.125947565 0.00288960594
vn 0.741102993 -0.115158401 -0.661441565
vn 0.636657238 -0.0747593269 -0.767514586
vn 0.731125236 -0.111109868 -0.673134744
vn 0.626148641 -0.0709024742 -0.776473343
vn -0.550666511 -0.467424303 -0.691578507
vn -0.520247281 -0.426825672 -0.73970437
vn -0.553973913 -0.471921712 -0.685859144
vn -0.516679704 -0.422145724 -0.74487257
vn 0.000123664664 -0.000488695456 -0.999999881
vn 9.97726675E-05 -0.000731848413 -0.999999762
vn 0.000160678406 -0.000112000242 -1
vn 0.000169568171 -2.15276359E-05 -1
vn 0.135055974 -0.990837991 0
vn 0.135074422 -0.990835428 0
vn 0.135061175 -0.990837336 0
vn 0.135079607 -0.990834713 0
vn -0.592295527 -0.805720806 0.000191682746
vn -0.592263162 -0.805744529 0.000200061884
vn -0.592290521 -0.805724442 0.000192963082
vn -0.592259407 -0.80574733 0.00020104865
vn -0.41220668 -0.56066525 -0.718150556
vn -0.412494361 -0.560790896 -0.717887104
vn -0.412577927 -0.560827374 -0.717810571
vn -0.412045628 -0.560594857 -0.718297899
vn -0.288992703 -0.900027931 -0.326240391
vn -0.3002702 -0.896913707 -0.324628234
vn -0.107180335 -0.984720886 -0.137248531
vn -0.132736996 -0.974306643 -0.181954563
vn -0.0310076568 -0.999492884 -0.00723903207
vn -0.0133352717 -0.999789536 -0.0155936414
vn -0.118477717 -0.99289602 -0.0109825805
vn -0.185149014 -0.982656896 -0.0102542117
vn -0.277713656 -0.959947407 -0.0370943472
vn -0.332398266 -0.94077307 -0.0667650476
vn -0.373531312 -0.924595058 -0.0748218298
vn -0.350128949 -0.935804665 -0.0409817621
vn 0.621742368 0.623732686 -0.47370258
vn 0.644055486 0.580512822 -0.498194158
vn 0.697549164 0.519693851 -0.493298501
vn 0.565816879 0.688212693 -0.454108536
vn 0.542823732 0.716444552 -0.438234597
vn 0.548420072 0.714719296 -0.434064239
vn 0.204732746 0.674267113 -0.709541023
vn 0.180780441 0.684448719 -0.706291974
vn 0.266851485 0.632736266 -0.726935506
vn 0.165103063 0.690211654 -0.704520285
vn 0.178189516 0.683310926 -0.708049834
vn 0.228939578 0.664488316 -0.711366236
vn 0.234115332 0.666495621 -0.707794905
vn -0.274630576 0.961548626 -0.00150930497
vn -0.12983644 0.991502523 -0.00808567833
vn -0.133387208 0.991060555 -0.00261215167
vn -0.275637507 0.96126163 0
vn -0.135079756 0.990834713 0
vn -0.410508484 0.911856771 0
vn -0.410508364 0.91185683 0
vn -0.410508454 0.911856771 0
vn 0.38376227 0.923406303 0.00688566035
vn 0.38729775 0.921954751 0
vn 0.385635555 0.922645509 0.0032431311
vn 0.382126957 0.924055099 0.0100548305
vn 0.260407984 0.652230084 0.7118873
vn 0.257181734 0.623591781 0.738234878
vn 0.25690496 0.621244729 0.740307271
vn 0.260859251 0.656454921 0.70782727
vn -0.908648551 0.417365134 0.0128062852
vn -0.925353169 0.376541853 0.0440202318
vn -0.907310307 0.420461595 0
vn -0.942838848 0.332573354 0.021212047
vn -0.95380801 0.29940626 -0.0246195775
vn -0.953895569 0.298885822 -0.0273978934
vn -0.813778043 0.581175804 0
vn -0.813778043 0.581175804 0
vn -0.813778043 0.581175804 0
vn -0.813778043 0.581175804 0
vn -0.547155142 0.390761733 0.740220606
vn -0.548629105 0.392599702 0.738154292
vn -0.566491961 0.415113151 0.711876452
vn -0.569105208 0.418445975 0.707829237
vn -0.658660114 0.749938428 -0.0613129698
vn -0.696214557 0.708636343 0.114541776
vn -0.653165817 0.751651824 -0.0916188583
vn -0.769048572 0.63690275 -0.0540299341
vn -0.808010459 0.58721 0.0479935035
vn -0.810950935 0.581009686 0.0691821948
vn 2.54767347E-05 -1.48512809E-05 1
vn 0.000223808122 6.13597294E-05 1
vn 0.00260536512 -0.000349569222 0.999996543
vn 0.00043736826 -0.000307503884 0.999999881
vn 0.019484099 -0.00381689379 0.999802887
vn 0.0342131667 -0.00668243365 0.999392271
vn 0.000290755066 -0.000189318889 1
vn -0.000251056743 0.000403968821 0.999999881
vn 2.3908402E-05 0 1
vn 0.00175496365 0.000380995742 0.99999845
vn -0.0010247383 0.00154426135 0.999998331
vn 0.0298903994 -0.0075056795 0.999524951
vn -0.262695551 0.656831026 0.706798434
vn -0.267517656 0.66367811 0.698545516
vn -0.341617942 0.682416856 0.646223187
vn -0.267272562 0.643776476 0.717019737
vn -0.373255372 0.694739521 0.61483115
vn -0.430784672 0.56073457 0.707107604
vn -0.252247483 0.406456828 0.878159463
vn -0.416946024 0.549403667 0.724093616
vn -0.240944713 0.396185666 0.885992408
vn -0.523008466 0.489941239 0.697437882
vn -0.549256384 0.440713823 0.709992111
vn -0.550758958 0.442545444 0.707684994
vn -0.50127542 0.505183816 0.702504277
vn -0.459401459 0.533378124 0.710252047
vn -0.459613681 0.533540249 0.709992945
vn -0.000816699467 0.00118081144 0.999999046
vn -0.000857949315 0.00111671153 0.999999046
vn -0.000750102976 0.00103718811 0.999999166
vn -1.51039339E-05 5.60249573E-05 1
vn 7.57489179E-05 -7.18604351E-05 1
vn -0.00225671357 -0.00182988704 0.999995828
vn -0.0015819018 -0.00127428782 0.999997973
vn -0.00417604716 -0.00336387893 0.999985695
vn -0.677184224 0.28947717 0.676479518
vn -0.654913962 0.15644148 0.739333332
vn -0.684092104 0.295311898 0.666939974
vn -0.640267193 0.176330417 0.747639954
vn -0.729951739 0.0631484985 0.680575371
vn -0.742502809 0.0604501776 0.667109787
vn -0.644603968 0.263539881 -0.717657685
vn -0.679613948 0.169399709 -0.713742614
vn -0.646538675 0.266156673 -0.714946449
vn -0.682553887 0.170104444 -0.710763395
vn -0.695659637 0.0684788972 -0.715100169
vn -0.692664385 0.0699093938 -0.717864037
vn -0.994956553 0.100306779 0.000226994758
vn -0.994945228 0.100418076 0.00038220617
vn -0.970300198 0.241904005 0.000136730741
vn -0.970304668 0.241885692 0
vn -0.925595164 0.378515005 0.000177639202
vn -0.925628245 0.378434032 0.000299105945
vn -0.438893437 0.570264697 -0.69438529
vn -0.441462696 0.57143116 -0.691792667
vn -0.437682122 0.569712758 -0.695601761
vn -0.442388326 0.571850121 -0.690854549
vn -0.608814955 0.793311596 -0.000944629079
vn -0.609222353 0.792999506 0
vn -0.60901916 0.793155372 -0.000471340871
vn -0.608625293 0.793456614 -0.00138409773
vn -0.724932134 0.688820064 -0.000533114769
vn -0.777196467 0.629238665 0.00493032159
vn -0.779694021 0.626160681 0
vn -0.713379085 0.70077461 0.00228486257
vn -0.656114876 0.754650533 -0.00396953477
vn -0.6537081 0.756746829 0
vn -0.551751316 0.441116124 -0.707804382
vn -0.546400309 0.441984355 -0.711404562
vn -0.513183892 0.484907061 -0.708171785
vn -0.508055091 0.497625351 -0.70302844
vn -0.521115482 0.488507837 -0.699856281
vn -0.538260937 0.466225713 -0.702074647
vn -0.565398335 0.403790683 -0.719220281
vn 0.29231137 -0.643086493 -0.70780921
vn 0.278665006 -0.633613527 -0.72171998
vn 0.205569625 -0.587337971 -0.782799602
vn 0.197559655 -0.581702471 -0.789045274
vn 0.190467253 -0.586120903 -0.787517965
vn 0.288654506 -0.95740968 0.00673750602
vn 0.297500134 -0.954639673 0.0125203962
vn 0.283916146 -0.958840191 0.0041268575
vn 0.27147907 -0.962444246 -0.000290742901
vn 0.270875752 -0.962614298 0
vn 0.430390716 -0.561800241 -0.706501424
vn 0.432537943 -0.563015997 -0.704218686
vn 0.432257771 -0.562857568 -0.704517305
vn 0.429965973 -0.561559319 -0.70695138
vn 0.609222829 -0.792999148 0
vn 0.609222531 -0.792999327 0
vn 0.609222531 -0.792999327 0
vn 0.609222531 -0.792999268 0
vn 0.609222829 -0.792999148 0
vn 0.505955696 -0.411845088 -0.757886887
vn 0.476531118 -0.51428014 -0.713045597
vn 0.497995675 -0.452244461 -0.739915669
vn 0.397589415 -0.501261234 -0.768544018
vn 0.386823475 -0.493506104 -0.778986037
vn 0.394068539 -0.59144944 -0.703489482
vn 0.368716985 -0.648039639 -0.666402578
vn 0.36530593 -0.644642353 -0.671556234
vn 0.405689657 -0.581908047 -0.704839706
vn 0.501260519 -0.518146515 -0.693009555
vn 0.5237571 -0.480383873 -0.703498244
vn 0.577168107 -0.44674623 -0.683589578
vn 0.580368161 -0.448107779 -0.679979622
vn 0.438534617 0.562292635 0.701080859
vn 0.5186643 0.574082017 0.633575022
vn 0.491507232 0.570714235 0.657803833
vn 0.412637949 0.557356 0.720475018
vn 0.66952002 0.742598951 0.0170212295
vn 0.648557484 0.761165738 0
vn 0.660391986 0.750860393 0.00953977183
vn 0.680219293 0.732549667 0.0259347241
vn 0.780660331 -0.624955714 0
vn 0.77898097 -0.627029479 -0.00474630622
vn 0.717315018 -0.696748674 0.000702882477
vn 0.702834427 -0.71135211 -0.00137807662
vn 0.567285657 -0.823517978 0.00226876489
vn 0.565207899 -0.824946404 -0.00183234375
vn 0.493591011 -0.869676411 -0.00556080835
vn 0.49131763 -0.870932281 -0.00915870536
vn 0.457692116 0.563418448 -0.687806487
vn 0.424886644 0.560105085 -0.71116358
vn 0.444524616 0.562190235 -0.6973809
vn 0.411985815 0.558575094 -0.719903827
vn 0.61214 -0.28621009 -0.737135291
vn 0.868708789 -0.329907417 -0.369467378
vn 0.591388583 -0.281415284 -0.755688369
vn 0.878160417 -0.330392092 -0.345941126
vn 0.90408957 -0.426535875 -0.0262499694
vn 0.940241933 -0.340440065 -0.00675300788
vn 0.903074145 -0.428971797 -0.0209813677
vn 0.938597143 -0.344904065 -0.00875487737
vn 0.988201201 -0.153114676 0.00376677327
vn 0.99162513 -0.129145682 0.00106106605
vn 0.998400867 -0.05023285 -0.0259306934
vn 0.998096645 -0.0530685261 -0.0314137712
vn 0.701456606 -0.065123722 0.709730625
vn 0.712667704 -0.0169332195 0.701297343
vn 0.717715263 -0.0160142966 0.696152449
vn 0.724359632 -0.133905515 0.676293194
vn 0.655846119 -0.246337667 0.713571012
vn 0.654957414 -0.238870859 0.716917992
vn 0.640187204 -0.320536494 0.698152363
vn 0.642642319 -0.322449327 0.695008874
vn 0.78830868 -0.0386116914 -0.614067197
vn 0.787594736 -0.0383995064 -0.614995837
vn 0.76851058 -0.057209909 -0.637274206
vn 0.609040797 -0.130472943 -0.782333732
vn 0.576316535 -0.143130302 -0.804594874
vn -0.00388808432 -0.001520238 -0.999991298
vn -0.00157985382 0.000864837668 -0.99999845
vn 1.54098689E-05 -8.20367641E-05 -1
vn -0.00111065747 -0.00129623478 -0.999998569
vn 0.000568273885 -0.000156900103 -0.999999881
vn -0.00494471611 -0.00104681973 -0.999987245
vn -0.00148455729 0.00209274795 -0.999996781
vn -0.00187337247 0.00218412536 -0.999995947
vn -0.00331976311 0.00636443961 -0.999974251
vn -0.00382142444 0.00320234685 -0.999987602
vn -0.00125383656 0.00117486261 -0.999998569
vn 0.000541213958 0.00448034192 -0.999989867
vn -0.00029633689 -0.00218655961 -0.999997616
vn -0.00170270901 -0.00421221973 -0.999989748
vn -0.00447132811 -0.00181523082 -0.999988437
vn -0.00478347531 0.00346105685 -0.999982595
vn -0.00163588603 -0.000442407909 -0.999998569
vn -0.00160283258 -0.0041530584 -0.999990106
vn 0.000754348002 0.00204320299 -0.999997616
vn 0.00062037009 0.00442730961 -0.999989986
vn -0.00165002386 0.00497113634 -0.999986291
vn -0.00350905326 0.00277180527 -0.999989986
vn -0.00438583503 0.00109970488 -0.999989748
vn 4.48815881E-05 0.0062960228 -0.999980211
vn -0.00224667951 0.000452508946 -0.999997377
vn -0.000192111125 0.00508972025 -0.999987006
vn 0.00886917952 0.0110007524 -0.999900222
vn 0.00201303139 0.00475541642 -0.999986649
vn 0.00475319661 0.00551061099 -0.999973536
vn -0.00163728371 9.01160383E-05 -0.999998689
vn -0.00323884422 -2.13578933E-05 -0.999994755
vn 0.0014245708 -0.000944235071 -0.999998569
vn 0.0077081616 -0.00149551104 -0.999969244
vn -0.00504809897 -0.00134062301 -0.99998641
vn -0.0311121587 0.00169491745 -0.999514461
vn -0.000893205171 -0.000183203272 -0.999999642
vn -0.000300910178 -0.0011160234 -0.999999404
vn 0.00386795192 0.00353710214 -0.999986291
vn 0.0315386914 0.0320250168 -0.998989284
vn -0.00140295469 -0.000353606767 -0.999998927
vn 0.00994284358 0.0024841493 -0.999947548
vn 0.0116271432 0.00486338837 -0.999920607
vn 0.0108794561 0.0247698445 -0.999634027
vn -0.642446697 0.310517192 -0.700600803
vn -0.685284734 0.368045539 -0.628432453
vn -0.661428571 0.366139621 -0.654564083
vn -0.630305946 0.333435118 -0.701095879
vn -0.659658909 0.23797664 -0.712893546
vn -0.688307822 0.173084542 -0.704467118
vn -0.693068385 0.103652366 -0.713380992
vn -0.713447571 0.0276044216 -0.700164676
vn -0.71325618 0.00220476114 -0.700900018
vn -0.755769789 -0.0128146634 -0.654712021
vn -0.777676821 -0.00332306395 -0.628655493
vn -1.88703307E-05 1.57894428E-05 -1
vn -2.22567978E-05 1.26240702E-05 -1
vn -1.44003534E-05 1.87471542E-05 -1
vn -2.60001761E-05 0 -1
vn -2.87067724E-05 0 -1
vn -2.6930742E-05 0 -1
vn -2.37363238E-05 -1.08020395E-05 -1
vn 0.925628245 -0.378434032 0
vn 0.925628066 -0.378434598 0
vn 0.970295668 -0.241921738 0
vn 0.970295668 -0.241922006 0
vn 0.994945347 -0.100417592 0
vn 0.994945347 -0.100417592 0
vn 0.910202086 0.414164543 0
vn 0.910201967 0.414164662 0
vn 0.910202146 0.414164096 0
vn 0.910202444 0.41416353 0
vn 0.910203278 0.414161742 0
vn 0.646227658 0.294049561 -0.704219162
vn 0.643761992 0.293984503 -0.706500888
vn 0.645906031 0.294041246 -0.704517663
vn 0.643274128 0.2939713 -0.706950724
vn 0.68253696 -0.170175657 -0.71076268
vn 0.703532398 -0.0710066333 -0.707106888
vn 0.703532577 -0.0710065365 -0.707106709
vn 0.682537079 -0.170175597 -0.71076256
vn 0.654517591 -0.267593294 -0.707107127
vn 0.654517472 -0.267593086 -0.707107306
vn -0.0344667435 0.0318692066 -0.998897552
vn -0.0337282047 0.0295631569 -0.998993695
vn -0.0287510306 0.0367703997 -0.998910069
vn -0.00551667996 0.00137258973 -0.999983907
vn -0 0 -1
vn -0.0438312925 -0.0103128934 -0.998985708
vn -0.0455755703 -0.012003988 -0.998888791
vn -0.0428216048 -0.019047752 -0.998901129
vn -0.653637588 -0.297421604 -0.69591552
vn -0.662786067 -0.29683882 -0.687460065
vn -0.656560421 -0.297241122 -0.693236053
vn -0.664947271 -0.296693414 -0.685432792
vn 0.444336742 0.433574319 -0.783950329
vn 0.544621348 0.429394156 -0.720422268
vn 0.56157428 0.431486875 -0.706012428
vn 0.46882534 0.417185396 -0.778562188
vn 0.609369457 0.298671722 -0.734482169
vn 0.658872426 0.273925841 -0.700608194
vn 0.66138041 0.190517053 -0.725451052
vn 0.664017618 0.237454042 -0.709010661
vn 0.586262107 0.255874932 -0.768651247
vn 0.573101401 0.254080474 -0.779100657
vn 0.711101532 0.702994823 0.0115267234
vn 0.704777598 0.709400058 0.00633944944
vn 0.700837314 0.71331197 0.00360084511
vn 0.691569984 0.722309411 -0.000283595989
vn 0.691127598 0.722732842 0
vn -0.0475333035 -0.00909797102 -0.998828232
vn -0.00148369267 0.000704163045 -0.999998689
vn -0.0397855565 -0.00736738788 -0.999181092
vn -0.000635752396 0.000510739163 -0.999999642
vn -0.0196916163 -0.000871168217 -0.999805748
vn -0.0212205891 -0.000942118699 -0.999774396
vn 0.0419699028 0.840202272 -0.540646553
vn 0.0376792438 0.838509023 -0.543583274
vn 0.106618717 0.771444559 -0.627300382
vn 0.157051966 0.665719509 -0.729487717
vn 0.0093670059 0.291442573 -0.956542492
vn -0.0420586765 0.202015907 -0.978478789
vn 0.00674488023 0.0176509917 -0.999821484
vn 0.00237618037 0.00549194962 -0.999982119
vn 0.0275364555 0.0138554713 -0.999524713
vn 0.00553688733 0.00309333997 -0.999979973
vn 0.0185074043 0.00892329402 -0.99978894
vn 0.218770489 -0.0163405109 -0.975639522
vn 0.27980423 0.0370993651 -0.959339976
vn 0.657453299 0.185021952 -0.730426013
vn 0.764059961 0.132944718 -0.631298721
vn 0.836964488 0.0666702241 -0.543180883
vn 0.838602364 0.0714321584 -0.540040195
vn -0.851039708 0.22657764 -0.47370249
vn -0.82476604 0.267506868 -0.498197854
vn -0.798843086 0.344247699 -0.493298262
vn -0.878918111 0.145903587 -0.454109132
vn -0.891871393 0.111876443 -0.438233972
vn -0.893175125 0.117584698 -0.434064448
vn -0.686299145 -0.15982832 -0.709541023
vn -0.681677938 -0.186626509 -0.707450092
vn -0.681391835 -0.0852658749 -0.726935327
vn -0.680320084 -0.199771672 -0.705163717
vn -0.677968323 -0.19459419 -0.708866715
vn -0.691264093 -0.136702836 -0.709553599
vn -0.693749249 -0.134900302 -0.707470119
vn 0.92394352 0.199740216 -0.326239407
vn 0.926885545 0.188418061 -0.324625462
vn 0.904941738 0.400274962 -0.144431546
vn 0.910143018 0.372198343 -0.18195653
vn 0.877852261 0.47866565 -0.015952725
vn 0.867152452 0.497134745 -0.0300612506
vn 0.917320311 0.397898018 -0.014164093
vn 0.945955753 0.324291199 -0.00171527709
vn 0.972650409 0.231304228 -0.0212035887
vn 0.979042888 0.203377426 -0.010610871
vn 0.985825062 0.158606544 -0.0547079183
vn 0.987192512 0.132985741 -0.0881238803
vn 0.988345623 -0.152223736 0.000995245646
vn 0.987113357 -0.160011113 -0.00188567035
vn 0.991956592 -0.126578182 -0.000128891363
vn 0.99176836 -0.128042489 -0.000732531538
vn 0.993805528 -0.111133173 -3.90144014E-05
vn 0.993927181 -0.110039786 0.0002011576
vn -0.539683938 -0.471974462 -0.697123587
vn -0.486559033 -0.509595633 -0.709628522
vn -0.540751338 -0.476480991 -0.69321996
vn -0.486837298 -0.505119026 -0.712631881
vn -0.409679294 -0.555824816 -0.723340631
vn -0.392061919 -0.558454692 -0.731037438
vn -0.355385154 -0.564891338 -0.7447142
vn 7.09627711E-05 0.00012275434 -1
vn -2.9375673E-05 -3.04144614E-05 -1
vn 8.65695765E-05 0.000143075464 -1
vn -4.99914277E-05 -5.17607259E-05 -1
vn 0.000120260796 7.52500709E-05 -1
vn 0.000140032134 9.15607743E-05 -1
vn -0.0113981767 -0.0292697586 -0.999506593
vn -0.0246715005 -0.0494275428 -0.998472989
vn 0.00358814909 0.00403933972 -0.999985456
vn 0.0240031537 0.0259219985 -0.999375761
vn 0.00218909606 0.00608855439 -0.999979138
vn 0.0107245194 -0.00850718655 -0.999906301
vn 0.0449080877 -0.0303372052 -0.998530388
vn -8.81312226E-05 0.113608927 -0.993525624
vn 0.000619861821 -0.158733234 -0.987321377
vn 0.0107243145 -0.287795037 -0.957631946
vn 0.369226903 0.919154465 -0.137209475
vn 0.154143989 0.933733463 -0.323081195
vn 0.16589056 0.931110561 -0.324828178
vn 0.339062512 0.922093093 -0.186496899
vn 0.440860212 0.897553265 -0.00636232225
vn 0.457701266 0.88897115 -0.0154891741
vn 0.361271203 0.932441056 -0.00605992088
vn 0.240587845 0.896002173 -0.373225898
vn 0.192445144 0.981225073 -0.012740341
vn 0.165220037 0.978384972 -0.124359339
vn 0.130052447 0.990650415 -0.0412080735
vn 0.188419834 0.868400574 -0.45867011
vn 0.194432423 0.711536348 -0.675212622
vn 0.233139038 0.595116079 -0.769079328
vn 0.231593892 0.583661914 -0.778269172
vn -0.102991566 0.691358387 -0.715133786
vn -0.102621064 0.690897703 -0.715632081
vn -0.101342015 0.689304829 -0.717348397
vn -0.100631319 0.688417971 -0.718299389
vn 0.258065611 -0.842178226 -0.473432034
vn 0.149653047 -0.884925127 -0.441034436
vn 0.1426882 -0.890699863 -0.431617498
vn 0.189312994 -0.86186111 -0.470484793
vn 0.286361277 -0.817687094 -0.499384522
vn 0.369778007 -0.786750436 -0.494254917
vn -0.488030076 -0.669836223 -0.559594631
vn -0.497961462 -0.667926967 -0.55308938
vn -0.574503601 -0.595098794 -0.561963618
vn -0.571412861 -0.591447413 -0.568926394
vn -0.652668178 -0.511483371 -0.558935642
vn -0.650164962 -0.522547603 -0.551570117
vn 0.393289626 0.57681638 -0.715965152
vn 0.443379968 0.459191591 -0.769777417
vn 0.395881504 0.58416903 -0.708536804
vn 0.437627554 0.453111589 -0.776641488
vn 0.562738299 0.413216174 -0.715945482
vn 0.569983482 0.416058958 -0.708529294
vn 0.691510558 -0.0765451193 -0.718299329
vn 0.691905439 -0.0768352449 -0.717887998
vn 0.691652238 -0.0766492113 -0.718151748
vn 0.691978991 -0.0768892691 -0.717811406
vn 0.790556967 0.612388551 0
vn 0.790551066 0.612396002 0
vn 0.694658458 0.719339728 0
vn 0.694658041 0.719340146 0
vn 0.58443284 0.811442077 0
vn 0.584425986 0.811447024 0
vn -0.991574347 -0.129355535 0.00688390853
vn -0.992084742 -0.125569865 0
vn -0.991852105 -0.127353892 0.00324231759
vn -0.991318762 -0.13109532 0.0100522833
vn -0.695145249 -0.71886605 -0.00218527578
vn -0.793747067 -0.608194232 -0.00808325224
vn -0.791589379 -0.611047685 -0.00261134841
vn -0.69465822 -0.719339967 0
vn -0.790547729 -0.612400353 0
vn -0.583816051 -0.811885118 -0.00116933195
vn -0.582502484 -0.812820792 -0.00363649754
vn -0.584436655 -0.811439335 0
vn -0.0946078598 -0.995508909 0.00335731683
vn -0.0906775966 -0.995823741 0.0106118927
vn -0.0925301462 -0.995683908 0.00719395606
vn -0.0964244977 -0.995340228 0
vn 0.0929228589 -0.995588064 0.0130264862
vn 0.137708649 -0.98943758 0.0452717319
vn 0.0895157233 -0.995985448 0
vn 0.188432038 -0.981939971 0.0169470236
vn 0.218512967 -0.975833595 -0.000960156904
vn 0.218340218 -0.975872755 0
vn -0.0648235604 -0.669140279 0.740303457
vn -0.0656809956 -0.671342075 0.73823154
vn -0.0762765631 -0.698135674 0.711890757
vn -0.0778614655 -0.702076852 0.70783174
vn -0.0632249191 -0.683942854 -0.726790667
vn -0.163427994 -0.687693536 -0.707367599
vn -0.136651337 -0.691362381 -0.709467769
vn -0.175946072 -0.686843753 -0.705186844
vn -0.170684204 -0.684265256 -0.708976686
vn -0.112271838 -0.695526779 -0.70967418
vn -0.110528298 -0.697888136 -0.70762676
vn -0.32515958 -0.94564873 0.00442424696
vn -0.248173013 -0.968715668 -0.00026709435
vn -0.328486025 -0.944508851 0
vn -0.234079912 -0.97221452 0.00236314628
vn -0.156002223 -0.987751126 -0.00332640857
vn -0.153360799 -0.988170266 0
vn -0.183907688 -0.692647219 0.697436571
vn -0.107042067 -0.696028769 0.709990144
vn -0.106947929 -0.695778549 0.710249543
vn -0.157398537 -0.694056034 0.702503979
vn -0.232556462 -0.667159557 0.707683265
vn -0.232252777 -0.664809942 0.709990442
vn -0.267326355 -0.635792434 0.724088728
vn -0.225878969 -0.421683878 0.878158033
vn -0.22263512 -0.40675962 0.885991096
vn -0.270219952 -0.653442681 0.707102478
vn -0.382840812 -0.923813283 -0.00138254336
vn -0.382620394 -0.923905134 -0.000943568593
vn -0.3823829 -0.924003899 -0.000470811472
vn -0.382146239 -0.92410177 0
vn -0.274416834 -0.665225387 -0.694385111
vn -0.274142623 -0.6680336 -0.691792488
vn -0.274544388 -0.663900435 -0.695601523
vn -0.274042696 -0.669044733 -0.690854371
vn 0.410770446 0.574687898 -0.707814515
vn 0.40937528 0.557963789 -0.721864462
vn 0.41765213 0.463943362 -0.78123188
vn 0.415881366 0.454647273 -0.787615716
vn 0.439168721 0.44169718 -0.7823264
vn 0.681111276 0.732113242 0.00987820141
vn 0.677979648 0.734974802 0.0124721862
vn 0.609312475 0.792882621 -0.00867584907
vn 0.511476099 0.856154978 -0.073422201
vn 0.399885237 0.916441917 -0.0150379278
vn 0.382146269 0.924101889 0
vn 0.382146239 0.924101889 0
vn 0.0136259021 0.00909123756 -0.99986589
vn 0.0136340177 0.00880552828 -0.999868274
vn 0.0100631425 0.00420062849 -0.999940515
vn 0.0051816511 0.000195477478 -0.999986529
vn -0.00578264752 -0.0391137972 -0.999217987
vn -0.00721623097 -0.0467689745 -0.998879611
vn 0.0570813417 -0.671230972 -0.73904711
vn -0.023922069 -0.316830635 -0.948180377
vn -0.00960114598 -0.421592563 -0.906734526
vn 0.0520230681 -0.695697546 -0.716448605
vn 0.121920288 -0.670445263 -0.731873333
vn 0.186622441 -0.666030884 -0.722201347
vn 0.251770049 -0.643954575 -0.722450137
vn 0.329511821 -0.630283117 -0.702968895
vn 0.355229259 -0.618285418 -0.70109576
vn 0.388985395 -0.648119748 -0.654699266
vn 0.39171946 -0.671841383 -0.628637433
vn -0 -2.71367808E-05 -1
vn -0 -2.86895884E-05 -1
vn -0 -2.41073576E-05 -1
vn -0 -2.57323172E-05 -1
vn 1.33981348E-05 -2.1808657E-05 -1
vn 1.64448375E-05 -1.8314151E-05 -1
vn 1.92442694E-05 -1.37430843E-05 -1
vn -0.100317687 0.633521914 -0.767193854
vn -0.100691341 0.623702586 -0.775149286
vn -0.0404784903 0.647262871 -0.761191249
vn -0.0303479098 0.664266586 -0.746879399
vn 0.093460381 0.310902089 -0.94583565
vn 0.0995772481 0.272345454 -0.957033157
vn -0.152349263 0.988237441 0.0132827992
vn -0.124607205 0.992165804 -0.00894804951
vn -0.05828752 0.998295248 0.0030416816
vn 0.00427355338 0.999915481 -0.0122763682
vn 0.119905047 0.992781997 0.00255989656
vn 0.114558481 0.993328929 -0.0131940171
vn 0.185650676 0.982615829 -0.000106759086
vn 0.826737344 0.562588036 -0.000107454558
vn 0.826258838 0.563290596 0
vn 0.826709807 0.562628508 -0.000101724771
vn 0.826220393 0.563346982 0
vn 0.16652669 0.70526123 -0.689112008
vn 0.1665847 0.704547763 -0.689827442
vn 0.166962773 0.699825466 -0.694526911
vn 0.16709809 0.698104918 -0.696223974
vn 0.232434466 0.972611487 0.000963969738
vn 0.230967253 0.972961426 0.000327931717
vn 0.233191207 0.972429991 0.00129211729
vn 0.230210528 0.973140895 0
vn -0.483437836 0.875347853 -0.00735376077
vn -0.435747623 0.900068879 0.000204878117
vn -0.486908525 0.873417199 -0.00791193917
vn -0.431465954 0.902128816 0.000873693207
vn 0.0159547273 0.676888466 0.735912681
vn 0.0835563317 0.776622295 0.624400616
vn 0.00649965787 0.653334439 0.757041574
vn 0.172015831 0.656506121 0.734445572
vn 0.300984025 0.711223483 0.63527137
vn 0.317691416 0.621898174 0.715761721
vn 0.315826327 0.601287484 0.733966708
vn 0.105143875 0.994456291 0.00112058234
vn 0.000288060342 0.999986768 -0.00514713582
vn 0.00221151696 0.999954939 -0.00924083125
vn 0.135806397 0.990733027 -0.00216549542
vn 0.341705322 0.939806879 0.000666791806
vn 0.373133808 0.927774847 -0.00222171587
vn 0.466830432 0.884319782 0.00691156602
vn 0.469131082 0.883127451 0.00138331624
vn -2.47080698E-05 -1.11785548E-05 -1
vn -0 -3.9505172E-05 -1
vn -0.000152045759 -6.95786075E-05 -1
vn -0 0 -1
vn 1.52107177E-05 0 -1
vn 8.23938244E-05 -7.96742315E-05 -1
vn -0 0 -1
vn -0 -1.01997048E-05 -1
vn -7.96869281E-05 0 -1
vn -0 0 -1
vn -5.75685372E-05 0 -1
vn -0 0 -1
vn -3.88576809E-05 5.10701757E-05 -1
vn -0 0 -1
vn -1.86684156E-05 2.44722487E-05 -1
vn -0.000181494252 0.000237605695 -1
vn 0.771105468 0.635657012 -0.0365580805
vn 0.797551453 0.595198274 -0.098238185
vn 0.778081656 0.626021922 -0.0518217459
vn 0.749200165 0.66229701 0.00786198583
vn 0.530252159 0.470982641 0.704987884
vn 0.529217601 0.464626193 0.709965706
vn 0.529884577 0.468702614 0.706781566
vn 0.528820336 0.462233305 0.711821139
vn -0.143513352 0.70409739 0.695449889
vn -0.151454031 0.694119155 0.703747213
vn -0.157622427 0.686225891 0.710105121
vn -0.165470198 0.676001668 0.718081772
vn -1.56883561E-05 0 1
vn -0.00071964087 7.41072799E-05 0.999999762
vn 1.0159607E-05 1.75064961E-05 1
vn 1.44777969E-05 3.23290078E-05 1
vn 1.23581394E-05 4.61748532E-05 1
vn -0.00281539164 -0.013074331 0.999910593
vn 0.0043355301 0.0123258606 0.999914646
vn 0.00501037529 0.00817474723 0.999954104
vn 0.00594635075 0.0021147381 0.999980092
vn -0.000358651974 0.000504717114 0.999999881
vn 0.000693269656 -0.00159293588 0.999998569
vn -5.19583009E-05 0.000349705195 1
vn -0.000697602169 0.000272112753 0.999999762
vn 0.265372783 -0.641882896 0.719419003
vn 0.267180175 -0.633558273 0.726098239
vn 0.290970534 -0.615837574 0.732174993
vn 0.359909773 -0.615592718 0.701078176
vn 0.387251377 -0.544085324 0.744316876
vn 0.541774631 -0.525107801 0.656309366
vn 0.469803303 -0.547263086 0.692667246
vn 0.544660091 -0.449783742 0.707841694
vn 0.537733495 -0.43921265 0.719676971
vn -0.00272784126 0.00111863762 0.999995708
vn -0.000767487392 0.000127900305 0.999999762
vn -0.00144762057 0.000615848054 0.999998808
vn 0.00143873401 -2.96280014E-05 0.999999046
vn 0.000261713983 -0.000331409916 1
vn -0.000182017597 -7.13291156E-05 1
vn 1.26238356E-05 0.000110586414 1
vn -0.000176211266 0 1
vn 0.000492676802 0.000326814275 0.999999881
vn 8.17077962E-05 1.14781251E-05 1
vn -7.66825979E-05 -6.87301726E-05 1
vn 2.94416532E-05 0 1
vn -5.98682964E-05 -3.56173987E-05 1
vn 0.00132408785 -0.000263015972 0.999999166
vn 0.00180176983 -0.000376347074 0.999998331
vn 0.00374558754 -0.000771784864 0.999992728
vn 0.547017276 0.446848184 0.707883418
vn 0.548732817 0.449293822 0.705001712
vn 0.659665167 0.123444177 0.741352439
vn 0.515173316 -0.168771699 0.84030503
vn 0.429770678 -0.522145748 0.736655235
vn 0.0697086081 -0.741208911 0.667645216
vn 0.137827933 -0.705567479 0.695110083
vn -0.0350808986 -0.6490255 0.759957373
vn -0.137064591 -0.744125187 0.653827906
vn -0.198934212 -0.647470176 0.735668063
vn -0.301222831 -0.68850857 0.659712672
vn -0.333548605 -0.582920849 0.740910709
vn -0.428462565 -0.588079989 0.685989738
vn -0.457745522 -0.510408819 0.727977991
vn -0.546750963 0.0796050504 0.833502471
vn -0.639995515 -0.325046957 0.696240067
vn -0.70877403 0.0960039347 0.698872387
vn -0.470815539 0.50069046 0.726389468
vn -0.279099375 0.65191102 0.705064237
vn -0.279332399 0.653882027 0.703144193
vn -0.238308609 0.971186399 -0.00241885171
vn -0.224755958 0.974411011 0.00283500738
vn -0.204870865 0.978757918 0.00780503452
vn -0.19643712 0.980430901 0.0129440362
vn -0.225103244 0.974333584 -0.00163663155
vn -0.231646955 0.972789586 -0.00448585767
vn 0.784786046 0.619192779 0.0266641937
vn 0.916863799 0.395940632 0.0509095415
vn 0.857267261 0.513518989 0.0372981168
vn 0.777727902 0.626355529 0.0530860424
vn 0.75123775 0.658762932 0.0409042202
vn 0.801130116 0.597295403 0.0377964303
vn 0.983810425 0.178209469 0.0189321339
vn 0.99938333 -0.0294934027 -0.0190562736
vn 0.683947265 -0.729202628 0.0219020788
vn 0.51834774 -0.855119944 -0.00923895743
vn 0.153840527 -0.988079011 0.0057544834
vn 0.102212593 -0.994762003 0.00106257759
vn -0.0748375058 -0.997105777 0.0133971972
vn -0.0144556398 -0.999895096 -0.000960725883
vn -0.117710017 -0.993029416 -0.00607183017
vn -0.241863206 -0.970309973 0.000865566311
vn -0.300610125 -0.95363909 0.0143513232
vn -0.362167895 -0.932106733 0.003391837
vn -0.334673494 -0.942334175 0
vn -0.434278488 -0.900709331 0.0111700147
vn -0.495332897 -0.868652284 0.00941359624
vn -0.612617314 -0.790366948 0.00447589392
vn -0.6704247 -0.741977155 -0.000819555251
vn -0.891005158 -0.453942031 0.00681513082
vn -0.963243246 -0.268346012 -0.0123606008
vn -0.988393247 0.151550815 0.0105422884
vn -0.755922019 0.654640973 -0.00519655272
vn -0.699789107 0.714134634 0.0175189003
vn -0.407251269 0.912702739 0.0334686153
vn -0.377830297 0.92568028 0.0189833362
vn -0.36706534 0.929119229 0.0447257832
vn -0.34805274 0.937358856 0.0147541221
vn -0.324812412 0.942488849 0.0788133293
vn 0.00243054726 -0.00873771869 0.999958873
vn 0.00518690515 -0.0108885961 0.999927282
vn -0.000981908408 -0.00281109591 0.999995589
vn -0.00246468559 -0.00142120384 0.999995947
vn 0.00107130129 -0.00148273807 0.999998331
vn 0.00131738291 -0.00171613891 0.999997735
vn 0.00193687773 -0.000942651648 0.999997735
vn 0.00348954834 -0.00111517776 0.999993324
vn 0.0049192002 -0.000331752584 0.999987841
vn -0.000207213132 9.81032135E-05 1
vn -0.000406589999 5.4014552E-05 1
vn -2.37462682E-05 0 1
vn -0 0 1
vn -0 0 1
vn -0.000115984723 0.000351551309 1
vn 0.000320442254 0.00026127504 1
vn 0.0024711953 -0.000718776428 0.999996662
vn -0.000273541373 0.000320573658 1
vn -5.10290083E-05 0.000423350284 0.999999881
vn 0.002231305 -9.13232361E-05 0.999997497
vn 0.00521875126 -0.00233409833 0.999983668
vn 0.00375014427 -0.000671824615 0.999992728
vn 0.00201059831 0.000914776872 0.999997616
vn -2.13766525E-05 1.47951068E-05 1
vn -0 0 1
vn 0.00166883355 0.000819145411 0.999998331
vn 0.000454758148 0.00294463476 0.999995589
vn -0.00150901522 0.00241184747 0.999995947
vn 0.00624815933 0.00657351175 0.999958873
vn 0.00969168078 0.00717851985 0.999927282
vn -0.268408 0.61825633 0.73872602
vn -0.26959154 0.624598324 0.732937455
vn -0.341109484 0.587148964 0.734098315
vn -0.300393075 0.640878558 0.70642662
vn -0.4964028 0.659474373 0.564515531
vn -0.452164888 0.446749479 0.77198571
vn -0.566832244 0.445208162 0.693174481
vn -0.774783731 0.524735093 0.352651894
vn -0.782575548 0.527019739 0.33139959
vn -0.514178932 0.856844246 -0.0379195139
vn -0.393805087 0.918344021 0.0395193249
vn -0.395747542 0.91782546 0.031311024
vn -0.423208714 0.905189276 0.0390753224
vn -0.616465867 0.780929863 0.100589976
vn -0.708911836 0.704652548 -0.0301470254
vn -0.776522577 0.626296461 0.0690323859
vn -0.791913331 0.602778375 0.0976300314
vn -0.792901695 0.602016389 0.0942509323
vn -0.000557937077 0.000598265615 0.999999642
vn -0.00127629074 0.00282625621 0.999995232
vn -0.000527879456 -0.000360423001 0.999999881
vn 0.00012764179 -0.000883254921 0.999999642
vn 0.0022231359 -0.00425812975 0.999988437
vn -0.00245604408 0.00169680396 0.999995589
vn 0.000978570431 -0.00130987051 0.999998689
vn -0.00550079858 0.00374405133 0.999977946
vn -0.0287418813 0.0131944614 0.999499798
vn -0.0327120051 0.0150315464 0.999351799
vn -0.836313486 0.166341335 0.522408187
vn -0.748875737 0.0998002589 0.655152678
vn -0.84994632 0.178268343 0.495794058
vn -0.728331864 0.0858763456 0.679822087
vn -0.315390378 0.610983491 -0.726104796
vn -0.348110735 0.651812255 -0.673765242
vn -0.312457681 0.607267618 -0.730476737
vn -0.35281688 0.657582879 -0.665661335
vn -0.457354754 0.889249325 -0.00789209828
vn -0.482272536 0.875958264 -0.0105066774
vn -0.455928147 0.890005529 -0.0044462909
vn -0.512906313 0.858043909 -0.0262266994
vn -0.592788994 0.802952468 -0.0621983111
vn -0.617211342 0.784106493 -0.0650165379
vn -0.619331002 0.782908738 -0.0590175353
vn -0.813777745 0.581176221 0
vn -0.813777566 0.58117646 0
vn -0.81377703 0.581177175 0
vn -0.813777864 0.581175983 0
vn -0.813777864 0.581175923 0
vn -0.577768266 0.412625015 -0.704219043
vn -0.576478422 0.410522342 -0.706501245
vn -0.577600181 0.412350655 -0.704517543
vn -0.576222956 0.41010645 -0.706951082
vn -0.964560509 0.263487697 0.0140481461
vn -0.967152834 0.254062444 0.00821683835
vn -0.968524516 0.248863295 0.00522534829
vn -0.97140187 0.237441257 -0.000130026514
vn -0.971468389 0.237168953 0
vn -0.689115703 0.722949743 -0.0496292561
vn -0.608728647 0.788407803 -0.0886700153
vn -0.604284167 0.791034043 -0.0954243019
vn -0.652889788 0.754382968 -0.0681262165
vn -0.759166479 0.650794566 -0.0115207871
vn -0.803247988 0.595476568 -0.0141546214
vn -0.854839385 0.518310428 -0.0245761294
vn -0.864093542 0.502435684 -0.0300124325
vn -0.807406366 0.569536805 -0.154022053
vn -0.776038587 0.591785073 -0.218069926
vn -0.574817777 0.698002756 -0.427055955
vn -0.410086602 0.678549111 -0.609426081
vn -0.279702991 0.63512373 -0.719988883
vn -0.279467762 0.637138247 -0.718298495
vn -0.0315781161 0.00349773257 -0.999495149
vn -0.0899559408 0.0923055634 -0.991658986
vn -0.0945672318 0.10123723 -0.990357578
vn -0.012175438 -0.00429442571 -0.999916673
vn 0.0266707037 -0.0310770255 -0.999161124
vn 0.0321673974 -0.037061926 -0.998795152
vn -0.594931006 0.180137113 -0.783331096
vn -0.592328966 0.186094686 -0.783910096
vn -0.598271132 0.192185283 -0.777905166
vn -0.645125985 0.258203804 -0.719126701
vn -0.654464722 0.270592093 -0.706014037
vn 0.507507384 -0.489840776 -0.708866894
vn 0.464020371 -0.530300677 -0.709553599
vn 0.463702351 -0.533354342 -0.707469642
vn 0.513156056 -0.489445597 -0.705063164
vn 0.502671242 -0.497199923 -0.707187295
vn 0.481305927 -0.514890492 -0.709388793
vn 0.414524376 -0.547457874 -0.726952136
vn 0.769292176 -0.309488952 -0.558933079
vn 0.802049398 -0.20062305 -0.562554061
vn 0.777621984 -0.301790178 -0.551567554
vn 0.797575593 -0.200497657 -0.568923414
vn 0.823164344 -0.0891611278 -0.560759068
vn 0.825838268 -0.0970447287 -0.555493891
vn 0.34845826 -0.828835547 -0.437730998
vn 0.344649404 -0.832368493 -0.434027165
vn 0.326034844 -0.832598925 -0.44775036
vn 0.239939034 -0.854437709 -0.460831285
vn 0.219617963 -0.849806905 -0.479162037
vn 0.11070969 -0.87574178 -0.469914466
vn -0.362327337 0.932050347 0.000988605898
vn -0.354978114 0.934872687 -0.00188704301
vn -0.386353552 0.922350824 -0.000130260945
vn -0.38499698 0.922917545 -0.000732572109
vn -0.400658429 0.91622752 -3.88705339E-05
vn -0.401669264 0.915784717 0.000201211515
vn -0.515325367 0.380180568 -0.768051088
vn -0.507259369 0.369767249 -0.778434455
vn -0.531419992 0.458084464 -0.712566793
vn -0.471380532 0.481401026 -0.738954306
vn -0.432020485 0.490664631 -0.756707609
vn -0.750161469 -0.387052387 -0.536141932
vn -0.743650258 -0.392793477 -0.541015267
vn -0.665948451 -0.325370938 -0.67130214
vn -0.618012905 -0.315699548 -0.719995677
vn -0.251286685 -0.187769666 -0.949524879
vn -0.159853131 -0.159259617 -0.97420913
vn -0.0183824711 -0.00326027372 -0.999825776
vn -0.00595008768 -0.000689195993 -0.999982119
vn -0.00131613482 0.000322143576 -0.999999166
vn -0 0 -1
vn -0.0165832266 0.0116420574 -0.999794781
vn -0.00544926198 0.00324936141 -0.999979854
vn -0.0952345505 0.19763042 -0.975639641
vn -0.172031745 0.223767534 -0.959339976
vn -0.488936216 0.477002829 -0.730349064
vn -0.497032791 0.59539628 -0.631238222
vn -0.475587726 0.691814601 -0.543331265
vn -0.480417579 0.690880656 -0.540261865
vn -0.51234901 0.490872532 -0.704657853
vn -0.497049421 0.563937485 -0.659481943
vn -0.500018477 0.570940733 -0.651158988
vn -0.529836297 0.471232295 -0.705133796
vn -0.554134727 0.427793384 -0.714092135
vn -0.552220404 0.424822778 -0.717341125
vn -0.00844408572 0.0132238753 -0.999876857
vn -0.00111357344 0.0173080619 -0.999849558
vn 0.00539455703 0.0209329985 -0.99976629
vn -0.0147310132 0.00972011592 -0.999844193
vn 0.421001941 0.906198919 -0.0395066738
vn 0.42183122 0.905942976 -0.0364103578
vn 0.4220438 0.905875683 -0.0356140584
vn 0.420793593 0.906261683 -0.0402820669
vn 0.407675743 0.911118686 -0.0605247468
vn 0.404341906 0.911684811 -0.073064819
vn 0.4035106 0.911800563 -0.0761503205
vn 0.408459097 0.91096127 -0.0575385764
vn 0.292485207 0.64576453 0.705294847
vn 0.291238785 0.637814403 0.713002622
vn 0.302409708 0.716469049 0.628665686
vn 0.303310812 0.723866105 0.619693816
vn -0.399405301 0.600594223 0.692648649
vn -0.425866723 0.544156134 0.722863495
vn -0.427973747 0.54978472 0.71733892
vn -0.353801399 0.613807082 0.705737472
vn -0.31647566 0.652983963 0.688080728
vn -0.317778826 0.659520268 0.681211948
vn 0.305165142 0.646175861 -0.699522018
vn 0.316069871 0.701045871 -0.639245331
vn 0.303959668 0.640441537 -0.705296516
vn 0.31697467 0.705903888 -0.633424699
vn -0.577949643 0.540655792 0.611281872
vn -0.57289511 0.531520307 0.623920798
vn -0.52939713 0.457349032 0.71454227
vn -0.522989392 0.446946174 0.725755572
vn -0.765113235 0.64388752 0.00326486444
vn -0.747910023 0.659719348 -0.0734925419
vn -0.736420989 0.675212443 -0.0420983322
vn -0.77314508 0.634224355 -0.0024684174
vn -0.756488204 0.651138186 -0.0611934364
vn -0.682875693 0.73005265 0.0265320949
vn -0.678998232 0.733041883 0.0401372388
vn -0.156437531 0.681573927 -0.71483165
vn -0.0163200013 0.685147405 -0.728221595
vn -0.0325853452 0.700407565 -0.712998807
vn -0.21603778 0.677608728 -0.702975214
vn -0.452306777 0.56295836 -0.691734433
vn -0.515961111 0.527213693 -0.675151646
vn -0.684341311 0.33126986 -0.649566889
vn -0.681156874 0.148729905 -0.7168715
vn -0.710655272 -0.136788353 -0.690114558
vn -0.715340674 -0.192645937 -0.671695709
vn -0.624964952 -0.324105293 -0.710193217
vn -0.614899337 -0.32537663 -0.718351543
vn -0.388411671 0.921394527 0.0129811969
vn -0.035332758 0.999349415 0.00723479036
vn -0.0293434504 0.999563515 0.00341880531
vn -0.222824529 0.974588394 0.0229507852
vn -0.639793694 0.768022478 0.0283833202
vn -0.768961787 0.639292896 -0.00153970008
vn -0.579531431 0.813120246 0.0545784533
vn -0.930863738 0.364519 0.0248712506
vn -0.991134644 0.131067216 -0.0217604116
vn -0.981203496 -0.192058563 0.0187961087
vn -0.944355726 -0.328760594 -0.0104316175
vn -0.882438898 -0.470235527 0.013421773
vn -0.866328239 -0.499458462 0.00405930961
vn -0.0160331335 0.66538924 0.74632442
vn -0.00122781331 0.647470415 0.762089491
vn 0.0144599546 0.62792778 0.778137326
vn -0.0302439369 0.682108521 0.730625153
vn 0.663920999 -0.74588722 -0.0534900539
vn 0.615575492 -0.786486387 0.0500598922
vn 0.60968405 -0.789467156 0.0709012672
vn 0.733060896 -0.671057761 0.110919319
vn 0.772595823 -0.632020175 -0.0603829361
vn 0.774109483 -0.626633823 -0.0899142623
vn 0.694000006 -0.317748189 0.646064997
vn 0.672609329 -0.244192123 0.698546171
vn 0.665598512 -0.239611983 0.706798971
vn 0.652720332 -0.244655669 0.717007518
vn 0.707428396 -0.348967135 0.6146276
vn 0.00106272462 -0.000713371497 0.999999166
vn 0.00114596949 -0.00081837544 0.999999046
vn 0.00120856985 -0.000774916669 0.999999046
vn 5.65920091E-05 -1.30707322E-05 1
vn -7.43576384E-05 7.32770495E-05 1
vn -0.00175010029 -0.00231922674 0.999995828
vn -0.00121838076 -0.0016254551 0.999997973
vn -0.00321625988 -0.00429092301 0.999985695
vn 0.814175904 -0.580618262 0
vn 0.814038813 -0.580810428 -0.000392445625
vn 0.813904762 -0.580997825 -0.000775477733
vn 0.813777268 -0.581175804 -0.00113945291
vn 0.713698804 -0.700448692 0.00236174464
vn 0.655735254 -0.754983485 -0.00334150647
vn 0.653708041 -0.756746888 0
vn 0.72383064 -0.689977586 -0.000273542246
vn 0.696543872 -0.717503726 0.00386799267
vn 0.697167635 -0.716908157 0
vn 0.60781157 -0.794051468 0.0068879053
vn 0.609191179 -0.79295963 0.0100581031
vn 0.404173821 -0.226787582 0.886121273
vn 0.414842874 -0.237733915 0.878286898
vn 0.513597965 -0.466933578 0.719854295
vn 0.518428564 -0.474932164 0.711105704
vn 0.523008466 -0.489941239 0.697437882
vn 0.50127542 -0.505183816 0.702504277
vn 0.493271798 -0.499622613 0.712081671
vn 0.495798498 -0.498419613 0.711169243
vn 0.41150564 -0.534590721 0.738157153
vn 0.409617245 -0.533181667 0.740223646
vn 0.410610318 -0.911810994 0.000226249525
vn 0.410508603 -0.911856651 0.000380951416
vn 0.275654763 -0.961256742 0.000136376082
vn 0.275672764 -0.961251497 0
vn 0.134993151 -0.990846455 0.000177334849
vn 0.135079697 -0.990834713 0.000298593455
vn 0.17441164 -0.605618596 0.776406288
vn 0.306206435 -0.659181297 0.68681711
vn 0.318899035 -0.673250556 0.667111039
vn 0.166004941 -0.585411429 0.793559074
vn 0.0895279422 -0.721905649 0.686175644
vn 0.0862981007 -0.740101576 0.666935027
vn 0.193102539 -0.673263669 -0.713741839
vn 0.28578946 -0.63482064 -0.717862785
vn 0.288525611 -0.63669914 -0.715099394
vn 0.193962336 -0.676161945 -0.71076268
vn 0.0927705839 -0.692998171 -0.714945555
vn 0.0940690339 -0.690014064 -0.71765703
vn 0.584393561 -0.417355984 -0.695915282
vn 0.588463068 -0.42557013 -0.687460005
vn 0.585698724 -0.419977456 -0.693235815
vn 0.589417696 -0.427514464 -0.685432792
vn 0.0331836157 -0.0334676094 -0.998888791
vn 0.0379067548 -0.0275605377 -0.998901129
vn 0.0308469404 -0.0328025334 -0.998985708
vn 0.00156964851 -0.0054637664 -0.999983907
vn -0 0 -1
vn -0.00873834174 -0.043991711 -0.998993695
vn -0.0103661297 -0.045784343 -0.998897552
vn -0.0174685754 -0.0432848334 -0.998910069
vn -0.193892419 0.676182806 -0.710762024
vn -0.290274024 0.644780099 -0.707106531
vn -0.290274054 0.644780099 -0.707106531
vn -0.19389236 0.676183045 -0.710761786
vn -0.0955156833 0.700626671 -0.707105994
vn -0.0955156982 0.700626373 -0.707106352
vn 0.271337807 0.653630733 -0.706500292
vn 0.271319449 0.655773044 -0.704519272
vn 0.271341622 0.653143167 -0.706949532
vn 0.271316528 0.656094432 -0.704221189
vn -0.275637627 0.96126163 0
vn -0.410509616 0.911856234 0
vn -0.410509557 0.911856234 0
vn -0.275637627 0.96126163 0
vn -0.135078982 0.990834832 0
vn -0.135078967 0.990834832 0
vn -0.423890293 -0.553357661 0.71701622
vn -0.420179754 -0.637059093 0.646223426
vn -0.415033102 -0.670618653 0.614831686
vn -0.437477261 -0.555911362 0.706807196
vn -0.440991044 -0.563501835 0.698564708
vn 0.245260552 -0.691069961 0.679904163
vn 0.24619557 -0.667841196 0.702407241
vn 0.254300386 -0.60620445 0.75355655
vn 0.297620147 -0.632452071 0.715140998
vn 0.309562147 -0.641895235 0.701528192
vn 0.332505226 -0.942787588 -0.0243288185
vn 0.408590972 -0.911655009 0.0440300331
vn 0.331995994 -0.942892253 -0.0270679407
vn 0.365224808 -0.930678487 0.0211763065
vn 0.448822767 -0.893529058 0.0128067341
vn 0.45187071 -0.892083406 0
vn 0.628183842 -0.155450165 0.762378037
vn 0.654516935 -0.267593235 0.707107782
vn 0.647827685 -0.262065321 0.715290844
vn 0.617404878 -0.156780168 0.77086395
vn 0.694403052 -0.072874181 0.715886712
vn 0.703532577 -0.071006462 0.707106769
vn -0.723161161 -0.267978579 0.636573136
vn -0.599393725 -0.353270113 0.718280852
vn -0.660042703 -0.33461383 0.672590017
vn -0.675722897 0.00507676601 0.737138212
vn -0.689872444 0.172056466 0.703187525
vn -0.568394959 0.478639454 0.669202089
vn -0.613039613 0.377725869 0.693906188
vn -0.408790112 0.566614628 0.715428948
vn -0.385529667 0.555261433 0.736920238
vn -0.707612216 0.185082808 0.681930542
vn -0.698548198 0.179659963 0.692641973
vn -0.66086781 0.15765205 0.733757198
vn -0.6549474 0.154265761 0.739760756
vn -0.5143134 0.857520878 -0.0118130669
vn -0.627178431 0.778364837 0.0282030739
vn -0.678217053 0.734807611 -0.00890872814
vn -0.829313099 0.558268905 0.023993656
vn -0.935984313 0.351309806 -0.0226855166
vn -0.99527055 0.0951727852 0.0194597375
vn -0.979083121 -0.203454792 -0.00153983268
vn -0.925468147 -0.3777605 0.0283833835
vn -0.775516033 -0.631194353 0.0129809165
vn -0.893432438 -0.445869535 0.0545777641
vn -0.654284298 -0.755900383 0.0229504071
vn -0.495175868 -0.868786037 0.00341834407
vn -0.500363231 -0.86578542 0.00723429583
vn -0.351715088 0.587578595 0.728730321
vn -0.509737194 0.570318043 0.644131482
vn -0.416506261 0.598899662 0.683989644
vn -0.6000278 0.310595572 0.737222433
vn -0.687628925 0.172982603 0.705154896
vn -0.726463914 -0.156070873 0.669247389
vn -0.718712866 -0.0462097935 0.693769753
vn -0.627156854 -0.308487087 0.715199292
vn -0.601343811 -0.309397995 0.736653566
vn -0.969964921 0.243173122 0.00591088738
vn -0.971887171 0.235444114 -0.00111483317
vn -0.972197354 0.234151557 -0.00228741788
vn -0.973986983 0.226413265 -0.00929340068
vn -0.572652519 0.390236318 -0.720960975
vn -0.702475727 0.182679415 -0.687863529
vn -0.70544827 0.184512541 -0.684322953
vn -0.569376945 0.368831158 -0.734692812
vn -0.49106434 0.470724314 -0.732990146
vn -0.604097784 0.381409794 -0.699708879
vn -0.688384414 0.184170902 -0.701575458
vn -0.765653253 0.0210734494 -0.642908275
vn -0.703076899 -0.223269239 -0.675154567
vn -0.663654029 -0.284718752 -0.691735923
vn -0.508870065 -0.496868938 -0.702974081
vn -0.458105713 -0.528352797 -0.714830279
vn -0.357593864 -0.603124976 -0.712998509
vn -0.33606714 -0.597285867 -0.728222847
vn 0.683327615 -0.242552668 -0.688644648
vn 0.703507781 -0.173116609 -0.689280391
vn 0.683614135 -0.242476195 -0.688387215
vn 0.702530503 -0.176926434 -0.689309776
vn 0.719163895 -0.105356291 -0.686806679
vn 0.718847275 -0.105051458 -0.687184632
vn 4.10266584E-05 -1.02274962E-05 -1
vn -0.000125260645 6.65175103E-05 -1
vn -0.000149266096 7.54837165E-05 -1
vn 6.98248041E-05 -1.74077431E-05 -1
vn -0.000141876983 0 -1
vn -0.000167291364 0 -1
vn -0.774041891 -0.633134365 -0.000193560612
vn -0.752241135 -0.658885121 -0.00193257187
vn -0.756979108 -0.653438628 0.000704107166
vn -0.773214698 -0.634143949 -0.000732374494
vn -0.783901393 -0.620885372 -3.88857698E-05
vn -0.784585953 -0.620020032 0.000201351955
vn -0.683505416 -0.413233727 -0.601712704
vn -0.545872569 -0.431359231 -0.718298256
vn -0.546285093 -0.432416975 -0.71734798
vn -0.831788003 -0.356849283 -0.425190806
vn -0.979808152 -0.138424844 -0.144272
vn -0.968087375 -0.16741012 -0.186495453
vn -0.998115897 -0.058966957 -0.0169591289
vn -0.998829186 -0.0380700193 -0.0298486445
vn -0.988778412 -0.148720831 -0.0141196167
vn -0.974367797 -0.224937439 -0.00326999393
vn -0.947567523 -0.318487316 -0.0261067096
vn -0.935060084 -0.353565693 -0.0255711116
vn -0.916082203 -0.39569059 -0.0649786517
vn -0.907748878 -0.410383523 -0.0870483145
vn -0.970295787 0.24192147 0
vn -0.994945824 0.100413516 0
vn -0.994946897 0.100402549 0
vn -0.970295668 0.241922081 0
vn -0.925626457 0.378438652 0
vn -0.925622642 0.378447711 0
vn 0.601253748 0.64184624 -0.47594893
vn 0.696202576 0.565731227 -0.441871226
vn 0.708831847 0.560753107 -0.4279176
vn 0.646343887 0.593390286 -0.479715973
vn 0.556871653 0.65879935 -0.505843341
vn 0.489586323 0.716153562 -0.497422755
vn 0.0455262549 0.0175563805 -0.998808861
vn 0.0380390659 0.0148235373 -0.99916625
vn 0.00140589941 0.00115611998 -0.999998331
vn 0.00286329538 0.00200864603 -0.99999392
vn 0.0577701554 0.0325473361 -0.997799218
vn 0.0621081851 0.0349866375 -0.997456014
vn 0.586851478 0.401824474 -0.702952683
vn 0.661379635 0.409450352 -0.628432512
vn 0.647800982 0.389743984 -0.654563606
vn 0.603916228 0.379143178 -0.701095998
vn 0.524618387 0.450379878 -0.72244966
vn 0.477460027 0.50045675 -0.722201347
vn 0.422404706 0.534729898 -0.731873035
vn 0.365539789 0.565841258 -0.739056349
vn 0.372575104 0.589828372 -0.716442883
vn 0.18948999 0.37678656 -0.9067114
vn 0.127638519 0.291011512 -0.948167026
vn -0.053085912 -0.997930646 -0.0362823382
vn -0.0539399013 -0.99776876 -0.039343819
vn -0.0537683032 -0.997802079 -0.0387285389
vn -0.0529075786 -0.997963071 -0.0356432348
vn -0.0339734219 -0.71400547 -0.699315369
vn -0.0500525571 -0.767387509 -0.639227092
vn -0.0515300557 -0.772087514 -0.633423567
vn -0.0323508568 -0.708396196 -0.705073297
vn -0.836425722 -0.547986627 -0.0101288231
vn -0.821255922 -0.570504904 -0.00792147219
vn -0.820352018 -0.571841419 -0.00447614724
vn -0.855362177 -0.51733917 -0.0267511941
vn -0.899310946 -0.432786673 -0.0627338514
vn -0.912780583 -0.402723104 -0.0681596696
vn -0.914052904 -0.400773942 -0.0623498969
vn -0.600444257 -0.375801682 0.705860972
vn -0.586033463 -0.427993685 0.688030779
vn -0.590274572 -0.433182806 0.681123018
vn -0.634614527 -0.342692792 0.692694783
vn -0.635979712 -0.284512758 0.717343807
vn -0.63147819 -0.280533344 0.722866714
vn -0.70828259 0.263344109 0.654969931
vn -0.816732228 0.245744348 0.522071064
vn -0.834350824 0.24163565 0.495450318
vn -0.683696628 0.265962154 0.679575622
vn -0.000430817134 0.00026110583 0.999999881
vn -0.00289457873 -0.00269812671 0.999992251
vn -0.000831781537 -0.000475464389 0.999999523
vn 0.000557225838 0.000740448246 0.999999642
vn 0.00399152562 0.00273752585 0.999988317
vn -0.00323499483 -0.000392043527 0.999994755
vn 0.00159450807 0.000751643616 0.99999845
vn -0.00697007217 -0.00080740836 0.999975443
vn -0.0316653177 0.00184111961 0.999496818
vn -0.0359430052 0.00207791687 0.99935168
vn -0.808490098 -0.587365925 0.0366737172
vn -0.771226704 -0.63632071 -0.0174729154
vn -0.765319586 -0.642229795 -0.0427419133
vn -0.862908483 -0.5042153 -0.033998359
vn -0.912171006 -0.398877859 0.0940244198
vn -0.956836641 -0.288960963 -0.031066468
vn -0.979656577 -0.188433081 0.0690361634
vn -0.982204854 -0.160442799 0.0976303816
vn -0.982720017 -0.159305751 0.0942503884
vn -0.576170027 -0.358846277 0.734341621
vn -0.522883058 -0.418873906 0.742386699
vn -0.517736554 -0.412320614 0.749626935
vn -0.565861821 -0.42870155 0.704283595
vn -0.748126984 -0.349300265 0.564176559
vn -0.608893871 -0.18208456 0.772070944
vn -0.708797395 -0.126903042 0.693903387
vn -0.93008697 -0.0994087383 0.353632659
vn -0.93807447 -0.0977626964 0.332353383
vn -0.0677939355 -0.773903608 0.629664421
vn -0.0436292328 -0.707982659 0.704880893
vn -0.0704351962 -0.780724049 0.620893717
vn -0.0409849249 -0.700394928 0.71257782
vn -0.0719459429 -0.988875926 -0.130185395
vn -0.0694778562 -0.990260899 -0.120648995
vn -0.0593306869 -0.99489814 -0.0815931633
vn -0.0568659604 -0.995771945 -0.0721428394
vn -0.948990047 -0.31072247 -0.0535658486
vn -0.901221633 -0.425570607 -0.0817874297
vn -0.953523099 -0.275308669 -0.122469999
vn -0.980008841 -0.19883211 -0.00695670117
vn -0.982621491 -0.185516477 0.00621460006
vn -0.971078575 -0.23721309 -0.0271340087
vn -0.940151811 -0.340203673 -0.0193913803
vn -0.94632566 -0.322471738 0.021905683
vn -0.943660855 -0.3284688 0.0401556417
vn -0.681134522 -0.15538463 0.715479791
vn -0.671355426 -0.149603009 0.725879312
vn -0.747927785 -0.196673408 0.633974493
vn -0.756063282 -0.201957807 0.622560441
vn -0.282026947 -0.561217308 0.778136134
vn -0.305052608 -0.571106791 0.762089133
vn -0.326536775 -0.579976857 0.746324658
vn -0.346932918 -0.588066936 0.730626345
vn 0.574678302 0.421430558 0.701527715
vn 0.559700668 0.418698728 0.715140939
vn 0.509127676 0.415859193 0.753558278
vn 0.530907273 0.47408551 0.7024104
vn 0.540986359 0.495033264 0.679908693
vn 0.994945467 -0.100417361 0
vn 0.994945347 -0.100417793 0
vn 0.970295668 -0.24192214 0
vn 0.97004056 -0.242938489 -0.00151032151
vn 0.994945347 -0.100417934 0
vn 0.924977064 -0.380013883 -0.00261390256
vn 0.925628364 -0.378433794 0
vn 0.923583746 -0.383311599 -0.00809102319
vn -0.689049006 -0.167331994 -0.705132246
vn -0.687024236 -0.115846105 -0.717340469
vn -0.690109313 -0.117570318 -0.714091361
vn -0.682829201 -0.192882478 -0.704656363
vn -0.703620434 -0.264577627 -0.659482241
vn -0.709529817 -0.269367427 -0.651159465
vn -0.00535862241 -0.0190487988 -0.999804199
vn -0.01036656 -0.0112341112 -0.999883175
vn -0.0161144827 -0.00226178858 -0.999867558
vn -0.020874273 0.00517044542 -0.999768794
vn -0.735662878 0.051807832 -0.67536366
vn -0.714795291 0.0393679179 -0.698224843
vn -0.709946096 0.0365371071 -0.703307688
vn -0.740690112 0.0548709892 -0.669602394
vn -0.166833356 0.699931324 -0.694451511
vn -0.164267406 0.696409285 -0.69859165
vn -0.164747208 0.697069168 -0.697820246
vn -0.167238578 0.700485945 -0.69379437
vn -0.532685757 -0.450336069 -0.716549635
vn -0.59179455 -0.47709319 -0.649739385
vn -0.537224829 -0.452453047 -0.711811602
vn -0.597841859 -0.479722679 -0.642223597
vn -0.777283251 -0.629097581 -0.00817938801
vn -0.77939564 -0.626446187 -0.0103689265
vn -0.782426655 -0.622595787 -0.0135334702
vn -0.774149656 -0.632983208 -0.00495502073
vn -0.925307155 0.378830492 0.0171469525
vn -0.850475132 0.526012301 0.00174325844
vn -0.921547592 0.387925565 0.0162390135
vn -0.843311608 0.537424684 0.000479724258
vn -0.98887223 0.136489049 -0.0591819584
vn -0.992933154 0.113225028 -0.0355497226
vn -0.993016005 0.112671696 -0.0349887051
vn -0.995932639 0.0893749148 -0.0114134382
vn -0.000526537711 -0.00127342273 0.999999046
vn -0.000505679578 -0.001150097 0.999999285
vn -0.000583327783 -0.00127064215 0.999999046
vn -3.83199658E-05 -3.56830569E-05 1
vn 2.56641615E-05 9.44188214E-05 1
vn 0.00271381997 -0.00104055053 0.999995828
vn 0.00190127967 -0.000735426438 0.999997973
vn 0.00500511425 -0.00193599437 0.999985576
vn 0.113979861 -0.666749954 0.736514211
vn 0.15079096 -0.693332255 0.704664767
vn 0.159901083 -0.702820361 0.693163097
vn 0.0861673802 -0.722178996 0.686318219
vn 0.0804567039 -0.737723708 0.670291424
vn -0.651704729 0.082949996 0.753923297
vn -0.696438015 0.058515314 0.715227306
vn -0.710678339 0.0528590269 0.70152849
vn -0.701053381 0.120496117 0.702854812
vn -0.721310139 0.133174837 0.679688275
vn -0.447801083 -0.466463208 0.762814641
vn -0.559001446 -0.433032066 0.707107186
vn -0.550869465 -0.430002838 0.715290368
vn -0.443726748 -0.456981719 0.770891905
vn -0.407236606 -0.560960412 0.720750809
vn -0.410096139 -0.56938237 0.712478101
vn -0.998230159 0.0580741055 0.0128062498
vn -0.998502135 0.0547121987 0
vn -0.993813992 0.101960093 0.0440210737
vn -0.988610923 0.14899157 0.0212139692
vn -0.982725322 0.183425561 -0.0246206354
vn -0.982558191 0.183926046 -0.0273994114
vn -0.69506532 -0.100572586 0.711877346
vn -0.668721914 -0.0890793353 0.738157153
vn -0.666557431 -0.0881483853 0.740223646
vn -0.698937714 -0.102288648 0.707829833
vn -0.00210791291 0.00493080541 0.999985695
vn -0.00113339466 0.00267523876 0.999995828
vn -0.00079843303 0.00186786556 0.999997973
vn -3.94602685E-05 -4.24084828E-05 1
vn 0.00010084462 2.78445787E-05 1
vn -0.0011493715 -0.00056364882 0.999999166
vn -0.0012756004 -0.000659196055 0.999999046
vn -0.00128200778 -0.000583228131 0.999999046
vn -0.685808182 -0.207969472 0.69743526
vn -0.656297326 -0.25531289 0.70999229
vn -0.658635199 -0.255698591 0.707684875
vn -0.68814218 -0.181526318 0.702501714
vn -0.691620886 -0.131164312 0.710250974
vn -0.691867232 -0.131267041 0.709991992
vn 0.84093684 0.541019201 -0.0111182444
vn 0.885817826 0.464027762 -0.00220669596
vn 0.842668414 0.538390934 -0.00672753295
vn 0.887057304 0.461653739 0.00226770039
vn 0.95452553 0.298126072 -0.00137815671
vn 0.960455418 0.278433055 0.000702954247
vn 0.982171834 0.187925324 -0.0047465791
vn 0.982680976 0.185305357 0
vn 0.623942137 0.339264274 0.703985691
vn 0.615010738 0.39457494 0.682694972
vn 0.612954021 0.393938303 0.684908688
vn 0.631620169 0.32602793 0.703392923
vn 0.69147563 0.241584986 0.680806935
vn 0.674018979 0.165960819 0.719830096
vn 0.717227101 0.123671323 0.685777366
vn 0.722808242 0.12319003 0.679979742
vn -0.977691531 -0.202168107 -0.0569845922
vn -0.988805771 -0.147695318 0.0211981591
vn -0.98909086 -0.142211944 0.0384077057
vn -0.947405338 -0.29883647 0.114542544
vn -0.933636785 -0.352935195 -0.0613116473
vn -0.929589868 -0.35702756 -0.0916179493
vn -0.933719933 -0.357976735 0.00443590758
vn -0.932461143 -0.361270189 0
vn -0.959453583 -0.28186667 -0.000273578946
vn -0.963455558 -0.267857969 0.00236162799
vn -0.981702447 -0.19039242 -0.00334139052
vn -0.982215524 -0.187756985 0
vn -0.909918606 -0.414786875 0
vn -0.910016239 -0.414572477 -0.000392336107
vn -0.910111308 -0.414363086 -0.000775261433
vn -0.910201609 -0.414164126 -0.0011391351
vn -0.398492813 -0.236631826 0.886120141
vn -0.413306981 -0.240398183 0.878285825
vn -0.62607801 -0.289351702 0.724087
vn -0.643609703 -0.292858034 0.707107246
vn -0.655929863 -0.438167691 0.614625931
vn -0.618742764 -0.440816104 0.650260448
vn -0.538237333 -0.442945123 0.717007816
vn -0.510917485 -0.441508949 0.737586021
vn -0.510267854 -0.441170663 0.738237798
vn 0.242689386 -0.969920874 0.0188491326
vn 0.22909233 -0.973348916 0.0104161762
vn 0.212219164 -0.977222025 0
vn 0.258215457 -0.965666175 0.0285219178
vn 0.184091896 -0.747396469 0.638364136
vn 0.121957764 -0.701355934 0.702300608
vn 0.162780598 -0.732302248 0.661238194
vn 0.102675602 -0.685837686 0.720475078
vn 0.114531867 -0.693213046 -0.711574376
vn 0.133783013 -0.70843488 -0.692980528
vn 0.104202881 -0.684811771 -0.721231222
vn 0.145601735 -0.717494905 -0.681176424
vn 0.687976301 0.178265139 -0.703498602
vn 0.719343781 0.123489469 -0.683589697
vn 0.722808361 0.123189233 -0.679979801
vn 0.685840309 0.222167507 -0.693011343
vn 0.630985439 0.324448943 -0.704691648
vn 0.625154138 0.338710278 -0.703176796
vn 0.625937819 0.400940925 -0.668915749
vn 0.630874932 0.402461231 -0.663341284
vn -0.0646190792 0.722741306 0.688091218
vn -0.0568648577 0.714854717 0.696956992
vn -0.0597253889 0.717779458 0.693704247
vn -0.0535755083 0.711469412 0.700671673
vn -0.101101935 0.994835973 -0.00894019287
vn -0.103859313 0.994561613 -0.0077751996
vn -0.0949505121 0.995415092 -0.0115374736
vn -0.0918907896 0.995686531 -0.0128285093
vn -0.0571393818 0.722709835 -0.688785613
vn -0.0386040099 0.705204666 -0.707951963
vn -0.0505071878 0.716524541 -0.695731044
vn -0.0648625121 0.72980237 -0.680574358
vn -0.625237823 0.318941444 -0.712287962
vn -0.648692191 0.367620409 -0.666373491
vn -0.659947813 0.393012911 -0.640319943
vn -0.605488002 0.281201512 -0.744520009
vn -0.682174265 0.361680597 0.635472655
vn -0.636728168 0.266166836 0.72369349
vn -0.702511013 0.413661361 0.57910496
vn -0.599782825 0.199783504 0.774820805
vn 0.657345414 -0.278167158 0.700371325
vn 0.591537893 -0.275454134 0.757764995
vn 0.578806221 -0.274718136 0.767797768
vn 0.67124629 -0.278481066 0.686932862
vn 0.92161268 -0.386605442 -0.0341499858
vn 0.923554718 -0.381236464 -0.0412967913
vn 0.928263843 -0.367058396 -0.0599525832
vn 0.916279078 -0.40022859 -0.0158061795
vn 0.649833202 -0.304020315 -0.696626544
vn 0.694018126 -0.306815624 -0.651308656
vn 0.687661707 -0.306479961 -0.658172786
vn 0.643752754 -0.303555965 -0.702450037
vn 0.840722382 0.541369975 0.0102177514
vn 0.824457049 0.565328956 0.0259566251
vn 0.81933713 0.573104322 0.015433996
vn 0.856394887 0.51622355 -0.0100526344
vn 0.877404273 0.476413518 -0.0564972796
vn 0.605993092 0.410309553 -0.681482613
vn 0.603315055 0.409242839 -0.684493423
vn 0.635555923 0.421880454 -0.646595418
vn 0.637695193 0.422702402 -0.643946826
vn 0.675218761 0.43854332 0.593093097
vn 0.620297551 0.435953945 0.652054548
vn 0.629063725 0.437851459 0.642312229
vn 0.610438287 0.351468384 0.709813416
vn 0.588868558 0.326338917 0.73941648
vn 0.569345772 -0.399918318 -0.718269289
vn 0.569258153 -0.39996478 -0.7183128
vn 0.493646562 -0.437189788 -0.751783311
vn 0.647021949 -0.355218321 -0.674672067
vn 0.63913095 0.304651827 -0.706186295
vn 0.661000311 0.293124974 -0.690765083
vn 0.722086787 0.257765323 -0.641987324
vn 0.556504309 0.343740046 -0.756403267
vn 0.543726027 0.528314531 0.652108788
vn 0.283142567 0.572631598 0.769365549
vn 0.219633758 0.592849672 0.774784088
vn 0.0168056395 0.679897189 0.733114839
vn 0.00688848458 0.703689396 0.710474372
vn 0.651093364 -0.194853246 0.733559549
vn 0.682166219 -0.172847196 0.710473835
vn 0.728639841 -0.137268975 0.671000183
vn 0.599687338 -0.228633091 0.766878068
vn 0.974031866 -0.222183242 0.0435488373
vn 0.997164428 -0.0707876906 -0.0255380943
vn 0.896318853 -0.442912042 -0.0210081171
vn 0.952172339 0.302762032 0.0412666164
vn 0.910710096 0.411586791 -0.0346905924
vn 0.717198133 0.695210814 0.0480506048
vn 0.00132877647 -0.0139056556 0.999902487
vn -0.00925382227 -0.0314979441 0.999460995
vn 0.000222182454 -0.0112296212 0.999936938
vn 0.00542069273 -0.000410018984 0.999985218
vn -0.000932873285 0.000548544049 0.999999404
vn -0.00143349543 0.000514089828 0.999998927
vn -0.000505395466 0.000737338967 0.999999642
vn -0.00167382904 0.00138611824 0.999997616
vn 0.000256414001 0.00231357198 0.999997377
vn 0.000282397552 0.000288344338 1
vn 0.00249994779 0.00309783313 0.999992132
vn 0.00316954893 0.000680928177 0.999994755
vn 0.000840114895 0.000103177415 0.999999642
vn 0.000114601215 7.01113895E-05 1
vn 0.000119941702 3.61163184E-05 1
vn 3.20552717E-05 -2.00108279E-05 1
vn -0.000421290169 -0.000173832566 0.999999881
vn -0.000163931283 0.000140501899 1
vn -0.000697364914 -3.4554836E-05 0.999999762
vn -0 0.000172542626 1
vn 6.70109002E-05 -1.37812622E-05 1
vn -6.54572141E-05 -0.000136112358 1
vn -0.000220907081 -4.71877647E-05 1
vn -0.000602460525 0.000368861598 0.999999762
vn -0.000289098272 0.0003462327 0.999999881
vn 7.5816155E-05 -3.23354652E-05 1
vn 0.0001137816 -0.000136400893 1
vn 0.000211595601 -8.22564252E-05 1
vn 0.000251066202 0.000609221053 0.999999762
vn 8.29457276E-05 -0.00249369256 0.999996901
vn 0.000729939668 -0.00192071183 0.999997973
vn 0.00140970945 -0.000923758023 0.999998569
vn 0.0017842059 -0.00272341818 0.999994755
vn 0.00248068757 0.000719941861 0.999996662
vn 0.00174264435 0.00251845759 0.999995351
vn 0.000739366806 0.000455337315 0.999999642
vn 0.00079717976 -0.00226239255 0.999997139
vn 0.00949077308 0.00217611599 0.999952674
vn 0.0110588865 0.0050369245 0.999926209
vn 0.0101704011 0.0257634558 0.999616265
vn -0.643801093 -0.310346216 0.699432135
vn -0.70674026 -0.373412728 0.600900233
vn -0.697391331 -0.372189552 0.612470627
vn -0.64124006 -0.314918697 0.699740946
vn -0.61730504 -0.228403091 0.752839029
vn -0.607488573 -0.220029354 0.763246238
vn -0.94213891 0.333592087 -0.0330236666
vn -0.929240406 0.369216144 -0.0138499364
vn -0.911596119 0.41098544 0.00913545117
vn -0.894449592 0.446228623 0.0289813075
vn 0.666358054 0.745628059 -0.00237177545
vn 0.637299776 0.770572722 0.00816384517
vn 0.654156506 0.756349981 0.00375488726
vn 0.626990438 0.778862596 0.0160047077
vn 0.655415893 0.755263746 -0.00257124309
vn 0.660976827 0.750385046 -0.00564920623
vn 0.463466167 0.519192219 0.718079746
vn 0.459594578 0.54176718 0.703747869
vn 0.461335987 0.53190279 0.710104585
vn 0.457267016 0.554304242 0.695452094
vn -0.383401632 0.922735035 -0.0395390987
vn -0.375127047 0.926557541 -0.0277655721
vn -0.350926757 0.936383367 0.00604487769
vn -0.40761438 0.910097003 -0.0746584162
vn -0.254825026 0.660110176 0.706624925
vn -0.250961691 0.672323287 0.69641912
vn -0.252327234 0.668051064 0.700027525
vn -0.256177396 0.655740619 0.710195303
vn 0.335257977 0.545409799 -0.768199384
vn 0.32915917 0.541225731 -0.773775816
vn 0.370461166 0.547267377 -0.750504434
vn 0.380699426 0.50117135 -0.777106941
vn 0.364429981 0.474928051 -0.801020682
vn 0.359387666 0.472901434 -0.804490328
vn 0.38556996 0.922598183 0.0121739218
vn 0.423677176 0.905750275 -0.0106803477
vn 0.467365146 0.882610679 -0.0506779253
vn 0.548479974 0.831534982 -0.0878598019
vn 0.531112134 0.847226501 -0.0112829227
vn 0.576200604 0.817306042 0.00190706225
vn 0.614997745 0.788496137 -0.00718014175
vn 0.626547337 0.779383421 0
vn 0.388547003 -0.921418607 -0.00433851732
vn 0.392649472 -0.919659495 -0.00726254424
vn 0.382440001 -0.923980355 0
vn 0.398574799 -0.917063653 -0.0114996098
vn 0.245808065 -0.630145252 -0.736542761
vn 0.305678636 -0.708030641 -0.63659507
vn 0.299587667 -0.700397134 -0.647835672
vn 0.241327047 -0.624081612 -0.743157685
vn 0.565802991 0.418406516 -0.710494757
vn 0.475625813 0.539544702 -0.69474566
vn 0.47651881 0.539977372 -0.693796992
vn 0.612264812 0.347782135 -0.710055947
vn 0.734350979 0.103737824 -0.670795977
vn 0.994351745 0.106046431 0.00432276167
vn 0.999830127 0.0123926438 0.0136464238
vn 0.993464768 0.114085272 0.00351626147
vn 0.999878287 0.00637253886 0.0142412335
vn -0.665762246 -0.238246977 0.707106054
vn -0.665762246 -0.238246992 0.707106054
vn -0.665762424 -0.23824732 0.707105815
vn -0.665762424 -0.23824738 0.707105696
vn 0.47598207 -0.522915304 0.707107246
vn 0.47598213 -0.522915423 0.707107127
vn 0.475981772 -0.522915006 0.707107604
vn 0.475981772 -0.522915006 0.707107663
vn 0.17106393 0.686101377 0.70710814
vn 0.171063915 0.686101496 0.707108021
vn 0.171064034 0.6861009 0.707108676
vn 0.171064034 0.686100781 0.707108676
vn -0.659118533 -0.376425564 -0.651050389
vn -0.637782454 -0.354385972 -0.683845222
vn -0.571123719 -0.279061913 -0.771972895
vn -0.659762442 -0.277894527 -0.698203385
vn -0.679709792 -0.278568357 -0.6785236
vn -0.862404644 -0.506132007 0.00941323861
vn -0.8649863 -0.501785636 0.00312857679
vn -0.897631407 -0.440746307 0.000765201345
vn -0.897808313 -0.440361351 -0.00469590258
vn -0.925887883 -0.377795845 0.00139233819
vn -0.927361071 -0.374117136 0.00615473138
vn -0.87163806 0.490145534 -0.00209925906
vn -0.877428591 0.479665309 -0.00634464901
vn -0.875899434 0.482465595 -0.00521347718
vn -0.869979143 0.49308753 -0.00090162002
vn -0.0297395252 0.60680455 -0.794294596
vn 0.0501520298 0.789190114 -0.612097681
vn -0.0133552421 0.648265243 -0.761297464
vn 0.0639723092 0.815609753 -0.575055063
vn 0.00675308332 0.999839306 0.0166070443
vn 0.0391681381 0.999064147 -0.0183532573
vn 0.0452388823 0.99866569 -0.0249067377
vn 0.0753136948 0.995506287 -0.0574013367
vn -0.00372201577 -0.0108056823 -0.999934673
vn -0.0379674397 0.0306482799 -0.998808861
vn -0.0318574794 0.0255309176 -0.99916625
vn 0.00153681473 -0.0272845048 -0.999626517
vn 0.0559298247 -0.0645155981 -0.996348202
vn 0.0613459609 -0.0670937598 -0.995858967
vn 0.609731197 -0.779392242 -0.144137502
vn 0.731575489 -0.600352287 -0.323070198
vn 0.72344017 -0.609203517 -0.324815899
vn 0.629032552 -0.754605591 -0.186784282
vn 0.550233185 -0.834841371 -0.016830476
vn 0.532589316 -0.845858574 -0.0295259245
vn 0.623269737 -0.781880796 -0.0140468031
vn 0.67711699 -0.735789418 -0.0112451445
vn 0.747651756 -0.662358344 -0.0479391925
vn 0.780482411 -0.621226192 -0.0701797232
vn 0.814898074 -0.571879566 -0.0943123177
vn 0.809740484 -0.581235468 -0.0805341899
vn 0.0215964802 -0.0281420834 -0.999370635
vn 0.0145056536 -0.0180131085 -0.999732554
vn 0.00432176981 -0.00577824749 -0.999974012
vn 0.195979789 -0.0645909682 -0.978478432
vn 0.247708961 -0.153838232 -0.95654285
vn 0.498001546 -0.468871355 -0.729488969
vn 0.614780009 -0.478057414 -0.627301157
vn 0.707329094 -0.451888263 -0.543583214
vn 0.70664978 -0.45645079 -0.540646553
vn 0.167237118 -0.700483561 -0.693797231
vn 0.166832164 -0.699929535 -0.694453478
vn 0.164747596 -0.697071254 -0.697817862
vn 0.164268062 -0.696412206 -0.69858861
vn 0.225142956 -0.974324346 -0.00165439781
vn 0.19648914 -0.98042047 0.0129454834
vn 0.231646955 -0.972789586 -0.00448654545
vn 0.205024704 -0.978726149 0.00774319237
vn 0.224770531 -0.974407494 0.00285605993
vn 0.238308519 -0.971186519 -0.00239230553
vn 0.151453704 -0.694118917 0.703747571
vn 0.165470228 -0.676001489 0.718081892
vn 0.157622263 -0.686225653 0.71010536
vn 0.143512845 -0.704097271 0.695450306
vn 0.991936445 -0.111676395 -0.0599216409
vn 0.994432032 -0.0969577208 -0.0412795916
vn 0.995237231 -0.0913093239 -0.0341378674
vn 0.996922195 -0.0767865479 -0.0158066303
vn 0.742951155 -0.0793144256 0.664629817
vn 0.854216814 -0.14425388 0.499504298
vn 0.723411858 -0.0692522451 0.68693471
vn 0.866437614 -0.152583107 0.475399077
vn -0.993185103 0.115785651 0.0133028086
vn -0.997741103 0.0660822019 -0.0120754391
vn -0.986927927 0.157391518 0.0346580073
vn -0.999156952 0.0232732259 -0.0338189341
vn -0.781460106 0.00713925203 -0.623914361
vn -0.63462323 0.103934385 -0.765800893
vn -0.69475764 0.0674669668 -0.716072619
vn -0.821398139 -0.025065273 -0.569804311
vn -0.398173958 0.630118728 0.666639149
vn -0.390878052 0.601967573 0.696311235
vn -0.360235363 0.477706015 0.801266134
vn -0.408927947 0.495330662 0.766436815
vn -0.422643274 0.502948225 0.753933489
vn -0.528184652 0.849122941 -0.00335126719
vn -0.587994635 0.808857083 -0.00354509591
vn -0.52455467 0.851334095 -0.00852780603
vn -0.592553854 0.805524945 -0.00308539835
vn -0.644997478 0.764123976 -0.00963453669
vn -0.642677784 0.766021907 -0.0132525992
vn 0.391178459 -0.630668402 0.67025131
vn 0.401819587 -0.715925634 0.570956647
vn 0.386207044 -0.607296705 0.69428736
vn 0.351307601 -0.683133066 0.640243948
vn 0.343022883 -0.67613709 0.652053595
vn 0.638196826 -0.0983582884 0.763564348
vn 0.650500357 -0.0884346366 0.754339814
vn 0.730439723 -0.0181970578 0.682734787
vn 0.583865404 -0.139911845 0.799703658
vn 0.999538183 -0.0274735652 0.0129851168
vn 0.999354541 -0.0328919403 0.0144403968
vn 0.999589145 -0.0257810149 0.0125304926
vn 0.999291778 -0.0345596559 0.014888281
vn 0.733767986 0.00662207138 -0.6793679
vn 0.655285239 -0.0736518055 -0.751782298
vn 0.636735082 -0.23629503 -0.733984351
vn 0.582674682 -0.406472087 -0.703754723
vn 0.551635921 -0.590449452 -0.589124143
vn -0.396099806 -0.917964041 -0.0211384315
vn -0.418287545 -0.908297777 0.00553378323
vn -0.414703995 -0.909955621 0.0011819026
vn -0.436252117 -0.899400651 0.0276175849
vn -0.267242491 -0.606954217 -0.748457074
vn -0.265369147 -0.605082273 -0.75063616
vn -0.264842331 -0.60455507 -0.75124681
vn -0.267890453 -0.607600868 -0.747700334
vn -0.433904648 0.514534175 -0.739581883
vn -0.421900809 0.507706404 -0.751155019
vn -0.370649219 0.489640296 -0.789222121
vn -0.41123426 0.637622595 -0.651401341
vn -0.424848199 0.690185905 -0.585787833
vn -0.981608689 -0.190076649 -0.0177572276
vn -0.999048293 -0.0303227995 0.0313544497
vn -0.997049153 -0.0746645406 0.0178381763
vn -0.972275913 -0.231801987 -0.0307783596
vn -0.298742741 -0.622539461 0.723323762
vn -0.263764352 -0.589491308 0.763497412
vn -0.30760181 -0.630692005 0.712466598
vn -0.253233105 -0.579285383 0.774791241
vn 0.632480979 -0.774493575 0.0112955878
vn 0.658913612 -0.752204835 -0.00453958521
vn 0.61398226 -0.789011598 0.0220553502
vn 0.676626563 -0.736163616 -0.0154807428
vn -0.53951937 -0.841912329 0.010123306
vn -0.539070666 -0.842197001 0.0103438552
vn -0.540419102 -0.841340244 0.00968076941
vn -0.540811419 -0.841090381 0.00948772393
vn 0.751052499 -0.0522323661 -0.658173323
vn 0.716498971 -0.0366446823 -0.696625054
vn 0.710912526 -0.0342000201 -0.702448368
vn 0.756822646 -0.0549204126 -0.651308894
vn 0.484027803 -0.874909997 0.015796924
vn 0.454376131 -0.89067626 0.0154349664
vn 0.462665617 -0.886148214 0.0261109341
vn 0.504940748 -0.863152385 0.00166211231
vn 0.533814728 -0.844945431 -0.0333036892
vn 0.400867879 -0.714000702 -0.574027777
vn 0.396987736 -0.70977658 -0.581908882
vn 0.344591171 -0.650446057 -0.676887751
vn 0.339993268 -0.64506036 -0.684325755
vn -0.770384073 -0.637555897 -0.0055469661
vn -0.756337345 -0.654174864 -0.00298728538
vn -0.769749105 -0.638308227 -0.0069896481
vn -0.715461314 -0.698621869 0.00652317097
vn -0.604332328 -0.796511471 0.0187584031
vn -0.775349855 -0.631531 0.00111397926
vn -0.774547696 -0.632507801 0.00313615287
vn 0.312601417 -0.609253049 -0.728759885
vn 0.252586156 -0.561066806 -0.788291931
vn 0.265565276 -0.571772218 -0.776242077
vn 0.326662213 -0.620033741 -0.713337123
vn 0.410509169 -0.911856472 0
vn 0.410513729 -0.911854506 0
vn 0.410525143 -0.911849201 0
vn 0.410529643 -0.911847234 0
vn 0.000154105699 -0.000479957031 -0.999999881
vn -7.6908851E-05 -0.000180122472 -1
vn 0.000303223263 -0.000673497212 -0.999999762
vn -0.00013239267 -0.000108109831 -1
vn 0.247817948 -0.662608027 0.706779182
vn 0.249143511 -0.658694863 0.709963799
vn 0.247071728 -0.664794385 0.704985201
vn 0.249916628 -0.656395018 0.711819708
vn 0.665762246 0.238246977 0.707106054
vn 0.665762246 0.238246992 0.707106054
vn 0.665762424 0.23824732 0.707105815
vn 0.665762424 0.23824738 0.707105696
vn -0.47598207 0.522915304 0.707107246
vn -0.47598213 0.522915423 0.707107127
vn -0.475981772 0.522915006 0.707107604
vn -0.475981772 0.522915006 0.707107663
vn -0.17106393 -0.686101377 0.70710814
vn -0.171063915 -0.686101496 0.707108021
vn -0.171064034 -0.6861009 0.707108676
vn -0.171064034 -0.686100781 0.707108676
vn -0.401459575 0.915859163 -0.00566742243
vn -0.402248979 0.915508926 -0.00624734256
vn -0.400207728 0.916412175 -0.00474841287
vn -0.403502285 0.91495055 -0.00716865761
vn -0.232434466 -0.972611487 0.000963969738
vn -0.230967253 -0.972961426 0.000327931717
vn -0.233191207 -0.972429991 0.00129211729
vn -0.230210528 -0.973140895 0
vn -0.81583333 -0.578286827 -0.000612923701
vn -0.813384354 -0.581726551 0
vn -0.841335475 -0.540464878 -0.00723206997
vn -0.843249261 -0.537467003 -0.00774765108
vn -0.00720793474 0.00214003306 0.999971747
vn -0.00720793474 0.00214003306 0.999971747
vn -0.00720793474 0.00214003306 0.999971747
vn -0.00720793474 0.00214003306 0.999971747
vn -0.00720793474 0.00214003306 0.999971747
vn -0.00720793474 0.00214003306 0.999971747
vn 0.00175019971 -0.00731205428 0.999971747
vn 0.00175019971 -0.00731205428 0.999971747
vn 0.00175019971 -0.00731205428 0.999971747
vn 0.00175019971 -0.00731205428 0.999971747
vn 0.00175019971 -0.00731205428 0.999971747
vn 0.00175019971 -0.00731205428 0.999971747
vn 0.00720791472 -0.00214003283 0.999971747
vn 0.00720791472 -0.00214003283 0.999971747
vn 0.00720791472 -0.00214003283 0.999971747
vn 0.00720791472 -0.00214003283 0.999971747
vn 0.00720791472 -0.00214003283 0.999971747
vn 0.00720791472 -0.00214003283 0.999971747
vn 0.00545728859 0.00517168501 0.999971747
vn 0.00545728859 0.00517168501 0.999971747
vn 0.00545728859 0.00517168501 0.999971747
vn 0.00545728859 0.00517168501 0.999971747
vn 0.00545728859 0.00517168501 0.999971747
vn 0.00545728859 0.00517168501 0.999971747
vn 0.00175069715 -0.00731233368 0.999971747
vn 0.00175069715 -0.00731233368 0.999971747
vn 0.00175069715 -0.00731233368 0.999971747
vn 0.00175069715 -0.00731233368 0.999971747
vn 0.00175069715 -0.00731233368 0.999971747
vn 0.00175069715 -0.00731233368 0.999971747
vn 0.00545728859 0.00517228339 0.999971747
vn 0.00545728859 0.00517228339 0.999971747
vn 0.00545728859 0.00517228339 0.999971747
vn 0.00545728859 0.00517228339 0.999971747
vn 0.00545728859 0.00517228339 0.999971747
vn 0.00545728859 0.00517228339 0.999971747
vn -0.621874869 -0.591686964 0.513009012
vn -0.623568773 -0.589909792 0.512999535
vn 0.200474814 -0.83026886 0.520061076
vn 0.199042574 -0.830611348 0.520064294
vn -0.826669574 0.22761552 0.514595449
vn 0.816235065 -0.265445143 0.513126791
vn -0.827197313 0.225704297 0.514589369
vn 0.817802608 -0.260454684 0.513188362
vn -0.228681684 0.822515905 0.520742118
vn 0.614490509 0.575861037 0.539245248
vn -0.23513706 0.820750773 0.520652294
vn 0.612829506 0.577620983 0.539253235
vn -0.201479375 0.834402919 0.513008654
vn -0.19909279 0.834981382 0.512999177
vn -0.819270253 0.241518825 0.520062387
vn -0.818850875 0.242930084 0.520065665
vn 0.610454321 0.602110088 0.514596045
vn -0.637999713 -0.574157476 0.513127148
vn 0.609064341 0.603521228 0.514589846
vn -0.63446188 -0.578009963 0.51318872
vn 0.826659799 -0.213213667 0.520743191
vn 0.191464961 -0.820094824 0.539245427
vn 0.828358293 -0.206742615 0.520653367
vn 0.193818718 -0.819536567 0.539253414
vn 0.776124656 -0.263268024 0.572992563
vn 0.574709356 0.556769371 0.599764228
vn 0.620304048 0.501992285 0.602682889
vn 0.770607352 -0.282094091 0.571478069
vn -0.250948876 0.805614233 0.536665976
vn 0.186717585 -0.824051201 0.534860969
vn -0.162521511 0.823692441 0.543247283
vn 0.184715107 -0.824537039 0.534807444
vn -0.826297224 0.234613091 0.512044609
vn -0.61970371 -0.590195954 0.517335594
vn -0.8263309 0.234490082 0.512046516
vn -0.621541977 -0.588267565 0.517326593
vn 0.147750512 -0.80800885 0.570343435
vn 0.799276292 -0.205816284 0.56462115
vn 0.752454638 -0.31912303 0.576170504
vn 0.143707752 -0.808934212 0.570064485
vn 0.60308367 0.627498984 0.492478579
vn -0.620563209 -0.572128057 0.536256373
vn 0.664060771 0.559439421 0.496035188
vn -0.622320592 -0.570287168 0.536180735
vn -0.198358998 0.84254086 0.50077796
vn -0.820976317 0.241581246 0.517335892
vn -0.20178315 0.841637015 0.500929832
vn -0.820225656 0.24413687 0.517326891
vn -0.632467628 -0.563011587 0.531979918
vn 0.155122429 -0.787989378 0.595826924
vn 0.138077438 -0.791763961 0.595016181
vn -0.641166925 -0.553717673 0.531320691
vn 0.802534044 -0.172704428 0.571062446
vn -0.816496611 0.242233977 0.524076343
vn 0.774597645 -0.255952418 0.578348458
vn -0.816918135 0.240815639 0.524073064
vn 0.602384806 0.603306055 0.522641778
vn -0.201274678 0.831778347 0.517332792
vn 0.604511499 0.60114187 0.522680044
vn -0.198685601 0.832406223 0.517323792
vn 0.216214508 -0.829724312 0.514595926
vn 0.218131587 -0.829226077 0.514589787
vn 0.822661102 -0.245072007 0.512999415
vn 0.823353529 -0.242715478 0.513008952
vn -0.597977936 -0.609301686 0.52074343
vn 0.618797481 0.588749588 0.520061195
vn -0.593222499 -0.614008844 0.520653546
vn 0.61980927 0.587681472 0.520064354
vn -0.806647718 0.241915494 0.539255381
vn -0.178234264 0.839602649 0.513127506
vn -0.805954337 0.244233489 0.539247274
vn -0.183339819 0.838464975 0.513189137
g Base_parts01_0
f 3/3/3 2/2/2 1/1/1
f 6/6/6 5/5/5 4/4/4
f 9/9/9 8/8/8 7/7/7
f 12/12/12 11/11/11 10/10/10
f 15/15/15 14/14/14 13/13/13
f 18/18/18 17/17/17 16/16/16
f 21/21/21 20/20/20 19/19/19
f 24/24/24 23/23/23 22/22/22
f 27/27/27 26/26/26 25/25/25
f 30/30/30 29/29/29 28/28/28
f 33/33/33 32/32/32 31/31/31
f 36/36/36 35/35/35 34/34/34
f 34/34/34 38/38/38 37/37/37
f 38/38/38 39/39/39 37/37/37
f 37/37/37 39/39/39 40/40/40
f 37/37/37 40/40/40 41/41/41
f 41/41/41 40/40/40 42/42/42
f 45/45/45 44/44/44 43/43/43
f 48/48/48 47/47/47 46/46/46
f 51/51/51 50/50/50 49/49/49
f 54/54/54 53/53/53 52/52/52
f 57/57/57 56/56/56 55/55/55
f 60/60/60 59/59/59 58/58/58
f 63/63/63 62/62/62 61/61/61
f 66/66/66 65/65/65 64/64/64
f 69/69/69 68/68/68 67/67/67
f 72/72/72 71/71/71 70/70/70
f 74/74/74 73/73/73 71/71/71
f 74/74/74 75/75/75 73/73/73
f 74/74/74 76/76/76 75/75/75
f 79/79/79 78/78/78 77/77/77
f 82/82/82 81/81/81 80/80/80
f 85/85/85 84/84/84 83/83/83
f 85/85/85 83/83/83 86/86/86
f 86/86/86 83/83/83 87/87/87
f 86/86/86 87/87/87 88/88/88
f 88/88/88 87/87/87 89/89/89
f 89/89/89 87/87/87 90/90/90
f 88/88/88 89/89/89 91/91/91
f 91/91/91 89/89/89 92/92/92
f 89/89/89 90/90/90 93/93/93
f 92/92/92 93/93/93 91/91/91
f 91/91/91 93/93/93 94/94/94
f 93/93/93 90/90/90 95/95/95
f 94/94/94 93/93/93 95/95/95
f 94/94/94 95/95/95 96/96/96
f 96/96/96 95/95/95 97/97/97
f 97/97/97 95/95/95 98/98/98
f 101/101/101 100/100/100 99/99/99
f 99/99/99 100/100/100 102/102/102
f 105/105/105 104/104/104 103/103/103
f 106/106/106 105/105/105 103/103/103
f 109/109/109 108/108/108 107/107/107
f 109/109/109 107/107/107 110/110/110
f 109/109/109 110/110/110 111/111/111
f 111/111/111 110/110/110 112/112/112
f 115/115/115 114/114/114 113/113/113
f 114/114/114 116/116/116 113/113/113
f 119/119/119 118/118/118 117/117/117
f 120/120/120 118/118/118 119/119/119
f 120/120/120 121/121/121 118/118/118
f 118/118/118 121/121/121 122/122/122
f 120/120/120 123/123/123 121/121/121
f 123/123/123 124/124/124 121/121/121
f 125/125/125 123/123/123 120/120/120
f 125/125/125 126/126/126 123/123/123
f 125/125/125 127/127/127 126/126/126
f 125/125/125 128/128/128 127/127/127
f 129/129/129 128/128/128 125/125/125
f 130/130/130 128/128/128 129/129/129
f 129/129/129 125/125/125 131/131/131
f 132/132/132 129/129/129 131/131/131
f 135/135/135 134/134/134 133/133/133
f 136/136/136 134/134/134 135/135/135
f 136/136/136 137/137/137 134/134/134
f 138/138/138 137/137/137 136/136/136
f 139/139/139 137/137/137 138/138/138
f 139/139/139 140/140/140 137/137/137
f 143/143/143 142/142/142 141/141/141
f 141/141/141 142/142/142 144/144/144
f 144/144/144 142/142/142 145/145/145
f 144/144/144 145/145/145 146/146/146
f 146/146/146 145/145/145 147/147/147
f 146/146/146 147/147/147 148/148/148
f 151/151/151 150/150/150 149/149/149
f 152/152/152 150/150/150 151/151/151
f 155/155/155 154/154/154 153/153/153
f 156/156/156 155/155/155 153/153/153
f 159/159/159 158/158/158 157/157/157
f 159/159/159 160/160/160 158/158/158
f 161/161/161 160/160/160 159/159/159
f 161/161/161 162/162/162 160/160/160
f 163/163/163 162/162/162 161/161/161
f 166/166/166 165/165/165 164/164/164
f 167/167/167 166/166/166 164/164/164
f 168/168/168 166/166/166 167/167/167
f 169/169/169 166/166/166 168/168/168
f 172/172/172 171/171/171 170/170/170
f 173/173/173 172/172/172 170/170/170
f 176/176/176 175/175/175 174/174/174
f 177/177/177 175/175/175 176/176/176
f 177/177/177 178/178/178 175/175/175
f 177/177/177 179/179/179 178/178/178
f 179/179/179 180/180/180 178/178/178
f 177/177/177 181/181/181 179/179/179
f 181/181/181 182/182/182 179/179/179
f 182/182/182 183/183/183 179/179/179
f 182/182/182 184/184/184 183/183/183
f 184/184/184 185/185/185 183/183/183
f 183/183/183 185/185/185 186/186/186
f 184/184/184 187/187/187 185/185/185
f 184/184/184 188/188/188 187/187/187
f 189/189/189 187/187/187 188/188/188
f 190/190/190 189/189/189 188/188/188
f 189/189/189 190/190/190 191/191/191
f 191/191/191 190/190/190 192/192/192
f 190/190/190 193/193/193 192/192/192
f 192/192/192 193/193/193 194/194/194
f 190/190/190 195/195/195 193/193/193
f 196/196/196 195/195/195 190/190/190
f 196/196/196 197/197/197 195/195/195
f 196/196/196 198/198/198 197/197/197
f 197/197/197 198/198/198 199/199/199
f 199/199/199 198/198/198 200/200/200
f 199/199/199 200/200/200 201/201/201
f 198/198/198 202/202/202 200/200/200
f 200/200/200 202/202/202 203/203/203
f 202/202/202 204/204/204 203/203/203
f 203/203/203 204/204/204 205/205/205
f 203/203/203 205/205/205 206/206/206
f 203/203/203 206/206/206 207/207/207
f 206/206/206 205/205/205 208/208/208
f 205/205/205 209/209/209 208/208/208
f 210/210/210 208/208/208 209/209/209
f 213/213/213 212/212/212 211/211/211
f 212/212/212 214/214/214 211/211/211
f 215/215/215 211/211/211 214/214/214
f 218/218/218 217/217/217 216/216/216
f 217/217/217 219/219/219 216/216/216
f 222/222/222 221/221/221 220/220/220
f 221/221/221 223/223/223 220/220/220
f 226/226/226 225/225/225 224/224/224
f 227/227/227 225/225/225 226/226/226
f 230/230/230 229/229/229 228/228/228
f 231/231/231 230/230/230 228/228/228
f 232/232/232 231/231/231 228/228/228
f 233/233/233 231/231/231 232/232/232
f 234/234/234 233/233/233 232/232/232
f 237/237/237 236/236/236 235/235/235
f 236/236/236 238/238/238 235/235/235
f 235/235/235 238/238/238 239/239/239
f 239/239/239 238/238/238 240/240/240
f 240/240/240 238/238/238 241/241/241
f 238/238/238 242/242/242 241/241/241
f 245/245/245 244/244/244 243/243/243
f 245/245/245 246/246/246 244/244/244
f 247/247/247 246/246/246 245/245/245
f 247/247/247 248/248/248 246/246/246
f 251/251/251 250/250/250 249/249/249
f 251/251/251 252/252/252 250/250/250
f 253/253/253 252/252/252 251/251/251
f 254/254/254 252/252/252 253/253/253
f 252/252/252 254/254/254 255/255/255
f 258/258/258 257/257/257 256/256/256
f 259/259/259 257/257/257 258/258/258
f 257/257/257 259/259/259 260/260/260
f 261/261/261 257/257/257 260/260/260
f 261/261/261 260/260/260 262/262/262
f 262/262/262 260/260/260 263/263/263
f 263/263/263 264/264/264 262/262/262
f 264/264/264 265/265/265 262/262/262
f 268/268/268 267/267/267 266/266/266
f 268/268/268 266/266/266 269/269/269
f 272/272/272 271/271/271 270/270/270
f 270/270/270 271/271/271 273/273/273
f 270/270/270 273/273/273 274/274/274
f 277/277/277 276/276/276 275/275/275
f 278/278/278 277/277/277 275/275/275
f 278/278/278 279/279/279 277/277/277
f 280/280/280 279/279/279 278/278/278
f 281/281/281 280/280/280 278/278/278
f 282/282/282 280/280/280 281/281/281
f 285/285/285 284/284/284 283/283/283
f 286/286/286 285/285/285 283/283/283
f 289/289/289 288/288/288 287/287/287
f 289/289/289 290/290/290 288/288/288
f 291/291/291 290/290/290 289/289/289
f 292/292/292 290/290/290 291/291/291
f 293/293/293 292/292/292 291/291/291
f 293/293/293 294/294/294 292/292/292
f 295/295/295 294/294/294 293/293/293
f 295/295/295 296/296/296 294/294/294
f 299/299/299 298/298/298 297/297/297
f 300/300/300 298/298/298 299/299/299
f 301/301/301 300/300/300 299/299/299
f 302/302/302 300/300/300 301/301/301
f 302/302/302 301/301/301 303/303/303
f 306/306/306 305/305/305 304/304/304
f 306/306/306 304/304/304 307/307/307
f 310/310/310 309/309/309 308/308/308
f 308/308/308 309/309/309 311/311/311
f 311/311/311 309/309/309 312/312/312
f 309/309/309 313/313/313 312/312/312
f 314/314/314 312/312/312 313/313/313
f 315/315/315 314/314/314 313/313/313
f 318/318/318 317/317/317 316/316/316
f 318/318/318 316/316/316 319/319/319
f 319/319/319 316/316/316 320/320/320
f 316/316/316 321/321/321 320/320/320
f 321/321/321 322/322/322 320/320/320
f 320/320/320 322/322/322 323/323/323
f 326/326/326 325/325/325 324/324/324
f 325/325/325 327/327/327 324/324/324
f 325/325/325 328/328/328 327/327/327
f 328/328/328 329/329/329 327/327/327
f 327/327/327 329/329/329 330/330/330
f 329/329/329 331/331/331 330/330/330
f 334/334/334 333/333/333 332/332/332
f 335/335/335 334/334/334 332/332/332
f 336/336/336 334/334/334 335/335/335
f 337/337/337 334/334/334 336/336/336
f 340/340/340 339/339/339 338/338/338
f 338/338/338 339/339/339 341/341/341
f 339/339/339 342/342/342 341/341/341
f 341/341/341 342/342/342 343/343/343
f 346/346/346 345/345/345 344/344/344
f 347/347/347 346/346/346 344/344/344
f 348/348/348 346/346/346 347/347/347
f 351/351/351 350/350/350 349/349/349
f 352/352/352 350/350/350 351/351/351
f 353/353/353 352/352/352 351/351/351
f 352/352/352 354/354/354 350/350/350
f 354/354/354 355/355/355 350/350/350
f 354/354/354 356/356/356 355/355/355
f 357/357/357 355/355/355 356/356/356
f 358/358/358 357/357/357 356/356/356
f 359/359/359 357/357/357 358/358/358
f 360/360/360 359/359/359 353/353/353
f 360/360/360 357/357/357 359/359/359
f 360/360/360 361/361/361 357/357/357
f 364/364/364 363/363/363 362/362/362
f 362/362/362 363/363/363 365/365/365
f 362/362/362 365/365/365 366/366/366
f 366/366/366 365/365/365 367/367/367
f 366/366/366 367/367/367 368/368/368
f 368/368/368 367/367/367 369/369/369
f 367/367/367 370/370/370 369/369/369
f 373/373/373 372/372/372 371/371/371
f 374/374/374 373/373/373 371/371/371
f 374/374/374 371/371/371 375/375/375
f 376/376/376 375/375/375 371/371/371
f 379/379/379 378/378/378 377/377/377
f 377/377/377 378/378/378 380/380/380
f 377/377/377 380/380/380 381/381/381
f 382/382/382 377/377/377 381/381/381
f 385/385/385 384/384/384 383/383/383
f 385/385/385 386/386/386 384/384/384
f 389/389/389 388/388/388 387/387/387
f 390/390/390 388/388/388 389/389/389
f 393/393/393 392/392/392 391/391/391
f 394/394/394 393/393/393 391/391/391
f 395/395/395 393/393/393 394/394/394
f 395/395/395 396/396/396 393/393/393
f 399/399/399 398/398/398 397/397/397
f 400/400/400 398/398/398 399/399/399
f 400/400/400 401/401/401 398/398/398
f 401/401/401 402/402/402 398/398/398
f 405/405/405 404/404/404 403/403/403
f 403/403/403 404/404/404 406/406/406
f 409/409/409 408/408/408 407/407/407
f 409/409/409 407/407/407 410/410/410
f 410/410/410 407/407/407 411/411/411
f 410/410/410 411/411/411 412/412/412
f 413/413/413 410/410/410 412/412/412
f 413/413/413 412/412/412 414/414/414
f 417/417/417 416/416/416 415/415/415
f 418/418/418 416/416/416 417/417/417
f 418/418/418 419/419/419 416/416/416
f 422/422/422 421/421/421 420/420/420
f 420/420/420 421/421/421 423/423/423
f 421/421/421 424/424/424 423/423/423
f 423/423/423 424/424/424 425/425/425
f 425/425/425 424/424/424 426/426/426
f 429/429/429 428/428/428 427/427/427
f 430/430/430 428/428/428 429/429/429
f 433/433/433 432/432/432 431/431/431
f 433/433/433 434/434/434 432/432/432
f 437/437/437 436/436/436 435/435/435
f 438/438/438 436/436/436 437/437/437
f 441/441/441 440/440/440 439/439/439
f 442/442/442 440/440/440 441/441/441
f 445/445/445 444/444/444 443/443/443
f 446/446/446 444/444/444 445/445/445
f 449/449/449 448/448/448 447/447/447
f 450/450/450 448/448/448 449/449/449
f 450/450/450 451/451/451 448/448/448
f 454/454/454 453/453/453 452/452/452
f 452/452/452 453/453/453 455/455/455
f 458/458/458 457/457/457 456/456/456
f 458/458/458 459/459/459 457/457/457
f 458/458/458 460/460/460 459/459/459
f 461/461/461 460/460/460 458/458/458
f 461/461/461 462/462/462 460/460/460
f 461/461/461 463/463/463 462/462/462
f 464/464/464 463/463/463 461/461/461
f 465/465/465 464/464/464 461/461/461
f 468/468/468 467/467/467 466/466/466
f 469/469/469 468/468/468 466/466/466
f 470/470/470 468/468/468 469/469/469
f 473/473/473 472/472/472 471/471/471
f 474/474/474 472/472/472 473/473/473
f 474/474/474 475/475/475 472/472/472
f 476/476/476 475/475/475 474/474/474
f 479/479/479 478/478/478 477/477/477
f 480/480/480 478/478/478 479/479/479
f 481/481/481 480/480/480 479/479/479
f 482/482/482 480/480/480 481/481/481
f 485/485/485 484/484/484 483/483/483
f 485/485/485 483/483/483 486/486/486
f 486/486/486 483/483/483 487/487/487
f 483/483/483 488/488/488 487/487/487
f 491/491/491 490/490/490 489/489/489
f 491/491/491 489/489/489 492/492/492
f 489/489/489 493/493/493 492/492/492
f 492/492/492 493/493/493 494/494/494
f 493/493/493 495/495/495 494/494/494
f 494/494/494 495/495/495 496/496/496
f 495/495/495 497/497/497 496/496/496
f 496/496/496 497/497/497 498/498/498
f 497/497/497 499/499/499 498/498/498
f 498/498/498 499/499/499 500/500/500
f 499/499/499 501/501/501 500/500/500
f 502/502/502 491/491/491 492/492/492
f 500/500/500 501/501/501 503/503/503
f 504/504/504 491/491/491 502/502/502
f 505/505/505 504/504/504 502/502/502
f 506/506/506 505/505/505 502/502/502
f 507/507/507 506/506/506 502/502/502
f 508/508/508 506/506/506 507/507/507
f 509/509/509 508/508/508 507/507/507
f 508/508/508 509/509/509 510/510/510
f 509/509/509 511/511/511 510/510/510
f 511/511/511 512/512/512 510/510/510
f 513/513/513 512/512/512 511/511/511
f 501/501/501 514/514/514 503/503/503
f 513/513/513 515/515/515 512/512/512
f 514/514/514 516/516/516 503/503/503
f 516/516/516 517/517/517 503/503/503
f 514/514/514 518/518/518 516/516/516
f 513/513/513 519/519/519 515/515/515
f 519/519/519 520/520/520 515/515/515
f 513/513/513 521/521/521 519/519/519
f 524/524/524 523/523/523 522/522/522
f 522/522/522 523/523/523 525/525/525
f 525/525/525 523/523/523 526/526/526
f 523/523/523 527/527/527 526/526/526
f 530/530/530 529/529/529 528/528/528
f 530/530/530 531/531/531 529/529/529
f 532/532/532 531/531/531 530/530/530
f 535/535/535 534/534/534 533/533/533
f 533/533/533 534/534/534 536/536/536
f 534/534/534 537/537/537 536/536/536
f 533/533/533 536/536/536 538/538/538
f 539/539/539 533/533/533 538/538/538
f 540/540/540 533/533/533 539/539/539
f 540/540/540 539/539/539 541/541/541
f 540/540/540 541/541/541 542/542/542
f 543/543/543 537/537/537 542/542/542
f 541/541/541 543/543/543 542/542/542
f 544/544/544 540/540/540 542/542/542
f 544/544/544 542/542/542 545/545/545
f 546/546/546 544/544/544 545/545/545
f 547/547/547 546/546/546 545/545/545
f 547/547/547 545/545/545 548/548/548
f 549/549/549 547/547/547 548/548/548
f 550/550/550 549/549/549 548/548/548
f 550/550/550 548/548/548 551/551/551
f 552/552/552 550/550/550 551/551/551
f 553/553/553 552/552/552 551/551/551
f 554/554/554 552/552/552 553/553/553
f 555/555/555 554/554/554 553/553/553
f 556/556/556 554/554/554 555/555/555
f 557/557/557 556/556/556 555/555/555
f 558/558/558 557/557/557 555/555/555
f 559/559/559 557/557/557 558/558/558
f 560/560/560 559/559/559 558/558/558
f 561/561/561 560/560/560 558/558/558
f 561/561/561 558/558/558 562/562/562
f 563/563/563 561/561/561 562/562/562
f 564/564/564 563/563/563 562/562/562
f 565/565/565 564/564/564 562/562/562
f 566/566/566 561/561/561 563/563/563
f 567/567/567 561/561/561 566/566/566
f 566/566/566 568/568/568 567/567/567
f 568/568/568 569/569/569 567/567/567
f 570/570/570 569/569/569 565/565/565
f 570/570/570 567/567/567 569/569/569
f 571/571/571 567/567/567 570/570/570
f 574/574/574 573/573/573 572/572/572
f 574/574/574 575/575/575 573/573/573
f 576/576/576 575/575/575 574/574/574
f 576/576/576 577/577/577 575/575/575
f 578/578/578 577/577/577 576/576/576
f 579/579/579 577/577/577 578/578/578
f 580/580/580 577/577/577 579/579/579
f 581/581/581 580/580/580 579/579/579
f 582/582/582 580/580/580 581/581/581
f 582/582/582 583/583/583 580/580/580
f 584/584/584 583/583/583 582/582/582
f 584/584/584 585/585/585 583/583/583
f 586/586/586 585/585/585 584/584/584
f 587/587/587 585/585/585 586/586/586
f 588/588/588 585/585/585 587/587/587
f 591/591/591 590/590/590 589/589/589
f 592/592/592 590/590/590 591/591/591
f 592/592/592 593/593/593 590/590/590
f 593/593/593 594/594/594 590/590/590
f 597/597/597 596/596/596 595/595/595
f 597/597/597 595/595/595 598/598/598
f 597/597/597 598/598/598 599/599/599
f 599/599/599 598/598/598 600/600/600
f 599/599/599 600/600/600 601/601/601
f 601/601/601 600/600/600 602/602/602
f 602/602/602 600/600/600 603/603/603
f 602/602/602 603/603/603 604/604/604
f 604/604/604 603/603/603 605/605/605
f 604/604/604 605/605/605 606/606/606
f 606/606/606 605/605/605 607/607/607
f 606/606/606 607/607/607 608/608/608
f 608/608/608 607/607/607 609/609/609
f 608/608/608 609/609/609 610/610/610
f 610/610/610 609/609/609 611/611/611
f 609/609/609 612/612/612 611/611/611
f 612/612/612 613/613/613 611/611/611
f 616/616/616 615/615/615 614/614/614
f 616/616/616 614/614/614 617/617/617
f 617/617/617 614/614/614 618/618/618
f 618/618/618 614/614/614 619/619/619
f 618/618/618 619/619/619 620/620/620
f 620/620/620 619/619/619 621/621/621
f 620/620/620 621/621/621 622/622/622
f 622/622/622 621/621/621 623/623/623
f 622/622/622 623/623/623 624/624/624
f 624/624/624 623/623/623 625/625/625
f 624/624/624 625/625/625 626/626/626
f 626/626/626 625/625/625 627/627/627
f 626/626/626 627/627/627 628/628/628
f 628/628/628 627/627/627 629/629/629
f 628/628/628 629/629/629 630/630/630
f 630/630/630 629/629/629 631/631/631
f 630/630/630 631/631/631 632/632/632
f 632/632/632 631/631/631 633/633/633
f 632/632/632 633/633/633 634/634/634
f 634/634/634 633/633/633 635/635/635
f 638/638/638 637/637/637 636/636/636
f 639/639/639 637/637/637 638/638/638
f 639/639/639 640/640/640 637/637/637
f 641/641/641 640/640/640 639/639/639
f 641/641/641 642/642/642 640/640/640
f 643/643/643 642/642/642 641/641/641
f 643/643/643 644/644/644 642/642/642
f 645/645/645 644/644/644 643/643/643
f 645/645/645 646/646/646 644/644/644
f 647/647/647 646/646/646 645/645/645
f 648/648/648 647/647/647 645/645/645
f 649/649/649 647/647/647 648/648/648
f 650/650/650 649/649/649 648/648/648
f 651/651/651 649/649/649 650/650/650
f 652/652/652 651/651/651 650/650/650
f 653/653/653 651/651/651 652/652/652
f 654/654/654 653/653/653 652/652/652
f 655/655/655 653/653/653 654/654/654
f 658/658/658 657/657/657 656/656/656
f 659/659/659 658/658/658 656/656/656
f 660/660/660 658/658/658 659/659/659
f 661/661/661 660/660/660 659/659/659
f 662/662/662 660/660/660 661/661/661
f 663/663/663 662/662/662 661/661/661
f 666/666/666 665/665/665 664/664/664
f 664/664/664 665/665/665 667/667/667
f 667/667/667 668/668/668 664/664/664
f 668/668/668 667/667/667 669/669/669
f 669/669/669 670/670/670 668/668/668
f 673/673/673 672/672/672 671/671/671
f 672/672/672 673/673/673 674/674/674
f 677/677/677 676/676/676 675/675/675
f 676/676/676 678/678/678 675/675/675
f 681/681/681 680/680/680 679/679/679
f 682/682/682 680/680/680 681/681/681
f 681/681/681 684/684/684 683/683/683
f 683/683/683 684/684/684 685/685/685
f 688/688/688 687/687/687 686/686/686
f 688/688/688 686/686/686 689/689/689
f 692/692/692 691/691/691 690/690/690
f 691/691/691 693/693/693 690/690/690
f 693/693/693 694/694/694 690/690/690
f 690/690/690 694/694/694 695/695/695
f 698/698/698 697/697/697 696/696/696
f 697/697/697 699/699/699 696/696/696
f 696/696/696 699/699/699 700/700/700
f 701/701/701 696/696/696 700/700/700
f 701/701/701 700/700/700 702/702/702
f 702/702/702 700/700/700 703/703/703
f 704/704/704 702/702/702 703/703/703
f 704/704/704 705/705/705 702/702/702
f 708/708/708 707/707/707 706/706/706
f 706/706/706 707/707/707 709/709/709
f 707/707/707 710/710/710 709/709/709
f 709/709/709 710/710/710 711/711/711
f 711/711/711 710/710/710 712/712/712
f 713/713/713 711/711/711 712/712/712
f 714/714/714 713/713/713 712/712/712
f 717/717/717 716/716/716 715/715/715
f 716/716/716 718/718/718 715/715/715
f 721/721/721 720/720/720 719/719/719
f 721/721/721 722/722/722 720/720/720
f 723/723/723 722/722/722 721/721/721
f 724/724/724 723/723/723 721/721/721
f 727/727/727 726/726/726 725/725/725
f 726/726/726 728/728/728 725/725/725
f 728/728/728 726/726/726 729/729/729
f 732/732/732 731/731/731 730/730/730
f 732/732/732 730/730/730 733/733/733
f 736/736/736 735/735/735 734/734/734
f 734/734/734 735/735/735 737/737/737
f 740/740/740 739/739/739 738/738/738
f 739/739/739 740/740/740 741/741/741
f 742/742/742 739/739/739 741/741/741
f 741/741/741 740/740/740 743/743/743
f 744/744/744 741/741/741 743/743/743
f 747/747/747 746/746/746 745/745/745
f 748/748/748 746/746/746 747/747/747
f 751/751/751 750/750/750 749/749/749
f 749/749/749 750/750/750 752/752/752
f 755/755/755 754/754/754 753/753/753
f 755/755/755 753/753/753 756/756/756
f 759/759/759 758/758/758 757/757/757
f 759/759/759 760/760/760 758/758/758
f 763/763/763 762/762/762 761/761/761
f 763/763/763 764/764/764 762/762/762
f 767/767/767 766/766/766 765/765/765
f 765/765/765 766/766/766 768/768/768
f 771/771/771 770/770/770 769/769/769
f 772/772/772 771/771/771 769/769/769
f 772/772/772 773/773/773 771/771/771
f 773/773/773 774/774/774 771/771/771
f 773/773/773 775/775/775 774/774/774
f 776/776/776 775/775/775 773/773/773
f 776/776/776 777/777/777 775/775/775
f 778/778/778 777/777/777 776/776/776
f 779/779/779 777/777/777 778/778/778
f 779/779/779 780/780/780 777/777/777
f 783/783/783 782/782/782 781/781/781
f 782/782/782 784/784/784 781/781/781
f 781/781/781 784/784/784 785/785/785
f 784/784/784 786/786/786 785/785/785
f 789/789/789 788/788/788 787/787/787
f 790/790/790 787/787/787 788/788/788
f 791/791/791 790/790/790 788/788/788
f 792/792/792 790/790/790 791/791/791
f 793/793/793 792/792/792 791/791/791
f 796/796/796 795/795/795 794/794/794
f 796/796/796 794/794/794 797/797/797
f 798/798/798 796/796/796 797/797/797
f 797/797/797 794/794/794 799/799/799
f 794/794/794 800/800/800 799/799/799
f 797/797/797 799/799/799 801/801/801
f 804/804/804 803/803/803 802/802/802
f 804/804/804 802/802/802 805/805/805
f 808/808/808 807/807/807 806/806/806
f 806/806/806 807/807/807 809/809/809
f 812/812/812 811/811/811 810/810/810
f 810/810/810 811/811/811 813/813/813
f 813/813/813 811/811/811 814/814/814
f 811/811/811 815/815/815 814/814/814
f 818/818/818 817/817/817 816/816/816
f 817/817/817 819/819/819 816/816/816
f 822/822/822 821/821/821 820/820/820
f 823/823/823 821/821/821 822/822/822
f 826/826/826 825/825/825 824/824/824
f 824/824/824 825/825/825 827/827/827
f 825/825/825 828/828/828 827/827/827
f 827/827/827 828/828/828 829/829/829
f 832/832/832 831/831/831 830/830/830
f 833/833/833 831/831/831 832/832/832
f 834/834/834 833/833/833 832/832/832
f 835/835/835 834/834/834 832/832/832
f 833/833/833 836/836/836 831/831/831
f 836/836/836 837/837/837 831/831/831
f 838/838/838 837/837/837 836/836/836
f 839/839/839 837/837/837 838/838/838
f 839/839/839 840/840/840 837/837/837
f 841/841/841 835/835/835 839/839/839
f 839/839/839 838/838/838 841/841/841
f 844/844/844 843/843/843 842/842/842
f 845/845/845 844/844/844 842/842/842
f 846/846/846 844/844/844 845/845/845
f 849/849/849 848/848/848 847/847/847
f 850/850/850 848/848/848 849/849/849
f 853/853/853 852/852/852 851/851/851
f 853/853/853 851/851/851 854/854/854
f 854/854/854 851/851/851 855/855/855
f 851/851/851 856/856/856 855/855/855
f 859/859/859 858/858/858 857/857/857
f 860/860/860 859/859/859 857/857/857
f 861/861/861 859/859/859 860/860/860
f 862/862/862 861/861/861 860/860/860
f 862/862/862 860/860/860 863/863/863
f 864/864/864 862/862/862 863/863/863
f 867/867/867 866/866/866 865/865/865
f 866/866/866 868/868/868 865/865/865
f 866/866/866 869/869/869 868/868/868
f 870/870/870 869/869/869 866/866/866
f 873/873/873 872/872/872 871/871/871
f 874/874/874 872/872/872 873/873/873
f 874/874/874 875/875/875 872/872/872
f 875/875/875 876/876/876 872/872/872
f 879/879/879 878/878/878 877/877/877
f 880/880/880 879/879/879 877/877/877
f 881/881/881 879/879/879 880/880/880
f 881/881/881 882/882/882 879/879/879
f 885/885/885 884/884/884 883/883/883
f 884/884/884 886/886/886 883/883/883
f 889/889/889 888/888/888 887/887/887
f 889/889/889 887/887/887 890/890/890
f 893/893/893 892/892/892 891/891/891
f 892/892/892 894/894/894 891/891/891
f 891/891/891 894/894/894 895/895/895
f 894/894/894 896/896/896 895/895/895
f 899/899/899 898/898/898 897/897/897
f 900/900/900 898/898/898 899/899/899
f 901/901/901 900/900/900 899/899/899
f 902/902/902 900/900/900 901/901/901
f 902/902/902 901/901/901 903/903/903
f 906/906/906 905/905/905 904/904/904
f 906/906/906 907/907/907 905/905/905
f 908/908/908 907/907/907 906/906/906
f 911/911/911 910/910/910 909/909/909
f 912/912/912 911/911/911 909/909/909
f 913/913/913 911/911/911 912/912/912
f 916/916/916 915/915/915 914/914/914
f 917/917/917 916/916/916 914/914/914
f 920/920/920 919/919/919 918/918/918
f 921/921/921 919/919/919 920/920/920
f 922/922/922 921/921/921 920/920/920
f 925/925/925 924/924/924 923/923/923
f 926/926/926 924/924/924 925/925/925
f 926/926/926 927/927/927 924/924/924
f 930/930/930 929/929/929 928/928/928
f 930/930/930 928/928/928 931/931/931
f 931/931/931 928/928/928 932/932/932
f 931/931/931 932/932/932 933/933/933
f 933/933/933 932/932/932 934/934/934
f 933/933/933 934/934/934 935/935/935
f 938/938/938 937/937/937 936/936/936
f 939/939/939 938/938/938 936/936/936
f 942/942/942 941/941/941 940/940/940
f 943/943/943 942/942/942 940/940/940
f 946/946/946 945/945/945 944/944/944
f 946/946/946 947/947/947 945/945/945
f 948/948/948 947/947/947 946/946/946
f 948/948/948 949/949/949 947/947/947
f 950/950/950 949/949/949 948/948/948
f 950/950/950 951/951/951 949/949/949
f 954/954/954 953/953/953 952/952/952
f 955/955/955 953/953/953 954/954/954
f 958/958/958 957/957/957 956/956/956
f 956/956/956 957/957/957 959/959/959
f 962/962/962 961/961/961 960/960/960
f 963/963/963 961/961/961 962/962/962
f 964/964/964 961/961/961 963/963/963
f 964/964/964 965/965/965 961/961/961
f 966/966/966 965/965/965 964/964/964
f 966/966/966 967/967/967 965/965/965
f 970/970/970 969/969/969 968/968/968
f 969/969/969 971/971/971 968/968/968
f 968/968/968 971/971/971 972/972/972
f 971/971/971 973/973/973 972/972/972
f 972/972/972 973/973/973 974/974/974
f 972/972/972 974/974/974 975/975/975
f 978/978/978 977/977/977 976/976/976
f 979/979/979 978/978/978 976/976/976
f 980/980/980 978/978/978 979/979/979
f 983/983/983 982/982/982 981/981/981
f 983/983/983 981/981/981 984/984/984
f 983/983/983 984/984/984 985/985/985
f 984/984/984 981/981/981 986/986/986
f 983/983/983 985/985/985 987/987/987
f 988/988/988 983/983/983 987/987/987
f 989/989/989 988/988/988 987/987/987
f 990/990/990 989/989/989 987/987/987
f 981/981/981 991/991/991 986/986/986
f 991/991/991 992/992/992 986/986/986
f 991/991/991 993/993/993 992/992/992
f 991/991/991 994/994/994 993/993/993
f 994/994/994 995/995/995 993/993/993
f 994/994/994 996/996/996 995/995/995
f 997/997/997 989/989/989 990/990/990
f 997/997/997 990/990/990 998/998/998
f 997/997/997 998/998/998 999/999/999
f 1000/1000/1000 997/997/997 999/999/999
f 1001/1001/1001 1000/1000/1000 999/999/999
f 1002/1002/1002 1000/1000/1000 1001/1001/1001
f 1003/1003/1003 1002/1002/1002 1001/1001/1001
f 995/995/995 996/996/996 1004/1004/1004
f 1003/1003/1003 1005/1005/1005 1002/1002/1002
f 1006/1006/1006 1004/1004/1004 996/996/996
f 1007/1007/1007 1005/1005/1005 1003/1003/1003
f 1008/1008/1008 1004/1004/1004 1006/1006/1006
f 1004/1004/1004 1008/1008/1008 1009/1009/1009
f 1008/1008/1008 1006/1006/1006 1010/1010/1010
f 1011/1011/1011 1008/1008/1008 1010/1010/1010
f 1011/1011/1011 1010/1010/1010 1012/1012/1012
f 1012/1012/1012 1010/1010/1010 1013/1013/1013
f 1014/1014/1014 1012/1012/1012 1013/1013/1013
f 1014/1014/1014 1015/1015/1015 1012/1012/1012
f 1007/1007/1007 1016/1016/1016 1005/1005/1005
f 1016/1016/1016 1017/1017/1017 1005/1005/1005
f 1018/1018/1018 1016/1016/1016 1007/1007/1007
f 1018/1018/1018 1007/1007/1007 1019/1019/1019
f 1016/1016/1016 1020/1020/1020 1017/1017/1017
f 1020/1020/1020 1021/1021/1021 1017/1017/1017
f 1021/1021/1021 1022/1022/1022 1017/1017/1017
f 1021/1021/1021 1023/1023/1023 1022/1022/1022
f 1026/1026/1026 1025/1025/1025 1024/1024/1024
f 1026/1026/1026 1024/1024/1024 1027/1027/1027
f 1027/1027/1027 1024/1024/1024 1028/1028/1028
f 1028/1028/1028 1024/1024/1024 1029/1029/1029
f 1028/1028/1028 1029/1029/1029 1030/1030/1030
f 1029/1029/1029 1031/1031/1031 1030/1030/1030
f 1030/1030/1030 1031/1031/1031 1032/1032/1032
f 1032/1032/1032 1031/1031/1031 1033/1033/1033
f 1031/1031/1031 1034/1034/1034 1033/1033/1033
f 1037/1037/1037 1036/1036/1036 1035/1035/1035
f 1035/1035/1035 1036/1036/1036 1038/1038/1038
f 1038/1038/1038 1036/1036/1036 1039/1039/1039
f 1038/1038/1038 1039/1039/1039 1040/1040/1040
f 1040/1040/1040 1039/1039/1039 1041/1041/1041
f 1044/1044/1044 1043/1043/1043 1042/1042/1042
f 1044/1044/1044 1045/1045/1045 1043/1043/1043
f 1046/1046/1046 1045/1045/1045 1044/1044/1044
f 1046/1046/1046 1047/1047/1047 1045/1045/1045
f 1050/1050/1050 1049/1049/1049 1048/1048/1048
f 1050/1050/1050 1051/1051/1051 1049/1049/1049
f 1052/1052/1052 1051/1051/1051 1050/1050/1050
f 1055/1055/1055 1054/1054/1054 1053/1053/1053
f 1056/1056/1056 1054/1054/1054 1055/1055/1055
f 1059/1059/1059 1058/1058/1058 1057/1057/1057
f 1060/1060/1060 1059/1059/1059 1057/1057/1057
f 1060/1060/1060 1057/1057/1057 1061/1061/1061
f 1061/1061/1061 1057/1057/1057 1062/1062/1062
f 1065/1065/1065 1064/1064/1064 1063/1063/1063
f 1063/1063/1063 1064/1064/1064 1066/1066/1066
f 1064/1064/1064 1067/1067/1067 1066/1066/1066
f 1066/1066/1066 1067/1067/1067 1068/1068/1068
f 1066/1066/1066 1068/1068/1068 1069/1069/1069
f 1068/1068/1068 1070/1070/1070 1069/1069/1069
f 1073/1073/1073 1072/1072/1072 1071/1071/1071
f 1073/1073/1073 1074/1074/1074 1072/1072/1072
f 1077/1077/1077 1076/1076/1076 1075/1075/1075
f 1075/1075/1075 1076/1076/1076 1078/1078/1078
f 1075/1075/1075 1078/1078/1078 1079/1079/1079
f 1080/1080/1080 1079/1079/1079 1078/1078/1078
f 1079/1079/1079 1080/1080/1080 1081/1081/1081
f 1080/1080/1080 1082/1082/1082 1081/1081/1081
f 1081/1081/1081 1082/1082/1082 1083/1083/1083
f 1082/1082/1082 1084/1084/1084 1083/1083/1083
f 1087/1087/1087 1086/1086/1086 1085/1085/1085
f 1086/1086/1086 1087/1087/1087 1088/1088/1088
f 1089/1089/1089 1088/1088/1088 1087/1087/1087
f 1092/1092/1092 1091/1091/1091 1090/1090/1090
f 1093/1093/1093 1091/1091/1091 1092/1092/1092
f 1093/1093/1093 1094/1094/1094 1091/1091/1091
f 1095/1095/1095 1094/1094/1094 1093/1093/1093
f 1098/1098/1098 1097/1097/1097 1096/1096/1096
f 1098/1098/1098 1099/1099/1099 1097/1097/1097
f 1098/1098/1098 1100/1100/1100 1099/1099/1099
f 1100/1100/1100 1101/1101/1101 1099/1099/1099
f 1101/1101/1101 1100/1100/1100 1102/1102/1102
f 1101/1101/1101 1102/1102/1102 1103/1103/1103
f 1103/1103/1103 1102/1102/1102 1104/1104/1104
f 1104/1104/1104 1106/1106/1106 1105/1105/1105
f 1105/1105/1105 1106/1106/1106 1107/1107/1107
f 1106/1106/1106 1108/1108/1108 1107/1107/1107
f 1107/1107/1107 1108/1108/1108 1109/1109/1109
f 1109/1109/1109 1108/1108/1108 1110/1110/1110
f 1111/1111/1111 1109/1109/1109 1110/1110/1110
f 1112/1112/1112 1111/1111/1111 1110/1110/1110
f 1115/1115/1115 1114/1114/1114 1113/1113/1113
f 1114/1114/1114 1116/1116/1116 1113/1113/1113
f 1113/1113/1113 1116/1116/1116 1117/1117/1117
f 1116/1116/1116 1118/1118/1118 1117/1117/1117
f 1121/1121/1121 1120/1120/1120 1119/1119/1119
f 1122/1122/1122 1119/1119/1119 1120/1120/1120
f 1123/1123/1123 1122/1122/1122 1120/1120/1120
f 1124/1124/1124 1122/1122/1122 1123/1123/1123
f 1125/1125/1125 1124/1124/1124 1123/1123/1123
f 1128/1128/1128 1127/1127/1127 1126/1126/1126
f 1129/1129/1129 1128/1128/1128 1126/1126/1126
f 1129/1129/1129 1130/1130/1130 1128/1128/1128
f 1130/1130/1130 1131/1131/1131 1128/1128/1128
f 1130/1130/1130 1132/1132/1132 1131/1131/1131
f 1133/1133/1133 1132/1132/1132 1130/1130/1130
f 1133/1133/1133 1134/1134/1134 1132/1132/1132
f 1135/1135/1135 1134/1134/1134 1133/1133/1133
f 1136/1136/1136 1134/1134/1134 1135/1135/1135
f 1136/1136/1136 1137/1137/1137 1134/1134/1134
f 1140/1140/1140 1139/1139/1139 1138/1138/1138
f 1140/1140/1140 1141/1141/1141 1139/1139/1139
f 1142/1142/1142 1141/1141/1141 1140/1140/1140
f 1142/1142/1142 1143/1143/1143 1141/1141/1141
f 1146/1146/1146 1145/1145/1145 1144/1144/1144
f 1144/1144/1144 1145/1145/1145 1147/1147/1147
f 1145/1145/1145 1148/1148/1148 1147/1147/1147
f 1147/1147/1147 1148/1148/1148 1149/1149/1149
f 1148/1148/1148 1150/1150/1150 1149/1149/1149
f 1153/1153/1153 1152/1152/1152 1151/1151/1151
f 1151/1151/1151 1152/1152/1152 1154/1154/1154
f 1154/1154/1154 1152/1152/1152 1155/1155/1155
f 1152/1152/1152 1156/1156/1156 1155/1155/1155
f 1159/1159/1159 1158/1158/1158 1157/1157/1157
f 1160/1160/1160 1159/1159/1159 1157/1157/1157
f 1161/1161/1161 1159/1159/1159 1160/1160/1160
f 1162/1162/1162 1159/1159/1159 1161/1161/1161
f 1163/1163/1163 1162/1162/1162 1161/1161/1161
f 1164/1164/1164 1162/1162/1162 1163/1163/1163
f 1165/1165/1165 1162/1162/1162 1164/1164/1164
f 1166/1166/1166 1162/1162/1162 1165/1165/1165
f 1169/1169/1169 1168/1168/1168 1167/1167/1167
f 1169/1169/1169 1167/1167/1167 1170/1170/1170
f 1167/1167/1167 1171/1171/1171 1170/1170/1170
f 1167/1167/1167 1172/1172/1172 1171/1171/1171
f 1171/1171/1171 1172/1172/1172 1173/1173/1173
f 1171/1171/1171 1173/1173/1173 1174/1174/1174
f 1174/1174/1174 1173/1173/1173 1175/1175/1175
f 1174/1174/1174 1175/1175/1175 1176/1176/1176
f 1175/1175/1175 1177/1177/1177 1176/1176/1176
f 1176/1176/1176 1178/1178/1178 1174/1174/1174
f 1179/1179/1179 1174/1174/1174 1178/1178/1178
f 1180/1180/1180 1174/1174/1174 1179/1179/1179
f 1180/1180/1180 1181/1181/1181 1174/1174/1174
f 1184/1184/1184 1183/1183/1183 1182/1182/1182
f 1184/1184/1184 1185/1185/1185 1183/1183/1183
f 1188/1188/1188 1187/1187/1187 1186/1186/1186
f 1187/1187/1187 1189/1189/1189 1186/1186/1186
f 1189/1189/1189 1190/1190/1190 1186/1186/1186
f 1186/1186/1186 1190/1190/1190 1191/1191/1191
f 1194/1194/1194 1193/1193/1193 1192/1192/1192
f 1194/1194/1194 1192/1192/1192 1195/1195/1195
f 1194/1194/1194 1195/1195/1195 1196/1196/1196
f 1197/1197/1197 1194/1194/1194 1196/1196/1196
f 1200/1200/1200 1199/1199/1199 1198/1198/1198
f 1199/1199/1199 1201/1201/1201 1198/1198/1198
f 1199/1199/1199 1202/1202/1202 1201/1201/1201
f 1203/1203/1203 1202/1202/1202 1199/1199/1199
f 1206/1206/1206 1205/1205/1205 1204/1204/1204
f 1207/1207/1207 1205/1205/1205 1206/1206/1206
f 1210/1210/1210 1209/1209/1209 1208/1208/1208
f 1210/1210/1210 1211/1211/1211 1209/1209/1209
f 1210/1210/1210 1212/1212/1212 1211/1211/1211
f 1213/1213/1213 1212/1212/1212 1210/1210/1210
f 1216/1216/1216 1215/1215/1215 1214/1214/1214
f 1216/1216/1216 1214/1214/1214 1217/1217/1217
f 1220/1220/1220 1219/1219/1219 1218/1218/1218
f 1220/1220/1220 1218/1218/1218 1221/1221/1221
f 1222/1222/1222 1220/1220/1220 1221/1221/1221
f 1221/1221/1221 1218/1218/1218 1223/1223/1223
f 1218/1218/1218 1224/1224/1224 1223/1223/1223
f 1221/1221/1221 1223/1223/1223 1225/1225/1225
f 1228/1228/1228 1227/1227/1227 1226/1226/1226
f 1228/1228/1228 1226/1226/1226 1229/1229/1229
f 1232/1232/1232 1231/1231/1231 1230/1230/1230
f 1230/1230/1230 1231/1231/1231 1233/1233/1233
f 1233/1233/1233 1231/1231/1231 1234/1234/1234
f 1231/1231/1231 1235/1235/1235 1234/1234/1234
f 1238/1238/1238 1237/1237/1237 1236/1236/1236
f 1239/1239/1239 1237/1237/1237 1238/1238/1238
f 1242/1242/1242 1241/1241/1241 1240/1240/1240
f 1242/1242/1242 1243/1243/1243 1241/1241/1241
f 1241/1241/1241 1243/1243/1243 1244/1244/1244
f 1243/1243/1243 1245/1245/1245 1244/1244/1244
f 1244/1244/1244 1245/1245/1245 1246/1246/1246
f 1249/1249/1249 1248/1248/1248 1247/1247/1247
f 1247/1247/1247 1248/1248/1248 1250/1250/1250
f 1248/1248/1248 1251/1251/1251 1250/1250/1250
f 1250/1250/1250 1251/1251/1251 1252/1252/1252
f 1255/1255/1255 1254/1254/1254 1253/1253/1253
f 1255/1255/1255 1253/1253/1253 1256/1256/1256
f 1256/1256/1256 1253/1253/1253 1257/1257/1257
f 1253/1253/1253 1258/1258/1258 1257/1257/1257
f 1261/1261/1261 1260/1260/1260 1259/1259/1259
f 1259/1259/1259 1260/1260/1260 1262/1262/1262
f 1265/1265/1265 1264/1264/1264 1263/1263/1263
f 1265/1265/1265 1266/1266/1266 1264/1264/1264
f 1269/1269/1269 1268/1268/1268 1267/1267/1267
f 1268/1268/1268 1270/1270/1270 1267/1267/1267
f 1273/1273/1273 1272/1272/1272 1271/1271/1271
f 1273/1273/1273 1274/1274/1274 1272/1272/1272
f 1275/1275/1275 1274/1274/1274 1273/1273/1273
f 1278/1278/1278 1277/1277/1277 1276/1276/1276
f 1279/1279/1279 1278/1278/1278 1276/1276/1276
f 1280/1280/1280 1278/1278/1278 1279/1279/1279
f 1281/1281/1281 1278/1278/1278 1280/1280/1280
f 1282/1282/1282 1281/1281/1281 1280/1280/1280
f 1285/1285/1285 1284/1284/1284 1283/1283/1283
f 1285/1285/1285 1286/1286/1286 1284/1284/1284
f 1287/1287/1287 1286/1286/1286 1285/1285/1285
f 1287/1287/1287 1288/1288/1288 1286/1286/1286
f 1291/1291/1291 1290/1290/1290 1289/1289/1289
f 1291/1291/1291 1289/1289/1289 1292/1292/1292
f 1292/1292/1292 1289/1289/1289 1293/1293/1293
f 1293/1293/1293 1289/1289/1289 1294/1294/1294
f 1293/1293/1293 1294/1294/1294 1295/1295/1295
f 1294/1294/1294 1296/1296/1296 1295/1295/1295
f 1295/1295/1295 1296/1296/1296 1297/1297/1297
f 1297/1297/1297 1296/1296/1296 1298/1298/1298
f 1296/1296/1296 1299/1299/1299 1298/1298/1298
f 1302/1302/1302 1301/1301/1301 1300/1300/1300
f 1301/1301/1301 1303/1303/1303 1300/1300/1300
f 1301/1301/1301 1304/1304/1304 1303/1303/1303
f 1304/1304/1304 1305/1305/1305 1303/1303/1303
f 1304/1304/1304 1306/1306/1306 1305/1305/1305
f 1309/1309/1309 1308/1308/1308 1307/1307/1307
f 1310/1310/1310 1309/1309/1309 1307/1307/1307
f 1311/1311/1311 1309/1309/1309 1310/1310/1310
f 1311/1311/1311 1312/1312/1312 1309/1309/1309
f 1315/1315/1315 1314/1314/1314 1313/1313/1313
f 1315/1315/1315 1316/1316/1316 1314/1314/1314
f 1317/1317/1317 1316/1316/1316 1315/1315/1315
f 1317/1317/1317 1318/1318/1318 1316/1316/1316
f 1319/1319/1319 1318/1318/1318 1317/1317/1317
f 1322/1322/1322 1321/1321/1321 1320/1320/1320
f 1322/1322/1322 1323/1323/1323 1321/1321/1321
f 1326/1326/1326 1325/1325/1325 1324/1324/1324
f 1326/1326/1326 1327/1327/1327 1325/1325/1325
f 1330/1330/1330 1329/1329/1329 1328/1328/1328
f 1328/1328/1328 1329/1329/1329 1331/1331/1331
f 1334/1334/1334 1333/1333/1333 1332/1332/1332
f 1333/1333/1333 1335/1335/1335 1332/1332/1332
f 1338/1338/1338 1337/1337/1337 1336/1336/1336
f 1336/1336/1336 1337/1337/1337 1339/1339/1339
f 1339/1339/1339 1337/1337/1337 1340/1340/1340
f 1339/1339/1339 1340/1340/1340 1341/1341/1341
f 1341/1341/1341 1340/1340/1340 1342/1342/1342
f 1345/1345/1345 1344/1344/1344 1343/1343/1343
f 1345/1345/1345 1343/1343/1343 1346/1346/1346
f 1346/1346/1346 1343/1343/1343 1347/1347/1347
f 1346/1346/1346 1347/1347/1347 1348/1348/1348
f 1348/1348/1348 1347/1347/1347 1349/1349/1349
f 1348/1348/1348 1349/1349/1349 1350/1350/1350
f 1353/1353/1353 1352/1352/1352 1351/1351/1351
f 1352/1352/1352 1354/1354/1354 1351/1351/1351
f 1352/1352/1352 1355/1355/1355 1354/1354/1354
f 1352/1352/1352 1356/1356/1356 1355/1355/1355
f 1354/1354/1354 1355/1355/1355 1357/1357/1357
f 1355/1355/1355 1358/1358/1358 1357/1357/1357
f 1354/1354/1354 1357/1357/1357 1359/1359/1359
f 1354/1354/1354 1359/1359/1359 1360/1360/1360
f 1360/1360/1360 1359/1359/1359 1361/1361/1361
f 1360/1360/1360 1361/1361/1361 1362/1362/1362
f 1360/1360/1360 1362/1362/1362 1363/1363/1363
f 1363/1363/1363 1362/1362/1362 1364/1364/1364
f 1360/1360/1360 1363/1363/1363 1365/1365/1365
f 1365/1365/1365 1363/1363/1363 1366/1366/1366
f 1369/1369/1369 1368/1368/1368 1367/1367/1367
f 1369/1369/1369 1367/1367/1367 1370/1370/1370
f 1373/1373/1373 1372/1372/1372 1371/1371/1371
f 1374/1374/1374 1372/1372/1372 1373/1373/1373
f 1377/1377/1377 1376/1376/1376 1375/1375/1375
f 1377/1377/1377 1378/1378/1378 1376/1376/1376
f 1381/1381/1381 1380/1380/1380 1379/1379/1379
f 1382/1382/1382 1380/1380/1380 1381/1381/1381
f 1383/1383/1383 1382/1382/1382 1381/1381/1381
f 1382/1382/1382 1384/1384/1384 1380/1380/1380
f 1384/1384/1384 1385/1385/1385 1380/1380/1380
f 1380/1380/1380 1385/1385/1385 1386/1386/1386
f 1387/1387/1387 1386/1386/1386 1385/1385/1385
f 1388/1388/1388 1386/1386/1386 1387/1387/1387
f 1389/1389/1389 1388/1388/1388 1387/1387/1387
f 1390/1390/1390 1389/1389/1389 1383/1383/1383
f 1390/1390/1390 1388/1388/1388 1389/1389/1389
f 1390/1390/1390 1391/1391/1391 1388/1388/1388
f 1394/1394/1394 1393/1393/1393 1392/1392/1392
f 1394/1394/1394 1395/1395/1395 1393/1393/1393
f 1396/1396/1396 1395/1395/1395 1394/1394/1394
f 1397/1397/1397 1395/1395/1395 1396/1396/1396
f 1398/1398/1398 1397/1397/1397 1396/1396/1396
f 1399/1399/1399 1397/1397/1397 1398/1398/1398
f 1399/1399/1399 1400/1400/1400 1397/1397/1397
f 1403/1403/1403 1402/1402/1402 1401/1401/1401
f 1404/1404/1404 1402/1402/1402 1403/1403/1403
f 1405/1405/1405 1402/1402/1402 1404/1404/1404
f 1405/1405/1405 1406/1406/1406 1402/1402/1402
f 1406/1406/1406 1407/1407/1407 1402/1402/1402
f 1408/1408/1408 1406/1406/1406 1405/1405/1405
f 1409/1409/1409 1406/1406/1406 1408/1408/1408
f 1410/1410/1410 1407/1407/1407 1406/1406/1406
f 1408/1408/1408 1410/1410/1410 1409/1409/1409
f 1411/1411/1411 1410/1410/1410 1408/1408/1408
f 1410/1410/1410 1412/1412/1412 1407/1407/1407
f 1411/1411/1411 1412/1412/1412 1410/1410/1410
f 1413/1413/1413 1412/1412/1412 1411/1411/1411
f 1413/1413/1413 1414/1414/1414 1412/1412/1412
f 1415/1415/1415 1414/1414/1414 1413/1413/1413
f 1415/1415/1415 1416/1416/1416 1414/1414/1414
f 1419/1419/1419 1418/1418/1418 1417/1417/1417
f 1419/1419/1419 1417/1417/1417 1420/1420/1420
f 1421/1421/1421 1419/1419/1419 1420/1420/1420
f 1421/1421/1421 1420/1420/1420 1422/1422/1422
f 1421/1421/1421 1422/1422/1422 1423/1423/1423
f 1423/1423/1423 1422/1422/1422 1424/1424/1424
f 1424/1424/1424 1422/1422/1422 1425/1425/1425
f 1424/1424/1424 1425/1425/1425 1426/1426/1426
f 1426/1426/1426 1425/1425/1425 1427/1427/1427
f 1426/1426/1426 1427/1427/1427 1428/1428/1428
f 1428/1428/1428 1427/1427/1427 1429/1429/1429
f 1428/1428/1428 1429/1429/1429 1430/1430/1430
f 1430/1430/1430 1429/1429/1429 1431/1431/1431
f 1430/1430/1430 1431/1431/1431 1432/1432/1432
f 1433/1433/1433 1432/1432/1432 1431/1431/1431
f 1434/1434/1434 1433/1433/1433 1431/1431/1431
f 1431/1431/1431 1435/1435/1435 1434/1434/1434
f 1435/1435/1435 1436/1436/1436 1434/1434/1434
f 1439/1439/1439 1438/1438/1438 1437/1437/1437
f 1439/1439/1439 1440/1440/1440 1438/1438/1438
f 1441/1441/1441 1440/1440/1440 1439/1439/1439
f 1442/1442/1442 1440/1440/1440 1441/1441/1441
f 1445/1445/1445 1444/1444/1444 1443/1443/1443
f 1446/1446/1446 1445/1445/1445 1443/1443/1443
f 1446/1446/1446 1447/1447/1447 1445/1445/1445
f 1448/1448/1448 1446/1446/1446 1443/1443/1443
f 1449/1449/1449 1448/1448/1448 1443/1443/1443
f 1450/1450/1450 1448/1448/1448 1449/1449/1449
f 1451/1451/1451 1450/1450/1450 1449/1449/1449
f 1452/1452/1452 1450/1450/1450 1451/1451/1451
f 1453/1453/1453 1452/1452/1452 1451/1451/1451
f 1454/1454/1454 1452/1452/1452 1453/1453/1453
f 1455/1455/1455 1454/1454/1454 1453/1453/1453
f 1456/1456/1456 1454/1454/1454 1455/1455/1455
f 1457/1457/1457 1456/1456/1456 1455/1455/1455
f 1458/1458/1458 1457/1457/1457 1455/1455/1455
f 1459/1459/1459 1458/1458/1458 1455/1455/1455
f 1460/1460/1460 1458/1458/1458 1459/1459/1459
f 1460/1460/1460 1461/1461/1461 1458/1458/1458
f 1462/1462/1462 1460/1460/1460 1459/1459/1459
f 1463/1463/1463 1462/1462/1462 1459/1459/1459
f 1464/1464/1464 1462/1462/1462 1463/1463/1463
f 1465/1465/1465 1464/1464/1464 1463/1463/1463
f 1466/1466/1466 1464/1464/1464 1465/1465/1465
f 1467/1467/1467 1464/1464/1464 1466/1466/1466
f 1466/1466/1466 1468/1468/1468 1467/1467/1467
f 1467/1467/1467 1468/1468/1468 1469/1469/1469
f 1468/1468/1468 1470/1470/1470 1469/1469/1469
f 1470/1470/1470 1471/1471/1471 1469/1469/1469
f 1472/1472/1472 1471/1471/1471 1470/1470/1470
f 1472/1472/1472 1473/1473/1473 1471/1471/1471
f 1472/1472/1472 1474/1474/1474 1473/1473/1473
f 1474/1474/1474 1475/1475/1475 1473/1473/1473
f 1478/1478/1478 1477/1477/1477 1476/1476/1476
f 1479/1479/1479 1478/1478/1478 1476/1476/1476
f 1479/1479/1479 1480/1480/1480 1478/1478/1478
f 1480/1480/1480 1481/1481/1481 1478/1478/1478
f 1480/1480/1480 1482/1482/1482 1481/1481/1481
f 1482/1482/1482 1483/1483/1483 1481/1481/1481
f 1484/1484/1484 1483/1483/1483 1482/1482/1482
f 1482/1482/1482 1485/1485/1485 1484/1484/1484
f 1482/1482/1482 1486/1486/1486 1485/1485/1485
f 1487/1487/1487 1486/1486/1486 1482/1482/1482
f 1488/1488/1488 1486/1486/1486 1487/1487/1487
f 1489/1489/1489 1488/1488/1488 1487/1487/1487
f 1486/1486/1486 1490/1490/1490 1485/1485/1485
f 1490/1490/1490 1491/1491/1491 1485/1485/1485
f 1491/1491/1491 1492/1492/1492 1485/1485/1485
f 1493/1493/1493 1491/1491/1491 1490/1490/1490
f 1494/1494/1494 1493/1493/1493 1490/1490/1490
f 1494/1494/1494 1495/1495/1495 1493/1493/1493
f 1495/1495/1495 1496/1496/1496 1493/1493/1493
f 1495/1495/1495 1497/1497/1497 1496/1496/1496
f 1495/1495/1495 1498/1498/1498 1497/1497/1497
f 1499/1499/1499 1495/1495/1495 1494/1494/1494
f 1499/1499/1499 1500/1500/1500 1489/1489/1489
f 1500/1500/1500 1499/1499/1499 1494/1494/1494
f 1495/1495/1495 1501/1501/1501 1498/1498/1498
f 1501/1501/1501 1502/1502/1502 1498/1498/1498
f 1501/1501/1501 1503/1503/1503 1502/1502/1502
f 1503/1503/1503 1504/1504/1504 1502/1502/1502
f 1502/1502/1502 1504/1504/1504 1505/1505/1505
f 1508/1508/1508 1507/1507/1507 1506/1506/1506
f 1508/1508/1508 1509/1509/1509 1507/1507/1507
f 1510/1510/1510 1509/1509/1509 1508/1508/1508
f 1511/1511/1511 1510/1510/1510 1508/1508/1508
f 1512/1512/1512 1510/1510/1510 1511/1511/1511
f 1513/1513/1513 1512/1512/1512 1511/1511/1511
f 1514/1514/1514 1513/1513/1513 1511/1511/1511
f 1517/1517/1517 1516/1516/1516 1515/1515/1515
f 1515/1515/1515 1516/1516/1516 1518/1518/1518
f 1515/1515/1515 1518/1518/1518 1519/1519/1519
f 1515/1515/1515 1519/1519/1519 1520/1520/1520
f 1520/1520/1520 1519/1519/1519 1521/1521/1521
f 1520/1520/1520 1521/1521/1521 1522/1522/1522
f 1522/1522/1522 1521/1521/1521 1523/1523/1523
f 1526/1526/1526 1525/1525/1525 1524/1524/1524
f 1527/1527/1527 1526/1526/1526 1524/1524/1524
f 1528/1528/1528 1526/1526/1526 1527/1527/1527
f 1527/1527/1527 1524/1524/1524 1529/1529/1529
f 1530/1530/1530 1527/1527/1527 1529/1529/1529
f 1529/1529/1529 1524/1524/1524 1531/1531/1531
f 1532/1532/1532 1529/1529/1529 1531/1531/1531
f 1532/1532/1532 1531/1531/1531 1533/1533/1533
f 1536/1536/1536 1535/1535/1535 1534/1534/1534
f 1535/1535/1535 1537/1537/1537 1534/1534/1534
f 1540/1540/1540 1539/1539/1539 1538/1538/1538
f 1538/1538/1538 1539/1539/1539 1541/1541/1541
f 1544/1544/1544 1543/1543/1543 1542/1542/1542
f 1545/1545/1545 1543/1543/1543 1544/1544/1544
f 1546/1546/1546 1543/1543/1543 1545/1545/1545
f 1547/1547/1547 1546/1546/1546 1545/1545/1545
f 1547/1547/1547 1548/1548/1548 1546/1546/1546
f 1551/1551/1551 1550/1550/1550 1549/1549/1549
f 1549/1549/1549 1550/1550/1550 1552/1552/1552
f 1549/1549/1549 1552/1552/1552 1553/1553/1553
f 1556/1556/1556 1555/1555/1555 1554/1554/1554
f 1557/1557/1557 1555/1555/1555 1556/1556/1556
f 1560/1560/1560 1559/1559/1559 1558/1558/1558
f 1559/1559/1559 1560/1560/1560 1561/1561/1561
f 1562/1562/1562 1561/1561/1561 1560/1560/1560
f 1565/1565/1565 1564/1564/1564 1563/1563/1563
f 1565/1565/1565 1563/1563/1563 1566/1566/1566
f 1566/1566/1566 1563/1563/1563 1567/1567/1567
f 1567/1567/1567 1563/1563/1563 1568/1568/1568
f 1567/1567/1567 1568/1568/1568 1569/1569/1569
f 1569/1569/1569 1568/1568/1568 1570/1570/1570
f 1569/1569/1569 1570/1570/1570 1571/1571/1571
f 1572/1572/1572 1569/1569/1569 1571/1571/1571
f 1572/1572/1572 1571/1571/1571 1573/1573/1573
f 1571/1571/1571 1574/1574/1574 1573/1573/1573
f 1573/1573/1573 1574/1574/1574 1575/1575/1575
f 1575/1575/1575 1574/1574/1574 1576/1576/1576
f 1579/1579/1579 1578/1578/1578 1577/1577/1577
f 1578/1578/1578 1580/1580/1580 1577/1577/1577
f 1580/1580/1580 1581/1581/1581 1577/1577/1577
f 1582/1582/1582 1581/1581/1581 1580/1580/1580
f 1585/1585/1585 1584/1584/1584 1583/1583/1583
f 1585/1585/1585 1586/1586/1586 1584/1584/1584
f 1587/1587/1587 1586/1586/1586 1585/1585/1585
f 1590/1590/1590 1589/1589/1589 1588/1588/1588
f 1589/1589/1589 1591/1591/1591 1588/1588/1588
f 1588/1588/1588 1591/1591/1591 1592/1592/1592
f 1591/1591/1591 1593/1593/1593 1592/1592/1592
f 1594/1594/1594 1592/1592/1592 1593/1593/1593
f 1597/1597/1597 1596/1596/1596 1595/1595/1595
f 1596/1596/1596 1598/1598/1598 1595/1595/1595
f 1596/1596/1596 1599/1599/1599 1598/1598/1598
f 1596/1596/1596 1600/1600/1600 1599/1599/1599
f 1603/1603/1603 1602/1602/1602 1601/1601/1601
f 1604/1604/1604 1603/1603/1603 1601/1601/1601
f 1605/1605/1605 1603/1603/1603 1604/1604/1604
f 1606/1606/1606 1605/1605/1605 1604/1604/1604
f 1609/1609/1609 1608/1608/1608 1607/1607/1607
f 1609/1609/1609 1610/1610/1610 1608/1608/1608
f 1611/1611/1611 1610/1610/1610 1609/1609/1609
f 1611/1611/1611 1612/1612/1612 1610/1610/1610
f 1615/1615/1615 1614/1614/1614 1613/1613/1613
f 1616/1616/1616 1615/1615/1615 1613/1613/1613
f 1617/1617/1617 1615/1615/1615 1616/1616/1616
f 1620/1620/1620 1619/1619/1619 1618/1618/1618
f 1620/1620/1620 1621/1621/1621 1619/1619/1619
f 1620/1620/1620 1622/1622/1622 1621/1621/1621
f 1622/1622/1622 1623/1623/1623 1621/1621/1621
f 1623/1623/1623 1622/1622/1622 1624/1624/1624
f 1623/1623/1623 1624/1624/1624 1625/1625/1625
f 1625/1625/1625 1624/1624/1624 1626/1626/1626
f 1626/1626/1626 1624/1624/1624 1627/1627/1627
f 1626/1626/1626 1627/1627/1627 1628/1628/1628
f 1626/1626/1626 1628/1628/1628 1629/1629/1629
f 1629/1629/1629 1628/1628/1628 1630/1630/1630
f 1628/1628/1628 1631/1631/1631 1630/1630/1630
f 1630/1630/1630 1631/1631/1631 1632/1632/1632
f 1632/1632/1632 1631/1631/1631 1633/1633/1633
f 1634/1634/1634 1632/1632/1632 1633/1633/1633
f 1635/1635/1635 1634/1634/1634 1633/1633/1633
f 1638/1638/1638 1637/1637/1637 1636/1636/1636
f 1637/1637/1637 1639/1639/1639 1636/1636/1636
f 1636/1636/1636 1639/1639/1639 1640/1640/1640
f 1639/1639/1639 1641/1641/1641 1640/1640/1640
f 1644/1644/1644 1643/1643/1643 1642/1642/1642
f 1643/1643/1643 1645/1645/1645 1642/1642/1642
f 1648/1648/1648 1647/1647/1647 1646/1646/1646
f 1647/1647/1647 1649/1649/1649 1646/1646/1646
f 1652/1652/1652 1651/1651/1651 1650/1650/1650
f 1651/1651/1651 1653/1653/1653 1650/1650/1650
f 1656/1656/1656 1655/1655/1655 1654/1654/1654
f 1656/1656/1656 1654/1654/1654 1657/1657/1657
f 1660/1660/1660 1659/1659/1659 1658/1658/1658
f 1660/1660/1660 1658/1658/1658 1661/1661/1661
f 1661/1661/1661 1658/1658/1658 1662/1662/1662
f 1661/1661/1661 1662/1662/1662 1663/1663/1663
f 1666/1666/1666 1665/1665/1665 1664/1664/1664
f 1664/1664/1664 1665/1665/1665 1667/1667/1667
f 1670/1670/1670 1669/1669/1669 1668/1668/1668
f 1670/1670/1670 1671/1671/1671 1669/1669/1669
f 1674/1674/1674 1673/1673/1673 1672/1672/1672
f 1674/1674/1674 1672/1672/1672 1675/1675/1675
f 1676/1676/1676 1674/1674/1674 1675/1675/1675
f 1676/1676/1676 1677/1677/1677 1674/1674/1674
f 1678/1678/1678 1677/1677/1677 1676/1676/1676
f 1681/1681/1681 1680/1680/1680 1679/1679/1679
f 1681/1681/1681 1679/1679/1679 1682/1682/1682
f 1682/1682/1682 1679/1679/1679 1683/1683/1683
f 1682/1682/1682 1683/1683/1683 1684/1684/1684
f 1684/1684/1684 1683/1683/1683 1685/1685/1685
f 1684/1684/1684 1685/1685/1685 1686/1686/1686
f 1686/1686/1686 1685/1685/1685 1687/1687/1687
f 1686/1686/1686 1687/1687/1687 1688/1688/1688
f 1688/1688/1688 1687/1687/1687 1689/1689/1689
f 1689/1689/1689 1687/1687/1687 1690/1690/1690
f 1693/1693/1693 1692/1692/1692 1691/1691/1691
f 1693/1693/1693 1691/1691/1691 1694/1694/1694
f 1694/1694/1694 1691/1691/1691 1695/1695/1695
f 1695/1695/1695 1691/1691/1691 1696/1696/1696
f 1691/1691/1691 1697/1697/1697 1696/1696/1696
f 1695/1695/1695 1696/1696/1696 1698/1698/1698
f 1698/1698/1698 1696/1696/1696 1699/1699/1699
f 1698/1698/1698 1699/1699/1699 1700/1700/1700
f 1700/1700/1700 1699/1699/1699 1701/1701/1701
f 1700/1700/1700 1701/1701/1701 1702/1702/1702
f 1702/1702/1702 1701/1701/1701 1703/1703/1703
f 1706/1706/1706 1705/1705/1705 1704/1704/1704
f 1704/1704/1704 1705/1705/1705 1707/1707/1707
f 1710/1710/1710 1709/1709/1709 1708/1708/1708
f 1709/1709/1709 1711/1711/1711 1708/1708/1708
f 1708/1708/1708 1711/1711/1711 1712/1712/1712
f 1711/1711/1711 1713/1713/1713 1712/1712/1712
f 1716/1716/1716 1715/1715/1715 1714/1714/1714
f 1716/1716/1716 1714/1714/1714 1717/1717/1717
f 1717/1717/1717 1714/1714/1714 1718/1718/1718
f 1721/1721/1721 1720/1720/1720 1719/1719/1719
f 1721/1721/1721 1719/1719/1719 1722/1722/1722
f 1722/1722/1722 1719/1719/1719 1723/1723/1723
f 1722/1722/1722 1723/1723/1723 1724/1724/1724
f 1725/1725/1725 1722/1722/1722 1724/1724/1724
f 1725/1725/1725 1724/1724/1724 1726/1726/1726
f 1729/1729/1729 1728/1728/1728 1727/1727/1727
f 1729/1729/1729 1730/1730/1730 1728/1728/1728
f 1733/1733/1733 1732/1732/1732 1731/1731/1731
f 1732/1732/1732 1734/1734/1734 1731/1731/1731
f 1731/1731/1731 1734/1734/1734 1735/1735/1735
f 1734/1734/1734 1736/1736/1736 1735/1735/1735
f 1735/1735/1735 1736/1736/1736 1737/1737/1737
f 1735/1735/1735 1737/1737/1737 1738/1738/1738
f 1741/1741/1741 1740/1740/1740 1739/1739/1739
f 1742/1742/1742 1740/1740/1740 1741/1741/1741
f 1743/1743/1743 1742/1742/1742 1741/1741/1741
f 1744/1744/1744 1743/1743/1743 1741/1741/1741
f 1745/1745/1745 1743/1743/1743 1744/1744/1744
f 1745/1745/1745 1746/1746/1746 1743/1743/1743
f 1745/1745/1745 1747/1747/1747 1746/1746/1746
f 1748/1748/1748 1747/1747/1747 1745/1745/1745
f 1751/1751/1751 1750/1750/1750 1749/1749/1749
f 1752/1752/1752 1751/1751/1751 1749/1749/1749
f 1753/1753/1753 1751/1751/1751 1752/1752/1752
f 1753/1753/1753 1754/1754/1754 1751/1751/1751
f 1757/1757/1757 1756/1756/1756 1755/1755/1755
f 1755/1755/1755 1756/1756/1756 1758/1758/1758
f 1755/1755/1755 1758/1758/1758 1759/1759/1759
f 1760/1760/1760 1755/1755/1755 1759/1759/1759
f 1763/1763/1763 1762/1762/1762 1761/1761/1761
f 1764/1764/1764 1763/1763/1763 1761/1761/1761
f 1764/1764/1764 1761/1761/1761 1765/1765/1765
f 1765/1765/1765 1761/1761/1761 1766/1766/1766
f 1769/1769/1769 1768/1768/1768 1767/1767/1767
f 1769/1769/1769 1770/1770/1770 1768/1768/1768
f 1773/1773/1773 1772/1772/1772 1771/1771/1771
f 1774/1774/1774 1773/1773/1773 1771/1771/1771
f 1774/1774/1774 1775/1775/1775 1773/1773/1773
f 1776/1776/1776 1775/1775/1775 1774/1774/1774
f 1777/1777/1777 1776/1776/1776 1774/1774/1774
f 1778/1778/1778 1776/1776/1776 1777/1777/1777
f 1781/1781/1781 1780/1780/1780 1779/1779/1779
f 1782/1782/1782 1781/1781/1781 1779/1779/1779
f 1782/1782/1782 1779/1779/1779 1783/1783/1783
f 1783/1783/1783 1779/1779/1779 1784/1784/1784
f 1787/1787/1787 1786/1786/1786 1785/1785/1785
f 1786/1786/1786 1788/1788/1788 1785/1785/1785
f 1791/1791/1791 1790/1790/1790 1789/1789/1789
f 1791/1791/1791 1789/1789/1789 1792/1792/1792
f 1792/1792/1792 1789/1789/1789 1793/1793/1793
f 1792/1792/1792 1793/1793/1793 1794/1794/1794
f 1797/1797/1797 1796/1796/1796 1795/1795/1795
f 1795/1795/1795 1796/1796/1796 1798/1798/1798
f 1796/1796/1796 1799/1799/1799 1798/1798/1798
f 1802/1802/1802 1801/1801/1801 1800/1800/1800
f 1803/1803/1803 1801/1801/1801 1802/1802/1802
f 1804/1804/1804 1803/1803/1803 1802/1802/1802
f 1807/1807/1807 1806/1806/1806 1805/1805/1805
f 1805/1805/1805 1806/1806/1806 1808/1808/1808
f 1808/1808/1808 1806/1806/1806 1809/1809/1809
f 1806/1806/1806 1810/1810/1810 1809/1809/1809
f 1813/1813/1813 1812/1812/1812 1811/1811/1811
f 1814/1814/1814 1813/1813/1813 1811/1811/1811
f 1814/1814/1814 1811/1811/1811 1815/1815/1815
f 1815/1815/1815 1811/1811/1811 1816/1816/1816
f 1819/1819/1819 1818/1818/1818 1817/1817/1817
f 1819/1819/1819 1817/1817/1817 1820/1820/1820
f 1820/1820/1820 1817/1817/1817 1821/1821/1821
f 1820/1820/1820 1821/1821/1821 1822/1822/1822
f 1820/1820/1820 1822/1822/1822 1823/1823/1823
f 1823/1823/1823 1822/1822/1822 1824/1824/1824
f 1824/1824/1824 1822/1822/1822 1825/1825/1825
f 1828/1828/1828 1827/1827/1827 1826/1826/1826
f 1828/1828/1828 1829/1829/1829 1827/1827/1827
f 1832/1832/1832 1831/1831/1831 1830/1830/1830
f 1832/1832/1832 1833/1833/1833 1831/1831/1831
f 1834/1834/1834 1833/1833/1833 1832/1832/1832
f 1834/1834/1834 1835/1835/1835 1833/1833/1833
f 1836/1836/1836 1835/1835/1835 1834/1834/1834
f 1836/1836/1836 1837/1837/1837 1835/1835/1835
f 1838/1838/1838 1837/1837/1837 1836/1836/1836
f 1839/1839/1839 1838/1838/1838 1836/1836/1836
f 1838/1838/1838 1840/1840/1840 1837/1837/1837
f 1838/1838/1838 1841/1841/1841 1840/1840/1840
f 1842/1842/1842 1841/1841/1841 1838/1838/1838
f 1845/1845/1845 1844/1844/1844 1843/1843/1843
f 1846/1846/1846 1844/1844/1844 1845/1845/1845
f 1846/1846/1846 1847/1847/1847 1844/1844/1844
f 1848/1848/1848 1847/1847/1847 1846/1846/1846
f 1849/1849/1849 1848/1848/1848 1846/1846/1846
f 1850/1850/1850 1848/1848/1848 1849/1849/1849
f 1851/1851/1851 1848/1848/1848 1850/1850/1850
f 1854/1854/1854 1853/1853/1853 1852/1852/1852
f 1855/1855/1855 1853/1853/1853 1854/1854/1854
f 1858/1858/1858 1857/1857/1857 1856/1856/1856
f 1857/1857/1857 1859/1859/1859 1856/1856/1856
f 1856/1856/1856 1859/1859/1859 1860/1860/1860
f 1860/1860/1860 1859/1859/1859 1861/1861/1861
f 1860/1860/1860 1861/1861/1861 1862/1862/1862
f 1862/1862/1862 1861/1861/1861 1863/1863/1863
f 1862/1862/1862 1863/1863/1863 1864/1864/1864
f 1864/1864/1864 1863/1863/1863 1865/1865/1865
f 1864/1864/1864 1865/1865/1865 1866/1866/1866
f 1865/1865/1865 1867/1867/1867 1866/1866/1866
f 1866/1866/1866 1867/1867/1867 1868/1868/1868
f 1868/1868/1868 1867/1867/1867 1869/1869/1869
f 1872/1872/1872 1871/1871/1871 1870/1870/1870
f 1870/1870/1870 1871/1871/1871 1873/1873/1873
f 1873/1873/1873 1871/1871/1871 1874/1874/1874
f 1871/1871/1871 1875/1875/1875 1874/1874/1874
f 1878/1878/1878 1877/1877/1877 1876/1876/1876
f 1877/1877/1877 1879/1879/1879 1876/1876/1876
f 1879/1879/1879 1880/1880/1880 1876/1876/1876
f 1876/1876/1876 1880/1880/1880 1881/1881/1881
f 1884/1884/1884 1883/1883/1883 1882/1882/1882
f 1882/1882/1882 1883/1883/1883 1885/1885/1885
f 1882/1882/1882 1885/1885/1885 1886/1886/1886
f 1886/1886/1886 1885/1885/1885 1887/1887/1887
f 1890/1890/1890 1889/1889/1889 1888/1888/1888
f 1890/1890/1890 1888/1888/1888 1891/1891/1891
f 1891/1891/1891 1888/1888/1888 1892/1892/1892
f 1891/1891/1891 1892/1892/1892 1893/1893/1893
f 1892/1892/1892 1894/1894/1894 1893/1893/1893
f 1892/1892/1892 1895/1895/1895 1894/1894/1894
f 1894/1894/1894 1895/1895/1895 1896/1896/1896
f 1894/1894/1894 1896/1896/1896 1897/1897/1897
f 1897/1897/1897 1896/1896/1896 1898/1898/1898
f 1897/1897/1897 1898/1898/1898 1899/1899/1899
f 1899/1899/1899 1898/1898/1898 1900/1900/1900
f 1898/1898/1898 1901/1901/1901 1900/1900/1900
f 1904/1904/1904 1903/1903/1903 1902/1902/1902
f 1902/1902/1902 1903/1903/1903 1905/1905/1905
f 1902/1902/1902 1905/1905/1905 1906/1906/1906
f 1902/1902/1902 1906/1906/1906 1907/1907/1907
f 1910/1910/1910 1909/1909/1909 1908/1908/1908
f 1909/1909/1909 1911/1911/1911 1908/1908/1908
f 1911/1911/1911 1912/1912/1912 1908/1908/1908
f 1908/1908/1908 1912/1912/1912 1913/1913/1913
f 1916/1916/1916 1915/1915/1915 1914/1914/1914
f 1916/1916/1916 1917/1917/1917 1915/1915/1915
f 1918/1918/1918 1917/1917/1917 1916/1916/1916
f 1918/1918/1918 1919/1919/1919 1917/1917/1917
f 1922/1922/1922 1921/1921/1921 1920/1920/1920
f 1922/1922/1922 1920/1920/1920 1923/1923/1923
f 1923/1923/1923 1920/1920/1920 1924/1924/1924
f 1924/1924/1924 1920/1920/1920 1925/1925/1925
f 1924/1924/1924 1925/1925/1925 1926/1926/1926
f 1925/1925/1925 1927/1927/1927 1926/1926/1926
f 1926/1926/1926 1927/1927/1927 1928/1928/1928
f 1928/1928/1928 1927/1927/1927 1929/1929/1929
f 1927/1927/1927 1930/1930/1930 1929/1929/1929
f 1933/1933/1933 1932/1932/1932 1931/1931/1931
f 1933/1933/1933 1931/1931/1931 1934/1934/1934
f 1937/1937/1937 1936/1936/1936 1935/1935/1935
f 1935/1935/1935 1936/1936/1936 1938/1938/1938
f 1941/1941/1941 1940/1940/1940 1939/1939/1939
f 1941/1941/1941 1939/1939/1939 1942/1942/1942
f 1942/1942/1942 1939/1939/1939 1943/1943/1943
f 1942/1942/1942 1943/1943/1943 1944/1944/1944
f 1944/1944/1944 1943/1943/1943 1945/1945/1945
f 1948/1948/1948 1947/1947/1947 1946/1946/1946
f 1947/1947/1947 1949/1949/1949 1946/1946/1946
f 1946/1946/1946 1949/1949/1949 1950/1950/1950
f 1949/1949/1949 1951/1951/1951 1950/1950/1950
f 1954/1954/1954 1953/1953/1953 1952/1952/1952
f 1952/1952/1952 1953/1953/1953 1955/1955/1955
f 1958/1958/1958 1957/1957/1957 1956/1956/1956
f 1958/1958/1958 1956/1956/1956 1959/1959/1959
f 1959/1959/1959 1956/1956/1956 1960/1960/1960
f 1961/1961/1961 1958/1958/1958 1959/1959/1959
f 1961/1961/1961 1959/1959/1959 1962/1962/1962
f 1963/1963/1963 1958/1958/1958 1961/1961/1961
f 1963/1963/1963 1961/1961/1961 1964/1964/1964
f 1965/1965/1965 1963/1963/1963 1964/1964/1964
f 1968/1968/1968 1967/1967/1967 1966/1966/1966
f 1966/1966/1966 1967/1967/1967 1969/1969/1969
f 1966/1966/1966 1969/1969/1969 1970/1970/1970
f 1970/1970/1970 1969/1969/1969 1971/1971/1971
f 1970/1970/1970 1971/1971/1971 1972/1972/1972
f 1972/1972/1972 1971/1971/1971 1973/1973/1973
f 1972/1972/1972 1973/1973/1973 1974/1974/1974
f 1977/1977/1977 1976/1976/1976 1975/1975/1975
f 1976/1976/1976 1978/1978/1978 1975/1975/1975
f 1978/1978/1978 1979/1979/1979 1975/1975/1975
f 1975/1975/1975 1979/1979/1979 1980/1980/1980
f 1979/1979/1979 1981/1981/1981 1980/1980/1980
f 1980/1980/1980 1981/1981/1981 1982/1982/1982
f 1980/1980/1980 1982/1982/1982 1983/1983/1983
f 1986/1986/1986 1985/1985/1985 1984/1984/1984
f 1985/1985/1985 1987/1987/1987 1984/1984/1984
f 1990/1990/1990 1989/1989/1989 1988/1988/1988
f 1989/1989/1989 1990/1990/1990 1991/1991/1991
f 1994/1994/1994 1993/1993/1993 1992/1992/1992
f 1994/1994/1994 1992/1992/1992 1995/1995/1995
f 1992/1992/1992 1996/1996/1996 1995/1995/1995
f 1992/1992/1992 1997/1997/1997 1996/1996/1996
f 1998/1998/1998 1997/1997/1997 1992/1992/1992
f 1999/1999/1999 1997/1997/1997 1998/1998/1998
f 1999/1999/1999 2000/2000/2000 1997/1997/1997
f 2003/2003/2003 2002/2002/2002 2001/2001/2001
f 2004/2004/2004 2003/2003/2003 2001/2001/2001
f 2007/2007/2007 2006/2006/2006 2005/2005/2005
f 2007/2007/2007 2008/2008/2008 2006/2006/2006
f 2011/2011/2011 2010/2010/2010 2009/2009/2009
f 2011/2011/2011 2012/2012/2012 2010/2010/2010
f 2013/2013/2013 2012/2012/2012 2011/2011/2011
f 2016/2016/2016 2015/2015/2015 2014/2014/2014
f 2016/2016/2016 2017/2017/2017 2015/2015/2015
f 2017/2017/2017 2018/2018/2018 2015/2015/2015
f 2019/2019/2019 2017/2017/2017 2016/2016/2016
f 2020/2020/2020 2019/2019/2019 2016/2016/2016
f 2019/2019/2019 2021/2021/2021 2017/2017/2017
f 2024/2024/2024 2023/2023/2023 2022/2022/2022
f 2024/2024/2024 2022/2022/2022 2025/2025/2025
f 2025/2025/2025 2022/2022/2022 2026/2026/2026
f 2025/2025/2025 2026/2026/2026 2027/2027/2027
f 2030/2030/2030 2029/2029/2029 2028/2028/2028
f 2030/2030/2030 2031/2031/2031 2029/2029/2029
f 2034/2034/2034 2033/2033/2033 2032/2032/2032
f 2032/2032/2032 2033/2033/2033 2035/2035/2035
f 2038/2038/2038 2037/2037/2037 2036/2036/2036
f 2038/2038/2038 2036/2036/2036 2039/2039/2039
f 2042/2042/2042 2041/2041/2041 2040/2040/2040
f 2043/2043/2043 2041/2041/2041 2042/2042/2042
f 2046/2046/2046 2045/2045/2045 2044/2044/2044
f 2044/2044/2044 2045/2045/2045 2047/2047/2047
f 2050/2050/2050 2049/2049/2049 2048/2048/2048
f 2051/2051/2051 2049/2049/2049 2050/2050/2050
f 2054/2054/2054 2053/2053/2053 2052/2052/2052
f 2054/2054/2054 2055/2055/2055 2053/2053/2053
f 2058/2058/2058 2057/2057/2057 2056/2056/2056
f 2058/2058/2058 2059/2059/2059 2057/2057/2057
f 2059/2059/2059 2060/2060/2060 2057/2057/2057
f 2059/2059/2059 2061/2061/2061 2060/2060/2060
f 2062/2062/2062 2061/2061/2061 2059/2059/2059
f 2062/2062/2062 2063/2063/2063 2061/2061/2061
f 2066/2066/2066 2065/2065/2065 2064/2064/2064
f 2065/2065/2065 2067/2067/2067 2064/2064/2064
f 2064/2064/2064 2067/2067/2067 2068/2068/2068
f 2071/2071/2071 2070/2070/2070 2069/2069/2069
f 2070/2070/2070 2072/2072/2072 2069/2069/2069
f 2069/2069/2069 2072/2072/2072 2073/2073/2073
f 2076/2076/2076 2075/2075/2075 2074/2074/2074
f 2077/2077/2077 2076/2076/2076 2074/2074/2074
f 2077/2077/2077 2074/2074/2074 2078/2078/2078
f 2078/2078/2078 2074/2074/2074 2079/2079/2079
f 2082/2082/2082 2081/2081/2081 2080/2080/2080
f 2083/2083/2083 2082/2082/2082 2080/2080/2080
f 2084/2084/2084 2082/2082/2082 2083/2083/2083
f 2085/2085/2085 2082/2082/2082 2084/2084/2084
f 2088/2088/2088 2087/2087/2087 2086/2086/2086
f 2086/2086/2086 2087/2087/2087 2089/2089/2089
f 2092/2092/2092 2091/2091/2091 2090/2090/2090
f 2092/2092/2092 2093/2093/2093 2091/2091/2091
f 2093/2093/2093 2094/2094/2094 2091/2091/2091
f 2093/2093/2093 2095/2095/2095 2094/2094/2094
f 2096/2096/2096 2095/2095/2095 2093/2093/2093
f 2096/2096/2096 2097/2097/2097 2095/2095/2095
f 2100/2100/2100 2099/2099/2099 2098/2098/2098
f 2100/2100/2100 2098/2098/2098 2101/2101/2101
f 2101/2101/2101 2098/2098/2098 2102/2102/2102
f 2098/2098/2098 2103/2103/2103 2102/2102/2102
f 2106/2106/2106 2105/2105/2105 2104/2104/2104
f 2107/2107/2107 2105/2105/2105 2106/2106/2106
f 2107/2107/2107 2108/2108/2108 2105/2105/2105
f 2109/2109/2109 2108/2108/2108 2107/2107/2107
f 2109/2109/2109 2110/2110/2110 2108/2108/2108
f 2111/2111/2111 2110/2110/2110 2109/2109/2109
f 2114/2114/2114 2113/2113/2113 2112/2112/2112
f 2114/2114/2114 2112/2112/2112 2115/2115/2115
f 2115/2115/2115 2112/2112/2112 2116/2116/2116
f 2115/2115/2115 2116/2116/2116 2117/2117/2117
f 2117/2117/2117 2116/2116/2116 2118/2118/2118
f 2117/2117/2117 2118/2118/2118 2119/2119/2119
f 2122/2122/2122 2121/2121/2121 2120/2120/2120
f 2121/2121/2121 2123/2123/2123 2120/2120/2120
f 2120/2120/2120 2123/2123/2123 2124/2124/2124
f 2123/2123/2123 2125/2125/2125 2124/2124/2124
f 2128/2128/2128 2127/2127/2127 2126/2126/2126
f 2129/2129/2129 2128/2128/2128 2126/2126/2126
f 2130/2130/2130 2128/2128/2128 2129/2129/2129
f 2131/2131/2131 2130/2130/2130 2129/2129/2129
f 2134/2134/2134 2133/2133/2133 2132/2132/2132
f 2134/2134/2134 2135/2135/2135 2133/2133/2133
f 2138/2138/2138 2137/2137/2137 2136/2136/2136
f 2139/2139/2139 2137/2137/2137 2138/2138/2138
f 2142/2142/2142 2141/2141/2141 2140/2140/2140
f 2143/2143/2143 2141/2141/2141 2142/2142/2142
f 2143/2143/2143 2144/2144/2144 2141/2141/2141
f 2147/2147/2147 2146/2146/2146 2145/2145/2145
f 2145/2145/2145 2146/2146/2146 2148/2148/2148
f 2151/2151/2151 2150/2150/2150 2149/2149/2149
f 2152/2152/2152 2150/2150/2150 2151/2151/2151
f 2155/2155/2155 2154/2154/2154 2153/2153/2153
f 2154/2154/2154 2156/2156/2156 2153/2153/2153
f 2159/2159/2159 2158/2158/2158 2157/2157/2157
f 2158/2158/2158 2160/2160/2160 2157/2157/2157
f 2157/2157/2157 2160/2160/2160 2161/2161/2161
f 2160/2160/2160 2162/2162/2162 2161/2161/2161
f 2161/2161/2161 2162/2162/2162 2163/2163/2163
f 2162/2162/2162 2164/2164/2164 2163/2163/2163
f 2167/2167/2167 2166/2166/2166 2165/2165/2165
f 2166/2166/2166 2167/2167/2167 2168/2168/2168
f 2171/2171/2171 2170/2170/2170 2169/2169/2169
f 2171/2171/2171 2169/2169/2169 2172/2172/2172
f 2175/2175/2175 2174/2174/2174 2173/2173/2173
f 2175/2175/2175 2173/2173/2173 2176/2176/2176
f 2179/2179/2179 2178/2178/2178 2177/2177/2177
f 2177/2177/2177 2178/2178/2178 2180/2180/2180
f 2183/2183/2183 2182/2182/2182 2181/2181/2181
f 2182/2182/2182 2184/2184/2184 2181/2181/2181
f 2187/2187/2187 2186/2186/2186 2185/2185/2185
f 2185/2185/2185 2186/2186/2186 2188/2188/2188
f 2191/2191/2191 2190/2190/2190 2189/2189/2189
f 2190/2190/2190 2192/2192/2192 2189/2189/2189
f 2195/2195/2195 2194/2194/2194 2193/2193/2193
f 2196/2196/2196 2195/2195/2195 2193/2193/2193
f 2199/2199/2199 2198/2198/2198 2197/2197/2197
f 2197/2197/2197 2198/2198/2198 2200/2200/2200
f 2197/2197/2197 2200/2200/2200 2201/2201/2201
f 2204/2204/2204 2203/2203/2203 2202/2202/2202
f 2205/2205/2205 2204/2204/2204 2202/2202/2202
f 2208/2208/2208 2207/2207/2207 2206/2206/2206
f 2208/2208/2208 2206/2206/2206 2209/2209/2209
f 2209/2209/2209 2206/2206/2206 2210/2210/2210
f 2213/2213/2213 2212/2212/2212 2211/2211/2211
f 2211/2211/2211 2212/2212/2212 2214/2214/2214
f 2217/2217/2217 2216/2216/2216 2215/2215/2215
f 2216/2216/2216 2218/2218/2218 2215/2215/2215
f 2221/2221/2221 2220/2220/2220 2219/2219/2219
f 2220/2220/2220 2221/2221/2221 2222/2222/2222
f 2222/2222/2222 2221/2221/2221 2223/2223/2223
f 2226/2226/2226 2225/2225/2225 2224/2224/2224
f 2225/2225/2225 2227/2227/2227 2224/2224/2224
f 2230/2230/2230 2229/2229/2229 2228/2228/2228
f 2228/2228/2228 2229/2229/2229 2231/2231/2231
f 2229/2229/2229 2232/2232/2232 2231/2231/2231
f 2231/2231/2231 2232/2232/2232 2233/2233/2233
f 2236/2236/2236 2235/2235/2235 2234/2234/2234
f 2236/2236/2236 2234/2234/2234 2237/2237/2237
f 2238/2238/2238 2236/2236/2236 2237/2237/2237
f 2239/2239/2239 2236/2236/2236 2238/2238/2238
f 2240/2240/2240 2239/2239/2239 2238/2238/2238
f 2240/2240/2240 2238/2238/2238 2241/2241/2241
f 2242/2242/2242 2240/2240/2240 2241/2241/2241
f 2243/2243/2243 2240/2240/2240 2242/2242/2242
f 2242/2242/2242 2241/2241/2241 2244/2244/2244
f 2242/2242/2242 2244/2244/2244 2245/2245/2245
f 2244/2244/2244 2246/2246/2246 2245/2245/2245
f 2245/2245/2245 2246/2246/2246 2247/2247/2247
f 2246/2246/2246 2248/2248/2248 2247/2247/2247
f 2247/2247/2247 2248/2248/2248 2249/2249/2249
f 2248/2248/2248 2250/2250/2250 2249/2249/2249
f 2249/2249/2249 2250/2250/2250 2251/2251/2251
f 2252/2252/2252 2251/2251/2251 2250/2250/2250
f 2252/2252/2252 2253/2253/2253 2251/2251/2251
f 2253/2253/2253 2254/2254/2254 2251/2251/2251
f 2253/2253/2253 2255/2255/2255 2254/2254/2254
f 2255/2255/2255 2256/2256/2256 2254/2254/2254
f 2255/2255/2255 2257/2257/2257 2256/2256/2256
f 2257/2257/2257 2258/2258/2258 2256/2256/2256
f 2256/2256/2256 2258/2258/2258 2259/2259/2259
f 2258/2258/2258 2260/2260/2260 2259/2259/2259
f 2260/2260/2260 2261/2261/2261 2259/2259/2259
f 2260/2260/2260 2262/2262/2262 2261/2261/2261
f 2262/2262/2262 2263/2263/2263 2261/2261/2261
f 2263/2263/2263 2264/2264/2264 2261/2261/2261
f 2265/2265/2265 2264/2264/2264 2263/2263/2263
f 2265/2265/2265 2266/2266/2266 2264/2264/2264
f 2267/2267/2267 2266/2266/2266 2265/2265/2265
f 2267/2267/2267 2265/2265/2265 2268/2268/2268
f 2269/2269/2269 2267/2267/2267 2268/2268/2268
f 2269/2269/2269 2268/2268/2268 2270/2270/2270
f 2269/2269/2269 2270/2270/2270 2271/2271/2271
f 2271/2271/2271 2270/2270/2270 2272/2272/2272
f 2273/2273/2273 2271/2271/2271 2272/2272/2272
f 2276/2276/2276 2275/2275/2275 2274/2274/2274
f 2276/2276/2276 2274/2274/2274 2277/2277/2277
f 2277/2277/2277 2274/2274/2274 2278/2278/2278
f 2274/2274/2274 2279/2279/2279 2278/2278/2278
f 2282/2282/2282 2281/2281/2281 2280/2280/2280
f 2281/2281/2281 2282/2282/2282 2283/2283/2283
f 2286/2286/2286 2285/2285/2285 2284/2284/2284
f 2287/2287/2287 2285/2285/2285 2286/2286/2286
f 2287/2287/2287 2288/2288/2288 2285/2285/2285
f 2287/2287/2287 2289/2289/2289 2288/2288/2288
f 2292/2292/2292 2291/2291/2291 2290/2290/2290
f 2293/2293/2293 2291/2291/2291 2292/2292/2292
f 2296/2296/2296 2295/2295/2295 2294/2294/2294
f 2295/2295/2295 2297/2297/2297 2294/2294/2294
f 2300/2300/2300 2299/2299/2299 2298/2298/2298
f 2301/2301/2301 2300/2300/2300 2298/2298/2298
f 2304/2304/2304 2303/2303/2303 2302/2302/2302
f 2305/2305/2305 2304/2304/2304 2302/2302/2302
f 2306/2306/2306 2304/2304/2304 2305/2305/2305
f 2307/2307/2307 2306/2306/2306 2305/2305/2305
f 2310/2310/2310 2309/2309/2309 2308/2308/2308
f 2311/2311/2311 2309/2309/2309 2310/2310/2310
f 2311/2311/2311 2312/2312/2312 2309/2309/2309
f 2313/2313/2313 2312/2312/2312 2311/2311/2311
f 2313/2313/2313 2314/2314/2314 2312/2312/2312
f 2315/2315/2315 2314/2314/2314 2313/2313/2313
f 2318/2318/2318 2317/2317/2317 2316/2316/2316
f 2316/2316/2316 2317/2317/2317 2319/2319/2319
f 2322/2322/2322 2321/2321/2321 2320/2320/2320
f 2322/2322/2322 2320/2320/2320 2323/2323/2323
f 2326/2326/2326 2325/2325/2325 2324/2324/2324
f 2325/2325/2325 2327/2327/2327 2324/2324/2324
f 2328/2328/2328 2324/2324/2324 2327/2327/2327
f 2331/2331/2331 2330/2330/2330 2329/2329/2329
f 2330/2330/2330 2332/2332/2332 2329/2329/2329
f 2335/2335/2335 2334/2334/2334 2333/2333/2333
f 2335/2335/2335 2336/2336/2336 2334/2334/2334
f 2339/2339/2339 2338/2338/2338 2337/2337/2337
f 2340/2340/2340 2339/2339/2339 2337/2337/2337
f 2343/2343/2343 2342/2342/2342 2341/2341/2341
f 2344/2344/2344 2343/2343/2343 2341/2341/2341
f 2347/2347/2347 2346/2346/2346 2345/2345/2345
f 2347/2347/2347 2348/2348/2348 2346/2346/2346
f 2349/2349/2349 2348/2348/2348 2347/2347/2347
f 2352/2352/2352 2351/2351/2351 2350/2350/2350
f 2353/2353/2353 2351/2351/2351 2352/2352/2352
f 2354/2354/2354 2353/2353/2353 2352/2352/2352
f 2355/2355/2355 2354/2354/2354 2352/2352/2352
f 2358/2358/2358 2357/2357/2357 2356/2356/2356
f 2359/2359/2359 2358/2358/2358 2356/2356/2356
f 2362/2362/2362 2361/2361/2361 2360/2360/2360
f 2363/2363/2363 2361/2361/2361 2362/2362/2362
f 2366/2366/2366 2365/2365/2365 2364/2364/2364
f 2367/2367/2367 2365/2365/2365 2366/2366/2366
f 2370/2370/2370 2369/2369/2369 2368/2368/2368
f 2371/2371/2371 2370/2370/2370 2368/2368/2368
f 2371/2371/2371 2368/2368/2368 2372/2372/2372
f 2373/2373/2373 2371/2371/2371 2372/2372/2372
f 2376/2376/2376 2375/2375/2375 2374/2374/2374
f 2376/2376/2376 2374/2374/2374 2377/2377/2377
f 2374/2374/2374 2378/2378/2378 2377/2377/2377
f 2374/2374/2374 2379/2379/2379 2378/2378/2378
f 2378/2378/2378 2379/2379/2379 2380/2380/2380
f 2378/2378/2378 2380/2380/2380 2381/2381/2381
f 2381/2381/2381 2380/2380/2380 2382/2382/2382
f 2381/2381/2381 2382/2382/2382 2383/2383/2383
f 2383/2383/2383 2382/2382/2382 2384/2384/2384
f 2382/2382/2382 2385/2385/2385 2384/2384/2384
f 2388/2388/2388 2387/2387/2387 2386/2386/2386
f 2389/2389/2389 2387/2387/2387 2388/2388/2388
f 2389/2389/2389 2390/2390/2390 2387/2387/2387
f 2390/2390/2390 2389/2389/2389 2391/2391/2391
f 2392/2392/2392 2390/2390/2390 2391/2391/2391
f 2392/2392/2392 2391/2391/2391 2393/2393/2393
f 2392/2392/2392 2393/2393/2393 2394/2394/2394
f 2397/2397/2397 2396/2396/2396 2395/2395/2395
f 2397/2397/2397 2398/2398/2398 2396/2396/2396
f 2401/2401/2401 2400/2400/2400 2399/2399/2399
f 2399/2399/2399 2400/2400/2400 2402/2402/2402
f 2402/2402/2402 2400/2400/2400 2403/2403/2403
f 2402/2402/2402 2403/2403/2403 2404/2404/2404
f 2407/2407/2407 2406/2406/2406 2405/2405/2405
f 2407/2407/2407 2405/2405/2405 2408/2408/2408
f 2411/2411/2411 2410/2410/2410 2409/2409/2409
f 2411/2411/2411 2412/2412/2412 2410/2410/2410
f 2415/2415/2415 2414/2414/2414 2413/2413/2413
f 2413/2413/2413 2414/2414/2414 2416/2416/2416
f 2419/2419/2419 2418/2418/2418 2417/2417/2417
f 2420/2420/2420 2417/2417/2417 2418/2418/2418
f 2423/2423/2423 2422/2422/2422 2421/2421/2421
f 2424/2424/2424 2423/2423/2423 2421/2421/2421
f 2427/2427/2427 2426/2426/2426 2425/2425/2425
f 2428/2428/2428 2426/2426/2426 2427/2427/2427
f 2429/2429/2429 2428/2428/2428 2427/2427/2427
f 2432/2432/2432 2431/2431/2431 2430/2430/2430
f 2430/2430/2430 2431/2431/2431 2433/2433/2433
f 2431/2431/2431 2434/2434/2434 2433/2433/2433
f 2433/2433/2433 2434/2434/2434 2435/2435/2435
f 2438/2438/2438 2437/2437/2437 2436/2436/2436
f 2436/2436/2436 2437/2437/2437 2439/2439/2439
f 2437/2437/2437 2440/2440/2440 2439/2439/2439
f 2443/2443/2443 2442/2442/2442 2441/2441/2441
f 2442/2442/2442 2444/2444/2444 2441/2441/2441
f 2447/2447/2447 2446/2446/2446 2445/2445/2445
f 2446/2446/2446 2448/2448/2448 2445/2445/2445
f 2451/2451/2451 2450/2450/2450 2449/2449/2449
f 2452/2452/2452 2450/2450/2450 2451/2451/2451
f 2453/2453/2453 2452/2452/2452 2451/2451/2451
f 2456/2456/2456 2455/2455/2455 2454/2454/2454
f 2457/2457/2457 2455/2455/2455 2456/2456/2456
f 2460/2460/2460 2459/2459/2459 2458/2458/2458
f 2458/2458/2458 2459/2459/2459 2461/2461/2461
f 2464/2464/2464 2463/2463/2463 2462/2462/2462
f 2464/2464/2464 2465/2465/2465 2463/2463/2463
f 2466/2466/2466 2465/2465/2465 2464/2464/2464
f 2469/2469/2469 2468/2468/2468 2467/2467/2467
f 2470/2470/2470 2469/2469/2469 2467/2467/2467
f 2473/2473/2473 2472/2472/2472 2471/2471/2471
f 2471/2471/2471 2472/2472/2472 2474/2474/2474
f 2477/2477/2477 2476/2476/2476 2475/2475/2475
f 2476/2476/2476 2478/2478/2478 2475/2475/2475
f 2481/2481/2481 2480/2480/2480 2479/2479/2479
f 2481/2481/2481 2479/2479/2479 2482/2482/2482
f 2485/2485/2485 2484/2484/2484 2483/2483/2483
f 2483/2483/2483 2484/2484/2484 2486/2486/2486
f 2489/2489/2489 2488/2488/2488 2487/2487/2487
f 2489/2489/2489 2487/2487/2487 2490/2490/2490
f 2490/2490/2490 2487/2487/2487 2491/2491/2491
f 2494/2494/2494 2493/2493/2493 2492/2492/2492
f 2494/2494/2494 2495/2495/2495 2493/2493/2493
f 2498/2498/2498 2497/2497/2497 2496/2496/2496
f 2499/2499/2499 2496/2496/2496 2497/2497/2497
f 2499/2499/2499 2497/2497/2497 2500/2500/2500
f 2501/2501/2501 2496/2496/2496 2499/2499/2499
f 2501/2501/2501 2499/2499/2499 2502/2502/2502
f 2505/2505/2505 2504/2504/2504 2503/2503/2503
f 2506/2506/2506 2505/2505/2505 2503/2503/2503
f 2509/2509/2509 2508/2508/2508 2507/2507/2507
f 2510/2510/2510 2508/2508/2508 2509/2509/2509
f 2513/2513/2513 2512/2512/2512 2511/2511/2511
f 2512/2512/2512 2514/2514/2514 2511/2511/2511
f 2517/2517/2517 2516/2516/2516 2515/2515/2515
f 2516/2516/2516 2518/2518/2518 2515/2515/2515
f 2521/2521/2521 2520/2520/2520 2519/2519/2519
f 2521/2521/2521 2522/2522/2522 2520/2520/2520
f 2525/2525/2525 2524/2524/2524 2523/2523/2523
f 2526/2526/2526 2525/2525/2525 2523/2523/2523
f 2529/2529/2529 2528/2528/2528 2527/2527/2527
f 2530/2530/2530 2529/2529/2529 2527/2527/2527
f 2533/2533/2533 2532/2532/2532 2531/2531/2531
f 2531/2531/2531 2532/2532/2532 2534/2534/2534
f 2537/2537/2537 2536/2536/2536 2535/2535/2535
f 2535/2535/2535 2536/2536/2536 2538/2538/2538
f 2541/2541/2541 2540/2540/2540 2539/2539/2539
f 2541/2541/2541 2539/2539/2539 2542/2542/2542
f 2545/2545/2545 2544/2544/2544 2543/2543/2543
f 2543/2543/2543 2546/2546/2546 2545/2545/2545
f 2546/2546/2546 2547/2547/2547 2545/2545/2545
f 2546/2546/2546 2548/2548/2548 2547/2547/2547
f 2551/2551/2551 2550/2550/2550 2549/2549/2549
f 2549/2549/2549 2552/2552/2552 2551/2551/2551
f 2552/2552/2552 2553/2553/2553 2551/2551/2551
f 2552/2552/2552 2554/2554/2554 2553/2553/2553
f 2557/2557/2557 2556/2556/2556 2555/2555/2555
f 2555/2555/2555 2558/2558/2558 2557/2557/2557
f 2558/2558/2558 2559/2559/2559 2557/2557/2557
f 2558/2558/2558 2560/2560/2560 2559/2559/2559
f 2563/2563/2563 2562/2562/2562 2561/2561/2561
f 2561/2561/2561 2564/2564/2564 2563/2563/2563
f 2564/2564/2564 2565/2565/2565 2563/2563/2563
f 2564/2564/2564 2566/2566/2566 2565/2565/2565
f 2569/2569/2569 2568/2568/2568 2567/2567/2567
f 2567/2567/2567 2570/2570/2570 2569/2569/2569
f 2570/2570/2570 2571/2571/2571 2569/2569/2569
f 2570/2570/2570 2572/2572/2572 2571/2571/2571
f 2575/2575/2575 2574/2574/2574 2573/2573/2573
f 2573/2573/2573 2576/2576/2576 2575/2575/2575
f 2576/2576/2576 2577/2577/2577 2575/2575/2575
f 2576/2576/2576 2578/2578/2578 2577/2577/2577
f 2581/2581/2581 2580/2580/2580 2579/2579/2579
f 2582/2582/2582 2581/2581/2581 2579/2579/2579
f 2579/2579/2579 2580/2580/2580 2583/2583/2583
f 2584/2584/2584 2581/2581/2581 2582/2582/2582
f 2580/2580/2580 2585/2585/2585 2583/2583/2583
f 2586/2586/2586 2584/2584/2584 2582/2582/2582
f 2583/2583/2583 2585/2585/2585 2587/2587/2587
f 2588/2588/2588 2584/2584/2584 2586/2586/2586
f 2585/2585/2585 2589/2589/2589 2587/2587/2587
f 2590/2590/2590 2588/2588/2588 2586/2586/2586
f 2587/2587/2587 2589/2589/2589 2590/2590/2590
f 2589/2589/2589 2588/2588/2588 2590/2590/2590
f 2593/2593/2593 2592/2592/2592 2591/2591/2591
f 2594/2594/2594 2593/2593/2593 2591/2591/2591
f 2591/2591/2591 2592/2592/2592 2595/2595/2595
f 2596/2596/2596 2593/2593/2593 2594/2594/2594
f 2592/2592/2592 2597/2597/2597 2595/2595/2595
f 2598/2598/2598 2596/2596/2596 2594/2594/2594
f 2595/2595/2595 2597/2597/2597 2599/2599/2599
f 2600/2600/2600 2596/2596/2596 2598/2598/2598
f 2597/2597/2597 2601/2601/2601 2599/2599/2599
f 2602/2602/2602 2600/2600/2600 2598/2598/2598
f 2599/2599/2599 2601/2601/2601 2602/2602/2602
f 2601/2601/2601 2600/2600/2600 2602/2602/2602
f 2605/2605/2605 2604/2604/2604 2603/2603/2603
f 2604/2604/2604 2606/2606/2606 2603/2603/2603
f 2607/2607/2607 2604/2604/2604 2605/2605/2605
f 2603/2603/2603 2606/2606/2606 2608/2608/2608
f 2609/2609/2609 2607/2607/2607 2605/2605/2605
f 2606/2606/2606 2610/2610/2610 2608/2608/2608
f 2611/2611/2611 2607/2607/2607 2609/2609/2609
f 2608/2608/2608 2610/2610/2610 2612/2612/2612
f 2613/2613/2613 2611/2611/2611 2609/2609/2609
f 2610/2610/2610 2614/2614/2614 2612/2612/2612
f 2614/2614/2614 2611/2611/2611 2613/2613/2613
f 2612/2612/2612 2614/2614/2614 2613/2613/2613
f 2617/2617/2617 2616/2616/2616 2615/2615/2615
f 2616/2616/2616 2618/2618/2618 2615/2615/2615
f 2619/2619/2619 2616/2616/2616 2617/2617/2617
f 2615/2615/2615 2618/2618/2618 2620/2620/2620
f 2621/2621/2621 2619/2619/2619 2617/2617/2617
f 2618/2618/2618 2622/2622/2622 2620/2620/2620
f 2623/2623/2623 2619/2619/2619 2621/2621/2621
f 2620/2620/2620 2622/2622/2622 2624/2624/2624
f 2625/2625/2625 2623/2623/2623 2621/2621/2621
f 2622/2622/2622 2626/2626/2626 2624/2624/2624
f 2626/2626/2626 2623/2623/2623 2625/2625/2625
f 2624/2624/2624 2626/2626/2626 2625/2625/2625
f 2629/2629/2629 2628/2628/2628 2627/2627/2627
f 2628/2628/2628 2630/2630/2630 2627/2627/2627
f 2631/2631/2631 2628/2628/2628 2629/2629/2629
f 2627/2627/2627 2630/2630/2630 2632/2632/2632
f 2633/2633/2633 2631/2631/2631 2629/2629/2629
f 2630/2630/2630 2634/2634/2634 2632/2632/2632
f 2635/2635/2635 2631/2631/2631 2633/2633/2633
f 2632/2632/2632 2634/2634/2634 2636/2636/2636
f 2637/2637/2637 2635/2635/2635 2633/2633/2633
f 2634/2634/2634 2638/2638/2638 2636/2636/2636
f 2638/2638/2638 2635/2635/2635 2637/2637/2637
f 2636/2636/2636 2638/2638/2638 2637/2637/2637
f 2641/2641/2641 2640/2640/2640 2639/2639/2639
f 2642/2642/2642 2641/2641/2641 2639/2639/2639
f 2639/2639/2639 2640/2640/2640 2643/2643/2643
f 2644/2644/2644 2641/2641/2641 2642/2642/2642
f 2640/2640/2640 2645/2645/2645 2643/2643/2643
f 2646/2646/2646 2644/2644/2644 2642/2642/2642
f 2643/2643/2643 2645/2645/2645 2647/2647/2647
f 2648/2648/2648 2644/2644/2644 2646/2646/2646
f 2645/2645/2645 2649/2649/2649 2647/2647/2647
f 2650/2650/2650 2648/2648/2648 2646/2646/2646
f 2647/2647/2647 2649/2649/2649 2650/2650/2650
f 2649/2649/2649 2648/2648/2648 2650/2650/2650
