g Bit_part01
v 1.9093399 3.55929732 10.3003979
v 1.36291862 3.37336159 10.3003979
v 1.74402404 3.39148712 10.3003979
v 2.13129044 3.97621179 10.3003979
v 1.22895563 4.34077168 10.3003979
v 1.099002 3.88669252 10.3003979
v 1.10136902 3.65108633 10.3003979
v 1.01395357 5.45416451 10.3003979
v 3.0593729 4.62777042 10.3003979
v 3.67097902 5.87479591 10.3000002
v 3.60519171 4.21646833 10.3003979
v 1.44029343 6.77605152 10.3000002
v 0.335609674 5.53745317 10.3003979
v -0.964113295 6.86001492 10.3000002
v 5.45889091 4.26495314 10.3000002
v -1.84897232 5.23042202 10.3003979
v -0.142354518 4.50914574 10.3003979
v -3.25223303 6.11655951 10.3000002
v -1.10607934 4.37369633 10.3003979
v -2.47808003 4.96338034 10.3003979
v -0.506357253 3.60287619 10.3003979
v -0.126112342 4.03711224 10.3003979
v -0.18537423 3.8091259 10.3003979
v -0.991582453 3.91547513 10.3003979
v -0.87173003 3.71261787 10.3003979
v -4.21646833 3.60519171 10.3003979
v -5.14808655 4.6353569 10.3000002
v -2.37785554 3.8338573 10.3003979
v -4.62776995 3.0593729 10.3003979
v -3.14474082 3.23469257 10.3003979
v -6.42300272 2.59506202 10.3000002
v -2.23995709 2.86700344 10.3003979
v -2.81647325 2.89510989 10.3003979
v -2.61124873 2.77935553 10.3003979
v -2.12777209 3.43318534 10.3003979
v -2.06510186 3.20611215 10.3003979
v -5.45416451 1.01395309 10.3003979
v -3.97621179 2.13128972 10.3003979
v -6.92321253 0.241762027 10.3000002
v -4.34077168 1.22895479 10.3003979
v -5.53745365 0.335609317 10.3003979
v -3.37336159 1.36291909 10.3003979
v -3.88669205 1.09900153 10.3003979
v -3.65108609 1.10136831 10.3003979
v -3.55929685 1.90933931 10.3003979
v -3.39148688 1.74402392 10.3003979
v -5.23042107 -1.84897256 10.3003979
v -6.58837938 -2.14069462 10.3000002
v -4.50914574 -0.142354995 10.3003979
v -4.96337986 -2.47808003 10.3003979
v -4.37369633 -1.10607934 10.3003979
v -5.45889139 -4.26495361 10.3000002
v -3.60287619 -0.506357491 10.3003979
v -4.03711176 -0.126112461 10.3003979
v -3.8091259 -0.185374588 10.3003979
v -3.91547513 -0.991582453 10.3003979
v -3.71261787 -0.87173003 10.3003979
v -3.60519171 -4.21646833 10.3003979
v -3.8338573 -2.37785554 10.3003979
v -3.67097926 -5.87479496 10.3000002
v -3.23469257 -3.14474082 10.3003979
v -3.0593729 -4.62777042 10.3003979
v -2.86700296 -2.23995733 10.3003979
v -3.43318534 -2.12777209 10.3003979
v -3.20611215 -2.06510186 10.3003979
v -2.89510965 -2.81647325 10.3003979
v -2.77935553 -2.61124873 10.3003979
v -1.01395309 -5.45416451 10.3003979
v -1.44029343 -6.77605152 10.3000002
v -2.13128972 -3.97621131 10.3003979
v -0.335609317 -5.53745365 10.3003979
v -1.22895479 -4.34077168 10.3003979
v 0.964113295 -6.86001492 10.3000002
v -1.36291838 -3.37336159 10.3003979
v -1.09900153 -3.88669205 10.3003979
v -1.10136831 -3.65108609 10.3003979
v -1.90933931 -3.55929685 10.3003979
v -1.74402368 -3.39148664 10.3003979
v 1.8489728 -5.23042154 10.3003979
v 0.142354995 -4.50914574 10.3003979
v 3.25223303 -6.11655951 10.3000002
v 1.10607934 -4.37369633 10.3003979
v 2.47808003 -4.96337986 10.3003979
v 0.506357014 -3.60287619 10.3003979
v 0.126112461 -4.03711176 10.3003979
v 0.185374588 -3.8091259 10.3003979
v 0.991582572 -3.91547489 10.3003979
v 0.87173003 -3.71261787 10.3003979
v 4.21646881 -3.60519123 10.3003979
v 5.14808702 -4.63535738 10.3000002
v 2.37785554 -3.8338573 10.3003979
v 4.6277709 -3.0593729 10.3003979
v 3.14474082 -3.23469281 10.3003979
v 6.42300415 -2.59506083 10.3000002
v 2.23995733 -2.86700273 10.3003979
v 2.81647325 -2.89510989 10.3003979
v 2.61124921 -2.77935624 10.3003979
v 2.12777209 -3.43318534 10.3003979
v 2.06510186 -3.20611215 10.3003979
v 5.45416451 -1.01395309 10.3003979
v 3.97621179 -2.13128996 10.3003979
v 6.92321205 -0.241762623 10.3000002
v 4.34077215 -1.22895479 10.3003979
v 5.53745365 -0.335609078 10.3003979
v 3.37336087 -1.36291993 10.3003979
v 3.88669229 -1.09900153 10.3003979
v 3.65108609 -1.10136831 10.3003979
v 3.55929732 -1.90933943 10.3003979
v 3.39148736 -1.74402404 10.3003979
v 5.23042202 1.84897232 10.3003979
v 6.58837986 2.14069557 10.3000002
v 4.50914526 0.142354876 10.3003979
v 4.96338034 2.47808003 10.3003979
v 3.8338573 2.37785554 10.3003979
v 4.37369633 1.1060791 10.3003979
v 3.23469281 3.14474082 10.3003979
v 3.60287595 0.506358087 10.3003979
v 4.03711176 0.126112461 10.3003979
v 3.80912519 0.185374826 10.3003979
v 3.91547513 0.991582453 10.3003979
v 3.7126174 0.871729553 10.3003979
v 2.86700368 2.23995662 10.3003979
v 3.43318534 2.12777209 10.3003979
v 3.20611262 2.06510186 10.3003979
v 2.89510989 2.81647325 10.3003979
v 2.77935624 2.61124873 10.3003979
v 2.47808003 -4.96337986 5.79999447
v 1.8489728 -5.23042154 5.79999447
v 1.8489728 -5.23042154 10.3003979
v 2.47808003 -4.96337986 10.3003979
v 2.40767884 -3.89211202 4.77568579
v 1.8489728 -5.23042154 5.79999447
v 2.47808003 -4.96337986 5.79999447
v 1.12712991 -4.43534231 4.77476883
v 2.12777209 -3.43318534 4.20760155
v 0.991582572 -3.91547489 4.2076025
v 1.4315325 -3.37245083 3.79925418
v 2.06510186 -3.20611215 3.96962357
v 2.24426198 -2.87251377 3.797822
v 0.87173003 -3.71261787 3.96957397
v 0.564559579 -3.60947394 3.80043793
v -0.335609317 -5.53745365 5.79999447
v -1.01395309 -5.45416451 5.79999447
v -1.01395309 -5.45416451 10.3003979
v -0.335609317 -5.53745365 10.3003979
v 0.139055327 -4.57450676 4.77568579
v -1.01395309 -5.45416451 5.79999447
v -0.335609317 -5.53745365 5.79999447
v -1.24154747 -4.40468454 4.77476931
v 0.126112461 -4.03711176 4.20760155
v -1.09900153 -3.88669205 4.2076025
v -0.146378383 -3.6504252 3.80043793
v 0.185374588 -3.8091259 3.96962357
v 0.452242106 -3.62525988 3.80043793
v -0.741061807 -3.57740855 3.80043793
v -1.10136831 -3.65108609 3.96957397
v -1.36553872 -3.37984443 3.79782104
v 4.6277709 -3.0593729 5.79999447
v 4.21646881 -3.60519123 5.79999447
v 4.21646881 -3.60519123 10.3003979
v 4.6277709 -3.0593729 10.3003979
v 4.03116703 -2.16682863 4.77568626
v 4.21646881 -3.60519123 5.79999447
v 4.6277709 -3.0593729 5.79999447
v 3.19379306 -3.27755356 4.77476692
v 3.55929732 -1.90933943 4.20760155
v 2.81647325 -2.89510989 4.2076025
v 3.08817148 -1.95198011 3.80043793
v 3.39148736 -1.74402404 3.96962357
v 3.36568856 -1.42097676 3.80043793
v 2.72759628 -2.4304831 3.80043793
v 2.61124921 -2.77935624 3.96957397
v 2.24426198 -2.87251377 3.797822
v 5.53745365 -0.335609078 5.79999447
v 5.45416451 -1.01395309 5.79999447
v 5.45416451 -1.01395309 10.3003979
v 5.53745365 -0.335609078 10.3003979
v 4.57450676 0.139055163 4.77568579
v 5.45416451 -1.01395309 5.79999447
v 5.53745365 -0.335609078 5.79999447
v 4.40468502 -1.24154747 4.77476931
v 4.03711176 0.126112461 4.20760155
v 3.88669229 -1.09900153 4.2076025
v 3.6363976 -0.446478099 3.79925823
v 3.80912519 0.185374826 3.96962357
v 3.60987902 0.507340908 3.79826713
v 3.65108609 -1.10136831 3.96957397
v 3.4081769 -1.31581366 3.80043793
v 3.0593729 4.62777042 5.79999447
v 3.60519171 4.21646833 5.79999447
v 3.60519171 4.21646833 10.3003979
v 3.0593729 4.62777042 10.3003979
v 2.47396922 4.28496456 5.16960144
v 3.60519171 4.21646833 5.79999447
v 3.0593729 4.62777042 5.79999447
v 3.2775538 3.1937933 4.7747674
v 2.13129044 3.97621179 4.70616913
v 1.9093399 3.55929732 4.20760155
v 2.89510989 2.81647325 4.2076025
v 2.20497012 2.92611504 3.79944992
v 1.74402404 3.39148712 3.96962357
v 1.36553943 3.37984443 3.797822
v 2.77935624 2.61124873 3.96957397
v 2.84361649 2.29365969 3.80043793
v 4.96338034 2.47808003 5.79999447
v 5.23042202 1.84897232 5.79999447
v 5.23042202 1.84897232 10.3003979
v 4.96338034 2.47808003 10.3003979
v 3.89211202 2.40767884 4.77568579
v 5.23042202 1.84897232 5.79999447
v 4.96338034 2.47808003 5.79999447
v 4.43534184 1.12712955 4.77476835
v 3.43318534 2.12777209 4.20760155
v 3.91547513 0.991582453 4.2076025
v 3.23455048 1.69844508 3.80043793
v 3.20611262 2.06510186 3.96962357
v 2.91344643 2.204283 3.80043793
v 3.46865845 1.14692581 3.80043793
v 3.7126174 0.871729553 3.96957397
v 3.60987902 0.507340908 3.79826713
v 0.335609674 5.53745317 5.79999447
v 1.01395357 5.45416451 5.79999447
v 1.01395357 5.45416451 10.3003979
v 0.335609674 5.53745317 10.3003979
v -0.139054775 4.57450724 4.77568579
v 1.01395357 5.45416451 5.79999447
v 0.335609674 5.53745317 5.79999447
v 1.2415483 4.40468407 4.77476835
v -0.126112342 4.03711224 4.20760155
v 1.099002 3.88669252 4.2076025
v 0.146378458 3.65042567 3.80043793
v -0.18537423 3.8091259 3.96962357
v -0.452242106 3.62525988 3.80043793
v 0.741061985 3.57740903 3.80043793
v 1.10136902 3.65108633 3.96957397
v 1.36553943 3.37984443 3.797822
v -2.47808003 4.96338034 5.79999447
v -1.84897232 5.23042202 5.79999447
v -1.84897232 5.23042202 10.3003979
v -2.47808003 4.96338034 10.3003979
v -2.40767884 3.89211202 4.77568579
v -1.84897232 5.23042202 5.79999447
v -2.47808003 4.96338034 5.79999447
v -1.12712991 4.43534231 4.77476835
v -2.12777209 3.43318534 4.20760155
v -0.991582453 3.91547513 4.2076025
v -1.43153191 3.3724544 3.79925823
v -2.06510186 3.20611215 3.96962357
v -2.24431038 2.87257671 3.79826784
v -0.87173003 3.71261787 3.96957397
v -0.564559877 3.60947466 3.80043793
v -5.53745365 0.335609317 5.79999447
v -5.45416451 1.01395309 5.79999447
v -5.45416451 1.01395309 10.3003979
v -5.53745365 0.335609317 10.3003979
v -4.57450676 -0.139055327 4.77568579
v -5.45416451 1.01395309 5.79999447
v -5.53745365 0.335609317 5.79999447
v -4.40468454 1.24154747 4.77476931
v -4.03711176 -0.126112461 4.20760155
v -3.88669205 1.09900153 4.2076025
v -3.63639593 0.446476489 3.79925561
v -3.8091259 -0.185374588 3.96962357
v -3.60980129 -0.507329285 3.797822
v -3.65108609 1.10136831 3.96957397
v -3.40817571 1.31581414 3.80043793
v -4.62776995 3.0593729 5.79999447
v -4.21646833 3.60519171 5.79999447
v -4.21646833 3.60519171 10.3003979
v -4.62776995 3.0593729 10.3003979
v -4.03116703 2.16682839 4.77568674
v -4.21646833 3.60519171 5.79999447
v -4.62776995 3.0593729 5.79999447
v -3.19379258 3.27755308 4.77476692
v -3.55929685 1.90933931 4.20760155
v -2.81647325 2.89510989 4.2076025
v -3.08817148 1.95198011 3.80043793
v -3.39148688 1.74402392 3.96962357
v -3.36568856 1.42097676 3.80043793
v -2.72759628 2.43048286 3.80043793
v -2.61124873 2.77935553 3.96957397
v -2.24431038 2.87257671 3.79826784
v -4.96337986 -2.47808003 5.79999447
v -5.23042107 -1.84897256 5.79999447
v -5.23042107 -1.84897256 10.3003979
v -4.96337986 -2.47808003 10.3003979
v -3.89211202 -2.40767884 4.77568531
v -5.23042107 -1.84897256 5.79999447
v -4.96337986 -2.47808003 5.79999447
v -4.43534279 -1.12713003 4.77476883
v -3.43318534 -2.12777209 4.20760155
v -3.91547513 -0.991582453 4.2076025
v -3.23454976 -1.69844508 3.80043793
v -3.20611215 -2.06510186 3.96962357
v -2.91344619 -2.20428371 3.80043793
v -3.46865869 -1.14692593 3.80043793
v -3.71261787 -0.87173003 3.96957397
v -3.60980129 -0.507329285 3.797822
v -3.0593729 -4.62777042 5.79999447
v -3.60519171 -4.21646833 5.79999447
v -3.60519171 -4.21646833 10.3003979
v -3.0593729 -4.62777042 10.3003979
v -2.16682863 -4.03116703 4.77568722
v -3.60519171 -4.21646833 5.79999447
v -3.0593729 -4.62777042 5.79999447
v -3.27755404 -3.19379354 4.77476788
v -1.90933931 -3.55929685 4.20760155
v -2.89510965 -2.81647325 4.2076025
v -2.20497561 -2.92611837 3.7994566
v -1.74402368 -3.39148664 3.96962357
v -1.36553872 -3.37984443 3.79782104
v -2.77935553 -2.61124873 3.96957397
v -2.84361625 -2.2936604 3.80043793
v -2.48477459 -1.03227472 3.80043983
v -2.89855027 -0.416913897 3.80042362
v -3.05008578 -1.48549807 3.80043983
v -3.23454976 -1.69844508 3.80043793
v -3.13835502 -1.71573234 3.80043316
v -3.03859782 -2.00067544 3.80041885
v -2.91344619 -2.20428371 3.80043793
v -2.84361625 -2.2936604 3.80043793
v -2.25029874 -2.46531415 3.80038643
v -2.20497561 -2.92611837 3.7994566
v -3.46865869 -1.14692593 3.80043793
v -3.60980129 -0.507329285 3.797822
v -3.63639593 0.446476489 3.79925561
v -3.26017499 0.716162026 3.80038643
v -3.40817571 1.31581414 3.80043793
v -0.970845878 -2.71902418 3.80035114
v -3.25193453 1.63116503 3.80041885
v -3.36568856 1.42097676 3.80043793
v -1.36553872 -3.37984443 3.79782104
v -3.08817148 1.95198011 3.80043793
v -3.05504656 1.86002791 3.80043316
v -2.81152105 1.8987025 3.80043983
v -2.72759628 2.43048286 3.80043793
v -0.741061807 -3.57740855 3.80043793
v -1.86932087 2.20028925 3.80035114
v -2.13636279 1.63574076 3.80043983
v -2.24431038 2.87257671 3.79826784
v -1.00987172 3.18147564 3.80038643
v -1.43153191 3.3724544 3.79925823
v -0.564559877 3.60947466 3.80043793
v -0.452242106 3.62525988 3.80043793
v -0.213336617 3.63184047 3.80041885
v 0.146378458 3.65042567 3.80043793
v 0.0833079517 3.57576203 3.80043316
v 0.238563716 3.38420177 3.80043983
v 0.741061985 3.57740903 3.80043793
v 1.08822429 2.71867514 3.80042362
v 0.348411262 2.66801524 3.80043983
v 1.36553943 3.37984443 3.797822
v 2.20497012 2.92611504 3.79944992
v 2.25029874 2.46531415 3.80038643
v 3.03859782 2.00067472 3.80041885
v 2.84361649 2.29365969 3.80043793
v 2.91344643 2.204283 3.80043793
v 3.23455048 1.69844508 3.80043793
v 3.13835502 1.71573234 3.80043316
v 3.05008578 1.48549807 3.80043983
v 2.84016705 0.518734574 3.80035114
v 2.48477459 1.03227401 3.80043983
v 3.46865845 1.14692581 3.80043793
v 3.60987902 0.507340908 3.79826713
v 3.26017451 -0.716163397 3.80038643
v 3.6363976 -0.446478099 3.79925823
v 3.4081769 -1.31581366 3.80043793
v 3.25193429 -1.6311655 3.80041885
v 3.36568856 -1.42097676 3.80043793
v 3.08817148 -1.95198011 3.80043793
v 3.05504656 -1.86002791 3.80043316
v 2.81152105 -1.8987025 3.80043983
v 1.81033301 -2.30176139 3.80042362
v 2.13636327 -1.63574076 3.80043983
v 2.72759628 -2.4304831 3.80043793
v 2.24426198 -2.87251377 3.797822
v 1.4315325 -3.37245083 3.79925418
v 1.00987267 -3.1814754 3.80038643
v 0.564559579 -3.60947394 3.80043793
v 0.213336617 -3.63184047 3.80041885
v 0.452242106 -3.62525988 3.80043793
v -0.146378383 -3.6504252 3.80043793
v -0.0833076835 -3.57576227 3.80043316
v -0.238563716 -3.38420177 3.80043983
v -0.348411858 -2.66801548 3.80043983
v -2.42496085 0.798891544 9.53674316E-06
v -2.11341572 0.479532242 0.200000763
v -1.51835191 0.465560824 9.53674316E-06
v -1.2742449 0.140485629 0.200000763
v -1.2742449 0.140485629 0.200000763
v -1.27916288 0.66347599 0.200000763
v -1.51835191 0.465560824 9.53674316E-06
v -1.1710875 1.17520225 0.200000763
v -1.23124337 1.57709038 9.53674316E-06
v -0.955113292 1.65154088 0.200000763
v -0.520619154 2.49952412 9.53674316E-06
v -0.641419947 2.07003832 0.200000763
v -2.11341572 0.479532242 0.300001144
v -2.11341572 0.479532242 0.200000763
v -1.90783262 -0.00138241053 0.300001144
v -1.90783262 -0.00138241053 0.200000763
v -1.60329843 -0.426590621 0.300001144
v -1.60329843 -0.426590621 0.200000763
v -1.21416926 -0.776049197 0.300001144
v -1.21416926 -0.776049197 0.200000763
v -0.758785963 -1.0332855 0.300001144
v -0.758785963 -1.0332855 0.200000763
v -1.2742449 0.140485629 0.300001144
v -2.11341572 0.479532242 0.200000763
v -2.11341572 0.479532242 0.300001144
v -1.2742449 0.140485629 0.200000763
v -1.90783262 -0.00138241053 0.200000763
v -2.11341572 0.479532242 0.200000763
v -2.42496085 0.798891544 9.53674316E-06
v -1.98142004 -0.277745992 9.53674316E-06
v -1.60329843 -0.426590621 0.200000763
v -1.16236305 -1.08215046 9.53674316E-06
v -1.21416926 -0.776049197 0.200000763
v -0.758785963 -1.0332855 0.200000763
v -1.27916288 0.66347599 0.200000763
v -1.2742449 0.140485629 0.200000763
v -1.2742449 0.140485629 0.300001144
v -1.27916288 0.66347599 0.300001144
v -1.1710875 1.17520225 0.200000763
v -1.1710875 1.17520225 0.300001144
v -0.955113292 1.65154088 0.200000763
v -0.955113292 1.65154088 0.300001144
v -0.641419947 2.07003832 0.200000763
v -0.641419947 2.07003832 0.300001144
v -1.2742449 0.140485629 0.300001144
v -2.11341572 0.479532242 0.300001144
v -1.90783262 -0.00138241053 0.300001144
v -1.60329843 -0.426590621 0.300001144
v -1.21416926 -0.776049197 0.300001144
v -0.758785963 -1.0332855 0.300001144
v 0.515457809 -1.17377138 0.300001144
v 1.2742449 -0.140485629 0.300001144
v 0.0649938136 -1.43952608 0.300001144
v -0.432210863 -1.60179281 0.300001144
v -0.952719569 -1.65292227 0.300001144
v -1.471995 -1.590505 0.300001144
v 1.27916288 -0.66347599 0.300001144
v 1.1710875 -1.17520225 0.300001144
v 0.955113292 -1.65154088 0.300001144
v 0.641419947 -2.07003832 0.300001144
v -0.515457809 1.17377138 0.300001144
v -1.27916288 0.66347599 0.300001144
v -1.1710875 1.17520225 0.300001144
v -0.955113292 1.65154088 0.300001144
v -0.641419947 2.07003832 0.300001144
v 0.758785963 1.0332855 0.300001144
v -0.0649938136 1.43952608 0.300001144
v 0.432210863 1.60179281 0.300001144
v 0.952719569 1.65292227 0.300001144
v 1.471995 1.590505 0.300001144
v 1.21416926 0.776049197 0.300001144
v 1.60329843 0.426590621 0.300001144
v 1.90783262 0.00138241053 0.300001144
v 2.11341572 -0.479532242 0.300001144
v -0.515457809 1.17377138 0.300001144
v -0.641419947 2.07003832 0.200000763
v -0.641419947 2.07003832 0.300001144
v -0.515457809 1.17377138 0.200000763
v -0.0649938136 1.43952608 0.200000763
v -0.515457809 1.17377138 0.200000763
v -0.515457809 1.17377138 0.300001144
v -0.0649938136 1.43952608 0.300001144
v 0.432210863 1.60179281 0.200000763
v 0.432210863 1.60179281 0.300001144
v 0.952719569 1.65292227 0.200000763
v 0.952719569 1.65292227 0.300001144
v 1.471995 1.590505 0.200000763
v 1.471995 1.590505 0.300001144
v -0.515457809 1.17377138 0.200000763
v -0.0649938136 1.43952608 0.200000763
v -0.355987459 1.54771161 9.53674316E-06
v 0.432210863 1.60179281 0.200000763
v 0.750176668 1.85483241 9.53674316E-06
v 0.952719569 1.65292227 0.200000763
v 1.90434074 1.70063186 9.53674316E-06
v 1.471995 1.590505 0.200000763
v -0.641419947 2.07003832 0.200000763
v -0.515457809 1.17377138 0.200000763
v -0.355987459 1.54771161 9.53674316E-06
v -0.520619154 2.49952412 9.53674316E-06
v 2.38157296 1.04256701 0.134077072
v 2.84016705 0.518734574 3.80035114
v 2.48477459 1.03227401 3.80043983
v 2.81392789 0.373918086 0.134077072
v 3.26017451 -0.716163397 3.80038643
v 3.10890126 -0.379545778 0.134077072
v 3.1818881 -0.905751705 0.134077072
v 3.25193429 -1.6311655 3.80041885
v 3.18721581 -1.55957448 0.136043429
v 3.03402257 -1.73266959 0.134077072
v 3.05504656 -1.86002791 3.80043316
v 2.86656952 -1.80504453 0.134077072
v 2.81152105 -1.8987025 3.80043983
v 2.69513702 -1.79039907 0.134077072
v 2.13636327 -1.63574076 3.80043983
v 2.09367585 -1.54121947 0.134077072
v 1.7307862 -2.24997425 0.134077072
v 2.13636327 -1.63574076 3.80043983
v 2.09367585 -1.54121947 0.134077072
v 1.81033301 -2.30176139 3.80042362
v 1.22575378 -2.88216066 0.134077072
v 1.00987267 -3.1814754 3.80038643
v 0.806539714 -3.20847178 0.134077072
v 0.213336617 -3.63184047 3.80041885
v 0.242975563 -3.53999805 0.136043504
v -0.0410568528 -3.47526717 0.152200848
v -0.0833076835 -3.57576227 3.80043316
v -0.238563716 -3.38420177 3.80043983
v -0.196103185 -3.26294279 0.134077072
v -0.348411858 -2.66801548 3.80043983
v -0.287896723 -2.58378601 0.134077072
v -0.952719569 -1.65292227 0.200000763
v -1.471995 -1.590505 0.200000763
v -1.90434074 -1.70063186 9.53674316E-06
v -0.750176668 -1.85483241 9.53674316E-06
v -0.432210863 -1.60179281 0.200000763
v 0.355987459 -1.54771161 9.53674316E-06
v 0.0649938136 -1.43952608 0.200000763
v 0.515457809 -1.17377138 0.200000763
v -1.90434074 -1.70063186 9.53674316E-06
v -1.471995 -1.590505 0.200000763
v -1.16236305 -1.08215046 9.53674316E-06
v -0.758785963 -1.0332855 0.200000763
v -0.758785963 -1.0332855 0.300001144
v -1.471995 -1.590505 0.200000763
v -1.471995 -1.590505 0.300001144
v -0.758785963 -1.0332855 0.200000763
v -1.471995 -1.590505 0.300001144
v -1.471995 -1.590505 0.200000763
v -0.952719569 -1.65292227 0.300001144
v -0.952719569 -1.65292227 0.200000763
v -0.432210863 -1.60179281 0.300001144
v -0.432210863 -1.60179281 0.200000763
v 0.0649938136 -1.43952608 0.300001144
v 0.0649938136 -1.43952608 0.200000763
v 0.515457809 -1.17377138 0.300001144
v 0.515457809 -1.17377138 0.200000763
v 0.641419947 -2.07003832 0.200000763
v 0.515457809 -1.17377138 0.200000763
v 0.355987459 -1.54771161 9.53674316E-06
v 0.520619154 -2.49952412 9.53674316E-06
v 0.515457809 -1.17377138 0.300001144
v 0.515457809 -1.17377138 0.200000763
v 0.641419947 -2.07003832 0.200000763
v 0.641419947 -2.07003832 0.300001144
v 0.641419947 -2.07003832 0.300001144
v 0.641419947 -2.07003832 0.200000763
v 0.955113292 -1.65154088 0.300001144
v 0.955113292 -1.65154088 0.200000763
v 1.1710875 -1.17520225 0.300001144
v 1.1710875 -1.17520225 0.200000763
v 1.27916288 -0.66347599 0.300001144
v 1.27916288 -0.66347599 0.200000763
v 1.2742449 -0.140485629 0.300001144
v 1.2742449 -0.140485629 0.200000763
v 0.955113292 -1.65154088 0.200000763
v 0.641419947 -2.07003832 0.200000763
v 0.520619154 -2.49952412 9.53674316E-06
v 1.23124349 -1.57709038 9.53674316E-06
v 1.1710875 -1.17520225 0.200000763
v 1.51835191 -0.465560824 9.53674316E-06
v 1.27916288 -0.66347599 0.200000763
v 1.2742449 -0.140485629 0.200000763
v 2.11341572 -0.479532242 0.200000763
v 1.2742449 -0.140485629 0.200000763
v 1.51835191 -0.465560824 9.53674316E-06
v 2.42496085 -0.798891544 9.53674316E-06
v 1.2742449 -0.140485629 0.300001144
v 1.2742449 -0.140485629 0.200000763
v 2.11341572 -0.479532242 0.200000763
v 2.11341572 -0.479532242 0.300001144
v 1.90783262 0.00138241053 0.200000763
v 2.11341572 -0.479532242 0.200000763
v 2.42496085 -0.798891544 9.53674316E-06
v 1.98142004 0.277745962 9.53674316E-06
v 1.60329843 0.426590621 0.200000763
v 1.16236305 1.08215034 9.53674316E-06
v 1.21416926 0.776049197 0.200000763
v 0.758785963 1.0332855 0.200000763
v 2.11341572 -0.479532242 0.300001144
v 2.11341572 -0.479532242 0.200000763
v 1.90783262 0.00138241053 0.300001144
v 1.90783262 0.00138241053 0.200000763
v 1.60329843 0.426590621 0.300001144
v 1.60329843 0.426590621 0.200000763
v 1.21416926 0.776049197 0.300001144
v 1.21416926 0.776049197 0.200000763
v 0.758785963 1.0332855 0.300001144
v 0.758785963 1.0332855 0.200000763
v 1.90434074 1.70063186 9.53674316E-06
v 1.471995 1.590505 0.200000763
v 1.16236305 1.08215034 9.53674316E-06
v 0.758785963 1.0332855 0.200000763
v 0.758785963 1.0332855 0.300001144
v 1.471995 1.590505 0.200000763
v 1.471995 1.590505 0.300001144
v 0.758785963 1.0332855 0.200000763
v 2.03576994 -1.41091752 9.53674316E-06
v 1.65739179 -2.1701715 0.000295894773
v 2.09367585 -1.54121947 0.134077072
v 1.7307862 -2.24997425 0.134077072
v 1.22575378 -2.88216066 0.134077072
v 1.09777701 -2.82299328 -6.59553843E-05
v 0.806539714 -3.20847178 0.134077072
v 0.236951247 -3.38966274 9.53674316E-06
v 0.242975563 -3.53999805 0.136043504
v 0.0966189206 -3.4695847 0.0340175629
v -0.0410568528 -3.47526717 0.152200848
v -0.119324833 -3.31102657 0.041009903
v -0.196103185 -3.26294279 0.134077072
v -0.0673652589 -3.17768145 9.53674316E-06
v -0.287896723 -2.58378601 0.134077072
v -0.190289676 -2.44703054 9.53674316E-06
v -1.86932087 2.20028925 3.80035114
v -2.13636279 1.63574076 3.80043983
v -2.09367609 1.541219 0.134077072
v -1.73078656 2.24997377 0.134077072
v -1.22575462 2.88216043 0.134077072
v -1.00987172 3.18147564 3.80038643
v -0.80654043 3.20847201 0.134077072
v -0.213336617 3.63184047 3.80041885
v -0.242976993 3.53999758 0.136043578
v -0.0164754987 3.49387527 0.134077072
v 0.0833079517 3.57576203 3.80043316
v 0.129929483 3.38504434 0.134077072
v 0.238563716 3.38420177 3.80043983
v 0.202962428 3.22925639 0.134077072
v 0.348411262 2.66801524 3.80043983
v 0.28789717 2.58378625 0.134077072
v 0.204005063 2.46848822 9.53674316E-06
v 0.900329769 2.53726411 -5.02217481E-05
v 0.28789717 2.58378625 0.134077072
v 0.999243915 2.62912631 0.134077072
v 1.895895 2.36219954 -6.59461293E-05
v 1.88314724 2.5026145 0.134077072
v 2.37534785 2.30271983 0.134077072
v 2.81705832 1.90003741 9.53674316E-06
v 2.94424009 1.98042238 0.136043549
v 2.95643878 1.8184669 0.0340175629
v 3.03019857 1.70207739 0.15220122
v 2.92709541 1.55217528 0.041009903
v 2.92384291 1.46164143 0.134077072
v 2.78636718 1.5330826 9.53674316E-06
v 2.38157296 1.04256701 0.134077072
v 2.23046517 1.07209837 3.24369539E-05
v 2.81392789 0.373918086 0.134077072
v 2.80410743 0.17332004 9.53674316E-06
v 3.10890126 -0.379545778 0.134077072
v 2.99458504 -0.467386961 1.08350105E-05
v 3.1818881 -0.905751705 0.134077072
v 3.06071067 -1.61989808 0.017038811
v 3.18721581 -1.55957448 0.136043429
v 3.03402257 -1.73266959 0.134077072
v 2.80957508 -1.76729989 0.0449253656
v 2.86656952 -1.80504453 0.134077072
v 2.72087216 -1.64652276 9.53674316E-06
v 2.69513702 -1.79039907 0.134077072
v 2.03576994 -1.41091752 9.53674316E-06
v 2.09367585 -1.54121947 0.134077072
v 2.48477459 1.03227401 3.80043983
v 2.92384291 1.46164143 0.134077072
v 2.38157296 1.04256701 0.134077072
v 3.05008578 1.48549807 3.80043983
v 3.03019857 1.70207739 0.15220122
v 3.13835502 1.71573234 3.80043316
v 3.03859782 2.00067472 3.80041885
v 2.94424009 1.98042238 0.136043549
v 2.37534785 2.30271983 0.134077072
v 2.25029874 2.46531415 3.80038643
v 1.88314724 2.5026145 0.134077072
v 1.08822429 2.71867514 3.80042362
v 0.999243915 2.62912631 0.134077072
v 0.348411262 2.66801524 3.80043983
v 0.28789717 2.58378625 0.134077072
v -0.965471745 -2.63123322 0.134077027
v -0.348411858 -2.66801548 3.80043983
v -0.287896723 -2.58378601 0.134077072
v -0.970845878 -2.71902418 3.80035114
v -1.88314676 -2.50261474 0.134077072
v -2.25029874 -2.46531415 3.80038643
v -2.37534785 -2.30272031 0.134077072
v -3.03859782 -2.00067544 3.80041885
v -2.9442389 -1.98042345 0.136043414
v -3.01754713 -1.76120603 0.134077072
v -3.13835502 -1.71573234 3.80043316
v -2.99649906 -1.58000028 0.134077072
v -3.05008578 -1.48549807 3.80043983
v -2.89809918 -1.43885779 0.134077072
v -2.48477459 -1.03227472 3.80043983
v -2.38157296 -1.0425669 0.134077072
v -0.287896723 -2.58378601 0.134077072
v -0.190289676 -2.44703054 9.53674316E-06
v -1.11889172 -2.53188062 0.000122577825
v -0.965471745 -2.63123322 0.134077027
v -1.88314676 -2.50261474 0.134077072
v -1.90424538 -2.3586328 1.42543649E-05
v -2.37534785 -2.30272031 0.134077072
v -2.93322229 -1.84070706 0.0170326754
v -2.9442389 -1.98042345 0.136043414
v -3.01754713 -1.76120603 0.134077072
v -2.9353137 -1.54951346 0.0449253134
v -2.99649906 -1.58000028 0.134077072
v -2.78636718 -1.5330826 9.53674316E-06
v -2.89809918 -1.43885779 0.134077072
v -2.23977542 -1.05756998 9.53674316E-06
v -2.38157296 -1.0425669 0.134077072
v -2.13636279 1.63574076 3.80043983
v -2.72773981 1.8013016 0.134077072
v -2.09367609 1.541219 0.134077072
v -2.81152105 1.8987025 3.80043983
v -2.9891417 1.77318943 0.15220125
v -3.05504656 1.86002791 3.80043316
v -3.25193453 1.63116503 3.80041885
v -3.18721581 1.55957532 0.136043191
v -3.18188787 0.905751586 0.134077072
v -3.26017499 0.716162026 3.80038643
v -3.10890102 0.379546076 0.134077072
v -2.73512554 -0.532454491 0.134077072
v -2.89855027 -0.416913897 3.80042362
v -2.48477459 -1.03227472 3.80043983
v -2.38157296 -1.0425669 0.134077072
v -2.38157296 -1.0425669 0.134077072
v -2.23977542 -1.05756998 9.53674316E-06
v -2.6475091 -0.488903821 -5.04747914E-05
v -2.73512554 -0.532454491 0.134077072
v -2.99367356 0.460797906 -6.59506695E-05
v -3.10890102 0.379546076 0.134077072
v -3.18188787 0.905751586 0.134077072
v -3.05400991 1.48962522 9.53674316E-06
v -3.18721581 1.55957532 0.136043191
v -3.05305791 1.65111744 0.0340175629
v -2.9891417 1.77318943 0.15220125
v -2.80777097 1.75885141 0.041009903
v -2.72087216 1.64652276 9.53674316E-06
v -2.72773981 1.8013016 0.134077072
v -2.0437274 1.39560795 3.13878554E-05
v -2.09367609 1.541219 0.134077072
v -1.55215335 2.34176826 9.53674316E-06
v -1.73078656 2.24997377 0.134077072
v -1.22575462 2.88216043 0.134077072
v -1.09252942 2.82707524 1.08210079E-05
v -0.80654043 3.20847201 0.134077072
v -0.127482489 3.46060252 0.0170388315
v -0.242976993 3.53999758 0.136043578
v -0.0164754987 3.49387527 0.134077072
v 0.125739217 3.31681275 0.0449253768
v 0.129929483 3.38504434 0.134077072
v 0.0654940307 3.1796062 9.53674316E-06
v 0.202962428 3.22925639 0.134077072
v 0.204005063 2.46848822 9.53674316E-06
v 0.28789717 2.58378625 0.134077072
v 2.47808003 -4.96337986 5.79999447
v 2.47808003 -4.96337986 10.3003979
v 2.37785554 -3.8338573 10.3003979
v 2.40767884 -3.89211202 4.77568579
v 2.12777209 -3.43318534 10.3003979
v 2.12777209 -3.43318534 4.20760155
v 2.06510186 -3.20611215 10.3003979
v 2.06510186 -3.20611215 3.96962357
v 2.23995733 -2.86700273 10.3003979
v 2.24426198 -2.87251377 3.797822
v 2.61124921 -2.77935624 3.96957397
v 2.61124921 -2.77935624 10.3003979
v 2.81647325 -2.89510989 4.2076025
v 2.81647325 -2.89510989 10.3003979
v 3.19379306 -3.27755356 4.77476692
v 3.14474082 -3.23469281 10.3003979
v 4.21646881 -3.60519123 5.79999447
v 4.21646881 -3.60519123 10.3003979
v 1.10607934 -4.37369633 10.3003979
v 1.8489728 -5.23042154 10.3003979
v 1.8489728 -5.23042154 5.79999447
v 1.12712991 -4.43534231 4.77476883
v 0.991582572 -3.91547489 10.3003979
v 0.991582572 -3.91547489 4.2076025
v 0.87173003 -3.71261787 10.3003979
v 0.87173003 -3.71261787 3.96957397
v 0.506357014 -3.60287619 10.3003979
v 0.564559579 -3.60947394 3.80043793
v 0.452242106 -3.62525988 3.80043793
v 0.185374588 -3.8091259 3.96962357
v 0.185374588 -3.8091259 10.3003979
v 0.126112461 -4.03711176 4.20760155
v 0.126112461 -4.03711176 10.3003979
v 0.139055327 -4.57450676 4.77568579
v 0.142354995 -4.50914574 10.3003979
v -0.335609317 -5.53745365 5.79999447
v -0.335609317 -5.53745365 10.3003979
v -1.22895479 -4.34077168 10.3003979
v -1.01395309 -5.45416451 10.3003979
v -1.01395309 -5.45416451 5.79999447
v -1.24154747 -4.40468454 4.77476931
v -1.09900153 -3.88669205 10.3003979
v -1.09900153 -3.88669205 4.2076025
v -1.10136831 -3.65108609 10.3003979
v -1.10136831 -3.65108609 3.96957397
v -1.36291838 -3.37336159 10.3003979
v -1.36553872 -3.37984443 3.79782104
v -1.74402368 -3.39148664 3.96962357
v -1.74402368 -3.39148664 10.3003979
v -1.90933931 -3.55929685 4.20760155
v -1.90933931 -3.55929685 10.3003979
v -2.16682863 -4.03116703 4.77568722
v -2.13128972 -3.97621131 10.3003979
v -3.0593729 -4.62777042 5.79999447
v -3.0593729 -4.62777042 10.3003979
v 4.6277709 -3.0593729 5.79999447
v 4.6277709 -3.0593729 10.3003979
v 3.97621179 -2.13128996 10.3003979
v 4.03116703 -2.16682863 4.77568626
v 3.55929732 -1.90933943 10.3003979
v 3.55929732 -1.90933943 4.20760155
v 3.39148736 -1.74402404 10.3003979
v 3.39148736 -1.74402404 3.96962357
v 3.37336087 -1.36291993 10.3003979
v 3.36568856 -1.42097676 3.80043793
v 3.4081769 -1.31581366 3.80043793
v 3.65108609 -1.10136831 3.96957397
v 3.65108609 -1.10136831 10.3003979
v 3.88669229 -1.09900153 4.2076025
v 3.88669229 -1.09900153 10.3003979
v 4.40468502 -1.24154747 4.77476931
v 4.34077215 -1.22895479 10.3003979
v 5.45416451 -1.01395309 5.79999447
v 5.45416451 -1.01395309 10.3003979
v 5.53745365 -0.335609078 5.79999447
v 5.53745365 -0.335609078 10.3003979
v 4.50914526 0.142354876 10.3003979
v 4.57450676 0.139055163 4.77568579
v 4.03711176 0.126112461 10.3003979
v 4.03711176 0.126112461 4.20760155
v 3.80912519 0.185374826 10.3003979
v 3.80912519 0.185374826 3.96962357
v 3.60287595 0.506358087 10.3003979
v 3.60987902 0.507340908 3.79826713
v 3.7126174 0.871729553 3.96957397
v 3.7126174 0.871729553 10.3003979
v 3.91547513 0.991582453 4.2076025
v 3.91547513 0.991582453 10.3003979
v 4.43534184 1.12712955 4.77476835
v 4.37369633 1.1060791 10.3003979
v 5.23042202 1.84897232 5.79999447
v 5.23042202 1.84897232 10.3003979
v 3.23469281 3.14474082 10.3003979
v 3.60519171 4.21646833 10.3003979
v 3.60519171 4.21646833 5.79999447
v 3.2775538 3.1937933 4.7747674
v 2.89510989 2.81647325 10.3003979
v 2.89510989 2.81647325 4.2076025
v 2.77935624 2.61124873 10.3003979
v 2.77935624 2.61124873 3.96957397
v 2.86700368 2.23995662 10.3003979
v 2.84361649 2.29365969 3.80043793
v 2.91344643 2.204283 3.80043793
v 3.20611262 2.06510186 3.96962357
v 3.20611262 2.06510186 10.3003979
v 3.43318534 2.12777209 4.20760155
v 3.43318534 2.12777209 10.3003979
v 3.89211202 2.40767884 4.77568579
v 3.8338573 2.37785554 10.3003979
v 4.96338034 2.47808003 5.79999447
v 4.96338034 2.47808003 10.3003979
v 0.335609674 5.53745317 5.79999447
v 0.335609674 5.53745317 10.3003979
v -0.142354518 4.50914574 10.3003979
v -0.139054775 4.57450724 4.77568579
v -0.126112342 4.03711224 10.3003979
v -0.126112342 4.03711224 4.20760155
v -0.18537423 3.8091259 10.3003979
v -0.18537423 3.8091259 3.96962357
v -0.506357253 3.60287619 10.3003979
v -0.452242106 3.62525988 3.80043793
v -0.564559877 3.60947466 3.80043793
v -0.87173003 3.71261787 3.96957397
v -0.87173003 3.71261787 10.3003979
v -0.991582453 3.91547513 4.2076025
v -0.991582453 3.91547513 10.3003979
v -1.12712991 4.43534231 4.77476835
v -1.10607934 4.37369633 10.3003979
v -1.84897232 5.23042202 5.79999447
v -1.84897232 5.23042202 10.3003979
v 1.22895563 4.34077168 10.3003979
v 1.01395357 5.45416451 10.3003979
v 1.01395357 5.45416451 5.79999447
v 1.2415483 4.40468407 4.77476835
v 1.099002 3.88669252 10.3003979
v 1.099002 3.88669252 4.2076025
v 1.10136902 3.65108633 10.3003979
v 1.10136902 3.65108633 3.96957397
v 1.36291862 3.37336159 10.3003979
v 1.36553943 3.37984443 3.797822
v 1.74402404 3.39148712 3.96962357
v 1.74402404 3.39148712 10.3003979
v 1.9093399 3.55929732 4.20760155
v 1.9093399 3.55929732 10.3003979
v 2.13129044 3.97621179 4.70616913
v 2.13129044 3.97621179 10.3003979
v 2.47396922 4.28496456 5.16960144
v 3.0593729 4.62777042 5.79999447
v 3.0593729 4.62777042 10.3003979
v -2.47808003 4.96338034 5.79999447
v -2.47808003 4.96338034 10.3003979
v -2.37785554 3.8338573 10.3003979
v -2.40767884 3.89211202 4.77568579
v -2.12777209 3.43318534 10.3003979
v -2.12777209 3.43318534 4.20760155
v -2.06510186 3.20611215 10.3003979
v -2.06510186 3.20611215 3.96962357
v -2.23995709 2.86700344 10.3003979
v -2.24431038 2.87257671 3.79826784
v -2.61124873 2.77935553 3.96957397
v -2.61124873 2.77935553 10.3003979
v -2.81647325 2.89510989 4.2076025
v -2.81647325 2.89510989 10.3003979
v -3.19379258 3.27755308 4.77476692
v -3.14474082 3.23469257 10.3003979
v -4.21646833 3.60519171 5.79999447
v -4.21646833 3.60519171 10.3003979
v -5.53745365 0.335609317 5.79999447
v -5.53745365 0.335609317 10.3003979
v -4.50914574 -0.142354995 10.3003979
v -4.57450676 -0.139055327 4.77568579
v -4.03711176 -0.126112461 10.3003979
v -4.03711176 -0.126112461 4.20760155
v -3.8091259 -0.185374588 10.3003979
v -3.8091259 -0.185374588 3.96962357
v -3.60287619 -0.506357491 10.3003979
v -3.60980129 -0.507329285 3.797822
v -3.71261787 -0.87173003 3.96957397
v -3.71261787 -0.87173003 10.3003979
v -3.91547513 -0.991582453 4.2076025
v -3.91547513 -0.991582453 10.3003979
v -4.43534279 -1.12713003 4.77476883
v -4.37369633 -1.10607934 10.3003979
v -5.23042107 -1.84897256 5.79999447
v -5.23042107 -1.84897256 10.3003979
v -4.34077168 1.22895479 10.3003979
v -5.45416451 1.01395309 10.3003979
v -5.45416451 1.01395309 5.79999447
v -4.40468454 1.24154747 4.77476931
v -3.88669205 1.09900153 10.3003979
v -3.88669205 1.09900153 4.2076025
v -3.65108609 1.10136831 10.3003979
v -3.65108609 1.10136831 3.96957397
v -3.37336159 1.36291909 10.3003979
v -3.40817571 1.31581414 3.80043793
v -3.36568856 1.42097676 3.80043793
v -3.39148688 1.74402392 3.96962357
v -3.39148688 1.74402392 10.3003979
v -3.55929685 1.90933931 4.20760155
v -3.55929685 1.90933931 10.3003979
v -4.03116703 2.16682839 4.77568674
v -3.97621179 2.13128972 10.3003979
v -4.62776995 3.0593729 5.79999447
v -4.62776995 3.0593729 10.3003979
v -4.96337986 -2.47808003 5.79999447
v -4.96337986 -2.47808003 10.3003979
v -3.8338573 -2.37785554 10.3003979
v -3.89211202 -2.40767884 4.77568531
v -3.43318534 -2.12777209 10.3003979
v -3.43318534 -2.12777209 4.20760155
v -3.20611215 -2.06510186 10.3003979
v -3.20611215 -2.06510186 3.96962357
v -2.86700296 -2.23995733 10.3003979
v -2.91344619 -2.20428371 3.80043793
v -2.84361625 -2.2936604 3.80043793
v -2.77935553 -2.61124873 3.96957397
v -2.77935553 -2.61124873 10.3003979
v -2.89510965 -2.81647325 4.2076025
v -2.89510965 -2.81647325 10.3003979
v -3.27755404 -3.19379354 4.77476788
v -3.23469257 -3.14474082 10.3003979
v -3.60519171 -4.21646833 5.79999447
v -3.60519171 -4.21646833 10.3003979
v 3.06071067 -1.61989808 0.017038811
v 2.42496085 -0.798891544 9.53674316E-06
v 2.72087216 -1.64652276 9.53674316E-06
v 2.99458504 -0.467386961 1.08350105E-05
v 2.80410743 0.17332004 9.53674316E-06
v 2.03576994 -1.41091752 9.53674316E-06
v 1.98142004 0.277745962 9.53674316E-06
v 1.51835191 -0.465560824 9.53674316E-06
v 1.23124349 -1.57709038 9.53674316E-06
v 1.65739179 -2.1701715 0.000295894773
v 2.23046517 1.07209837 3.24369539E-05
v 1.16236305 1.08215034 9.53674316E-06
v 0.520619154 -2.49952412 9.53674316E-06
v 1.90434074 1.70063186 9.53674316E-06
v 1.09777701 -2.82299328 -6.59553843E-05
v 2.78636718 1.5330826 9.53674316E-06
v 0.236951247 -3.38966274 9.53674316E-06
v -0.0673652589 -3.17768145 9.53674316E-06
v 2.81705832 1.90003741 9.53674316E-06
v 1.895895 2.36219954 -6.59461293E-05
v 0.900329769 2.53726411 -5.02217481E-05
v 0.750176668 1.85483241 9.53674316E-06
v -0.190289676 -2.44703054 9.53674316E-06
v 0.355987459 -1.54771161 9.53674316E-06
v -0.750176668 -1.85483241 9.53674316E-06
v -1.11889172 -2.53188062 0.000122577825
v 0.204005063 2.46848822 9.53674316E-06
v -0.355987459 1.54771161 9.53674316E-06
v -1.90434074 -1.70063186 9.53674316E-06
v -0.520619154 2.49952412 9.53674316E-06
v -1.90424538 -2.3586328 1.42543649E-05
v 0.0654940307 3.1796062 9.53674316E-06
v -2.93322229 -1.84070706 0.0170326754
v -2.78636718 -1.5330826 9.53674316E-06
v -0.127482489 3.46060252 0.0170388315
v -1.09252942 2.82707524 1.08210079E-05
v -1.55215335 2.34176826 9.53674316E-06
v -1.23124337 1.57709038 9.53674316E-06
v -2.23977542 -1.05756998 9.53674316E-06
v -1.16236305 -1.08215046 9.53674316E-06
v -1.98142004 -0.277745992 9.53674316E-06
v -2.6475091 -0.488903821 -5.04747914E-05
v -2.0437274 1.39560795 3.13878554E-05
v -1.51835191 0.465560824 9.53674316E-06
v -2.42496085 0.798891544 9.53674316E-06
v -2.99367356 0.460797906 -6.59506695E-05
v -2.72087216 1.64652276 9.53674316E-06
v -3.05400991 1.48962522 9.53674316E-06
v -5.75247812 -4.49432898 9.80000019
v -4.23935318 -6.78438568 10.5
v -3.86841011 -6.1907506 9.80000019
v -1.51775551 -7.14047718 9.80000019
v -6.30408669 -4.92529345 10.5
v -1.66329312 -7.82518196 10.5
v 1.11338544 -7.92214489 10.5
v 1.01596379 -7.22895718 9.80000019
v -6.94271183 -2.25582433 9.80000019
v -7.6084528 -2.47213721 10.5
v 3.75577283 -7.06358099 10.5
v 3.42714238 -6.44551706 9.80000019
v -7.99512577 0.2791951 10.5
v -7.29555273 0.254766583 9.80000019
v -6.76844168 2.73462844 9.80000019
v -7.41747189 2.99685216 10.5
v 5.4249568 -4.88465309 9.80000019
v 5.94515896 -5.35304499 10.5
v 7.41747189 -2.99685216 10.5
v 6.76844168 -2.7346282 9.80000019
v -5.4249568 4.88465309 9.80000019
v -5.94515896 5.35304499 10.5
v 7.99512577 -0.2791951 10.5
v 7.29555273 -0.254766583 9.80000019
v 6.94271183 2.25582433 9.80000019
v 7.6084528 2.47213721 10.5
v -3.75577283 7.06358099 10.5
v -3.42714238 6.44551706 9.80000019
v -1.01596379 7.22895718 9.80000019
v -1.11338544 7.92214489 10.5
v 5.75247812 4.49432898 9.80000019
v 6.30408669 4.92529345 10.5
v 1.51775551 7.14047718 9.80000019
v 1.66329312 7.82518196 10.5
v 4.23935318 6.78438568 10.5
v 3.86841011 6.1907506 9.80000019
v -1.01596379 7.22895718 9.80000019
v 1.45538163 6.84703302 9.80000019
v 1.51775551 7.14047718 9.80000019
v 3.86841011 6.1907506 9.80000019
v -0.974211752 6.93187666 9.80000019
v 3.70943499 5.93633652 9.80000019
v 5.51607609 4.30963039 9.80000019
v 5.75247812 4.49432898 9.80000019
v -3.42714238 6.44551706 9.80000019
v -3.2863009 6.18063307 9.80000019
v 6.65739536 2.16311884 9.80000019
v 6.94271183 2.25582433 9.80000019
v -5.20201349 4.68391418 9.80000019
v -5.4249568 4.88465309 9.80000019
v -6.76844168 2.73462844 9.80000019
v -6.4902873 2.62224627 9.80000019
v -7.29555273 0.254766583 9.80000019
v -6.99573565 0.244296178 9.80000019
v 7.29555273 -0.254766583 9.80000019
v 6.99573565 -0.244296178 9.80000019
v -6.94271183 -2.25582433 9.80000019
v -6.65739489 -2.16311884 9.80000019
v 6.4902873 -2.62224627 9.80000019
v 6.76844168 -2.7346282 9.80000019
v 5.4249568 -4.88465309 9.80000019
v 5.20201349 -4.68391418 9.80000019
v -5.51607609 -4.30963039 9.80000019
v -5.75247812 -4.49432898 9.80000019
v 3.42714238 -6.44551706 9.80000019
v 3.2863009 -6.18063307 9.80000019
v 0.974211752 -6.93187666 9.80000019
v 1.01596379 -7.22895718 9.80000019
v -3.86841011 -6.1907506 9.80000019
v -3.70943499 -5.93633652 9.80000019
v -1.45538163 -6.84703302 9.80000019
v -1.51775551 -7.14047718 9.80000019
v -6.65739489 -2.16311884 9.80000019
v -5.45889139 -4.26495361 10.3000002
v -6.58837938 -2.14069462 10.3000002
v -6.92321253 0.241762027 10.3000002
v -5.51607609 -4.30963039 9.80000019
v -6.99573565 0.244296178 9.80000019
v -3.67097926 -5.87479496 10.3000002
v -3.70943499 -5.93633652 9.80000019
v -1.45538163 -6.84703302 9.80000019
v -1.44029343 -6.77605152 10.3000002
v 0.974211752 -6.93187666 9.80000019
v 0.964113295 -6.86001492 10.3000002
v 3.2863009 -6.18063307 9.80000019
v 3.25223303 -6.11655951 10.3000002
v -6.42300272 2.59506202 10.3000002
v -6.4902873 2.62224627 9.80000019
v 5.20201349 -4.68391418 9.80000019
v 5.14808702 -4.63535738 10.3000002
v -5.20201349 4.68391418 9.80000019
v -5.14808655 4.6353569 10.3000002
v -3.25223303 6.11655951 10.3000002
v -3.2863009 6.18063307 9.80000019
v 6.42300415 -2.59506083 10.3000002
v 6.4902873 -2.62224627 9.80000019
v 6.99573565 -0.244296178 9.80000019
v 6.92321205 -0.241762623 10.3000002
v -0.964113295 6.86001492 10.3000002
v -0.974211752 6.93187666 9.80000019
v 1.45538163 6.84703302 9.80000019
v 1.44029343 6.77605152 10.3000002
v 3.70943499 5.93633652 9.80000019
v 3.67097902 5.87479591 10.3000002
v 5.51607609 4.30963039 9.80000019
v 5.45889091 4.26495314 10.3000002
v 6.65739536 2.16311884 9.80000019
v 6.58837986 2.14069557 10.3000002
v 4.17232656 -1.68572819 14.1000013
v 2.11262298 -3.97326326 14.1000004
v 0.626279235 -4.45620632 14.1000004
v -0.935602307 -4.40166426 14.1000004
v -2.3846364 -3.81621742 14.1000004
v -3.54604936 -2.77047801 14.1000004
v -4.27975512 -1.39057744 14.1000004
v -4.49725866 0.157047004 14.1000004
v -4.17232704 1.68572974 14.1000004
v -3.34415269 3.0110867 14.1000004
v -2.11262298 3.97326326 14.1000004
v -0.626279235 4.45620632 14.1000004
v 0.935602307 4.40166426 14.1000004
v 2.3846364 3.81621742 14.1000004
v 3.54604936 2.77047801 14.1000004
v 4.27975512 1.39057744 14.1000004
v 3.34415269 -3.0110867 14.1000004
v 4.49725866 -0.157047004 14.1000004
v 4.45048332 -1.79811108 13.8000002
v 4.79707527 -0.167517602 13.8000002
v 3.56709504 -3.21182704 13.8000002
v 4.27975512 1.39057744 14.1000004
v 2.25346398 -4.23814869 13.8000002
v 4.56507158 1.48328233 13.8000002
v 2.11262298 -3.97326326 14.1000004
v 3.54604936 2.77047801 14.1000004
v 0.668031216 -4.75328684 13.8000002
v 3.78245044 2.95517564 13.8000002
v 0.626279235 -4.45620632 14.1000004
v 2.3846364 3.81621742 14.1000004
v -0.997976005 -4.69510841 13.8000002
v 2.54361224 4.07063103 13.8000002
v -0.935602307 -4.40166426 14.1000004
v -2.54361224 -4.07063103 13.8000002
v -2.3846364 -3.81621742 14.1000004
v -3.78245044 -2.95517564 13.8000002
v -3.54604936 -2.77047801 14.1000004
v -4.56507158 -1.48328233 13.8000002
v -4.27975512 -1.39057744 14.1000004
v -4.79707527 0.167517602 13.8000002
v -4.49725866 0.157047004 14.1000004
v 0.935602307 4.40166426 14.1000004
v 0.997976005 4.69510841 13.8000002
v -4.45048332 1.79811108 13.8000002
v -4.17232704 1.68572974 14.1000004
v -0.668031216 4.75328684 13.8000002
v -0.626279235 4.45620632 14.1000004
v -2.11262298 3.97326326 14.1000004
v -2.25346398 4.23814869 13.8000002
v -3.34415269 3.0110867 14.1000004
v -3.56709504 3.21182704 13.8000002
v 4.56507158 1.48328233 13.8000002
v 4.56507158 1.48328233 12.2799997
v 4.79707527 -0.167517602 12.2799997
v 3.78245044 2.95517564 12.2799997
v 4.79707527 -0.167517602 13.8000002
v 3.78245044 2.95517564 13.8000002
v 4.45048332 -1.79811108 12.2799997
v 2.54361224 4.07063103 13.8000002
v 4.45048332 -1.79811108 13.8000002
v 2.54361224 4.07063103 12.2799997
v 3.56709504 -3.21182704 12.2799997
v 0.997976005 4.69510841 13.8000002
v 3.56709504 -3.21182704 13.8000002
v 0.997976005 4.69510841 12.2799997
v 2.25346398 -4.23814869 12.2799997
v -0.668031216 4.75328684 13.8000002
v 2.25346398 -4.23814869 13.8000002
v -0.668031216 4.75328684 12.2799997
v 0.668031216 -4.75328684 12.2799997
v 0.668031216 -4.75328684 13.8000002
v -0.997976005 -4.69510841 12.2799997
v -0.997976005 -4.69510841 13.8000002
v -2.25346398 4.23814869 13.8000002
v -2.25346398 4.23814869 12.2799997
v -2.54361224 -4.07063103 12.2799997
v -2.54361224 -4.07063103 13.8000002
v -3.78245044 -2.95517564 13.8000002
v -3.78245044 -2.95517564 12.2799997
v -3.56709504 3.21182704 12.2799997
v -3.56709504 3.21182704 13.8000002
v -4.45048332 1.79811108 13.8000002
v -4.45048332 1.79811108 12.2799997
v -4.79707527 0.167517602 13.8000002
v -4.79707527 0.167517602 12.2799997
v -4.56507158 -1.48328233 13.8000002
v -4.56507158 -1.48328233 12.2799997
v 7.41747189 -2.99685216 12
v 7.13931704 -2.88446999 12.2799997
v 7.69530916 -0.268725187 12.2799997
v 5.72221708 -5.15230513 12.2799997
v 7.99512577 -0.2791951 12
v 5.94515896 -5.35304499 12
v 7.32313538 2.37943172 12.2799997
v 3.75577283 -7.06358099 12
v 7.6084528 2.47213721 12
v 3.61493111 -6.79869604 12.2799997
v 6.06768274 4.74059439 12.2799997
v 1.11338544 -7.92214489 12
v 6.30408669 4.92529345 12
v 1.07163346 -7.62506437 12.2799997
v 4.08037806 6.52997065 12.2799997
v -1.66329312 -7.82518196 12
v 4.23935318 6.78438568 12
v -1.60091901 -7.53173733 12.2799997
v 1.60091901 7.53173733 12.2799997
v -4.23935318 -6.78438568 12
v 1.66329312 7.82518196 12
v -4.08037806 -6.52997065 12.2799997
v -1.07163346 7.62506437 12.2799997
v -1.11338544 7.92214489 12
v -3.61493111 6.79869604 12.2799997
v -3.75577283 7.06358099 12
v -5.72221708 5.15230513 12.2799997
v -5.94515896 5.35304499 12
v -7.13931704 2.88446999 12.2799997
v -7.41747189 2.99685216 12
v -7.69530916 0.268725187 12.2799997
v -7.99512577 0.2791951 12
v -6.30408669 -4.92529345 12
v -6.06768274 -4.74059439 12.2799997
v -7.32313538 -2.37943172 12.2799997
v -7.6084528 -2.47213721 12
v -6.30408669 -4.92529345 10.5
v -7.6084528 -2.47213721 12
v -6.30408669 -4.92529345 12
v -4.23935318 -6.78438568 12
v -7.6084528 -2.47213721 10.5
v -4.23935318 -6.78438568 10.5
v -7.99512577 0.2791951 10.5
v -1.66329312 -7.82518196 12
v -7.99512577 0.2791951 12
v -1.66329312 -7.82518196 10.5
v -7.41747189 2.99685216 10.5
v 1.11338544 -7.92214489 12
v -7.41747189 2.99685216 12
v 1.11338544 -7.92214489 10.5
v -5.94515896 5.35304499 10.5
v 3.75577283 -7.06358099 12
v -5.94515896 5.35304499 12
v 3.75577283 -7.06358099 10.5
v -3.75577283 7.06358099 10.5
v 5.94515896 -5.35304499 12
v -3.75577283 7.06358099 12
v 5.94515896 -5.35304499 10.5
v -1.11338544 7.92214489 10.5
v 7.41747189 -2.99685216 12
v -1.11338544 7.92214489 12
v 7.41747189 -2.99685216 10.5
v 1.66329312 7.82518196 10.5
v 1.66329312 7.82518196 12
v 7.99512577 -0.2791951 12
v 7.99512577 -0.2791951 10.5
v 4.23935318 6.78438568 12
v 4.23935318 6.78438568 10.5
v 6.30408669 4.92529345 10.5
v 6.30408669 4.92529345 12
v 7.6084528 2.47213721 10.5
v 7.6084528 2.47213721 12
v -2.54361224 -4.07063103 12.2799997
v -1.60091901 -7.53173733 12.2799997
v -4.08037806 -6.52997065 12.2799997
v -6.06768274 -4.74059439 12.2799997
v -0.997976005 -4.69510841 12.2799997
v -3.78245044 -2.95517564 12.2799997
v 1.07163346 -7.62506437 12.2799997
v -7.32313538 -2.37943172 12.2799997
v 0.668031216 -4.75328684 12.2799997
v -4.56507158 -1.48328233 12.2799997
v 3.61493111 -6.79869604 12.2799997
v -7.69530916 0.268725187 12.2799997
v 2.25346398 -4.23814869 12.2799997
v -4.79707527 0.167517602 12.2799997
v 5.72221708 -5.15230513 12.2799997
v -7.13931704 2.88446999 12.2799997
v 3.56709504 -3.21182704 12.2799997
v -4.45048332 1.79811108 12.2799997
v 7.13931704 -2.88446999 12.2799997
v -5.72221708 5.15230513 12.2799997
v 4.45048332 -1.79811108 12.2799997
v -3.56709504 3.21182704 12.2799997
v 7.69530916 -0.268725187 12.2799997
v -3.61493111 6.79869604 12.2799997
v 4.79707527 -0.167517602 12.2799997
v -2.25346398 4.23814869 12.2799997
v 7.32313538 2.37943172 12.2799997
v -1.07163346 7.62506437 12.2799997
v 4.56507158 1.48328233 12.2799997
v -0.668031216 4.75328684 12.2799997
v 1.60091901 7.53173733 12.2799997
v 0.997976005 4.69510841 12.2799997
v 4.08037806 6.52997065 12.2799997
v 2.54361224 4.07063103 12.2799997
v 6.06768274 4.74059439 12.2799997
v 3.78245044 2.95517564 12.2799997
vn -0 0 -1
vn -0 0 -1
vn -0 0 -1
vn -0 0 -1
vn -0 0 -1
vn -0 0 -1
vn -0 0 -1
vn -5.40635119E-05 -0.000215194159 -1
vn -0.000110500972 -0.000192570107 -1
vn -0.000149465966 -0.000250317098 -1
vn -0.000154272508 -0.000165124366 -1
vn -6.65157204E-05 -0.000283829635 -1
vn -0 -0.000226043892 -1
vn 4.00081153E-05 -0.000285757356 -1
vn -0.000227219381 -0.000177658963 -1
vn 6.59719881E-05 -0.000216286484 -1
vn -0 0 -1
vn 0.000142174948 -0.000254524493 -1
vn -0 0 -1
vn 0.000111572452 -0.000191870349 -1
vn -0 0 -1
vn -0 0 -1
vn -0 0 -1
vn -0 0 -1
vn -0 0 -1
vn 0.000157920571 -0.000154685811 -1
vn 0.000213211752 -0.000199445436 -1
vn -0 0 -1
vn 0.000193423242 -0.000116165189 -1
vn -0 0 -1
vn 0.000267035008 -0.0001080984 -1
vn -0 0 -1
vn -0 0 -1
vn -0 0 -1
vn -0 0 -1
vn -0 0 -1
vn 0.000220087895 -5.1162242E-05 -1
vn -0 0 -1
vn 0.000291486096 0 -1
vn -0 0 -1
vn 0.000221499839 0 -1
vn -0 0 -1
vn -0 0 -1
vn -0 0 -1
vn -0 0 -1
vn -0 0 -1
vn 0.000213657127 6.05079622E-05 -1
vn 0.000280034117 8.43841117E-05 -1
vn -0 0 -1
vn 0.000197726142 0.000109878405 -1
vn -0 0 -1
vn 0.000227663229 0.000177658992 -1
vn -0 0 -1
vn -0 0 -1
vn -0 0 -1
vn -0 0 -1
vn -0 0 -1
vn 0.000154164867 0.000165124424 -1
vn -0 0 -1
vn 0.000149466083 0.000250317215 -1
vn -0 0 -1
vn 0.000110500972 0.000192570049 -1
vn -0 0 -1
vn -0 0 -1
vn -0 0 -1
vn -0 0 -1
vn -0 0 -1
vn 5.40635483E-05 0.000215194392 -1
vn 6.6320652E-05 0.000283829955 -1
vn -0 0 -1
vn -0 0.000226044082 -1
vn -0 0 -1
vn -4.03458253E-05 0.000285757356 -1
vn -0 0 -1
vn -0 0 -1
vn -0 0 -1
vn -0 0 -1
vn -0 0 -1
vn -6.57358178E-05 0.000216286368 -1
vn -0 0 -1
vn -0.000142057412 0.000254524464 -1
vn -0 0 -1
vn -0.000110843954 0.00019187016 -1
vn -0 0 -1
vn -0 0 -1
vn -0 0 -1
vn -0 0 -1
vn -0 0 -1
vn -0.000159205563 0.000154686088 -1
vn -0.000212817089 0.00019944548 -1
vn -0 0 -1
vn -0.000194284396 0.00011616532 -1
vn -0 0 -1
vn -0.000267226598 0.000108098291 -1
vn -0 0 -1
vn -0 0 -1
vn -0 0 -1
vn -0 0 -1
vn -0 0 -1
vn -0.000220448797 5.11620383E-05 -1
vn -0 0 -1
vn -0.000291356264 0 -1
vn -0 0 -1
vn -0.000221591399 0 -1
vn -0 0 -1
vn -0 0 -1
vn -0 0 -1
vn -0 0 -1
vn -0 0 -1
vn -0.000213451698 -6.05082314E-05 -1
vn -0.00027887008 -8.43842063E-05 -1
vn -0 0 -1
vn -0.000196871828 -0.000109878645 -1
vn -0 0 -1
vn -0 0 -1
vn -0 0 -1
vn -0 0 -1
vn -0 0 -1
vn -0 0 -1
vn -0 0 -1
vn -0 0 -1
vn -0 0 -1
vn -0 0 -1
vn -0 0 -1
vn -0 0 -1
vn -0 0 -1
vn 0.390732795 -0.920504153 0
vn 0.390732765 -0.920504153 0
vn 0.390733063 -0.920503974 0
vn 0.390733123 -0.920503974 0
vn 0.281956196 -0.663588583 -0.692929208
vn 0.277899683 -0.654312253 -0.703311622
vn 0.277736276 -0.654301047 -0.703386605
vn 0.281872988 -0.663532555 -0.693016708
vn 0.308924675 -0.670014083 -0.675016046
vn 0.267422169 -0.687510729 -0.675140262
vn 0.290792853 -0.682273328 -0.670777559
vn 0.350780636 -0.597818792 -0.720808923
vn 0.349620283 -0.57049334 -0.743170857
vn 0.193092853 -0.674533904 -0.712544203
vn 0.179594412 -0.66055131 -0.728983998
vn -0.121867858 -0.99254638 0
vn -0.121867843 -0.99254638 0
vn -0.121867955 -0.99254638 0
vn -0.121867962 -0.99254638 0
vn -0.0876131877 -0.715662897 -0.692929029
vn -0.0864883587 -0.70560056 -0.703311801
vn -0.0866246745 -0.705509305 -0.703386605
vn -0.0876572132 -0.715572476 -0.693016827
vn -0.0719594359 -0.733453214 -0.675920248
vn -0.107501253 -0.728976607 -0.676044881
vn -0.0530475453 -0.73871088 -0.671931744
vn 0.0173030756 -0.712083101 -0.701881945
vn 0.0294104181 -0.69960922 -0.713920116
vn -0.129163101 -0.726915658 -0.674470484
vn -0.192849353 -0.680256844 -0.707149029
vn -0.205271855 -0.658433378 -0.724105716
vn 0.798636138 -0.60181427 0
vn 0.79863596 -0.601814389 0
vn 0.798637271 -0.60181272 0
vn 0.79863745 -0.601812541 0
vn 0.575975835 -0.433706462 -0.692929029
vn 0.567824483 -0.427700937 -0.703311682
vn 0.5676772 -0.427773207 -0.703386605
vn 0.575875819 -0.43369934 -0.693016648
vn 0.599209487 -0.429045618 -0.67592001
vn 0.577562034 -0.457586795 -0.676044703
vn 0.613218546 -0.415295929 -0.671931863
vn 0.62533325 -0.34105742 -0.701881886
vn 0.620583355 -0.324332267 -0.713922143
vn 0.564946175 -0.475316435 -0.674470246
vn 0.492694765 -0.507140517 -0.707149446
vn 0.467582881 -0.506986678 -0.724106789
vn 0.99254626 -0.121868148 0
vn 0.99254626 -0.121868268 0
vn 0.992546499 -0.12186715 0
vn 0.992546499 -0.121867023 0
vn 0.715662897 -0.0876128525 -0.692929089
vn 0.705600798 -0.086488083 -0.703311682
vn 0.705509305 -0.086624518 -0.703386605
vn 0.715572536 -0.0876568779 -0.693016708
vn 0.734711647 -0.0674699992 -0.675015926
vn 0.729112208 -0.112160973 -0.675140917
vn 0.736214399 -0.089282684 -0.670832992
vn 0.692829251 0.00502770348 -0.721084177
vn 0.668331265 0.0178084783 -0.743650556
vn 0.680709481 -0.170042351 -0.712544918
vn 0.661851346 -0.174740106 -0.728984714
vn 0.601813138 0.798636913 0
vn 0.601813138 0.798636973 0
vn 0.601813436 0.798636675 0
vn 0.601813495 0.798636675 0
vn 0.4286367 0.569085181 -0.701721191
vn 0.426676422 0.567785263 -0.703965306
vn 0.427003324 0.566655636 -0.704676867
vn 0.433631033 0.576151729 -0.692829967
vn 0.435412019 0.57733041 -0.690728545
vn 0.425807804 0.602565765 -0.674983144
vn 0.461693406 0.575347304 -0.67514044
vn 0.445480317 0.59298265 -0.670759916
vn 0.342339635 0.602671325 -0.720826447
vn 0.319262594 0.587992311 -0.743193388
vn 0.487598896 0.504488826 -0.712557673
vn 0.482230693 0.485811204 -0.729000032
vn 0.920503855 0.390733302 0
vn 0.920503855 0.390733451 0
vn 0.920504272 0.390732408 0
vn 0.920504391 0.390732288 0
vn 0.663588524 0.281956077 -0.692929327
vn 0.654312253 0.277899384 -0.703311801
vn 0.654301226 0.277735442 -0.703386664
vn 0.663532555 0.281873107 -0.693016827
vn 0.671169043 0.304407775 -0.67592001
vn 0.685063183 0.271389574 -0.676044464
vn 0.666266203 0.323414952 -0.671931624
vn 0.6080302 0.371026754 -0.701882184
vn 0.59117198 0.375275224 -0.713921666
vn 0.694064379 0.25152263 -0.67454499
vn 0.685410738 0.172881171 -0.707336009
vn 0.672567606 0.150962442 -0.72447443
vn 0.121867187 0.992546499 0
vn 0.121867172 0.992546499 0
vn 0.121867239 0.99254638 0
vn 0.121867247 0.99254638 0
vn 0.0876130536 0.715663075 -0.692928851
vn 0.0864877105 0.705600858 -0.703311682
vn 0.086623922 0.705509722 -0.703386426
vn 0.0876567587 0.715572774 -0.693016589
vn 0.0719590411 0.733453274 -0.675920188
vn 0.107500874 0.728976905 -0.676044583
vn 0.0530471839 0.738710105 -0.671932638
vn -0.0173040591 0.712082267 -0.70188278
vn -0.029410312 0.699606776 -0.713922501
vn 0.12916331 0.726915121 -0.674470961
vn 0.192850068 0.680256069 -0.707149506
vn 0.205273032 0.658430696 -0.724107683
vn -0.390732735 0.920504153 0
vn -0.390732765 0.920504153 0
vn -0.390732676 0.920504153 0
vn -0.390732646 0.920504153 0
vn -0.281956047 0.663588643 -0.692929149
vn -0.277899712 0.654312372 -0.703311503
vn -0.277735919 0.654301226 -0.703386664
vn -0.281873524 0.663532615 -0.693016469
vn -0.308924794 0.670013964 -0.675016224
vn -0.267422736 0.687510371 -0.67514044
vn -0.29078576 0.682222009 -0.670832932
vn -0.350768656 0.597494721 -0.721083522
vn -0.349589258 0.569888949 -0.743649125
vn -0.193093047 0.674532533 -0.712545395
vn -0.179594919 0.660548925 -0.728986025
vn -0.99254626 0.121868193 0
vn -0.99254626 0.121868312 0
vn -0.992546499 0.12186718 0
vn -0.992546499 0.121867061 0
vn -0.715663135 0.0876131877 -0.692928731
vn -0.705600381 0.0864883512 -0.703312039
vn -0.705508709 0.0866246149 -0.703387201
vn -0.715572655 0.0876571611 -0.693016589
vn -0.734712303 0.0674705729 -0.675015211
vn -0.729112506 0.112160861 -0.67514056
vn -0.736262083 0.0893022045 -0.670778036
vn -0.693117201 -0.00487519568 -0.720808387
vn -0.668871641 -0.0175331831 -0.743171155
vn -0.680708468 0.17004323 -0.712545633
vn -0.661848724 0.174742103 -0.728986621
vn -0.79863745 0.601812422 0
vn -0.79863745 0.601812363 0
vn -0.798637033 0.601812959 0
vn -0.798637033 0.601813018 0
vn -0.575975657 0.433706224 -0.692929149
vn -0.567824304 0.427700937 -0.703311801
vn -0.567676365 0.427773714 -0.703386903
vn -0.575876355 0.433698833 -0.693016469
vn -0.599209845 0.429044992 -0.675920069
vn -0.577562332 0.457586765 -0.676044464
vn -0.613218963 0.415295839 -0.671931446
vn -0.625334024 0.341056496 -0.701881766
vn -0.620584488 0.324334502 -0.713920176
vn -0.564857006 0.475316167 -0.674545169
vn -0.492423922 0.507142544 -0.707336664
vn -0.467020661 0.506979465 -0.724474609
vn -0.920504272 -0.390732497 0
vn -0.920504272 -0.390732497 0
vn -0.920504391 -0.390732408 0
vn -0.920504391 -0.390732408 0
vn -0.663588941 -0.281955987 -0.69292891
vn -0.654312551 -0.277899563 -0.703311443
vn -0.654301524 -0.277735561 -0.703386486
vn -0.663532495 -0.281873047 -0.693016708
vn -0.671168864 -0.304407775 -0.675920308
vn -0.685063064 -0.271389633 -0.676044703
vn -0.666265905 -0.32341513 -0.671931863
vn -0.60803014 -0.371026993 -0.701882005
vn -0.591172934 -0.375274152 -0.713921487
vn -0.694109738 -0.251599938 -0.674469471
vn -0.685545325 -0.173114404 -0.707148373
vn -0.672856331 -0.151443556 -0.724105775
vn -0.601813138 -0.798636913 0
vn -0.601813138 -0.798636973 0
vn -0.601813436 -0.798636675 0
vn -0.601813495 -0.798636675 0
vn -0.433706075 -0.575975955 -0.692929029
vn -0.427700579 -0.567824364 -0.703312039
vn -0.427772731 -0.567676663 -0.70338732
vn -0.433699042 -0.575876057 -0.693016589
vn -0.425784081 -0.602547109 -0.675014734
vn -0.461693347 -0.575347185 -0.675140619
vn -0.4454813 -0.592983246 -0.670758724
vn -0.342341274 -0.602670908 -0.72082603
vn -0.319264323 -0.587991297 -0.743193448
vn -0.487598628 -0.504489481 -0.712557375
vn -0.482230932 -0.485813528 -0.728998363
vn 1.24685866E-05 -1.71181182E-05 -1
vn 0.00221468904 -0.000183624434 -0.999997616
vn 2.30362402E-05 -1.31853049E-05 -1
vn -3.95131065E-05 1.11216086E-05 -1
vn -4.36079936E-05 3.95623902E-05 -1
vn -0.00375543023 -0.00241653551 -0.999990106
vn -0.000550093653 -0.000451209751 -0.999999762
vn -3.59340047E-05 0.000208061479 -1
vn 0.000416846015 0.0019032018 -0.999998093
vn 0.00034515353 0.00245655212 -0.999996901
vn 0.00119929819 -0.000955252675 -0.999998808
vn 0.00375973992 -0.000803244649 -0.999992609
vn 0.00270954077 0.000942692976 -0.999995947
vn 0.00229225517 0.000673397444 -0.999997139
vn 0.000236764346 0.00015321454 -1
vn 0.00116674881 0.00142453564 -0.999998331
vn -0.0039476282 0.00208168733 -0.999990106
vn -0.000707675063 0.000278121908 -0.999999762
vn 0.00210991129 0.00256835739 -0.999994516
vn -0 4.19379066E-05 -1
vn 1.30991966E-05 5.65520058E-05 -1
vn -3.46600027E-05 -1.74163924E-05 -1
vn -0.000419275486 -0.00125311082 -0.999999166
vn 0.00155826914 0.000328090973 -0.999998808
vn 0.000487223966 -0.00152130448 -0.999998808
vn -5.14992898E-05 -0.000132661546 -1
vn 0.000678050448 -0.00263104029 -0.999996305
vn 0.00153703988 -0.00133662496 -0.999997973
vn 0.0019157409 -0.001582884 -0.999996901
vn 0.00118127558 -0.00110528094 -0.999998689
vn 0.00117456773 -0.00107384613 -0.999998808
vn -3.36599114E-05 0.00432955194 -0.999990702
vn 3.36020748E-05 3.10305222E-05 -1
vn 5.82746725E-05 1.69894738E-05 -1
vn -0 0 -1
vn -0.00143302302 -0.000566446513 -0.999998808
vn -0.00120082998 -0.00179901312 -0.999997735
vn -2.13744897E-05 0 -1
vn -0.00248105358 -0.0028942104 -0.999992728
vn -0.000471120467 -0.00241900282 -0.99999702
vn -0.000957767072 -0.00212657917 -0.999997258
vn 0.0039455411 0.0023696844 -0.99998939
vn 0.00453789439 0.00308476831 -0.99998498
vn 0.00453873724 0.00308414781 -0.99998498
vn -0.000289502321 0.000345870358 -0.999999881
vn 4.39223986E-05 -3.95624375E-05 -1
vn -0.000123075704 0.000106625506 -1
vn -0.0014252835 0.000197360598 -0.999999046
vn -8.87370479E-05 0.000111077541 -1
vn -0.0012807647 0.00141907029 -0.999998212
vn -0.00198977487 9.96759118E-05 -0.999998093
vn -0.00233195815 -0.000761507428 -0.99999702
vn -0.00255824439 -0.000924027641 -0.999996305
vn -0.000237662622 -0.000152974957 -1
vn 0.0039469339 -0.00208168942 -0.999990106
vn 0.000649017631 -0.000278138119 -0.999999762
vn -0 -4.00360877E-05 -1
vn -1.43579637E-05 -5.6551904E-05 -1
vn -0 2.5815174E-05 -1
vn -0.000948125671 0.0020102819 -0.999997616
vn -0 2.04443986E-05 -1
vn 0.000228349672 0.00151520583 -0.999998808
vn -0.00118370366 0.00365825812 -0.999992609
vn -0.00217192131 0.00187688076 -0.999995947
vn -0.00173092436 0.00165089255 -0.999997139
vn -0.000254730636 0.000132567104 -1
vn -0 -0.000508347468 -0.999999881
vn -1.51039139E-05 -0.000587013725 -0.999999881
vn -1.51039139E-05 -0.000587013725 -0.999999881
vn -0 0.000170980697 -1
vn 3.41546001E-05 0 -1
vn 0.000141556869 2.15840028E-05 -1
vn -0.248788178 -0.6766662 -0.692984343
vn -0.250630617 -0.669821322 -0.698944688
vn -0.256608605 -0.646623194 -0.718352675
vn -0.258368611 -0.639485657 -0.724088192
vn 0.638505936 0.006004503 -0.769593537
vn 0.68625778 -0.101588361 -0.720229208
vn 0.675131738 -0.0593797006 -0.735303462
vn 0.723302782 -0.209436014 -0.658004344
vn 0.643733859 -0.318207741 -0.695952952
vn 0.607431471 -0.406461418 -0.682507277
vn 0.611371279 -0.464377642 -0.640764117
vn 0.62338686 -0.467272431 -0.626933277
vn 0.919506907 0.393074036 0
vn 0.919506907 0.393074006 0
vn 0.871401668 0.490570396 0
vn 0.871401668 0.490570337 0
vn 0.744982839 0.667083621 0
vn 0.744982898 0.667083621 0
vn 0.58344692 0.812151253 0
vn 0.58344692 0.812151253 0
vn 0.491833717 0.870689094 0
vn 0.491833836 0.870689094 0
vn -0.374606043 -0.927184105 0
vn -0.374606222 -0.927184105 0
vn -0.374606222 -0.927184105 0
vn -0.374606073 -0.927184105 0
vn 0.655722082 0.322820604 -0.682506621
vn 0.716363311 0.3062343 -0.626932323
vn 0.707848668 0.297275394 -0.640763223
vn 0.59744221 0.398386568 -0.69595319
vn 0.543027401 0.521680534 -0.658005118
vn 0.388990015 0.554992259 -0.735302925
vn 0.431107879 0.54352361 -0.720227778
vn 0.31405285 0.555965364 -0.769592881
vn 0.99506712 -0.0992042497 0
vn 0.999955773 0.00940312725 0
vn 0.999955773 0.00940319523 0
vn 0.99506712 -0.0992041901 0
vn 0.950202823 -0.311632365 0
vn 0.950202823 -0.311632335 0
vn 0.860546947 -0.509371102 0
vn 0.860546947 -0.509371042 0
vn 0.800164998 -0.599779963 0
vn 0.800165057 -0.599779904 0
vn -0 0 -1
vn -0 0 -1
vn -0 0 -1
vn -0 0 -1
vn -0 0 -1
vn -0 0 -1
vn -0 0 -1
vn -0 0 -1
vn -0 0 -1
vn -0 0 -1
vn -0 0 -1
vn -0 0 -1
vn -0 0 -1
vn -0 0 -1
vn -0 0 -1
vn -0 0 -1
vn -0 0 -1
vn -0 0 -1
vn -0 0 -1
vn -0 0 -1
vn -0 0 -1
vn -0 0 -1
vn -0 0 -1
vn -0 0 -1
vn -0 0 -1
vn -0 0 -1
vn -0 0 -1
vn -0 0 -1
vn -0 0 -1
vn -0 0 -1
vn -0.990268052 -0.139173165 0
vn -0.990268052 -0.139173135 0
vn -0.990268052 -0.139173135 0
vn -0.990268052 -0.13917318 0
vn 0.411620229 -0.911355495 0
vn 0.508121908 -0.86128521 0
vn 0.508121789 -0.86128521 0
vn 0.411620229 -0.911355495 0
vn 0.205219179 -0.978716075 0
vn 0.205219179 -0.978716075 0
vn -0.0108553134 -0.999941111 0
vn -0.0108553069 -0.999941111 0
vn -0.119341627 -0.992853224 0
vn -0.119341627 -0.992853224 0
vn 0.324453801 -0.549961209 -0.769592345
vn 0.255151421 -0.64511162 -0.720228255
vn 0.28614229 -0.614372075 -0.735302269
vn 0.180274621 -0.731117725 -0.658002913
vn 0.0462910645 -0.716594517 -0.695952237
vn -0.0482902601 -0.729282618 -0.682506382
vn -0.0964765325 -0.761651754 -0.640764117
vn -0.092975758 -0.7735039 -0.626934707
vn -0.705397308 -0.11785797 -0.698945045
vn -0.682994485 -0.0959886461 -0.724088848
vn -0.688295782 -0.101081647 -0.718353212
vn -0.710403979 -0.122876041 -0.692984641
vn 0.837591588 0.545638561 -0.0268096253
vn 0.888790309 0.457946002 -0.0183688402
vn 0.822100699 0.568934262 -0.0215434264
vn 0.897075653 0.44139266 -0.0206872281
vn 0.986427844 0.163180009 -0.0182304233
vn 0.96919167 0.245432138 -0.0207504481
vn 0.997313917 0.0695332363 -0.0230231453
vn 0.93500638 -0.353727013 -0.0253024362
vn 0.937051535 -0.348409116 -0.0233566705
vn 0.588227808 -0.80810523 -0.0308879409
vn 0.48819381 -0.872326732 -0.0267005898
vn 0.15824534 -0.986908078 -0.0311583783
vn -0.104570478 -0.994311094 -0.0202619396
vn -0.238954544 -0.97075808 -0.0230098311
vn -0.365080774 -0.93083185 -0.0163750332
vn -0.382672578 -0.923681259 -0.0193577074
vn 0.8403126 -0.541557789 -0.0242856462
vn 0.896805644 -0.441705942 -0.0252056513
vn 0.889892578 -0.455634147 -0.0221075639
vn 0.829512119 -0.558140337 -0.0197238568
vn 0.703003883 -0.710724235 -0.0256233495
vn 0.621337771 -0.783358932 -0.0169714615
vn 0.558875382 -0.828932047 -0.0230230391
vn 0.160473973 -0.986685991 -0.0264348201
vn 0.162643775 -0.98640722 -0.0234071221
vn -0.549877703 -0.834726334 -0.029436579
vn -0.511654794 -0.858681738 -0.0295791626
vn -0.912955463 -0.407449305 -0.0223015994
vn -0.93031925 -0.365929127 -0.0245349351
vn -0.98861444 -0.149529427 -0.0168055929
vn -0.990802288 -0.133914918 -0.0194301885
vn 0.0482902601 0.729282618 -0.682506382
vn 0.092975758 0.7735039 -0.626934707
vn 0.0964765325 0.761651754 -0.640764117
vn -0.0462910645 0.716594517 -0.695952237
vn -0.180274621 0.731117725 -0.658002913
vn -0.28614229 0.614372075 -0.735302269
vn -0.255151421 0.64511162 -0.720228255
vn -0.324453801 0.549961209 -0.769592345
vn 0.461616307 -0.553790092 -0.692984045
vn 0.454767108 -0.551963329 -0.698944449
vn 0.431687415 -0.545541465 -0.718352556
vn 0.424626052 -0.543497026 -0.724088252
vn 0.615661204 -0.788010955 0
vn 0.615661144 -0.788011014 0
vn 0.615661144 -0.788011014 0
vn 0.615661204 -0.788011014 0
vn 0.119341627 0.992853224 0
vn 0.119341627 0.992853224 0
vn 0.0108553069 0.999941111 0
vn 0.0108553134 0.999941111 0
vn -0.205219179 0.978716075 0
vn -0.205219179 0.978716075 0
vn -0.411620229 0.911355495 0
vn -0.411620229 0.911355495 0
vn -0.508121789 0.86128521 0
vn -0.508121908 0.86128521 0
vn 0.705397308 0.11785797 -0.698945045
vn 0.682994485 0.0959886461 -0.724088848
vn 0.688295782 0.101081647 -0.718353212
vn 0.710403979 0.122876041 -0.692984641
vn 0.990268052 0.139173165 0
vn 0.990268052 0.13917318 0
vn 0.990268052 0.139173135 0
vn 0.990268052 0.139173135 0
vn -0.800165057 0.599779904 0
vn -0.800164998 0.599779963 0
vn -0.860546947 0.509371042 0
vn -0.860546947 0.509371102 0
vn -0.950202823 0.311632335 0
vn -0.950202823 0.311632365 0
vn -0.99506712 0.0992041901 0
vn -0.99506712 0.0992042497 0
vn -0.999955773 -0.00940319523 0
vn -0.999955773 -0.00940312725 0
vn -0.607431412 0.406461418 -0.682507396
vn -0.62338686 0.467272431 -0.626933277
vn -0.611371279 0.464377671 -0.640764117
vn -0.64373368 0.318207651 -0.695953071
vn -0.723302603 0.209435895 -0.658004522
vn -0.675131679 0.0593796857 -0.735303462
vn -0.68625778 0.101588361 -0.720229208
vn -0.638505936 -0.006004503 -0.769593537
vn 0.250630617 0.669821322 -0.698944688
vn 0.258368611 0.639485657 -0.724088192
vn 0.256608605 0.646623194 -0.718352675
vn 0.248788178 0.6766662 -0.692984343
vn 0.374606043 0.927184105 0
vn 0.374606073 0.927184105 0
vn 0.374606222 0.927184105 0
vn 0.374606222 0.927184105 0
vn -0.655722022 -0.322820634 -0.682506621
vn -0.716363311 -0.3062343 -0.626932323
vn -0.707848668 -0.297275394 -0.640763223
vn -0.597442269 -0.398386568 -0.695953131
vn -0.543027341 -0.521680474 -0.658005118
vn -0.388990074 -0.554992378 -0.735302746
vn -0.431108087 -0.543523908 -0.72022748
vn -0.314052969 -0.555965543 -0.769592762
vn -0.919506907 -0.393074036 0
vn -0.919506907 -0.393074006 0
vn -0.871401668 -0.490570396 0
vn -0.871401668 -0.490570337 0
vn -0.744982839 -0.667083621 0
vn -0.744982898 -0.667083621 0
vn -0.58344692 -0.812151253 0
vn -0.58344692 -0.812151253 0
vn -0.491833717 -0.870689094 0
vn -0.491833836 -0.870689094 0
vn -0.461616218 0.553789914 -0.692984283
vn -0.454767048 0.551963151 -0.698944688
vn -0.431687236 0.545541227 -0.718352914
vn -0.424625784 0.543496728 -0.72408849
vn -0.615661204 0.788010955 0
vn -0.615661144 0.788011014 0
vn -0.615661144 0.788011014 0
vn -0.615661204 0.788011014 0
vn 0.69190073 -0.345051676 -0.63420248
vn 0.659861624 -0.417670161 -0.624607384
vn 0.693727672 -0.346967429 -0.631154001
vn 0.656113565 -0.432873309 -0.618171275
vn 0.505578935 -0.510379314 -0.695631266
vn 0.472940266 -0.523982227 -0.708357275
vn 0.364428133 -0.547911346 -0.752984226
vn 0.187093616 -0.528321564 -0.828174114
vn 0.176582038 -0.739983439 -0.649032474
vn -0.174511954 -0.638016522 -0.749986947
vn -0.486981273 -0.724349558 -0.48802346
vn -0.601459026 -0.323956132 -0.730273664
vn -0.763926268 -0.205628797 -0.611664534
vn -0.547920704 -0.117039956 -0.828302264
vn -0.731051266 -0.119826093 -0.671718478
vn -0.7376737 -0.124105938 -0.663652897
vn -0.83725661 0.546457112 -0.0196472593
vn -0.896035314 0.443286508 -0.0248554628
vn -0.896035314 0.443286508 -0.0248554628
vn -0.834556818 0.550579369 -0.0194247141
vn -0.697146833 0.716628075 -0.0207503755
vn -0.634531915 0.772681534 -0.0182304401
vn -0.558875501 0.828931868 -0.023023013
vn -0.161166787 0.986602783 -0.0253025182
vn -0.166793063 0.98571521 -0.0233564973
vn 0.405727446 0.913472116 -0.0308879055
vn 0.511358202 0.85895282 -0.0267007723
vn 0.77556473 0.630498707 -0.0311585553
vn 0.913383067 0.406596452 -0.0202620849
vn 0.960178494 0.278438151 -0.0230099279
vn 0.988664448 0.149246559 -0.0163750406
vn 0.991267622 0.130436704 -0.0193576925
vn -0.0770199075 0.779251277 -0.621960938
vn 0.00894745719 0.816154242 -0.577764928
vn -0.074162364 0.787538052 -0.611787438
vn 0.0713400468 0.791935444 -0.606422901
vn 0.20690842 0.677199006 -0.706109345
vn 0.172697306 0.688547611 -0.704327822
vn 0.292291462 0.589560449 -0.75298351
vn 0.364090264 0.426344603 -0.828051031
vn 0.552553654 0.522916555 -0.649032176
vn 0.639793456 0.167876571 -0.749987841
vn 0.87079531 -0.0595627017 -0.488024414
vn 0.613190889 -0.316093832 -0.72393471
vn 0.600404978 -0.526783884 -0.601674795
vn 0.402759701 -0.397237033 -0.824613452
vn 0.630606771 -0.0841122717 -0.771531045
vn 0.625187337 -0.102900721 -0.773661554
vn 0.677493751 0.386574715 -0.62574929
vn 0.748915613 0.32685253 -0.576448441
vn 0.707840383 0.170284912 -0.685539901
vn 0.693391681 0.130711854 -0.708606005
vn 0.637610853 0.0318367817 -0.769700527
vn 0.581356525 -0.443706632 -0.68201834
vn 0.718345225 -0.181604296 -0.671565354
vn 0.459560692 -0.698643744 -0.548361957
vn 0.0198131111 -0.699657083 -0.714204073
vn 0.196249545 -0.851627886 -0.486020565
vn -0.086894013 -0.402685851 -0.911204517
vn -0.258702308 -0.801151276 -0.539657056
vn -0.295019746 -0.719769716 -0.628406584
vn -0.308942795 -0.745304406 -0.590826333
vn 0.623803794 -0.781400323 -0.0168056581
vn 0.782062709 -0.622716546 -0.0245348588
vn 0.611375391 -0.791102111 -0.0194300879
vn 0.809337258 -0.586920738 -0.0223015826
vn 0.997832954 -0.0588453785 -0.0294366851
vn 0.999467671 -0.0137692457 -0.0295789372
vn 0.774258256 0.632317483 -0.0264345258
vn 0.772930861 0.634058297 -0.0234073028
vn 0.438438684 0.898466229 -0.0230231341
vn 0.367740035 0.929773808 -0.0169713888
vn 0.260560632 0.96509558 -0.0264332853
vn 0.0695647001 0.997408092 -0.0183801763
vn 0.0374073386 0.998990238 -0.0248822533
vn -0.0677292943 0.997447729 -0.0226028059
vn -0.0635940433 0.997736096 -0.021871835
vn -0.0339732915 -0.999156475 -0.0230681896
vn 0.0802911818 -0.996494114 -0.0235104319
vn 0.0698374435 -0.997321069 -0.0217593312
vn -0.0525249019 -0.998458862 -0.0179184135
vn -0.258017242 -0.965829432 -0.0245092362
vn -0.35950017 -0.933006167 -0.016096795
vn -0.438438237 -0.898466408 -0.0230230242
vn -0.773839593 -0.632875979 -0.0253023598
vn -0.770257652 -0.637304902 -0.023356609
vn -0.993953645 -0.105366744 -0.0308879912
vn -0.999553978 0.0133766672 -0.0267007109
vn -0.933810651 0.356408268 -0.0311585478
vn -0.808812201 0.587717891 -0.0202620607
vn -0.72122401 0.692319512 -0.0230098832
vn -0.623583138 0.781585515 -0.0163750947
vn -0.608595669 0.793244421 -0.0193577055
vn 0.0647406206 -0.727178037 -0.683389127
vn 0.0658994317 -0.722123086 -0.688618481
vn -0.0760518014 -0.825709403 -0.558945537
vn 0.0107825939 -0.79719615 -0.603624046
vn -0.199288487 -0.696494102 -0.689333022
vn -0.22849986 -0.665499747 -0.710561693
vn -0.291269273 -0.568207085 -0.769612074
vn -0.674937427 -0.281628281 -0.682015419
vn -0.516458571 -0.531307459 -0.671552658
vn -0.834819496 -0.0486710295 -0.548367918
vn -0.615828812 0.332673997 -0.714200914
vn -0.83565557 0.255857497 -0.48602131
vn -0.305291355 0.276600569 -0.911202133
vn -0.564466834 0.624619007 -0.539655745
vn -0.475829244 0.615380168 -0.62840569
vn -0.49098134 0.640205026 -0.590825796
vn 0.364811152 0.93092984 -0.0168056898
vn 0.148255244 0.988644719 -0.0245348178
vn 0.379427254 0.925017595 -0.0194300096
vn 0.103618458 0.994367063 -0.0223015938
vn -0.447957247 0.893570244 -0.0294367298
vn -0.487810373 0.872448325 -0.0295789521
vn -0.93473196 0.354368865 -0.0264346264
vn -0.9355762 0.352348328 -0.0234075226
vn -0.997313797 -0.0695343837 -0.0230232943
vn -0.986374497 -0.163183585 -0.0208922122
vn -0.969126284 -0.245419651 -0.0237344652
vn -0.888779342 -0.45789358 -0.0201181285
vn -0.892310202 -0.450975329 -0.0200918
vn -0.826069474 -0.563199997 -0.0203721207
vn -0.826069474 -0.563199997 -0.0203721207
vn -0.640296161 -0.457096606 -0.617319703
vn -0.636340797 -0.456322163 -0.621964991
vn -0.685493588 -0.369132221 -0.627566636
vn -0.688449264 -0.367420673 -0.625331759
vn -0.707670152 -0.16376029 -0.687303066
vn -0.714081347 -0.201277032 -0.670503855
vn -0.656721354 -0.041648414 -0.752982318
vn -0.551270545 0.102138713 -0.828051031
vn -0.729136169 0.217067018 -0.649031878
vn -0.465282887 0.470139831 -0.749986947
vn -0.383816123 0.783913314 -0.488021493
vn -0.032850828 0.689088821 -0.723931968
vn 0.142637327 0.547423244 -0.824610472
vn 0.156005204 0.783361971 -0.601669729
vn -0.219683975 0.59118247 -0.7760427
vn -0.236689463 0.585592806 -0.775279999
vn -0.616568327 0.473274559 -0.629169822
vn -0.659591556 0.389056236 -0.643097341
vn -0.53713119 0.540210962 -0.647813439
vn -0.493682414 0.547595143 -0.675586522
vn -0.346376032 0.536266804 -0.769702256
vn 0.0935833603 0.725322723 -0.682018399
vn -0.201898187 0.712907493 -0.671565294
vn 0.375263274 0.747312188 -0.548362911
vn 0.596015394 0.366986334 -0.714203596
vn 0.639406085 0.595771015 -0.48602137
vn 0.392182022 0.126090676 -0.911204934
vn 0.823169768 0.176533118 -0.53965497
vn 0.770848334 0.104389951 -0.62840724
vn 0.799923778 0.105099566 -0.590826571
vn 0.996914268 0.0784582421 0.00250977231
vn 0.996914268 0.0784582421 0.00250977231
vn 0.949222624 0.314604133 0.000762050797
vn 0.909346223 0.416039646 0.000630985305
vn 0.915791214 0.401654303 -0.000475829293
vn 0.943889022 0.330262899 0
vn 0.994659603 -0.103210077 0
vn 0.95971489 -0.280974597 0.000727989594
vn 0.615695238 -0.787984371 4.12058507E-05
vn 0.61568588 -0.787990928 0.0010753735
vn 0.0405320227 -0.999177992 0.00072801474
vn -0.140405089 -0.990094125 0
vn -0.548802912 -0.835951746 0
vn -0.611245453 -0.791440964 -0.000469933206
vn -0.623760939 -0.78161484 0.000629027607
vn -0.534900188 -0.844914854 0.000764345517
vn -0.317329198 -0.948312163 0.00250146887
vn -0.317329198 -0.948312163 0.00250146887
vn -0.885694623 -0.464267462 0.000764228695
vn -0.748971641 -0.662597358 0.00250147237
vn -0.748971641 -0.662597358 0.00250147237
vn -0.931000412 -0.365017593 0.000629022834
vn -0.925073922 -0.379786789 -0.000470041443
vn -0.893252671 -0.44955492 0
vn -0.616639674 -0.787245452 0
vn -0.49115631 -0.871070385 -0.00139153202
vn 0.13921769 -0.990261853 -5.38657478E-05
vn -0.0506400131 -0.998716831 0.000560265558
vn 0.323994249 -0.946058929 0.000560479471
vn 0.712281883 -0.701892078 -0.00139127567
vn 0.80979687 -0.586710334 0
vn 0.982563436 -0.185927704 0
vn 0.99392575 -0.1100519 -0.000475815672
vn 0.995536804 -0.0943725556 0.000630967203
vn 0.979353011 -0.202156216 0.000762029318
vn 0.902582288 -0.430510044 0.00250970107
vn 0.902582288 -0.430510044 0.00250970107
vn -0.999167919 0.0407797247 0.000764274097
vn -0.979927182 -0.19934012 0.00250151544
vn -0.979927182 -0.19934012 0.00250151544
vn -0.98877883 0.149385139 0.00062903564
vn -0.991030931 0.133631706 -0.000470019935
vn -0.998356998 0.0573004484 0
vn -0.927648544 -0.373454243 0
vn -0.845047534 -0.534690678 0.000728044484
vn -0.374566764 -0.92719996 4.12044355E-05
vn -0.374577284 -0.927195072 0.00107532006
vn 0.23652631 -0.971624792 0.000727887498
vn 0.407947272 -0.913005531 0
vn 0.757960439 -0.652300656 0
vn 0.805738509 -0.592271149 -0.00047585112
vn 0.814973652 -0.579497576 0.000630988972
vn 0.747066557 -0.664748788 0.000762034848
vn 0.566404283 -0.82412374 0.00250978838
vn 0.566404283 -0.82412374 0.00250978838
vn 0.824123502 0.566404641 0.00250976603
vn 0.824123502 0.566404641 0.00250976603
vn 0.664749026 0.747066379 0.000762046839
vn 0.579497457 0.814973831 0.00063098385
vn 0.592271745 0.805738091 -0.000475829758
vn 0.652300775 0.7579602 0
vn 0.913004935 0.407948524 0
vn 0.963997185 0.265908748 -0.00139118941
vn 0.927200794 -0.374564618 -5.38610329E-05
vn 0.981307268 -0.192446679 0.000560594839
vn 0.839592159 -0.543217063 0.000560377724
vn 0.508792818 -0.860887825 -0.00139145192
vn 0.37345475 -0.927648425 0
vn -0.0573003776 -0.998356998 0
vn -0.133631751 -0.991030931 -0.000470020081
vn -0.149384916 -0.988778949 0.000629035872
vn -0.0407796763 -0.999167919 0.000764274329
vn 0.19934018 -0.979927182 0.00250151614
vn 0.19934018 -0.979927182 0.00250151614
vn 0.430509895 0.902582407 0.00250974763
vn 0.430509895 0.902582407 0.00250974763
vn 0.202156305 0.979353011 0.000762051262
vn 0.0943727344 0.995536804 0.000630979601
vn 0.110052496 0.993925631 -0.000475817302
vn 0.185927242 0.982563436 0
vn 0.586711586 0.809796035 0
vn 0.723230183 0.690606713 0.000736188609
vn 0.990261972 0.139216736 4.16741459E-05
vn 0.990263104 0.139204249 0.00108759629
vn 0.885607958 -0.464433014 0.000736329937
vn 0.787245989 -0.616639137 0
vn 0.449554145 -0.893253148 0
vn 0.379787475 -0.925073564 -0.00047002011
vn 0.365017325 -0.931000531 0.000629028713
vn 0.464267164 -0.885694861 0.000764262106
vn 0.662596881 -0.748972118 0.00250149216
vn 0.662596881 -0.748972118 0.00250149216
vn 0.844914675 -0.534900546 0.000764288066
vn 0.948312044 -0.317329764 0.00250144885
vn 0.948312044 -0.317329764 0.00250144885
vn 0.781614661 -0.623761296 0.000629019807
vn 0.791441262 -0.611245096 -0.000469976221
vn 0.835952342 -0.548802078 0
vn 0.990094364 -0.140404016 0
vn 0.99994719 0.0101823704 -0.00139149069
vn 0.787983418 0.615696549 -5.3863434E-05
vn 0.890233219 0.455504715 0.0005603155
vn 0.657312989 0.753617525 0.000560529879
vn 0.251715422 0.96780026 -0.00139123271
vn 0.103208795 0.994659722 0
vn -0.330263734 0.943888724 0
vn -0.401654243 0.915791214 -0.000475807115
vn -0.416039854 0.909346104 0.000630990777
vn -0.314603686 0.949222863 0.000762082695
vn -0.0784581378 0.996914268 0.00250978768
vn -0.0784581378 0.996914268 0.00250978768
vn -0.902582228 0.430510193 0.00250974507
vn -0.902582228 0.430510193 0.00250974507
vn -0.979352891 0.202156663 0.000762048236
vn -0.995536685 0.0943731293 0.000630978611
vn -0.99392575 0.110051535 -0.00047581867
vn -0.982563555 0.18592672 0
vn -0.809797108 0.586710036 0
vn -0.712281942 0.701892018 -0.00139121152
vn -0.139217138 0.990261972 -5.38601744E-05
vn -0.323990375 0.946060181 0.000560515444
vn 0.0506429859 0.998716712 0.000560359564
vn 0.491155326 0.871070802 -0.00139136717
vn 0.616639972 0.787245214 0
vn 0.893253028 0.449554145 0
vn 0.925073981 0.37978664 -0.000469998224
vn 0.931000292 0.365017653 0.000629024755
vn 0.885694742 0.464267313 0.00076427561
vn 0.748971999 0.662596881 0.00250147167
vn 0.748971999 0.662596881 0.00250147167
vn 0.999167919 -0.0407797061 0.000764296798
vn 0.979927063 0.199340343 0.00250151381
vn 0.979927063 0.199340343 0.00250151381
vn 0.98877877 -0.149386063 0.000629035872
vn 0.991031051 -0.133631602 -0.000469998777
vn 0.998356998 -0.0572999455 0
vn 0.927648664 0.373454213 0
vn 0.845047653 0.53469044 0.000728043728
vn 0.374566585 0.927200079 4.12048394E-05
vn 0.374576837 0.927195251 0.00107534765
vn -0.236527011 0.971624672 0.000727923878
vn -0.407947868 0.913005233 0
vn -0.759592533 0.650399327 0
vn -0.805927098 0.59201473 0
vn -0.839379787 0.543545306 0
vn -0.749258637 0.662276983 0.000869759941
vn -0.628514707 0.777782679 0.00482652057
vn -0.524727941 0.851137519 0.0150154028
vn -0.574586868 0.818443596 0
vn -0.996914268 -0.0784582123 0.00250976579
vn -0.996914268 -0.0784582123 0.00250976579
vn -0.949222624 -0.314604133 0.000762047479
vn -0.909346223 -0.416039646 0.000630983675
vn -0.915791214 -0.401654303 -0.000475829293
vn -0.943889022 -0.330262899 0
vn -0.994659603 0.103209771 0
vn -0.959697664 0.281033456 0.000736222893
vn -0.615696907 0.787983119 4.16765542E-05
vn -0.615687132 0.787989974 0.00108764111
vn -0.0405946337 0.99917537 0.000736357993
vn 0.140404001 0.990094364 0
vn 0.548804641 0.835950613 0
vn 0.611245692 0.791440666 -0.000469976629
vn 0.623761356 0.781614661 0.000629013579
vn 0.534900367 0.844914854 0.000764275901
vn 0.317329884 0.948311925 0.00250142557
vn 0.317329884 0.948311925 0.00250142557
vn -0.430510223 -0.902582228 0.00250973389
vn -0.430510223 -0.902582228 0.00250973389
vn -0.202156395 -0.979353011 0.000762047304
vn -0.0943725631 -0.995536804 0.000630975934
vn -0.1100519 -0.99392575 -0.000475814653
vn -0.185927451 -0.982563436 0
vn -0.58671093 -0.809796393 0
vn -0.723187268 -0.690651536 0.000727949082
vn -0.990261972 -0.139216736 4.12072477E-05
vn -0.990262866 -0.139205933 0.00107540993
vn -0.885580182 0.464485973 0.000728104904
vn -0.787245214 0.616639972 0
vn -0.449553967 0.893253207 0
vn -0.379786789 0.925073922 -0.000470019411
vn -0.36501801 0.931000292 0.00062903564
vn -0.464267761 0.885694563 0.000764275494
vn -0.662597597 0.748971343 0.00250151684
vn -0.662597597 0.748971343 0.00250151684
vn 0.0407792553 0.999167919 0.000764275668
vn -0.19934018 0.979927182 0.00250151614
vn -0.19934018 0.979927182 0.00250151614
vn 0.149385035 0.98877883 0.000629035989
vn 0.133631364 0.991031051 -0.000470018684
vn 0.0573004112 0.998356998 0
vn -0.373454481 0.927648544 0
vn -0.508791268 0.860888779 -0.00139146263
vn -0.927200139 0.374566346 -5.38639906E-05
vn -0.839595616 0.543211639 0.000560292858
vn -0.981308639 0.192439944 0.000560470275
vn -0.963997602 -0.265907407 -0.0013912688
vn -0.913005233 -0.407947898 0
vn -0.652300715 -0.7579602 0
vn -0.592270732 -0.805738866 -0.000475829205
vn -0.579497397 -0.814973831 0.000630978844
vn -0.664749086 -0.747066379 0.000762037176
vn -0.824123979 -0.566403866 0.00250974554
vn -0.824123979 -0.566403866 0.00250974554
vn 0.0784581676 -0.996914268 0.00250978861
vn 0.0784581676 -0.996914268 0.00250978861
vn 0.314603746 -0.949222744 0.000762083277
vn 0.416039407 -0.909346342 0.00063099066
vn 0.401654303 -0.915791214 -0.000475807115
vn 0.330262601 -0.943889022 0
vn -0.103209615 -0.994659603 0
vn -0.251717031 -0.967799902 -0.00139129884
vn -0.787983239 -0.615696669 -5.38630447E-05
vn -0.657313585 -0.753616929 0.00056046719
vn -0.890233099 -0.455504864 0.000560343615
vn -0.99994719 -0.0101816189 -0.0013914007
vn -0.990094483 0.140403092 0
vn -0.835950434 0.54880482 0
vn -0.791441441 0.611244798 -0.000469976745
vn -0.781614482 0.623761415 0.000629031274
vn -0.844914854 0.534900188 0.000764309312
vn -0.948311925 0.317329764 0.00250149169
vn -0.948311925 0.317329764 0.00250149169
vn 0.0334559418 0.00517668668 -0.999426842
vn 0.00508328155 -0.00276260218 -0.999983311
vn 0.0326070264 0.0113832392 -0.999403358
vn 0.00315075624 -0.00541003188 -0.99998045
vn -0 0 -1
vn 1.7150398E-05 -8.30337012E-05 -1
vn -0 1.7723889E-05 -1
vn -0 0 -1
vn 0.00014523782 -0.000226709424 -1
vn 0.000194635082 -0.000173529974 -1
vn -0 0 -1
vn 2.14336542E-05 0 -1
vn 2.74065969E-05 4.53321627E-05 -1
vn -0 -6.84461847E-05 -1
vn 3.26954578E-05 0.000291720644 -1
vn -0 -1.51582881E-05 -1
vn -3.86871834E-05 1.23287628E-05 -1
vn -0 0 -1
vn -0 -3.9635459E-05 -1
vn -1.26274363E-05 -0.00011425816 -1
vn -4.537735E-05 -8.39152926E-05 -1
vn -2.5768848E-05 -5.4373013E-05 -1
vn -2.18592922E-05 -2.06666173E-05 -1
vn -0 0 -1
vn -4.67663158E-05 -9.04301414E-05 -1
vn -1.93011856E-05 -0.000107164247 -1
vn -1.60891559E-05 -1.43198176E-05 -1
vn -0 0 -1
vn -0.00490746973 -0.00302695855 -0.99998343
vn -0.000149185114 0.00578360632 -0.999983311
vn -0.00623183791 0 -0.999980569
vn -0.0261618178 0.0225469656 -0.999403358
vn -0.0122430474 -0.0315313078 -0.999427736
vn -0.00644296827 -0.0339175984 -0.999403834
vn -0.0212112721 0.0263854414 -0.999426842
vn 0.00310975523 0.00543361157 -0.99998045
vn -0 0 -1
vn -1.85046556E-05 0 -1
vn 2.05318629E-05 0 -1
vn -0 0 -1
vn 6.02262153E-05 0 -1
vn 9.56519434E-05 0 -1
vn -0 1.09150351E-05 -1
vn -0 1.80378738E-05 -1
vn 5.71835408E-05 3.67340108E-05 -1
vn 0.000105191619 4.63292308E-05 -1
vn 1.39004833E-05 0 -1
vn 2.99975836E-05 2.7318727E-05 -1
vn -0.55720675 -0.43533811 -0.707107723
vn -0.37470898 -0.599660218 -0.707107306
vn -0.37470907 -0.599660277 -0.707107246
vn -0.147015825 -0.691653907 -0.707107544
vn -0.557206869 -0.435337991 -0.707107604
vn -0.147015661 -0.691653788 -0.707107723
vn 0.0984104946 -0.700224936 -0.707106948
vn 0.0984103009 -0.700225055 -0.707106888
vn -0.672498107 -0.218507528 -0.707107306
vn -0.672498286 -0.218507469 -0.707107127
vn 0.33196637 -0.624337971 -0.707107067
vn 0.331966192 -0.624337912 -0.707107246
vn -0.706675947 0.0246775821 -0.707106829
vn -0.706675887 0.0246778727 -0.707106829
vn -0.655617774 0.264886707 -0.707107008
vn -0.655617893 0.26488623 -0.707107008
vn 0.525482714 -0.47314629 -0.707107067
vn 0.525483012 -0.47314623 -0.707106948
vn 0.655617774 -0.2648862 -0.707107186
vn 0.655617595 -0.264886618 -0.707107186
vn -0.525482714 0.473146319 -0.707107067
vn -0.525483012 0.47314623 -0.707106948
vn 0.706675589 -0.0246776491 -0.707107186
vn 0.70667547 -0.0246779528 -0.707107246
vn 0.672497809 0.218507513 -0.707107544
vn 0.672497928 0.218507603 -0.707107425
vn -0.331966311 0.624337792 -0.707107186
vn -0.331966072 0.624337673 -0.707107425
vn -0.0984103233 0.700224936 -0.707107008
vn -0.0984105095 0.700224996 -0.707106948
vn 0.557207286 0.435337931 -0.707107365
vn 0.557207406 0.435337991 -0.707107246
vn 0.147015661 0.691653907 -0.707107663
vn 0.147015482 0.691653788 -0.707107723
vn 0.374708742 0.599660218 -0.707107425
vn 0.374708861 0.599660277 -0.707107365
vn -0 0 -1
vn -0 0 -1
vn -0 0 -1
vn -0 0 -1
vn -0 0 -1
vn -0 0 -1
vn -0 0 -1
vn -0 0 -1
vn -0 0 -1
vn -0 0 -1
vn -0 0 -1
vn -0 0 -1
vn -0 0 -1
vn -0 0 -1
vn -0 0 -1
vn -0 0 -1
vn -0 0 -1
vn -0 0 -1
vn -0 0 -1
vn -0 0 -1
vn -0 0 -1
vn -0 0 -1
vn -0 0 -1
vn -0 0 -1
vn -0 0 -1
vn -0 0 -1
vn -0 0 -1
vn -0 0 -1
vn -0 0 -1
vn -0 0 -1
vn -0 0 -1
vn -0 0 -1
vn -0 0 -1
vn -0 0 -1
vn -0 0 -1
vn -0 0 -1
vn 0.941195607 0.305812865 -0.143629447
vn 0.779839814 0.609278262 -0.143630743
vn 0.941195607 0.305813015 -0.143629327
vn 0.989028573 -0.0345375203 -0.143630058
vn 0.779839993 0.609277964 -0.143630981
vn 0.989028573 -0.0345381983 -0.143630177
vn 0.524424195 0.839255154 -0.14363116
vn 0.524424374 0.839255154 -0.143631145
vn 0.20575653 0.968005419 -0.143630996
vn 0.205756381 0.968005419 -0.143631071
vn -0.137730017 0.980000496 -0.143629462
vn -0.137730464 0.980000496 -0.143629387
vn -0.464603066 0.873793066 -0.143630251
vn -0.464603275 0.873792946 -0.143630192
vn 0.917569935 -0.370722711 -0.143631786
vn 0.917569935 -0.370722592 -0.143632144
vn -0.73543942 0.662193179 -0.143628404
vn -0.735439718 0.662192881 -0.14362812
vn 0.735439718 -0.662192762 -0.143628702
vn 0.735440135 -0.662192404 -0.143628359
vn 0.464603484 -0.873792827 -0.143630356
vn 0.464603186 -0.873793066 -0.143630385
vn -0.917570472 0.370722026 -0.143630192
vn -0.917570233 0.370722532 -0.143630326
vn -0.989028454 0.0345382206 -0.143630624
vn -0.989028454 0.0345378332 -0.143630683
vn 0.137730286 -0.980000496 -0.143629253
vn 0.137729809 -0.980000556 -0.143629044
vn -0.205756307 -0.968005598 -0.143629223
vn -0.205756068 -0.968005598 -0.143629506
vn -0.524425387 -0.839254677 -0.143629953
vn -0.52442497 -0.839254916 -0.143630221
vn -0.779840171 -0.609277546 -0.143631965
vn -0.779839933 -0.609277844 -0.143631861
vn -0.941195607 -0.305812776 -0.143629223
vn -0.941195488 -0.305813372 -0.14362894
vn 0.387349635 -0.156500474 0.908552587
vn -0 0 1
vn -0 0 1
vn -0 0 1
vn -0 0 1
vn -0 0 1
vn -0 0 1
vn -0 0 1
vn -0 0 1
vn -0 0 1
vn -0 0 1
vn -0 0 1
vn -0 0 1
vn -0 0 1
vn -0 0 1
vn -0 0 1
vn 0.310467005 -0.27954489 0.908551037
vn 0.417519391 -0.0145798055 0.908551037
vn 0.655615151 -0.264887363 0.707109213
vn 0.706677616 -0.0246777162 0.707105219
vn 0.525483191 -0.473146677 0.707106471
vn 0.672497988 0.218508467 0.707107127
vn 0.331965983 -0.624337196 0.707107842
vn 0.672498226 0.218508407 0.707106888
vn 0.331965983 -0.624337316 0.707107782
vn 0.557209373 0.435340881 0.707103908
vn 0.0984101519 -0.700225055 0.707106948
vn 0.55720973 0.435340762 0.707103729
vn 0.0984101072 -0.700225294 0.707106769
vn 0.374710292 0.599661469 0.707105577
vn -0.147015825 -0.691655517 0.707105994
vn 0.374710619 0.599661112 0.707105637
vn -0.147015646 -0.691655576 0.707105994
vn -0.374710619 -0.599661112 0.707105637
vn -0.374710292 -0.599661469 0.707105577
vn -0.55720973 -0.435340762 0.707103729
vn -0.557209373 -0.435340881 0.707103908
vn -0.672497749 -0.218508407 0.707107306
vn -0.672497571 -0.218508512 0.707107544
vn -0.706677377 0.0246776883 0.707105339
vn -0.706677556 0.0246773921 0.707105219
vn 0.14701584 0.691655517 0.707106054
vn 0.147016004 0.691655636 0.707105875
vn -0.655616701 0.264886707 0.707108021
vn -0.655616283 0.264887065 0.707108259
vn -0.0984102488 0.700224996 0.707107008
vn -0.0984102115 0.700225174 0.707106829
vn -0.331965983 0.624337316 0.707107782
vn -0.331965983 0.624337196 0.707107842
vn -0.525483429 0.4731462 0.70710659
vn -0.525483191 0.473146677 0.707106471
vn 0.95105648 0.309017181 0
vn 0.95105654 0.309017032 0
vn 0.999390841 -0.0348993428 0
vn 0.788010538 0.61566174 0
vn 0.999390841 -0.0348991826 0
vn 0.788010538 0.615661681 0
vn 0.927183986 -0.374606252 0
vn 0.529919565 0.848047972 0
vn 0.927183986 -0.374606252 0
vn 0.529919386 0.848048031 0
vn 0.74314487 -0.669130564 0
vn 0.20791176 0.978147566 0
vn 0.74314487 -0.669130623 0
vn 0.207911626 0.978147566 0
vn 0.469471574 -0.882947624 0
vn -0.13917309 0.990268171 0
vn 0.469471574 -0.882947624 0
vn -0.139173061 0.990268171 0
vn 0.139173061 -0.990268171 0
vn 0.13917309 -0.990268171 0
vn -0.207911626 -0.978147566 0
vn -0.20791176 -0.978147566 0
vn -0.469471633 0.882947624 0
vn -0.469471574 0.882947624 0
vn -0.529919386 -0.848047972 0
vn -0.529919744 -0.848047793 0
vn -0.788010538 -0.61566174 0
vn -0.788010418 -0.615661919 0
vn -0.74314487 0.669130623 0
vn -0.743144929 0.669130564 0
vn -0.927183986 0.374606252 0
vn -0.927183986 0.374606252 0
vn -0.999390841 0.0348991826 0
vn -0.999390841 0.0348993428 0
vn -0.95105648 -0.309017181 0
vn -0.95105654 -0.309017032 0
vn 0.632634044 -0.255600929 0.731055617
vn 0.632634044 -0.25560075 0.731055617
vn 0.681905329 -0.0238126628 0.731052756
vn 0.507060587 -0.456560463 0.731055558
vn 0.681904852 -0.0238126218 0.731053114
vn 0.50706023 -0.45656091 0.731055439
vn 0.648922563 0.210847184 0.731056035
vn 0.320327491 -0.602451146 0.731055915
vn 0.648921967 0.210847363 0.731056511
vn 0.32032755 -0.602451146 0.731055915
vn 0.537672877 0.420076102 0.73105669
vn 0.0949617997 -0.675677776 0.7310552
vn 0.537672639 0.420076311 0.731056809
vn 0.0949619785 -0.675677717 0.731055319
vn 0.361573249 0.578637779 0.731056213
vn -0.141861156 -0.667406499 0.73105675
vn 0.361572742 0.578638077 0.731056213
vn -0.141861096 -0.66740638 0.731056869
vn 0.141861096 0.66740638 0.731056869
vn -0.361572742 -0.578638077 0.731056213
vn 0.141861156 0.667406499 0.73105675
vn -0.361573249 -0.578637779 0.731056213
vn -0.0949619785 0.675677717 0.731055319
vn -0.0949617997 0.675677776 0.7310552
vn -0.32032755 0.602451146 0.731055915
vn -0.320327491 0.602451146 0.731055915
vn -0.507062614 0.456560284 0.731054187
vn -0.507062018 0.456560731 0.731054425
vn -0.632632434 0.255601108 0.731056869
vn -0.632632136 0.255601227 0.731057048
vn -0.681905329 0.0238126628 0.731052756
vn -0.681904852 0.0238126218 0.731053114
vn -0.537674069 -0.420075864 0.731056035
vn -0.537674248 -0.420075685 0.731055915
vn -0.648921251 -0.210847676 0.731056988
vn -0.648920834 -0.210847884 0.731057465
vn -0.788010538 -0.615661681 0
vn -0.95105654 -0.309016824 0
vn -0.788010657 -0.615661621 0
vn -0.529919267 -0.848048151 0
vn -0.95105654 -0.309016883 0
vn -0.529919207 -0.84804821 0
vn -0.999390841 0.03489957 0
vn -0.207911566 -0.978147686 0
vn -0.999390841 0.0348995775 0
vn -0.207911506 -0.978147686 0
vn -0.927183986 0.374606431 0
vn 0.139173254 -0.990268052 0
vn -0.927183986 0.374606371 0
vn 0.139173239 -0.990268052 0
vn -0.74314481 0.669130623 0
vn 0.469471574 -0.882947624 0
vn -0.74314487 0.669130623 0
vn 0.469471574 -0.882947624 0
vn -0.469471574 0.882947624 0
vn 0.74314487 -0.669130623 0
vn -0.469471574 0.882947624 0
vn 0.74314481 -0.669130623 0
vn -0.139173239 0.990268052 0
vn 0.927183986 -0.374606371 0
vn -0.139173254 0.990268052 0
vn 0.927183986 -0.374606431 0
vn 0.207911655 0.978147566 0
vn 0.207911715 0.978147566 0
vn 0.999390841 -0.0348995775 0
vn 0.999390841 -0.03489957 0
vn 0.529919147 0.84804821 0
vn 0.529919028 0.84804821 0
vn 0.788010657 0.615661621 0
vn 0.788010538 0.615661681 0
vn 0.95105654 0.309016854 0
vn 0.95105654 0.309016883 0
vn -0 0 1
vn -0 0 1
vn -0 0 1
vn -0 0 1
vn -0 0 1
vn -0 0 1
vn -0 0 1
vn -0 0 1
vn -0 0 1
vn -0 0 1
vn -0 0 1
vn -0 0 1
vn -0 0 1
vn -0 0 1
vn -0 0 1
vn -0 0 1
vn -0 0 1
vn -0 0 1
vn -0 0 1
vn -0 0 1
vn -0 0 1
vn -0 0 1
vn -0 0 1
vn -0 0 1
vn -0 0 1
vn -0 0 1
vn -0 0 1
vn -0 0 1
vn -0 0 1
vn -0 0 1
vn -0 0 1
vn -0 0 1
vn -0 0 1
vn -0 0 1
vn -0 0 1
vn -0 0 1
g Bit_part01_0
f 3/3/3 2/2/2 1/1/1
f 1/1/1 2/2/2 4/4/4
f 4/4/4 2/2/2 5/5/5
f 6/6/6 5/5/5 2/2/2
f 6/6/6 2/2/2 7/7/7
f 8/8/8 4/4/4 5/5/5
f 9/9/9 4/4/4 8/8/8
f 9/9/9 8/8/8 10/10/10
f 9/9/9 10/10/10 11/11/11
f 8/8/8 12/12/12 10/10/10
f 13/13/13 12/12/12 8/8/8
f 14/14/14 12/12/12 13/13/13
f 10/10/10 15/15/15 11/11/11
f 16/16/16 14/14/14 13/13/13
f 16/16/16 13/13/13 17/17/17
f 18/18/18 14/14/14 16/16/16
f 19/19/19 16/16/16 17/17/17
f 20/20/20 18/18/18 16/16/16
f 21/21/21 19/19/19 17/17/17
f 21/21/21 17/17/17 22/22/22
f 21/21/21 22/22/22 23/23/23
f 24/24/24 19/19/19 21/21/21
f 24/24/24 21/21/21 25/25/25
f 20/20/20 26/26/26 18/18/18
f 26/26/26 27/27/27 18/18/18
f 26/26/26 20/20/20 28/28/28
f 29/29/29 27/27/27 26/26/26
f 30/30/30 26/26/26 28/28/28
f 31/31/31 27/27/27 29/29/29
f 28/28/28 32/32/32 30/30/30
f 33/33/33 30/30/30 32/32/32
f 33/33/33 32/32/32 34/34/34
f 35/35/35 32/32/32 28/28/28
f 32/32/32 35/35/35 36/36/36
f 37/37/37 31/31/31 29/29/29
f 37/37/37 29/29/29 38/38/38
f 39/39/39 31/31/31 37/37/37
f 40/40/40 37/37/37 38/38/38
f 41/41/41 39/39/39 37/37/37
f 38/38/38 42/42/42 40/40/40
f 43/43/43 40/40/40 42/42/42
f 43/43/43 42/42/42 44/44/44
f 45/45/45 42/42/42 38/38/38
f 46/46/46 42/42/42 45/45/45
f 41/41/41 47/47/47 39/39/39
f 47/47/47 48/48/48 39/39/39
f 41/41/41 49/49/49 47/47/47
f 50/50/50 48/48/48 47/47/47
f 49/49/49 51/51/51 47/47/47
f 52/52/52 48/48/48 50/50/50
f 53/53/53 51/51/51 49/49/49
f 53/53/53 49/49/49 54/54/54
f 55/55/55 53/53/53 54/54/54
f 56/56/56 51/51/51 53/53/53
f 56/56/56 53/53/53 57/57/57
f 58/58/58 52/52/52 50/50/50
f 58/58/58 50/50/50 59/59/59
f 60/60/60 52/52/52 58/58/58
f 61/61/61 58/58/58 59/59/59
f 62/62/62 60/60/60 58/58/58
f 63/63/63 61/61/61 59/59/59
f 63/63/63 59/59/59 64/64/64
f 65/65/65 63/63/63 64/64/64
f 66/66/66 61/61/61 63/63/63
f 66/66/66 63/63/63 67/67/67
f 62/62/62 68/68/68 60/60/60
f 68/68/68 69/69/69 60/60/60
f 68/68/68 62/62/62 70/70/70
f 71/71/71 69/69/69 68/68/68
f 72/72/72 68/68/68 70/70/70
f 73/73/73 69/69/69 71/71/71
f 70/70/70 74/74/74 72/72/72
f 75/75/75 72/72/72 74/74/74
f 75/75/75 74/74/74 76/76/76
f 77/77/77 74/74/74 70/70/70
f 78/78/78 74/74/74 77/77/77
f 79/79/79 73/73/73 71/71/71
f 71/71/71 80/80/80 79/79/79
f 81/81/81 73/73/73 79/79/79
f 80/80/80 82/82/82 79/79/79
f 83/83/83 81/81/81 79/79/79
f 84/84/84 82/82/82 80/80/80
f 84/84/84 80/80/80 85/85/85
f 84/84/84 85/85/85 86/86/86
f 87/87/87 82/82/82 84/84/84
f 87/87/87 84/84/84 88/88/88
f 83/83/83 89/89/89 81/81/81
f 89/89/89 90/90/90 81/81/81
f 89/89/89 83/83/83 91/91/91
f 92/92/92 90/90/90 89/89/89
f 93/93/93 89/89/89 91/91/91
f 94/94/94 90/90/90 92/92/92
f 91/91/91 95/95/95 93/93/93
f 96/96/96 93/93/93 95/95/95
f 96/96/96 95/95/95 97/97/97
f 98/98/98 95/95/95 91/91/91
f 95/95/95 98/98/98 99/99/99
f 100/100/100 94/94/94 92/92/92
f 92/92/92 101/101/101 100/100/100
f 102/102/102 94/94/94 100/100/100
f 101/101/101 103/103/103 100/100/100
f 104/104/104 102/102/102 100/100/100
f 101/101/101 105/105/105 103/103/103
f 106/106/106 103/103/103 105/105/105
f 106/106/106 105/105/105 107/107/107
f 108/108/108 105/105/105 101/101/101
f 109/109/109 105/105/105 108/108/108
f 104/104/104 110/110/110 102/102/102
f 110/110/110 111/111/111 102/102/102
f 104/104/104 112/112/112 110/110/110
f 113/113/113 111/111/111 110/110/110
f 15/15/15 111/111/111 113/113/113
f 11/11/11 15/15/15 113/113/113
f 11/11/11 113/113/113 114/114/114
f 112/112/112 115/115/115 110/110/110
f 116/116/116 11/11/11 114/114/114
f 117/117/117 115/115/115 112/112/112
f 118/118/118 117/117/117 112/112/112
f 119/119/119 117/117/117 118/118/118
f 120/120/120 115/115/115 117/117/117
f 120/120/120 117/117/117 121/121/121
f 122/122/122 116/116/116 114/114/114
f 122/122/122 114/114/114 123/123/123
f 124/124/124 122/122/122 123/123/123
f 125/125/125 116/116/116 122/122/122
f 125/125/125 122/122/122 126/126/126
f 129/129/129 128/128/128 127/127/127
f 130/130/130 129/129/129 127/127/127
f 133/133/133 132/132/132 131/131/131
f 132/132/132 134/134/134 131/131/131
f 131/131/131 134/134/134 135/135/135
f 136/136/136 135/135/135 134/134/134
f 136/136/136 137/137/137 135/135/135
f 137/137/137 138/138/138 135/135/135
f 138/138/138 137/137/137 139/139/139
f 140/140/140 137/137/137 136/136/136
f 141/141/141 137/137/137 140/140/140
f 144/144/144 143/143/143 142/142/142
f 145/145/145 144/144/144 142/142/142
f 148/148/148 147/147/147 146/146/146
f 147/147/147 149/149/149 146/146/146
f 146/146/146 149/149/149 150/150/150
f 151/151/151 150/150/150 149/149/149
f 151/151/151 152/152/152 150/150/150
f 152/152/152 153/153/153 150/150/150
f 153/153/153 152/152/152 154/154/154
f 151/151/151 155/155/155 152/152/152
f 156/156/156 155/155/155 151/151/151
f 157/157/157 155/155/155 156/156/156
f 160/160/160 159/159/159 158/158/158
f 161/161/161 160/160/160 158/158/158
f 164/164/164 163/163/163 162/162/162
f 163/163/163 165/165/165 162/162/162
f 162/162/162 165/165/165 166/166/166
f 167/167/167 166/166/166 165/165/165
f 167/167/167 168/168/168 166/166/166
f 168/168/168 169/169/169 166/166/166
f 169/169/169 168/168/168 170/170/170
f 167/167/167 171/171/171 168/168/168
f 172/172/172 171/171/171 167/167/167
f 173/173/173 171/171/171 172/172/172
f 176/176/176 175/175/175 174/174/174
f 177/177/177 176/176/176 174/174/174
f 180/180/180 179/179/179 178/178/178
f 179/179/179 181/181/181 178/178/178
f 178/178/178 181/181/181 182/182/182
f 183/183/183 182/182/182 181/181/181
f 183/183/183 184/184/184 182/182/182
f 184/184/184 185/185/185 182/182/182
f 185/185/185 184/184/184 186/186/186
f 187/187/187 184/184/184 183/183/183
f 188/188/188 184/184/184 187/187/187
f 191/191/191 190/190/190 189/189/189
f 192/192/192 191/191/191 189/189/189
f 195/195/195 194/194/194 193/193/193
f 194/194/194 196/196/196 193/193/193
f 193/193/193 196/196/196 197/197/197
f 197/197/197 196/196/196 198/198/198
f 199/199/199 198/198/198 196/196/196
f 199/199/199 200/200/200 198/198/198
f 200/200/200 201/201/201 198/198/198
f 201/201/201 200/200/200 202/202/202
f 203/203/203 200/200/200 199/199/199
f 204/204/204 200/200/200 203/203/203
f 207/207/207 206/206/206 205/205/205
f 208/208/208 207/207/207 205/205/205
f 211/211/211 210/210/210 209/209/209
f 210/210/210 212/212/212 209/209/209
f 209/209/209 212/212/212 213/213/213
f 214/214/214 213/213/213 212/212/212
f 214/214/214 215/215/215 213/213/213
f 215/215/215 216/216/216 213/213/213
f 216/216/216 215/215/215 217/217/217
f 214/214/214 218/218/218 215/215/215
f 219/219/219 218/218/218 214/214/214
f 220/220/220 218/218/218 219/219/219
f 223/223/223 222/222/222 221/221/221
f 224/224/224 223/223/223 221/221/221
f 227/227/227 226/226/226 225/225/225
f 226/226/226 228/228/228 225/225/225
f 225/225/225 228/228/228 229/229/229
f 230/230/230 229/229/229 228/228/228
f 230/230/230 231/231/231 229/229/229
f 231/231/231 232/232/232 229/229/229
f 232/232/232 231/231/231 233/233/233
f 230/230/230 234/234/234 231/231/231
f 235/235/235 234/234/234 230/230/230
f 236/236/236 234/234/234 235/235/235
f 239/239/239 238/238/238 237/237/237
f 240/240/240 239/239/239 237/237/237
f 243/243/243 242/242/242 241/241/241
f 242/242/242 244/244/244 241/241/241
f 241/241/241 244/244/244 245/245/245
f 246/246/246 245/245/245 244/244/244
f 246/246/246 247/247/247 245/245/245
f 247/247/247 248/248/248 245/245/245
f 248/248/248 247/247/247 249/249/249
f 250/250/250 247/247/247 246/246/246
f 251/251/251 247/247/247 250/250/250
f 254/254/254 253/253/253 252/252/252
f 255/255/255 254/254/254 252/252/252
f 258/258/258 257/257/257 256/256/256
f 257/257/257 259/259/259 256/256/256
f 256/256/256 259/259/259 260/260/260
f 261/261/261 260/260/260 259/259/259
f 261/261/261 262/262/262 260/260/260
f 262/262/262 263/263/263 260/260/260
f 263/263/263 262/262/262 264/264/264
f 265/265/265 262/262/262 261/261/261
f 266/266/266 262/262/262 265/265/265
f 269/269/269 268/268/268 267/267/267
f 270/270/270 269/269/269 267/267/267
f 273/273/273 272/272/272 271/271/271
f 272/272/272 274/274/274 271/271/271
f 271/271/271 274/274/274 275/275/275
f 276/276/276 275/275/275 274/274/274
f 276/276/276 277/277/277 275/275/275
f 277/277/277 278/278/278 275/275/275
f 278/278/278 277/277/277 279/279/279
f 276/276/276 280/280/280 277/277/277
f 281/281/281 280/280/280 276/276/276
f 282/282/282 280/280/280 281/281/281
f 285/285/285 284/284/284 283/283/283
f 286/286/286 285/285/285 283/283/283
f 289/289/289 288/288/288 287/287/287
f 288/288/288 290/290/290 287/287/287
f 287/287/287 290/290/290 291/291/291
f 292/292/292 291/291/291 290/290/290
f 292/292/292 293/293/293 291/291/291
f 293/293/293 294/294/294 291/291/291
f 294/294/294 293/293/293 295/295/295
f 292/292/292 296/296/296 293/293/293
f 297/297/297 296/296/296 292/292/292
f 298/298/298 296/296/296 297/297/297
f 301/301/301 300/300/300 299/299/299
f 302/302/302 301/301/301 299/299/299
f 305/305/305 304/304/304 303/303/303
f 304/304/304 306/306/306 303/303/303
f 303/303/303 306/306/306 307/307/307
f 308/308/308 307/307/307 306/306/306
f 308/308/308 309/309/309 307/307/307
f 309/309/309 310/310/310 307/307/307
f 310/310/310 309/309/309 311/311/311
f 312/312/312 309/309/309 308/308/308
f 313/313/313 309/309/309 312/312/312
f 316/316/316 315/315/315 314/314/314
f 317/317/317 315/315/315 316/316/316
f 317/317/317 316/316/316 318/318/318
f 319/319/319 317/317/317 318/318/318
f 320/320/320 317/317/317 319/319/319
f 321/321/321 320/320/320 319/319/319
f 321/321/321 319/319/319 322/322/322
f 323/323/323 321/321/321 322/322/322
f 317/317/317 324/324/324 315/315/315
f 325/325/325 315/315/315 324/324/324
f 326/326/326 315/315/315 325/325/325
f 327/327/327 315/315/315 326/326/326
f 326/326/326 328/328/328 327/327/327
f 322/322/322 329/329/329 323/323/323
f 327/327/327 328/328/328 330/330/330
f 328/328/328 331/331/331 330/330/330
f 323/323/323 329/329/329 332/332/332
f 331/331/331 333/333/333 330/330/330
f 330/330/330 333/333/333 334/334/334
f 333/333/333 335/335/335 334/334/334
f 333/333/333 336/336/336 335/335/335
f 332/332/332 329/329/329 337/337/337
f 336/336/336 338/338/338 335/335/335
f 339/339/339 335/335/335 338/338/338
f 336/336/336 340/340/340 338/338/338
f 341/341/341 338/338/338 340/340/340
f 342/342/342 341/341/341 340/340/340
f 341/341/341 342/342/342 343/343/343
f 341/341/341 343/343/343 344/344/344
f 344/344/344 345/345/345 341/341/341
f 344/344/344 346/346/346 345/345/345
f 345/345/345 346/346/346 347/347/347
f 348/348/348 347/347/347 346/346/346
f 346/346/346 349/349/349 348/348/348
f 349/349/349 350/350/350 348/348/348
f 351/351/351 348/348/348 350/350/350
f 349/349/349 352/352/352 350/350/350
f 350/350/350 352/352/352 353/353/353
f 350/350/350 353/353/353 354/354/354
f 354/354/354 353/353/353 355/355/355
f 355/355/355 353/353/353 356/356/356
f 357/357/357 355/355/355 356/356/356
f 358/358/358 355/355/355 357/357/357
f 358/358/358 359/359/359 355/355/355
f 360/360/360 359/359/359 358/358/358
f 361/361/361 360/360/360 358/358/358
f 361/361/361 362/362/362 360/360/360
f 361/361/361 358/358/358 363/363/363
f 364/364/364 361/361/361 363/363/363
f 365/365/365 361/361/361 364/364/364
f 366/366/366 365/365/365 364/364/364
f 367/367/367 365/365/365 366/366/366
f 368/368/368 365/365/365 367/367/367
f 368/368/368 367/367/367 369/369/369
f 370/370/370 368/368/368 369/369/369
f 370/370/370 371/371/371 368/368/368
f 372/372/372 371/371/371 370/370/370
f 373/373/373 372/372/372 370/370/370
f 373/373/373 374/374/374 372/372/372
f 375/375/375 373/373/373 370/370/370
f 373/373/373 375/375/375 376/376/376
f 377/377/377 373/373/373 376/376/376
f 378/378/378 373/373/373 377/377/377
f 379/379/379 378/378/378 377/377/377
f 380/380/380 378/378/378 379/379/379
f 380/380/380 379/379/379 381/381/381
f 381/381/381 382/382/382 380/380/380
f 382/382/382 337/337/337 380/380/380
f 337/337/337 383/383/383 380/380/380
f 337/337/337 384/384/384 383/383/383
f 337/337/337 329/329/329 384/384/384
f 384/384/384 329/329/329 385/385/385
f 388/388/388 387/387/387 386/386/386
f 388/388/388 389/389/389 387/387/387
f 392/392/392 391/391/391 390/390/390
f 393/393/393 391/391/391 392/392/392
f 394/394/394 393/393/393 392/392/392
f 395/395/395 393/393/393 394/394/394
f 396/396/396 395/395/395 394/394/394
f 396/396/396 397/397/397 395/395/395
f 400/400/400 399/399/399 398/398/398
f 400/400/400 401/401/401 399/399/399
f 402/402/402 401/401/401 400/400/400
f 402/402/402 403/403/403 401/401/401
f 404/404/404 403/403/403 402/402/402
f 404/404/404 405/405/405 403/403/403
f 406/406/406 405/405/405 404/404/404
f 406/406/406 407/407/407 405/405/405
f 410/410/410 409/409/409 408/408/408
f 409/409/409 411/411/411 408/408/408
f 414/414/414 413/413/413 412/412/412
f 414/414/414 412/412/412 415/415/415
f 412/412/412 416/416/416 415/415/415
f 415/415/415 416/416/416 417/417/417
f 416/416/416 418/418/418 417/417/417
f 417/417/417 418/418/418 419/419/419
f 422/422/422 421/421/421 420/420/420
f 422/422/422 420/420/420 423/423/423
f 423/423/423 420/420/420 424/424/424
f 423/423/423 424/424/424 425/425/425
f 425/425/425 424/424/424 426/426/426
f 425/425/425 426/426/426 427/427/427
f 427/427/427 426/426/426 428/428/428
f 427/427/427 428/428/428 429/429/429
f 432/432/432 431/431/431 430/430/430
f 433/433/433 432/432/432 430/430/430
f 434/434/434 433/433/433 430/430/430
f 434/434/434 430/430/430 435/435/435
f 435/435/435 430/430/430 436/436/436
f 430/430/430 437/437/437 436/436/436
f 435/435/435 436/436/436 438/438/438
f 439/439/439 435/435/435 438/438/438
f 440/440/440 435/435/435 439/439/439
f 441/441/441 435/435/435 440/440/440
f 436/436/436 437/437/437 442/442/442
f 436/436/436 442/442/442 443/443/443
f 444/444/444 436/436/436 443/443/443
f 445/445/445 436/436/436 444/444/444
f 430/430/430 446/446/446 437/437/437
f 430/430/430 447/447/447 446/446/446
f 447/447/447 448/448/448 446/446/446
f 448/448/448 449/449/449 446/446/446
f 446/446/446 449/449/449 450/450/450
f 446/446/446 451/451/451 437/437/437
f 446/446/446 452/452/452 451/451/451
f 452/452/452 453/453/453 451/451/451
f 451/451/451 453/453/453 454/454/454
f 451/451/451 454/454/454 455/455/455
f 437/437/437 451/451/451 456/456/456
f 437/437/437 456/456/456 457/457/457
f 437/437/437 457/457/457 458/458/458
f 437/437/437 458/458/458 459/459/459
f 462/462/462 461/461/461 460/460/460
f 461/461/461 463/463/463 460/460/460
f 466/466/466 465/465/465 464/464/464
f 466/466/466 464/464/464 467/467/467
f 467/467/467 464/464/464 468/468/468
f 467/467/467 468/468/468 469/469/469
f 469/469/469 468/468/468 470/470/470
f 469/469/469 470/470/470 471/471/471
f 471/471/471 470/470/470 472/472/472
f 471/471/471 472/472/472 473/473/473
f 476/476/476 475/475/475 474/474/474
f 477/477/477 475/475/475 476/476/476
f 478/478/478 477/477/477 476/476/476
f 479/479/479 477/477/477 478/478/478
f 480/480/480 479/479/479 478/478/478
f 480/480/480 481/481/481 479/479/479
f 484/484/484 483/483/483 482/482/482
f 484/484/484 482/482/482 485/485/485
f 488/488/488 487/487/487 486/486/486
f 486/486/486 487/487/487 489/489/489
f 489/489/489 487/487/487 490/490/490
f 491/491/491 489/489/489 490/490/490
f 492/492/492 491/491/491 490/490/490
f 490/490/490 493/493/493 492/492/492
f 493/493/493 494/494/494 492/492/492
f 494/494/494 493/493/493 495/495/495
f 493/493/493 496/496/496 495/495/495
f 495/495/495 496/496/496 497/497/497
f 496/496/496 498/498/498 497/497/497
f 497/497/497 498/498/498 499/499/499
f 500/500/500 499/499/499 498/498/498
f 501/501/501 499/499/499 500/500/500
f 504/504/504 503/503/503 502/502/502
f 503/503/503 505/505/505 502/502/502
f 506/506/506 502/502/502 505/505/505
f 507/507/507 506/506/506 505/505/505
f 508/508/508 506/506/506 507/507/507
f 507/507/507 509/509/509 508/508/508
f 509/509/509 510/510/510 508/508/508
f 510/510/510 509/509/509 511/511/511
f 509/509/509 512/512/512 511/511/511
f 512/512/512 513/513/513 511/511/511
f 511/511/511 513/513/513 514/514/514
f 515/515/515 514/514/514 513/513/513
f 516/516/516 514/514/514 515/515/515
f 519/519/519 518/518/518 517/517/517
f 519/519/519 517/517/517 520/520/520
f 517/517/517 521/521/521 520/520/520
f 520/520/520 521/521/521 522/522/522
f 521/521/521 523/523/523 522/522/522
f 522/522/522 523/523/523 524/524/524
f 527/527/527 526/526/526 525/525/525
f 527/527/527 528/528/528 526/526/526
f 531/531/531 530/530/530 529/529/529
f 530/530/530 532/532/532 529/529/529
f 535/535/535 534/534/534 533/533/533
f 535/535/535 536/536/536 534/534/534
f 537/537/537 536/536/536 535/535/535
f 537/537/537 538/538/538 536/536/536
f 539/539/539 538/538/538 537/537/537
f 539/539/539 540/540/540 538/538/538
f 541/541/541 540/540/540 539/539/539
f 541/541/541 542/542/542 540/540/540
f 545/545/545 544/544/544 543/543/543
f 545/545/545 543/543/543 546/546/546
f 549/549/549 548/548/548 547/547/547
f 550/550/550 549/549/549 547/547/547
f 553/553/553 552/552/552 551/551/551
f 553/553/553 554/554/554 552/552/552
f 555/555/555 554/554/554 553/553/553
f 555/555/555 556/556/556 554/554/554
f 557/557/557 556/556/556 555/555/555
f 557/557/557 558/558/558 556/556/556
f 559/559/559 558/558/558 557/557/557
f 559/559/559 560/560/560 558/558/558
f 563/563/563 562/562/562 561/561/561
f 563/563/563 561/561/561 564/564/564
f 561/561/561 565/565/565 564/564/564
f 564/564/564 565/565/565 566/566/566
f 565/565/565 567/567/567 566/566/566
f 566/566/566 567/567/567 568/568/568
f 571/571/571 570/570/570 569/569/569
f 571/571/571 569/569/569 572/572/572
f 575/575/575 574/574/574 573/573/573
f 576/576/576 575/575/575 573/573/573
f 579/579/579 578/578/578 577/577/577
f 579/579/579 577/577/577 580/580/580
f 577/577/577 581/581/581 580/580/580
f 580/580/580 581/581/581 582/582/582
f 581/581/581 583/583/583 582/582/582
f 582/582/582 583/583/583 584/584/584
f 587/587/587 586/586/586 585/585/585
f 587/587/587 588/588/588 586/586/586
f 589/589/589 588/588/588 587/587/587
f 589/589/589 590/590/590 588/588/588
f 591/591/591 590/590/590 589/589/589
f 591/591/591 592/592/592 590/590/590
f 593/593/593 592/592/592 591/591/591
f 593/593/593 594/594/594 592/592/592
f 597/597/597 596/596/596 595/595/595
f 597/597/597 598/598/598 596/596/596
f 601/601/601 600/600/600 599/599/599
f 600/600/600 602/602/602 599/599/599
f 605/605/605 604/604/604 603/603/603
f 606/606/606 604/604/604 605/605/605
f 607/607/607 604/604/604 606/606/606
f 608/608/608 604/604/604 607/607/607
f 609/609/609 608/608/608 607/607/607
f 610/610/610 608/608/608 609/609/609
f 611/611/611 610/610/610 609/609/609
f 611/611/611 612/612/612 610/610/610
f 611/611/611 613/613/613 612/612/612
f 610/610/610 612/612/612 614/614/614
f 614/614/614 612/612/612 613/613/613
f 613/613/613 615/615/615 614/614/614
f 616/616/616 610/610/610 614/614/614
f 614/614/614 615/615/615 616/616/616
f 616/616/616 615/615/615 617/617/617
f 616/616/616 617/617/617 618/618/618
f 621/621/621 620/620/620 619/619/619
f 622/622/622 621/621/621 619/619/619
f 622/622/622 619/619/619 623/623/623
f 619/619/619 624/624/624 623/623/623
f 625/625/625 623/623/623 624/624/624
f 624/624/624 626/626/626 625/625/625
f 626/626/626 627/627/627 625/625/625
f 627/627/627 626/626/626 628/628/628
f 626/626/626 629/629/629 628/628/628
f 628/628/628 629/629/629 630/630/630
f 629/629/629 631/631/631 630/630/630
f 630/630/630 631/631/631 632/632/632
f 633/633/633 632/632/632 631/631/631
f 634/634/634 632/632/632 633/633/633
f 637/637/637 636/636/636 635/635/635
f 638/638/638 636/636/636 637/637/637
f 639/639/639 636/636/636 638/638/638
f 640/640/640 639/639/639 638/638/638
f 641/641/641 639/639/639 640/640/640
f 642/642/642 639/639/639 641/641/641
f 643/643/643 642/642/642 641/641/641
f 643/643/643 644/644/644 642/642/642
f 643/643/643 645/645/645 644/644/644
f 642/642/642 644/644/644 646/646/646
f 646/646/646 644/644/644 645/645/645
f 645/645/645 647/647/647 646/646/646
f 648/648/648 642/642/642 646/646/646
f 648/648/648 646/646/646 647/647/647
f 647/647/647 649/649/649 648/648/648
f 649/649/649 650/650/650 648/648/648
f 651/651/651 650/650/650 649/649/649
f 650/650/650 651/651/651 652/652/652
f 653/653/653 652/652/652 651/651/651
f 654/654/654 652/652/652 653/653/653
f 655/655/655 654/654/654 653/653/653
f 656/656/656 654/654/654 655/655/655
f 657/657/657 656/656/656 655/655/655
f 657/657/657 658/658/658 656/656/656
f 659/659/659 656/656/656 658/658/658
f 658/658/658 660/660/660 659/659/659
f 661/661/661 656/656/656 659/659/659
f 660/660/660 662/662/662 659/659/659
f 661/661/661 659/659/659 663/663/663
f 659/659/659 662/662/662 664/664/664
f 663/663/663 659/659/659 664/664/664
f 667/667/667 666/666/666 665/665/665
f 665/665/665 666/666/666 668/668/668
f 669/669/669 668/668/668 666/666/666
f 670/670/670 668/668/668 669/669/669
f 671/671/671 670/670/670 669/669/669
f 672/672/672 671/671/671 669/669/669
f 671/671/671 672/672/672 673/673/673
f 674/674/674 671/671/671 673/673/673
f 673/673/673 675/675/675 674/674/674
f 675/675/675 676/676/676 674/674/674
f 677/677/677 676/676/676 675/675/675
f 676/676/676 677/677/677 678/678/678
f 679/679/679 678/678/678 677/677/677
f 682/682/682 681/681/681 680/680/680
f 683/683/683 680/680/680 681/681/681
f 680/680/680 683/683/683 684/684/684
f 684/684/684 683/683/683 685/685/685
f 686/686/686 684/684/684 685/685/685
f 685/685/685 687/687/687 686/686/686
f 687/687/687 688/688/688 686/686/686
f 688/688/688 687/687/687 689/689/689
f 687/687/687 690/690/690 689/689/689
f 689/689/689 690/690/690 691/691/691
f 690/690/690 692/692/692 691/691/691
f 691/691/691 692/692/692 693/693/693
f 694/694/694 693/693/693 692/692/692
f 695/695/695 693/693/693 694/694/694
f 698/698/698 697/697/697 696/696/696
f 696/696/696 699/699/699 698/698/698
f 700/700/700 698/698/698 699/699/699
f 701/701/701 698/698/698 700/700/700
f 702/702/702 701/701/701 700/700/700
f 703/703/703 701/701/701 702/702/702
f 704/704/704 703/703/703 702/702/702
f 704/704/704 705/705/705 703/703/703
f 706/706/706 703/703/703 705/705/705
f 705/705/705 707/707/707 706/706/706
f 708/708/708 703/703/703 706/706/706
f 707/707/707 709/709/709 706/706/706
f 708/708/708 706/706/706 710/710/710
f 706/706/706 709/709/709 711/711/711
f 710/710/710 706/706/706 711/711/711
f 714/714/714 713/713/713 712/712/712
f 712/712/712 713/713/713 715/715/715
f 716/716/716 715/715/715 713/713/713
f 717/717/717 715/715/715 716/716/716
f 718/718/718 717/717/717 716/716/716
f 719/719/719 718/718/718 716/716/716
f 718/718/718 719/719/719 720/720/720
f 721/721/721 718/718/718 720/720/720
f 720/720/720 722/722/722 721/721/721
f 721/721/721 722/722/722 723/723/723
f 724/724/724 721/721/721 723/723/723
f 725/725/725 724/724/724 723/723/723
f 726/726/726 725/725/725 723/723/723
f 729/729/729 728/728/728 727/727/727
f 730/730/730 729/729/729 727/727/727
f 731/731/731 729/729/729 730/730/730
f 732/732/732 731/731/731 730/730/730
f 733/733/733 731/731/731 732/732/732
f 734/734/734 731/731/731 733/733/733
f 735/735/735 734/734/734 733/733/733
f 735/735/735 736/736/736 734/734/734
f 735/735/735 737/737/737 736/736/736
f 734/734/734 736/736/736 738/738/738
f 738/738/738 736/736/736 737/737/737
f 739/739/739 734/734/734 738/738/738
f 737/737/737 740/740/740 738/738/738
f 741/741/741 739/739/739 738/738/738
f 738/738/738 740/740/740 742/742/742
f 738/738/738 742/742/742 741/741/741
f 743/743/743 741/741/741 742/742/742
f 744/744/744 743/743/743 742/742/742
f 743/743/743 744/744/744 745/745/745
f 746/746/746 743/743/743 745/745/745
f 747/747/747 746/746/746 745/745/745
f 748/748/748 746/746/746 747/747/747
f 749/749/749 748/748/748 747/747/747
f 749/749/749 750/750/750 748/748/748
f 751/751/751 748/748/748 750/750/750
f 750/750/750 752/752/752 751/751/751
f 753/753/753 748/748/748 751/751/751
f 752/752/752 754/754/754 751/751/751
f 753/753/753 751/751/751 755/755/755
f 751/751/751 754/754/754 756/756/756
f 755/755/755 751/751/751 756/756/756
f 759/759/759 758/758/758 757/757/757
f 760/760/760 759/759/759 757/757/757
f 761/761/761 759/759/759 760/760/760
f 762/762/762 761/761/761 760/760/760
f 763/763/763 761/761/761 762/762/762
f 764/764/764 763/763/763 762/762/762
f 765/765/765 763/763/763 764/764/764
f 766/766/766 765/765/765 764/764/764
f 765/765/765 766/766/766 767/767/767
f 767/767/767 768/768/768 765/765/765
f 767/767/767 769/769/769 768/768/768
f 769/769/769 770/770/770 768/768/768
f 770/770/770 769/769/769 771/771/771
f 772/772/772 770/770/770 771/771/771
f 771/771/771 773/773/773 772/772/772
f 773/773/773 774/774/774 772/772/772
f 777/777/777 776/776/776 775/775/775
f 778/778/778 777/777/777 775/775/775
f 775/775/775 779/779/779 778/778/778
f 779/779/779 780/780/780 778/778/778
f 780/780/780 779/779/779 781/781/781
f 782/782/782 780/780/780 781/781/781
f 782/782/782 781/781/781 783/783/783
f 783/783/783 784/784/784 782/782/782
f 785/785/785 784/784/784 783/783/783
f 785/785/785 783/783/783 786/786/786
f 783/783/783 787/787/787 786/786/786
f 786/786/786 787/787/787 788/788/788
f 787/787/787 789/789/789 788/788/788
f 788/788/788 789/789/789 790/790/790
f 789/789/789 791/791/791 790/790/790
f 790/790/790 791/791/791 792/792/792
f 791/791/791 793/793/793 792/792/792
f 796/796/796 795/795/795 794/794/794
f 797/797/797 796/796/796 794/794/794
f 794/794/794 798/798/798 797/797/797
f 798/798/798 799/799/799 797/797/797
f 799/799/799 798/798/798 800/800/800
f 801/801/801 799/799/799 800/800/800
f 801/801/801 800/800/800 802/802/802
f 802/802/802 803/803/803 801/801/801
f 803/803/803 802/802/802 804/804/804
f 802/802/802 805/805/805 804/804/804
f 804/804/804 805/805/805 806/806/806
f 805/805/805 807/807/807 806/806/806
f 806/806/806 807/807/807 808/808/808
f 807/807/807 809/809/809 808/808/808
f 808/808/808 809/809/809 810/810/810
f 809/809/809 811/811/811 810/810/810
f 814/814/814 813/813/813 812/812/812
f 815/815/815 814/814/814 812/812/812
f 816/816/816 814/814/814 815/815/815
f 817/817/817 816/816/816 815/815/815
f 818/818/818 816/816/816 817/817/817
f 819/819/819 818/818/818 817/817/817
f 820/820/820 818/818/818 819/819/819
f 821/821/821 820/820/820 819/819/819
f 821/821/821 822/822/822 820/820/820
f 820/820/820 822/822/822 823/823/823
f 823/823/823 824/824/824 820/820/820
f 823/823/823 825/825/825 824/824/824
f 825/825/825 826/826/826 824/824/824
f 826/826/826 825/825/825 827/827/827
f 828/828/828 826/826/826 827/827/827
f 827/827/827 829/829/829 828/828/828
f 829/829/829 830/830/830 828/828/828
f 833/833/833 832/832/832 831/831/831
f 834/834/834 833/833/833 831/831/831
f 835/835/835 833/833/833 834/834/834
f 836/836/836 835/835/835 834/834/834
f 837/837/837 835/835/835 836/836/836
f 838/838/838 837/837/837 836/836/836
f 839/839/839 837/837/837 838/838/838
f 840/840/840 839/839/839 838/838/838
f 839/839/839 840/840/840 841/841/841
f 841/841/841 842/842/842 839/839/839
f 841/841/841 843/843/843 842/842/842
f 843/843/843 844/844/844 842/842/842
f 844/844/844 843/843/843 845/845/845
f 846/846/846 844/844/844 845/845/845
f 845/845/845 847/847/847 846/846/846
f 847/847/847 848/848/848 846/846/846
f 851/851/851 850/850/850 849/849/849
f 852/852/852 851/851/851 849/849/849
f 849/849/849 853/853/853 852/852/852
f 853/853/853 854/854/854 852/852/852
f 854/854/854 853/853/853 855/855/855
f 856/856/856 854/854/854 855/855/855
f 856/856/856 855/855/855 857/857/857
f 857/857/857 858/858/858 856/856/856
f 859/859/859 858/858/858 857/857/857
f 859/859/859 857/857/857 860/860/860
f 857/857/857 861/861/861 860/860/860
f 860/860/860 861/861/861 862/862/862
f 861/861/861 863/863/863 862/862/862
f 862/862/862 863/863/863 864/864/864
f 863/863/863 865/865/865 864/864/864
f 864/864/864 865/865/865 866/866/866
f 865/865/865 867/867/867 866/866/866
f 870/870/870 869/869/869 868/868/868
f 871/871/871 870/870/870 868/868/868
f 872/872/872 870/870/870 871/871/871
f 873/873/873 872/872/872 871/871/871
f 874/874/874 872/872/872 873/873/873
f 875/875/875 874/874/874 873/873/873
f 876/876/876 874/874/874 875/875/875
f 877/877/877 876/876/876 875/875/875
f 877/877/877 878/878/878 876/876/876
f 876/876/876 878/878/878 879/879/879
f 879/879/879 880/880/880 876/876/876
f 879/879/879 881/881/881 880/880/880
f 881/881/881 882/882/882 880/880/880
f 882/882/882 881/881/881 883/883/883
f 884/884/884 882/882/882 883/883/883
f 883/883/883 885/885/885 884/884/884
f 885/885/885 886/886/886 884/884/884
f 889/889/889 888/888/888 887/887/887
f 890/890/890 889/889/889 887/887/887
f 887/887/887 891/891/891 890/890/890
f 891/891/891 892/892/892 890/890/890
f 892/892/892 891/891/891 893/893/893
f 894/894/894 892/892/892 893/893/893
f 894/894/894 893/893/893 895/895/895
f 895/895/895 896/896/896 894/894/894
f 896/896/896 895/895/895 897/897/897
f 895/895/895 898/898/898 897/897/897
f 897/897/897 898/898/898 899/899/899
f 898/898/898 900/900/900 899/899/899
f 899/899/899 900/900/900 901/901/901
f 900/900/900 902/902/902 901/901/901
f 901/901/901 902/902/902 903/903/903
f 903/903/903 902/902/902 904/904/904
f 904/904/904 902/902/902 905/905/905
f 908/908/908 907/907/907 906/906/906
f 909/909/909 908/908/908 906/906/906
f 910/910/910 908/908/908 909/909/909
f 911/911/911 910/910/910 909/909/909
f 912/912/912 910/910/910 911/911/911
f 913/913/913 912/912/912 911/911/911
f 914/914/914 912/912/912 913/913/913
f 915/915/915 914/914/914 913/913/913
f 914/914/914 915/915/915 916/916/916
f 916/916/916 917/917/917 914/914/914
f 916/916/916 918/918/918 917/917/917
f 918/918/918 919/919/919 917/917/917
f 919/919/919 918/918/918 920/920/920
f 921/921/921 919/919/919 920/920/920
f 920/920/920 922/922/922 921/921/921
f 922/922/922 923/923/923 921/921/921
f 926/926/926 925/925/925 924/924/924
f 927/927/927 926/926/926 924/924/924
f 928/928/928 926/926/926 927/927/927
f 929/929/929 928/928/928 927/927/927
f 930/930/930 928/928/928 929/929/929
f 931/931/931 930/930/930 929/929/929
f 932/932/932 930/930/930 931/931/931
f 933/933/933 932/932/932 931/931/931
f 932/932/932 933/933/933 934/934/934
f 934/934/934 935/935/935 932/932/932
f 934/934/934 936/936/936 935/935/935
f 936/936/936 937/937/937 935/935/935
f 937/937/937 936/936/936 938/938/938
f 939/939/939 937/937/937 938/938/938
f 938/938/938 940/940/940 939/939/939
f 940/940/940 941/941/941 939/939/939
f 944/944/944 943/943/943 942/942/942
f 945/945/945 944/944/944 942/942/942
f 942/942/942 946/946/946 945/945/945
f 946/946/946 947/947/947 945/945/945
f 947/947/947 946/946/946 948/948/948
f 949/949/949 947/947/947 948/948/948
f 949/949/949 948/948/948 950/950/950
f 950/950/950 951/951/951 949/949/949
f 952/952/952 951/951/951 950/950/950
f 952/952/952 950/950/950 953/953/953
f 950/950/950 954/954/954 953/953/953
f 953/953/953 954/954/954 955/955/955
f 954/954/954 956/956/956 955/955/955
f 955/955/955 956/956/956 957/957/957
f 956/956/956 958/958/958 957/957/957
f 957/957/957 958/958/958 959/959/959
f 958/958/958 960/960/960 959/959/959
f 963/963/963 962/962/962 961/961/961
f 964/964/964 963/963/963 961/961/961
f 965/965/965 963/963/963 964/964/964
f 966/966/966 965/965/965 964/964/964
f 967/967/967 965/965/965 966/966/966
f 968/968/968 967/967/967 966/966/966
f 969/969/969 967/967/967 968/968/968
f 970/970/970 969/969/969 968/968/968
f 970/970/970 971/971/971 969/969/969
f 969/969/969 971/971/971 972/972/972
f 972/972/972 973/973/973 969/969/969
f 972/972/972 974/974/974 973/973/973
f 974/974/974 975/975/975 973/973/973
f 975/975/975 974/974/974 976/976/976
f 977/977/977 975/975/975 976/976/976
f 976/976/976 978/978/978 977/977/977
f 978/978/978 979/979/979 977/977/977
f 982/982/982 981/981/981 980/980/980
f 981/981/981 983/983/983 980/980/980
f 981/981/981 984/984/984 983/983/983
f 985/985/985 981/981/981 982/982/982
f 981/981/981 986/986/986 984/984/984
f 985/985/985 987/987/987 981/981/981
f 988/988/988 987/987/987 985/985/985
f 988/988/988 985/985/985 989/989/989
f 986/986/986 990/990/990 984/984/984
f 991/991/991 990/990/990 986/986/986
f 992/992/992 988/988/988 989/989/989
f 991/991/991 993/993/993 990/990/990
f 994/994/994 992/992/992 989/989/989
f 990/990/990 993/993/993 995/995/995
f 996/996/996 992/992/992 994/994/994
f 997/997/997 992/992/992 996/996/996
f 993/993/993 998/998/998 995/995/995
f 993/993/993 999/999/999 998/998/998
f 1000/1000/1000 999/999/999 993/993/993
f 1001/1001/1001 1000/1000/1000 993/993/993
f 997/997/997 1002/1002/1002 992/992/992
f 1002/1002/1002 1003/1003/1003 992/992/992
f 1004/1004/1004 1003/1003/1003 1002/1002/1002
f 1005/1005/1005 1004/1004/1004 1002/1002/1002
f 1006/1006/1006 1000/1000/1000 1001/1001/1001
f 1007/1007/1007 1006/1006/1006 1001/1001/1001
f 1008/1008/1008 1004/1004/1004 1005/1005/1005
f 1009/1009/1009 1006/1006/1006 1007/1007/1007
f 1010/1010/1010 1008/1008/1008 1005/1005/1005
f 1009/1009/1009 1011/1011/1011 1006/1006/1006
f 1012/1012/1012 1008/1008/1008 1010/1010/1010
f 1012/1012/1012 1013/1013/1013 1008/1008/1008
f 1009/1009/1009 1014/1014/1014 1011/1011/1011
f 1015/1015/1015 1014/1014/1014 1009/1009/1009
f 1016/1016/1016 1015/1015/1015 1009/1009/1009
f 1016/1016/1016 1009/1009/1009 1017/1017/1017
f 1013/1013/1013 1018/1018/1018 1008/1008/1008
f 1018/1018/1018 1019/1019/1019 1008/1008/1008
f 1018/1018/1018 1020/1020/1020 1019/1019/1019
f 1021/1021/1021 1020/1020/1020 1018/1018/1018
f 1022/1022/1022 1016/1016/1016 1017/1017/1017
f 1022/1022/1022 1017/1017/1017 1023/1023/1023
f 1021/1021/1021 1024/1024/1024 1020/1020/1020
f 1024/1024/1024 1022/1022/1022 1023/1023/1023
f 1021/1021/1021 1025/1025/1025 1024/1024/1024
f 1024/1024/1024 1026/1026/1026 1022/1022/1022
f 1025/1025/1025 1027/1027/1027 1024/1024/1024
f 1027/1027/1027 1026/1026/1026 1024/1024/1024
f 1030/1030/1030 1029/1029/1029 1028/1028/1028
f 1030/1030/1030 1031/1031/1031 1029/1029/1029
f 1029/1029/1029 1032/1032/1032 1028/1028/1028
f 1031/1031/1031 1033/1033/1033 1029/1029/1029
f 1034/1034/1034 1033/1033/1033 1031/1031/1031
f 1035/1035/1035 1034/1034/1034 1031/1031/1031
f 1028/1028/1028 1032/1032/1032 1036/1036/1036
f 1032/1032/1032 1037/1037/1037 1036/1036/1036
f 1034/1034/1034 1035/1035/1035 1038/1038/1038
f 1035/1035/1035 1039/1039/1039 1038/1038/1038
f 1037/1037/1037 1040/1040/1040 1036/1036/1036
f 1040/1040/1040 1041/1041/1041 1036/1036/1036
f 1042/1042/1042 1041/1041/1041 1040/1040/1040
f 1043/1043/1043 1042/1042/1042 1040/1040/1040
f 1038/1038/1038 1039/1039/1039 1044/1044/1044
f 1045/1045/1045 1038/1038/1038 1044/1044/1044
f 1046/1046/1046 1045/1045/1045 1044/1044/1044
f 1047/1047/1047 1046/1046/1046 1044/1044/1044
f 1042/1042/1042 1043/1043/1043 1048/1048/1048
f 1043/1043/1043 1049/1049/1049 1048/1048/1048
f 1050/1050/1050 1046/1046/1046 1047/1047/1047
f 1051/1051/1051 1050/1050/1050 1047/1047/1047
f 1050/1050/1050 1051/1051/1051 1052/1052/1052
f 1053/1053/1053 1050/1050/1050 1052/1052/1052
f 1049/1049/1049 1054/1054/1054 1048/1048/1048
f 1054/1054/1054 1055/1055/1055 1048/1048/1048
f 1055/1055/1055 1054/1054/1054 1056/1056/1056
f 1054/1054/1054 1057/1057/1057 1056/1056/1056
f 1053/1053/1053 1052/1052/1052 1058/1058/1058
f 1059/1059/1059 1053/1053/1053 1058/1058/1058
f 1060/1060/1060 1056/1056/1056 1057/1057/1057
f 1061/1061/1061 1060/1060/1060 1057/1057/1057
f 1062/1062/1062 1059/1059/1059 1058/1058/1058
f 1061/1061/1061 1062/1062/1062 1060/1060/1060
f 1063/1063/1063 1062/1062/1062 1058/1058/1058
f 1062/1062/1062 1063/1063/1063 1060/1060/1060
f 1066/1066/1066 1065/1065/1065 1064/1064/1064
f 1066/1066/1066 1067/1067/1067 1065/1065/1065
f 1065/1065/1065 1068/1068/1068 1064/1064/1064
f 1067/1067/1067 1069/1069/1069 1065/1065/1065
f 1069/1069/1069 1067/1067/1067 1070/1070/1070
f 1067/1067/1067 1071/1071/1071 1070/1070/1070
f 1072/1072/1072 1064/1064/1064 1068/1068/1068
f 1073/1073/1073 1072/1072/1072 1068/1068/1068
f 1070/1070/1070 1071/1071/1071 1074/1074/1074
f 1071/1071/1071 1075/1075/1075 1074/1074/1074
f 1072/1072/1072 1073/1073/1073 1076/1076/1076
f 1077/1077/1077 1072/1072/1072 1076/1076/1076
f 1078/1078/1078 1077/1077/1077 1076/1076/1076
f 1079/1079/1079 1078/1078/1078 1076/1076/1076
f 1078/1078/1078 1079/1079/1079 1080/1080/1080
f 1079/1079/1079 1081/1081/1081 1080/1080/1080
f 1075/1075/1075 1082/1082/1082 1074/1074/1074
f 1082/1082/1082 1083/1083/1083 1074/1074/1074
f 1084/1084/1084 1080/1080/1080 1081/1081/1081
f 1085/1085/1085 1084/1084/1084 1081/1081/1081
f 1083/1083/1083 1082/1082/1082 1086/1086/1086
f 1082/1082/1082 1087/1087/1087 1086/1086/1086
f 1087/1087/1087 1088/1088/1088 1086/1086/1086
f 1088/1088/1088 1089/1089/1089 1086/1086/1086
f 1085/1085/1085 1090/1090/1090 1084/1084/1084
f 1090/1090/1090 1091/1091/1091 1084/1084/1084
f 1088/1088/1088 1092/1092/1092 1089/1089/1089
f 1092/1092/1092 1093/1093/1093 1089/1089/1089
f 1094/1094/1094 1093/1093/1093 1092/1092/1092
f 1095/1095/1095 1094/1094/1094 1092/1092/1092
f 1096/1096/1096 1091/1091/1091 1090/1090/1090
f 1097/1097/1097 1096/1096/1096 1090/1090/1090
f 1094/1094/1094 1095/1095/1095 1098/1098/1098
f 1097/1097/1097 1098/1098/1098 1096/1096/1096
f 1095/1095/1095 1099/1099/1099 1098/1098/1098
f 1098/1098/1098 1099/1099/1099 1096/1096/1096
f 1102/1102/1102 1101/1101/1101 1100/1100/1100
f 1102/1102/1102 1100/1100/1100 1103/1103/1103
f 1101/1101/1101 1104/1104/1104 1100/1100/1100
f 1100/1100/1100 1105/1105/1105 1103/1103/1103
f 1101/1101/1101 1106/1106/1106 1104/1104/1104
f 1106/1106/1106 1107/1107/1107 1104/1104/1104
f 1108/1108/1108 1107/1107/1107 1106/1106/1106
f 1109/1109/1109 1108/1108/1108 1106/1106/1106
f 1110/1110/1110 1108/1108/1108 1109/1109/1109
f 1111/1111/1111 1110/1110/1110 1109/1109/1109
f 1110/1110/1110 1111/1111/1111 1112/1112/1112
f 1111/1111/1111 1113/1113/1113 1112/1112/1112
f 1114/1114/1114 1103/1103/1103 1105/1105/1105
f 1115/1115/1115 1114/1114/1114 1105/1105/1105
f 1116/1116/1116 1112/1112/1112 1113/1113/1113
f 1117/1117/1117 1116/1116/1116 1113/1113/1113
f 1114/1114/1114 1115/1115/1115 1118/1118/1118
f 1119/1119/1119 1114/1114/1114 1118/1118/1118
f 1119/1119/1119 1118/1118/1118 1120/1120/1120
f 1118/1118/1118 1121/1121/1121 1120/1120/1120
f 1116/1116/1116 1117/1117/1117 1122/1122/1122
f 1123/1123/1123 1116/1116/1116 1122/1122/1122
f 1124/1124/1124 1123/1123/1123 1122/1122/1122
f 1125/1125/1125 1124/1124/1124 1122/1122/1122
f 1120/1120/1120 1121/1121/1121 1126/1126/1126
f 1121/1121/1121 1127/1127/1127 1126/1126/1126
f 1126/1126/1126 1127/1127/1127 1128/1128/1128
f 1129/1129/1129 1126/1126/1126 1128/1128/1128
f 1128/1128/1128 1130/1130/1130 1129/1129/1129
f 1130/1130/1130 1131/1131/1131 1129/1129/1129
f 1131/1131/1131 1130/1130/1130 1132/1132/1132
f 1133/1133/1133 1131/1131/1131 1132/1132/1132
f 1134/1134/1134 1124/1124/1124 1125/1125/1125
f 1132/1132/1132 1134/1134/1134 1133/1133/1133
f 1135/1135/1135 1134/1134/1134 1125/1125/1125
f 1134/1134/1134 1135/1135/1135 1133/1133/1133
f 1138/1138/1138 1137/1137/1137 1136/1136/1136
f 1139/1139/1139 1138/1138/1138 1136/1136/1136
f 1140/1140/1140 1139/1139/1139 1136/1136/1136
f 1141/1141/1141 1140/1140/1140 1136/1136/1136
f 1142/1142/1142 1141/1141/1141 1136/1136/1136
f 1142/1142/1142 1136/1136/1136 1143/1143/1143
f 1143/1143/1143 1136/1136/1136 1144/1144/1144
f 1144/1144/1144 1136/1136/1136 1145/1145/1145
f 1145/1145/1145 1136/1136/1136 1146/1146/1146
f 1146/1146/1146 1136/1136/1136 1147/1147/1147
f 1147/1147/1147 1136/1136/1136 1148/1148/1148
f 1136/1136/1136 1149/1149/1149 1148/1148/1148
f 1136/1136/1136 1150/1150/1150 1149/1149/1149
f 1136/1136/1136 1151/1151/1151 1150/1150/1150
f 1137/1137/1137 1152/1152/1152 1136/1136/1136
f 1136/1136/1136 1153/1153/1153 1151/1151/1151
f 1153/1153/1153 1136/1136/1136 1154/1154/1154
f 1154/1154/1154 1136/1136/1136 1152/1152/1152
f 1155/1155/1155 1153/1153/1153 1154/1154/1154
f 1154/1154/1154 1152/1152/1152 1156/1156/1156
f 1153/1153/1153 1155/1155/1155 1157/1157/1157
f 1156/1156/1156 1152/1152/1152 1158/1158/1158
f 1157/1157/1157 1155/1155/1155 1159/1159/1159
f 1152/1152/1152 1160/1160/1160 1158/1158/1158
f 1161/1161/1161 1157/1157/1157 1159/1159/1159
f 1158/1158/1158 1160/1160/1160 1162/1162/1162
f 1163/1163/1163 1161/1161/1161 1159/1159/1159
f 1160/1160/1160 1164/1164/1164 1162/1162/1162
f 1165/1165/1165 1161/1161/1161 1163/1163/1163
f 1162/1162/1162 1164/1164/1164 1166/1166/1166
f 1167/1167/1167 1165/1165/1165 1163/1163/1163
f 1164/1164/1164 1168/1168/1168 1166/1166/1166
f 1166/1166/1166 1168/1168/1168 1169/1169/1169
f 1168/1168/1168 1170/1170/1170 1169/1169/1169
f 1169/1169/1169 1170/1170/1170 1171/1171/1171
f 1170/1170/1170 1172/1172/1172 1171/1171/1171
f 1171/1171/1171 1172/1172/1172 1173/1173/1173
f 1172/1172/1172 1174/1174/1174 1173/1173/1173
f 1173/1173/1173 1174/1174/1174 1175/1175/1175
f 1174/1174/1174 1176/1176/1176 1175/1175/1175
f 1177/1177/1177 1165/1165/1165 1167/1167/1167
f 1178/1178/1178 1177/1177/1177 1167/1167/1167
f 1175/1175/1175 1176/1176/1176 1179/1179/1179
f 1176/1176/1176 1180/1180/1180 1179/1179/1179
f 1181/1181/1181 1177/1177/1177 1178/1178/1178
f 1181/1181/1181 1182/1182/1182 1177/1177/1177
f 1183/1183/1183 1182/1182/1182 1181/1181/1181
f 1184/1184/1184 1183/1183/1183 1181/1181/1181
f 1179/1179/1179 1180/1180/1180 1185/1185/1185
f 1185/1185/1185 1183/1183/1183 1184/1184/1184
f 1179/1179/1179 1185/1185/1185 1186/1186/1186
f 1186/1186/1186 1185/1185/1185 1184/1184/1184
f 1189/1189/1189 1188/1188/1188 1187/1187/1187
f 1188/1188/1188 1190/1190/1190 1187/1187/1187
f 1191/1191/1191 1189/1189/1189 1187/1187/1187
f 1187/1187/1187 1190/1190/1190 1192/1192/1192
f 1193/1193/1193 1189/1189/1189 1191/1191/1191
f 1192/1192/1192 1190/1190/1190 1194/1194/1194
f 1195/1195/1195 1193/1193/1193 1191/1191/1191
f 1190/1190/1190 1196/1196/1196 1194/1194/1194
f 1197/1197/1197 1193/1193/1193 1195/1195/1195
f 1194/1194/1194 1196/1196/1196 1198/1198/1198
f 1199/1199/1199 1197/1197/1197 1195/1195/1195
f 1196/1196/1196 1200/1200/1200 1198/1198/1198
f 1201/1201/1201 1197/1197/1197 1199/1199/1199
f 1198/1198/1198 1200/1200/1200 1202/1202/1202
f 1203/1203/1203 1201/1201/1201 1199/1199/1199
f 1200/1200/1200 1204/1204/1204 1202/1202/1202
f 1205/1205/1205 1201/1201/1201 1203/1203/1203
f 1206/1206/1206 1205/1205/1205 1203/1203/1203
f 1207/1207/1207 1205/1205/1205 1206/1206/1206
f 1208/1208/1208 1207/1207/1207 1206/1206/1206
f 1202/1202/1202 1204/1204/1204 1209/1209/1209
f 1204/1204/1204 1210/1210/1210 1209/1209/1209
f 1211/1211/1211 1207/1207/1207 1208/1208/1208
f 1208/1208/1208 1212/1212/1212 1211/1211/1211
f 1213/1213/1213 1211/1211/1211 1212/1212/1212
f 1214/1214/1214 1211/1211/1211 1213/1213/1213
f 1210/1210/1210 1215/1215/1215 1209/1209/1209
f 1209/1209/1209 1215/1215/1215 1216/1216/1216
f 1216/1216/1216 1215/1215/1215 1217/1217/1217
f 1215/1215/1215 1218/1218/1218 1217/1217/1217
f 1217/1217/1217 1218/1218/1218 1219/1219/1219
f 1218/1218/1218 1220/1220/1220 1219/1219/1219
f 1221/1221/1221 1214/1214/1214 1213/1213/1213
f 1219/1219/1219 1220/1220/1220 1221/1221/1221
f 1222/1222/1222 1214/1214/1214 1221/1221/1221
f 1220/1220/1220 1222/1222/1222 1221/1221/1221
f 1225/1225/1225 1224/1224/1224 1223/1223/1223
f 1223/1223/1223 1224/1224/1224 1226/1226/1226
f 1227/1227/1227 1225/1225/1225 1223/1223/1223
f 1223/1223/1223 1226/1226/1226 1228/1228/1228
f 1229/1229/1229 1225/1225/1225 1227/1227/1227
f 1228/1228/1228 1226/1226/1226 1230/1230/1230
f 1231/1231/1231 1229/1229/1229 1227/1227/1227
f 1226/1226/1226 1232/1232/1232 1230/1230/1230
f 1233/1233/1233 1229/1229/1229 1231/1231/1231
f 1230/1230/1230 1232/1232/1232 1234/1234/1234
f 1235/1235/1235 1233/1233/1233 1231/1231/1231
f 1232/1232/1232 1236/1236/1236 1234/1234/1234
f 1237/1237/1237 1233/1233/1233 1235/1235/1235
f 1234/1234/1234 1236/1236/1236 1238/1238/1238
f 1239/1239/1239 1237/1237/1237 1235/1235/1235
f 1236/1236/1236 1240/1240/1240 1238/1238/1238
f 1241/1241/1241 1237/1237/1237 1239/1239/1239
f 1238/1238/1238 1240/1240/1240 1242/1242/1242
f 1243/1243/1243 1241/1241/1241 1239/1239/1239
f 1240/1240/1240 1244/1244/1244 1242/1242/1242
f 1245/1245/1245 1241/1241/1241 1243/1243/1243
f 1246/1246/1246 1245/1245/1245 1243/1243/1243
f 1247/1247/1247 1245/1245/1245 1246/1246/1246
f 1248/1248/1248 1247/1247/1247 1246/1246/1246
f 1249/1249/1249 1247/1247/1247 1248/1248/1248
f 1250/1250/1250 1249/1249/1249 1248/1248/1248
f 1251/1251/1251 1249/1249/1249 1250/1250/1250
f 1252/1252/1252 1251/1251/1251 1250/1250/1250
f 1253/1253/1253 1251/1251/1251 1252/1252/1252
f 1254/1254/1254 1253/1253/1253 1252/1252/1252
f 1242/1242/1242 1244/1244/1244 1255/1255/1255
f 1244/1244/1244 1256/1256/1256 1255/1255/1255
f 1257/1257/1257 1253/1253/1253 1254/1254/1254
f 1255/1255/1255 1256/1256/1256 1257/1257/1257
f 1258/1258/1258 1257/1257/1257 1254/1254/1254
f 1255/1255/1255 1257/1257/1257 1258/1258/1258
f 1261/1261/1261 1260/1260/1260 1259/1259/1259
f 1261/1261/1261 1259/1259/1259 1262/1262/1262
f 1259/1259/1259 1260/1260/1260 1263/1263/1263
f 1259/1259/1259 1264/1264/1264 1262/1262/1262
f 1263/1263/1263 1260/1260/1260 1265/1265/1265
f 1262/1262/1262 1264/1264/1264 1266/1266/1266
f 1260/1260/1260 1267/1267/1267 1265/1265/1265
f 1264/1264/1264 1268/1268/1268 1266/1266/1266
f 1265/1265/1265 1267/1267/1267 1269/1269/1269
f 1266/1266/1266 1268/1268/1268 1270/1270/1270
f 1267/1267/1267 1271/1271/1271 1269/1269/1269
f 1268/1268/1268 1272/1272/1272 1270/1270/1270
f 1269/1269/1269 1271/1271/1271 1273/1273/1273
f 1270/1270/1270 1272/1272/1272 1274/1274/1274
f 1271/1271/1271 1275/1275/1275 1273/1273/1273
f 1272/1272/1272 1276/1276/1276 1274/1274/1274
f 1273/1273/1273 1275/1275/1275 1277/1277/1277
f 1274/1274/1274 1276/1276/1276 1278/1278/1278
f 1275/1275/1275 1279/1279/1279 1277/1277/1277
f 1276/1276/1276 1280/1280/1280 1278/1278/1278
f 1277/1277/1277 1279/1279/1279 1281/1281/1281
f 1278/1278/1278 1280/1280/1280 1282/1282/1282
f 1279/1279/1279 1283/1283/1283 1281/1281/1281
f 1280/1280/1280 1284/1284/1284 1282/1282/1282
f 1281/1281/1281 1283/1283/1283 1285/1285/1285
f 1283/1283/1283 1286/1286/1286 1285/1285/1285
f 1282/1282/1282 1284/1284/1284 1287/1287/1287
f 1284/1284/1284 1288/1288/1288 1287/1287/1287
f 1286/1286/1286 1289/1289/1289 1285/1285/1285
f 1285/1285/1285 1289/1289/1289 1290/1290/1290
f 1290/1290/1290 1289/1289/1289 1291/1291/1291
f 1289/1289/1289 1292/1292/1292 1291/1291/1291
f 1288/1288/1288 1293/1293/1293 1287/1287/1287
f 1293/1293/1293 1291/1291/1291 1292/1292/1292
f 1287/1287/1287 1293/1293/1293 1294/1294/1294
f 1294/1294/1294 1293/1293/1293 1292/1292/1292
f 1297/1297/1297 1296/1296/1296 1295/1295/1295
f 1298/1298/1298 1297/1297/1297 1295/1295/1295
f 1295/1295/1295 1296/1296/1296 1299/1299/1299
f 1298/1298/1298 1295/1295/1295 1300/1300/1300
f 1296/1296/1296 1301/1301/1301 1299/1299/1299
f 1302/1302/1302 1298/1298/1298 1300/1300/1300
f 1299/1299/1299 1301/1301/1301 1303/1303/1303
f 1302/1302/1302 1300/1300/1300 1304/1304/1304
f 1303/1303/1303 1301/1301/1301 1305/1305/1305
f 1306/1306/1306 1302/1302/1302 1304/1304/1304
f 1303/1303/1303 1305/1305/1305 1307/1307/1307
f 1306/1306/1306 1304/1304/1304 1308/1308/1308
f 1307/1307/1307 1305/1305/1305 1309/1309/1309
f 1306/1306/1306 1308/1308/1308 1310/1310/1310
f 1307/1307/1307 1309/1309/1309 1311/1311/1311
f 1310/1310/1310 1308/1308/1308 1312/1312/1312
f 1311/1311/1311 1309/1309/1309 1313/1313/1313
f 1310/1310/1310 1312/1312/1312 1314/1314/1314
f 1311/1311/1311 1313/1313/1313 1315/1315/1315
f 1314/1314/1314 1312/1312/1312 1316/1316/1316
f 1315/1315/1315 1313/1313/1313 1317/1317/1317
f 1314/1314/1314 1316/1316/1316 1318/1318/1318
f 1315/1315/1315 1317/1317/1317 1319/1319/1319
f 1318/1318/1318 1316/1316/1316 1320/1320/1320
f 1319/1319/1319 1317/1317/1317 1321/1321/1321
f 1318/1318/1318 1320/1320/1320 1322/1322/1322
f 1323/1323/1323 1319/1319/1319 1321/1321/1321
f 1320/1320/1320 1324/1324/1324 1322/1322/1322
f 1322/1322/1322 1324/1324/1324 1325/1325/1325
f 1324/1324/1324 1326/1326/1326 1325/1325/1325
f 1326/1326/1326 1327/1327/1327 1325/1325/1325
f 1326/1326/1326 1328/1328/1328 1327/1327/1327
f 1323/1323/1323 1321/1321/1321 1329/1329/1329
f 1328/1328/1328 1329/1329/1329 1327/1327/1327
f 1330/1330/1330 1323/1323/1323 1329/1329/1329
f 1328/1328/1328 1330/1330/1330 1329/1329/1329
