g Head_metal
v 0.153311357 -0.101431884 0.143579513
v 0.155139312 -0.102570951 0.139374524
v 0.155139297 -0.102570958 0.141997576
v 0.166876197 0.00845741946 0.121999979
v 0.169165701 0.0122178299 0.121999986
v 0.165443748 0.00431489991 0.121999994
v -0.00925907027 0.167272359 0.123087697
v -0.013563009 0.170301542 0.123337016
v -0.00439254986 0.165488318 0.123025469
v 0.0462288 0.159202918 0.121999994
v 0.044902347 0.159432635 0.121999994
v 0.077105999 0.158258066 0.121999994
v 0.0173293389 -0.175015315 0.121999994
v 0.0173293389 -0.175015315 0.123812035
v 0.0405875295 -0.16839467 0.121999994
v -0.0489832498 0.146690473 0.121999994
v -0.0456934683 0.154585317 0.120607115
v -0.0400318094 0.168172225 0.121999994
v -0.0456934683 0.154585317 0.111999996
v -0.0449047238 0.155880377 0.111999996
v -0.0449244007 0.155856848 0.120726861
v -0.0437640324 0.156879455 0.111999996
v -0.0437998995 0.156856388 0.120835923
v -0.0423763208 0.157490626 0.111999996
v -0.042405881 0.157482594 0.120922349
v -0.0575812086 0.126057044 0.111999996
v -0.0408691913 0.157657757 0.111999996
v -0.0408828296 0.157658264 0.120973296
v -0.0393860675 0.157367066 0.120980315
v -0.0393812992 0.157365397 0.111999996
v -0.0576127023 0.125981778 0.126899034
v -0.0380494669 0.156640455 0.1209407
v -0.0380494669 0.156640455 0.111999996
v -0.019933233 0.161797404 0.111999996
v -0.019933233 0.161797404 0.121944778
v -0.056651596 0.128287911 0.13143748
v -0.0489832424 0.146690488 0.144031227
v -0.0487667583 0.147291675 0.121999994
v 0.0449023508 0.159432635 0.111999996
v -0.0486103371 0.147911236 0.121999994
v -0.0531059206 0.13679716 0.147766829
v 0.044902347 0.159432635 0.121999994
v 0.0705571473 0.158496931 0.128594771
v 0.077105999 0.158258066 0.121999994
v 0.077105999 0.158258066 0.128594771
v 0.0462288 0.159202918 0.121999994
v 0.0462288037 0.159202918 0.111999996
v 0.047445897 0.158627614 0.121999994
v 0.047445897 0.158627614 0.111999996
v 0.0484653898 0.157748491 0.121999994
v 0.0484653935 0.157748505 0.111999996
v 0.0492133908 0.15662922 0.121999994
v 0.0492133908 0.15662922 0.111999996
v 0.0562069081 0.142301723 0.121999994
v 0.0562069118 0.142301738 0.111999996
v 0.0626007915 0.139607117 0.111999996
v 0.062600784 0.139607087 0.121999994
v 0.0688659251 0.136625335 0.111999996
v 0.0688659251 0.136625335 0.121999994
v 0.0749894381 0.133362621 0.111999996
v 0.0749894381 0.133362606 0.121999994
v 0.0927702114 0.134402186 0.121999994
v 0.0927702114 0.134402186 0.111999996
v 0.107388102 0.120231241 0.111999996
v 0.107388102 0.120231234 0.121999994
v -0.0489832498 0.146690473 0.121999994
v -0.0400318094 0.168172225 0.121999994
v -0.0487667583 0.147291675 0.121999994
v -0.0486103371 0.147911236 0.121999994
v -0.0485155098 0.148543149 0.121999994
v -0.048582457 0.1495381 0.121999994
v -0.0489718392 0.150456131 0.121999994
v -0.0496406071 0.151195824 0.121999994
v -0.050514888 0.151675433 0.121999994
v -0.0514980778 0.151841983 0.121999994
v -0.059941262 0.175883517 0.121999994
v -0.0595664196 0.176705331 0.121999994
v -0.0524815507 0.151677087 0.121999994
v -0.0593455546 0.177581176 0.121999994
v -0.0654622614 0.146543309 0.121999994
v -0.0677522048 0.162189901 0.121999994
v -0.0815297812 0.158400163 0.121999994
v -0.0898437276 0.132997572 0.121999994
v -0.0592858642 0.178482473 0.121999994
v -0.0950521529 0.153781861 0.121999994
v -0.0594873801 0.179771096 0.122094944
v -0.108269557 0.148351938 0.121999994
v -0.109815061 0.14794156 0.121999994
v -0.111411095 0.148040071 0.121999994
v -0.0600322895 0.180991396 0.122163944
v -0.127885088 0.140795439 0.121999994
v -0.120231241 0.107388102 0.121999994
v -0.112894379 0.148637429 0.121999994
v -0.0922484696 0.127226651 0.121999994
v -0.114113249 0.149672478 0.121999994
v -0.114943013 0.151039407 0.121999994
v -0.115298823 0.152598381 0.121999994
v -0.123980835 0.0952020213 0.121999994
v -0.11514426 0.154189944 0.121999994
v -0.117166355 0.165922195 0.121999994
v -0.113092333 0.161984801 0.121999994
v -0.113735847 0.169449866 0.121999994
v -0.105306163 0.167650655 0.121999994
v -0.13468349 0.112152368 0.121999994
v -0.143169016 0.118434444 0.121999994
v -0.133358419 0.107247509 0.121999994
v -0.130698204 0.102980815 0.121999994
v -0.125472546 0.0965609252 0.121999994
v -0.127309114 0.0973968655 0.121999994
v -0.129313558 0.0976292863 0.121999994
v -0.131292686 0.0972357839 0.121999994
v -0.133055776 0.0962542892 0.121999994
v -0.134432897 0.0947793871 0.121999994
v -0.132032245 0.10441342 0.121999994
v -0.136648342 0.094943665 0.121999994
v -0.146877944 0.0764028504 0.121999994
v -0.140194073 0.0961482152 0.121999994
v -0.131951973 0.103909031 0.121750407
v -0.133080587 0.104744576 0.121026583
v -0.137902126 0.0958718732 0.121750407
v -0.133971363 0.105404042 0.119900748
v -0.13468349 0.112152368 0.121999994
v -0.134535357 0.10582158 0.118485332
v -0.138170719 0.0957254693 0.121999994
v -0.13903074 0.0967074186 0.121026583
v -0.139921516 0.0973668844 0.119900748
v -0.146583781 0.0960780606 0.121999994
v -0.14048551 0.0977844298 0.118485332
v -0.156742781 0.103599057 0.0821972415
v -0.135397449 0.112680919 0.119970649
v -0.143169016 0.118434444 0.121999994
v -0.143169016 0.118434444 0.111999996
v -0.143169016 0.118434444 0.088889949
v -0.150296509 0.105047807 0.0792482942
v -0.144896165 0.113491997 0.0770494863
v -0.145778522 0.113066643 0.075583525
v -0.152187586 0.105055042 0.0781172812
v -0.145247489 0.116015397 0.0774391368
v -0.12932016 0.138239726 0.0697266683
v -0.147051826 0.114004277 0.0740294904
v -0.154333264 0.106628902 0.0755319744
v -0.157247201 0.103972502 0.081586495
v -0.158044025 0.103319779 0.0766768679
v -0.162421659 0.103439711 0.0736953318
v -0.158044025 0.103319779 0.0762155727
v -0.157247216 0.10397251 0.111999996
v -0.157247216 0.10397251 0.121999994
v -0.127885088 0.140795439 0.121999994
v -0.143169016 0.118434444 0.111999996
v -0.143169016 0.118434444 0.121999994
v -0.117166355 0.165922195 0.121999994
v -0.13931419 0.128398478 0.068657279
v -0.1174573 0.165603608 0.0655207261
v -0.113735847 0.169449866 0.121999994
v -0.128285006 0.146799982 0.0655725151
v -0.113735832 0.169449836 0.0646994486
v -0.105306163 0.167650655 0.121999994
v -0.114151806 0.169585183 0.0643384308
v -0.120140739 0.167142212 0.0625867099
v -0.114794903 0.172564611 0.0614580289
v -0.105065592 0.170298532 0.0606757849
v -0.105306178 0.167650655 0.0636653379
v -0.0952647477 0.174957559 0.0611815117
v -0.104497507 0.168239087 0.0628534406
v -0.136247382 0.146351337 0.0664541051
v -0.126076326 0.170962065 0.0628084913
v -0.119068526 0.178170517 0.0613183789
v -0.150937065 0.124734439 0.0702595785
v -0.165452003 0.136441797 0.0986431986
v -0.169659436 0.106590189 0.0741237402
v -0.0952647477 0.174957559 0.12823005
v -0.0645684227 0.183352783 0.122072101
v -0.0743469521 0.181162447 0.0582300089
v -0.0653237328 0.183251515 0.130668625
v -0.100028977 0.184075356 0.143627092
v -0.113092333 0.161984801 0.126472846
v -0.113092333 0.161984801 0.121999994
v -0.121938035 0.168030873 0.141081706
v -0.115144603 0.154190049 0.126168117
v -0.11514426 0.154189944 0.121999994
v -0.115286291 0.152441159 0.125799879
v -0.115298823 0.152598381 0.121999994
v -0.114943013 0.151039407 0.121999994
v -0.121058553 0.177704483 0.141497105
v -0.125987262 0.165260762 0.140638798
v -0.106863037 0.187577531 0.14323169
v -0.127945527 0.144912943 0.140112668
v -0.133998141 0.14718093 0.139584094
v -0.114617042 0.15037927 0.125515178
v -0.114113249 0.149672478 0.121999994
v -0.128110543 0.143113971 0.140085459
v -0.101834565 0.187774137 0.143681943
v -0.0954982042 0.189542115 0.14432703
v -0.0543932281 0.195805833 0.148097411
v -0.0799708888 0.197448954 0.146190792
v -0.0574424677 0.215542242 0.149933711
v -0.0509634763 0.208261177 0.149728701
v -0.0510336757 0.209122121 0.149819553
v -0.0506118275 0.207486376 0.149672955
v -0.050809741 0.209949166 0.149933815
v -0.0502972081 0.207109332 0.149658546
v -0.0503153056 0.210656315 0.150060117
v -0.0496152677 0.21115081 0.150181979
v -0.0487916619 0.211379588 0.150285348
v -0.0479494482 0.211320013 0.150357142
v -0.0104361698 0.222067446 0.155740455
v -0.0471702181 0.210980341 0.150389969
v -0.0321329087 0.201086894 0.150514632
v -0.0499183871 0.206803322 0.149657637
v -0.0643847287 0.183335394 0.130562171
v -0.023080349 0.197945207 0.150867224
v -0.031753365 0.200780138 0.15050745
v -0.0314367861 0.200399831 0.150485009
v -0.0310856868 0.199620649 0.150413319
v -0.0310185254 0.19875887 0.150306731
v -0.0312432256 0.197937623 0.150181457
v -0.0317352451 0.197234571 0.150050297
v 0.02274362 0.208156809 0.157463685
v 0.0155972093 0.193619654 0.143087968
v -0.0174289886 0.186395198 0.139134273
v -0.0314908177 0.190877363 0.149257869
v -0.0324281752 0.19674316 0.149931058
v -0.0332541764 0.196511194 0.149835035
v -0.0341015682 0.196570128 0.149774477
v -0.0348810963 0.196909904 0.149754435
v 0.0290369391 0.213603929 0.159383342
v 0.0297568887 0.214078113 0.159580186
v 0.0285216179 0.21291481 0.15917559
v 0.0368989371 0.218517795 0.161539242
v 0.0305844806 0.214278847 0.15974085
v 0.0314229801 0.214192539 0.159848183
v 0.0321830884 0.213833943 0.159891158
v 0.0444800593 0.205244154 0.160044864
v 0.0823874995 0.205063745 0.167064145
v 0.0449596196 0.204806268 0.160029829
v 0.0282694288 0.212083921 0.158978879
v 0.0453131273 0.204253465 0.159970671
v 0.0481792875 0.200288028 0.159592807
v 0.0455105677 0.203628033 0.15987131
v 0.0455377176 0.202963099 0.15973641
v 0.0453869291 0.202310517 0.159575835
v 0.0450752676 0.201731145 0.15940538
v 0.0446320288 0.20126006 0.159237385
v 0.0440775827 0.200916246 0.159079328
v 0.0434592105 0.200728625 0.158944741
v 0.0321729593 0.168153301 0.150597095
v 0.0428186171 0.2007052 0.158841684
v 0.0421895385 0.200846806 0.158775285
v 0.0824241415 0.199971974 0.165914938
v 0.0837061033 0.204271004 0.167169467
v 0.0242595933 0.199737042 0.15606375
v 0.0416168012 0.201145172 0.158750296
v 0.0255995989 0.202869624 0.156832725
v 0.0124385403 0.179813445 0.151004523
v 0.0293198284 0.209734946 0.158673391
v 0.0887102932 0.170734629 0.131064475
v 0.131977037 0.173013821 0.136507496
v 0.128529578 0.173365399 0.122926004
v 0.0848305374 0.203057587 0.167138502
v 0.0837396681 0.200080708 0.166222513
v 0.131977037 0.173013836 0.120610103
v 0.134578422 0.173079833 0.137347713
v 0.128121763 0.172744244 0.120770745
v 0.0918258429 0.167229176 0.129206091
v 0.127072185 0.171145648 0.119530044
v 0.13070038 0.170806572 0.117338635
v 0.129458055 0.167715698 0.116325796
v 0.137878105 0.173820287 0.116645917
v 0.137918368 0.173836678 0.138879254
v 0.135412961 0.171653941 0.114408642
v 0.0849392563 0.200875148 0.166664496
v 0.0852116272 0.201837689 0.166943818
v 0.140564978 0.175425053 0.139989197
v 0.142594054 0.177278653 0.112127744
v 0.142813504 0.177551419 0.140755296
v 0.144571126 0.180672482 0.141056389
v 0.145337164 0.184308678 0.140771136
v 0.142813504 0.177551419 0.140755296
v 0.144899726 0.188204229 0.139920324
v 0.137878105 0.173820287 0.106490716
v 0.135085374 0.170954645 0.102370411
v 0.144596428 0.18073976 0.11589542
v 0.144571126 0.180672482 0.141056389
v 0.143226132 0.19175601 0.13874799
v 0.134839967 0.170061484 0.113270022
v 0.134831086 0.168369055 0.112131916
v 0.135044917 0.167534858 0.0995327011
v 0.135384932 0.166774824 0.110997036
v 0.135384932 0.166774824 0.110997036
v 0.136441797 0.165451974 0.109858289
v 0.136441797 0.165451974 0.0986431986
v 0.140372202 0.194668025 0.137756675
v 0.0823874995 0.205063745 0.167064145
v 0.147792622 0.156798169 0.10757716
v 0.131829068 0.145890564 0.138386473
v 0.14718093 0.133998141 0.139584094
v 0.0767311379 0.227403462 0.129528046
v 0.0368989371 0.218517795 0.161539242
v 0.160311595 0.14994213 0.105296046
v 0.125961527 0.168719187 0.120151669
v 0.00613468001 0.23992157 0.120400086
v -0.0104361698 0.222067446 0.155740455
v -0.0650590658 0.231013671 0.111194916
v -0.0574424677 0.215542242 0.149933711
v -0.0664007366 0.217841312 0.129518196
v -0.071934998 0.212758943 0.128494933
v -0.0799708888 0.197448954 0.146190792
v -0.0835434496 0.204168156 0.12655206
v -0.0954982042 0.189542115 0.14432703
v -0.0950170308 0.199530289 0.124717079
v -0.101834565 0.187774137 0.143681943
v -0.0797705427 0.215835854 0.108135462
v -0.100461774 0.199886605 0.123840891
v -0.0871379822 0.211024627 0.106605731
v -0.084655419 0.212325811 0.0943717137
v -0.0764044598 0.218791351 0.0951380804
v -0.109174497 0.188162759 0.143056527
v -0.0906843841 0.210034981 0.105769359
v -0.088567175 0.210478678 0.0939749703
v -0.0913006365 0.17892614 0.0583287291
v -0.0910496488 0.210013539 0.0936955512
v -0.0926659554 0.210177243 0.105237834
v -0.0941826776 0.21085766 0.10477449
v -0.0928171128 0.210218236 0.0934733078
v -0.111215673 0.189393967 0.14293623
v -0.0954748765 0.212106362 0.104311138
v -0.094229877 0.210890099 0.093272388
v -0.113896318 0.188987002 0.142667428
v -0.111618534 0.18965131 0.14291282
v -0.113492511 0.189388275 0.142725646
v -0.102093764 0.177442446 0.0596155189
v -0.0963097736 0.212809294 0.104237765
v -0.112079017 0.189783946 0.14287737
v -0.11304757 0.189648315 0.142780513
v -0.112556122 0.189784288 0.142833218
v -0.0972813964 0.213778198 0.104351386
v -0.0988963693 0.214542463 0.104269683
v -0.112556122 0.189784288 0.142833218
v -0.100958489 0.214884102 0.103941232
v -0.11304757 0.189648315 0.142780513
v -0.0958596841 0.212572113 0.0929370224
v -0.0972813964 0.213778198 0.104351386
v -0.102980137 0.214616135 0.103329673
v -0.113492511 0.189388275 0.142725646
v -0.0972448885 0.213754728 0.0924813747
v -0.0988963693 0.214542463 0.104269683
v -0.0989029184 0.214544579 0.0922538191
v -0.113664567 0.179885581 0.0605722256
v -0.10083776 0.214848518 0.0922634676
v -0.104158416 0.214161292 0.103067189
v -0.113896318 0.188987002 0.142667428
v -0.115085706 0.179971755 0.0607121512
v -0.102632768 0.214663103 0.0924522206
v -0.111927375 0.179532006 0.0604272
v -0.11643628 0.179762036 0.0608756915
v -0.104158342 0.214161143 0.0926202461
v -0.117756307 0.179155588 0.0610776059
v -0.0964329988 0.176580265 0.0591125488
v -0.077112034 0.182410747 0.0564763211
v -0.1232768 0.202138394 0.102442175
v -0.116400793 0.207104653 0.0926824585
v -0.127639875 0.198539928 0.0927475616
v -0.133823991 0.192734808 0.102043763
v -0.126303777 0.165571958 0.139916554
v -0.143081695 0.182059035 0.101646371
v -0.143081576 0.18205896 0.0928549916
v -0.146757632 0.168266997 0.0944622308
v -0.152457982 0.155181333 0.0960704386
v -0.14994213 0.16031158 0.105296046
v -0.156798169 0.147792622 0.10757716
v -0.145890564 0.131829068 0.138386473
v -0.127779037 0.14180772 0.140107214
v -0.127177536 0.140870243 0.140155211
v -0.132122308 0.123027787 0.13979511
v -0.113785148 0.14932318 0.125543103
v -0.112894379 0.148637429 0.121999994
v -0.126307249 0.140148729 0.140227377
v -0.112682655 0.148516461 0.125720218
v -0.111411095 0.148040071 0.121999994
v -0.125153974 0.139669895 0.140323877
v -0.111363761 0.148029625 0.126031488
v -0.109815061 0.14794156 0.121999994
v -0.123687923 0.139503002 0.140446186
v -0.109932229 0.147931337 0.126422465
v -0.108269557 0.148351938 0.121999994
v -0.120215788 0.140434653 0.140732899
v -0.120215788 0.140434653 0.140732899
v -0.107879244 0.148525998 0.126631558
v -0.0950521529 0.153781861 0.121999994
v -0.0664930269 0.160301343 0.144420207
v -0.0677521899 0.162189886 0.129151925
v -0.0815297812 0.158400163 0.121999994
v -0.0677522048 0.162189901 0.121999994
v -0.0603476837 0.175171182 0.130326256
v -0.059941262 0.175883517 0.121999994
v -0.0510179326 0.18738085 0.147484958
v -0.0598281287 0.176131204 0.130615577
v -0.0595664196 0.176705331 0.121999994
v -0.0594170317 0.177216828 0.130655959
v -0.0501657538 0.189303979 0.147740409
v -0.0593455546 0.177581176 0.121999994
v -0.0592851155 0.178446114 0.130443916
v -0.0592858642 0.178482473 0.121999994
v -0.0497983508 0.191082418 0.147951812
v -0.0594704747 0.179712251 0.130212039
v -0.059486784 0.179769069 0.12209481
v -0.0599566437 0.180864975 0.130049288
v -0.0600312203 0.180989668 0.122163855
v -0.0498527549 0.192657739 0.148113728
v -0.060696993 0.181843773 0.129984781
v -0.0608807467 0.18202354 0.122197844
v -0.0502365753 0.193876341 0.148214072
v -0.061643403 0.182606488 0.130030632
v -0.0619734749 0.182794794 0.122193232
v -0.0508469902 0.194772586 0.148262724
v -0.0501657538 0.189303979 0.147740409
v -0.0510179326 0.18738085 0.147484958
v -0.0516456589 0.195402205 0.148267955
v -0.0527731776 0.195806399 0.148223206
v -0.0627464205 0.183118448 0.130193874
v -0.0632324368 0.183248952 0.122150123
v -0.0634272099 0.183286831 0.130342528
v -0.0446230732 0.164684534 0.145615622
v -0.0664930269 0.160301343 0.144420207
v -0.0283782482 0.169470519 0.136351839
v -0.0215482395 0.182962507 0.138398141
v -0.0285045467 0.16907236 0.136299983
v -0.0255989395 0.168046668 0.136283979
v 0.0111831194 0.181906536 0.140527159
v -0.0262522772 0.167867735 0.136238694
v 0.0163641591 0.190592736 0.142605335
v -0.026891768 0.167815983 0.136209622
v 0.0168115199 0.191677406 0.1428532
v -0.0449479148 0.163642973 0.145506918
v 0.0168828703 0.192576066 0.143028155
v 0.0242595933 0.199737042 0.15606375
v 0.0163641591 0.190592736 0.142605335
v 0.0124385403 0.179813445 0.151004523
v 0.0111831194 0.181906536 0.140527159
v -0.0376782678 0.161108971 0.145508334
v -0.0255989395 0.168046668 0.136283979
v -0.0262522772 0.167867735 0.136238694
v -0.0393494777 0.16065529 0.145411253
v -0.0409469791 0.160524115 0.145349354
v 0.0167399999 0.193099767 0.143110767
v -0.0274871271 0.167891502 0.136197418
v 0.0158706903 0.193650693 0.143122151
v 0.0260226578 0.205062196 0.157311529
v 0.0165529791 0.193371251 0.143141672
v 0.0256141424 0.206743687 0.157579973
v 0.0289505087 0.210050479 0.158682227
v 0.0286472496 0.210434571 0.158713624
v 0.0161034502 0.193625465 0.143141791
v 0.0245193001 0.208018646 0.157676086
v 0.028316021 0.211219892 0.158818543
v 0.0163472798 0.193531603 0.143149912
v -0.0456934683 0.154585317 0.120607115
v -0.0449244007 0.155856848 0.120726861
v -0.0437998995 0.156856388 0.120835923
v -0.042405881 0.157482594 0.120922349
v -0.0408828296 0.157658264 0.120973296
v -0.0393860675 0.157367066 0.120980315
v -0.0380494669 0.156640455 0.1209407
v -0.019933233 0.161797404 0.121944778
v -0.0170007888 0.174465686 0.123753563
v -0.01923359 0.179516509 0.124323286
v -0.0199999996 0.185000002 0.125022575
v -0.013563009 0.170301542 0.123337016
v -0.0188755989 0.191611439 0.126013517
v -0.00925907027 0.167272359 0.123087697
v -0.00439254986 0.165488318 0.123025469
v 0.000668569992 0.165011168 0.123176955
v 0.0705571473 0.158496931 0.128594771
v 0.00554955984 0.165785372 0.123552568
v 0.00999027025 0.167673871 0.124141715
v 0.0138561195 0.170577496 0.12492945
v 0.0170229692 0.174501479 0.125905544
v 0.0192237403 0.179481909 0.12704058
v 0.0199999977 0.185000002 0.128165424
v -0.0515183397 0.21287781 0.125946313
v -0.0210436992 0.211305648 0.128594771
v -0.0155506497 0.197576836 0.127125368
v -0.0122920889 0.200776711 0.127877712
v -0.00839891005 0.203150973 0.128594771
v 0.0198635403 0.187332347 0.128594771
v -0.0296334792 0.217440024 0.128594771
v -0.0064044199 0.219517916 0.128594771
v 0.016907189 0.218828708 0.128594771
v 0.0435522869 0.211752623 0.128594771
v 0.0399729088 0.215382114 0.128594771
v 0.0670761541 0.169881359 0.128594771
v 0.0678927377 0.168624371 0.128594771
v 0.077105999 0.158258066 0.128594771
v 0.0666688457 0.171323881 0.128594771
v 0.0667074099 0.172822341 0.128594771
v 0.0671883672 0.17424199 0.128594771
v 0.0646764264 0.196495295 0.128594771
v 0.0680685043 0.175455332 0.128594771
v 0.0195008386 0.189440385 0.128594771
v 0.0692687333 0.176353261 0.128594771
v 0.0743091106 0.197554544 0.128594771
v 0.0800663456 0.195502087 0.128594771
v 0.0857285783 0.184006929 0.128594771
v 0.0857586563 0.193275884 0.128594771
v 0.0871653706 0.184889659 0.128594771
v 0.0871896818 0.192383856 0.128594771
v 0.0882269964 0.186199814 0.128594771
v 0.0882427841 0.191066831 0.128594771
v 0.0887927189 0.187788367 0.128594771
v 0.0887981877 0.189474642 0.128594771
v 0.0684922487 0.19943139 0.128594771
v 0.0567905717 0.202629879 0.134334177
v 0.0513542481 0.203861892 0.135616124
v 0.0368986093 0.207490027 0.138726607
v 0.0490049608 0.206234962 0.137690097
v 0.0178957693 0.193929821 0.13124758
v 0.0147258304 0.198533282 0.134221122
v 0.0094065899 0.202649817 0.134377331
v 0.00299899979 0.204773858 0.134058729
v -0.00280022994 0.20480299 0.133467719
v -0.0187393893 0.209747523 0.132654086
v -0.00839891005 0.203150973 0.132659316
v -0.211084858 0.0283512995 0.15488416
v -0.209734946 0.0293198097 0.154759988
v -0.210325941 0.028721001 0.154791042
v -0.213833943 0.0321830772 0.155933678
v -0.211937651 0.0282561481 0.155031532
v -0.212773398 0.0284553096 0.155215502
v -0.213498294 0.0289313905 0.155416891
v -0.214015514 0.0296234004 0.155609816
v -0.205244139 0.0444800518 0.156024754
v -0.214070275 0.0317638405 0.155919522
v -0.214266002 0.0304483511 0.155771971
v -0.214224041 0.0312974304 0.155883074
v -0.201145142 0.0416167788 0.154776335
v -0.204812229 0.0449545719 0.156007707
v -0.204266965 0.0453068018 0.155949146
v -0.200847045 0.0421889201 0.15479736
v -0.203653231 0.0455060005 0.155853465
v -0.200705007 0.0428205654 0.154858798
v -0.202990606 0.0455400497 0.155722857
v -0.200729206 0.0434627011 0.154956058
v -0.202344492 0.0453994423 0.155569568
v -0.200920314 0.0440865159 0.15508537
v -0.201755419 0.0450925902 0.15540348
v -0.201271608 0.04464617 0.155238837
v -0.136867613 0.0911843926 0.144825891
v -0.136867523 0.0911843628 0.140294954
v -0.141995966 0.0943802893 0.145239368
v -0.141293108 0.0939422771 0.148659438
v -0.153311089 0.101431198 0.143579423
v -0.155139565 0.102571167 0.139375284
v -0.155139297 0.102570958 0.141997576
v -0.159035876 0.099107787 0.142370448
v -0.159035951 0.0991078615 0.139062405
v -0.145609125 0.0907405838 0.145266101
v -0.143505365 0.0894294903 0.149245411
v -0.139673248 0.0870414153 0.145933792
v -0.139673248 0.0870414153 0.140626058
v -0.145609125 0.0907405838 0.145266101
v -0.159035951 0.0991078615 0.139062405
v -0.155139565 0.102571167 0.139375284
v -0.141995966 0.0943802893 0.145239368
v -0.139673248 0.0870414153 0.140626058
v -0.136867523 0.0911843628 0.140294954
v -0.134432897 0.0947793871 0.121999994
v -0.134432897 0.0947793871 0.144574806
v -0.136867613 0.0911843926 0.144825891
v -0.13861005 0.0978476182 0.148391828
v -0.141293108 0.0939422771 0.148659438
v -0.153311089 0.101431198 0.143579423
v -0.137279898 0.0994148999 0.148359492
v -0.133172542 0.096160762 0.144563943
v -0.146877944 0.0764028504 0.121999994
v -0.133055776 0.0962542892 0.121999994
v -0.135411307 0.100839123 0.148486897
v -0.131526738 0.0971446112 0.144835308
v -0.131292686 0.0972357839 0.121999994
v -0.146877944 0.0764028504 0.148036823
v -0.139673248 0.0870414153 0.145933792
v -0.143505365 0.0894294903 0.149245411
v -0.151764363 0.0717607886 0.152202427
v -0.132750645 0.10196387 0.148848772
v -0.129579082 0.0976131037 0.145362645
v -0.129313558 0.0976292863 0.121999994
v -0.157817364 0.0328851901 0.142483637
v -0.157817364 0.0328851901 0.121999994
v -0.127512321 0.0974498615 0.146087095
v -0.127309114 0.0973968655 0.121999994
v -0.158473358 0.0302755795 0.144356474
v -0.169664413 0.00260783988 0.148441538
v -0.165159866 0.0036761798 0.143565819
v -0.168153316 0.0321729705 0.150597021
v -0.161531314 0.0618288778 0.152959406
v -0.14775309 0.017590655 0.1414143
v -0.158472463 0.0302791502 0.144353896
v -0.147389129 0.0134328026 0.143279999
v -0.163441688 0.0105112409 0.143516779
v -0.164688736 0.00555043202 0.143296346
v -0.165024981 0.00421277992 0.143235236
v -0.146934509 -0.0166285466 0.142597809
v -0.159035876 0.099107787 0.142370448
v -0.143505365 0.0894294903 0.149245411
v -0.170734629 0.0887102932 0.131064475
v -0.168153316 0.0321729705 0.150597021
v -0.159035951 0.0991078615 0.139062405
v -0.138817593 0.00401147828 0.120967478
v -0.157817364 0.0328851901 0.111999996
v -0.138817608 0.00401146384 0.111999996
v -0.137994632 0.00121885294 0.111999996
v -0.147131041 0.0138153983 0.142855927
v -0.137998566 0.000631451607 0.121999994
v -0.137621656 -0.010211925 0.121999986
v -0.13752538 -0.0114355655 0.111999996
v -0.146934509 -0.0166285466 0.142597809
v -0.136394024 -0.0209921598 0.121999986
v -0.135898128 -0.0239936821 0.111999996
v -0.134323269 -0.0316426381 0.12199989
v -0.133126631 -0.036349766 0.152720377
v -0.133126631 -0.036349766 0.111999996
v -0.1347121 -0.0309026781 0.155561894
v -0.157381624 -0.00471367361 0.145999312
v -0.165024981 0.00421277992 0.143235236
v -0.160774782 -0.011114697 0.153289124
v -0.165350884 0.00207816996 0.144707382
v -0.164324895 -0.00361205987 0.147202298
v -0.165635437 -0.0109016495 0.147057459
v -0.17981346 0.0124385497 0.151004419
v -0.166167885 -0.0240860879 0.146565422
v -0.20038721 0.0246453322 0.156228855
v -0.200846806 0.042189531 0.158775285
v -0.201145172 0.04161679 0.158750296
v -0.2007052 0.0428186059 0.158841684
v -0.200728625 0.0434591994 0.158944741
v -0.202071816 0.0254598521 0.156659633
v -0.200288028 0.0481792763 0.159592807
v -0.200916246 0.0440775715 0.159079328
v -0.20126006 0.0446320176 0.159237385
v -0.201731145 0.0450752564 0.15940538
v -0.202310517 0.0453869179 0.159575835
v -0.202963099 0.0455377102 0.15973641
v -0.203628033 0.0455105565 0.15987131
v -0.204253465 0.0453131199 0.159970671
v -0.170734629 0.0887102932 0.131064475
v -0.199971974 0.082424134 0.165914938
v -0.205063745 0.0823874921 0.167064145
v -0.204806268 0.0449596122 0.160029829
v -0.205244154 0.0444800518 0.160044864
v -0.204791725 0.0829527229 0.167124376
v -0.218517795 0.0368989296 0.161539242
v -0.204271004 0.0837060884 0.167169467
v -0.213833943 0.0321830772 0.159891158
v -0.214192539 0.031422969 0.159848183
v -0.214278847 0.0305844713 0.15974085
v -0.214078113 0.0297568794 0.159580186
v -0.222067446 -0.0104361791 0.155740455
v -0.213603929 0.0290369298 0.159383342
v -0.208156809 0.0227436107 0.157463685
v -0.21291481 0.0285216086 0.15917559
v -0.212083921 0.0282694194 0.158978879
v -0.203769282 0.0842913985 0.167182729
v -0.208221987 0.0237880293 0.157616124
v -0.211219892 0.0283160117 0.158818543
v -0.208018646 0.0245192908 0.157676086
v -0.210434571 0.0286472403 0.158713624
v -0.207662687 0.0250592306 0.157681197
v -0.210050479 0.0289504994 0.158682227
v -0.207123697 0.0255091302 0.157638893
v -0.209734946 0.0293198191 0.158673391
v -0.193531603 0.0163472705 0.143149912
v -0.193625465 0.0161034409 0.143141791
v -0.193371251 0.0165529717 0.143141672
v -0.193650693 0.015870681 0.143122151
v -0.193619654 0.015597201 0.143087968
v -0.197945207 -0.0230803564 0.150867224
v -0.206340581 0.0258556791 0.157535344
v -0.193099767 0.0167399924 0.143110767
v -0.201086894 -0.0321329162 0.150514632
v -0.200780138 -0.0317533389 0.15050745
v -0.200399831 -0.0314367861 0.150485009
v -0.210980341 -0.0471701883 0.150389969
v -0.211320013 -0.0479494184 0.150357142
v -0.215542242 -0.0574424379 0.149933711
v -0.211379588 -0.0487916321 0.150285348
v -0.199620649 -0.0310856607 0.150413319
v -0.21115081 -0.0496152379 0.150181979
v -0.19875887 -0.0310185254 0.150306731
v -0.210656315 -0.0503152795 0.150060117
v -0.197937623 -0.0312431995 0.150181457
v -0.209949166 -0.0508097112 0.149933815
v -0.209122121 -0.0510336496 0.149819553
v -0.208261177 -0.0509634465 0.149728701
v -0.197234571 -0.0317352563 0.150050297
v -0.195805833 -0.0543931983 0.148097411
v -0.197448954 -0.079970859 0.146190792
v -0.207486376 -0.0506118014 0.149672955
v -0.207109332 -0.0502971783 0.149658546
v -0.189542115 -0.0954981819 0.14432703
v -0.184075356 -0.100028954 0.143627092
v -0.187774137 -0.101834536 0.143681943
v -0.206803322 -0.049918361 0.149657637
v -0.187577531 -0.106863007 0.14323169
v -0.177704498 -0.121058531 0.141497105
v -0.188162774 -0.109174468 0.143056527
v -0.190877363 -0.0314908251 0.149257869
v -0.19674316 -0.0324281491 0.149931058
v -0.196511194 -0.0332541503 0.149835035
v -0.196570128 -0.0341015421 0.149774477
v -0.196909904 -0.0348810703 0.149754435
v -0.186395198 -0.0174289979 0.139134273
v -0.199886605 -0.100461751 0.123840891
v -0.187774137 -0.101834536 0.143681943
v -0.199530289 -0.095017001 0.124717079
v -0.189542115 -0.0954981819 0.14432703
v -0.204168156 -0.0835434198 0.12655206
v -0.197448954 -0.079970859 0.146190792
v -0.212758943 -0.0719349682 0.128494933
v -0.215542242 -0.0574424379 0.149933711
v -0.217841312 -0.0664007068 0.129518196
v -0.231013671 -0.0650590509 0.111194916
v -0.222067446 -0.0104361791 0.155740455
v -0.215835854 -0.0797705129 0.108135462
v -0.211024627 -0.0871379524 0.106605731
v -0.212325811 -0.0846553892 0.0943717137
v -0.23992157 0.00613466976 0.120400086
v -0.218517795 0.0368989296 0.161539242
v -0.218791351 -0.07640443 0.0951380804
v -0.227403462 0.0767311305 0.129528046
v -0.205063745 0.0823874921 0.167064145
v -0.19466804 0.140372202 0.137756675
v -0.204791725 0.0829527229 0.167124376
v -0.19175604 0.143226132 0.13874799
v -0.204271004 0.0837060884 0.167169467
v -0.227415383 0.0766957626 0.114421435
v -0.19466804 0.140372202 0.122587524
v -0.192751765 0.142458096 0.122704834
v -0.239922971 0.00607886026 0.105365276
v -0.197184503 0.101548024 0.073415108
v -0.204661116 0.0842039362 0.0709775388
v -0.195575327 0.103928052 0.0737495869
v -0.190395117 0.144039452 0.122170091
v -0.188204244 0.144899711 0.139920324
v -0.229881227 0.050634522 0.100583702
v -0.232062504 -0.0390374511 0.0898618996
v -0.235307902 0.00643057935 0.0954039544
v -0.232334584 0.00654303003 0.0931460559
v -0.226906642 0.0512664206 0.0984140784
v -0.231013671 -0.0650590509 0.0962422937
v -0.229773223 -0.037785802 0.0882306844
v -0.22204721 -0.0610228591 0.0770105273
v -0.222834274 -0.0559899993 0.07650581
v -0.220420092 -0.0546555966 0.0747670084
v -0.193063408 -0.066754289 0.0595549196
v -0.22895889 -0.0383302495 0.0876487792
v -0.215874031 -0.0516574271 0.0754170194
v -0.186841294 -0.0765038282 0.0561150312
v -0.219591558 -0.0355115868 0.0867697597
v -0.222708464 0.00305438042 0.0911545381
v -0.219465092 -0.0356823467 0.0867379755
v -0.219587192 0.00212452025 0.0937379822
v -0.218374908 0.0417034291 0.0952495188
v -0.215365022 0.0400539376 0.0978001729
v -0.214900225 -0.0507626198 0.0771496668
v -0.187474549 -0.06392546 0.0598172359
v -0.216398299 -0.0358987786 0.0893534943
v -0.226209193 0.0507911667 0.0981968492
v -0.206887543 0.053095907 0.0945544988
v -0.203861892 0.0513542406 0.0971315205
v -0.215382114 0.0399729013 0.09783905
v -0.215365022 0.0400539376 0.0978001729
v -0.202711046 0.0817770213 0.0706364587
v -0.205361873 0.0596999861 0.0952382535
v -0.184510991 -0.0639802739 0.0605264902
v -0.21287781 -0.0515183099 0.0782414004
v -0.185543373 -0.0647877306 0.0588660985
v -0.217440024 -0.0296334792 0.128594771
v -0.21287781 -0.0515183099 0.125946313
v -0.219517916 -0.00640442967 0.128594771
v -0.218828708 0.0169071797 0.128594771
v -0.215382114 0.0399729013 0.128594771
v -0.211752623 0.0435522795 0.128594771
v -0.183352783 -0.0645684004 0.122072101
v -0.183352813 -0.0645684078 0.0611880012
v -0.183831498 -0.0651746914 0.0600897186
v -0.183251649 -0.0653237402 0.0604921281
v -0.174957559 -0.0952647179 0.12823005
v -0.174957559 -0.0952647179 0.0611815117
v -0.181162447 -0.0743469298 0.0582300089
v -0.182579666 -0.0683928356 0.0589228682
v -0.185288712 -0.0655004606 0.0584711395
v -0.184448034 -0.0678870156 0.0574226789
v -0.189937741 -0.0689988509 0.0577561185
v -0.187218085 -0.073952958 0.056274429
v -0.187993944 -0.0717806593 0.0566786081
v -0.183717698 -0.0704313442 0.0567203276
v -0.181884691 -0.0713917464 0.0582028367
v -0.182873517 -0.0747466981 0.0563162901
v -0.182410747 -0.0771120116 0.0564763211
v -0.185240224 -0.07856258 0.056331791
v -0.17892614 -0.0913006067 0.0583287291
v -0.176580265 -0.096432969 0.0591125488
v -0.170298532 -0.105065562 0.0606757849
v -0.210478678 -0.0885671526 0.0939749703
v -0.210034981 -0.0906843543 0.105769359
v -0.210013539 -0.091049619 0.0936955512
v -0.177442446 -0.102093734 0.0596155189
v -0.210177243 -0.0926659256 0.105237834
v -0.210218236 -0.092817083 0.0934733078
v -0.21085766 -0.0941826478 0.10477449
v -0.210890099 -0.0942298472 0.093272388
v -0.212106362 -0.0954748541 0.104311138
v -0.212572113 -0.0958596617 0.0929370224
v -0.21308051 -0.0967145264 0.104242764
v -0.189123645 -0.110767432 0.142962649
v -0.188987017 -0.113896288 0.142667428
v -0.189517245 -0.111402236 0.142925486
v -0.18938829 -0.113492489 0.142725646
v -0.213984087 -0.0977164283 0.104329377
v -0.213984087 -0.0977164283 0.104329377
v -0.189739153 -0.111965254 0.142885447
v -0.189648345 -0.11304754 0.142780513
v -0.189784318 -0.112556092 0.142833218
v -0.21461381 -0.0993270874 0.104201078
v -0.189784318 -0.112556092 0.142833218
v -0.214794993 -0.101352997 0.103833467
v -0.189648345 -0.11304754 0.142780513
v -0.213754728 -0.0972448587 0.0924813747
v -0.21461381 -0.0993270874 0.104201078
v -0.179532021 -0.111927345 0.0604272
v -0.172564641 -0.114794873 0.0614580289
v -0.214544579 -0.0989028886 0.0922538191
v -0.180025205 -0.114741512 0.0606704801
v -0.214161292 -0.104158387 0.103067189
v -0.18938829 -0.113492489 0.142725646
v -0.188987017 -0.113896288 0.142667428
v -0.214848518 -0.100837737 0.0922634676
v -0.214663103 -0.102632739 0.0924522206
v -0.202138424 -0.123276778 0.102442175
v -0.179762051 -0.116436251 0.0608756915
v -0.214161143 -0.104158312 0.0926202461
v -0.179155618 -0.117756277 0.0610776059
v -0.178170547 -0.119068496 0.0613183789
v -0.207104683 -0.116400763 0.0926824585
v -0.198539943 -0.12763986 0.0927475616
v -0.192734823 -0.133823961 0.102043763
v -0.167142242 -0.120140709 0.0625867099
v -0.17096208 -0.126076296 0.0628084913
v -0.169585198 -0.114151783 0.0643384308
v -0.18205905 -0.143081665 0.101646371
v -0.165571973 -0.126303762 0.139916554
v -0.182058975 -0.143081546 0.0928549916
v -0.168267012 -0.146757603 0.0944622308
v -0.146799996 -0.128284991 0.0655725151
v -0.146351367 -0.136247352 0.0664541051
v -0.155181363 -0.152457967 0.0960704386
v -0.165603638 -0.117457271 0.0655207261
v -0.138239741 -0.129320145 0.0697266683
v -0.128398493 -0.139314175 0.068657279
v -0.160311595 -0.149942115 0.105296046
v -0.14718096 -0.133998126 0.139584094
v -0.124734454 -0.150937051 0.0702595785
v -0.136441812 -0.165451974 0.0986431986
v -0.103439726 -0.162421659 0.0736953318
v -0.106590219 -0.169659436 0.0741237402
v -0.114004292 -0.147051811 0.0740294904
v -0.165260792 -0.125987232 0.140638798
v -0.168030888 -0.121938005 0.141081706
v -0.147792637 -0.156798154 0.10757716
v -0.131829083 -0.145890534 0.138386473
v -0.144912958 -0.127945513 0.140112668
v -0.136441812 -0.165451974 0.109858289
v -0.12945807 -0.167715698 0.116325796
v -0.135136873 -0.168395475 0.100298457
v -0.134831116 -0.168369055 0.112131916
v -0.104471549 -0.172772646 0.0738259703
v -0.0896605253 -0.178254843 0.0717444196
v -0.103667855 -0.176065326 0.0737130195
v -0.103999965 -0.179439902 0.0737596899
v -0.135450259 -0.171329036 0.102908723
v -0.105429918 -0.182508349 0.0739606246
v -0.13787812 -0.173820287 0.106490716
v -0.140445277 -0.175254315 0.109249979
v -0.142594069 -0.177278653 0.112127744
v -0.0912013724 -0.185350224 0.0719609708
v -0.0918893516 -0.187739655 0.0720576569
v -0.106699191 -0.185073465 0.0741390511
v -0.107190423 -0.187875509 0.0742080882
v -0.135412991 -0.171653941 0.114408642
v -0.13787812 -0.173820287 0.106490716
v -0.106870174 -0.190708086 0.0741630793
v -0.144596443 -0.18073976 0.11589542
v -0.142813534 -0.177551419 0.140755296
v -0.140565008 -0.175425053 0.139989197
v -0.144571155 -0.180672482 0.141056389
v -0.140445277 -0.175254315 0.109249979
v -0.145336226 -0.184293374 0.118856333
v -0.145337179 -0.184308678 0.140771136
v -0.145067215 -0.187537953 0.12090835
v -0.144899741 -0.188204229 0.139920324
v -0.13787812 -0.173820287 0.116645917
v -0.105753474 -0.193354011 0.0740061328
v -0.144039482 -0.190395102 0.122170091
v -0.136473864 -0.172954857 0.115537457
v -0.0917804614 -0.190221518 0.0720423609
v -0.103928074 -0.195575327 0.0737495869
v -0.143226147 -0.19175601 0.13874799
v -0.142458126 -0.19275175 0.122704834
v -0.101548046 -0.197184503 0.073415108
v -0.101548046 -0.197184503 0.073415108
v -0.0842914283 -0.203769282 0.167182729
v -0.145337179 -0.184308678 0.140771136
v -0.0837061182 -0.204271004 0.167169467
v -0.0829527527 -0.204791725 0.167124376
v -0.140372232 -0.194668025 0.137756675
v -0.0823875219 -0.205063745 0.167064145
v -0.140372232 -0.194668025 0.122587524
v -0.0767311528 -0.227403462 0.129528046
v -0.0368989594 -0.218517795 0.161539242
v -0.0766957849 -0.227415383 0.114421435
v -0.084203966 -0.204661116 0.0709775388
v -0.00613470143 -0.23992157 0.120400086
v 0.0104361605 -0.222067446 0.155740455
v 0.0650590509 -0.231013671 0.111194916
v 0.057442449 -0.215542242 0.149933711
v -0.00607889146 -0.239922971 0.105365276
v -0.0506345481 -0.229881227 0.100583702
v 0.0664007142 -0.217841312 0.129518196
v 0.0719349831 -0.212758943 0.128494933
v 0.0799708664 -0.197448954 0.146190792
v 0.0835434347 -0.204168156 0.12655206
v 0.0954981893 -0.189542115 0.14432703
v 0.0797705203 -0.215835854 0.108135462
v 0.0950170085 -0.199530289 0.124717079
v 0.101834543 -0.187774137 0.143681943
v 0.0871379673 -0.211024627 0.106605731
v 0.0846553966 -0.212325811 0.0943717137
v 0.0764044374 -0.218791351 0.0951380804
v 0.100461759 -0.199886605 0.123840891
v 0.106863022 -0.187577531 0.14323169
v 0.0906843618 -0.210034981 0.105769359
v 0.0885671601 -0.210478678 0.0939749703
v 0.0926659405 -0.210177243 0.105237834
v 0.0910496339 -0.210013539 0.0936955512
v 0.0913006216 -0.17892614 0.0583287291
v 0.0650590584 -0.231013671 0.0962422937
v 0.0610228665 -0.22204721 0.0770105273
v 0.0379791781 -0.232240722 0.0899933055
v 0.0559900068 -0.222834274 0.07650581
v -0.00643061008 -0.235307902 0.0954039544
v -0.0065430603 -0.232334584 0.0931460559
v 0.0371508077 -0.230717137 0.088908039
v 0.0546556078 -0.220420092 0.0747670084
v -0.0512664504 -0.226906642 0.0984140784
v 0.0383302197 -0.22895889 0.0876487792
v 0.0516574383 -0.215874031 0.0754170194
v 0.0667542964 -0.193063408 0.0595549196
v 0.0355115682 -0.219591558 0.0867697597
v 0.0765038356 -0.186841294 0.0561150312
v 0.0785625875 -0.185240224 0.056331791
v 0.0771120191 -0.182410747 0.0564763211
v -0.00305440952 -0.222708464 0.0911545381
v 0.0356823206 -0.219465092 0.0867379755
v -0.00212454889 -0.219587192 0.0937379822
v -0.0417034552 -0.218374908 0.0952495188
v -0.0400539674 -0.215365022 0.0978001729
v -0.0507911965 -0.226209193 0.0981968492
v -0.0530959368 -0.206887543 0.0945544988
v -0.0513542704 -0.203861892 0.0971315205
v -0.0399729274 -0.215382114 0.09783905
v -0.0400539674 -0.215365022 0.0978001729
v -0.0817770436 -0.202711046 0.0706364587
v -0.0597000159 -0.205361873 0.0952382535
v -0.059029486 -0.203766316 0.0965571851
v -0.0823736638 -0.196174785 0.0721218586
v -0.0514315069 -0.203845501 0.0970947817
v -0.0605589375 -0.201682314 0.0980469808
v -0.0831563547 -0.197361067 0.0708303228
v -0.087155968 -0.195775375 0.0713924319
v -0.0834835544 -0.194189578 0.0737422854
v -0.0892897993 -0.194463119 0.0716923103
v -0.0857586712 -0.193275884 0.0740663111
v -0.0908850431 -0.192542911 0.0719165057
v -0.0872256085 -0.192351609 0.0743838102
v -0.0882856622 -0.190987647 0.0746132508
v -0.088790223 -0.189520895 0.0747224614
v -0.0871897042 -0.192383856 0.128594771
v -0.0882428065 -0.191066831 0.128594771
v -0.0857586712 -0.193275884 0.128594771
v -0.0887982026 -0.189474642 0.128594771
v -0.080066368 -0.195502087 0.128594771
v -0.0743091255 -0.197554544 0.128594771
v -0.068492271 -0.19943139 0.128594771
v -0.0567905903 -0.202629879 0.134334177
v -0.0513542704 -0.203861892 0.135616124
v -0.0888398811 -0.188126504 0.0747331977
v -0.0887927413 -0.187788367 0.128594771
v -0.0435523055 -0.211752623 0.128594771
v -0.0490049794 -0.206234962 0.137690097
v -0.0368986279 -0.207490027 0.138726607
v 0.0187393706 -0.209747523 0.132654086
v 0.0210439395 -0.211305782 0.128594786
v -0.0399729274 -0.215382114 0.128594771
v -0.0169072095 -0.218828708 0.128594771
v 0.0064044008 -0.219517916 0.128594771
v 0.0296334494 -0.217440024 0.128594771
v -0.0885019302 -0.186771765 0.0746600553
v -0.0882270113 -0.186199814 0.128594771
v 0.0358987488 -0.216398299 0.0893534943
v 0.051518321 -0.21287781 0.125946313
v -0.0878743306 -0.185657188 0.0745242313
v -0.0871653929 -0.184889659 0.128594771
v 0.051518321 -0.21287781 0.0782414004
v 0.0645684078 -0.183352783 0.122072101
v 0.0507626273 -0.214900225 0.0771496668
v -0.089782685 -0.183299288 0.0717615858
v -0.0869815052 -0.184735924 0.0743309781
v 0.0639802888 -0.184510991 0.0605264902
v -0.086124368 -0.183861896 0.111976497
v -0.0857285932 -0.184006929 0.128594771
v -0.0865454525 -0.184344873 0.0741645619
v -0.0891122445 -0.182422534 0.0716673583
v 0.0645684153 -0.183352813 0.0611880012
v 0.064787738 -0.185543373 0.0588660985
v 0.0651746988 -0.183831498 0.0600897186
v -0.0692687482 -0.176353261 0.112258419
v -0.0692687482 -0.176353261 0.128594771
v 0.0653237477 -0.183251649 0.0604921281
v 0.0952647254 -0.174957559 0.12823005
v 0.0952647254 -0.174957559 0.0611815117
v 0.0743469372 -0.181162447 0.0582300089
v 0.0683928505 -0.182579666 0.0589228682
v 0.0678870305 -0.184448034 0.0574226789
v 0.0689988583 -0.189937741 0.0577561185
v 0.0739529654 -0.187218085 0.056274429
v 0.0717806742 -0.187993944 0.0566786081
v 0.0704313517 -0.183717698 0.0567203276
v 0.0747467056 -0.182873517 0.0563162901
v 0.0713917539 -0.181884691 0.0582028367
v 0.0964329764 -0.176580265 0.0591125488
v 0.105065569 -0.170298532 0.0606757849
v 0.102093741 -0.177442446 0.0596155189
v 0.0928170979 -0.210218236 0.0934733078
v 0.0954748616 -0.212106362 0.104311138
v 0.0942298546 -0.210890099 0.093272388
v 0.109174475 -0.188162774 0.143056527
v 0.121058539 -0.177704498 0.141497105
v 0.100028962 -0.184075356 0.143627092
v 0.113896303 -0.188987017 0.142667428
v 0.101834543 -0.187774137 0.143681943
v 0.0954981893 -0.189542115 0.14432703
v 0.0967879966 -0.213219568 0.10427238
v 0.111927353 -0.179532021 0.0604272
v 0.111215658 -0.189393997 0.14293623
v 0.111618519 -0.189651325 0.14291282
v 0.113492496 -0.18938829 0.142725646
v 0.0958596691 -0.212572113 0.0929370224
v 0.097802639 -0.214013174 0.104320876
v 0.112078995 -0.189783975 0.14287737
v 0.113047548 -0.189648345 0.142780513
v 0.1125561 -0.189784318 0.142833218
v 0.113664545 -0.179885596 0.0605722256
v 0.0972448736 -0.213754728 0.0924813747
v 0.0992624238 -0.214603111 0.104211375
v 0.100958467 -0.214884102 0.103941232
v 0.1125561 -0.189784318 0.142833218
v 0.113047548 -0.189648345 0.142780513
v 0.0989029035 -0.214544579 0.0922538191
v 0.102549277 -0.214673266 0.103460006
v 0.113492496 -0.18938829 0.142725646
v 0.100837745 -0.214848518 0.0922634676
v 0.11479488 -0.172564641 0.0614580289
v 0.104158401 -0.214161292 0.103067189
v 0.113896303 -0.188987017 0.142667428
v 0.102632746 -0.214663103 0.0924522206
v 0.116436258 -0.179762051 0.0608756915
v 0.10415832 -0.214161143 0.0926202461
v 0.123276785 -0.202138424 0.102442175
v 0.119068503 -0.178170547 0.0613183789
v 0.116400771 -0.207104683 0.0926824585
v 0.12763986 -0.198539943 0.0927475616
v 0.133823976 -0.192734823 0.102043763
v 0.120140724 -0.167142242 0.0625867099
v 0.126076311 -0.17096208 0.0628084913
v 0.114151791 -0.169585198 0.0643384308
v 0.14308168 -0.18205905 0.101646371
v 0.126303762 -0.165571973 0.139916554
v 0.143081561 -0.182058975 0.0928549916
v 0.146757603 -0.168267012 0.0944622308
v 0.128284991 -0.146799996 0.0655725151
v 0.136247367 -0.146351352 0.0664541051
v 0.152457982 -0.155181348 0.0960704386
v 0.165451974 -0.136441812 0.0986431986
v 0.14994213 -0.160311595 0.105296046
v 0.133998141 -0.147180945 0.139584094
v 0.125987247 -0.165260792 0.140638798
v 0.121938013 -0.168030888 0.141081706
v 0.117457286 -0.165603638 0.0655207261
v 0.129320145 -0.138239726 0.0697266683
v 0.139314175 -0.128398478 0.068657279
v 0.113735825 -0.169449881 0.121999994
v 0.117166333 -0.165922225 0.121999994
v 0.127885088 -0.140795454 0.121999994
v 0.127945513 -0.144912943 0.140112668
v 0.150937051 -0.124734446 0.0702595785
v 0.162421659 -0.103439718 0.0736953318
v 0.169659436 -0.106590211 0.0741237402
v 0.147051811 -0.114004284 0.0740294904
v 0.143169016 -0.118434452 0.088889949
v 0.143169016 -0.118434452 0.111999996
v 0.143169016 -0.118434452 0.121999994
v 0.145247489 -0.116015404 0.0774391368
v 0.145778522 -0.113066651 0.075583525
v 0.154333249 -0.10662891 0.0755319744
v 0.144896165 -0.113492012 0.0770494863
v 0.134535342 -0.105821587 0.118485332
v 0.150296509 -0.105047815 0.0792482942
v 0.152187586 -0.105055057 0.0781172812
v 0.135397434 -0.112680927 0.119970649
v 0.143169016 -0.118434452 0.111999996
v 0.143169016 -0.118434452 0.121999994
v 0.134683475 -0.112152375 0.121999994
v 0.133971348 -0.105404049 0.119900748
v 0.133358404 -0.107247524 0.121999994
v 0.133080587 -0.104744583 0.121026583
v 0.132032245 -0.104413427 0.121999994
v 0.131951973 -0.103909045 0.121750407
v 0.130698189 -0.102980822 0.121999994
v 0.156742766 -0.103599072 0.0821972415
v 0.140485495 -0.0977844372 0.118485332
v 0.139921501 -0.0973668918 0.119900748
v 0.146583781 -0.0960780606 0.121999994
v 0.157247201 -0.103972517 0.111999996
v 0.157247201 -0.103972517 0.121999994
v 0.157247201 -0.10397251 0.081586495
v 0.139030725 -0.096707426 0.121026583
v 0.137902111 -0.0958718881 0.121750407
v 0.140194073 -0.0961482227 0.121999994
v 0.145837456 -0.0774514377 0.121999994
v 0.136648327 -0.0949436724 0.121999994
v 0.138170704 -0.0957254767 0.121999994
v 0.116572596 -0.124218501 0.121999994
v 0.133358404 -0.107247524 0.121999994
v 0.134683475 -0.112152375 0.121999994
v 0.143169016 -0.118434452 0.121999994
v 0.127885088 -0.140795454 0.121999994
v 0.115633182 -0.125381202 0.121999994
v 0.114392065 -0.126214266 0.121999994
v 0.112960152 -0.126643211 0.121999994
v 0.112894379 -0.148637429 0.121999994
v 0.111411095 -0.148040071 0.121999994
v 0.111465439 -0.126629755 0.121999994
v 0.109815054 -0.147941574 0.121999994
v 0.110041514 -0.126175031 0.121999994
v 0.114113241 -0.149672493 0.121999994
v 0.108269557 -0.148351952 0.121999994
v 0.114943005 -0.151039422 0.121999994
v 0.115298815 -0.152598381 0.121999994
v 0.115144253 -0.154189959 0.121999994
v 0.117166333 -0.165922225 0.121999994
v 0.113092326 -0.161984816 0.121999994
v 0.113735825 -0.169449881 0.121999994
v 0.105306149 -0.167650655 0.121999994
v 0.10881561 -0.125319719 0.121999994
v 0.0925360471 -0.121844478 0.121999994
v 0.099360086 -0.116346776 0.121999994
v 0.0854084566 -0.126942486 0.121999994
v 0.0950521529 -0.153781861 0.121999994
v 0.0780006796 -0.131624058 0.121999994
v 0.0815297812 -0.158400178 0.121999994
v 0.070010595 -0.147542447 0.121999994
v 0.0677521974 -0.162189901 0.121999994
v 0.0504292585 -0.15311645 0.121999994
v 0.0599412471 -0.175883517 0.121999994
v 0.0405875295 -0.16839467 0.121999994
v 0.0595663674 -0.176705465 0.121999994
v 0.059345495 -0.177581474 0.121999994
v 0.0592858493 -0.178482473 0.121999994
v 0.0594872497 -0.179770634 0.122094892
v 0.0600319691 -0.18099089 0.122163914
v 0.00727215968 -0.165401459 0.121999994
v 0.0188745502 -0.191614464 0.126014024
v 0.051518321 -0.21287781 0.125946313
v 0.0199999996 -0.185000002 0.125022471
v 0.0194436591 -0.180315554 0.124419391
v 0.0185668599 -0.1775655 0.124095105
v 0.0173293389 -0.175015315 0.123812035
v 0.0210439395 -0.211305782 0.128594786
v 0.0135490894 -0.170288712 0.121999994
v 0.0173293389 -0.175015315 0.121999994
v 0.00852803979 -0.166909322 0.121999994
v 0.00272601983 -0.165186644 0.121999994
v -0.0148649095 -0.163812011 0.121999994
v -0.00332565 -0.165278435 0.121999994
v -0.00907276943 -0.167176276 0.121999994
v -0.0139890201 -0.170706376 0.121999994
v -0.0168307703 -0.163356841 0.121999994
v -0.0233982392 -0.173492566 0.121999994
v -0.0176241808 -0.175545454 0.121999994
v -0.0185623094 -0.162320703 0.121999994
v -0.0281848777 -0.169666052 0.121999994
v -0.019892659 -0.160803467 0.121999994
v -0.0314588808 -0.164485797 0.121999994
v -0.0206936002 -0.158951372 0.121999994
v -0.0208879393 -0.156942874 0.121999994
v -0.0204569511 -0.154971555 0.121999994
v -0.0640572757 -0.143502846 0.121999994
v -0.0648419261 -0.155704647 0.121999994
v -0.0789850578 -0.145435929 0.121999994
v -0.0778753608 -0.157392427 0.121999994
v -0.080656305 -0.159626782 0.121999994
v -0.0960780755 -0.146583781 0.121999994
v -0.088338457 -0.139952004 0.121999994
v -0.0958037898 -0.166666612 0.121999994
v -0.103277221 -0.158038884 0.121999994
v -0.103972524 -0.157247201 0.121999994
v -0.0791239291 -0.159194186 0.121999994
v -0.0775332227 -0.159265295 0.121999994
v -0.0771060064 -0.158258066 0.121999994
v -0.0760455504 -0.15983291 0.121999994
v -0.0748117492 -0.160839453 0.121999994
v -0.0961482152 -0.140194058 0.121999994
v -0.0957254842 -0.138170704 0.121999994
v -0.0949436799 -0.136648327 0.121999994
v -0.0973127261 -0.133867398 0.121999994
v -0.102980815 -0.130698189 0.121999994
v -0.105869308 -0.127208248 0.121999994
v -0.0957254842 -0.138170704 0.121999994
v -0.0958718956 -0.137902111 0.121750407
v -0.0967074409 -0.139030725 0.121026583
v -0.0973669067 -0.139921501 0.119900748
v -0.104744591 -0.133080587 0.121026583
v -0.103909053 -0.131951973 0.121750407
v -0.104413442 -0.132032245 0.121999994
v -0.107247509 -0.133358404 0.121999994
v -0.107268102 -0.125584379 0.121999994
v -0.105404057 -0.133971348 0.119900748
v -0.105821595 -0.134535342 0.118485332
v -0.112152368 -0.13468349 0.121999994
v -0.112152368 -0.13468349 0.121999994
v -0.108062744 -0.123593874 0.121999994
v -0.124855116 -0.118654914 0.121999994
v -0.108166836 -0.121453136 0.121999994
v -0.107569054 -0.119394928 0.121999994
v -0.106334396 -0.117643021 0.121999994
v -0.104597107 -0.116387881 0.121999994
v -0.102546059 -0.115765981 0.121999994
v -0.140795454 -0.127885073 0.121999994
v -0.118434466 -0.143169001 0.121999994
v -0.133708701 -0.100369267 0.121999994
v -0.112680942 -0.135397434 0.119970649
v -0.118434466 -0.143169001 0.121999994
v -0.118434466 -0.143169001 0.088889949
v -0.148040086 -0.111411072 0.121999994
v -0.147941589 -0.109815039 0.121999994
v -0.148637444 -0.112894364 0.121999994
v -0.148351952 -0.108269535 0.121999994
v -0.153781861 -0.095052138 0.121999994
v -0.158400178 -0.0815297589 0.121999994
v -0.144246116 -0.0791378468 0.121999994
v -0.16076915 -0.0733101666 0.121999994
v -0.149672508 -0.114113234 0.121999994
v -0.151039422 -0.114942998 0.121999994
v -0.152598396 -0.1152988 0.121999994
v -0.154189959 -0.115144238 0.121999994
v -0.165922225 -0.117166325 0.121999994
v -0.161984816 -0.113092318 0.121999994
v -0.169449881 -0.113735817 0.121999994
v -0.167650655 -0.105306134 0.121999994
v -0.160839453 0.0748117268 0.121999994
v -0.15825808 0.0771059841 0.128594771
v -0.15825808 0.0771059841 0.121999994
v -0.168624371 0.0678927377 0.128594771
v -0.15983291 0.0760455281 0.121999994
v -0.160839453 0.0748117417 0.112258419
v -0.168624371 0.0678927377 0.121999994
v -0.15983291 0.0760455281 0.112258419
v -0.164161026 0.0785490051 0.107258424
v -0.15926531 0.0775332078 0.121999994
v -0.15926531 0.0775332078 0.112258419
v -0.159194201 0.0791239068 0.121999994
v -0.159194201 0.0791239068 0.112258419
v -0.159626797 0.080656305 0.121999994
v -0.159626797 0.080656305 0.112258419
v -0.166666612 0.0958037674 0.121999994
v -0.166666612 0.0958037674 0.112258419
v -0.170590594 0.0923833847 0.107258424
v -0.178567618 0.0856341273 0.107258424
v -0.171945944 0.0716300011 0.107258424
v -0.18079862 0.0850959495 0.109525472
v -0.168624371 0.0678927377 0.112258419
v -0.169881359 0.0670761541 0.112258419
v -0.169926047 0.0670561567 0.121999994
v -0.176353261 0.0692687258 0.112258419
v -0.182682514 0.0854539871 0.111132935
v -0.171323881 0.0666688457 0.112258419
v -0.171362802 0.0666641295 0.128594771
v -0.169926047 0.0670561567 0.128594771
v -0.16850324 0.0674465373 0.128594771
v -0.168389753 0.0674588829 0.121999994
v -0.167028442 0.06740468 0.128594771
v -0.166804671 0.0673594773 0.121999994
v -0.165630072 0.0669342056 0.128594771
v -0.165330738 0.0667680129 0.121999994
v -0.164429873 0.0660761073 0.128594771
v -0.164116621 0.0657441169 0.121999994
v -0.163532361 0.0649050996 0.128594771
v -0.163284868 0.0643911511 0.121999994
v -0.163015693 0.0635231286 0.128594771
v -0.162919387 0.0628455654 0.121999994
v -0.162906364 0.0625242665 0.128415778
v -0.162941545 0.0618885159 0.128328785
v -0.163057044 0.0612633489 0.121999994
v -0.163057044 0.0612633489 0.128263831
v -0.174222216 0.0168475397 0.12583822
v -0.174222216 0.0168475397 0.121999994
v -0.17424199 0.0671883598 0.128594771
v -0.187332347 0.019863531 0.128594771
v -0.172822341 0.0667074025 0.128594771
v -0.196495295 0.0646764189 0.128594771
v -0.175455332 0.0680685043 0.128594771
v -0.189440385 0.0195008311 0.128594771
v -0.176353261 0.0692687258 0.128594771
v -0.197554544 0.0743090957 0.128594771
v -0.195502087 0.0800663382 0.128594771
v -0.184006929 0.0857285708 0.128594771
v -0.193275884 0.0857586488 0.128594771
v -0.184889659 0.0871653631 0.128594771
v -0.192383856 0.0871896744 0.128594771
v -0.186199814 0.0882269815 0.128594771
v -0.191066831 0.0882427767 0.128594771
v -0.187788367 0.0887927115 0.128594771
v -0.189474642 0.0887981802 0.128594771
v -0.19943139 0.0684922412 0.128594771
v -0.202629879 0.0567905605 0.134334177
v -0.203861892 0.0513542406 0.135616124
v -0.207490027 0.0368986018 0.138726607
v -0.206234962 0.0490049496 0.137690097
v -0.193929821 0.0178957619 0.13124758
v -0.198533282 0.0147258211 0.134221122
v -0.202649817 0.00940658059 0.134377331
v -0.204773858 0.00299899094 0.134058729
v -0.20480299 -0.00280023902 0.133467719
v -0.209747523 -0.0187393986 0.132654086
v -0.203150973 -0.00839891937 0.132659316
v -0.202320501 0.00999999046 0.106999993
v -0.202649817 0.00940658059 0.134377331
v -0.204696149 0.00347295101 0.106999993
v -0.204773858 0.00299899094 0.134058729
v -0.20480299 -0.00280023902 0.133467719
v -0.204696149 -0.00347296894 0.106999993
v -0.203150973 -0.00839891937 0.128594771
v -0.203150973 -0.00839891937 0.132659316
v -0.209747523 -0.0187393986 0.132654086
v -0.211305648 -0.0210436992 0.128594771
v -0.202320501 -0.0100000082 0.106999993
v -0.200776711 -0.0122920992 0.127877712
v -0.197855756 -0.015320899 0.106999993
v -0.197576836 -0.0155506581 0.127125368
v -0.191611439 -0.0188756082 0.126013502
v -0.191840395 -0.0187938586 0.106999993
v -0.185000002 -0.020000007 0.125022575
v -0.185000002 -0.020000007 0.106999993
v -0.178233042 -0.0188203994 0.12417195
v -0.178159595 -0.0187938493 0.106999993
v -0.172425702 -0.0155527191 0.12354216
v -0.172144234 -0.015320898 0.106999993
v -0.168082088 -0.0106669497 0.121999994
v -0.168082088 -0.0106669497 0.123145692
v -0.167679504 -0.0100000072 0.106999993
v -0.165620297 -0.00494239014 0.121999994
v -0.165303841 -0.00347296707 0.106999993
v -0.165039837 0.0012619599 0.121999994
v -0.165303841 0.00347295287 0.106999993
v -0.166397065 0.00734379981 0.121999994
v -0.167679504 0.00999999885 0.106999993
v -0.169560224 0.0127127301 0.121999994
v -0.172144234 0.0153208813 0.106999993
v -0.174222216 0.0168475397 0.121999994
v -0.178159595 0.0187938493 0.106999993
v -0.176879153 0.0182265732 0.126457646
v -0.174222216 0.0168475397 0.12583822
v -0.179481909 0.0192237329 0.12704058
v -0.185000002 0.0199999902 0.106999993
v -0.182141304 0.0197172053 0.127593309
v -0.184357598 0.0199364498 0.128036752
v -0.187332347 0.019863531 0.128594771
v -0.189440385 0.0195008311 0.128594771
v -0.191840395 0.0187938418 0.106999993
v -0.197855756 0.0153208803 0.106999993
v -0.193929821 0.0178957619 0.13124758
v -0.198533282 0.0147258211 0.134221122
v -0.202320501 0.00999999046 0.106999993
v -0.215382114 0.0399729013 0.128594771
v -0.218828708 0.0169071797 0.128594771
v -0.211752623 0.0435522795 0.128594771
v -0.211305648 -0.0210436992 0.128594771
v -0.219517916 -0.00640442967 0.128594771
v -0.217440024 -0.0296334792 0.128594771
v -0.21287781 -0.0515183099 0.125946313
v -0.191611439 -0.0188756082 0.126013502
v -0.211305648 -0.0210436992 0.128594771
v -0.197576836 -0.0155506581 0.127125368
v -0.200776711 -0.0122920992 0.127877712
v -0.203150973 -0.00839891937 0.128594771
v -0.180989668 -0.060031198 0.122163855
v -0.179769069 -0.059486758 0.12209481
v -0.18202354 -0.0608807206 0.122197844
v -0.182794794 -0.0619734526 0.122193232
v -0.183248952 -0.0632324144 0.122150123
v -0.183352783 -0.0645684004 0.122072101
v -0.185000002 -0.020000007 0.125022575
v -0.178482473 -0.0592858382 0.121999986
v -0.160746604 -0.0309281293 0.121521786
v -0.177070633 -0.0594537184 0.121874824
v -0.175883517 -0.0599412583 0.121752128
v -0.178233042 -0.0188203994 0.12417195
v -0.162189901 -0.0677521974 0.120413184
v -0.15043214 -0.0671637505 0.119812533
v -0.16076915 -0.0733101666 0.12007957
v -0.144246116 -0.0791378468 0.119175375
v -0.162976712 -0.0230935998 0.121999994
v -0.150439292 -0.0278749801 0.121999994
v -0.172425702 -0.0155527191 0.12354216
v -0.151788443 -0.0192163289 0.121999994
v -0.165733069 -0.013410259 0.122694753
v -0.168082088 -0.0106669497 0.123145692
v -0.165733069 -0.013410259 0.121999994
v -0.152639642 -0.0104946494 0.121999994
v -0.165620297 -0.00494239014 0.121999994
v -0.168082088 -0.0106669497 0.121999994
v -0.152990133 -0.00173855782 0.121999994
v -0.165039837 0.0012619599 0.121999994
v -0.162780821 0.0131402593 0.121999994
v -0.166397065 0.00734379981 0.121999994
v -0.169560224 0.0127127301 0.121999994
v -0.174222216 0.0168475397 0.121999994
v -0.157817364 0.0328851901 0.121999994
v -0.163057044 0.0612633489 0.121999994
v -0.162919387 0.0628455654 0.121999994
v -0.163284868 0.0643911511 0.121999994
v -0.160839453 0.0748117268 0.121999994
v -0.164116621 0.0657441169 0.121999994
v -0.165330738 0.0667680129 0.121999994
v -0.166804671 0.0673594773 0.121999994
v -0.168624371 0.0678927377 0.121999994
v -0.168389753 0.0674588829 0.121999994
v -0.169926047 0.0670561567 0.121999994
v -0.15825808 0.0771059841 0.121999994
v -0.15983291 0.0760455281 0.121999994
v -0.15926531 0.0775332078 0.121999994
v -0.159194201 0.0791239068 0.121999994
v -0.159626797 0.080656305 0.121999994
v -0.166666612 0.0958037674 0.121999994
v -0.158038884 0.103277206 0.121999994
v -0.157247216 0.10397251 0.121999994
v -0.211305648 -0.0210436992 0.128594771
v -0.209747523 -0.0187393986 0.132654086
v -0.207490027 0.0368986018 0.138726607
v -0.206234962 0.0490049496 0.137690097
v -0.203861892 0.0513542406 0.135616124
v -0.202629879 0.0567905605 0.134334177
v -0.19943139 0.0684922412 0.128594771
v -0.201682314 0.0605589077 0.0980469808
v -0.197554544 0.0743090957 0.128594771
v -0.195502087 0.0800663382 0.128594771
v -0.193275884 0.0857586488 0.128594771
v -0.203845501 0.0514314771 0.0970947817
v -0.203766316 0.05902946 0.0965571851
v -0.196174785 0.082373634 0.0721218586
v -0.193275884 0.0857586488 0.0740663111
v -0.192383856 0.0871896744 0.128594771
v -0.197361067 0.0831563249 0.0708303228
v -0.194189578 0.0834835246 0.0737422854
v -0.195775375 0.0871559381 0.0713924319
v -0.194463119 0.0892897695 0.0716923103
v -0.197184503 0.101548024 0.073415108
v -0.192351609 0.0872255787 0.0743838102
v -0.191066831 0.0882427767 0.128594771
v -0.192542911 0.0908850208 0.0719165057
v -0.190987647 0.0882856324 0.0746132508
v -0.189474642 0.0887981802 0.128594771
v -0.190221518 0.0917804316 0.0720423609
v -0.189520895 0.0887901932 0.0747224614
v -0.187739655 0.0918893218 0.0720576569
v -0.193354011 0.105753452 0.0740061328
v -0.188126504 0.0888398513 0.0747331977
v -0.187788367 0.0887927115 0.128594771
v -0.186771765 0.0885019004 0.0746600553
v -0.186199814 0.0882269815 0.128594771
v -0.187537968 0.145067185 0.12090835
v -0.185657188 0.0878743082 0.0745242313
v -0.184889659 0.0871653631 0.128594771
v -0.184308693 0.14533715 0.140771136
v -0.190708086 0.106870145 0.0741630793
v -0.184293404 0.145336196 0.118856333
v -0.180672511 0.144571126 0.141056389
v -0.180739775 0.144596413 0.11589542
v -0.177551433 0.142813504 0.140755296
v -0.187295794 0.107088767 0.074193798
v -0.183074951 0.105710246 0.0740000457
v -0.185350224 0.0912013426 0.0719609708
v -0.177278668 0.142594039 0.112127744
v -0.175425068 0.140564978 0.139989197
v -0.175254345 0.140445247 0.109249979
v -0.173820302 0.13787809 0.106490716
v -0.172690347 0.136193648 0.104488492
v -0.175254345 0.140445247 0.109249979
v -0.179439902 0.103999935 0.0737596899
v -0.17095466 0.135085374 0.102370411
v -0.178254843 0.089660503 0.0717444196
v -0.183299288 0.0897826552 0.0717615858
v -0.176065326 0.103667825 0.0737130195
v -0.173820302 0.13787809 0.116645917
v -0.173820302 0.13787809 0.106490716
v -0.184735924 0.0869814754 0.0743309781
v -0.183861896 0.0861243457 0.111976497
v -0.184006929 0.0857285708 0.128594771
v -0.184344873 0.0865454301 0.0741645619
v -0.182422534 0.0891122147 0.0716673583
v -0.172954887 0.136473835 0.115537457
v -0.172690347 0.136193648 0.104488492
v -0.176353261 0.0692687258 0.128594771
v -0.175455332 0.0680685043 0.112258419
v -0.175455332 0.0680685043 0.128594771
v -0.17424199 0.0671883598 0.112258419
v -0.17424199 0.0671883598 0.128594771
v -0.172822341 0.0667074025 0.112258419
v -0.172822341 0.0667074025 0.128594771
v -0.171323881 0.0666688457 0.128594771
v -0.183118984 0.0856535509 0.0736950114
v -0.181735352 0.0851795524 0.073513113
v -0.18079862 0.0850959495 0.109525472
v -0.178567618 0.0856341273 0.107258424
v -0.180276707 0.0851259604 0.073600769
v -0.181577414 0.0887545347 0.0716170892
v -0.180614561 0.0886435509 0.0716015026
v -0.181735352 0.0851795524 0.073513113
v -0.179519847 0.0888774842 0.0716343671
v -0.179444447 0.0852900594 0.0737660229
v -0.17863448 0.0856009349 0.0740122497
v -0.177538946 0.0863267705 0.0742886588
v -0.170590594 0.0923833847 0.107258424
v -0.166666612 0.0958037674 0.112258419
v -0.172772646 0.10447152 0.0738259703
v -0.158038884 0.103277206 0.111999996
v -0.157247216 0.10397251 0.111999996
v -0.158038884 0.103277206 0.121999994
v -0.166666612 0.0958037674 0.121999994
v -0.157247216 0.10397251 0.121999994
v -0.169108793 0.134763956 0.10065648
v -0.167534888 0.135044917 0.0995327011
v -0.166353047 0.135645583 0.0989184007
v -0.165452003 0.136441797 0.109858289
v -0.166774839 0.135384932 0.110997036
v -0.168369085 0.134831086 0.112131916
v -0.167715713 0.12945804 0.116325796
v -0.166774839 0.135384932 0.110997036
v -0.170061514 0.134839967 0.113270022
v -0.169073045 0.129566222 0.116626784
v -0.169247285 0.125825778 0.119729869
v -0.171653956 0.135412961 0.114408642
v -0.171885595 0.130680785 0.118430018
v -0.160514846 0.120092638 0.136871085
v -0.171145663 0.12707217 0.119530044
v -0.164804086 0.102337547 0.1296812
v -0.164804086 0.102337547 0.1296812
v -0.159035414 0.0991081893 0.137371197
v -0.173013851 0.131977037 0.120610103
v -0.172744274 0.128121749 0.120770745
v -0.167229176 0.0918258354 0.129206091
v -0.173365414 0.128529578 0.122926004
v -0.173013836 0.131977022 0.136507496
v -0.173079848 0.134578407 0.137347713
v -0.200080708 0.0837396607 0.166222513
v -0.173836708 0.137918353 0.138879254
v -0.200438082 0.0845103636 0.166471213
v -0.203057587 0.08483053 0.167138502
v -0.200875148 0.0849392489 0.166664496
v -0.201345667 0.0851540267 0.166818902
v -0.177551433 0.142813504 0.140755296
v -0.180672511 0.144571126 0.141056389
v -0.202406093 0.0851188079 0.167053118
v -0.184308693 0.14533715 0.140771136
v -0.201837689 0.0852116197 0.166943818
v -0.167229176 0.0918258354 0.129206091
v -0.169102088 0.0901612267 0.129728973
v -0.173365414 0.128529578 0.122926004
v -0.170734629 0.0887102932 0.131064475
v -0.167229176 0.0918258354 0.129206091
v -0.165333778 0.0935103968 0.129555464
v -0.164349526 0.094385162 0.130118966
v -0.163463145 0.095172964 0.130922258
v -0.169102088 0.0901612267 0.129728973
v -0.155139565 0.102571167 0.139375284
v -0.164349526 0.094385162 0.130118966
v -0.165333778 0.0935103968 0.129555464
v -0.171145663 0.12707217 0.119530044
v -0.167229176 0.0918258354 0.129206091
v -0.132122308 0.123027787 0.13979511
v -0.155139297 0.102570958 0.141997576
v -0.102167346 0.122194596 0.151944965
v -0.0928954929 0.131619856 0.148101598
v -0.0890936255 0.140495926 0.142704114
v -0.12962535 0.102336079 0.149434581
v -0.126466542 0.101789266 0.150164261
v -0.125568837 0.0966232121 0.146937355
v -0.125472546 0.0965609252 0.121999994
v -0.123980835 0.0952020213 0.121999994
v -0.123980835 0.0952020213 0.147861749
v -0.123629861 0.100370459 0.150968656
v -0.123980835 0.0952020213 0.147861749
v -0.0922484174 0.127226874 0.148734346
v -0.0881511793 0.137059376 0.14269504
v -0.0890936255 0.140495926 0.142704114
v -0.0922484696 0.127226651 0.121999994
v -0.123980835 0.0952020213 0.121999994
v -0.0898437276 0.132997572 0.142584935
v -0.0898437276 0.132997572 0.121999994
v -0.0779477954 0.140301064 0.121999994
v -0.0654622614 0.146543309 0.121999994
v -0.0524815507 0.151677087 0.144316971
v -0.0524815507 0.151677087 0.121999994
v -0.0514980778 0.151841983 0.121999994
v -0.0514914878 0.151841968 0.144350454
v -0.050514888 0.151675433 0.121999994
v -0.0505097099 0.151673645 0.14435944
v -0.0496406071 0.151195824 0.121999994
v -0.049634818 0.151191235 0.144342139
v -0.0489718392 0.150456131 0.121999994
v -0.0489643365 0.150444269 0.144300044
v -0.048582457 0.1495381 0.121999994
v -0.0485801511 0.149528235 0.144239515
v -0.0485155098 0.148543149 0.144168913
v -0.0485155098 0.148543149 0.121999994
v -0.0286426712 0.161848873 0.145874217
v -0.0293150507 0.161347821 0.147720367
v -0.00300030992 0.161252692 0.146736756
v -0.0295721423 0.156375274 0.165391192
v -0.00299974903 0.155544609 0.17065376
v -0.00153090956 0.159774244 0.14656122
v 1.89999994E-07 0.158260643 0.146376625
v 1.001358E-07 0.152450368 0.171211794
v -0.00292264461 0.155268148 0.171485752
v -0.00265945913 0.154802904 0.172336206
v -0.0489832535 0.146690503 0.149882242
v -0.0285058394 0.154144958 0.172113761
v -0.038555637 0.152389884 0.154511407
v -0.0458625779 0.144858465 0.156013891
v -0.0487614162 0.137901664 0.154526114
v -0.0420685709 0.135146067 0.158655331
v -0.029325122 0.154958069 0.170438379
v -0.0355973281 0.148273364 0.162064552
v -0.0330197513 0.137537107 0.164011568
v -0.0319946632 0.151281238 0.169512764
v -0.0316385627 0.151527748 0.170253202
v -0.0311761424 0.151597202 0.17112115
v -0.041296728 0.133433864 0.157006219
v -0.0322154462 0.134187087 0.160587102
v -0.040548265 0.131907642 0.155551314
v -0.056651596 0.128287911 0.13143748
v -0.0564807057 0.125912398 0.12798363
v -0.0576127023 0.125981778 0.126899034
v -0.0350834988 0.133465916 0.152720377
v -0.0322153829 0.134187102 0.153341055
v -0.0316413045 0.134323597 0.152720407
v -0.0563181378 0.125985175 0.111999996
v -0.0575812086 0.126057044 0.111999996
v -0.0493792482 0.128863066 0.111999996
v -0.0422940291 0.131359115 0.111999996
v -0.0350834988 0.133465916 0.111999996
v -0.0340589136 0.135178804 0.150811419
v -0.0306035187 0.136002734 0.150811359
v -0.033647228 0.135867074 0.150633916
v -0.033647228 0.135867074 0.111999996
v -0.0338301994 0.136629224 0.150388986
v -0.0338301882 0.136629209 0.111999996
v -0.033647228 0.135867074 0.150633916
v -0.0298284143 0.141173467 0.149284348
v -0.0338301994 0.136629224 0.150388986
v -0.0211572126 0.151019111 0.111999996
v 0.0306035411 0.136002734 0.150811344
v 0.0352339149 0.142476752 0.14850992
v 0.0336472206 0.135867089 0.150633916
v 0.0366185196 0.148243442 0.111999996
v 0.0340589099 0.135178819 0.150811419
v -0.00796569791 0.109711207 0.159999996
v -0.0237300098 0.107409894 0.159999996
v -0.0203446615 0.0933089256 0.159999996
v -0.0237323418 0.107374072 0.160010889
v -0.0322153829 0.134187102 0.153341055
v -0.0257460698 0.107239775 0.161999851
v -0.0322154462 0.134187087 0.160587102
v -0.0221772976 0.0923751071 0.172201112
v -0.0221773069 0.0923751444 0.162
v -0.0133884307 0.0992159471 0.181920543
v -0.0299319215 0.15145798 0.172634766
v -0.0274045561 0.152758077 0.173415527
v -0.00218262663 0.154143199 0.173121929
v -0.0026572179 0.153303236 0.173750207
v -0.0114060873 0.0797636732 0.162
v -0.0114060873 0.0797636583 0.172201008
v -0.00841490924 0.0853476226 0.182771832
v -0.00988528226 0.0810625553 0.159999996
v 0.00796569791 0.1097112 0.159999996
v 0.00988527946 0.0810625553 0.159999996
v -0.00642617932 0.0782047585 0.159999996
v -0.00768627645 0.0859309211 0.184096277
v -0.00713222008 0.0832531154 0.18300277
v -0.00503606535 0.0832219422 0.184966147
v -0.00658853771 0.0866246372 0.185064286
v -0.012400927 0.0997317657 0.182710811
v -0.00743187871 0.0764759108 0.172200978
v -0.00741481781 0.0764661953 0.162
v -0.0282106251 0.151220113 0.173682824
v -0.0112562943 0.100244604 0.18317081
v -0.0262252763 0.150861502 0.174137414
v -0.0100169703 0.100730658 0.183288172
v -0.00544762099 0.0872484222 0.185530767
v -0.00299959187 0.0863105655 0.185909241
v -0.00275756838 0.0843156576 0.186016113
v -0.0020466398 0.0824543536 0.185624942
v -0.00267007109 0.080261007 0.183309793
v -0.00112062925 0.0811362118 0.184920371
v 2.38418574E-09 0.080205448 0.183950529
v -0.0261385869 0.151009664 0.174114287
v -0.00292014587 0.152432472 0.174169779
v -0.00300345407 0.15154767 0.174410105
v -0.0042083906 0.0878522918 0.185628816
v -0.00300261006 0.130057022 0.178198636
v -0.000664977997 0.128000006 0.176195934
v -4.76837148E-09 0.128000006 0.175523072
v -0.0051554013 0.128990412 0.178374663
v -0.00300069805 0.0986360312 0.183737069
v -0.00482725631 0.0994748771 0.183576554
v -0 0.099999994 0.180460215
v 2.38418574E-09 0.080205448 0.183950529
v -0.00112062925 0.0811362118 0.184920371
v -0.0020466398 0.0824543536 0.185624942
v -0.00275756838 0.0843156576 0.186016113
v -0.00100000377 0.099999994 0.181472108
v -0.00134733669 0.100012094 0.181821436
v -0.00292038918 0.10038355 0.181719527
v -0.00265495782 0.100281753 0.176340744
v -0.00100000377 0.099999994 0.181472108
v -0.00100000377 0.099999994 0.176395729
v -0 0.099999994 0.180460215
v 0.000999999 0.099999994 0.176395729
v 0.00100000855 0.0999999866 0.181472108
v 0.00230937474 0.100174502 0.176361158
v -0.00413208967 0.101102605 0.176187322
v 0.00134734146 0.100012079 0.181821436
v -0.00430101855 0.101244435 0.181491449
v 0.00290344702 0.100376487 0.181721449
v 0.00354324328 0.100695103 0.176263064
v -0.00635772711 0.100815818 0.18332544
v -0.00533761503 0.102512889 0.18116273
v -0.00526253227 0.102386482 0.175951988
v -0.007589221 0.102913693 0.182941571
v -0.0058267545 0.103695311 0.180862725
v -0.0058059264 0.103620492 0.175729573
v -0.00802608021 0.105346315 0.182508215
v -0.0060000848 0.104999967 0.180538237
v -0.00599999912 0.104999997 0.175484791
v -0.008022747 0.123346537 0.179341882
v -0.00599989388 0.123000026 0.177372664
v -0.00600000378 0.122999996 0.172315314
v -0.00771624083 0.125390649 0.178985745
v -0.00570409279 0.124694571 0.176959485
v -0.00570204249 0.124700084 0.172018349
v -0.00682730181 0.127253056 0.17866689
v -0.00485461205 0.126184657 0.176603794
v -0.00485404953 0.126185358 0.171763003
v -0.0035583924 0.127295867 0.176343411
v -0.00356098637 0.127294391 0.171575099
v -0.00232561096 0.127821073 0.176222563
v -0.00232086657 0.127822384 0.171487078
v -0.00100001332 0.128000006 0.176183254
v -0.000664977997 0.128000006 0.176195934
v -0.00100000855 0.128000006 0.171458781
v -4.76837148E-09 0.128000006 0.175523072
v 0.000999999 0.128000006 0.171458781
v 0.00100000377 0.128000006 0.176183254
v 0.000664968451 0.128000006 0.176195934
v 0.0030026054 0.130057022 0.178198636
v 0.00228026859 0.127833307 0.176219776
v 0.00267211907 0.12771219 0.171505302
v 0.00349226943 0.127334595 0.176334471
v 0.00415583607 0.126878187 0.171645254
v 0.00451947702 0.126551509 0.176517308
v 0.00527866371 0.125587016 0.171865389
v 0.00486229872 0.129193708 0.178340852
v 0.0053269146 0.125505552 0.176765025
v 0.0058125495 0.124356233 0.172078013
v 0.0063973139 0.12782523 0.178570062
v 0.00582390791 0.124315269 0.177051142
v 0.005999994 0.123000011 0.172315314
v 0.0076035643 0.125727743 0.178927615
v 0.0270199385 0.153365701 0.173678324
v 0.0030034685 0.151812449 0.174363434
v 0.00802273769 0.123346537 0.179341882
v 0.0100152176 0.100729778 0.183288366
v 0.0112556601 0.100244962 0.183170959
v 1.001358E-07 0.152450368 0.171211794
v 0.000664968451 0.128000006 0.176195934
v -4.76837148E-09 0.128000006 0.175523072
v 0.00599986548 0.123000041 0.17737262
v 0.00599999912 0.104999989 0.175484791
v 0.00600009924 0.104999989 0.180538252
v 0.00569287781 0.103274763 0.175791547
v 0.0080260653 0.10534627 0.18250826
v 0.00575941056 0.103467688 0.180920124
v 0.0052961302 0.102441974 0.181180894
v 0.00483404612 0.1017906 0.176060647
v 0.00763902161 0.10305205 0.182916597
v 0.00427724374 0.101223812 0.18149671
v 0.00684687821 0.101462401 0.183206052
v 0.00518247811 0.0997203439 0.183530197
v 0.00300069805 0.0986360312 0.183737069
v 0.00100000855 0.0999999866 0.181472108
v -0 0.099999994 0.180460215
v 0.00299953227 0.0863104984 0.185909241
v 2.38418574E-09 0.080205448 0.183950529
v 0.00148402923 0.0815739632 0.185210899
v 0.00239045126 0.083183527 0.185844257
v 0.00284652947 0.0847205371 0.186034754
v 0.00420822157 0.0878524557 0.185628787
v 0.00544759957 0.0872484446 0.185530767
v 0.00658851862 0.0866246596 0.185064316
v 0.00529825594 0.0841096491 0.184584707
v 0.00239045126 0.083183527 0.185844257
v 0.00148402923 0.0815739632 0.185210899
v 0.00318557024 0.0804324597 0.183291659
v 0.000294148922 0.07986819 0.183348924
v 0.0124008991 0.0997324437 0.182710871
v 0.028307179 0.15364261 0.173456296
v 0.00732519152 0.0834987611 0.182975858
v 0.00595288957 0.0820490718 0.183126822
v 0.00743188104 0.0764759108 0.172200978
v 0.0025789428 0.0747287571 0.172200978
v -0.00257893791 0.0747287571 0.172200978
v 0.00768627133 0.085930936 0.184096277
v 0.0133908028 0.0992143154 0.181917951
v 0.0294751693 0.153853506 0.173007712
v 0.00868448615 0.0853476226 0.182771832
v 0.011406078 0.0797636658 0.172201037
v 0.0275999308 0.154530808 0.173321098
v 0.0281184912 0.155544892 0.172748014
v 0.0309666824 0.154045567 0.171960026
v 0.00264150137 0.153574333 0.173686504
v 0.0221773088 0.0923751369 0.172201127
v 0.00291772839 0.152700648 0.174120054
v 0.00217173086 0.154350609 0.173074171
v 0.0026481247 0.155046955 0.172282591
v 0.00291557307 0.15553084 0.171433181
v 0.0287637934 0.156760544 0.171547294
v 0.0306006521 0.156926364 0.170737475
v 0.00299985404 0.155822411 0.170562282
v 1.89999994E-07 0.158260643 0.146376625
v 0.00152864459 0.159770265 0.146698505
v 0.00300055998 0.161207333 0.147015408
v 0.0291933008 0.15750517 0.17008619
v 0.0299174786 0.157319099 0.170460239
v 0.0370129496 0.160724357 0.155324519
v 0.0504639409 0.162230223 0.151449442
v 0.0375391915 0.160746336 0.155207977
v 0.0379543714 0.160703957 0.155175209
v 0.038362246 0.160589442 0.155214652
v 0.0387219526 0.160393909 0.155342326
v 0.0311901662 0.156356663 0.170896292
v 0.0390388444 0.160076156 0.155597746
v 0.0392764434 0.15952757 0.156093836
v 0.0520131961 0.15665032 0.156781495
v 0.0520608872 0.161830708 0.151573673
v 0.0316405706 0.155654043 0.170924544
v 0.0392411761 0.158498377 0.157108441
v 0.0384707488 0.156847373 0.1588552
v 0.0319169983 0.154872745 0.170819953
v 0.0319987796 0.15407297 0.170590729
v 0.0372188017 0.155027628 0.160839975
v 0.0338521264 0.141004309 0.163382873
v 0.0707617924 0.144792393 0.153289124
v 0.0748175308 0.144013494 0.150751069
v 0.040840812 0.13920781 0.161769807
v 0.0257460587 0.107239768 0.161999866
v 0.0322154425 0.134187043 0.157318965
v 0.0322154425 0.134187043 0.157318965
v 0.0322153717 0.134187102 0.153341085
v 0.0405935571 0.132115439 0.155561894
v 0.0350834988 0.133465916 0.152720377
v 0.0322153717 0.134187102 0.153341085
v 0.0316413045 0.134323597 0.152720377
v 0.0746086538 0.138653308 0.145999312
v 0.0748175308 0.144013494 0.150751069
v 0.0221773088 0.0923751369 0.162
v 0.0237323605 0.107374065 0.160010874
v 0.0203446578 0.0933089256 0.159999996
v 0.0114060901 0.0797636658 0.162
v 0.00749999983 0.076515004 0.162
v 0.0590665229 0.135563299 0.142597809
v 0.00263693812 0.0747389793 0.162
v 0.00649999827 0.0782470554 0.159999996
v -0.00254023774 0.0747220367 0.162
v 0.00228534942 0.07670784 0.159999996
v -0.00220153807 0.0766931623 0.159999996
v 0.0237300098 0.107409894 0.159999996
v -0.00543465838 0.0816385075 0.183171362
v 0.0350834988 0.133465916 0.111999996
v 0.0336472206 0.135867089 0.150633916
v 0.0336472206 0.135867089 0.111999996
v 0.0352339149 0.142476752 0.14850992
v 0.0366185196 0.148243442 0.111999996
v 0.0397583172 0.132148683 0.12199989
v 0.0471699387 0.129688069 0.111999996
v 0.0500172786 0.128616765 0.121999986
v 0.0853277221 0.120926321 0.143279999
v 0.0599670485 0.124289803 0.121999986
v 0.058859203 0.124818243 0.111999996
v 0.0700528696 0.118897416 0.111999996
v 0.0695461407 0.11919453 0.121999994
v 0.0855300128 0.120511509 0.142855927
v 0.0728828385 0.11821381 0.120967478
v 0.0728828385 0.11821384 0.111999996
v 0.107388102 0.120231241 0.111999996
v 0.107388102 0.120231234 0.121999994
v 0.0891105086 0.119162597 0.1414143
v 0.107388102 0.120231234 0.142483637
v 0.119319186 0.108665302 0.144503489
v 0.129107475 0.09917593 0.121999994
v 0.105458751 0.12210159 0.144353896
v 0.090823859 0.13628903 0.143516779
v 0.0871511921 0.139849409 0.143296346
v 0.0861608759 0.140809432 0.143235236
v 0.0590665229 0.135563299 0.142597809
v 0.090823859 0.13628903 0.144248918
v 0.090823859 0.13628903 0.143516779
v 0.0936459824 0.140817627 0.148836315
v 0.11505197 0.119762301 0.14953123
v 0.129107475 0.09917593 0.139056921
v 0.147561654 0.0611595102 0.121999994
v 0.147561654 0.0611595102 0.140976578
v 0.131495446 0.0968609676 0.140326187
v 0.132219881 0.0997947007 0.142099753
v 0.136802331 0.0981987268 0.142204374
v 0.150979891 0.0607138574 0.144070461
v 0.150248587 0.0598169789 0.144051835
v 0.160301343 0.0664930195 0.144420207
v 0.162840664 0.0449138284 0.145434543
v 0.140434653 0.120215788 0.140732899
v 0.123027787 0.132122308 0.13979511
v 0.11505197 0.119762301 0.14953123
v 0.139503002 0.123687923 0.140446186
v 0.101431198 0.153311074 0.143579423
v 0.0936459824 0.140817627 0.148836315
v 0.102570958 0.155139312 0.141997576
v 0.102571182 0.15513958 0.139375314
v 0.0991081893 0.1590354 0.137371197
v 0.0991078615 0.159035951 0.139062405
v 0.095172964 0.163463145 0.130922258
v 0.120092638 0.160514832 0.136871085
v 0.0887102932 0.170734629 0.131064475
v 0.099107787 0.159035861 0.142370448
v 0.0935104042 0.165333778 0.129555464
v 0.0918258429 0.167229176 0.129206091
v 0.0918258429 0.167229176 0.129206091
v 0.0901612341 0.169102088 0.129728973
v 0.0618289523 0.161531389 0.152959481
v 0.0321729593 0.168153301 0.150597095
v 0.0884249061 0.145990163 0.148933738
v 0.0900061876 0.144430831 0.148892805
v 0.0868985057 0.140947238 0.145538762
v 0.0871511176 0.13984932 0.145081073
v 0.0861608833 0.140809312 0.145106554
v 0.0871511921 0.139849409 0.143296346
v 0.0861608759 0.140809432 0.143235236
v 0.0806396157 0.139778808 0.147440434
v 0.0794100761 0.144242406 0.151694223
v 0.0520608872 0.161830708 0.151573673
v 0.0504639409 0.162230223 0.151449442
v 0.00300055998 0.161207333 0.147015408
v -0.00300030992 0.161252692 0.146736756
v 0.00152864459 0.159770265 0.146698505
v -0.00153090956 0.159774244 0.14656122
v 1.89999994E-07 0.158260643 0.146376625
v -0.0286426712 0.161848873 0.145874217
v -0.0376782678 0.161108971 0.145508334
v -0.0485155098 0.148543149 0.144168913
v -0.0489832424 0.146690488 0.144031227
v -0.0393494777 0.16065529 0.145411253
v -0.0485801511 0.149528235 0.144239515
v -0.0424116179 0.160702944 0.145320624
v -0.0489643365 0.150444269 0.144300044
v -0.0279214475 0.168056726 0.136201471
v -0.0434812866 0.161101162 0.14532344
v -0.049634818 0.151191235 0.144342139
v -0.0282140151 0.168267667 0.136215821
v -0.0442073569 0.161615983 0.145346835
v -0.0505097099 0.151673645 0.14435944
v -0.0283969864 0.168502763 0.136236861
v -0.044667758 0.162198678 0.145384505
v -0.0514914878 0.151841968 0.144350454
v -0.0284930374 0.168758258 0.136263415
v -0.0449138395 0.162840664 0.145434543
v -0.0524815507 0.151677087 0.144316971
v -0.0898437276 0.132997572 0.142584935
v -0.0981987268 0.136802316 0.142204374
v -0.162906364 0.0625242665 0.128415778
v -0.163057044 0.0612633489 0.128263831
v -0.162941545 0.0618885159 0.128328785
v -0.163015693 0.0635231286 0.128594771
v -0.187332347 0.019863531 0.128594771
v -0.17285125 0.0667126477 0.128594771
v -0.184357598 0.0199364498 0.128036752
v -0.171362802 0.0666641295 0.128594771
v -0.182141304 0.0197172053 0.127593309
v -0.179481909 0.0192237329 0.12704058
v -0.176879153 0.0182265732 0.126457646
v -0.174222216 0.0168475397 0.12583822
v -0.169926047 0.0670561567 0.128594771
v -0.16850324 0.0674465373 0.128594771
v -0.167028442 0.06740468 0.128594771
v -0.165630072 0.0669342056 0.128594771
v -0.164429873 0.0660761073 0.128594771
v -0.163532361 0.0649050996 0.128594771
v -0.0963097736 0.212809294 0.104237765
v -0.100958489 0.214884102 0.103941232
v -0.0988963693 0.214542463 0.104269683
v -0.0972813964 0.213778198 0.104351386
v -0.031120548 0.199743167 0.147390589
v -0.0310097262 0.198883355 0.147288233
v -0.0311949961 0.198047385 0.147164673
v -0.0316501856 0.19732441 0.147034362
v -0.0315109454 0.200503588 0.147456333
v -0.0321329236 0.201086894 0.147478938
v -0.0323135965 0.196801662 0.146913901
v -0.0331257246 0.19652763 0.146814078
v -0.0339752585 0.196542665 0.146748215
v -0.0344489478 0.196682647 0.146727994
v -0.0348811075 0.196909875 0.14672187
v -0.0471702181 0.210980341 0.14735654
v -0.0499183871 0.206803292 0.146626979
v -0.0502964854 0.207108602 0.146627769
v -0.0506108589 0.20748499 0.146642089
v -0.0509624667 0.208257332 0.146697342
v -0.0510341972 0.209116414 0.146787509
v -0.0508125387 0.209943056 0.146901101
v -0.0479495786 0.211320058 0.147323802
v -0.050322216 0.210649312 0.147026449
v -0.0487934276 0.211379364 0.147252098
v -0.0496225692 0.211147323 0.147148222
v -0.0608807467 0.18202354 0.122197844
v -0.0600312203 0.180989668 0.122163855
v -0.0619734749 0.182794794 0.122193232
v -0.0632324368 0.183248952 0.122150123
v -0.0645684227 0.183352783 0.122072101
v -0.168082088 -0.0106669497 0.121999994
v -0.168082088 -0.0106669497 0.123145692
v -0.165733069 -0.013410259 0.122694753
v -0.165733069 -0.013410259 0.121999994
v -0.162976712 -0.0230935998 0.121999994
v 0.00599999912 0.104999989 0.175484791
v 0.00569287781 0.103274763 0.175791547
v 0.00483404612 0.1017906 0.176060647
v 0.00354324328 0.100695103 0.176263064
v 0.00230937474 0.100174502 0.176361158
v 0.000999999 0.099999994 0.176395729
v -0.00100000377 0.099999994 0.176395729
v -0.00599999912 0.104999997 0.175484791
v -0.00265495782 0.100281753 0.176340744
v -0.00413208967 0.101102605 0.176187322
v -0.00526253227 0.102386482 0.175951988
v -0.0058059264 0.103620492 0.175729573
v -0.00600000378 0.122999996 0.172315314
v 0.005999994 0.123000011 0.172315314
v -0.00100000855 0.128000006 0.171458781
v -0.00570204249 0.124700084 0.172018349
v -0.00485404953 0.126185358 0.171763003
v -0.00356098637 0.127294391 0.171575099
v -0.00232086657 0.127822384 0.171487078
v 0.000999999 0.128000006 0.171458781
v 0.0058125495 0.124356233 0.172078013
v 0.00527866371 0.125587016 0.171865389
v 0.00415583607 0.126878187 0.171645254
v 0.00267211907 0.12771219 0.171505302
v 0.0728828385 0.11821384 0.111999996
v 0.107388102 0.120231241 0.111999996
v 0.0927702114 0.134402186 0.111999996
v 0.0749894381 0.133362621 0.111999996
v 0.0700528696 0.118897416 0.111999996
v 0.0688659251 0.136625335 0.111999996
v 0.058859203 0.124818243 0.111999996
v 0.0626007915 0.139607117 0.111999996
v 0.0562069118 0.142301738 0.111999996
v 0.0471699387 0.129688069 0.111999996
v 0.0366185196 0.148243442 0.111999996
v 0.0350834988 0.133465916 0.111999996
v 0.0336472206 0.135867089 0.111999996
v 0.0492133908 0.15662922 0.111999996
v 0.0449023508 0.159432635 0.111999996
v 0.0484653935 0.157748505 0.111999996
v 0.0462288037 0.159202918 0.111999996
v 0.047445897 0.158627614 0.111999996
v -0.019933233 0.161797404 0.111999996
v -0.0211572126 0.151019111 0.111999996
v -0.0380494669 0.156640455 0.111999996
v -0.0338301882 0.136629209 0.111999996
v -0.0456934683 0.154585317 0.111999996
v -0.0393812992 0.157365397 0.111999996
v -0.0449047238 0.155880377 0.111999996
v -0.0437640324 0.156879455 0.111999996
v -0.0423763208 0.157490626 0.111999996
v -0.0408691913 0.157657757 0.111999996
v -0.0422940291 0.131359115 0.111999996
v -0.0350834988 0.133465916 0.111999996
v -0.033647228 0.135867074 0.111999996
v -0.0493792482 0.128863066 0.111999996
v -0.0575812086 0.126057044 0.111999996
v -0.0563181378 0.125985175 0.111999996
v 0.163100213 -0.028081391 0.124515407
v 0.167673871 -0.00999027677 0.124141708
v 0.165785372 -0.00554956729 0.123552576
v 0.170577496 -0.0138561269 0.12492945
v 0.174501479 -0.0170229767 0.125905544
v 0.179481909 -0.0192237478 0.12704058
v 0.162445471 -0.0300077889 0.124534935
v 0.162044197 -0.0446881093 0.125871077
v 0.187332347 -0.0198635478 0.128594771
v 0.161226511 -0.0316379406 0.124410056
v 0.159550399 -0.0328174084 0.124145031
v 0.157571092 -0.0334191583 0.123759679
v 0.155485824 -0.0333651565 0.12329217
v 0.153573513 -0.0326801799 0.122811995
v 0.152447566 -0.0318992287 0.122502469
v 0.160707623 -0.067166023 0.128594771
v 0.160344362 -0.066481404 0.128394768
v 0.156504616 -0.0454775169 0.124660671
v 0.151511148 -0.0497189127 0.123921104
v 0.152963772 -0.046896331 0.123965785
v 0.152036458 -0.0481339358 0.123874374
v 0.154109985 -0.0460603163 0.124152459
v 0.155264899 -0.045620542 0.124381557
v 0.169881359 -0.0670761541 0.128594771
v 0.168251067 -0.0682245269 0.128594771
v 0.161867857 -0.0684402809 0.128594771
v 0.165098399 -0.0694844052 0.128594771
v 0.166784957 -0.0691302344 0.128594771
v 0.171323881 -0.0666688606 0.128594771
v 0.172822341 -0.0667074174 0.128594771
v 0.17424199 -0.0671883747 0.128594771
v 0.196495295 -0.0646764338 0.128594771
v 0.175455332 -0.0680685192 0.128594771
v 0.189440385 -0.0195008479 0.128594771
v 0.176353261 -0.0692687407 0.128594771
v 0.197554544 -0.0743091181 0.128594771
v 0.195502087 -0.0800663531 0.128594771
v 0.184006929 -0.0857285857 0.128594771
v 0.193275884 -0.0857586637 0.128594771
v 0.184889659 -0.0871653855 0.128594771
v 0.192383856 -0.0871896893 0.128594771
v 0.186199814 -0.0882270038 0.128594771
v 0.191066831 -0.088242799 0.128594771
v 0.187788367 -0.0887927338 0.128594771
v 0.189474642 -0.0887981951 0.128594771
v 0.19943139 -0.0684922561 0.128594771
v 0.202629879 -0.0567905791 0.134334177
v 0.203861892 -0.0513542593 0.135616124
v 0.207490027 -0.0368986204 0.138726607
v 0.206234962 -0.0490049683 0.137690097
v 0.193929821 -0.0178957786 0.13124758
v 0.198533282 -0.0147258388 0.134221122
v 0.202649817 -0.00940659828 0.134377331
v 0.204773858 -0.00299900887 0.134058729
v 0.20480299 0.00280022109 0.133467719
v 0.209747523 0.0187393799 0.132654086
v 0.203150973 0.00839890074 0.132659316
v 0.211084858 -0.0283513181 0.15488416
v 0.209734946 -0.0293198284 0.154759988
v 0.210325941 -0.0287210196 0.154791042
v 0.213833943 -0.0321830995 0.155933678
v 0.211937651 -0.0282561686 0.155031532
v 0.212773398 -0.0284553282 0.155215502
v 0.213498294 -0.0289314091 0.155416891
v 0.214015514 -0.029623419 0.155609816
v 0.205244139 -0.0444800705 0.156024754
v 0.214070275 -0.0317638591 0.155919522
v 0.214266002 -0.0304483697 0.155771971
v 0.214224041 -0.031297449 0.155883074
v 0.201145142 -0.0416167974 0.154776335
v 0.204812229 -0.0449545905 0.156007707
v 0.204266965 -0.0453068204 0.155949146
v 0.200847045 -0.0421889387 0.15479736
v 0.203653231 -0.0455060191 0.155853465
v 0.200705007 -0.0428205878 0.154858798
v 0.202990606 -0.0455400683 0.155722857
v 0.200729206 -0.0434627198 0.154956058
v 0.202344492 -0.0453994609 0.155569568
v 0.200920314 -0.0440865345 0.15508537
v 0.201755419 -0.0450926088 0.15540348
v 0.201271608 -0.0446461923 0.155238837
v 0.219587192 -0.00212453934 0.0937379822
v 0.215382114 -0.03997292 0.09783905
v 0.215365022 -0.0400539562 0.0978001729
v 0.218828708 -0.0169071984 0.128594771
v 0.219517916 0.00640441058 0.128594771
v 0.215382114 -0.03997292 0.128594771
v 0.217440024 0.0296334587 0.128594771
v 0.211752623 -0.0435522981 0.128594771
v 0.203861892 -0.0513542593 0.0971315205
v 0.215365022 -0.0400539562 0.0978001729
v 0.216398299 0.03589876 0.0893534943
v 0.21287781 0.0515183285 0.125946313
v 0.21287781 0.0515183285 0.0782414004
v 0.183352783 0.0645684153 0.122072101
v 0.219465077 0.0356823392 0.0867379755
v 0.222708464 -0.00305439974 0.0911545381
v 0.214900225 0.0507626384 0.0771496668
v 0.203861892 -0.0513542593 0.135616124
v 0.202629879 -0.0567905791 0.134334177
v 0.206234962 -0.0490049683 0.137690097
v 0.207490027 -0.0368986204 0.138726607
v 0.209747523 0.0187393799 0.132654086
v 0.211305648 0.0210436881 0.128594771
v 0.19943139 -0.0684922561 0.128594771
v 0.201682314 -0.0605589263 0.0980469808
v 0.197554544 -0.0743091181 0.128594771
v 0.195502087 -0.0800663531 0.128594771
v 0.193275884 -0.0857586637 0.128594771
v 0.193275884 -0.0857586637 0.0740663111
v 0.192383856 -0.0871896893 0.128594771
v 0.192351609 -0.0872255936 0.0743838102
v 0.191066831 -0.088242799 0.128594771
v 0.190987647 -0.0882856548 0.0746132508
v 0.189474642 -0.0887981951 0.128594771
v 0.203845501 -0.0514314957 0.0970947817
v 0.206887543 -0.0530959256 0.0945544988
v 0.203766316 -0.0590294786 0.0965571851
v 0.218374908 -0.0417034477 0.0952495188
v 0.232334584 -0.00654305005 0.0931460559
v 0.219591558 0.0355115682 0.0867697597
v 0.215874031 0.0516574457 0.0754170194
v 0.22895889 0.0383302309 0.0876487792
v 0.196174785 -0.0823736563 0.0721218586
v 0.205361873 -0.0597000048 0.0952382535
v 0.226209193 -0.0507911853 0.0981968492
v 0.226906642 -0.0512664393 0.0984140784
v 0.202711046 -0.0817770362 0.0706364587
v 0.204661116 -0.0842039585 0.0709775388
v 0.194189578 -0.0834835395 0.0737422854
v 0.197361067 -0.0831563473 0.0708303228
v 0.195775375 -0.0871559605 0.0713924319
v 0.194463119 -0.0892897844 0.0716923103
v 0.192542911 -0.0908850357 0.0719165057
v 0.197184503 -0.101548038 0.073415108
v 0.190221518 -0.0917804539 0.0720423609
v 0.195575327 -0.103928067 0.0737495869
v 0.229881227 -0.0506345406 0.100583702
v 0.189520895 -0.0887902156 0.0747224614
v 0.187739655 -0.0918893442 0.0720576569
v 0.193354011 -0.105753466 0.0740061328
v 0.188126504 -0.0888398737 0.0747331977
v 0.187788367 -0.0887927338 0.128594771
v 0.186771765 -0.0885019153 0.0746600553
v 0.186199814 -0.0882270038 0.128594771
v 0.185657188 -0.0878743231 0.0745242313
v 0.184889659 -0.0871653855 0.128594771
v 0.185350224 -0.0912013575 0.0719609708
v 0.182508349 -0.105429903 0.0739606246
v 0.184735924 -0.0869814977 0.0743309781
v 0.183299288 -0.0897826776 0.0717615858
v 0.183861896 -0.0861243606 0.111976497
v 0.184006929 -0.0857285857 0.128594771
v 0.178254843 -0.0896605179 0.0717444196
v 0.179439902 -0.103999957 0.0737596899
v 0.182422534 -0.0891122296 0.0716673583
v 0.184344873 -0.086545445 0.0741645619
v 0.176353261 -0.0692687407 0.112258419
v 0.176353261 -0.0692687407 0.128594771
v 0.175455332 -0.0680685192 0.112258419
v 0.175455332 -0.0680685192 0.128594771
v 0.17424199 -0.0671883747 0.112258419
v 0.17424199 -0.0671883747 0.128594771
v 0.171945944 -0.071630016 0.107258424
v 0.172822341 -0.0667074174 0.112258419
v 0.18079862 -0.0850959644 0.109525472
v 0.172822341 -0.0667074174 0.128594771
v 0.182682514 -0.085454002 0.111132935
v 0.178567618 -0.0856341422 0.107258424
v 0.164161026 -0.0785490125 0.107258424
v 0.170590594 -0.0923833996 0.107258424
v 0.171323881 -0.0666688606 0.112258419
v 0.171323881 -0.0666688606 0.128594771
v 0.169881359 -0.067076169 0.112258419
v 0.169881359 -0.0670761541 0.128594771
v 0.183118984 -0.0856535733 0.0736950114
v 0.168624371 -0.0678927526 0.112258419
v 0.160839453 -0.0748117417 0.112258419
v 0.168251067 -0.0682245269 0.121999994
v 0.168251067 -0.0682245269 0.128594771
v 0.160839453 -0.0748117417 0.121999994
v 0.166931957 -0.0690687597 0.121999994
v 0.166784957 -0.0691302344 0.128594771
v 0.16541639 -0.0694634989 0.121999994
v 0.165098399 -0.0694844052 0.128594771
v 0.163853034 -0.069370009 0.121999994
v 0.163391799 -0.0692449287 0.128594771
v 0.162395298 -0.0687974691 0.121999994
v 0.161867857 -0.0684402809 0.128594771
v 0.161186218 -0.0678020492 0.121999994
v 0.160707623 -0.067166023 0.128594771
v 0.160344362 -0.066481404 0.121999994
v 0.160344362 -0.066481404 0.128394768
v 0.159402281 -0.0643681809 0.121999994
v 0.158421814 -0.0622724891 0.121999994
v 0.15740329 -0.0601950213 0.121999994
v 0.151511148 -0.0497189127 0.123921104
v 0.151511148 -0.0497189127 0.111999996
v 0.151925325 -0.0483565256 0.111999996
v 0.153585225 -0.0531483069 0.111999996
v 0.155549914 -0.0566415116 0.111999996
v 0.157403305 -0.0601950251 0.111999996
v 0.152036458 -0.0481339358 0.123874374
v 0.152706757 -0.0471661612 0.111999996
v 0.152963772 -0.046896331 0.123965785
v 0.153792039 -0.0462443344 0.111999996
v 0.154109985 -0.0460603163 0.124152459
v 0.155093163 -0.045665808 0.111999996
v 0.155264899 -0.045620542 0.124381557
v 0.156504631 -0.0454775244 0.111999996
v 0.156504616 -0.0454775169 0.124660671
v 0.158374667 -0.0454020388 0.111999996
v 0.160227507 -0.045137994 0.111999996
v 0.162044197 -0.0446881093 0.125871077
v 0.162044197 -0.0446881093 0.111999996
v 0.215382114 -0.03997292 0.128594771
v 0.218828708 -0.0169071984 0.128594771
v 0.211752623 -0.0435522981 0.128594771
v 0.211305648 0.0210436881 0.128594771
v 0.219517916 0.00640441058 0.128594771
v 0.217440024 0.0296334587 0.128594771
v 0.21287781 0.0515183285 0.125946313
v 0.191611439 0.0188755915 0.126013502
v 0.197576836 0.0155506413 0.127125368
v 0.200776711 0.0122920806 0.127877712
v 0.203150973 0.00839890074 0.128594771
v 0.180989668 0.0600312166 0.122163855
v 0.18202354 0.0608807392 0.122197844
v 0.182794794 0.0619734712 0.122193232
v 0.183248952 0.0632324293 0.122150123
v 0.183352783 0.0645684153 0.122072101
v 0.179769069 0.0594867803 0.12209481
v 0.185000002 0.0199999921 0.125022575
v 0.16490373 0.0303515904 0.121999994
v 0.178482473 0.0592858605 0.121999994
v 0.177581176 0.0593455508 0.121999994
v 0.176705331 0.0595664196 0.121999994
v 0.177130431 0.0183866788 0.124045901
v 0.175883517 0.0599412583 0.121999994
v 0.167189747 0.0219738875 0.122567669
v 0.172222495 0.0153862089 0.123522222
v 0.147561654 0.0611595102 0.121999994
v 0.162189901 0.0677521974 0.121999994
v 0.158400178 0.0815297812 0.121999994
v 0.146608502 0.0605129078 0.121999994
v 0.129107475 0.09917593 0.121999994
v 0.145556211 0.0600446798 0.121999994
v 0.14443779 0.0597695373 0.121999994
v 0.153781861 0.0950521529 0.121999994
v 0.156305745 0.0162761901 0.121999994
v 0.148351952 0.108269557 0.121999994
v 0.14794156 0.109815061 0.121999994
v 0.148040071 0.111411095 0.121999994
v 0.167189747 0.0219738875 0.121999994
v 0.140795439 0.127885088 0.121999994
v 0.148637429 0.112894379 0.121999994
v 0.149672478 0.114113249 0.121999994
v 0.151039407 0.114943013 0.121999994
v 0.152598381 0.115298823 0.121999994
v 0.154189944 0.11514426 0.121999994
v 0.107388102 0.120231234 0.121999994
v 0.169165701 0.0122178299 0.121999986
v 0.172222495 0.0153862089 0.121999994
v 0.166876197 0.00845741946 0.121999979
v 0.165443748 0.00431489991 0.121999994
v 0.165922225 0.117166348 0.121999994
v 0.161984816 0.113092333 0.121999994
v 0.169449881 0.113735832 0.121999994
v 0.167650655 0.105306156 0.121999994
v 0.112152368 0.13468349 0.121999994
v 0.118434444 0.143169016 0.121999994
v 0.107247509 0.133358404 0.121999994
v 0.10441342 0.132032245 0.121999994
v 0.102980815 0.130698189 0.121999994
v 0.0927702114 0.134402186 0.121999994
v 0.104744576 0.133080587 0.121026583
v 0.103909031 0.131951973 0.121750407
v 0.094943665 0.136648327 0.121999994
v 0.105404042 0.133971348 0.119900748
v 0.112152368 0.13468349 0.121999994
v 0.10582158 0.134535342 0.118485332
v 0.0958718732 0.137902111 0.121750407
v 0.0967074186 0.139030725 0.121026583
v 0.0957254693 0.138170704 0.121999994
v 0.0961482152 0.140194073 0.121999994
v 0.0973668844 0.139921501 0.119900748
v 0.0960780606 0.146583781 0.121999994
v 0.0749894381 0.133362606 0.121999994
v 0.0977844298 0.140485495 0.118485332
v 0.077105999 0.158258066 0.121999994
v 0.0688659251 0.136625335 0.121999994
v 0.062600784 0.139607087 0.121999994
v 0.0562069081 0.142301723 0.121999994
v 0.0492133908 0.15662922 0.121999994
v 0.0484653898 0.157748491 0.121999994
v 0.047445897 0.158627614 0.121999994
v 0.0462288 0.159202918 0.121999994
v 0.105047807 0.150296509 0.0792482942
v 0.103599057 0.156742766 0.0821972415
v 0.080656305 0.159626782 0.121999994
v 0.0791239217 0.159194186 0.121999994
v 0.0775332227 0.159265295 0.121999994
v 0.076045543 0.15983291 0.121999994
v 0.0748117417 0.160839453 0.121999994
v 0.0958037749 0.166666612 0.121999994
v 0.103277206 0.158038884 0.121999994
v 0.10397251 0.157247201 0.121999994
v 0.10397251 0.157247201 0.111999996
v 0.10397251 0.157247201 0.121999994
v 0.103972502 0.157247201 0.081586495
v 0.105055042 0.152187586 0.0781172812
v 0.113066643 0.145778522 0.075583525
v 0.106628902 0.154333249 0.0755319744
v 0.103319779 0.158044025 0.0766768679
v 0.113491997 0.144896165 0.0770494863
v 0.103277206 0.158038884 0.111999996
v 0.10397251 0.157247201 0.111999996
v 0.103277206 0.158038884 0.121999994
v 0.10397251 0.157247201 0.121999994
v 0.0958037749 0.166666612 0.112258419
v 0.0958037749 0.166666612 0.121999994
v 0.0923833922 0.170590594 0.107258424
v 0.0863267779 0.177538946 0.0742886588
v 0.0856341347 0.178567618 0.107258424
v 0.103319779 0.15804401 0.0762155727
v 0.103439711 0.162421659 0.0736953318
v 0.0896605104 0.178254843 0.0717444196
v 0.0856009498 0.17863448 0.0740122497
v 0.0888774917 0.179519847 0.0716343671
v 0.114004277 0.147051826 0.0740294904
v 0.0852900669 0.179444447 0.0737660229
v 0.0851259679 0.180276707 0.073600769
v 0.0851795673 0.181735352 0.073513113
v 0.0850959569 0.18079862 0.109525472
v 0.0854539946 0.182682514 0.111132935
v 0.0856535584 0.183118984 0.0736950114
v 0.116015397 0.145247489 0.0774391368
v 0.138239726 0.12932016 0.0697266683
v 0.118434444 0.143169016 0.088889949
v 0.0886435583 0.180614561 0.0716015026
v 0.0851795673 0.181735352 0.073513113
v 0.0887545496 0.181577414 0.0716170892
v 0.0891122222 0.182422534 0.0716673583
v 0.0865454376 0.184344873 0.0741645619
v 0.128398478 0.13931419 0.068657279
v 0.112680919 0.135397449 0.119970649
v 0.118434444 0.143169016 0.121999994
v 0.118434444 0.143169016 0.111999996
v 0.0897826627 0.183299288 0.0717615858
v 0.0861243531 0.183861896 0.111976497
v 0.0869814828 0.184735924 0.0743309781
v 0.0692687333 0.176353261 0.112258419
v 0.0850959569 0.18079862 0.109525472
v 0.0716300085 0.171945944 0.107258424
v 0.0856341347 0.178567618 0.107258424
v 0.0785490051 0.164161026 0.107258424
v 0.0680685043 0.175455332 0.112258419
v 0.0923833922 0.170590594 0.107258424
v 0.080656305 0.159626782 0.112258419
v 0.0958037749 0.166666612 0.112258419
v 0.0958037749 0.166666612 0.121999994
v 0.080656305 0.159626782 0.121999994
v 0.0791239217 0.159194186 0.112258419
v 0.0791239217 0.159194186 0.121999994
v 0.0775332227 0.159265295 0.112258419
v 0.0775332227 0.159265295 0.121999994
v 0.076045543 0.15983291 0.112258419
v 0.076045543 0.15983291 0.121999994
v 0.0748117417 0.160839453 0.112258419
v 0.0748117417 0.160839453 0.121999994
v 0.0678927377 0.168624371 0.112258419
v 0.0678927377 0.168624371 0.128594771
v 0.077105999 0.158258066 0.128594771
v 0.077105999 0.158258066 0.121999994
v 0.0670761541 0.169881359 0.128594771
v 0.0670761541 0.169881359 0.112258419
v 0.0666688457 0.171323881 0.128594771
v 0.0666688457 0.171323881 0.112258419
v 0.0667074099 0.172822341 0.128594771
v 0.0667074099 0.172822341 0.112258419
v 0.0671883672 0.17424199 0.128594771
v 0.0671883672 0.17424199 0.112258419
v 0.0680685043 0.175455332 0.128594771
v 0.0692687333 0.176353261 0.128594771
v 0.0857285783 0.184006929 0.128594771
v 0.0871653706 0.184889659 0.128594771
v 0.0878743157 0.185657188 0.0745242313
v 0.0882269964 0.186199814 0.128594771
v 0.0912013501 0.185350224 0.0719609708
v 0.0885019079 0.186771765 0.0746600553
v 0.0887927189 0.187788367 0.128594771
v 0.0918893293 0.187739655 0.0720576569
v 0.0888398662 0.188126504 0.0747331977
v 0.105429895 0.182508349 0.0739606246
v 0.0887981877 0.189474642 0.128594771
v 0.0887902081 0.189520895 0.0747224614
v 0.0882856473 0.190987647 0.0746132508
v 0.0882427841 0.191066831 0.128594771
v 0.103999943 0.179439902 0.0737596899
v 0.091780439 0.190221518 0.0720423609
v 0.0872255862 0.192351609 0.0743838102
v 0.0871896818 0.192383856 0.128594771
v 0.0908850282 0.192542911 0.0719165057
v 0.0857586563 0.193275884 0.0740663111
v 0.0857586563 0.193275884 0.128594771
v 0.0605589189 0.201682314 0.0980469808
v 0.0800663456 0.195502087 0.128594771
v 0.0743091106 0.197554544 0.128594771
v 0.0684922487 0.19943139 0.128594771
v 0.0513542481 0.203861892 0.0971315205
v 0.0567905717 0.202629879 0.134334177
v 0.0513542481 0.203861892 0.135616124
v 0.089289777 0.194463119 0.0716923103
v 0.101548031 0.197184503 0.073415108
v 0.0842039436 0.204661116 0.0709775388
v 0.103928059 0.195575327 0.0737495869
v 0.087155953 0.195775375 0.0713924319
v 0.0834835321 0.194189578 0.0737422854
v 0.0823736489 0.196174785 0.0721218586
v 0.0435522869 0.211752623 0.128594771
v 0.0490049608 0.206234962 0.137690097
v 0.0368986093 0.207490027 0.138726607
v -0.0187393893 0.209747523 0.132654086
v -0.0210436992 0.211305648 0.128594771
v 0.0831563324 0.197361067 0.0708303228
v 0.0399729088 0.215382114 0.09783905
v 0.0399729088 0.215382114 0.128594771
v 0.016907189 0.218828708 0.128594771
v 0.0021245298 0.219587192 0.0937379822
v -0.0064044199 0.219517916 0.128594771
v 0.0400539488 0.215365022 0.0978001729
v -0.0296334792 0.217440024 0.128594771
v 0.0400539488 0.215365022 0.0978001729
v 0.0817770287 0.202711046 0.0706364587
v -0.0358987786 0.216398299 0.0893534943
v -0.0515183397 0.21287781 0.125946313
v -0.0515183397 0.21287781 0.0782414004
v -0.0356823467 0.219465077 0.0867379755
v 0.00305438996 0.222708464 0.0911545381
v -0.0507626459 0.214900225 0.0771496668
v 0.0530959181 0.206887543 0.0945544988
v 0.0417034365 0.218374908 0.0952495188
v 0.00654304028 0.232334584 0.0931460559
v -0.0355115794 0.219591558 0.0867697597
v -0.0516574569 0.215874031 0.0754170194
v 0.0514314882 0.203845501 0.0970947817
v 0.0590294674 0.203766316 0.0965571851
v 0.0596999973 0.205361873 0.0952382535
v 0.0507911779 0.226209193 0.0981968492
v 0.0512664318 0.226906642 0.0984140784
v 0.0506345294 0.229881227 0.100583702
v 0.07669577 0.227415383 0.114421435
v 0.101548031 0.197184503 0.073415108
v 0.00643059006 0.235307902 0.0954039544
v 0.00607887004 0.239922971 0.105365276
v -0.0371508263 0.230717137 0.088908039
v -0.0379792005 0.232240722 0.0899932906
v -0.0383302495 0.22895889 0.0876487792
v 0.140372202 0.194668025 0.122587524
v 0.142458111 0.19275175 0.122704834
v 0.144039467 0.190395102 0.122170091
v 0.105753459 0.193354011 0.0740061328
v 0.1450672 0.187537953 0.12090835
v 0.145337164 0.184308678 0.140771136
v 0.106870152 0.190708086 0.0741630793
v 0.145336211 0.184293374 0.118856333
v 0.107190408 0.187875509 0.0742080882
v 0.106699169 0.185073465 0.0741390511
v 0.137878105 0.173820287 0.106490716
v 0.10366784 0.176065326 0.0737130195
v 0.104471527 0.172772646 0.0738259703
v 0.105384387 0.171114415 0.0739542693
v 0.106590204 0.169659436 0.0741237402
v 0.124734439 0.150937065 0.0702595785
v 0.146351337 0.136247382 0.0664541051
v 0.155181333 0.152457982 0.0960704386
v 0.146799982 0.128285006 0.0655725151
v 0.18205905 0.143081695 0.101646371
v 0.168267012 0.146757618 0.0944622308
v 0.17096208 0.126076311 0.0628084913
v 0.165571973 0.126303777 0.139916554
v 0.182058975 0.143081561 0.0928549916
v 0.198539943 0.127639875 0.0927475616
v 0.192734823 0.133823976 0.102043763
v 0.177704498 0.121058546 0.141497105
v 0.202138424 0.123276792 0.102442175
v 0.165260792 0.125987247 0.140638798
v 0.167142242 0.120140731 0.0625867099
v 0.178170547 0.119068518 0.0613183789
v 0.172564641 0.114794888 0.0614580289
v 0.169585198 0.114151798 0.0643384308
v 0.170298532 0.105065584 0.0606757849
v 0.165603638 0.117457293 0.0655207261
v 0.207104683 0.116400786 0.0926824585
v 0.214161143 0.104158334 0.0926202461
v 0.179155618 0.1177563 0.0610776059
v 0.179762051 0.116436265 0.0608756915
v 0.179973528 0.115074433 0.0607107915
v 0.165922225 0.117166348 0.121999994
v 0.140795439 0.127885088 0.121999994
v 0.118434444 0.143169016 0.111999996
v 0.118434444 0.143169016 0.121999994
v 0.169449881 0.113735832 0.121999994
v 0.169449866 0.113735825 0.0646994486
v 0.167650655 0.105306156 0.121999994
v 0.167650655 0.105306163 0.0636653379
v 0.174957559 0.0952647403 0.0611815117
v 0.174957559 0.0952647403 0.12823005
v 0.168239087 0.1044975 0.0628534406
v 0.161984816 0.113092333 0.126472846
v 0.161984816 0.113092333 0.121999994
v 0.154190049 0.115144603 0.126168117
v 0.154189944 0.11514426 0.121999994
v 0.168030888 0.121938027 0.141081706
v 0.184075356 0.100028969 0.143627092
v 0.152441159 0.115286291 0.125799879
v 0.152598381 0.115298823 0.121999994
v 0.151039407 0.114943013 0.121999994
v 0.144912943 0.127945527 0.140112668
v 0.15037927 0.114617042 0.125515178
v 0.149672478 0.114113249 0.121999994
v 0.143113971 0.128110543 0.140085459
v 0.14932318 0.113785148 0.125543103
v 0.148637429 0.112894379 0.121999994
v 0.148516461 0.112682655 0.125720218
v 0.148040071 0.111411095 0.121999994
v 0.148029625 0.111363761 0.126031488
v 0.14794156 0.109815061 0.121999994
v 0.147931337 0.109932229 0.126422465
v 0.148351952 0.108269557 0.121999994
v 0.148526013 0.107879244 0.126631558
v 0.153781861 0.0950521529 0.121999994
v 0.162189886 0.067752175 0.129151925
v 0.158400178 0.0815297812 0.121999994
v 0.162189901 0.0677521974 0.121999994
v 0.175171182 0.06034768 0.130326256
v 0.175883517 0.0599412583 0.121999994
v 0.160301343 0.0664930195 0.144420207
v 0.140434653 0.120215788 0.140732899
v 0.18738085 0.0510179251 0.147484958
v 0.176131204 0.0598281212 0.130615577
v 0.176705331 0.0595664196 0.121999994
v 0.139669895 0.125153974 0.140323877
v 0.177216828 0.059417028 0.130655959
v 0.189303979 0.0501657464 0.147740409
v 0.177581176 0.0593455508 0.121999994
v 0.140148729 0.126307249 0.140227377
v 0.178446114 0.0592851117 0.130443916
v 0.178482473 0.0592858605 0.121999994
v 0.191082418 0.0497983396 0.147951812
v 0.140870243 0.127177536 0.140155211
v 0.179712251 0.059470471 0.130212039
v 0.179769069 0.0594867803 0.12209481
v 0.14180772 0.127779037 0.140107214
v 0.180864975 0.05995664 0.130049288
v 0.180989668 0.0600312166 0.122163855
v 0.192657739 0.0498527475 0.148113728
v 0.181843773 0.0606969856 0.129984781
v 0.18202354 0.0608807392 0.122197844
v 0.193876341 0.0502365679 0.148214072
v 0.196909904 0.0348810889 0.149754435
v 0.182606488 0.0616433993 0.130030632
v 0.182794794 0.0619734712 0.122193232
v 0.194772586 0.050846979 0.148262724
v 0.190877363 0.0314908102 0.149257869
v 0.189303979 0.0501657464 0.147740409
v 0.18738085 0.0510179251 0.147484958
v 0.196570128 0.0341015607 0.149774477
v 0.196511194 0.0332541689 0.149835035
v 0.19674316 0.0324281678 0.149931058
v 0.206803322 0.0499183796 0.149657637
v 0.197234571 0.0317352377 0.150050297
v 0.183118448 0.0627464205 0.130193874
v 0.183248952 0.0632324293 0.122150123
v 0.195402205 0.0516456515 0.148267955
v 0.195806399 0.0527731702 0.148223206
v 0.183286831 0.0634272099 0.130342528
v 0.195805833 0.054393217 0.148097411
v 0.207109332 0.050297197 0.149658546
v 0.207486376 0.0506118201 0.149672955
v 0.208261177 0.0509634688 0.149728701
v 0.215542242 0.0574424602 0.149933711
v 0.209122121 0.0510336682 0.149819553
v 0.209949166 0.0508097298 0.149933815
v 0.210656315 0.0503152981 0.150060117
v 0.21115081 0.0496152565 0.150181979
v 0.211379588 0.0487916507 0.150285348
v 0.211320013 0.0479494371 0.150357142
v 0.222067446 0.0104361698 0.155740455
v 0.197448954 0.0799708813 0.146190792
v 0.210980341 0.0471702106 0.150389969
v 0.189542115 0.0954981968 0.14432703
v 0.201086894 0.0321328975 0.150514632
v 0.187774137 0.10183455 0.143681943
v 0.187577531 0.106863029 0.14323169
v 0.197945207 0.0230803397 0.150867224
v 0.208156809 -0.0227436293 0.157463685
v 0.200780138 0.03175335 0.15050745
v 0.200399831 0.0314367674 0.150485009
v 0.199620649 0.0310856793 0.150413319
v 0.19875887 0.0310185086 0.150306731
v 0.197937623 0.0312432181 0.150181457
v 0.193619654 -0.0155972177 0.143087968
v 0.186395198 0.0174289811 0.139134273
v 0.213603929 -0.0290369485 0.159383342
v 0.214078113 -0.0297568981 0.159580186
v 0.21291481 -0.0285216272 0.15917559
v 0.218517795 -0.0368989483 0.161539242
v 0.214278847 -0.0305844899 0.15974085
v 0.214192539 -0.0314229876 0.159848183
v 0.213833943 -0.0321830995 0.159891158
v 0.205244154 -0.0444800705 0.160044864
v 0.205063745 -0.0823875144 0.167064145
v 0.204806268 -0.0449596308 0.160029829
v 0.212083921 -0.0282694381 0.158978879
v 0.204253465 -0.0453131385 0.159970671
v 0.208221987 -0.023788048 0.157616124
v 0.211219892 -0.0283160303 0.158818543
v 0.200288028 -0.0481792949 0.159592807
v 0.199971974 -0.0824241489 0.165914938
v 0.204791725 -0.0829527453 0.167124376
v 0.203628033 -0.0455105789 0.15987131
v 0.202963099 -0.0455377288 0.15973641
v 0.202310517 -0.0453869365 0.159575835
v 0.204271004 -0.0837061107 0.167169467
v 0.201731145 -0.0450752787 0.15940538
v 0.20126006 -0.0446320362 0.159237385
v 0.200916246 -0.0440775901 0.159079328
v 0.200728625 -0.043459218 0.158944741
v 0.203769282 -0.0842914209 0.167182729
v 0.168153316 -0.0321729593 0.150597051
v 0.2007052 -0.0428186283 0.158841684
v 0.200846806 -0.0421895497 0.158775285
v 0.170734629 -0.0887102932 0.131064475
v 0.20038721 -0.024645349 0.156228855
v 0.201145172 -0.0416168123 0.158750296
v 0.202071816 -0.0254598688 0.156659633
v 0.179813445 -0.0124385497 0.151004493
v 0.173013821 -0.131977037 0.136507496
v 0.173365399 -0.128529593 0.122926004
v 0.203704163 -0.0259204097 0.157035723
v 0.209734946 -0.0293198396 0.158673391
v 0.16544427 -0.0283137094 0.149639875
v 0.167947993 0.00552757969 0.147679597
v 0.16543512 0.00463373959 0.144758865
v 0.161108971 0.0376782678 0.145508334
v 0.15864706 0.0177202206 0.145811424
v 0.16065529 0.0393494777 0.145411238
v 0.147888482 0.0579502583 0.143958896
v 0.160524115 0.0409469679 0.145349354
v 0.15630576 0.0162761901 0.142778158
v 0.144454062 0.0597098991 0.140869081
v 0.160702944 0.0424116179 0.145320609
v 0.156305745 0.0162761901 0.121999994
v 0.14443779 0.0597695373 0.121999994
v 0.165443748 0.00431489991 0.121999994
v 0.164536297 -0.0310037788 0.149707168
v 0.163100213 -0.028081391 0.146716267
v 0.162851006 -0.0333288983 0.149575561
v 0.162474841 -0.0299513098 0.14678666
v 0.160513073 -0.0350704901 0.149239302
v 0.161531389 -0.0618289523 0.152959436
v 0.161328882 -0.0315361582 0.146656424
v 0.163100213 -0.028081391 0.124515407
v 0.162445471 -0.0300077889 0.124534935
v 0.165785372 -0.00554956729 0.123552576
v 0.161226511 -0.0316379406 0.124410056
v 0.159744546 -0.0327184498 0.146323666
v 0.159550399 -0.0328174084 0.124145031
v 0.157870695 -0.0333712287 0.145810962
v 0.157571092 -0.0334191583 0.123759679
v 0.157766029 -0.036030259 0.148725316
v 0.155823261 -0.0334197581 0.145145342
v 0.155485824 -0.0333651565 0.12329217
v 0.15318431 -0.0450242795 0.148630887
v 0.154840603 -0.0361221284 0.148076862
v 0.15383935 -0.0549300276 0.150044426
v 0.152047172 -0.0353362784 0.147371322
v 0.140412137 -0.0776028782 0.150326371
v 0.153817549 -0.0328071378 0.144398212
v 0.153573513 -0.0326801799 0.122811995
v 0.152551681 -0.0319870971 0.143873319
v 0.152447566 -0.0318992287 0.122502469
v 0.151529312 -0.0309245009 0.143407136
v 0.151529312 -0.030924499 0.122228533
v 0.137853682 -0.0859074891 0.151344627
v 0.137412593 -0.0827994496 0.150566772
v 0.136434302 -0.0787700042 0.149487734
v 0.134261638 -0.0895604268 0.15119119
v 0.132607669 -0.0912414119 0.15113245
v 0.153311357 -0.101431884 0.143579513
v 0.159035861 -0.099107787 0.142370448
v 0.120626666 -0.114700899 0.149400875
v 0.170734629 -0.0887102932 0.131064475
v 0.168153316 -0.0321729593 0.150597051
v 0.159035876 -0.0991077945 0.139062181
v 0.116197757 -0.125432134 0.143396258
v 0.155139297 -0.102570958 0.141997576
v 0.132122308 -0.123027779 0.139795095
v 0.0820134208 -0.14336969 0.143067032
v 0.120215774 -0.140434667 0.140732899
v 0.11472971 -0.12595275 0.151354328
v 0.0793588758 -0.144762605 0.143208563
v 0.078864105 -0.145022243 0.143235236
v 0.120684884 -0.112416342 0.155324519
v 0.132607669 -0.0912414119 0.15113245
v 0.137412593 -0.0827994496 0.150566772
v 0.0813044533 -0.143741712 0.145110026
v 0.0793588758 -0.144762605 0.143208563
v 0.078864105 -0.145022243 0.143235236
v 0.0900129899 -0.133677706 0.153289124
v 0.120440811 -0.112883069 0.155207977
v 0.123687916 -0.139503002 0.140446186
v 0.066493012 -0.160301343 0.144420207
v 0.121806823 -0.104034729 0.17008619
v 0.121283598 -0.104568861 0.170460239
v 0.120601878 -0.10496413 0.170737475
v 0.121376723 -0.103290461 0.171547294
v 0.133446246 -0.0805091634 0.170562282
v 0.136434302 -0.0787700042 0.149487734
v 0.132025838 -0.0762252808 0.171211794
v 0.133235872 -0.080290392 0.171433181
v 0.132950544 -0.0798168331 0.172282591
v 0.120646581 -0.102123782 0.172748014
v 0.132585689 -0.0790560916 0.173074171
v 0.120196529 -0.113221444 0.155175209
v 0.131678507 -0.0790747851 0.173686504
v 0.119893402 -0.113517404 0.155214652
v 0.119544208 -0.113731153 0.155342326
v 0.119110592 -0.113846719 0.155597746
v 0.119813755 -0.105189815 0.170896292
v 0.118516698 -0.113778189 0.156093836
v 0.10965655 -0.123369917 0.156781495
v 0.117643028 -0.113233052 0.157108441
v 0.118980065 -0.105228573 0.170924544
v 0.116598435 -0.111740336 0.1588552
v 0.115648471 -0.109746255 0.160839975
v 0.118165232 -0.105077311 0.170819953
v 0.117924027 -0.103840731 0.171960026
v 0.100137085 -0.104973093 0.161769807
v 0.117431715 -0.104748257 0.170590729
v 0.0792267099 -0.061203938 0.181917951
v 0.105187245 -0.0998189747 0.163382873
v 0.118503451 -0.102453008 0.173007712
v 0.120027646 -0.101167656 0.173321098
v 0.119308613 -0.100082815 0.173678324
v 0.130783781 -0.0788771585 0.174120054
v 0.118904799 -0.101336047 0.173456296
v 0.129971713 -0.0785073191 0.174363434
v 0.0801703781 -0.0606057197 0.182710871
v 0.0811868459 -0.0598701686 0.183170959
v 0.082226932 -0.0590383261 0.183288366
v 0.0728355721 -0.0483419895 0.185530767
v 0.0717248917 -0.0490181595 0.185064316
v 0.0705752373 -0.0496219806 0.184096277
v 0.111131378 -0.067628853 0.178198636
v 0.110518768 -0.0645758957 0.176195934
v 0.110851251 -0.064000003 0.175523072
v 0.109453879 -0.068807736 0.178340852
v 0.0697057545 -0.0499613434 0.182771832
v 0.0686494559 -0.0480931886 0.182975858
v 0.0689105541 -0.0653936863 0.172201127
v 0.0633743256 -0.049759794 0.172201037
v 0.0799993277 -0.075916633 0.161999866
v 0.100101672 -0.0949929208 0.157318965
v 0.100101754 -0.094992891 0.153341085
v 0.0689105541 -0.0653936863 0.162
v 0.0811224952 -0.0742398649 0.160010874
v 0.100506999 -0.0945639759 0.152720377
v 0.0706355646 -0.0642734542 0.159999996
v 0.102480046 -0.0945048109 0.150811344
v 0.0811546892 -0.0742557421 0.159999996
v 0.0910298303 -0.0617541 0.159999996
v 0.0652595907 -0.0490921885 0.159999996
v 0.0633743182 -0.0497598015 0.162
v 0.06251394 -0.0447526984 0.162
v 0.0625141412 -0.0446741581 0.172200978
v 0.100038834 -0.0970853046 0.150811419
v 0.0980431214 -0.0971161723 0.152720377
v 0.100101754 -0.094992891 0.153341085
v 0.100101672 -0.0949929208 0.157318965
v 0.100840725 -0.0970729068 0.150633916
v 0.105771519 -0.101751849 0.14850992
v 0.0980431214 -0.0971161723 0.111999996
v 0.100840725 -0.0970729068 0.150633916
v 0.100840725 -0.0970729068 0.111999996
v 0.105771519 -0.101751849 0.14850992
v 0.110072702 -0.105833881 0.11200019
v 0.094564952 -0.100506067 0.12199989
v 0.0887281969 -0.105694406 0.111999996
v 0.086376749 -0.10762462 0.121999986
v 0.078666158 -0.113382697 0.111999996
v 0.0878679901 -0.118934765 0.142597809
v 0.0776546001 -0.114077896 0.121999986
v 0.0679417476 -0.120116279 0.111999996
v 0.0941185355 -0.101212777 0.155561894
v 0.0827729478 -0.133939639 0.145999312
v 0.0813044533 -0.143741712 0.145110026
v 0.078864105 -0.145022243 0.143235236
v 0.0620613992 -0.134359151 0.143279999
v 0.0684524253 -0.119825989 0.121999994
v 0.0616010129 -0.134326935 0.142855927
v 0.06593474 -0.122225299 0.120967478
v 0.0659347698 -0.122225322 0.111999996
v 0.0504292585 -0.15311645 0.111999996
v 0.0504292585 -0.15311645 0.121999994
v 0.0586425737 -0.136753261 0.1414143
v 0.050429251 -0.15311645 0.141653106
v 0.00727215968 -0.165401459 0.121999994
v 0.0513063073 -0.15578334 0.144644693
v 0.00747434935 -0.165415972 0.144619033
v -0.0148649095 -0.163812011 0.121999994
v 0.0878679901 -0.118934765 0.142597809
v 0.0499279387 -0.1541152 0.142569676
v 0.0449478999 -0.163642973 0.145506918
v 0.0449138246 -0.162840664 0.145434543
v 0.00773936976 -0.167975619 0.147566602
v -0.0148649095 -0.163812011 0.145729974
v -0.0168307703 -0.163356841 0.121999994
v 0.0376782641 -0.161108971 0.145508334
v -0.0124385497 -0.179813445 0.151004508
v -0.0148614198 -0.166245118 0.148669139
v -0.0172466598 -0.165748343 0.148753822
v -0.0168069191 -0.163366422 0.145819902
v -0.0194466095 -0.164647922 0.148709714
v -0.0185130406 -0.162361383 0.145726025
v -0.0185623094 -0.162320703 0.121999994
v -0.0321729593 -0.168153301 0.150597081
v -0.0246453397 -0.20038721 0.15622884
v -0.0217193998 -0.162500262 0.148460522
v -0.0421895608 -0.200846806 0.158775285
v -0.0428186171 -0.2007052 0.158841684
v -0.0416168198 -0.201145172 0.158750296
v -0.0434592292 -0.200728625 0.158944741
v -0.0254598781 -0.202071816 0.156659633
v -0.0198430289 -0.16088067 0.145445436
v -0.019892659 -0.160803467 0.121999994
v -0.0231910888 -0.159710869 0.14800857
v -0.0206647478 -0.15905942 0.144996151
v -0.0206936002 -0.158951372 0.121999994
v -0.0236817095 -0.156560794 0.147396281
v -0.0208922699 -0.157025918 0.144407332
v -0.0208879393 -0.156942874 0.121999994
v -0.0204569604 -0.154971555 0.143738464
v -0.0204569511 -0.154971555 0.121999994
v -0.0210880395 -0.154805556 0.144429073
v -0.0638029277 -0.145812333 0.149331927
v -0.0636639744 -0.14360632 0.146475375
v -0.0640572757 -0.143502846 0.121999994
v -0.0204569511 -0.154971555 0.121999994
v -0.0204569604 -0.154971555 0.143738464
v -0.0640572757 -0.143502831 0.146349728
v -0.0789850578 -0.145435929 0.121999994
v -0.0618288592 -0.161531299 0.152959377
v -0.0761741474 -0.14742431 0.15189831
v -0.0789857283 -0.145435467 0.149472922
v -0.0789657384 -0.145446628 0.149481446
v -0.0816077888 -0.146227211 0.150666431
v -0.0875307992 -0.140458569 0.143108606
v -0.088338457 -0.139952004 0.121999994
v -0.0875308216 -0.140458599 0.148332283
v -0.0885631815 -0.14211522 0.14976874
v -0.0991077498 -0.159035817 0.142370313
v -0.0887102932 -0.170734629 0.131064475
v -0.0321729593 -0.168153301 0.150597081
v -0.0991078839 -0.159035951 0.139062405
v -0.0917343125 -0.137750015 0.142716438
v -0.0973127261 -0.133867398 0.121999994
v -0.105869308 -0.127208248 0.121999994
v -0.0938047767 -0.141072437 0.145588145
v -0.0896071047 -0.143790305 0.145973772
v -0.102571197 -0.15513958 0.139375314
v -0.0991078839 -0.159035951 0.139062405
v -0.105869308 -0.127208233 0.145408526
v -0.0917343199 -0.137750015 0.145869717
v -0.106986098 -0.126010552 0.145534098
v -0.107268102 -0.125584379 0.121999994
v -0.108262517 -0.130154476 0.148300812
v -0.0937997699 -0.141064405 0.148745
v -0.101431213 -0.153311074 0.143579423
v -0.123026505 -0.132123739 0.139795303
v -0.102570981 -0.155139312 0.141997576
v -0.109679565 -0.128654167 0.148405045
v -0.109679565 -0.128654167 0.148405045
v -0.110898435 -0.126491532 0.148689434
v -0.111563191 -0.123669222 0.149182856
v -0.111359507 -0.1207067 0.149790525
v -0.110898435 -0.126491532 0.148689434
v -0.107790887 -0.124515027 0.145829841
v -0.108062744 -0.123593874 0.121999994
v -0.111563191 -0.123669222 0.149182856
v -0.108171441 -0.122934692 0.1462318
v -0.108166836 -0.121453136 0.121999994
v -0.108118646 -0.121118657 0.146766186
v -0.107569054 -0.119394928 0.121999994
v -0.107550807 -0.119357288 0.147352934
v -0.106334396 -0.117643021 0.121999994
v -0.125073791 -0.106061406 0.147720426
v -0.143822536 -0.0808979422 0.143122867
v -0.106494367 -0.117810838 0.147635892
v -0.110286646 -0.117934838 0.150439367
v -0.105338365 -0.116818227 0.147078156
v -0.104597107 -0.116387881 0.121999994
v -0.108476058 -0.115658969 0.151081234
v -0.114366122 -0.109866858 0.15134123
v -0.120068856 -0.107403591 0.15127261
v -0.120638795 -0.103797913 0.165391117
v -0.106536001 -0.113812909 0.151343301
v -0.103996351 -0.116127037 0.146245301
v -0.102546059 -0.115765981 0.121999994
v -0.102546059 -0.115765981 0.145505741
v -0.102546059 -0.115765981 0.149882242
v -0.102519825 -0.112147406 0.156013891
v -0.138587743 -0.0834780708 0.144594565
v -0.133205712 -0.0803701654 0.17065376
v -0.138100415 -0.0815317109 0.144152701
v -0.137601033 -0.0794437453 0.143661663
v -0.132025942 -0.0762251094 0.171211794
v -0.138100415 -0.0815317109 0.144152701
v -0.133004829 -0.0801651627 0.171485752
v -0.132733509 -0.0797046199 0.172336206
v -0.140223935 -0.0788737983 0.143104106
v -0.137601033 -0.0794437453 0.143661663
v -0.141863421 -0.0784396976 0.143160418
v -0.119240522 -0.10175927 0.172113761
v -0.160301343 -0.066493012 0.144420207
v -0.162840664 -0.0449138209 0.145434543
v -0.140434667 -0.120215766 0.140732899
v -0.123027809 -0.132122278 0.13979511
v -0.139503017 -0.123687901 0.140446186
v -0.119535051 -0.102875344 0.170438379
v -0.163642973 -0.0449478887 0.145506918
v -0.164684534 -0.0446230508 0.145615622
v -0.18738085 -0.0510179065 0.147484958
v -0.168758258 -0.0284930151 0.136263415
v -0.162198678 -0.0446677469 0.145384476
v -0.16907236 -0.0285045262 0.136299983
v -0.168502763 -0.0283969659 0.136236861
v -0.161615983 -0.0442073382 0.145346835
v -0.168267667 -0.0282139946 0.136215821
v -0.161101162 -0.0434812792 0.145323411
v -0.169470519 -0.0283782482 0.136351839
v -0.189303979 -0.0501657277 0.147740409
v -0.191082418 -0.049798321 0.147951812
v -0.168056726 -0.0279214252 0.136201471
v -0.160702944 -0.0424116068 0.145320609
v -0.167891502 -0.0274871066 0.136197418
v -0.160524115 -0.0409469604 0.145349354
v -0.167815983 -0.0268917456 0.136209622
v -0.16065529 -0.0393494628 0.145411238
v -0.167867735 -0.0262522548 0.136238694
v -0.167867735 -0.0262522548 0.136238694
v -0.168046668 -0.02559896 0.136283979
v -0.182962507 -0.0215482395 0.138398141
v -0.181906536 0.0111831129 0.140527159
v -0.190592736 0.0163641516 0.142605335
v -0.191677406 0.0168115105 0.1428532
v -0.16624938 -0.0261048004 0.142999992
v -0.168046668 -0.02559896 0.136283979
v -0.181906536 0.0111831129 0.140527159
v -0.166167885 -0.0240860879 0.146565422
v -0.17981346 0.0124385497 0.151004419
v -0.166652739 -0.0360924676 0.151026875
v -0.190592736 0.0163641516 0.142605335
v -0.20038721 0.0246453322 0.156228855
v -0.162840664 -0.0449138209 0.145434543
v -0.160524115 -0.0409469604 0.145349354
v -0.192576066 0.016882861 0.143028155
v -0.203704163 0.0259203929 0.157035723
v -0.205221832 0.02603467 0.157343954
v -0.160702944 -0.0424116068 0.145320609
v -0.141863421 -0.0784396976 0.143160418
v -0.16065529 -0.0393494628 0.145411238
v -0.161101162 -0.0434812792 0.145323411
v -0.161615983 -0.0442073382 0.145346835
v -0.162198678 -0.0446677469 0.145384476
v -0.162840664 -0.0449138209 0.145434543
v 0.203150973 0.00839890074 0.128594771
v 0.209747523 0.0187393799 0.132654086
v 0.211305648 0.0210436881 0.128594771
v 0.203150973 0.00839890074 0.132659316
v 0.20480299 0.00280022109 0.133467719
v 0.204696149 0.00347295101 0.106999993
v 0.202320501 0.00999999046 0.106999993
v 0.200776711 0.0122920806 0.127877712
v 0.204696149 -0.00347296894 0.106999993
v 0.204773858 -0.00299900887 0.134058729
v 0.202649817 -0.00940659828 0.134377331
v 0.202320501 -0.0100000082 0.106999993
v 0.198533282 -0.0147258388 0.134221122
v 0.197855756 0.0153208813 0.106999993
v 0.197576836 0.0155506413 0.127125368
v 0.191611439 0.0188755915 0.126013502
v 0.191840395 0.0187938418 0.106999993
v 0.185000002 0.0199999921 0.125022575
v 0.185000002 0.0199999921 0.106999993
v 0.179516509 0.0192335807 0.124323286
v 0.178159595 0.0187938418 0.106999993
v 0.197855756 -0.015320898 0.106999993
v 0.193929821 -0.0178957786 0.13124758
v 0.177130431 0.0183866788 0.124045901
v 0.189440385 -0.0195008479 0.128594771
v 0.191840395 -0.0187938586 0.106999993
v 0.185000002 -0.020000007 0.106999993
v 0.187332347 -0.0198635478 0.128594771
v 0.179481909 -0.0192237478 0.12704058
v 0.178159595 -0.0187938586 0.106999993
v 0.174501479 -0.0170229767 0.125905544
v 0.172144234 -0.0153208971 0.106999993
v 0.170577496 -0.0138561269 0.12492945
v 0.167679504 -0.0100000072 0.106999993
v 0.167673871 -0.00999027677 0.124141708
v 0.165303841 -0.00347296707 0.106999993
v 0.165011168 -0.000668577268 0.123176955
v 0.165303841 0.00347295287 0.106999993
v 0.167679504 0.00999999233 0.106999993
v 0.166876197 0.00845741946 0.121999979
v 0.169165701 0.0122178299 0.121999986
v 0.172144234 0.0153208822 0.106999993
v 0.172222495 0.0153862089 0.121999994
v 0.172222495 0.0153862089 0.123522222
v 0.167229176 -0.0918258578 0.129206091
v 0.169102088 -0.0901612416 0.129728973
v 0.173365399 -0.128529593 0.122926004
v 0.170734629 -0.0887102932 0.131064475
v 0.167229176 -0.0918258578 0.129206091
v 0.165333778 -0.0935104191 0.129555464
v 0.164349526 -0.0943851769 0.130118966
v 0.163463145 -0.0951729789 0.130922258
v 0.169102088 -0.0901612416 0.129728973
v 0.1590354 -0.0991081968 0.137371197
v 0.155139312 -0.102570951 0.139374524
v 0.132122308 -0.123027779 0.139795095
v 0.155139297 -0.102570958 0.141997576
v 0.164804086 -0.102337569 0.1296812
v 0.164349526 -0.0943851769 0.130118966
v 0.165333778 -0.0935104191 0.129555464
v 0.171145648 -0.127072185 0.119530044
v 0.167229176 -0.0918258578 0.129206091
v 0.160514832 -0.120092645 0.136871085
v 0.145890549 -0.131829083 0.138386473
v 0.169247255 -0.125825793 0.119729869
v 0.127177536 -0.140870258 0.140155211
v 0.126307234 -0.140148729 0.140227377
v 0.125153974 -0.13966991 0.140323877
v 0.112682648 -0.148516476 0.125720218
v 0.111363754 -0.14802964 0.126031488
v 0.11378514 -0.149323195 0.125543103
v 0.109932221 -0.147931337 0.126422465
v 0.120215774 -0.140434667 0.140732899
v 0.107879236 -0.148526013 0.126631558
v 0.066493012 -0.160301343 0.144420207
v 0.111411095 -0.148040071 0.121999994
v 0.109815054 -0.147941574 0.121999994
v 0.112894379 -0.148637429 0.121999994
v 0.108269557 -0.148351952 0.121999994
v 0.114113241 -0.149672493 0.121999994
v 0.0950521529 -0.153781861 0.121999994
v 0.114617027 -0.15037927 0.125515178
v 0.114943005 -0.151039422 0.121999994
v 0.067752175 -0.162189886 0.129151925
v 0.0815297812 -0.158400178 0.121999994
v 0.0677521974 -0.162189901 0.121999994
v 0.0603476688 -0.175171182 0.130326256
v 0.0599412471 -0.175883517 0.121999994
v 0.0510179177 -0.18738085 0.147484958
v 0.0598281138 -0.176131204 0.130615577
v 0.0595663674 -0.176705465 0.121999994
v 0.0594170168 -0.177216828 0.130655959
v 0.0501657389 -0.189303979 0.147740409
v 0.059345495 -0.177581474 0.121999994
v 0.0592851005 -0.178446114 0.130443916
v 0.0592858493 -0.178482473 0.121999994
v 0.0497983284 -0.191082418 0.147951812
v 0.0594704598 -0.179712251 0.130212039
v 0.0594867691 -0.179769069 0.12209481
v 0.0599566288 -0.180864975 0.130049288
v 0.0600312091 -0.180989668 0.122163855
v 0.0498527363 -0.192657739 0.148113728
v 0.0606969781 -0.181843773 0.129984781
v 0.0608807318 -0.18202354 0.122197844
v 0.0502365567 -0.193876341 0.148214072
v 0.0348810814 -0.196909904 0.149754435
v 0.0616433881 -0.182606488 0.130030632
v 0.06197346 -0.182794794 0.122193232
v 0.0508469716 -0.194772586 0.148262724
v 0.0314908028 -0.190877363 0.149257869
v 0.0501657389 -0.189303979 0.147740409
v 0.0510179177 -0.18738085 0.147484958
v 0.0341015495 -0.196570128 0.149774477
v 0.0332541615 -0.196511194 0.149835035
v 0.0324281603 -0.19674316 0.149931058
v 0.0499183685 -0.206803322 0.149657637
v 0.0317352302 -0.197234571 0.150050297
v 0.0627464056 -0.183118448 0.130193874
v 0.0632324219 -0.183248952 0.122150123
v 0.0516456403 -0.195402205 0.148267955
v 0.052773159 -0.195806399 0.148223206
v 0.0634272024 -0.183286831 0.130342528
v 0.0543932095 -0.195805833 0.148097411
v 0.0502971858 -0.207109332 0.149658546
v 0.0506118089 -0.207486376 0.149672955
v 0.0509634577 -0.208261177 0.149728701
v 0.057442449 -0.215542242 0.149933711
v 0.051033657 -0.209122121 0.149819553
v 0.0508097224 -0.209949166 0.149933815
v 0.050315287 -0.210656315 0.150060117
v 0.049615249 -0.21115081 0.150181979
v 0.0487916395 -0.211379588 0.150285348
v 0.0479494259 -0.211320013 0.150357142
v 0.0104361605 -0.222067446 0.155740455
v 0.0799708664 -0.197448954 0.146190792
v 0.0471701995 -0.210980341 0.150389969
v 0.0321328975 -0.201086923 0.150514618
v 0.0230803285 -0.197945207 0.150867224
v -0.0227436386 -0.208156809 0.157463685
v 0.0317533389 -0.200780138 0.15050745
v 0.0314367674 -0.200399831 0.150485009
v 0.0310856607 -0.199620649 0.150413319
v 0.0310184993 -0.19875887 0.150306731
v 0.0312431995 -0.197937623 0.150181457
v -0.0155972261 -0.193619654 0.143087968
v 0.0174289718 -0.186395198 0.139134273
v 0.0653237179 -0.183251515 0.130668625
v 0.0643847138 -0.183335394 0.130562171
v 0.113092326 -0.161984816 0.126472846
v 0.105306149 -0.167650655 0.121999994
v 0.115144596 -0.154190063 0.126168117
v 0.113092326 -0.161984816 0.121999994
v 0.115144253 -0.154189959 0.121999994
v 0.115286283 -0.152441174 0.125799879
v 0.115298815 -0.152598381 0.121999994
v 0.128110528 -0.143113986 0.140085459
v 0.127779022 -0.141807735 0.140107214
v 0.156798154 -0.147792637 0.10757716
v 0.167715698 -0.129458055 0.116325796
v 0.165451974 -0.136441812 0.109858289
v 0.167534858 -0.135044932 0.0995327011
v 0.166774824 -0.135384947 0.110997036
v 0.166774824 -0.135384947 0.110997036
v 0.168369055 -0.134831101 0.112131916
v 0.170084909 -0.135075092 0.101648711
v 0.172772646 -0.104471534 0.0738259703
v 0.169817805 -0.129861385 0.117104292
v 0.170061484 -0.134839982 0.113270022
v 0.171145648 -0.127072185 0.119530044
v 0.164804086 -0.102337569 0.1296812
v 0.172069967 -0.130892619 0.118786298
v 0.171653941 -0.135412976 0.114408642
v 0.172744244 -0.128121778 0.120770745
v 0.167229176 -0.0918258578 0.129206091
v 0.173013836 -0.131977051 0.120610103
v 0.172954857 -0.136473849 0.115537457
v 0.172146723 -0.135960281 0.103895985
v 0.173820287 -0.137878105 0.106490716
v 0.173820287 -0.137878105 0.116645917
v 0.175254315 -0.140445262 0.109249979
v 0.173079833 -0.134578422 0.137347713
v 0.175425053 -0.140564993 0.139989197
v 0.177278653 -0.142594054 0.112127744
v 0.200080708 -0.083739683 0.166222513
v 0.173836678 -0.137918368 0.138879254
v 0.200438082 -0.0845103785 0.166471213
v 0.203057587 -0.0848305523 0.167138502
v 0.202406093 -0.0851188228 0.167053118
v 0.200875148 -0.0849392712 0.166664496
v 0.201345667 -0.0851540416 0.166818902
v 0.177551419 -0.142813519 0.140755296
v 0.177551419 -0.142813519 0.140755296
v 0.180672482 -0.14457114 0.141056389
v 0.201837689 -0.0852116346 0.166943818
v 0.184308678 -0.145337164 0.140771136
v 0.188204229 -0.144899741 0.139920324
v 0.18073976 -0.144596428 0.11589542
v 0.180672482 -0.14457114 0.141056389
v 0.19175601 -0.143226147 0.13874799
v 0.204271004 -0.0837061107 0.167169467
v 0.204791725 -0.0829527453 0.167124376
v 0.184293374 -0.145336211 0.118856333
v 0.184308678 -0.145337164 0.140771136
v 0.187537953 -0.1450672 0.12090835
v 0.190708086 -0.10687016 0.0741630793
v 0.190395102 -0.144039482 0.122170091
v 0.194668025 -0.140372217 0.137756675
v 0.205063745 -0.0823875144 0.167064145
v 0.187875509 -0.107190415 0.0742080882
v 0.19275175 -0.142458126 0.122704834
v 0.197184503 -0.101548038 0.073415108
v 0.185073465 -0.106699176 0.0741390511
v 0.175254315 -0.140445262 0.109249979
v 0.173820287 -0.137878105 0.106490716
v 0.172146723 -0.135960281 0.103895985
v 0.176065326 -0.103667848 0.0737130195
v 0.194668025 -0.140372217 0.122587524
v 0.227415383 -0.0766957775 0.114421435
v 0.227403462 -0.0767311454 0.129528046
v 0.218517795 -0.0368989483 0.161539242
v 0.23992157 -0.00613469072 0.120400086
v 0.222067446 0.0104361698 0.155740455
v 0.231013671 0.0650590584 0.111194916
v 0.215542242 0.0574424602 0.149933711
v 0.239922971 -0.00607888075 0.105365276
v 0.235307902 -0.0064306003 0.0954039544
v 0.232062504 0.0390374698 0.0898618996
v 0.229773223 0.0377858207 0.0882306844
v 0.220420092 0.054655619 0.0747670084
v 0.193063408 0.0667543039 0.0595549196
v 0.222834274 0.055990018 0.07650581
v 0.231013671 0.0650590658 0.0962422937
v 0.22204721 0.0610228777 0.0770105273
v 0.187474549 0.0639254823 0.0598172359
v 0.184510991 0.0639802963 0.0605264902
v 0.218791351 0.0764044523 0.0951380804
v 0.212325811 0.0846554041 0.0943717137
v 0.185543373 0.0647877455 0.0588660985
v 0.183352813 0.0645684302 0.0611880012
v 0.183831498 0.0651747063 0.0600897186
v 0.215835854 0.0797705278 0.108135462
v 0.186841294 0.0765038505 0.0561150312
v 0.183251649 0.0653237551 0.0604921281
v 0.189937741 0.0689988658 0.0577561185
v 0.187218085 0.0739529803 0.056274429
v 0.185288712 0.0655004755 0.0584711395
v 0.184448034 0.067887038 0.0574226789
v 0.182579666 0.0683928579 0.0589228682
v 0.187993944 0.0717806816 0.0566786081
v 0.183717698 0.0704313591 0.0567203276
v 0.182873517 0.074746713 0.0563162901
v 0.181884691 0.0713917688 0.0582028367
v 0.181162447 0.0743469447 0.0582300089
v 0.182410747 0.0771120265 0.0564763211
v 0.183251515 0.0653237253 0.130668625
v 0.183335394 0.0643847287 0.130562171
v 0.185240224 0.078562595 0.056331791
v 0.176580265 0.0964329913 0.0591125488
v 0.17892614 0.0913006291 0.0583287291
v 0.177442446 0.102093749 0.0596155189
v 0.179532021 0.11192736 0.0604272
v 0.212572113 0.0958596766 0.0929370224
v 0.179885596 0.11366456 0.0605722256
v 0.210218236 0.0928171054 0.0934733078
v 0.212106362 0.095474869 0.104311138
v 0.210478678 0.0885671675 0.0939749703
v 0.211024627 0.0871379748 0.106605731
v 0.210177243 0.092665948 0.105237834
v 0.214544579 0.0989029109 0.0922538191
v 0.213754728 0.0972448811 0.0924813747
v 0.214711025 0.101501875 0.0923348218
v 0.214161292 0.104158409 0.103067189
v 0.214884102 0.100958481 0.103941232
v 0.188987017 0.11389631 0.142667428
v 0.189648345 0.113047563 0.142780513
v 0.189783975 0.112079009 0.14287737
v 0.214542463 0.0988963619 0.104269683
v 0.213778198 0.0972813889 0.104351386
v 0.213778198 0.0972813889 0.104351386
v 0.212809294 0.0963097662 0.104237765
v 0.189393997 0.111215666 0.14293623
v 0.189648345 0.113047563 0.142780513
v 0.188987017 0.11389631 0.142667428
v 0.199886605 0.100461766 0.123840891
v 0.188162774 0.10917449 0.143056527
v 0.187774137 0.10183455 0.143681943
v 0.199530289 0.0950170234 0.124717079
v 0.189542115 0.0954981968 0.14432703
v 0.204168156 0.0835434422 0.12655206
v 0.197448954 0.0799708813 0.146190792
v 0.212758943 0.0719349906 0.128494933
v 0.217841312 0.0664007291 0.129518196
v 0.0967879966 -0.213219568 0.10427238
v 0.100958467 -0.214884102 0.103941232
v 0.0992624238 -0.214603111 0.104211375
v 0.097802639 -0.214013174 0.104320876
v 0.0311205313 -0.199743167 0.147390589
v 0.0310097095 -0.198883355 0.147288233
v 0.0311949793 -0.198047385 0.147164673
v 0.0316501707 -0.19732441 0.147034362
v 0.0315109305 -0.200503588 0.147456333
v 0.0321329087 -0.201086894 0.147478938
v 0.0323135816 -0.196801662 0.146913901
v 0.0331257097 -0.19652763 0.146814078
v 0.0339752398 -0.196542665 0.146748215
v 0.0344489291 -0.196682647 0.146727994
v 0.0348810889 -0.196909875 0.14672187
v 0.0471701995 -0.210980341 0.14735654
v 0.0499183685 -0.206803292 0.146626979
v 0.0502964668 -0.207108602 0.146627769
v 0.0506108403 -0.20748499 0.146642089
v 0.0509624481 -0.208257332 0.146697342
v 0.0510341786 -0.209116414 0.146787509
v 0.0508125201 -0.209943056 0.146901101
v 0.04794956 -0.211320058 0.147323802
v 0.0503221974 -0.210649312 0.147026449
v 0.048793409 -0.211379364 0.147252098
v 0.0496225506 -0.211147323 0.147148222
v 0.0608807318 -0.18202354 0.122197844
v 0.0600312091 -0.180989668 0.122163855
v 0.06197346 -0.182794794 0.122193232
v 0.0632324219 -0.183248952 0.122150123
v 0.0645684078 -0.183352783 0.122072101
v 0.0296334494 -0.217440024 0.128594771
v 0.0064044008 -0.219517916 0.128594771
v -0.0169072095 -0.218828708 0.128594771
v -0.0435523055 -0.211752623 0.128594771
v -0.0399729274 -0.215382114 0.128594771
v 0.166666612 -0.0958037823 0.112258419
v 0.166666612 -0.0958037823 0.121999994
v 0.158038884 -0.103277214 0.121999994
v 0.157247201 -0.103972517 0.111999996
v 0.157247201 -0.103972517 0.121999994
v 0.158044025 -0.103319786 0.0766768679
v 0.170590594 -0.0923833996 0.107258424
v 0.15804401 -0.103319786 0.0762155727
v 0.177538946 -0.0863267854 0.0742886588
v 0.178567618 -0.0856341422 0.107258424
v 0.17863448 -0.0856009573 0.0740122497
v 0.179519847 -0.0888775066 0.0716343671
v 0.179444447 -0.0852900743 0.0737660229
v 0.180276707 -0.0851259753 0.073600769
v 0.181577414 -0.0887545571 0.0716170892
v 0.180614561 -0.0886435658 0.0716015026
v 0.181735352 -0.0851795748 0.073513113
v 0.181735352 -0.0851795748 0.073513113
v 0.18079862 -0.0850959644 0.109525472
v 0.157247201 -0.103972517 0.121999994
v 0.158038884 -0.103277214 0.121999994
v 0.166666612 -0.0958037823 0.121999994
v 0.159626782 -0.080656305 0.121999994
v 0.159194186 -0.0791239217 0.121999994
v 0.159265295 -0.0775332227 0.121999994
v 0.15983291 -0.076045543 0.121999994
v 0.153776839 -0.0656109527 0.121999994
v 0.160839453 -0.0748117417 0.121999994
v 0.161186218 -0.0678020492 0.121999994
v 0.162395298 -0.0687974691 0.121999994
v 0.160344362 -0.066481404 0.121999994
v 0.159402281 -0.0643681809 0.121999994
v 0.158421814 -0.0622724891 0.121999994
v 0.15740329 -0.0601950213 0.121999994
v 0.163853034 -0.069370009 0.121999994
v 0.16541639 -0.0694634989 0.121999994
v 0.166931957 -0.0690687597 0.121999994
v 0.168251067 -0.0682245269 0.121999994
v 0.113735825 -0.169449881 0.121999994
v 0.105306156 -0.167650655 0.0636653379
v 0.104497485 -0.168239087 0.0628534406
v 0.137853712 -0.0859075114 0.148187324
v 0.159035876 -0.0991077945 0.139062181
v 0.155139312 -0.102570951 0.139374524
v 0.13427411 -0.0895681903 0.148042291
v 0.159035861 -0.099107787 0.142370448
v 0.159035876 -0.0991077945 0.139062181
v 0.137853712 -0.0859075114 0.148187324
v 0.137853682 -0.0859074891 0.151344627
v 0.137853712 -0.0859075114 0.148187324
v 0.134297028 -0.0895244554 0.148047909
v 0.134261638 -0.0895604268 0.15119119
v 0.137853682 -0.0859074891 0.151344627
v 0.0393494703 -0.16065529 0.145411238
v 0.0409469642 -0.160524115 0.145349354
v 0.0424116179 -0.160702944 0.145320609
v 0.0274871122 -0.167891502 0.136197418
v 0.0268917531 -0.167815983 0.136209622
v 0.0393494703 -0.16065529 0.145411238
v 0.0283782333 -0.169470519 0.136351839
v 0.0262522623 -0.167867735 0.136238694
v 0.0255989339 -0.168046668 0.136283979
v 0.0262522623 -0.167867735 0.136238694
v 0.0376782641 -0.161108971 0.145508334
v 0.0255989339 -0.168046668 0.136283979
v -0.0124385497 -0.179813445 0.151004508
v -0.0111831361 -0.181906536 0.140527159
v -0.0163641758 -0.190592736 0.142605335
v -0.0246453397 -0.20038721 0.15622884
v -0.0168115366 -0.191677406 0.1428532
v 0.0279214326 -0.168056726 0.136201471
v 0.0434812829 -0.161101162 0.145323411
v 0.0282140002 -0.168267667 0.136215821
v 0.0442073494 -0.161615983 0.14534682
v 0.0446677543 -0.162198678 0.145384476
v 0.0283969734 -0.168502763 0.136236861
v 0.0284930225 -0.168758258 0.136263415
v 0.0285045337 -0.16907236 0.136299983
v 0.0449478999 -0.163642973 0.145506918
v 0.0446230583 -0.164684534 0.145615622
v 0.0215482228 -0.182962507 0.138398141
v -0.0111831361 -0.181906536 0.140527159
v -0.0163641758 -0.190592736 0.142605335
v -0.0168828871 -0.192576066 0.143028155
v -0.025920419 -0.203704163 0.157035723
v -0.0293198489 -0.209734946 0.158673391
v -0.0167400166 -0.193099767 0.143110767
v -0.0260346979 -0.205221832 0.157343954
v -0.025855707 -0.206340581 0.157535344
v -0.0158707071 -0.193650693 0.143122151
v -0.0255091581 -0.207123697 0.157638893
v -0.0289505292 -0.210050479 0.158682227
v -0.0165529959 -0.193371251 0.143141672
v -0.0250592586 -0.207662687 0.157681197
v -0.0286472701 -0.210434571 0.158713624
v -0.0163472965 -0.193531603 0.143149912
v -0.0245193187 -0.208018646 0.157676086
v -0.0283160396 -0.211219892 0.158818543
v -0.016103467 -0.193625465 0.143141791
v -0.0237880591 -0.208221987 0.157616124
v -0.0282694474 -0.212083921 0.158978879
v -0.0285216365 -0.21291481 0.15917559
v -0.0290369578 -0.213603929 0.159383342
v -0.0297569074 -0.214078113 0.159580186
v -0.0368989594 -0.218517795 0.161539242
v -0.0305844992 -0.214278847 0.15974085
v -0.0314229988 -0.214192539 0.159848183
v -0.032183107 -0.213833943 0.159891158
v -0.0444800779 -0.205244154 0.160044864
v -0.0823875219 -0.205063745 0.167064145
v -0.0449596383 -0.204806268 0.160029829
v -0.045313146 -0.204253465 0.159970671
v -0.0481793061 -0.200288028 0.159592807
v -0.0824241638 -0.199971974 0.165914938
v -0.0829527527 -0.204791725 0.167124376
v -0.0455105864 -0.203628033 0.15987131
v -0.0455377363 -0.202963099 0.15973641
v -0.0453869477 -0.202310517 0.159575835
v -0.0837061182 -0.204271004 0.167169467
v -0.0450752862 -0.201731145 0.15940538
v -0.0446320474 -0.20126006 0.159237385
v -0.0440776013 -0.200916246 0.159079328
v -0.0887102932 -0.170734629 0.131064475
v -0.131977051 -0.173013821 0.136507496
v -0.128529608 -0.173365399 0.122926004
v -0.0848305598 -0.203057587 0.167138502
v -0.0837396905 -0.200080708 0.166222513
v -0.0851188377 -0.202406093 0.167053118
v -0.144571155 -0.180672482 0.141056389
v -0.131977066 -0.173013836 0.120610103
v -0.134578437 -0.173079833 0.137347713
v -0.0845103934 -0.200438082 0.166471213
v -0.0852116495 -0.201837689 0.166943818
v -0.0851540565 -0.201345667 0.166818902
v -0.142813534 -0.177551419 0.140755296
v -0.0849392787 -0.200875148 0.166664496
v -0.137918383 -0.173836678 0.138879254
v -0.128121778 -0.172744244 0.120770745
v -0.0918258652 -0.167229176 0.129206091
v -0.1270722 -0.171145648 0.119530044
v -0.131321609 -0.172632366 0.119476706
v -0.130680799 -0.17188558 0.118430018
v -0.129996434 -0.17056255 0.117341973
v -0.129566252 -0.16907303 0.116626784
v -0.125825807 -0.169247255 0.119729869
v -0.102337576 -0.164804086 0.1296812
v -0.120092653 -0.160514832 0.136871085
v -0.102337576 -0.164804086 0.1296812
v -0.0991082042 -0.1590354 0.137371197
v -0.140870258 -0.127177522 0.140155211
v -0.14180775 -0.127779007 0.140107214
v -0.143113986 -0.128110513 0.140085459
v -0.150379285 -0.11461702 0.125515178
v -0.152441189 -0.115286268 0.125799879
v -0.154190063 -0.115144581 0.126168117
v -0.140148744 -0.126307234 0.140227377
v -0.149323195 -0.113785133 0.125543103
v -0.139669925 -0.125153959 0.140323877
v -0.148516476 -0.112682633 0.125720218
v -0.148029655 -0.111363739 0.126031488
v -0.147931352 -0.109932214 0.126422465
v -0.140434667 -0.120215766 0.140732899
v -0.148526013 -0.107879229 0.126631558
v -0.160301343 -0.066493012 0.144420207
v -0.149672508 -0.114113234 0.121999994
v -0.148637444 -0.112894364 0.121999994
v -0.151039422 -0.114942998 0.121999994
v -0.148040086 -0.111411072 0.121999994
v -0.147941589 -0.109815039 0.121999994
v -0.148351952 -0.108269535 0.121999994
v -0.152598396 -0.1152988 0.121999994
v -0.154189959 -0.115144238 0.121999994
v -0.153781861 -0.095052138 0.121999994
v -0.158400178 -0.0815297589 0.121999994
v -0.161984816 -0.113092318 0.121999994
v -0.162189886 -0.0677521676 0.129151925
v -0.16076915 -0.0733101666 0.121999994
v -0.161984816 -0.113092318 0.126472846
v -0.167650655 -0.105306134 0.121999994
v -0.175171182 -0.0603476614 0.130326256
v -0.18738085 -0.0510179065 0.147484958
v -0.162189901 -0.0677521899 0.121999994
v -0.183251515 -0.0653237104 0.130668625
v -0.183335394 -0.0643847063 0.130562171
v -0.183248952 -0.0632324144 0.122150123
v -0.183286831 -0.0634271875 0.130342528
v -0.195806399 -0.0527731515 0.148223206
v -0.183118448 -0.0627463982 0.130193874
v -0.182794794 -0.0619734526 0.122193232
v -0.182606488 -0.0616433807 0.130030632
v -0.18202354 -0.0608807206 0.122197844
v -0.195402205 -0.0516456291 0.148267955
v -0.194772586 -0.0508469604 0.148262724
v -0.181843773 -0.0606969669 0.129984781
v -0.180989668 -0.060031198 0.122163855
v -0.193876341 -0.0502365492 0.148214072
v -0.180864975 -0.0599566214 0.130049288
v -0.179769069 -0.059486758 0.12209481
v -0.192657739 -0.0498527288 0.148113728
v -0.179712251 -0.0594704524 0.130212039
v -0.178482473 -0.0592858382 0.121999986
v -0.178446114 -0.0592850894 0.130443916
v -0.189303979 -0.0501657277 0.147740409
v -0.177581176 -0.0593455285 0.121999994
v -0.177070633 -0.0594537184 0.121874824
v -0.177216828 -0.0594170094 0.130655959
v -0.176705331 -0.0595664009 0.121999994
v -0.175883517 -0.0599412583 0.121752128
v -0.176131204 -0.0598281026 0.130615577
v -0.175883517 -0.0599412397 0.121999994
v -0.162189901 -0.0677521974 0.120413184
v -0.16076915 -0.0733101666 0.12007957
v -0.144246116 -0.0791378468 0.121999994
v -0.144246116 -0.0791378468 0.119175375
v -0.133708701 -0.100369267 0.121999994
v -0.133708701 -0.100369267 0.111999996
v -0.124855116 -0.118654914 0.111999996
v -0.124855116 -0.118654914 0.121999994
v -0.15043214 -0.0671637505 0.111999996
v -0.15043214 -0.0671637505 0.119812533
v -0.160746604 -0.0309281293 0.111999996
v -0.160746604 -0.0309281293 0.121521786
v 0.0879326537 -0.0576961488 0.175484791
v 0.0865921304 -0.0565675646 0.175791547
v 0.0857362226 -0.0550817102 0.176060647
v 0.0854328871 -0.0534160919 0.176263064
v 0.0855989754 -0.0520872325 0.176361158
v 0.0861025304 -0.0508660302 0.176395729
v 0.0871025324 -0.0491339751 0.176395729
v 0.0939326659 -0.0473038517 0.175484791
v 0.0881740153 -0.0478416197 0.176340744
v 0.089623481 -0.0469728112 0.176187322
v 0.0913005546 -0.0466357619 0.175951988
v 0.0926409438 -0.0467821695 0.175729573
v 0.109521121 -0.0563038513 0.172315314
v 0.103521124 -0.0666961595 0.172315314
v 0.111351252 -0.0631339774 0.171458781
v 0.110844456 -0.0574119352 0.172018349
v 0.111706749 -0.0588889569 0.171763003
v 0.112020664 -0.0605632961 0.171575099
v 0.111857854 -0.0619012676 0.171487078
v 0.110351257 -0.0648660436 0.171458781
v 0.104789376 -0.0672119409 0.172078013
v 0.106122218 -0.0673649758 0.171865389
v 0.107801817 -0.0670381635 0.171645254
v 0.109265938 -0.0661702305 0.171505302
v 0.0724308863 -0.0394547395 0.185624942
v 0.0743982866 -0.0397697091 0.186016113
v 0.0762469396 -0.0405575633 0.185909241
v 0.0708263367 -0.0395976193 0.184920371
v 0.0694599599 -0.0401027277 0.183950529
v 0.0866025314 -0.0500000045 0.180460215
v 0.0869216621 -0.0467193387 0.183737069
v 0.0871025324 -0.0491339751 0.181472108
v 0.0872866735 -0.0488392189 0.181821436
v 0.0883948952 -0.0476626493 0.181719527
v 0.0881740153 -0.0478416197 0.176340744
v 0.0871025324 -0.0491339751 0.181472108
v 0.0871025324 -0.0491339751 0.176395729
v 0.0866025314 -0.0500000045 0.180460215
v 0.0861025304 -0.0508660302 0.176395729
v 0.0861025304 -0.0508660302 0.181472108
v 0.0855989754 -0.0520872325 0.176361158
v 0.0859393328 -0.0511728749 0.181821436
v 0.089623481 -0.0469728112 0.176187322
v 0.0854768604 -0.0527027063 0.181721449
v 0.0854328871 -0.0534160919 0.176263064
v 0.0839209631 -0.0519167036 0.183737069
v 0.0861025304 -0.0508660302 0.181472108
v 0.0866025314 -0.0500000045 0.180460215
v 0.0732473135 -0.0457529239 0.185909241
v 0.0694599599 -0.0401027277 0.183950529
v 0.0699031055 -0.0420721918 0.185210899
v 0.0708438158 -0.0436619595 0.185844257
v 0.0719468668 -0.0448254384 0.186034754
v 0.0855237693 -0.0543161109 0.18149671
v 0.0857362226 -0.0550817102 0.176060647
v 0.0837691128 -0.0543483347 0.183530197
v 0.0739783496 -0.0475706607 0.185628787
v 0.0860692859 -0.0558075756 0.181180894
v 0.0865921304 -0.0565675646 0.175791547
v 0.0844455734 -0.0566607751 0.183206052
v 0.0701919645 -0.0466432497 0.184584707
v 0.0708438158 -0.0436619595 0.185844257
v 0.0699031055 -0.0420721918 0.185210899
v 0.0854261741 -0.0581416152 0.182916597
v 0.0867259353 -0.0567216463 0.180920124
v 0.0680801347 -0.0461798944 0.183126822
v 0.0680637658 -0.0429750197 0.183291659
v 0.0694599599 -0.0401027277 0.183950529
v 0.087219514 -0.0596239157 0.18250826
v 0.0879326016 -0.0576962344 0.180538252
v 0.0879326537 -0.0576961488 0.175484791
v 0.102809854 -0.0686211735 0.179341882
v 0.10352122 -0.0666960627 0.17737262
v 0.103521124 -0.0666961595 0.172315314
v 0.104748219 -0.0672013015 0.177051142
v 0.104789376 -0.0672119409 0.172078013
v 0.105081633 -0.0694487542 0.178927615
v 0.106027544 -0.0673660338 0.176765025
v 0.106122218 -0.0673649758 0.171865389
v 0.107501231 -0.0694528595 0.178570062
v 0.10733708 -0.0671897456 0.176517308
v 0.107801817 -0.0670381635 0.171645254
v 0.108528852 -0.0666916966 0.176334471
v 0.109265938 -0.0661702305 0.171505302
v 0.109566756 -0.0658914298 0.176219776
v 0.110351257 -0.0648660436 0.171458781
v 0.110351242 -0.0648660362 0.176183254
v 0.110518768 -0.0645758957 0.176195934
v 0.110851251 -0.064000003 0.175523072
v 0.111351252 -0.0631339774 0.171458781
v 0.111351267 -0.0631339774 0.176183254
v 0.111183733 -0.0634241253 0.176195934
v 0.111857854 -0.0619012676 0.171487078
v 0.114133991 -0.0624281876 0.178198636
v 0.111859098 -0.0618965104 0.176222563
v 0.112020664 -0.0605632961 0.171575099
v 0.112020649 -0.0605662875 0.176343411
v 0.111706749 -0.0588889569 0.171763003
v 0.111706428 -0.0588881187 0.176603794
v 0.110844456 -0.0574119352 0.172018349
v 0.114286676 -0.0600305051 0.178374663
v 0.110840715 -0.0574074052 0.176959485
v 0.109521121 -0.0563038513 0.172315314
v 0.113618016 -0.0577139184 0.17866689
v 0.143762544 -0.0527190119 0.174137414
v 0.132745847 -0.0731727779 0.174410105
v 0.132025838 -0.0762252808 0.171211794
v 0.111183733 -0.0634241253 0.176195934
v 0.110851251 -0.064000003 0.175523072
v 0.109521091 -0.0563039631 0.177372664
v 0.0939326659 -0.0473038517 0.175484791
v 0.112449609 -0.0560128763 0.178985745
v 0.0939326733 -0.0473037623 0.180538237
v 0.0926409438 -0.0467821695 0.175729573
v 0.110832602 -0.054725375 0.179341882
v 0.0922437906 -0.0416903831 0.183288172
v 0.0952456295 -0.0457223728 0.182508215
v 0.0927161574 -0.0468015485 0.180862725
v 0.0913005546 -0.0466357619 0.175951988
v 0.0929204822 -0.0448843949 0.182941571
v 0.0914475769 -0.0466339402 0.18116273
v 0.0904879272 -0.0449019596 0.18332544
v 0.0898307562 -0.0468974337 0.181491449
v 0.0885613933 -0.0455569178 0.183576554
v 0.078186512 -0.0402815826 0.185628816
v 0.0782831609 -0.0389064364 0.185530767
v 0.0745903477 -0.0372496136 0.184966147
v 0.0743982866 -0.0397697091 0.186016113
v 0.0724308863 -0.0394547395 0.185624942
v 0.0708431005 -0.0378181599 0.183309793
v 0.0708263367 -0.0395976193 0.184920371
v 0.09244252 -0.0403740741 0.18317081
v 0.0690208003 -0.0401888415 0.183348924
v 0.0634275302 -0.0395978093 0.172200978
v 0.0660064667 -0.0351309553 0.172200978
v 0.0634073839 -0.0396531485 0.162
v 0.0659812987 -0.0351611152 0.162
v 0.0645139366 -0.0447526984 0.159999996
v 0.0652882606 -0.0403330922 0.159999996
v 0.0675189942 -0.0364399962 0.159999996
v 0.0699290782 -0.0318116806 0.162
v 0.0699460208 -0.0318017676 0.172200978
v 0.0709403977 -0.0335371494 0.159999996
v 0.0751448721 -0.031970378 0.159999996
v 0.074780412 -0.0300038811 0.162
v 0.098995544 -0.0479571112 0.159999996
v 0.133083582 -0.0414979495 0.150811359
v 0.0909802243 -0.0290354714 0.159999996
v 0.104884699 -0.0331541598 0.159999996
v 0.104854837 -0.0331342295 0.160010889
v 0.073418349 -0.0361127071 0.183171362
v 0.0756654218 -0.0354498774 0.18300277
v 0.0747803971 -0.0300038718 0.172201008
v 0.0910878703 -0.0269814655 0.162
v 0.105745405 -0.0313231423 0.161999851
v 0.091087833 -0.0269814525 0.172201112
v 0.135620505 -0.0401726253 0.164011568
v 0.132317141 -0.0391941555 0.160587102
v 0.132317126 -0.0391942188 0.153341055
v 0.132148296 -0.0397596322 0.152720407
v 0.0781206563 -0.0353862904 0.182771832
v 0.0782614946 -0.0363089517 0.184096277
v 0.0926177353 -0.0380132571 0.181920543
v 0.0783134028 -0.0376064852 0.185064286
v 0.0925707147 -0.0391263701 0.182710811
v 0.0853779688 -0.0389902741 0.184117541
v 0.14506577 -0.0511789471 0.173682824
v 0.146132424 -0.0498071946 0.172634766
v 0.143847495 -0.0528681651 0.174114287
v 0.146875098 -0.0487992801 0.17112115
v 0.145994648 -0.0526460074 0.173415527
v 0.133470461 -0.0736873299 0.174169779
v 0.134093106 -0.0743504092 0.173750207
v 0.147746354 -0.0523857027 0.172113761
v 0.13458325 -0.0751814023 0.173121929
v 0.135392964 -0.0750983059 0.172336206
v 0.135927469 -0.0751029924 0.171485752
v 0.13620545 -0.0751744509 0.17065376
v 0.136434302 -0.0787700042 0.149487734
v 0.140412137 -0.0776028782 0.150326371
v 0.150211021 -0.0525774173 0.165391192
v 0.15383935 -0.0549300276 0.150044426
v 0.148860171 -0.052082736 0.170438379
v 0.147046149 -0.0483640842 0.170253202
v 0.147010729 -0.0479324423 0.169512764
v 0.146207184 -0.0433085039 0.162064552
v 0.138074204 -0.0311405882 0.158655331
v 0.132317141 -0.0391941555 0.160587102
v 0.148382396 -0.0327110887 0.156013891
v 0.151251331 -0.0428047925 0.154511407
v 0.151529327 -0.0309245195 0.149882242
v 0.143807054 -0.0267222207 0.154526114
v 0.145022765 -0.0224075112 0.147766829
v 0.13942638 -0.0150822448 0.13143748
v 0.13790977 -0.0130968327 0.126899034
v 0.137959212 -0.0131617449 0.111999996
v 0.162044197 -0.0446881093 0.111999996
v 0.162044197 -0.0446881093 0.125871077
v 0.13620548 -0.0309529249 0.157006219
v 0.134509504 -0.0308380034 0.155551314
v 0.13942638 -0.0150822448 0.13143748
v 0.137283683 -0.0140424818 0.12798363
v 0.13790977 -0.0130968327 0.126899034
v 0.133126631 -0.0363497697 0.152720377
v 0.132317126 -0.0391942188 0.153341055
v 0.137265444 -0.0142196603 0.111999996
v 0.137959212 -0.0131617449 0.111999996
v 0.136288315 -0.0216678567 0.111999996
v 0.13490735 -0.0290518515 0.111999996
v 0.133126631 -0.0363497697 0.111999996
v 0.13409774 -0.0380935296 0.150811419
v 0.134487957 -0.0387941934 0.150633916
v 0.134487957 -0.0387941934 0.111999996
v 0.135239482 -0.0390168093 0.150388986
v 0.135239467 -0.0390168093 0.111999996
v 0.134487957 -0.0387941934 0.150633916
v 0.135239482 -0.0390168093 0.150388986
v 0.137174025 -0.0447545797 0.149284348
v 0.141364992 -0.0571868829 0.111999996
v 0.110072702 -0.105833881 0.11200019
v 0.00957555976 0.193034843 0.0720000044
v 0.0124999993 0.185000002 0.0720000044
v 0.0117461598 0.189275235 0.0720000044
v 0.00957555976 0.176965162 0.0720000044
v 0.0117461598 0.180724755 0.0720000044
v 0.00624999963 0.195825309 0.0720000044
v 0.0021706 0.197310105 0.0720000044
v -0.00624999963 0.195825309 0.0720000044
v -0.0021706 0.197310105 0.0720000044
v -0.0117461598 0.189275235 0.0720000044
v -0.00957555976 0.193034843 0.0720000044
v -0.00624999963 0.174174681 0.0720000044
v 0.00624999963 0.174174681 0.0720000044
v -0.0124999993 0.185000002 0.0720000044
v 0.0021706 0.172689885 0.0720000044
v -0.0021706 0.172689885 0.0720000044
v -0.0117461598 0.180724755 0.0720000044
v -0.00957555976 0.176965162 0.0720000044
v 0.070010595 -0.147542447 0.121999994
v 0.0504292585 -0.15311645 0.111999996
v 0.0504292585 -0.15311645 0.121999994
v 0.070010595 -0.147542447 0.111999996
v 0.0780006871 -0.131624073 0.111999996
v 0.0780006796 -0.131624058 0.121999994
v 0.0838880315 -0.127952322 0.121999994
v 0.0838880315 -0.127952322 0.111999996
v 0.0896028951 -0.124017447 0.121999994
v 0.0896028951 -0.124017447 0.111999996
v 0.0951334611 -0.119827494 0.121999994
v 0.0951334611 -0.119827494 0.111999996
v 0.099360086 -0.116346776 0.121999994
v 0.099360086 -0.116346776 0.111999996
v 0.0659347698 -0.122225322 0.111999996
v 0.0504292585 -0.15311645 0.111999996
v 0.070010595 -0.147542447 0.111999996
v 0.0780006871 -0.131624073 0.111999996
v 0.0679417476 -0.120116279 0.111999996
v 0.0838880315 -0.127952322 0.111999996
v 0.078666158 -0.113382697 0.111999996
v 0.0896028951 -0.124017447 0.111999996
v 0.0951334611 -0.119827494 0.111999996
v 0.0887281969 -0.105694406 0.111999996
v 0.099360086 -0.116346776 0.111999996
v 0.110072702 -0.105833881 0.11200019
v 0.0980431214 -0.0971161723 0.111999996
v 0.100840725 -0.0970729068 0.111999996
v 0.10881561 -0.125319719 0.111999996
v 0.116572589 -0.124218501 0.111999996
v 0.145837456 -0.0774514377 0.111999996
v 0.115633182 -0.125381202 0.111999996
v 0.114392065 -0.126214266 0.111999996
v 0.112960175 -0.12664324 0.111999996
v 0.111465439 -0.126629755 0.111999996
v 0.141364992 -0.0571868829 0.111999996
v 0.153776854 -0.0656109527 0.111999996
v 0.155549914 -0.0566415116 0.111999996
v 0.157403305 -0.0601950251 0.111999996
v 0.153585225 -0.0531483069 0.111999996
v 0.151511148 -0.0497189127 0.111999996
v 0.135239467 -0.0390168093 0.111999996
v 0.151925325 -0.0483565256 0.111999996
v 0.152706757 -0.0471661612 0.111999996
v 0.153792039 -0.0462443344 0.111999996
v 0.13490735 -0.0290518515 0.111999996
v 0.155093163 -0.045665808 0.111999996
v 0.133126631 -0.0363497697 0.111999996
v 0.134487957 -0.0387941934 0.111999996
v 0.136288315 -0.0216678567 0.111999996
v 0.156504631 -0.0454775244 0.111999996
v 0.162044197 -0.0446881093 0.111999996
v 0.137959212 -0.0131617449 0.111999996
v 0.137265444 -0.0142196603 0.111999996
v 0.160227507 -0.045137994 0.111999996
v 0.158374667 -0.0454020388 0.111999996
v 0.153776839 -0.0656109527 0.121999994
v 0.15740329 -0.0601950213 0.121999994
v 0.157403305 -0.0601950251 0.111999996
v 0.153776854 -0.0656109527 0.111999996
v 0.145837456 -0.0774514377 0.111999996
v 0.145837456 -0.0774514377 0.121999994
v 0.116572596 -0.124218501 0.121999994
v 0.116572589 -0.124218501 0.111999996
v 0.115633182 -0.125381202 0.121999994
v 0.115633182 -0.125381202 0.111999996
v 0.114392065 -0.126214266 0.121999994
v 0.114392065 -0.126214266 0.111999996
v 0.112960175 -0.12664324 0.111999996
v 0.112960152 -0.126643211 0.121999994
v 0.111465439 -0.126629755 0.111999996
v 0.111465439 -0.126629755 0.121999994
v 0.110041514 -0.126175031 0.111999996
v 0.110041514 -0.126175031 0.121999994
v 0.10881561 -0.125319719 0.111999996
v 0.10881561 -0.125319719 0.121999994
v 0.099360086 -0.116346776 0.121999994
v 0.099360086 -0.116346776 0.111999996
v 0.0918258429 0.167229176 0.129206091
v 0.0901612341 0.169102088 0.129728973
v 0.128529578 0.173365399 0.122926004
v 0.0887102932 0.170734629 0.131064475
v 0.0283513088 0.211084858 0.15488416
v 0.0293198191 0.209734946 0.154759988
v 0.0287210103 0.210325941 0.154791042
v 0.0321830884 0.213833943 0.155933678
v 0.0282561574 0.211937651 0.155031532
v 0.0284553189 0.212773398 0.155215502
v 0.0289313998 0.213498294 0.155416891
v 0.0296234097 0.214015514 0.155609816
v 0.0444800593 0.205244139 0.156024754
v 0.0317638479 0.214070275 0.155919522
v 0.0304483604 0.214266002 0.155771971
v 0.0312974416 0.214224041 0.155883074
v 0.0416167863 0.201145142 0.154776335
v 0.0449545793 0.204812229 0.156007707
v 0.0453068092 0.204266965 0.155949146
v 0.0421889313 0.200847045 0.15479736
v 0.045506008 0.203653231 0.155853465
v 0.0428205766 0.200705007 0.154858798
v 0.0455400608 0.202990606 0.155722857
v 0.0434627086 0.200729206 0.154956058
v 0.0453994498 0.202344492 0.155569568
v 0.0440865271 0.200920314 0.15508537
v 0.0450926013 0.201755419 0.15540348
v 0.0446461812 0.201271608 0.155238837
v 0.099107787 0.159035861 0.142370448
v 0.0991078615 0.159035951 0.139062405
v 0.0907405838 0.145609111 0.145266101
v 0.0900061876 0.144430831 0.148892805
v 0.0871511176 0.13984932 0.145081073
v 0.0871511921 0.139849409 0.143296346
v 0.0871511921 0.139849409 0.14052169
v 0.0907405838 0.145609111 0.145266101
v 0.0991078615 0.159035951 0.139062405
v 0.102571182 0.15513958 0.139375314
v 0.0943802893 0.141995952 0.145239368
v 0.0871511921 0.139849409 0.14052169
v 0.090823859 0.13628903 0.140488923
v 0.0871511921 0.139849409 0.143296346
v 0.0871511921 0.139849409 0.14052169
v 0.090823859 0.13628903 0.140488923
v 0.090823859 0.13628903 0.143516779
v 0.090823859 0.13628903 0.143516779
v 0.090823859 0.13628903 0.140488923
v 0.0943802893 0.141995952 0.145239368
v 0.090823859 0.13628903 0.144248918
v 0.0936459824 0.140817627 0.148836315
v 0.101431198 0.153311074 0.143579423
v 0.102571182 0.15513958 0.139375314
v 0.102570958 0.155139312 0.141997576
v 0.147561654 0.0611595102 0.121999994
v 0.146608502 0.0605129078 0.121999994
v 0.146299392 0.0603517555 0.140943617
v 0.145556211 0.0600446798 0.121999994
v 0.145390362 0.0599904098 0.140877947
v 0.14443779 0.0597695373 0.121999994
v 0.144454062 0.0597098991 0.140869081
v 0.149413556 0.0590133481 0.144023255
v 0.162198678 0.044667758 0.145384476
v 0.161615983 0.0442073494 0.145346835
v 0.161101162 0.0434812866 0.145323411
v 0.168758258 0.02849303 0.136263415
v 0.168502763 0.0283969808 0.136236861
v 0.168267667 0.0282140076 0.136215821
v 0.168056726 0.0279214401 0.136201471
v 0.169470519 0.0283782408 0.136351839
v 0.16907236 0.0285045411 0.136299983
v 0.167891502 0.0274871197 0.136197418
v 0.163642973 0.0449479111 0.145506918
v 0.167815983 0.0268917605 0.136209622
v 0.16065529 0.0393494777 0.145411238
v 0.167867735 0.0262522697 0.136238694
v 0.161108971 0.0376782678 0.145508334
v 0.168046668 0.0255989395 0.136283979
v 0.167867735 0.0262522697 0.136238694
v 0.179813445 -0.0124385497 0.151004493
v 0.181906536 -0.0111831278 0.140527159
v 0.190592736 -0.0163641684 0.142605335
v 0.20038721 -0.024645349 0.156228855
v 0.191677406 -0.0168115273 0.1428532
v 0.168046668 0.0255989395 0.136283979
v 0.192576066 -0.0168828778 0.143028155
v 0.190592736 -0.0163641684 0.142605335
v 0.181906536 -0.0111831278 0.140527159
v 0.182962507 0.0215482228 0.138398141
v 0.164684534 0.0446230695 0.145615622
v 0.193099767 -0.0167400073 0.143110767
v 0.193650693 -0.0158706978 0.143122151
v 0.205221832 -0.0260346886 0.157343954
v 0.206340581 -0.0258556977 0.157535344
v 0.193371251 -0.0165529884 0.143141672
v 0.207123697 -0.0255091488 0.157638893
v 0.210050479 -0.028950518 0.158682227
v 0.193625465 -0.0161034577 0.143141791
v 0.207662687 -0.0250592493 0.157681197
v 0.210434571 -0.0286472607 0.158713624
v 0.193531603 -0.0163472872 0.143149912
v 0.208018646 -0.0245193094 0.157676086
v 0.167189747 0.0219738875 0.121999994
v 0.167189747 0.0219738875 0.122567669
v 0.16490373 0.0303515904 0.121999994
v 0.172222495 0.0153862089 0.121999994
v 0.172222495 0.0153862089 0.123522222
v -0.00839891005 0.203150973 0.128594771
v -0.0187393893 0.209747523 0.132654086
v -0.0210436992 0.211305648 0.128594771
v -0.00839891005 0.203150973 0.132659316
v -0.00280022994 0.20480299 0.133467719
v -0.00347295986 0.204696149 0.106999993
v -0.00999999978 0.202320501 0.106999993
v -0.0122920889 0.200776711 0.127877712
v 0.00347295986 0.204696149 0.106999993
v 0.00299899979 0.204773858 0.134058729
v 0.0094065899 0.202649817 0.134377331
v 0.00999999885 0.202320501 0.106999993
v 0.0147258304 0.198533282 0.134221122
v -0.0153208897 0.197855756 0.106999993
v -0.0155506497 0.197576836 0.127125368
v -0.0188755989 0.191611439 0.126013517
v -0.0187938493 0.191840395 0.106999993
v -0.0199999996 0.185000002 0.125022575
v -0.0199999996 0.185000002 0.106999993
v -0.01923359 0.179516509 0.124323286
v -0.0187938493 0.178159595 0.106999993
v -0.0170007888 0.174465686 0.123753563
v -0.0153208897 0.172144234 0.106999993
v -0.013563009 0.170301542 0.123337016
v 0.0153208897 0.197855756 0.106999993
v 0.0178957693 0.193929821 0.13124758
v -0.00999999978 0.167679504 0.106999993
v -0.00925907027 0.167272359 0.123087697
v -0.00439254986 0.165488318 0.123025469
v -0.00347295986 0.165303841 0.106999993
v 0.000668569992 0.165011168 0.123176955
v 0.00347295986 0.165303841 0.106999993
v 0.00554955984 0.165785372 0.123552568
v 0.0195008386 0.189440385 0.128594771
v 0.0187938493 0.191840395 0.106999993
v 0.00999999978 0.167679504 0.106999993
v 0.00999027025 0.167673871 0.124141715
v 0.0138561195 0.170577496 0.12492945
v 0.0153208897 0.172144234 0.106999993
v 0.0170229692 0.174501479 0.125905544
v 0.0187938493 0.178159595 0.106999993
v 0.0192237403 0.179481909 0.12704058
v 0.0199999977 0.185000002 0.106999993
v 0.0198635403 0.187332347 0.128594771
v 0.0199999977 0.185000002 0.128165424
v 0.212809294 0.0963097662 0.104237765
v 0.214884102 0.100958481 0.103941232
v 0.214542463 0.0988963619 0.104269683
v 0.213778198 0.0972813889 0.104351386
v 0.199743167 0.0311205406 0.147390589
v 0.198883355 0.0310097188 0.147288233
v 0.198047385 0.0311949886 0.147164673
v 0.19732441 0.0316501819 0.147034362
v 0.200503588 0.031510938 0.147456333
v 0.201086894 0.0321329199 0.147478938
v 0.196801662 0.032313589 0.146913901
v 0.19652763 0.0331257209 0.146814078
v 0.196542665 0.033975251 0.146748215
v 0.196682647 0.0344489403 0.146727994
v 0.196909875 0.0348811001 0.14672187
v 0.210980341 0.0471702106 0.14735654
v 0.206803292 0.0499183796 0.146626979
v 0.207108602 0.050296478 0.146627769
v 0.20748499 0.0506108515 0.146642089
v 0.208257332 0.0509624556 0.146697342
v 0.209116414 0.051034186 0.146787509
v 0.209943056 0.0508125275 0.146901101
v 0.211320058 0.0479495712 0.147323802
v 0.210649312 0.0503222086 0.147026449
v 0.211379364 0.0487934202 0.147252098
v 0.211147323 0.0496225581 0.147148222
v -0.0283513274 -0.211084858 0.15488416
v -0.0293198396 -0.209734946 0.154759988
v -0.0287210289 -0.210325941 0.154791042
v -0.032183107 -0.213833943 0.155933678
v -0.0282561779 -0.211937651 0.155031532
v -0.0284553375 -0.212773398 0.155215502
v -0.0289314184 -0.213498294 0.155416891
v -0.0296234284 -0.214015514 0.155609816
v -0.0444800779 -0.205244139 0.156024754
v -0.0317638665 -0.214070275 0.155919522
v -0.030448379 -0.214266002 0.155771971
v -0.0312974602 -0.214224041 0.155883074
v -0.0416168049 -0.201145142 0.154776335
v -0.0449545979 -0.204812229 0.156007707
v -0.0453068279 -0.204266965 0.155949146
v -0.0421889499 -0.200847045 0.15479736
v -0.0455060266 -0.203653231 0.155853465
v -0.0428205952 -0.200705007 0.154858798
v -0.0455400795 -0.202990606 0.155722857
v -0.0434627272 -0.200729206 0.154956058
v -0.0453994684 -0.202344492 0.155569568
v -0.0440865457 -0.200920314 0.15508537
v -0.04509262 -0.201755419 0.15540348
v -0.0446461998 -0.201271608 0.155238837
v -0.0991077498 -0.159035817 0.142370313
v -0.0991078839 -0.159035951 0.139062405
v -0.0896071047 -0.143790305 0.145973772
v -0.0885631815 -0.14211522 0.14976874
v -0.0875308216 -0.140458599 0.148332283
v -0.0875307992 -0.140458569 0.143108606
v -0.101431213 -0.153311074 0.143579423
v -0.102571197 -0.15513958 0.139375314
v -0.102570981 -0.155139312 0.141997576
v -0.0938047767 -0.141072437 0.145588145
v -0.0937997699 -0.141064405 0.148745
v -0.0917343199 -0.137750015 0.145869717
v -0.0917343125 -0.137750015 0.142716438
v -0.102570981 -0.155139312 0.141997576
v -0.102571197 -0.15513958 0.139375314
v -0.123027809 -0.132122278 0.13979511
v -0.0951729864 -0.163463145 0.130922258
v -0.0943851918 -0.164349526 0.130118966
v -0.0935104266 -0.165333778 0.129555464
v -0.1270722 -0.171145648 0.119530044
v -0.0918258652 -0.167229176 0.129206091
v -0.0918258652 -0.167229176 0.129206091
v -0.0901612565 -0.169102088 0.129728973
v -0.0943851918 -0.164349526 0.130118966
v -0.0935104266 -0.165333778 0.129555464
v -0.0490049794 -0.206234962 0.137690097
v -0.0368986279 -0.207490027 0.138726607
v -0.0513542704 -0.203861892 0.135616124
v -0.0195008554 -0.189440385 0.128594771
v -0.0646764487 -0.196495295 0.128594771
v -0.0567905903 -0.202629879 0.134334177
v -0.068492271 -0.19943139 0.128594771
v -0.0743091255 -0.197554544 0.128594771
v -0.0178957861 -0.193929821 0.13124758
v -0.0198634807 -0.187332854 0.128594771
v -0.0147258472 -0.198533282 0.134221122
v -0.0094066076 -0.202649817 0.134377331
v -0.00299901771 -0.204773858 0.134058729
v 0.00280021224 -0.20480299 0.133467719
v 0.0187393706 -0.209747523 0.132654086
v 0.00839889236 -0.203150973 0.132659316
v -0.0671883821 -0.17424199 0.128594771
v -0.0667074248 -0.172822341 0.128594771
v -0.0680685267 -0.175455332 0.128594771
v -0.0666688681 -0.171323881 0.128594771
v -0.0692687482 -0.176353261 0.128594771
v -0.080066368 -0.195502087 0.128594771
v -0.0857285932 -0.184006929 0.128594771
v -0.0857586712 -0.193275884 0.128594771
v -0.0871653929 -0.184889659 0.128594771
v -0.0871897042 -0.192383856 0.128594771
v -0.0882270113 -0.186199814 0.128594771
v -0.0882428065 -0.191066831 0.128594771
v -0.0887927413 -0.187788367 0.128594771
v -0.0887982026 -0.189474642 0.128594771
v -0.0670761764 -0.169881359 0.128594771
v -0.06789276 -0.168624371 0.128594771
v -0.0731289312 -0.156777784 0.128594771
v -0.0778753608 -0.157392427 0.128594771
v -0.0648419261 -0.155704647 0.126973048
v -0.028171489 -0.169680998 0.125894681
v -0.0314588808 -0.164485797 0.125095397
v -0.0199999996 -0.185000002 0.12816529
v -0.0233944096 -0.173494697 0.126243889
v -0.0194957387 -0.180537432 0.127266631
v -0.0187072996 -0.177926302 0.126697645
v -0.0176241808 -0.175545454 0.126152322
v 0.0153208729 -0.197855756 0.106999993
v 0.0188755821 -0.191611439 0.126013517
v 0.0187938493 -0.191840395 0.106999993
v 0.015550633 -0.197576836 0.127125368
v 0.0122920722 -0.200776711 0.127877712
v 0.00999998208 -0.202320501 0.106999993
v 0.00839889236 -0.203150973 0.128594771
v 0.00347294193 -0.204696149 0.106999993
v 0.00280021224 -0.20480299 0.133467719
v -0.00347297778 -0.204696149 0.106999993
v 0.00839889236 -0.203150973 0.132659316
v 0.0187393706 -0.209747523 0.132654086
v 0.0210439395 -0.211305782 0.128594786
v -0.00299901771 -0.204773858 0.134058729
v -0.0094066076 -0.202649817 0.134377331
v -0.0100000165 -0.202320501 0.106999993
v -0.0147258472 -0.198533282 0.134221122
v -0.0153209064 -0.197855756 0.106999993
v -0.0178957861 -0.193929821 0.13124758
v -0.0195008554 -0.189440385 0.128594771
v -0.018793866 -0.191840395 0.106999993
v -0.0199999996 -0.185000002 0.106999993
v -0.0198634807 -0.187332854 0.128594771
v -0.0199999996 -0.185000002 0.12816529
v -0.0194957387 -0.180537432 0.127266631
v -0.018793866 -0.178159595 0.106999993
v -0.0176241808 -0.175545454 0.121999994
v -0.0187072996 -0.177926302 0.126697645
v -0.0176241808 -0.175545454 0.126152322
v -0.0153209036 -0.172144234 0.106999993
v -0.0139890201 -0.170706376 0.121999994
v -0.0100000137 -0.167679504 0.106999993
v -0.00907276943 -0.167176276 0.121999994
v -0.00347297429 -0.165303841 0.106999993
v -0.00332565 -0.165278435 0.121999994
v 0.00272601983 -0.165186644 0.121999994
v 0.00347295986 -0.165303841 0.106999993
v 0.00852803979 -0.166909322 0.121999994
v 0.00999999978 -0.167679504 0.106999993
v 0.0135490894 -0.170288712 0.121999994
v 0.0153208757 -0.172144234 0.106999993
v 0.0173293389 -0.175015315 0.121999994
v 0.0187938325 -0.178159595 0.106999993
v 0.0185668599 -0.1775655 0.124095105
v 0.0173293389 -0.175015315 0.123812035
v 0.0194436591 -0.180315554 0.124419391
v 0.0199999828 -0.185000002 0.106999993
v 0.0199999996 -0.185000002 0.125022471
v 0.0187938493 -0.191840395 0.106999993
v 0.0188745502 -0.191614464 0.126014024
v 0.0188755821 -0.191611439 0.126013517
v 0.015550633 -0.197576836 0.127125368
v 0.0210439395 -0.211305782 0.128594786
v 0.0122920722 -0.200776711 0.127877712
v 0.00839889236 -0.203150973 0.128594771
v -0.0901612565 -0.169102088 0.129728973
v -0.0887102932 -0.170734629 0.131064475
v -0.128529608 -0.173365399 0.122926004
v -0.0918258652 -0.167229176 0.129206091
v -0.21308051 -0.0967145264 0.104242764
v -0.214794993 -0.101352997 0.103833467
v -0.21461381 -0.0993270874 0.104201078
v -0.213984087 -0.0977164283 0.104329377
v -0.199743167 -0.0311205219 0.147390589
v -0.198883355 -0.0310097001 0.147288233
v -0.198047385 -0.03119497 0.147164673
v -0.19732441 -0.0316501595 0.147034362
v -0.200503588 -0.0315109193 0.147456333
v -0.201086894 -0.0321328975 0.147478938
v -0.196801662 -0.0323135704 0.146913901
v -0.19652763 -0.0331256986 0.146814078
v -0.196542665 -0.0339752324 0.146748215
v -0.196682647 -0.0344489217 0.146727994
v -0.196909875 -0.0348810814 0.14672187
v -0.210980341 -0.0471701883 0.14735654
v -0.206803292 -0.049918361 0.146626979
v -0.207108602 -0.0502964593 0.146627769
v -0.20748499 -0.0506108329 0.146642089
v -0.208257332 -0.0509624369 0.146697342
v -0.209116414 -0.0510341674 0.146787509
v -0.209943056 -0.0508125089 0.146901101
v -0.211320058 -0.0479495525 0.147323802
v -0.210649312 -0.0503221899 0.147026449
v -0.211379364 -0.0487934016 0.147252098
v -0.211147323 -0.0496225394 0.147148222
v -0.0958037898 -0.166666612 0.112258419
v -0.0958037898 -0.166666612 0.121999994
v -0.103277221 -0.158038884 0.121999994
v -0.103277221 -0.158038884 0.111999996
v -0.103319794 -0.158044025 0.0766768679
v -0.0923834145 -0.170590594 0.107258424
v -0.103972524 -0.157247201 0.111999996
v -0.103972524 -0.157247201 0.121999994
v -0.103972517 -0.157247201 0.081586495
v -0.0863268003 -0.177538946 0.0742886588
v -0.0856341571 -0.178567618 0.107258424
v -0.106628925 -0.154333249 0.0755319744
v -0.103319794 -0.15804401 0.0762155727
v -0.0856009647 -0.17863448 0.0740122497
v -0.088877514 -0.179519847 0.0716343671
v -0.0852900892 -0.179444447 0.0737660229
v -0.0851259902 -0.180276707 0.073600769
v -0.0887545645 -0.181577414 0.0716170892
v -0.0851795822 -0.181735352 0.073513113
v -0.0850959793 -0.18079862 0.109525472
v -0.0854540169 -0.182682514 0.111132935
v -0.0856535807 -0.183118984 0.0736950114
v -0.0850959793 -0.18079862 0.109525472
v -0.0886435807 -0.180614561 0.0716015026
v -0.0851795822 -0.181735352 0.073513113
v -0.0716300309 -0.171945944 0.107258424
v -0.0856341571 -0.178567618 0.107258424
v -0.0785490274 -0.164161026 0.107258424
v -0.0680685267 -0.175455332 0.112258419
v -0.0680685267 -0.175455332 0.128594771
v -0.0923834145 -0.170590594 0.107258424
v -0.0671883821 -0.17424199 0.112258419
v -0.0671883821 -0.17424199 0.128594771
v -0.0667074248 -0.172822341 0.112258419
v -0.0667074248 -0.172822341 0.128594771
v -0.0666688681 -0.171323881 0.112258419
v -0.0666688681 -0.171323881 0.128594771
v -0.0670761764 -0.169881359 0.112258419
v -0.0670761764 -0.169881359 0.128594771
v -0.06789276 -0.168624371 0.112258419
v -0.06789276 -0.168624371 0.128594771
v -0.0748117492 -0.160839453 0.112258419
v -0.0748117492 -0.160839453 0.121999994
v -0.0778753608 -0.157392427 0.128594771
v -0.0771060064 -0.158258066 0.121999994
v -0.0778753608 -0.157392427 0.121999994
v -0.0760455504 -0.15983291 0.121999994
v -0.0760455504 -0.15983291 0.112258419
v -0.0775332227 -0.159265295 0.121999994
v -0.0775332302 -0.159265295 0.112258419
v -0.0791239291 -0.159194186 0.121999994
v -0.0791239291 -0.159194186 0.112258419
v -0.080656305 -0.159626782 0.121999994
v -0.0806563273 -0.159626782 0.112258419
v -0.0958037898 -0.166666612 0.121999994
v -0.0958037898 -0.166666612 0.112258419
v -0.103972524 -0.157247201 0.111999996
v -0.103972524 -0.157247201 0.121999994
v -0.103599079 -0.156742766 0.0821972415
v -0.0977844521 -0.140485495 0.118485332
v -0.105055064 -0.152187586 0.0781172812
v -0.105047822 -0.150296509 0.0792482942
v -0.113066658 -0.145778507 0.075583525
v -0.113492019 -0.14489615 0.0770494863
v -0.116015412 -0.145247474 0.0774391368
v -0.140795454 -0.127885073 0.121999994
v -0.165922225 -0.117166325 0.121999994
v -0.169449881 -0.113735817 0.121999994
v -0.169449866 -0.11373581 0.0646994486
v -0.167650655 -0.105306149 0.0636653379
v -0.168239087 -0.104497477 0.0628534406
v -0.164324895 -0.00361205987 0.147202298
v -0.165350884 0.00207816996 0.144707382
v -0.165635437 -0.0109016495 0.147057459
v -0.166167885 -0.0240860879 0.146565422
v -0.166652739 -0.0360924676 0.151026875
v -0.161669746 -0.033280421 0.156781495
v -0.165727466 -0.037412066 0.151449442
v -0.162840664 -0.0449138209 0.145434543
v -0.141863421 -0.0784396976 0.143160418
v -0.157793149 -0.0457493961 0.156093836
v -0.140977904 -0.0342347361 0.161769807
v -0.132317111 -0.0391941406 0.157318965
v -0.132317126 -0.0391942337 0.153341085
v -0.139039382 -0.0411853641 0.163382873
v -0.132148311 -0.0397596397 0.152720377
v -0.152867272 -0.045281399 0.160839975
v -0.13409774 -0.0380935408 0.150811419
v -0.133083582 -0.0414979309 0.150811344
v -0.134487957 -0.0387942046 0.150633916
v -0.141005442 -0.0407249145 0.14850992
v -0.134487957 -0.0387942046 0.150633916
v -0.134487957 -0.0387942046 0.111999996
v -0.141005442 -0.0407249145 0.14850992
v -0.146691844 -0.0424091555 0.111999996
v -0.104854852 -0.0331342109 0.160010874
v -0.132317126 -0.0391942337 0.153341085
v -0.10574539 -0.0313231498 0.161999866
v -0.132317111 -0.0391941406 0.157318965
v -0.107345611 -0.0964189097 0.149284348
v -0.102480054 -0.094504796 0.150811359
v -0.120207787 -0.0938322395 0.111999996
v -0.146691844 -0.0424091555 0.111999996
v -0.101409279 -0.0976124108 0.111999996
v -0.101409279 -0.0976124331 0.150388986
v -0.10084074 -0.0970728844 0.111999996
v -0.100840718 -0.0970729068 0.150633916
v -0.101409279 -0.0976124331 0.150388986
v -0.0980431214 -0.0971161649 0.111999996
v -0.100840718 -0.0970729068 0.150633916
v -0.100038819 -0.0970853046 0.150811419
v -0.0980431214 -0.0971161649 0.152720377
v -0.0808029696 -0.111869931 0.12798363
v -0.0926133022 -0.102307282 0.111999996
v -0.0869090632 -0.107195221 0.111999996
v -0.0809472948 -0.111765534 0.111999996
v -0.0802970678 -0.112884961 0.126899034
v -0.0803780034 -0.112895295 0.111999996
v -0.0827747881 -0.113205686 0.13143748
v -0.0939612389 -0.101069659 0.155551314
v -0.0919168442 -0.114389665 0.147766829
v -0.100506991 -0.0945639759 0.152720407
v -0.100101747 -0.0949929059 0.153341055
v -0.100101694 -0.0949929506 0.160587102
v -0.0811225027 -0.07423985 0.160010889
v -0.100101747 -0.0949929059 0.153341055
v -0.0949087515 -0.102480963 0.157006219
v -0.096005626 -0.104005486 0.158655331
v -0.102600753 -0.0973645076 0.164011568
v -0.110609837 -0.104964882 0.162064552
v -0.0799993277 -0.0759166405 0.161999851
v -0.100101694 -0.0949929506 0.160587102
v -0.0706355572 -0.0642734617 0.159999996
v -0.0811546892 -0.0742557421 0.159999996
v -0.0910298452 -0.0617541075 0.159999996
v -0.0989955291 -0.0479571037 0.159999996
v -0.0652595907 -0.0490921885 0.159999996
v -0.0751448721 -0.031970378 0.159999996
v -0.0909802243 -0.029035477 0.159999996
v -0.104884699 -0.0331541598 0.159999996
v -0.068910569 -0.0653936863 0.162
v -0.0633743256 -0.0497598015 0.162
v -0.0689105392 -0.0653936639 0.172201112
v -0.0645142123 -0.0446676202 0.159999996
v -0.0633743107 -0.0497597978 0.172201008
v -0.0910878628 -0.0269814581 0.162
v -0.0747804046 -0.0300038755 0.162
v -0.0910878628 -0.0269814581 0.172201127
v -0.0926175192 -0.0380103849 0.181917951
v -0.0747803971 -0.0300038848 0.172201037
v -0.0700139329 -0.0317623168 0.162
v -0.0781206563 -0.0353862904 0.182771832
v -0.149430498 -0.0493247397 0.170590729
v -0.0759746432 -0.0354055837 0.182975858
v -0.0699460208 -0.0318017639 0.172200978
v -0.0782615095 -0.0363089666 0.184096277
v -0.150082231 -0.0497954562 0.170819953
v -0.148890704 -0.0502048619 0.171960026
v -0.155069172 -0.045107048 0.1588552
v -0.150620654 -0.0504254885 0.170924544
v -0.156884208 -0.045265343 0.157108441
v -0.148765072 -0.0534211323 0.172748014
v -0.147978634 -0.0514005162 0.173007712
v -0.151003927 -0.051166866 0.170896292
v -0.158149436 -0.0462294556 0.155597746
v -0.0925712734 -0.0391267352 0.182710871
v -0.151202545 -0.051962249 0.170737475
v -0.0783134103 -0.0376065113 0.185064316
v -0.147211984 -0.0523065738 0.173456296
v -0.147627562 -0.0533631742 0.173321098
v -0.0924425125 -0.0403747968 0.183170959
v -0.146328554 -0.0532829016 0.173678324
v -0.0922421515 -0.0416914597 0.183288366
v -0.110832602 -0.0547253825 0.179341882
v -0.134320021 -0.0744995698 0.173686504
v -0.0782831684 -0.0389064699 0.185530767
v -0.0754902139 -0.0374664031 0.184584707
v -0.0747933909 -0.0398951061 0.186034754
v -0.0762468502 -0.0405575857 0.185909241
v -0.0732342675 -0.039521575 0.185844257
v -0.0732342675 -0.039521575 0.185844257
v -0.0713871345 -0.0395017788 0.185210899
v -0.0694599599 -0.0401027277 0.183950529
v -0.0713871345 -0.0395017788 0.185210899
v -0.0866025314 -0.0500000045 0.180460215
v -0.0740330219 -0.0358691886 0.183126822
v -0.071249336 -0.0374574512 0.183291659
v -0.0694599599 -0.0401027277 0.183950529
v -0.0781865641 -0.0402818061 0.185628787
v -0.0869216621 -0.0467193387 0.183737069
v -0.0871025324 -0.0491339676 0.181472108
v -0.0872866809 -0.0488392152 0.181821436
v -0.0889515877 -0.0453720167 0.183530197
v -0.088380307 -0.0476737916 0.181721449
v -0.0879083499 -0.0480872765 0.176361158
v -0.0871025324 -0.0491339676 0.181472108
v -0.0871025324 -0.0491339751 0.176395729
v -0.0866025314 -0.0500000045 0.180460215
v -0.0861025304 -0.0508660302 0.176395729
v -0.0861025304 -0.0508660302 0.181472108
v -0.0855190605 -0.0524401404 0.176340744
v -0.0889761299 -0.0472790189 0.176263064
v -0.0859393403 -0.0511728786 0.181821436
v -0.0898010135 -0.0469077118 0.18149671
v -0.0905702636 -0.0467088968 0.176060647
v -0.0854744986 -0.0527209081 0.181719527
v -0.0854913816 -0.0541298054 0.176187322
v -0.0912924558 -0.0448016338 0.183206052
v -0.0913654193 -0.0466344096 0.181180894
v -0.0922850147 -0.0467072092 0.175791547
v -0.0930652022 -0.0449104458 0.182916597
v -0.0924853459 -0.0467460528 0.180920124
v -0.0952455774 -0.0457223579 0.18250826
v -0.0939327031 -0.0473037623 0.180538252
v -0.0939326584 -0.047303848 0.175484791
v -0.109521091 -0.0563039929 0.17737262
v -0.109521128 -0.0563038662 0.172315314
v -0.110572137 -0.0571139902 0.177051142
v -0.110601932 -0.0571443066 0.172078013
v -0.112685204 -0.0562789999 0.178927615
v -0.111354463 -0.0581395477 0.176765025
v -0.11140088 -0.0582220629 0.171865389
v -0.113898553 -0.0583723858 0.178570062
v -0.111856565 -0.0593617857 0.176517308
v -0.111957662 -0.0598400496 0.171645254
v -0.114316188 -0.0603859872 0.178340852
v -0.112021126 -0.060642913 0.176334471
v -0.111938052 -0.061541982 0.171505302
v -0.111847028 -0.0619418956 0.176219776
v -0.111351259 -0.0631339848 0.171458781
v -0.114133984 -0.0624281876 0.178198636
v -0.132975176 -0.0733051598 0.174363434
v -0.111351252 -0.0631339848 0.176183254
v -0.132025942 -0.0762251094 0.171211794
v -0.111183748 -0.0634241328 0.176195934
v -0.110851251 -0.0640000105 0.175523072
v -0.111183748 -0.0634241328 0.176195934
v -0.110851251 -0.0640000105 0.175523072
v -0.110351242 -0.0648660436 0.171458781
v -0.133701503 -0.0738235041 0.174120054
v -0.110351242 -0.0648660511 0.176183254
v -0.110518761 -0.0645758957 0.176195934
v -0.109536991 -0.0659211278 0.171487078
v -0.111131392 -0.0676288605 0.178198636
v -0.109533489 -0.0659245774 0.176222563
v -0.108459681 -0.0667311102 0.171575099
v -0.108462267 -0.0667296052 0.176343411
v -0.106852703 -0.0672964156 0.171763003
v -0.106851801 -0.0672965497 0.176603794
v -0.105142422 -0.0672881678 0.172018349
v -0.134757414 -0.0752945393 0.173074171
v -0.13559866 -0.075230144 0.172282591
v -0.150140509 -0.0534701049 0.171547294
v -0.136151448 -0.0752404705 0.171433181
v -0.136446103 -0.0753132626 0.170562282
v -0.137601033 -0.0794437453 0.143661663
v -0.140223935 -0.0788737983 0.143104106
v -0.151000127 -0.0534704514 0.17008619
v -0.151201084 -0.0527502671 0.170460239
v -0.157697842 -0.0483080335 0.155324519
v -0.15798001 -0.0478632934 0.155207977
v -0.158150896 -0.047482539 0.155175209
v -0.158266172 -0.0466627665 0.155342326
v -0.158255666 -0.0470720567 0.155214652
v -0.102546044 -0.115765989 0.122228533
v -0.124855116 -0.118654914 0.111999996
v -0.124855116 -0.118654914 0.121999994
v -0.0803780034 -0.112895295 0.111999996
v -0.0802970678 -0.112884961 0.126899034
v -0.0827747881 -0.113205686 0.13143748
v -0.102546059 -0.115765989 0.144031227
v -0.0950456336 -0.111179464 0.154526114
v -0.115016058 -0.103348814 0.169512764
v -0.115407586 -0.103163682 0.170253202
v -0.115698956 -0.102797948 0.17112115
v -0.0792293102 -0.0612026975 0.181920543
v -0.116200492 -0.101650797 0.172634766
v -0.0697057545 -0.0499613434 0.182771832
v -0.118590094 -0.100112095 0.173415527
v -0.132400617 -0.0789618269 0.173121929
v -0.131435886 -0.0789528415 0.173750207
v -0.0705752149 -0.0496219732 0.184096277
v -0.068533197 -0.0478032492 0.18300277
v -0.0695542768 -0.0459723361 0.184966147
v -0.0717248693 -0.049018167 0.185064286
v -0.080169782 -0.0606054068 0.182710811
v -0.116855145 -0.100041181 0.173682824
v -0.117708907 -0.0981415287 0.174114287
v -0.11753726 -0.0981425196 0.174137414
v -0.0811862275 -0.0598705411 0.18317081
v -0.0822268203 -0.0590402819 0.183288172
v -0.0728355348 -0.0483419932 0.185530767
v -0.0732473433 -0.0457530096 0.185909241
v -0.0716407225 -0.0445459597 0.186016113
v -0.0703842416 -0.0429996252 0.185624942
v -0.068173036 -0.0424428582 0.183309793
v -0.0697057024 -0.0415386036 0.184920371
v -0.0764555484 -0.0544443503 0.184117541
v -0.0739781186 -0.047570724 0.185628816
v -0.0679836944 -0.0455258116 0.183171362
v -0.0625141412 -0.0446741581 0.172200978
v -0.0625142604 -0.0446545221 0.162
v -0.0634275302 -0.0395978093 0.172200978
v -0.0653174594 -0.0402531698 0.159999996
v -0.0634410679 -0.0395609364 0.162
v -0.0693149567 -0.0396793596 0.183348924
v -0.0660064742 -0.0351309516 0.172200978
v -0.0660443231 -0.0350858383 0.162
v -0.067573607 -0.0363747552 0.159999996
v -0.0710139349 -0.0334943719 0.159999996
v -0.101409279 -0.0976124108 0.111999996
v -0.0980431214 -0.0971161649 0.111999996
v -0.10084074 -0.0970728844 0.111999996
v -0.0926133022 -0.102307282 0.111999996
v -0.124855116 -0.118654914 0.111999996
v -0.0869090632 -0.107195221 0.111999996
v -0.120207787 -0.0938322395 0.111999996
v -0.0803780034 -0.112895295 0.111999996
v -0.0809472948 -0.111765534 0.111999996
v -0.133708701 -0.100369267 0.111999996
v -0.15043214 -0.0671637505 0.111999996
v -0.146691844 -0.0424091555 0.111999996
v -0.160746604 -0.0309281293 0.111999996
v -0.150439292 -0.0278749801 0.111999996
v -0.135898128 -0.0239936821 0.111999996
v -0.15134038 -0.0224742647 0.111999996
v -0.133126631 -0.036349766 0.111999996
v -0.134487957 -0.0387942046 0.111999996
v -0.13752538 -0.0114355655 0.111999996
v -0.152203694 -0.0155896898 0.111999996
v -0.152753979 -0.00867303368 0.111999996
v -0.137994632 0.00121885294 0.111999996
v -0.152990133 -0.0017385626 0.111999996
v -0.138817608 0.00401146384 0.111999996
v -0.162780821 0.0131402537 0.111999996
v -0.157817364 0.0328851901 0.111999996
v -0.150439292 -0.0278749801 0.111999996
v -0.160746604 -0.0309281293 0.121521786
v -0.160746604 -0.0309281293 0.111999996
v -0.150439292 -0.0278749801 0.121999994
v -0.0939326584 -0.047303848 0.175484791
v -0.0922850147 -0.0467072092 0.175791547
v -0.0905702636 -0.0467088968 0.176060647
v -0.0889761299 -0.0472790189 0.176263064
v -0.0879083499 -0.0480872765 0.176361158
v -0.0871025324 -0.0491339751 0.176395729
v -0.0861025304 -0.0508660302 0.176395729
v -0.0879326612 -0.0576961562 0.175484791
v -0.0855190605 -0.0524401404 0.176340744
v -0.0854913816 -0.0541298054 0.176187322
v -0.0860380232 -0.0557507314 0.175951988
v -0.0868350118 -0.0568383299 0.175729573
v -0.103521116 -0.066696167 0.172315314
v -0.109521128 -0.0563038662 0.172315314
v -0.110351242 -0.0648660436 0.171458781
v -0.105142422 -0.0672881678 0.172018349
v -0.106852703 -0.0672964156 0.171763003
v -0.108459681 -0.0667311102 0.171575099
v -0.109536991 -0.0659211278 0.171487078
v -0.111351259 -0.0631339848 0.171458781
v -0.110601932 -0.0571443066 0.172078013
v -0.11140088 -0.0582220629 0.171865389
v -0.111957662 -0.0598400496 0.171645254
v -0.111938052 -0.061541982 0.171505302
v -0.0703842416 -0.0429996252 0.185624942
v -0.0716407225 -0.0445459597 0.186016113
v -0.0697057024 -0.0415386036 0.184920371
v -0.0694599599 -0.0401027277 0.183950529
v -0.0866025314 -0.0500000045 0.180460215
v -0.0839209631 -0.0519167036 0.183737069
v -0.0861025304 -0.0508660302 0.181472108
v -0.0837341398 -0.0539179705 0.183576554
v -0.0855297446 -0.0543470122 0.181491449
v -0.0841301978 -0.0559138656 0.18332544
v -0.0861099586 -0.0558789633 0.18116273
v -0.0860380232 -0.0557507314 0.175951988
v -0.0853312537 -0.0580293052 0.182941571
v -0.0868894011 -0.0568937771 0.180862725
v -0.0868350118 -0.0568383299 0.175729573
v -0.0872195438 -0.0596239492 0.182508215
v -0.0879325941 -0.0576962158 0.180538237
v -0.0879326612 -0.0576961562 0.175484791
v -0.102809854 -0.068621181 0.179341882
v -0.103521198 -0.066696085 0.177372664
v -0.103521116 -0.066696167 0.172315314
v -0.10473337 -0.0693777949 0.178985745
v -0.105136618 -0.0672871843 0.176959485
v -0.106790721 -0.0695391521 0.17866689
v -0.109131269 -0.0689599216 0.178374663
v -0.129742384 -0.0783749074 0.174410105
v -0.110518761 -0.0645758957 0.176195934
v -0.110851251 -0.0640000105 0.175523072
v -0.13055031 -0.0787451714 0.174169779
v -0.162780821 0.0131402593 0.121999994
v -0.157817364 0.0328851901 0.111999996
v -0.157817364 0.0328851901 0.121999994
v -0.162780821 0.0131402537 0.111999996
v -0.152990133 -0.0017385626 0.111999996
v -0.152990133 -0.00173855782 0.121999994
v -0.152753979 -0.00867303368 0.121999994
v -0.152753979 -0.00867303368 0.111999996
v -0.152203694 -0.0155896898 0.121999994
v -0.152203694 -0.0155896898 0.111999996
v -0.151788443 -0.0192163289 0.121999994
v -0.15134038 -0.0224742647 0.111999996
v -0.150439292 -0.0278749801 0.121999994
v -0.150439292 -0.0278749801 0.111999996
v -0.0233982392 -0.173492566 0.121999994
v -0.0176241808 -0.175545454 0.126152322
v -0.0176241808 -0.175545454 0.121999994
v -0.0233944096 -0.173494697 0.126243889
v -0.028171489 -0.169680998 0.125894681
v -0.0281848777 -0.169666052 0.121999994
v -0.0314588808 -0.164485797 0.125095397
v -0.0314588808 -0.164485797 0.121999994
v -0.0648419261 -0.155704647 0.121999994
v -0.0648419261 -0.155704647 0.126973048
v -0.0731289312 -0.156777784 0.128594771
v -0.0778753608 -0.157392427 0.121999994
v -0.0778753608 -0.157392427 0.128594771
v -0.193034843 0.00957555138 0.0720000044
v -0.185000002 0.0124999918 0.0720000044
v -0.189275235 0.0117461514 0.0720000044
v -0.176965162 0.00957555231 0.0720000044
v -0.180724755 0.0117461523 0.0720000044
v -0.195825309 0.00624999078 0.0720000044
v -0.197310105 0.00217059138 0.0720000044
v -0.195825309 -0.00625000894 0.0720000044
v -0.197310105 -0.00217060861 0.0720000044
v -0.189275235 -0.0117461681 0.0720000044
v -0.193034843 -0.00957556814 0.0720000044
v -0.174174681 -0.00625000754 0.0720000044
v -0.174174681 0.00624999218 0.0720000044
v -0.172689885 0.00217059255 0.0720000044
v -0.172689885 -0.00217060745 0.0720000044
v -0.180724755 -0.0117461663 0.0720000044
v -0.176965162 -0.00957556721 0.0720000044
v -0.185000002 -0.0125000076 0.0720000044
v 0.193034843 -0.00957556814 0.0720000044
v 0.185000002 -0.0125000076 0.0720000044
v 0.189275235 -0.0117461681 0.0720000044
v 0.176965162 -0.00957556721 0.0720000044
v 0.180724755 -0.0117461681 0.0720000044
v 0.195825309 -0.00625000801 0.0720000044
v 0.197310105 -0.00217060861 0.0720000044
v 0.195825309 0.00624999171 0.0720000044
v 0.197310105 0.00217059138 0.0720000044
v 0.189275235 0.0117461514 0.0720000044
v 0.193034843 0.00957555138 0.0720000044
v 0.174174681 0.00624999218 0.0720000044
v 0.174174681 -0.00625000754 0.0720000044
v 0.185000002 0.0124999918 0.0720000044
v 0.172689885 -0.00217060745 0.0720000044
v 0.172689885 0.00217059231 0.0720000044
v 0.180724755 0.0117461514 0.0720000044
v 0.176965162 0.00957555231 0.0720000044
v -0.012500016 -0.185000002 0.0720000044
v -0.00957557559 -0.176965162 0.0720000044
v -0.0117461765 -0.180724755 0.0720000044
v -0.0117461765 -0.189275235 0.0720000044
v -0.00957557652 -0.193034843 0.0720000044
v -0.00625001639 -0.195825309 0.0720000044
v -0.00217061723 -0.197310105 0.0720000044
v 0.00624998333 -0.195825309 0.0720000044
v 0.00217058277 -0.197310105 0.0720000044
v 0.011746143 -0.189275235 0.0720000044
v 0.00957554299 -0.193034843 0.0720000044
v 0.00624998426 -0.174174681 0.0720000044
v -0.00625001546 -0.174174681 0.0720000044
v 0.0124999834 -0.185000002 0.0720000044
v -0.00217061513 -0.172689885 0.0720000044
v 0.00217058486 -0.172689885 0.0720000044
v 0.011746143 -0.180724755 0.0720000044
v 0.00957554393 -0.176965162 0.0720000044
v 0.15983291 -0.076045543 0.121999994
v 0.15983291 -0.076045543 0.112258419
v 0.159265295 -0.0775332227 0.121999994
v 0.159265295 -0.0775332227 0.112258419
v 0.159194186 -0.0791239217 0.121999994
v 0.159194186 -0.0791239217 0.112258419
v 0.159626782 -0.080656305 0.121999994
v 0.159626782 -0.0806563199 0.112258419
v 0.166666612 -0.0958037823 0.121999994
v 0.166666612 -0.0958037823 0.112258419
v -0.0650590807 0.231013671 0.0962422937
v -0.039037481 0.232062504 0.0898619071
v -0.0610228851 0.22204721 0.0770105273
v -0.0559900254 0.222834274 0.07650581
v -0.0377858281 0.229773223 0.0882306844
v -0.0546556264 0.220420092 0.0747670084
v -0.0667543188 0.193063408 0.0595549196
v -0.0765038505 0.186841294 0.0561150312
v -0.0639254823 0.187474549 0.0598172359
v -0.0639803037 0.184510991 0.0605264902
v -0.0785626024 0.185240224 0.056331791
v -0.0747467205 0.182873517 0.0563162901
v -0.0647877529 0.185543373 0.0588660985
v -0.0645684302 0.183352813 0.0611880012
v -0.0683928654 0.182579666 0.0589228682
v -0.0713917688 0.181884691 0.0582028367
v -0.0739529803 0.187218085 0.056274429
v -0.0704313666 0.183717698 0.0567203276
v -0.0678870454 0.184448034 0.0574226789
v -0.0689988732 0.189937741 0.0577561185
v -0.0717806816 0.187993944 0.0566786081
v -0.207108602 -0.0502964593 0.146627769
v -0.206803292 -0.049918361 0.146626979
v -0.206803322 -0.049918361 0.149657637
v -0.196909875 -0.0348810814 0.14672187
v -0.207109332 -0.0502971783 0.149658546
v -0.196909904 -0.0348810703 0.149754435
v -0.20748499 -0.0506108329 0.146642089
v -0.196682647 -0.0344489217 0.146727994
v -0.207486376 -0.0506118014 0.149672955
v -0.196570128 -0.0341015421 0.149774477
v -0.208257332 -0.0509624369 0.146697342
v -0.196542665 -0.0339752324 0.146748215
v -0.208261177 -0.0509634465 0.149728701
v -0.196511194 -0.0332541503 0.149835035
v -0.209116414 -0.0510341674 0.146787509
v -0.19652763 -0.0331256986 0.146814078
v -0.209122121 -0.0510336496 0.149819553
v -0.19674316 -0.0324281491 0.149931058
v -0.209943056 -0.0508125089 0.146901101
v -0.196801662 -0.0323135704 0.146913901
v -0.209949166 -0.0508097112 0.149933815
v -0.197234571 -0.0317352563 0.150050297
v -0.210649312 -0.0503221899 0.147026449
v -0.19732441 -0.0316501595 0.147034362
v -0.210656315 -0.0503152795 0.150060117
v -0.197937623 -0.0312431995 0.150181457
v -0.211147323 -0.0496225394 0.147148222
v -0.198047385 -0.03119497 0.147164673
v -0.21115081 -0.0496152379 0.150181979
v -0.19875887 -0.0310185254 0.150306731
v -0.211379364 -0.0487934016 0.147252098
v -0.198883355 -0.0310097001 0.147288233
v -0.211379588 -0.0487916321 0.150285348
v -0.199620649 -0.0310856607 0.150413319
v -0.211320058 -0.0479495525 0.147323802
v -0.199743167 -0.0311205219 0.147390589
v -0.211320013 -0.0479494184 0.150357142
v -0.200399831 -0.0314367861 0.150485009
v -0.210980341 -0.0471701883 0.14735654
v -0.200503588 -0.0315109193 0.147456333
v -0.210980341 -0.0471701883 0.150389969
v -0.200780138 -0.0317533389 0.15050745
v -0.201086894 -0.0321328975 0.147478938
v -0.201086894 -0.0321329162 0.150514632
v -0.00625001639 -0.195825309 0.106999993
v -0.0100000165 -0.202320501 0.106999993
v -0.00347297778 -0.204696149 0.106999993
v -0.0153209064 -0.197855756 0.106999993
v -0.00217061723 -0.197310105 0.106999993
v -0.00957557652 -0.193034843 0.106999993
v -0.018793866 -0.191840395 0.106999993
v -0.0117461765 -0.189275235 0.106999993
v 0.00347294193 -0.204696149 0.106999993
v 0.00217058277 -0.197310105 0.106999993
v -0.0199999996 -0.185000002 0.106999993
v -0.012500016 -0.185000002 0.106999993
v 0.00624998333 -0.195825309 0.106999993
v 0.00999998208 -0.202320501 0.106999993
v 0.0153208729 -0.197855756 0.106999993
v 0.00957554299 -0.193034843 0.106999993
v 0.0187938493 -0.191840395 0.106999993
v 0.011746143 -0.189275235 0.106999993
v -0.0117461765 -0.180724755 0.106999993
v -0.018793866 -0.178159595 0.106999993
v 0.0199999828 -0.185000002 0.106999993
v 0.0124999834 -0.185000002 0.106999993
v 0.011746143 -0.180724755 0.106999993
v 0.0187938325 -0.178159595 0.106999993
v 0.00957554393 -0.176965162 0.106999993
v 0.0153208757 -0.172144234 0.106999993
v -0.0153209036 -0.172144234 0.106999993
v -0.00957557559 -0.176965162 0.106999993
v -0.00625001546 -0.174174681 0.106999993
v -0.0100000137 -0.167679504 0.106999993
v 0.00624998426 -0.174174681 0.106999993
v 0.00999999978 -0.167679504 0.106999993
v -0.00217061513 -0.172689885 0.106999993
v -0.00347297429 -0.165303841 0.106999993
v 0.00347295986 -0.165303841 0.106999993
v 0.00217058486 -0.172689885 0.106999993
v -0.0444800779 -0.205244154 0.160044864
v -0.0444800779 -0.205244139 0.156024754
v -0.032183107 -0.213833943 0.159891158
v -0.0449596383 -0.204806268 0.160029829
v -0.032183107 -0.213833943 0.155933678
v -0.0449545979 -0.204812229 0.156007707
v -0.0317638665 -0.214070275 0.155919522
v -0.045313146 -0.204253465 0.159970671
v -0.0314229988 -0.214192539 0.159848183
v -0.0453068279 -0.204266965 0.155949146
v -0.0312974602 -0.214224041 0.155883074
v -0.0455105864 -0.203628033 0.15987131
v -0.0305844992 -0.214278847 0.15974085
v -0.0455060266 -0.203653231 0.155853465
v -0.030448379 -0.214266002 0.155771971
v -0.0455377363 -0.202963099 0.15973641
v -0.0297569074 -0.214078113 0.159580186
v -0.0455400795 -0.202990606 0.155722857
v -0.0296234284 -0.214015514 0.155609816
v -0.0453869477 -0.202310517 0.159575835
v -0.0290369578 -0.213603929 0.159383342
v -0.0453994684 -0.202344492 0.155569568
v -0.0289314184 -0.213498294 0.155416891
v -0.0450752862 -0.201731145 0.15940538
v -0.0285216365 -0.21291481 0.15917559
v -0.04509262 -0.201755419 0.15540348
v -0.0284553375 -0.212773398 0.155215502
v -0.0446320474 -0.20126006 0.159237385
v -0.0282694474 -0.212083921 0.158978879
v -0.0446461998 -0.201271608 0.155238837
v -0.0282561779 -0.211937651 0.155031532
v -0.0440776013 -0.200916246 0.159079328
v -0.0283160396 -0.211219892 0.158818543
v -0.0440865457 -0.200920314 0.15508537
v -0.0283513274 -0.211084858 0.15488416
v -0.0434592292 -0.200728625 0.158944741
v -0.0286472701 -0.210434571 0.158713624
v -0.0434627272 -0.200729206 0.154956058
v -0.0287210289 -0.210325941 0.154791042
v -0.0428186171 -0.2007052 0.158841684
v -0.0289505292 -0.210050479 0.158682227
v -0.0428205952 -0.200705007 0.154858798
v -0.0293198396 -0.209734946 0.154759988
v -0.0421895608 -0.200846806 0.158775285
v -0.0293198489 -0.209734946 0.158673391
v -0.0421889499 -0.200847045 0.15479736
v -0.0416168049 -0.201145142 0.154776335
v -0.0416168198 -0.201145172 0.158750296
v 0.207108602 0.050296478 0.146627769
v 0.206803292 0.0499183796 0.146626979
v 0.206803322 0.0499183796 0.149657637
v 0.196909875 0.0348811001 0.14672187
v 0.207109332 0.050297197 0.149658546
v 0.196909904 0.0348810889 0.149754435
v 0.20748499 0.0506108515 0.146642089
v 0.196682647 0.0344489403 0.146727994
v 0.207486376 0.0506118201 0.149672955
v 0.196570128 0.0341015607 0.149774477
v 0.208257332 0.0509624556 0.146697342
v 0.196542665 0.033975251 0.146748215
v 0.208261177 0.0509634688 0.149728701
v 0.196511194 0.0332541689 0.149835035
v 0.209116414 0.051034186 0.146787509
v 0.19652763 0.0331257209 0.146814078
v 0.209122121 0.0510336682 0.149819553
v 0.19674316 0.0324281678 0.149931058
v 0.209943056 0.0508125275 0.146901101
v 0.196801662 0.032313589 0.146913901
v 0.209949166 0.0508097298 0.149933815
v 0.197234571 0.0317352377 0.150050297
v 0.210649312 0.0503222086 0.147026449
v 0.19732441 0.0316501819 0.147034362
v 0.210656315 0.0503152981 0.150060117
v 0.197937623 0.0312432181 0.150181457
v 0.211147323 0.0496225581 0.147148222
v 0.198047385 0.0311949886 0.147164673
v 0.21115081 0.0496152565 0.150181979
v 0.19875887 0.0310185086 0.150306731
v 0.211379364 0.0487934202 0.147252098
v 0.198883355 0.0310097188 0.147288233
v 0.211379588 0.0487916507 0.150285348
v 0.199620649 0.0310856793 0.150413319
v 0.211320058 0.0479495712 0.147323802
v 0.199743167 0.0311205406 0.147390589
v 0.211320013 0.0479494371 0.150357142
v 0.200399831 0.0314367674 0.150485009
v 0.210980341 0.0471702106 0.14735654
v 0.200503588 0.031510938 0.147456333
v 0.210980341 0.0471702106 0.150389969
v 0.200780138 0.03175335 0.15050745
v 0.201086894 0.0321329199 0.147478938
v 0.201086894 0.0321328975 0.150514632
v 0.00624999963 0.195825309 0.106999993
v 0.00999999885 0.202320501 0.106999993
v 0.00347295986 0.204696149 0.106999993
v 0.0153208897 0.197855756 0.106999993
v 0.0021706 0.197310105 0.106999993
v 0.00957555976 0.193034843 0.106999993
v 0.0187938493 0.191840395 0.106999993
v 0.0117461598 0.189275235 0.106999993
v -0.00347295986 0.204696149 0.106999993
v -0.0021706 0.197310105 0.106999993
v 0.0199999977 0.185000002 0.106999993
v 0.0124999993 0.185000002 0.106999993
v -0.00624999963 0.195825309 0.106999993
v -0.00999999978 0.202320501 0.106999993
v -0.0153208897 0.197855756 0.106999993
v -0.00957555976 0.193034843 0.106999993
v -0.0187938493 0.191840395 0.106999993
v -0.0117461598 0.189275235 0.106999993
v 0.0117461598 0.180724755 0.106999993
v 0.0187938493 0.178159595 0.106999993
v -0.0199999996 0.185000002 0.106999993
v -0.0124999993 0.185000002 0.106999993
v -0.0117461598 0.180724755 0.106999993
v -0.0187938493 0.178159595 0.106999993
v -0.00957555976 0.176965162 0.106999993
v -0.0153208897 0.172144234 0.106999993
v 0.0153208897 0.172144234 0.106999993
v 0.00957555976 0.176965162 0.106999993
v 0.00624999963 0.174174681 0.106999993
v 0.00999999978 0.167679504 0.106999993
v -0.00624999963 0.174174681 0.106999993
v -0.00999999978 0.167679504 0.106999993
v 0.0021706 0.172689885 0.106999993
v 0.00347295986 0.165303841 0.106999993
v -0.00347295986 0.165303841 0.106999993
v -0.0021706 0.172689885 0.106999993
v 0.0444800593 0.205244154 0.160044864
v 0.0444800593 0.205244139 0.156024754
v 0.0321830884 0.213833943 0.159891158
v 0.0449596196 0.204806268 0.160029829
v 0.0321830884 0.213833943 0.155933678
v 0.0449545793 0.204812229 0.156007707
v 0.0317638479 0.214070275 0.155919522
v 0.0453131273 0.204253465 0.159970671
v 0.0314229801 0.214192539 0.159848183
v 0.0453068092 0.204266965 0.155949146
v 0.0312974416 0.214224041 0.155883074
v 0.0455105677 0.203628033 0.15987131
v 0.0305844806 0.214278847 0.15974085
v 0.045506008 0.203653231 0.155853465
v 0.0304483604 0.214266002 0.155771971
v 0.0455377176 0.202963099 0.15973641
v 0.0297568887 0.214078113 0.159580186
v 0.0455400608 0.202990606 0.155722857
v 0.0296234097 0.214015514 0.155609816
v 0.0453869291 0.202310517 0.159575835
v 0.0290369391 0.213603929 0.159383342
v 0.0453994498 0.202344492 0.155569568
v 0.0289313998 0.213498294 0.155416891
v 0.0450752676 0.201731145 0.15940538
v 0.0285216179 0.21291481 0.15917559
v 0.0450926013 0.201755419 0.15540348
v 0.0284553189 0.212773398 0.155215502
v 0.0446320288 0.20126006 0.159237385
v 0.0282694288 0.212083921 0.158978879
v 0.0446461812 0.201271608 0.155238837
v 0.0282561574 0.211937651 0.155031532
v 0.0440775827 0.200916246 0.159079328
v 0.028316021 0.211219892 0.158818543
v 0.0440865271 0.200920314 0.15508537
v 0.0283513088 0.211084858 0.15488416
v 0.0434592105 0.200728625 0.158944741
v 0.0286472496 0.210434571 0.158713624
v 0.0434627086 0.200729206 0.154956058
v 0.0287210103 0.210325941 0.154791042
v 0.0428186171 0.2007052 0.158841684
v 0.0289505087 0.210050479 0.158682227
v 0.0428205766 0.200705007 0.154858798
v 0.0293198191 0.209734946 0.154759988
v 0.0421895385 0.200846806 0.158775285
v 0.0293198284 0.209734946 0.158673391
v 0.0421889313 0.200847045 0.15479736
v 0.0416167863 0.201145142 0.154776335
v 0.0416168012 0.201145172 0.158750296
v 0.0502964668 -0.207108602 0.146627769
v 0.0499183685 -0.206803292 0.146626979
v 0.0499183685 -0.206803322 0.149657637
v 0.0348810889 -0.196909875 0.14672187
v 0.0502971858 -0.207109332 0.149658546
v 0.0348810814 -0.196909904 0.149754435
v 0.0506108403 -0.20748499 0.146642089
v 0.0344489291 -0.196682647 0.146727994
v 0.0506118089 -0.207486376 0.149672955
v 0.0341015495 -0.196570128 0.149774477
v 0.0509624481 -0.208257332 0.146697342
v 0.0339752398 -0.196542665 0.146748215
v 0.0509634577 -0.208261177 0.149728701
v 0.0332541615 -0.196511194 0.149835035
v 0.0510341786 -0.209116414 0.146787509
v 0.0331257097 -0.19652763 0.146814078
v 0.051033657 -0.209122121 0.149819553
v 0.0324281603 -0.19674316 0.149931058
v 0.0508125201 -0.209943056 0.146901101
v 0.0323135816 -0.196801662 0.146913901
v 0.0508097224 -0.209949166 0.149933815
v 0.0317352302 -0.197234571 0.150050297
v 0.0503221974 -0.210649312 0.147026449
v 0.0316501707 -0.19732441 0.147034362
v 0.050315287 -0.210656315 0.150060117
v 0.0312431995 -0.197937623 0.150181457
v 0.0496225506 -0.211147323 0.147148222
v 0.0311949793 -0.198047385 0.147164673
v 0.049615249 -0.21115081 0.150181979
v 0.0310184993 -0.19875887 0.150306731
v 0.048793409 -0.211379364 0.147252098
v 0.0310097095 -0.198883355 0.147288233
v 0.0487916395 -0.211379588 0.150285348
v 0.0310856607 -0.199620649 0.150413319
v 0.04794956 -0.211320058 0.147323802
v 0.0311205313 -0.199743167 0.147390589
v 0.0479494259 -0.211320013 0.150357142
v 0.0314367674 -0.200399831 0.150485009
v 0.0471701995 -0.210980341 0.14735654
v 0.0315109305 -0.200503588 0.147456333
v 0.0471701995 -0.210980341 0.150389969
v 0.0317533389 -0.200780138 0.15050745
v 0.0321329087 -0.201086894 0.147478938
v 0.0321328975 -0.201086923 0.150514618
v 0.195825309 -0.00625000801 0.106999993
v 0.202320501 -0.0100000082 0.106999993
v 0.204696149 -0.00347296894 0.106999993
v 0.197855756 -0.015320898 0.106999993
v 0.197310105 -0.00217060861 0.106999993
v 0.193034843 -0.00957556814 0.106999993
v 0.191840395 -0.0187938586 0.106999993
v 0.189275235 -0.0117461681 0.106999993
v 0.204696149 0.00347295101 0.106999993
v 0.197310105 0.00217059138 0.106999993
v 0.185000002 -0.020000007 0.106999993
v 0.185000002 -0.0125000076 0.106999993
v 0.195825309 0.00624999171 0.106999993
v 0.202320501 0.00999999046 0.106999993
v 0.197855756 0.0153208813 0.106999993
v 0.193034843 0.00957555138 0.106999993
v 0.191840395 0.0187938418 0.106999993
v 0.189275235 0.0117461514 0.106999993
v 0.180724755 -0.0117461681 0.106999993
v 0.178159595 -0.0187938586 0.106999993
v 0.185000002 0.0199999921 0.106999993
v 0.185000002 0.0124999918 0.106999993
v 0.180724755 0.0117461514 0.106999993
v 0.178159595 0.0187938418 0.106999993
v 0.176965162 0.00957555231 0.106999993
v 0.172144234 0.0153208822 0.106999993
v 0.172144234 -0.0153208971 0.106999993
v 0.176965162 -0.00957556721 0.106999993
v 0.174174681 -0.00625000754 0.106999993
v 0.167679504 -0.0100000072 0.106999993
v 0.174174681 0.00624999218 0.106999993
v 0.167679504 0.00999999233 0.106999993
v 0.172689885 -0.00217060745 0.106999993
v 0.165303841 -0.00347296707 0.106999993
v 0.165303841 0.00347295287 0.106999993
v 0.172689885 0.00217059231 0.106999993
v 0.205244154 -0.0444800705 0.160044864
v 0.205244139 -0.0444800705 0.156024754
v 0.213833943 -0.0321830995 0.159891158
v 0.204806268 -0.0449596308 0.160029829
v 0.213833943 -0.0321830995 0.155933678
v 0.204812229 -0.0449545905 0.156007707
v 0.214070275 -0.0317638591 0.155919522
v 0.204253465 -0.0453131385 0.159970671
v 0.214192539 -0.0314229876 0.159848183
v 0.204266965 -0.0453068204 0.155949146
v 0.214224041 -0.031297449 0.155883074
v 0.203628033 -0.0455105789 0.15987131
v 0.214278847 -0.0305844899 0.15974085
v 0.203653231 -0.0455060191 0.155853465
v 0.214266002 -0.0304483697 0.155771971
v 0.202963099 -0.0455377288 0.15973641
v 0.214078113 -0.0297568981 0.159580186
v 0.202990606 -0.0455400683 0.155722857
v 0.214015514 -0.029623419 0.155609816
v 0.202310517 -0.0453869365 0.159575835
v 0.213603929 -0.0290369485 0.159383342
v 0.202344492 -0.0453994609 0.155569568
v 0.213498294 -0.0289314091 0.155416891
v 0.201731145 -0.0450752787 0.15940538
v 0.21291481 -0.0285216272 0.15917559
v 0.201755419 -0.0450926088 0.15540348
v 0.212773398 -0.0284553282 0.155215502
v 0.20126006 -0.0446320362 0.159237385
v 0.212083921 -0.0282694381 0.158978879
v 0.201271608 -0.0446461923 0.155238837
v 0.211937651 -0.0282561686 0.155031532
v 0.200916246 -0.0440775901 0.159079328
v 0.211219892 -0.0283160303 0.158818543
v 0.200920314 -0.0440865345 0.15508537
v 0.211084858 -0.0283513181 0.15488416
v 0.200728625 -0.043459218 0.158944741
v 0.210434571 -0.0286472607 0.158713624
v 0.200729206 -0.0434627198 0.154956058
v 0.210325941 -0.0287210196 0.154791042
v 0.2007052 -0.0428186283 0.158841684
v 0.210050479 -0.028950518 0.158682227
v 0.200705007 -0.0428205878 0.154858798
v 0.209734946 -0.0293198284 0.154759988
v 0.200846806 -0.0421895497 0.158775285
v 0.209734946 -0.0293198396 0.158673391
v 0.200847045 -0.0421889387 0.15479736
v 0.201145142 -0.0416167974 0.154776335
v 0.201145172 -0.0416168123 0.158750296
v -0.0502964854 0.207108602 0.146627769
v -0.0499183871 0.206803292 0.146626979
v -0.0499183871 0.206803322 0.149657637
v -0.0348811075 0.196909875 0.14672187
v -0.0502972081 0.207109332 0.149658546
v -0.0348810963 0.196909904 0.149754435
v -0.0506108589 0.20748499 0.146642089
v -0.0344489478 0.196682647 0.146727994
v -0.0506118275 0.207486376 0.149672955
v -0.0341015682 0.196570128 0.149774477
v -0.0509624667 0.208257332 0.146697342
v -0.0339752585 0.196542665 0.146748215
v -0.0509634763 0.208261177 0.149728701
v -0.0332541764 0.196511194 0.149835035
v -0.0510341972 0.209116414 0.146787509
v -0.0331257246 0.19652763 0.146814078
v -0.0510336757 0.209122121 0.149819553
v -0.0324281752 0.19674316 0.149931058
v -0.0508125387 0.209943056 0.146901101
v -0.0323135965 0.196801662 0.146913901
v -0.050809741 0.209949166 0.149933815
v -0.0317352451 0.197234571 0.150050297
v -0.050322216 0.210649312 0.147026449
v -0.0316501856 0.19732441 0.147034362
v -0.0503153056 0.210656315 0.150060117
v -0.0312432256 0.197937623 0.150181457
v -0.0496225692 0.211147323 0.147148222
v -0.0311949961 0.198047385 0.147164673
v -0.0496152677 0.21115081 0.150181979
v -0.0310185254 0.19875887 0.150306731
v -0.0487934276 0.211379364 0.147252098
v -0.0310097262 0.198883355 0.147288233
v -0.0487916619 0.211379588 0.150285348
v -0.0310856868 0.199620649 0.150413319
v -0.0479495786 0.211320058 0.147323802
v -0.031120548 0.199743167 0.147390589
v -0.0479494482 0.211320013 0.150357142
v -0.0314367861 0.200399831 0.150485009
v -0.0471702181 0.210980341 0.14735654
v -0.0315109454 0.200503588 0.147456333
v -0.0471702181 0.210980341 0.150389969
v -0.031753365 0.200780138 0.15050745
v -0.0321329236 0.201086894 0.147478938
v -0.0321329087 0.201086894 0.150514632
v -0.195825309 0.00624999078 0.106999993
v -0.202320501 0.00999999046 0.106999993
v -0.204696149 0.00347295101 0.106999993
v -0.197855756 0.0153208803 0.106999993
v -0.197310105 0.00217059138 0.106999993
v -0.193034843 0.00957555138 0.106999993
v -0.191840395 0.0187938418 0.106999993
v -0.189275235 0.0117461514 0.106999993
v -0.204696149 -0.00347296894 0.106999993
v -0.197310105 -0.00217060861 0.106999993
v -0.185000002 0.0199999902 0.106999993
v -0.185000002 0.0124999918 0.106999993
v -0.195825309 -0.00625000894 0.106999993
v -0.202320501 -0.0100000082 0.106999993
v -0.197855756 -0.015320899 0.106999993
v -0.193034843 -0.00957556814 0.106999993
v -0.191840395 -0.0187938586 0.106999993
v -0.189275235 -0.0117461681 0.106999993
v -0.180724755 0.0117461523 0.106999993
v -0.178159595 0.0187938493 0.106999993
v -0.185000002 -0.020000007 0.106999993
v -0.185000002 -0.0125000076 0.106999993
v -0.180724755 -0.0117461663 0.106999993
v -0.178159595 -0.0187938493 0.106999993
v -0.176965162 -0.00957556721 0.106999993
v -0.172144234 -0.015320898 0.106999993
v -0.172144234 0.0153208813 0.106999993
v -0.176965162 0.00957555231 0.106999993
v -0.174174681 0.00624999218 0.106999993
v -0.167679504 0.00999999885 0.106999993
v -0.174174681 -0.00625000754 0.106999993
v -0.167679504 -0.0100000072 0.106999993
v -0.172689885 0.00217059255 0.106999993
v -0.165303841 0.00347295287 0.106999993
v -0.165303841 -0.00347296707 0.106999993
v -0.172689885 -0.00217060745 0.106999993
v -0.205244154 0.0444800518 0.160044864
v -0.205244139 0.0444800518 0.156024754
v -0.213833943 0.0321830772 0.159891158
v -0.204806268 0.0449596122 0.160029829
v -0.213833943 0.0321830772 0.155933678
v -0.204812229 0.0449545719 0.156007707
v -0.214070275 0.0317638405 0.155919522
v -0.204253465 0.0453131199 0.159970671
v -0.214192539 0.031422969 0.159848183
v -0.204266965 0.0453068018 0.155949146
v -0.214224041 0.0312974304 0.155883074
v -0.203628033 0.0455105565 0.15987131
v -0.214278847 0.0305844713 0.15974085
v -0.203653231 0.0455060005 0.155853465
v -0.214266002 0.0304483511 0.155771971
v -0.202963099 0.0455377102 0.15973641
v -0.214078113 0.0297568794 0.159580186
v -0.202990606 0.0455400497 0.155722857
v -0.214015514 0.0296234004 0.155609816
v -0.202310517 0.0453869179 0.159575835
v -0.213603929 0.0290369298 0.159383342
v -0.202344492 0.0453994423 0.155569568
v -0.213498294 0.0289313905 0.155416891
v -0.201731145 0.0450752564 0.15940538
v -0.21291481 0.0285216086 0.15917559
v -0.201755419 0.0450925902 0.15540348
v -0.212773398 0.0284553096 0.155215502
v -0.20126006 0.0446320176 0.159237385
v -0.212083921 0.0282694194 0.158978879
v -0.201271608 0.04464617 0.155238837
v -0.211937651 0.0282561481 0.155031532
v -0.200916246 0.0440775715 0.159079328
v -0.211219892 0.0283160117 0.158818543
v -0.200920314 0.0440865159 0.15508537
v -0.211084858 0.0283512995 0.15488416
v -0.200728625 0.0434591994 0.158944741
v -0.210434571 0.0286472403 0.158713624
v -0.200729206 0.0434627011 0.154956058
v -0.210325941 0.028721001 0.154791042
v -0.2007052 0.0428186059 0.158841684
v -0.210050479 0.0289504994 0.158682227
v -0.200705007 0.0428205654 0.154858798
v -0.209734946 0.0293198097 0.154759988
v -0.200846806 0.042189531 0.158775285
v -0.209734946 0.0293198191 0.158673391
v -0.200847045 0.0421889201 0.15479736
v -0.201145142 0.0416167788 0.154776335
v -0.201145172 0.04161679 0.158750296
v 0.00624998426 -0.174174681 0.106999993
v 0.00624998426 -0.174174681 0.0720000044
v 0.00957554393 -0.176965162 0.0720000044
v 0.00957554393 -0.176965162 0.106999993
v 0.00217058486 -0.172689885 0.106999993
v 0.011746143 -0.180724755 0.0720000044
v 0.00217058486 -0.172689885 0.0720000044
v 0.011746143 -0.180724755 0.106999993
v -0.00217061513 -0.172689885 0.106999993
v 0.0124999834 -0.185000002 0.0720000044
v -0.00217061513 -0.172689885 0.0720000044
v 0.0124999834 -0.185000002 0.106999993
v -0.00625001546 -0.174174681 0.106999993
v 0.011746143 -0.189275235 0.0720000044
v -0.00625001546 -0.174174681 0.0720000044
v 0.011746143 -0.189275235 0.106999993
v -0.00957557559 -0.176965162 0.106999993
v 0.00957554299 -0.193034843 0.0720000044
v -0.00957557559 -0.176965162 0.0720000044
v 0.00957554299 -0.193034843 0.106999993
v -0.0117461765 -0.180724755 0.106999993
v 0.00624998333 -0.195825309 0.0720000044
v -0.0117461765 -0.180724755 0.0720000044
v 0.00624998333 -0.195825309 0.106999993
v -0.012500016 -0.185000002 0.106999993
v 0.00217058277 -0.197310105 0.0720000044
v -0.012500016 -0.185000002 0.0720000044
v 0.00217058277 -0.197310105 0.106999993
v -0.0117461765 -0.189275235 0.106999993
v -0.00217061723 -0.197310105 0.0720000044
v -0.0117461765 -0.189275235 0.0720000044
v -0.00217061723 -0.197310105 0.106999993
v -0.00957557652 -0.193034843 0.106999993
v -0.00625001639 -0.195825309 0.0720000044
v -0.00957557652 -0.193034843 0.0720000044
v -0.00625001639 -0.195825309 0.106999993
v 0.180724755 0.0117461514 0.106999993
v 0.180724755 0.0117461514 0.0720000044
v 0.185000002 0.0124999918 0.0720000044
v 0.185000002 0.0124999918 0.106999993
v 0.176965162 0.00957555231 0.106999993
v 0.189275235 0.0117461514 0.0720000044
v 0.176965162 0.00957555231 0.0720000044
v 0.189275235 0.0117461514 0.106999993
v 0.174174681 0.00624999218 0.106999993
v 0.193034843 0.00957555138 0.0720000044
v 0.174174681 0.00624999218 0.0720000044
v 0.193034843 0.00957555138 0.106999993
v 0.172689885 0.00217059231 0.106999993
v 0.195825309 0.00624999171 0.0720000044
v 0.172689885 0.00217059231 0.0720000044
v 0.195825309 0.00624999171 0.106999993
v 0.172689885 -0.00217060745 0.106999993
v 0.197310105 0.00217059138 0.0720000044
v 0.172689885 -0.00217060745 0.0720000044
v 0.197310105 0.00217059138 0.106999993
v 0.174174681 -0.00625000754 0.106999993
v 0.197310105 -0.00217060861 0.0720000044
v 0.174174681 -0.00625000754 0.0720000044
v 0.197310105 -0.00217060861 0.106999993
v 0.176965162 -0.00957556721 0.106999993
v 0.195825309 -0.00625000801 0.0720000044
v 0.176965162 -0.00957556721 0.0720000044
v 0.195825309 -0.00625000801 0.106999993
v 0.180724755 -0.0117461681 0.106999993
v 0.193034843 -0.00957556814 0.0720000044
v 0.180724755 -0.0117461681 0.0720000044
v 0.193034843 -0.00957556814 0.106999993
v 0.185000002 -0.0125000076 0.106999993
v 0.189275235 -0.0117461681 0.0720000044
v 0.185000002 -0.0125000076 0.0720000044
v 0.189275235 -0.0117461681 0.106999993
v -0.0021706 0.172689885 0.106999993
v -0.00624999963 0.174174681 0.0720000044
v -0.00624999963 0.174174681 0.106999993
v -0.0021706 0.172689885 0.0720000044
v -0.00957555976 0.176965162 0.0720000044
v 0.0021706 0.172689885 0.106999993
v -0.00957555976 0.176965162 0.106999993
v 0.0021706 0.172689885 0.0720000044
v -0.0117461598 0.180724755 0.0720000044
v 0.00624999963 0.174174681 0.106999993
v -0.0117461598 0.180724755 0.106999993
v 0.00624999963 0.174174681 0.0720000044
v -0.0124999993 0.185000002 0.0720000044
v 0.00957555976 0.176965162 0.106999993
v -0.0124999993 0.185000002 0.106999993
v 0.00957555976 0.176965162 0.0720000044
v -0.0117461598 0.189275235 0.0720000044
v 0.0117461598 0.180724755 0.106999993
v -0.0117461598 0.189275235 0.106999993
v 0.0117461598 0.180724755 0.0720000044
v -0.00957555976 0.193034843 0.0720000044
v 0.0124999993 0.185000002 0.106999993
v -0.00957555976 0.193034843 0.106999993
v 0.0124999993 0.185000002 0.0720000044
v -0.00624999963 0.195825309 0.0720000044
v 0.0117461598 0.189275235 0.106999993
v -0.00624999963 0.195825309 0.106999993
v 0.0117461598 0.189275235 0.0720000044
v -0.0021706 0.197310105 0.0720000044
v 0.00957555976 0.193034843 0.106999993
v -0.0021706 0.197310105 0.106999993
v 0.00957555976 0.193034843 0.0720000044
v 0.0021706 0.197310105 0.0720000044
v 0.00624999963 0.195825309 0.106999993
v 0.0021706 0.197310105 0.106999993
v 0.00624999963 0.195825309 0.0720000044
v -0.172689885 -0.00217060745 0.106999993
v -0.174174681 -0.00625000754 0.0720000044
v -0.174174681 -0.00625000754 0.106999993
v -0.172689885 -0.00217060745 0.0720000044
v -0.176965162 -0.00957556721 0.0720000044
v -0.172689885 0.00217059255 0.106999993
v -0.176965162 -0.00957556721 0.106999993
v -0.172689885 0.00217059255 0.0720000044
v -0.180724755 -0.0117461663 0.0720000044
v -0.174174681 0.00624999218 0.106999993
v -0.180724755 -0.0117461663 0.106999993
v -0.174174681 0.00624999218 0.0720000044
v -0.185000002 -0.0125000076 0.0720000044
v -0.176965162 0.00957555231 0.106999993
v -0.185000002 -0.0125000076 0.106999993
v -0.176965162 0.00957555231 0.0720000044
v -0.189275235 -0.0117461681 0.0720000044
v -0.180724755 0.0117461523 0.106999993
v -0.189275235 -0.0117461681 0.106999993
v -0.180724755 0.0117461523 0.0720000044
v -0.193034843 -0.00957556814 0.0720000044
v -0.185000002 0.0124999918 0.106999993
v -0.193034843 -0.00957556814 0.106999993
v -0.185000002 0.0124999918 0.0720000044
v -0.195825309 -0.00625000894 0.0720000044
v -0.189275235 0.0117461514 0.106999993
v -0.195825309 -0.00625000894 0.106999993
v -0.189275235 0.0117461514 0.0720000044
v -0.197310105 -0.00217060861 0.0720000044
v -0.193034843 0.00957555138 0.106999993
v -0.197310105 -0.00217060861 0.106999993
v -0.193034843 0.00957555138 0.0720000044
v -0.197310105 0.00217059138 0.0720000044
v -0.195825309 0.00624999078 0.106999993
v -0.197310105 0.00217059138 0.106999993
v -0.195825309 0.00624999078 0.0720000044
vn 0.52887243 0.848701298 0
vn 0.52887243 0.848701298 0
vn 0.52887243 0.848701298 0
vn -0 0 1
vn -0 0 1
vn -0 0 1
vn -0.0359419174 -0.132592037 0.990518868
vn -0.0359419137 -0.132592037 0.990518868
vn -0.0359419174 -0.132592067 0.990518868
vn -0 0 1
vn -0 0 1
vn -0 0 1
vn 0.273781985 -0.961791754 0
vn 0.273781985 -0.961791754 0
vn 0.273781985 -0.961791754 0
vn -0.923366904 0.383918911 0
vn -0.917917252 0.396771789 -4.26060942E-05
vn -0.923066139 0.384641498 0
vn -0.919501543 0.393086463 0
vn -0.764486969 0.644639015 0.000247446791
vn -0.762654364 0.646805882 -0.000581938541
vn -0.536349177 0.843995988 0.000584785128
vn -0.536539972 0.843874753 -0.000572486315
vn -0.259130597 0.965842068 0.000576359103
vn -0.260556608 0.965458453 -0.000342153478
vn -0.923064828 0.384644449 -5.91360003E-06
vn 0.0419794582 0.999118507 0.000201677671
vn 0.0399576649 0.999201357 0
vn 0.337210715 0.941429138 0.000147645464
vn 0.33913213 0.940738738 -3.51332492E-05
vn -0.923063874 0.384646744 0
vn -0.224321842 0.974515021 6.58004274E-06
vn -0.222192854 0.975002646 0
vn -0.0320725478 0.999485493 0
vn -0.0301185418 0.999546349 0
vn -0.92306459 0.384644985 4.24606924E-06
vn -0.879866838 0.475220263 -0.000202267009
vn -0.956636071 0.291282237 -0.00145164225
vn 0.0391853638 0.999231935 0
vn -0.979782641 0.200059056 -0.00151930307
vn -0.898003995 -0.244662553 0.365689844
vn 0.0376721658 0.999290109 -7.15579972E-07
vn 0.0364488363 0.999335468 0
vn 0.036448814 0.999335468 0
vn 0.0364489332 0.999335468 0
vn 0.301740855 0.953389883 0
vn 0.301741451 0.953389823 0
vn 0.545158803 0.838332832 0
vn 0.545156479 0.838334322 0
vn 0.749057353 0.662505209 0
vn 0.749055684 0.662506998 0
vn 0.894006908 0.448053211 0
vn 0.894007087 0.448052973 0
vn 0.786029339 0.618189216 0
vn 0.786029279 0.618189335 0
vn 0.409156471 0.912464261 0
vn 0.409156024 0.912464499 0
vn 0.450104117 0.892976165 0
vn 0.45010367 0.892976344 0
vn 0.0926023722 0.995703161 0
vn 0.092602469 0.995703161 0
vn 0.375625789 0.926771343 0
vn 0.375625968 0.926771343 0
vn 0.69604522 0.717997909 0
vn 0.696045339 0.717997849 0
vn -0 0 -1
vn 0.0387143679 0.0803600848 -0.996013761
vn -0 0 -1
vn -0 0 -1
vn -0 0 -1
vn -0 0 -1
vn -0 0 -1
vn -0 0 -1
vn -0 0 -1
vn -0 0 -1
vn -0 0 -1
vn -0 0 -1
vn -0 0 -1
vn -0 0 -1
vn -0 0 -1
vn -0 0 -1
vn -0 0 -1
vn -0 0 -1
vn 0.030506473 0.0569698475 -0.997909606
vn -0 0 -1
vn 0.0403170101 0.0757821649 -0.996308982
vn -0 0 -1
vn -0 0 -1
vn -0 0 -1
vn 0.06510178 0.102149703 -0.992636442
vn -0 0 -1
vn -0 0 -1
vn -0 0 -1
vn -0 0 -1
vn -0 0 -1
vn -0 0 -1
vn -0 0 -1
vn -0 0 -1
vn -0 0 -1
vn -0 0 -1
vn -0 0 -1
vn -0 0 -1
vn -0 0 -1
vn -0 0 -1
vn -0 0 -1
vn 0.145354316 0.0415690541 -0.988506079
vn 0.0147724403 -0.0102761043 -0.999838114
vn -0 0 -1
vn -0 0 -1
vn -0 0 -1
vn -0 0 -1
vn -0 0 -1
vn -0 0 -1
vn 0.0438060313 0.023034988 -0.998774469
vn 0.0130489524 -0.0101602562 -0.999863267
vn -0 0 -1
vn -0.000421196921 -0.0879886895 -0.996121347
vn 0.270041794 -0.156536356 -0.95003891
vn 0.560401201 -0.229801714 -0.795701981
vn 0.233288243 -0.208526999 -0.949785829
vn 0.805407405 -0.235521629 -0.543919563
vn 0.834668994 0.521314383 -0.177648157
vn 0.902744234 -0.317059755 -0.290733576
vn -0.121800587 -0.473935992 -0.87209475
vn 0.413379312 -0.434732497 -0.800078213
vn 0.427565426 -0.717483759 -0.549913406
vn -0.146044314 -0.628832042 -0.763702333
vn 0.518773615 -0.805670381 -0.285953075
vn -0.0620133355 -0.983397543 -0.170539662
vn 0.880225301 0.45363301 -0.139357626
vn 0.595014453 0.803714991 0
vn 0.595014513 0.803714991 0
vn 0.90621978 -0.420256823 -0.0463682488
vn 0.58239454 -0.754722476 -0.302011013
vn 0.868626297 -0.398155063 -0.294891238
vn 0.649679363 -0.472542554 -0.595499992
vn 0.249897242 -0.768525302 -0.58899945
vn 0.836040735 -0.546028495 -0.05374787
vn 0.882446051 -0.467361867 -0.0534968488
vn 0.483674556 -0.540129185 -0.688708425
vn 0.384947956 -0.625308216 -0.678826034
vn 0.478067011 -0.87585634 -0.0657843947
vn 0.658899724 -0.75038141 -0.0527159646
vn 0.135460302 -0.215463385 -0.967070878
vn 0.398904055 -0.663509488 -0.632953942
vn -0.595013916 -0.803715348 0
vn -0.595013916 -0.803715467 0
vn 0.889902294 -0.456143081 -0.00272094412
vn 0.825577259 -0.564289033 0
vn 0.825577259 -0.564289093 0
vn 0.895162284 -0.445722371 -0.00400123093
vn 0.181322962 -0.3037709 -0.935331523
vn 0.886833787 -0.459521055 -0.0486444943
vn 0.142231822 -0.989833355 9.15365817E-05
vn 0.226774335 -0.246281162 -0.942294598
vn 0.117652535 -0.993049502 -0.0032257759
vn 0.388554096 -0.921425879 0
vn 0.0871589929 -0.693083584 -0.715568602
vn 0.102064878 -0.204981029 -0.973429799
vn -0.0741660967 -0.276764363 -0.958071411
vn -0.0296838116 -0.386025041 -0.92201066
vn 0.313008368 -0.949535847 -0.0201828182
vn 0.361590236 -0.931816041 -0.0311667472
vn 0.394599736 -0.755467236 -0.523029804
vn -0.704959631 0.275482237 -0.653560579
vn -0.706780136 0.335687459 -0.622716427
vn -0.573812723 0.546526313 -0.609957278
vn -0.618937314 0.379077733 -0.687907398
vn -0.730388701 0.490879804 -0.474941373
vn -0.51938808 0.476827949 -0.709134042
vn 0.347711444 -0.921238899 0.174400985
vn 0.611786962 -0.791022599 -0.000123693215
vn 0.275647491 -0.960800171 -0.0296881981
vn 0.191746816 -0.884732008 0.424832284
vn 0.245354965 -0.715259194 0.654373825
vn 0.604872704 -0.611714482 0.509837627
vn 0.805160403 -0.593057156 1.18921289E-05
vn 0.497889102 -0.450397521 0.741112947
vn 0.815791428 -0.229919612 0.530680001
vn 0.973457456 -0.228866726 -0.000726089871
vn 0.813635588 -0.0126722818 0.581237078
vn 0.998226106 0.0595317706 -0.000828931807
vn 0.931498706 0.363734245 0.00275643356
vn -0.72000581 0.44048956 0.536246657
vn -0.221412838 0.0363932848 0.974500895
vn -0.0465578027 0.429605812 0.901815534
vn 0.592149258 -0.1700055 0.787691116
vn -0.688542664 0.361362338 0.628749788
vn 0.706474662 0.287286937 0.646807432
vn 0.759372771 0.650507927 0.0138751119
vn 0.569705606 0.0603406578 0.819630802
vn -0.0861699283 -0.0568157062 0.994659126
vn -0.0819249302 -0.0616795905 0.994728029
vn 0.0413951278 -0.538910627 0.841345191
vn -0.0797118321 -0.0887602046 0.99285841
vn -0.0857848674 -0.110546812 0.990161777
vn -0.0873566121 -0.10579925 0.990542948
vn -0.0943758115 -0.111800268 0.989239097
vn -0.0807890743 -0.107507691 0.990916312
vn -0.0938052535 -0.111223504 0.989358306
vn -0.0830690488 -0.106740221 0.990810871
vn -0.0937399194 -0.111144394 0.989373386
vn -0.0935611874 -0.11082454 0.989426255
vn -0.0924526379 -0.10852284 0.989785492
vn -0.103205293 -0.13337858 0.985676885
vn -0.109081723 -0.143538117 0.983614743
vn -0.100990519 -0.140689045 0.984889567
vn -0.0985711366 -0.14332895 0.984754086
vn -0.078275919 -0.108772151 0.99097997
vn 0.0924506634 -0.907842755 0.408991843
vn 0.00378793874 -0.426092952 0.90467149
vn -0.0817926601 -0.124744065 0.988811851
vn -0.0826831162 -0.127581909 0.988375664
vn -0.0829176456 -0.128449872 0.98824358
vn -0.0829370916 -0.128385469 0.988250256
vn -0.082920894 -0.127066582 0.988421977
vn -0.0828188881 -0.126400709 0.988515973
vn -0.0513063855 -0.425041258 0.903718829
vn 0.0369090326 -0.636882842 0.770076573
vn 0.0269679464 -0.426504701 0.904083192
vn 0.242904365 -0.314363688 0.917699754
vn -0.0800934285 -0.126272097 0.988756955
vn -0.0794694275 -0.126172528 0.988820136
vn -0.0801973492 -0.12650308 0.988719046
vn -0.0746385008 -0.116340376 0.99040097
vn -0.131203562 -0.19348219 0.972291231
vn -0.134379759 -0.210648954 0.968281507
vn -0.124609597 -0.198452279 0.972156942
vn -0.163220868 -0.207347199 0.964554846
vn -0.140263379 -0.20226346 0.969234586
vn -0.14510861 -0.195496187 0.969909668
vn -0.147048876 -0.193278894 0.970061719
vn -0.1776741 -0.209932566 0.96143657
vn -0.179526806 -0.215346292 0.959893823
vn -0.178516835 -0.224211514 0.958050549
vn -0.132008821 -0.189930245 0.97288245
vn -0.178648546 -0.219694048 0.959072053
vn 0.130091965 -0.521201134 0.843460381
vn -0.151518434 -0.201750889 0.967645943
vn -0.152539343 -0.202556506 0.967317224
vn -0.152642801 -0.202632144 0.967284977
vn -0.152387857 -0.202127159 0.96743089
vn -0.151972294 -0.200730711 0.967786968
vn -0.151474148 -0.197328553 0.968564451
vn -0.151111782 -0.195933551 0.968904078
vn 0.137967125 -0.305121124 0.942266524
vn -0.14783898 -0.197117761 0.969168842
vn -0.134895161 -0.201264679 0.970203996
vn -0.0985194296 -0.743807495 0.661093354
vn 0.393323451 0.621889651 0.677163184
vn -0.121448383 -0.197830424 0.972683609
vn -0.136456743 -0.184867039 0.973244011
vn -0.379280388 -0.109881364 0.918734193
vn -0.080379352 -0.1839187 0.979649484
vn -0.136569083 -0.186831266 0.972853005
vn 0.0318122916 -0.720259368 0.692975044
vn -0.0272713844 -0.889721394 0.455688715
vn 0.0596058294 -0.998215973 -0.00344254705
vn 0.426608473 0.277322441 0.860870242
vn -0.00815530773 -0.713959038 0.700139999
vn 0.114924394 -0.991079986 0.0674744472
vn -0.0297401734 -0.899757087 0.435376674
vn 0.219518304 -0.874938011 0.431619287
vn 0.235488147 -0.861368775 0.450098991
vn 0.330540717 -0.448893517 0.830203295
vn 0.435952246 -0.662400782 0.60923785
vn 0.629712462 0.562481999 0.535794914
vn 0.503196537 -0.864006221 0.0169265326
vn 0.120119661 -0.820444107 0.558965683
vn 0.629155815 -0.752170026 0.195967108
vn 0.176032111 -0.496267766 0.850135922
vn 0.342725515 -0.142103776 0.928625762
vn 0.314639419 -0.697605193 0.643699646
vn 0.851372421 -0.0986075848 -0.515210211
vn 0.257726669 -0.357599676 0.897607684
vn 0.355464935 -0.132693857 0.925222635
vn 0.423906475 0.102961197 0.899834573
vn 0.800409973 -0.599452853 0.000374395837
vn 0.624860704 0.334002674 0.70568496
vn 0.663238585 -0.748288274 0.0133858854
vn 0.77758038 0.245534495 -0.57886225
vn 0.88984549 0.072069332 -0.450534046
vn 0.933475852 -0.358640134 -0.000161455231
vn 0.577248573 0.558373749 0.595821083
vn 0.888750374 -0.371432871 0.268626899
vn 0.937771082 -0.118233405 0.326506019
vn 0.672416389 0.517804146 -0.528899908
vn 0.902021587 0.431686759 0.00186664006
vn 0.641684711 -0.18013142 0.745515525
vn 0.641946793 0.742246687 0.19228664
vn 0.497375667 0.72516036 -0.47619316
vn 0.435810179 0.853819311 0.284714133
vn 0.304458916 0.837606907 0.453563124
vn 0.54107815 0.712782085 0.446291596
vn 0.407634437 0.51741302 0.752408087
vn 0.361362308 0.688542664 0.628749907
vn 0.273858428 0.910539389 0.309708953
vn 0.109167546 0.897479773 0.427331775
vn 0.391120642 0.822284937 0.413366884
vn 0.385741234 0.693216741 0.608813703
vn -0.0173839983 0.956868112 0.290002346
vn -0.105704695 0.905433357 0.411116809
vn -0.26144293 0.929750085 0.259253472
vn -0.2564089 0.883173227 0.392758906
vn -0.68766886 0.617544115 0.381773323
vn -0.636611402 0.686998427 0.3503699
vn -0.554752827 0.755903959 0.34764713
vn -0.506173015 0.781669796 0.364391774
vn -0.389944404 0.832144976 0.394306958
vn -0.28031531 0.85578078 0.434813261
vn -0.168791145 0.860840023 0.480066657
vn -0.670480728 0.707927704 0.222022146
vn 0.092473954 0.838560998 0.53690213
vn -0.481467485 0.839459777 0.251984864
vn -0.579852343 0.667144239 -0.467642844
vn -0.654928446 0.724008739 -0.216518089
vn 0.145620525 0.47754249 0.866457045
vn -0.222385615 0.93181783 0.28681013
vn -0.251607746 0.810645163 -0.528723001
vn -0.309191078 0.70273298 -0.640755117
vn 0.0101892576 0.831031322 -0.556132197
vn 0.130961999 0.934755504 0.330274373
vn 0.391859144 0.834053218 0.388331771
vn 0.158332303 0.776385307 -0.610046446
vn 0.348268986 0.681900918 0.64321059
vn 0.533313036 0.725238681 0.435437858
vn 0.576987386 0.59829706 -0.555991054
vn -0.0900439695 -0.0461675599 0.994867086
vn 0.303631663 0.739628255 0.600631177
vn -0.0920736939 -0.0516811162 0.994410098
vn -0.0519644506 0.640187442 -0.766459227
vn 0.609390497 0.638674259 0.469828159
vn 0.0693334863 0.823713541 0.562751234
vn -0.0921341255 -0.0521570854 0.994379699
vn -0.0920641422 -0.052643206 0.994360507
vn 0.452448726 0.67003566 0.588508606
vn 0.178969011 0.79895997 0.574136794
vn -0.174132988 0.851144493 0.495207787
vn -0.0744432509 0.899690986 0.430132926
vn -0.408760428 0.81494081 0.41083622
vn 0.533533752 0.580838621 -0.614791334
vn 0.550240993 0.834992945 0.00466332072
vn -0.290557742 0.883747458 0.36683318
vn -0.630032718 0.716977537 0.298331946
vn 0.514050066 0.574938834 -0.636551559
vn 0.296522439 0.955025852 -0.000171773485
vn 0.264090717 0.708956599 -0.653939307
vn 0.0189778768 0.603127837 -0.797418714
vn 0.00880783424 0.774845123 -0.632089734
vn -0.527843773 0.776548088 0.344026119
vn -0.840669155 0.526249111 0.127817273
vn -0.121260956 0.619986415 -0.775185525
vn -0.207628414 0.788617671 -0.578768134
vn 0.0572573431 0.587812781 -0.806968212
vn -0.31420356 0.629522681 -0.710617542
vn -0.44964239 0.792995393 -0.411071748
vn -0.502081156 0.606317043 -0.616680026
vn 0.0924267992 -0.508678257 -0.855981171
vn 0.0432460569 -0.526413858 -0.849127948
vn -0.536878645 0.737317324 0.410029858
vn -0.473694116 0.741481662 -0.475203931
vn -0.598412991 0.651964962 -0.465664834
vn -0.681531966 0.619429529 0.389642537
vn -0.810453355 0.345491648 0.473076105
vn -0.78139621 0.463796109 0.417508215
vn -0.761955142 0.455832779 -0.460044295
vn -0.843674719 0.256571352 -0.471576154
vn -0.805164754 0.416334689 -0.422345012
vn -0.822284877 0.391120702 0.413366884
vn -0.712781668 0.541078568 0.446291506
vn -0.517632723 0.408333778 0.751877606
vn 0.0855436698 0.0689902678 0.993942916
vn 0.0155262342 0.0994658321 0.994919837
vn -0.0940424278 0.00560031086 0.99555248
vn 0.491930902 0.594040036 0.636490762
vn 0.511253655 0.859373689 0.00982429832
vn 0.146223575 0.353183448 0.924056292
vn 0.27920416 0.776976407 0.564227521
vn 0.211382046 0.977394581 0.00418474106
vn 0.045754496 0.414196491 0.909036815
vn 0.0474293828 0.894003451 0.445542693
vn -0.108483426 0.994097352 -0.00134374877
vn -0.105107836 0.438653558 0.892488301
vn -0.217959389 0.936393082 0.275066644
vn -0.366638958 0.930357456 -0.00328919571
vn -0.340233117 0.912869394 0.225634426
vn -0.068148762 -0.0059546628 0.997657418
vn -0.348519117 0.916612923 0.195844695
vn -0.328780204 0.933050573 0.146014497
vn -0.558699906 0.813696563 0.160475045
vn -0.512084246 0.849906623 0.124211058
vn -0.313033819 0.944169581 0.102730609
vn -0.632194161 0.774809957 0
vn -0.868700922 0.483738154 0.106565274
vn -0.871272385 0.490799844 -2.14329848E-05
vn -0.874565005 0.462244004 0.146514773
vn -0.905428529 0.403317034 0.132418573
vn -0.943323791 0.331872463 0.000838287291
vn -0.940267086 0.262911886 0.216275781
vn -0.914315522 0.201323077 0.351420224
vn -0.987829685 0.155536518 0.00104550831
vn -0.946314931 0.0591962785 0.317779332
vn -0.998219192 -0.0596484169 0.000593873963
vn -0.459085912 -0.082312189 0.88457042
vn -0.897050083 -0.162344024 0.411029935
vn -0.960693657 -0.277607083 0.00139134994
vn -0.785527945 -0.385904104 0.483760208
vn -0.853056848 -0.521811247 0.00263789133
vn -0.497683167 -0.180972829 0.848269045
vn -0.619017005 -0.586416483 0.522430658
vn -0.681653976 -0.731664836 0.00380615285
vn -0.441700131 -0.284702986 0.850790918
vn -0.410612226 -0.747699738 0.521864593
vn -0.459799021 -0.888011038 0.00460238336
vn -0.17781499 -0.202384368 0.963027716
vn -0.0721187443 -0.10100735 0.992268384
vn -0.0587925166 -0.0983188376 0.993416786
vn -0.287471741 -0.49142766 0.822106361
vn -0.152643666 -0.540915072 0.827109873
vn -0.225858524 -0.839362979 0.494426548
vn -0.2024827 -0.979283035 0.00234614126
vn -0.0114984727 -0.895954728 0.443996578
vn 0.143218905 -0.189364299 0.971405923
vn -0.0334817618 -0.059109401 0.997689843
vn 0.499189883 -0.362056792 0.787225783
vn 0.39764896 -0.389617026 0.830706835
vn 0.5174523 -0.205368817 0.830702662
vn -0.0644674897 -0.124291226 0.99014926
vn -0.0739997849 -0.166129008 0.983323514
vn -0.0362297334 -0.118107408 0.992339611
vn -0.0922133699 -0.179531872 0.979420722
vn -0.0517910793 0.752268791 0.656817555
vn -0.861045122 0.184131041 0.47402209
vn 0.053735029 -0.0904751346 0.994447947
vn -0.813607812 -0.0639203265 0.577889681
vn -0.879961312 0.404864013 0.248501658
vn -0.865149021 0.461993903 0.195137963
vn -0.524333835 0.821002305 0.225896969
vn -0.448304206 0.865144789 0.22482875
vn -0.353155315 0.907894194 0.225852907
vn -0.365280628 0.908119917 0.204666421
vn -0.232478768 0.897569001 0.374597728
vn -0.127516925 0.860039592 0.494035602
vn 0.00440625753 0.377400219 0.926039755
vn -0.650195003 -0.312126845 0.692692757
vn 0.10380327 0.633657813 0.766617656
vn -0.0561056584 -0.67770046 0.73319453
vn -0.636388719 -0.205068678 0.743610322
vn -0.489625186 -0.465371758 0.737357616
vn -0.464195848 -0.370708048 0.804423809
vn -0.136199996 -0.186878398 0.972895682
vn -0.135153532 -0.18732354 0.972956061
vn -0.185951397 -0.639313042 0.74612385
vn -0.2797755 -0.483643442 0.829345942
vn -0.134704858 -0.187475935 0.972988844
vn -0.34345153 -0.563332379 0.751463771
vn -0.0439875536 0.120005116 -0.991798282
vn -0.0284313988 0.113957435 -0.993078768
vn 0.011250806 0.098616831 -0.995061815
vn 0.0199937578 0.095886752 -0.995191455
vn 0.0227379501 0.0953402668 -0.995185077
vn 0.0226671193 0.0952706039 -0.995193303
vn 0.0275615305 0.0961360633 -0.994986534
vn 0.0402450897 0.10478843 -0.993679881
vn 0.0396119729 0.131304607 -0.99055028
vn 0.0393587165 0.130722314 -0.990637481
vn 0.0557133183 0.125890821 -0.990478516
vn 0.0386955291 0.133146092 -0.990340769
vn 0.0731221065 0.118085831 -0.99030745
vn 0.0369336419 0.134701282 -0.990197778
vn 0.0397724472 0.122883283 -0.991623819
vn 0.0705016181 -0.068193242 -0.995177984
vn 0.0199512374 0.02676134 -0.999442756
vn 0.079898037 0.0232222211 -0.99653244
vn 0.0899636298 0.113629945 -0.989441633
vn 0.0956845805 0.150563031 -0.9839589
vn 0.100272089 0.170700401 -0.980207622
vn 0.10373275 0.181322247 -0.97793752
vn 0.105307817 0.18505618 -0.977069318
vn 0.0720416978 0.107225724 -0.991621256
vn 0.0665732175 0.0997311026 -0.992784858
vn 0.0839038417 0.139179289 -0.986706316
vn 0.0911641121 0.142894164 -0.985530496
vn 0.0932535529 0.14460057 -0.985085964
vn 0.0149931293 0.0263584256 -0.999540091
vn 0.0723889247 0.101364009 -0.992212296
vn -0 0 -1
vn -0 0 -1
vn -0 0 -1
vn -0 0 -1
vn -0 0 -1
vn -0 0 -1
vn -0 0 -1
vn -0 0 -1
vn -0 0 -1
vn -0 0 -1
vn -0.0303359721 0.127214223 -0.991411209
vn -0 0 -1
vn -0.045480758 0.423704892 -0.904657841
vn -0 0 -1
vn -0 0 -1
vn -0 0 -1
vn -0 0 -1
vn -0 0 -1
vn -0 0 -1
vn -0 0 -1
vn -0 0 -1
vn -0 0 -1
vn -0 0 -1
vn -0 0 -1
vn -0.163041562 0.211892813 -0.96359688
vn -0.0798410326 0.624357522 -0.777047753
vn -0.0820797458 0.58166945 -0.809273422
vn -0.0366453677 0.504413366 -0.862684369
vn 0.00417287508 0.660396039 -0.750905991
vn -0.0283507276 0.512931466 -0.857961357
vn 0.0528164692 0.341322005 -0.938461304
vn 0.11814031 0.202499881 -0.972130001
vn 0.104623243 0.315225095 -0.943232298
vn 0.113676295 0.207005754 -0.971713126
vn 0.111327089 0.198645294 -0.973728061
vn 0.0972673446 0.151693106 -0.983630121
vn 0.184941441 -0.133961976 0.973576307
vn 0.186810002 -0.136310354 0.972893298
vn 0.182912171 -0.130006656 0.974495471
vn 0.183961451 -0.135665581 0.97352612
vn 0.182986513 -0.135341242 0.973755002
vn 0.181847334 -0.135890067 0.973891854
vn 0.181209892 -0.136089534 0.97398293
vn 0.181273118 -0.13609463 0.973970354
vn 0.195069 -0.138941407 0.970898211
vn 0.183174863 -0.136189997 0.973601162
vn 0.181674823 -0.136266276 0.973871529
vn 0.18307285 -0.13644217 0.973585129
vn 0.198014304 -0.139608949 0.970205903
vn 0.195809409 -0.142794088 0.970189989
vn 0.196673572 -0.142119646 0.970114231
vn 0.199556142 -0.139605254 0.969890594
vn 0.197660834 -0.14170298 0.969974458
vn 0.200255513 -0.139439076 0.969770372
vn 0.198608413 -0.141264811 0.969844818
vn 0.200814411 -0.139353752 0.969667017
vn 0.199497327 -0.14080745 0.969728947
vn 0.201154545 -0.139382452 0.969592392
vn 0.200279787 -0.140348434 0.969634116
vn 0.201137394 -0.139613926 0.969562709
vn -0.528889596 -0.848690569 0
vn -0.528889656 -0.848690569 0
vn -0.528869987 -0.848702848 -1.67165508E-05
vn -0.528872132 -0.848701596 0
vn -0.528854728 -0.848712325 -0.000113000926
vn -0.52886188 -0.848707855 -0.000117072246
vn -0.529032469 -0.84860158 0
vn 0.52888304 0.848694801 0
vn 0.528883338 0.848694563 0
vn 0.528884232 0.848693967 1.59703286E-05
vn 0.528886914 0.848692417 1.62187189E-05
vn 0.528893113 0.848688424 0
vn 0.528893352 0.848688364 0
vn -0.0800315663 0.0791955516 0.993641317
vn -0.283329636 0.234755576 0.929846227
vn -0.278549582 0.23881115 0.930257678
vn 0.0226707775 0.0172028504 0.999594986
vn 0.826918304 -0.560448468 0.0458664894
vn 0.82728368 -0.551854551 0.105157621
vn 0.817025065 -0.576602161 0.000113310634
vn 0.775551796 -0.578282118 0.253198028
vn 0.707822502 -0.442687303 0.550468266
vn -0.019990053 0.0696314424 0.997372508
vn -0.0334669091 0.0911949277 0.99527055
vn -0.270365417 0.409359485 0.871393919
vn -0.06111148 0.0371096544 0.997440815
vn 0.605157673 -0.771037579 0.198205397
vn 0.944167495 -0.329465777 0
vn 0.615687788 -0.787989318 0.00118102843
vn -0.0792707577 -0.0394515097 0.996072173
vn 0.318085462 -0.927167475 0.197944596
vn 0.343303472 -0.939223409 0.00145346182
vn 0.946039319 -0.302980304 0.114946164
vn 0.787045658 -0.449482054 0.422522336
vn 0.601455629 -0.226787686 0.766040802
vn 0.21810998 0.0598111823 0.974089682
vn -0.282637924 0.353574872 0.891684055
vn -0.00250814832 -0.981823564 0.189779714
vn 0.0379175954 -0.999280035 0.00130954303
vn 0.998132408 -0.0590753444 0.0155485552
vn 0.987080514 0.160225347 0
vn -0.322248816 -0.930022955 0.176672012
vn -0.270801216 -0.962634861 0.000893965538
vn 0.800970137 -0.236621022 0.549961209
vn 0.394138634 -0.0986782238 0.913738191
vn 0.72423023 -0.138207152 0.675565958
vn 0.284018517 0.129263625 0.950065494
vn -0.657450557 0.129612535 0.742266417
vn 0.848681033 0.522056937 0.0848355293
vn 0.21730718 0.079680182 0.972845674
vn 0.40210712 -0.012355675 0.915509224
vn 0.0236202814 -0.0488563515 0.998526454
vn 0.0241528582 -0.0509371646 0.998409748
vn 0.00961184967 -0.0232380144 0.999683738
vn 0.00925037544 -0.0225466918 0.99970299
vn -0.638201714 0.27416116 0.719398558
vn -0.244075596 0.26997149 0.931419611
vn -0.794435203 0.225094706 0.564096808
vn -0.836212873 0.144581512 0.529003024
vn -0.664326251 0.747442782 1.04179107E-05
vn 0.861760259 0.506421745 0.0301061887
vn 0.835365117 0.549695492 0
vn 0.847621799 0.530600905 -2.56726867E-06
vn 0.996433616 0.084292151 0.00386172556
vn 0.934577525 0.165621653 0.314855874
vn 0.959743559 0.0790024325 0.269538313
vn 0.94372189 0.0431101099 0.327918559
vn 0.996725559 0.0807486698 0.00420020521
vn 0.895212829 0.393697828 0.208796367
vn 0.942846477 0.148059592 0.298527896
vn 0.984904885 0.172981277 0.00630942546
vn 0.921809852 0.37787655 0.0864631534
vn 0.871147454 0.491012245 -0.003015775
vn 0.997120023 -0.075657934 0.00523729902
vn 0.683824658 0.606392205 0.405798435
vn 0.573239028 0.667024076 0.475894868
vn 0.705830812 0.672912538 0.221340001
vn -0.00972807407 0.456970751 0.889428556
vn 0.480311334 0.507685542 0.715231717
vn 0.274533778 0.0442962274 0.960556626
vn 0.198506579 -0.0444671921 0.979090214
vn 0.18457374 -0.0863908231 0.979014337
vn 0.199145243 -0.0445760973 0.978955626
vn 0.197896346 -0.121671148 0.972642303
vn 0.200893521 -0.136103913 0.970112145
vn 0.185484499 -0.136713147 0.97309047
vn 0.197119772 -0.147839829 0.969168305
vn 0.19593586 -0.151111931 0.968903661
vn 0.0383182429 -0.507904589 0.860560715
vn 0.521202028 0.130091086 0.843460023
vn 0.197328672 -0.151474163 0.968564332
vn 0.200730771 -0.151972309 0.967786968
vn 0.202127159 -0.152387857 0.96743089
vn 0.202632144 -0.152642801 0.967284977
vn 0.202556506 -0.152539343 0.967317224
vn 0.20175086 -0.151518345 0.967646062
vn 0.219693914 -0.178648531 0.959072053
vn 0.720259488 0.0318122022 0.692974865
vn 0.7439996 -0.0984563753 0.660886526
vn 0.215332001 -0.179272339 0.959944546
vn 0.224211186 -0.178516865 0.958050609
vn 0.209932566 -0.1776741 0.96143657
vn 0.216790482 -0.206421465 0.954144657
vn 0.207347244 -0.163220868 0.964554846
vn 0.216674164 -0.207021937 0.954040945
vn 0.193278894 -0.147048876 0.970061719
vn 0.195496187 -0.14510861 0.969909668
vn 0.20226346 -0.140263379 0.969234586
vn 0.210649043 -0.134379745 0.968281507
vn 0.143538088 -0.109081767 0.983614743
vn 0.193482146 -0.131203562 0.972291231
vn 0.422301203 -0.0482379571 0.905171096
vn 0.198452234 -0.124609612 0.972156942
vn 0.189742491 -0.132123411 0.97290343
vn -0.42364645 0.424636722 0.800129592
vn 0.569841743 -0.159017369 0.806221962
vn 0.187552482 -0.134406015 0.973015368
vn 0.515519321 -0.273072809 0.81220144
vn 0.186965883 -0.13527976 0.973007262
vn 0.454749584 -0.372536749 0.808961809
vn 0.186807498 -0.135895461 0.972951949
vn 0.382022113 -0.456646532 0.803450704
vn 0.187076554 -0.136733547 0.972782731
vn 0.570450842 -0.327474147 0.753224134
vn 0.634174585 -0.193615362 0.748555779
vn 0.473828644 -0.467146456 0.746498883
vn 0.677394986 -0.0557334125 0.733505189
vn 0.636882842 0.0369090326 0.770076573
vn 0.426092952 0.0037879413 0.90467149
vn 0.297481716 -0.541947842 0.786000669
vn 0.321545511 -0.629472673 0.707370281
vn 0.143328875 -0.0985712633 0.984754086
vn 0.124754287 -0.081796281 0.988810301
vn 0.127579331 -0.0826824158 0.988376021
vn 0.140689045 -0.100990668 0.984889567
vn 0.133378759 -0.103205383 0.985676765
vn 0.110546835 -0.0857848674 0.990161777
vn 0.108522713 -0.0924525857 0.989785492
vn 0.128450677 -0.0829181448 0.988243401
vn 0.11082454 -0.0935611874 0.989426255
vn 0.128385499 -0.0829371735 0.988250256
vn 0.111144394 -0.0937399343 0.989373386
vn 0.127065077 -0.0829212666 0.988422215
vn 0.111223504 -0.0938052535 0.989358306
vn 0.111800268 -0.0943758115 0.989239097
vn 0.105799235 -0.0873566121 0.990542948
vn 0.126400515 -0.0828190669 0.988515973
vn 0.538910627 0.0413951278 0.841345191
vn 0.0887602046 -0.0797118321 0.99285841
vn 0.107507683 -0.0807890669 0.990916312
vn 0.106740199 -0.0830690563 0.990810871
vn 0.0616795756 -0.0819249302 0.994728029
vn 0.715259314 0.245354772 0.654373765
vn 0.0568157025 -0.0861699283 0.994659126
vn 0.108772144 -0.0782759339 0.99097997
vn -0.429605305 -0.0465566292 0.901815832
vn -0.361821681 -0.745830119 0.55930531
vn -0.531851888 0.18482092 0.826422989
vn 0.314363569 0.242904305 0.917699814
vn 0.126271978 -0.0800957233 0.988756835
vn 0.126172096 -0.0794694722 0.988820136
vn 0.126502514 -0.0801971704 0.988719165
vn 0.116340168 -0.0746385828 0.99040097
vn 0.42650488 0.0269679241 0.904083192
vn -0.852675855 0.0126631223 0.522286713
vn -0.860840023 -0.168791145 0.480066657
vn -0.85578078 -0.28031531 0.434813261
vn -0.832144976 -0.389944404 0.394306958
vn -0.781669796 -0.506173015 0.364391774
vn -0.755903959 -0.554752827 0.347647071
vn -0.686998367 -0.636611521 0.3503699
vn -0.883173227 -0.256409079 0.392758876
vn -0.617543817 -0.687668979 0.381773353
vn -0.930781841 -0.260623872 0.256359518
vn -0.905433357 -0.105704747 0.411116809
vn -0.707927525 -0.670480907 0.222022176
vn -0.839459777 -0.481467485 0.251984864
vn -0.667144299 -0.579852343 -0.467642725
vn -0.956868112 -0.0173839945 0.290002316
vn -0.897479773 0.109167546 0.427331746
vn -0.724008739 -0.654928386 -0.216518119
vn -0.910539389 0.273858309 0.309708923
vn -0.838127196 0.303959161 0.452936739
vn -0.853682458 0.435825318 0.285101116
vn -0.782511055 0.387714028 0.487190038
vn -0.558087111 0.57752502 0.595821798
vn -0.650163352 0.434377819 0.623380721
vn -0.901316226 0.370509893 -0.224391267
vn -0.848501384 0.482574552 -0.217180073
vn -0.617655694 0.693915427 -0.370112121
vn -0.991808712 0.0252754986 -0.125206903
vn -0.823707521 0.458182275 -0.334028333
vn -0.825215936 0.327272266 -0.460338652
vn -0.590770185 0.563456714 -0.57750082
vn -0.508390903 0.763835907 -0.397609681
vn -0.333418995 0.624146104 0.706592858
vn -0.90891546 0.231862292 -0.346572608
vn -0.972151101 -0.11324697 -0.20517683
vn -0.852621675 0.080125168 -0.516348839
vn -0.311994314 0.116522148 -0.942911565
vn -0.428563386 -0.0179125331 -0.903334081
vn -0.904224455 -0.364953041 -0.221782371
vn -0.602841914 0.106374398 -0.790737689
vn -0.625820935 -0.536985934 -0.565680444
vn -0.858320892 -0.0962231606 -0.504010141
vn -0.442820549 0.193453699 -0.875491619
vn -0.434754044 0.16890344 -0.884568036
vn -0.182056919 0.241062731 -0.953280687
vn -0.152984083 0.600169301 -0.785106719
vn -0.591551661 -0.539566636 -0.599111378
vn -0.162471578 0.233804345 -0.9586128
vn 0.0636498332 0.104870401 -0.992446899
vn 0.629933238 0.291368276 -0.719922602
vn 0.996445596 0.00613516662 -0.0840150118
vn -0.0555763133 0.0925425068 -0.99415648
vn 0.595791817 -0.134901717 -0.791728199
vn 0.395557076 0.775780261 -0.491629571
vn -0.0561463609 0.726700485 -0.684656203
vn 0.985286474 0.162031308 -0.0543726534
vn 0.0336932056 -0.497731328 -0.866676509
vn 0.00567165297 -0.00793957431 -0.999952435
vn 0.829226077 -0.555393398 -0.0626278892
vn 0.949855149 -0.312360466 0.0143593196
vn 0.977968633 -0.126637116 0.165953144
vn 0.0129762758 -0.650523603 -0.759375155
vn 0.206336513 -0.692406058 -0.691374719
vn 0.327460825 0.926138401 -0.187182128
vn 0.524576962 0.851291299 -0.0110577932
vn -0.0534544401 0.564145684 -0.823943138
vn 0.991782665 0.127708212 0.00759335142
vn 0.699005723 0.715112507 -0.00225809752
vn 0.999215364 0.0388846435 0.00752864871
vn 0.995526016 -0.0940612629 0.00896432437
vn 0.966498733 -0.256671369 0
vn 0.857285082 -0.487253517 -0.166272119
vn 0.799845636 0.600205719 -0.000247852935
vn 0.442132533 0.896949589 0.00038406672
vn 0.596677184 0.502472818 -0.625697494
vn 0.964246631 0.264994502 -0.00253645587
vn 0.91902405 0.350829393 0.179759443
vn 0.938535631 0.344385386 -0.0234414544
vn 0.922956228 0.232107386 -0.307047188
vn 0.850789726 0.349458218 -0.392473817
vn 0.0929737613 0.451267034 -0.887532473
vn 0.140882581 0.379409969 -0.914439797
vn -0.273975521 0.274663597 -0.921681821
vn -0.247997165 0.0479155853 -0.967575073
vn -0.140372783 0.210750401 -0.967408717
vn 0.252573431 0.230059341 -0.939829409
vn 0.772053242 0.239588186 -0.588669062
vn 0.296858251 0.0854638517 -0.951089442
vn 0.526413918 0.0432460755 -0.849127889
vn -0.65876013 -0.440950364 -0.609588206
vn -0.70273298 -0.309191167 -0.640755117
vn 0.508678257 0.0924268141 -0.855981171
vn 0.38602519 -0.0296842847 -0.922010601
vn -0.810645163 -0.251607746 -0.528723001
vn -0.93181783 -0.222385615 0.28681013
vn -0.831031322 0.0101892576 -0.556132197
vn -0.640187263 -0.0519639179 -0.766459346
vn -0.934755504 0.130961999 0.330274373
vn -0.776385307 0.158332258 -0.610046506
vn -0.834053218 0.391859144 0.388331771
vn -0.599254429 0.577014208 -0.554931343
vn -0.722375393 0.535384417 0.437649906
vn -0.583952188 0.539118886 -0.60691911
vn -0.669079542 0.571500659 0.475099504
vn -0.690649033 0.385262519 0.612026691
vn 0.0461367778 -0.0900389701 0.994868994
vn -0.720053971 0.336726785 0.606743157
vn 0.051914636 -0.0918767005 0.994416237
vn -0.703390062 0.399909973 0.587634623
vn -0.865809917 0.500348151 0.00498964125
vn -0.804670215 0.136360154 0.577851057
vn 0.0523518659 -0.092025958 0.994379461
vn 0.0529771484 -0.0919707641 0.994351387
vn -0.819502831 0.109705545 0.562476456
vn -0.85084039 -0.136336192 0.507427931
vn -0.896844506 -0.166505039 0.409812182
vn -0.815222859 -0.405780703 0.413223743
vn -0.585393548 0.51573801 -0.625562668
vn -0.973324418 0.229420409 -0.00239643315
vn -0.585501492 0.054456193 -0.808840215
vn 0.274333954 -0.0746082217 -0.958735883
vn -0.713646054 0.260482252 -0.650275648
vn -0.611307025 -0.0605337173 -0.789075077
vn -0.822582722 -0.483708978 0.298970371
vn -0.714748979 -0.632950723 0.297501743
vn -0.593250155 -0.720336735 0.359401196
vn -0.77728796 0.00891715754 -0.629081786
vn -0.795439005 -0.208437607 -0.56906122
vn -0.746360838 -0.573043346 0.338476896
vn -0.627504349 -0.302810222 -0.717317462
vn -0.792995751 -0.449641675 -0.411071956
vn -0.606317282 -0.502081096 -0.616679788
vn -0.546526372 -0.573812544 -0.609957397
vn -0.74148196 -0.47369352 -0.475204051
vn -0.651964962 -0.598412991 -0.465664834
vn -0.619429529 -0.681531966 0.389642537
vn 0.204981089 0.1020649 -0.973429799
vn -0.335687697 -0.706780016 -0.622716427
vn 0.693083823 0.0871580839 -0.715568542
vn -0.463796109 -0.781396151 0.417508274
vn -0.345491797 -0.810453176 0.473076165
vn -0.455832839 -0.761955142 -0.460044295
vn -0.256571621 -0.843674541 -0.471576303
vn 0.246281222 0.226774305 -0.942294598
vn -0.277675867 -0.709854245 -0.647304416
vn -0.409796357 -0.804529965 -0.42988202
vn 0.459521204 0.886833608 -0.0486444868
vn 0.467362046 0.882445931 -0.0534968488
vn 0.3037709 0.181322977 -0.935331523
vn -0.391120851 -0.822284758 0.413366944
vn -0.361362457 -0.688542664 0.628749788
vn -0.384246886 -0.616912782 -0.686857283
vn -0.509375215 -0.711398304 -0.484199733
vn 0.215463161 0.135460064 -0.967070878
vn -0.478540808 -0.519721031 -0.707735002
vn 0.540129125 0.483674079 -0.688708782
vn -0.0363933444 -0.221412808 0.974500775
vn 0.450397819 0.497888893 0.741112947
vn -0.541078627 -0.712781608 0.446291655
vn -0.408333778 -0.517632604 0.751877725
vn 0.170005709 0.592149258 0.787691057
vn -0.681774259 -0.705371439 0.193997398
vn -0.624473333 -0.578530908 0.524723649
vn -0.691155076 -0.492340386 -0.52906096
vn -0.927030683 0.141536966 0.347248435
vn -0.423364043 -0.11464671 -0.898676217
vn 0.124594785 0.224534437 -0.966468036
vn -0.536996305 -0.0262949709 -0.843174756
vn -0.507684886 0.104218796 -0.855216026
vn -0.78701663 -0.216699243 -0.577621162
vn -0.550866604 0.190127775 -0.812648356
vn -0.718548 -0.116236024 -0.685695291
vn -0.716639578 -0.175531417 -0.674993575
vn -0.865781665 0.0766422525 -0.494517982
vn -0.0557988212 -0.0395457931 -0.99765861
vn -0.00614753459 -0.0160448495 -0.999852419
vn -0.604244471 0.167085737 -0.779083371
vn -0.644758582 -0.00140367332 -0.764384925
vn -0.742894769 0.590691268 0.314946383
vn -0.653415561 0.756786227 0.0179628339
vn -0.669027448 -0.17915906 -0.721321225
vn -0.88984555 -0.0720691457 -0.450534016
vn -0.800410032 0.599452794 0.000374394149
vn -0.308110267 0.692073107 0.652765512
vn -0.933475852 0.358640134 -0.000161458287
vn -0.578545809 0.815648973 0.00122908445
vn -0.866062164 -0.249854505 -0.433023185
vn -0.997455537 0.071266368 0.00190847006
vn -0.820935428 -0.390459657 -0.416660845
vn -0.624146163 -0.333419055 0.706592739
vn -0.402260631 0.915461302 0.0108180586
vn -0.648357272 -0.369659603 -0.665570915
vn -0.763835907 -0.508390903 -0.397609591
vn -0.511403561 0.839620829 0.183038995
vn 0.0139888516 0.0314141847 -0.999408484
vn -0.563456714 -0.590770304 -0.577500582
vn -0.577525139 -0.558087051 0.595821738
vn -0.693915486 -0.617655694 -0.370111972
vn -0.139173076 0 -0.990268171
vn -0.458182335 -0.823707461 -0.334028214
vn -0.42463702 -0.423646837 0.800129175
vn -0.424062967 -0.102666713 0.8997944
vn -0.434378088 -0.650163233 0.623380721
vn -0.38771373 -0.782512307 0.487188458
vn -0.435825497 -0.853682339 0.285101086
vn -0.30395928 -0.838127196 0.45293659
vn -0.482574731 -0.848501325 -0.217179939
vn -0.273858428 -0.910539389 0.309708834
vn -0.109167546 -0.897479773 0.427331746
vn -0.370509982 -0.901316226 -0.224391267
vn -0.327272177 -0.825215936 -0.460338682
vn 0.0173839852 -0.956868112 0.290002286
vn 0.10570471 -0.905433357 0.411116809
vn 0.2608639 -0.930217981 0.258156329
vn 0.2564089 -0.883173227 0.392758876
vn -0.0256587304 -0.991938651 -0.124094278
vn -0.231862307 -0.908915341 -0.346572697
vn 0.68766886 -0.617544115 0.381773323
vn 0.636611462 -0.686998427 0.3503699
vn 0.554752827 -0.755903959 0.34764713
vn 0.506173015 -0.781669796 0.364391774
vn 0.389944345 -0.832145035 0.394306988
vn 0.670480788 -0.707927704 0.222022146
vn 0.279876649 -0.857124329 0.432442963
vn 0.168791056 -0.860839963 0.480066717
vn 0.481467485 -0.839459777 0.251984864
vn 0.579852343 -0.667144299 -0.467642695
vn 0.654928446 -0.724008739 -0.21651803
vn -0.0177375674 -0.854144692 0.519732833
vn 0.0465566069 -0.429605305 0.901815832
vn 0.222385705 -0.93181783 0.28681013
vn 0.251607686 -0.810645163 -0.528723001
vn -0.240935877 -0.886642754 0.394733369
vn 0.0403333865 -0.805441141 -0.591301858
vn 0.308636874 -0.707068443 -0.636236906
vn 0.359348565 -0.906258047 -0.222631857
vn 0.536985874 -0.625820875 -0.565680504
vn 0.11743208 -0.97467494 -0.190311342
vn 0.0974760205 -0.859448373 -0.501843452
vn -0.0821024105 -0.852385759 -0.516427755
vn -0.116943002 -0.310956061 -0.943202257
vn -0.0988907218 -0.58630538 -0.804031432
vn -0.192676142 -0.443136066 -0.87550354
vn 0.0179125611 -0.428563386 -0.903334081
vn -0.243620828 -0.202623859 -0.948468447
vn -0.604099393 -0.149439171 -0.782771885
vn -0.196256608 -0.421141326 -0.885507405
vn -0.233804345 -0.162471518 -0.9586128
vn 0.539566636 -0.591551661 -0.599111378
vn 0.440950304 -0.65876019 -0.609588265
vn -0.0432460643 0.526413918 -0.849127889
vn -0.104870401 0.0636497959 -0.992446899
vn -0.291368097 0.629932404 -0.719923377
vn -0.00613516662 0.996445596 -0.0840150043
vn -0.0925425142 -0.0555763319 -0.99415648
vn 0.134901673 0.595791817 -0.791728258
vn 0.497731328 0.0336932056 -0.866676509
vn 0.00793955754 0.0056716539 -0.999952435
vn 0.555393398 0.829226077 -0.0626278594
vn 0.312360466 0.949855149 0.0143593233
vn 0.126637116 0.977968633 0.165953144
vn 0.650523603 0.0129762897 -0.759375155
vn 0.692406058 0.206336513 -0.691374719
vn 0.534985304 0.60914731 -0.585431695
vn 0.705902457 0.39139539 -0.590348482
vn 0.0736703277 0.631046772 -0.772238672
vn 0.320154399 0.947006583 -0.026068233
vn 0.0903698131 0.155304313 -0.983724475
vn -0.0250259228 0.226359278 -0.973722339
vn 0.492143661 0.825737119 -0.275595278
vn -0.0972943529 0.0488143116 -0.994057775
vn 0.339067698 0.940605879 -0.0171398893
vn 0.0107699418 0.0882449746 -0.996040583
vn 0.651678979 0.756203532 -0.0589134507
vn 0.866413593 0.495585382 -0.0610133
vn 0.978924513 0.194303855 -0.0628706664
vn 0.664085329 0.747656822 -7.20730095E-05
vn 0.874932706 0.484244496 -0.000204469761
vn 0.345941156 0.938241303 0.00527899666
vn 0.986148357 0.165864989 -0.000560581335
vn 0.355127394 0.934053063 0.0378082618
vn 0.325427026 0.945381463 0.0187367667
vn 0.272902369 0.962022603 0.00606701523
vn 0.246397108 0.969161034 0.00391031103
vn 0.54812777 0.836394608 -3.47806963E-05
vn 0.992735267 -0.106717899 -0.0555704273
vn 0.985146105 -0.17171523 -0.00105199649
vn 0.487253457 0.857284963 -0.166272402
vn 0.358911783 0.877772331 -0.317329645
vn 0.00764629617 0.919915378 -0.392042488
vn -0.00611542771 0.930652678 -0.365852833
vn -0.00644917646 0.932327151 -0.361558467
vn 0.256671369 0.966498733 0
vn 0.0940612629 0.995526016 0.00896432623
vn -0.0388846435 0.999215364 0.00752864871
vn -0.127708122 0.991782665 0.00759336632
vn 0.925853848 -0.372607291 -0.0629155114
vn 0.871880054 -0.489717871 -0.00125349022
vn -0.162031114 0.985286474 -0.0543726347
vn -0.715112209 0.699006021 -0.00225807633
vn 0.789442658 -0.610566914 -0.06315431
vn 0.725850344 -0.687832355 -0.00529681705
vn -0.851291001 0.524577379 -0.0110578155
vn -0.600205719 0.799845636 -0.000247848104
vn -0.777742267 0.389784932 -0.493137747
vn 0.200359166 -0.249392644 -0.947448969
vn 0.694826245 -0.717035413 -0.0554683991
vn -0.922146499 0.266255021 -0.280631751
vn 0.539653659 -0.841443777 -0.0273198634
vn 0.423098058 -0.906022847 -0.0105235679
vn 0.767369866 -0.637355447 -0.0701539293
vn 0.26892072 -0.233447626 -0.934443116
vn -0.896949589 0.442132533 0.000384058862
vn -0.67640394 -0.057278119 -0.734300315
vn -0.504081666 0.589541793 -0.63114363
vn 0.423689336 -0.885278702 -0.191752449
vn 0.435825258 -0.900031328 0
vn -0.264994502 0.964246631 -0.00253645587
vn -0.350829393 0.91902405 0.179759443
vn -0.344385386 0.938535631 -0.0234414544
vn -0.232107386 0.922956228 -0.307047188
vn -0.349458218 0.850789726 -0.392473817
vn -0.389356852 0.118858173 -0.913385987
vn -0.280263066 -0.268269211 -0.921674728
vn -0.0479156263 -0.247997046 -0.967575073
vn -0.210750356 -0.140372783 -0.967408717
vn -0.230059311 0.252573431 -0.939829409
vn -0.0854638591 0.296858341 -0.951089442
vn -0.239588186 0.772053242 -0.588669062
vn -0.0924268141 0.508678317 -0.855981112
vn 0.0296842903 0.38602519 -0.922010601
vn 0.0489981622 -0.653171778 -0.755622745
vn -0.2920416 -0.74555105 -0.599053621
vn -0.500268042 -0.755968213 0.422189355
vn -0.458786517 -0.611912966 -0.644265115
vn -0.20917511 -0.552637756 0.806744933
vn 0.72000581 -0.44048962 0.536246598
vn -0.245354772 0.715259314 0.654373765
vn 0.090043962 0.0461675525 0.994867086
vn 0.0861699283 0.0568157062 0.994659126
vn 0.0819249451 0.0616795756 0.994728029
vn -0.557474434 -0.680045962 0.476192892
vn -0.0635347068 -0.599038899 -0.798195302
vn -0.38217923 -0.687434614 0.617553711
vn -0.298052371 -0.740263224 0.602640092
vn 0.092073679 0.0516811237 0.994410098
vn -0.626163125 -0.500818074 -0.597579241
vn -0.416192859 -0.768359661 0.486216962
vn -0.0657333881 -0.822969496 0.564269841
vn 0.092134133 0.0521570779 0.994379699
vn 0.0920641422 0.052643206 0.994360507
vn 0.0449278764 -0.617565989 -0.785234809
vn -0.514853597 -0.57537061 -0.6355111
vn -0.185231373 -0.86292845 0.470152915
vn 0.0707730278 -0.900472462 0.429115891
vn 0.185416192 -0.849915028 0.493219286
vn 0.412370026 -0.814619303 0.407855958
vn -0.265273571 -0.708675206 -0.653765619
vn 0.292310983 -0.882382572 0.368721306
vn 0.626012981 -0.719804108 0.299982876
vn -0.00693811011 -0.774877906 -0.632072866
vn 0.0750684813 0.271796674 -0.95942241
vn 0.520526886 -0.780682027 0.34581393
vn 0.840669155 -0.526249051 0.127817005
vn 0.20758146 -0.789115071 -0.578106761
vn 0.341639996 -0.634435058 -0.693378925
vn 0.44985041 -0.792608619 -0.411589921
vn 0.536878169 -0.737317622 0.410029978
vn 0.562523782 -0.550392568 -0.616956294
vn 0.47369352 -0.74148196 -0.475204051
vn 0.598412991 -0.651964962 -0.465664834
vn 0.681531966 -0.619429469 0.389642537
vn -0.102064975 0.204981044 -0.973429799
vn 0.706780136 -0.335687548 -0.622716367
vn -0.113728039 0.990531147 -0.0769027546
vn 0.781396151 -0.463796109 0.417508274
vn 0.810453176 -0.345491767 0.473076165
vn 0.761955142 -0.455832839 -0.460044295
vn 0.84367466 -0.256571591 -0.471576273
vn -0.226774335 0.246281117 -0.942294598
vn 0.704959631 -0.275482327 -0.653560579
vn 0.805164754 -0.41633454 -0.422345012
vn 0.725160241 -0.497375846 -0.47619316
vn 0.822284877 -0.391120732 0.413366884
vn 0.688542664 -0.361362368 0.628749788
vn 0.221412897 -0.0363933742 0.974500775
vn -0.497888923 0.45039773 0.741113007
vn -0.891856492 0.449606776 -0.0494545102
vn -0.882445931 0.467361897 -0.0534968413
vn -0.181322962 0.30377087 -0.935331523
vn -0.720244169 0.693720639 -0.000214902306
vn -0.895162225 0.44572252 -0.0040012286
vn -0.889902294 0.456143171 -0.00272094202
vn -0.592149436 0.170005664 0.787691057
vn 0.618937254 -0.379077852 -0.687907398
vn -0.135460138 0.215463221 -0.967070878
vn 0.519644082 -0.477024943 -0.708813906
vn -0.483674228 0.540129066 -0.688708723
vn -0.90621978 0.420256793 -0.0463682376
vn -0.825577259 0.564289033 0
vn -0.825577259 0.564289093 0
vn -0.836040735 0.546028495 -0.0537478514
vn -0.649679363 0.472542554 -0.595499992
vn -0.384947628 0.625307977 -0.678826392
vn -0.868626356 0.398155034 -0.294891238
vn -0.902744234 0.317059755 -0.290733576
vn -0.58239454 0.754722476 -0.302011013
vn -0.249897242 0.768525302 -0.58899945
vn -0.880225241 -0.45363304 -0.139357582
vn -0.595014513 -0.803714991 0
vn -0.595014453 -0.803714991 0
vn -0.834668994 -0.521314383 -0.177648172
vn -0.805407405 0.235521644 -0.543919444
vn -0.848457038 -0.242645368 -0.470365793
vn -0.560401261 0.229801774 -0.795701921
vn -0.677497685 -0.35625574 -0.643489599
vn -0.270041794 0.156536371 -0.950038791
vn -0.0114732338 0.00798108894 -0.999902368
vn 0.0620134659 0.983397543 -0.170539677
vn -0.518773854 0.805670142 -0.285953224
vn -0.427565932 0.717483521 -0.549913406
vn 0.141525477 0.609375834 -0.780148387
vn 0.595014334 0.80371505 0
vn 0.595014334 0.80371505 0
vn -0.597502947 0.801481009 -0.024870092
vn -0.413379282 0.434732348 -0.800078273
vn -0.233288243 0.208526999 -0.949785829
vn 0.000442731805 0.092512846 -0.995711446
vn -0 0 -1
vn -0.0142190699 0.0110713411 -0.999837637
vn 0.121800587 0.473935992 -0.87209475
vn -0 0 -1
vn -0 0 -1
vn -0 0 -1
vn -0 0 -1
vn -0 0 -1
vn -0 0 -1
vn -0 0 -1
vn -0 0 -1
vn -0 0 -1
vn -0 0 -1
vn -0 0 -1
vn -0 0 -1
vn -0 0 -1
vn -0 0 -1
vn -0 0 -1
vn -0 0 -1
vn -0 0 -1
vn -0 0 -1
vn -0 0 -1
vn -0 0 -1
vn -0 0 -1
vn -0 0 -1
vn -0 0 -1
vn -0 0 -1
vn -0 0 -1
vn -0 0 -1
vn -0 0 -1
vn -0 0 -1
vn -0 0 -1
vn -0 0 -1
vn -0 0 -1
vn -0 0 -1
vn -0 0 -1
vn -0.027966205 -0.0500260517 -0.998356283
vn -0 0 -1
vn -0 0 -1
vn -0.0307795368 -0.0570516773 -0.997896671
vn -0.040693704 -0.0759185925 -0.996283352
vn -0.0659563914 -0.103463054 -0.992443979
vn -0 0 -1
vn -0.0720183477 -0.114138938 -0.990850985
vn -0.0713964552 -0.0990999117 -0.992512941
vn -0.0321751572 -0.140233144 -0.989595592
vn -0.0392801687 -0.131367072 -0.990555227
vn -0.0402876511 -0.129602537 -0.990747213
vn -0.0403155386 -0.129537269 -0.990754664
vn -0.0657670274 -0.0981568396 -0.992995441
vn -0 0 -1
vn -0 0 -1
vn -0 0 -1
vn -0 0 -1
vn -0 0 -1
vn -0 0 -1
vn -0 0 -1
vn -0 0 -1
vn -0 0 -1
vn -0 0 -1
vn -0 0 -1
vn -0 0 -1
vn -0 0 -1
vn -0 0 -1
vn -0 0 -1
vn -0 0 -1
vn -0 0 -1
vn -0 0 -1
vn -0 0 -1
vn -0 0 -1
vn -0 0 -1
vn -0 0 -1
vn -0 0 -1
vn 0.646178007 -0.150072843 -0.748286128
vn -0 0 -1
vn -0 0 -1
vn -0 0 -1
vn -0 0 -1
vn -0 0 -1
vn -0 0 -1
vn -0 0 -1
vn -0 0 -1
vn -0 0 -1
vn 0.218034029 -0.00104405009 -0.975940645
vn -0 0 -1
vn 0.0319974422 0.0410946533 -0.998642743
vn -0 0 -1
vn 0.0323188417 0.0464599617 -0.998397171
vn -0 0 -1
vn 0.473931521 -0.121796936 -0.872097731
vn 0.208527163 0.233288318 -0.949785829
vn 0.434731573 0.413380295 -0.800078273
vn 0.717483342 0.427564323 -0.549914896
vn 0.229801983 0.560400903 -0.795702159
vn 0.156535968 0.270041436 -0.950039029
vn -0.0521074086 0.099093169 -0.993712842
vn -0.0704775527 0.24643673 -0.966592968
vn -0 0 -1
vn 0.235521182 0.805407524 -0.543919563
vn 0.317060173 0.902743995 -0.290733486
vn -0 0 -1
vn -0.521312594 0.834672272 -0.177638441
vn -0 0 -1
vn -0 0 -1
vn -0 0 -1
vn -0 0 -1
vn -0 0 -1
vn -0 0 -1
vn -0 0 -1
vn -0 0 -1
vn -0 0 -1
vn -0 0 -1
vn -0.230276808 0.952321291 -0.20014146
vn -0.803713977 0.595015824 0
vn 0.418736488 0.906558096 -0.0530289486
vn -0 0 -1
vn -0 0 -1
vn -0 0 -1
vn -0 0 -1
vn -0 0 -1
vn -0 0 -1
vn -0 0 -1
vn -0 0 -1
vn -0 0 -1
vn -0 0 -1
vn -0 0 -1
vn -0 0 -1
vn -0 0 -1
vn -0 0 -1
vn -0 0 -1
vn -0 0 -1
vn 0.679971099 -0.733238935 0
vn 0.66431433 -0.747453332 0
vn 0.664315522 -0.747452259 0
vn 0.664314151 -0.747453511 0
vn 0.865624785 -0.500693202 0
vn 0.644055426 -0.695135415 -0.319341868
vn 0.649286389 -0.760543942 8.78648207E-05
vn 0.823799253 -0.476502061 -0.307083964
vn 0.32325089 -0.0228981003 -0.94603622
vn 0.979146183 -0.203156918 0
vn 0.931836247 -0.193340942 -0.307083815
vn 0.993367851 0.114979707 0
vn 0.945370734 0.109424204 -0.307084024
vn 0.912606418 0.408839226 0
vn 0.868007243 0.388900816 -0.308738589
vn 0.906847119 0.421459764 0
vn 0.866416097 0.40266934 -0.295263171
vn 0.350888252 0.163076252 -0.922108293
vn -0.156875834 -0.0741767064 -0.98482877
vn -0.129355192 -0.279637277 -0.951351762
vn -0.645203471 -0.302897483 -0.701402664
vn 0.616273344 -0.719790041 -0.319545805
vn 0.393147975 -0.866419017 -0.307819605
vn 0.324602067 -0.945850372 0.000687947497
vn -0.885278642 -0.423689485 -0.191752404
vn -0.549512923 -0.785557926 -0.284489393
vn 0.0959500149 -0.963309944 -0.250653893
vn 0.263666213 -0.964613974 0.00010050425
vn 0.263913214 -0.964546382 0
vn 0.120956667 -0.992657244 -0.000963899714
vn 0.098008275 -0.995180368 0.00321695278
vn -0.174253896 -0.984696865 -0.00277011772
vn -0.219274417 -0.975650489 0.0049645328
vn -0.454269916 -0.890854001 -0.00424675411
vn -0.514387548 -0.85753423 0.00636114413
vn -0.694668531 -0.719309807 -0.00539275864
vn -0.757514358 -0.65277642 0.00740814954
vn -0.874479771 -0.485022247 -0.00620930828
vn -0.924099267 -0.382066518 0.00810466148
vn -0.966125429 -0.258031249 -0.00463895174
vn -0.996932268 -0.0777314752 0.00915563572
vn -0.998730958 -0.0503599234 -0.000494071806
vn -0.994075298 0.108626746 0.00380919618
vn -0.971082091 0.238745421 0.000311663985
vn -0.97006005 0.242864877 0
vn -0.969827116 0.243793696 0
vn -0.969827116 0.243793726 0
vn -0 0 -1
vn -0 0 -1
vn -0 0 -1
vn -0.127214223 -0.0303359758 -0.991411209
vn -0 0 -1
vn -0.423704803 -0.0454807244 -0.904657841
vn -0 0 -1
vn -0 0 -1
vn -0 0 -1
vn -0 0 -1
vn -0 0 -1
vn -0 0 -1
vn -0 0 -1
vn -0 0 -1
vn -0 0 -1
vn -0 0 -1
vn -0 0 -1
vn -0.211892813 -0.163041562 -0.96359688
vn -0.624357522 -0.0798410475 -0.777047753
vn -0.58166945 -0.0820797458 -0.809273541
vn -0.504413307 -0.0366453119 -0.862684369
vn -0.66039598 0.00417287461 -0.750905931
vn -0.512931466 -0.0283506699 -0.857961357
vn -0.341322005 0.052816458 -0.938461304
vn -0.202499881 0.118140295 -0.972130001
vn -0.315225095 0.104623258 -0.943232298
vn -0.207005769 0.113676302 -0.971713126
vn -0.198645338 0.111327089 -0.973728061
vn -0.151693135 0.0972673744 -0.983630121
vn -0.939684927 0.342019051 -0.00389016606
vn -0.947709382 0.31913045 0.00167039712
vn -0.984048963 0.177865162 -0.00342713436
vn -0.983777523 0.179392755 0.000317096565
vn -0.99543792 -0.0954066738 -0.000933999312
vn -0.987968445 -0.15453364 -0.00614670757
vn -0.970700145 -0.240277246 0.0028450992
vn -0.959892273 0.280369163 0
vn -0.840653658 0.541415095 0.0130763361
vn -0.840301335 0.541914284 0.0149205895
vn -0.86817795 -0.496116728 -0.0116319098
vn -0.794790924 -0.606881618 0.00144492649
vn -0.642471015 -0.766286492 -0.00600150228
vn -0.593997777 -0.804466069 -0.000952059112
vn -0.353799164 -0.935318828 -0.00220235181
vn -0.34678486 -0.937944174 0.000952274131
vn -0.015780244 -0.999875069 -0.000974745315
vn -0.00369342742 -0.999993205 -0.000291462376
vn 0.318875819 -0.947796464 0.000243681512
vn 0.338069767 -0.941119552 -0.00168385438
vn 0.609356403 -0.792895377 0.00129165943
vn 0.63585186 -0.771798909 -0.00434993114
vn 0.829404175 -0.55863899 0.00334750256
vn 0.747354686 -0.664425194 0
vn 0.864423275 -0.502690852 -0.00862190779
vn 0.968132555 -0.25036332 0.00611879351
vn 0.984365106 -0.175699085 -0.0124533726
vn 0.99810648 0.0608939417 0.00867882278
vn 0.984895229 0.17251128 -0.0148754446
vn 0.930449903 0.366280347 0.0100863753
vn 0.866025984 0.499746114 -0.0159047451
vn 0.771736026 0.635858536 0.01036104
vn 0.642183781 0.766393006 -0.0155493235
vn 0.548060894 0.83643657 0.00179190503
vn 0.312546015 0.94981724 -0.0127349133
vn 0.393710881 0.919233501 0.00116304692
vn 0.460675836 0.887568533 0
vn 0.241758078 0.970319033 -0.00582633587
vn -0.0080935359 0.999905467 -0.0111185145
vn 0.141801953 0.98987633 -0.00609163102
vn 0.0225328747 0.999743402 0.00233155838
vn -0.0955853984 0.995413125 -0.00403361721
vn -0.32108888 0.946734369 -0.0244121701
vn -0.353945255 0.935225487 0.00871876068
vn -0.654208899 0.756301463 0.00434146542
vn -0.493133366 0.869863451 -0.0125285164
vn -0.616156757 0.787621319 0.00188154727
vn -0.766035914 0.642778158 -0.00501522329
vn -0 0 -1
vn -0 0 -1
vn -0 0 -1
vn -0.0227554534 0.016250765 -0.999609053
vn -0 0 -1
vn -0.101364106 0.0723889843 -0.992212296
vn -0.108667232 0.0728510395 -0.991405129
vn -0.115928523 0.0714273974 -0.990685999
vn -0.140291587 0.0983130187 -0.985217154
vn -0.139179677 0.0839050561 -0.986706078
vn -0.142894104 0.0911641642 -0.985530496
vn -0.14460054 0.0932535753 -0.985085964
vn -0.0990796238 0.0675447136 -0.9927845
vn -0.095269978 0.0646985546 -0.99334681
vn -0.0973995328 0.0763123333 -0.992315292
vn -0.0988571122 0.0718338713 -0.992505491
vn -0.100412719 0.0677074194 -0.992639422
vn -0.101159707 0.0658342391 -0.99268955
vn -0.125310451 0.0549826026 -0.990592897
vn -0.111837544 0.056089066 -0.99214232
vn -0.0984204561 0.0512502529 -0.993824363
vn -0.0854318216 0.0365663916 -0.995672822
vn -0.0792423338 0.0334330313 -0.996294558
vn -0.130312413 0.0305408612 -0.9910025
vn -0.0639426634 0.0335222632 -0.997390449
vn -0.0501400344 0.0321697406 -0.99822396
vn -0.0474263094 0.036392875 -0.998211503
vn -0.0439042225 0.0304537974 -0.998571515
vn -0.0616811588 0.0209107269 -0.997876763
vn 0.0090746237 0.0237948876 -0.999675632
vn -0.132165939 0.0378104299 -0.990506232
vn -0 0 -1
vn -0.136435196 0.0346057303 -0.990044475
vn -0.139173806 0.0434494987 -0.989314318
vn -0 0 -1
vn -0 0 -1
vn -0 0 -1
vn -0 0 -1
vn -0 0 -1
vn -0 0 -1
vn -0 0 -1
vn -0 0 -1
vn -0 0 -1
vn -0 0 -1
vn -0 0 -1
vn -0 0 -1
vn -0 0 -1
vn -0 0 -1
vn -0 0 -1
vn -0 0 -1
vn -0 0 -1
vn -0 0 -1
vn -0 0 -1
vn -0 0 -1
vn -0 0 -1
vn -0 0 -1
vn -0 0 -1
vn -0 0 -1
vn -0 0 -1
vn -0 0 -1
vn -0 0 -1
vn -0 0 -1
vn -0 0 -1
vn 0.932337523 0.00645125657 -0.361531675
vn 0.930661201 0.00611712271 -0.365831047
vn 0.919915378 -0.00764629385 -0.392042488
vn 0.877772331 -0.358911783 -0.317329645
vn 0.836394608 -0.54812777 -3.47806963E-05
vn 0.969161034 -0.246397108 0.00391030544
vn 0.962022603 -0.272902369 0.00606701057
vn 0.947006583 -0.320154399 -0.026068233
vn 0.945381463 -0.325426966 0.0187367424
vn 0.934053063 -0.355127305 0.0378082469
vn 0.938241303 -0.345941156 0.00527899666
vn 0.631046772 -0.0736703277 -0.772238672
vn 0.60914731 -0.534985304 -0.585431695
vn 0.39139542 -0.705902517 -0.590348542
vn 0.940605879 -0.339067698 -0.017139893
vn 0.747656822 -0.664085329 -7.20734824E-05
vn 0.155304313 -0.0903698131 -0.983724475
vn 0.825737119 -0.492143661 -0.275595248
vn 0.226359278 0.0250259228 -0.973722339
vn 0.0488143191 0.097294338 -0.994057775
vn -0 0.139173076 -0.990268171
vn 0.756203532 -0.651678979 -0.0589134507
vn 0.484244496 -0.874932706 -0.000204470241
vn 0.0882449746 -0.0107699288 -0.996040583
vn 0.495585382 -0.866413593 -0.0610133
vn 0.165864989 -0.986148357 -0.000560581335
vn 0.0314141884 -0.0139888246 -0.999408484
vn 0.194303855 -0.978924513 -0.0628706664
vn -0.0151508283 0.0136259506 -0.999792397
vn -0.369659513 0.648357153 -0.665570974
vn -0.106717899 -0.992735267 -0.0555704273
vn -0.17171523 -0.985146105 -0.00105199649
vn -0.372607291 -0.925853848 -0.0629155114
vn -0.489717871 -0.871880054 -0.00125349045
vn -0.390459657 0.820935369 -0.416660905
vn -0.610566914 -0.789442658 -0.06315431
vn -0.687832355 -0.725850344 -0.00529681705
vn 0.071266368 0.997455537 0.00190847169
vn -0.157968119 0.669303417 -0.726002097
vn -0.249854535 0.866062164 -0.433023244
vn 0.358640134 0.933475852 -0.000161457021
vn -0.0717158318 0.889538705 -0.451195985
vn 0.599452853 0.800409973 0.000374393858
vn 0.0651401952 0.638008833 -0.767268777
vn 0.173710287 0.572940886 -0.800976515
vn -0.0389616899 0.0570394397 -0.997611403
vn 0.0757507905 0.864295661 -0.497247189
vn 0.692073107 0.308110416 0.652765453
vn -0.167337462 0.720554948 -0.67290318
vn -0.0644579977 0.718269646 -0.692772567
vn -0.170380324 0.714822352 -0.678232729
vn 0.815648973 0.578545809 0.00122908526
vn 0.111240715 0.514025569 -0.850531101
vn -0.281232238 0.771640241 -0.570508301
vn 0.224534616 -0.12459486 -0.966467917
vn -0.249392644 -0.200359166 -0.947448969
vn -0.0210276302 0.535824001 -0.844067872
vn 0.915461302 0.402260631 0.0108180624
vn 0.847843111 0.53023386 0.00376380142
vn -0.717035413 -0.694826245 -0.0554683991
vn -0.841443717 -0.539653778 -0.0273198485
vn -0.906022727 -0.423098117 -0.0105235633
vn -0.637355447 -0.767369866 -0.0701539293
vn -0.233447596 -0.268920749 -0.934443116
vn 0.844737649 0.5070014 0.171370834
vn 0.624615014 0.780894101 0.00777636236
vn -0.900031269 -0.435825437 0
vn -0.685191333 -0.695368171 -0.216739371
vn -0.70187515 -0.712300003 0
vn -0.448294759 -0.867211401 -0.216739789
vn -0.459210515 -0.888327479 0
vn -0.171110168 -0.961116672 -0.216739729
vn -0.175276592 -0.984519243 0
vn -0.0257259365 -0.999669075 0
vn -0.46231845 -0.882248521 -0.0888766944
vn -0.175856546 -0.984392762 0.00673991395
vn -0.0606929846 -0.99815625 -0.00073866616
vn 0.544515491 -0.838750362 0.000923845742
vn 0.0457108133 -0.995379806 -0.084436439
vn -0.19304648 -0.4201608 -0.88667804
vn 0.013705438 -0.456584156 -0.889574647
vn -0.125772461 -0.44782269 -0.88523221
vn 0.223477945 -0.329019338 -0.917498708
vn 0.28454724 -0.954035163 -0.0940735936
vn 0.479529679 -0.87315011 -0.0875224397
vn 0.653433383 -0.753889143 -0.0683820397
vn 0.653835714 -0.756635606 0.00120011729
vn 0.655394554 -0.755286455 -0.000529079873
vn -0.114846729 0.424187481 -0.898262322
vn 0.655081749 -0.755557716 -0.000731004286
vn 0.659895897 -0.751357019 0
vn 0.655176222 -0.755476058 0
vn 0.654734075 -0.755859315 0
vn 0.659895897 -0.751357019 0
vn -0.432056755 0.720602155 -0.542272508
vn -0.537506044 0.66909951 -0.513218403
vn -0.627424479 0.622361183 -0.467979819
vn -0.74324578 0.640440762 0.19344607
vn -0.431686699 0.902021587 0.00186663726
vn 0.090938352 0.946070135 0.310936481
vn -0.579509735 0.6243155 0.523830771
vn 0.173380494 0.639817536 0.74871397
vn 0.407903314 0.857559085 0.31338039
vn 0.461790979 0.537699401 0.705427825
vn -0.658821464 0.462813556 0.593091726
vn 0.643586457 0.723766029 0.248916134
vn 0.765008271 0.36427176 0.531101108
vn -0.502937615 0.214321315 0.837329149
vn 0.600494087 0.323857576 0.73111093
vn 0.176475585 0.412098616 0.893885434
vn -0.835139573 0.00601175753 0.550005257
vn -0.409048915 0.0453500487 0.911384881
vn 0.994505465 0.0999058336 0.0312699713
vn 0.877301514 0.224570706 0.424158096
vn 0.861372054 0.235487655 0.450092912
vn 0.998215973 0.0596062727 -0.00344259455
vn 0.889721394 -0.027271023 0.455688685
vn 0.899057448 -0.0304037351 0.436773598
vn 0.747822821 -0.0435957089 0.662465513
vn 0.820289791 0.11898353 0.55943507
vn 0.625971973 0.0868604183 0.774993122
vn -0.211969659 0.414307237 0.885109246
vn 0.484269083 0.191294044 0.853750527
vn 0.33433491 0.269802272 0.903009892
vn 0.358414441 0.257693529 0.897292078
vn 0.133283406 0.356273741 0.924826801
vn -0.0018542927 0.384593666 0.92308408
vn -0.102666639 0.424062997 0.8997944
vn 0.175260425 0.334297478 0.926028609
vn 0.108089983 0.185193047 0.976739526
vn 0.393914729 0.202727675 0.896511436
vn 0.308422625 0.199194208 0.930159688
vn 0.504274249 0.204777628 0.838912249
vn -0.664313972 0.74745363 0
vn -0.664313495 0.747454047 0
vn -0.664309621 0.747457504 0
vn -0.81010443 0.527717531 0.255430996
vn -0.664321601 0.747446775 0
vn -0.664305925 0.747460723 -6.48752102E-05
vn -0.567603886 0.0128714917 0.82320112
vn -0.463014424 0.173632488 0.869177461
vn -0.705545783 0.0878760591 0.703194737
vn -0.35505715 0.210589916 0.910816312
vn -0.313748062 0.413900048 0.85454607
vn -0.580150723 0.697959661 0.419854254
vn -0.0754245147 0.245810837 0.966378808
vn -0.219103977 0.567658544 0.793572426
vn -0.288615823 0.584673762 0.758193612
vn -0.206529573 -0.0163187999 0.978304267
vn -0.236226156 0.0395057723 0.970894694
vn -0.60848397 -0.777426779 0.159232095
vn -0.550902545 -0.834569514 -4.27893901E-05
vn -0.673046529 -0.739599764 -0.000709412387
vn -0.705379367 -0.693830669 0.14504829
vn 0.199920058 -0.302876681 0.931824863
vn 0.708591223 -0.703935683 0.0487132967
vn 0.737374604 -0.670303226 0.0835007951
vn 0.0531291105 -0.0147219999 0.998479187
vn -0.0129300868 -0.0241435785 0.999624848
vn 0.737108648 -0.675774276 2.94879214E-06
vn 0.710340559 -0.703858078 0
vn 0.651783228 -0.757737041 -0.0318316519
vn 0.674755633 -0.738041282 0
vn 0.47078836 -0.881310523 -0.0406210013
vn 0.434948176 -0.899250031 -0.0465777144
vn 0.427248806 -0.903008163 -0.0451091006
vn 0.354766846 -0.934954822 0
vn -0.000925756467 -0.999999642 2.38336106E-05
vn -0.00407582661 -0.999991775 -4.38946954E-05
vn -0.328599244 -0.944469512 4.41098091E-05
vn -0.330268532 -0.943886995 -4.65584999E-05
vn -0.619936407 -0.784651995 4.70810555E-05
vn -0.619893253 -0.784686148 -7.82531424E-05
vn -0.842816293 -0.538201451 7.69487015E-05
vn -0.841393888 -0.540422261 -8.96227866E-05
vn -0.972599924 -0.232485279 5.03615192E-05
vn -0.971608579 -0.236594215 0
vn -0.991176367 0.13253732 -0.00178081705
vn -0.999853134 0.01713516 0
vn -0.237052232 0.955949962 0.173106849
vn -0.179292023 0.952640355 0.245623112
vn 0.0504348055 0.968562365 0.243604988
vn -0.160579011 0.94947052 0.269666672
vn 0.106295496 0.966217101 0.234788761
vn 0.706342161 0.688621163 0.163956285
vn 0.701532006 0.693446934 0.164269283
vn 0.759622395 0.478924125 0.440006196
vn 0.0552280545 0.914952755 0.39976424
vn 0.0498358086 0.81892103 0.571738303
vn -0.733700275 0.645274222 0.212850213
vn -0.0966457427 0.805210233 0.585060775
vn -0.60128665 0.751148283 0.272452652
vn -0.646880686 0.324175805 0.690257549
vn -0.744703233 -0.101606265 0.659616113
vn -0.51969409 -0.21011357 0.828112483
vn -0.145231396 0.9368397 0.318181247
vn -0.671746731 0.0274832323 0.740270853
vn -0.80770582 -0.162149519 0.566850007
vn -0.908587337 0.233819619 0.346117735
vn -0.89457643 0.0282154866 0.446023434
vn -0.81675142 -0.145080969 0.558451951
vn -0.426382214 -0.722203434 0.544628739
vn -0.04278972 -0.882038355 0.469230682
vn -0.0222627707 -0.970987976 0.238089517
vn -0.542596102 -0.698029399 0.467273295
vn 0.298245579 -0.954286516 0.0196684469
vn -0.0991534889 -0.994273245 0.0398648009
vn 0.352254927 -0.935896099 0.00386854494
vn 0.243631065 -0.969867408 0.0011194254
vn -0.580951869 -0.432359189 -0.689608812
vn 0.327988118 -0.944681346 -0.000971013214
vn -0.056807518 -0.99837178 -0.00516409706
vn 0.350505471 -0.93640393 -0.01713733
vn 0.293313861 -0.953824639 -0.0646953881
vn 0.419893324 -0.907558024 -0.00529536372
vn 0.833892405 -0.549612224 -0.0504959896
vn -0.00809843652 -0.321196347 -0.946977913
vn 0.969681263 -0.244373262 0
vn 0.929382861 -0.369117141 0
vn 0.829632699 -0.558309495 0
vn 0.773776531 -0.633458734 5.47604031E-06
vn 0.0685379878 -0.288787216 -0.954936922
vn 0.144059777 -0.930019319 -0.338098645
vn 0.068238005 -0.29174453 -0.954059064
vn 0.134286672 -0.971306622 -0.19629176
vn 0.0060880729 -0.331051379 -0.943593144
vn -0.0207455941 -0.957577884 -0.287427068
vn -0.0685659051 -0.289949536 -0.954582632
vn -0.0473871455 -0.98636657 -0.157592475
vn -0.833892286 -0.549612343 -0.0504958145
vn 0.00469431235 -0.250084966 -0.968212426
vn 0.0306874942 -0.21061267 -0.977087736
vn -0.105920576 -0.0553472824 -0.992833138
vn -0.659820735 -0.301366508 -0.688342214
vn -0.95704037 -0.266479313 -0.114290968
vn -0.961442053 -0.253433287 -0.106774077
vn -0.972370565 -0.2334425 -1.05527124E-05
vn -0.82687825 -0.240275204 0.508468449
vn -0.876298547 -0.457345963 -0.151444897
vn -0.713657796 -0.0891298726 0.694800913
vn -0.692778647 -0.0643182546 0.718276262
vn -0.0544375852 0.567708671 0.821427643
vn 0.111611657 0.68364048 0.721234024
vn 0.061048124 0.515714943 0.854582489
vn -0.724760115 -0.671523869 -0.154202819
vn -0.709076345 -0.65691793 0.256260753
vn -0.698382616 -0.392711729 0.598363817
vn -0.0417118482 -0.0386124738 -0.998383284
vn -0.00818999019 -0.180629805 -0.98351711
vn 0.0411303826 -0.0382052474 -0.9984231
vn -0.086958617 -0.149828628 -0.984880447
vn -0.69661504 -0.225807577 0.680983424
vn -0.686913311 -0.54957211 0.475521445
vn -0.418819875 -0.432838231 0.798273742
vn -0.493605405 -0.101696521 0.863719523
vn -0.503942728 -0.0185895395 0.863537073
vn -0.481877029 -0.844713986 0.232922181
vn -0.490115821 -0.859284818 -0.146342367
vn -0.417430282 0.0420670025 0.907734692
vn -0.271293849 0.0801479295 0.959153712
vn -0.0649287552 0.159498796 0.985060632
vn -0.0627276897 0.157766789 0.985482097
vn -0.254038632 0.0131208766 0.96710515
vn 0.630960941 0.112688996 0.767586768
vn -0.36043641 -0.13514702 0.922941387
vn -0.320287853 -0.565568388 0.759965837
vn -0.279054135 -0.834857166 0.474491686
vn -0.274807572 -0.708878517 0.64959383
vn 0.0266229138 -0.821494997 0.569593906
vn -0.0249077044 0.342774749 0.939087331
vn 0.0723368227 0.34968546 0.934070289
vn 0.120209321 0.176629633 0.97690922
vn -0.0552938767 0.151572391 0.986898422
vn 0.484693378 0.121968716 0.866138518
vn 0.705868602 0.122999996 0.697582006
vn 0.705869496 0.122999795 0.697581053
vn -0.00085805956 0.15648903 0.987679303
vn 0.527204692 0.184171841 0.829539597
vn 0.0241005439 0.226581186 0.973694086
vn 0.705867589 0.123002268 0.697582543
vn 0.705866873 0.123003133 0.697583079
vn 0.705871165 0.123007141 0.697578013
vn 0.705863297 0.123002417 0.697586894
vn 0.705877602 0.123007111 0.697571456
vn 0.705870509 0.122994326 0.697580934
vn 0.256599128 0.934520125 0.246635497
vn 0.345068961 0.904502273 0.250605583
vn 0.345064878 0.938572288 0.00352471974
vn 0.0680504814 0.997585297 0.0138813918
vn 0.0895658731 0.995980859 0
vn -0 1 0
vn -0.0623427145 0.998054862 0
vn -0.0466185436 0.998871148 0.00911334623
vn -0.270898134 0.96260339 0.00299344095
vn 0.638516843 0.769607306 0.000954653369
vn -0.256723821 0.936619103 0.238406137
vn 0.599220157 0.7559551 0.263565898
vn -0.343538761 0.90287143 0.258465469
vn -0.542226315 0.840183496 0.00906862784
vn 0.237583712 0.361567825 0.901566744
vn 0.777291536 0.561459839 0.283867449
vn 0.83948791 0.543367863 -0.0033721393
vn 0.277455986 0.267803669 0.922658801
vn 0.899383962 0.313352913 0.304825425
vn 0.965762019 0.259428471 -0.00079467264
vn 0.345028967 0.168531135 0.923337579
vn 0.954386294 0.0632533133 0.291797578
vn 0.999966979 0.0081237983 1.12054886E-05
vn 0.031539388 0.172754198 0.984459877
vn 0.964231849 0.034494292 0.262806147
vn 0.99983561 -0.0181301907 0
vn 0.0479036346 0.155955583 0.986601889
vn 0.917578399 -0.244249284 0.313675165
vn 0.935239375 -0.354016066 8.97290374E-05
vn 0.0339170322 0.144127697 0.988977611
vn 0.765220404 -0.546092391 0.340911627
vn 0.76260829 -0.6468606 -4.09352688E-05
vn 0.540543616 -0.762071252 0.356454939
vn 0.535971105 -0.844236314 0
vn 0.271359205 -0.90244025 0.334612757
vn 0.262026489 -0.965060711 5.67062489E-05
vn 0.0892019123 -0.967053533 0.238433376
vn -0.017836567 -0.88223213 0.470476776
vn 0.060047362 -0.998195589 0
vn -0 -1 0
vn -0.0822005048 -0.996604085 0.00483450945
vn -0.0848483369 -0.967627525 0.237692684
vn 0.017788196 -0.882207096 0.470525622
vn -0.507129788 0.121069998 0.853323758
vn -0.259656936 -0.908801317 0.326586068
vn -0.328075796 -0.944577515 0.011812428
vn -0.499101371 -0.795519948 0.343577981
vn -0.625596583 -0.780044675 0.0126191247
vn -0.705257833 -0.624046803 0.336417824
vn -0.832295716 -0.554282904 0.00736162253
vn 0.00326241436 0.157690629 0.987483144
vn -0.845643461 -0.407790303 0.344375253
vn -0.95985198 -0.280502737 0.00156451506
vn -0.0271117743 0.14545384 0.988993466
vn -0.930967569 -0.160736233 0.32781589
vn -0.999932885 -0.0115906522 5.81263303E-05
vn -0.0397818834 0.155639306 0.987012565
vn 0.0386616178 0.177072987 0.983438075
vn -0.106286138 0.176565692 0.978533566
vn -0.0287663136 0.17277196 0.984541655
vn 0.0632354692 0.157703549 0.985459745
vn 0.271571398 0.0808074698 0.959019959
vn -0.774367332 0.455620944 0.439050019
vn -0.705869377 0.123005703 0.697580159
vn -0.705869853 0.123005614 0.697579682
vn -0.964864492 0.0394430086 0.259770632
vn -0.999919653 0.0126794297 1.30927665E-05
vn -0.954325616 0.0676722378 0.291003644
vn -0.946204603 0.323506474 0.00635778299
vn -0.345161498 0.168394879 0.923312902
vn -0.899842501 0.319427103 0.297068894
vn -0.775313616 0.576834381 0.257198036
vn -0.775400996 0.631361485 0.011660534
vn -0.290709972 0.253434241 0.922636747
vn -0.594211042 0.760169983 0.262782753
vn -0.228993967 0.334789634 0.914044738
vn -0.0331596956 0.231340155 0.972307563
vn -0.500956357 0.18908228 0.844565392
vn -0.705867589 0.12300428 0.697582304
vn -0.705869138 0.123003758 0.697580695
vn -0.658187449 0.126442403 0.742160141
vn -0.705872416 0.123001516 0.697577775
vn -0.705867589 0.122997537 0.697583437
vn -0.705854058 0.122991055 0.697598159
vn 0.284099132 -0.208425656 0.935866654
vn 0.0558998995 0.151234552 0.986916065
vn 0.261311144 0.0357215405 0.96459341
vn 0.493225127 -0.129176483 0.860257089
vn 0.439094514 -0.418891221 0.794812083
vn 0.471997857 -0.454923272 0.75515753
vn 0.378333449 -0.612904608 0.693694174
vn 0.339752167 -0.798164487 0.497495651
vn 0.026682619 -0.89532733 0.444608867
vn 0.504672825 -0.0172551926 0.863138318
vn 0.279660314 0.0883455724 0.95602566
vn 0.666328669 -0.562267065 0.489756972
vn 0.543161094 -0.670981288 0.504737675
vn 0.480899304 -0.844810963 0.23458533
vn 0.167158604 -0.958739698 0.229948267
vn -0.168542057 -0.958464384 0.230085894
vn 0.657472253 -0.207246557 0.724416494
vn 0.715075135 -0.0844757855 0.693924606
vn 0.521024168 0.003735665 0.853533804
vn 0.695380509 -0.392293125 0.602122962
vn 0.709541559 -0.65876174 0.250167668
vn 0.0117009813 0.419165313 0.90783453
vn 0.0127195474 0.64292568 0.765822947
vn 0.713195264 -0.0848677978 0.695808709
vn -0.0924635008 0.516838968 0.851074576
vn 0.8267681 -0.232090801 0.512433887
vn -0.0843228325 0.349811912 0.933017373
vn -0.159262314 0.680396974 0.715328872
vn -0.114179559 0.81605947 0.566577435
vn -0.131160155 0.908646107 0.396433383
vn -0.022010861 0.82608068 0.563121915
vn 0.437571645 0.769806623 0.464681447
vn -0.174989447 0.958938837 0.223192558
vn -0.713086545 0.683197677 0.157316938
vn -0.708902419 0.687509894 0.157440752
vn -0.107126117 0.971027195 0.213612318
vn -0.0408434756 0.975261211 0.217249349
vn 0.224431545 0.912388861 0.342311293
vn -0.0372432731 0.976587117 0.21187377
vn 0.057386823 0.844822884 0.531959534
vn 0.0978384241 0.940617323 0.325064003
vn 0.177755043 0.892057121 0.415496379
vn 0.238694057 0.84056145 0.486293942
vn 0.289909869 0.78878808 0.542001605
vn 0.605493128 0.580820262 0.544082582
vn 0.324370921 0.73932761 0.590066135
vn 0.265618324 0.697612524 0.665419877
vn 0.305715591 0.284370482 0.908664584
vn 0.463345021 0.626151502 0.627093017
vn 0.724158466 0.36536184 0.584897697
vn 0.380063385 0.627578557 0.679482818
vn 0.442345142 0.538752437 0.716991425
vn 0.854013979 0.103671663 0.509815931
vn 0.838290751 -0.157698631 0.52191931
vn 0.510627687 0.0644087866 0.857386112
vn 0.805959046 -0.174655691 0.565619528
vn 0.396402687 -0.218660131 0.891657233
vn 0.500829101 0.611385584 0.612680852
vn 0.271486163 -0.254787683 0.928104758
vn 0.962379098 -0.252367944 -0.100683011
vn 0.972370267 -0.233443901 -8.75374462E-06
vn -0.0564020835 -0.774254024 0.63035661
vn 0.939884901 -0.28572771 -0.187018663
vn 0.183238909 -0.895405591 0.405798495
vn -0.01034474 -0.999941945 -0.00301584904
vn -0.243478566 -0.969904482 0.00186066248
vn 0.580960155 -0.432359844 -0.6896016
vn 0.256617695 -0.866090059 0.428993285
vn -0.0744993165 -0.410431743 0.908842981
vn 0.876298487 -0.45734635 -0.151444584
vn 0.659583151 -0.301404119 -0.688553274
vn 0.10592071 -0.055347193 -0.992833138
vn 0.72505343 -0.670636475 -0.156665489
vn 0.491481632 -0.858514845 -0.146280602
vn -0.135929719 -0.959510624 0.246703178
vn 0.172656834 -0.97399354 -0.146717757
vn 0.259857535 -0.462955743 -0.847434998
vn -0.168774068 -0.974702001 -0.146530658
vn 0.058929313 -0.34768489 -0.935757756
vn -0.0425001569 -0.234902322 -0.971089363
vn -0.0307083596 -0.210681558 -0.977072239
vn -0.514235198 -0.715597749 0.472738981
vn -0.56408155 -0.825702488 0.0052375677
vn -0.992639542 0.121106364 0
vn -0.995885313 0.090622291 -2.99017279E-06
vn -0.972373545 0.233430654 0
vn -0.972369909 0.233445257 -3.81752534E-06
vn -0.133653715 -0.987249076 0.0864631906
vn -0.34264642 -0.939443231 0.00630951673
vn -0.381274849 -0.864367068 0.327870518
vn -0.188558906 -0.30659458 0.932976604
vn -0.411954343 -0.88210088 0.228454933
vn -0.428432792 -0.903563857 0.00419996679
vn -0.425217569 -0.905082881 0.00386185548
vn -0.411453754 -0.870663464 0.269538492
vn -0.323855847 -0.892178655 0.314856619
vn 0.0076936502 -0.999517083 0.0301063713
vn 0.0357029289 -0.999362409 -3.1942393E-06
vn 0.058367338 -0.998295128 0
vn -0.24695529 -0.969026864 3.28490955E-06
vn 0.0277737658 -0.996007681 0.0848358423
vn -0.368964642 -0.92889601 0.0318972021
vn -0.644632339 -0.724680483 0.243489876
vn -0.826029181 -0.563627303 4.19996786E-06
vn -0.0921367779 -0.278905809 0.955888271
vn -0.0541209765 0.00397241488 0.998526454
vn -0.0561893471 0.00455159694 0.998409748
vn -0.0249306299 0.00329490355 0.999683738
vn -0.0241511948 0.00326228607 0.99970299
vn -0.481853724 -0.490364552 0.726195395
vn -0.696045339 -0.717997849 0
vn -0.469783306 -0.475358874 0.743866563
vn -0.497839332 -0.509596825 0.701759994
vn -0.848507822 -0.529025674 0.0128974328
vn -0.899609745 -0.436694741 0
vn -0.905800462 -0.392139345 0.160474792
vn -0.618198872 -0.322307676 0.71690166
vn -0.239654645 -0.342346758 0.908495605
vn 0.0525275953 0.0794803649 0.99545151
vn -0.162603661 -0.0164550785 0.986554265
vn -0.155469552 0.114413559 0.981192589
vn -0.0611761473 0.0372143462 0.997433007
vn -0.0515653156 -0.0712343156 0.996125877
vn -0.00595465256 0.0681487545 0.997657418
vn 0.29224515 0.226397485 0.929159284
vn 0.483440846 0.295324773 0.82405591
vn 0.438653558 0.105107866 0.892488301
vn 0.352611691 0.304515779 0.884836197
vn 0.222387955 0.257130742 0.940439999
vn 0.697958231 0.580148518 0.419859558
vn 0.747460902 0.664305687 -6.98614749E-05
vn 0.0406993777 0.437950909 0.89807725
vn 0.747442365 0.664326668 1.11542604E-05
vn 0.209076717 0.857911766 0.469334036
vn 0.188349202 0.553599 0.811204493
vn 0.225096315 0.794436455 0.564094245
vn 0.279028714 0.607073545 0.744046092
vn 0.205667853 0.490573674 0.846781075
vn 0.210590065 0.35505724 0.910816193
vn 0.74745363 0.664313912 0
vn 0.747447908 0.664320409 0
vn 0.142178372 0.68915391 0.710529566
vn 0.144579858 0.836216688 0.52899754
vn 0.278140098 0.186088532 0.94234246
vn 0.0902024359 0.0653060377 0.993779957
vn 0.199034661 -0.61157459 0.76574266
vn -0.601212323 -0.633256435 0.487370551
vn 0.0715280548 -0.997065842 0.0272657219
vn -0.696051121 -0.717992127 0
vn 0.119079135 -0.992815852 0.0116938343
vn 0.195196584 -0.822398901 0.534376502
vn 0.199777216 -0.0313781761 0.979338825
vn -0.143331423 -0.273751199 0.951060653
vn -0.0946714059 -0.150749251 0.984028399
vn -0.0699774995 -0.172084153 0.982593596
vn -0.0383155979 -0.193455219 0.980360687
vn -0.0464257859 -0.167865977 0.984716058
vn -0.0444443859 -0.162225679 0.985752285
vn -0.0444267392 -0.165101498 0.985275507
vn -0.0273564402 -0.205811918 0.978209138
vn -0.032486096 -0.0966141969 0.994791627
vn -0.0404694565 -0.0674767643 0.996899843
vn -0.043254979 -0.0631824955 0.997064173
vn -0.0365152732 -0.0746755451 0.996539116
vn -0.0353260152 -0.0756645501 0.996507347
vn 0.0780177265 0.28263703 0.956048846
vn -0.0300456155 -0.0799437165 0.996346414
vn 0.23881641 0.482829779 0.842521191
vn 0.146078423 0.218895614 0.964751601
vn -0.0269727279 -0.0818842351 0.996276796
vn 0.343399942 0.324832022 0.881226838
vn 0.206499442 0.150663525 0.966777444
vn -0.024553502 -0.0833410323 0.996218503
vn 0.427579701 0.167998195 0.888229787
vn 0.260187954 0.0746059418 0.96267128
vn -0.0208236817 -0.0856709778 0.99610585
vn 0.487589389 -0.00725034159 0.87304306
vn 0.313000172 -0.0168913975 0.949602842
vn -0.0305345468 -0.0612461008 0.997655511
vn -0.0414028093 -0.00982714817 0.999094248
vn -0.0668958127 -0.00447377609 0.997749865
vn -0.245764494 0.144860417 -0.958444178
vn -0.24448052 0.135818958 -0.960095108
vn -0.244209811 0.14472501 -0.958862007
vn -0.0101105589 0.00563160144 -0.999933004
vn -0.103007257 0.0560868047 -0.99309808
vn -0 0 -1
vn -0.1857429 0.101105377 -0.977382839
vn -0 0 -1
vn -0.18509239 0.10079924 -0.97753793
vn -0.182884455 0.0999118164 -0.97804445
vn -0.179069132 0.0985939652 -0.978883743
vn -0.177392423 0.0980704799 -0.979241669
vn -0 0 -1
vn -0 0 -1
vn -0 0 -1
vn -0 0 -1
vn -0 0 -1
vn -0 0 -1
vn -0.197197571 -0.31141901 0.929586589
vn -0.20003213 -0.315612048 0.927564621
vn -0.199836314 -0.315322489 0.927705288
vn -0.188843504 -0.299057662 0.935362339
vn -0.0819862187 -0.127622858 0.988428414
vn -0.0810887963 -0.128121689 0.988437831
vn -0.0793977901 -0.128212616 0.988563299
vn -0.0797506943 -0.127108485 0.988677561
vn -0.0834510252 -0.127521232 0.98831892
vn -0.0877263099 -0.121511541 0.988705814
vn -0.07887128 -0.127047703 0.988755882
vn -0.0788243264 -0.127023757 0.988762677
vn -0.0792541355 -0.126861855 0.988749146
vn -0.0800573826 -0.126485705 0.988732576
vn -0.0870040134 -0.120875373 0.988847494
vn -0.0846160725 -0.118243605 0.98937279
vn -0.0838644281 -0.117650948 0.989507496
vn -0.0900905952 -0.113497175 0.989445388
vn -0.0909155086 -0.112750866 0.989455163
vn -0.0915205777 -0.112075888 0.989476085
vn -0.0919516832 -0.111462913 0.989505351
vn -0.0920421481 -0.111438833 0.989499629
vn -0.0913346037 -0.113821574 0.989294052
vn -0.0924977139 -0.111452274 0.98945564
vn -0.0920230448 -0.11307922 0.989315391
vn -0.0926863626 -0.111718804 0.989408016
vn 0.0763123333 0.0973995328 -0.992315292
vn 0.0781471804 0.0968321636 -0.992228091
vn 0.0718338862 0.0988571048 -0.992505491
vn 0.0677074268 0.100412719 -0.992639422
vn 0.0658342242 0.101159729 -0.99268955
vn -0.75958401 -0.650409162 0
vn -0.75958401 -0.650409222 0
vn -0.916861534 -0.399205387 0
vn -0.924979031 -0.380018175 0
vn -0.961794257 -0.273773253 0
vn 2.28375739E-05 0.174028426 0.984740674
vn 0.00863084383 0.173566073 0.984784365
vn 0.00649286248 0.17432183 0.984667301
vn 0.00438271509 0.17548044 0.984473169
vn 0.00265666936 0.176721677 0.984257221
vn 0.000331777934 0.178918675 0.983863831
vn -9.81860794E-05 0.179144412 0.983822763
vn -2.48473734E-05 0.174141318 0.984720707
vn -0.0028657557 0.176533401 0.984290481
vn -0.00508372998 0.17503579 0.984548926
vn -0.00747882528 0.173924968 0.984730482
vn -0.0091763027 0.173458174 0.984798491
vn -4.37686867E-05 0.172852218 0.984947741
vn 4.0975603E-05 0.172940493 0.984932244
vn -6.78408251E-05 0.168903396 0.985632658
vn -0.00388701772 0.172566831 0.98499006
vn -0.00267171394 0.170857206 0.985292137
vn -0.00181905471 0.169090286 0.985598803
vn -0.00142599759 0.167702883 0.985836506
vn 0.000248851866 0.169047117 0.985607982
vn 0.00404717214 0.172733724 0.984960258
vn 0.00304097543 0.171405941 0.985195756
vn 0.00214322656 0.169845313 0.985468447
vn 0.0015137851 0.168123811 0.985764682
vn -0 0 -1
vn -0 0 -1
vn -0 0 -1
vn -0 0 -1
vn -0 0 -1
vn -0 0 -1
vn -0 0 -1
vn -0 0 -1
vn -0 0 -1
vn -0 0 -1
vn -0 0 -1
vn -0 0 -1
vn -0 0 -1
vn -0 0 -1
vn -0 0 -1
vn -0 0 -1
vn -0 0 -1
vn -0 0 -1
vn -0 0 -1
vn -0 0 -1
vn -0 0 -1
vn -0 0 -1
vn -0 0 -1
vn -0 0 -1
vn -0 0 -1
vn -0 0 -1
vn -0 0 -1
vn -0 0 -1
vn -0 0 -1
vn -0 0 -1
vn -0 0 -1
vn -0 0 -1
vn -0 0 -1
vn -0 0 -1
vn 0.187391937 -0.0718440115 -0.979654372
vn 0.167892292 -0.0627670586 -0.98380512
vn 0.162669361 -0.0614664406 -0.984764159
vn 0.182677612 -0.067472361 -0.980854869
vn 0.189226463 -0.0719872117 -0.979291141
vn 0.190102383 -0.0838063881 -0.978180707
vn 0.203086957 -0.093645297 -0.974672318
vn 0.22799477 -0.125858471 -0.96549356
vn 0.0689811334 -0.034914881 -0.997006834
vn 0.22366944 -0.0945889577 -0.970064342
vn 0.219276041 -0.0951245949 -0.9710145
vn 0.216564432 -0.0960674882 -0.971530139
vn 0.210672632 -0.0994688347 -0.97248286
vn 0.19469814 -0.110932469 -0.974569976
vn 0.187547982 -0.116177745 -0.975360692
vn 0.0859009475 -0.0481777005 -0.995138228
vn 0.24909775 -0.128447518 -0.959922671
vn 0.237449005 -0.127555236 -0.962988913
vn 0.248411521 -0.124964774 -0.960560024
vn 0.231437653 -0.103720918 -0.967304766
vn 0.238698274 -0.107566886 -0.965117931
vn 0.229450375 -0.0983645469 -0.968337178
vn 0.229304388 -0.0976735055 -0.968441665
vn -0 0 -1
vn -0 0 -1
vn -0 0 -1
vn -0 0 -1
vn -0 0 -1
vn -0 0 -1
vn -0 0 -1
vn -0 0 -1
vn 0.127214223 0.0303359721 -0.991411209
vn -0 0 -1
vn 0.423704803 0.0454807281 -0.904657841
vn -0 0 -1
vn -0 0 -1
vn -0 0 -1
vn -0 0 -1
vn -0 0 -1
vn -0 0 -1
vn -0 0 -1
vn -0 0 -1
vn -0 0 -1
vn -0 0 -1
vn -0 0 -1
vn 0.211892813 0.163041562 -0.96359688
vn 0.624357522 0.0798410252 -0.777047753
vn 0.58166945 0.0820797458 -0.809273422
vn 0.504413247 0.0366453044 -0.862684369
vn 0.660396039 -0.00417288113 -0.750905991
vn 0.512931466 0.0283506792 -0.857961357
vn 0.341322124 -0.052816458 -0.938461304
vn 0.202499926 -0.118140265 -0.972129881
vn 0.315224916 -0.104623273 -0.943232298
vn 0.207005754 -0.113676295 -0.971713126
vn 0.198645294 -0.111327074 -0.973728061
vn 0.151693106 -0.0972673595 -0.983630121
vn -0.184941441 0.133961976 0.973576307
vn -0.186809987 0.136310354 0.972893298
vn -0.182912186 0.130006671 0.974495471
vn -0.183961481 0.135665596 0.97352612
vn -0.182986513 0.135341272 0.973755002
vn -0.181847334 0.135890067 0.973891854
vn -0.181209922 0.136089534 0.97398293
vn -0.181273237 0.13609463 0.973970354
vn -0.195069 0.138941392 0.970898211
vn -0.183174863 0.136189997 0.973601162
vn -0.181674823 0.136266276 0.973871529
vn -0.18307291 0.136442199 0.973585129
vn -0.198014334 0.139608949 0.970206022
vn -0.195809439 0.142794058 0.970189989
vn -0.196673632 0.142119557 0.970114231
vn -0.199556127 0.139605314 0.969890594
vn -0.197660863 0.14170295 0.969974458
vn -0.200255498 0.139439136 0.969770312
vn -0.198608428 0.141264811 0.969844759
vn -0.200814366 0.139353782 0.969667017
vn -0.199497327 0.14080745 0.969728947
vn -0.201154545 0.139382452 0.969592392
vn -0.200279787 0.140348434 0.969634116
vn -0.201137364 0.139613971 0.969562709
vn -0.996445596 -0.00613518804 -0.0840150118
vn -0.949855149 0.312360466 0.0143593075
vn -0.977969766 0.12663652 0.165946528
vn -0.995526016 0.0940612629 0.00896432623
vn -0.999215364 -0.0388846472 0.0075286529
vn -0.966498733 0.256671369 0
vn -0.991782665 -0.127708122 0.00759336445
vn -0.857285082 0.487253368 -0.166272119
vn -0.829226077 0.555393398 -0.0626278594
vn -0.595791817 0.134901717 -0.791728258
vn -0.985286593 -0.162030995 -0.0543723218
vn -0.699006021 -0.715112209 -0.00225807843
vn -0.524577379 -0.851291001 -0.0110578192
vn -0.799845636 -0.600205719 -0.000247849472
vn -0.629933417 -0.291368723 -0.719922364
vn -0.0636498034 -0.104870461 -0.992446899
vn -0.395557642 -0.775779843 -0.491629779
vn -0.836394608 0.54812777 -3.47769746E-05
vn -0.969161034 0.246397108 0.00391031522
vn -0.877772272 0.358911812 -0.317329645
vn -0.919915378 0.00764629617 -0.392042488
vn -0.930661201 -0.00611712178 -0.365831017
vn -0.932337523 -0.00645125471 -0.361531615
vn -0.962022603 0.272902369 0.00606701942
vn -0.947006583 0.320154399 -0.0260682311
vn -0.945381463 0.325426966 0.0187367667
vn -0.934053063 0.355127394 0.0378082767
vn -0.938241303 0.345941156 0.00527899852
vn -0.940605879 0.339067698 -0.01713988
vn -0.747656822 0.664085329 -7.20725366E-05
vn -0.756203532 0.651678979 -0.0589134507
vn -0.484244496 0.874932706 -0.000204469296
vn -0.495585382 0.866413593 -0.0610133
vn -0.165864989 0.986148357 -0.000560581335
vn -0.631046772 0.0736703277 -0.772238672
vn -0.00567164784 0.00793955754 -0.999952435
vn -0.609147429 0.534985304 -0.585431635
vn 0.0555763133 -0.0925425068 -0.99415648
vn 0.311994374 -0.116522126 -0.942911565
vn 0.162471011 -0.233804137 -0.958612919
vn 0.152983934 -0.600169003 -0.785107017
vn 0.18205896 -0.241061941 -0.953280509
vn -0.39139533 0.705902517 -0.590348542
vn -0.206336454 0.692406058 -0.691374779
vn -0.0336931683 0.497731298 -0.866676629
vn 0.428563386 0.0179125611 -0.903334081
vn -0.0129762348 0.650523603 -0.759375155
vn 0.825215936 -0.327272177 -0.460338682
vn -0.825737178 0.492143691 -0.275595218
vn -0.155304313 0.0903698131 -0.983724475
vn -0.226359278 -0.0250259172 -0.973722339
vn -0.0488143228 -0.0972943529 -0.994057775
vn -0.0882449821 0.0107699363 -0.996040583
vn -0 -0.139173076 -0.990268171
vn -0.0314141884 0.0139888283 -0.999408484
vn 0.590770423 -0.563456655 -0.577500522
vn 0.908915341 -0.231862277 -0.346572638
vn -0.194303855 0.978924513 -0.0628706664
vn 0.016044857 -0.00614754483 -0.999852419
vn 0.369659811 -0.648357213 -0.665570796
vn 0.106717899 0.992735267 -0.0555704273
vn 0.17171523 0.985146105 -0.00105199649
vn 0.372607291 0.925853848 -0.0629155114
vn 0.489717871 0.871880054 -0.00125349057
vn 0.610566914 0.789442658 -0.06315431
vn 0.687832355 0.725850344 -0.00529681798
vn 0.0395457968 -0.0557988137 -0.99765861
vn -0.197962791 -0.553492308 -0.808985233
vn 0.717035413 0.694826245 -0.055468414
vn 0.249392614 0.200359166 -0.947448969
vn 0.841443777 0.539653659 -0.0273198672
vn 0.906022847 0.423098058 -0.0105235679
vn -0.224534422 0.124594785 -0.966468036
vn -0.100524321 -0.506439149 -0.856396139
vn 0.233447567 0.268920779 -0.934443116
vn 0.637355387 0.767369926 -0.0701539442
vn 0.885278702 0.423689336 -0.191752449
vn 0.900031328 0.435825258 0
vn 0.685191333 0.695368171 -0.216739371
vn 0.70187515 0.712300003 0
vn 0.448294759 0.867211401 -0.216739789
vn 0.459210515 0.888327479 0
vn 0.129355222 0.279637337 -0.951351762
vn 0.171110168 0.961116672 -0.216739729
vn 0.645203531 0.302897394 -0.701402724
vn 0.175276592 0.984519243 0
vn 0.549512982 0.785557866 -0.284489483
vn 0.156875864 0.074176684 -0.98482877
vn -0.32325083 0.0228980239 -0.94603622
vn -0.350888252 -0.163076326 -0.922108173
vn -0.121451356 0.968645215 -0.216739744
vn -0.124405593 0.992231488 0
vn -0.403104722 0.889117837 -0.216739774
vn -0.392611623 0.919704258 0.000370058755
vn 0.46231845 0.882248521 -0.0888766944
vn -0.612377942 0.726450026 -0.311871231
vn -0.644055307 0.695135415 -0.319342256
vn -0.635491669 0.772106647 0.00130783021
vn -0.553804636 0.832645357 -0.00150383427
vn -0.680286407 0.732946455 0
vn -0.402558744 0.915393174 0.00134044851
vn -0.372745454 0.927921832 -0.00467909779
vn -0.0991510004 0.995065153 0.00380168809
vn -0.035099294 0.99935919 -0.00702715246
vn 0.214037389 0.976809204 0.00563412858
vn 0.306709021 0.95176369 -0.00869078189
vn 0.50617075 0.862406135 0.00684089353
vn 0.61196959 0.790822208 -0.00966966245
vn 0.748483241 0.663112044 0.00742462697
vn 0.788745701 0.614684284 -0.00659071468
vn 0.888075531 0.459683299 0.003626663
vn 0.882510126 0.46777606 0.0485955179
vn 0.90875268 0.417315632 0.00402810704
vn 0.900181532 0.435227334 0.0158241764
vn 0.874964118 0.482578099 0.0394479297
vn 0.911231637 0.411794186 0.009083624
vn 0.918777347 0.394728899 0.00611345004
vn 0.906417251 -0.422382176 0.00106049352
vn 0.859897971 0.509539485 0.0307425559
vn 0.877374768 0.479741335 0.00786563568
vn 0.886648118 0.462444812 0
vn 0.888473451 -0.45891729 -0.00316232373
vn 0.749327898 -0.662193954 0.00261603622
vn 0.700171888 -0.713966966 -0.00322995358
vn 0.531328619 -0.847160339 0.00303182751
vn 0.471547812 -0.881837964 -0.00214011711
vn 0.269986033 -0.96286124 0.00238563563
vn 0.218832165 -0.975762308 -0.00057364098
vn 0.0790352896 -0.996871531 0.00071780337
vn 0.13218908 -0.991156816 0.0115901381
vn 0.095520705 -0.995393872 0.0081747314
vn 0.177598596 -0.984061301 0.00905643869
vn 0.141804919 -0.989802182 0.0135304853
vn 0.240379274 -0.970679104 0
vn -0 0 -1
vn -0 0 -1
vn -0 0 -1
vn 0.0997313932 -0.0665732622 -0.992784858
vn -0 0 -1
vn 0.101363875 -0.0723889098 -0.992212296
vn 0.107199036 -0.0720392168 -0.991624296
vn 0.117956422 -0.0729651675 -0.99033457
vn 0.139179721 -0.0839050189 -0.986706078
vn 0.142894119 -0.0911641046 -0.985530496
vn 0.14460057 -0.0932535529 -0.985085964
vn 0.0990796238 -0.0675446689 -0.9927845
vn 0.0973995328 -0.0763123259 -0.992315412
vn 0.0988571122 -0.0718338564 -0.992505491
vn 0.100412726 -0.0677073747 -0.992639422
vn 0.101159699 -0.0658342466 -0.99268955
vn 0.113598876 -0.058384873 -0.991809785
vn 0.127435088 -0.0553345717 -0.990302145
vn 0.0477252938 -0.0223086365 -0.998611331
vn 0.0554353036 -0.0260155741 -0.998123229
vn -0 0 -1
vn -0 0 -1
vn 0.13117896 -0.036422804 -0.990689397
vn -0 0 -1
vn 0.135820225 -0.0316794552 -0.990226865
vn 0.131829679 -0.042787917 -0.990348458
vn -0 0 -1
vn -0 0 -1
vn -0 0 -1
vn -0 0 -1
vn -0 0 -1
vn -0 0 -1
vn -0 0 -1
vn -0 0 -1
vn -0 0 -1
vn -0 0 -1
vn -0 0 -1
vn -0 0 -1
vn -0 0 -1
vn -0 0 -1
vn -0 0 -1
vn -0 0 -1
vn -0 0 -1
vn -0 0 -1
vn -0 0 -1
vn -0 0 -1
vn -0 0 -1
vn -0 0 -1
vn -0 0 -1
vn -0 0 -1
vn -0 0 -1
vn -0 0 -1
vn -0 0 -1
vn -0 0 -1
vn -0 0 -1
vn -0 0 -1
vn 0.0415692553 -0.145354137 -0.988506079
vn 0.023034988 -0.0438060313 -0.998774469
vn -0.00794163998 -0.0114165228 -0.999903321
vn -0 0 -1
vn -0.229801774 -0.560401201 -0.795701981
vn -0.156536371 -0.270041794 -0.950038791
vn -0.0265587512 -0.0341097564 -0.99906522
vn -0.235521182 -0.805407465 -0.543919623
vn 0.5213148 -0.834668756 -0.177648127
vn -0.317059308 -0.902744412 -0.290733546
vn -0.208526999 -0.233288229 -0.949785829
vn -0.434732437 -0.413379282 -0.800078273
vn -0.473935992 0.121800587 -0.87209475
vn -0.331148952 0.00158518832 -0.943577111
vn -0.717483759 -0.427565426 -0.549913406
vn -0.47338593 0.109942429 -0.873966992
vn -0 0 -1
vn -0.805670381 -0.518773615 -0.285953104
vn -0 0 -1
vn -0 0 -1
vn -0 0 -1
vn -0 0 -1
vn -0 0 -1
vn -0 0 -1
vn -0 0 -1
vn -0 0 -1
vn -0.754722238 -0.582394719 -0.302011132
vn -0.983397543 0.0620133355 -0.170539662
vn -0 0 -1
vn -0 0 -1
vn -0 0 -1
vn -0 0 -1
vn -0 0 -1
vn -0 0 -1
vn -0 0 -1
vn -0 0 -1
vn -0.803715348 0.595013916 0
vn -0.803715467 0.595013916 0
vn -0.87585634 -0.478067011 -0.0657843947
vn -0.768525243 -0.249897346 -0.58899945
vn -0.472542137 -0.649679542 -0.595500231
vn -0.625307739 -0.384947687 -0.678826571
vn -0.750381768 -0.658899307 -0.0527158491
vn -0.398154408 -0.868626654 -0.294891357
vn -0.755558431 -0.655080914 -0.000730995846
vn -0.751357019 -0.659895897 0
vn -0.755476713 -0.655175447 0
vn -0.751357019 -0.659895897 0
vn -0.755286992 -0.655393958 -0.000528996112
vn -0.755860031 -0.654733241 0
vn -0.756635725 -0.653835416 0.0012002578
vn -0.753889441 -0.653432906 -0.0683819875
vn -0.838750362 -0.544515491 0.000923847081
vn -0.66350925 -0.398903638 -0.632954538
vn -0.217251942 -0.136120528 -0.966577828
vn -0.124594815 -0.224534437 -0.966468036
vn -0.87315011 -0.479529679 -0.0875224397
vn -0.329019338 -0.223478079 -0.917498708
vn -0.540129125 -0.483674437 -0.688708603
vn -0.954035163 -0.28454724 -0.0940735936
vn -0.995379806 -0.0457107872 -0.084436439
vn -0.984392762 0.175856546 0.00673991581
vn -0.99815625 0.0606929846 -0.000738665578
vn -0.785557866 0.549512982 -0.284489483
vn -0.882248521 0.46231845 -0.0888766944
vn -0.546028495 -0.836040735 -0.0537478328
vn -0.467361808 -0.882446051 -0.0534968264
vn -0.420256734 -0.90621978 -0.0463682599
vn -0.456584215 -0.0137054622 -0.889574647
vn -0.44782269 0.125772461 -0.88523221
vn -0.4201608 0.19304648 -0.88667804
vn -0.268920749 0.233447567 -0.934443116
vn -0.767369926 0.637355387 -0.0701539442
vn -0.30377087 -0.181322962 -0.935331523
vn 0.453633666 -0.880224943 -0.139357388
vn 0.803714991 -0.595014453 0
vn 0.803714991 -0.595014513 0
vn -0.200359166 0.249392614 -0.947448969
vn -0.539653659 0.841443777 -0.0273198672
vn -0.694826245 0.717035413 -0.055468414
vn -0.423689336 0.885278702 -0.191752449
vn -0.302897394 0.645203471 -0.701402724
vn -0.279637277 0.129355162 -0.951351762
vn -0.0741766989 0.156875879 -0.98482877
vn -0.0228980035 -0.32325083 -0.94603622
vn -0.695368171 0.685191333 -0.216739371
vn 0.163076326 -0.350888252 -0.922108173
vn 0.388901055 -0.868007183 -0.308738649
vn 0.402669549 -0.866416097 -0.29526329
vn 0.421459973 -0.906846941 0
vn 0.408839583 -0.912606239 0
vn 0.109424517 -0.945370495 -0.307084531
vn 0.114980012 -0.993367732 0
vn -0.193340853 -0.931836128 -0.307084262
vn -0.203156918 -0.979146183 0
vn -0.476502925 -0.823798716 -0.307084203
vn -0.500695348 -0.865623534 0
vn -0.695135355 -0.644055545 -0.319341838
vn -0.742192864 -0.670186341 0
vn -0.735631645 -0.626155853 -0.258408338
vn -0.761948526 -0.647637546 0
vn -0.74745363 -0.664314032 0
vn -0.747453511 -0.664314151 0
vn -0.910767138 -0.412920266 0
vn -0.889117837 -0.403104872 -0.21673958
vn -0.992231071 -0.124408558 0
vn -0.968645215 -0.121451356 -0.216739744
vn -0.984519243 0.175276592 0
vn -0.961116672 0.171110168 -0.216739729
vn -0.888327479 0.459210515 0
vn -0.867211401 0.448294759 -0.216739789
vn -0.712300003 0.70187515 0
vn -0.435825258 0.900031328 0
vn -0.423098058 0.906022847 -0.0105235679
vn -0.725850344 0.687832355 -0.00529681798
vn -0.789442658 0.610566914 -0.06315431
vn -0.871880054 0.489717871 -0.00125349115
vn 0.0557988212 0.0395457968 -0.99765861
vn -0.925853848 0.372607291 -0.0629155114
vn -0.985146105 0.17171523 -0.00105199649
vn 0.00614753412 0.016044857 -0.999852419
vn -0.992735267 0.106717899 -0.0555704273
vn 0.553639591 -0.180888116 -0.812873065
vn -0.986148357 -0.165864989 -0.000560581335
vn -0.978924513 -0.194303855 -0.0628706664
vn -0.866413593 -0.495585382 -0.0610133
vn -0.874932706 -0.484244496 -0.000204469776
vn 0.503293455 -0.10345342 -0.857900441
vn -0.0139888246 -0.0314141922 -0.999408484
vn -0.651678979 -0.756203532 -0.0589134507
vn -0.664085329 -0.747656822 -7.20730095E-05
vn -0.0107699288 -0.0882449821 -0.996040583
vn -0.339067698 -0.940605879 -0.0171398818
vn -0.345941156 -0.938241303 0.00527899852
vn -0.320154399 -0.947006583 -0.0260682292
vn -0.355127424 -0.934053063 0.0378082618
vn -0.325426966 -0.945381463 0.0187367387
vn -0.272902369 -0.962022603 0.00606701663
vn -0.555393398 -0.829226077 -0.0626278892
vn -0.246397108 -0.969161034 0.00391031289
vn -0.54812777 -0.836394608 -3.47769746E-05
vn 0.097294338 -0.0488143265 -0.994057775
vn 0.139173076 0 -0.990268171
vn 0.327272266 0.825215936 -0.460338652
vn 0.563456655 0.590770423 -0.577500582
vn 0.0250259172 -0.226359293 -0.973722339
vn -0.492143691 -0.825737178 -0.275595218
vn -0.705902457 -0.39139539 -0.590348482
vn -0.487253368 -0.857285082 -0.166272119
vn -0.358911812 -0.877772272 -0.317329645
vn -0.00764629385 -0.919915378 -0.392042488
vn 0.00611712178 -0.930661201 -0.365831047
vn 0.00645125424 -0.932337523 -0.361531675
vn -0.0903698131 -0.155304313 -0.983724475
vn -0.312360466 -0.949855149 0.0143593065
vn -0.256671369 -0.966498733 0
vn -0.0940612629 -0.995526016 0.00896432437
vn 0.00613518152 -0.996445596 -0.084014982
vn 0.0388846323 -0.999215364 0.00752864638
vn -0.12663652 -0.977969766 0.165946528
vn 0.127708107 -0.991782665 0.00759335887
vn -0.134901702 -0.595791817 -0.791728258
vn -0.650523603 -0.0129762348 -0.759375155
vn 0.16203101 -0.985286593 -0.0543722734
vn 0.715112388 -0.699005902 -0.00225808681
vn 0.85129112 -0.524577141 -0.011057809
vn 0.291368395 -0.629934013 -0.719922066
vn 0.104870446 -0.0636498109 -0.992446899
vn 0.775779843 -0.395557731 -0.49162963
vn -0.00793957431 -0.00567165948 -0.999952435
vn 0.0925425142 0.0555763282 -0.99415648
vn 0.116943002 0.310956061 -0.943202257
vn 0.233803928 0.162471235 -0.958612919
vn 0.600169003 0.152984083 -0.785107017
vn -0.0736703202 -0.631046772 -0.772238672
vn -0.534985304 -0.609147429 -0.585431635
vn -0.692406058 -0.206336454 -0.691374779
vn -0.497731298 -0.0336931683 -0.866676629
vn -0.017912548 0.428563386 -0.903334081
vn 0.231862292 0.90891546 -0.346572608
vn 0.370510012 0.901316226 -0.224391237
vn 0.458182335 0.823707461 -0.334028214
vn 0.0821024626 0.852385879 -0.516427696
vn 0.0256587155 0.991938651 -0.124094278
vn 0.0580466315 0.575938821 -0.815429449
vn -0.123051628 0.981025755 -0.149822474
vn 0.233261004 0.201078147 -0.9513973
vn 0.482574701 0.848501384 -0.217179954
vn 0.693915486 0.617655754 -0.370111853
vn 0.763835967 0.508390844 -0.397609502
vn 0.648357213 0.369659811 -0.665570796
vn 0.820935428 0.390459657 -0.416660726
vn 0.997455537 -0.0712663606 0.00190847064
vn 0.669027507 0.17915909 -0.721321225
vn 0.866062164 0.249854758 -0.433023095
vn 0.644758582 0.00140367623 -0.764384925
vn 0.604244471 -0.167085752 -0.779083371
vn 0.71976918 0.151832238 -0.677406371
vn 0.532782018 0.0294447243 -0.845740139
vn 0.400722593 0.0837188959 -0.912366509
vn 0.570006371 0.290224791 -0.768675685
vn 0.460866541 0.550323129 -0.696237385
vn 0.379077911 0.618937433 -0.687907338
vn 0.275482267 0.70495975 -0.653560519
vn 0.416334301 0.805164814 -0.422345102
vn -0.246281132 -0.226774514 -0.942294478
vn 0.463796109 0.781396151 0.417508274
vn 0.256571442 0.84367466 -0.471576244
vn 0.335687518 0.706780136 -0.622716486
vn 0.345491707 0.810453176 0.473076165
vn 0.455832779 0.761955142 -0.460044295
vn 0.651964962 0.598412991 -0.465664834
vn 0.619429469 0.681531966 0.389642537
vn 0.361821741 0.745830119 0.55930537
vn 0.746360838 0.573043346 0.338476896
vn 0.0363933481 0.221412867 0.974500775
vn -0.204980969 -0.102064982 -0.973429799
vn 0.546526313 0.573812664 -0.609957337
vn -0.276764333 0.074166365 -0.958071411
vn -0.693083823 -0.0871581063 -0.715568542
vn -0.38602519 0.0296842903 -0.922010601
vn -0.459520936 -0.886833787 -0.0486444943
vn 0.74148196 0.473693609 -0.475204051
vn 0.798105299 0.415416002 -0.436414361
vn 0.606317282 0.502080739 -0.616680026
vn 0.63025564 0.313122541 -0.710445106
vn 0.622983575 0.122619614 -0.772564411
vn -0.445722371 -0.895162284 -0.00400123186
vn -0.456143081 -0.889902294 -0.00272094691
vn -0.564289033 -0.825577259 0
vn -0.564289093 -0.825577259 0
vn -0.989833593 -0.142230302 9.15342607E-05
vn -0.993049741 -0.117650948 -0.00322576053
vn -0.921426237 -0.388553351 0
vn -0.949536145 -0.313007563 -0.0201828126
vn -0.938535631 -0.344385386 -0.0234414544
vn -0.91902405 -0.350829393 0.179759443
vn -0.755467236 -0.394599736 -0.523029923
vn -0.611714661 -0.604872704 0.509837449
vn -0.593057573 -0.805160105 1.18921589E-05
vn -0.229919598 -0.815791607 0.530679882
vn -0.228866279 -0.973457575 -0.000726088183
vn -0.4503977 -0.497888923 0.741113007
vn -0.715259314 -0.245354772 0.654373765
vn -0.0126722921 -0.813635588 0.581237078
vn 0.0595317669 -0.998226106 -0.000828936114
vn 0.363734245 -0.931498706 0.00275642751
vn -0.17000556 -0.592149258 0.787691116
vn 0.287287027 -0.706474602 0.646807373
vn 0.650507927 -0.759372771 0.0138750989
vn 0.0603406392 -0.569705606 0.819630802
vn 0.594039857 -0.491930991 0.636490762
vn 0.859373689 -0.511253655 0.00982429367
vn 0.776976347 -0.279204279 0.564227641
vn 0.977394581 -0.211382046 0.0041847406
vn 0.89400357 -0.0474291891 0.445542514
vn 0.994096994 0.108486623 -0.00134383712
vn 0.936392963 0.217962161 0.275065005
vn 0.930357277 0.366639465 -0.00328919175
vn 0.916612864 0.348519087 0.195845053
vn 0.933050573 0.328779995 0.146015152
vn 0.849906802 0.512084186 0.124211147
vn 0.944169521 0.31303364 0.102731965
vn 0.774810255 0.632193923 0
vn 0.483737975 0.868700922 0.106565356
vn 0.490799487 0.871272564 -2.14241154E-05
vn 0.813696682 0.558699846 0.160475194
vn 0.912869334 0.340233058 0.225634798
vn 0.462243944 0.874565005 0.146514848
vn 0.403316826 0.905428529 0.132418811
vn 0.331872463 0.943323791 0.000838492415
vn 0.414196491 -0.0457544774 0.909036815
vn 0.262911946 0.940267026 0.216275841
vn 0.201325014 0.914315522 0.351419091
vn 0.155539006 0.987829208 0.00104561436
vn 0.353183538 -0.146223456 0.924056292
vn 0.0591961369 0.946314931 0.317779452
vn -0.0596484169 0.998219192 0.000593874021
vn -0.0823118314 0.459085763 0.88457042
vn 0.0994658321 -0.0155262128 0.994919837
vn -0.162344337 0.897049844 0.411030203
vn -0.277607083 0.960693657 0.00139135006
vn 0.068990238 -0.0855436847 0.993942916
vn -0.385903805 0.785528004 0.483760387
vn -0.521811247 0.853056848 0.0026378918
vn -0.18097277 0.497683048 0.848269105
vn -0.586416304 0.619017005 0.522430778
vn -0.731664717 0.681654036 0.00380615192
vn -0.284702927 0.441700131 0.850790918
vn -0.116340399 0.0746385083 0.99040097
vn -0.747699976 0.410612077 0.521864414
vn -0.888011038 0.459799021 0.00460238382
vn -0.202384368 0.17781502 0.963027716
vn -0.314363718 -0.242904305 0.917699814
vn -0.101007231 0.0721187294 0.992268384
vn -0.0983188227 0.0587925166 0.993416786
vn -0.126503155 0.0801973939 0.988719046
vn -0.126172557 0.0794693828 0.988820136
vn -0.126272127 0.0800933838 0.988756955
vn -0.108772151 0.078275919 0.99097997
vn -0.126400724 0.0828188658 0.988515973
vn -0.839362919 0.225858465 0.494426876
vn -0.979283035 0.2024827 0.0023461415
vn -0.491427541 0.287471652 0.822106421
vn -0.540915072 0.152643532 0.827109993
vn -0.895954609 0.0114984373 0.443996817
vn -0.538910627 -0.0413951539 0.841345191
vn -0.106740221 0.0830690414 0.990810871
vn -0.107507691 0.0807890072 0.990916312
vn -0.105799235 0.0873566121 0.990542948
vn -0.110546812 0.0857848823 0.990161777
vn -0.111800268 0.0943758115 0.989239097
vn -0.111223504 0.0938052535 0.989358306
vn -0.111144386 0.0937399343 0.989373386
vn -0.11082451 0.093561165 0.989426255
vn -0.10852281 0.092452623 0.989785492
vn -0.13337858 0.103205353 0.985676885
vn -0.143538162 0.109081723 0.983614743
vn -0.0887602046 0.0797118321 0.99285841
vn -0.140689045 0.100990549 0.984889567
vn -0.0616795979 0.0819249302 0.994728029
vn -0.14332898 0.0985711589 0.984754086
vn -0.0568157062 0.0861699283 0.994659126
vn 0.429605305 0.0465566069 0.901815832
vn -0.426092952 -0.00378792826 0.90467149
vn -0.422301233 0.0482379831 0.905171216
vn -0.124746524 0.0817934945 0.988811493
vn -0.127581507 0.0826830342 0.988375664
vn -0.128449604 0.0829175562 0.98824358
vn -0.128385469 0.0829371735 0.988250256
vn -0.127066225 0.082920894 0.988422096
vn -0.636882901 -0.0369090252 0.770076632
vn -0.426504672 -0.0269679688 0.904083252
vn -0.193482161 0.131203532 0.972291231
vn -0.210649058 0.134379715 0.968281507
vn -0.198452234 0.124609567 0.972156942
vn -0.207347244 0.163220868 0.964554846
vn -0.202263668 0.140263289 0.969234467
vn -0.195496187 0.14510861 0.969909668
vn -0.193278894 0.147048876 0.970061719
vn -0.209932566 0.1776741 0.96143657
vn -0.215332001 0.179272383 0.959944546
vn -0.224211514 0.178516835 0.958050549
vn -0.18974255 0.132123381 0.97290343
vn -0.219694033 0.178648546 0.959072053
vn -0.569841743 0.159017324 0.806221962
vn -0.187552467 0.134406045 0.973015368
vn -0.52120173 -0.130091488 0.843460083
vn -0.7439996 0.0984564498 0.660886526
vn -0.216790482 0.206421509 0.954144657
vn -0.201750889 0.151518434 0.967645943
vn -0.202556506 0.152539343 0.967317224
vn -0.202632144 0.152642801 0.967284977
vn -0.216674179 0.207021907 0.954041004
vn -0.202127159 0.152387857 0.96743089
vn -0.200730711 0.151972279 0.967786968
vn -0.197328553 0.151474148 0.968564451
vn -0.195934743 0.151111677 0.968903899
vn 0.423646808 -0.42463702 0.800129175
vn -0.345188498 -0.185527027 0.920013309
vn -0.197118536 0.147840112 0.969168484
vn -0.200892285 0.136103928 0.970112324
vn -0.720259488 -0.0318120755 0.692974925
vn -0.197894961 0.121670164 0.972642779
vn -0.185484484 0.136713117 0.97309047
vn -0.0383181162 0.507904589 0.860560715
vn -0.184530303 0.0797829628 0.979583204
vn -0.889721274 0.0272713676 0.455688715
vn -0.998215973 -0.0596058182 -0.00344254356
vn -0.150921881 0.34833172 0.925141931
vn -0.187076494 0.136733517 0.972782731
vn -0.371664286 0.0928177387 0.923715651
vn -0.325546861 0.0151621159 0.945404351
vn -0.978344083 -0.169498995 0.11879766
vn -0.169943199 0.0265576076 0.985095918
vn -0.385993719 -0.0713211894 0.91974026
vn -0.0762704313 0.0256291851 0.996757686
vn -0.5557459 -0.0969703346 0.825677454
vn 0.358631611 -0.00185447233 0.933477342
vn -0.928466737 -0.358282328 0.0978937298
vn -0.962416172 -0.259025842 0.0816136599
vn 0.233337462 -0.0628615618 0.970361829
vn -0.934520125 -0.355910212 0
vn -0.96472919 -0.263244152 0
vn -0.957621336 -0.28802982 0.000312454911
vn -0.446992636 0.22235626 0.866461337
vn -0.98949641 0.109621286 0.0942337438
vn -0.43397525 0.335327148 0.836194456
vn -0.884910226 0.452774614 0.109220311
vn -0.240574986 0.152546272 0.958568335
vn 0.613682747 -0.148059368 0.775546193
vn -0.721231282 0.683862448 0.11026112
vn -0.990875244 0.134782344 3.27453017E-05
vn -0.883719921 0.468015552 0.000665808446
vn -0.999762356 0.00337387365 -0.0215385668
vn -0.690147579 0.7236678 0.00113341911
vn -0.498943657 0.859190881 0.113341406
vn -0.424882442 0.905247211 0.00159000955
vn -0.228290498 0.966272771 0.119165123
vn -0.114413634 0.993431389 0.00191287708
vn -0.242933363 0.291742325 0.925132334
vn 0.0700009167 0.98946321 0.126737729
vn 0.203329101 0.97910881 0.00179025612
vn -0.247538432 0.122910075 0.961050391
vn -0.188061208 0.284876287 0.939935327
vn -0.238911331 0.139651567 0.960946798
vn -0.116758995 0.375607252 0.919394732
vn -0.256942213 0.185896844 0.948379159
vn 0.33691746 0.933833241 0.120175466
vn 0.451441824 0.892299712 0.00116348243
vn 0.588522732 0.799896419 0.117502302
vn 0.66224432 0.749287844 0.000247970864
vn 0.853554845 0.520995319 0.002842271
vn 0.793305874 0.608823359 -8.69422763E-07
vn 0.185368165 -0.245561391 0.951492608
vn -0.260899544 0.196948275 0.945062399
vn -0.255974174 0.191584006 0.947508812
vn 0.140491784 -0.172581449 0.974924505
vn 0.246427253 -0.200030521 0.948293924
vn 0.290215701 -0.330428392 0.898104608
vn 0.519091547 -0.284664541 0.805921912
vn 0.489009827 -0.47586295 0.731042922
vn 0.794435918 -0.225095734 0.564095259
vn 0.836215794 -0.144580215 0.528998852
vn 0.664315224 -0.747452497 0
vn 0.418352604 -0.668335557 0.615067959
vn 0.313541383 -0.484104186 0.816905737
vn 0.158842772 -0.159262598 0.974373877
vn 0.302824378 -0.485426545 0.820157588
vn 0.0602460541 0.0139866425 0.998085618
vn 0.537622213 -0.789044023 0.297274023
vn 0.0622149631 -0.0164950527 0.997926474
vn 0.0401732996 0.0318962373 0.998683512
vn 0.86964196 -0.45753625 0.185427904
vn 0.87318784 -0.48675403 0.024771871
vn 0.915098667 -0.343741059 0.210799724
vn 0.383298337 -0.848584473 0.364673436
vn 0.4646492 -0.885494828 0
vn 0.464655668 -0.885491371 0
vn -0.218121409 -0.414301991 0.883615851
vn 0.761756361 -0.555615783 0.333194196
vn 0.105107807 -0.438652933 0.892488658
vn 0.0359368138 0.0920852348 0.995102406
vn 0.865236223 -0.452520669 0.215850115
vn 0.6779356 -0.650558591 0.342311084
vn 0.449309558 -0.762203157 0.46601215
vn 0.726412237 -0.393978804 0.563121617
vn 0.920065522 -0.32158491 0.223746523
vn 0.948497295 0.275039971 0.157180458
vn 0.764971256 0.452257246 0.458565652
vn 0.852491379 -0.340735495 0.396431357
vn 0.763817668 -0.309147149 0.566577911
vn 0.550429463 -0.332478076 0.765823603
vn 0.668870091 -0.202272505 0.715331197
vn 0.679472208 -0.597120941 0.426338017
vn 0.49382636 -0.178343564 0.851075292
vn 0.605821908 -0.620387316 0.498095781
vn 0.540748537 -0.635351419 0.551288903
vn 0.481573969 -0.641343355 0.597298265
vn 0.199578628 -0.81390357 0.545645773
vn 0.468613595 -0.571567595 0.673581302
vn 0.102376431 -0.41376707 0.90460819
vn 0.353467166 -0.642934084 0.679482698
vn -0.0456667766 -0.809820712 0.584897459
vn 0.245401308 -0.652458191 0.716991305
vn -0.199533954 -0.474421084 0.857385993
vn -0.337227821 -0.791432858 0.509815216
vn -0.430095732 -0.575211525 0.695808291
vn -0.356395632 -0.107720137 0.928104758
vn -0.555716217 -0.647131741 0.521919489
vn -0.432204753 -0.575185001 0.694522262
vn -0.554235816 -0.610653162 0.565619528
vn -0.257276952 -0.453088105 0.853533745
vn 0.357159197 -0.219716892 0.907833517
vn 0.13401863 -0.122018486 0.983438075
vn 0.345108956 -0.101881273 0.933016658
vn -0.0633208454 -0.286365896 0.95602566
vn 0.206053376 0.00376359303 0.978533566
vn -0.267279714 -0.428431749 0.863138378
vn -0.0658045933 -0.275591612 0.95901984
vn 0.104957283 -0.133615538 0.985459745
vn -0.0997200385 -0.244162887 0.96459341
vn -0.358482301 -0.362556905 0.860257447
vn -0.541657567 -0.487691998 0.684663177
vn 0.35841465 0.378652781 0.853323519
vn 0.459460765 0.549798489 0.697579682
vn 0.459460348 0.549797297 0.697581053
vn 0.134932742 -0.0816706568 0.987483144
vn -0.687802076 -0.408937067 0.599748909
vn -0.809528291 -0.328125238 0.486824214
vn -0.614581823 -0.598502398 0.513891101
vn -0.923315644 -0.285147011 0.257253557
vn -0.699746668 -0.707260489 -0.100683399
vn -0.688353479 -0.725375295 -9.52955907E-06
vn -0.717389941 -0.671100259 -0.187018782
vn -0.834222794 -0.530223489 -0.151444539
vn -0.590815008 -0.420512974 -0.68855387
vn -0.66491431 -0.286945671 -0.689602077
vn -0.100892462 -0.0640564412 -0.992833138
vn -0.289742917 0.160253301 -0.943593144
vn -0.167101398 0.131934851 -0.977072358
vn -0.152335018 0.0974076465 -0.98351711
vn -0.0536519103 -0.0165173318 -0.9984231
vn -0.943315029 -0.2925964 -0.1566654
vn -0.989236534 0.00362159288 -0.146280646
vn -0.97207737 0.00593456114 0.234585345
vn -0.0590322651 0.996978164 -0.0504960045
vn -0.86080277 0.508929908 -0.00301610841
vn -0.718223035 0.695810437 0.00186141406
vn -0.642322481 0.435972989 0.630356431
vn -0.216820687 0.204354644 -0.954582632
vn -0.818912804 0.496762365 -0.28741762
vn -0.43303889 0.901360035 0.00523737492
vn 0.601200819 0.799098015 0
vn 0.576423407 0.817151129 -4.44466014E-06
vn 0.688344777 0.72538358 0
vn 0.688361049 0.725368202 -5.67453799E-06
vn -0.788155735 0.609372377 0.0864631012
vn -0.642258406 0.766462207 0.00630917074
vn -0.59964627 0.74249953 0.298527867
vn -0.568292618 0.822815716 0.00419990579
vn -0.788558722 0.578428268 0.208796099
vn -0.509195149 0.795732021 0.327918798
vn -0.571215928 0.820790768 0.00386158191
vn -0.867063344 0.289013565 0.405798256
vn -0.865407765 0.164225668 0.473391294
vn -0.667970061 0.0326203667 0.743472934
vn -0.868982852 0.192830488 0.455724895
vn -0.150181219 0.298894644 0.942394614
vn -0.548289418 0.791661322 0.26953879
vn -0.610720038 0.726557314 0.314857692
vn -0.869454026 0.493095547 0.0301061161
vn -0.883324742 0.468761563 -3.86042711E-06
vn -0.893732786 0.448599756 0
vn -0.637924552 0.770098805 0
vn -0.875043035 0.474154085 0.0973529071
vn -0.49561432 0.866780758 0.0552943274
vn -0.158516973 0.987354934 0.00156287593
vn -0.0459848307 0.196688205 0.979387105
vn -0.148233145 0.982962489 0.108681105
vn 0.0847542062 0.996401906 0
vn 0.0149008101 0.019284403 0.99970299
vn -0.155898571 0.715343714 0.681160152
vn 0.0375511721 0.0789034814 0.996174693
vn -0.213496655 0.0389724746 0.97616607
vn -0.0115867015 0.420703501 0.907124162
vn 0.089077957 0.991637647 0.0933798626
vn 0.37390554 0.927466691 0.000194679087
vn 0.066796571 0.00783381052 0.997735858
vn 0.0826746747 0.191359565 0.978031933
vn 0.0741140321 0.335681319 0.939055502
vn 0.117215529 0.313263774 0.942404568
vn 0.367670536 0.924162447 0.103644095
vn 0.113575689 0.223125026 0.968150735
vn 0.616848409 0.779207349 0.111058213
vn 0.6396842 0.768637776 0.000471451815
vn -0.126052529 0.316508412 0.940177202
vn 0.121670417 0.197893947 0.972642958
vn 0.191494778 0.278552085 0.941136777
vn 0.136104584 0.200891107 0.970112562
vn 0.147839218 0.197117925 0.969168723
vn 0.136713192 0.185484871 0.97309047
vn 0.151111245 0.195933953 0.968904197
vn 0.507903278 0.0383196548 0.860561311
vn 0.813778818 0.569826782 0.114286505
vn 0.844300866 0.535869002 0.000617951795
vn 0.226608649 0.243164346 0.943143547
vn 0.944081962 0.307020992 0.120197907
vn 0.967882752 0.251401186 0.000601540087
vn 0.160520688 0.390514165 0.90649426
vn 0.994232118 0.0103190234 0.106751621
vn 0.99834621 -0.057487648 0.000262239017
vn 0.979345143 -0.201160073 0.0204386376
vn 0.97692436 -0.213585705 0
vn 0.261495501 0.963132203 0.0632168055
vn 0.154480845 0.390179008 0.907687187
vn 0.257095844 0.963575602 0.0736454725
vn 0.157369465 0.987539768 0
vn 0.254388392 0.96710211 0
vn 0.254396647 0.967100024 0
vn -0.108141169 0.992608368 0.0550829098
vn 0.122270472 0.992496729 0.000370681431
vn -0.102000482 -0.554996133 0.82557565
vn -0.0134616839 0.261923194 0.964994788
vn 0.0970682576 0.995009303 0.0231141318
vn 0.0296129491 0.789054096 0.613609493
vn -0.261209637 -0.191279992 0.946140349
vn 0.509094298 0.859784245 0.0399244502
vn 0.532447577 0.84645927 0.00248623593
vn 0.467548579 0.852824926 0.232568055
vn -0.22395964 -0.169295058 0.959781885
vn -0.277395755 -0.621531308 0.732632458
vn -0.225096986 -0.794431806 0.564100564
vn -0.144582778 -0.836211085 0.529005527
vn -0.747437239 -0.664332449 2.48229499E-05
vn 0.58126539 0.813064516 0.0325057246
vn 0.593302369 0.804930389 -0.00890384056
vn 0.627225161 0.778817236 -0.0056742765
vn -0.149235919 -0.0902535468 0.984674096
vn -0.152295709 -0.104896978 0.982752562
vn -0.232945561 -0.276055843 0.9324857
vn -0.229991063 -0.27929616 0.932254136
vn 0.60191232 0.783440769 0.154668167
vn 0.486210585 0.671888173 0.558717847
vn 0.819883227 0.552838206 0.148866981
vn 0.855126619 0.51840955 0.00318568805
vn -0.316606075 -0.204657122 0.926216006
vn -0.106378786 -0.100745901 0.989208639
vn -0.378162116 -0.303433329 0.874598026
vn -0.472853988 -0.295141906 0.830241144
vn -0.498664737 -0.368107826 0.784748495
vn 0.540543258 0.306149602 0.783636034
vn -0.421674103 -0.398738891 0.814369857
vn -0.468482196 -0.302188724 0.830184639
vn -0.542349696 -0.176656067 0.821370542
vn -0.39516446 -0.29584527 0.869666994
vn 0.637283683 0.119174987 0.761358559
vn 0.938325047 0.311718911 0.149591118
vn 0.977494776 0.210932314 0.00340031181
vn 0.66633594 -0.0927099064 0.73986572
vn 0.991284609 0.0414631777 0.125042513
vn 0.992861092 -0.119250968 0.00246262015
vn 0.964535534 -0.228017941 0.132962704
vn 0.899952471 -0.435986876 0.00104169664
vn 0.866655588 -0.480083197 0.135750607
vn 0.712550461 -0.701618493 0.00181951851
vn -0.667118371 -0.376962036 0.642536163
vn -0.037488658 -0.0775467902 0.99628371
vn 0.753689647 -0.640506864 0.147318795
vn 0.0957110077 -0.296981931 0.950074315
vn 0.517866194 -0.847056329 0.119625047
vn 0.44629854 -0.894878328 0.0032296679
vn 0.119953193 -0.312792093 0.942216694
vn -0.288348675 -0.822177529 0.490794569
vn -0.474805355 -0.75952518 0.444613665
vn -0.75408262 -0.597993016 0.271594912
vn -0.225365326 -0.715127647 0.66166687
vn 0.376697958 -0.926314533 -0.00633440539
vn 0.288870335 -0.957363427 0.00302240998
vn 0.24158363 -0.970380008 0
vn 0.0953077078 -0.936976612 0.336141765
vn 0.0175956041 -0.756240249 0.654057384
vn -0.822520435 -0.38370055 0.419802308
vn -0.89119041 -0.388506383 0.234184638
vn -0.949017942 0.269523144 0.16346927
vn -0.950843573 0.262771934 0.163851738
vn -0.80720222 0.409774154 0.424864411
vn -0.144019052 0.257261783 0.955549538
vn -0.81998533 -0.409647226 0.399766475
vn -0.734125257 -0.366301566 0.571737051
vn -0.124657065 0.229354382 0.965327501
vn -0.146516293 0.259530932 0.95455575
vn 0.0394361243 -0.0432788022 0.9982844
vn -0.649009705 -0.486302853 0.585060596
vn 0.0529112145 -0.043431934 0.997654378
vn 0.0363889746 0.0527110137 0.99794656
vn 0.014116507 -0.0599269643 0.998102903
vn -0.0027383198 -0.0891824812 0.996011496
vn -0.438653558 -0.105107851 0.892488301
vn -0.738714933 -0.594194531 0.31817165
vn 0.117022105 0.199201718 0.972946346
vn 0.189364225 0.143219113 0.971405923
vn 0.0983188376 -0.0587925725 0.993416786
vn 0.00725127477 0.487589389 0.873042941
vn -0.174634352 0.430084497 0.885737121
vn 0.205352753 0.517450809 0.83070749
vn -0.167999178 0.427579433 0.888229787
vn -0.316869557 0.36724022 0.8744874
vn -0.324830681 0.343400329 0.881227136
vn -0.463151217 0.284751475 0.839289844
vn 0.362056375 0.49919039 0.787225544
vn 0.101007275 -0.0721188784 0.992268384
vn 0.0823116526 -0.459086269 0.88457036
vn -0.482829362 0.238816515 0.842521489
vn -0.612587571 0.175793856 0.770605624
vn -0.633658648 0.103803009 0.76661706
vn -0.751000881 0.0389162339 0.659153342
vn -0.752268076 -0.0517907962 0.656818449
vn -0.899507582 -0.100392707 -0.425214499
vn 0.118098527 -0.036222592 0.992341042
vn -0.913245559 -0.327524781 0.242301524
vn 0.124291748 -0.064467214 0.99014926
vn 0.389617056 0.397649199 0.830706656
vn 0.166129172 -0.0739998072 0.983323514
vn 0.179531902 -0.0922133997 0.979420722
vn -0.187865347 -0.854911745 0.483562261
vn -0.90731889 -0.358311564 0.219966099
vn -0.906025171 -0.364542514 0.215004697
vn -0.84760493 -0.47995317 0.226298109
vn -0.924771309 -0.360160351 0.122811444
vn -0.791089714 -0.568824351 0.224979922
vn -0.718733191 -0.154754594 -0.677844882
vn -0.462130785 -0.865089118 0.195079565
vn -0.438547283 -0.872353256 0.216046363
vn -0.583219051 0.225786299 -0.780305147
vn -0.0898695365 0.0311007388 -0.995467782
vn 0.105547257 -0.772504449 0.626176238
vn 0.150922224 -0.348331571 0.925141931
vn 0.189824387 -0.644303501 0.740837157
vn -0.0656909794 0.0264710449 -0.997488856
vn -0.0702208951 0.0228537247 -0.997269571
vn -0.0471720137 0.0348041765 -0.998280287
vn -0.0717397034 0.0227440726 -0.997163951
vn -0.0763732865 0.0198624954 -0.996881485
vn -0.0811563358 0.0168580022 -0.996558845
vn -0.0835695416 0.0152971037 -0.996384501
vn 0.970700145 0.240277246 0.00284506683
vn 0.840653837 -0.541414917 0.0130753908
vn 0.840301514 -0.541914105 0.014919511
vn 0.959892273 -0.280369163 0
vn 0.99543792 0.0954066589 -0.000933997741
vn 0.987968445 0.154533625 -0.00614670618
vn 0.86817795 0.496116728 -0.0116319079
vn 0.794790924 0.606881618 0.00144492113
vn 0.984048963 -0.177865162 -0.00342713133
vn 0.983777523 -0.179392725 0.00031709348
vn 0.882136285 -0.470986366 0.00274242484
vn 0.866564989 -0.499049366 -0.00385470525
vn 0.718508065 -0.695512474 0.00294335489
vn 0.642471015 0.766286492 -0.0060015074
vn 0.593997955 0.804466009 -0.000952110451
vn 0.353799313 0.935318708 -0.00220237626
vn 0.346784979 0.937944174 0.00095227448
vn 0.0474088714 0.998874962 -0.00106546376
vn 0.00939516909 0.999945164 -0.00462929066
vn -0.193827584 0.981034219 -0.00162660365
vn -0.341493726 0.939826787 -0.0103824465
vn 0.654208779 -0.756301463 0.00434146076
vn 0.493133307 -0.86986351 -0.0125284921
vn -0.451617002 0.892209947 -0.00183991191
vn 0.32108888 -0.946734369 -0.0244121421
vn 0.353945136 -0.935225487 0.00871874206
vn -0.000774445711 -0.999969244 -0.00780375255
vn -0.0162507966 -0.999835372 0.00807319488
vn -0.199057803 -0.97993511 0.0101521388
vn -0.334590495 -0.942297578 -0.0111575648
vn -0.499857575 -0.866096675 0.00435062917
vn -0.639986873 -0.768263221 -0.0137249716
vn -0.711002231 -0.703186631 0.00210416852
vn -0.862534642 -0.505824387 -0.0132544702
vn -0.860759497 -0.509011865 6.38274832E-06
vn -0.98413831 -0.176750809 -0.0151942298
vn -0.99902463 -0.0403290242 0.0179793816
vn -0.984928429 0.172472298 -0.0130140334
vn -0.864473403 0.502483189 -0.0140148634
vn -0.907989562 0.41895619 -0.00554110715
vn -0.788466752 0.615077138 -0.000580177177
vn -0.632508159 0.774455667 -0.0123173874
vn -0.599208236 0.800593078 -0.000321841595
vn -0.521599233 0.85319066 0
vn -0.108090274 -0.185193017 0.976739526
vn -0.393913954 -0.202727467 0.896511793
vn -0.308423996 -0.199194163 0.930159271
vn -0.504272759 -0.204777375 0.838913143
vn 0.664314508 -0.747453153 0
vn 0.664315403 -0.747452319 0
vn 0.664307714 -0.747459233 0
vn 0.810104072 -0.527711689 0.255444288
vn 0.664319098 -0.74744904 0
vn 0.409034193 -0.0453310683 0.911392391
vn 0.66431427 -0.747453451 -4.72953479E-06
vn 0.66431427 -0.747453451 0
vn 0.66431433 -0.747453332 0
vn 0.835139513 -0.00601217058 0.550005317
vn 0.567603946 -0.0128714787 0.82320112
vn 0.463014692 -0.173632607 0.869177282
vn 0.70554769 -0.0878756046 0.70319289
vn 0.355057299 -0.210590065 0.910816193
vn 0.502937555 -0.21432142 0.837329268
vn 0.517632544 -0.40833351 0.751877844
vn 0.65844965 -0.46225515 0.593939483
vn -0.0155263143 -0.0994653478 0.994919837
vn -0.146223187 -0.35318315 0.92405647
vn -0.0457543321 -0.414196014 0.909036994
vn -0.279204428 -0.776976645 0.564227164
vn -0.0474290624 -0.894003689 0.445542276
vn -0.491931319 -0.594039798 0.636490583
vn 0.217959538 -0.936393082 0.275066614
vn 0.340232909 -0.912869513 0.22563459
vn 0.348518908 -0.916612923 0.195844844
vn 0.558699846 -0.813696682 0.160475105
vn -0.211378619 -0.977395236 0.00418187212
vn 0.108485699 -0.994097114 -0.00134464586
vn -0.511256576 -0.85937196 0.00982177909
vn 0.366639018 -0.930357456 -0.00328844157
vn -0.759375334 -0.650504887 0.013874555
vn 0.328779966 -0.933050454 0.146015659
vn -0.706474602 -0.287286967 0.646807373
vn -0.931498706 -0.363734245 0.0027564303
vn 0.512084067 -0.849906683 0.124211207
vn 0.31303364 -0.944169521 0.102732211
vn 0.632193685 -0.774810374 0
vn 0.868700922 -0.483738154 0.106565334
vn 0.87127322 -0.490798295 -2.13905478E-05
vn 0.874565005 -0.462244123 0.146514744
vn 0.905428648 -0.403316587 0.132418931
vn 0.943334877 -0.331841379 0.000839759945
vn 0.940266907 -0.262912482 0.216275603
vn 0.914315522 -0.201324999 0.351419061
vn 0.987831295 -0.155525357 0.00104657281
vn 0.946314871 -0.059196502 0.31777969
vn 0.998217523 0.0596775189 0.000593859062
vn 0.459085763 0.0823117644 0.88457042
vn 0.897050023 0.162344053 0.411030114
vn 0.960693657 0.277607083 0.00139135076
vn 0.785527945 0.385903955 0.483760327
vn 0.853056848 0.521811247 0.00263789226
vn 0.497683048 0.180972695 0.848269105
vn 0.619016945 0.586416483 0.522430599
vn 0.681653976 0.731664836 0.00380615331
vn 0.441700041 0.284703076 0.850790918
vn 0.0746385083 0.116340369 0.99040097
vn 0.410612285 0.747699857 0.521864355
vn 0.459799021 0.888011038 0.00460238382
vn 0.177814975 0.202384412 0.963027716
vn -0.24290432 0.314363688 0.917699754
vn 0.0721187443 0.10100726 0.992268384
vn 0.0587925166 0.098318845 0.993416786
vn 0.0801973492 0.126503065 0.988719046
vn 0.0794693828 0.126172528 0.988820136
vn 0.0800934136 0.126272097 0.988756955
vn 0.0782759264 0.108772151 0.99097997
vn 0.0828188583 0.126400664 0.988515973
vn 0.225858539 0.839362919 0.494426787
vn 0.2024827 0.979283035 0.00234614103
vn 0.287471652 0.49142766 0.822106361
vn 0.152643457 0.540915072 0.827109873
vn 0.011498481 0.89595449 0.443996876
vn -0.0413951539 0.538910627 0.841345191
vn 0.0830690488 0.106740221 0.990810871
vn 0.0807889998 0.107507683 0.990916312
vn 0.0873566121 0.105799235 0.990542948
vn 0.0857848823 0.110546812 0.990161777
vn 0.0943758115 0.111800268 0.989239097
vn 0.0938052535 0.111223504 0.989358306
vn 0.0937399194 0.111144394 0.989373386
vn 0.093561165 0.110824525 0.989426255
vn 0.0924525559 0.108522683 0.989785492
vn 0.103205353 0.13337861 0.985676885
vn 0.109081745 0.143538222 0.983614743
vn 0.0797118321 0.0887602046 0.99285841
vn 0.100990362 0.14068982 0.984889448
vn 0.0985712186 0.143329367 0.984753966
vn -0.00378771452 0.426092863 0.90467149
vn 0.0482379831 0.422301233 0.905171216
vn 0.0817788839 0.124700814 0.988818467
vn 0.0826827735 0.127580807 0.988375783
vn 0.0829178467 0.128450498 0.988243461
vn 0.082937181 0.128385454 0.988250256
vn 0.0829209834 0.127065882 0.988422096
vn -0.0369090252 0.636882901 0.770076632
vn -0.0269679464 0.426504701 0.904083192
vn -0.191746816 0.884732008 0.424832255
vn -0.0924506709 0.907842755 0.408991933
vn -0.604872465 0.61171484 0.509837449
vn -0.386685044 0.922211766 -0.000218455709
vn -0.815791607 0.229919672 0.530679882
vn -0.805159867 0.593057811 1.18921425E-05
vn -0.973457575 0.228866532 -0.00072608894
vn -0.813635468 0.0126722092 0.581237078
vn -0.998226106 -0.0595317706 -0.000828940538
vn -0.569705606 -0.0603405237 0.819630802
vn -0.0855436996 -0.0689902082 0.993942916
vn 0.712781847 -0.541078389 0.446291536
vn 0.56862241 -0.628246009 0.531013727
vn 0.742246389 -0.641947091 0.192286924
vn 0.540316582 -0.657161415 -0.525544286
vn 0.43168667 -0.902021706 0.00186663738
vn -0.187056288 -0.643550158 0.742194772
vn -0.0817550346 -0.952970624 0.291827232
vn 0.345268607 -0.757995784 -0.553382456
vn 0.119074717 -0.430310041 -0.894792974
vn -0.520263672 -0.505073726 0.688640893
vn -0.409230411 -0.859153748 0.30722177
vn -0.599487364 -0.316630989 0.735091567
vn -0.17647551 -0.412098467 0.893885434
vn -0.790840805 -0.342197537 0.507416785
vn -0.639393747 -0.727204442 0.249698564
vn -0.876380026 -0.224367455 0.42616573
vn -0.861368775 -0.235488147 0.450099051
vn -0.994907916 -0.0973596349 0.0260647759
vn -0.838859379 -0.516869128 0.170766518
vn -0.520582914 -0.853386998 0.0269103888
vn -0.8044613 -0.59375 0.0174057093
vn -0.915461302 -0.402260631 0.0108180586
vn -0.815648973 -0.578545809 0.00122908491
vn -0.899057448 0.0304038879 0.436773628
vn -0.692073047 -0.308110237 0.652765572
vn -0.0766422227 -0.865781665 -0.494517982
vn -0.747822583 0.0435948148 0.662465751
vn -0.820289791 -0.118983291 0.55943507
vn -0.625972211 -0.0868601725 0.774993002
vn 0.211967722 -0.414308369 0.885109186
vn 0.00185236579 -0.384593755 0.92308408
vn -0.484269023 -0.191293508 0.853750706
vn -0.334333986 -0.269802362 0.903010309
vn -0.358414561 -0.25769338 0.897292078
vn -0.599452853 -0.800409973 0.000374396128
vn -0.133283406 -0.356273651 0.924826801
vn -0.175260514 -0.334297389 0.926028609
vn 0.102666773 -0.424062967 0.8997944
vn 0.333419174 -0.624146223 0.706592679
vn 0.0720692575 -0.88984555 -0.450534016
vn -0.358640134 -0.933475852 -0.000161456497
vn 0.558087289 -0.577525139 0.595821619
vn 0.650162518 -0.434378177 0.623381317
vn 0.782512307 -0.38771373 0.487188458
vn 0.249854684 -0.866062164 -0.433023155
vn -0.0712663606 -0.997455537 0.00190846913
vn 0.390459657 -0.820935428 -0.416660845
vn 0.17915909 -0.669027448 -0.721321225
vn 0.508390903 -0.763835907 -0.397609591
vn 0.853682339 -0.435825497 0.285101086
vn 0.838127196 -0.30395928 0.45293659
vn 0.00140367157 -0.644758642 -0.764384866
vn 0.617655754 -0.693915427 -0.370111853
vn 0.823707461 -0.458182335 -0.334028214
vn -0.167085752 -0.604244471 -0.779083371
vn 0.175531223 -0.716639698 -0.674993575
vn 0.0927884653 -0.71722424 -0.690637171
vn 0.246865571 -0.710355163 -0.659130454
vn 0.0194606725 -0.534024239 -0.845245183
vn 0.848501384 -0.482574701 -0.217179954
vn 0.901316226 -0.370509982 -0.224391267
vn 0.910539389 -0.273858428 0.309708923
vn 0.897479773 -0.109167546 0.427331775
vn 0.956868112 0.0173839852 0.290002286
vn 0.905433357 0.10570474 0.411116809
vn 0.93078196 0.260623723 0.256359607
vn 0.883173227 0.2564089 0.392758876
vn 0.991808712 -0.0252755061 -0.125206918
vn 0.852621675 -0.0801251382 -0.516348839
vn 0.972151101 0.11324694 -0.205176696
vn 0.60284245 -0.106374532 -0.790737331
vn 0.4428204 -0.19345358 -0.875491738
vn 0.434754044 -0.16890344 -0.884568036
vn 0.858320892 0.0962231457 -0.504010141
vn 0.904224455 0.364953101 -0.221782297
vn 0.625820875 0.536985874 -0.565680504
vn 0.0561464652 -0.726700306 -0.684656322
vn -0.327460647 -0.926138401 -0.187182486
vn 0.724008739 0.654928446 -0.216518074
vn 0.667144358 0.579852223 -0.467642725
vn 0.0534544662 -0.564145684 -0.823943138
vn -0.442132533 -0.896949589 0.000384046987
vn -0.596677184 -0.502472758 -0.625697494
vn 0.707927704 0.670480788 0.222022146
vn 0.591551661 0.539566576 -0.599111378
vn -0.964246631 -0.264994472 -0.0025364554
vn 0.273975521 -0.274663538 -0.921681821
vn 0.247997046 -0.0479156263 -0.967575073
vn -0.0929737613 -0.451267034 -0.887532473
vn -0.140882611 -0.379409999 -0.914439797
vn -0.850789726 -0.349458218 -0.392473817
vn 0.140372783 -0.210750356 -0.967408717
vn -0.25257346 -0.230059341 -0.939829409
vn -0.296858251 -0.0854638517 -0.951089442
vn -0.772053242 -0.239588186 -0.588669062
vn -0.922956228 -0.232107386 -0.307047188
vn -0.526413858 -0.0432460681 -0.849127948
vn -0.884732008 -0.191746816 0.424832255
vn -0.907842755 -0.0924507156 0.408991873
vn 0.65876025 0.440950394 -0.609588265
vn -0.508678257 -0.0924268141 -0.855981171
vn 0.703179777 0.307431638 -0.641111493
vn 0.640214384 0.0495162867 -0.766598761
vn 0.587812781 -0.057258334 -0.806968212
vn 0.603730917 -0.509385228 -0.613217413
vn 0.602880001 -0.0197641458 -0.797587097
vn 0.758643687 -0.236103863 -0.607218742
vn 0.723244846 -0.51726073 0.457556814
vn 0.826273441 0.174764961 -0.535471201
vn 0.859034956 0.437553346 0.265717924
vn 0.933825135 -0.0238242336 0.356935799
vn 0.731578231 -0.203521773 -0.650670588
vn 0.57493937 -0.51404953 -0.636551499
vn 0.787759483 0.0801525339 -0.610745847
vn 0.82490468 0.479257464 0.299740881
vn 0.899776757 0.145024031 0.411545694
vn 0.59725064 0.716794729 0.359856963
vn 0.80311352 0.439627022 0.402165234
vn 0.825308323 -0.0708421469 0.560220897
vn 0.855174601 -0.208207026 0.474685431
vn 0.834967494 -0.550280869 0.0044897222
vn 0.663039029 -0.460813373 0.589940846
vn 0.73300761 -0.680211365 0.00351117132
vn 0.711265206 -0.318136334 0.626810133
vn -0.0522986427 0.0917883292 0.994404197
vn -0.0461835079 0.090047583 0.994866014
vn 0.839430094 -0.0970476195 0.534732521
vn 0.477542102 -0.145622239 0.866457045
vn 0.860839963 0.168791056 0.480066717
vn 0.857170403 0.278958082 0.432944983
vn 0.832144976 0.389944375 0.394306958
vn 0.781669796 0.506173015 0.364391774
vn 0.755903959 0.554752827 0.34764713
vn 0.686998427 0.636611462 0.3503699
vn 0.617544115 0.68766886 0.381773323
vn 0.198028356 0.313211352 0.928807557
vn 0.200200528 0.317176104 0.926994622
vn 0.200077713 0.316951931 0.927097797
vn 0.192532361 0.303184748 0.933279395
vn 0.0819861889 0.127622858 0.988428414
vn 0.0810887069 0.128121689 0.988437831
vn 0.079397738 0.128212646 0.988563299
vn 0.0797506943 0.127108485 0.988677561
vn 0.0834510252 0.127521232 0.98831892
vn 0.0877263322 0.121511541 0.988705814
vn 0.0788712725 0.127047703 0.988755882
vn 0.0788243189 0.127023757 0.988762677
vn 0.0792541355 0.126861826 0.988749146
vn 0.0800573975 0.126485705 0.988732576
vn 0.0870040134 0.120875336 0.988847494
vn 0.0846160948 0.118243597 0.98937279
vn 0.0838644207 0.117650941 0.989507496
vn 0.0900905654 0.11349719 0.989445388
vn 0.0909154788 0.112750895 0.989455163
vn 0.0915205777 0.112075888 0.989476085
vn 0.0919516832 0.111462913 0.989505351
vn 0.0920421556 0.111438796 0.989499629
vn 0.0913345963 0.113821566 0.989294052
vn 0.0924977139 0.111452289 0.98945564
vn 0.0920230672 0.113079153 0.989315391
vn 0.0926863626 0.111718804 0.989408016
vn -0.0763123333 -0.0973995328 -0.992315292
vn -0.0781471431 -0.096832186 -0.992228091
vn -0.071833849 -0.0988571346 -0.992505491
vn -0.0677073896 -0.100412726 -0.992639422
vn -0.0658342689 -0.101159692 -0.99268955
vn -0.0723891556 -0.101361841 -0.992212474
vn -0 0 -1
vn -0 0 -1
vn -0 0 -1
vn -0 0 -1
vn -0.655638576 0.755074978 -9.58459714E-05
vn -0.654733241 0.755860031 0
vn -0.655345738 0.755328953 -0.00037215231
vn -0.655174971 0.75547713 -0.000151462664
vn -0.659895897 0.751357019 0
vn -0.658961594 0.750045538 -0.056579344
vn -0.653835416 0.756635725 0.00120026257
vn -0.398903638 0.66350925 -0.632954538
vn -0.653432906 0.753889441 -0.0683819875
vn -0.544515491 0.838750362 0.000923849642
vn -0.479529679 0.87315011 -0.0875224397
vn -0.223478079 0.329019397 -0.917498708
vn -0.28454724 0.954035163 -0.0940735936
vn -0.0457107872 0.995379806 -0.0844364315
vn 0.19304648 0.4201608 -0.88667804
vn -0.0137054622 0.456584245 -0.889574647
vn 0.125772461 0.44782269 -0.88523221
vn 0.175856546 0.984392762 0.00673991581
vn 0.0606929995 0.99815625 -0.000738665112
vn -0 0 -1
vn -0 0 -1
vn -0 0 -1
vn -0 0 -1
vn -0 0 -1
vn -0 0 -1
vn -0 0 -1
vn -0 0 -1
vn -0 0 -1
vn -0 0 -1
vn -0 0 -1
vn -0 0 -1
vn -0 0 -1
vn -0 0 -1
vn -0 0 -1
vn -0 0 -1
vn -0 0 -1
vn -0 0 -1
vn -0 0 -1
vn 0.208737075 0.977971494 -0.000789403042
vn -0.296335638 0.954881787 -0.019647697
vn -0.394599766 0.755467236 -0.523029864
vn 0.232473522 -0.255204052 0.938523769
vn 0.268622339 -0.217610002 0.938343167
vn 0.264388323 -0.222083762 0.938497543
vn 0.227817848 -0.25994879 0.938363373
vn -0.528887093 -0.848692119 0
vn -0.528887153 -0.848692119 0
vn -0.528886557 -0.848692477 0
vn -0.528886497 -0.848692536 0
vn 0.713024318 -0.701139331 0
vn 0.71302259 -0.701141119 0
vn 0.713023484 -0.701140165 0
vn 0.713025272 -0.701138437 0
vn 0.0322281979 0.0776857436 0.996456802
vn -0.0208181627 -0.565635085 0.824392855
vn -0.108567409 -0.385842741 0.916154146
vn -0.103802785 -0.633658648 0.766617119
vn 0.0517907366 -0.752268195 0.65681833
vn 0.127514243 -0.860038221 0.49403888
vn -0.499189883 0.362056822 0.787225723
vn 0.0362299643 0.118107729 0.992339611
vn 0.0644674897 0.124291167 0.99014926
vn 0.232480302 -0.897569299 0.374596089
vn 0.352822781 -0.909059584 0.221645653
vn 0.361985832 -0.908032715 0.210814446
vn 0.558500946 -0.799016237 0.222822264
vn 0.473641872 -0.851023436 0.226765171
vn 0.86508894 -0.462131977 0.195077449
vn 0.872352481 -0.43855074 0.216042623
vn 0.854912043 -0.187865555 0.483561724
vn -0.238816693 -0.482829005 0.842521667
vn -0.172836348 -0.265630007 0.948455691
vn -0.343399942 -0.324829847 0.881227553
vn -0.226811484 -0.171481848 0.958723366
vn -0.277684033 -0.0848731026 0.956915915
vn -0.427579075 -0.16799742 0.888230264
vn -0.487589121 0.00725158071 0.87304306
vn -0.517452121 0.205368251 0.830702782
vn -0.199201211 0.117021352 0.972946465
vn -0.143218875 0.189364314 0.971405923
vn -0.39764899 0.389617056 0.830706835
vn 0.0739997774 0.166129008 0.983323514
vn 0.0922133401 0.179531932 0.979420722
vn 0.77250433 0.10554745 0.626176357
vn 0.34833166 0.150921851 0.925141931
vn 0.136733517 0.187076479 0.972782731
vn 0.629472554 0.321545839 0.707370162
vn 0.644303799 0.189823985 0.740837038
vn 0.54194808 0.297481328 0.786000669
vn 0.0557327457 0.677395284 0.733504891
vn 0.4566468 0.382021785 0.803450823
vn 0.135895431 0.186807513 0.972951949
vn 0.467146516 0.47382924 0.746498466
vn 0.372536629 0.454749644 0.808961809
vn 0.135279745 0.186965883 0.973007262
vn 0.32747367 0.57045114 0.753224134
vn 0.27307269 0.515519381 0.81220144
vn 0.134406015 0.187552467 0.973015368
vn 0.193616584 0.634174407 0.748555601
vn 0.159017324 0.569841743 0.806221962
vn 0.132123396 0.18974252 0.97290343
vn 0.124609597 0.198452234 0.972156942
vn 0.131203532 0.193482101 0.972291231
vn 0.13437973 0.210649103 0.968281507
vn 0.163220868 0.207347259 0.964554846
vn 0.140263289 0.202263668 0.969234467
vn 0.14510861 0.195496187 0.969909668
vn 0.147048876 0.193278894 0.970061719
vn 0.1776741 0.209932566 0.96143657
vn 0.179272339 0.215332001 0.959944546
vn 0.17851685 0.224211171 0.958050609
vn 0.178648531 0.219693914 0.959072053
vn -0.130091891 0.521201372 0.843460262
vn 0.0984564275 0.743999541 0.660886586
vn 0.206421554 0.216790423 0.954144657
vn 0.151518345 0.20175086 0.967646062
vn 0.152539343 0.202556506 0.967317224
vn 0.152642801 0.202632144 0.967284977
vn 0.207021952 0.216674164 0.954040945
vn 0.152387857 0.202127159 0.96743089
vn 0.151972309 0.200730771 0.967786968
vn 0.151474163 0.197328672 0.968564332
vn -0.0318122581 0.720259428 0.692975044
vn 0.0272713732 0.889721274 0.455688715
vn -0.0596058108 0.998215973 -0.0034425254
vn -0.414308369 -0.211970299 0.88510859
vn 0.0435949676 0.747822702 0.662465572
vn -0.384594411 -0.00185430737 0.923083782
vn -0.356273592 0.133283451 0.924826801
vn -0.0876427218 0.996114731 0.00861017965
vn 0.030403899 0.899057448 0.436773598
vn -0.0868602619 0.625972092 0.774993062
vn -0.334297419 0.175260365 0.926028609
vn -0.269802064 0.334334463 0.90301019
vn -0.25769338 0.358414561 0.897292078
vn -0.191293284 0.484269351 0.853750646
vn -0.118983291 0.820289791 0.55943501
vn -0.227409497 0.876716554 0.423854977
vn -0.235488132 0.861368716 0.45009923
vn -0.324671 0.60093087 0.730390966
vn -0.229263261 0.916604817 0.327526957
vn -0.362381935 0.765406847 0.531819284
vn -0.460775703 0.589132249 0.663783789
vn -0.571692169 0.357015699 0.738720536
vn -0.462813914 -0.658821106 0.593091846
vn -0.412098467 0.17647551 0.893885434
vn -0.214321494 -0.502937496 0.837329268
vn -0.00601216918 -0.835139513 0.550005317
vn -0.0453509726 -0.409049392 0.911384583
vn -0.0994658321 0.0155262314 0.994919837
vn -0.068990238 0.0855436698 0.993942916
vn -0.0603405237 0.569705606 0.819630802
vn -0.287286907 0.706474662 0.646807432
vn 0.0126722092 0.813635468 0.581237078
vn 0.229919836 0.815791547 0.530679762
vn -0.353183419 0.146223575 0.924056292
vn -0.594039857 0.491930991 0.636490762
vn -0.414196491 0.0457545109 0.909036815
vn -0.776976466 0.27920416 0.564227402
vn -0.894003451 0.0474293716 0.445542693
vn -0.936393261 -0.217956588 0.275068343
vn -0.912869513 -0.340232819 0.225634173
vn -0.916559398 -0.348662406 0.195840359
vn -0.813696742 -0.558699846 0.160475001
vn -0.650507927 0.759372771 0.0138751119
vn -0.859373689 0.511253655 0.00982429367
vn -0.363734245 0.931498706 0.00275643659
vn -0.977394581 0.211382046 0.00418474106
vn -0.99409771 -0.10848026 -0.00134366017
vn -0.930357754 -0.366638422 -0.00328915729
vn -0.0595317669 0.998226106 -0.000828936114
vn 0.228866726 0.973457456 -0.000726089755
vn -0.932414949 -0.32495597 0.158133373
vn -0.936684549 -0.324940979 0.130519196
vn 0.59305793 0.805159688 1.18921353E-05
vn -0.847246826 -0.515357494 0.12876083
vn -0.893805623 -0.448210299 0.0148029989
vn 0.611715019 0.604872346 0.509837449
vn 0.921426237 0.388553351 0
vn -0.483738393 -0.868700743 0.106565222
vn -0.462244153 -0.874564886 0.146514624
vn -0.66190356 -0.749589026 0
vn 0.884732008 0.191746816 0.424832255
vn 0.907842755 0.0924506709 0.408991933
vn 0.979283035 -0.2024827 0.00234614057
vn 0.89595449 -0.0114984941 0.443996876
vn 0.540915072 -0.152643621 0.827109873
vn 0.839362919 -0.225858539 0.494426787
vn 0.888011038 -0.459799021 0.00460238289
vn 0.747699857 -0.410612285 0.521864355
vn 0.731664717 -0.681654036 0.00380615285
vn 0.49142766 -0.287471741 0.822106361
vn 0.202384427 -0.17781499 0.963027716
vn 0.586416483 -0.619016945 0.522430599
vn 0.521811247 -0.853056848 0.00263789203
vn 0.284703106 -0.441700041 0.850790918
vn 0.385903955 -0.785527945 0.483760327
vn 0.277606875 -0.960693777 0.00139134889
vn 0.180972636 -0.497683108 0.848269045
vn 0.162344053 -0.897050023 0.411030024
vn 0.0595962405 -0.998222172 0.000840651745
vn -0.0591965988 -0.94631505 0.317779094
vn -0.201324984 -0.914315522 0.351419091
vn -0.154475421 -0.987959504 0.00856472272
vn -0.261676937 -0.964290857 -0.0408444405
vn -0.262912095 -0.940267026 0.216275632
vn -0.332553476 -0.943070889 0.00504195597
vn -0.492369831 -0.870385528 0.000926345529
vn -0.403316736 -0.905428529 0.132418841
vn -0.490812391 -0.871265233 -1.87593796E-05
vn -0.673696756 -0.73900795 0
vn -0.513722837 -0.857956171 0
vn -0.71021992 -0.70397985 0
vn -0.866948187 -0.49822855 0.0130007397
vn -0.897801757 -0.440399736 0
vn -0.89742583 -0.441160142 0.00216749357
vn -0.900049329 -0.435787976 0
vn -0.900049329 -0.435787976 0
vn -0.94129473 -0.337566882 0.00358907529
vn -0.947244167 -0.320512801 0
vn -0.96179384 -0.273774743 0
vn -0.96179384 -0.273774743 0
vn 0.150701612 -0.0870340616 0.984740674
vn 0.145997614 -0.0942577943 0.984784245
vn 0.14772287 -0.0927826464 0.984667182
vn 0.149778813 -0.0915359184 0.984473169
vn 0.151717767 -0.0906614438 0.984257221
vn 0.154782161 -0.0897466913 0.983863831
vn 0.155192658 -0.0894872248 0.983822763
vn 0.150823221 -0.0870492384 0.984720707
vn 0.154315099 -0.0857847556 0.984290481
vn 0.154127359 -0.0831171945 0.984548807
vn 0.154363394 -0.0804819986 0.984730721
vn 0.154805601 -0.0787869915 0.984798372
vn 0.149716303 -0.0863882452 0.984947741
vn 0.149750367 -0.0865057409 0.984932244
vn 0.146308467 -0.084392935 0.985632658
vn 0.151390761 -0.0829170868 0.98499006
vn 0.149301007 -0.0831149146 0.985292375
vn 0.14734672 -0.0829700679 0.985598683
vn 0.145951733 -0.0826175585 0.98583591
vn 0.146274462 -0.0847387761 0.985607982
vn 0.147567809 -0.0898704976 0.984960377
vn 0.146921918 -0.088337414 0.985195637
vn 0.146018714 -0.086778827 0.985468447
vn 0.144842982 -0.0853733718 0.985764682
vn -0.246408284 -0.672796369 0.697587311
vn -0.246411398 -0.67281127 0.697571695
vn -0.217889205 -0.602772832 0.767586648
vn -0.246408254 -0.672807693 0.697576404
vn -0.246409848 -0.672800362 0.697582781
vn -0.246410623 -0.672800303 0.697582662
vn -0.104104795 -0.548658729 0.829539537
vn -0.246422186 -0.672797918 0.697580874
vn 0.681017637 -0.689482808 0.246634379
vn 0.61078614 -0.751090884 0.250605047
vn 0.640293181 -0.768122494 0.0035242415
vn 0.82991159 -0.557722092 0.0138828419
vn 0.817761958 -0.575556636 0
vn 0.866024971 -0.500000775 0
vn 0.895512819 -0.445035785 0
vn 0.888354599 -0.459067553 0.0091139609
vn 0.969088137 -0.246696815 0.00299251685
vn 0.939497113 -0.245984301 0.238405094
vn 0.347240806 -0.937775493 0.000954409537
vn 0.953679085 -0.153922737 0.258464754
vn 0.998733342 0.0494925119 0.00906884111
vn 0.414228231 0.339299887 0.844565332
vn 0.459452152 0.549804389 0.697580755
vn 0.459458888 0.549799025 0.697580516
vn 0.43859604 0.506785572 0.742160201
vn 0.459458619 0.549802423 0.697577953
vn 0.459452093 0.54979986 0.697584331
vn 0.459439456 0.549791336 0.697599351
vn -0.322551668 -0.141824394 0.935866535
vn 0.955431998 0.134516791 0.262782961
vn 0.934475303 0.355836898 0.0116612958
vn 0.216926306 -0.0869531482 0.972307563
vn 0.103023104 -0.124027833 0.986916065
vn 0.88721031 0.383022875 0.257199019
vn 0.7532686 0.65768224 0.00635799859
vn 0.404433489 0.0309193842 0.914044619
vn -0.58231771 -0.170821369 0.794812024
vn -0.629974186 -0.181300893 0.755157351
vn -0.719958067 -0.0211938862 0.693693817
vn 0.364835083 0.125045568 0.922636986
vn 0.72655338 0.619572163 0.297069907
vn -0.852667332 -0.134900704 0.504737675
vn -0.861106813 0.104848139 0.497495592
vn -0.724746168 0.38769123 0.569594979
vn 0.318414986 0.214720994 0.923312902
vn 0.535768867 0.792634308 0.29100284
vn 0.51094085 0.859615862 1.27679114E-05
vn 0.164007977 -0.0614736006 0.984541655
vn 0.516591311 0.815875471 0.259770513
vn 0.489928782 0.871762395 5.79036096E-05
vn 0.326280981 0.886610091 0.32781601
vn 0.237002894 0.971507728 0.00156470633
vn 0.154678091 -0.0433677398 0.987012684
vn 0.0696635395 0.93624413 0.344374806
vn -0.0638766214 0.997930646 0.0073614046
vn 0.139522746 -0.0492472574 0.988993466
vn -0.18781209 0.922794282 0.336418152
vn -0.362740129 0.931804895 0.0126188435
vn -0.439389557 0.829994559 0.343578011
vn -0.653989553 0.756411374 0.0118121151
vn -0.657215834 0.679270625 0.326586455
vn -0.821984231 0.569489777 0.00483422028
vn -0.795566261 0.55729413 0.237692192
vn -0.772910893 0.425695628 0.470523089
vn -0.866023362 0.500003636 0
vn -0.894486904 0.447094202 0
vn -0.882092893 0.406277359 0.238434419
vn -0.755115628 0.456575006 0.470467538
vn -0.966780126 0.255609602 5.84833433E-05
vn -0.136718675 -0.480741113 0.866138518
vn -0.917216003 0.216214269 0.334613442
vn -0.999115765 -0.042043861 0
vn -0.930244923 -0.0870870203 0.356455386
vn -0.941501737 -0.337008357 -4.04527455E-05
vn -0.855540216 -0.389653355 0.340912342
vn -0.774205565 -0.632934272 9.07859067E-05
vn 0.135952547 -0.0775012672 0.987679422
vn -0.670314491 -0.672522783 0.31367445
vn -0.515619278 -0.856817842 0
vn 0.107859418 -0.101436846 0.98897773
vn 0.170594469 -0.0235193633 0.985060632
vn 0.0928610936 -0.192419276 0.97690922
vn 0.0169618521 -0.888062954 0.45940879
vn -0.246413067 -0.672800124 0.697581887
vn -0.246414244 -0.672801733 0.69757998
vn -0.45224309 -0.852296293 0.262806237
vn -0.492948502 -0.870058477 1.086477E-05
vn 0.111109726 -0.119463533 0.986601889
vn -0.422414511 -0.85814935 0.291797429
vn -0.258208185 -0.966088891 -0.00079519616
vn 0.133839771 -0.113691121 0.984459877
vn 0.167993888 -0.0245595351 0.985482097
vn -0.0265625361 -0.383069783 0.9233374
vn -0.178320915 -0.935565531 0.304825753
vn 0.0508263856 -0.998701811 -0.00337236235
vn 0.0931967273 -0.374185801 0.922658801
vn 0.0975920185 -0.953884184 0.283867747
vn 0.194334507 -0.386537164 0.901567042
vn 0.355066746 -0.896917105 0.263566434
vn 0.184174761 -0.134162351 0.973694086
vn 0.158912361 -0.027900558 0.986898422
vn 0.125842705 0.1849695 0.97465378
vn -0.165438816 0.579127848 0.798273742
vn 0.0631773323 0.379720718 0.922941327
vn -0.329652488 0.560161471 0.759966075
vn -0.583480299 0.659096539 0.474491686
vn -0.476503193 0.592428505 0.649594665
vn 0.205967039 0.187260702 0.960474432
vn -0.788717628 0.424555451 0.444609016
vn -0.913872182 0.334606469 0.229948297
vn -0.745783567 0.625193894 0.230085775
vn -0.929831624 0.337471694 -0.146717742
vn -0.759729505 0.633513808 -0.146530673
vn -0.530860007 0.00643459894 -0.847435057
vn -0.330568224 0.122808136 -0.935757875
vn -0.182181209 0.154257491 -0.971089363
vn -0.49910444 0.854095221 -0.146342352
vn -0.490605444 0.839674771 0.232922047
vn -0.0862760842 0.150222674 -0.984880447
vn -0.0125834439 0.0554297194 -0.998383284
vn -0.219176844 0.963422596 -0.154202953
vn -0.218927115 0.120977111 -0.968212545
vn -0.274114996 0.167611673 -0.946977913
vn 0.00502810488 0.119403593 -0.992833138
vn -0.197739631 0.0787301138 -0.977087855
vn 0.0689195618 0.722104847 -0.688341975
vn -0.362607569 0.803139865 0.472739011
vn -0.132486999 0.869670331 0.475521505
vn -0.214369476 0.942537069 0.256260723
vn 0.042076122 0.987569749 -0.151444942
vn 0.261241496 0.959349871 -0.106774084
vn 0.20535478 0.836235106 0.508468509
vn 0.263427198 0.78056848 0.566849887
vn 0.284018397 0.958818793 -1.04079008E-05
vn 0.247742504 0.962060988 -0.114291012
vn -0.0839579254 0.719299078 -0.689608514
vn 0.00909299776 0.801172912 0.598363817
vn 0.152752519 0.716190219 0.680983305
vn 0.279640228 0.662610829 0.694800854
vn 0.151557013 0.510157049 0.846622825
vn 0.238282427 0.451947123 0.859630942
vn 0.187920138 0.3253299 0.926739752
vn 0.2451462 0.340471327 0.907734931
vn 0.290688097 0.632123172 0.718276203
vn 0.309306294 -0.14981702 0.939087033
vn 0.28273201 0.779868126 0.558451653
vn 0.518868923 -0.236710146 0.821427643
vn 0.266667277 -0.237487882 0.934070706
vn 0.416096807 -0.310725987 0.854583442
vn 0.745655596 -0.318907678 0.585060418
vn 0.536246121 -0.438478857 0.721232533
vn 0.684290409 -0.452620894 0.571735084
vn 0.764757812 -0.505304515 0.39976573
vn 0.779486775 -0.580442011 0.235558182
vn 0.247585565 -0.95473671 0.164861441
vn 0.785030127 -0.570693314 0.24090834
vn 0.905321538 -0.324682385 0.273814321
vn 0.909604967 -0.324963331 0.258877724
vn 0.883942604 -0.342645615 0.318181574
vn 0.471725225 0.760618985 0.446020365
vn 0.65678668 0.669950008 0.346118838
vn 0.359674543 0.568008184 0.740270853
vn 0.0778833255 0.555125177 0.828112483
vn -0.742472708 0.478076607 0.469230384
vn 0.604184687 0.398127258 0.690257609
vn 0.947312653 0.151986226 0.28195551
vn 0.931043744 0.30860889 0.19472599
vn 0.284358203 0.695734978 0.659616113
vn 0.241692007 0.899613857 0.363702834
vn 0.794644117 0.607075632 4.63795004E-06
vn 0.794645548 0.607073665 0
vn 0.794643939 0.60707581 -5.62385912E-06
vn 0.794642508 0.607077599 0
vn 0.794642568 0.607077479 0
vn -0.412255794 0.730359674 0.544628263
vn -0.829769194 0.504773855 0.238089278
vn -0.333214015 0.8189165 0.467273146
vn -0.975559294 0.218854591 0.0196683332
vn -0.811488092 0.583007693 0.0398644656
vn -0.986637235 0.162886441 0.00386842154
vn -0.961744666 0.273945123 0.00111761864
vn -0.982112169 0.188294098 -0.000971355883
vn -0.836213529 0.54837966 -0.00516391871
vn -0.9862023 0.164655715 -0.0171379372
vn -0.972693503 0.222894698 -0.0646950081
vn -0.995914996 0.0901408866 -0.00529531762
vn -0.89292568 -0.447363198 -0.0504959412
vn -0.696471155 -0.717584729 0
vn -0.784355104 -0.620312095 0
vn -0.898326337 -0.439328969 0
vn -0.935479581 -0.353380889 5.34125775E-06
vn -0.28436482 0.0850366428 -0.954937339
vn -0.28677696 0.0867763981 -0.954059124
vn -0.877450287 0.340250432 -0.338098586
vn -0.908319414 0.369360328 -0.196287334
vn -0.830520809 0.534233749 -0.157573968
vn -0 0 -1
vn -0 0 -1
vn -0 0 -1
vn -0 0 -1
vn -0 0 -1
vn -0 0 -1
vn -0 0 -1
vn -0 0 -1
vn -0 0 -1
vn -0 0 -1
vn -0 0 -1
vn -0 0 -1
vn -0 0 -1
vn -0 0 -1
vn -0 0 -1
vn -0 0 -1
vn -0 0 -1
vn -0 0 -1
vn 0.614794791 -0.78868705 0
vn 0.273782343 -0.961791754 0
vn 0.273782313 -0.961791754 0
vn 0.614794672 -0.788687229 0
vn 0.816003084 -0.578047454 0
vn 0.816003084 -0.578047574 0
vn 0.548286617 -0.836290538 0
vn 0.548287094 -0.836290121 0
vn 0.585638702 -0.810572207 0
vn 0.585638702 -0.810572207 0
vn 0.61803627 -0.786149621 0
vn 0.61803627 -0.786149621 0
vn 0.635704637 -0.771932364 0
vn 0.635704637 -0.771932364 0
vn -0 0 -1
vn -0 0 -1
vn -0 0 -1
vn -0 0 -1
vn -0 0 -1
vn -0 0 -1
vn -0 0 -1
vn -0 0 -1
vn -0 0 -1
vn 4.67775544E-06 0 -1
vn 7.50215077E-06 7.67586516E-06 -1
vn -6.07942275E-06 5.32386548E-06 -1
vn 8.47380034E-06 -1.01860005E-05 -1
vn -0 -2.14218326E-05 -1
vn 3.20189247E-06 9.50682261E-06 -1
vn -8.57813211E-06 7.27772749E-06 -1
vn -4.97495193E-06 0 -1
vn -0 0 -1
vn -0 0 -1
vn -0 0 -1
vn -0 0 -1
vn -2.47028925E-06 0 -1
vn -0 0 -1
vn -0 0 -1
vn -0 0 -1
vn -0 0 -1
vn -0 0 -1
vn -0 0 -1
vn -0 0 -1
vn -0 0 -1
vn -0 0 -1
vn -0 0 -1
vn -0 0 -1
vn -0 0 -1
vn -0 0 -1
vn -0 0 -1
vn -0 0 -1
vn -0 0 -1
vn -0 0 -1
vn -0 0 -1
vn -0 0 -1
vn -0 0 -1
vn 0.830679953 -0.556750298 0
vn 0.83092761 -0.55638063 0
vn 0.830927432 -0.556380808 0
vn 0.830679834 -0.556750417 0
vn 0.844257712 -0.535937369 0
vn 0.844257712 -0.535937309 0
vn 0.84602356 -0.533145487 0
vn 0.846023679 -0.533145428 0
vn 0.675164878 -0.737666845 0
vn 0.675166309 -0.737665474 0
vn 0.42693904 -0.904280305 0
vn 0.426946163 -0.904277086 0
vn 0.14055489 -0.990072846 0
vn 0.140554592 -0.990072966 0
vn -0.15838939 -0.987376809 0
vn -0.158384562 -0.987377465 0
vn -0.443178773 -0.896433234 0
vn -0.443178743 -0.896433234 0
vn -0.677106798 -0.735884786 0
vn -0.677106798 -0.735884726 0
vn -0.688354135 -0.725374818 0
vn -0.688354135 -0.725374818 0
vn 0.185193017 -0.108090274 0.976739526
vn 0.202727467 -0.393914372 0.896511614
vn 0.199194163 -0.308424354 0.930159152
vn 0.204777345 -0.504273474 0.838912725
vn -0.133962005 -0.184941441 0.973576307
vn -0.136310384 -0.186809942 0.972893417
vn -0.130006671 -0.182912186 0.974495471
vn -0.135665596 -0.183961436 0.97352612
vn -0.135341257 -0.182986483 0.973755002
vn -0.135890067 -0.181847334 0.973891854
vn -0.136089534 -0.181209922 0.97398293
vn -0.13609463 -0.181273237 0.973970354
vn -0.138941407 -0.195069 0.970898211
vn -0.136189997 -0.183174863 0.973601162
vn -0.136266276 -0.181674823 0.973871529
vn -0.136442184 -0.18307294 0.973585129
vn -0.139608949 -0.198014304 0.970205903
vn -0.142794088 -0.195809424 0.970189989
vn -0.142119616 -0.196673587 0.970114231
vn -0.139605299 -0.199556127 0.969890594
vn -0.141702965 -0.197660848 0.969974458
vn -0.139439136 -0.200255498 0.969770312
vn -0.141264811 -0.198608369 0.969844818
vn -0.139353782 -0.200814366 0.969667017
vn -0.14080745 -0.199497327 0.969728947
vn -0.139382452 -0.201154545 0.969592392
vn -0.140348434 -0.200279787 0.969634116
vn -0.139613986 -0.201137319 0.969562709
vn 0.848694682 -0.5288831 0
vn 0.848694444 -0.528883517 0
vn 0.848694384 -0.528883755 2.69101001E-05
vn 0.848692417 -0.528886676 2.83315858E-05
vn 0.848686218 -0.528896749 0
vn 0.84868741 -0.528894722 0
vn 0.848687947 -0.528893888 0
vn 0.0766899288 0.0775635689 0.994033515
vn 0.234750256 0.283332884 0.929846644
vn 0.238806471 0.278551996 0.930258095
vn -0.00198414526 -0.011093664 0.999936461
vn -0.404720604 -0.421039611 0.81174314
vn -0.403465092 -0.423652589 0.811008155
vn 0.696044862 0.717998266 0
vn 0.696044803 0.717998326 0
vn 0.696044862 0.717998266 0
vn 0.696044862 0.717998266 0
vn -0.848692238 0.528887093 0
vn -0.848692238 0.528887093 0
vn -0.84870398 0.528868079 -1.74288452E-05
vn -0.848692238 0.528887093 0
vn -0.848700881 0.528873026 0
vn -0.848712504 0.528854609 -0.000112702954
vn -0.848708212 0.528861463 -0.000116904317
vn -0.848605275 0.529026568 0
vn -0.561390817 0.827550769 0
vn -0.486659318 0.873591661 0.00050718477
vn -0.475515634 0.869502664 0.133604109
vn -0.323877811 0.946098506 0.000896523299
vn -0.327692747 0.936757684 0.122892641
vn -0.240244135 0.970712245 0.000765393022
vn -0.286742091 0.954541802 0.0814175159
vn -0.138716236 0.125924319 0.982293665
vn 0.036202047 -0.192261398 0.980675817
vn 0.0944881588 -0.149987936 0.98416245
vn 0.15801695 -0.110797204 0.981200635
vn -0.00725078769 -0.48758924 0.87304306
vn 0.167999089 -0.427579105 0.888229966
vn 0.324830204 -0.343400031 0.881227374
vn 0.482829571 -0.238816142 0.842521489
vn -0.362056851 -0.499189705 0.787225783
vn -0.205368653 -0.51745224 0.830702662
vn 0.63365829 -0.103803016 0.766617298
vn -0.117020555 -0.199200705 0.972946644
vn 0.752267897 0.0517906807 0.656818688
vn 0.86003828 0.127514392 0.494038761
vn 0.897569299 0.232480302 0.374596268
vn 0.909059584 0.352822721 0.221645758
vn 0.908032835 0.361985773 0.21081458
vn -0.118107744 0.0362299718 0.992339611
vn 0.799015939 0.558501065 0.222822994
vn 0.851023257 0.473641872 0.226765886
vn 0.462131798 0.86508882 0.195078507
vn 0.438548386 0.872352958 0.216045469
vn 0.187865302 0.854911745 0.483562261
vn -0.124291182 0.0644674897 0.99014926
vn -0.105547383 0.772504449 0.626176178
vn -0.179531872 0.0922133401 0.979420722
vn -0.166128993 0.07399977 0.983323514
vn -0.389617115 -0.39764908 0.830706775
vn -0.189364314 -0.143218875 0.971405923
vn -0.321546286 0.629472077 0.707370341
vn -0.677395284 0.0557328314 0.733504891
vn -0.189823851 0.644304037 0.740836918
vn -0.297481388 0.54194802 0.786000729
vn -0.473828644 0.467146367 0.746498942
vn -0.382022023 0.456646532 0.803450704
vn -0.186807498 0.135895431 0.972951949
vn -0.634174466 0.193616569 0.748555601
vn -0.454749584 0.372536629 0.808961809
vn -0.186965898 0.13527976 0.973007262
vn -0.57045114 0.32747367 0.753224134
vn -0.515519381 0.27307266 0.81220144
vn 0.898328543 0.439324319 0
vn 0.885997713 0.463689476 0
vn 0.96472913 0.263244629 0
vn 0.79464227 0.607077956 0
vn 0.79464227 0.607077956 0
vn -0.240277231 0.970700145 0.00284507964
vn 0.541414797 0.840653896 0.0130756684
vn 0.541913986 0.840301514 0.0149198286
vn 0.280369222 0.959892273 0
vn -0.0954066589 0.99543792 -0.000933997741
vn -0.154533625 0.987968445 -0.00614670618
vn -0.496116728 0.868177891 -0.0116318995
vn -0.606881618 0.794790924 0.00144492614
vn 0.177865162 0.984048963 -0.00342713343
vn 0.17939274 0.983777523 0.000317095954
vn 0.470986366 0.882136285 0.0027424267
vn 0.499049306 0.866565049 -0.00385471038
vn 0.695512474 0.718508065 0.00294335536
vn -0.766286492 0.642471015 -0.00600149715
vn -0.804466009 0.593997836 -0.000952110568
vn -0.935318828 0.353799194 -0.00220237742
vn -0.937944114 0.346785039 0.000952275179
vn -0.998874962 0.047408957 -0.00106546551
vn -0.999945164 0.00939516909 -0.00462929066
vn -0.966519773 -0.256585389 0.00186405051
vn -0.941644788 -0.336375326 -0.012520181
vn -0.857104063 -0.515114486 0.00544641213
vn -0.767096817 -0.641349316 -0.0152840987
vn -0.682165682 -0.731183946 0.00446479535
vn 0.756301463 0.654208779 0.00434146216
vn 0.86986351 0.493133247 -0.0125284931
vn -0.500859201 -0.865452945 -0.0114579042
vn -0.463123918 -0.886292875 -0.00110054784
vn -0.230985686 -0.972955704 -0.00166279171
vn -0.177898079 -0.98397696 -0.0119069004
vn 0.0322845839 -0.999473512 0.00323648169
vn 0.176750779 -0.984138429 -0.0151942354
vn 0.289784521 -0.957091331 0.000990836765
vn 0.946734369 0.32108888 -0.024412144
vn 0.935225487 0.353945166 0.00871875137
vn 0.505824387 -0.862534642 -0.0132544683
vn 0.509012043 -0.860759377 6.38144002E-06
vn 0.703186512 -0.711002231 0.00210416294
vn 0.76826334 -0.639986932 -0.013724979
vn 0.866096675 -0.499857515 0.00435061846
vn 0.942297578 -0.334590435 -0.0111575741
vn 0.968744457 -0.24805665 0.00149853609
vn 0.999942303 0.00190752139 -0.0105732558
vn 0.992781758 0.119749978 -0.00666013965
vn 0.997501194 -0.0706501678 0
vn -0.31141898 0.197197542 0.929586709
vn -0.315612018 0.20003207 0.927564621
vn -0.315322399 0.199836299 0.927705407
vn -0.299057662 0.188843504 0.935362339
vn -0.127622858 0.0819862112 0.988428414
vn -0.128121689 0.0810887069 0.988437831
vn -0.128212646 0.079397738 0.988563299
vn -0.127108485 0.0797506943 0.988677561
vn -0.127521232 0.0834510252 0.98831892
vn -0.121511541 0.0877263322 0.988705814
vn -0.127047703 0.07887128 0.988755882
vn -0.127023757 0.0788243264 0.988762677
vn -0.126861855 0.0792541355 0.988749146
vn -0.126485705 0.0800573826 0.988732576
vn -0.120875336 0.0870040134 0.988847494
vn -0.118243597 0.0846160799 0.98937279
vn -0.117650941 0.0838644132 0.989507496
vn -0.11349719 0.0900905654 0.989445388
vn -0.112750895 0.0909154788 0.989455163
vn -0.112075888 0.0915205777 0.989476085
vn -0.111462913 0.0919516832 0.989505351
vn -0.111438833 0.0920421556 0.989499629
vn -0.113821588 0.0913345963 0.989294052
vn -0.111452289 0.0924977139 0.98945564
vn -0.11307919 0.0920230672 0.989315391
vn -0.111718804 0.0926863626 0.989408016
vn 0.133961976 0.184941471 0.973576307
vn 0.136310369 0.186809987 0.972893298
vn 0.130006656 0.182912171 0.974495471
vn 0.13566561 0.183961451 0.97352612
vn 0.135341257 0.182986528 0.973755002
vn 0.135890067 0.181847334 0.973891854
vn 0.136089534 0.181209892 0.97398293
vn 0.13609463 0.181273118 0.973970354
vn 0.138941392 0.195069 0.970898211
vn 0.136189997 0.183174863 0.973601162
vn 0.136266276 0.181674823 0.973871529
vn 0.13644217 0.18307282 0.973585129
vn 0.139608949 0.198014334 0.970206022
vn 0.142794073 0.195809409 0.970189989
vn 0.142119601 0.196673572 0.970114231
vn 0.139605284 0.199556172 0.969890594
vn 0.14170295 0.197660848 0.969974458
vn 0.139439076 0.200255513 0.969770372
vn 0.141264811 0.198608413 0.969844818
vn 0.139353752 0.200814411 0.969667017
vn 0.14080745 0.199497327 0.969728947
vn 0.139382452 0.201154545 0.969592392
vn 0.140348434 0.200279787 0.969634116
vn 0.139613926 0.201137394 0.969562709
vn -0.848694623 0.528883159 1.30131384E-05
vn -0.848694623 0.528883159 0
vn -0.848693788 0.528884649 1.20124087E-05
vn -0.848693848 0.528884411 0
vn -0.848689318 0.528891742 0
vn -0.848688126 0.52889359 0
vn 0.848711789 -0.528855681 -0.000112456197
vn 0.848707914 -0.528861821 -0.000116584779
vn 0.848605275 -0.529026687 0
vn 0.848703563 -0.528868794 -1.3398304E-05
vn 0.848703444 -0.528869092 0
vn 0.848692894 -0.528885901 0
vn 0.848692894 -0.528885961 0
vn -0.747459769 -0.664306998 0.000130169909
vn -0.747461319 -0.664305329 -7.10133463E-05
vn -0.747460902 -0.664305866 0
vn -0.527716815 -0.810104668 0.25543192
vn -0.0128714805 -0.567604065 0.82320106
vn -0.173632666 -0.463014692 0.869177282
vn -0.0878755897 -0.70554769 0.703192949
vn -0.210590065 -0.355057299 0.910816193
vn -0.747452796 -0.664314985 0
vn -0.747450173 -0.664317846 0
vn -0.747455359 -0.664312065 0
vn -0.747454047 -0.664313495 0
vn -0.0041728802 -0.66039598 -0.750905931
vn 0.0366453119 -0.504413247 -0.862684369
vn 0.0820797458 -0.58166945 -0.809273422
vn 0.0454833396 -0.423729241 -0.904646218
vn 0.0303358361 -0.127213642 -0.991411328
vn 0.0798410252 -0.624357522 -0.777047753
vn 0.163041562 -0.211892813 -0.96359688
vn -0 0 -1
vn 0.028350655 -0.512931406 -0.857961237
vn -0.0342511572 -0.0646820888 -0.99731797
vn -0.0528164655 -0.341322064 -0.938461304
vn -0.118140295 -0.202499896 -0.972130001
vn -0.104623243 -0.315225095 -0.943232298
vn -0.113676295 -0.207005754 -0.971713126
vn -0.111327074 -0.198645294 -0.973728061
vn -0.0972673744 -0.151693076 -0.983630121
vn -0 0 -1
vn -0 0 -1
vn -0 0 -1
vn -0 0 -1
vn -0 0 -1
vn -0 0 -1
vn -0 0 -1
vn -0 0 -1
vn -0 0 -1
vn -0 0 -1
vn -0 0 -1
vn -0 0 -1
vn -0 0 -1
vn -0 0 -1
vn -0 0 -1
vn -0 0 -1
vn -0.0536752082 -0.093569845 -0.994164765
vn -0 0 -1
vn -0.144223645 -0.254323363 -0.956305027
vn -0.104390882 -0.199510053 -0.974319339
vn -0.11242383 -0.220210969 -0.968952
vn -0.0755756274 -0.185367107 -0.979758859
vn -0.0778605565 -0.186492905 -0.979366124
vn -0.0825885087 -0.187847629 -0.978719771
vn -0.0826997459 -0.187682375 -0.978742123
vn -0.0819728002 -0.186934412 -0.978946388
vn 0.766286016 -0.642471611 -0.00600120099
vn 0.871829033 -0.489805698 -0.00213516667
vn 0.866022646 -0.499999583 0.00229816278
vn 0.804466009 -0.593997896 -0.000952107366
vn 0.606881559 -0.794790924 0.00144491636
vn 0.496116728 -0.86817795 -0.0116319042
vn 0.240276948 -0.970700264 0.00284487382
vn 0.154533625 -0.987968445 -0.00614670198
vn 0.0954066738 -0.99543792 -0.000933999312
vn -0.177865118 -0.984048963 -0.00342713436
vn -0.280369192 -0.959892273 0
vn -0.541413605 -0.84065485 0.0130705778
vn -0.541912556 -0.840302527 0.0149139371
vn -0.179392725 -0.983777523 0.000317094236
vn -0.470986366 -0.882136285 0.00274242181
vn -0.499049366 -0.866564989 -0.0038547127
vn -0.695512474 -0.718508065 0.0029433507
vn -0.756301463 -0.654208779 0.00434145564
vn -0.86986351 -0.493133307 -0.0125284968
vn -0.946731985 -0.321095705 -0.0244130082
vn -0.935225904 -0.353944242 0.00871862378
vn -0.999915004 -0.00303129666 -0.0126790386
vn -0.992781997 -0.119747542 -0.00665993523
vn -0.999017477 0.0443183891 0
vn -0.982197523 0.18783848 -0.00215506135
vn -0.948306262 0.317033142 -0.0143216299
vn -0.889876068 0.456156582 0.0064587472
vn -0.948756158 0.309932768 -0.0616720542
vn -0.910234392 0.414093375 0
vn -0.764838696 0.64405632 -0.0145999035
vn -0.697100699 0.716940045 0.00689073
vn -0.497117043 0.867615819 -0.0108287502
vn -0.449208081 0.893421888 0.0030524258
vn -0.173112214 0.984875739 -0.00721710408
vn -0.16533576 0.986237288 -4.65551384E-05
vn 0.130885005 0.991396606 0.00138297223
vn 0.169870734 0.985424459 -0.00908606779
vn 0.422911435 0.906152308 0.00582302548
vn 0.498007834 0.867065847 -0.0136044491
vn 0.675954998 0.73689431 0.00846324116
vn 0.765461683 0.643285692 -0.0158737544
vn 0.845655918 0.533724606 0.00204781187
vn 0.945047379 0.326500177 -0.0168250669
vn 0.934809148 0.35515058 0.00013636802
vn 0.89966619 0.436578602 0
vn 0.983311653 0.181912363 -0.00249672704
vn 0.999920011 -0.010863076 -0.00648546126
vn 0.997779429 -0.0665963367 -0.00111651153
vn 0.985035419 -0.172351494 -0.000507546589
vn 0.985774875 -0.168057039 -0.00218699127
vn -0.0817969367 -0.138368279 -0.986997128
vn -0.0839030221 -0.139179856 -0.986706316
vn -0.0878174752 -0.141268209 -0.986068606
vn -0.0911634937 -0.142894953 -0.985530496
vn -0.0932529941 -0.144601479 -0.985085845
vn -0.202727437 0.393913478 0.896511972
vn -0.20477736 0.504272103 0.83891356
vn -0.199194238 0.308425784 0.930158675
vn -0.185192972 0.108090043 0.976739526
vn 0.307906181 -0.195564777 0.931100547
vn 0.309521824 -0.196501285 0.930367351
vn 0.30940333 -0.196432635 0.930421233
vn 0.303391516 -0.192947462 0.93312633
vn 0.127622858 -0.0819862112 0.988428414
vn 0.128121689 -0.0810887963 0.988437831
vn 0.128212631 -0.0793977752 0.988563299
vn 0.127108485 -0.0797506943 0.988677561
vn 0.127521232 -0.0834510252 0.98831892
vn 0.121511541 -0.0877263322 0.988705814
vn 0.127047703 -0.0788712725 0.988755882
vn 0.127023757 -0.0788243189 0.988762677
vn 0.126861826 -0.0792541355 0.988749146
vn 0.126485705 -0.0800573975 0.988732576
vn 0.120875336 -0.0870040134 0.988847494
vn 0.118243597 -0.0846160948 0.98937279
vn 0.117650941 -0.0838644207 0.989507496
vn 0.113497175 -0.0900905952 0.989445388
vn 0.112750866 -0.0909155086 0.989455163
vn 0.112075888 -0.0915205777 0.989476085
vn 0.111462899 -0.0919516906 0.989505351
vn 0.111438766 -0.0920421779 0.989499629
vn 0.113821559 -0.0913346037 0.989294052
vn 0.111452274 -0.0924977139 0.98945564
vn 0.113079153 -0.0920230672 0.989315391
vn 0.111718804 -0.0926863626 0.989408016
vn 0.755286992 0.655393958 -0.000528990524
vn 0.755860031 0.654733241 0
vn 0.755476713 0.655175447 0
vn 0.755558431 0.655080914 -0.000730995846
vn 0.750381768 0.658899307 -0.052715864
vn 0.756635725 0.653835416 0.00120025955
vn 0.751357019 0.659895897 0
vn 0.751357019 0.659895897 0
vn 0.87585634 0.478067011 -0.0657843947
vn 0.753889441 0.653432906 -0.0683819875
vn 0.838750362 0.544515491 0.000923848478
vn 0.625308275 0.384947658 -0.678826094
vn 0.66350919 0.398903638 -0.632954478
vn 0.87315011 0.479529679 -0.0875224397
vn 0.329019338 0.223477945 -0.917498708
vn 0.954035163 0.28454724 -0.0940735936
vn 0.995379806 0.0457108133 -0.084436439
vn 0.42016077 -0.19304648 -0.88667804
vn 0.984392762 -0.175856546 0.00673991395
vn 0.99815625 -0.0606929995 -0.000738665927
vn 0.785557866 -0.549512982 -0.284489453
vn 0.882248521 -0.46231845 -0.0888766944
vn 0.302897394 -0.645203471 -0.701402724
vn 0.456584156 0.013705438 -0.889574647
vn 0.44782269 -0.125772461 -0.88523221
vn 0.279637367 -0.129355252 -0.951351762
vn 0.074176684 -0.156875879 -0.98482877
vn 0.0228979457 0.3232508 -0.94603622
vn 0.695368171 -0.685191333 -0.216739371
vn 0.712300003 -0.70187515 0
vn -0.163076326 0.350888252 -0.922108173
vn 0.867211401 -0.448294759 -0.216739789
vn 0.888327479 -0.459210515 0
vn 0.961116672 -0.171110168 -0.216739729
vn 0.984519243 -0.175276592 0
vn 0.968645215 0.121451356 -0.216739744
vn 0.992231071 0.124408558 0
vn 0.889117837 0.403104872 -0.21673958
vn 0.910767138 0.412920266 0
vn 0.735632002 0.626155376 -0.258408427
vn 0.761716366 0.647910595 0
vn 0.695135713 0.644055128 -0.319342226
vn 0.742410839 0.669944882 0
vn 0.747454226 0.664313257 0
vn 0.747454464 0.664313138 0
vn 0.74745816 0.664308906 0
vn 0.500696659 0.865622818 0
vn 0.476502925 0.823798537 -0.30708468
vn 0.203156978 0.979146183 0
vn 0.193340793 0.931836069 -0.307084411
vn -0.114980057 0.993367732 0
vn -0.109424219 0.945370495 -0.307084471
vn -0.408839285 0.912606418 0
vn -0.388900816 0.868007541 -0.308738083
vn -0.421459854 0.90684706 0
vn -0.402669549 0.866416097 -0.29526329
vn 0.803715348 -0.595013916 0
vn 0.803715467 -0.595013916 0
vn 0.983397543 -0.0620133355 -0.170539662
vn 0.805670381 0.518773615 -0.285953075
vn 0.768525302 0.249897137 -0.588999391
vn 0.754722774 0.582394183 -0.302010864
vn 0.472542942 0.649679124 -0.595499933
vn 0.398155719 0.868626118 -0.294891059
vn 0.546028495 0.836040735 -0.0537478775
vn 0.440830857 0.897584915 -0.00308876694
vn 0.445722669 0.895162225 -0.00400122162
vn 0.989833593 0.142230302 9.15327182E-05
vn 0.993049741 0.117650948 -0.00322575984
vn 0.949536145 0.313007563 -0.0201828163
vn 0.755467236 0.394599766 -0.523029745
vn -0.779906034 0.128013283 0.612665534
vn -0.779921651 0.127993166 0.612650037
vn -0.786720157 0.0494544581 0.615325689
vn -0.895419896 0.156171069 0.416933656
vn -0.826555133 0.0955965221 0.554678142
vn -0.408713162 0.122938007 0.904344976
vn -0.794187844 -0.442507952 0.41647622
vn -0.809152842 -0.524217725 0.265457183
vn -0.793693781 -0.568763018 0.215774968
vn -0.666628301 -0.244989574 0.703979373
vn 0.0849095285 0.362507731 0.928104758
vn 0.698724627 0.338281572 0.63035655
vn 0.961700559 0.274096042 0.0018582847
vn -0.251723349 0.785309017 0.56561929
vn 0.083954744 0.719305992 -0.689601719
vn -0.311093509 0.410012156 0.857385993
vn 0.892925084 -0.44736445 -0.0504957512
vn 0.283654898 0.170798227 -0.943593025
vn 0.285386711 0.0855949819 -0.954582632
vn 0.839659572 0.460822642 -0.287426889
vn 0.391438544 -0.920204282 0
vn 0.419461399 -0.907773197 -3.04248761E-06
vn 0.284029812 -0.958815396 0
vn 0.284015208 -0.958819807 -3.88431363E-06
vn -0.0687679574 0.721917808 -0.688553274
vn -0.222494975 0.956828058 -0.187019259
vn -0.262632668 0.959628642 -0.100682713
vn -0.284016907 0.95881927 -8.82265613E-06
vn 0.73339057 0.589769065 -0.338098675
vn 0.28221336 0.153584719 -0.946977913
vn 0.774032891 0.601948977 -0.196291715
vn 0.877912164 0.452144742 -0.157592371
vn 0.161702678 0.986839473 5.80447431E-06
vn 0.0686939806 0.997637868 0
vn -0.145024195 0.989428103 0
vn -0.273206085 0.961955488 0
vn 0.218538955 0.204967514 -0.954059243
vn 0.57602185 0.817417145 -0.00529530877
vn 0.215827614 0.203748927 -0.95493716
vn 0.0590288416 0.996978402 -0.0504960492
vn 0.634382367 0.773009658 0.00386871072
vn 0.677313626 0.735431492 0.0196684673
vn 0.679379582 0.730929434 -0.0646956563
vn 0.635696709 0.771748602 -0.0171374902
vn 0.654122531 0.756387889 -0.000970870373
vn 0.910644829 0.411262393 0.0398648158
vn 0.893017888 0.449991643 -0.00516350754
vn 0.875809073 -0.120887518 0.467273504
vn 0.852031589 0.466214031 0.238089636
vn 0.660886168 -0.655362725 0.365689993
vn 0.66490978 -0.286939383 -0.68960923
vn 0.718114018 0.69592458 0.00111987093
vn 0.785262346 0.403962553 0.469230503
vn 0.590901494 -0.420738101 -0.688342214
vn 0.709298193 -0.695581377 -0.114291541
vn 0.838638484 -0.00815506931 0.544627428
vn 0.441810697 -0.345011413 0.828112662
vn 0.544278502 -0.618418872 0.566850007
vn 0.312071234 -0.595492423 0.740270495
vn 0.700200915 -0.705916464 -0.106774181
vn 0.688352585 -0.725376248 -1.03403145E-05
vn 0.100892462 -0.0640562549 -0.992833138
vn 0.16705209 0.131882504 -0.977087855
vn 0.214232773 0.129107922 -0.968212545
vn 0.160524964 0.0832221135 -0.98351711
vn 0.054295294 -0.016817281 -0.998383284
vn 0.0125215296 0.0547226071 -0.9984231
vn -0.00502828462 0.11940366 -0.992833138
vn 0.197809666 0.0787466019 -0.977072358
vn 0.834222615 -0.530223787 -0.15144448
vn 0.943936825 -0.291898608 -0.154202908
vn 0.621523559 -0.595959961 0.508468509
vn 0.17323482 -0.000394012459 -0.984880447
vn 0.923445761 -0.285619318 0.256260663
vn -0.0420756899 0.987569869 -0.151444584
vn 0.21826157 0.963233054 -0.156665549
vn -0.211027652 0.831494689 0.513891041
vn -0.282022685 0.661892951 0.694522083
vn 0.214713141 0.942188323 0.257253557
vn 0.497754753 0.854893148 -0.146280691
vn -0.0102489423 0.800122619 0.599748909
vn -0.282574445 0.804830253 0.521919489
vn 0.120599598 0.865134597 0.486824155
vn 0.491178244 0.838876486 0.234585315
vn -0.151524976 0.712935388 0.684662879
vn -0.5167858 0.687764823 0.509815514
vn -0.283100098 0.660079062 0.695808828
vn -0.687745392 0.113707155 0.716991603
vn -0.67849344 0.444456697 0.584897399
vn -0.760648608 0.0389187373 0.647996008
vn -0.563149571 -0.310447276 0.765823007
vn -0.263747454 0.449353039 0.853533268
vn -0.805318952 0.23554638 0.544039786
vn -0.846249163 -0.0510293916 0.530337989
vn -0.237392858 0.445686668 0.863138497
vn -0.885751963 -0.0106791398 0.464035928
vn -0.134742439 0.491733849 0.86025703
vn -0.216339678 0.198020011 0.95602566
vn -0.368858159 -0.199449241 0.907834649
vn -0.205766991 0.194784358 0.95901984
vn -0.172680542 -0.055054538 0.983438075
vn -0.168193027 -0.0240880623 0.985459745
vn -0.135241732 -0.111298189 0.984541655
vn -0.401364207 -0.338495433 0.851074398
vn -0.161591336 0.208441645 0.964593291
vn 0.143223107 0.589712679 0.794811904
vn 0.0384524167 0.350249916 0.935866654
vn 0.219591185 -0.633227944 0.74216032
vn 0.157976195 0.636223316 0.755157888
vn 0.246413797 -0.67278403 0.697597146
vn 0.246414885 -0.672797263 0.697584093
vn 0.246413633 -0.672803998 0.697577953
vn 0.341624469 0.634098411 0.693694413
vn 0.246409982 -0.672802269 0.697581053
vn 0.309506029 0.805882096 0.504737616
vn 0.521354735 0.693316162 0.497495532
vn 0.698123991 0.433803469 0.569594085
vn -0.158923 -0.0272064172 0.986916065
vn 0.086728029 -0.528381884 0.844565511
vn 0.246408537 -0.672801137 0.697582662
vn -0.682775974 -0.690636814 0.238406673
vn -0.183766603 -0.1443872 0.972307682
vn -0.610141516 -0.748947859 0.258465558
vn -0.698190272 -0.715905964 0.00299323746
vn -0.84173429 -0.539815009 0.00911131967
vn -0.833168328 -0.553019464 0
vn -0.866025805 -0.499999404 0
vn -0.907328069 -0.42042321 0
vn -0.897960901 -0.439856231 0.0138808386
vn -0.985359848 -0.170450911 0.00352545339
vn -0.456506371 -0.889673889 0.00906854495
vn -0.937617421 -0.245040253 0.246635273
vn -0.361219883 -0.894687235 0.262782931
vn -0.159074545 -0.987197697 0.0116603021
vn -0.955856383 -0.15341258 0.250605673
vn -0.985757828 0.168168232 0.000954881893
vn -0.175439149 -0.365708947 0.914044797
vn -0.111897662 -0.959858418 0.257197857
vn 0.192937642 -0.981190443 0.00635757996
vn -0.0741257146 -0.378479421 0.922636747
vn 0.173289001 -0.938999891 0.297069162
vn 0.0267466754 -0.383116096 0.923312902
vn 0.418556958 -0.860306144 0.291003942
vn 0.48897928 -0.872295439 1.27745207E-05
vn 0.448273748 -0.855318606 0.259770602
vn 0.510004282 -0.860171914 5.84847257E-05
vn 0.604685485 -0.725873291 0.327816218
vn 0.72284919 -0.691004097 0.0015651189
vn -0.114896812 -0.112271585 0.987012565
vn 0.775978863 -0.528452694 0.344375551
vn 0.896170437 -0.443648934 0.00736194011
vn -0.112410672 -0.0962064415 0.988993466
vn 0.893069088 -0.298748344 0.336417794
vn 0.988336861 -0.151759788 0.0126191024
vn -0.138195366 -0.0760198981 0.987483144
vn 0.938490987 -0.0344738364 0.343578547
vn 0.982065737 0.188168421 0.0118134106
vn 0.916872859 0.229532808 0.326586753
vn 0.904185116 0.427113444 0.00483512413
vn 0.148715436 -0.499722302 0.853323698
vn -0.0997673422 -0.180329308 0.978533566
vn 0.880413949 0.410333753 0.237691998
vn -0.0201387648 -0.905528545 0.423807293
vn 0.246408552 -0.672803342 0.697580397
vn 0.246407598 -0.672802329 0.697581708
vn 0.755119562 0.456498295 0.470535636
vn 0.866025686 0.499999583 0
vn 0.834438682 0.55110085 0
vn -0.260784835 -0.247931778 0.933017254
vn 0.792892039 0.560777545 0.238434225
vn 0.772948027 0.425672561 0.470482886
vn 0.704755068 0.709450662 5.63004141E-05
vn -0.347974956 0.358772457 0.866138458
vn 0.645858407 0.686222136 0.334613502
vn 0.463144809 0.886282563 0
vn 0.389700741 0.849160194 0.356455177
vn 0.178893551 0.98386842 -4.1049665E-05
vn 0.0903195441 0.935746729 0.34091118
vn -0.161032036 0.986949146 8.94266122E-05
vn -0.509608984 -0.478123367 0.715329766
vn -0.649637699 -0.506911635 0.566578746
vn -0.704401135 -0.432102114 0.563122451
vn -0.721330285 -0.567911386 0.396433234
vn -0.745349526 -0.628437281 0.222532481
vn -0.238925964 -0.958198369 0.157385364
vn -0.244332239 -0.956785023 0.157683954
vn -0.823738933 -0.523244441 0.218333185
vn -0.902367651 -0.261831343 0.342311263
vn -0.827609956 -0.519790113 0.211848944
vn -0.863518476 -0.385573864 0.325067073
vn -0.894254029 -0.178019509 0.410632223
vn -0.664722621 -0.238109425 0.708129764
vn -0.664446354 -0.237765014 0.708504736
vn 0.128423333 -0.991719365 -1.5733674E-06
vn 0.128423616 -0.991719365 0
vn 0.128423318 -0.991719365 0
vn 0.128421545 -0.991719604 -6.78728247E-06
vn 0.128418759 -0.99172008 -1.95116468E-06
vn 0.128420234 -0.991719842 4.105671E-06
vn 0.128420636 -0.991719723 -2.72180523E-06
vn 0.460344732 -0.594129026 0.659616113
vn 0.251802355 -0.903768241 0.346119314
vn 0.422853023 -0.788834691 0.446021438
vn 0.53401947 -0.634786904 0.558452189
vn 0.434017599 -0.573480844 0.694801033
vn 0.402090013 -0.567804337 0.718276978
vn 0.68928951 -0.408461362 0.598363817
vn -0.464430928 -0.330998331 0.821428061
vn -0.64785552 -0.245161965 0.721234262
vn -0.477145404 -0.204987302 0.854583144
vn 0.543862402 -0.490382463 0.680983722
vn 0.819400132 -0.320098013 0.475521654
vn 0.584258854 -0.146289647 0.798273742
vn 0.366030335 -0.386331201 0.846622705
vn 0.272256076 -0.432331681 0.8596313
vn 0.172284216 -0.382538885 0.907734632
vn -0.284397751 -0.192958057 0.939087331
vn -0.105665594 -0.135979399 0.985060632
vn 0.0591891743 -0.272003114 0.960474312
vn -0.105266139 -0.133207202 0.985482097
vn 0.0972668454 -0.201467633 0.97465378
vn -0.413072169 0.490083933 0.767586529
vn 0.297258884 -0.244573414 0.922941506
vn 0.64994067 0.00540626142 0.759965777
vn 0.862534642 0.175760418 0.474491537
vn 0.751311243 0.116449013 0.649592996
vn 0.18778418 -0.325408697 0.926739633
vn -0.103618577 -0.123672158 0.986898422
vn 0.876843274 -0.087541841 0.47273913
vn 0.972482383 0.00503978645 0.232921958
vn 0.98922044 0.00518993242 -0.146342382
vn 0.914325476 0.333270937 0.23008582
vn 0.224681318 0.0806448087 -0.971089482
vn 0.928503871 0.341188163 -0.14653039
vn 0.762035012 0.470771372 0.444608748
vn 0.746713936 0.62413311 0.229948282
vn 0.757174969 0.636521935 -0.146717578
vn 0.271639168 0.224876568 -0.935757756
vn 0.271002561 0.456521094 -0.847435057
vn -0 0 -1
vn -0 0 -1
vn -0 0 -1
vn -0 0 -1
vn -0 0 -1
vn -0 0 -1
vn -0 0 -1
vn -0 0 -1
vn -0 0 -1
vn -0 0 -1
vn -0 0 -1
vn -0 0 -1
vn -0 0 -1
vn -0 0 -1
vn -0 0 -1
vn -0 0 -1
vn -0 0 -1
vn -0 0 -1
vn -0 0 -1
vn -0 0 -1
vn -0 0 -1
vn -0 0 -1
vn -0 0 -1
vn -0 0 -1
vn -0 0 -1
vn -0 0 -1
vn -0.284014106 0.958820105 0
vn -0.284014076 0.958820105 0
vn -0.284014076 0.958820105 0
vn -0.284014076 0.958820105 0
vn -0.150724426 -0.0869944617 0.984740674
vn -0.154627696 -0.0793109387 0.984784245
vn -0.154213414 -0.0815390274 0.984667301
vn -0.154161751 -0.0839438513 0.984473228
vn -0.154373959 -0.0860607475 0.984257221
vn -0.15511401 -0.0891722962 0.983863831
vn -0.155094489 -0.089657262 0.983822763
vn -0.150798351 -0.0870921984 0.984720707
vn -0.151450142 -0.0907483324 0.984290421
vn -0.149043649 -0.091920577 0.984548926
vn -0.146883801 -0.0934396163 0.984730482
vn -0.145632967 -0.0946741626 0.984798372
vn -0.149672449 -0.0864640623 0.984947741
vn -0.149791285 -0.0864348188 0.984932244
vn -0.146240667 -0.0845104977 0.985632658
vn -0.14750357 -0.0896491185 0.98499018
vn -0.146630734 -0.0877421722 0.985292256
vn -0.145526484 -0.0861195996 0.985599041
vn -0.144524172 -0.0850882679 0.985836029
vn -0.146523461 -0.084308058 0.985607982
vn -0.151615635 -0.0828619078 0.984960139
vn -0.149962947 -0.0830693319 0.985195756
vn -0.148159191 -0.0830664933 0.985468805
vn -0.146360964 -0.0827521533 0.985763967
vn -0.459455103 0.549794555 0.697586417
vn -0.459466815 0.549805224 0.697570443
vn -0.459462434 0.549798787 0.697578371
vn -0.459457338 0.549797177 0.69758296
vn -0.45945701 0.549798548 0.697582126
vn -0.423099965 0.364487052 0.829539359
vn -0.459451914 0.549804866 0.697580457
vn -0.208275229 -0.0924188718 0.973694086
vn -0.954286337 0.140964776 0.263565302
vn -0.431918681 0.0249695014 0.901566863
vn -0.874884367 0.392424256 0.283867151
vn -0.890314221 0.455334276 -0.00337264314
vn -0.370652705 0.106381528 0.92265898
vn -0.721064031 0.622212589 0.304825008
vn -0.707553327 0.706659555 -0.000794963329
vn -0.318466723 0.214538082 0.923337579
vn -0.531972468 0.794896007 0.291797519
vn -0.507019043 0.8619349 1.13995948E-05
vn -0.165379167 -0.0590631813 0.984459877
vn -0.511988997 0.817802072 0.262806118
vn -0.48421672 0.874948025 0
vn -0.159013316 -0.0364920348 0.986601889
vn -0.247263029 0.916771054 0.313674629
vn -0.14177683 -0.0426908806 0.988977611
vn -0.135094479 -0.0789875537 0.987679422
vn -0.213070542 0.0157895014 0.97690922
vn -0.45945558 0.549800634 0.697581351
vn -0.459455729 0.54980123 0.697580934
vn -0.339003623 -0.112196527 0.934070945
vn -0.990420461 -0.138084039 0
vn -0.969827116 0.243793428 0
vn -0.969827116 0.243793428 0
vn -0.990420461 -0.138084292 0
vn -0.908605456 -0.417655498 0
vn -0.908605516 -0.417655349 0
vn -0.998392045 -0.0566861741 0
vn -0.998391926 -0.0566865951 0
vn -0.99583286 -0.0911967605 0
vn -0.994988739 -0.0999735296 -0.00160915137
vn -0.9903965 -0.138236597 0.00231563137
vn -0.989428341 -0.14502193 0.000374108437
vn -0.987689853 -0.156358972 0.00455365609
vn -0.986365438 -0.164569557 0
vn -0.484597713 -0.874737203 -0.000144838938
vn -0.334952265 -0.942235112 -6.71427479E-05
vn -0.33499518 -0.942219853 0
vn -0.483840853 -0.875155985 0
vn -0.736017466 -0.676962554 0.00015929759
vn -0.741998732 -0.670401335 -0.000125811217
vn -0.363169611 -0.931722999 5.8153375E-05
vn -0.355924517 -0.934514761 0
vn -0.154957861 -0.987921119 0
vn -0.172521651 -0.985005677 0
vn 0.128423482 -0.991719365 0
vn 0.128423512 -0.991719365 0
vn 0.128423512 -0.991719365 0
vn -0 0 -1
vn -0 0 -1
vn -0 0 -1
vn -0 0 -1
vn -0 0 -1
vn -0 0 -1
vn -0 0 -1
vn -0 0 -1
vn -0 0 -1
vn -0 0 -1
vn -0 0 -1
vn -0 0 -1
vn -0 0 -1
vn -0 0 -1
vn -0 0 -1
vn -0 0 -1
vn -0 0 -1
vn -0 0 -1
vn -0 0 -1
vn -0 0 -1
vn -0 0 -1
vn -0 0 -1
vn -0 0 -1
vn -0 0 -1
vn -0 0 -1
vn -0 0 -1
vn -0 0 -1
vn -0 0 -1
vn -0 0 -1
vn -0 0 -1
vn -0 0 -1
vn -0 0 -1
vn -0 0 -1
vn -0 0 -1
vn -0 0 -1
vn -0 0 -1
vn -0 0 -1
vn -0 0 -1
vn -0 0 -1
vn -0 0 -1
vn -0 0 -1
vn -0 0 -1
vn -0 0 -1
vn -0 0 -1
vn -0 0 -1
vn -0 0 -1
vn -0 0 -1
vn -0 0 -1
vn -0 0 -1
vn -0 0 -1
vn -0 0 -1
vn -0 0 -1
vn -0 0 -1
vn -0 0 -1
vn -0.865623891 0.500694752 0
vn -0.823798716 0.476502717 -0.307084471
vn -0.979146183 0.20315668 0
vn -0.931836069 0.193340838 -0.307084292
vn -0.993367732 -0.114980191 0
vn -0.945370495 -0.109424375 -0.307084531
vn -0.912606299 -0.408839524 0
vn -0.868007243 -0.388900876 -0.308738381
vn -0.90684706 -0.421459854 0
vn -0.866416097 -0.402669549 -0.29526329
vn -0.364953101 0.904224455 -0.221782342
vn -0.0786806792 0.920752823 -0.382130295
vn -0.536985874 0.625820816 -0.565680563
vn -0.096223034 0.858320892 -0.50401026
vn 0.235518172 0.633959949 -0.736631572
vn 0.19345361 0.44282043 -0.875491738
vn 0.16890341 0.434754044 -0.884568036
vn -0.539566636 0.591551602 -0.599111378
vn 0.726700246 0.0561465994 -0.684656501
vn 0.907863736 -0.354918242 -0.223196268
vn -0.440950215 0.65876013 -0.609588325
vn 0.0854638517 -0.296858341 -0.951089442
vn 0.525752842 -0.0833425373 -0.846544743
vn 0.835653067 -0.549253881 -0.00203440269
vn 0.226487979 -0.973607361 -0.02814015
vn 0.235492662 -0.971201897 -0.0361949466
vn 0.0479155891 0.247997105 -0.967575073
vn 0.23005937 -0.25257346 -0.939829409
vn 0.396350563 -0.125996411 -0.909412503
vn 0.280263186 0.268269449 -0.921674669
vn 0.210750401 0.140372783 -0.967408717
vn -0.71333003 0.700828254 0
vn -0.833994389 0.551772952 0
vn -0.833995581 0.551771045 0
vn -0.836804926 0.547501087 0
vn -0.71174705 0.702435911 0
vn -0.839396834 0.543518841 -0.000493622443
vn -0.504900992 0.863177299 0
vn -0.925172031 0.379547685 -0.000378906901
vn -0.49758479 0.867415309 0
vn -0.973004758 0.230626658 -0.00854536891
vn -0.260392785 0.965502799 0.000133645735
vn -0.992375076 0.123199083 0.00369614945
vn -0.24077113 0.970581889 -0.000229640893
vn -0.993688047 -0.112057574 -0.00521155726
vn 0.0753900707 0.997154117 0.000222796254
vn -0.989561617 -0.144017532 0.00515997689
vn 0.103665978 0.994612217 -0.00028861512
vn -0.897190094 -0.44161433 -0.00517107267
vn 0.407238066 0.913322031 0.000294398371
vn -0.886081576 -0.463501215 0.00509562809
vn 0.437789291 0.899077535 -0.000383597013
vn -0.693462491 -0.720474601 -0.00511919893
vn 0.691499114 0.722377241 0.000386200118
vn -0.679279387 -0.733863413 0.00490050437
vn 0.716209829 0.697884977 -0.000406302541
vn -0.411295265 -0.911488771 -0.0049398616
vn 0.896144688 0.443761706 0.000428878877
vn -0.394198567 -0.919011772 0.00498756021
vn 0.909617603 0.415446639 -0.000206336321
vn -0.079339765 -0.996835172 -0.00499573443
vn 0.993534207 0.113533139 0.00025200969
vn -0.0574649833 -0.998334348 0.00513066165
vn 0.995973051 0.0896538794 0
vn 0.257501215 -0.966264606 -0.0050750603
vn 0.972635984 -0.232334331 0
vn 0.286043942 -0.958202302 0.00520446803
vn 0.969334841 -0.24574405 0
vn 0.505350769 -0.862906277 -0.0036501314
vn 0.839712858 -0.543030739 0
vn 0.59523356 -0.803507209 0.00854744948
vn 0.839481413 -0.543388367 0
vn 0.714773536 -0.699355781 0.000402688049
vn 0.831368506 -0.555721223 0.000485836965
vn 0.833992183 -0.55177629 0
vn -0 0 -1
vn -0 0 -1
vn -0 0 -1
vn -0 0 -1
vn -0 0 -1
vn -0 0 -1
vn -0 0 -1
vn -0 0 -1
vn -0 0 -1
vn -0 0 -1
vn -0 0 -1
vn -0 0 -1
vn -0 0 -1
vn -0 0 -1
vn -0 0 -1
vn -0 0 -1
vn -0 0 -1
vn -0 0 -1
vn -0 0 -1
vn -0 0 -1
vn -0 0 -1
vn -0 0 -1
vn -0 0 -1
vn -0 0 -1
vn -0 0 -1
vn -0 0 -1
vn -0 0 -1
vn -0 0 -1
vn -0 0 -1
vn -0 0 -1
vn -0 0 -1
vn -0 0 -1
vn -0 0 -1
vn -0 0 -1
vn -0 0 -1
vn -0 0 -1
vn 0.577029884 0.816723108 0
vn 0.577038407 0.816716969 0
vn 0.565964639 0.824429512 -0.000413998816
vn 0.762367785 0.64714396 0
vn 0.570142984 0.821545482 0
vn 0.76658535 0.642142296 -0.00034681728
vn 0.402220994 0.915542603 0
vn 0.901487708 0.432804614 0.000326102861
vn 0.275160164 0.961374938 -0.00670926645
vn 0.90724355 0.420605034 -0.000626219844
vn 0.141861454 0.98988086 0.00332795759
vn 0.982505441 0.186233029 0.0005980719
vn -0.0514993146 0.99866426 -0.00418616598
vn 0.986176312 0.165697739 -0.000808028271
vn -0.139390066 0.990227222 0.00453350972
vn 0.997226179 -0.0744256899 0.000827711192
vn -0.379138678 0.925329089 -0.00445771869
vn 0.995066404 -0.0992065817 -0.000997633557
vn -0.470217168 0.88253814 0.0047118892
vn 0.943417907 -0.331604719 0.000982395955
vn -0.667394757 0.744689524 -0.00467259716
vn 0.933181226 -0.359404653 -0.00101294927
vn -0.744307935 0.667818964 0.00485453242
vn 0.82455337 -0.565783203 0.0010342208
vn -0.881302774 0.472527683 -0.00480176555
vn 0.806373775 -0.591405809 -0.00073181995
vn -0.92684406 0.375416428 0.00474675186
vn 0.648695171 -0.761047959 0.000741666357
vn -0.989930987 0.141467229 -0.00486528501
vn 0.623178422 -0.782079637 -0.0004175668
vn -0.999147415 0.0410350822 0.00452819187
vn 0.429646045 -0.902997255 0.00042743652
vn -0.978125632 -0.207964212 -0.00459508179
vn 0.400315791 -0.916377246 -0.000187063823
vn -0.956493735 -0.291721284 0.00430166954
vn 0.180204839 -0.983629048 0.000210228463
vn -0.881198585 -0.472733915 -0.00341037405
vn 0.153366715 -0.988169312 0
vn -0.809190214 -0.587507546 0.00678658811
vn -0.081958279 -0.996635735 0
vn -0.721170664 -0.692757428 0
vn -0.102259532 -0.994757712 0
vn -0.579434395 -0.815018833 0.000425336184
vn -0.338264108 -0.941051245 0
vn -0.575162351 -0.818039238 0
vn -0.348406613 -0.937343538 0
vn -0.56836015 -0.822779894 0
vn -0.568153143 -0.822922826 0
vn 0.71333003 -0.700828254 0
vn 0.833994448 -0.551772833 0
vn 0.833995581 -0.551771045 0
vn 0.836804926 -0.547501087 0
vn 0.71174705 -0.702435911 0
vn 0.839396834 -0.543518841 -0.000493622443
vn 0.504900992 -0.863177299 0
vn 0.925172031 -0.379547685 -0.000378907396
vn 0.49758479 -0.867415309 0
vn 0.973004758 -0.230626658 -0.00854536798
vn 0.260392785 -0.965502799 0.000133646376
vn 0.992375076 -0.123199083 0.00369614945
vn 0.24077113 -0.970581889 -0.00022963676
vn 0.993688047 0.112057574 -0.0052115554
vn -0.0753900707 -0.997154117 0.000222793315
vn 0.989561617 0.144017532 0.00515997689
vn -0.103665978 -0.994612217 -0.000288616226
vn 0.897194505 0.44160524 -0.00517053204
vn -0.407238066 -0.913322031 0.000294395053
vn 0.886082351 0.463499933 0.00509848399
vn -0.437789291 -0.899077535 -0.000383597217
vn 0.693458021 0.720478892 -0.00511371577
vn -0.691499114 -0.722377241 0.000386200321
vn 0.67927742 0.733865261 0.00490521034
vn -0.716209829 -0.697884977 -0.000406302162
vn 0.411300063 0.911486685 -0.00493576983
vn -0.896144688 -0.443761706 0.00042887876
vn 0.39420101 0.919010639 0.00499211205
vn -0.909617603 -0.415446639 -0.000206333527
vn 0.0793327168 0.996835768 -0.00498870295
vn -0.993534207 -0.113533139 0.000252010388
vn 0.057460431 0.998334587 0.00513767125
vn -0.995973051 -0.0896538794 0
vn -0.257496804 0.966265857 -0.00507016759
vn -0.972635984 0.232334331 0
vn -0.286041111 0.958203197 0.00520882243
vn -0.969334841 0.24574405 0
vn -0.505349278 0.862907171 -0.00364535232
vn -0.839712858 0.543030739 0
vn -0.595235407 0.803505898 0.00855410844
vn -0.839481533 0.543388307 0
vn -0.714773357 0.699356079 0.000409284286
vn -0.831369102 0.555720448 0.000491393381
vn -0.833992362 0.551775992 0
vn -0 0 -1
vn -0 0 -1
vn -0 0 -1
vn -0 0 -1
vn -0 0 -1
vn -0 0 -1
vn -0 0 -1
vn -0 0 -1
vn -0 0 -1
vn -0 0 -1
vn -0 0 -1
vn -0 0 -1
vn -0 0 -1
vn -0 0 -1
vn -0 0 -1
vn -0 0 -1
vn -0 0 -1
vn -0 0 -1
vn -0 0 -1
vn -0 0 -1
vn -0 0 -1
vn -0 0 -1
vn -0 0 -1
vn -0 0 -1
vn -0 0 -1
vn -0 0 -1
vn -0 0 -1
vn -0 0 -1
vn -0 0 -1
vn -0 0 -1
vn -0 0 -1
vn -0 0 -1
vn -0 0 -1
vn -0 0 -1
vn -0 0 -1
vn -0 0 -1
vn -0.577029884 -0.816723108 0
vn -0.577038407 -0.816716969 0
vn -0.565964639 -0.824429512 -0.000413998292
vn -0.762367785 -0.64714396 0
vn -0.570142984 -0.821545482 0
vn -0.76658535 -0.642142296 -0.000346818182
vn -0.402220994 -0.915542603 0
vn -0.901487708 -0.432804614 0.000326102861
vn -0.275160164 -0.961374938 -0.00670926645
vn -0.90724355 -0.420605034 -0.00062621996
vn -0.141861454 -0.98988086 0.00332795759
vn -0.982505441 -0.186233029 0.00059807155
vn 0.0514993146 -0.99866426 -0.00418616692
vn -0.986176312 -0.165697739 -0.000808028446
vn 0.139390066 -0.990227222 0.00453350972
vn -0.997226179 0.074425675 0.000827709504
vn 0.379138678 -0.925329089 -0.00445771962
vn -0.995066404 0.0992065817 -0.000997634488
vn 0.470217168 -0.88253814 0.0047118892
vn -0.943417907 0.33160466 0.000982394209
vn 0.667394757 -0.744689524 -0.0046725967
vn -0.933181226 0.359404653 -0.00101295055
vn 0.744307935 -0.667818964 0.00485452823
vn -0.82455337 0.565783203 0.00103421824
vn 0.881302774 -0.472527683 -0.00480176555
vn -0.806373775 0.591405809 -0.00073181995
vn 0.92684406 -0.375416428 0.00474674813
vn -0.648695171 0.761047959 0.000741658558
vn 0.989930987 -0.141467229 -0.00486528408
vn -0.623178422 0.782079637 -0.000417566363
vn 0.999147415 -0.0410350822 0.00452819187
vn -0.429646045 0.902997255 0.00042743067
vn 0.978125632 0.207964212 -0.00459508086
vn -0.400315791 0.916377246 -0.000187062411
vn 0.956493735 0.291721284 0.00430167001
vn -0.180207416 0.983628631 0.000210229366
vn 0.881198585 0.472733915 -0.00341037498
vn -0.153366983 0.988169312 0
vn 0.809190214 0.587507546 0.00678658672
vn 0.0819579735 0.996635854 0
vn 0.721170664 0.692757428 0
vn 0.102259822 0.994757712 0
vn 0.579434395 0.815018833 0.000425337144
vn 0.338259846 0.941052735 0
vn 0.575162351 0.818039238 0
vn 0.348406613 0.937343538 0
vn 0.56836015 0.822779894 0
vn 0.568153143 0.822922826 0
vn -0.700828254 -0.71333003 0
vn -0.551772833 -0.833994448 0
vn -0.551771045 -0.833995581 0
vn -0.547501087 -0.836804926 0
vn -0.702435911 -0.71174705 0
vn -0.543518841 -0.839396834 -0.000493622443
vn -0.863177299 -0.504900992 0
vn -0.379547685 -0.925172031 -0.000378907396
vn -0.867415309 -0.49758479 0
vn -0.230626658 -0.973004758 -0.00854536798
vn -0.965502799 -0.260392785 0.000133646259
vn -0.123199083 -0.992375076 0.00369614945
vn -0.970581889 -0.24077113 -0.000229637604
vn 0.112057574 -0.993688047 -0.0052115554
vn -0.997154117 0.0753900707 0.000222793271
vn 0.144017532 -0.989561617 0.00515997689
vn -0.994612217 0.103665963 -0.000288614916
vn 0.44160524 -0.897194505 -0.00517053297
vn -0.913322031 0.407238066 0.000294395344
vn 0.463499933 -0.886082351 0.00509848399
vn -0.899077594 0.437789232 -0.0003835971
vn 0.720475793 -0.69346118 -0.00511351973
vn -0.722377241 0.691499114 0.000386200059
vn 0.733864784 -0.679277837 0.0049062646
vn -0.697884977 0.716209829 -0.000406302541
vn 0.911487401 -0.411298275 -0.00493399985
vn -0.443761706 0.896144688 0.000428878935
vn 0.919011056 -0.394200146 0.0049937861
vn -0.415446639 0.909617603 -0.000206333483
vn 0.996835649 -0.0793341324 -0.00498744613
vn -0.113533139 0.993534207 0.000252010184
vn 0.998334587 -0.0574612692 0.00513893599
vn -0.0896538794 0.995973051 0
vn 0.966264069 0.257503599 -0.00506866677
vn 0.232334331 0.972635984 0
vn 0.95820266 0.286042988 0.00520950695
vn 0.24574405 0.969334841 0
vn 0.862905204 0.505352616 -0.00364530249
vn 0.543030739 0.839712858 0
vn 0.803506255 0.595234752 0.00855260622
vn 0.543388307 0.839481533 0
vn 0.699365079 0.714764535 0.000409778673
vn 0.55572015 0.831369221 0.000494546548
vn 0.551776052 0.833992302 0
vn -0 0 -1
vn -0 0 -1
vn -0 0 -1
vn -0 0 -1
vn -0 0 -1
vn -0 0 -1
vn -0 0 -1
vn -0 0 -1
vn -0 0 -1
vn -0 0 -1
vn -0 0 -1
vn -0 0 -1
vn -0 0 -1
vn -0 0 -1
vn -0 0 -1
vn -0 0 -1
vn -0 0 -1
vn -0 0 -1
vn -0 0 -1
vn -0 0 -1
vn -0 0 -1
vn -0 0 -1
vn -0 0 -1
vn -0 0 -1
vn -0 0 -1
vn -0 0 -1
vn -0 0 -1
vn -0 0 -1
vn -0 0 -1
vn -0 0 -1
vn -0 0 -1
vn -0 0 -1
vn -0 0 -1
vn -0 0 -1
vn -0 0 -1
vn -0 0 -1
vn -0.816723108 0.577029884 0
vn -0.816716969 0.577038407 0
vn -0.824429512 0.565964639 -0.000413998816
vn -0.64714396 0.762367785 0
vn -0.821545482 0.570142984 0
vn -0.642142296 0.76658535 -0.000346819113
vn -0.915542603 0.402220994 0
vn -0.432804614 0.901487708 0.000326102687
vn -0.961374938 0.275160164 -0.00670926645
vn -0.420605034 0.90724355 -0.000626221416
vn -0.98988086 0.141861454 0.00332795759
vn -0.186233029 0.982505441 0.00059807155
vn -0.99866426 -0.0514993146 -0.00418616645
vn -0.165697739 0.986176312 -0.000808028155
vn -0.990227222 -0.139390066 0.00453350786
vn 0.074425675 0.997226179 0.000827709504
vn -0.925329089 -0.379138678 -0.00445772056
vn 0.0992065817 0.995066404 -0.000997634255
vn -0.88253814 -0.470217168 0.00471189199
vn 0.33160466 0.943417907 0.000982394209
vn -0.744689524 -0.667394757 -0.00467259437
vn 0.359404653 0.933181226 -0.00101294718
vn -0.667818964 -0.744307935 0.00485453196
vn 0.565783203 0.82455337 0.00103421859
vn -0.472527683 -0.881302774 -0.00480176322
vn 0.591405809 0.806373775 -0.000731819659
vn -0.375416428 -0.92684406 0.00474674813
vn 0.761047959 0.648695171 0.000741658383
vn -0.141467229 -0.989930987 -0.00486528408
vn 0.782079637 0.623178422 -0.00041756875
vn -0.0410350822 -0.999147415 0.00452819187
vn 0.902997255 0.429646045 0.000427430612
vn 0.207964212 -0.978125632 -0.00459508132
vn 0.916377246 0.400315791 -0.00018706228
vn 0.291721284 -0.956493735 0.00430166954
vn 0.983628631 0.180207416 0.000210229453
vn 0.472733915 -0.881198585 -0.00341037498
vn 0.988169312 0.153366983 0
vn 0.587507665 -0.809190154 0.00678658765
vn 0.996635854 -0.0819579735 0
vn 0.692757547 -0.721170604 0
vn 0.994757712 -0.102259822 0
vn 0.815018833 -0.579434395 0.000425337377
vn 0.941052735 -0.338259846 0
vn 0.818039238 -0.575162351 0
vn 0.937343538 -0.348406613 0
vn 0.822779894 -0.56836015 0
vn 0.822922826 -0.568153143 0
vn 0.700828254 0.71333003 0
vn 0.551772833 0.833994448 0
vn 0.551771045 0.833995581 0
vn 0.547501087 0.836804926 0
vn 0.702435911 0.71174705 0
vn 0.543518841 0.839396775 -0.000493622327
vn 0.863177299 0.504900992 0
vn 0.379547685 0.925172031 -0.000378906785
vn 0.867415309 0.49758479 0
vn 0.230626658 0.973004758 -0.00854536891
vn 0.965502799 0.260392785 0.000133645866
vn 0.123199083 0.992375076 0.00369614945
vn 0.970581889 0.24077113 -0.000229639962
vn -0.112057574 0.993688047 -0.00521155726
vn 0.997154117 -0.0753900707 0.000222796283
vn -0.144017532 0.989561617 0.00515997689
vn 0.994612217 -0.103665963 -0.000288616458
vn -0.44160524 0.897194505 -0.00517053623
vn 0.913322031 -0.407238066 0.000294398051
vn -0.463499933 0.886082351 0.00509848306
vn 0.899077594 -0.437789232 -0.000383597217
vn -0.720478892 0.693458021 -0.00511371577
vn 0.722377241 -0.691499114 0.000386200438
vn -0.733865261 0.67927742 0.00490521034
vn 0.697884977 -0.716209829 -0.000406302162
vn -0.911488891 0.411295056 -0.00493600406
vn 0.443761706 -0.896144688 0.000428878673
vn -0.919010937 0.394200444 0.00499089668
vn 0.415446639 -0.909617603 -0.000206336364
vn -0.99683553 0.079334572 -0.00499057909
vn 0.113533139 -0.993534207 0.000252009922
vn -0.998334587 0.0574616492 0.00513580116
vn 0.0896538794 -0.995973051 0
vn -0.9662655 -0.257497936 -0.00507147051
vn -0.232334331 -0.972635984 0
vn -0.958202958 -0.286041856 0.00520765875
vn -0.24574405 -0.969334841 0
vn -0.862904608 -0.505353749 -0.00364679843
vn -0.543030679 -0.839712858 0
vn -0.803506196 -0.59523499 0.0085515799
vn -0.543388307 -0.839481533 0
vn -0.699359179 -0.714770377 0.000407724932
vn -0.555720568 -0.831369102 0.000490934821
vn -0.551776111 -0.833992183 0
vn -0 0 -1
vn -0 0 -1
vn -0 0 -1
vn -0 0 -1
vn -0 0 -1
vn -0 0 -1
vn -0 0 -1
vn -0 0 -1
vn -0 0 -1
vn -0 0 -1
vn -0 0 -1
vn -0 0 -1
vn -0 0 -1
vn -0 0 -1
vn -0 0 -1
vn -0 0 -1
vn -0 0 -1
vn -0 0 -1
vn -0 0 -1
vn -0 0 -1
vn -0 0 -1
vn -0 0 -1
vn -0 0 -1
vn -0 0 -1
vn -0 0 -1
vn -0 0 -1
vn -0 0 -1
vn -0 0 -1
vn -0 0 -1
vn -0 0 -1
vn -0 0 -1
vn -0 0 -1
vn -0 0 -1
vn -0 0 -1
vn -0 0 -1
vn -0 0 -1
vn 0.816723108 -0.577029884 0
vn 0.816716969 -0.577038407 0
vn 0.824429512 -0.565964639 -0.000413998292
vn 0.64714396 -0.762367785 0
vn 0.821545482 -0.570142984 0
vn 0.642142296 -0.76658535 -0.000346816378
vn 0.915542603 -0.402220994 0
vn 0.432804614 -0.901487708 0.000326103036
vn 0.961374938 -0.275160164 -0.00670926645
vn 0.420605034 -0.90724355 -0.000626218563
vn 0.98988086 -0.141861454 0.00332795759
vn 0.186233029 -0.982505441 0.000598071842
vn 0.99866426 0.0514993146 -0.00418616598
vn 0.165697739 -0.986176312 -0.000808028679
vn 0.990227222 0.139390066 0.00453351205
vn -0.0744256899 -0.997226179 0.000827711192
vn 0.925329089 0.379138678 -0.00445771823
vn -0.0992065817 -0.995066404 -0.00099763379
vn 0.88253814 0.470217168 0.00471188687
vn -0.331604719 -0.943417907 0.000982395955
vn 0.744689524 0.667394757 -0.00467259903
vn -0.359404653 -0.933181226 -0.00101295253
vn 0.667818964 0.744307935 0.00485452823
vn -0.565783203 -0.82455337 0.00103422045
vn 0.472527683 0.881302774 -0.00480176741
vn -0.591405869 -0.806373715 -0.000731820357
vn 0.375416428 0.92684406 0.00474675186
vn -0.761047959 -0.648695171 0.000741666532
vn 0.141467229 0.989930987 -0.00486528408
vn -0.782079637 -0.623178422 -0.000417564414
vn 0.0410350822 0.999147415 0.00452819187
vn -0.902997255 -0.429646045 0.000427436637
vn -0.207964212 0.978125632 -0.00459508132
vn -0.916377246 -0.400315791 -0.000187063939
vn -0.291721284 0.956493735 0.00430166954
vn -0.983628631 -0.180207416 0.00021022954
vn -0.472733915 0.881198585 -0.00341037498
vn -0.988169312 -0.153367013 0
vn -0.587507665 0.809190154 0.00678658625
vn -0.996635854 0.0819579735 0
vn -0.692757547 0.721170604 0
vn -0.994757712 0.102259822 0
vn -0.815018833 0.579434395 0.000425336009
vn -0.941052735 0.338259846 0
vn -0.818039238 0.575162351 0
vn -0.937343538 0.348406613 0
vn -0.822779894 0.56836015 0
vn -0.822922826 0.568153143 0
vn 0.500000775 0.866024971 0
vn 0.500000775 0.866024971 0
vn 0.766044319 0.642787814 0
vn 0.766044319 0.642787814 0
vn 0.173649967 0.984807372 0
vn 0.939692736 0.342019677 0
vn 0.173649967 0.984807372 0
vn 0.939692736 0.342019677 0
vn -0.173649967 0.984807491 0
vn 1 0 0
vn -0.173649967 0.984807491 0
vn 1 0 0
vn -0.500000656 0.866024971 0
vn 0.939692736 -0.342019826 0
vn -0.500000656 0.866024971 0
vn 0.939692736 -0.342019826 0
vn -0.76604414 0.642787933 0
vn 0.76604414 -0.642787874 0
vn -0.76604414 0.642787933 0
vn 0.76604414 -0.642787874 0
vn -0.939692616 0.342019975 0
vn 0.500000715 -0.866024971 0
vn -0.939692616 0.342019975 0
vn 0.500000715 -0.866024971 0
vn -1 0 0
vn 0.173649967 -0.984807491 0
vn -1 0 0
vn 0.173649967 -0.984807491 0
vn -0.939692736 -0.342019826 0
vn -0.173649967 -0.984807491 0
vn -0.939692736 -0.342019826 0
vn -0.173649967 -0.984807491 0
vn -0.76604414 -0.642787874 0
vn -0.500000715 -0.866024971 0
vn -0.76604414 -0.642787874 0
vn -0.500000715 -0.866024971 0
vn -0.342019767 0.939692736 0
vn -0.342019767 0.939692736 0
vn -0 1 0
vn -0 1 0
vn -0.642787874 0.766044319 0
vn 0.342019826 0.939692736 0
vn -0.642787874 0.766044319 0
vn 0.342019826 0.939692736 0
vn -0.866024971 0.500000775 0
vn 0.642787874 0.76604414 0
vn -0.866024971 0.500000775 0
vn 0.642787874 0.76604414 0
vn -0.984807372 0.173649967 0
vn 0.866024971 0.500000656 0
vn -0.984807372 0.173649967 0
vn 0.866024971 0.500000656 0
vn -0.984807491 -0.173649967 0
vn 0.984807491 0.173649967 0
vn -0.984807491 -0.173649967 0
vn 0.984807491 0.173649967 0
vn -0.866024971 -0.500000656 0
vn 0.984807372 -0.173649967 0
vn -0.866024971 -0.500000656 0
vn 0.984807372 -0.173649967 0
vn -0.642787933 -0.766044259 0
vn 0.866024971 -0.500000775 0
vn -0.642787933 -0.766044259 0
vn 0.866024971 -0.500000775 0
vn -0.342019886 -0.939692616 0
vn 0.642787874 -0.76604414 0
vn -0.342019886 -0.939692616 0
vn 0.642787874 -0.76604414 0
vn -0 -1 0
vn 0.342019826 -0.939692736 0
vn -0 -1 0
vn 0.342019826 -0.939692736 0
vn -0.173649982 -0.984807491 0
vn -0.500000715 -0.866024971 0
vn -0.500000715 -0.866024971 0
vn -0.173649982 -0.984807491 0
vn -0.76604414 -0.642787874 0
vn 0.173649982 -0.984807491 0
vn -0.76604414 -0.642787874 0
vn 0.173649982 -0.984807491 0
vn -0.939692736 -0.342019826 0
vn 0.500000715 -0.866024971 0
vn -0.939692736 -0.342019826 0
vn 0.500000715 -0.866024971 0
vn -1 0 0
vn 0.76604414 -0.642787874 0
vn -1 0 0
vn 0.76604414 -0.642787874 0
vn -0.939692736 0.342019826 0
vn 0.939692736 -0.342019826 0
vn -0.939692736 0.342019826 0
vn 0.939692736 -0.342019826 0
vn -0.76604414 0.642787874 0
vn 1 0 0
vn -0.76604414 0.642787874 0
vn 1 0 0
vn -0.500000715 0.866024971 0
vn 0.939692736 0.342019826 0
vn -0.500000715 0.866024971 0
vn 0.939692736 0.342019826 0
vn -0.173649982 0.984807491 0
vn 0.76604414 0.642787874 0
vn -0.173649982 0.984807491 0
vn 0.76604414 0.642787874 0
vn 0.173649982 0.984807491 0
vn 0.500000715 0.866024971 0
vn 0.173649982 0.984807491 0
vn 0.500000715 0.866024971 0
vn 0.984807491 -0.173649967 0
vn 0.866024971 -0.500000656 0
vn 0.866024971 -0.500000656 0
vn 0.984807491 -0.173649967 0
vn 0.642787874 -0.766044319 0
vn 0.984807372 0.173649967 0
vn 0.642787874 -0.766044319 0
vn 0.984807372 0.173649967 0
vn 0.342019886 -0.939692616 0
vn 0.866024971 0.500000775 0
vn 0.342019886 -0.939692616 0
vn 0.866024971 0.500000775 0
vn -0 -1 0
vn 0.642787933 0.766044259 0
vn -0 -1 0
vn 0.642787933 0.766044259 0
vn -0.342019826 -0.939692736 0
vn 0.342019796 0.939692736 0
vn -0.342019826 -0.939692736 0
vn 0.342019796 0.939692736 0
vn -0.642787814 -0.766044319 0
vn -0 1 0
vn -0.642787814 -0.766044319 0
vn -0 1 0
vn -0.866024971 -0.500000775 0
vn -0.342019826 0.939692736 0
vn -0.866024971 -0.500000775 0
vn -0.342019826 0.939692736 0
vn -0.984807491 -0.173649967 0
vn -0.642787933 0.766044259 0
vn -0.984807491 -0.173649967 0
vn -0.642787933 0.766044259 0
vn -0.984807372 0.173649967 0
vn -0.866024971 0.500000715 0
vn -0.984807372 0.173649967 0
vn -0.866024971 0.500000715 0
g Head_metal_0
f 3/3/3 2/2/2 1/1/1
f 6/6/6 5/5/5 4/4/4
f 9/9/9 8/8/8 7/7/7
f 12/12/12 11/11/11 10/10/10
f 15/15/15 14/14/14 13/13/13
f 18/18/18 17/17/17 16/16/16
f 17/17/17 19/19/19 16/16/16
f 20/20/20 19/19/19 17/17/17
f 21/21/21 20/20/20 17/17/17
f 22/22/22 20/20/20 21/21/21
f 23/23/23 22/22/22 21/21/21
f 24/24/24 22/22/22 23/23/23
f 25/25/25 24/24/24 23/23/23
f 16/16/16 19/19/19 26/26/26
f 27/27/27 24/24/24 25/25/25
f 28/28/28 27/27/27 25/25/25
f 29/29/29 27/27/27 28/28/28
f 30/30/30 27/27/27 29/29/29
f 16/16/16 26/26/26 31/31/31
f 32/32/32 30/30/30 29/29/29
f 33/33/33 30/30/30 32/32/32
f 33/33/33 32/32/32 34/34/34
f 32/32/32 35/35/35 34/34/34
f 16/16/16 31/31/31 36/36/36
f 37/37/37 16/16/16 36/36/36
f 37/37/37 38/38/38 16/16/16
f 34/34/34 35/35/35 39/39/39
f 38/38/38 37/37/37 40/40/40
f 37/37/37 36/36/36 41/41/41
f 35/35/35 42/42/42 39/39/39
f 42/42/42 35/35/35 43/43/43
f 42/42/42 43/43/43 44/44/44
f 43/43/43 45/45/45 44/44/44
f 42/42/42 46/46/46 39/39/39
f 39/39/39 46/46/46 47/47/47
f 46/46/46 48/48/48 47/47/47
f 47/47/47 48/48/48 49/49/49
f 48/48/48 50/50/50 49/49/49
f 49/49/49 50/50/50 51/51/51
f 50/50/50 52/52/52 51/51/51
f 51/51/51 52/52/52 53/53/53
f 53/53/53 52/52/52 54/54/54
f 53/53/53 54/54/54 55/55/55
f 56/56/56 55/55/55 54/54/54
f 57/57/57 56/56/56 54/54/54
f 58/58/58 56/56/56 57/57/57
f 59/59/59 58/58/58 57/57/57
f 60/60/60 58/58/58 59/59/59
f 61/61/61 60/60/60 59/59/59
f 62/62/62 60/60/60 61/61/61
f 62/62/62 63/63/63 60/60/60
f 64/64/64 63/63/63 62/62/62
f 65/65/65 64/64/64 62/62/62
f 68/68/68 67/67/67 66/66/66
f 69/69/69 67/67/67 68/68/68
f 70/70/70 67/67/67 69/69/69
f 71/71/71 67/67/67 70/70/70
f 72/72/72 67/67/67 71/71/71
f 73/73/73 67/67/67 72/72/72
f 67/67/67 73/73/73 74/74/74
f 67/67/67 74/74/74 75/75/75
f 76/76/76 67/67/67 75/75/75
f 77/77/77 67/67/67 76/76/76
f 76/76/76 75/75/75 78/78/78
f 79/79/79 67/67/67 77/77/77
f 76/76/76 78/78/78 80/80/80
f 81/81/81 76/76/76 80/80/80
f 82/82/82 81/81/81 80/80/80
f 83/83/83 82/82/82 80/80/80
f 84/84/84 67/67/67 79/79/79
f 85/85/85 82/82/82 83/83/83
f 86/86/86 67/67/67 84/84/84
f 87/87/87 85/85/85 83/83/83
f 87/87/87 83/83/83 88/88/88
f 83/83/83 89/89/89 88/88/88
f 90/90/90 67/67/67 86/86/86
f 91/91/91 89/89/89 83/83/83
f 91/91/91 83/83/83 92/92/92
f 91/91/91 93/93/93 89/89/89
f 83/83/83 94/94/94 92/92/92
f 91/91/91 95/95/95 93/93/93
f 91/91/91 96/96/96 95/95/95
f 91/91/91 97/97/97 96/96/96
f 94/94/94 98/98/98 92/92/92
f 91/91/91 99/99/99 97/97/97
f 100/100/100 99/99/99 91/91/91
f 100/100/100 101/101/101 99/99/99
f 101/101/101 100/100/100 102/102/102
f 101/101/101 102/102/102 103/103/103
f 104/104/104 91/91/91 92/92/92
f 105/105/105 91/91/91 104/104/104
f 106/106/106 104/104/104 92/92/92
f 98/98/98 107/107/107 92/92/92
f 108/108/108 107/107/107 98/98/98
f 107/107/107 108/108/108 109/109/109
f 107/107/107 109/109/109 110/110/110
f 107/107/107 110/110/110 111/111/111
f 107/107/107 111/111/111 112/112/112
f 107/107/107 112/112/112 113/113/113
f 114/114/114 106/106/106 92/92/92
f 107/107/107 114/114/114 92/92/92
f 113/113/113 115/115/115 107/107/107
f 113/113/113 116/116/116 115/115/115
f 117/117/117 115/115/115 116/116/116
f 107/107/107 118/118/118 114/114/114
f 115/115/115 118/118/118 107/107/107
f 114/114/114 119/119/119 106/106/106
f 114/114/114 118/118/118 119/119/119
f 120/120/120 118/118/118 115/115/115
f 120/120/120 119/119/119 118/118/118
f 106/106/106 119/119/119 121/121/121
f 121/121/121 122/122/122 106/106/106
f 121/121/121 123/123/123 122/122/122
f 124/124/124 120/120/120 115/115/115
f 115/115/115 117/117/117 124/124/124
f 125/125/125 119/119/119 120/120/120
f 125/125/125 120/120/120 124/124/124
f 125/125/125 121/121/121 119/119/119
f 117/117/117 125/125/125 124/124/124
f 126/126/126 121/121/121 125/125/125
f 126/126/126 125/125/125 117/117/117
f 126/126/126 123/123/123 121/121/121
f 127/127/127 126/126/126 117/117/117
f 127/127/127 117/117/117 116/116/116
f 128/128/128 126/126/126 127/127/127
f 128/128/128 123/123/123 126/126/126
f 129/129/129 128/128/128 127/127/127
f 123/123/123 130/130/130 122/122/122
f 122/122/122 130/130/130 131/131/131
f 132/132/132 131/131/131 130/130/130
f 132/132/132 130/130/130 133/133/133
f 123/123/123 133/133/133 130/130/130
f 134/134/134 123/123/123 128/128/128
f 129/129/129 134/134/134 128/128/128
f 135/135/135 133/133/133 123/123/123
f 134/134/134 135/135/135 123/123/123
f 136/136/136 135/135/135 134/134/134
f 129/129/129 137/137/137 134/134/134
f 136/136/136 134/134/134 137/137/137
f 135/135/135 138/138/138 133/133/133
f 138/138/138 135/135/135 136/136/136
f 139/139/139 133/133/133 138/138/138
f 138/138/138 136/136/136 140/140/140
f 139/139/139 138/138/138 140/140/140
f 136/136/136 137/137/137 141/141/141
f 140/140/140 136/136/136 141/141/141
f 142/142/142 137/137/137 129/129/129
f 142/142/142 141/141/141 137/137/137
f 142/142/142 143/143/143 141/141/141
f 140/140/140 141/141/141 144/144/144
f 141/141/141 145/145/145 144/144/144
f 143/143/143 144/144/144 145/145/145
f 141/141/141 143/143/143 145/145/145
f 129/129/129 146/146/146 142/142/142
f 146/146/146 129/129/129 127/127/127
f 147/147/147 146/146/146 127/127/127
f 139/139/139 148/148/148 133/133/133
f 149/149/149 133/133/133 148/148/148
f 150/150/150 149/149/149 148/148/148
f 151/151/151 148/148/148 139/139/139
f 140/140/140 152/152/152 139/139/139
f 152/152/152 140/140/140 144/144/144
f 153/153/153 151/151/151 139/139/139
f 154/154/154 151/151/151 153/153/153
f 155/155/155 139/139/139 152/152/152
f 153/153/153 139/139/139 155/155/155
f 156/156/156 154/154/154 153/153/153
f 157/157/157 154/154/154 156/156/156
f 158/158/158 156/156/156 153/153/153
f 159/159/159 153/153/153 155/155/155
f 158/158/158 153/153/153 159/159/159
f 160/160/160 158/158/158 159/159/159
f 161/161/161 158/158/158 160/160/160
f 162/162/162 156/156/156 158/158/158
f 162/162/162 157/157/157 156/156/156
f 161/161/161 162/162/162 158/158/158
f 157/157/157 162/162/162 163/163/163
f 164/164/164 163/163/163 162/162/162
f 161/161/161 164/164/164 162/162/162
f 163/163/163 164/164/164 161/161/161
f 165/165/165 155/155/155 152/152/152
f 166/166/166 159/159/159 155/155/155
f 166/166/166 155/155/155 165/165/165
f 167/167/167 160/160/160 159/159/159
f 167/167/167 159/159/159 166/166/166
f 165/165/165 152/152/152 168/168/168
f 168/168/168 169/169/169 165/165/165
f 168/168/168 152/152/152 144/144/144
f 170/170/170 169/169/169 168/168/168
f 168/168/168 144/144/144 170/170/170
f 171/171/171 157/157/157 163/163/163
f 171/171/171 163/163/163 172/172/172
f 172/172/172 163/163/163 173/173/173
f 172/172/172 174/174/174 171/171/171
f 174/174/174 175/175/175 171/171/171
f 176/176/176 157/157/157 171/171/171
f 176/176/176 177/177/177 157/157/157
f 171/171/171 178/178/178 176/176/176
f 171/171/171 175/175/175 178/178/178
f 179/179/179 177/177/177 176/176/176
f 176/176/176 178/178/178 179/179/179
f 179/179/179 180/180/180 177/177/177
f 179/179/179 181/181/181 180/180/180
f 181/181/181 182/182/182 180/180/180
f 182/182/182 181/181/181 183/183/183
f 184/184/184 178/178/178 175/175/175
f 185/185/185 178/178/178 184/184/184
f 184/184/184 175/175/175 186/186/186
f 179/179/179 178/178/178 187/187/187
f 179/179/179 187/187/187 181/181/181
f 178/178/178 185/185/185 187/187/187
f 188/188/188 187/187/187 185/185/185
f 181/181/181 189/189/189 183/183/183
f 183/183/183 189/189/189 190/190/190
f 187/187/187 191/191/191 181/181/181
f 191/191/191 187/187/187 188/188/188
f 189/189/189 181/181/181 191/191/191
f 186/186/186 175/175/175 192/192/192
f 192/192/192 175/175/175 193/193/193
f 194/194/194 193/193/193 175/175/175
f 194/194/194 195/195/195 193/193/193
f 195/195/195 194/194/194 196/196/196
f 194/194/194 197/197/197 196/196/196
f 174/174/174 194/194/194 175/175/175
f 197/197/197 198/198/198 196/196/196
f 194/194/194 199/199/199 197/197/197
f 198/198/198 200/200/200 196/196/196
f 194/194/194 201/201/201 199/199/199
f 200/200/200 202/202/202 196/196/196
f 202/202/202 203/203/203 196/196/196
f 196/196/196 203/203/203 204/204/204
f 196/196/196 204/204/204 205/205/205
f 196/196/196 205/205/205 206/206/206
f 205/205/205 207/207/207 206/206/206
f 207/207/207 208/208/208 206/206/206
f 194/194/194 209/209/209 201/201/201
f 174/174/174 210/210/210 194/194/194
f 174/174/174 172/172/172 210/210/210
f 208/208/208 211/211/211 206/206/206
f 208/208/208 212/212/212 211/211/211
f 212/212/212 213/213/213 211/211/211
f 213/213/213 214/214/214 211/211/211
f 214/214/214 215/215/215 211/211/211
f 215/215/215 216/216/216 211/211/211
f 216/216/216 217/217/217 211/211/211
f 206/206/206 211/211/211 218/218/218
f 211/211/211 219/219/219 218/218/218
f 211/211/211 220/220/220 219/219/219
f 217/217/217 221/221/221 211/211/211
f 221/221/221 220/220/220 211/211/211
f 222/222/222 221/221/221 217/217/217
f 223/223/223 221/221/221 222/222/222
f 224/224/224 221/221/221 223/223/223
f 225/225/225 221/221/221 224/224/224
f 206/206/206 218/218/218 226/226/226
f 206/206/206 226/226/226 227/227/227
f 218/218/218 228/228/228 226/226/226
f 206/206/206 227/227/227 229/229/229
f 227/227/227 230/230/230 229/229/229
f 230/230/230 231/231/231 229/229/229
f 231/231/231 232/232/232 229/229/229
f 232/232/232 233/233/233 229/229/229
f 229/229/229 233/233/233 234/234/234
f 233/233/233 235/235/235 234/234/234
f 218/218/218 236/236/236 228/228/228
f 235/235/235 237/237/237 234/234/234
f 237/237/237 238/238/238 234/234/234
f 237/237/237 239/239/239 238/238/238
f 239/239/239 240/240/240 238/238/238
f 240/240/240 241/241/241 238/238/238
f 241/241/241 242/242/242 238/238/238
f 242/242/242 243/243/243 238/238/238
f 243/243/243 244/244/244 238/238/238
f 244/244/244 245/245/245 238/238/238
f 245/245/245 246/246/246 238/238/238
f 247/247/247 246/246/246 245/245/245
f 248/248/248 246/246/246 247/247/247
f 238/238/238 249/249/249 234/234/234
f 234/234/234 249/249/249 250/250/250
f 251/251/251 246/246/246 248/248/248
f 252/252/252 251/251/251 248/248/248
f 253/253/253 251/251/251 252/252/252
f 254/254/254 246/246/246 251/251/251
f 255/255/255 253/253/253 252/252/252
f 256/256/256 238/238/238 246/246/246
f 238/238/238 256/256/256 249/249/249
f 256/256/256 257/257/257 249/249/249
f 256/256/256 258/258/258 257/257/257
f 250/250/250 249/249/249 259/259/259
f 260/260/260 249/249/249 257/257/257
f 249/249/249 260/260/260 259/259/259
f 257/257/257 258/258/258 261/261/261
f 262/262/262 260/260/260 257/257/257
f 262/262/262 257/257/257 261/261/261
f 261/261/261 258/258/258 263/263/263
f 263/263/263 258/258/258 264/264/264
f 264/264/264 265/265/265 263/263/263
f 263/263/263 266/266/266 261/261/261
f 265/265/265 266/266/266 263/263/263
f 265/265/265 267/267/267 266/266/266
f 268/268/268 262/262/262 261/261/261
f 269/269/269 260/260/260 262/262/262
f 269/269/269 262/262/262 268/268/268
f 270/270/270 261/261/261 266/266/266
f 261/261/261 270/270/270 268/268/268
f 269/269/269 271/271/271 260/260/260
f 259/259/259 260/260/260 272/272/272
f 260/260/260 271/271/271 272/272/272
f 273/273/273 269/269/269 268/268/268
f 269/269/269 273/273/273 271/271/271
f 273/273/273 268/268/268 274/274/274
f 273/273/273 275/275/275 271/271/271
f 275/275/275 276/276/276 271/271/271
f 272/272/272 271/271/271 276/276/276
f 272/272/272 276/276/276 277/277/277
f 259/259/259 272/272/272 277/277/277
f 278/278/278 273/273/273 274/274/274
f 259/259/259 277/277/277 279/279/279
f 280/280/280 268/268/268 270/270/270
f 268/268/268 280/280/280 274/274/274
f 281/281/281 280/280/280 270/270/270
f 282/282/282 278/278/278 274/274/274
f 283/283/283 278/278/278 282/282/282
f 284/284/284 259/259/259 279/279/279
f 250/250/250 259/259/259 284/284/284
f 270/270/270 285/285/285 281/281/281
f 285/285/285 270/270/270 266/266/266
f 266/266/266 286/286/286 285/285/285
f 285/285/285 286/286/286 281/281/281
f 267/267/267 286/286/286 266/266/266
f 287/287/287 281/281/281 286/286/286
f 286/286/286 288/288/288 287/287/287
f 289/289/289 286/286/286 267/267/267
f 290/290/290 287/287/287 288/288/288
f 267/267/267 290/290/290 289/289/289
f 291/291/291 287/287/287 290/290/290
f 250/250/250 284/284/284 292/292/292
f 293/293/293 250/250/250 292/292/292
f 290/290/290 267/267/267 294/294/294
f 294/294/294 291/291/291 290/290/290
f 267/267/267 295/295/295 294/294/294
f 294/294/294 295/295/295 296/296/296
f 297/297/297 293/293/293 292/292/292
f 297/297/297 298/298/298 293/293/293
f 299/299/299 291/291/291 294/294/294
f 294/294/294 296/296/296 299/299/299
f 267/267/267 300/300/300 295/295/295
f 267/267/267 265/265/265 300/300/300
f 301/301/301 298/298/298 297/297/297
f 301/301/301 302/302/302 298/298/298
f 303/303/303 302/302/302 301/301/301
f 303/303/303 304/304/304 302/302/302
f 305/305/305 304/304/304 303/303/303
f 305/305/305 306/306/306 304/304/304
f 305/305/305 303/303/303 306/306/306
f 306/306/306 307/307/307 304/304/304
f 306/306/306 308/308/308 307/307/307
f 308/308/308 309/309/309 307/307/307
f 308/308/308 310/310/310 309/309/309
f 310/310/310 311/311/311 309/309/309
f 306/306/306 312/312/312 308/308/308
f 306/306/306 303/303/303 312/312/312
f 310/310/310 313/313/313 311/311/311
f 313/313/313 186/186/186 311/311/311
f 308/308/308 314/314/314 310/310/310
f 308/308/308 312/312/312 314/314/314
f 312/312/312 315/315/315 314/314/314
f 303/303/303 316/316/316 312/312/312
f 312/312/312 316/316/316 315/315/315
f 313/313/313 317/317/317 186/186/186
f 184/184/184 186/186/186 317/317/317
f 310/310/310 314/314/314 318/318/318
f 314/314/314 315/315/315 319/319/319
f 314/314/314 319/319/319 318/318/318
f 320/320/320 319/319/319 315/315/315
f 318/318/318 319/319/319 321/321/321
f 320/320/320 321/321/321 319/319/319
f 310/310/310 318/318/318 322/322/322
f 318/318/318 321/321/321 322/322/322
f 310/310/310 322/322/322 323/323/323
f 310/310/310 323/323/323 313/313/313
f 322/322/322 321/321/321 324/324/324
f 320/320/320 324/324/324 321/321/321
f 322/322/322 324/324/324 323/323/323
f 313/313/313 325/325/325 317/317/317
f 323/323/323 326/326/326 313/313/313
f 326/326/326 325/325/325 313/313/313
f 323/323/323 324/324/324 327/327/327
f 323/323/323 327/327/327 326/326/326
f 328/328/328 317/317/317 325/325/325
f 184/184/184 317/317/317 328/328/328
f 328/328/328 325/325/325 329/329/329
f 325/325/325 326/326/326 329/329/329
f 330/330/330 328/328/328 329/329/329
f 331/331/331 324/324/324 320/320/320
f 331/331/331 327/327/327 324/324/324
f 326/326/326 327/327/327 332/332/332
f 326/326/326 332/332/332 329/329/329
f 330/330/330 329/329/329 333/333/333
f 334/334/334 330/330/330 333/333/333
f 335/335/335 334/334/334 333/333/333
f 329/329/329 332/332/332 336/336/336
f 333/333/333 329/329/329 336/336/336
f 333/333/333 336/336/336 337/337/337
f 338/338/338 333/333/333 337/337/337
f 338/338/338 337/337/337 339/339/339
f 340/340/340 338/338/338 339/339/339
f 327/327/327 341/341/341 332/332/332
f 341/341/341 327/327/327 331/331/331
f 342/342/342 332/332/332 341/341/341
f 340/340/340 339/339/339 343/343/343
f 344/344/344 340/340/340 343/343/343
f 345/345/345 342/342/342 341/341/341
f 346/346/346 342/342/342 345/345/345
f 339/339/339 346/346/346 347/347/347
f 347/347/347 346/346/346 345/345/345
f 341/341/341 348/348/348 345/345/345
f 348/348/348 347/347/347 345/345/345
f 349/349/349 339/339/339 347/347/347
f 343/343/343 339/339/339 349/349/349
f 344/344/344 343/343/343 350/350/350
f 351/351/351 344/344/344 350/350/350
f 350/350/350 184/184/184 351/351/351
f 347/347/347 352/352/352 349/349/349
f 352/352/352 347/347/347 348/348/348
f 343/343/343 349/349/349 353/353/353
f 350/350/350 343/343/343 353/353/353
f 353/353/353 349/349/349 352/352/352
f 354/354/354 348/348/348 341/341/341
f 354/354/354 341/341/341 331/331/331
f 352/352/352 348/348/348 160/160/160
f 348/348/348 354/354/354 160/160/160
f 353/353/353 352/352/352 355/355/355
f 352/352/352 160/160/160 355/355/355
f 356/356/356 350/350/350 353/353/353
f 353/353/353 355/355/355 356/356/356
f 331/331/331 161/161/161 354/354/354
f 354/354/354 161/161/161 160/160/160
f 355/355/355 160/160/160 357/357/357
f 356/356/356 355/355/355 357/357/357
f 357/357/357 160/160/160 167/167/167
f 167/167/167 356/356/356 357/357/357
f 331/331/331 358/358/358 161/161/161
f 358/358/358 163/163/163 161/161/161
f 320/320/320 358/358/358 331/331/331
f 163/163/163 358/358/358 359/359/359
f 358/358/358 320/320/320 359/359/359
f 173/173/173 163/163/163 359/359/359
f 350/350/350 356/356/356 360/360/360
f 360/360/360 184/184/184 350/350/350
f 167/167/167 361/361/361 356/356/356
f 356/356/356 361/361/361 360/360/360
f 167/167/167 362/362/362 361/361/361
f 361/361/361 362/362/362 360/360/360
f 166/166/166 362/362/362 167/167/167
f 363/363/363 184/184/184 360/360/360
f 360/360/360 362/362/362 363/363/363
f 363/363/363 364/364/364 184/184/184
f 364/364/364 185/185/185 184/184/184
f 188/188/188 185/185/185 364/364/364
f 363/363/363 362/362/362 365/365/365
f 365/365/365 364/364/364 363/363/363
f 166/166/166 366/366/366 362/362/362
f 362/362/362 366/366/366 365/365/365
f 166/166/166 367/367/367 366/366/366
f 365/365/365 366/366/366 367/367/367
f 165/165/165 367/367/367 166/166/166
f 165/165/165 368/368/368 367/367/367
f 365/365/365 367/367/367 368/368/368
f 165/165/165 169/169/169 368/368/368
f 369/369/369 364/364/364 365/365/365
f 365/365/365 368/368/368 369/369/369
f 369/369/369 188/188/188 364/364/364
f 369/369/369 368/368/368 169/169/169
f 370/370/370 188/188/188 369/369/369
f 369/369/369 169/169/169 370/370/370
f 370/370/370 371/371/371 188/188/188
f 371/371/371 372/372/372 188/188/188
f 372/372/372 191/191/191 188/188/188
f 372/372/372 189/189/189 191/191/191
f 189/189/189 372/372/372 373/373/373
f 371/371/371 373/373/373 372/372/372
f 371/371/371 374/374/374 373/373/373
f 375/375/375 189/189/189 373/373/373
f 190/190/190 189/189/189 375/375/375
f 190/190/190 375/375/375 376/376/376
f 373/373/373 377/377/377 375/375/375
f 374/374/374 377/377/377 373/373/373
f 376/376/376 375/375/375 378/378/378
f 377/377/377 378/378/378 375/375/375
f 376/376/376 378/378/378 379/379/379
f 377/377/377 380/380/380 378/378/378
f 374/374/374 380/380/380 377/377/377
f 379/379/379 378/378/378 381/381/381
f 380/380/380 381/381/381 378/378/378
f 379/379/379 381/381/381 382/382/382
f 381/381/381 380/380/380 383/383/383
f 374/374/374 383/383/383 380/380/380
f 382/382/382 381/381/381 384/384/384
f 384/384/384 381/381/381 383/383/383
f 382/382/382 384/384/384 385/385/385
f 383/383/383 386/386/386 384/384/384
f 387/387/387 383/383/383 374/374/374
f 384/384/384 388/388/388 385/385/385
f 386/386/386 388/388/388 384/384/384
f 389/389/389 385/385/385 388/388/388
f 388/388/388 386/386/386 390/390/390
f 388/388/388 391/391/391 389/389/389
f 388/388/388 390/390/390 391/391/391
f 389/389/389 391/391/391 392/392/392
f 393/393/393 392/392/392 391/391/391
f 391/391/391 390/390/390 394/394/394
f 394/394/394 393/393/393 391/391/391
f 394/394/394 395/395/395 393/393/393
f 390/390/390 396/396/396 394/394/394
f 397/397/397 395/395/395 394/394/394
f 394/394/394 396/396/396 397/397/397
f 395/395/395 397/397/397 398/398/398
f 399/399/399 397/397/397 396/396/396
f 398/398/398 397/397/397 399/399/399
f 400/400/400 399/399/399 396/396/396
f 398/398/398 399/399/399 401/401/401
f 402/402/402 399/399/399 400/400/400
f 401/401/401 399/399/399 402/402/402
f 401/401/401 402/402/402 403/403/403
f 404/404/404 402/402/402 400/400/400
f 403/403/403 402/402/402 405/405/405
f 405/405/405 402/402/402 404/404/404
f 403/403/403 405/405/405 406/406/406
f 406/406/406 405/405/405 407/407/407
f 406/406/406 407/407/407 408/408/408
f 409/409/409 405/405/405 404/404/404
f 407/407/407 405/405/405 409/409/409
f 408/408/408 407/407/407 410/410/410
f 408/408/408 410/410/410 411/411/411
f 412/412/412 407/407/407 409/409/409
f 410/410/410 407/407/407 412/412/412
f 409/409/409 404/404/404 225/225/225
f 412/412/412 409/409/409 225/225/225
f 411/411/411 410/410/410 413/413/413
f 411/411/411 413/413/413 414/414/414
f 415/415/415 410/410/410 412/412/412
f 415/415/415 412/412/412 225/225/225
f 413/413/413 410/410/410 415/415/415
f 404/404/404 221/221/221 225/225/225
f 404/404/404 416/416/416 221/221/221
f 415/415/415 225/225/225 209/209/209
f 416/416/416 417/417/417 221/221/221
f 418/418/418 415/415/415 209/209/209
f 418/418/418 413/413/413 415/415/415
f 419/419/419 418/418/418 209/209/209
f 418/418/418 419/419/419 413/413/413
f 194/194/194 419/419/419 209/209/209
f 414/414/414 413/413/413 420/420/420
f 420/420/420 413/413/413 419/419/419
f 414/414/414 420/420/420 421/421/421
f 419/419/419 194/194/194 422/422/422
f 422/422/422 420/420/420 419/419/419
f 420/420/420 422/422/422 421/421/421
f 210/210/210 422/422/422 194/194/194
f 421/421/421 422/422/422 210/210/210
f 421/421/421 210/210/210 172/172/172
f 423/423/423 221/221/221 417/417/417
f 424/424/424 423/423/423 417/417/417
f 423/423/423 425/425/425 221/221/221
f 425/425/425 426/426/426 221/221/221
f 427/427/427 425/425/425 423/423/423
f 426/426/426 220/220/220 221/221/221
f 426/426/426 428/428/428 220/220/220
f 425/425/425 428/428/428 426/426/426
f 220/220/220 428/428/428 429/429/429
f 425/425/425 430/430/430 428/428/428
f 220/220/220 429/429/429 219/219/219
f 429/429/429 431/431/431 219/219/219
f 425/425/425 432/432/432 430/430/430
f 431/431/431 433/433/433 219/219/219
f 424/424/424 434/434/434 423/423/423
f 434/434/434 427/427/427 423/423/423
f 219/219/219 433/433/433 435/435/435
f 433/433/433 436/436/436 435/435/435
f 437/437/437 436/436/436 433/433/433
f 438/438/438 436/436/436 437/437/437
f 439/439/439 438/438/438 437/437/437
f 440/440/440 438/438/438 439/439/439
f 441/441/441 440/440/440 439/439/439
f 440/440/440 441/441/441 442/442/442
f 443/443/443 440/440/440 442/442/442
f 443/443/443 442/442/442 432/432/432
f 436/436/436 253/253/253 435/435/435
f 444/444/444 443/443/443 432/432/432
f 219/219/219 435/435/435 445/445/445
f 445/445/445 435/435/435 253/253/253
f 432/432/432 446/446/446 444/444/444
f 446/446/446 432/432/432 425/425/425
f 447/447/447 219/219/219 445/445/445
f 219/219/219 447/447/447 218/218/218
f 448/448/448 445/445/445 253/253/253
f 448/448/448 253/253/253 255/255/255
f 447/447/447 445/445/445 449/449/449
f 449/449/449 445/445/445 448/448/448
f 450/450/450 448/448/448 255/255/255
f 450/450/450 449/449/449 448/448/448
f 451/451/451 450/450/450 255/255/255
f 451/451/451 452/452/452 450/450/450
f 218/218/218 447/447/447 453/453/453
f 453/453/453 447/447/447 449/449/449
f 452/452/452 454/454/454 450/450/450
f 454/454/454 218/218/218 453/453/453
f 454/454/454 452/452/452 455/455/455
f 236/236/236 218/218/218 454/454/454
f 455/455/455 236/236/236 454/454/454
f 456/456/456 453/453/453 449/449/449
f 456/456/456 449/449/449 450/450/450
f 456/456/456 450/450/450 454/454/454
f 454/454/454 453/453/453 456/456/456
f 67/67/67 458/458/458 457/457/457
f 67/67/67 459/459/459 458/458/458
f 67/67/67 460/460/460 459/459/459
f 67/67/67 461/461/461 460/460/460
f 67/67/67 462/462/462 461/461/461
f 67/67/67 463/463/463 462/462/462
f 464/464/464 463/463/463 67/67/67
f 465/465/465 464/464/464 67/67/67
f 466/466/466 465/465/465 67/67/67
f 467/467/467 466/466/466 67/67/67
f 467/467/467 67/67/67 90/90/90
f 465/465/465 468/468/468 464/464/464
f 469/469/469 467/467/467 90/90/90
f 464/464/464 468/468/468 470/470/470
f 464/464/464 470/470/470 471/471/471
f 464/464/464 471/471/471 472/472/472
f 472/472/472 473/473/473 464/464/464
f 474/474/474 473/473/473 472/472/472
f 473/473/473 474/474/474 475/475/475
f 473/473/473 475/475/475 476/476/476
f 473/473/473 476/476/476 477/477/477
f 473/473/473 477/477/477 478/478/478
f 473/473/473 478/478/478 479/479/479
f 480/480/480 469/469/469 90/90/90
f 481/481/481 469/469/469 480/480/480
f 481/481/481 482/482/482 469/469/469
f 481/481/481 483/483/483 482/482/482
f 484/484/484 483/483/483 481/481/481
f 473/473/473 479/479/479 485/485/485
f 486/486/486 481/481/481 480/480/480
f 481/481/481 486/486/486 487/487/487
f 481/481/481 487/487/487 488/488/488
f 481/481/481 488/488/488 489/489/489
f 489/489/489 488/488/488 490/490/490
f 473/473/473 485/485/485 491/491/491
f 492/492/492 473/473/473 491/491/491
f 493/493/493 473/473/473 492/492/492
f 491/491/491 485/485/485 494/494/494
f 494/494/494 485/485/485 495/495/495
f 495/495/495 485/485/485 496/496/496
f 485/485/485 497/497/497 496/496/496
f 498/498/498 496/496/496 497/497/497
f 497/497/497 485/485/485 499/499/499
f 500/500/500 498/498/498 497/497/497
f 500/500/500 497/497/497 501/501/501
f 500/500/500 501/501/501 502/502/502
f 503/503/503 500/500/500 502/502/502
f 503/503/503 502/502/502 504/504/504
f 505/505/505 503/503/503 504/504/504
f 505/505/505 504/504/504 506/506/506
f 507/507/507 505/505/505 506/506/506
f 508/508/508 507/507/507 506/506/506
f 509/509/509 507/507/507 508/508/508
f 510/510/510 509/509/509 508/508/508
f 497/497/497 511/511/511 501/501/501
f 512/512/512 511/511/511 497/497/497
f 512/512/512 497/497/497 513/513/513
f 497/497/497 499/499/499 513/513/513
f 499/499/499 514/514/514 513/513/513
f 513/513/513 514/514/514 515/515/515
f 499/499/499 516/516/516 514/514/514
f 516/516/516 517/517/517 514/514/514
f 514/514/514 517/517/517 518/518/518
f 514/514/514 518/518/518 519/519/519
f 514/514/514 519/519/519 520/520/520
f 514/514/514 520/520/520 521/521/521
f 520/520/520 522/522/522 521/521/521
f 525/525/525 524/524/524 523/523/523
f 523/523/523 524/524/524 526/526/526
f 527/527/527 523/523/523 526/526/526
f 528/528/528 527/527/527 526/526/526
f 529/529/529 528/528/528 526/526/526
f 530/530/530 529/529/529 526/526/526
f 526/526/526 524/524/524 531/531/531
f 532/532/532 530/530/530 526/526/526
f 533/533/533 530/530/530 532/532/532
f 534/534/534 533/533/533 532/532/532
f 524/524/524 535/535/535 531/531/531
f 531/531/531 535/535/535 536/536/536
f 535/535/535 537/537/537 536/536/536
f 535/535/535 538/538/538 537/537/537
f 538/538/538 539/539/539 537/537/537
f 538/538/538 540/540/540 539/539/539
f 540/540/540 541/541/541 539/539/539
f 540/540/540 542/542/542 541/541/541
f 542/542/542 543/543/543 541/541/541
f 542/542/542 544/544/544 543/543/543
f 544/544/544 545/545/545 543/543/543
f 544/544/544 546/546/546 545/545/545
f 549/549/549 548/548/548 547/547/547
f 550/550/550 549/549/549 547/547/547
f 551/551/551 549/549/549 550/550/550
f 551/551/551 552/552/552 549/549/549
f 553/553/553 552/552/552 551/551/551
f 556/556/556 555/555/555 554/554/554
f 557/557/557 556/556/556 554/554/554
f 558/558/558 556/556/556 557/557/557
f 559/559/559 556/556/556 558/558/558
f 562/562/562 561/561/561 560/560/560
f 562/562/562 560/560/560 563/563/563
f 564/564/564 563/563/563 560/560/560
f 565/565/565 563/563/563 564/564/564
f 564/564/564 566/566/566 565/565/565
f 565/565/565 566/566/566 567/567/567
f 568/568/568 565/565/565 567/567/567
f 569/569/569 568/568/568 567/567/567
f 570/570/570 568/568/568 569/569/569
f 569/569/569 571/571/571 570/570/570
f 569/569/569 567/567/567 572/572/572
f 572/572/572 571/571/571 569/569/569
f 566/566/566 573/573/573 567/567/567
f 572/572/572 567/567/567 573/573/573
f 564/564/564 574/574/574 566/566/566
f 575/575/575 573/573/573 566/566/566
f 572/572/572 573/573/573 576/576/576
f 576/576/576 571/571/571 572/572/572
f 575/575/575 577/577/577 573/573/573
f 576/576/576 573/573/573 577/577/577
f 578/578/578 577/577/577 575/575/575
f 579/579/579 574/574/574 564/564/564
f 579/579/579 564/564/564 580/580/580
f 580/580/580 581/581/581 579/579/579
f 581/581/581 582/582/582 579/579/579
f 583/583/583 571/571/571 576/576/576
f 576/576/576 577/577/577 583/583/583
f 578/578/578 584/584/584 577/577/577
f 583/583/583 577/577/577 584/584/584
f 585/585/585 584/584/584 578/578/578
f 586/586/586 574/574/574 579/579/579
f 586/586/586 587/587/587 574/574/574
f 585/585/585 588/588/588 584/584/584
f 589/589/589 588/588/588 585/585/585
f 590/590/590 586/586/586 579/579/579
f 579/579/579 582/582/582 590/590/590
f 582/582/582 591/591/591 590/590/590
f 590/590/590 591/591/591 592/592/592
f 582/582/582 593/593/593 591/591/591
f 594/594/594 593/593/593 582/582/582
f 595/595/595 587/587/587 586/586/586
f 586/586/586 596/596/596 595/595/595
f 596/596/596 597/597/597 595/595/595
f 598/598/598 597/597/597 596/596/596
f 599/599/599 597/597/597 598/598/598
f 600/600/600 597/597/597 599/599/599
f 601/601/601 597/597/597 600/600/600
f 602/602/602 594/594/594 582/582/582
f 602/602/602 582/582/582 603/603/603
f 604/604/604 594/594/594 602/602/602
f 604/604/604 605/605/605 594/594/594
f 602/602/602 606/606/606 604/604/604
f 607/607/607 587/587/587 595/595/595
f 607/607/607 608/608/608 587/587/587
f 607/607/607 609/609/609 608/608/608
f 609/609/609 607/607/607 610/610/610
f 595/595/595 597/597/597 611/611/611
f 607/607/607 595/595/595 611/611/611
f 612/612/612 610/610/610 607/607/607
f 612/612/612 607/607/607 611/611/611
f 597/597/597 613/613/613 611/611/611
f 613/613/613 612/612/612 611/611/611
f 610/610/610 612/612/612 613/613/613
f 614/614/614 610/610/610 613/613/613
f 597/597/597 615/615/615 613/613/613
f 616/616/616 614/614/614 613/613/613
f 615/615/615 616/616/616 613/613/613
f 616/616/616 617/617/617 614/614/614
f 618/618/618 617/617/617 616/616/616
f 618/618/618 616/616/616 615/615/615
f 618/618/618 615/615/615 619/619/619
f 618/618/618 620/620/620 617/617/617
f 620/620/620 618/618/618 619/619/619
f 621/621/621 619/619/619 615/615/615
f 621/621/621 615/615/615 622/622/622
f 615/615/615 623/623/623 622/622/622
f 623/623/623 592/592/592 622/622/622
f 624/624/624 621/621/621 622/622/622
f 625/625/625 624/624/624 622/622/622
f 592/592/592 625/625/625 622/622/622
f 592/592/592 591/591/591 625/625/625
f 625/625/625 591/591/591 626/626/626
f 627/627/627 626/626/626 591/591/591
f 627/627/627 591/591/591 628/628/628
f 629/629/629 627/627/627 628/628/628
f 628/628/628 591/591/591 593/593/593
f 628/628/628 593/593/593 630/630/630
f 630/630/630 593/593/593 631/631/631
f 632/632/632 630/630/630 631/631/631
f 631/631/631 593/593/593 633/633/633
f 633/633/633 593/593/593 634/634/634
f 635/635/635 630/630/630 632/632/632
f 634/634/634 593/593/593 636/636/636
f 637/637/637 634/634/634 636/636/636
f 638/638/638 637/637/637 636/636/636
f 639/639/639 638/638/638 636/636/636
f 640/640/640 639/639/639 636/636/636
f 641/641/641 640/640/640 636/636/636
f 642/642/642 641/641/641 636/636/636
f 643/643/643 642/642/642 636/636/636
f 644/644/644 636/636/636 593/593/593
f 636/636/636 644/644/644 645/645/645
f 636/636/636 645/645/645 646/646/646
f 643/643/643 636/636/636 646/646/646
f 647/647/647 643/643/643 646/646/646
f 648/648/648 647/647/647 646/646/646
f 646/646/646 645/645/645 649/649/649
f 650/650/650 648/648/648 646/646/646
f 649/649/649 645/645/645 651/651/651
f 652/652/652 648/648/648 650/650/650
f 653/653/653 652/652/652 650/650/650
f 654/654/654 653/653/653 650/650/650
f 655/655/655 654/654/654 650/650/650
f 656/656/656 655/655/655 650/650/650
f 656/656/656 657/657/657 655/655/655
f 656/656/656 658/658/658 657/657/657
f 658/658/658 659/659/659 657/657/657
f 658/658/658 660/660/660 659/659/659
f 651/651/651 645/645/645 661/661/661
f 658/658/658 662/662/662 660/660/660
f 662/662/662 663/663/663 660/660/660
f 662/662/662 664/664/664 663/663/663
f 664/664/664 665/665/665 663/663/663
f 664/664/664 666/666/666 665/665/665
f 666/666/666 667/667/667 665/665/665
f 666/666/666 668/668/668 667/667/667
f 667/667/667 668/668/668 669/669/669
f 666/666/666 664/664/664 670/670/670
f 666/666/666 670/670/670 668/668/668
f 671/671/671 664/664/664 662/662/662
f 664/664/664 671/671/671 670/670/670
f 670/670/670 672/672/672 668/668/668
f 670/670/670 671/671/671 672/672/672
f 673/673/673 671/671/671 662/662/662
f 673/673/673 662/662/662 658/658/658
f 671/671/671 673/673/673 672/672/672
f 674/674/674 673/673/673 658/658/658
f 675/675/675 674/674/674 658/658/658
f 656/656/656 675/675/675 658/658/658
f 668/668/668 672/672/672 676/676/676
f 668/668/668 676/676/676 669/669/669
f 673/673/673 677/677/677 672/672/672
f 672/672/672 677/677/677 676/676/676
f 673/673/673 674/674/674 677/677/677
f 678/678/678 675/675/675 656/656/656
f 678/678/678 679/679/679 675/675/675
f 679/679/679 680/680/680 675/675/675
f 681/681/681 678/678/678 656/656/656
f 682/682/682 681/681/681 656/656/656
f 683/683/683 682/682/682 656/656/656
f 683/683/683 684/684/684 682/682/682
f 680/680/680 685/685/685 675/675/675
f 683/683/683 686/686/686 684/684/684
f 685/685/685 687/687/687 675/675/675
f 688/688/688 686/686/686 683/683/683
f 687/687/687 689/689/689 675/675/675
f 690/690/690 688/688/688 683/683/683
f 691/691/691 690/690/690 683/683/683
f 692/692/692 691/691/691 683/683/683
f 689/689/689 693/693/693 675/675/675
f 694/694/694 692/692/692 683/683/683
f 695/695/695 694/694/694 683/683/683
f 694/694/694 696/696/696 692/692/692
f 694/694/694 697/697/697 696/696/696
f 694/694/694 695/695/695 698/698/698
f 694/694/694 698/698/698 699/699/699
f 700/700/700 699/699/699 698/698/698
f 694/694/694 701/701/701 697/697/697
f 702/702/702 699/699/699 700/700/700
f 703/703/703 699/699/699 702/702/702
f 703/703/703 702/702/702 704/704/704
f 693/693/693 705/705/705 675/675/675
f 706/706/706 705/705/705 693/693/693
f 707/707/707 705/705/705 706/706/706
f 708/708/708 705/705/705 707/707/707
f 709/709/709 705/705/705 708/708/708
f 705/705/705 710/710/710 675/675/675
f 675/675/675 710/710/710 674/674/674
f 711/711/711 704/704/704 702/702/702
f 711/711/711 702/702/702 712/712/712
f 713/713/713 711/711/711 712/712/712
f 713/713/713 712/712/712 714/714/714
f 715/715/715 713/713/713 714/714/714
f 715/715/715 714/714/714 716/716/716
f 717/717/717 715/715/715 716/716/716
f 717/717/717 716/716/716 718/718/718
f 719/719/719 717/717/717 718/718/718
f 719/719/719 718/718/718 720/720/720
f 719/719/719 720/720/720 717/717/717
f 720/720/720 718/718/718 721/721/721
f 717/717/717 722/722/722 715/715/715
f 717/717/717 720/720/720 722/722/722
f 715/715/715 723/723/723 713/713/713
f 715/715/715 722/722/722 723/723/723
f 722/722/722 724/724/724 723/723/723
f 720/720/720 721/721/721 725/725/725
f 725/725/725 721/721/721 726/726/726
f 722/722/722 727/727/727 724/724/724
f 720/720/720 727/727/727 722/722/722
f 725/725/725 726/726/726 728/728/728
f 728/728/728 726/726/726 729/729/729
f 728/728/728 729/729/729 730/730/730
f 730/730/730 729/729/729 731/731/731
f 732/732/732 730/730/730 731/731/731
f 732/732/732 731/731/731 733/733/733
f 732/732/732 733/733/733 661/661/661
f 728/728/728 734/734/734 725/725/725
f 730/730/730 735/735/735 728/728/728
f 735/735/735 734/734/734 728/728/728
f 735/735/735 730/730/730 736/736/736
f 730/730/730 732/732/732 736/736/736
f 725/725/725 737/737/737 720/720/720
f 734/734/734 737/737/737 725/725/725
f 738/738/738 735/735/735 736/736/736
f 735/735/735 738/738/738 734/734/734
f 734/734/734 738/738/738 739/739/739
f 738/738/738 736/736/736 740/740/740
f 736/736/736 732/732/732 741/741/741
f 740/740/740 736/736/736 741/741/741
f 742/742/742 732/732/732 661/661/661
f 732/732/732 742/742/742 741/741/741
f 734/734/734 743/743/743 737/737/737
f 734/734/734 739/739/739 743/743/743
f 744/744/744 720/720/720 737/737/737
f 743/743/743 745/745/745 737/737/737
f 737/737/737 745/745/745 744/744/744
f 743/743/743 746/746/746 745/745/745
f 743/743/743 739/739/739 747/747/747
f 743/743/743 747/747/747 746/746/746
f 744/744/744 748/748/748 720/720/720
f 720/720/720 748/748/748 727/727/727
f 745/745/745 749/749/749 744/744/744
f 745/745/745 746/746/746 749/749/749
f 750/750/750 727/727/727 748/748/748
f 724/724/724 727/727/727 750/750/750
f 744/744/744 751/751/751 748/748/748
f 751/751/751 744/744/744 749/749/749
f 748/748/748 751/751/751 750/750/750
f 752/752/752 751/751/751 749/749/749
f 752/752/752 750/750/750 751/751/751
f 753/753/753 750/750/750 752/752/752
f 749/749/749 754/754/754 752/752/752
f 746/746/746 754/754/754 749/749/749
f 752/752/752 754/754/754 755/755/755
f 752/752/752 755/755/755 753/753/753
f 756/756/756 724/724/724 750/750/750
f 756/756/756 750/750/750 753/753/753
f 746/746/746 757/757/757 754/754/754
f 754/754/754 757/757/757 755/755/755
f 746/746/746 758/758/758 757/757/757
f 755/755/755 757/757/757 759/759/759
f 758/758/758 759/759/759 757/757/757
f 759/759/759 758/758/758 760/760/760
f 761/761/761 758/758/758 746/746/746
f 747/747/747 761/761/761 746/746/746
f 760/760/760 758/758/758 762/762/762
f 758/758/758 761/761/761 762/762/762
f 763/763/763 755/755/755 759/759/759
f 753/753/753 755/755/755 764/764/764
f 764/764/764 755/755/755 763/763/763
f 765/765/765 759/759/759 760/760/760
f 763/763/763 759/759/759 765/765/765
f 747/747/747 766/766/766 761/761/761
f 767/767/767 762/762/762 761/761/761
f 766/766/766 767/767/767 761/761/761
f 767/767/767 768/768/768 762/762/762
f 768/768/768 769/769/769 762/762/762
f 770/770/770 769/769/769 760/760/760
f 766/766/766 747/747/747 771/771/771
f 747/747/747 739/739/739 771/771/771
f 766/766/766 772/772/772 767/767/767
f 771/771/771 772/772/772 766/766/766
f 773/773/773 764/764/764 763/763/763
f 763/763/763 774/774/774 773/773/773
f 774/774/774 763/763/763 765/765/765
f 764/764/764 773/773/773 775/775/775
f 753/753/753 764/764/764 775/775/775
f 760/760/760 776/776/776 765/765/765
f 765/765/765 776/776/776 777/777/777
f 774/774/774 765/765/765 777/777/777
f 760/760/760 778/778/778 776/776/776
f 760/760/760 779/779/779 778/778/778
f 769/769/769 779/779/779 760/760/760
f 769/769/769 780/780/780 779/779/779
f 769/769/769 781/781/781 780/780/780
f 774/774/774 777/777/777 782/782/782
f 768/768/768 781/781/781 769/769/769
f 774/774/774 783/783/783 773/773/773
f 774/774/774 782/782/782 783/783/783
f 784/784/784 773/773/773 783/783/783
f 775/775/775 773/773/773 784/784/784
f 783/783/783 782/782/782 785/785/785
f 785/785/785 784/784/784 783/783/783
f 785/785/785 782/782/782 786/786/786
f 786/786/786 787/787/787 785/785/785
f 787/787/787 788/788/788 785/785/785
f 789/789/789 784/784/784 785/785/785
f 788/788/788 789/789/789 785/785/785
f 790/790/790 775/775/775 784/784/784
f 791/791/791 790/790/790 784/784/784
f 789/789/789 791/791/791 784/784/784
f 790/790/790 792/792/792 775/775/775
f 791/791/791 792/792/792 790/790/790
f 792/792/792 753/753/753 775/775/775
f 793/793/793 753/753/753 792/792/792
f 793/793/793 756/756/756 753/753/753
f 794/794/794 792/792/792 791/791/791
f 794/794/794 793/793/793 792/792/792
f 795/795/795 794/794/794 791/791/791
f 795/795/795 791/791/791 789/789/789
f 793/793/793 794/794/794 795/795/795
f 796/796/796 795/795/795 789/789/789
f 788/788/788 796/796/796 789/789/789
f 797/797/797 793/793/793 795/795/795
f 797/797/797 795/795/795 796/796/796
f 788/788/788 797/797/797 796/796/796
f 756/756/756 793/793/793 797/797/797
f 788/788/788 798/798/798 797/797/797
f 798/798/798 756/756/756 797/797/797
f 788/788/788 787/787/787 798/798/798
f 799/799/799 756/756/756 798/798/798
f 799/799/799 798/798/798 800/800/800
f 799/799/799 724/724/724 756/756/756
f 800/800/800 724/724/724 799/799/799
f 787/787/787 801/801/801 798/798/798
f 801/801/801 800/800/800 798/798/798
f 801/801/801 787/787/787 802/802/802
f 800/800/800 803/803/803 724/724/724
f 723/723/723 724/724/724 803/803/803
f 723/723/723 803/803/803 804/804/804
f 713/713/713 723/723/723 804/804/804
f 804/804/804 803/803/803 805/805/805
f 800/800/800 805/805/805 803/803/803
f 800/800/800 801/801/801 806/806/806
f 806/806/806 801/801/801 802/802/802
f 713/713/713 804/804/804 807/807/807
f 804/804/804 805/805/805 807/807/807
f 800/800/800 808/808/808 805/805/805
f 807/807/807 805/805/805 808/808/808
f 806/806/806 808/808/808 800/800/800
f 713/713/713 807/807/807 809/809/809
f 807/807/807 808/808/808 809/809/809
f 713/713/713 809/809/809 711/711/711
f 809/809/809 808/808/808 810/810/810
f 806/806/806 810/810/810 808/808/808
f 809/809/809 811/811/811 711/711/711
f 809/809/809 810/810/810 811/811/811
f 711/711/711 811/811/811 704/704/704
f 812/812/812 810/810/810 806/806/806
f 810/810/810 813/813/813 811/811/811
f 812/812/812 813/813/813 810/810/810
f 811/811/811 814/814/814 704/704/704
f 811/811/811 813/813/813 814/814/814
f 815/815/815 704/704/704 814/814/814
f 703/703/703 704/704/704 815/815/815
f 815/815/815 814/814/814 816/816/816
f 813/813/813 816/816/816 814/814/814
f 817/817/817 815/815/815 816/816/816
f 813/813/813 818/818/818 816/816/816
f 819/819/819 813/813/813 812/812/812
f 817/817/817 816/816/816 820/820/820
f 820/820/820 816/816/816 818/818/818
f 821/821/821 817/817/817 820/820/820
f 822/822/822 821/821/821 820/820/820
f 820/820/820 818/818/818 823/823/823
f 824/824/824 820/820/820 823/823/823
f 824/824/824 823/823/823 825/825/825
f 826/826/826 824/824/824 825/825/825
f 827/827/827 819/819/819 812/812/812
f 828/828/828 819/819/819 827/827/827
f 812/812/812 829/829/829 827/827/827
f 829/829/829 812/812/812 806/806/806
f 806/806/806 802/802/802 829/829/829
f 829/829/829 802/802/802 830/830/830
f 831/831/831 828/828/828 827/827/827
f 829/829/829 831/831/831 827/827/827
f 825/825/825 828/828/828 831/831/831
f 832/832/832 831/831/831 829/829/829
f 832/832/832 829/829/829 830/830/830
f 825/825/825 833/833/833 826/826/826
f 833/833/833 834/834/834 826/826/826
f 835/835/835 834/834/834 833/833/833
f 836/836/836 825/825/825 831/831/831
f 831/831/831 832/832/832 836/836/836
f 836/836/836 837/837/837 825/825/825
f 837/837/837 836/836/836 832/832/832
f 837/837/837 833/833/833 825/825/825
f 833/833/833 838/838/838 835/835/835
f 838/838/838 703/703/703 835/835/835
f 837/837/837 832/832/832 839/839/839
f 832/832/832 830/830/830 839/839/839
f 840/840/840 833/833/833 837/837/837
f 837/837/837 839/839/839 840/840/840
f 833/833/833 840/840/840 838/838/838
f 839/839/839 830/830/830 841/841/841
f 840/840/840 839/839/839 841/841/841
f 842/842/842 840/840/840 841/841/841
f 841/841/841 830/830/830 842/842/842
f 840/840/840 843/843/843 838/838/838
f 842/842/842 843/843/843 840/840/840
f 843/843/843 844/844/844 838/838/838
f 842/842/842 844/844/844 843/843/843
f 845/845/845 703/703/703 838/838/838
f 838/838/838 844/844/844 845/845/845
f 842/842/842 830/830/830 846/846/846
f 847/847/847 844/844/844 842/842/842
f 842/842/842 846/846/846 847/847/847
f 830/830/830 848/848/848 846/846/846
f 802/802/802 848/848/848 830/830/830
f 845/845/845 844/844/844 849/849/849
f 845/845/845 850/850/850 703/703/703
f 849/849/849 850/850/850 845/845/845
f 847/847/847 851/851/851 844/844/844
f 844/844/844 851/851/851 849/849/849
f 847/847/847 852/852/852 851/851/851
f 849/849/849 851/851/851 852/852/852
f 847/847/847 846/846/846 853/853/853
f 854/854/854 852/852/852 847/847/847
f 847/847/847 853/853/853 854/854/854
f 849/849/849 852/852/852 855/855/855
f 854/854/854 855/855/855 852/852/852
f 848/848/848 856/856/856 846/846/846
f 846/846/846 856/856/856 853/853/853
f 856/856/856 857/857/857 853/853/853
f 854/854/854 853/853/853 858/858/858
f 853/853/853 857/857/857 858/858/858
f 859/859/859 850/850/850 849/849/849
f 849/849/849 855/855/855 859/859/859
f 859/859/859 860/860/860 850/850/850
f 854/854/854 861/861/861 855/855/855
f 854/854/854 858/858/858 861/861/861
f 859/859/859 855/855/855 862/862/862
f 861/861/861 862/862/862 855/855/855
f 861/861/861 858/858/858 863/863/863
f 861/861/861 863/863/863 864/864/864
f 861/861/861 864/864/864 862/862/862
f 858/858/858 865/865/865 863/863/863
f 865/865/865 858/858/858 857/857/857
f 860/860/860 866/866/866 850/850/850
f 850/850/850 866/866/866 703/703/703
f 866/866/866 867/867/867 703/703/703
f 703/703/703 867/867/867 699/699/699
f 859/859/859 862/862/862 868/868/868
f 868/868/868 860/860/860 859/859/859
f 868/868/868 869/869/869 860/860/860
f 867/867/867 866/866/866 870/870/870
f 860/860/860 870/870/870 866/866/866
f 868/868/868 862/862/862 871/871/871
f 872/872/872 869/869/869 868/868/868
f 871/871/871 872/872/872 868/868/868
f 862/862/862 873/873/873 871/871/871
f 873/873/873 862/862/862 864/864/864
f 871/871/871 874/874/874 872/872/872
f 873/873/873 874/874/874 871/871/871
f 875/875/875 873/873/873 864/864/864
f 864/864/864 863/863/863 875/875/875
f 876/876/876 875/875/875 863/863/863
f 877/877/877 875/875/875 876/876/876
f 875/875/875 877/877/877 873/873/873
f 878/878/878 877/877/877 876/876/876
f 877/877/877 879/879/879 873/873/873
f 874/874/874 873/873/873 879/879/879
f 878/878/878 879/879/879 877/877/877
f 879/879/879 878/878/878 880/880/880
f 881/881/881 879/879/879 880/880/880
f 880/880/880 882/882/882 881/881/881
f 880/880/880 883/883/883 882/882/882
f 878/878/878 876/876/876 884/884/884
f 880/880/880 878/878/878 884/884/884
f 880/880/880 884/884/884 885/885/885
f 886/886/886 880/880/880 885/885/885
f 886/886/886 883/883/883 880/880/880
f 887/887/887 886/886/886 885/885/885
f 886/886/886 887/887/887 883/883/883
f 888/888/888 874/874/874 879/879/879
f 879/879/879 889/889/889 888/888/888
f 890/890/890 887/887/887 885/885/885
f 887/887/887 891/891/891 883/883/883
f 887/887/887 890/890/890 891/891/891
f 891/891/891 892/892/892 883/883/883
f 892/892/892 893/893/893 883/883/883
f 894/894/894 892/892/892 891/891/891
f 883/883/883 893/893/893 895/895/895
f 896/896/896 894/894/894 891/891/891
f 890/890/890 896/896/896 891/891/891
f 897/897/897 894/894/894 896/896/896
f 898/898/898 897/897/897 896/896/896
f 896/896/896 890/890/890 898/898/898
f 899/899/899 897/897/897 898/898/898
f 895/895/895 900/900/900 889/889/889
f 895/895/895 893/893/893 900/900/900
f 890/890/890 901/901/901 898/898/898
f 901/901/901 890/890/890 885/885/885
f 902/902/902 899/899/899 898/898/898
f 901/901/901 902/902/902 898/898/898
f 903/903/903 889/889/889 900/900/900
f 889/889/889 903/903/903 888/888/888
f 901/901/901 885/885/885 904/904/904
f 905/905/905 902/902/902 901/901/901
f 905/905/905 901/901/901 904/904/904
f 906/906/906 899/899/899 902/902/902
f 905/905/905 907/907/907 902/902/902
f 907/907/907 906/906/906 902/902/902
f 908/908/908 905/905/905 904/904/904
f 909/909/909 907/907/907 905/905/905
f 899/899/899 906/906/906 910/910/910
f 911/911/911 899/899/899 910/910/910
f 906/906/906 912/912/912 910/910/910
f 906/906/906 913/913/913 912/912/912
f 906/906/906 914/914/914 913/913/913
f 914/914/914 906/906/906 907/907/907
f 914/914/914 915/915/915 913/913/913
f 909/909/909 916/916/916 907/907/907
f 916/916/916 914/914/914 907/907/907
f 917/917/917 915/915/915 914/914/914
f 914/914/914 916/916/916 917/917/917
f 917/917/917 918/918/918 915/915/915
f 916/916/916 909/909/909 919/919/919
f 916/916/916 919/919/919 917/917/917
f 919/919/919 909/909/909 920/920/920
f 921/921/921 918/918/918 917/917/917
f 917/917/917 919/919/919 921/921/921
f 921/921/921 922/922/922 918/918/918
f 923/923/923 922/922/922 921/921/921
f 923/923/923 924/924/924 922/922/922
f 921/921/921 925/925/925 923/923/923
f 919/919/919 925/925/925 921/921/921
f 919/919/919 920/920/920 926/926/926
f 919/919/919 926/926/926 925/925/925
f 927/927/927 924/924/924 923/923/923
f 927/927/927 928/928/928 924/924/924
f 927/927/927 923/923/923 928/928/928
f 928/928/928 929/929/929 924/924/924
f 928/928/928 930/930/930 929/929/929
f 930/930/930 931/931/931 929/929/929
f 928/928/928 923/923/923 932/932/932
f 928/928/928 932/932/932 930/930/930
f 930/930/930 933/933/933 931/931/931
f 933/933/933 934/934/934 931/931/931
f 930/930/930 932/932/932 935/935/935
f 930/930/930 935/935/935 933/933/933
f 932/932/932 936/936/936 935/935/935
f 923/923/923 937/937/937 932/932/932
f 932/932/932 937/937/937 936/936/936
f 933/933/933 938/938/938 934/934/934
f 938/938/938 939/939/939 934/934/934
f 933/933/933 935/935/935 940/940/940
f 935/935/935 936/936/936 941/941/941
f 935/935/935 941/941/941 940/940/940
f 933/933/933 940/940/940 942/942/942
f 933/933/933 942/942/942 938/938/938
f 940/940/940 941/941/941 943/943/943
f 940/940/940 943/943/943 942/942/942
f 944/944/944 941/941/941 936/936/936
f 944/944/944 943/943/943 941/941/941
f 923/923/923 945/945/945 937/937/937
f 936/936/936 937/937/937 946/946/946
f 946/946/946 937/937/937 945/945/945
f 947/947/947 945/945/945 923/923/923
f 947/947/947 923/923/923 925/925/925
f 945/945/945 948/948/948 946/946/946
f 947/947/947 948/948/948 945/945/945
f 925/925/925 949/949/949 947/947/947
f 926/926/926 949/949/949 925/925/925
f 926/926/926 950/950/950 949/949/949
f 949/949/949 951/951/951 947/947/947
f 948/948/948 947/947/947 951/951/951
f 949/949/949 950/950/950 951/951/951
f 952/952/952 948/948/948 951/951/951
f 952/952/952 946/946/946 948/948/948
f 926/926/926 953/953/953 950/950/950
f 926/926/926 920/920/920 953/953/953
f 951/951/951 954/954/954 952/952/952
f 950/950/950 954/954/954 951/951/951
f 952/952/952 954/954/954 955/955/955
f 956/956/956 946/946/946 952/952/952
f 952/952/952 955/955/955 956/956/956
f 950/950/950 957/957/957 954/954/954
f 954/954/954 957/957/957 955/955/955
f 958/958/958 946/946/946 956/956/956
f 958/958/958 936/936/936 946/946/946
f 959/959/959 936/936/936 958/958/958
f 944/944/944 936/936/936 959/959/959
f 959/959/959 958/958/958 960/960/960
f 959/959/959 960/960/960 944/944/944
f 950/950/950 961/961/961 957/957/957
f 955/955/955 957/957/957 962/962/962
f 961/961/961 962/962/962 957/957/957
f 962/962/962 961/961/961 963/963/963
f 964/964/964 961/961/961 950/950/950
f 953/953/953 964/964/964 950/950/950
f 963/963/963 961/961/961 965/965/965
f 961/961/961 964/964/964 965/965/965
f 953/953/953 966/966/966 964/964/964
f 967/967/967 965/965/965 964/964/964
f 966/966/966 967/967/967 964/964/964
f 967/967/967 968/968/968 965/965/965
f 968/968/968 969/969/969 965/965/965
f 970/970/970 969/969/969 963/963/963
f 966/966/966 953/953/953 971/971/971
f 953/953/953 920/920/920 971/971/971
f 966/966/966 972/972/972 967/967/967
f 971/971/971 972/972/972 966/966/966
f 972/972/972 973/973/973 967/967/967
f 974/974/974 972/972/972 971/971/971
f 973/973/973 972/972/972 974/974/974
f 973/973/973 975/975/975 967/967/967
f 967/967/967 975/975/975 968/968/968
f 976/976/976 975/975/975 973/973/973
f 974/974/974 976/976/976 973/973/973
f 976/976/976 968/968/968 975/975/975
f 920/920/920 977/977/977 971/971/971
f 977/977/977 974/974/974 971/971/971
f 978/978/978 977/977/977 920/920/920
f 978/978/978 974/974/974 977/977/977
f 974/974/974 979/979/979 976/976/976
f 978/978/978 979/979/979 974/974/974
f 980/980/980 978/978/978 920/920/920
f 908/908/908 980/980/980 920/920/920
f 978/978/978 981/981/981 979/979/979
f 981/981/981 976/976/976 979/979/979
f 980/980/980 981/981/981 978/978/978
f 908/908/908 982/982/982 980/980/980
f 908/908/908 904/904/904 982/982/982
f 982/982/982 983/983/983 980/980/980
f 980/980/980 983/983/983 981/981/981
f 904/904/904 984/984/984 982/982/982
f 982/982/982 984/984/984 983/983/983
f 904/904/904 985/985/985 984/984/984
f 885/885/885 985/985/985 904/904/904
f 986/986/986 981/981/981 983/983/983
f 986/986/986 983/983/983 987/987/987
f 987/987/987 983/983/983 984/984/984
f 988/988/988 981/981/981 986/986/986
f 981/981/981 988/988/988 976/976/976
f 987/987/987 984/984/984 989/989/989
f 989/989/989 984/984/984 985/985/985
f 976/976/976 988/988/988 990/990/990
f 976/976/976 990/990/990 991/991/991
f 976/976/976 991/991/991 992/992/992
f 976/976/976 992/992/992 968/968/968
f 968/968/968 992/992/992 993/993/993
f 968/968/968 993/993/993 994/994/994
f 989/989/989 985/985/985 995/995/995
f 989/989/989 995/995/995 996/996/996
f 885/885/885 995/995/995 985/985/985
f 994/994/994 997/997/997 968/968/968
f 997/997/997 994/994/994 998/998/998
f 998/998/998 999/999/999 997/997/997
f 997/997/997 999/999/999 1000/1000/1000
f 997/997/997 1000/1000/1000 1001/1001/1001
f 968/968/968 997/997/997 969/969/969
f 969/969/969 997/997/997 1002/1002/1002
f 969/969/969 1002/1002/1002 1003/1003/1003
f 969/969/969 1003/1003/1003 963/963/963
f 963/963/963 1003/1003/1003 1004/1004/1004
f 963/963/963 1004/1004/1004 1005/1005/1005
f 885/885/885 1006/1006/1006 995/995/995
f 996/996/996 995/995/995 1006/1006/1006
f 996/996/996 1006/1006/1006 1007/1007/1007
f 884/884/884 1006/1006/1006 885/885/885
f 963/963/963 1005/1005/1005 1008/1008/1008
f 1008/1008/1008 1005/1005/1005 1009/1009/1009
f 1008/1008/1008 962/962/962 963/963/963
f 1007/1007/1007 1006/1006/1006 1010/1010/1010
f 884/884/884 1010/1010/1010 1006/1006/1006
f 1011/1011/1011 1007/1007/1007 1010/1010/1010
f 1012/1012/1012 1008/1008/1008 1009/1009/1009
f 1012/1012/1012 1009/1009/1009 1013/1013/1013
f 1014/1014/1014 962/962/962 1008/1008/1008
f 1012/1012/1012 1014/1014/1014 1008/1008/1008
f 1014/1014/1014 955/955/955 962/962/962
f 1015/1015/1015 1010/1010/1010 884/884/884
f 876/876/876 1015/1015/1015 884/884/884
f 1016/1016/1016 1011/1011/1011 1010/1010/1010
f 1015/1015/1015 1016/1016/1016 1010/1010/1010
f 1014/1014/1014 1012/1012/1012 1017/1017/1017
f 955/955/955 1014/1014/1014 1017/1017/1017
f 1016/1016/1016 1018/1018/1018 1011/1011/1011
f 1019/1019/1019 1011/1011/1011 1018/1018/1018
f 1015/1015/1015 1020/1020/1020 1016/1016/1016
f 1020/1020/1020 1018/1018/1018 1016/1016/1016
f 876/876/876 1021/1021/1021 1015/1015/1015
f 1021/1021/1021 1020/1020/1020 1015/1015/1015
f 1012/1012/1012 1022/1022/1022 1017/1017/1017
f 1012/1012/1012 1013/1013/1013 1022/1022/1022
f 1023/1023/1023 955/955/955 1017/1017/1017
f 956/956/956 955/955/955 1023/1023/1023
f 1024/1024/1024 1017/1017/1017 1022/1022/1022
f 1023/1023/1023 1017/1017/1017 1024/1024/1024
f 1019/1019/1019 1018/1018/1018 1025/1025/1025
f 1025/1025/1025 1026/1026/1026 1019/1019/1019
f 1022/1022/1022 1013/1013/1013 1027/1027/1027
f 1027/1027/1027 1024/1024/1024 1022/1022/1022
f 1027/1027/1027 1013/1013/1013 1028/1028/1028
f 1028/1028/1028 1029/1029/1029 1027/1027/1027
f 1029/1029/1029 1030/1030/1030 1027/1027/1027
f 1031/1031/1031 1024/1024/1024 1027/1027/1027
f 1030/1030/1030 1031/1031/1031 1027/1027/1027
f 1024/1024/1024 1032/1032/1032 1023/1023/1023
f 1031/1031/1031 1032/1032/1032 1024/1024/1024
f 1033/1033/1033 956/956/956 1023/1023/1023
f 1032/1032/1032 1033/1033/1033 1023/1023/1023
f 1034/1034/1034 956/956/956 1033/1033/1033
f 1034/1034/1034 958/958/958 956/956/956
f 1035/1035/1035 1033/1033/1033 1032/1032/1032
f 1035/1035/1035 1034/1034/1034 1033/1033/1033
f 1036/1036/1036 1035/1035/1035 1032/1032/1032
f 1036/1036/1036 1032/1032/1032 1031/1031/1031
f 1034/1034/1034 1035/1035/1035 1036/1036/1036
f 958/958/958 1034/1034/1034 1037/1037/1037
f 1037/1037/1037 1034/1034/1034 1036/1036/1036
f 960/960/960 958/958/958 1037/1037/1037
f 1030/1030/1030 960/960/960 1037/1037/1037
f 1030/1030/1030 1029/1029/1029 960/960/960
f 1030/1030/1030 1038/1038/1038 1031/1031/1031
f 1038/1038/1038 1036/1036/1036 1031/1031/1031
f 1030/1030/1030 1037/1037/1037 1038/1038/1038
f 1037/1037/1037 1036/1036/1036 1038/1038/1038
f 1029/1029/1029 1039/1039/1039 960/960/960
f 1039/1039/1039 1029/1029/1029 1040/1040/1040
f 1039/1039/1039 944/944/944 960/960/960
f 944/944/944 1039/1039/1039 1041/1041/1041
f 1041/1041/1041 1039/1039/1039 1040/1040/1040
f 943/943/943 944/944/944 1041/1041/1041
f 1042/1042/1042 943/943/943 1041/1041/1041
f 942/942/942 943/943/943 1042/1042/1042
f 1043/1043/1043 942/942/942 1042/1042/1042
f 942/942/942 1043/1043/1043 938/938/938
f 1041/1041/1041 1044/1044/1044 1042/1042/1042
f 1044/1044/1044 1043/1043/1043 1042/1042/1042
f 1045/1045/1045 938/938/938 1043/1043/1043
f 938/938/938 1045/1045/1045 939/939/939
f 1046/1046/1046 939/939/939 1045/1045/1045
f 1046/1046/1046 1047/1047/1047 939/939/939
f 1046/1046/1046 1045/1045/1045 1048/1048/1048
f 939/939/939 1047/1047/1047 1049/1049/1049
f 1049/1049/1049 1047/1047/1047 1050/1050/1050
f 1043/1043/1043 1051/1051/1051 1045/1045/1045
f 1044/1044/1044 1051/1051/1051 1043/1043/1043
f 1044/1044/1044 1041/1041/1041 1052/1052/1052
f 1041/1041/1041 1040/1040/1040 1052/1052/1052
f 1048/1048/1048 1045/1045/1045 1053/1053/1053
f 1053/1053/1053 1045/1045/1045 1051/1051/1051
f 1048/1048/1048 1053/1053/1053 1054/1054/1054
f 1054/1054/1054 1053/1053/1053 1051/1051/1051
f 1055/1055/1055 1048/1048/1048 1054/1054/1054
f 1056/1056/1056 1051/1051/1051 1044/1044/1044
f 1056/1056/1056 1044/1044/1044 1052/1052/1052
f 1051/1051/1051 1057/1057/1057 1054/1054/1054
f 1057/1057/1057 1051/1051/1051 1056/1056/1056
f 1055/1055/1055 1054/1054/1054 1058/1058/1058
f 1058/1058/1058 1054/1054/1054 1057/1057/1057
f 1059/1059/1059 1055/1055/1055 1058/1058/1058
f 1060/1060/1060 1059/1059/1059 1058/1058/1058
f 1052/1052/1052 1061/1061/1061 1056/1056/1056
f 1062/1062/1062 1057/1057/1057 1056/1056/1056
f 1056/1056/1056 1061/1061/1061 1062/1062/1062
f 1057/1057/1057 1063/1063/1063 1058/1058/1058
f 1062/1062/1062 1063/1063/1063 1057/1057/1057
f 1063/1063/1063 1064/1064/1064 1058/1058/1058
f 1065/1065/1065 1058/1058/1058 1064/1064/1064
f 1066/1066/1066 1065/1065/1065 1064/1064/1064
f 1067/1067/1067 1063/1063/1063 1062/1062/1062
f 1061/1061/1061 1067/1067/1067 1062/1062/1062
f 1064/1064/1064 1063/1063/1063 1067/1067/1067
f 1066/1066/1066 1064/1064/1064 1068/1068/1068
f 1069/1069/1069 1066/1066/1066 1068/1068/1068
f 1070/1070/1070 1064/1064/1064 1067/1067/1067
f 1070/1070/1070 1067/1067/1067 1061/1061/1061
f 1064/1064/1064 1070/1070/1070 1068/1068/1068
f 1061/1061/1061 1052/1052/1052 1071/1071/1071
f 1052/1052/1052 1040/1040/1040 1071/1071/1071
f 1069/1069/1069 1068/1068/1068 1072/1072/1072
f 1073/1073/1073 1069/1069/1069 1072/1072/1072
f 1072/1072/1072 1046/1046/1046 1073/1073/1073
f 1074/1074/1074 1068/1068/1068 1070/1070/1070
f 1072/1072/1072 1068/1068/1068 1074/1074/1074
f 1070/1070/1070 1061/1061/1061 1075/1075/1075
f 1074/1074/1074 1070/1070/1070 1075/1075/1075
f 1071/1071/1071 1075/1075/1075 1061/1061/1061
f 1072/1072/1072 1074/1074/1074 1076/1076/1076
f 1074/1074/1074 1075/1075/1075 1076/1076/1076
f 1077/1077/1077 1046/1046/1046 1072/1072/1072
f 1072/1072/1072 1076/1076/1076 1077/1077/1077
f 1078/1078/1078 1076/1076/1076 1075/1075/1075
f 1075/1075/1075 1071/1071/1071 1078/1078/1078
f 1076/1076/1076 1079/1079/1079 1077/1077/1077
f 1078/1078/1078 1079/1079/1079 1076/1076/1076
f 1079/1079/1079 1080/1080/1080 1077/1077/1077
f 1078/1078/1078 1080/1080/1080 1079/1079/1079
f 1081/1081/1081 1046/1046/1046 1077/1077/1077
f 1077/1077/1077 1080/1080/1080 1081/1081/1081
f 1078/1078/1078 1071/1071/1071 1082/1082/1082
f 1083/1083/1083 1080/1080/1080 1078/1078/1078
f 1078/1078/1078 1082/1082/1082 1083/1083/1083
f 1071/1071/1071 1084/1084/1084 1082/1082/1082
f 1040/1040/1040 1084/1084/1084 1071/1071/1071
f 1081/1081/1081 1080/1080/1080 1085/1085/1085
f 1081/1081/1081 1086/1086/1086 1046/1046/1046
f 1085/1085/1085 1086/1086/1086 1081/1081/1081
f 1083/1083/1083 1087/1087/1087 1080/1080/1080
f 1080/1080/1080 1087/1087/1087 1085/1085/1085
f 1083/1083/1083 1088/1088/1088 1087/1087/1087
f 1085/1085/1085 1087/1087/1087 1088/1088/1088
f 1083/1083/1083 1082/1082/1082 1089/1089/1089
f 1090/1090/1090 1088/1088/1088 1083/1083/1083
f 1083/1083/1083 1089/1089/1089 1090/1090/1090
f 1085/1085/1085 1088/1088/1088 1091/1091/1091
f 1090/1090/1090 1091/1091/1091 1088/1088/1088
f 1090/1090/1090 1092/1092/1092 1091/1091/1091
f 1085/1085/1085 1091/1091/1091 1093/1093/1093
f 1093/1093/1093 1086/1086/1086 1085/1085/1085
f 1093/1093/1093 1091/1091/1091 1092/1092/1092
f 1093/1093/1093 1094/1094/1094 1086/1086/1086
f 1086/1086/1086 1095/1095/1095 1046/1046/1046
f 1094/1094/1094 1095/1095/1095 1086/1086/1086
f 1095/1095/1095 1096/1096/1096 1046/1046/1046
f 1046/1046/1046 1096/1096/1096 1047/1047/1047
f 1082/1082/1082 1097/1097/1097 1089/1089/1089
f 1097/1097/1097 1098/1098/1098 1089/1089/1089
f 1084/1084/1084 1097/1097/1097 1082/1082/1082
f 1090/1090/1090 1089/1089/1089 1099/1099/1099
f 1089/1089/1089 1098/1098/1098 1099/1099/1099
f 1100/1100/1100 1097/1097/1097 1084/1084/1084
f 1100/1100/1100 1101/1101/1101 1097/1097/1097
f 1097/1097/1097 1101/1101/1101 1098/1098/1098
f 1101/1101/1101 1102/1102/1102 1098/1098/1098
f 1094/1094/1094 1103/1103/1103 1095/1095/1095
f 1096/1096/1096 1095/1095/1095 1103/1103/1103
f 1090/1090/1090 1099/1099/1099 1104/1104/1104
f 1104/1104/1104 1092/1092/1092 1090/1090/1090
f 1104/1104/1104 1099/1099/1099 1105/1105/1105
f 1104/1104/1104 1105/1105/1105 1106/1106/1106
f 1106/1106/1106 1092/1092/1092 1104/1104/1104
f 1099/1099/1099 1107/1107/1107 1105/1105/1105
f 1107/1107/1107 1099/1099/1099 1098/1098/1098
f 1098/1098/1098 1102/1102/1102 1108/1108/1108
f 1109/1109/1109 1108/1108/1108 1102/1102/1102
f 1110/1110/1110 1109/1109/1109 1102/1102/1102
f 1098/1098/1098 1111/1111/1111 1107/1107/1107
f 1098/1098/1098 1108/1108/1108 1111/1111/1111
f 1111/1111/1111 1112/1112/1112 1107/1107/1107
f 1107/1107/1107 1113/1113/1113 1105/1105/1105
f 1107/1107/1107 1112/1112/1112 1113/1113/1113
f 1114/1114/1114 1111/1111/1111 1108/1108/1108
f 1111/1111/1111 1114/1114/1114 1112/1112/1112
f 1114/1114/1114 1108/1108/1108 1115/1115/1115
f 1112/1112/1112 1114/1114/1114 1116/1116/1116
f 1116/1116/1116 1114/1114/1114 1115/1115/1115
f 1112/1112/1112 1117/1117/1117 1113/1113/1113
f 1112/1112/1112 1116/1116/1116 1117/1117/1117
f 1115/1115/1115 1108/1108/1108 1118/1118/1118
f 1119/1119/1119 1118/1118/1118 1108/1108/1108
f 1119/1119/1119 1120/1120/1120 1118/1118/1118
f 1121/1121/1121 1118/1118/1118 1120/1120/1120
f 1115/1115/1115 1118/1118/1118 1121/1121/1121
f 1122/1122/1122 1115/1115/1115 1121/1121/1121
f 1122/1122/1122 1121/1121/1121 1123/1123/1123
f 1123/1123/1123 1124/1124/1124 1122/1122/1122
f 1125/1125/1125 1124/1124/1124 1123/1123/1123
f 1125/1125/1125 1126/1126/1126 1124/1124/1124
f 1127/1127/1127 1126/1126/1126 1125/1125/1125
f 1128/1128/1128 1117/1117/1117 1116/1116/1116
f 1116/1116/1116 1115/1115/1115 1129/1129/1129
f 1128/1128/1128 1116/1116/1116 1129/1129/1129
f 1130/1130/1130 1115/1115/1115 1122/1122/1122
f 1129/1129/1129 1115/1115/1115 1130/1130/1130
f 1128/1128/1128 1129/1129/1129 1131/1131/1131
f 1129/1129/1129 1130/1130/1130 1131/1131/1131
f 1132/1132/1132 1128/1128/1128 1131/1131/1131
f 1133/1133/1133 1132/1132/1132 1131/1131/1131
f 1128/1128/1128 1132/1132/1132 1134/1134/1134
f 1134/1134/1134 1117/1117/1117 1128/1128/1128
f 1134/1134/1134 1113/1113/1113 1117/1117/1117
f 1135/1135/1135 1122/1122/1122 1124/1124/1124
f 1130/1130/1130 1122/1122/1122 1135/1135/1135
f 1136/1136/1136 1124/1124/1124 1126/1126/1126
f 1135/1135/1135 1124/1124/1124 1136/1136/1136
f 1130/1130/1130 1135/1135/1135 1137/1137/1137
f 1131/1131/1131 1130/1130/1130 1137/1137/1137
f 1138/1138/1138 1131/1131/1131 1137/1137/1137
f 1138/1138/1138 1137/1137/1137 1139/1139/1139
f 1136/1136/1136 1126/1126/1126 1139/1139/1139
f 1139/1139/1139 1126/1126/1126 1127/1127/1127
f 1138/1138/1138 1139/1139/1139 1127/1127/1127
f 1137/1137/1137 1135/1135/1135 1140/1140/1140
f 1135/1135/1135 1136/1136/1136 1140/1140/1140
f 1140/1140/1140 1136/1136/1136 1139/1139/1139
f 1139/1139/1139 1137/1137/1137 1140/1140/1140
f 1138/1138/1138 1127/1127/1127 1141/1141/1141
f 1127/1127/1127 1142/1142/1142 1141/1141/1141
f 1142/1142/1142 1143/1143/1143 1141/1141/1141
f 1143/1143/1143 1144/1144/1144 1141/1141/1141
f 1141/1141/1141 1144/1144/1144 1145/1145/1145
f 1146/1146/1146 1141/1141/1141 1145/1145/1145
f 1147/1147/1147 1146/1146/1146 1145/1145/1145
f 1147/1147/1147 1145/1145/1145 1148/1148/1148
f 1148/1148/1148 1145/1145/1145 1149/1149/1149
f 1148/1148/1148 1149/1149/1149 1150/1150/1150
f 1151/1151/1151 1148/1148/1148 1150/1150/1150
f 1151/1151/1151 1150/1150/1150 1152/1152/1152
f 1153/1153/1153 1151/1151/1151 1152/1152/1152
f 1145/1145/1145 1154/1154/1154 1149/1149/1149
f 1153/1153/1153 1152/1152/1152 1155/1155/1155
f 1145/1145/1145 1156/1156/1156 1154/1154/1154
f 1145/1145/1145 1157/1157/1157 1156/1156/1156
f 1145/1145/1145 1158/1158/1158 1157/1157/1157
f 1159/1159/1159 1158/1158/1158 1145/1145/1145
f 1159/1159/1159 1160/1160/1160 1158/1158/1158
f 1160/1160/1160 1159/1159/1159 1161/1161/1161
f 1160/1160/1160 1161/1161/1161 1162/1162/1162
f 1163/1163/1163 1153/1153/1153 1155/1155/1155
f 1164/1164/1164 1163/1163/1163 1155/1155/1155
f 1165/1165/1165 1163/1163/1163 1164/1164/1164
f 1164/1164/1164 1155/1155/1155 1166/1166/1166
f 1166/1166/1166 1155/1155/1155 1167/1167/1167
f 1168/1168/1168 1166/1166/1166 1167/1167/1167
f 1168/1168/1168 1167/1167/1167 1169/1169/1169
f 1168/1168/1168 1169/1169/1169 1170/1170/1170
f 1170/1170/1170 1169/1169/1169 1171/1171/1171
f 1170/1170/1170 1171/1171/1171 1172/1172/1172
f 1172/1172/1172 1171/1171/1171 1173/1173/1173
f 1172/1172/1172 1173/1173/1173 1174/1174/1174
f 1173/1173/1173 1175/1175/1175 1174/1174/1174
f 1175/1175/1175 1176/1176/1176 1174/1174/1174
f 1176/1176/1176 1177/1177/1177 1174/1174/1174
f 1178/1178/1178 1174/1174/1174 1177/1177/1177
f 1179/1179/1179 1174/1174/1174 1178/1178/1178
f 1172/1172/1172 1174/1174/1174 1180/1180/1180
f 1181/1181/1181 1174/1174/1174 1179/1179/1179
f 1181/1181/1181 1179/1179/1179 1182/1182/1182
f 1181/1181/1181 1183/1183/1183 1174/1174/1174
f 1183/1183/1183 1184/1184/1184 1174/1174/1174
f 1184/1184/1184 1185/1185/1185 1174/1174/1174
f 1185/1185/1185 1186/1186/1186 1174/1174/1174
f 1187/1187/1187 1181/1181/1181 1182/1182/1182
f 1174/1174/1174 1188/1188/1188 1180/1180/1180
f 1188/1188/1188 1174/1174/1174 1189/1189/1189
f 1188/1188/1188 1190/1190/1190 1180/1180/1180
f 1180/1180/1180 1190/1190/1190 1191/1191/1191
f 1192/1192/1192 1180/1180/1180 1191/1191/1191
f 1192/1192/1192 1191/1191/1191 1193/1193/1193
f 1193/1193/1193 1194/1194/1194 1192/1192/1192
f 1192/1192/1192 1194/1194/1194 1195/1195/1195
f 1196/1196/1196 1192/1192/1192 1195/1195/1195
f 1196/1196/1196 1195/1195/1195 1197/1197/1197
f 1195/1195/1195 1198/1198/1198 1197/1197/1197
f 1199/1199/1199 1196/1196/1196 1197/1197/1197
f 1199/1199/1199 1197/1197/1197 1200/1200/1200
f 1201/1201/1201 1199/1199/1199 1200/1200/1200
f 1202/1202/1202 1201/1201/1201 1200/1200/1200
f 1203/1203/1203 1201/1201/1201 1202/1202/1202
f 1204/1204/1204 1203/1203/1203 1202/1202/1202
f 1205/1205/1205 1204/1204/1204 1202/1202/1202
f 1205/1205/1205 1202/1202/1202 1206/1206/1206
f 1206/1206/1206 1202/1202/1202 1207/1207/1207
f 1206/1206/1206 1207/1207/1207 1208/1208/1208
f 1208/1208/1208 1207/1207/1207 1209/1209/1209
f 1208/1208/1208 1209/1209/1209 1210/1210/1210
f 1208/1208/1208 1210/1210/1210 1211/1211/1211
f 1212/1212/1212 1208/1208/1208 1211/1211/1211
f 1213/1213/1213 1211/1211/1211 1210/1210/1210
f 1213/1213/1213 1214/1214/1214 1211/1211/1211
f 1214/1214/1214 1215/1215/1215 1211/1211/1211
f 1209/1209/1209 1216/1216/1216 1210/1210/1210
f 1209/1209/1209 1217/1217/1217 1216/1216/1216
f 1218/1218/1218 1217/1217/1217 1209/1209/1209
f 1219/1219/1219 1217/1217/1217 1218/1218/1218
f 1220/1220/1220 1219/1219/1219 1218/1218/1218
f 1221/1221/1221 1212/1212/1212 1211/1211/1211
f 1222/1222/1222 1212/1212/1212 1221/1221/1221
f 1223/1223/1223 1212/1212/1212 1222/1222/1222
f 1224/1224/1224 1212/1212/1212 1223/1223/1223
f 1225/1225/1225 1224/1224/1224 1223/1223/1223
f 1224/1224/1224 1225/1225/1225 1226/1226/1226
f 1223/1223/1223 1221/1221/1221 1227/1227/1227
f 1227/1227/1227 1228/1228/1228 1223/1223/1223
f 1225/1225/1225 1223/1223/1223 1228/1228/1228
f 1221/1221/1221 1229/1229/1229 1227/1227/1227
f 1229/1229/1229 1228/1228/1228 1227/1227/1227
f 1230/1230/1230 1229/1229/1229 1221/1221/1221
f 1211/1211/1211 1230/1230/1230 1221/1221/1221
f 1228/1228/1228 1229/1229/1229 1231/1231/1231
f 1229/1229/1229 1230/1230/1230 1231/1231/1231
f 1232/1232/1232 1225/1225/1225 1228/1228/1228
f 1232/1232/1232 1228/1228/1228 1231/1231/1231
f 1225/1225/1225 1232/1232/1232 1233/1233/1233
f 1226/1226/1226 1225/1225/1225 1233/1233/1233
f 1233/1233/1233 1232/1232/1232 1231/1231/1231
f 1226/1226/1226 1233/1233/1233 1234/1234/1234
f 1233/1233/1233 1231/1231/1231 1234/1234/1234
f 1235/1235/1235 1226/1226/1226 1234/1234/1234
f 1234/1234/1234 1231/1231/1231 1236/1236/1236
f 1230/1230/1230 1236/1236/1236 1231/1231/1231
f 1230/1230/1230 1237/1237/1237 1236/1236/1236
f 1235/1235/1235 1234/1234/1234 1238/1238/1238
f 1236/1236/1236 1239/1239/1239 1234/1234/1234
f 1236/1236/1236 1237/1237/1237 1239/1239/1239
f 1240/1240/1240 1235/1235/1235 1238/1238/1238
f 1241/1241/1241 1240/1240/1240 1238/1238/1238
f 1242/1242/1242 1240/1240/1240 1241/1241/1241
f 1243/1243/1243 1242/1242/1242 1241/1241/1241
f 1244/1244/1244 1243/1243/1243 1241/1241/1241
f 1245/1245/1245 1244/1244/1244 1241/1241/1241
f 1246/1246/1246 1245/1245/1245 1241/1241/1241
f 1238/1238/1238 1247/1247/1247 1241/1241/1241
f 1248/1248/1248 1247/1247/1247 1238/1238/1238
f 1241/1241/1241 1247/1247/1247 1249/1249/1249
f 1237/1237/1237 1250/1250/1250 1239/1239/1239
f 1239/1239/1239 1250/1250/1250 1251/1251/1251
f 1237/1237/1237 1252/1252/1252 1250/1250/1250
f 1247/1247/1247 1253/1253/1253 1249/1249/1249
f 1249/1249/1249 1253/1253/1253 1254/1254/1254
f 1247/1247/1247 1255/1255/1255 1253/1253/1253
f 1256/1256/1256 1249/1249/1249 1254/1254/1254
f 1256/1256/1256 1257/1257/1257 1249/1249/1249
f 1257/1257/1257 1258/1258/1258 1249/1249/1249
f 1249/1249/1249 1258/1258/1258 1259/1259/1259
f 1258/1258/1258 1260/1260/1260 1259/1259/1259
f 1247/1247/1247 1261/1261/1261 1255/1255/1255
f 1247/1247/1247 1262/1262/1262 1261/1261/1261
f 1247/1247/1247 1263/1263/1263 1262/1262/1262
f 1247/1247/1247 1264/1264/1264 1263/1263/1263
f 1265/1265/1265 1264/1264/1264 1247/1247/1247
f 1265/1265/1265 1266/1266/1266 1264/1264/1264
f 1266/1266/1266 1265/1265/1265 1267/1267/1267
f 1266/1266/1266 1267/1267/1267 1268/1268/1268
f 1271/1271/1271 1270/1270/1270 1269/1269/1269
f 1269/1269/1269 1270/1270/1270 1272/1272/1272
f 1269/1269/1269 1274/1274/1274 1273/1273/1273
f 1274/1274/1274 1269/1269/1269 1275/1275/1275
f 1274/1274/1274 1276/1276/1276 1273/1273/1273
f 1274/1274/1274 1277/1277/1277 1276/1276/1276
f 1273/1273/1273 1276/1276/1276 1278/1278/1278
f 1276/1276/1276 1279/1279/1279 1278/1278/1278
f 1277/1277/1277 1279/1279/1279 1276/1276/1276
f 1278/1278/1278 1279/1279/1279 1280/1280/1280
f 1279/1279/1279 1281/1281/1281 1280/1280/1280
f 1279/1279/1279 1277/1277/1277 1281/1281/1281
f 1280/1280/1280 1281/1281/1281 1282/1282/1282
f 1281/1281/1281 1283/1283/1283 1282/1282/1282
f 1277/1277/1277 1283/1283/1283 1281/1281/1281
f 1284/1284/1284 1282/1282/1282 1283/1283/1283
f 1285/1285/1285 1284/1284/1284 1283/1283/1283
f 1286/1286/1286 1285/1285/1285 1283/1283/1283
f 1277/1277/1277 1286/1286/1286 1283/1283/1283
f 1286/1286/1286 1277/1277/1277 1287/1287/1287
f 1277/1277/1277 1288/1288/1288 1287/1287/1287
f 1277/1277/1277 1274/1274/1274 1288/1288/1288
f 1289/1289/1289 1287/1287/1287 1288/1288/1288
f 1288/1288/1288 1274/1274/1274 1290/1290/1290
f 1274/1274/1274 1275/1275/1275 1290/1290/1290
f 1290/1290/1290 1275/1275/1275 1291/1291/1291
f 1288/1288/1288 1290/1290/1290 1291/1291/1291
f 1275/1275/1275 1292/1292/1292 1291/1291/1291
f 1289/1289/1289 1288/1288/1288 1293/1293/1293
f 1294/1294/1294 1289/1289/1289 1293/1293/1293
f 1295/1295/1295 1288/1288/1288 1291/1291/1291
f 1291/1291/1291 1292/1292/1292 1295/1295/1295
f 1292/1292/1292 1296/1296/1296 1295/1295/1295
f 1292/1292/1292 1297/1297/1297 1296/1296/1296
f 1292/1292/1292 1298/1298/1298 1297/1297/1297
f 1299/1299/1299 1298/1298/1298 1292/1292/1292
f 1299/1299/1299 1300/1300/1300 1298/1298/1298
f 1301/1301/1301 1300/1300/1300 1299/1299/1299
f 1301/1301/1301 1302/1302/1302 1300/1300/1300
f 1303/1303/1303 1302/1302/1302 1301/1301/1301
f 1303/1303/1303 1304/1304/1304 1302/1302/1302
f 1305/1305/1305 1304/1304/1304 1303/1303/1303
f 1305/1305/1305 1306/1306/1306 1304/1304/1304
f 1307/1307/1307 1306/1306/1306 1305/1305/1305
f 1307/1307/1307 1308/1308/1308 1306/1306/1306
f 1309/1309/1309 1308/1308/1308 1307/1307/1307
f 1309/1309/1309 1310/1310/1310 1308/1308/1308
f 1309/1309/1309 1311/1311/1311 1310/1310/1310
f 1312/1312/1312 1311/1311/1311 1309/1309/1309
f 1312/1312/1312 1313/1313/1313 1311/1311/1311
f 1314/1314/1314 1313/1313/1313 1312/1312/1312
f 1315/1315/1315 1314/1314/1314 1312/1312/1312
f 1318/1318/1318 1317/1317/1317 1316/1316/1316
f 1317/1317/1317 1319/1319/1319 1316/1316/1316
f 1320/1320/1320 1316/1316/1316 1319/1319/1319
f 1319/1319/1319 1317/1317/1317 1321/1321/1321
f 1322/1322/1322 1320/1320/1320 1319/1319/1319
f 1322/1322/1322 1319/1319/1319 1323/1323/1323
f 1322/1322/1322 1323/1323/1323 1324/1324/1324
f 1325/1325/1325 1322/1322/1322 1324/1324/1324
f 1325/1325/1325 1324/1324/1324 1326/1326/1326
f 1327/1327/1327 1325/1325/1325 1326/1326/1326
f 1327/1327/1327 1326/1326/1326 1328/1328/1328
f 1329/1329/1329 1327/1327/1327 1328/1328/1328
f 1330/1330/1330 1329/1329/1329 1328/1328/1328
f 1331/1331/1331 1329/1329/1329 1330/1330/1330
f 1332/1332/1332 1331/1331/1331 1330/1330/1330
f 1319/1319/1319 1333/1333/1333 1323/1323/1323
f 1334/1334/1334 1333/1333/1333 1319/1319/1319
f 1334/1334/1334 1319/1319/1319 1335/1335/1335
f 1319/1319/1319 1321/1321/1321 1335/1335/1335
f 1321/1321/1321 1336/1336/1336 1335/1335/1335
f 1335/1335/1335 1336/1336/1336 1337/1337/1337
f 1321/1321/1321 1338/1338/1338 1336/1336/1336
f 1338/1338/1338 1339/1339/1339 1336/1336/1336
f 1336/1336/1336 1339/1339/1339 1340/1340/1340
f 1336/1336/1336 1340/1340/1340 1341/1341/1341
f 1336/1336/1336 1341/1341/1341 1342/1342/1342
f 1336/1336/1336 1342/1342/1342 1343/1343/1343
f 1342/1342/1342 1344/1344/1344 1343/1343/1343
f 1347/1347/1347 1346/1346/1346 1345/1345/1345
f 1348/1348/1348 1346/1346/1346 1347/1347/1347
f 1349/1349/1349 1348/1348/1348 1347/1347/1347
f 1350/1350/1350 1349/1349/1349 1347/1347/1347
f 1351/1351/1351 1349/1349/1349 1350/1350/1350
f 1351/1351/1351 1352/1352/1352 1349/1349/1349
f 1353/1353/1353 1352/1352/1352 1351/1351/1351
f 1354/1354/1354 1353/1353/1353 1351/1351/1351
f 1355/1355/1355 1351/1351/1351 1350/1350/1350
f 1356/1356/1356 1351/1351/1351 1355/1355/1355
f 1357/1357/1357 1356/1356/1356 1355/1355/1355
f 1358/1358/1358 1356/1356/1356 1357/1357/1357
f 1359/1359/1359 1358/1358/1358 1357/1357/1357
f 1360/1360/1360 1359/1359/1359 1357/1357/1357
f 1361/1361/1361 1359/1359/1359 1360/1360/1360
f 1362/1362/1362 1361/1361/1361 1360/1360/1360
f 1363/1363/1363 1361/1361/1361 1362/1362/1362
f 1364/1364/1364 1363/1363/1363 1362/1362/1362
f 1365/1365/1365 1363/1363/1363 1364/1364/1364
f 1366/1366/1366 1365/1365/1365 1364/1364/1364
f 1367/1367/1367 1365/1365/1365 1366/1366/1366
f 1367/1367/1367 1368/1368/1368 1365/1365/1365
f 1369/1369/1369 1367/1367/1367 1366/1366/1366
f 1370/1370/1370 1367/1367/1367 1369/1369/1369
f 1371/1371/1371 1370/1370/1370 1369/1369/1369
f 1372/1372/1372 1370/1370/1370 1371/1371/1371
f 1373/1373/1373 1372/1372/1372 1371/1371/1371
f 1374/1374/1374 1372/1372/1372 1373/1373/1373
f 1375/1375/1375 1374/1374/1374 1373/1373/1373
f 1376/1376/1376 1374/1374/1374 1375/1375/1375
f 1377/1377/1377 1376/1376/1376 1375/1375/1375
f 1378/1378/1378 1376/1376/1376 1377/1377/1377
f 1379/1379/1379 1378/1378/1378 1377/1377/1377
f 1380/1380/1380 1378/1378/1378 1379/1379/1379
f 1380/1380/1380 1381/1381/1381 1378/1378/1378
f 1380/1380/1380 1379/1379/1379 1382/1382/1382
f 1383/1383/1383 1382/1382/1382 1379/1379/1379
f 1384/1384/1384 1382/1382/1382 1383/1383/1383
f 1383/1383/1383 1385/1385/1385 1384/1384/1384
f 1386/1386/1386 1385/1385/1385 1383/1383/1383
f 1386/1386/1386 1383/1383/1383 1387/1387/1387
f 1383/1383/1383 1388/1388/1388 1387/1387/1387
f 1388/1388/1388 1389/1389/1389 1387/1387/1387
f 1387/1387/1387 1389/1389/1389 1390/1390/1390
f 1391/1391/1391 1390/1390/1390 1389/1389/1389
f 1392/1392/1392 1391/1391/1391 1389/1389/1389
f 1395/1395/1395 1394/1394/1394 1393/1393/1393
f 1396/1396/1396 1394/1394/1394 1395/1395/1395
f 1396/1396/1396 1397/1397/1397 1394/1394/1394
f 1396/1396/1396 1398/1398/1398 1397/1397/1397
f 1398/1398/1398 1396/1396/1396 1399/1399/1399
f 1399/1399/1399 1398/1398/1398 1400/1400/1400
f 1398/1398/1398 1401/1401/1401 1400/1400/1400
f 1401/1401/1401 1402/1402/1402 1400/1400/1400
f 1401/1401/1401 1403/1403/1403 1402/1402/1402
f 1404/1404/1404 1403/1403/1403 1401/1401/1401
f 1399/1399/1399 1400/1400/1400 1405/1405/1405
f 1400/1400/1400 1406/1406/1406 1405/1405/1405
f 1399/1399/1399 1405/1405/1405 1407/1407/1407
f 1399/1399/1399 1407/1407/1407 1408/1408/1408
f 1399/1399/1399 1408/1408/1408 1409/1409/1409
f 1399/1399/1399 1409/1409/1409 1410/1410/1410
f 1400/1400/1400 1411/1411/1411 1406/1406/1406
f 1411/1411/1411 1412/1412/1412 1406/1406/1406
f 1411/1411/1411 1413/1413/1413 1412/1412/1412
f 1413/1413/1413 1414/1414/1414 1412/1412/1412
f 1413/1413/1413 1415/1415/1415 1414/1414/1414
f 1411/1411/1411 1416/1416/1416 1413/1413/1413
f 1413/1413/1413 1417/1417/1417 1415/1415/1415
f 1413/1413/1413 1418/1418/1418 1417/1417/1417
f 1417/1417/1417 1418/1418/1418 1419/1419/1419
f 1419/1419/1419 1418/1418/1418 1420/1420/1420
f 1416/1416/1416 1421/1421/1421 1413/1413/1413
f 1421/1421/1421 1422/1422/1422 1413/1413/1413
f 1416/1416/1416 1423/1423/1423 1421/1421/1421
f 1424/1424/1424 1422/1422/1422 1421/1421/1421
f 1423/1423/1423 1425/1425/1425 1421/1421/1421
f 1426/1426/1426 1425/1425/1425 1423/1423/1423
f 1427/1427/1427 1424/1424/1424 1421/1421/1421
f 1428/1428/1428 1424/1424/1424 1427/1427/1427
f 1429/1429/1429 1428/1428/1428 1427/1427/1427
f 1430/1430/1430 1429/1429/1429 1427/1427/1427
f 1431/1431/1431 1428/1428/1428 1429/1429/1429
f 1432/1432/1432 1431/1431/1431 1429/1429/1429
f 1433/1433/1433 1431/1431/1431 1432/1432/1432
f 1434/1434/1434 1433/1433/1433 1432/1432/1432
f 1435/1435/1435 1433/1433/1433 1434/1434/1434
f 1433/1433/1433 1435/1435/1435 1436/1436/1436
f 1437/1437/1437 1433/1433/1433 1436/1436/1436
f 1438/1438/1438 1437/1437/1437 1436/1436/1436
f 1438/1438/1438 116/116/116 1437/1437/1437
f 1439/1439/1439 116/116/116 1438/1438/1438
f 1440/1440/1440 116/116/116 1439/1439/1439
f 1441/1441/1441 116/116/116 1440/1440/1440
f 1442/1442/1442 1441/1441/1441 1440/1440/1440
f 1441/1441/1441 1442/1442/1442 1443/1443/1443
f 1441/1441/1441 1443/1443/1443 1444/1444/1444
f 1441/1441/1441 1444/1444/1444 1445/1445/1445
f 1445/1445/1445 1444/1444/1444 1446/1446/1446
f 1447/1447/1447 1445/1445/1445 1446/1446/1446
f 116/116/116 1441/1441/1441 1448/1448/1448
f 1441/1441/1441 1449/1449/1449 1448/1448/1448
f 1449/1449/1449 1450/1450/1450 1448/1448/1448
f 1450/1450/1450 1451/1451/1451 1448/1448/1448
f 1451/1451/1451 1452/1452/1452 1448/1448/1448
f 116/116/116 1448/1448/1448 127/127/127
f 1452/1452/1452 127/127/127 1448/1448/1448
f 1453/1453/1453 127/127/127 1452/1452/1452
f 1453/1453/1453 1454/1454/1454 127/127/127
f 1454/1454/1454 1455/1455/1455 127/127/127
f 781/781/781 1457/1457/1457 1456/1456/1456
f 781/781/781 1458/1458/1458 1457/1457/1457
f 1459/1459/1459 1458/1458/1458 781/781/781
f 781/781/781 1460/1460/1460 1459/1459/1459
f 1460/1460/1460 781/781/781 768/768/768
f 768/768/768 1461/1461/1461 1460/1460/1460
f 768/768/768 1462/1462/1462 1461/1461/1461
f 1463/1463/1463 1462/1462/1462 768/768/768
f 1463/1463/1463 1464/1464/1464 1462/1462/1462
f 1463/1463/1463 1465/1465/1465 1464/1464/1464
f 1463/1463/1463 1466/1466/1466 1465/1465/1465
f 1463/1463/1463 768/768/768 1467/1467/1467
f 767/767/767 1467/1467/1467 768/768/768
f 1468/1468/1468 1467/1467/1467 767/767/767
f 1463/1463/1463 1467/1467/1467 1468/1468/1468
f 772/772/772 1468/1468/1468 767/767/767
f 1468/1468/1468 772/772/772 1469/1469/1469
f 1469/1469/1469 1463/1463/1463 1468/1468/1468
f 1469/1469/1469 772/772/772 771/771/771
f 1470/1470/1470 1466/1466/1466 1463/1463/1463
f 1466/1466/1466 1470/1470/1470 1471/1471/1471
f 1472/1472/1472 1469/1469/1469 771/771/771
f 739/739/739 1472/1472/1472 771/771/771
f 1469/1469/1469 1473/1473/1473 1463/1463/1463
f 1470/1470/1470 1463/1463/1463 1473/1473/1473
f 1474/1474/1474 1469/1469/1469 1472/1472/1472
f 1474/1474/1474 1473/1473/1473 1469/1469/1469
f 1474/1474/1474 1472/1472/1472 739/739/739
f 1474/1474/1474 1470/1470/1470 1473/1473/1473
f 1475/1475/1475 1474/1474/1474 739/739/739
f 1475/1475/1475 1470/1470/1470 1474/1474/1474
f 1476/1476/1476 1475/1475/1475 739/739/739
f 1471/1471/1471 1470/1470/1470 1477/1477/1477
f 1475/1475/1475 1477/1477/1477 1470/1470/1470
f 1471/1471/1471 1477/1477/1477 1478/1478/1478
f 1476/1476/1476 1479/1479/1479 1475/1475/1475
f 1479/1479/1479 1477/1477/1477 1475/1475/1475
f 1478/1478/1478 1477/1477/1477 1480/1480/1480
f 1479/1479/1479 1480/1480/1480 1477/1477/1477
f 1478/1478/1478 1480/1480/1480 1481/1481/1481
f 1476/1476/1476 1482/1482/1482 1479/1479/1479
f 1482/1482/1482 1480/1480/1480 1479/1479/1479
f 1476/1476/1476 740/740/740 1482/1482/1482
f 1481/1481/1481 1480/1480/1480 1483/1483/1483
f 1482/1482/1482 1483/1483/1483 1480/1480/1480
f 1484/1484/1484 1483/1483/1483 1482/1482/1482
f 1485/1485/1485 1484/1484/1484 1482/1482/1482
f 740/740/740 1485/1485/1485 1482/1482/1482
f 740/740/740 741/741/741 1485/1485/1485
f 1481/1481/1481 1483/1483/1483 1486/1486/1486
f 1484/1484/1484 1486/1486/1486 1483/1483/1483
f 1481/1481/1481 1486/1486/1486 1487/1487/1487
f 1487/1487/1487 1486/1486/1486 1488/1488/1488
f 1484/1484/1484 1488/1488/1488 1486/1486/1486
f 1487/1487/1487 1488/1488/1488 1489/1489/1489
f 1485/1485/1485 741/741/741 1490/1490/1490
f 741/741/741 742/742/742 1490/1490/1490
f 1489/1489/1489 1488/1488/1488 1491/1491/1491
f 1492/1492/1492 1489/1489/1489 1491/1491/1491
f 742/742/742 1493/1493/1493 1490/1490/1490
f 1494/1494/1494 1485/1485/1485 1490/1490/1490
f 1485/1485/1485 1494/1494/1494 1484/1484/1484
f 1490/1490/1490 1493/1493/1493 1495/1495/1495
f 1495/1495/1495 1494/1494/1494 1490/1490/1490
f 1493/1493/1493 1496/1496/1496 1495/1495/1495
f 1495/1495/1495 1496/1496/1496 1497/1497/1497
f 1494/1494/1494 1495/1495/1495 1497/1497/1497
f 1496/1496/1496 1498/1498/1498 1497/1497/1497
f 1499/1499/1499 1494/1494/1494 1497/1497/1497
f 1494/1494/1494 1499/1499/1499 1484/1484/1484
f 1499/1499/1499 1500/1500/1500 1484/1484/1484
f 1501/1501/1501 1488/1488/1488 1484/1484/1484
f 1500/1500/1500 1501/1501/1501 1484/1484/1484
f 1501/1501/1501 1491/1491/1491 1488/1488/1488
f 1497/1497/1497 1498/1498/1498 1502/1502/1502
f 1499/1499/1499 1497/1497/1497 1502/1502/1502
f 1499/1499/1499 1502/1502/1502 1500/1500/1500
f 1498/1498/1498 1503/1503/1503 1502/1502/1502
f 1500/1500/1500 1502/1502/1502 1504/1504/1504
f 1500/1500/1500 1504/1504/1504 1505/1505/1505
f 1505/1505/1505 1506/1506/1506 1500/1500/1500
f 1502/1502/1502 1503/1503/1503 1507/1507/1507
f 1500/1500/1500 1506/1506/1506 1508/1508/1508
f 1500/1500/1500 1508/1508/1508 1501/1501/1501
f 1506/1506/1506 1509/1509/1509 1508/1508/1508
f 1508/1508/1508 1510/1510/1510 1501/1501/1501
f 1510/1510/1510 1511/1511/1511 1501/1501/1501
f 1511/1511/1511 1491/1491/1491 1501/1501/1501
f 1508/1508/1508 1512/1512/1512 1510/1510/1510
f 1508/1508/1508 1509/1509/1509 1512/1512/1512
f 1507/1507/1507 1503/1503/1503 1513/1513/1513
f 1507/1507/1507 1513/1513/1513 1514/1514/1514
f 1511/1511/1511 1515/1515/1515 1491/1491/1491
f 1515/1515/1515 1492/1492/1492 1491/1491/1491
f 1515/1515/1515 1516/1516/1516 1492/1492/1492
f 1517/1517/1517 1492/1492/1492 1516/1516/1516
f 1511/1511/1511 1518/1518/1518 1515/1515/1515
f 1518/1518/1518 1516/1516/1516 1515/1515/1515
f 1510/1510/1510 1519/1519/1519 1511/1511/1511
f 1519/1519/1519 1518/1518/1518 1511/1511/1511
f 1520/1520/1520 1514/1514/1514 1513/1513/1513
f 1520/1520/1520 1521/1521/1521 1514/1514/1514
f 1517/1517/1517 1516/1516/1516 1293/1293/1293
f 1293/1293/1293 1522/1522/1522 1517/1517/1517
f 1523/1523/1523 1522/1522/1522 1293/1293/1293
f 1524/1524/1524 1522/1522/1522 1523/1523/1523
f 1516/1516/1516 1294/1294/1294 1293/1293/1293
f 1288/1288/1288 1523/1523/1523 1293/1293/1293
f 1525/1525/1525 1524/1524/1524 1523/1523/1523
f 1523/1523/1523 1288/1288/1288 1525/1525/1525
f 1526/1526/1526 1524/1524/1524 1525/1525/1525
f 1525/1525/1525 1288/1288/1288 1527/1527/1527
f 1527/1527/1527 1526/1526/1526 1525/1525/1525
f 1527/1527/1527 1288/1288/1288 1295/1295/1295
f 1528/1528/1528 1526/1526/1526 1527/1527/1527
f 1295/1295/1295 1528/1528/1528 1527/1527/1527
f 1529/1529/1529 1528/1528/1528 1295/1295/1295
f 1294/1294/1294 1516/1516/1516 1530/1530/1530
f 1530/1530/1530 1516/1516/1516 1518/1518/1518
f 1531/1531/1531 1294/1294/1294 1530/1530/1530
f 1532/1532/1532 1294/1294/1294 1531/1531/1531
f 1532/1532/1532 1531/1531/1531 1533/1533/1533
f 1531/1531/1531 1534/1534/1534 1533/1533/1533
f 1530/1530/1530 1518/1518/1518 1535/1535/1535
f 1535/1535/1535 1518/1518/1518 1519/1519/1519
f 1536/1536/1536 1530/1530/1530 1535/1535/1535
f 1537/1537/1537 1530/1530/1530 1536/1536/1536
f 1534/1534/1534 1537/1537/1537 1536/1536/1536
f 1538/1538/1538 1535/1535/1535 1519/1519/1519
f 1538/1538/1538 1536/1536/1536 1535/1535/1535
f 1538/1538/1538 1534/1534/1534 1536/1536/1536
f 1510/1510/1510 1538/1538/1538 1519/1519/1519
f 1538/1538/1538 1539/1539/1539 1534/1534/1534
f 1534/1534/1534 1539/1539/1539 1533/1533/1533
f 1540/1540/1540 1539/1539/1539 1538/1538/1538
f 1540/1540/1540 1533/1533/1533 1539/1539/1539
f 1510/1510/1510 1540/1540/1540 1538/1538/1538
f 1540/1540/1540 1541/1541/1541 1533/1533/1533
f 1541/1541/1541 1540/1540/1540 1510/1510/1510
f 1541/1541/1541 1542/1542/1542 1533/1533/1533
f 143/143/143 1542/1542/1542 1541/1541/1541
f 143/143/143 1543/1543/1543 1542/1542/1542
f 1541/1541/1541 1510/1510/1510 144/144/144
f 143/143/143 1541/1541/1541 144/144/144
f 1510/1510/1510 1544/1544/1544 144/144/144
f 1512/1512/1512 1544/1544/1544 1510/1510/1510
f 170/170/170 144/144/144 1544/1544/1544
f 143/143/143 1545/1545/1545 1543/1543/1543
f 1545/1545/1545 143/143/143 142/142/142
f 1545/1545/1545 142/142/142 1546/1546/1546
f 1545/1545/1545 1547/1547/1547 1543/1543/1543
f 1547/1547/1547 1545/1545/1545 1546/1546/1546
f 1547/1547/1547 1548/1548/1548 1543/1543/1543
f 1549/1549/1549 1547/1547/1547 1546/1546/1546
f 1512/1512/1512 1550/1550/1550 1544/1544/1544
f 1509/1509/1509 1550/1550/1550 1512/1512/1512
f 170/170/170 1544/1544/1544 1551/1551/1551
f 1550/1550/1550 1551/1551/1551 1544/1544/1544
f 1552/1552/1552 170/170/170 1551/1551/1551
f 1552/1552/1552 169/169/169 170/170/170
f 169/169/169 1552/1552/1552 1553/1553/1553
f 1553/1553/1553 1552/1552/1552 1551/1551/1551
f 370/370/370 169/169/169 1553/1553/1553
f 1553/1553/1553 1551/1551/1551 1554/1554/1554
f 1554/1554/1554 1551/1551/1551 1555/1555/1555
f 1555/1555/1555 1551/1551/1551 1550/1550/1550
f 1553/1553/1553 1556/1556/1556 370/370/370
f 1556/1556/1556 1553/1553/1553 1557/1557/1557
f 1556/1556/1556 371/371/371 370/370/370
f 1558/1558/1558 1550/1550/1550 1509/1509/1509
f 1555/1555/1555 1550/1550/1550 1558/1558/1558
f 1559/1559/1559 1557/1557/1557 1555/1555/1555
f 1559/1559/1559 1556/1556/1556 1557/1557/1557
f 1555/1555/1555 1558/1558/1558 1559/1559/1559
f 1556/1556/1556 1560/1560/1560 371/371/371
f 1556/1556/1556 1559/1559/1559 1560/1560/1560
f 1558/1558/1558 1509/1509/1509 1561/1561/1561
f 1561/1561/1561 1509/1509/1509 1521/1521/1521
f 1561/1561/1561 1521/1521/1521 1520/1520/1520
f 1562/1562/1562 1558/1558/1558 1561/1561/1561
f 1558/1558/1558 1562/1562/1562 1559/1559/1559
f 1562/1562/1562 1561/1561/1561 1520/1520/1520
f 1560/1560/1560 1563/1563/1563 371/371/371
f 1563/1563/1563 374/374/374 371/371/371
f 1559/1559/1559 1564/1564/1564 1560/1560/1560
f 1559/1559/1559 1562/1562/1562 1564/1564/1564
f 1560/1560/1560 1564/1564/1564 1565/1565/1565
f 1566/1566/1566 1563/1563/1563 1560/1560/1560
f 1563/1563/1563 1567/1567/1567 374/374/374
f 1566/1566/1566 1567/1567/1567 1563/1563/1563
f 1520/1520/1520 1568/1568/1568 1562/1562/1562
f 1520/1520/1520 1513/1513/1513 1568/1568/1568
f 1562/1562/1562 1569/1569/1569 1564/1564/1564
f 1569/1569/1569 1562/1562/1562 1568/1568/1568
f 1570/1570/1570 1564/1564/1564 1569/1569/1569
f 1569/1569/1569 1571/1571/1571 1570/1570/1570
f 1571/1571/1571 1569/1569/1569 1568/1568/1568
f 1572/1572/1572 1571/1571/1571 1568/1568/1568
f 644/644/644 1571/1571/1571 1572/1572/1572
f 644/644/644 1572/1572/1572 645/645/645
f 1513/1513/1513 1573/1573/1573 1568/1568/1568
f 1573/1573/1573 1572/1572/1572 1568/1568/1568
f 1574/1574/1574 645/645/645 1572/1572/1572
f 1573/1573/1573 1574/1574/1574 1572/1572/1572
f 1575/1575/1575 1573/1573/1573 1513/1513/1513
f 1503/1503/1503 1575/1575/1575 1513/1513/1513
f 1575/1575/1575 1576/1576/1576 1573/1573/1573
f 1576/1576/1576 1574/1574/1574 1573/1573/1573
f 645/645/645 1574/1574/1574 1577/1577/1577
f 661/661/661 645/645/645 1577/1577/1577
f 1575/1575/1575 1503/1503/1503 1578/1578/1578
f 1576/1576/1576 1575/1575/1575 1578/1578/1578
f 1579/1579/1579 1578/1578/1578 1503/1503/1503
f 1576/1576/1576 1578/1578/1578 1579/1579/1579
f 1580/1580/1580 1579/1579/1579 1503/1503/1503
f 1580/1580/1580 1581/1581/1581 1579/1579/1579
f 1574/1574/1574 1576/1576/1576 1582/1582/1582
f 1574/1574/1574 1582/1582/1582 1577/1577/1577
f 661/661/661 1577/1577/1577 1583/1583/1583
f 1577/1577/1577 1582/1582/1582 1583/1583/1583
f 1583/1583/1583 1582/1582/1582 1581/1581/1581
f 1583/1583/1583 742/742/742 661/661/661
f 1576/1576/1576 1579/1579/1579 1584/1584/1584
f 1579/1579/1579 1581/1581/1581 1584/1584/1584
f 1576/1576/1576 1584/1584/1584 1582/1582/1582
f 1584/1584/1584 1581/1581/1581 1582/1582/1582
f 1587/1587/1587 1586/1586/1586 1585/1585/1585
f 1587/1587/1587 1588/1588/1588 1586/1586/1586
f 1591/1591/1591 1590/1590/1590 1589/1589/1589
f 1592/1592/1592 1591/1591/1591 1589/1589/1589
f 1592/1592/1592 1589/1589/1589 604/604/604
f 1589/1589/1589 1593/1593/1593 604/604/604
f 606/606/606 1592/1592/1592 604/604/604
f 1567/1567/1567 1592/1592/1592 606/606/606
f 1594/1594/1594 1567/1567/1567 606/606/606
f 1592/1592/1592 1567/1567/1567 1566/1566/1566
f 1592/1592/1592 1566/1566/1566 1595/1595/1595
f 1595/1595/1595 1566/1566/1566 1596/1596/1596
f 1596/1596/1596 1566/1566/1566 1597/1597/1597
f 1596/1596/1596 1597/1597/1597 1598/1598/1598
f 1567/1567/1567 1594/1594/1594 1599/1599/1599
f 1599/1599/1599 1594/1594/1594 1600/1600/1600
f 1600/1600/1600 571/571/571 1599/1599/1599
f 571/571/571 583/583/583 1599/1599/1599
f 583/583/583 1601/1601/1601 1599/1599/1599
f 1601/1601/1601 1602/1602/1602 1599/1599/1599
f 1603/1603/1603 1599/1599/1599 1602/1602/1602
f 1601/1601/1601 583/583/583 1604/1604/1604
f 583/583/583 584/584/584 1604/1604/1604
f 1604/1604/1604 584/584/584 588/588/588
f 1604/1604/1604 588/588/588 1605/1605/1605
f 1601/1601/1601 1604/1604/1604 1605/1605/1605
f 1605/1605/1605 588/588/588 1606/1606/1606
f 589/589/589 1606/1606/1606 588/588/588
f 1607/1607/1607 1606/1606/1606 589/589/589
f 1608/1608/1608 1606/1606/1606 1607/1607/1607
f 1608/1608/1608 1609/1609/1609 1606/1606/1606
f 1610/1610/1610 1606/1606/1606 1609/1609/1609
f 1605/1605/1605 1606/1606/1606 1610/1610/1610
f 1601/1601/1601 1605/1605/1605 1610/1610/1610
f 1610/1610/1610 1611/1611/1611 1601/1601/1601
f 1612/1612/1612 1602/1602/1602 1601/1601/1601
f 1611/1611/1611 1612/1612/1612 1601/1601/1601
f 1612/1612/1612 1613/1613/1613 1602/1602/1602
f 1602/1602/1602 1613/1613/1613 1614/1614/1614
f 1611/1611/1611 1615/1615/1615 1612/1612/1612
f 1611/1611/1611 1616/1616/1616 1615/1615/1615
f 1612/1612/1612 1615/1615/1615 1617/1617/1617
f 1612/1612/1612 1617/1617/1617 1613/1613/1613
f 1617/1617/1617 1615/1615/1615 1618/1618/1618
f 1617/1617/1617 1618/1618/1618 1619/1619/1619
f 1617/1617/1617 1619/1619/1619 1620/1620/1620
f 1617/1617/1617 1620/1620/1620 1621/1621/1621
f 1620/1620/1620 1622/1622/1622 1621/1621/1621
f 1623/1623/1623 1621/1621/1621 1622/1622/1622
f 1623/1623/1623 1624/1624/1624 1621/1621/1621
f 1625/1625/1625 1624/1624/1624 1623/1623/1623
f 1625/1625/1625 1626/1626/1626 1624/1624/1624
f 1627/1627/1627 1626/1626/1626 1625/1625/1625
f 1627/1627/1627 1628/1628/1628 1626/1626/1626
f 1629/1629/1629 1628/1628/1628 1627/1627/1627
f 1629/1629/1629 1630/1630/1630 1628/1628/1628
f 1631/1631/1631 1630/1630/1630 1629/1629/1629
f 1631/1631/1631 1632/1632/1632 1630/1630/1630
f 1631/1631/1631 1633/1633/1633 1632/1632/1632
f 1634/1634/1634 1633/1633/1633 1631/1631/1631
f 40/40/40 1633/1633/1633 1634/1634/1634
f 40/40/40 37/37/37 1633/1633/1633
f 1636/1636/1636 1635/1635/1635 37/37/37
f 1637/1637/1637 1635/1635/1635 1636/1636/1636
f 1637/1637/1637 1636/1636/1636 1638/1638/1638
f 1639/1639/1639 1637/1637/1637 1638/1638/1638
f 1640/1640/1640 1637/1637/1637 1639/1639/1639
f 1641/1641/1641 1640/1640/1640 1639/1639/1639
f 1641/1641/1641 1639/1639/1639 1642/1642/1642
f 1639/1639/1639 1643/1643/1643 1642/1642/1642
f 1643/1643/1643 1644/1644/1644 1642/1642/1642
f 1636/1636/1636 37/37/37 1645/1645/1645
f 1645/1645/1645 37/37/37 41/41/41
f 1643/1643/1643 1639/1639/1639 1646/1646/1646
f 1644/1644/1644 1643/1643/1643 1646/1646/1646
f 1638/1638/1638 1636/1636/1636 1647/1647/1647
f 1636/1636/1636 1645/1645/1645 1647/1647/1647
f 1645/1645/1645 1648/1648/1648 1647/1647/1647
f 1648/1648/1648 1638/1638/1638 1647/1647/1647
f 1649/1649/1649 1645/1645/1645 41/41/41
f 1649/1649/1649 1648/1648/1648 1645/1645/1645
f 1648/1648/1648 1649/1649/1649 1650/1650/1650
f 41/41/41 1650/1650/1650 1649/1649/1649
f 1646/1646/1646 1639/1639/1639 1651/1651/1651
f 1639/1639/1639 1638/1638/1638 1651/1651/1651
f 1638/1638/1638 1648/1648/1648 1652/1652/1652
f 1652/1652/1652 1648/1648/1648 1650/1650/1650
f 1652/1652/1652 1650/1650/1650 1653/1653/1653
f 1653/1653/1653 1654/1654/1654 1652/1652/1652
f 1638/1638/1638 1652/1652/1652 1654/1654/1654
f 1638/1638/1638 1654/1654/1654 1651/1651/1651
f 1651/1651/1651 1654/1654/1654 1655/1655/1655
f 1654/1654/1654 1653/1653/1653 1655/1655/1655
f 1656/1656/1656 1651/1651/1651 1655/1655/1655
f 1651/1651/1651 1656/1656/1656 1646/1646/1646
f 1653/1653/1653 1656/1656/1656 1655/1655/1655
f 41/41/41 1657/1657/1657 1650/1650/1650
f 1658/1658/1658 1650/1650/1650 1657/1657/1657
f 1658/1658/1658 1653/1653/1653 1650/1650/1650
f 41/41/41 1659/1659/1659 1657/1657/1657
f 1658/1658/1658 1657/1657/1657 1659/1659/1659
f 1660/1660/1660 1659/1659/1659 41/41/41
f 1660/1660/1660 1661/1661/1661 1659/1659/1659
f 1662/1662/1662 1661/1661/1661 1660/1660/1660
f 1659/1659/1659 1663/1663/1663 1658/1658/1658
f 1659/1659/1659 1661/1661/1661 1663/1663/1663
f 1658/1658/1658 1663/1663/1663 1664/1664/1664
f 1664/1664/1664 1663/1663/1663 1665/1665/1665
f 1666/1666/1666 1661/1661/1661 1662/1662/1662
f 1667/1667/1667 1666/1666/1666 1662/1662/1662
f 1661/1661/1661 1666/1666/1666 1668/1668/1668
f 1661/1661/1661 1668/1668/1668 1669/1669/1669
f 1661/1661/1661 1669/1669/1669 1670/1670/1670
f 1663/1663/1663 1661/1661/1661 1670/1670/1670
f 1663/1663/1663 1670/1670/1670 1671/1671/1671
f 1665/1665/1665 1663/1663/1663 1671/1671/1671
f 1672/1672/1672 1665/1665/1665 1671/1671/1671
f 1671/1671/1671 1670/1670/1670 1673/1673/1673
f 1670/1670/1670 1674/1674/1674 1673/1673/1673
f 1673/1673/1673 1674/1674/1674 1675/1675/1675
f 1675/1675/1675 1674/1674/1674 1676/1676/1676
f 1671/1671/1671 1677/1677/1677 1672/1672/1672
f 1675/1675/1675 1676/1676/1676 1678/1678/1678
f 1679/1679/1679 1672/1672/1672 1677/1677/1677
f 1678/1678/1678 1672/1672/1672 1679/1679/1679
f 1678/1678/1678 1676/1676/1676 1680/1680/1680
f 1672/1672/1672 1678/1678/1678 1681/1681/1681
f 1678/1678/1678 1682/1682/1682 1681/1681/1681
f 1678/1678/1678 1680/1680/1680 1682/1682/1682
f 1681/1681/1681 1682/1682/1682 1683/1683/1683
f 1680/1680/1680 1684/1684/1684 1682/1682/1682
f 1685/1685/1685 1681/1681/1681 1683/1683/1683
f 1681/1681/1681 1686/1686/1686 1672/1672/1672
f 1672/1672/1672 1686/1686/1686 1687/1687/1687
f 1688/1688/1688 1687/1687/1687 1686/1686/1686
f 1688/1688/1688 1689/1689/1689 1687/1687/1687
f 1672/1672/1672 1689/1689/1689 1665/1665/1665
f 1665/1665/1665 1689/1689/1689 1690/1690/1690
f 1691/1691/1691 1690/1690/1690 1689/1689/1689
f 1691/1691/1691 1689/1689/1689 1688/1688/1688
f 1692/1692/1692 1690/1690/1690 1691/1691/1691
f 1653/1653/1653 1692/1692/1692 1691/1691/1691
f 1653/1653/1653 1691/1691/1691 1693/1693/1693
f 1694/1694/1694 1691/1691/1691 1688/1688/1688
f 1691/1691/1691 1694/1694/1694 1693/1693/1693
f 1693/1693/1693 1695/1695/1695 1653/1653/1653
f 1695/1695/1695 1656/1656/1656 1653/1653/1653
f 1696/1696/1696 1656/1656/1656 1695/1695/1695
f 1696/1696/1696 1646/1646/1646 1656/1656/1656
f 1697/1697/1697 1646/1646/1646 1696/1696/1696
f 1697/1697/1697 1644/1644/1644 1646/1646/1646
f 1698/1698/1698 1644/1644/1644 1697/1697/1697
f 1644/1644/1644 1698/1698/1698 1642/1642/1642
f 1699/1699/1699 1698/1698/1698 1697/1697/1697
f 1698/1698/1698 1699/1699/1699 1642/1642/1642
f 1694/1694/1694 1688/1688/1688 1700/1700/1700
f 1693/1693/1693 1694/1694/1694 1701/1701/1701
f 1694/1694/1694 1700/1700/1700 1701/1701/1701
f 1702/1702/1702 1695/1695/1695 1693/1693/1693
f 1701/1701/1701 1702/1702/1702 1693/1693/1693
f 1700/1700/1700 1688/1688/1688 1703/1703/1703
f 1703/1703/1703 1688/1688/1688 1686/1686/1686
f 1703/1703/1703 1686/1686/1686 1704/1704/1704
f 1703/1703/1703 1704/1704/1704 1705/1705/1705
f 1706/1706/1706 1703/1703/1703 1705/1705/1705
f 1700/1700/1700 1703/1703/1703 1706/1706/1706
f 1704/1704/1704 1686/1686/1686 1681/1681/1681
f 1695/1695/1695 1702/1702/1702 1707/1707/1707
f 1701/1701/1701 1708/1708/1708 1702/1702/1702
f 1707/1707/1707 1702/1702/1702 1708/1708/1708
f 1707/1707/1707 1708/1708/1708 1709/1709/1709
f 1710/1710/1710 1707/1707/1707 1709/1709/1709
f 1711/1711/1711 1695/1695/1695 1707/1707/1707
f 1710/1710/1710 1711/1711/1711 1707/1707/1707
f 1711/1711/1711 1696/1696/1696 1695/1695/1695
f 1701/1701/1701 1700/1700/1700 1712/1712/1712
f 1712/1712/1712 1708/1708/1708 1701/1701/1701
f 1700/1700/1700 1706/1706/1706 1713/1713/1713
f 1700/1700/1700 1713/1713/1713 1712/1712/1712
f 1714/1714/1714 1696/1696/1696 1711/1711/1711
f 1714/1714/1714 1697/1697/1697 1696/1696/1696
f 1715/1715/1715 1711/1711/1711 1710/1710/1710
f 1715/1715/1715 1714/1714/1714 1711/1711/1711
f 1716/1716/1716 1714/1714/1714 1715/1715/1715
f 1717/1717/1717 1716/1716/1716 1715/1715/1715
f 1717/1717/1717 1715/1715/1715 1718/1718/1718
f 1715/1715/1715 1710/1710/1710 1718/1718/1718
f 1710/1710/1710 1709/1709/1709 1718/1718/1718
f 1719/1719/1719 1718/1718/1718 1709/1709/1709
f 1720/1720/1720 1719/1719/1719 1709/1709/1709
f 1721/1721/1721 1720/1720/1720 1709/1709/1709
f 1722/1722/1722 1721/1721/1721 1709/1709/1709
f 1723/1723/1723 1721/1721/1721 1722/1722/1722
f 1723/1723/1723 1722/1722/1722 1724/1724/1724
f 1725/1725/1725 1697/1697/1697 1714/1714/1714
f 1725/1725/1725 1714/1714/1714 1716/1716/1716
f 1725/1725/1725 1699/1699/1699 1697/1697/1697
f 1699/1699/1699 1725/1725/1725 1726/1726/1726
f 1726/1726/1726 1642/1642/1642 1699/1699/1699
f 1727/1727/1727 1726/1726/1726 1725/1725/1725
f 1725/1725/1725 1716/1716/1716 1727/1727/1727
f 1727/1727/1727 1642/1642/1642 1726/1726/1726
f 1728/1728/1728 1718/1718/1718 1719/1719/1719
f 1728/1728/1728 1717/1717/1717 1718/1718/1718
f 1729/1729/1729 1642/1642/1642 1727/1727/1727
f 1729/1729/1729 1730/1730/1730 1642/1642/1642
f 1730/1730/1730 1731/1731/1731 1642/1642/1642
f 1716/1716/1716 1732/1732/1732 1727/1727/1727
f 1732/1732/1732 1729/1729/1729 1727/1727/1727
f 1719/1719/1719 1733/1733/1733 1728/1728/1728
f 1717/1717/1717 1728/1728/1728 1734/1734/1734
f 1734/1734/1734 1728/1728/1728 1733/1733/1733
f 1735/1735/1735 1733/1733/1733 1719/1719/1719
f 1735/1735/1735 1719/1719/1719 1736/1736/1736
f 1719/1719/1719 1737/1737/1737 1736/1736/1736
f 1719/1719/1719 1738/1738/1738 1737/1737/1737
f 1719/1719/1719 1739/1739/1739 1738/1738/1738
f 1735/1735/1735 1740/1740/1740 1733/1733/1733
f 1740/1740/1740 1741/1741/1741 1733/1733/1733
f 1742/1742/1742 1733/1733/1733 1741/1741/1741
f 1742/1742/1742 1734/1734/1734 1733/1733/1733
f 1741/1741/1741 1743/1743/1743 1742/1742/1742
f 1744/1744/1744 1743/1743/1743 1741/1741/1741
f 1744/1744/1744 1745/1745/1745 1743/1743/1743
f 1744/1744/1744 1746/1746/1746 1745/1745/1745
f 1746/1746/1746 1747/1747/1747 1745/1745/1745
f 1748/1748/1748 1747/1747/1747 1746/1746/1746
f 1748/1748/1748 1749/1749/1749 1747/1747/1747
f 1742/1742/1742 1743/1743/1743 1750/1750/1750
f 1748/1748/1748 1751/1751/1751 1749/1749/1749
f 1752/1752/1752 1734/1734/1734 1742/1742/1742
f 1742/1742/1742 1750/1750/1750 1752/1752/1752
f 1753/1753/1753 1749/1749/1749 1751/1751/1751
f 1753/1753/1753 1754/1754/1754 1749/1749/1749
f 1752/1752/1752 1755/1755/1755 1734/1734/1734
f 1755/1755/1755 1717/1717/1717 1734/1734/1734
f 1752/1752/1752 1750/1750/1750 1756/1756/1756
f 1756/1756/1756 1755/1755/1755 1752/1752/1752
f 1756/1756/1756 1750/1750/1750 1757/1757/1757
f 1756/1756/1756 1758/1758/1758 1755/1755/1755
f 1717/1717/1717 1755/1755/1755 1758/1758/1758
f 1756/1756/1756 1757/1757/1757 1759/1759/1759
f 1759/1759/1759 1758/1758/1758 1756/1756/1756
f 1759/1759/1759 1757/1757/1757 1760/1760/1760
f 1717/1717/1717 1758/1758/1758 1761/1761/1761
f 1759/1759/1759 1761/1761/1761 1758/1758/1758
f 1759/1759/1759 1760/1760/1760 1762/1762/1762
f 1762/1762/1762 1761/1761/1761 1759/1759/1759
f 1762/1762/1762 1760/1760/1760 1763/1763/1763
f 1717/1717/1717 1761/1761/1761 1764/1764/1764
f 1761/1761/1761 1762/1762/1762 1764/1764/1764
f 1716/1716/1716 1717/1717/1717 1764/1764/1764
f 1762/1762/1762 1763/1763/1763 1765/1765/1765
f 1762/1762/1762 1765/1765/1765 1764/1764/1764
f 1763/1763/1763 1766/1766/1766 1765/1765/1765
f 1767/1767/1767 1716/1716/1716 1764/1764/1764
f 1765/1765/1765 1767/1767/1767 1764/1764/1764
f 1765/1765/1765 1766/1766/1766 1768/1768/1768
f 1768/1768/1768 1767/1767/1767 1765/1765/1765
f 1768/1768/1768 1766/1766/1766 1769/1769/1769
f 1767/1767/1767 1770/1770/1770 1716/1716/1716
f 1768/1768/1768 1770/1770/1770 1767/1767/1767
f 1770/1770/1770 1732/1732/1732 1716/1716/1716
f 1768/1768/1768 1769/1769/1769 1771/1771/1771
f 1771/1771/1771 1770/1770/1770 1768/1768/1768
f 1771/1771/1771 1732/1732/1732 1770/1770/1770
f 1771/1771/1771 1769/1769/1769 1772/1772/1772
f 1773/1773/1773 1732/1732/1732 1771/1771/1771
f 1771/1771/1771 1772/1772/1772 1773/1773/1773
f 1773/1773/1773 1772/1772/1772 1774/1774/1774
f 1773/1773/1773 1729/1729/1729 1732/1732/1732
f 1773/1773/1773 1774/1774/1774 1775/1775/1775
f 1775/1775/1775 1729/1729/1729 1773/1773/1773
f 1775/1775/1775 1774/1774/1774 1776/1776/1776
f 1777/1777/1777 1729/1729/1729 1775/1775/1775
f 1775/1775/1775 1776/1776/1776 1777/1777/1777
f 1778/1778/1778 1729/1729/1729 1777/1777/1777
f 1777/1777/1777 1776/1776/1776 1779/1779/1779
f 1778/1778/1778 1777/1777/1777 1780/1780/1780
f 1777/1777/1777 1779/1779/1779 1780/1780/1780
f 1780/1780/1780 1779/1779/1779 1781/1781/1781
f 1780/1780/1780 1781/1781/1781 1782/1782/1782
f 1783/1783/1783 1780/1780/1780 1782/1782/1782
f 1782/1782/1782 1784/1784/1784 1783/1783/1783
f 1782/1782/1782 1781/1781/1781 1785/1785/1785
f 1785/1785/1785 1784/1784/1784 1782/1782/1782
f 1785/1785/1785 1781/1781/1781 1786/1786/1786
f 1785/1785/1785 1786/1786/1786 1787/1787/1787
f 1787/1787/1787 1784/1784/1784 1785/1785/1785
f 1787/1787/1787 1786/1786/1786 1788/1788/1788
f 1789/1789/1789 1787/1787/1787 1788/1788/1788
f 1788/1788/1788 1790/1790/1790 1789/1789/1789
f 1787/1787/1787 1791/1791/1791 1784/1784/1784
f 1789/1789/1789 1791/1791/1791 1787/1787/1787
f 1789/1789/1789 1790/1790/1790 1792/1792/1792
f 1793/1793/1793 1792/1792/1792 1790/1790/1790
f 1789/1789/1789 1794/1794/1794 1791/1791/1791
f 1792/1792/1792 1794/1794/1794 1789/1789/1789
f 1792/1792/1792 1793/1793/1793 1795/1795/1795
f 1793/1793/1793 1796/1796/1796 1795/1795/1795
f 1792/1792/1792 1797/1797/1797 1794/1794/1794
f 1795/1795/1795 1797/1797/1797 1792/1792/1792
f 1791/1791/1791 1794/1794/1794 1798/1798/1798
f 1794/1794/1794 1797/1797/1797 1798/1798/1798
f 1799/1799/1799 1791/1791/1791 1798/1798/1798
f 1784/1784/1784 1791/1791/1791 1799/1799/1799
f 1797/1797/1797 1800/1800/1800 1798/1798/1798
f 1795/1795/1795 1800/1800/1800 1797/1797/1797
f 1800/1800/1800 1801/1801/1801 1798/1798/1798
f 1801/1801/1801 1802/1802/1802 1798/1798/1798
f 1799/1799/1799 1803/1803/1803 1784/1784/1784
f 1784/1784/1784 1803/1803/1803 1804/1804/1804
f 1803/1803/1803 1805/1805/1805 1804/1804/1804
f 1796/1796/1796 1806/1806/1806 1795/1795/1795
f 1806/1806/1806 1800/1800/1800 1795/1795/1795
f 1807/1807/1807 1806/1806/1806 1796/1796/1796
f 1806/1806/1806 1807/1807/1807 1808/1808/1808
f 1808/1808/1808 1800/1800/1800 1806/1806/1806
f 1807/1807/1807 1809/1809/1809 1808/1808/1808
f 1808/1808/1808 1810/1810/1810 1800/1800/1800
f 1810/1810/1810 1801/1801/1801 1800/1800/1800
f 1809/1809/1809 1811/1811/1811 1808/1808/1808
f 1810/1810/1810 1808/1808/1808 1811/1811/1811
f 1811/1811/1811 1809/1809/1809 1812/1812/1812
f 1812/1812/1812 1809/1809/1809 1813/1813/1813
f 1814/1814/1814 1810/1810/1810 1811/1811/1811
f 1814/1814/1814 1801/1801/1801 1810/1810/1810
f 1812/1812/1812 1814/1814/1814 1811/1811/1811
f 1812/1812/1812 1813/1813/1813 1815/1815/1815
f 1815/1815/1815 1813/1813/1813 1754/1754/1754
f 1815/1815/1815 1754/1754/1754 1753/1753/1753
f 1812/1812/1812 1816/1816/1816 1814/1814/1814
f 1815/1815/1815 1816/1816/1816 1812/1812/1812
f 1814/1814/1814 1816/1816/1816 1801/1801/1801
f 1815/1815/1815 1817/1817/1817 1816/1816/1816
f 1753/1753/1753 1817/1817/1817 1815/1815/1815
f 1816/1816/1816 1817/1817/1817 1801/1801/1801
f 1753/1753/1753 1818/1818/1818 1817/1817/1817
f 1751/1751/1751 1818/1818/1818 1753/1753/1753
f 1818/1818/1818 1751/1751/1751 1819/1819/1819
f 1818/1818/1818 1819/1819/1819 1820/1820/1820
f 1821/1821/1821 1818/1818/1818 1820/1820/1820
f 1822/1822/1822 1821/1821/1821 1820/1820/1820
f 1823/1823/1823 1821/1821/1821 1822/1822/1822
f 1823/1823/1823 1824/1824/1824 1821/1821/1821
f 1824/1824/1824 1825/1825/1825 1821/1821/1821
f 1818/1818/1818 1826/1826/1826 1817/1817/1817
f 1817/1817/1817 1826/1826/1826 1801/1801/1801
f 1826/1826/1826 1818/1818/1818 1821/1821/1821
f 1826/1826/1826 1827/1827/1827 1801/1801/1801
f 1827/1827/1827 1826/1826/1826 1821/1821/1821
f 1825/1825/1825 1827/1827/1827 1821/1821/1821
f 1801/1801/1801 1827/1827/1827 1802/1802/1802
f 1825/1825/1825 1828/1828/1828 1827/1827/1827
f 1827/1827/1827 1828/1828/1828 1802/1802/1802
f 1828/1828/1828 1825/1825/1825 1829/1829/1829
f 1825/1825/1825 1830/1830/1830 1829/1829/1829
f 1829/1829/1829 1830/1830/1830 1831/1831/1831
f 1829/1829/1829 1831/1831/1831 1832/1832/1832
f 1832/1832/1832 1831/1831/1831 1724/1724/1724
f 1833/1833/1833 1832/1832/1832 1724/1724/1724
f 1724/1724/1724 1722/1722/1722 1833/1833/1833
f 1802/1802/1802 1828/1828/1828 1834/1834/1834
f 1802/1802/1802 1834/1834/1834 1835/1835/1835
f 1802/1802/1802 1835/1835/1835 1798/1798/1798
f 1836/1836/1836 1828/1828/1828 1829/1829/1829
f 1837/1837/1837 1829/1829/1829 1832/1832/1832
f 1836/1836/1836 1829/1829/1829 1837/1837/1837
f 1838/1838/1838 1837/1837/1837 1832/1832/1832
f 1838/1838/1838 1836/1836/1836 1837/1837/1837
f 1839/1839/1839 1832/1832/1832 1833/1833/1833
f 1838/1838/1838 1832/1832/1832 1839/1839/1839
f 1840/1840/1840 1833/1833/1833 1722/1722/1722
f 1839/1839/1839 1833/1833/1833 1840/1840/1840
f 1828/1828/1828 1841/1841/1841 1834/1834/1834
f 1841/1841/1841 1828/1828/1828 1836/1836/1836
f 1842/1842/1842 1834/1834/1834 1841/1841/1841
f 1834/1834/1834 1843/1843/1843 1835/1835/1835
f 1834/1834/1834 1842/1842/1842 1843/1843/1843
f 1841/1841/1841 1836/1836/1836 1844/1844/1844
f 1844/1844/1844 1842/1842/1842 1841/1841/1841
f 1845/1845/1845 1844/1844/1844 1836/1836/1836
f 1845/1845/1845 1836/1836/1836 1838/1838/1838
f 1846/1846/1846 1835/1835/1835 1843/1843/1843
f 1846/1846/1846 1798/1798/1798 1835/1835/1835
f 1847/1847/1847 1846/1846/1846 1843/1843/1843
f 1847/1847/1847 1843/1843/1843 1848/1848/1848
f 1843/1843/1843 1842/1842/1842 1848/1848/1848
f 1846/1846/1846 1847/1847/1847 1849/1849/1849
f 1798/1798/1798 1846/1846/1846 1849/1849/1849
f 1850/1850/1850 1842/1842/1842 1844/1844/1844
f 1850/1850/1850 1844/1844/1844 1845/1845/1845
f 1851/1851/1851 1798/1798/1798 1849/1849/1849
f 1799/1799/1799 1798/1798/1798 1851/1851/1851
f 1851/1851/1851 1803/1803/1803 1799/1799/1799
f 1849/1849/1849 1803/1803/1803 1851/1851/1851
f 1852/1852/1852 1849/1849/1849 1847/1847/1847
f 1852/1852/1852 1803/1803/1803 1849/1849/1849
f 1852/1852/1852 1847/1847/1847 1853/1853/1853
f 1852/1852/1852 1853/1853/1853 1803/1803/1803
f 1853/1853/1853 1854/1854/1854 1803/1803/1803
f 1847/1847/1847 1855/1855/1855 1853/1853/1853
f 1854/1854/1854 1853/1853/1853 1855/1855/1855
f 1855/1855/1855 1847/1847/1847 1856/1856/1856
f 1854/1854/1854 1857/1857/1857 1803/1803/1803
f 1803/1803/1803 1857/1857/1857 1858/1858/1858
f 1857/1857/1857 1859/1859/1859 1858/1858/1858
f 1859/1859/1859 1857/1857/1857 1860/1860/1860
f 1854/1854/1854 1861/1861/1861 1857/1857/1857
f 1861/1861/1861 1854/1854/1854 1855/1855/1855
f 1857/1857/1857 1861/1861/1861 1860/1860/1860
f 1861/1861/1861 1855/1855/1855 1862/1862/1862
f 1862/1862/1862 1855/1855/1855 1856/1856/1856
f 1863/1863/1863 1860/1860/1860 1861/1861/1861
f 1863/1863/1863 1861/1861/1861 1862/1862/1862
f 1863/1863/1863 1864/1864/1864 1860/1860/1860
f 1863/1863/1863 1865/1865/1865 1864/1864/1864
f 1865/1865/1865 1863/1863/1863 1862/1862/1862
f 1865/1865/1865 1862/1862/1862 1856/1856/1856
f 1865/1865/1865 1866/1866/1866 1864/1864/1864
f 1866/1866/1866 1865/1865/1865 1856/1856/1856
f 1866/1866/1866 1867/1867/1867 1864/1864/1864
f 1856/1856/1856 1867/1867/1867 1866/1866/1866
f 1856/1856/1856 1868/1868/1868 1867/1867/1867
f 1867/1867/1867 1868/1868/1868 1864/1864/1864
f 1868/1868/1868 1856/1856/1856 1869/1869/1869
f 1847/1847/1847 1869/1869/1869 1856/1856/1856
f 1868/1868/1868 1870/1870/1870 1864/1864/1864
f 1870/1870/1870 1868/1868/1868 1869/1869/1869
f 1870/1870/1870 1871/1871/1871 1864/1864/1864
f 1871/1871/1871 1870/1870/1870 1869/1869/1869
f 1871/1871/1871 1872/1872/1872 1864/1864/1864
f 1864/1864/1864 1872/1872/1872 1873/1873/1873
f 1847/1847/1847 1874/1874/1874 1869/1869/1869
f 1874/1874/1874 1847/1847/1847 1848/1848/1848
f 1875/1875/1875 1871/1871/1871 1869/1869/1869
f 1871/1871/1871 1875/1875/1875 1872/1872/1872
f 1874/1874/1874 1875/1875/1875 1869/1869/1869
f 1876/1876/1876 1875/1875/1875 1874/1874/1874
f 1875/1875/1875 1876/1876/1876 1872/1872/1872
f 1874/1874/1874 1848/1848/1848 1877/1877/1877
f 1877/1877/1877 1876/1876/1876 1874/1874/1874
f 1877/1877/1877 1848/1848/1848 1878/1878/1878
f 1842/1842/1842 1878/1878/1878 1848/1848/1848
f 1879/1879/1879 1876/1876/1876 1877/1877/1877
f 1878/1878/1878 1879/1879/1879 1877/1877/1877
f 1876/1876/1876 1879/1879/1879 1872/1872/1872
f 1878/1878/1878 1842/1842/1842 1880/1880/1880
f 1878/1878/1878 1880/1880/1880 1879/1879/1879
f 1880/1880/1880 1842/1842/1842 1850/1850/1850
f 1872/1872/1872 1881/1881/1881 1873/1873/1873
f 1881/1881/1881 1882/1882/1882 1873/1873/1873
f 1872/1872/1872 1879/1879/1879 1883/1883/1883
f 1879/1879/1879 1880/1880/1880 1883/1883/1883
f 1881/1881/1881 1872/1872/1872 1883/1883/1883
f 1850/1850/1850 1884/1884/1884 1880/1880/1880
f 1884/1884/1884 1885/1885/1885 1880/1880/1880
f 1886/1886/1886 1883/1883/1883 1880/1880/1880
f 1884/1884/1884 1887/1887/1887 1885/1885/1885
f 1883/1883/1883 1888/1888/1888 1881/1881/1881
f 1888/1888/1888 1883/1883/1883 1886/1886/1886
f 1886/1886/1886 1889/1889/1889 1888/1888/1888
f 1890/1890/1890 1889/1889/1889 1886/1886/1886
f 1889/1889/1889 1890/1890/1890 1891/1891/1891
f 1881/1881/1881 1888/1888/1888 1892/1892/1892
f 1893/1893/1893 1881/1881/1881 1892/1892/1892
f 1850/1850/1850 1894/1894/1894 1884/1884/1884
f 1845/1845/1845 1894/1894/1894 1850/1850/1850
f 1884/1884/1884 1895/1895/1895 1887/1887/1887
f 1895/1895/1895 1891/1891/1891 1887/1887/1887
f 1894/1894/1894 1896/1896/1896 1884/1884/1884
f 1884/1884/1884 1896/1896/1896 1895/1895/1895
f 1845/1845/1845 1897/1897/1897 1894/1894/1894
f 1894/1894/1894 1897/1897/1897 1896/1896/1896
f 1898/1898/1898 1897/1897/1897 1845/1845/1845
f 1838/1838/1838 1898/1898/1898 1845/1845/1845
f 1888/1888/1888 1889/1889/1889 1899/1899/1899
f 1888/1888/1888 1899/1899/1899 1892/1892/1892
f 1897/1897/1897 1705/1705/1705 1896/1896/1896
f 1897/1897/1897 1898/1898/1898 1705/1705/1705
f 1900/1900/1900 1898/1898/1898 1838/1838/1838
f 1839/1839/1839 1900/1900/1900 1838/1838/1838
f 1898/1898/1898 1901/1901/1901 1705/1705/1705
f 1900/1900/1900 1901/1901/1901 1898/1898/1898
f 1902/1902/1902 1900/1900/1900 1839/1839/1839
f 1840/1840/1840 1902/1902/1902 1839/1839/1839
f 1900/1900/1900 1903/1903/1903 1901/1901/1901
f 1901/1901/1901 1903/1903/1903 1705/1705/1705
f 1902/1902/1902 1903/1903/1903 1900/1900/1900
f 1904/1904/1904 1705/1705/1705 1903/1903/1903
f 1902/1902/1902 1904/1904/1904 1903/1903/1903
f 1904/1904/1904 1706/1706/1706 1705/1705/1705
f 1713/1713/1713 1706/1706/1706 1904/1904/1904
f 1713/1713/1713 1904/1904/1904 1902/1902/1902
f 1713/1713/1713 1902/1902/1902 1840/1840/1840
f 1712/1712/1712 1713/1713/1713 1840/1840/1840
f 1705/1705/1705 1704/1704/1704 1896/1896/1896
f 1840/1840/1840 1722/1722/1722 1712/1712/1712
f 1896/1896/1896 1704/1704/1704 1905/1905/1905
f 1905/1905/1905 1895/1895/1895 1896/1896/1896
f 1905/1905/1905 1704/1704/1704 1681/1681/1681
f 1895/1895/1895 1905/1905/1905 1681/1681/1681
f 1895/1895/1895 1681/1681/1681 1891/1891/1891
f 1891/1891/1891 1681/1681/1681 1685/1685/1685
f 1889/1889/1889 1891/1891/1891 1685/1685/1685
f 1712/1712/1712 1722/1722/1722 1906/1906/1906
f 1906/1906/1906 1722/1722/1722 1709/1709/1709
f 1712/1712/1712 1906/1906/1906 1708/1708/1708
f 1708/1708/1708 1906/1906/1906 1709/1709/1709
f 1889/1889/1889 1685/1685/1685 1907/1907/1907
f 1685/1685/1685 1908/1908/1908 1907/1907/1907
f 1907/1907/1907 1908/1908/1908 1909/1909/1909
f 1910/1910/1910 1909/1909/1909 1908/1908/1908
f 1910/1910/1910 1911/1911/1911 1909/1909/1909
f 1907/1907/1907 1912/1912/1912 1889/1889/1889
f 1912/1912/1912 1907/1907/1907 1913/1913/1913
f 1912/1912/1912 1899/1899/1899 1889/1889/1889
f 1912/1912/1912 1913/1913/1913 1914/1914/1914
f 1912/1912/1912 1914/1914/1914 1899/1899/1899
f 1899/1899/1899 1914/1914/1914 1915/1915/1915
f 1914/1914/1914 1916/1916/1916 1915/1915/1915
f 1914/1914/1914 1913/1913/1913 1917/1917/1917
f 1914/1914/1914 1917/1917/1917 1916/1916/1916
f 1917/1917/1917 1918/1918/1918 1916/1916/1916
f 1918/1918/1918 1919/1919/1919 1916/1916/1916
f 1916/1916/1916 1919/1919/1919 1920/1920/1920
f 1915/1915/1915 1916/1916/1916 1920/1920/1920
f 1919/1919/1919 1918/1918/1918 1921/1921/1921
f 1919/1919/1919 1921/1921/1921 1920/1920/1920
f 1922/1922/1922 1921/1921/1921 1918/1918/1918
f 1921/1921/1921 1922/1922/1922 1923/1923/1923
f 1921/1921/1921 1923/1923/1923 1924/1924/1924
f 1921/1921/1921 1925/1925/1925 1920/1920/1920
f 1925/1925/1925 1915/1915/1915 1920/1920/1920
f 1921/1921/1921 1924/1924/1924 1925/1925/1925
f 1925/1925/1925 1924/1924/1924 1926/1926/1926
f 1926/1926/1926 1924/1924/1924 1927/1927/1927
f 1927/1927/1927 1924/1924/1924 1928/1928/1928
f 1929/1929/1929 1926/1926/1926 1927/1927/1927
f 1926/1926/1926 1929/1929/1929 1925/1925/1925
f 1929/1929/1929 1915/1915/1915 1925/1925/1925
f 1930/1930/1930 1915/1915/1915 1929/1929/1929
f 1931/1931/1931 1915/1915/1915 1930/1930/1930
f 1932/1932/1932 1915/1915/1915 1931/1931/1931
f 1933/1933/1933 1915/1915/1915 1932/1932/1932
f 1934/1934/1934 1929/1929/1929 1927/1927/1927
f 1934/1934/1934 1935/1935/1935 1929/1929/1929
f 1927/1927/1927 1936/1936/1936 1934/1934/1934
f 1927/1927/1927 1937/1937/1937 1936/1936/1936
f 1927/1927/1927 1928/1928/1928 1938/1938/1938
f 1938/1938/1938 1928/1928/1928 1939/1939/1939
f 1938/1938/1938 1939/1939/1939 1940/1940/1940
f 1940/1940/1940 1941/1941/1941 1938/1938/1938
f 1927/1927/1927 1938/1938/1938 1941/1941/1941
f 1942/1942/1942 1937/1937/1937 1927/1927/1927
f 1941/1941/1941 1942/1942/1942 1927/1927/1927
f 1943/1943/1943 1937/1937/1937 1942/1942/1942
f 1944/1944/1944 1942/1942/1942 1941/1941/1941
f 1944/1944/1944 1941/1941/1941 1940/1940/1940
f 1944/1944/1944 1943/1943/1943 1942/1942/1942
f 1944/1944/1944 1940/1940/1940 1945/1945/1945
f 1943/1943/1943 1944/1944/1944 1946/1946/1946
f 1944/1944/1944 1945/1945/1945 1947/1947/1947
f 1946/1946/1946 1944/1944/1944 1947/1947/1947
f 1948/1948/1948 1943/1943/1943 1946/1946/1946
f 1943/1943/1943 1948/1948/1948 1949/1949/1949
f 1943/1943/1943 1949/1949/1949 1950/1950/1950
f 1948/1948/1948 1951/1951/1951 1949/1949/1949
f 1949/1949/1949 1952/1952/1952 1950/1950/1950
f 1950/1950/1950 1952/1952/1952 1953/1953/1953
f 1949/1949/1949 1954/1954/1954 1952/1952/1952
f 1949/1949/1949 1955/1955/1955 1954/1954/1954
f 1956/1956/1956 1955/1955/1955 1949/1949/1949
f 1955/1955/1955 1956/1956/1956 1957/1957/1957
f 1956/1956/1956 1958/1958/1958 1957/1957/1957
f 1959/1959/1959 1956/1956/1956 1949/1949/1949
f 1958/1958/1958 1956/1956/1956 1959/1959/1959
f 1957/1957/1957 1958/1958/1958 1960/1960/1960
f 1961/1961/1961 1957/1957/1957 1960/1960/1960
f 1959/1959/1959 1949/1949/1949 295/295/295
f 300/300/300 1958/1958/1958 1959/1959/1959
f 300/300/300 1959/1959/1959 295/295/295
f 1958/1958/1958 300/300/300 1962/1962/1962
f 300/300/300 265/265/265 1962/1962/1962
f 1962/1962/1962 265/265/265 1963/1963/1963
f 1962/1962/1962 1964/1964/1964 1958/1958/1958
f 1964/1964/1964 1960/1960/1960 1958/1958/1958
f 1960/1960/1960 1964/1964/1964 1965/1965/1965
f 1960/1960/1960 1966/1966/1966 1961/1961/1961
f 1960/1960/1960 1967/1967/1967 1966/1966/1966
f 1961/1961/1961 1966/1966/1966 1968/1968/1968
f 1961/1961/1961 1968/1968/1968 1969/1969/1969
f 1970/1970/1970 1969/1969/1969 1968/1968/1968
f 1971/1971/1971 1969/1969/1969 1970/1970/1970
f 1971/1971/1971 1970/1970/1970 1972/1972/1972
f 1972/1972/1972 1973/1973/1973 1971/1971/1971
f 1972/1972/1972 1974/1974/1974 1973/1973/1973
f 1975/1975/1975 1972/1972/1972 1970/1970/1970
f 1970/1970/1970 1968/1968/1968 1975/1975/1975
f 1975/1975/1975 1974/1974/1974 1972/1972/1972
f 1892/1892/1892 1974/1974/1974 1975/1975/1975
f 1899/1899/1899 1974/1974/1974 1892/1892/1892
f 1975/1975/1975 1893/1893/1893 1892/1892/1892
f 1968/1968/1968 1976/1976/1976 1975/1975/1975
f 1975/1975/1975 1976/1976/1976 1893/1893/1893
f 1968/1968/1968 1966/1966/1966 1976/1976/1976
f 1966/1966/1966 1893/1893/1893 1976/1976/1976
f 1966/1966/1966 1977/1977/1977 1893/1893/1893
f 246/246/246 1977/1977/1977 1966/1966/1966
f 246/246/246 1978/1978/1978 1977/1977/1977
f 1978/1978/1978 246/246/246 1979/1979/1979
f 254/254/254 1979/1979/1979 246/246/246
f 1980/1980/1980 1979/1979/1979 254/254/254
f 1980/1980/1980 1981/1981/1981 1979/1979/1979
f 1980/1980/1980 1982/1982/1982 1981/1981/1981
f 1982/1982/1982 1983/1983/1983 1981/1981/1981
f 1984/1984/1984 1980/1980/1980 254/254/254
f 1985/1985/1985 1984/1984/1984 254/254/254
f 1985/1985/1985 1986/1986/1986 1984/1984/1984
f 1986/1986/1986 1987/1987/1987 1984/1984/1984
f 1988/1988/1988 1986/1986/1986 1985/1985/1985
f 1989/1989/1989 1986/1986/1986 1988/1988/1988
f 444/444/444 1989/1989/1989 1988/1988/1988
f 1990/1990/1990 1989/1989/1989 444/444/444
f 446/446/446 1990/1990/1990 444/444/444
f 1991/1991/1991 1989/1989/1989 1990/1990/1990
f 446/446/446 1992/1992/1992 1990/1990/1990
f 1992/1992/1992 446/446/446 425/425/425
f 1993/1993/1993 1991/1991/1991 1990/1990/1990
f 1992/1992/1992 1993/1993/1993 1990/1990/1990
f 1994/1994/1994 1991/1991/1991 1993/1993/1993
f 1995/1995/1995 1992/1992/1992 425/425/425
f 1992/1992/1992 1995/1995/1995 1993/1993/1993
f 427/427/427 1995/1995/1995 425/425/425
f 1994/1994/1994 1993/1993/1993 1996/1996/1996
f 1995/1995/1995 1996/1996/1996 1993/1993/1993
f 1997/1997/1997 1994/1994/1994 1996/1996/1996
f 1998/1998/1998 1995/1995/1995 427/427/427
f 1995/1995/1995 1998/1998/1998 1996/1996/1996
f 1997/1997/1997 1996/1996/1996 1999/1999/1999
f 1998/1998/1998 1999/1999/1999 1996/1996/1996
f 2000/2000/2000 1997/1997/1997 1999/1999/1999
f 2001/2001/2001 1998/1998/1998 427/427/427
f 1998/1998/1998 2001/2001/2001 1999/1999/1999
f 427/427/427 434/434/434 2001/2001/2001
f 2000/2000/2000 1999/1999/1999 2002/2002/2002
f 2001/2001/2001 2002/2002/2002 1999/1999/1999
f 434/434/434 2002/2002/2002 2001/2001/2001
f 2003/2003/2003 2000/2000/2000 2002/2002/2002
f 434/434/434 2003/2003/2003 2002/2002/2002
f 424/424/424 2003/2003/2003 434/434/434
f 1613/1613/1613 2003/2003/2003 424/424/424
f 2003/2003/2003 1613/1613/1613 2004/2004/2004
f 1614/1614/1614 1613/1613/1613 424/424/424
f 424/424/424 2005/2005/2005 1614/1614/1614
f 387/387/387 2005/2005/2005 424/424/424
f 2005/2005/2005 387/387/387 374/374/374
f 2008/2008/2008 2007/2007/2007 2006/2006/2006
f 2007/2007/2007 2009/2009/2009 2006/2006/2006
f 2009/2009/2009 2007/2007/2007 2010/2010/2010
f 2009/2009/2009 2010/2010/2010 2011/2011/2011
f 2007/2007/2007 2012/2012/2012 2010/2010/2010
f 2013/2013/2013 2009/2009/2009 2011/2011/2011
f 2007/2007/2007 2014/2014/2014 2012/2012/2012
f 2014/2014/2014 2007/2007/2007 2015/2015/2015
f 2007/2007/2007 2016/2016/2016 2015/2015/2015
f 2007/2007/2007 2017/2017/2017 2016/2016/2016
f 2018/2018/2018 2009/2009/2009 2013/2013/2013
f 2019/2019/2019 2009/2009/2009 2018/2018/2018
f 2020/2020/2020 2009/2009/2009 2019/2019/2019
f 2021/2021/2021 2009/2009/2009 2020/2020/2020
f 2022/2022/2022 2009/2009/2009 2021/2021/2021
f 2023/2023/2023 2009/2009/2009 2022/2022/2022
f 2026/2026/2026 2025/2025/2025 2024/2024/2024
f 2027/2027/2027 2026/2026/2026 2024/2024/2024
f 2030/2030/2030 2029/2029/2029 2028/2028/2028
f 2031/2031/2031 2030/2030/2030 2028/2028/2028
f 2031/2031/2031 2028/2028/2028 2032/2032/2032
f 2031/2031/2031 2032/2032/2032 2033/2033/2033
f 2034/2034/2034 2031/2031/2031 2033/2033/2033
f 2035/2035/2035 2034/2034/2034 2033/2033/2033
f 2036/2036/2036 2035/2035/2035 2033/2033/2033
f 2037/2037/2037 2036/2036/2036 2033/2033/2033
f 2038/2038/2038 2037/2037/2037 2033/2033/2033
f 2039/2039/2039 2038/2038/2038 2033/2033/2033
f 2040/2040/2040 2038/2038/2038 2039/2039/2039
f 2041/2041/2041 2040/2040/2040 2039/2039/2039
f 2042/2042/2042 2041/2041/2041 2039/2039/2039
f 2043/2043/2043 2042/2042/2042 2039/2039/2039
f 2044/2044/2044 2043/2043/2043 2039/2039/2039
f 2045/2045/2045 2044/2044/2044 2039/2039/2039
f 2046/2046/2046 2045/2045/2045 2039/2039/2039
f 2047/2047/2047 2045/2045/2045 2046/2046/2046
f 2048/2048/2048 2047/2047/2047 2046/2046/2046
f 2049/2049/2049 2047/2047/2047 2048/2048/2048
f 480/480/480 2051/2051/2051 2050/2050/2050
f 480/480/480 2050/2050/2050 2052/2052/2052
f 480/480/480 2052/2052/2052 2053/2053/2053
f 480/480/480 2053/2053/2053 2054/2054/2054
f 2057/2057/2057 2056/2056/2056 2055/2055/2055
f 2058/2058/2058 2057/2057/2057 2055/2055/2055
f 2059/2059/2059 2057/2057/2057 2058/2058/2058
f 2062/2062/2062 2061/2061/2061 2060/2060/2060
f 2063/2063/2063 2062/2062/2062 2060/2060/2060
f 2064/2064/2064 2063/2063/2063 2060/2060/2060
f 2065/2065/2065 2064/2064/2064 2060/2060/2060
f 2066/2066/2066 2065/2065/2065 2060/2060/2060
f 2067/2067/2067 2066/2066/2066 2060/2060/2060
f 2067/2067/2067 2068/2068/2068 2066/2066/2066
f 2069/2069/2069 2068/2068/2068 2067/2067/2067
f 2070/2070/2070 2069/2069/2069 2067/2067/2067
f 2071/2071/2071 2070/2070/2070 2067/2067/2067
f 2067/2067/2067 2060/2060/2060 2072/2072/2072
f 2072/2072/2072 2060/2060/2060 2073/2073/2073
f 2074/2074/2074 2072/2072/2072 2073/2073/2073
f 2075/2075/2075 2072/2072/2072 2074/2074/2074
f 2076/2076/2076 2075/2075/2075 2074/2074/2074
f 2077/2077/2077 2076/2076/2076 2074/2074/2074
f 2078/2078/2078 2077/2077/2077 2074/2074/2074
f 2074/2074/2074 2073/2073/2073 2079/2079/2079
f 2079/2079/2079 2073/2073/2073 2080/2080/2080
f 2079/2079/2079 2080/2080/2080 2081/2081/2081
f 2079/2079/2079 2081/2081/2081 2082/2082/2082
f 2083/2083/2083 2079/2079/2079 2082/2082/2082
f 2086/2086/2086 2085/2085/2085 2084/2084/2084
f 2086/2086/2086 2084/2084/2084 2087/2087/2087
f 2084/2084/2084 2088/2088/2088 2087/2087/2087
f 2087/2087/2087 2088/2088/2088 2089/2089/2089
f 2088/2088/2088 2090/2090/2090 2089/2089/2089
f 2089/2089/2089 2090/2090/2090 2091/2091/2091
f 2091/2091/2091 2090/2090/2090 2092/2092/2092
f 2090/2090/2090 2093/2093/2093 2092/2092/2092
f 2092/2092/2092 2093/2093/2093 2094/2094/2094
f 2093/2093/2093 2095/2095/2095 2094/2094/2094
f 2095/2095/2095 2096/2096/2096 2094/2094/2094
f 2097/2097/2097 2092/2092/2092 2094/2094/2094
f 2097/2097/2097 2094/2094/2094 2098/2098/2098
f 2099/2099/2099 2097/2097/2097 2098/2098/2098
f 2100/2100/2100 2099/2099/2099 2098/2098/2098
f 2101/2101/2101 2099/2099/2099 2100/2100/2100
f 2098/2098/2098 2094/2094/2094 2102/2102/2102
f 2094/2094/2094 2103/2103/2103 2102/2102/2102
f 2102/2102/2102 2103/2103/2103 2104/2104/2104
f 2103/2103/2103 2105/2105/2105 2104/2104/2104
f 2104/2104/2104 2105/2105/2105 2106/2106/2106
f 2107/2107/2107 2104/2104/2104 2106/2106/2106
f 2107/2107/2107 2106/2106/2106 2108/2108/2108
f 2109/2109/2109 2107/2107/2107 2108/2108/2108
f 2110/2110/2110 2107/2107/2107 2109/2109/2109
f 2111/2111/2111 2107/2107/2107 2110/2110/2110
f 2105/2105/2105 2112/2112/2112 2106/2106/2106
f 2105/2105/2105 2113/2113/2113 2112/2112/2112
f 2105/2105/2105 2114/2114/2114 2113/2113/2113
f 2112/2112/2112 2115/2115/2115 2106/2106/2106
f 2115/2115/2115 2116/2116/2116 2106/2106/2106
f 2115/2115/2115 2117/2117/2117 2116/2116/2116
f 2120/2120/2120 2119/2119/2119 2118/2118/2118
f 2118/2118/2118 2119/2119/2119 2121/2121/2121
f 2118/2118/2118 2121/2121/2121 2122/2122/2122
f 2123/2123/2123 2118/2118/2118 2122/2122/2122
f 2123/2123/2123 2124/2124/2124 2118/2118/2118
f 2125/2125/2125 2124/2124/2124 2123/2123/2123
f 2125/2125/2125 2123/2123/2123 2126/2126/2126
f 2125/2125/2125 2127/2127/2127 2124/2124/2124
f 2125/2125/2125 2128/2128/2128 2127/2127/2127
f 2125/2125/2125 2129/2129/2129 2128/2128/2128
f 2130/2130/2130 2129/2129/2129 2125/2125/2125
f 2131/2131/2131 2130/2130/2130 2125/2125/2125
f 2132/2132/2132 2131/2131/2131 2125/2125/2125
f 2133/2133/2133 2125/2125/2125 2126/2126/2126
f 2134/2134/2134 2125/2125/2125 2133/2133/2133
f 2134/2134/2134 2135/2135/2135 2125/2125/2125
f 2134/2134/2134 2136/2136/2136 2135/2135/2135
f 2137/2137/2137 2135/2135/2135 2136/2136/2136
f 2138/2138/2138 2137/2137/2137 2136/2136/2136
f 2135/2135/2135 2137/2137/2137 2139/2139/2139
f 2135/2135/2135 2139/2139/2139 2140/2140/2140
f 2126/2126/2126 2141/2141/2141 2133/2133/2133
f 2142/2142/2142 2133/2133/2133 2141/2141/2141
f 2143/2143/2143 2133/2133/2133 2142/2142/2142
f 2144/2144/2144 2143/2143/2143 2142/2142/2142
f 2145/2145/2145 2144/2144/2144 2142/2142/2142
f 2141/2141/2141 2126/2126/2126 2146/2146/2146
f 2146/2146/2146 2126/2126/2126 2147/2147/2147
f 2147/2147/2147 2126/2126/2126 2148/2148/2148
f 2126/2126/2126 2149/2149/2149 2148/2148/2148
f 2150/2150/2150 2148/2148/2148 2149/2149/2149
f 2149/2149/2149 2126/2126/2126 2151/2151/2151
f 2152/2152/2152 2150/2150/2150 2149/2149/2149
f 2152/2152/2152 2149/2149/2149 2153/2153/2153
f 2152/2152/2152 2153/2153/2153 2154/2154/2154
f 2155/2155/2155 2152/2152/2152 2154/2154/2154
f 2155/2155/2155 2154/2154/2154 2156/2156/2156
f 2157/2157/2157 2155/2155/2155 2156/2156/2156
f 2157/2157/2157 2156/2156/2156 2158/2158/2158
f 2159/2159/2159 2157/2157/2157 2158/2158/2158
f 2160/2160/2160 2159/2159/2159 2158/2158/2158
f 2161/2161/2161 2159/2159/2159 2160/2160/2160
f 2162/2162/2162 2161/2161/2161 2160/2160/2160
f 2149/2149/2149 2163/2163/2163 2153/2153/2153
f 2164/2164/2164 2163/2163/2163 2149/2149/2149
f 2164/2164/2164 2149/2149/2149 2165/2165/2165
f 2149/2149/2149 2151/2151/2151 2165/2165/2165
f 2151/2151/2151 2166/2166/2166 2165/2165/2165
f 2165/2165/2165 2166/2166/2166 2167/2167/2167
f 2151/2151/2151 2168/2168/2168 2166/2166/2166
f 2168/2168/2168 2169/2169/2169 2166/2166/2166
f 2166/2166/2166 2169/2169/2169 2170/2170/2170
f 2166/2166/2166 2170/2170/2170 2171/2171/2171
f 2166/2166/2166 2171/2171/2171 2172/2172/2172
f 2166/2166/2166 2172/2172/2172 2173/2173/2173
f 2172/2172/2172 2174/2174/2174 2173/2173/2173
f 2177/2177/2177 2176/2176/2176 2175/2175/2175
f 2175/2175/2175 2176/2176/2176 2178/2178/2178
f 2179/2179/2179 2175/2175/2175 2178/2178/2178
f 2180/2180/2180 2179/2179/2179 2178/2178/2178
f 2181/2181/2181 2180/2180/2180 2178/2178/2178
f 2182/2182/2182 2181/2181/2181 2178/2178/2178
f 2178/2178/2178 2176/2176/2176 2183/2183/2183
f 2184/2184/2184 2182/2182/2182 2178/2178/2178
f 2185/2185/2185 2182/2182/2182 2184/2184/2184
f 2186/2186/2186 2185/2185/2185 2184/2184/2184
f 2176/2176/2176 2187/2187/2187 2183/2183/2183
f 2183/2183/2183 2187/2187/2187 2188/2188/2188
f 2187/2187/2187 2189/2189/2189 2188/2188/2188
f 2187/2187/2187 2190/2190/2190 2189/2189/2189
f 2190/2190/2190 2191/2191/2191 2189/2189/2189
f 2190/2190/2190 2192/2192/2192 2191/2191/2191
f 2192/2192/2192 2193/2193/2193 2191/2191/2191
f 2192/2192/2192 2194/2194/2194 2193/2193/2193
f 2194/2194/2194 2195/2195/2195 2193/2193/2193
f 2194/2194/2194 2196/2196/2196 2195/2195/2195
f 2196/2196/2196 2197/2197/2197 2195/2195/2195
f 2196/2196/2196 2198/2198/2198 2197/2197/2197
f 2201/2201/2201 2200/2200/2200 2199/2199/2199
f 2200/2200/2200 2202/2202/2202 2199/2199/2199
f 2199/2199/2199 2202/2202/2202 2203/2203/2203
f 2200/2200/2200 2204/2204/2204 2202/2202/2202
f 2199/2199/2199 2203/2203/2203 2205/2205/2205
f 2200/2200/2200 2206/2206/2206 2204/2204/2204
f 2207/2207/2207 2206/2206/2206 2200/2200/2200
f 2207/2207/2207 2200/2200/2200 2208/2208/2208
f 2199/2199/2199 2205/2205/2205 2209/2209/2209
f 2209/2209/2209 2205/2205/2205 2210/2210/2210
f 2211/2211/2211 2209/2209/2209 2210/2210/2210
f 2211/2211/2211 2210/2210/2210 2212/2212/2212
f 2209/2209/2209 2213/2213/2213 2199/2199/2199
f 2199/2199/2199 2214/2214/2214 2208/2208/2208
f 2213/2213/2213 2214/2214/2214 2199/2199/2199
f 2211/2211/2211 2215/2215/2215 2209/2209/2209
f 2215/2215/2215 2213/2213/2213 2209/2209/2209
f 2216/2216/2216 2206/2206/2206 2207/2207/2207
f 2207/2207/2207 2217/2217/2217 2216/2216/2216
f 2206/2206/2206 2216/2216/2216 2218/2218/2218
f 2218/2218/2218 2219/2219/2219 2206/2206/2206
f 2206/2206/2206 2219/2219/2219 2220/2220/2220
f 2206/2206/2206 2220/2220/2220 2221/2221/2221
f 2207/2207/2207 2222/2222/2222 2217/2217/2217
f 2223/2223/2223 2222/2222/2222 2207/2207/2207
f 2223/2223/2223 2224/2224/2224 2222/2222/2222
f 2223/2223/2223 2225/2225/2225 2224/2224/2224
f 2223/2223/2223 2226/2226/2226 2225/2225/2225
f 2227/2227/2227 2226/2226/2226 2223/2223/2223
f 2226/2226/2226 2227/2227/2227 2228/2228/2228
f 2228/2228/2228 2227/2227/2227 2229/2229/2229
f 2228/2228/2228 2229/2229/2229 2230/2230/2230
f 2230/2230/2230 2229/2229/2229 2231/2231/2231
f 2230/2230/2230 2231/2231/2231 2232/2232/2232
f 2223/2223/2223 2207/2207/2207 2233/2233/2233
f 2234/2234/2234 2233/2233/2233 2207/2207/2207
f 2234/2234/2234 2207/2207/2207 2208/2208/2208
f 2223/2223/2223 2233/2233/2233 2235/2235/2235
f 2235/2235/2235 2233/2233/2233 2234/2234/2234
f 2234/2234/2234 2208/2208/2208 2236/2236/2236
f 2214/2214/2214 2236/2236/2236 2208/2208/2208
f 2236/2236/2236 2214/2214/2214 2237/2237/2237
f 2237/2237/2237 2214/2214/2214 2238/2238/2238
f 2214/2214/2214 2213/2213/2213 2238/2238/2238
f 2239/2239/2239 2238/2238/2238 2213/2213/2213
f 2215/2215/2215 2239/2239/2239 2213/2213/2213
f 2237/2237/2237 2238/2238/2238 2240/2240/2240
f 2240/2240/2240 2238/2238/2238 2239/2239/2239
f 2241/2241/2241 2223/2223/2223 2235/2235/2235
f 2242/2242/2242 2235/2235/2235 2234/2234/2234
f 2235/2235/2235 2242/2242/2242 2241/2241/2241
f 2243/2243/2243 2234/2234/2234 2236/2236/2236
f 2243/2243/2243 2242/2242/2242 2234/2234/2234
f 2244/2244/2244 2243/2243/2243 2236/2236/2236
f 2244/2244/2244 2236/2236/2236 2237/2237/2237
f 2245/2245/2245 2242/2242/2242 2243/2243/2243
f 2241/2241/2241 2242/2242/2242 2245/2245/2245
f 2243/2243/2243 2244/2244/2244 2245/2245/2245
f 2244/2244/2244 2246/2246/2246 2245/2245/2245
f 2241/2241/2241 2247/2247/2247 2223/2223/2223
f 2227/2227/2227 2223/2223/2223 2247/2247/2247
f 2248/2248/2248 2241/2241/2241 2245/2245/2245
f 2246/2246/2246 2248/2248/2248 2245/2245/2245
f 2249/2249/2249 2247/2247/2247 2241/2241/2241
f 2249/2249/2249 2241/2241/2241 2248/2248/2248
f 2249/2249/2249 2227/2227/2227 2247/2247/2247
f 2249/2249/2249 2248/2248/2248 2246/2246/2246
f 2250/2250/2250 2227/2227/2227 2249/2249/2249
f 2250/2250/2250 2249/2249/2249 2246/2246/2246
f 2250/2250/2250 2229/2229/2229 2227/2227/2227
f 2251/2251/2251 2229/2229/2229 2250/2250/2250
f 2251/2251/2251 2231/2231/2231 2229/2229/2229
f 2252/2252/2252 2251/2251/2251 2250/2250/2250
f 2252/2252/2252 2250/2250/2250 2246/2246/2246
f 2252/2252/2252 2253/2253/2253 2251/2251/2251
f 2253/2253/2253 2231/2231/2231 2251/2251/2251
f 2252/2252/2252 2254/2254/2254 2253/2253/2253
f 2255/2255/2255 2246/2246/2246 2244/2244/2244
f 2255/2255/2255 2244/2244/2244 2237/2237/2237
f 2253/2253/2253 2256/2256/2256 2231/2231/2231
f 2232/2232/2232 2231/2231/2231 2256/2256/2256
f 2257/2257/2257 2256/2256/2256 2253/2253/2253
f 2258/2258/2258 2257/2257/2257 2253/2253/2253
f 2254/2254/2254 2258/2258/2258 2253/2253/2253
f 2257/2257/2257 2259/2259/2259 2256/2256/2256
f 2232/2232/2232 2256/2256/2256 2259/2259/2259
f 2232/2232/2232 2259/2259/2259 2260/2260/2260
f 2260/2260/2260 2259/2259/2259 2261/2261/2261
f 2257/2257/2257 2261/2261/2261 2259/2259/2259
f 2260/2260/2260 2261/2261/2261 2262/2262/2262
f 2262/2262/2262 2261/2261/2261 2263/2263/2263
f 2264/2264/2264 2262/2262/2262 2263/2263/2263
f 2265/2265/2265 2261/2261/2261 2257/2257/2257
f 2265/2265/2265 2263/2263/2263 2261/2261/2261
f 2266/2266/2266 2265/2265/2265 2257/2257/2257
f 2267/2267/2267 2264/2264/2264 2263/2263/2263
f 2268/2268/2268 2263/2263/2263 2265/2265/2265
f 2268/2268/2268 2267/2267/2267 2263/2263/2263
f 2267/2267/2267 2269/2269/2269 2264/2264/2264
f 2270/2270/2270 2264/2264/2264 2269/2269/2269
f 2271/2271/2271 2268/2268/2268 2265/2265/2265
f 2272/2272/2272 2271/2271/2271 2265/2265/2265
f 2266/2266/2266 2272/2272/2272 2265/2265/2265
f 2271/2271/2271 2273/2273/2273 2268/2268/2268
f 2268/2268/2268 2274/2274/2274 2267/2267/2267
f 2274/2274/2274 2269/2269/2269 2267/2267/2267
f 2273/2273/2273 2274/2274/2274 2268/2268/2268
f 2270/2270/2270 2269/2269/2269 2275/2275/2275
f 2275/2275/2275 2276/2276/2276 2270/2270/2270
f 2277/2277/2277 2276/2276/2276 2275/2275/2275
f 2278/2278/2278 2276/2276/2276 2277/2277/2277
f 2279/2279/2279 2278/2278/2278 2277/2277/2277
f 2280/2280/2280 2278/2278/2278 2279/2279/2279
f 2277/2277/2277 2281/2281/2281 2279/2279/2279
f 2281/2281/2281 2277/2277/2277 2275/2275/2275
f 2279/2279/2279 2281/2281/2281 2282/2282/2282
f 2282/2282/2282 2280/2280/2280 2279/2279/2279
f 2283/2283/2283 2281/2281/2281 2275/2275/2275
f 2284/2284/2284 2280/2280/2280 2282/2282/2282
f 2285/2285/2285 2283/2283/2283 2275/2275/2275
f 2269/2269/2269 2285/2285/2285 2275/2275/2275
f 2283/2283/2283 2286/2286/2286 2281/2281/2281
f 2287/2287/2287 2281/2281/2281 2286/2286/2286
f 2288/2288/2288 2287/2287/2287 2286/2286/2286
f 2289/2289/2289 2284/2284/2284 2282/2282/2282
f 2282/2282/2282 2281/2281/2281 2289/2289/2289
f 2290/2290/2290 2284/2284/2284 2289/2289/2289
f 2291/2291/2291 2290/2290/2290 2289/2289/2289
f 2289/2289/2289 2281/2281/2281 2291/2291/2291
f 2292/2292/2292 2290/2290/2290 2291/2291/2291
f 2285/2285/2285 2269/2269/2269 2293/2293/2293
f 2293/2293/2293 2269/2269/2269 2274/2274/2274
f 2281/2281/2281 2294/2294/2294 2291/2291/2291
f 2294/2294/2294 2292/2292/2292 2291/2291/2291
f 2287/2287/2287 2295/2295/2295 2281/2281/2281
f 2281/2281/2281 2295/2295/2295 2294/2294/2294
f 2292/2292/2292 2294/2294/2294 2296/2296/2296
f 2297/2297/2297 2292/2292/2292 2296/2296/2296
f 2294/2294/2294 2298/2298/2298 2296/2296/2296
f 2295/2295/2295 2298/2298/2298 2294/2294/2294
f 2299/2299/2299 2297/2297/2297 2296/2296/2296
f 2299/2299/2299 2300/2300/2300 2297/2297/2297
f 2301/2301/2301 2300/2300/2300 2299/2299/2299
f 2301/2301/2301 2302/2302/2302 2300/2300/2300
f 2303/2303/2303 2302/2302/2302 2301/2301/2301
f 2303/2303/2303 2304/2304/2304 2302/2302/2302
f 2305/2305/2305 2304/2304/2304 2303/2303/2303
f 2305/2305/2305 2306/2306/2306 2304/2304/2304
f 2307/2307/2307 2306/2306/2306 2305/2305/2305
f 2307/2307/2307 2308/2308/2308 2306/2306/2306
f 2309/2309/2309 2308/2308/2308 2307/2307/2307
f 2309/2309/2309 2310/2310/2310 2308/2308/2308
f 2311/2311/2311 2310/2310/2310 2309/2309/2309
f 2312/2312/2312 2310/2310/2310 2311/2311/2311
f 2313/2313/2313 2310/2310/2310 2312/2312/2312
f 2314/2314/2314 2310/2310/2310 2313/2313/2313
f 2314/2314/2314 2313/2313/2313 2315/2315/2315
f 2316/2316/2316 2314/2314/2314 2315/2315/2315
f 2315/2315/2315 2313/2313/2313 2317/2317/2317
f 2317/2317/2317 2313/2313/2313 2318/2318/2318
f 2318/2318/2318 2313/2313/2313 2319/2319/2319
f 2316/2316/2316 2320/2320/2320 2314/2314/2314
f 2321/2321/2321 2320/2320/2320 2316/2316/2316
f 2321/2321/2321 2322/2322/2322 2320/2320/2320
f 2323/2323/2323 2322/2322/2322 2321/2321/2321
f 2323/2323/2323 2324/2324/2324 2322/2322/2322
f 2325/2325/2325 2324/2324/2324 2323/2323/2323
f 2325/2325/2325 2326/2326/2326 2324/2324/2324
f 2327/2327/2327 2326/2326/2326 2325/2325/2325
f 2327/2327/2327 2328/2328/2328 2326/2326/2326
f 2329/2329/2329 2328/2328/2328 2327/2327/2327
f 2330/2330/2330 2328/2328/2328 2329/2329/2329
f 2331/2331/2331 2328/2328/2328 2330/2330/2330
f 2332/2332/2332 2331/2331/2331 2330/2330/2330
f 2335/2335/2335 2334/2334/2334 2333/2333/2333
f 2336/2336/2336 2334/2334/2334 2335/2335/2335
f 2336/2336/2336 2337/2337/2337 2334/2334/2334
f 2336/2336/2336 2338/2338/2338 2337/2337/2337
f 2338/2338/2338 2336/2336/2336 2339/2339/2339
f 2339/2339/2339 2336/2336/2336 2340/2340/2340
f 2336/2336/2336 2341/2341/2341 2340/2340/2340
f 2336/2336/2336 2342/2342/2342 2341/2341/2341
f 2343/2343/2343 2342/2342/2342 2336/2336/2336
f 2339/2339/2339 2340/2340/2340 2344/2344/2344
f 2339/2339/2339 2344/2344/2344 2345/2345/2345
f 2339/2339/2339 2345/2345/2345 2346/2346/2346
f 2339/2339/2339 2346/2346/2346 2347/2347/2347
f 2339/2339/2339 2347/2347/2347 2348/2348/2348
f 2340/2340/2340 2349/2349/2349 2344/2344/2344
f 2340/2340/2340 2350/2350/2350 2349/2349/2349
f 2350/2350/2350 2351/2351/2351 2349/2349/2349
f 2351/2351/2351 2352/2352/2352 2349/2349/2349
f 2353/2353/2353 2352/2352/2352 2351/2351/2351
f 2354/2354/2354 2353/2353/2353 2351/2351/2351
f 2350/2350/2350 2355/2355/2355 2351/2351/2351
f 2356/2356/2356 2354/2354/2354 2351/2351/2351
f 2355/2355/2355 2357/2357/2357 2351/2351/2351
f 2355/2355/2355 2358/2358/2358 2357/2357/2357
f 2359/2359/2359 2356/2356/2356 2351/2351/2351
f 2360/2360/2360 2356/2356/2356 2359/2359/2359
f 2361/2361/2361 2360/2360/2360 2359/2359/2359
f 2362/2362/2362 2359/2359/2359 2351/2351/2351
f 2363/2363/2363 2361/2361/2361 2359/2359/2359
f 2364/2364/2364 2362/2362/2362 2351/2351/2351
f 2365/2365/2365 2364/2364/2364 2351/2351/2351
f 2366/2366/2366 2361/2361/2361 2363/2363/2363
f 2365/2365/2365 2351/2351/2351 2367/2367/2367
f 2368/2368/2368 2366/2366/2366 2363/2363/2363
f 2368/2368/2368 2363/2363/2363 2369/2369/2369
f 2363/2363/2363 2370/2370/2370 2369/2369/2369
f 2351/2351/2351 2371/2371/2371 2367/2367/2367
f 2372/2372/2372 2370/2370/2370 2363/2363/2363
f 2372/2372/2372 2373/2373/2373 2370/2370/2370
f 2372/2372/2372 2374/2374/2374 2373/2373/2373
f 2372/2372/2372 2375/2375/2375 2374/2374/2374
f 2372/2372/2372 2376/2376/2376 2375/2375/2375
f 2372/2372/2372 2377/2377/2377 2376/2376/2376
f 2372/2372/2372 2363/2363/2363 2378/2378/2378
f 2371/2371/2371 2379/2379/2379 2367/2367/2367
f 2371/2371/2371 2380/2380/2380 2379/2379/2379
f 2379/2379/2379 2381/2381/2381 2367/2367/2367
f 2367/2367/2367 2381/2381/2381 2382/2382/2382
f 2383/2383/2383 2377/2377/2377 2372/2372/2372
f 2383/2383/2383 2384/2384/2384 2377/2377/2377
f 2384/2384/2384 2383/2383/2383 2385/2385/2385
f 2384/2384/2384 2385/2385/2385 2386/2386/2386
f 2387/2387/2387 2372/2372/2372 2378/2378/2378
f 2388/2388/2388 2372/2372/2372 2387/2387/2387
f 2389/2389/2389 2387/2387/2387 2378/2378/2378
f 2390/2390/2390 2389/2389/2389 2378/2378/2378
f 2391/2391/2391 2390/2390/2390 2378/2378/2378
f 2391/2391/2391 2378/2378/2378 2392/2392/2392
f 2390/2390/2390 2393/2393/2393 2389/2389/2389
f 2391/2391/2391 2394/2394/2394 2390/2390/2390
f 2390/2390/2390 2394/2394/2394 2393/2393/2393
f 2395/2395/2395 2394/2394/2394 2391/2391/2391
f 2392/2392/2392 2395/2395/2395 2391/2391/2391
f 2389/2389/2389 2393/2393/2393 2396/2396/2396
f 2396/2396/2396 2397/2397/2397 2389/2389/2389
f 2396/2396/2396 2398/2398/2398 2397/2397/2397
f 2399/2399/2399 2393/2393/2393 2394/2394/2394
f 2399/2399/2399 2394/2394/2394 2395/2395/2395
f 2400/2400/2400 2396/2396/2396 2393/2393/2393
f 2400/2400/2400 2393/2393/2393 2399/2399/2399
f 2401/2401/2401 2399/2399/2399 2395/2395/2395
f 2400/2400/2400 2399/2399/2399 2401/2401/2401
f 2395/2395/2395 2402/2402/2402 2401/2401/2401
f 2402/2402/2402 2395/2395/2395 2392/2392/2392
f 2402/2402/2402 2400/2400/2400 2401/2401/2401
f 2403/2403/2403 2396/2396/2396 2400/2400/2400
f 2403/2403/2403 2400/2400/2400 2402/2402/2402
f 2403/2403/2403 2398/2398/2398 2396/2396/2396
f 2404/2404/2404 2402/2402/2402 2392/2392/2392
f 2404/2404/2404 2403/2403/2403 2402/2402/2402
f 2404/2404/2404 2392/2392/2392 2405/2405/2405
f 2406/2406/2406 2403/2403/2403 2404/2404/2404
f 2406/2406/2406 2398/2398/2398 2403/2403/2403
f 2407/2407/2407 2404/2404/2404 2405/2405/2405
f 2407/2407/2407 2405/2405/2405 2408/2408/2408
f 2407/2407/2407 2408/2408/2408 2409/2409/2409
f 2407/2407/2407 2409/2409/2409 2410/2410/2410
f 2407/2407/2407 2410/2410/2410 2411/2411/2411
f 2407/2407/2407 2411/2411/2411 2412/2412/2412
f 2407/2407/2407 2412/2412/2412 2413/2413/2413
f 2407/2407/2407 2413/2413/2413 2414/2414/2414
f 2415/2415/2415 2398/2398/2398 2406/2406/2406
f 2416/2416/2416 2406/2406/2406 2404/2404/2404
f 2416/2416/2416 2415/2415/2415 2406/2406/2406
f 2417/2417/2417 2404/2404/2404 2407/2407/2407
f 2418/2418/2418 2417/2417/2417 2407/2407/2407
f 2419/2419/2419 2418/2418/2418 2407/2407/2407
f 2420/2420/2420 2419/2419/2419 2407/2407/2407
f 2421/2421/2421 2420/2420/2420 2407/2407/2407
f 2422/2422/2422 2404/2404/2404 2417/2417/2417
f 2422/2422/2422 2423/2423/2423 2404/2404/2404
f 2423/2423/2423 2424/2424/2424 2404/2404/2404
f 2425/2425/2425 2416/2416/2416 2404/2404/2404
f 2426/2426/2426 2425/2425/2425 2404/2404/2404
f 2416/2416/2416 2425/2425/2425 2427/2427/2427
f 2416/2416/2416 2428/2428/2428 2415/2415/2415
f 2427/2427/2427 2428/2428/2428 2416/2416/2416
f 2429/2429/2429 2415/2415/2415 2428/2428/2428
f 2427/2427/2427 2430/2430/2430 2428/2428/2428
f 2429/2429/2429 2428/2428/2428 2430/2430/2430
f 2427/2427/2427 2431/2431/2431 2430/2430/2430
f 2429/2429/2429 2432/2432/2432 2415/2415/2415
f 2415/2415/2415 2432/2432/2432 2398/2398/2398
f 2433/2433/2433 2431/2431/2431 2427/2427/2427
f 2433/2433/2433 2427/2427/2427 2434/2434/2434
f 2435/2435/2435 2433/2433/2433 2434/2434/2434
f 2436/2436/2436 2435/2435/2435 2434/2434/2434
f 2433/2433/2433 2435/2435/2435 2437/2437/2437
f 2431/2431/2431 2433/2433/2433 2437/2437/2437
f 2435/2435/2435 2438/2438/2438 2437/2437/2437
f 2431/2431/2431 2437/2437/2437 2439/2439/2439
f 2431/2431/2431 2439/2439/2439 2440/2440/2440
f 2440/2440/2440 2439/2439/2439 2441/2441/2441
f 2430/2430/2430 2431/2431/2431 2442/2442/2442
f 2431/2431/2431 2443/2443/2443 2442/2442/2442
f 2430/2430/2430 2442/2442/2442 2443/2443/2443
f 2431/2431/2431 2440/2440/2440 2443/2443/2443
f 2440/2440/2440 2444/2444/2444 2443/2443/2443
f 2440/2440/2440 2445/2445/2445 2444/2444/2444
f 2445/2445/2445 2440/2440/2440 2441/2441/2441
f 2444/2444/2444 2445/2445/2445 2446/2446/2446
f 2447/2447/2447 2430/2430/2430 2443/2443/2443
f 2447/2447/2447 2429/2429/2429 2430/2430/2430
f 2445/2445/2445 2441/2441/2441 2448/2448/2448
f 2445/2445/2445 2448/2448/2448 2446/2446/2446
f 2449/2449/2449 2448/2448/2448 2441/2441/2441
f 2446/2446/2446 2448/2448/2448 2449/2449/2449
f 2450/2450/2450 2449/2449/2449 2441/2441/2441
f 2451/2451/2451 2450/2450/2450 2441/2441/2441
f 2451/2451/2451 2452/2452/2452 2450/2450/2450
f 2450/2450/2450 2452/2452/2452 2453/2453/2453
f 2454/2454/2454 2429/2429/2429 2447/2447/2447
f 2455/2455/2455 2454/2454/2454 2447/2447/2447
f 2454/2454/2454 2432/2432/2432 2429/2429/2429
f 2432/2432/2432 2454/2454/2454 2456/2456/2456
f 2455/2455/2455 2456/2456/2456 2454/2454/2454
f 2432/2432/2432 2456/2456/2456 2398/2398/2398
f 2446/2446/2446 2449/2449/2449 2457/2457/2457
f 2449/2449/2449 2458/2458/2458 2457/2457/2457
f 2458/2458/2458 2453/2453/2453 2457/2457/2457
f 2446/2446/2446 2457/2457/2457 2459/2459/2459
f 2457/2457/2457 2453/2453/2453 2459/2459/2459
f 2446/2446/2446 2459/2459/2459 2460/2460/2460
f 2444/2444/2444 2446/2446/2446 2460/2460/2460
f 2453/2453/2453 2461/2461/2461 2459/2459/2459
f 2459/2459/2459 2461/2461/2461 2460/2460/2460
f 2447/2447/2447 2462/2462/2462 2455/2455/2455
f 2462/2462/2462 2447/2447/2447 2443/2443/2443
f 2398/2398/2398 2456/2456/2456 2463/2463/2463
f 2398/2398/2398 2463/2463/2463 2397/2397/2397
f 2397/2397/2397 2463/2463/2463 2464/2464/2464
f 2465/2465/2465 2464/2464/2464 2463/2463/2463
f 2465/2465/2465 2463/2463/2463 2456/2456/2456
f 2444/2444/2444 2460/2460/2460 2466/2466/2466
f 2460/2460/2460 2461/2461/2461 2466/2466/2466
f 2453/2453/2453 2467/2467/2467 2461/2461/2461
f 2452/2452/2452 2467/2467/2467 2453/2453/2453
f 2466/2466/2466 2461/2461/2461 2468/2468/2468
f 2461/2461/2461 2467/2467/2467 2468/2468/2468
f 2467/2467/2467 2452/2452/2452 2469/2469/2469
f 2452/2452/2452 2470/2470/2470 2469/2469/2469
f 2470/2470/2470 2471/2471/2471 2469/2469/2469
f 2470/2470/2470 2472/2472/2472 2471/2471/2471
f 2473/2473/2473 2471/2471/2471 2472/2472/2472
f 2471/2471/2471 2474/2474/2474 2469/2469/2469
f 2475/2475/2475 2473/2473/2473 2472/2472/2472
f 2473/2473/2473 2475/2475/2475 2476/2476/2476
f 2475/2475/2475 2477/2477/2477 2476/2476/2476
f 2477/2477/2477 2478/2478/2478 2476/2476/2476
f 2478/2478/2478 2479/2479/2479 2476/2476/2476
f 2480/2480/2480 2476/2476/2476 2479/2479/2479
f 2473/2473/2473 2476/2476/2476 2480/2480/2480
f 2481/2481/2481 2480/2480/2480 2479/2479/2479
f 2482/2482/2482 2480/2480/2480 2481/2481/2481
f 2482/2482/2482 2473/2473/2473 2480/2480/2480
f 2483/2483/2483 2482/2482/2482 2481/2481/2481
f 2484/2484/2484 2482/2482/2482 2483/2483/2483
f 2473/2473/2473 2482/2482/2482 2484/2484/2484
f 2485/2485/2485 2484/2484/2484 2483/2483/2483
f 2486/2486/2486 2473/2473/2473 2484/2484/2484
f 2486/2486/2486 2484/2484/2484 2485/2485/2485
f 2473/2473/2473 2486/2486/2486 2471/2471/2471
f 2487/2487/2487 2486/2486/2486 2485/2485/2485
f 2471/2471/2471 2486/2486/2486 2488/2488/2488
f 2486/2486/2486 2487/2487/2487 2488/2488/2488
f 2487/2487/2487 2489/2489/2489 2488/2488/2488
f 2487/2487/2487 2490/2490/2490 2489/2489/2489
f 2491/2491/2491 2490/2490/2490 2487/2487/2487
f 2489/2489/2489 2492/2492/2492 2488/2488/2488
f 2488/2488/2488 2492/2492/2492 2493/2493/2493
f 2471/2471/2471 2488/2488/2488 2493/2493/2493
f 2492/2492/2492 2494/2494/2494 2493/2493/2493
f 2493/2493/2493 2494/2494/2494 2495/2495/2495
f 2495/2495/2495 2471/2471/2471 2493/2493/2493
f 2494/2494/2494 2496/2496/2496 2495/2495/2495
f 2495/2495/2495 2496/2496/2496 2497/2497/2497
f 2497/2497/2497 2471/2471/2471 2495/2495/2495
f 2496/2496/2496 2498/2498/2498 2497/2497/2497
f 2499/2499/2499 2471/2471/2471 2497/2497/2497
f 2497/2497/2497 2498/2498/2498 2499/2499/2499
f 2498/2498/2498 2500/2500/2500 2499/2499/2499
f 2474/2474/2474 2471/2471/2471 2499/2499/2499
f 2499/2499/2499 2500/2500/2500 2474/2474/2474
f 2500/2500/2500 2501/2501/2501 2474/2474/2474
f 2474/2474/2474 2501/2501/2501 2469/2469/2469
f 2469/2469/2469 2501/2501/2501 2502/2502/2502
f 2502/2502/2502 2467/2467/2467 2469/2469/2469
f 2502/2502/2502 2503/2503/2503 2467/2467/2467
f 2468/2468/2468 2467/2467/2467 2503/2503/2503
f 2468/2468/2468 2503/2503/2503 2504/2504/2504
f 2466/2466/2466 2468/2468/2468 2504/2504/2504
f 2503/2503/2503 2505/2505/2505 2504/2504/2504
f 2466/2466/2466 2504/2504/2504 2506/2506/2506
f 2444/2444/2444 2466/2466/2466 2506/2506/2506
f 2505/2505/2505 2507/2507/2507 2504/2504/2504
f 2506/2506/2506 2504/2504/2504 2507/2507/2507
f 2508/2508/2508 2507/2507/2507 2505/2505/2505
f 2506/2506/2506 2507/2507/2507 2509/2509/2509
f 2509/2509/2509 2507/2507/2507 2510/2510/2510
f 2508/2508/2508 2510/2510/2510 2507/2507/2507
f 2511/2511/2511 2506/2506/2506 2509/2509/2509
f 2512/2512/2512 2510/2510/2510 2508/2508/2508
f 2512/2512/2512 2513/2513/2513 2510/2510/2510
f 2509/2509/2509 2510/2510/2510 2513/2513/2513
f 2512/2512/2512 2514/2514/2514 2513/2513/2513
f 2515/2515/2515 2514/2514/2514 2512/2512/2512
f 2516/2516/2516 2444/2444/2444 2506/2506/2506
f 2511/2511/2511 2516/2516/2516 2506/2506/2506
f 2509/2509/2509 2513/2513/2513 2517/2517/2517
f 2517/2517/2517 2513/2513/2513 2514/2514/2514
f 2515/2515/2515 2518/2518/2518 2514/2514/2514
f 2519/2519/2519 2518/2518/2518 2515/2515/2515
f 2517/2517/2517 2514/2514/2514 2520/2520/2520
f 2520/2520/2520 2514/2514/2514 2518/2518/2518
f 2519/2519/2519 2521/2521/2521 2518/2518/2518
f 2522/2522/2522 2521/2521/2521 2519/2519/2519
f 2521/2521/2521 2522/2522/2522 2523/2523/2523
f 2523/2523/2523 2522/2522/2522 2524/2524/2524
f 2523/2523/2523 2524/2524/2524 2525/2525/2525
f 2523/2523/2523 2525/2525/2525 2526/2526/2526
f 2523/2523/2523 2526/2526/2526 2527/2527/2527
f 2527/2527/2527 2526/2526/2526 2528/2528/2528
f 2527/2527/2527 2528/2528/2528 2529/2529/2529
f 2520/2520/2520 2518/2518/2518 2530/2530/2530
f 2530/2530/2530 2518/2518/2518 2521/2521/2521
f 2531/2531/2531 2517/2517/2517 2520/2520/2520
f 2531/2531/2531 2520/2520/2520 2530/2530/2530
f 2531/2531/2531 2530/2530/2530 2532/2532/2532
f 2531/2531/2531 2533/2533/2533 2517/2517/2517
f 2530/2530/2530 2521/2521/2521 2534/2534/2534
f 2530/2530/2530 2534/2534/2534 2532/2532/2532
f 2521/2521/2521 2523/2523/2523 2535/2535/2535
f 2534/2534/2534 2521/2521/2521 2535/2535/2535
f 2534/2534/2534 2535/2535/2535 2536/2536/2536
f 2536/2536/2536 2535/2535/2535 2523/2523/2523
f 2529/2529/2529 2537/2537/2537 2527/2527/2527
f 2537/2537/2537 2529/2529/2529 2538/2538/2538
f 2538/2538/2538 2539/2539/2539 2537/2537/2537
f 2537/2537/2537 2539/2539/2539 2540/2540/2540
f 2537/2537/2537 2540/2540/2540 2541/2541/2541
f 2534/2534/2534 2542/2542/2542 2532/2532/2532
f 2534/2534/2534 2536/2536/2536 2542/2542/2542
f 2527/2527/2527 2537/2537/2537 2543/2543/2543
f 2543/2543/2543 2537/2537/2537 2544/2544/2544
f 2543/2543/2543 2544/2544/2544 2545/2545/2545
f 2543/2543/2543 2545/2545/2545 2546/2546/2546
f 2546/2546/2546 2545/2545/2545 2547/2547/2547
f 2548/2548/2548 2543/2543/2543 2546/2546/2546
f 2546/2546/2546 2547/2547/2547 2549/2549/2549
f 2527/2527/2527 2543/2543/2543 2550/2550/2550
f 2532/2532/2532 2542/2542/2542 2551/2551/2551
f 2542/2542/2542 2536/2536/2536 2551/2551/2551
f 2546/2546/2546 2549/2549/2549 2552/2552/2552
f 2552/2552/2552 2549/2549/2549 2553/2553/2553
f 2554/2554/2554 2552/2552/2552 2553/2553/2553
f 2554/2554/2554 2553/2553/2553 172/172/172
f 2552/2552/2552 2555/2555/2555 2546/2546/2546
f 2546/2546/2546 2556/2556/2556 2550/2550/2550
f 2555/2555/2555 2556/2556/2556 2546/2546/2546
f 2554/2554/2554 2557/2557/2557 2552/2552/2552
f 2557/2557/2557 2555/2555/2555 2552/2552/2552
f 2558/2558/2558 2527/2527/2527 2550/2550/2550
f 2556/2556/2556 2559/2559/2559 2550/2550/2550
f 2558/2558/2558 2550/2550/2550 2559/2559/2559
f 2559/2559/2559 2556/2556/2556 2560/2560/2560
f 2556/2556/2556 2555/2555/2555 2561/2561/2561
f 2560/2560/2560 2556/2556/2556 2561/2561/2561
f 2562/2562/2562 2561/2561/2561 2555/2555/2555
f 2557/2557/2557 2562/2562/2562 2555/2555/2555
f 2558/2558/2558 2563/2563/2563 2527/2527/2527
f 2523/2523/2523 2527/2527/2527 2563/2563/2563
f 2523/2523/2523 2563/2563/2563 2564/2564/2564
f 2564/2564/2564 2563/2563/2563 2558/2558/2558
f 2536/2536/2536 2523/2523/2523 2564/2564/2564
f 2564/2564/2564 2565/2565/2565 2536/2536/2536
f 2565/2565/2565 2564/2564/2564 2558/2558/2558
f 2536/2536/2536 2565/2565/2565 2551/2551/2551
f 2566/2566/2566 2565/2565/2565 2558/2558/2558
f 2566/2566/2566 2558/2558/2558 2559/2559/2559
f 2551/2551/2551 2565/2565/2565 2566/2566/2566
f 2567/2567/2567 2566/2566/2566 2559/2559/2559
f 2566/2566/2566 2567/2567/2567 2551/2551/2551
f 2567/2567/2567 2559/2559/2559 2560/2560/2560
f 2567/2567/2567 2532/2532/2532 2551/2551/2551
f 2568/2568/2568 2532/2532/2532 2567/2567/2567
f 2568/2568/2568 2567/2567/2567 2560/2560/2560
f 2569/2569/2569 2532/2532/2532 2568/2568/2568
f 2569/2569/2569 2570/2570/2570 2532/2532/2532
f 2568/2568/2568 2560/2560/2560 2571/2571/2571
f 2569/2569/2569 2568/2568/2568 2572/2572/2572
f 2568/2568/2568 2571/2571/2571 2572/2572/2572
f 2571/2571/2571 2560/2560/2560 2573/2573/2573
f 2571/2571/2571 2573/2573/2573 2574/2574/2574
f 2572/2572/2572 2571/2571/2571 2574/2574/2574
f 2560/2560/2560 2575/2575/2575 2573/2573/2573
f 2560/2560/2560 2561/2561/2561 2575/2575/2575
f 2574/2574/2574 303/303/303 2572/2572/2572
f 2575/2575/2575 2561/2561/2561 2562/2562/2562
f 301/301/301 2572/2572/2572 303/303/303
f 2569/2569/2569 2572/2572/2572 301/301/301
f 297/297/297 2569/2569/2569 301/301/301
f 2576/2576/2576 2569/2569/2569 297/297/297
f 2576/2576/2576 2570/2570/2570 2569/2569/2569
f 292/292/292 2576/2576/2576 297/297/297
f 2570/2570/2570 2576/2576/2576 2577/2577/2577
f 2576/2576/2576 292/292/292 2577/2577/2577
f 292/292/292 284/284/284 2577/2577/2577
f 2570/2570/2570 2577/2577/2577 2533/2533/2533
f 2577/2577/2577 284/284/284 2578/2578/2578
f 2533/2533/2533 2577/2577/2577 2578/2578/2578
f 284/284/284 279/279/279 2578/2578/2578
f 2533/2533/2533 2578/2578/2578 2579/2579/2579
f 2533/2533/2533 2579/2579/2579 2517/2517/2517
f 2579/2579/2579 2509/2509/2509 2517/2517/2517
f 2578/2578/2578 279/279/279 2580/2580/2580
f 2579/2579/2579 2578/2578/2578 2580/2580/2580
f 279/279/279 2581/2581/2581 2580/2580/2580
f 2582/2582/2582 2579/2579/2579 2580/2580/2580
f 2579/2579/2579 2582/2582/2582 2509/2509/2509
f 2580/2580/2580 2581/2581/2581 2583/2583/2583
f 2583/2583/2583 2582/2582/2582 2580/2580/2580
f 2581/2581/2581 283/283/283 2583/2583/2583
f 2583/2583/2583 283/283/283 282/282/282
f 2582/2582/2582 2583/2583/2583 282/282/282
f 2584/2584/2584 2582/2582/2582 282/282/282
f 2582/2582/2582 2584/2584/2584 2509/2509/2509
f 2584/2584/2584 282/282/282 274/274/274
f 2584/2584/2584 2585/2585/2585 2509/2509/2509
f 2585/2585/2585 2584/2584/2584 274/274/274
f 2585/2585/2585 2511/2511/2511 2509/2509/2509
f 2585/2585/2585 274/274/274 2511/2511/2511
f 2511/2511/2511 274/274/274 2586/2586/2586
f 2586/2586/2586 281/281/281 2511/2511/2511
f 281/281/281 2516/2516/2516 2511/2511/2511
f 2516/2516/2516 281/281/281 2587/2587/2587
f 2516/2516/2516 2587/2587/2587 2444/2444/2444
f 2587/2587/2587 281/281/281 287/287/287
f 2587/2587/2587 2588/2588/2588 2444/2444/2444
f 2588/2588/2588 2587/2587/2587 287/287/287
f 2444/2444/2444 2588/2588/2588 2443/2443/2443
f 2588/2588/2588 287/287/287 2589/2589/2589
f 2588/2588/2588 2589/2589/2589 2443/2443/2443
f 2589/2589/2589 287/287/287 2590/2590/2590
f 2590/2590/2590 2443/2443/2443 2589/2589/2589
f 287/287/287 291/291/291 2590/2590/2590
f 2591/2591/2591 2443/2443/2443 2590/2590/2590
f 2590/2590/2590 291/291/291 2591/2591/2591
f 2591/2591/2591 2462/2462/2462 2443/2443/2443
f 2591/2591/2591 291/291/291 2592/2592/2592
f 2592/2592/2592 2462/2462/2462 2591/2591/2591
f 2592/2592/2592 291/291/291 2593/2593/2593
f 299/299/299 2593/2593/2593 291/291/291
f 2592/2592/2592 2594/2594/2594 2462/2462/2462
f 2594/2594/2594 2455/2455/2455 2462/2462/2462
f 2595/2595/2595 2593/2593/2593 299/299/299
f 2592/2592/2592 2593/2593/2593 2596/2596/2596
f 2595/2595/2595 2596/2596/2596 2593/2593/2593
f 2592/2592/2592 2596/2596/2596 2597/2597/2597
f 2597/2597/2597 2594/2594/2594 2592/2592/2592
f 299/299/299 2598/2598/2598 2595/2595/2595
f 299/299/299 296/296/296 2598/2598/2598
f 2595/2595/2595 2599/2599/2599 2596/2596/2596
f 2597/2597/2597 2596/2596/2596 2599/2599/2599
f 2600/2600/2600 2599/2599/2599 2595/2595/2595
f 2597/2597/2597 2599/2599/2599 2600/2600/2600
f 2595/2595/2595 2598/2598/2598 2601/2601/2601
f 2601/2601/2601 2600/2600/2600 2595/2595/2595
f 2601/2601/2601 2598/2598/2598 2602/2602/2602
f 2601/2601/2601 2602/2602/2602 2603/2603/2603
f 2603/2603/2603 2600/2600/2600 2601/2601/2601
f 296/296/296 2604/2604/2604 2598/2598/2598
f 2598/2598/2598 2604/2604/2604 2602/2602/2602
f 2597/2597/2597 2605/2605/2605 2594/2594/2594
f 2597/2597/2597 2600/2600/2600 2606/2606/2606
f 2606/2606/2606 2605/2605/2605 2597/2597/2597
f 2606/2606/2606 2607/2607/2607 2605/2605/2605
f 2607/2607/2607 2608/2608/2608 2605/2605/2605
f 2609/2609/2609 2608/2608/2608 2607/2607/2607
f 2605/2605/2605 2610/2610/2610 2594/2594/2594
f 2608/2608/2608 2610/2610/2610 2605/2605/2605
f 2610/2610/2610 2455/2455/2455 2594/2594/2594
f 2611/2611/2611 2600/2600/2600 2603/2603/2603
f 2606/2606/2606 2600/2600/2600 2611/2611/2611
f 2606/2606/2606 2611/2611/2611 2612/2612/2612
f 2612/2612/2612 2611/2611/2611 2603/2603/2603
f 2613/2613/2613 2607/2607/2607 2606/2606/2606
f 2606/2606/2606 2612/2612/2612 2613/2613/2613
f 2614/2614/2614 2607/2607/2607 2613/2613/2613
f 2612/2612/2612 2614/2614/2614 2613/2613/2613
f 2615/2615/2615 2607/2607/2607 2614/2614/2614
f 2614/2614/2614 2612/2612/2612 2615/2615/2615
f 2610/2610/2610 2616/2616/2616 2455/2455/2455
f 2616/2616/2616 2617/2617/2617 2455/2455/2455
f 2455/2455/2455 2617/2617/2617 2456/2456/2456
f 2618/2618/2618 2456/2456/2456 2617/2617/2617
f 2619/2619/2619 2618/2618/2618 2617/2617/2617
f 2620/2620/2620 2616/2616/2616 2610/2610/2610
f 2621/2621/2621 2620/2620/2620 2610/2610/2610
f 2608/2608/2608 2621/2621/2621 2610/2610/2610
f 2622/2622/2622 2620/2620/2620 2621/2621/2621
f 2623/2623/2623 2621/2621/2621 2608/2608/2608
f 2623/2623/2623 2622/2622/2622 2621/2621/2621
f 2609/2609/2609 2623/2623/2623 2608/2608/2608
f 2622/2622/2622 2623/2623/2623 2624/2624/2624
f 2625/2625/2625 2622/2622/2622 2624/2624/2624
f 2609/2609/2609 2626/2626/2626 2623/2623/2623
f 2626/2626/2626 2624/2624/2624 2623/2623/2623
f 2624/2624/2624 2626/2626/2626 2609/2609/2609
f 2627/2627/2627 2622/2622/2622 2625/2625/2625
f 2627/2627/2627 2628/2628/2628 2622/2622/2622
f 2629/2629/2629 2628/2628/2628 2627/2627/2627
f 2629/2629/2629 2630/2630/2630 2628/2628/2628
f 2625/2625/2625 2631/2631/2631 2627/2627/2627
f 2627/2627/2627 2631/2631/2631 2629/2629/2629
f 2625/2625/2625 2632/2632/2632 2631/2631/2631
f 2629/2629/2629 2633/2633/2633 2630/2630/2630
f 2633/2633/2633 2634/2634/2634 2630/2630/2630
f 2634/2634/2634 2633/2633/2633 2635/2635/2635
f 2629/2629/2629 2631/2631/2631 2636/2636/2636
f 2629/2629/2629 2636/2636/2636 2633/2633/2633
f 2633/2633/2633 2637/2637/2637 2635/2635/2635
f 2635/2635/2635 2637/2637/2637 2638/2638/2638
f 2636/2636/2636 2639/2639/2639 2633/2633/2633
f 2637/2637/2637 2633/2633/2633 2639/2639/2639
f 2638/2638/2638 2637/2637/2637 2640/2640/2640
f 2638/2638/2638 2640/2640/2640 2641/2641/2641
f 2641/2641/2641 2640/2640/2640 2642/2642/2642
f 2641/2641/2641 2642/2642/2642 2643/2643/2643
f 2643/2643/2643 2642/2642/2642 2644/2644/2644
f 2643/2643/2643 2644/2644/2644 2645/2645/2645
f 2645/2645/2645 2644/2644/2644 2646/2646/2646
f 2645/2645/2645 2646/2646/2646 2647/2647/2647
f 2646/2646/2646 2648/2648/2648 2647/2647/2647
f 2649/2649/2649 2647/2647/2647 2648/2648/2648
f 2648/2648/2648 2650/2650/2650 2649/2649/2649
f 2649/2649/2649 2650/2650/2650 2651/2651/2651
f 2652/2652/2652 2651/2651/2651 2650/2650/2650
f 2653/2653/2653 2652/2652/2652 2650/2650/2650
f 2653/2653/2653 2654/2654/2654 2652/2652/2652
f 2648/2648/2648 2655/2655/2655 2650/2650/2650
f 2650/2650/2650 2655/2655/2655 2653/2653/2653
f 2648/2648/2648 2656/2656/2656 2655/2655/2655
f 2656/2656/2656 2648/2648/2648 2646/2646/2646
f 1951/1951/1951 2656/2656/2656 2646/2646/2646
f 2646/2646/2646 2644/2644/2644 1951/1951/1951
f 2655/2655/2655 2657/2657/2657 2653/2653/2653
f 2658/2658/2658 2654/2654/2654 2653/2653/2653
f 2653/2653/2653 2657/2657/2657 2658/2658/2658
f 2654/2654/2654 2658/2658/2658 2659/2659/2659
f 2644/2644/2644 2660/2660/2660 1951/1951/1951
f 2660/2660/2660 2644/2644/2644 2642/2642/2642
f 1949/1949/1949 1951/1951/1951 2660/2660/2660
f 2661/2661/2661 2658/2658/2658 2657/2657/2657
f 2659/2659/2659 2658/2658/2658 2661/2661/2661
f 2662/2662/2662 2661/2661/2661 2657/2657/2657
f 2659/2659/2659 2661/2661/2661 2663/2663/2663
f 2664/2664/2664 2660/2660/2660 2642/2642/2642
f 1949/1949/1949 2660/2660/2660 2664/2664/2664
f 2664/2664/2664 2642/2642/2642 2640/2640/2640
f 2665/2665/2665 2661/2661/2661 2662/2662/2662
f 2663/2663/2663 2661/2661/2661 2665/2665/2665
f 2663/2663/2663 2665/2665/2665 2666/2666/2666
f 2667/2667/2667 2665/2665/2665 2662/2662/2662
f 1949/1949/1949 2664/2664/2664 2668/2668/2668
f 2668/2668/2668 2664/2664/2664 2640/2640/2640
f 295/295/295 1949/1949/1949 2668/2668/2668
f 2640/2640/2640 2637/2637/2637 2668/2668/2668
f 2666/2666/2666 2665/2665/2665 2669/2669/2669
f 2669/2669/2669 2665/2665/2665 2667/2667/2667
f 2666/2666/2666 2669/2669/2669 2670/2670/2670
f 295/295/295 2668/2668/2668 2671/2671/2671
f 2637/2637/2637 2671/2671/2671 2668/2668/2668
f 2671/2671/2671 2637/2637/2637 2639/2639/2639
f 295/295/295 2671/2671/2671 296/296/296
f 2671/2671/2671 2639/2639/2639 296/296/296
f 2639/2639/2639 2636/2636/2636 296/296/296
f 296/296/296 2636/2636/2636 2604/2604/2604
f 2631/2631/2631 2604/2604/2604 2636/2636/2636
f 2604/2604/2604 2631/2631/2631 2602/2602/2602
f 2602/2602/2602 2631/2631/2631 2632/2632/2632
f 2670/2670/2670 2669/2669/2669 2672/2672/2672
f 2670/2670/2670 2672/2672/2672 2673/2673/2673
f 2672/2672/2672 2669/2669/2669 2674/2674/2674
f 2674/2674/2674 2669/2669/2669 2667/2667/2667
f 2673/2673/2673 2672/2672/2672 2675/2675/2675
f 2673/2673/2673 2675/2675/2675 2676/2676/2676
f 2677/2677/2677 2672/2672/2672 2674/2674/2674
f 2675/2675/2675 2672/2672/2672 2677/2677/2677
f 2674/2674/2674 2667/2667/2667 2678/2678/2678
f 2677/2677/2677 2674/2674/2674 2678/2678/2678
f 2676/2676/2676 2675/2675/2675 2679/2679/2679
f 2676/2676/2676 2679/2679/2679 2680/2680/2680
f 2681/2681/2681 2675/2675/2675 2677/2677/2677
f 2681/2681/2681 2677/2677/2677 2678/2678/2678
f 2679/2679/2679 2675/2675/2675 2681/2681/2681
f 2667/2667/2667 2682/2682/2682 2678/2678/2678
f 2667/2667/2667 2683/2683/2683 2682/2682/2682
f 2683/2683/2683 2684/2684/2684 2682/2682/2682
f 2678/2678/2678 2682/2682/2682 2685/2685/2685
f 2685/2685/2685 2682/2682/2682 2686/2686/2686
f 2686/2686/2686 2682/2682/2682 2687/2687/2687
f 2681/2681/2681 2678/2678/2678 2688/2688/2688
f 2687/2687/2687 2682/2682/2682 2689/2689/2689
f 2680/2680/2680 2679/2679/2679 2690/2690/2690
f 2680/2680/2680 2690/2690/2690 2691/2691/2691
f 2692/2692/2692 2679/2679/2679 2681/2681/2681
f 2692/2692/2692 2681/2681/2681 2688/2688/2688
f 2692/2692/2692 2693/2693/2693 2679/2679/2679
f 2690/2690/2690 2679/2679/2679 2693/2693/2693
f 2693/2693/2693 2692/2692/2692 2688/2688/2688
f 2690/2690/2690 2694/2694/2694 2691/2691/2691
f 2694/2694/2694 2690/2690/2690 2693/2693/2693
f 2695/2695/2695 2693/2693/2693 2688/2688/2688
f 2693/2693/2693 2695/2695/2695 2694/2694/2694
f 2695/2695/2695 2688/2688/2688 2696/2696/2696
f 2695/2695/2695 2696/2696/2696 2697/2697/2697
f 2695/2695/2695 2697/2697/2697 2698/2698/2698
f 2695/2695/2695 2698/2698/2698 2699/2699/2699
f 2698/2698/2698 2700/2700/2700 2699/2699/2699
f 2700/2700/2700 2701/2701/2701 2699/2699/2699
f 2701/2701/2701 2702/2702/2702 2699/2699/2699
f 2702/2702/2702 2703/2703/2703 2699/2699/2699
f 2699/2699/2699 2703/2703/2703 2704/2704/2704
f 2699/2699/2699 2704/2704/2704 2705/2705/2705
f 2699/2699/2699 2705/2705/2705 2706/2706/2706
f 2707/2707/2707 2695/2695/2695 2699/2699/2699
f 2705/2705/2705 2708/2708/2708 2706/2706/2706
f 2695/2695/2695 2707/2707/2707 2709/2709/2709
f 2708/2708/2708 2710/2710/2710 2706/2706/2706
f 2695/2695/2695 2709/2709/2709 2632/2632/2632
f 2711/2711/2711 2632/2632/2632 2709/2709/2709
f 2712/2712/2712 2632/2632/2632 2711/2711/2711
f 2710/2710/2710 2713/2713/2713 2706/2706/2706
f 2706/2706/2706 2713/2713/2713 2714/2714/2714
f 2710/2710/2710 2715/2715/2715 2713/2713/2713
f 2715/2715/2715 2716/2716/2716 2713/2713/2713
f 2716/2716/2716 2717/2717/2717 2713/2713/2713
f 2717/2717/2717 2718/2718/2718 2713/2713/2713
f 2718/2718/2718 2719/2719/2719 2713/2713/2713
f 2719/2719/2719 2689/2689/2689 2713/2713/2713
f 2713/2713/2713 2720/2720/2720 2714/2714/2714
f 2713/2713/2713 2721/2721/2721 2720/2720/2720
f 2689/2689/2689 2682/2682/2682 2713/2713/2713
f 2682/2682/2682 2721/2721/2721 2713/2713/2713
f 2706/2706/2706 2714/2714/2714 2722/2722/2722
f 2706/2706/2706 2722/2722/2722 2723/2723/2723
f 2714/2714/2714 2724/2724/2724 2722/2722/2722
f 2706/2706/2706 2723/2723/2723 2725/2725/2725
f 2723/2723/2723 2726/2726/2726 2725/2725/2725
f 2726/2726/2726 2727/2727/2727 2725/2725/2725
f 2727/2727/2727 2728/2728/2728 2725/2725/2725
f 2728/2728/2728 2729/2729/2729 2725/2725/2725
f 2725/2725/2725 2729/2729/2729 2730/2730/2730
f 2729/2729/2729 2731/2731/2731 2730/2730/2730
f 2714/2714/2714 2732/2732/2732 2724/2724/2724
f 2731/2731/2731 2733/2733/2733 2730/2730/2730
f 2714/2714/2714 2734/2734/2734 2732/2732/2732
f 2734/2734/2734 2735/2735/2735 2732/2732/2732
f 2733/2733/2733 2736/2736/2736 2730/2730/2730
f 2736/2736/2736 2737/2737/2737 2730/2730/2730
f 2730/2730/2730 2737/2737/2737 2738/2738/2738
f 2733/2733/2733 2739/2739/2739 2736/2736/2736
f 2739/2739/2739 2740/2740/2740 2736/2736/2736
f 2740/2740/2740 2741/2741/2741 2736/2736/2736
f 2738/2738/2738 2737/2737/2737 2742/2742/2742
f 2741/2741/2741 2743/2743/2743 2736/2736/2736
f 2743/2743/2743 2744/2744/2744 2736/2736/2736
f 2744/2744/2744 2745/2745/2745 2736/2736/2736
f 2745/2745/2745 2746/2746/2746 2736/2736/2736
f 2742/2742/2742 2737/2737/2737 2747/2747/2747
f 2746/2746/2746 2748/2748/2748 2736/2736/2736
f 2749/2749/2749 2748/2748/2748 2746/2746/2746
f 2750/2750/2750 2748/2748/2748 2749/2749/2749
f 2751/2751/2751 2736/2736/2736 2748/2748/2748
f 2736/2736/2736 2751/2751/2751 2737/2737/2737
f 2752/2752/2752 2748/2748/2748 2750/2750/2750
f 2753/2753/2753 2752/2752/2752 2750/2750/2750
f 2754/2754/2754 2752/2752/2752 2753/2753/2753
f 2755/2755/2755 2748/2748/2748 2752/2752/2752
f 2751/2751/2751 2756/2756/2756 2737/2737/2737
f 2751/2751/2751 2757/2757/2757 2756/2756/2756
f 2758/2758/2758 2754/2754/2754 2753/2753/2753
f 2759/2759/2759 2758/2758/2758 2753/2753/2753
f 2755/2755/2755 2760/2760/2760 2748/2748/2748
f 2755/2755/2755 2761/2761/2761 2760/2760/2760
f 2760/2760/2760 2761/2761/2761 2762/2762/2762
f 2761/2761/2761 2755/2755/2755 2763/2763/2763
f 2764/2764/2764 2761/2761/2761 2763/2763/2763
f 2761/2761/2761 2764/2764/2764 2762/2762/2762
f 2763/2763/2763 2765/2765/2765 2764/2764/2764
f 2765/2765/2765 2766/2766/2766 2764/2764/2764
f 2767/2767/2767 2766/2766/2766 2765/2765/2765
f 2766/2766/2766 2768/2768/2768 2764/2764/2764
f 2762/2762/2762 2764/2764/2764 2768/2768/2768
f 2768/2768/2768 2766/2766/2766 2769/2769/2769
f 2770/2770/2770 2766/2766/2766 2767/2767/2767
f 2769/2769/2769 2771/2771/2771 2768/2768/2768
f 2769/2769/2769 2772/2772/2772 2771/2771/2771
f 2771/2771/2771 2773/2773/2773 2768/2768/2768
f 2768/2768/2768 2773/2773/2773 2762/2762/2762
f 2760/2760/2760 2774/2774/2774 2748/2748/2748
f 2775/2775/2775 2760/2760/2760 2762/2762/2762
f 2775/2775/2775 2774/2774/2774 2760/2760/2760
f 2774/2774/2774 2776/2776/2776 2748/2748/2748
f 2777/2777/2777 2774/2774/2774 2775/2775/2775
f 2777/2777/2777 2776/2776/2776 2774/2774/2774
f 2776/2776/2776 2778/2778/2778 2748/2748/2748
f 2748/2748/2748 2778/2778/2778 2779/2779/2779
f 2780/2780/2780 2776/2776/2776 2777/2777/2777
f 2780/2780/2780 2778/2778/2778 2776/2776/2776
f 2781/2781/2781 2777/2777/2777 2775/2775/2775
f 2782/2782/2782 2777/2777/2777 2781/2781/2781
f 2782/2782/2782 2780/2780/2780 2777/2777/2777
f 2775/2775/2775 2783/2783/2783 2781/2781/2781
f 2775/2775/2775 2762/2762/2762 2783/2783/2783
f 2784/2784/2784 2780/2780/2780 2782/2782/2782
f 2784/2784/2784 2785/2785/2785 2780/2780/2780
f 2785/2785/2785 2778/2778/2778 2780/2780/2780
f 2786/2786/2786 2785/2785/2785 2784/2784/2784
f 2786/2786/2786 2787/2787/2787 2785/2785/2785
f 2788/2788/2788 2787/2787/2787 2786/2786/2786
f 2785/2785/2785 2789/2789/2789 2778/2778/2778
f 2787/2787/2787 2789/2789/2789 2785/2785/2785
f 2788/2788/2788 2790/2790/2790 2787/2787/2787
f 2791/2791/2791 2790/2790/2790 2788/2788/2788
f 2778/2778/2778 2789/2789/2789 2792/2792/2792
f 2778/2778/2778 2792/2792/2792 2779/2779/2779
f 2787/2787/2787 2793/2793/2793 2789/2789/2789
f 2789/2789/2789 2793/2793/2793 2792/2792/2792
f 2790/2790/2790 2793/2793/2793 2787/2787/2787
f 2792/2792/2792 2794/2794/2794 2779/2779/2779
f 2793/2793/2793 2795/2795/2795 2792/2792/2792
f 2790/2790/2790 2795/2795/2795 2793/2793/2793
f 2779/2779/2779 2794/2794/2794 2796/2796/2796
f 2791/2791/2791 2797/2797/2797 2790/2790/2790
f 2797/2797/2797 2795/2795/2795 2790/2790/2790
f 2798/2798/2798 2797/2797/2797 2791/2791/2791
f 2799/2799/2799 2795/2795/2795 2797/2797/2797
f 2798/2798/2798 2799/2799/2799 2797/2797/2797
f 2800/2800/2800 2799/2799/2799 2798/2798/2798
f 2801/2801/2801 2795/2795/2795 2799/2799/2799
f 2800/2800/2800 2801/2801/2801 2799/2799/2799
f 2802/2802/2802 2801/2801/2801 2800/2800/2800
f 2779/2779/2779 2796/2796/2796 2803/2803/2803
f 2796/2796/2796 2804/2804/2804 2803/2803/2803
f 2796/2796/2796 2805/2805/2805 2804/2804/2804
f 2803/2803/2803 2804/2804/2804 2806/2806/2806
f 2807/2807/2807 2806/2806/2806 2804/2804/2804
f 2807/2807/2807 2808/2808/2808 2806/2806/2806
f 2809/2809/2809 2779/2779/2779 2803/2803/2803
f 2810/2810/2810 2808/2808/2808 2807/2807/2807
f 2811/2811/2811 2779/2779/2779 2809/2809/2809
f 2811/2811/2811 2812/2812/2812 2779/2779/2779
f 2809/2809/2809 2813/2813/2813 2811/2811/2811
f 2814/2814/2814 2808/2808/2808 2810/2810/2810
f 2815/2815/2815 2808/2808/2808 2814/2814/2814
f 2816/2816/2816 2815/2815/2815 2814/2814/2814
f 2816/2816/2816 2814/2814/2814 2817/2817/2817
f 2818/2818/2818 2816/2816/2816 2817/2817/2817
f 2819/2819/2819 2814/2814/2814 2810/2810/2810
f 2814/2814/2814 2819/2819/2819 2817/2817/2817
f 2817/2817/2817 2820/2820/2820 2818/2818/2818
f 2820/2820/2820 2821/2821/2821 2818/2818/2818
f 2822/2822/2822 2819/2819/2819 2810/2810/2810
f 2823/2823/2823 2822/2822/2822 2810/2810/2810
f 2823/2823/2823 2824/2824/2824 2822/2822/2822
f 2819/2819/2819 2825/2825/2825 2817/2817/2817
f 2817/2817/2817 2825/2825/2825 2826/2826/2826
f 2825/2825/2825 2827/2827/2827 2826/2826/2826
f 2828/2828/2828 2825/2825/2825 2819/2819/2819
f 2822/2822/2822 2829/2829/2829 2819/2819/2819
f 2818/2818/2818 2830/2830/2830 2816/2816/2816
f 2818/2818/2818 2821/2821/2821 2831/2831/2831
f 2822/2822/2822 2824/2824/2824 2832/2832/2832
f 2829/2829/2829 2822/2822/2822 2833/2833/2833
f 2822/2822/2822 2832/2832/2832 2833/2833/2833
f 2829/2829/2829 2833/2833/2833 2834/2834/2834
f 2833/2833/2833 2835/2835/2835 2834/2834/2834
f 2832/2832/2832 2835/2835/2835 2833/2833/2833
f 2836/2836/2836 2832/2832/2832 2824/2824/2824
f 2836/2836/2836 2824/2824/2824 2837/2837/2837
f 2838/2838/2838 2836/2836/2836 2837/2837/2837
f 2839/2839/2839 2836/2836/2836 2838/2838/2838
f 2839/2839/2839 2832/2832/2832 2836/2836/2836
f 2832/2832/2832 2839/2839/2839 2835/2835/2835
f 2840/2840/2840 2839/2839/2839 2838/2838/2838
f 2839/2839/2839 2840/2840/2840 2835/2835/2835
f 2841/2841/2841 2835/2835/2835 2840/2840/2840
f 2835/2835/2835 2841/2841/2841 2834/2834/2834
f 2842/2842/2842 2841/2841/2841 2840/2840/2840
f 2842/2842/2842 2840/2840/2840 2838/2838/2838
f 2843/2843/2843 2829/2829/2829 2834/2834/2834
f 2829/2829/2829 2843/2843/2843 2819/2819/2819
f 2842/2842/2842 2844/2844/2844 2841/2841/2841
f 2842/2842/2842 2838/2838/2838 2844/2844/2844
f 2845/2845/2845 2843/2843/2843 2834/2834/2834
f 2843/2843/2843 2845/2845/2845 2819/2819/2819
f 2845/2845/2845 2834/2834/2834 2846/2846/2846
f 2845/2845/2845 2846/2846/2846 2819/2819/2819
f 2834/2834/2834 2847/2847/2847 2846/2846/2846
f 2846/2846/2846 2847/2847/2847 2819/2819/2819
f 2848/2848/2848 2847/2847/2847 2834/2834/2834
f 2841/2841/2841 2848/2848/2848 2834/2834/2834
f 2847/2847/2847 2849/2849/2849 2819/2819/2819
f 2849/2849/2849 2847/2847/2847 2848/2848/2848
f 2849/2849/2849 2850/2850/2850 2819/2819/2819
f 2819/2819/2819 2850/2850/2850 2828/2828/2828
f 2851/2851/2851 2849/2849/2849 2848/2848/2848
f 2849/2849/2849 2851/2851/2851 2850/2850/2850
f 2852/2852/2852 2851/2851/2851 2848/2848/2848
f 2841/2841/2841 2852/2852/2852 2848/2848/2848
f 2851/2851/2851 2853/2853/2853 2850/2850/2850
f 2853/2853/2853 2851/2851/2851 2852/2852/2852
f 2853/2853/2853 2854/2854/2854 2850/2850/2850
f 2855/2855/2855 2853/2853/2853 2852/2852/2852
f 2854/2854/2854 2853/2853/2853 2855/2855/2855
f 2852/2852/2852 2856/2856/2856 2855/2855/2855
f 2852/2852/2852 2841/2841/2841 2856/2856/2856
f 2857/2857/2857 2828/2828/2828 2850/2850/2850
f 2850/2850/2850 2854/2854/2854 2857/2857/2857
f 2858/2858/2858 2854/2854/2854 2855/2855/2855
f 2855/2855/2855 2856/2856/2856 2858/2858/2858
f 2859/2859/2859 2858/2858/2858 2856/2856/2856
f 2858/2858/2858 2860/2860/2860 2854/2854/2854
f 2854/2854/2854 2860/2860/2860 2857/2857/2857
f 2858/2858/2858 2859/2859/2859 2860/2860/2860
f 2841/2841/2841 2861/2861/2861 2856/2856/2856
f 2861/2861/2861 2859/2859/2859 2856/2856/2856
f 2841/2841/2841 2862/2862/2862 2861/2861/2861
f 2862/2862/2862 2841/2841/2841 2844/2844/2844
f 2863/2863/2863 2862/2862/2862 2844/2844/2844
f 2864/2864/2864 2863/2863/2863 2844/2844/2844
f 2862/2862/2862 2863/2863/2863 2865/2865/2865
f 2862/2862/2862 2865/2865/2865 2861/2861/2861
f 2866/2866/2866 2863/2863/2863 2864/2864/2864
f 2844/2844/2844 2838/2838/2838 2864/2864/2864
f 2864/2864/2864 2838/2838/2838 2866/2866/2866
f 2867/2867/2867 2861/2861/2861 2865/2865/2865
f 2867/2867/2867 2859/2859/2859 2861/2861/2861
f 2868/2868/2868 2865/2865/2865 2863/2863/2863
f 2868/2868/2868 2867/2867/2867 2865/2865/2865
f 2869/2869/2869 2868/2868/2868 2863/2863/2863
f 2869/2869/2869 2870/2870/2870 2868/2868/2868
f 2868/2868/2868 2871/2871/2871 2867/2867/2867
f 2870/2870/2870 2871/2871/2871 2868/2868/2868
f 2859/2859/2859 2867/2867/2867 2872/2872/2872
f 2871/2871/2871 2872/2872/2872 2867/2867/2867
f 2866/2866/2866 2838/2838/2838 2873/2873/2873
f 2873/2873/2873 2838/2838/2838 2874/2874/2874
f 2838/2838/2838 2875/2875/2875 2874/2874/2874
f 2866/2866/2866 2876/2876/2876 2863/2863/2863
f 2873/2873/2873 2876/2876/2876 2866/2866/2866
f 2877/2877/2877 2859/2859/2859 2872/2872/2872
f 2872/2872/2872 2871/2871/2871 2878/2878/2878
f 2872/2872/2872 2878/2878/2878 2877/2877/2877
f 2879/2879/2879 2859/2859/2859 2877/2877/2877
f 2860/2860/2860 2859/2859/2859 2879/2879/2879
f 2880/2880/2880 2877/2877/2877 2878/2878/2878
f 2879/2879/2879 2877/2877/2877 2880/2880/2880
f 2879/2879/2879 2881/2881/2881 2860/2860/2860
f 2881/2881/2881 2882/2882/2882 2860/2860/2860
f 2881/2881/2881 2883/2883/2883 2882/2882/2882
f 2880/2880/2880 2884/2884/2884 2879/2879/2879
f 2879/2879/2879 2884/2884/2884 2881/2881/2881
f 2881/2881/2881 2885/2885/2885 2883/2883/2883
f 2885/2885/2885 2886/2886/2886 2883/2883/2883
f 2884/2884/2884 2887/2887/2887 2881/2881/2881
f 2881/2881/2881 2887/2887/2887 2885/2885/2885
f 2885/2885/2885 2888/2888/2888 2886/2886/2886
f 2885/2885/2885 2889/2889/2889 2888/2888/2888
f 2889/2889/2889 2885/2885/2885 2887/2887/2887
f 2889/2889/2889 2890/2890/2890 2888/2888/2888
f 2887/2887/2887 2890/2890/2890 2889/2889/2889
f 2891/2891/2891 2890/2890/2890 2887/2887/2887
f 2892/2892/2892 2891/2891/2891 2887/2887/2887
f 2884/2884/2884 2892/2892/2892 2887/2887/2887
f 2880/2880/2880 2892/2892/2892 2884/2884/2884
f 2893/2893/2893 2892/2892/2892 2880/2880/2880
f 2892/2892/2892 2893/2893/2893 2891/2891/2891
f 2894/2894/2894 2893/2893/2893 2880/2880/2880
f 2880/2880/2880 2878/2878/2878 2894/2894/2894
f 2886/2886/2886 2888/2888/2888 2895/2895/2895
f 2896/2896/2896 2886/2886/2886 2895/2895/2895
f 2896/2896/2896 2897/2897/2897 2886/2886/2886
f 2897/2897/2897 2896/2896/2896 2898/2898/2898
f 2895/2895/2895 2888/2888/2888 2899/2899/2899
f 2888/2888/2888 2900/2900/2900 2899/2899/2899
f 2896/2896/2896 2895/2895/2895 2901/2901/2901
f 2895/2895/2895 2902/2902/2902 2901/2901/2901
f 2901/2901/2901 2902/2902/2902 2903/2903/2903
f 2904/2904/2904 2903/2903/2903 2902/2902/2902
f 2904/2904/2904 2905/2905/2905 2903/2903/2903
f 2901/2901/2901 2906/2906/2906 2896/2896/2896
f 2906/2906/2906 2901/2901/2901 2907/2907/2907
f 2906/2906/2906 2907/2907/2907 2908/2908/2908
f 2908/2908/2908 2907/2907/2907 2909/2909/2909
f 2906/2906/2906 2910/2910/2910 2896/2896/2896
f 2906/2906/2906 2908/2908/2908 2910/2910/2910
f 2908/2908/2908 2909/2909/2909 2911/2911/2911
f 2910/2910/2910 2908/2908/2908 2911/2911/2911
f 2909/2909/2909 2912/2912/2912 2911/2911/2911
f 2913/2913/2913 2896/2896/2896 2910/2910/2910
f 2898/2898/2898 2896/2896/2896 2913/2913/2913
f 2913/2913/2913 2857/2857/2857 2898/2898/2898
f 2898/2898/2898 2857/2857/2857 2860/2860/2860
f 2913/2913/2913 2828/2828/2828 2857/2857/2857
f 2828/2828/2828 2913/2913/2913 2914/2914/2914
f 2913/2913/2913 2910/2910/2910 2914/2914/2914
f 2915/2915/2915 2828/2828/2828 2914/2914/2914
f 2916/2916/2916 2915/2915/2915 2914/2914/2914
f 2910/2910/2910 2916/2916/2916 2914/2914/2914
f 2917/2917/2917 2910/2910/2910 2911/2911/2911
f 2912/2912/2912 2918/2918/2918 2911/2911/2911
f 2911/2911/2911 2918/2918/2918 2919/2919/2919
f 2917/2917/2917 2911/2911/2911 2919/2919/2919
f 2918/2918/2918 2912/2912/2912 2920/2920/2920
f 2918/2918/2918 2920/2920/2920 2919/2919/2919
f 2921/2921/2921 2920/2920/2920 2912/2912/2912
f 2920/2920/2920 2921/2921/2921 2922/2922/2922
f 2920/2920/2920 2922/2922/2922 2923/2923/2923
f 2920/2920/2920 2924/2924/2924 2919/2919/2919
f 2920/2920/2920 2923/2923/2923 2924/2924/2924
f 2924/2924/2924 2917/2917/2917 2919/2919/2919
f 2924/2924/2924 2923/2923/2923 2925/2925/2925
f 2925/2925/2925 2923/2923/2923 2926/2926/2926
f 2927/2927/2927 2917/2917/2917 2924/2924/2924
f 2925/2925/2925 2927/2927/2927 2924/2924/2924
f 2925/2925/2925 2926/2926/2926 2928/2928/2928
f 2928/2928/2928 2926/2926/2926 2929/2929/2929
f 2917/2917/2917 2927/2927/2927 2821/2821/2821
f 2930/2930/2930 2917/2917/2917 2821/2821/2821
f 2821/2821/2821 2927/2927/2927 2831/2831/2831
f 2927/2927/2927 2925/2925/2925 2931/2931/2931
f 2928/2928/2928 2931/2931/2931 2925/2925/2925
f 2831/2831/2831 2927/2927/2927 2932/2932/2932
f 2927/2927/2927 2933/2933/2933 2932/2932/2932
f 2934/2934/2934 2927/2927/2927 2931/2931/2931
f 2928/2928/2928 2934/2934/2934 2931/2931/2931
f 2928/2928/2928 2929/2929/2929 2935/2935/2935
f 2936/2936/2936 2935/2935/2935 2929/2929/2929
f 2934/2934/2934 2937/2937/2937 2927/2927/2927
f 2937/2937/2937 2934/2934/2934 2938/2938/2938
f 2939/2939/2939 2934/2934/2934 2928/2928/2928
f 2935/2935/2935 2939/2939/2939 2928/2928/2928
f 2934/2934/2934 2939/2939/2939 2938/2938/2938
f 2935/2935/2935 2940/2940/2940 2939/2939/2939
f 2939/2939/2939 2940/2940/2940 2938/2938/2938
f 2936/2936/2936 2941/2941/2941 2935/2935/2935
f 2941/2941/2941 2940/2940/2940 2935/2935/2935
f 2940/2940/2940 2942/2942/2942 2938/2938/2938
f 2941/2941/2941 2942/2942/2942 2940/2940/2940
f 2936/2936/2936 2943/2943/2943 2941/2941/2941
f 2943/2943/2943 2942/2942/2942 2941/2941/2941
f 2944/2944/2944 2943/2943/2943 2936/2936/2936
f 2938/2938/2938 2942/2942/2942 2945/2945/2945
f 2938/2938/2938 2945/2945/2945 2946/2946/2946
f 2942/2942/2942 2947/2947/2947 2945/2945/2945
f 2943/2943/2943 2947/2947/2947 2942/2942/2942
f 2946/2946/2946 2945/2945/2945 2948/2948/2948
f 2948/2948/2948 2945/2945/2945 2949/2949/2949
f 2950/2950/2950 2946/2946/2946 2948/2948/2948
f 2949/2949/2949 2945/2945/2945 2951/2951/2951
f 2952/2952/2952 2946/2946/2946 2950/2950/2950
f 2944/2944/2944 2953/2953/2953 2943/2943/2943
f 2953/2953/2953 2947/2947/2947 2943/2943/2943
f 2954/2954/2954 2953/2953/2953 2944/2944/2944
f 2953/2953/2953 2955/2955/2955 2947/2947/2947
f 2947/2947/2947 2955/2955/2955 2945/2945/2945
f 2954/2954/2954 2956/2956/2956 2953/2953/2953
f 2956/2956/2956 2955/2955/2955 2953/2953/2953
f 2957/2957/2957 2956/2956/2956 2954/2954/2954
f 2956/2956/2956 2958/2958/2958 2955/2955/2955
f 2955/2955/2955 2958/2958/2958 2945/2945/2945
f 2957/2957/2957 2959/2959/2959 2956/2956/2956
f 2959/2959/2959 2958/2958/2958 2956/2956/2956
f 2960/2960/2960 2959/2959/2959 2957/2957/2957
f 2960/2960/2960 2961/2961/2961 2959/2959/2959
f 2962/2962/2962 2961/2961/2961 2960/2960/2960
f 2961/2961/2961 2963/2963/2963 2959/2959/2959
f 2963/2963/2963 2958/2958/2958 2959/2959/2959
f 2945/2945/2945 2958/2958/2958 2964/2964/2964
f 2958/2958/2958 2963/2963/2963 2965/2965/2965
f 2958/2958/2958 2965/2965/2965 2964/2964/2964
f 2963/2963/2963 2966/2966/2966 2965/2965/2965
f 2963/2963/2963 2967/2967/2967 2966/2966/2966
f 2963/2963/2963 2968/2968/2968 2967/2967/2967
f 2965/2965/2965 2966/2966/2966 2969/2969/2969
f 2965/2965/2965 2969/2969/2969 2964/2964/2964
f 2969/2969/2969 2966/2966/2966 2970/2970/2970
f 2945/2945/2945 2964/2964/2964 2971/2971/2971
f 2972/2972/2972 2964/2964/2964 2969/2969/2969
f 2971/2971/2971 2964/2964/2964 2972/2972/2972
f 2969/2969/2969 2970/2970/2970 2973/2973/2973
f 2974/2974/2974 2972/2972/2972 2969/2969/2969
f 2973/2973/2973 2974/2974/2974 2969/2969/2969
f 2975/2975/2975 2972/2972/2972 2974/2974/2974
f 2975/2975/2975 2971/2971/2971 2972/2972/2972
f 2975/2975/2975 2974/2974/2974 2973/2973/2973
f 2973/2973/2973 2970/2970/2970 2976/2976/2976
f 2976/2976/2976 2970/2970/2970 2977/2977/2977
f 2975/2975/2975 2973/2973/2973 2978/2978/2978
f 2973/2973/2973 2976/2976/2976 2978/2978/2978
f 2975/2975/2975 2978/2978/2978 2979/2979/2979
f 2980/2980/2980 2975/2975/2975 2979/2979/2979
f 2980/2980/2980 2971/2971/2971 2975/2975/2975
f 2981/2981/2981 2971/2971/2971 2980/2980/2980
f 2981/2981/2981 2982/2982/2982 2971/2971/2971
f 2980/2980/2980 2983/2983/2983 2981/2981/2981
f 2976/2976/2976 2977/2977/2977 2984/2984/2984
f 2984/2984/2984 2977/2977/2977 2985/2985/2985
f 2984/2984/2984 2985/2985/2985 2986/2986/2986
f 2984/2984/2984 2987/2987/2987 2976/2976/2976
f 2987/2987/2987 2988/2988/2988 2976/2976/2976
f 2989/2989/2989 2988/2988/2988 2987/2987/2987
f 2989/2989/2989 2990/2990/2990 2988/2988/2988
f 2984/2984/2984 2986/2986/2986 2991/2991/2991
f 2992/2992/2992 2984/2984/2984 2991/2991/2991
f 2986/2986/2986 2993/2993/2993 2991/2991/2991
f 2994/2994/2994 2993/2993/2993 2986/2986/2986
f 2991/2991/2991 2995/2995/2995 2992/2992/2992
f 2995/2995/2995 2996/2996/2996 2992/2992/2992
f 2996/2996/2996 2995/2995/2995 2997/2997/2997
f 2997/2997/2997 2995/2995/2995 2998/2998/2998
f 2998/2998/2998 2999/2999/2999 2997/2997/2997
f 2991/2991/2991 3000/3000/3000 2995/2995/2995
f 2993/2993/2993 3000/3000/3000 2991/2991/2991
f 2998/2998/2998 2995/2995/2995 3001/3001/3001
f 2998/2998/2998 3001/3001/3001 3002/3002/3002
f 3002/3002/3002 3003/3003/3003 2998/2998/2998
f 3003/3003/3003 3004/3004/3004 2998/2998/2998
f 2993/2993/2993 3005/3005/3005 3000/3000/3000
f 2994/2994/2994 3006/3006/3006 2993/2993/2993
f 3006/3006/3006 3005/3005/3005 2993/2993/2993
f 3007/3007/3007 3006/3006/3006 2994/2994/2994
f 3006/3006/3006 3008/3008/3008 3005/3005/3005
f 3007/3007/3007 3009/3009/3009 3006/3006/3006
f 3009/3009/3009 3008/3008/3008 3006/3006/3006
f 3010/3010/3010 3009/3009/3009 3007/3007/3007
f 3011/3011/3011 3008/3008/3008 3009/3009/3009
f 3010/3010/3010 3011/3011/3011 3009/3009/3009
f 3011/3011/3011 3004/3004/3004 3008/3008/3008
f 3012/3012/3012 3011/3011/3011 3010/3010/3010
f 3012/3012/3012 3013/3013/3013 3011/3011/3011
f 3013/3013/3013 3004/3004/3004 3011/3011/3011
f 3014/3014/3014 3013/3013/3013 3012/3012/3012
f 2998/2998/2998 3004/3004/3004 3015/3015/3015
f 2998/2998/2998 3015/3015/3015 3016/3016/3016
f 3014/3014/3014 3017/3017/3017 3013/3013/3013
f 3013/3013/3013 3018/3018/3018 3004/3004/3004
f 3017/3017/3017 3018/3018/3018 3013/3013/3013
f 3014/3014/3014 3019/3019/3019 3017/3017/3017
f 3020/3020/3020 3019/3019/3019 3014/3014/3014
f 3017/3017/3017 3021/3021/3021 3018/3018/3018
f 3017/3017/3017 3019/3019/3019 3021/3021/3021
f 3022/3022/3022 3004/3004/3004 3018/3018/3018
f 3022/3022/3022 3018/3018/3018 3021/3021/3021
f 3015/3015/3015 3004/3004/3004 3023/3023/3023
f 3023/3023/3023 3004/3004/3004 3022/3022/3022
f 3015/3015/3015 3023/3023/3023 3024/3024/3024
f 3023/3023/3023 3022/3022/3022 3024/3024/3024
f 3021/3021/3021 3025/3025/3025 3022/3022/3022
f 3019/3019/3019 3025/3025/3025 3021/3021/3021
f 3020/3020/3020 3026/3026/3026 3019/3019/3019
f 3027/3027/3027 3026/3026/3026 3020/3020/3020
f 3027/3027/3027 3028/3028/3028 3026/3026/3026
f 3028/3028/3028 3029/3029/3029 3026/3026/3026
f 3026/3026/3026 3029/3029/3029 3019/3019/3019
f 3025/3025/3025 3019/3019/3019 3029/3029/3029
f 3025/3025/3025 3030/3030/3030 3022/3022/3022
f 3022/3022/3022 3030/3030/3030 3024/3024/3024
f 3025/3025/3025 3029/3029/3029 3030/3030/3030
f 3031/3031/3031 3015/3015/3015 3024/3024/3024
f 3032/3032/3032 3031/3031/3031 3024/3024/3024
f 3015/3015/3015 3031/3031/3031 3016/3016/3016
f 3033/3033/3033 3031/3031/3031 3032/3032/3032
f 3034/3034/3034 3033/3033/3033 3032/3032/3032
f 3034/3034/3034 3032/3032/3032 3035/3035/3035
f 3031/3031/3031 3036/3036/3036 3016/3016/3016
f 3032/3032/3032 3037/3037/3037 3035/3035/3035
f 3037/3037/3037 3038/3038/3038 3035/3035/3035
f 3036/3036/3036 3039/3039/3039 3016/3016/3016
f 3036/3036/3036 3040/3040/3040 3039/3039/3039
f 3039/3039/3039 3041/3041/3041 3016/3016/3016
f 3037/3037/3037 3032/3032/3032 3042/3042/3042
f 3038/3038/3038 3037/3037/3037 3042/3042/3042
f 3016/3016/3016 3041/3041/3041 3043/3043/3043
f 3041/3041/3041 3044/3044/3044 3043/3043/3043
f 3016/3016/3016 3043/3043/3043 3045/3045/3045
f 3046/3046/3046 3016/3016/3016 3045/3045/3045
f 3045/3045/3045 3047/3047/3047 3046/3046/3046
f 3042/3042/3042 3032/3032/3032 3048/3048/3048
f 3032/3032/3032 3024/3024/3024 3048/3048/3048
f 3043/3043/3043 3044/3044/3044 3049/3049/3049
f 3043/3043/3043 3049/3049/3049 3050/3050/3050
f 3043/3043/3043 3050/3050/3050 3051/3051/3051
f 3049/3049/3049 3044/3044/3044 3052/3052/3052
f 3052/3052/3052 3044/3044/3044 3053/3053/3053
f 3054/3054/3054 3049/3049/3049 3052/3052/3052
f 3049/3049/3049 3054/3054/3054 3050/3050/3050
f 3055/3055/3055 3052/3052/3052 3053/3053/3053
f 3052/3052/3052 3055/3055/3055 3054/3054/3054
f 3055/3055/3055 3053/3053/3053 3056/3056/3056
f 3057/3057/3057 3055/3055/3055 3056/3056/3056
f 3055/3055/3055 3057/3057/3057 3054/3054/3054
f 3057/3057/3057 3056/3056/3056 3058/3058/3058
f 3054/3054/3054 3059/3059/3059 3050/3050/3050
f 3054/3054/3054 3057/3057/3057 3059/3059/3059
f 3050/3050/3050 3059/3059/3059 705/705/705
f 3051/3051/3051 3050/3050/3050 705/705/705
f 3060/3060/3060 3051/3051/3051 705/705/705
f 3061/3061/3061 3060/3060/3060 705/705/705
f 3062/3062/3062 3057/3057/3057 3058/3058/3058
f 3057/3057/3057 3062/3062/3062 3059/3059/3059
f 3062/3062/3062 3058/3058/3058 3063/3063/3063
f 3064/3064/3064 3062/3062/3062 3063/3063/3063
f 3062/3062/3062 3064/3064/3064 3059/3059/3059
f 3064/3064/3064 3063/3063/3063 3065/3065/3065
f 3066/3066/3066 3064/3064/3064 3065/3065/3065
f 3064/3064/3064 3066/3066/3066 3059/3059/3059
f 3065/3065/3065 3067/3067/3067 3066/3066/3066
f 3059/3059/3059 3066/3066/3066 3068/3068/3068
f 3067/3067/3067 3069/3069/3069 3066/3066/3066
f 3059/3059/3059 3068/3068/3068 3070/3070/3070
f 3059/3059/3059 3071/3071/3071 705/705/705
f 3059/3059/3059 3070/3070/3070 3071/3071/3071
f 3071/3071/3071 710/710/710 705/705/705
f 3071/3071/3071 3070/3070/3070 710/710/710
f 710/710/710 3070/3070/3070 3072/3072/3072
f 710/710/710 3072/3072/3072 674/674/674
f 3072/3072/3072 3073/3073/3073 674/674/674
f 3073/3073/3073 3074/3074/3074 674/674/674
f 3069/3069/3069 3067/3067/3067 3075/3075/3075
f 3076/3076/3076 3069/3069/3069 3075/3075/3075
f 3076/3076/3076 3075/3075/3075 3077/3077/3077
f 3075/3075/3075 3078/3078/3078 3077/3077/3077
f 3075/3075/3075 3067/3067/3067 3078/3078/3078
f 3078/3078/3078 3079/3079/3079 3077/3077/3077
f 3078/3078/3078 3067/3067/3067 3080/3080/3080
f 3077/3077/3077 3079/3079/3079 3081/3081/3081
f 3079/3079/3079 3082/3082/3082 3081/3081/3081
f 3081/3081/3081 3082/3082/3082 3074/3074/3074
f 3067/3067/3067 3083/3083/3083 3080/3080/3080
f 3082/3082/3082 635/635/635 3074/3074/3074
f 3084/3084/3084 3083/3083/3083 3067/3067/3067
f 674/674/674 3074/3074/3074 3085/3085/3085
f 3074/3074/3074 635/635/635 3085/3085/3085
f 674/674/674 3085/3085/3085 677/677/677
f 635/635/635 3086/3086/3086 3085/3085/3085
f 677/677/677 3085/3085/3085 3086/3086/3086
f 3086/3086/3086 635/635/635 632/632/632
f 669/669/669 3086/3086/3086 632/632/632
f 3087/3087/3087 677/677/677 3086/3086/3086
f 3087/3087/3087 3086/3086/3086 669/669/669
f 677/677/677 3087/3087/3087 676/676/676
f 676/676/676 3087/3087/3087 669/669/669
f 3088/3088/3088 3083/3083/3083 3084/3084/3084
f 3084/3084/3084 3089/3089/3089 3088/3088/3088
f 3090/3090/3090 3089/3089/3089 3084/3084/3084
f 3091/3091/3091 3083/3083/3083 3088/3088/3088
f 3091/3091/3091 3088/3088/3088 3089/3089/3089
f 3092/3092/3092 3083/3083/3083 3091/3091/3091
f 3092/3092/3092 3091/3091/3091 3089/3089/3089
f 3093/3093/3093 3083/3083/3083 3092/3092/3092
f 3093/3093/3093 3092/3092/3092 3089/3089/3089
f 3094/3094/3094 3093/3093/3093 3089/3089/3089
f 3097/3097/3097 3096/3096/3096 3095/3095/3095
f 3096/3096/3096 3098/3098/3098 3095/3095/3095
f 3095/3095/3095 3098/3098/3098 3099/3099/3099
f 3095/3095/3095 3099/3099/3099 3100/3100/3100
f 3101/3101/3101 3095/3095/3095 3100/3100/3100
f 3102/3102/3102 3095/3095/3095 3101/3101/3101
f 3100/3100/3100 3099/3099/3099 3103/3103/3103
f 3099/3099/3099 3104/3104/3104 3103/3103/3103
f 3104/3104/3104 3105/3105/3105 3103/3103/3103
f 3103/3103/3103 3105/3105/3105 3106/3106/3106
f 3105/3105/3105 3107/3107/3107 3106/3106/3106
f 3108/3108/3108 3102/3102/3102 3101/3101/3101
f 3109/3109/3109 3102/3102/3102 3108/3108/3108
f 3110/3110/3110 3109/3109/3109 3108/3108/3108
f 3111/3111/3111 3110/3110/3110 3108/3108/3108
f 3112/3112/3112 3110/3110/3110 3111/3111/3111
f 3113/3113/3113 3112/3112/3112 3111/3111/3111
f 3114/3114/3114 3112/3112/3112 3113/3113/3113
f 3115/3115/3115 3114/3114/3114 3113/3113/3113
f 3106/3106/3106 3107/3107/3107 3116/3116/3116
f 3107/3107/3107 3117/3117/3117 3116/3116/3116
f 3118/3118/3118 3114/3114/3114 3115/3115/3115
f 3119/3119/3119 3116/3116/3116 3117/3117/3117
f 3120/3120/3120 3116/3116/3116 3119/3119/3119
f 3121/3121/3121 3120/3120/3120 3119/3119/3119
f 3122/3122/3122 3121/3121/3121 3119/3119/3119
f 3123/3123/3123 3121/3121/3121 3122/3122/3122
f 3121/3121/3121 3123/3123/3123 3124/3124/3124
f 3123/3123/3123 3125/3125/3125 3124/3124/3124
f 3124/3124/3124 3125/3125/3125 3126/3126/3126
f 3125/3125/3125 3127/3127/3127 3126/3126/3126
f 3126/3126/3126 3127/3127/3127 3128/3128/3128
f 3127/3127/3127 3129/3129/3129 3128/3128/3128
f 3129/3129/3129 2783/2783/2783 3128/3128/3128
f 3128/3128/3128 2783/2783/2783 3130/3130/3130
f 2783/2783/2783 3131/3131/3131 3130/3130/3130
f 2762/2762/2762 3131/3131/3131 2783/2783/2783
f 3130/3130/3130 3131/3131/3131 3132/3132/3132
f 3131/3131/3131 2762/2762/2762 2773/2773/2773
f 3131/3131/3131 2773/2773/2773 3132/3132/3132
f 3132/3132/3132 2773/2773/2773 3133/3133/3133
f 2773/2773/2773 3134/3134/3134 3133/3133/3133
f 3134/3134/3134 3135/3135/3135 3133/3133/3133
f 3133/3133/3133 3135/3135/3135 3136/3136/3136
f 3135/3135/3135 3137/3137/3137 3136/3136/3136
f 3137/3137/3137 3118/3118/3118 3136/3136/3136
f 3136/3136/3136 3118/3118/3118 3115/3115/3115
f 3137/3137/3137 3138/3138/3138 3118/3118/3118
f 3141/3141/3141 3140/3140/3140 3139/3139/3139
f 3141/3141/3141 3142/3142/3142 3140/3140/3140
f 3145/3145/3145 3144/3144/3144 3143/3143/3143
f 3146/3146/3146 3145/3145/3145 3143/3143/3143
f 3146/3146/3146 3143/3143/3143 2811/2811/2811
f 3143/3143/3143 3147/3147/3147 2811/2811/2811
f 2813/2813/2813 3146/3146/3146 2811/2811/2811
f 3148/3148/3148 3146/3146/3146 2813/2813/2813
f 3149/3149/3149 3148/3148/3148 2813/2813/2813
f 3148/3148/3148 3149/3149/3149 3150/3150/3150
f 3150/3150/3150 3149/3149/3149 3151/3151/3151
f 3146/3146/3146 3148/3148/3148 3152/3152/3152
f 3146/3146/3146 3152/3152/3152 3153/3153/3153
f 3153/3153/3153 3152/3152/3152 3154/3154/3154
f 3154/3154/3154 3152/3152/3152 3155/3155/3155
f 3154/3154/3154 3155/3155/3155 3156/3156/3156
f 3152/3152/3152 3148/3148/3148 3157/3157/3157
f 3157/3157/3157 3148/3148/3148 2816/2816/2816
f 3157/3157/3157 2816/2816/2816 3158/3158/3158
f 3152/3152/3152 3157/3157/3157 3159/3159/3159
f 3159/3159/3159 3157/3157/3157 3158/3158/3158
f 3158/3158/3158 2816/2816/2816 3160/3160/3160
f 2816/2816/2816 3161/3161/3161 3160/3160/3160
f 2816/2816/2816 3162/3162/3162 3161/3161/3161
f 2816/2816/2816 2830/2830/2830 3162/3162/3162
f 3161/3161/3161 3162/3162/3162 3163/3163/3163
f 3164/3164/3164 3162/3162/3162 2830/2830/2830
f 3162/3162/3162 3164/3164/3164 3163/3163/3163
f 3160/3160/3160 3161/3161/3161 3165/3165/3165
f 3161/3161/3161 3163/3163/3163 3165/3165/3165
f 3166/3166/3166 3164/3164/3164 2830/2830/2830
f 2830/2830/2830 3167/3167/3167 3166/3166/3166
f 3167/3167/3167 3168/3168/3168 3166/3166/3166
f 3168/3168/3168 3167/3167/3167 3169/3169/3169
f 3170/3170/3170 3163/3163/3163 3164/3164/3164
f 3170/3170/3170 3164/3164/3164 3171/3171/3171
f 3171/3171/3171 3164/3164/3164 3166/3166/3166
f 3172/3172/3172 3163/3163/3163 3170/3170/3170
f 3172/3172/3172 3165/3165/3165 3163/3163/3163
f 3171/3171/3171 3166/3166/3166 3173/3173/3173
f 3166/3166/3166 3168/3168/3168 3173/3173/3173
f 3174/3174/3174 3165/3165/3165 3172/3172/3172
f 3175/3175/3175 3173/3173/3173 3168/3168/3168
f 3174/3174/3174 3176/3176/3176 3165/3165/3165
f 3165/3165/3165 3176/3176/3176 3160/3160/3160
f 3177/3177/3177 3176/3176/3176 3174/3174/3174
f 3168/3168/3168 3178/3178/3178 3175/3175/3175
f 3175/3175/3175 3178/3178/3178 3179/3179/3179
f 3168/3168/3168 3169/3169/3169 3178/3178/3178
f 3180/3180/3180 3179/3179/3179 3178/3178/3178
f 3178/3178/3178 3169/3169/3169 3181/3181/3181
f 3181/3181/3181 3180/3180/3180 3178/3178/3178
f 3181/3181/3181 3182/3182/3182 3180/3180/3180
f 3169/3169/3169 3183/3183/3183 3181/3181/3181
f 3184/3184/3184 3182/3182/3182 3181/3181/3181
f 3181/3181/3181 3183/3183/3183 3184/3184/3184
f 3182/3182/3182 3184/3184/3184 3185/3185/3185
f 3186/3186/3186 3184/3184/3184 3183/3183/3183
f 3185/3185/3185 3184/3184/3184 3186/3186/3186
f 3187/3187/3187 3186/3186/3186 3183/3183/3183
f 3185/3185/3185 3186/3186/3186 3188/3188/3188
f 3189/3189/3189 3186/3186/3186 3187/3187/3187
f 3188/3188/3188 3186/3186/3186 3189/3189/3189
f 3188/3188/3188 3189/3189/3189 3190/3190/3190
f 3191/3191/3191 3189/3189/3189 3187/3187/3187
f 3190/3190/3190 3189/3189/3189 3192/3192/3192
f 3192/3192/3192 3189/3189/3189 3191/3191/3191
f 3190/3190/3190 3192/3192/3192 3193/3193/3193
f 3193/3193/3193 3192/3192/3192 3194/3194/3194
f 3193/3193/3193 3194/3194/3194 3195/3195/3195
f 3196/3196/3196 3192/3192/3192 3191/3191/3191
f 3194/3194/3194 3192/3192/3192 3196/3196/3196
f 3195/3195/3195 3194/3194/3194 3197/3197/3197
f 3195/3195/3195 3197/3197/3197 3198/3198/3198
f 3199/3199/3199 3194/3194/3194 3196/3196/3196
f 3197/3197/3197 3194/3194/3194 3199/3199/3199
f 3196/3196/3196 3191/3191/3191 3200/3200/3200
f 3199/3199/3199 3196/3196/3196 3200/3200/3200
f 3198/3198/3198 3197/3197/3197 3201/3201/3201
f 3198/3198/3198 3201/3201/3201 3202/3202/3202
f 3203/3203/3203 3197/3197/3197 3199/3199/3199
f 3203/3203/3203 3199/3199/3199 3200/3200/3200
f 3201/3201/3201 3197/3197/3197 3203/3203/3203
f 3191/3191/3191 3204/3204/3204 3200/3200/3200
f 3191/3191/3191 3205/3205/3205 3204/3204/3204
f 3205/3205/3205 3206/3206/3206 3204/3204/3204
f 3200/3200/3200 3204/3204/3204 3207/3207/3207
f 3207/3207/3207 3204/3204/3204 3208/3208/3208
f 3208/3208/3208 3204/3204/3204 3209/3209/3209
f 3203/3203/3203 3200/3200/3200 3210/3210/3210
f 3209/3209/3209 3204/3204/3204 3211/3211/3211
f 3202/3202/3202 3201/3201/3201 3212/3212/3212
f 3202/3202/3202 3212/3212/3212 3213/3213/3213
f 3214/3214/3214 3201/3201/3201 3203/3203/3203
f 3214/3214/3214 3203/3203/3203 3210/3210/3210
f 3214/3214/3214 3215/3215/3215 3201/3201/3201
f 3212/3212/3212 3201/3201/3201 3215/3215/3215
f 3215/3215/3215 3214/3214/3214 3210/3210/3210
f 3212/3212/3212 3216/3216/3216 3213/3213/3213
f 3216/3216/3216 3212/3212/3212 3215/3215/3215
f 3217/3217/3217 3215/3215/3215 3210/3210/3210
f 3215/3215/3215 3217/3217/3217 3216/3216/3216
f 3217/3217/3217 3210/3210/3210 3218/3218/3218
f 3217/3217/3217 3218/3218/3218 3219/3219/3219
f 3217/3217/3217 3219/3219/3219 3220/3220/3220
f 3217/3217/3217 3220/3220/3220 3221/3221/3221
f 3220/3220/3220 3222/3222/3222 3221/3221/3221
f 3222/3222/3222 3223/3223/3223 3221/3221/3221
f 3223/3223/3223 3224/3224/3224 3221/3221/3221
f 3224/3224/3224 3225/3225/3225 3221/3221/3221
f 3221/3221/3221 3225/3225/3225 3226/3226/3226
f 3221/3221/3221 3226/3226/3226 3227/3227/3227
f 3221/3221/3221 3227/3227/3227 3228/3228/3228
f 3229/3229/3229 3217/3217/3217 3221/3221/3221
f 3227/3227/3227 3230/3230/3230 3228/3228/3228
f 3217/3217/3217 3229/3229/3229 1050/1050/1050
f 3230/3230/3230 3231/3231/3231 3228/3228/3228
f 3217/3217/3217 1050/1050/1050 1047/1047/1047
f 3231/3231/3231 3232/3232/3232 3228/3228/3228
f 3228/3228/3228 3232/3232/3232 3233/3233/3233
f 3231/3231/3231 3234/3234/3234 3232/3232/3232
f 3234/3234/3234 3235/3235/3235 3232/3232/3232
f 3235/3235/3235 3236/3236/3236 3232/3232/3232
f 3236/3236/3236 3237/3237/3237 3232/3232/3232
f 3237/3237/3237 3238/3238/3238 3232/3232/3232
f 3238/3238/3238 3211/3211/3211 3232/3232/3232
f 3232/3232/3232 3239/3239/3239 3233/3233/3233
f 3232/3232/3232 3240/3240/3240 3239/3239/3239
f 3211/3211/3211 3204/3204/3204 3232/3232/3232
f 3204/3204/3204 3240/3240/3240 3232/3232/3232
f 3241/3241/3241 3217/3217/3217 1047/1047/1047
f 3241/3241/3241 1047/1047/1047 1028/1028/1028
f 1028/1028/1028 1047/1047/1047 1096/1096/1096
f 3241/3241/3241 3242/3242/3242 3217/3217/3217
f 3242/3242/3242 3216/3216/3216 3217/3217/3217
f 3213/3213/3213 3216/3216/3216 3242/3242/3242
f 3213/3213/3213 3242/3242/3242 1013/1013/1013
f 3241/3241/3241 1013/1013/1013 3242/3242/3242
f 1013/1013/1013 3241/3241/3241 1028/1028/1028
f 1028/1028/1028 1096/1096/1096 3243/3243/3243
f 3243/3243/3243 3244/3244/3244 1028/1028/1028
f 1028/1028/1028 3244/3244/3244 1029/1029/1029
f 3243/3243/3243 1096/1096/1096 3245/3245/3245
f 3245/3245/3245 1096/1096/1096 1103/1103/1103
f 3243/3243/3243 3246/3246/3246 3244/3244/3244
f 3245/3245/3245 3246/3246/3246 3243/3243/3243
f 3245/3245/3245 3247/3247/3247 3246/3246/3246
f 3245/3245/3245 3248/3248/3248 3247/3247/3247
f 3245/3245/3245 1103/1103/1103 3248/3248/3248
f 3248/3248/3248 3249/3249/3249 3247/3247/3247
f 3249/3249/3249 3248/3248/3248 3177/3177/3177
f 3248/3248/3248 3176/3176/3176 3177/3177/3177
f 1103/1103/1103 3250/3250/3250 3248/3248/3248
f 3176/3176/3176 3248/3248/3248 3250/3250/3250
f 3250/3250/3250 1103/1103/1103 1094/1094/1094
f 3251/3251/3251 3176/3176/3176 3250/3250/3250
f 3251/3251/3251 3250/3250/3250 1094/1094/1094
f 3176/3176/3176 3251/3251/3251 3160/3160/3160
f 3158/3158/3158 3160/3160/3160 3251/3251/3251
f 3158/3158/3158 3251/3251/3251 1094/1094/1094
f 3252/3252/3252 3158/3158/3158 1094/1094/1094
f 3252/3252/3252 1094/1094/1094 1093/1093/1093
f 1093/1093/1093 1092/1092/1092 3252/3252/3252
f 3253/3253/3253 3158/3158/3158 3252/3252/3252
f 3253/3253/3253 3159/3159/3159 3158/3158/3158
f 3252/3252/3252 1092/1092/1092 3254/3254/3254
f 3254/3254/3254 3253/3253/3253 3252/3252/3252
f 1092/1092/1092 3255/3255/3255 3254/3254/3254
f 3255/3255/3255 1092/1092/1092 1106/1106/1106
f 3255/3255/3255 3256/3256/3256 3254/3254/3254
f 3253/3253/3253 3254/3254/3254 3257/3257/3257
f 3256/3256/3256 3255/3255/3255 3258/3258/3258
f 3255/3255/3255 3259/3259/3259 3258/3258/3258
f 3260/3260/3260 3255/3255/3255 1106/1106/1106
f 3259/3259/3259 3255/3255/3255 3260/3260/3260
f 1106/1106/1106 1105/1105/1105 3260/3260/3260
f 3261/3261/3261 3253/3253/3253 3257/3257/3257
f 3253/3253/3253 3261/3261/3261 3159/3159/3159
f 3261/3261/3261 3257/3257/3257 3258/3258/3258
f 3259/3259/3259 3262/3262/3262 3258/3258/3258
f 3258/3258/3258 3262/3262/3262 3261/3261/3261
f 3261/3261/3261 3263/3263/3263 3159/3159/3159
f 3159/3159/3159 3263/3263/3263 3264/3264/3264
f 3262/3262/3262 3265/3265/3265 3261/3261/3261
f 3261/3261/3261 3265/3265/3265 3263/3263/3263
f 3262/3262/3262 3259/3259/3259 3266/3266/3266
f 3265/3265/3265 3262/3262/3262 3266/3266/3266
f 3265/3265/3265 3267/3267/3267 3263/3263/3263
f 3268/3268/3268 3263/3263/3263 3267/3267/3267
f 3267/3267/3267 2757/2757/2757 3268/3268/3268
f 2757/2757/2757 3267/3267/3267 3269/3269/3269
f 3267/3267/3267 3265/3265/3265 3269/3269/3269
f 2756/2756/2756 2757/2757/2757 3269/3269/3269
f 3265/3265/3265 3266/3266/3266 3270/3270/3270
f 3270/3270/3270 3269/3269/3269 3265/3265/3265
f 3266/3266/3266 3259/3259/3259 3271/3271/3271
f 3266/3266/3266 3271/3271/3271 3270/3270/3270
f 3270/3270/3270 3271/3271/3271 3272/3272/3272
f 3270/3270/3270 3272/3272/3272 3273/3273/3273
f 3270/3270/3270 3273/3273/3273 3269/3269/3269
f 3274/3274/3274 3273/3273/3273 3272/3272/3272
f 3275/3275/3275 2756/2756/2756 3269/3269/3269
f 3273/3273/3273 3275/3275/3275 3269/3269/3269
f 3274/3274/3274 3276/3276/3276 3273/3273/3273
f 3277/3277/3277 3276/3276/3276 3274/3274/3274
f 3275/3275/3275 3278/3278/3278 2756/2756/2756
f 3278/3278/3278 2737/2737/2737 2756/2756/2756
f 3279/3279/3279 3275/3275/3275 3273/3273/3273
f 3276/3276/3276 3279/3279/3279 3273/3273/3273
f 3279/3279/3279 3280/3280/3280 3275/3275/3275
f 3280/3280/3280 3278/3278/3278 3275/3275/3275
f 2737/2737/2737 3278/3278/3278 3281/3281/3281
f 2747/2747/2747 2737/2737/2737 3281/3281/3281
f 3278/3278/3278 3282/3282/3282 3281/3281/3281
f 3278/3278/3278 3280/3280/3280 3282/3282/3282
f 3279/3279/3279 3276/3276/3276 3283/3283/3283
f 3280/3280/3280 3279/3279/3279 3283/3283/3283
f 3284/3284/3284 3283/3283/3283 3276/3276/3276
f 3280/3280/3280 3283/3283/3283 3284/3284/3284
f 3285/3285/3285 3284/3284/3284 3276/3276/3276
f 3286/3286/3286 3276/3276/3276 3277/3277/3277
f 3285/3285/3285 3287/3287/3287 3284/3284/3284
f 3280/3280/3280 3284/3284/3284 3288/3288/3288
f 3284/3284/3284 3287/3287/3287 3288/3288/3288
f 3280/3280/3280 3288/3288/3288 3282/3282/3282
f 3288/3288/3288 3287/3287/3287 3282/3282/3282
f 3289/3289/3289 3282/3282/3282 3287/3287/3287
f 3281/3281/3281 3282/3282/3282 3289/3289/3289
f 2747/2747/2747 3281/3281/3281 3289/3289/3289
f 3289/3289/3289 3290/3290/3290 2747/2747/2747
f 3291/3291/3291 3286/3286/3286 3277/3277/3277
f 3292/3292/3292 3286/3286/3286 3291/3291/3291
f 3290/3290/3290 3293/3293/3293 2747/2747/2747
f 3293/3293/3293 3294/3294/3294 2747/2747/2747
f 3293/3293/3293 3295/3295/3295 3294/3294/3294
f 3296/3296/3296 3292/3292/3292 3291/3291/3291
f 3297/3297/3297 3292/3292/3292 3296/3296/3296
f 3290/3290/3290 3297/3297/3297 3298/3298/3298
f 3298/3298/3298 3297/3297/3297 3296/3296/3296
f 3299/3299/3299 3296/3296/3296 3291/3291/3291
f 3296/3296/3296 3299/3299/3299 3298/3298/3298
f 3300/3300/3300 3290/3290/3290 3298/3298/3298
f 3293/3293/3293 3290/3290/3290 3300/3300/3300
f 3293/3293/3293 3301/3301/3301 3295/3295/3295
f 3301/3301/3301 3302/3302/3302 3295/3295/3295
f 3303/3303/3303 3291/3291/3291 3277/3277/3277
f 3303/3303/3303 3299/3299/3299 3291/3291/3291
f 3299/3299/3299 2258/2258/2258 3298/3298/3298
f 2258/2258/2258 3300/3300/3300 3298/3298/3298
f 2258/2258/2258 3299/3299/3299 2257/2257/2257
f 3299/3299/3299 3303/3303/3303 2257/2257/2257
f 2254/2254/2254 3300/3300/3300 2258/2258/2258
f 3304/3304/3304 3293/3293/3293 3300/3300/3300
f 2254/2254/2254 3304/3304/3304 3300/3300/3300
f 3301/3301/3301 3293/3293/3293 3304/3304/3304
f 3305/3305/3305 3304/3304/3304 2254/2254/2254
f 3303/3303/3303 3306/3306/3306 2257/2257/2257
f 3306/3306/3306 3303/3303/3303 3277/3277/3277
f 3306/3306/3306 2266/2266/2266 2257/2257/2257
f 3306/3306/3306 3277/3277/3277 2266/2266/2266
f 2266/2266/2266 3277/3277/3277 3307/3307/3307
f 2266/2266/2266 3307/3307/3307 3308/3308/3308
f 3308/3308/3308 3309/3309/3309 2266/2266/2266
f 2266/2266/2266 3309/3309/3309 2272/2272/2272
f 3309/3309/3309 3259/3259/3259 2272/2272/2272
f 2272/2272/2272 3259/3259/3259 3310/3310/3310
f 3310/3310/3310 3259/3259/3259 3260/3260/3260
f 2272/2272/2272 3310/3310/3310 2271/2271/2271
f 3310/3310/3310 3260/3260/3260 2271/2271/2271
f 2271/2271/2271 3260/3260/3260 1105/1105/1105
f 3305/3305/3305 3311/3311/3311 3304/3304/3304
f 3311/3311/3311 3301/3301/3301 3304/3304/3304
f 3311/3311/3311 3305/3305/3305 3312/3312/3312
f 3312/3312/3312 3305/3305/3305 2246/2246/2246
f 3312/3312/3312 2246/2246/2246 2255/2255/2255
f 3301/3301/3301 3311/3311/3311 3313/3313/3313
f 3311/3311/3311 3312/3312/3312 3313/3313/3313
f 3313/3313/3313 3302/3302/3302 3301/3301/3301
f 3313/3313/3313 3314/3314/3314 3302/3302/3302
f 3315/3315/3315 3314/3314/3314 3313/3313/3313
f 3313/3313/3313 3312/3312/3312 3315/3315/3315
f 3315/3315/3315 3316/3316/3316 3314/3314/3314
f 3317/3317/3317 3316/3316/3316 3315/3315/3315
f 3317/3317/3317 3318/3318/3318 3316/3316/3316
f 3315/3315/3315 3319/3319/3319 3317/3317/3317
f 3312/3312/3312 3319/3319/3319 3315/3315/3315
f 3312/3312/3312 2255/2255/2255 3319/3319/3319
f 2255/2255/2255 3320/3320/3320 3319/3319/3319
f 2255/2255/2255 2237/2237/2237 3320/3320/3320
f 3319/3319/3319 3320/3320/3320 3321/3321/3321
f 3321/3321/3321 3317/3317/3317 3319/3319/3319
f 3320/3320/3320 2237/2237/2237 3322/3322/3322
f 3320/3320/3320 3322/3322/3322 3321/3321/3321
f 2237/2237/2237 2240/2240/2240 3322/3322/3322
f 3322/3322/3322 2240/2240/2240 3323/3323/3323
f 3323/3323/3323 2240/2240/2240 2239/2239/2239
f 3323/3323/3323 2239/2239/2239 3324/3324/3324
f 3325/3325/3325 3321/3321/3321 3322/3322/3322
f 3323/3323/3323 3325/3325/3325 3322/3322/3322
f 3321/3321/3321 3325/3325/3325 3326/3326/3326
f 3321/3321/3321 3326/3326/3326 3317/3317/3317
f 3323/3323/3323 3327/3327/3327 3325/3325/3325
f 3326/3326/3326 3325/3325/3325 3327/3327/3327
f 3324/3324/3324 3327/3327/3327 3323/3323/3323
f 3324/3324/3324 2239/2239/2239 3328/3328/3328
f 3328/3328/3328 2239/2239/2239 2215/2215/2215
f 3329/3329/3329 3328/3328/3328 2215/2215/2215
f 2215/2215/2215 2211/2211/2211 3329/3329/3329
f 3317/3317/3317 3326/3326/3326 3330/3330/3330
f 3327/3327/3327 3330/3330/3330 3326/3326/3326
f 3331/3331/3331 3330/3330/3330 3327/3327/3327
f 3324/3324/3324 3328/3328/3328 3332/3332/3332
f 3328/3328/3328 3329/3329/3329 3332/3332/3332
f 2211/2211/2211 3333/3333/3333 3329/3329/3329
f 2211/2211/2211 2212/2212/2212 3333/3333/3333
f 3334/3334/3334 3329/3329/3329 3333/3333/3333
f 3332/3332/3332 3329/3329/3329 3334/3334/3334
f 3317/3317/3317 3330/3330/3330 3335/3335/3335
f 3335/3335/3335 3330/3330/3330 3331/3331/3331
f 3336/3336/3336 3331/3331/3331 3327/3327/3327
f 3336/3336/3336 3327/3327/3327 3324/3324/3324
f 3333/3333/3333 2212/2212/2212 3337/3337/3337
f 3337/3337/3337 3334/3334/3334 3333/3333/3333
f 3338/3338/3338 3324/3324/3324 3332/3332/3332
f 3339/3339/3339 3336/3336/3336 3324/3324/3324
f 3339/3339/3339 3324/3324/3324 3338/3338/3338
f 3340/3340/3340 3332/3332/3332 3334/3334/3334
f 3340/3340/3340 3338/3338/3338 3332/3332/3332
f 3341/3341/3341 3340/3340/3340 3334/3334/3334
f 3341/3341/3341 3338/3338/3338 3340/3340/3340
f 3342/3342/3342 3334/3334/3334 3337/3337/3337
f 3342/3342/3342 3341/3341/3341 3334/3334/3334
f 3343/3343/3343 3338/3338/3338 3341/3341/3341
f 3343/3343/3343 3339/3339/3339 3338/3338/3338
f 3344/3344/3344 3343/3343/3343 3341/3341/3341
f 3339/3339/3339 3343/3343/3343 3344/3344/3344
f 3344/3344/3344 3341/3341/3341 3342/3342/3342
f 3345/3345/3345 3339/3339/3339 3344/3344/3344
f 3336/3336/3336 3339/3339/3339 3345/3345/3345
f 3346/3346/3346 3344/3344/3344 3342/3342/3342
f 3345/3345/3345 3344/3344/3344 3346/3346/3346
f 3347/3347/3347 3346/3346/3346 3342/3342/3342
f 3347/3347/3347 3345/3345/3345 3346/3346/3346
f 3347/3347/3347 3342/3342/3342 3337/3337/3337
f 3348/3348/3348 3336/3336/3336 3345/3345/3345
f 3347/3347/3347 3348/3348/3348 3345/3345/3345
f 2624/2624/2624 3347/3347/3347 3337/3337/3337
f 3347/3347/3347 2624/2624/2624 3348/3348/3348
f 2625/2625/2625 2624/2624/2624 3337/3337/3337
f 3337/3337/3337 2212/2212/2212 2625/2625/2625
f 2212/2212/2212 3349/3349/3349 2625/2625/2625
f 3349/3349/3349 2632/2632/2632 2625/2625/2625
f 3349/3349/3349 2695/2695/2695 2632/2632/2632
f 3349/3349/3349 2212/2212/2212 3350/3350/3350
f 3349/3349/3349 3350/3350/3350 2695/2695/2695
f 2691/2691/2691 3350/3350/3350 2212/2212/2212
f 3350/3350/3350 2694/2694/2694 2695/2695/2695
f 2691/2691/2691 2694/2694/2694 3350/3350/3350
f 3351/3351/3351 3336/3336/3336 3348/3348/3348
f 3351/3351/3351 3331/3331/3331 3336/3336/3336
f 2624/2624/2624 3352/3352/3352 3348/3348/3348
f 3352/3352/3352 2624/2624/2624 2609/2609/2609
f 3351/3351/3351 3348/3348/3348 3353/3353/3353
f 3352/3352/3352 3353/3353/3353 3348/3348/3348
f 3353/3353/3353 3331/3331/3331 3351/3351/3351
f 3354/3354/3354 3352/3352/3352 2609/2609/2609
f 3353/3353/3353 3352/3352/3352 3354/3354/3354
f 3354/3354/3354 2609/2609/2609 3355/3355/3355
f 3355/3355/3355 3356/3356/3356 3354/3354/3354
f 3355/3355/3355 2609/2609/2609 2607/2607/2607
f 3357/3357/3357 3355/3355/3355 2607/2607/2607
f 3355/3355/3355 3357/3357/3357 3356/3356/3356
f 2615/2615/2615 3357/3357/3357 2607/2607/2607
f 3354/3354/3354 3358/3358/3358 3353/3353/3353
f 3356/3356/3356 3358/3358/3358 3354/3354/3354
f 3356/3356/3356 3359/3359/3359 3358/3358/3358
f 3353/3353/3353 3360/3360/3360 3331/3331/3331
f 3358/3358/3358 3360/3360/3360 3353/3353/3353
f 3361/3361/3361 3331/3331/3331 3360/3360/3360
f 3335/3335/3335 3331/3331/3331 3361/3361/3361
f 3360/3360/3360 3358/3358/3358 3362/3362/3362
f 3362/3362/3362 3358/3358/3358 3359/3359/3359
f 3361/3361/3361 3360/3360/3360 3362/3362/3362
f 2615/2615/2615 3363/3363/3363 3357/3357/3357
f 3364/3364/3364 3356/3356/3356 3357/3357/3357
f 3364/3364/3364 3357/3357/3357 3363/3363/3363
f 3365/3365/3365 3363/3363/3363 2615/2615/2615
f 2612/2612/2612 3365/3365/3365 2615/2615/2615
f 2612/2612/2612 3366/3366/3366 3365/3365/3365
f 3366/3366/3366 2612/2612/2612 2603/2603/2603
f 3365/3365/3365 3367/3367/3367 3363/3363/3363
f 3366/3366/3366 3367/3367/3367 3365/3365/3365
f 3366/3366/3366 2603/2603/2603 3368/3368/3368
f 2603/2603/2603 2602/2602/2602 3368/3368/3368
f 3368/3368/3368 3369/3369/3369 3366/3366/3366
f 3367/3367/3367 3366/3366/3366 3369/3369/3369
f 3367/3367/3367 3369/3369/3369 3370/3370/3370
f 3371/3371/3371 3363/3363/3363 3367/3367/3367
f 3363/3363/3363 3371/3371/3371 3364/3364/3364
f 3371/3371/3371 3367/3367/3367 3370/3370/3370
f 3364/3364/3364 3371/3371/3371 3372/3372/3372
f 3364/3364/3364 3372/3372/3372 3356/3356/3356
f 3373/3373/3373 3371/3371/3371 3370/3370/3370
f 3359/3359/3359 3373/3373/3373 3370/3370/3370
f 3372/3372/3372 3374/3374/3374 3356/3356/3356
f 3359/3359/3359 3374/3374/3374 3372/3372/3372
f 3359/3359/3359 3356/3356/3356 3374/3374/3374
f 3375/3375/3375 3359/3359/3359 3370/3370/3370
f 3375/3375/3375 3370/3370/3370 3376/3376/3376
f 3377/3377/3377 3375/3375/3375 3376/3376/3376
f 3359/3359/3359 3375/3375/3375 3378/3378/3378
f 3362/3362/3362 3359/3359/3359 3378/3378/3378
f 3377/3377/3377 3379/3379/3379 3375/3375/3375
f 3378/3378/3378 3375/3375/3375 3379/3379/3379
f 2602/2602/2602 3379/3379/3379 3377/3377/3377
f 2602/2602/2602 2712/2712/2712 3379/3379/3379
f 3378/3378/3378 3379/3379/3379 2712/2712/2712
f 2602/2602/2602 2632/2632/2632 2712/2712/2712
f 3378/3378/3378 2712/2712/2712 3380/3380/3380
f 3381/3381/3381 3362/3362/3362 3378/3378/3378
f 3381/3381/3381 3378/3378/3378 3380/3380/3380
f 3381/3381/3381 3361/3361/3361 3362/3362/3362
f 3381/3381/3381 3380/3380/3380 3382/3382/3382
f 3383/3383/3383 3361/3361/3361 3381/3381/3381
f 3383/3383/3383 3381/3381/3381 3382/3382/3382
f 3383/3383/3383 3335/3335/3335 3361/3361/3361
f 3383/3383/3383 3382/3382/3382 3384/3384/3384
f 3385/3385/3385 3335/3335/3335 3383/3383/3383
f 3385/3385/3385 3383/3383/3383 3384/3384/3384
f 3385/3385/3385 3317/3317/3317 3335/3335/3335
f 3385/3385/3385 3384/3384/3384 3318/3318/3318
f 3386/3386/3386 3318/3318/3318 3317/3317/3317
f 3386/3386/3386 3385/3385/3385 3318/3318/3318
f 3386/3386/3386 3317/3317/3317 3385/3385/3385
f 3389/3389/3389 3388/3388/3388 3387/3387/3387
f 3390/3390/3390 3389/3389/3389 3387/3387/3387
f 3393/3393/3393 3392/3392/3392 3391/3391/3391
f 3394/3394/3394 3393/3393/3393 3391/3391/3391
f 3394/3394/3394 3391/3391/3391 3395/3395/3395
f 3394/3394/3394 3395/3395/3395 3396/3396/3396
f 3397/3397/3397 3394/3394/3394 3396/3396/3396
f 3398/3398/3398 3397/3397/3397 3396/3396/3396
f 3399/3399/3399 3398/3398/3398 3396/3396/3396
f 3400/3400/3400 3399/3399/3399 3396/3396/3396
f 3401/3401/3401 3400/3400/3400 3396/3396/3396
f 3402/3402/3402 3401/3401/3401 3396/3396/3396
f 3403/3403/3403 3401/3401/3401 3402/3402/3402
f 3404/3404/3404 3403/3403/3403 3402/3402/3402
f 3405/3405/3405 3404/3404/3404 3402/3402/3402
f 3406/3406/3406 3405/3405/3405 3402/3402/3402
f 3407/3407/3407 3406/3406/3406 3402/3402/3402
f 3408/3408/3408 3407/3407/3407 3402/3402/3402
f 3409/3409/3409 3408/3408/3408 3402/3402/3402
f 3410/3410/3410 3408/3408/3408 3409/3409/3409
f 3411/3411/3411 3410/3410/3410 3409/3409/3409
f 3412/3412/3412 3410/3410/3410 3411/3411/3411
f 1182/1182/1182 3414/3414/3414 3413/3413/3413
f 1182/1182/1182 3413/3413/3413 3415/3415/3415
f 1182/1182/1182 3415/3415/3415 3416/3416/3416
f 1182/1182/1182 3416/3416/3416 3417/3417/3417
f 3418/3418/3418 1187/1187/1187 1182/1182/1182
f 1187/1187/1187 3418/3418/3418 3419/3419/3419
f 1187/1187/1187 3419/3419/3419 3420/3420/3420
f 1187/1187/1187 3420/3420/3420 3421/3421/3421
f 3421/3421/3421 3420/3420/3420 3422/3422/3422
f 3425/3425/3425 3424/3424/3424 3423/3423/3423
f 3425/3425/3425 3423/3423/3423 3426/3426/3426
f 3427/3427/3427 3425/3425/3425 3426/3426/3426
f 1134/1134/1134 3426/3426/3426 3423/3423/3423
f 3428/3428/3428 1134/1134/1134 3423/3423/3423
f 3428/3428/3428 3423/3423/3423 3429/3429/3429
f 1134/1134/1134 3428/3428/3428 1113/1113/1113
f 1113/1113/1113 3428/3428/3428 3430/3430/3430
f 1113/1113/1113 3430/3430/3430 1105/1105/1105
f 3428/3428/3428 1105/1105/1105 3430/3430/3430
f 3428/3428/3428 3429/3429/3429 3431/3431/3431
f 3428/3428/3428 3431/3431/3431 1105/1105/1105
f 3431/3431/3431 3429/3429/3429 3432/3432/3432
f 3431/3431/3431 2271/2271/2271 1105/1105/1105
f 3431/3431/3431 3433/3433/3433 2271/2271/2271
f 3433/3433/3433 3431/3431/3431 3432/3432/3432
f 2271/2271/2271 3433/3433/3433 3434/3434/3434
f 2271/2271/2271 3434/3434/3434 2273/2273/2273
f 3433/3433/3433 3432/3432/3432 3435/3435/3435
f 3433/3433/3433 3435/3435/3435 3434/3434/3434
f 3436/3436/3436 3435/3435/3435 3432/3432/3432
f 3434/3434/3434 3435/3435/3435 3436/3436/3436
f 3434/3434/3434 3437/3437/3437 2273/2273/2273
f 3437/3437/3437 2274/2274/2274 2273/2273/2273
f 2293/2293/2293 2274/2274/2274 3437/3437/3437
f 3434/3434/3434 3438/3438/3438 3437/3437/3437
f 3434/3434/3434 3436/3436/3436 3438/3438/3438
f 3438/3438/3438 2293/2293/2293 3437/3437/3437
f 3436/3436/3436 3439/3439/3439 3438/3438/3438
f 3439/3439/3439 2293/2293/2293 3438/3438/3438
f 3440/3440/3440 3436/3436/3436 3432/3432/3432
f 3440/3440/3440 2285/2285/2285 2293/2293/2293
f 3441/3441/3441 3440/3440/3440 3432/3432/3432
f 3441/3441/3441 2285/2285/2285 3440/3440/3440
f 3443/3443/3443 3442/3442/3442 1131/1131/1131
f 3444/3444/3444 3443/3443/3443 1131/1131/1131
f 3444/3444/3444 1131/1131/1131 3445/3445/3445
f 1138/1138/1138 3445/3445/3445 1131/1131/1131
f 3446/3446/3446 3445/3445/3445 1138/1138/1138
f 3447/3447/3447 3446/3446/3446 1138/1138/1138
f 3448/3448/3448 3447/3447/3447 1138/1138/1138
f 3449/3449/3449 3448/3448/3448 1138/1138/1138
f 3449/3449/3449 3450/3450/3450 3448/3448/3448
f 3449/3449/3449 3451/3451/3451 3450/3450/3450
f 3451/3451/3451 3452/3452/3452 3450/3450/3450
f 3453/3453/3453 3451/3451/3451 3449/3449/3449
f 3454/3454/3454 3453/3453/3453 3449/3449/3449
f 3455/3455/3455 3454/3454/3454 3449/3449/3449
f 3456/3456/3456 3455/3455/3455 3449/3449/3449
f 3452/3452/3452 3457/3457/3457 3450/3450/3450
f 3457/3457/3457 3458/3458/3458 3450/3450/3450
f 3458/3458/3458 3459/3459/3459 3450/3450/3450
f 3450/3450/3450 3459/3459/3459 3460/3460/3460
f 3461/3461/3461 1084/1084/1084 3244/3244/3244
f 1084/1084/1084 3462/3462/3462 3244/3244/3244
f 3244/3244/3244 3462/3462/3462 1029/1029/1029
f 1040/1040/1040 3462/3462/3462 1084/1084/1084
f 1029/1029/1029 3463/3463/3463 1040/1040/1040
f 1040/1040/1040 3463/3463/3463 3462/3462/3462
f 3463/3463/3463 1029/1029/1029 3462/3462/3462
f 3466/3466/3466 3465/3465/3465 3464/3464/3464
f 3466/3466/3466 3464/3464/3464 3467/3467/3467
f 3470/3470/3470 3469/3469/3469 3468/3468/3468
f 3471/3471/3471 3470/3470/3470 3468/3468/3468
f 3474/3474/3474 3473/3473/3473 3472/3472/3472
f 3474/3474/3474 3472/3472/3472 3475/3475/3475
f 3477/3477/3477 2927/2927/2927 3476/3476/3476
f 3478/3478/3478 2927/2927/2927 3477/3477/3477
f 3479/3479/3479 3478/3478/3478 3477/3477/3477
f 3480/3480/3480 3479/3479/3479 3477/3477/3477
f 3477/3477/3477 3481/3481/3481 3480/3480/3480
f 3479/3479/3479 3480/3480/3480 3482/3482/3482
f 3482/3482/3482 3480/3480/3480 3483/3483/3483
f 3482/3482/3482 3483/3483/3483 3484/3484/3484
f 3481/3481/3481 3485/3485/3485 3480/3480/3480
f 3481/3481/3481 3486/3486/3486 3485/3485/3485
f 3486/3486/3486 3487/3487/3487 3485/3485/3485
f 3487/3487/3487 3486/3486/3486 3488/3488/3488
f 3489/3489/3489 3487/3487/3487 3488/3488/3488
f 3489/3489/3489 3488/3488/3488 3490/3490/3490
f 3488/3488/3488 3491/3491/3491 3490/3490/3490
f 3490/3490/3490 3491/3491/3491 3492/3492/3492
f 3491/3491/3491 2952/2952/2952 3492/3492/3492
f 3493/3493/3493 3479/3479/3479 3482/3482/3482
f 3479/3479/3479 3493/3493/3493 3478/3478/3478
f 3493/3493/3493 3494/3494/3494 3478/3478/3478
f 3494/3494/3494 2927/2927/2927 3478/3478/3478
f 3493/3493/3493 3495/3495/3495 3494/3494/3494
f 3495/3495/3495 3493/3493/3493 3482/3482/3482
f 2927/2927/2927 3494/3494/3494 3496/3496/3496
f 3495/3495/3495 3496/3496/3496 3494/3494/3494
f 2927/2927/2927 3496/3496/3496 3497/3497/3497
f 2927/2927/2927 3497/3497/3497 2933/2933/2933
f 3495/3495/3495 3498/3498/3498 3496/3496/3496
f 3498/3498/3498 3497/3497/3497 3496/3496/3496
f 3499/3499/3499 2933/2933/2933 3497/3497/3497
f 3498/3498/3498 3499/3499/3499 3497/3497/3497
f 3498/3498/3498 3495/3495/3495 3500/3500/3500
f 3499/3499/3499 3498/3498/3498 3500/3500/3500
f 3500/3500/3500 3495/3495/3495 3482/3482/3482
f 3501/3501/3501 2933/2933/2933 3499/3499/3499
f 3500/3500/3500 3501/3501/3501 3499/3499/3499
f 2831/2831/2831 2933/2933/2933 3501/3501/3501
f 3501/3501/3501 3500/3500/3500 3502/3502/3502
f 2831/2831/2831 3501/3501/3501 3502/3502/3502
f 3500/3500/3500 3482/3482/3482 3502/3502/3502
f 2831/2831/2831 3502/3502/3502 3206/3206/3206
f 3206/3206/3206 3502/3502/3502 3204/3204/3204
f 3502/3502/3502 3482/3482/3482 3204/3204/3204
f 3482/3482/3482 3503/3503/3503 3204/3204/3204
f 3484/3484/3484 3503/3503/3503 3482/3482/3482
f 3503/3503/3503 3240/3240/3240 3204/3204/3204
f 3484/3484/3484 3240/3240/3240 3503/3503/3503
f 3240/3240/3240 3484/3484/3484 3504/3504/3504
f 3240/3240/3240 3504/3504/3504 3239/3239/3239
f 3504/3504/3504 3505/3505/3505 3239/3239/3239
f 3505/3505/3505 3492/3492/3492 3239/3239/3239
f 3239/3239/3239 3492/3492/3492 3506/3506/3506
f 3492/3492/3492 2952/2952/2952 3506/3506/3506
f 2952/2952/2952 3507/3507/3507 3506/3506/3506
f 3507/3507/3507 2952/2952/2952 2950/2950/2950
f 3508/3508/3508 3507/3507/3507 2950/2950/2950
f 3239/3239/3239 3506/3506/3506 3509/3509/3509
f 3509/3509/3509 3506/3506/3506 3507/3507/3507
f 3510/3510/3510 3507/3507/3507 3508/3508/3508
f 3510/3510/3510 3509/3509/3509 3507/3507/3507
f 3511/3511/3511 3510/3510/3510 3508/3508/3508
f 3509/3509/3509 3510/3510/3510 3511/3511/3511
f 3512/3512/3512 3239/3239/3239 3509/3509/3509
f 3239/3239/3239 3512/3512/3512 3233/3233/3233
f 3513/3513/3513 3511/3511/3511 3508/3508/3508
f 3514/3514/3514 3513/3513/3513 3508/3508/3508
f 3515/3515/3515 3509/3509/3509 3511/3511/3511
f 3512/3512/3512 3509/3509/3509 3515/3515/3515
f 3513/3513/3513 3515/3515/3515 3511/3511/3511
f 3516/3516/3516 3513/3513/3513 3514/3514/3514
f 3516/3516/3516 3514/3514/3514 3517/3517/3517
f 3518/3518/3518 3515/3515/3515 3513/3513/3513
f 3516/3516/3516 3518/3518/3518 3513/3513/3513
f 3519/3519/3519 3516/3516/3516 3517/3517/3517
f 3516/3516/3516 3519/3519/3519 3518/3518/3518
f 3519/3519/3519 3517/3517/3517 3520/3520/3520
f 3518/3518/3518 3521/3521/3521 3515/3515/3515
f 3521/3521/3521 3512/3512/3512 3515/3515/3515
f 3519/3519/3519 3521/3521/3521 3518/3518/3518
f 3522/3522/3522 3519/3519/3519 3520/3520/3520
f 3521/3521/3521 3519/3519/3519 3522/3522/3522
f 3512/3512/3512 3521/3521/3521 3522/3522/3522
f 3512/3512/3512 3522/3522/3522 3233/3233/3233
f 3522/3522/3522 3520/3520/3520 3523/3523/3523
f 3233/3233/3233 3522/3522/3522 3523/3523/3523
f 3233/3233/3233 3523/3523/3523 3524/3524/3524
f 3233/3233/3233 3524/3524/3524 3525/3525/3525
f 3228/3228/3228 3233/3233/3233 3525/3525/3525
f 3228/3228/3228 3525/3525/3525 3526/3526/3526
f 3228/3228/3228 3526/3526/3526 3527/3527/3527
f 3526/3526/3526 3528/3528/3528 3527/3527/3527
f 3528/3528/3528 3529/3529/3529 3527/3527/3527
f 3529/3529/3529 3530/3530/3530 3527/3527/3527
f 3530/3530/3530 3531/3531/3531 3527/3527/3527
f 3527/3527/3527 3531/3531/3531 3532/3532/3532
f 3531/3531/3531 3533/3533/3533 3532/3532/3532
f 3533/3533/3533 3534/3534/3534 3532/3532/3532
f 3534/3534/3534 3535/3535/3535 3532/3532/3532
f 3535/3535/3535 3536/3536/3536 3532/3532/3532
f 3532/3532/3532 3536/3536/3536 3537/3537/3537
f 3534/3534/3534 3538/3538/3538 3535/3535/3535
f 3538/3538/3538 3539/3539/3539 3535/3535/3535
f 3539/3539/3539 3540/3540/3540 3535/3535/3535
f 3537/3537/3537 3536/3536/3536 3541/3541/3541
f 3540/3540/3540 3542/3542/3542 3535/3535/3535
f 3542/3542/3542 3543/3543/3543 3535/3535/3535
f 3543/3543/3543 3544/3544/3544 3535/3535/3535
f 3544/3544/3544 2951/2951/2951 3535/3535/3535
f 2951/2951/2951 2945/2945/2945 3535/3535/3535
f 3545/3545/3545 3535/3535/3535 2945/2945/2945
f 3535/3535/3535 3545/3545/3545 3536/3536/3536
f 3541/3541/3541 3536/3536/3536 910/910/910
f 3545/3545/3545 3546/3546/3546 3536/3536/3536
f 3545/3545/3545 3547/3547/3547 3546/3546/3546
f 910/910/910 3536/3536/3536 3548/3548/3548
f 910/910/910 3548/3548/3548 911/911/911
f 3536/3536/3536 3549/3549/3549 3548/3548/3548
f 3549/3549/3549 3536/3536/3536 3546/3546/3546
f 3548/3548/3548 3550/3550/3550 911/911/911
f 3549/3549/3549 3550/3550/3550 3548/3548/3548
f 911/911/911 3550/3550/3550 3551/3551/3551
f 3546/3546/3546 3547/3547/3547 3552/3552/3552
f 3553/3553/3553 3549/3549/3549 3546/3546/3546
f 3553/3553/3553 3546/3546/3546 3552/3552/3552
f 3549/3549/3549 3554/3554/3554 3550/3550/3550
f 3554/3554/3554 3549/3549/3549 3553/3553/3553
f 3555/3555/3555 3551/3551/3551 3550/3550/3550
f 3554/3554/3554 3555/3555/3555 3550/3550/3550
f 3556/3556/3556 3551/3551/3551 3555/3555/3555
f 3554/3554/3554 3556/3556/3556 3555/3555/3555
f 3557/3557/3557 3551/3551/3551 3556/3556/3556
f 3557/3557/3557 3556/3556/3556 893/893/893
f 3554/3554/3554 3558/3558/3558 3556/3556/3556
f 3556/3556/3556 3558/3558/3558 893/893/893
f 3554/3554/3554 3559/3559/3559 3558/3558/3558
f 3559/3559/3559 893/893/893 3558/3558/3558
f 3559/3559/3559 3554/3554/3554 3553/3553/3553
f 893/893/893 3559/3559/3559 900/900/900
f 3559/3559/3559 3553/3553/3553 900/900/900
f 900/900/900 3553/3553/3553 3552/3552/3552
f 903/903/903 900/900/900 3552/3552/3552
f 3547/3547/3547 3560/3560/3560 3552/3552/3552
f 3560/3560/3560 3547/3547/3547 3561/3561/3561
f 3561/3561/3561 3562/3562/3562 3560/3560/3560
f 3563/3563/3563 903/903/903 3552/3552/3552
f 3560/3560/3560 3563/3563/3563 3552/3552/3552
f 3564/3564/3564 903/903/903 3563/3563/3563
f 3560/3560/3560 3564/3564/3564 3563/3563/3563
f 3560/3560/3560 3562/3562/3562 3564/3564/3564
f 3564/3564/3564 888/888/888 903/903/903
f 888/888/888 3564/3564/3564 3565/3565/3565
f 3562/3562/3562 3565/3565/3565 3564/3564/3564
f 874/874/874 888/888/888 3565/3565/3565
f 3565/3565/3565 3566/3566/3566 874/874/874
f 3562/3562/3562 3566/3566/3566 3565/3565/3565
f 874/874/874 3566/3566/3566 872/872/872
f 3566/3566/3566 3562/3562/3562 3567/3567/3567
f 872/872/872 3566/3566/3566 3567/3567/3567
f 3567/3567/3567 3562/3562/3562 3568/3568/3568
f 872/872/872 3567/3567/3567 869/869/869
f 3567/3567/3567 3569/3569/3569 869/869/869
f 3570/3570/3570 3569/3569/3569 3567/3567/3567
f 3569/3569/3569 3046/3046/3046 869/869/869
f 3570/3570/3570 3571/3571/3571 3569/3569/3569
f 3569/3569/3569 3571/3571/3571 3046/3046/3046
f 869/869/869 3046/3046/3046 3572/3572/3572
f 869/869/869 3572/3572/3572 3573/3573/3573
f 869/869/869 3573/3573/3573 860/860/860
f 3573/3573/3573 3574/3574/3574 860/860/860
f 3574/3574/3574 870/870/870 860/860/860
f 3573/3573/3573 3575/3575/3575 3574/3574/3574
f 3575/3575/3575 3573/3573/3573 3572/3572/3572
f 870/870/870 3574/3574/3574 3576/3576/3576
f 3575/3575/3575 3576/3576/3576 3574/3574/3574
f 3577/3577/3577 870/870/870 3576/3576/3576
f 3577/3577/3577 867/867/867 870/870/870
f 3046/3046/3046 3578/3578/3578 3572/3572/3572
f 3579/3579/3579 3575/3575/3575 3572/3572/3572
f 3572/3572/3572 3578/3578/3578 3579/3579/3579
f 3046/3046/3046 3580/3580/3580 3578/3578/3578
f 3046/3046/3046 3047/3047/3047 3580/3580/3580
f 3578/3578/3578 3580/3580/3580 3581/3581/3581
f 3578/3578/3578 3581/3581/3581 3579/3579/3579
f 3582/3582/3582 3580/3580/3580 3047/3047/3047
f 3580/3580/3580 3582/3582/3582 3581/3581/3581
f 3583/3583/3583 3582/3582/3582 3047/3047/3047
f 3047/3047/3047 3584/3584/3584 3583/3583/3583
f 3584/3584/3584 3585/3585/3585 3583/3583/3583
f 3585/3585/3585 3584/3584/3584 3586/3586/3586
f 3587/3587/3587 3575/3575/3575 3579/3579/3579
f 3587/3587/3587 3579/3579/3579 3588/3588/3588
f 3588/3588/3588 3579/3579/3579 3581/3581/3581
f 3589/3589/3589 3575/3575/3575 3587/3587/3587
f 3588/3588/3588 3581/3581/3581 3590/3590/3590
f 3590/3590/3590 3581/3581/3581 3582/3582/3582
f 3590/3590/3590 3582/3582/3582 3591/3591/3591
f 3591/3591/3591 3582/3582/3582 3583/3583/3583
f 3591/3591/3591 3583/3583/3583 3592/3592/3592
f 3583/3583/3583 3585/3585/3585 3592/3592/3592
f 3576/3576/3576 3575/3575/3575 3589/3589/3589
f 3593/3593/3593 3576/3576/3576 3589/3589/3589
f 3576/3576/3576 3593/3593/3593 3594/3594/3594
f 3595/3595/3595 3592/3592/3592 3585/3585/3585
f 3577/3577/3577 3576/3576/3576 3594/3594/3594
f 3595/3595/3595 3585/3585/3585 3596/3596/3596
f 3577/3577/3577 3594/3594/3594 3597/3597/3597
f 3598/3598/3598 3596/3596/3596 3585/3585/3585
f 3585/3585/3585 3586/3586/3586 3598/3598/3598
f 3599/3599/3599 3596/3596/3596 3598/3598/3598
f 3577/3577/3577 3597/3597/3597 3600/3600/3600
f 3600/3600/3600 867/867/867 3577/3577/3577
f 3600/3600/3600 3597/3597/3597 3601/3601/3601
f 786/786/786 867/867/867 3600/3600/3600
f 3600/3600/3600 3601/3601/3601 786/786/786
f 786/786/786 699/699/699 867/867/867
f 3598/3598/3598 3586/3586/3586 3602/3602/3602
f 3586/3586/3586 3603/3603/3603 3602/3602/3602
f 3604/3604/3604 3599/3599/3599 3598/3598/3598
f 3602/3602/3602 3604/3604/3604 3598/3598/3598
f 3605/3605/3605 699/699/699 786/786/786
f 3605/3605/3605 694/694/694 699/699/699
f 782/782/782 3605/3605/3605 786/786/786
f 786/786/786 3601/3601/3601 787/787/787
f 3605/3605/3605 782/782/782 3606/3606/3606
f 3605/3605/3605 3606/3606/3606 694/694/694
f 3607/3607/3607 3606/3606/3606 782/782/782
f 3606/3606/3606 3608/3608/3608 694/694/694
f 3607/3607/3607 3608/3608/3608 3606/3606/3606
f 3609/3609/3609 694/694/694 3608/3608/3608
f 694/694/694 3609/3609/3609 701/701/701
f 3610/3610/3610 3608/3608/3608 3607/3607/3607
f 3608/3608/3608 3610/3610/3610 3609/3609/3609
f 3611/3611/3611 3610/3610/3610 3607/3607/3607
f 3611/3611/3611 3612/3612/3612 3610/3610/3610
f 3610/3610/3610 3612/3612/3612 3609/3609/3609
f 3613/3613/3613 3612/3612/3612 3611/3611/3611
f 3609/3609/3609 3614/3614/3614 701/701/701
f 3614/3614/3614 3609/3609/3609 3612/3612/3612
f 3614/3614/3614 3615/3615/3615 701/701/701
f 3614/3614/3614 3612/3612/3612 3615/3615/3615
f 3615/3615/3615 709/709/709 701/701/701
f 3613/3613/3613 3616/3616/3616 3612/3612/3612
f 3612/3612/3612 3616/3616/3616 3615/3615/3615
f 3617/3617/3617 3616/3616/3616 3613/3613/3613
f 3615/3615/3615 3616/3616/3616 3618/3618/3618
f 3615/3615/3615 3618/3618/3618 709/709/709
f 3617/3617/3617 3619/3619/3619 3616/3616/3616
f 3616/3616/3616 3619/3619/3619 3618/3618/3618
f 3620/3620/3620 3619/3619/3619 3617/3617/3617
f 3618/3618/3618 3621/3621/3621 709/709/709
f 3618/3618/3618 3619/3619/3619 3621/3621/3621
f 3620/3620/3620 3622/3622/3622 3619/3619/3619
f 3619/3619/3619 3622/3622/3622 3621/3621/3621
f 3623/3623/3623 3622/3622/3622 3620/3620/3620
f 3621/3621/3621 3061/3061/3061 709/709/709
f 3621/3621/3621 3622/3622/3622 3061/3061/3061
f 3061/3061/3061 705/705/705 709/709/709
f 3622/3622/3622 3624/3624/3624 3061/3061/3061
f 3623/3623/3623 3624/3624/3624 3622/3622/3622
f 3061/3061/3061 3624/3624/3624 3625/3625/3625
f 3626/3626/3626 3624/3624/3624 3623/3623/3623
f 3627/3627/3627 3626/3626/3626 3623/3623/3623
f 3624/3624/3624 3628/3628/3628 3625/3625/3625
f 3626/3626/3626 3628/3628/3628 3624/3624/3624
f 3625/3625/3625 3628/3628/3628 3603/3603/3603
f 3627/3627/3627 3629/3629/3629 3626/3626/3626
f 3629/3629/3629 3628/3628/3628 3626/3626/3626
f 3629/3629/3629 3627/3627/3627 3630/3630/3630
f 3628/3628/3628 3631/3631/3631 3603/3603/3603
f 3629/3629/3629 3631/3631/3631 3628/3628/3628
f 3602/3602/3602 3603/3603/3603 3631/3631/3631
f 3632/3632/3632 3631/3631/3631 3629/3629/3629
f 3631/3631/3631 3632/3632/3632 3602/3602/3602
f 3632/3632/3632 3629/3629/3629 3630/3630/3630
f 3602/3602/3602 3632/3632/3632 3604/3604/3604
f 3604/3604/3604 3632/3632/3632 3630/3630/3630
f 3633/3633/3633 3604/3604/3604 3630/3630/3630
f 3604/3604/3604 3633/3633/3633 3634/3634/3634
f 3599/3599/3599 3604/3604/3604 3634/3634/3634
f 3635/3635/3635 3599/3599/3599 3634/3634/3634
f 3636/3636/3636 3635/3635/3635 3634/3634/3634
f 3637/3637/3637 3635/3635/3635 3636/3636/3636
f 3638/3638/3638 3637/3637/3637 3636/3636/3636
f 3639/3639/3639 3637/3637/3637 3638/3638/3638
f 3639/3639/3639 3640/3640/3640 3637/3637/3637
f 3638/3638/3638 3636/3636/3636 3641/3641/3641
f 3636/3636/3636 3642/3642/3642 3641/3641/3641
f 3641/3641/3641 3642/3642/3642 3643/3643/3643
f 3642/3642/3642 3644/3644/3644 3643/3643/3643
f 3647/3647/3647 3646/3646/3646 3645/3645/3645
f 3648/3648/3648 3647/3647/3647 3645/3645/3645
f 3649/3649/3649 3648/3648/3648 3645/3645/3645
f 3650/3650/3650 3649/3649/3649 3645/3645/3645
f 3651/3651/3651 3650/3650/3650 3645/3645/3645
f 3652/3652/3652 3651/3651/3651 3645/3645/3645
f 3652/3652/3652 3653/3653/3653 3651/3651/3651
f 3654/3654/3654 3653/3653/3653 3652/3652/3652
f 3655/3655/3655 3654/3654/3654 3652/3652/3652
f 3656/3656/3656 3655/3655/3655 3652/3652/3652
f 3652/3652/3652 3645/3645/3645 3657/3657/3657
f 3657/3657/3657 3645/3645/3645 3658/3658/3658
f 3659/3659/3659 3657/3657/3657 3658/3658/3658
f 3660/3660/3660 3657/3657/3657 3659/3659/3659
f 3661/3661/3661 3660/3660/3660 3659/3659/3659
f 3662/3662/3662 3661/3661/3661 3659/3659/3659
f 3663/3663/3663 3662/3662/3662 3659/3659/3659
f 3659/3659/3659 3658/3658/3658 3664/3664/3664
f 3664/3664/3664 3658/3658/3658 3665/3665/3665
f 3664/3664/3664 3665/3665/3665 3666/3666/3666
f 3664/3664/3664 3666/3666/3666 3667/3667/3667
f 3668/3668/3668 3664/3664/3664 3667/3667/3667
f 3671/3671/3671 3670/3670/3670 3669/3669/3669
f 3671/3671/3671 3669/3669/3669 3672/3672/3672
f 3671/3671/3671 3672/3672/3672 3673/3673/3673
f 3674/3674/3674 3671/3671/3671 3673/3673/3673
f 3674/3674/3674 3675/3675/3675 3671/3671/3671
f 3674/3674/3674 3676/3676/3676 3675/3675/3675
f 3676/3676/3676 3677/3677/3677 3675/3675/3675
f 3678/3678/3678 3675/3675/3675 3677/3677/3677
f 3677/3677/3677 3679/3679/3679 3678/3678/3678
f 3680/3680/3680 3679/3679/3679 3677/3677/3677
f 3680/3680/3680 3681/3681/3681 3679/3679/3679
f 3680/3680/3680 3682/3682/3682 3681/3681/3681
f 3682/3682/3682 3683/3683/3683 3681/3681/3681
f 3684/3684/3684 3683/3683/3683 3682/3682/3682
f 3684/3684/3684 3685/3685/3685 3683/3683/3683
f 3684/3684/3684 3686/3686/3686 3685/3685/3685
f 3678/3678/3678 3679/3679/3679 3687/3687/3687
f 3688/3688/3688 3685/3685/3685 3686/3686/3686
f 3688/3688/3688 3689/3689/3689 3685/3685/3685
f 3686/3686/3686 3690/3690/3690 3688/3688/3688
f 3690/3690/3690 3686/3686/3686 3691/3691/3691
f 3690/3690/3690 3691/3691/3691 3692/3692/3692
f 3693/3693/3693 3690/3690/3690 3692/3692/3692
f 3694/3694/3694 3693/3693/3693 3692/3692/3692
f 3695/3695/3695 3693/3693/3693 3694/3694/3694
f 3695/3695/3695 3696/3696/3696 3693/3693/3693
f 3696/3696/3696 3697/3697/3697 3693/3693/3693
f 3698/3698/3698 3689/3689/3689 3688/3688/3688
f 3698/3698/3698 3699/3699/3699 3689/3689/3689
f 3688/3688/3688 3690/3690/3690 3700/3700/3700
f 3688/3688/3688 3700/3700/3700 3698/3698/3698
f 3701/3701/3701 3690/3690/3690 3693/3693/3693
f 3690/3690/3690 3701/3701/3701 3700/3700/3700
f 3702/3702/3702 3699/3699/3699 3698/3698/3698
f 3702/3702/3702 3703/3703/3703 3699/3699/3699
f 2870/2870/2870 3701/3701/3701 3693/3693/3693
f 3697/3697/3697 2870/2870/2870 3693/3693/3693
f 3701/3701/3701 2870/2870/2870 2869/2869/2869
f 3700/3700/3700 3701/3701/3701 2869/2869/2869
f 3697/3697/3697 2871/2871/2871 2870/2870/2870
f 3698/3698/3698 3700/3700/3700 3704/3704/3704
f 3698/3698/3698 3704/3704/3704 3702/3702/3702
f 3704/3704/3704 3700/3700/3700 2869/2869/2869
f 2871/2871/2871 3697/3697/3697 3705/3705/3705
f 3697/3697/3697 3706/3706/3706 3705/3705/3705
f 2878/2878/2878 2871/2871/2871 3705/3705/3705
f 3705/3705/3705 3706/3706/3706 3707/3707/3707
f 3702/3702/3702 3704/3704/3704 3708/3708/3708
f 3708/3708/3708 3704/3704/3704 2869/2869/2869
f 3709/3709/3709 3703/3703/3703 3702/3702/3702
f 3702/3702/3702 3708/3708/3708 3709/3709/3709
f 2878/2878/2878 3705/3705/3705 3710/3710/3710
f 2894/2894/2894 2878/2878/2878 3710/3710/3710
f 3705/3705/3705 3707/3707/3707 3711/3711/3711
f 3710/3710/3710 3705/3705/3705 3711/3711/3711
f 2894/2894/2894 3710/3710/3710 3711/3711/3711
f 3711/3711/3711 3707/3707/3707 3712/3712/3712
f 3708/3708/3708 2869/2869/2869 3713/3713/3713
f 3708/3708/3708 3713/3713/3713 3709/3709/3709
f 3703/3703/3703 3709/3709/3709 3714/3714/3714
f 3713/3713/3713 3714/3714/3714 3709/3709/3709
f 3715/3715/3715 3703/3703/3703 3714/3714/3714
f 3713/3713/3713 2869/2869/2869 3716/3716/3716
f 3714/3714/3714 3713/3713/3713 3716/3716/3716
f 3716/3716/3716 2869/2869/2869 2863/2863/2863
f 3717/3717/3717 3715/3715/3715 3714/3714/3714
f 3714/3714/3714 3716/3716/3716 3717/3717/3717
f 3715/3715/3715 3717/3717/3717 3718/3718/3718
f 3718/3718/3718 3717/3717/3717 3719/3719/3719
f 3717/3717/3717 3716/3716/3716 3719/3719/3719
f 3720/3720/3720 3718/3718/3718 3719/3719/3719
f 3721/3721/3721 3716/3716/3716 2863/2863/2863
f 3719/3719/3719 3716/3716/3716 3721/3721/3721
f 3722/3722/3722 3720/3720/3720 3719/3719/3719
f 3719/3719/3719 3721/3721/3721 3722/3722/3722
f 3720/3720/3720 3722/3722/3722 3723/3723/3723
f 3724/3724/3724 3721/3721/3721 2863/2863/2863
f 3722/3722/3722 3721/3721/3721 3724/3724/3724
f 2876/2876/2876 3724/3724/3724 2863/2863/2863
f 3725/3725/3725 3723/3723/3723 3722/3722/3722
f 3722/3722/3722 3724/3724/3724 3725/3725/3725
f 3725/3725/3725 3724/3724/3724 2876/2876/2876
f 3726/3726/3726 3723/3723/3723 3725/3725/3725
f 3725/3725/3725 2876/2876/2876 3727/3727/3727
f 3725/3725/3725 3727/3727/3727 3726/3726/3726
f 3727/3727/3727 3728/3728/3728 3726/3726/3726
f 3727/3727/3727 2876/2876/2876 2873/2873/2873
f 3729/3729/3729 3728/3728/3728 3727/3727/3727
f 3727/3727/3727 2873/2873/2873 3729/3729/3729
f 3729/3729/3729 3730/3730/3730 3728/3728/3728
f 3729/3729/3729 2873/2873/2873 3731/3731/3731
f 3731/3731/3731 3730/3730/3730 3729/3729/3729
f 3731/3731/3731 2873/2873/2873 3732/3732/3732
f 3732/3732/3732 3733/3733/3733 3731/3731/3731
f 3733/3733/3733 3730/3730/3730 3731/3731/3731
f 3733/3733/3733 3734/3734/3734 3730/3730/3730
f 3735/3735/3735 3734/3734/3734 3733/3733/3733
f 3736/3736/3736 3735/3735/3735 3733/3733/3733
f 3735/3735/3735 3737/3737/3737 3734/3734/3734
f 3736/3736/3736 3738/3738/3738 3735/3735/3735
f 3739/3739/3739 3737/3737/3737 3735/3735/3735
f 3735/3735/3735 3738/3738/3738 3739/3739/3739
f 3739/3739/3739 3740/3740/3740 3737/3737/3737
f 3741/3741/3741 3740/3740/3740 3739/3739/3739
f 3739/3739/3739 3738/3738/3738 3741/3741/3741
f 3741/3741/3741 3742/3742/3742 3740/3740/3740
f 3743/3743/3743 3742/3742/3742 3741/3741/3741
f 3743/3743/3743 3744/3744/3744 3742/3742/3742
f 3741/3741/3741 3738/3738/3738 3745/3745/3745
f 3741/3741/3741 3745/3745/3745 3743/3743/3743
f 3746/3746/3746 3744/3744/3744 3743/3743/3743
f 3746/3746/3746 3747/3747/3747 3744/3744/3744
f 3743/3743/3743 3745/3745/3745 3748/3748/3748
f 3743/3743/3743 3748/3748/3748 3746/3746/3746
f 3748/3748/3748 3745/3745/3745 3749/3749/3749
f 3749/3749/3749 3745/3745/3745 3750/3750/3750
f 3745/3745/3745 3738/3738/3738 3750/3750/3750
f 3738/3738/3738 3751/3751/3751 3750/3750/3750
f 3738/3738/3738 3752/3752/3752 3751/3751/3751
f 3752/3752/3752 3753/3753/3753 3751/3751/3751
f 3754/3754/3754 3747/3747/3747 3746/3746/3746
f 3755/3755/3755 3747/3747/3747 3754/3754/3754
f 3746/3746/3746 3748/3748/3748 3756/3756/3756
f 3756/3756/3756 3748/3748/3748 3749/3749/3749
f 3746/3746/3746 3756/3756/3756 3754/3754/3754
f 3757/3757/3757 3755/3755/3755 3754/3754/3754
f 3757/3757/3757 3758/3758/3758 3755/3755/3755
f 3754/3754/3754 3756/3756/3756 3759/3759/3759
f 3756/3756/3756 3749/3749/3749 3759/3759/3759
f 3757/3757/3757 3754/3754/3754 3759/3759/3759
f 3749/3749/3749 3760/3760/3760 3759/3759/3759
f 3760/3760/3760 3761/3761/3761 3759/3759/3759
f 3761/3761/3761 3757/3757/3757 3759/3759/3759
f 3762/3762/3762 3758/3758/3758 3757/3757/3757
f 3757/3757/3757 3761/3761/3761 3762/3762/3762
f 3762/3762/3762 3763/3763/3763 3758/3758/3758
f 3762/3762/3762 3761/3761/3761 3764/3764/3764
f 3760/3760/3760 3764/3764/3764 3761/3761/3761
f 3765/3765/3765 3763/3763/3763 3762/3762/3762
f 3762/3762/3762 3764/3764/3764 3765/3765/3765
f 3765/3765/3765 3687/3687/3687 3763/3763/3763
f 3765/3765/3765 3764/3764/3764 3766/3766/3766
f 3760/3760/3760 3766/3766/3766 3764/3764/3764
f 3767/3767/3767 3687/3687/3687 3765/3765/3765
f 3765/3765/3765 3766/3766/3766 3767/3767/3767
f 3678/3678/3678 3687/3687/3687 3767/3767/3767
f 3767/3767/3767 3766/3766/3766 3768/3768/3768
f 3767/3767/3767 3768/3768/3768 3678/3678/3678
f 3766/3766/3766 3760/3760/3760 3768/3768/3768
f 3678/3678/3678 3768/3768/3768 3675/3675/3675
f 3768/3768/3768 3769/3769/3769 3675/3675/3675
f 3760/3760/3760 3769/3769/3769 3768/3768/3768
f 3671/3671/3671 3675/3675/3675 3769/3769/3769
f 3769/3769/3769 3760/3760/3760 3770/3770/3770
f 3769/3769/3769 3770/3770/3770 3671/3671/3671
f 3671/3671/3671 3770/3770/3770 3771/3771/3771
f 3772/3772/3772 3671/3671/3671 3771/3771/3771
f 3773/3773/3773 3772/3772/3772 3771/3771/3771
f 3774/3774/3774 3773/3773/3773 3771/3771/3771
f 3775/3775/3775 3773/3773/3773 3774/3774/3774
f 3775/3775/3775 3774/3774/3774 3712/3712/3712
f 3760/3760/3760 3776/3776/3776 3770/3770/3770
f 3760/3760/3760 3749/3749/3749 3776/3776/3776
f 3712/3712/3712 3774/3774/3774 3777/3777/3777
f 3777/3777/3777 3711/3711/3711 3712/3712/3712
f 3778/3778/3778 3711/3711/3711 3777/3777/3777
f 2894/2894/2894 3711/3711/3711 3778/3778/3778
f 3779/3779/3779 3777/3777/3777 3774/3774/3774
f 3778/3778/3778 3777/3777/3777 3779/3779/3779
f 3778/3778/3778 3780/3780/3780 2894/2894/2894
f 3780/3780/3780 2893/2893/2893 2894/2894/2894
f 3779/3779/3779 3781/3781/3781 3778/3778/3778
f 3781/3781/3781 3780/3780/3780 3778/3778/3778
f 3780/3780/3780 3782/3782/3782 2893/2893/2893
f 2893/2893/2893 3782/3782/3782 2891/2891/2891
f 3780/3780/3780 3783/3783/3783 3782/3782/3782
f 3781/3781/3781 3783/3783/3783 3780/3780/3780
f 3782/3782/3782 3783/3783/3783 2891/2891/2891
f 3781/3781/3781 3784/3784/3784 3783/3783/3783
f 3784/3784/3784 2891/2891/2891 3783/3783/3783
f 3785/3785/3785 3781/3781/3781 3779/3779/3779
f 3785/3785/3785 3784/3784/3784 3781/3781/3781
f 3779/3779/3779 3774/3774/3774 3786/3786/3786
f 3786/3786/3786 3785/3785/3785 3779/3779/3779
f 3784/3784/3784 3787/3787/3787 2891/2891/2891
f 3785/3785/3785 3787/3787/3787 3784/3784/3784
f 3787/3787/3787 3788/3788/3788 2891/2891/2891
f 3788/3788/3788 2890/2890/2890 2891/2891/2891
f 3789/3789/3789 3787/3787/3787 3785/3785/3785
f 3789/3789/3789 3785/3785/3785 3786/3786/3786
f 3789/3789/3789 3788/3788/3788 3787/3787/3787
f 3788/3788/3788 3790/3790/3790 2890/2890/2890
f 2890/2890/2890 3790/3790/3790 2888/2888/2888
f 2888/2888/2888 3790/3790/3790 3791/3791/3791
f 3788/3788/3788 3792/3792/3792 3790/3790/3790
f 3789/3789/3789 3792/3792/3792 3788/3788/3788
f 3791/3791/3791 3790/3790/3790 3793/3793/3793
f 3792/3792/3792 3793/3793/3793 3790/3790/3790
f 3792/3792/3792 3794/3794/3794 3793/3793/3793
f 3786/3786/3786 3774/3774/3774 3795/3795/3795
f 3795/3795/3795 3774/3774/3774 3771/3771/3771
f 3786/3786/3786 3795/3795/3795 3796/3796/3796
f 3796/3796/3796 3795/3795/3795 3771/3771/3771
f 3797/3797/3797 3789/3789/3789 3786/3786/3786
f 3786/3786/3786 3796/3796/3796 3797/3797/3797
f 3798/3798/3798 3792/3792/3792 3789/3789/3789
f 3798/3798/3798 3789/3789/3789 3797/3797/3797
f 3798/3798/3798 3799/3799/3799 3792/3792/3792
f 3799/3799/3799 3794/3794/3794 3792/3792/3792
f 3800/3800/3800 3798/3798/3798 3797/3797/3797
f 3799/3799/3799 3798/3798/3798 3800/3800/3800
f 3801/3801/3801 3799/3799/3799 3800/3800/3800
f 3801/3801/3801 3802/3802/3802 3799/3799/3799
f 3802/3802/3802 3803/3803/3803 3799/3799/3799
f 3799/3799/3799 3803/3803/3803 3794/3794/3794
f 3804/3804/3804 3794/3794/3794 3803/3803/3803
f 3791/3791/3791 3794/3794/3794 3804/3804/3804
f 3797/3797/3797 3796/3796/3796 3805/3805/3805
f 3797/3797/3797 3805/3805/3805 3800/3800/3800
f 3806/3806/3806 3805/3805/3805 3796/3796/3796
f 3806/3806/3806 3796/3796/3796 3771/3771/3771
f 3805/3805/3805 3807/3807/3807 3800/3800/3800
f 3800/3800/3800 3807/3807/3807 3801/3801/3801
f 3807/3807/3807 3805/3805/3805 3806/3806/3806
f 3808/3808/3808 3806/3806/3806 3771/3771/3771
f 3808/3808/3808 3771/3771/3771 3770/3770/3770
f 3808/3808/3808 3809/3809/3809 3806/3806/3806
f 3809/3809/3809 3807/3807/3807 3806/3806/3806
f 3810/3810/3810 3808/3808/3808 3770/3770/3770
f 3809/3809/3809 3808/3808/3808 3810/3810/3810
f 3776/3776/3776 3810/3810/3810 3770/3770/3770
f 3776/3776/3776 3809/3809/3809 3810/3810/3810
f 3776/3776/3776 3811/3811/3811 3809/3809/3809
f 3749/3749/3749 3811/3811/3811 3776/3776/3776
f 3809/3809/3809 3812/3812/3812 3807/3807/3807
f 3811/3811/3811 3812/3812/3812 3809/3809/3809
f 3813/3813/3813 3811/3811/3811 3749/3749/3749
f 3813/3813/3813 3749/3749/3749 3750/3750/3750
f 3807/3807/3807 3814/3814/3814 3801/3801/3801
f 3812/3812/3812 3814/3814/3814 3807/3807/3807
f 3811/3811/3811 3815/3815/3815 3812/3812/3812
f 3813/3813/3813 3815/3815/3815 3811/3811/3811
f 3750/3750/3750 3816/3816/3816 3813/3813/3813
f 3750/3750/3750 3751/3751/3751 3816/3816/3816
f 3817/3817/3817 3813/3813/3813 3816/3816/3816
f 3813/3813/3813 3817/3817/3817 3815/3815/3815
f 3816/3816/3816 3751/3751/3751 3817/3817/3817
f 3812/3812/3812 3818/3818/3818 3814/3814/3814
f 3815/3815/3815 3818/3818/3818 3812/3812/3812
f 3817/3817/3817 3819/3819/3819 3815/3815/3815
f 3819/3819/3819 3817/3817/3817 3751/3751/3751
f 3819/3819/3819 3820/3820/3820 3815/3815/3815
f 3815/3815/3815 3820/3820/3820 3818/3818/3818
f 3820/3820/3820 3819/3819/3819 3751/3751/3751
f 3821/3821/3821 3820/3820/3820 3751/3751/3751
f 3820/3820/3820 3821/3821/3821 3818/3818/3818
f 3822/3822/3822 3821/3821/3821 3751/3751/3751
f 3821/3821/3821 3822/3822/3822 3818/3818/3818
f 3823/3823/3823 3822/3822/3822 3751/3751/3751
f 3822/3822/3822 3823/3823/3823 3824/3824/3824
f 3822/3822/3822 3824/3824/3824 3825/3825/3825
f 3824/3824/3824 3826/3826/3826 3825/3825/3825
f 3818/3818/3818 3822/3822/3822 3827/3827/3827
f 3827/3827/3827 3814/3814/3814 3818/3818/3818
f 3822/3822/3822 3825/3825/3825 3827/3827/3827
f 3814/3814/3814 3827/3827/3827 3828/3828/3828
f 3801/3801/3801 3814/3814/3814 3828/3828/3828
f 3827/3827/3827 3829/3829/3829 3828/3828/3828
f 3825/3825/3825 3829/3829/3829 3827/3827/3827
f 3829/3829/3829 3801/3801/3801 3828/3828/3828
f 3801/3801/3801 3829/3829/3829 3830/3830/3830
f 3825/3825/3825 3830/3830/3830 3829/3829/3829
f 3830/3830/3830 3831/3831/3831 3801/3801/3801
f 3832/3832/3832 3801/3801/3801 3831/3831/3831
f 3825/3825/3825 3833/3833/3833 3830/3830/3830
f 3830/3830/3830 3833/3833/3833 3831/3831/3831
f 3825/3825/3825 3826/3826/3826 3834/3834/3834
f 3833/3833/3833 3825/3825/3825 3834/3834/3834
f 3826/3826/3826 3835/3835/3835 3834/3834/3834
f 3835/3835/3835 3833/3833/3833 3834/3834/3834
f 3826/3826/3826 2801/2801/2801 3835/3835/3835
f 3836/3836/3836 3833/3833/3833 3835/3835/3835
f 3833/3833/3833 3836/3836/3836 3831/3831/3831
f 3836/3836/3836 3835/3835/3835 3837/3837/3837
f 3835/3835/3835 2801/2801/2801 3837/3837/3837
f 3837/3837/3837 3831/3831/3831 3836/3836/3836
f 2801/2801/2801 3838/3838/3838 3837/3837/3837
f 2801/2801/2801 2802/2802/2802 3838/3838/3838
f 2802/2802/2802 3839/3839/3839 3838/3838/3838
f 2802/2802/2802 3840/3840/3840 3839/3839/3839
f 3841/3841/3841 3840/3840/3840 2802/2802/2802
f 3842/3842/3842 3841/3841/3841 2802/2802/2802
f 3837/3837/3837 3843/3843/3843 3831/3831/3831
f 3832/3832/3832 3831/3831/3831 3843/3843/3843
f 3837/3837/3837 3844/3844/3844 3843/3843/3843
f 3832/3832/3832 3843/3843/3843 3844/3844/3844
f 3845/3845/3845 3844/3844/3844 3837/3837/3837
f 3845/3845/3845 3846/3846/3846 3844/3844/3844
f 3847/3847/3847 3846/3846/3846 3845/3845/3845
f 3844/3844/3844 3848/3848/3848 3832/3832/3832
f 3844/3844/3844 3846/3846/3846 3848/3848/3848
f 3832/3832/3832 3848/3848/3848 3849/3849/3849
f 3849/3849/3849 3848/3848/3848 3804/3804/3804
f 3850/3850/3850 3846/3846/3846 3847/3847/3847
f 3851/3851/3851 3850/3850/3850 3847/3847/3847
f 3846/3846/3846 3850/3850/3850 3852/3852/3852
f 3846/3846/3846 3852/3852/3852 3853/3853/3853
f 3846/3846/3846 3853/3853/3853 3854/3854/3854
f 3848/3848/3848 3846/3846/3846 3854/3854/3854
f 3804/3804/3804 3848/3848/3848 3855/3855/3855
f 3848/3848/3848 3854/3854/3854 3855/3855/3855
f 3791/3791/3791 3804/3804/3804 3855/3855/3855
f 3855/3855/3855 3854/3854/3854 3856/3856/3856
f 3854/3854/3854 3857/3857/3857 3856/3856/3856
f 3856/3856/3856 3857/3857/3857 3858/3858/3858
f 3858/3858/3858 3857/3857/3857 3859/3859/3859
f 3855/3855/3855 3860/3860/3860 3791/3791/3791
f 3861/3861/3861 3791/3791/3791 3860/3860/3860
f 3858/3858/3858 3859/3859/3859 3862/3862/3862
f 3862/3862/3862 3791/3791/3791 3861/3861/3861
f 2888/2888/2888 3791/3791/3791 3862/3862/3862
f 3862/3862/3862 3859/3859/3859 3863/3863/3863
f 2900/2900/2900 2888/2888/2888 3862/3862/3862
f 3862/3862/3862 3863/3863/3863 2900/2900/2900
f 3863/3863/3863 3864/3864/3864 2900/2900/2900
f 3867/3867/3867 3866/3866/3866 3865/3865/3865
f 3866/3866/3866 3868/3868/3868 3865/3865/3865
f 3869/3869/3869 3868/3868/3868 3866/3866/3866
f 3865/3865/3865 3868/3868/3868 3870/3870/3870
f 3870/3870/3870 3868/3868/3868 3871/3871/3871
f 3871/3871/3871 3868/3868/3868 3872/3872/3872
f 3873/3873/3873 3871/3871/3871 3872/3872/3872
f 3872/3872/3872 3868/3868/3868 3874/3874/3874
f 3875/3875/3875 3872/3872/3872 3874/3874/3874
f 3876/3876/3876 3874/3874/3874 3868/3868/3868
f 3877/3877/3877 3876/3876/3876 3868/3868/3868
f 3874/3874/3874 3876/3876/3876 3878/3878/3878
f 3879/3879/3879 3876/3876/3876 3877/3877/3877
f 3880/3880/3880 3876/3876/3876 3879/3879/3879
f 3878/3878/3878 3876/3876/3876 3881/3881/3881
f 3882/3882/3882 3881/3881/3881 3876/3876/3876
f 3885/3885/3885 3884/3884/3884 3883/3883/3883
f 3884/3884/3884 3886/3886/3886 3883/3883/3883
f 3883/3883/3883 3886/3886/3886 3887/3887/3887
f 3883/3883/3883 3887/3887/3887 3888/3888/3888
f 3888/3888/3888 3887/3887/3887 3889/3889/3889
f 3887/3887/3887 3890/3890/3890 3889/3889/3889
f 3889/3889/3889 3890/3890/3890 3891/3891/3891
f 3890/3890/3890 3892/3892/3892 3891/3891/3891
f 3891/3891/3891 3892/3892/3892 3893/3893/3893
f 3892/3892/3892 3894/3894/3894 3893/3893/3893
f 3895/3895/3895 3893/3893/3893 3894/3894/3894
f 3896/3896/3896 3895/3895/3895 3894/3894/3894
f 3899/3899/3899 3898/3898/3898 3897/3897/3897
f 3899/3899/3899 3897/3897/3897 3900/3900/3900
f 3897/3897/3897 3901/3901/3901 3900/3900/3900
f 3900/3900/3900 3901/3901/3901 3902/3902/3902
f 3901/3901/3901 3903/3903/3903 3902/3902/3902
f 3902/3902/3902 3903/3903/3903 3904/3904/3904
f 3904/3904/3904 3903/3903/3903 3905/3905/3905
f 3903/3903/3903 3906/3906/3906 3905/3905/3905
f 3905/3905/3905 3906/3906/3906 3907/3907/3907
f 3906/3906/3906 3908/3908/3908 3907/3907/3907
f 3906/3906/3906 3909/3909/3909 3908/3908/3908
f 3909/3909/3909 3910/3910/3910 3908/3908/3908
f 3908/3908/3908 3911/3911/3911 3907/3907/3907
f 3912/3912/3912 3911/3911/3911 3908/3908/3908
f 3913/3913/3913 3912/3912/3912 3908/3908/3908
f 3912/3912/3912 3914/3914/3914 3911/3911/3911
f 3914/3914/3914 3915/3915/3915 3911/3911/3911
f 3915/3915/3915 3916/3916/3916 3911/3911/3911
f 3916/3916/3916 3917/3917/3917 3911/3911/3911
f 3918/3918/3918 3913/3913/3913 3908/3908/3908
f 3919/3919/3919 3913/3913/3913 3918/3918/3918
f 3920/3920/3920 3919/3919/3919 3918/3918/3918
f 3921/3921/3921 3919/3919/3919 3920/3920/3920
f 3922/3922/3922 3920/3920/3920 3918/3918/3918
f 3923/3923/3923 3922/3922/3922 3918/3918/3918
f 3923/3923/3923 3918/3918/3918 3924/3924/3924
f 3925/3925/3925 3923/3923/3923 3924/3924/3924
f 3926/3926/3926 3925/3925/3925 3924/3924/3924
f 3927/3927/3927 3926/3926/3926 3924/3924/3924
f 3927/3927/3927 3924/3924/3924 3928/3928/3928
f 3929/3929/3929 3927/3927/3927 3928/3928/3928
f 3924/3924/3924 3930/3930/3930 3928/3928/3928
f 3924/3924/3924 3931/3931/3931 3930/3930/3930
f 3929/3929/3929 3928/3928/3928 3932/3932/3932
f 3933/3933/3933 3929/3929/3929 3932/3932/3932
f 3934/3934/3934 3933/3933/3933 3932/3932/3932
f 3934/3934/3934 3932/3932/3932 3935/3935/3935
f 3932/3932/3932 3936/3936/3936 3935/3935/3935
f 3934/3934/3934 3937/3937/3937 3933/3933/3933
f 3937/3937/3937 3938/3938/3938 3933/3933/3933
f 3941/3941/3941 3940/3940/3940 3939/3939/3939
f 3941/3941/3941 3939/3939/3939 3942/3942/3942
f 3942/3942/3942 3939/3939/3939 3943/3943/3943
f 3939/3939/3939 3944/3944/3944 3943/3943/3943
f 3943/3943/3943 3944/3944/3944 3945/3945/3945
f 3943/3943/3943 3945/3945/3945 3946/3946/3946
f 3945/3945/3945 3947/3947/3947 3946/3946/3946
f 3946/3946/3946 3947/3947/3947 3948/3948/3948
f 3947/3947/3947 3949/3949/3949 3948/3948/3948
f 3948/3948/3948 3949/3949/3949 3950/3950/3950
f 3950/3950/3950 3949/3949/3949 3951/3951/3951
f 3949/3949/3949 3952/3952/3952 3951/3951/3951
f 3951/3951/3951 3952/3952/3952 3953/3953/3953
f 3952/3952/3952 3954/3954/3954 3953/3953/3953
f 3953/3953/3953 3954/3954/3954 3955/3955/3955
f 3954/3954/3954 3956/3956/3956 3955/3955/3955
f 3955/3955/3955 3956/3956/3956 3957/3957/3957
f 3956/3956/3956 3958/3958/3958 3957/3957/3957
f 3957/3957/3957 3958/3958/3958 3959/3959/3959
f 3957/3957/3957 3959/3959/3959 3960/3960/3960
f 3963/3963/3963 3962/3962/3962 3961/3961/3961
f 3963/3963/3963 3964/3964/3964 3962/3962/3962
f 3967/3967/3967 3966/3966/3966 3965/3965/3965
f 3965/3965/3965 3966/3966/3966 3968/3968/3968
f 3969/3969/3969 3965/3965/3965 3968/3968/3968
f 3970/3970/3970 3969/3969/3969 3968/3968/3968
f 3971/3971/3971 3970/3970/3970 3968/3968/3968
f 3972/3972/3972 3971/3971/3971 3968/3968/3968
f 3968/3968/3968 3966/3966/3966 3973/3973/3973
f 3974/3974/3974 3972/3972/3972 3968/3968/3968
f 3975/3975/3975 3972/3972/3972 3974/3974/3974
f 3976/3976/3976 3975/3975/3975 3974/3974/3974
f 3966/3966/3966 3977/3977/3977 3973/3973/3973
f 3973/3973/3973 3977/3977/3977 3978/3978/3978
f 3977/3977/3977 3979/3979/3979 3978/3978/3978
f 3977/3977/3977 3980/3980/3980 3979/3979/3979
f 3980/3980/3980 3981/3981/3981 3979/3979/3979
f 3980/3980/3980 3982/3982/3982 3981/3981/3981
f 3982/3982/3982 3983/3983/3983 3981/3981/3981
f 3982/3982/3982 3984/3984/3984 3983/3983/3983
f 3984/3984/3984 3985/3985/3985 3983/3983/3983
f 3984/3984/3984 3986/3986/3986 3985/3985/3985
f 3986/3986/3986 3987/3987/3987 3985/3985/3985
f 3986/3986/3986 3988/3988/3988 3987/3987/3987
f 3991/3991/3991 3990/3990/3990 3989/3989/3989
f 3992/3992/3992 3991/3991/3991 3989/3989/3989
f 3993/3993/3993 3991/3991/3991 3992/3992/3992
f 3993/3993/3993 3994/3994/3994 3991/3991/3991
f 3994/3994/3994 3995/3995/3995 3991/3991/3991
f 3998/3998/3998 3997/3997/3997 3996/3996/3996
f 3998/3998/3998 3996/3996/3996 3999/3999/3999
f 4000/4000/4000 3999/3999/3999 3996/3996/3996
f 4001/4001/4001 3999/3999/3999 4000/4000/4000
f 4004/4004/4004 4003/4003/4003 4002/4002/4002
f 4005/4005/4005 4004/4004/4004 4002/4002/4002
f 4008/4008/4008 4007/4007/4007 4006/4006/4006
f 4008/4008/4008 4006/4006/4006 4009/4009/4009
f 4010/4010/4010 4008/4008/4008 4009/4009/4009
f 4011/4011/4011 4008/4008/4008 4010/4010/4010
f 4011/4011/4011 4012/4012/4012 4008/4008/4008
f 4013/4013/4013 4012/4012/4012 4011/4011/4011
f 4015/4015/4015 1940/1940/1940 4014/4014/4014
f 4015/4015/4015 4016/4016/4016 1940/1940/1940
f 4017/4017/4017 4016/4016/4016 4015/4015/4015
f 4017/4017/4017 4018/4018/4018 4016/4016/4016
f 4019/4019/4019 4018/4018/4018 4017/4017/4017
f 4020/4020/4020 4018/4018/4018 4019/4019/4019
f 4020/4020/4020 2766/2766/2766 4018/4018/4018
f 4018/4018/4018 2766/2766/2766 4016/4016/4016
f 4016/4016/4016 2766/2766/2766 1940/1940/1940
f 4021/4021/4021 1940/1940/1940 2766/2766/2766
f 1945/1945/1945 1940/1940/1940 4021/4021/4021
f 1945/1945/1945 4021/4021/4021 4022/4022/4022
f 1945/1945/1945 4022/4022/4022 1947/1947/1947
f 4021/4021/4021 2766/2766/2766 4023/4023/4023
f 4021/4021/4021 4023/4023/4023 4022/4022/4022
f 2766/2766/2766 4024/4024/4024 4023/4023/4023
f 4024/4024/4024 2766/2766/2766 2770/2770/2770
f 4025/4025/4025 1947/1947/1947 4022/4022/4022
f 4026/4026/4026 4022/4022/4022 4023/4023/4023
f 4026/4026/4026 4025/4025/4025 4022/4022/4022
f 4027/4027/4027 4023/4023/4023 4024/4024/4024
f 4027/4027/4027 4026/4026/4026 4023/4023/4023
f 4028/4028/4028 4024/4024/4024 2770/2770/2770
f 4028/4028/4028 4027/4027/4027 4024/4024/4024
f 4027/4027/4027 4028/4028/4028 4029/4029/4029
f 4030/4030/4030 4027/4027/4027 4029/4029/4029
f 4026/4026/4026 4027/4027/4027 4030/4030/4030
f 4025/4025/4025 4026/4026/4026 4030/4030/4030
f 4028/4028/4028 4031/4031/4031 4029/4029/4029
f 4031/4031/4031 4028/4028/4028 2770/2770/2770
f 4031/4031/4031 2770/2770/2770 2767/2767/2767
f 4032/4032/4032 1947/1947/1947 4025/4025/4025
f 4030/4030/4030 4032/4032/4032 4025/4025/4025
f 1946/1946/1946 1947/1947/1947 4032/4032/4032
f 4033/4033/4033 4031/4031/4031 2767/2767/2767
f 4031/4031/4031 4033/4033/4033 4029/4029/4029
f 2767/2767/2767 4034/4034/4034 4033/4033/4033
f 4034/4034/4034 4035/4035/4035 4033/4033/4033
f 4034/4034/4034 4036/4036/4036 4035/4035/4035
f 4036/4036/4036 4037/4037/4037 4035/4035/4035
f 4029/4029/4029 4033/4033/4033 4038/4038/4038
f 4037/4037/4037 4036/4036/4036 4039/4039/4039
f 4040/4040/4040 4037/4037/4037 4039/4039/4039
f 4040/4040/4040 4039/4039/4039 4041/4041/4041
f 4039/4039/4039 4042/4042/4042 4041/4041/4041
f 4041/4041/4041 4042/4042/4042 4043/4043/4043
f 4042/4042/4042 2754/2754/2754 4043/4043/4043
f 4029/4029/4029 4038/4038/4038 4044/4044/4044
f 4043/4043/4043 2754/2754/2754 4045/4045/4045
f 2754/2754/2754 2758/2758/2758 4045/4045/4045
f 2720/2720/2720 4043/4043/4043 4045/4045/4045
f 4046/4046/4046 4043/4043/4043 2720/2720/2720
f 4047/4047/4047 4046/4046/4046 2720/2720/2720
f 2721/2721/2721 4044/4044/4044 4047/4047/4047
f 2721/2721/2721 4047/4047/4047 2720/2720/2720
f 4048/4048/4048 4044/4044/4044 2721/2721/2721
f 4029/4029/4029 4044/4044/4044 4048/4048/4048
f 4048/4048/4048 2721/2721/2721 2682/2682/2682
f 4029/4029/4029 4048/4048/4048 2682/2682/2682
f 4049/4049/4049 4029/4029/4029 2682/2682/2682
f 2684/2684/2684 4049/4049/4049 2682/2682/2682
f 4030/4030/4030 4029/4029/4029 4049/4049/4049
f 1946/1946/1946 4049/4049/4049 2684/2684/2684
f 4032/4032/4032 4030/4030/4030 4049/4049/4049
f 1946/1946/1946 4032/4032/4032 4049/4049/4049
f 2720/2720/2720 4045/4045/4045 4050/4050/4050
f 4050/4050/4050 4045/4045/4045 2758/2758/2758
f 4051/4051/4051 2720/2720/2720 4050/4050/4050
f 2720/2720/2720 4051/4051/4051 2714/2714/2714
f 4051/4051/4051 2734/2734/2734 2714/2714/2714
f 4052/4052/4052 4050/4050/4050 2758/2758/2758
f 4052/4052/4052 2758/2758/2758 2759/2759/2759
f 4050/4050/4050 4052/4052/4052 4053/4053/4053
f 4053/4053/4053 4052/4052/4052 2759/2759/2759
f 4051/4051/4051 4050/4050/4050 4054/4054/4054
f 4054/4054/4054 4050/4050/4050 4053/4053/4053
f 4055/4055/4055 4053/4053/4053 2759/2759/2759
f 4055/4055/4055 4054/4054/4054 4053/4053/4053
f 4056/4056/4056 4055/4055/4055 2759/2759/2759
f 4051/4051/4051 4057/4057/4057 2734/2734/2734
f 4057/4057/4057 4051/4051/4051 4054/4054/4054
f 4058/4058/4058 4055/4055/4055 4056/4056/4056
f 4058/4058/4058 4056/4056/4056 4059/4059/4059
f 4060/4060/4060 4054/4054/4054 4055/4055/4055
f 4060/4060/4060 4057/4057/4057 4054/4054/4054
f 4058/4058/4058 4060/4060/4060 4055/4055/4055
f 4057/4057/4057 4061/4061/4061 2734/2734/2734
f 4061/4061/4061 4057/4057/4057 4060/4060/4060
f 4058/4058/4058 4061/4061/4061 4060/4060/4060
f 4061/4061/4061 4058/4058/4058 4059/4059/4059
f 2734/2734/2734 4061/4061/4061 2735/2735/2735
f 4061/4061/4061 4059/4059/4059 2735/2735/2735
f 4064/4064/4064 4063/4063/4063 4062/4062/4062
f 4062/4062/4062 4063/4063/4063 4065/4065/4065
f 4063/4063/4063 4066/4066/4066 4065/4065/4065
f 4069/4069/4069 4068/4068/4068 4067/4067/4067
f 4068/4068/4068 4070/4070/4070 4067/4067/4067
f 4067/4067/4067 4070/4070/4070 4071/4071/4071
f 4067/4067/4067 4071/4071/4071 4072/4072/4072
f 4073/4073/4073 4067/4067/4067 4072/4072/4072
f 4074/4074/4074 4067/4067/4067 4073/4073/4073
f 4072/4072/4072 4071/4071/4071 4075/4075/4075
f 4071/4071/4071 4076/4076/4076 4075/4075/4075
f 4076/4076/4076 4077/4077/4077 4075/4075/4075
f 4075/4075/4075 4077/4077/4077 4078/4078/4078
f 4077/4077/4077 4079/4079/4079 4078/4078/4078
f 4080/4080/4080 4074/4074/4074 4073/4073/4073
f 4081/4081/4081 4074/4074/4074 4080/4080/4080
f 4082/4082/4082 4081/4081/4081 4080/4080/4080
f 4083/4083/4083 4082/4082/4082 4080/4080/4080
f 4084/4084/4084 4082/4082/4082 4083/4083/4083
f 4085/4085/4085 4084/4084/4084 4083/4083/4083
f 4086/4086/4086 4084/4084/4084 4085/4085/4085
f 4087/4087/4087 4086/4086/4086 4085/4085/4085
f 4088/4088/4088 4086/4086/4086 4087/4087/4087
f 4089/4089/4089 4088/4088/4088 4087/4087/4087
f 4090/4090/4090 4088/4088/4088 4089/4089/4089
f 4078/4078/4078 4079/4079/4079 4091/4091/4091
f 4079/4079/4079 4092/4092/4092 4091/4091/4091
f 4093/4093/4093 4090/4090/4090 4089/4089/4089
f 4094/4094/4094 4090/4090/4090 4093/4093/4093
f 4095/4095/4095 4094/4094/4094 4093/4093/4093
f 4096/4096/4096 4095/4095/4095 4093/4093/4093
f 4097/4097/4097 4095/4095/4095 4096/4096/4096
f 4098/4098/4098 4097/4097/4097 4096/4096/4096
f 4099/4099/4099 4097/4097/4097 4098/4098/4098
f 4100/4100/4100 4091/4091/4091 4092/4092/4092
f 4101/4101/4101 4091/4091/4091 4100/4100/4100
f 4102/4102/4102 4099/4099/4099 4098/4098/4098
f 4103/4103/4103 4099/4099/4099 4102/4102/4102
f 4104/4104/4104 4103/4103/4103 4102/4102/4102
f 4105/4105/4105 4104/4104/4104 4102/4102/4102
f 4106/4106/4106 4104/4104/4104 4105/4105/4105
f 4107/4107/4107 4106/4106/4106 4105/4105/4105
f 4108/4108/4108 4106/4106/4106 4107/4107/4107
f 4109/4109/4109 4101/4101/4101 4100/4100/4100
f 4109/4109/4109 4108/4108/4108 4107/4107/4107
f 4110/4110/4110 4109/4109/4109 4100/4100/4100
f 4111/4111/4111 4108/4108/4108 4109/4109/4109
f 4110/4110/4110 4111/4111/4111 4109/4109/4109
f 4114/4114/4114 4113/4113/4113 4112/4112/4112
f 4115/4115/4115 4114/4114/4114 4112/4112/4112
f 4118/4118/4118 4117/4117/4117 4116/4116/4116
f 4119/4119/4119 4118/4118/4118 4116/4116/4116
f 4119/4119/4119 4116/4116/4116 4120/4120/4120
f 4119/4119/4119 4120/4120/4120 4121/4121/4121
f 4122/4122/4122 4119/4119/4119 4121/4121/4121
f 4123/4123/4123 4122/4122/4122 4121/4121/4121
f 4124/4124/4124 4123/4123/4123 4121/4121/4121
f 4125/4125/4125 4124/4124/4124 4121/4121/4121
f 4126/4126/4126 4125/4125/4125 4121/4121/4121
f 4127/4127/4127 4126/4126/4126 4121/4121/4121
f 4128/4128/4128 4126/4126/4126 4127/4127/4127
f 4129/4129/4129 4128/4128/4128 4127/4127/4127
f 4130/4130/4130 4129/4129/4129 4127/4127/4127
f 4131/4131/4131 4130/4130/4130 4127/4127/4127
f 4132/4132/4132 4131/4131/4131 4127/4127/4127
f 4133/4133/4133 4132/4132/4132 4127/4127/4127
f 4134/4134/4134 4133/4133/4133 4127/4127/4127
f 4135/4135/4135 4133/4133/4133 4134/4134/4134
f 4136/4136/4136 4135/4135/4135 4134/4134/4134
f 4137/4137/4137 4135/4135/4135 4136/4136/4136
f 4140/4140/4140 4139/4139/4139 4138/4138/4138
f 4138/4138/4138 4139/4139/4139 4141/4141/4141
f 4142/4142/4142 4138/4138/4138 4141/4141/4141
f 4143/4143/4143 4142/4142/4142 4141/4141/4141
f 4144/4144/4144 4143/4143/4143 4141/4141/4141
f 4145/4145/4145 4144/4144/4144 4141/4141/4141
f 4141/4141/4141 4139/4139/4139 4146/4146/4146
f 4147/4147/4147 4145/4145/4145 4141/4141/4141
f 4148/4148/4148 4145/4145/4145 4147/4147/4147
f 4149/4149/4149 4148/4148/4148 4147/4147/4147
f 4139/4139/4139 4150/4150/4150 4146/4146/4146
f 4146/4146/4146 4150/4150/4150 4151/4151/4151
f 4150/4150/4150 4152/4152/4152 4151/4151/4151
f 4150/4150/4150 4153/4153/4153 4152/4152/4152
f 4153/4153/4153 4154/4154/4154 4152/4152/4152
f 4153/4153/4153 4155/4155/4155 4154/4154/4154
f 4155/4155/4155 4156/4156/4156 4154/4154/4154
f 4155/4155/4155 4157/4157/4157 4156/4156/4156
f 4157/4157/4157 4158/4158/4158 4156/4156/4156
f 4157/4157/4157 4159/4159/4159 4158/4158/4158
f 4159/4159/4159 4160/4160/4160 4158/4158/4158
f 4159/4159/4159 4161/4161/4161 4160/4160/4160
f 4164/4164/4164 4163/4163/4163 4162/4162/4162
f 4165/4165/4165 4164/4164/4164 4162/4162/4162
f 4164/4164/4164 4165/4165/4165 4166/4166/4166
f 4167/4167/4167 4164/4164/4164 4166/4166/4166
f 4170/4170/4170 4169/4169/4169 4168/4168/4168
f 4168/4168/4168 4169/4169/4169 4171/4171/4171
f 4168/4168/4168 4171/4171/4171 4172/4172/4172
f 4172/4172/4172 4171/4171/4171 4173/4173/4173
f 4171/4171/4171 4174/4174/4174 4173/4173/4173
f 4177/4177/4177 4176/4176/4176 4175/4175/4175
f 3571/3571/3571 4176/4176/4176 4177/4177/4177
f 4176/4176/4176 3571/3571/3571 2983/2983/2983
f 3571/3571/3571 4178/4178/4178 2983/2983/2983
f 2983/2983/2983 4178/4178/4178 2981/2981/2981
f 4178/4178/4178 3571/3571/3571 3570/3570/3570
f 4178/4178/4178 3570/3570/3570 4179/4179/4179
f 4179/4179/4179 3570/3570/3570 4180/4180/4180
f 4180/4180/4180 3570/3570/3570 4181/4181/4181
f 4180/4180/4180 4181/4181/4181 4182/4182/4182
f 4178/4178/4178 4183/4183/4183 2981/2981/2981
f 4183/4183/4183 4184/4184/4184 2981/2981/2981
f 4178/4178/4178 4185/4185/4185 4183/4183/4183
f 4185/4185/4185 4186/4186/4186 4183/4183/4183
f 4189/4189/4189 4188/4188/4188 4187/4187/4187
f 4190/4190/4190 4188/4188/4188 4189/4189/4189
f 4191/4191/4191 4190/4190/4190 4189/4189/4189
f 4192/4192/4192 4191/4191/4191 4189/4189/4189
f 4192/4192/4192 4193/4193/4193 4191/4191/4191
f 4191/4191/4191 4193/4193/4193 4194/4194/4194
f 4190/4190/4190 4195/4195/4195 4188/4188/4188
f 4191/4191/4191 4196/4196/4196 4190/4190/4190
f 4195/4195/4195 4197/4197/4197 4188/4188/4188
f 4188/4188/4188 4197/4197/4197 4198/4198/4198
f 4188/4188/4188 4198/4198/4198 4199/4199/4199
f 4188/4188/4188 4199/4199/4199 4200/4200/4200
f 4188/4188/4188 4200/4200/4200 4201/4201/4201
f 4200/4200/4200 4202/4202/4202 4201/4201/4201
f 4196/4196/4196 4191/4191/4191 4203/4203/4203
f 4204/4204/4204 4196/4196/4196 4203/4203/4203
f 4205/4205/4205 4203/4203/4203 4191/4191/4191
f 4206/4206/4206 4196/4196/4196 4204/4204/4204
f 4207/4207/4207 4205/4205/4205 4191/4191/4191
f 4207/4207/4207 4191/4191/4191 4194/4194/4194
f 4207/4207/4207 4194/4194/4194 4208/4208/4208
f 4209/4209/4209 4207/4207/4207 4208/4208/4208
f 4209/4209/4209 4208/4208/4208 4210/4210/4210
f 4211/4211/4211 4209/4209/4209 4210/4210/4210
f 4211/4211/4211 4210/4210/4210 4212/4212/4212
f 4213/4213/4213 4211/4211/4211 4212/4212/4212
f 4214/4214/4214 4213/4213/4213 4212/4212/4212
f 4215/4215/4215 4213/4213/4213 4214/4214/4214
f 4216/4216/4216 4215/4215/4215 4214/4214/4214
f 4217/4217/4217 4196/4196/4196 4206/4206/4206
f 4218/4218/4218 4196/4196/4196 4217/4217/4217
f 4219/4219/4219 4196/4196/4196 4218/4218/4218
f 4220/4220/4220 4219/4219/4219 4218/4218/4218
f 4219/4219/4219 4221/4221/4221 4196/4196/4196
f 4221/4221/4221 4222/4222/4222 4196/4196/4196
f 4221/4221/4221 4223/4223/4223 4222/4222/4222
f 4196/4196/4196 4222/4222/4222 4224/4224/4224
f 4224/4224/4224 4222/4222/4222 4225/4225/4225
f 4224/4224/4224 4225/4225/4225 4226/4226/4226
f 4226/4226/4226 4225/4225/4225 4227/4227/4227
f 4225/4225/4225 4228/4228/4228 4227/4227/4227
f 4231/4231/4231 4230/4230/4230 4229/4229/4229
f 4230/4230/4230 4232/4232/4232 4229/4229/4229
f 4232/4232/4232 4233/4233/4233 4229/4229/4229
f 4229/4229/4229 4233/4233/4233 4234/4234/4234
f 4233/4233/4233 4235/4235/4235 4234/4234/4234
f 4234/4234/4234 4235/4235/4235 4236/4236/4236
f 4235/4235/4235 4237/4237/4237 4236/4236/4236
f 4236/4236/4236 4237/4237/4237 4238/4238/4238
f 4235/4235/4235 4239/4239/4239 4237/4237/4237
f 4240/4240/4240 4239/4239/4239 4235/4235/4235
f 4241/4241/4241 4240/4240/4240 4235/4235/4235
f 4237/4237/4237 4242/4242/4242 4238/4238/4238
f 4242/4242/4242 4243/4243/4243 4238/4238/4238
f 4238/4238/4238 4243/4243/4243 4244/4244/4244
f 4243/4243/4243 4245/4245/4245 4244/4244/4244
f 4244/4244/4244 4245/4245/4245 4246/4246/4246
f 4245/4245/4245 4247/4247/4247 4246/4246/4246
f 4248/4248/4248 4246/4246/4246 4247/4247/4247
f 4249/4249/4249 4246/4246/4246 4248/4248/4248
f 4250/4250/4250 4249/4249/4249 4248/4248/4248
f 4251/4251/4251 4250/4250/4250 4248/4248/4248
f 4251/4251/4251 4252/4252/4252 4250/4250/4250
f 4252/4252/4252 4253/4253/4253 4250/4250/4250
f 4250/4250/4250 4253/4253/4253 4254/4254/4254
f 4253/4253/4253 4255/4255/4255 4254/4254/4254
f 4253/4253/4253 4256/4256/4256 4255/4255/4255
f 4256/4256/4256 4257/4257/4257 4255/4255/4255
f 4254/4254/4254 4255/4255/4255 4258/4258/4258
f 4255/4255/4255 4259/4259/4259 4258/4258/4258
f 4258/4258/4258 4259/4259/4259 4260/4260/4260
f 4259/4259/4259 4261/4261/4261 4260/4260/4260
f 4260/4260/4260 4261/4261/4261 4262/4262/4262
f 4261/4261/4261 4263/4263/4263 4262/4262/4262
f 4263/4263/4263 4264/4264/4264 4262/4262/4262
f 4262/4262/4262 4264/4264/4264 4265/4265/4265
f 4264/4264/4264 4266/4266/4266 4265/4265/4265
f 4265/4265/4265 4266/4266/4266 4267/4267/4267
f 4266/4266/4266 4268/4268/4268 4267/4267/4267
f 4267/4267/4267 4268/4268/4268 4269/4269/4269
f 4268/4268/4268 4270/4270/4270 4269/4269/4269
f 4269/4269/4269 4270/4270/4270 4271/4271/4271
f 4270/4270/4270 4272/4272/4272 4271/4271/4271
f 4270/4270/4270 4273/4273/4273 4272/4272/4272
f 4272/4272/4272 4274/4274/4274 4271/4271/4271
f 4271/4271/4271 4274/4274/4274 4275/4275/4275
f 4274/4274/4274 4276/4276/4276 4275/4275/4275
f 4275/4275/4275 4276/4276/4276 4277/4277/4277
f 4276/4276/4276 4278/4278/4278 4277/4277/4277
f 4281/4281/4281 4280/4280/4280 4279/4279/4279
f 4281/4281/4281 4282/4282/4282 4280/4280/4280
f 4283/4283/4283 4282/4282/4282 4281/4281/4281
f 4286/4286/4286 4285/4285/4285 4284/4284/4284
f 4286/4286/4286 4284/4284/4284 4287/4287/4287
f 4290/4290/4290 4289/4289/4289 4288/4288/4288
f 4291/4291/4291 4290/4290/4290 4288/4288/4288
f 4294/4294/4294 4293/4293/4293 4292/4292/4292
f 4295/4295/4295 4294/4294/4294 4292/4292/4292
f 4295/4295/4295 4292/4292/4292 4296/4296/4296
f 4295/4295/4295 4296/4296/4296 4297/4297/4297
f 4298/4298/4298 4295/4295/4295 4297/4297/4297
f 4299/4299/4299 4298/4298/4298 4297/4297/4297
f 4300/4300/4300 4299/4299/4299 4297/4297/4297
f 4301/4301/4301 4300/4300/4300 4297/4297/4297
f 4302/4302/4302 4301/4301/4301 4297/4297/4297
f 4303/4303/4303 4302/4302/4302 4297/4297/4297
f 4304/4304/4304 4302/4302/4302 4303/4303/4303
f 4305/4305/4305 4304/4304/4304 4303/4303/4303
f 4306/4306/4306 4305/4305/4305 4303/4303/4303
f 4307/4307/4307 4306/4306/4306 4303/4303/4303
f 4308/4308/4308 4307/4307/4307 4303/4303/4303
f 4309/4309/4309 4308/4308/4308 4303/4303/4303
f 4310/4310/4310 4309/4309/4309 4303/4303/4303
f 4311/4311/4311 4309/4309/4309 4310/4310/4310
f 4312/4312/4312 4311/4311/4311 4310/4310/4310
f 4313/4313/4313 4311/4311/4311 4312/4312/4312
f 4316/4316/4316 4315/4315/4315 4314/4314/4314
f 4317/4317/4317 4316/4316/4316 4314/4314/4314
f 4318/4318/4318 4317/4317/4317 4314/4314/4314
f 4318/4318/4318 4314/4314/4314 4319/4319/4319
f 4316/4316/4316 4317/4317/4317 4320/4320/4320
f 4321/4321/4321 4316/4316/4316 4320/4320/4320
f 4317/4317/4317 4322/4322/4322 4320/4320/4320
f 4317/4317/4317 4318/4318/4318 4322/4322/4322
f 4318/4318/4318 4319/4319/4319 4323/4323/4323
f 4323/4323/4323 4319/4319/4319 4324/4324/4324
f 4322/4322/4322 4318/4318/4318 4325/4325/4325
f 4325/4325/4325 4318/4318/4318 4326/4326/4326
f 4318/4318/4318 863/863/863 4326/4326/4326
f 4318/4318/4318 4323/4323/4323 863/863/863
f 4325/4325/4325 4326/4326/4326 863/863/863
f 4323/4323/4323 876/876/876 863/863/863
f 865/865/865 4325/4325/4325 863/863/863
f 4323/4323/4323 4327/4327/4327 876/876/876
f 4327/4327/4327 4323/4323/4323 4324/4324/4324
f 876/876/876 4327/4327/4327 4328/4328/4328
f 876/876/876 4328/4328/4328 1021/1021/1021
f 4327/4327/4327 4324/4324/4324 4329/4329/4329
f 4327/4327/4327 4329/4329/4329 4328/4328/4328
f 4330/4330/4330 4329/4329/4329 4324/4324/4324
f 4328/4328/4328 4329/4329/4329 4330/4330/4330
f 4328/4328/4328 4331/4331/4331 1021/1021/1021
f 4331/4331/4331 1020/1020/1020 1021/1021/1021
f 4332/4332/4332 4330/4330/4330 4324/4324/4324
f 4333/4333/4333 4332/4332/4332 4324/4324/4324
f 4333/4333/4333 4334/4334/4334 4332/4332/4332
f 4332/4332/4332 4334/4334/4334 4335/4335/4335
f 4335/4335/4335 1020/1020/1020 4331/4331/4331
f 4335/4335/4335 1018/1018/1018 1020/1020/1020
f 4334/4334/4334 1018/1018/1018 4335/4335/4335
f 1018/1018/1018 4334/4334/4334 1025/1025/1025
f 4334/4334/4334 4336/4336/4336 1025/1025/1025
f 4328/4328/4328 4337/4337/4337 4331/4331/4331
f 4328/4328/4328 4330/4330/4330 4337/4337/4337
f 4337/4337/4337 4335/4335/4335 4331/4331/4331
f 4330/4330/4330 4338/4338/4338 4337/4337/4337
f 4338/4338/4338 4335/4335/4335 4337/4337/4337
f 4336/4336/4336 4339/4339/4339 1025/1025/1025
f 4336/4336/4336 4340/4340/4340 4339/4339/4339
f 4341/4341/4341 4339/4339/4339 4340/4340/4340
f 4339/4339/4339 4342/4342/4342 1025/1025/1025
f 4342/4342/4342 1026/1026/1026 1025/1025/1025
f 4343/4343/4343 1026/1026/1026 4342/4342/4342
f 4344/4344/4344 4341/4341/4341 4340/4340/4340
f 4345/4345/4345 4343/4343/4343 4342/4342/4342
f 4342/4342/4342 4339/4339/4339 4345/4345/4345
f 4346/4346/4346 4343/4343/4343 4345/4345/4345
f 4347/4347/4347 4346/4346/4346 4345/4345/4345
f 4345/4345/4345 4339/4339/4339 4347/4347/4347
f 4348/4348/4348 4346/4346/4346 4347/4347/4347
f 4349/4349/4349 4348/4348/4348 4347/4347/4347
f 4347/4347/4347 4339/4339/4339 4349/4349/4349
f 4350/4350/4350 4348/4348/4348 4349/4349/4349
f 4351/4351/4351 4350/4350/4350 4349/4349/4349
f 4349/4349/4349 4339/4339/4339 4351/4351/4351
f 4352/4352/4352 4350/4350/4350 4351/4351/4351
f 4353/4353/4353 4352/4352/4352 4351/4351/4351
f 4339/4339/4339 4353/4353/4353 4351/4351/4351
f 4354/4354/4354 4352/4352/4352 4353/4353/4353
f 4339/4339/4339 4355/4355/4355 4353/4353/4353
f 4341/4341/4341 4355/4355/4355 4339/4339/4339
f 4356/4356/4356 4354/4354/4354 4353/4353/4353
f 4355/4355/4355 4356/4356/4356 4353/4353/4353
f 4354/4354/4354 4356/4356/4356 4357/4357/4357
f 4358/4358/4358 4357/4357/4357 4356/4356/4356
f 4359/4359/4359 4357/4357/4357 4358/4358/4358
f 4356/4356/4356 4355/4355/4355 4360/4360/4360
f 4355/4355/4355 4361/4361/4361 4360/4360/4360
f 4355/4355/4355 4341/4341/4341 4361/4361/4361
f 4360/4360/4360 4361/4361/4361 4362/4362/4362
f 4361/4361/4361 4363/4363/4363 4362/4362/4362
f 4341/4341/4341 4363/4363/4363 4361/4361/4361
f 4362/4362/4362 4363/4363/4363 4364/4364/4364
f 4363/4363/4363 4365/4365/4365 4364/4364/4364
f 4363/4363/4363 4341/4341/4341 4365/4365/4365
f 4364/4364/4364 4365/4365/4365 4366/4366/4366
f 4341/4341/4341 4367/4367/4367 4365/4365/4365
f 4365/4365/4365 4367/4367/4367 4366/4366/4366
f 4341/4341/4341 4344/4344/4344 4367/4367/4367
f 4368/4368/4368 4366/4366/4366 4367/4367/4367
f 4344/4344/4344 4369/4369/4369 4367/4367/4367
f 4369/4369/4369 4368/4368/4368 4367/4367/4367
f 4371/4371/4371 4370/4370/4370 1211/1211/1211
f 4370/4370/4370 4372/4372/4372 1211/1211/1211
f 4372/4372/4372 4370/4370/4370 4322/4322/4322
f 4372/4372/4372 4373/4373/4373 1211/1211/1211
f 4373/4373/4373 1230/1230/1230 1211/1211/1211
f 4373/4373/4373 1237/1237/1237 1230/1230/1230
f 4322/4322/4322 4374/4374/4374 4372/4372/4372
f 4322/4322/4322 4325/4325/4325 4374/4374/4374
f 4372/4372/4372 4375/4375/4375 4373/4373/4373
f 4375/4375/4375 1237/1237/1237 4373/4373/4373
f 4372/4372/4372 4374/4374/4374 4375/4375/4375
f 4376/4376/4376 4374/4374/4374 4325/4325/4325
f 4376/4376/4376 4375/4375/4375 4374/4374/4374
f 865/865/865 4376/4376/4376 4325/4325/4325
f 4375/4375/4375 4377/4377/4377 1237/1237/1237
f 4376/4376/4376 4377/4377/4377 4375/4375/4375
f 4377/4377/4377 1252/1252/1252 1237/1237/1237
f 4378/4378/4378 4376/4376/4376 865/865/865
f 4378/4378/4378 4377/4377/4377 4376/4376/4376
f 4377/4377/4377 4378/4378/4378 1252/1252/1252
f 857/857/857 4378/4378/4378 865/865/865
f 857/857/857 1252/1252/1252 4378/4378/4378
f 857/857/857 4379/4379/4379 1252/1252/1252
f 4380/4380/4380 4379/4379/4379 857/857/857
f 856/856/856 4380/4380/4380 857/857/857
f 4381/4381/4381 4380/4380/4380 856/856/856
f 4382/4382/4382 4381/4381/4381 856/856/856
f 848/848/848 4382/4382/4382 856/856/856
f 3601/3601/3601 4381/4381/4381 4382/4382/4382
f 4383/4383/4383 4382/4382/4382 848/848/848
f 4383/4383/4383 3601/3601/3601 4382/4382/4382
f 802/802/802 4383/4383/4383 848/848/848
f 3601/3601/3601 4383/4383/4383 787/787/787
f 787/787/787 4384/4384/4384 802/802/802
f 802/802/802 4384/4384/4384 4383/4383/4383
f 4384/4384/4384 787/787/787 4383/4383/4383
f 4386/4386/4386 4385/4385/4385 624/624/624
f 624/624/624 4385/4385/4385 4387/4387/4387
f 624/624/624 4387/4387/4387 4388/4388/4388
f 4389/4389/4389 624/624/624 4388/4388/4388
f 4390/4390/4390 624/624/624 4389/4389/4389
f 4391/4391/4391 4390/4390/4390 4389/4389/4389
f 4392/4392/4392 4391/4391/4391 4389/4389/4389
f 4393/4393/4393 4391/4391/4391 4392/4392/4392
f 4394/4394/4394 4390/4390/4390 4391/4391/4391
f 4395/4395/4395 624/624/624 4390/4390/4390
f 621/621/621 624/624/624 4395/4395/4395
f 621/621/621 4395/4395/4395 4396/4396/4396
f 4396/4396/4396 619/619/619 621/621/621
f 4397/4397/4397 619/619/619 4396/4396/4396
f 4396/4396/4396 4395/4395/4395 4398/4398/4398
f 619/619/619 4397/4397/4397 4399/4399/4399
f 4390/4390/4390 4400/4400/4400 4395/4395/4395
f 4400/4400/4400 4398/4398/4398 4395/4395/4395
f 619/619/619 4399/4399/4399 4401/4401/4401
f 619/619/619 4401/4401/4401 620/620/620
f 4399/4399/4399 4402/4402/4402 4401/4401/4401
f 4401/4401/4401 4402/4402/4402 4403/4403/4403
f 4402/4402/4402 4404/4404/4404 4403/4403/4403
f 4401/4401/4401 4405/4405/4405 620/620/620
f 620/620/620 4405/4405/4405 4406/4406/4406
f 4407/4407/4407 4406/4406/4406 4405/4405/4405
f 4407/4407/4407 4408/4408/4408 4406/4406/4406
f 4409/4409/4409 4402/4402/4402 4399/4399/4399
f 4409/4409/4409 4399/4399/4399 4410/4410/4410
f 4411/4411/4411 4409/4409/4409 4410/4410/4410
f 4411/4411/4411 4410/4410/4410 4412/4412/4412
f 4411/4411/4411 4412/4412/4412 4398/4398/4398
f 4404/4404/4404 4402/4402/4402 4413/4413/4413
f 4413/4413/4413 4402/4402/4402 4414/4414/4414
f 4413/4413/4413 4415/4415/4415 4404/4404/4404
f 4415/4415/4415 4416/4416/4416 4404/4404/4404
f 4413/4413/4413 4417/4417/4417 4415/4415/4415
f 4418/4418/4418 4417/4417/4417 4413/4413/4413
f 4418/4418/4418 4419/4419/4419 4417/4417/4417
f 4420/4420/4420 4419/4419/4419 4418/4418/4418
f 4413/4413/4413 4414/4414/4414 4421/4421/4421
f 4422/4422/4422 4419/4419/4419 4420/4420/4420
f 4421/4421/4421 4414/4414/4414 4423/4423/4423
f 4424/4424/4424 4422/4422/4422 4420/4420/4420
f 4424/4424/4424 4423/4423/4423 4414/4414/4414
f 4425/4425/4425 4422/4422/4422 4424/4424/4424
f 4425/4425/4425 4426/4426/4426 4422/4422/4422
f 4426/4426/4426 4427/4427/4427 4422/4422/4422
f 4426/4426/4426 4428/4428/4428 4427/4427/4427
f 4426/4426/4426 4429/4429/4429 4428/4428/4428
f 4429/4429/4429 4426/4426/4426 4430/4430/4430
f 4431/4431/4431 4429/4429/4429 4430/4430/4430
f 4430/4430/4430 4426/4426/4426 4432/4432/4432
f 4432/4432/4432 4426/4426/4426 4433/4433/4433
f 4433/4433/4433 4426/4426/4426 4425/4425/4425
f 4432/4432/4432 4433/4433/4433 4434/4434/4434
f 4414/4414/4414 4435/4435/4435 4424/4424/4424
f 4435/4435/4435 4425/4425/4425 4424/4424/4424
f 4436/4436/4436 4425/4425/4425 4435/4435/4435
f 4437/4437/4437 4425/4425/4425 4436/4436/4436
f 4433/4433/4433 4425/4425/4425 4437/4437/4437
f 4414/4414/4414 4438/4438/4438 4435/4435/4435
f 4435/4435/4435 4438/4438/4438 4439/4439/4439
f 4437/4437/4437 4440/4440/4440 4433/4433/4433
f 4434/4434/4434 4433/4433/4433 4440/4440/4440
f 4437/4437/4437 4441/4441/4441 4440/4440/4440
f 4434/4434/4434 4440/4440/4440 4441/4441/4441
f 4437/4437/4437 4442/4442/4442 4441/4441/4441
f 4443/4443/4443 4441/4441/4441 4442/4442/4442
f 4444/4444/4444 4439/4439/4439 4438/4438/4438
f 4445/4445/4445 4439/4439/4439 4444/4444/4444
f 4442/4442/4442 4445/4445/4445 4444/4444/4444
f 4444/4444/4444 4438/4438/4438 4446/4446/4446
f 4446/4446/4446 4438/4438/4438 4447/4447/4447
f 4447/4447/4447 4414/4414/4414 4448/4448/4448
f 4446/4446/4446 4447/4447/4447 4448/4448/4448
f 4448/4448/4448 4414/4414/4414 4402/4402/4402
f 4449/4449/4449 4448/4448/4448 4402/4402/4402
f 4450/4450/4450 4446/4446/4446 4448/4448/4448
f 4450/4450/4450 4448/4448/4448 4449/4449/4449
f 4450/4450/4450 4449/4449/4449 4451/4451/4451
f 4451/4451/4451 4449/4449/4449 4452/4452/4452
f 4453/4453/4453 4449/4449/4449 4402/4402/4402
f 4452/4452/4452 4449/4449/4449 4453/4453/4453
f 4409/4409/4409 4453/4453/4453 4402/4402/4402
f 4453/4453/4453 4409/4409/4409 4452/4452/4452
f 4411/4411/4411 4452/4452/4452 4409/4409/4409
f 4454/4454/4454 4444/4444/4444 4446/4446/4446
f 4455/4455/4455 4446/4446/4446 4450/4450/4450
f 4454/4454/4454 4446/4446/4446 4455/4455/4455
f 4444/4444/4444 4454/4454/4454 4456/4456/4456
f 4442/4442/4442 4444/4444/4444 4456/4456/4456
f 4457/4457/4457 4450/4450/4450 4451/4451/4451
f 4455/4455/4455 4450/4450/4450 4457/4457/4457
f 4454/4454/4454 4455/4455/4455 4458/4458/4458
f 4456/4456/4456 4454/4454/4454 4458/4458/4458
f 4459/4459/4459 4452/4452/4452 4411/4411/4411
f 4460/4460/4460 4451/4451/4451 4452/4452/4452
f 4459/4459/4459 4460/4460/4460 4452/4452/4452
f 4461/4461/4461 4459/4459/4459 4411/4411/4411
f 4461/4461/4461 4411/4411/4411 4398/4398/4398
f 4398/4398/4398 4462/4462/4462 4461/4461/4461
f 4463/4463/4463 4460/4460/4460 4459/4459/4459
f 4463/4463/4463 4459/4459/4459 4461/4461/4461
f 4460/4460/4460 4464/4464/4464 4451/4451/4451
f 4464/4464/4464 4460/4460/4460 4463/4463/4463
f 4461/4461/4461 4462/4462/4462 4465/4465/4465
f 4461/4461/4461 4465/4465/4465 4463/4463/4463
f 4466/4466/4466 4462/4462/4462 4398/4398/4398
f 4466/4466/4466 4398/4398/4398 4400/4400/4400
f 4463/4463/4463 4465/4465/4465 4467/4467/4467
f 4468/4468/4468 4464/4464/4464 4463/4463/4463
f 4463/4463/4463 4467/4467/4467 4468/4468/4468
f 4465/4465/4465 4462/4462/4462 4469/4469/4469
f 4469/4469/4469 4467/4467/4467 4465/4465/4465
f 4466/4466/4466 4400/4400/4400 4470/4470/4470
f 4462/4462/4462 4466/4466/4466 4471/4471/4471
f 4470/4470/4470 4471/4471/4471 4466/4466/4466
f 4400/4400/4400 4472/4472/4472 4470/4470/4470
f 4472/4472/4472 4400/4400/4400 4390/4390/4390
f 4470/4470/4470 4472/4472/4472 4473/4473/4473
f 4473/4473/4473 4471/4471/4471 4470/4470/4470
f 4474/4474/4474 4472/4472/4472 4390/4390/4390
f 4472/4472/4472 4474/4474/4474 4473/4473/4473
f 4394/4394/4394 4474/4474/4474 4390/4390/4390
f 4473/4473/4473 4475/4475/4475 4471/4471/4471
f 4475/4475/4475 4476/4476/4476 4471/4471/4471
f 4476/4476/4476 4462/4462/4462 4471/4471/4471
f 4475/4475/4475 4473/4473/4473 4477/4477/4477
f 4473/4473/4473 4474/4474/4474 4477/4477/4477
f 4394/4394/4394 4478/4478/4478 4474/4474/4474
f 4477/4477/4477 4474/4474/4474 4478/4478/4478
f 4478/4478/4478 4394/4394/4394 4391/4391/4391
f 4462/4462/4462 4479/4479/4479 4469/4469/4469
f 4479/4479/4479 4462/4462/4462 4476/4476/4476
f 4475/4475/4475 4477/4477/4477 4480/4480/4480
f 4477/4477/4477 4478/4478/4478 4480/4480/4480
f 4481/4481/4481 4469/4469/4469 4479/4479/4479
f 4469/4469/4469 4481/4481/4481 4467/4467/4467
f 4479/4479/4479 4476/4476/4476 4482/4482/4482
f 4475/4475/4475 4483/4483/4483 4476/4476/4476
f 4483/4483/4483 4482/4482/4482 4476/4476/4476
f 4484/4484/4484 4479/4479/4479 4482/4482/4482
f 4484/4484/4484 4481/4481/4481 4479/4479/4479
f 4483/4483/4483 4485/4485/4485 4482/4482/4482
f 4484/4484/4484 4482/4482/4482 4485/4485/4485
f 4486/4486/4486 4484/4484/4484 4485/4485/4485
f 4487/4487/4487 4486/4486/4486 4485/4485/4485
f 4483/4483/4483 4475/4475/4475 4488/4488/4488
f 4485/4485/4485 4483/4483/4483 4488/4488/4488
f 4489/4489/4489 4481/4481/4481 4484/4484/4484
f 4486/4486/4486 4489/4489/4489 4484/4484/4484
f 4467/4467/4467 4481/4481/4481 4490/4490/4490
f 4491/4491/4491 4481/4481/4481 4489/4489/4489
f 4481/4481/4481 4491/4491/4491 4490/4490/4490
f 4491/4491/4491 4489/4489/4489 4492/4492/4492
f 4491/4491/4491 4493/4493/4493 4490/4490/4490
f 4494/4494/4494 4491/4491/4491 4492/4492/4492
f 4495/4495/4495 4494/4494/4494 4492/4492/4492
f 4495/4495/4495 4492/4492/4492 4496/4496/4496
f 4490/4490/4490 4493/4493/4493 4497/4497/4497
f 4496/4496/4496 4492/4492/4492 4498/4498/4498
f 4467/4467/4467 4490/4490/4490 4499/4499/4499
f 4468/4468/4468 4467/4467/4467 4499/4499/4499
f 4490/4490/4490 4497/4497/4497 4500/4500/4500
f 4499/4499/4499 4490/4490/4490 4500/4500/4500
f 4468/4468/4468 4499/4499/4499 4500/4500/4500
f 4500/4500/4500 4497/4497/4497 4501/4501/4501
f 4489/4489/4489 4502/4502/4502 4492/4492/4492
f 4502/4502/4502 4489/4489/4489 4486/4486/4486
f 4492/4492/4492 4503/4503/4503 4498/4498/4498
f 4502/4502/4502 4503/4503/4503 4492/4492/4492
f 4503/4503/4503 4504/4504/4504 4498/4498/4498
f 4503/4503/4503 4505/4505/4505 4504/4504/4504
f 4503/4503/4503 4502/4502/4502 4506/4506/4506
f 4506/4506/4506 4502/4502/4502 4486/4486/4486
f 4505/4505/4505 4503/4503/4503 4507/4507/4507
f 4507/4507/4507 4503/4503/4503 4506/4506/4506
f 4507/4507/4507 4508/4508/4508 4505/4505/4505
f 4509/4509/4509 4505/4505/4505 4508/4508/4508
f 4509/4509/4509 4508/4508/4508 4510/4510/4510
f 4509/4509/4509 4510/4510/4510 4511/4511/4511
f 4511/4511/4511 4510/4510/4510 4512/4512/4512
f 4513/4513/4513 4511/4511/4511 4512/4512/4512
f 4513/4513/4513 4512/4512/4512 4514/4514/4514
f 4507/4507/4507 4515/4515/4515 4508/4508/4508
f 4513/4513/4513 4514/4514/4514 4516/4516/4516
f 4517/4517/4517 4515/4515/4515 4507/4507/4507
f 4507/4507/4507 4506/4506/4506 4517/4517/4517
f 4517/4517/4517 4518/4518/4518 4515/4515/4515
f 4516/4516/4516 4514/4514/4514 4519/4519/4519
f 4519/4519/4519 4514/4514/4514 4520/4520/4520
f 4517/4517/4517 4506/4506/4506 4521/4521/4521
f 4521/4521/4521 4506/4506/4506 4486/4486/4486
f 4522/4522/4522 4518/4518/4518 4517/4517/4517
f 4517/4517/4517 4521/4521/4521 4522/4522/4522
f 4522/4522/4522 4523/4523/4523 4518/4518/4518
f 4524/4524/4524 4521/4521/4521 4486/4486/4486
f 4522/4522/4522 4521/4521/4521 4524/4524/4524
f 4525/4525/4525 4523/4523/4523 4522/4522/4522
f 4522/4522/4522 4524/4524/4524 4525/4525/4525
f 4524/4524/4524 4486/4486/4486 4526/4526/4526
f 4524/4524/4524 4526/4526/4526 4525/4525/4525
f 4526/4526/4526 4486/4486/4486 4487/4487/4487
f 4523/4523/4523 4525/4525/4525 4527/4527/4527
f 4526/4526/4526 4527/4527/4527 4525/4525/4525
f 4527/4527/4527 4526/4526/4526 4487/4487/4487
f 4528/4528/4528 4523/4523/4523 4527/4527/4527
f 4529/4529/4529 4528/4528/4528 4527/4527/4527
f 4527/4527/4527 4487/4487/4487 4529/4529/4529
f 4528/4528/4528 4529/4529/4529 4530/4530/4530
f 4530/4530/4530 4529/4529/4529 4531/4531/4531
f 4529/4529/4529 4487/4487/4487 4531/4531/4531
f 4532/4532/4532 4530/4530/4530 4531/4531/4531
f 4531/4531/4531 4487/4487/4487 4533/4533/4533
f 4533/4533/4533 4487/4487/4487 4485/4485/4485
f 4534/4534/4534 4532/4532/4532 4531/4531/4531
f 4531/4531/4531 4533/4533/4533 4534/4534/4534
f 4532/4532/4532 4534/4534/4534 4535/4535/4535
f 4534/4534/4534 4533/4533/4533 4536/4536/4536
f 4536/4536/4536 4533/4533/4533 4485/4485/4485
f 4537/4537/4537 4535/4535/4535 4534/4534/4534
f 4534/4534/4534 4536/4536/4536 4537/4537/4537
f 4538/4538/4538 4535/4535/4535 4537/4537/4537
f 4537/4537/4537 4536/4536/4536 4539/4539/4539
f 4539/4539/4539 4536/4536/4536 4485/4485/4485
f 4537/4537/4537 4540/4540/4540 4538/4538/4538
f 4537/4537/4537 4539/4539/4539 4540/4540/4540
f 4540/4540/4540 4541/4541/4541 4538/4538/4538
f 4542/4542/4542 4541/4541/4541 4540/4540/4540
f 4542/4542/4542 4543/4543/4543 4541/4541/4541
f 4540/4540/4540 4539/4539/4539 4544/4544/4544
f 4540/4540/4540 4544/4544/4544 4542/4542/4542
f 4545/4545/4545 4539/4539/4539 4485/4485/4485
f 4544/4544/4544 4539/4539/4539 4545/4545/4545
f 4546/4546/4546 4543/4543/4543 4542/4542/4542
f 4542/4542/4542 4544/4544/4544 4546/4546/4546
f 4545/4545/4545 4547/4547/4547 4544/4544/4544
f 4544/4544/4544 4547/4547/4547 4548/4548/4548
f 4547/4547/4547 4549/4549/4549 4548/4548/4548
f 4546/4546/4546 4544/4544/4544 4550/4550/4550
f 4550/4550/4550 4551/4551/4551 4546/4546/4546
f 4551/4551/4551 4543/4543/4543 4546/4546/4546
f 4551/4551/4551 4552/4552/4552 4543/4543/4543
f 4545/4545/4545 4485/4485/4485 4553/4553/4553
f 4553/4553/4553 4547/4547/4547 4545/4545/4545
f 4553/4553/4553 4485/4485/4485 4488/4488/4488
f 4488/4488/4488 4547/4547/4547 4553/4553/4553
f 4554/4554/4554 4552/4552/4552 4551/4551/4551
f 4555/4555/4555 4554/4554/4554 4551/4551/4551
f 4554/4554/4554 4556/4556/4556 4552/4552/4552
f 4555/4555/4555 4557/4557/4557 4554/4554/4554
f 4558/4558/4558 4556/4556/4556 4554/4554/4554
f 4554/4554/4554 4557/4557/4557 4558/4558/4558
f 4558/4558/4558 4559/4559/4559 4556/4556/4556
f 4560/4560/4560 4559/4559/4559 4558/4558/4558
f 4558/4558/4558 4557/4557/4557 4560/4560/4560
f 4560/4560/4560 4561/4561/4561 4559/4559/4559
f 4562/4562/4562 4561/4561/4561 4560/4560/4560
f 4562/4562/4562 4563/4563/4563 4561/4561/4561
f 4564/4564/4564 4547/4547/4547 4488/4488/4488
f 4564/4564/4564 4488/4488/4488 4475/4475/4475
f 4564/4564/4564 4475/4475/4475 4565/4565/4565
f 4564/4564/4564 4565/4565/4565 4547/4547/4547
f 4475/4475/4475 4566/4566/4566 4565/4565/4565
f 4566/4566/4566 4475/4475/4475 4480/4480/4480
f 4565/4565/4565 4567/4567/4567 4547/4547/4547
f 4567/4567/4567 4565/4565/4565 4566/4566/4566
f 4567/4567/4567 4568/4568/4568 4547/4547/4547
f 4547/4547/4547 4568/4568/4568 4569/4569/4569
f 4568/4568/4568 4570/4570/4570 4569/4569/4569
f 4570/4570/4570 4568/4568/4568 4393/4393/4393
f 4567/4567/4567 4571/4571/4571 4568/4568/4568
f 4571/4571/4571 4567/4567/4567 4566/4566/4566
f 4568/4568/4568 4571/4571/4571 4393/4393/4393
f 4571/4571/4571 4566/4566/4566 4572/4572/4572
f 4572/4572/4572 4566/4566/4566 4480/4480/4480
f 4573/4573/4573 4393/4393/4393 4571/4571/4571
f 4573/4573/4573 4571/4571/4571 4572/4572/4572
f 4573/4573/4573 4391/4391/4391 4393/4393/4393
f 4574/4574/4574 4573/4573/4573 4572/4572/4572
f 4574/4574/4574 4572/4572/4572 4480/4480/4480
f 4573/4573/4573 4574/4574/4574 4391/4391/4391
f 4575/4575/4575 4574/4574/4574 4480/4480/4480
f 4574/4574/4574 4575/4575/4575 4391/4391/4391
f 4480/4480/4480 4478/4478/4478 4575/4575/4575
f 4576/4576/4576 4478/4478/4478 4391/4391/4391
f 4576/4576/4576 4575/4575/4575 4478/4478/4478
f 4575/4575/4575 4577/4577/4577 4391/4391/4391
f 4577/4577/4577 4576/4576/4576 4391/4391/4391
f 4577/4577/4577 4575/4575/4575 4576/4576/4576
f 4580/4580/4580 4579/4579/4579 4578/4578/4578
f 4579/4579/4579 4581/4581/4581 4578/4578/4578
f 4578/4578/4578 4581/4581/4581 4582/4582/4582
f 4578/4578/4578 4582/4582/4582 4583/4583/4583
f 4584/4584/4584 4578/4578/4578 4583/4583/4583
f 4584/4584/4584 4583/4583/4583 4434/4434/4434
f 3029/3029/3029 4584/4584/4584 4434/4434/4434
f 4585/4585/4585 3029/3029/3029 4434/4434/4434
f 4434/4434/4434 4441/4441/4441 4585/4585/4585
f 4585/4585/4585 3030/3030/3030 3029/3029/3029
f 3030/3030/3030 4585/4585/4585 4441/4441/4441
f 4443/4443/4443 3030/3030/3030 4441/4441/4441
f 3024/3024/3024 3030/3030/3030 4443/4443/4443
f 3024/3024/3024 4443/4443/4443 4586/4586/4586
f 4442/4442/4442 4586/4586/4586 4443/4443/4443
f 3024/3024/3024 4586/4586/4586 3048/3048/3048
f 3048/3048/3048 4586/4586/4586 4587/4587/4587
f 4586/4586/4586 4442/4442/4442 4587/4587/4587
f 4588/4588/4588 3048/3048/3048 4587/4587/4587
f 4442/4442/4442 4588/4588/4588 4587/4587/4587
f 3048/3048/3048 4588/4588/4588 3042/3042/3042
f 4589/4589/4589 4588/4588/4588 4442/4442/4442
f 4456/4456/4456 4589/4589/4589 4442/4442/4442
f 4590/4590/4590 3042/3042/3042 4588/4588/4588
f 4590/4590/4590 4588/4588/4588 4589/4589/4589
f 4591/4591/4591 4589/4589/4589 4456/4456/4456
f 4458/4458/4458 4591/4591/4591 4456/4456/4456
f 4592/4592/4592 3042/3042/3042 4590/4590/4590
f 4592/4592/4592 3038/3038/3038 3042/3042/3042
f 4593/4593/4593 3038/3038/3038 4592/4592/4592
f 3038/3038/3038 4593/4593/4593 3035/3035/3035
f 4594/4594/4594 4593/4593/4593 4592/4592/4592
f 4593/4593/4593 4594/4594/4594 3035/3035/3035
f 4589/4589/4589 4591/4591/4591 4595/4595/4595
f 4458/4458/4458 4596/4596/4596 4591/4591/4591
f 4595/4595/4595 4591/4591/4591 4596/4596/4596
f 4595/4595/4595 4596/4596/4596 4597/4597/4597
f 4598/4598/4598 4595/4595/4595 4597/4597/4597
f 4599/4599/4599 4589/4589/4589 4595/4595/4595
f 4599/4599/4599 4590/4590/4590 4589/4589/4589
f 4598/4598/4598 4599/4599/4599 4595/4595/4595
f 4600/4600/4600 4592/4592/4592 4590/4590/4590
f 4600/4600/4600 4590/4590/4590 4599/4599/4599
f 4601/4601/4601 4594/4594/4594 4592/4592/4592
f 4601/4601/4601 4592/4592/4592 4600/4600/4600
f 4601/4601/4601 4600/4600/4600 4602/4602/4602
f 4602/4602/4602 4600/4600/4600 4603/4603/4603
f 4603/4603/4603 4600/4600/4600 4599/4599/4599
f 4604/4604/4604 4602/4602/4602 4603/4603/4603
f 4604/4604/4604 4603/4603/4603 4605/4605/4605
f 4598/4598/4598 4597/4597/4597 4605/4605/4605
f 4606/4606/4606 4605/4605/4605 4597/4597/4597
f 4607/4607/4607 4606/4606/4606 4597/4597/4597
f 4608/4608/4608 4607/4607/4607 4597/4597/4597
f 4609/4609/4609 4608/4608/4608 4597/4597/4597
f 4610/4610/4610 4608/4608/4608 4609/4609/4609
f 4610/4610/4610 4609/4609/4609 4501/4501/4501
f 4599/4599/4599 4598/4598/4598 4611/4611/4611
f 4603/4603/4603 4599/4599/4599 4611/4611/4611
f 4611/4611/4611 4598/4598/4598 4605/4605/4605
f 4603/4603/4603 4611/4611/4611 4605/4605/4605
f 4612/4612/4612 4604/4604/4604 4605/4605/4605
f 4612/4612/4612 4605/4605/4605 4606/4606/4606
f 4613/4613/4613 4609/4609/4609 4597/4597/4597
f 4596/4596/4596 4613/4613/4613 4597/4597/4597
f 4614/4614/4614 4613/4613/4613 4596/4596/4596
f 4614/4614/4614 4609/4609/4609 4613/4613/4613
f 4614/4614/4614 4596/4596/4596 4458/4458/4458
f 4458/4458/4458 4455/4455/4455 4614/4614/4614
f 4455/4455/4455 4615/4615/4615 4614/4614/4614
f 4455/4455/4455 4457/4457/4457 4615/4615/4615
f 4616/4616/4616 4609/4609/4609 4614/4614/4614
f 4614/4614/4614 4615/4615/4615 4616/4616/4616
f 4615/4615/4615 4457/4457/4457 4617/4617/4617
f 4617/4617/4617 4457/4457/4457 4451/4451/4451
f 4615/4615/4615 4617/4617/4617 4618/4618/4618
f 4615/4615/4615 4618/4618/4618 4616/4616/4616
f 4616/4616/4616 4619/4619/4619 4609/4609/4609
f 4501/4501/4501 4609/4609/4609 4619/4619/4619
f 4619/4619/4619 4500/4500/4500 4501/4501/4501
f 4620/4620/4620 4619/4619/4619 4616/4616/4616
f 4620/4620/4620 4500/4500/4500 4619/4619/4619
f 4616/4616/4616 4618/4618/4618 4620/4620/4620
f 4468/4468/4468 4500/4500/4500 4620/4620/4620
f 4620/4620/4620 4621/4621/4621 4468/4468/4468
f 4618/4618/4618 4621/4621/4621 4620/4620/4620
f 4621/4621/4621 4464/4464/4464 4468/4468/4468
f 4618/4618/4618 4617/4617/4617 4622/4622/4622
f 4617/4617/4617 4451/4451/4451 4622/4622/4622
f 4618/4618/4618 4622/4622/4622 4621/4621/4621
f 4621/4621/4621 4623/4623/4623 4464/4464/4464
f 4464/4464/4464 4623/4623/4623 4451/4451/4451
f 4623/4623/4623 4622/4622/4622 4451/4451/4451
f 4621/4621/4621 4622/4622/4622 4623/4623/4623
f 4626/4626/4626 4625/4625/4625 4624/4624/4624
f 4625/4625/4625 4627/4627/4627 4624/4624/4624
f 4624/4624/4624 4627/4627/4627 4628/4628/4628
f 4627/4627/4627 4629/4629/4629 4628/4628/4628
f 4624/4624/4624 4628/4628/4628 4630/4630/4630
f 4629/4629/4629 4631/4631/4631 4628/4628/4628
f 4632/4632/4632 4631/4631/4631 4629/4629/4629
f 4630/4630/4630 4628/4628/4628 4633/4633/4633
f 4630/4630/4630 4633/4633/4633 4634/4634/4634
f 4630/4630/4630 4634/4634/4634 4635/4635/4635
f 4635/4635/4635 4634/4634/4634 4636/4636/4636
f 4637/4637/4637 4635/4635/4635 4636/4636/4636
f 4638/4638/4638 4635/4635/4635 4637/4637/4637
f 4638/4638/4638 4637/4637/4637 4639/4639/4639
f 4638/4638/4638 4640/4640/4640 4635/4635/4635
f 4640/4640/4640 4641/4641/4641 4635/4635/4635
f 4642/4642/4642 4638/4638/4638 4639/4639/4639
f 4643/4643/4643 4642/4642/4642 4639/4639/4639
f 4644/4644/4644 4642/4642/4642 4643/4643/4643
f 4645/4645/4645 4642/4642/4642 4644/4644/4644
f 4646/4646/4646 4645/4645/4645 4644/4644/4644
f 4647/4647/4647 4645/4645/4645 4646/4646/4646
f 4648/4648/4648 4647/4647/4647 4646/4646/4646
f 4648/4648/4648 4649/4649/4649 4647/4647/4647
f 4652/4652/4652 4651/4651/4651 4650/4650/4650
f 4651/4651/4651 4653/4653/4653 4650/4650/4650
f 4656/4656/4656 4655/4655/4655 4654/4654/4654
f 4657/4657/4657 4656/4656/4656 4654/4654/4654
f 4658/4658/4658 4657/4657/4657 4654/4654/4654
f 4659/4659/4659 4658/4658/4658 4654/4654/4654
f 4660/4660/4660 4659/4659/4659 4654/4654/4654
f 4661/4661/4661 4660/4660/4660 4654/4654/4654
f 4661/4661/4661 4662/4662/4662 4660/4660/4660
f 4663/4663/4663 4662/4662/4662 4661/4661/4661
f 4664/4664/4664 4663/4663/4663 4661/4661/4661
f 4665/4665/4665 4664/4664/4664 4661/4661/4661
f 4661/4661/4661 4654/4654/4654 4666/4666/4666
f 4666/4666/4666 4654/4654/4654 4667/4667/4667
f 4668/4668/4668 4666/4666/4666 4667/4667/4667
f 4669/4669/4669 4666/4666/4666 4668/4668/4668
f 4670/4670/4670 4669/4669/4669 4668/4668/4668
f 4671/4671/4671 4670/4670/4670 4668/4668/4668
f 4672/4672/4672 4671/4671/4671 4668/4668/4668
f 4668/4668/4668 4667/4667/4667 4673/4673/4673
f 4673/4673/4673 4667/4667/4667 4674/4674/4674
f 4673/4673/4673 4674/4674/4674 4675/4675/4675
f 4673/4673/4673 4675/4675/4675 4676/4676/4676
f 4677/4677/4677 4673/4673/4673 4676/4676/4676
f 4606/4606/4606 4679/4679/4679 4678/4678/4678
f 4606/4606/4606 4678/4678/4678 4680/4680/4680
f 4606/4606/4606 4680/4680/4680 4681/4681/4681
f 4682/4682/4682 4606/4606/4606 4681/4681/4681
f 4682/4682/4682 4683/4683/4683 4606/4606/4606
f 4682/4682/4682 4684/4684/4684 4683/4683/4683
f 4684/4684/4684 4516/4516/4516 4683/4683/4683
f 4606/4606/4606 4683/4683/4683 4612/4612/4612
f 4519/4519/4519 4683/4683/4683 4516/4516/4516
f 4685/4685/4685 4612/4612/4612 4683/4683/4683
f 4519/4519/4519 4685/4685/4685 4683/4683/4683
f 4604/4604/4604 4612/4612/4612 4685/4685/4685
f 4686/4686/4686 4685/4685/4685 4519/4519/4519
f 4519/4519/4519 4520/4520/4520 4686/4686/4686
f 4686/4686/4686 4687/4687/4687 4685/4685/4685
f 4687/4687/4687 4604/4604/4604 4685/4685/4685
f 4686/4686/4686 4520/4520/4520 4688/4688/4688
f 4688/4688/4688 4687/4687/4687 4686/4686/4686
f 4688/4688/4688 4520/4520/4520 4689/4689/4689
f 4688/4688/4688 4690/4690/4690 4687/4687/4687
f 4604/4604/4604 4687/4687/4687 4690/4690/4690
f 4688/4688/4688 4689/4689/4689 4691/4691/4691
f 4691/4691/4691 4690/4690/4690 4688/4688/4688
f 4691/4691/4691 4689/4689/4689 4692/4692/4692
f 4604/4604/4604 4690/4690/4690 4693/4693/4693
f 4691/4691/4691 4693/4693/4693 4690/4690/4690
f 4691/4691/4691 4692/4692/4692 4694/4694/4694
f 4694/4694/4694 4693/4693/4693 4691/4691/4691
f 4694/4694/4694 4692/4692/4692 4695/4695/4695
f 4604/4604/4604 4693/4693/4693 4696/4696/4696
f 4693/4693/4693 4694/4694/4694 4696/4696/4696
f 4602/4602/4602 4604/4604/4604 4696/4696/4696
f 4694/4694/4694 4695/4695/4695 4697/4697/4697
f 4694/4694/4694 4697/4697/4697 4696/4696/4696
f 4695/4695/4695 4698/4698/4698 4697/4697/4697
f 4697/4697/4697 4699/4699/4699 4696/4696/4696
f 4699/4699/4699 4602/4602/4602 4696/4696/4696
f 4697/4697/4697 4698/4698/4698 4700/4700/4700
f 4700/4700/4700 4699/4699/4699 4697/4697/4697
f 4700/4700/4700 4698/4698/4698 4563/4563/4563
f 4700/4700/4700 4563/4563/4563 4562/4562/4562
f 4700/4700/4700 4701/4701/4701 4699/4699/4699
f 4562/4562/4562 4701/4701/4701 4700/4700/4700
f 4699/4699/4699 4701/4701/4701 4602/4602/4602
f 4562/4562/4562 4702/4702/4702 4701/4701/4701
f 4701/4701/4701 4702/4702/4702 4602/4602/4602
f 4560/4560/4560 4702/4702/4702 4562/4562/4562
f 4560/4560/4560 4557/4557/4557 4702/4702/4702
f 4602/4602/4602 4702/4702/4702 4703/4703/4703
f 4702/4702/4702 4557/4557/4557 4703/4703/4703
f 4601/4601/4601 4602/4602/4602 4703/4703/4703
f 4557/4557/4557 3035/3035/3035 4703/4703/4703
f 4557/4557/4557 4704/4704/4704 3035/3035/3035
f 4704/4704/4704 4705/4705/4705 3035/3035/3035
f 4703/4703/4703 4706/4706/4706 4601/4601/4601
f 4703/4703/4703 3035/3035/3035 4706/4706/4706
f 4594/4594/4594 4601/4601/4601 4706/4706/4706
f 4706/4706/4706 3035/3035/3035 4594/4594/4594
f 4709/4709/4709 4708/4708/4708 4707/4707/4707
f 4708/4708/4708 4710/4710/4710 4707/4707/4707
f 4707/4707/4707 4710/4710/4710 4711/4711/4711
f 4707/4707/4707 4711/4711/4711 4712/4712/4712
f 4712/4712/4712 4711/4711/4711 4713/4713/4713
f 4711/4711/4711 4714/4714/4714 4713/4713/4713
f 4713/4713/4713 4714/4714/4714 4715/4715/4715
f 4714/4714/4714 4716/4716/4716 4715/4715/4715
f 4717/4717/4717 4715/4715/4715 4716/4716/4716
f 4718/4718/4718 4717/4717/4717 4716/4716/4716
f 4717/4717/4717 4718/4718/4718 4719/4719/4719
f 4718/4718/4718 4720/4720/4720 4719/4719/4719
f 4723/4723/4723 4722/4722/4722 4721/4721/4721
f 4722/4722/4722 4724/4724/4724 4721/4721/4721
f 4724/4724/4724 4725/4725/4725 4721/4721/4721
f 4721/4721/4721 4725/4725/4725 4726/4726/4726
f 4725/4725/4725 4727/4727/4727 4726/4726/4726
f 4726/4726/4726 4727/4727/4727 4728/4728/4728
f 4728/4728/4728 4727/4727/4727 4729/4729/4729
f 4727/4727/4727 4730/4730/4730 4729/4729/4729
f 4729/4729/4729 4730/4730/4730 4731/4731/4731
f 4729/4729/4729 4731/4731/4731 4732/4732/4732
f 4731/4731/4731 4733/4733/4733 4732/4732/4732
f 4736/4736/4736 4735/4735/4735 4734/4734/4734
f 4735/4735/4735 4737/4737/4737 4734/4734/4734
f 4738/4738/4738 4737/4737/4737 4735/4735/4735
f 4734/4734/4734 4737/4737/4737 4739/4739/4739
f 4739/4739/4739 4737/4737/4737 4740/4740/4740
f 4740/4740/4740 4737/4737/4737 4741/4741/4741
f 4742/4742/4742 4740/4740/4740 4741/4741/4741
f 4741/4741/4741 4737/4737/4737 4743/4743/4743
f 4744/4744/4744 4741/4741/4741 4743/4743/4743
f 4745/4745/4745 4743/4743/4743 4737/4737/4737
f 4746/4746/4746 4745/4745/4745 4737/4737/4737
f 4747/4747/4747 4745/4745/4745 4746/4746/4746
f 4748/4748/4748 4745/4745/4745 4747/4747/4747
f 4749/4749/4749 4743/4743/4743 4745/4745/4745
f 4750/4750/4750 4749/4749/4749 4745/4745/4745
f 4751/4751/4751 4743/4743/4743 4749/4749/4749
f 4754/4754/4754 4753/4753/4753 4752/4752/4752
f 4753/4753/4753 4755/4755/4755 4752/4752/4752
f 4756/4756/4756 4755/4755/4755 4753/4753/4753
f 4752/4752/4752 4755/4755/4755 4757/4757/4757
f 4757/4757/4757 4755/4755/4755 4758/4758/4758
f 4758/4758/4758 4755/4755/4755 4759/4759/4759
f 4760/4760/4760 4758/4758/4758 4759/4759/4759
f 4759/4759/4759 4755/4755/4755 4761/4761/4761
f 4762/4762/4762 4759/4759/4759 4761/4761/4761
f 4763/4763/4763 4761/4761/4761 4755/4755/4755
f 4764/4764/4764 4763/4763/4763 4755/4755/4755
f 4761/4761/4761 4763/4763/4763 4765/4765/4765
f 4766/4766/4766 4763/4763/4763 4764/4764/4764
f 4767/4767/4767 4763/4763/4763 4766/4766/4766
f 4765/4765/4765 4763/4763/4763 4768/4768/4768
f 4769/4769/4769 4768/4768/4768 4763/4763/4763
f 4772/4772/4772 4771/4771/4771 4770/4770/4770
f 4770/4770/4770 4771/4771/4771 4773/4773/4773
f 4773/4773/4773 4771/4771/4771 4774/4774/4774
f 4774/4774/4774 4771/4771/4771 4775/4775/4775
f 4775/4775/4775 4771/4771/4771 4776/4776/4776
f 4776/4776/4776 4771/4771/4771 4777/4777/4777
f 4778/4778/4778 4776/4776/4776 4777/4777/4777
f 4777/4777/4777 4771/4771/4771 4779/4779/4779
f 4780/4780/4780 4777/4777/4777 4779/4779/4779
f 4781/4781/4781 4779/4779/4779 4771/4771/4771
f 4782/4782/4782 4781/4781/4781 4771/4771/4771
f 4779/4779/4779 4781/4781/4781 4783/4783/4783
f 4784/4784/4784 4781/4781/4781 4782/4782/4782
f 4785/4785/4785 4781/4781/4781 4784/4784/4784
f 4783/4783/4783 4781/4781/4781 4786/4786/4786
f 4787/4787/4787 4786/4786/4786 4781/4781/4781
f 2298/2298/2298 2295/2295/2295 4788/4788/4788
f 2295/2295/2295 4789/4789/4789 4788/4788/4788
f 4788/4788/4788 4789/4789/4789 4790/4790/4790
f 2295/2295/2295 2287/2287/2287 4789/4789/4789
f 4789/4789/4789 4791/4791/4791 4790/4790/4790
f 2287/2287/2287 4791/4791/4791 4789/4789/4789
f 4790/4790/4790 4791/4791/4791 4792/4792/4792
f 4791/4791/4791 4793/4793/4793 4792/4792/4792
f 4791/4791/4791 2287/2287/2287 4793/4793/4793
f 4792/4792/4792 4793/4793/4793 4794/4794/4794
f 2287/2287/2287 4795/4795/4795 4793/4793/4793
f 4793/4793/4793 4795/4795/4795 4794/4794/4794
f 2287/2287/2287 2288/2288/2288 4795/4795/4795
f 4796/4796/4796 4794/4794/4794 4795/4795/4795
f 2288/2288/2288 4797/4797/4797 4795/4795/4795
f 4797/4797/4797 4796/4796/4796 4795/4795/4795
f 303/303/303 4798/4798/4798 316/316/316
f 4799/4799/4799 4798/4798/4798 303/303/303
f 4800/4800/4800 316/316/316 4798/4798/4798
f 315/315/315 316/316/316 4800/4800/4800
f 4799/4799/4799 4801/4801/4801 4798/4798/4798
f 4798/4798/4798 4801/4801/4801 4800/4800/4800
f 4801/4801/4801 4799/4799/4799 4802/4802/4802
f 4803/4803/4803 4801/4801/4801 4802/4802/4802
f 4803/4803/4803 4800/4800/4800 4801/4801/4801
f 4804/4804/4804 4800/4800/4800 4803/4803/4803
f 4802/4802/4802 2575/2575/2575 4803/4803/4803
f 4803/4803/4803 2575/2575/2575 2562/2562/2562
f 4803/4803/4803 2562/2562/2562 4804/4804/4804
f 4805/4805/4805 315/315/315 4800/4800/4800
f 4805/4805/4805 4800/4800/4800 4804/4804/4804
f 4804/4804/4804 2562/2562/2562 4806/4806/4806
f 4806/4806/4806 2562/2562/2562 2557/2557/2557
f 4807/4807/4807 4806/4806/4806 2557/2557/2557
f 2557/2557/2557 2554/2554/2554 4807/4807/4807
f 4808/4808/4808 315/315/315 4805/4805/4805
f 320/320/320 315/315/315 4808/4808/4808
f 4808/4808/4808 359/359/359 320/320/320
f 4808/4808/4808 4805/4805/4805 359/359/359
f 359/359/359 4805/4805/4805 4809/4809/4809
f 173/173/173 359/359/359 4809/4809/4809
f 4804/4804/4804 4806/4806/4806 4810/4810/4810
f 4806/4806/4806 4807/4807/4807 4810/4810/4810
f 2554/2554/2554 4811/4811/4811 4807/4807/4807
f 2554/2554/2554 172/172/172 4811/4811/4811
f 4807/4807/4807 4811/4811/4811 4812/4812/4812
f 4811/4811/4811 172/172/172 4812/4812/4812
f 4807/4807/4807 4812/4812/4812 4810/4810/4810
f 172/172/172 173/173/173 4813/4813/4813
f 173/173/173 4809/4809/4809 4813/4813/4813
f 172/172/172 4813/4813/4813 4812/4812/4812
f 4805/4805/4805 4814/4814/4814 4809/4809/4809
f 4814/4814/4814 4805/4805/4805 4804/4804/4804
f 4809/4809/4809 4815/4815/4815 4813/4813/4813
f 4813/4813/4813 4815/4815/4815 4812/4812/4812
f 4809/4809/4809 4814/4814/4814 4815/4815/4815
f 4812/4812/4812 4816/4816/4816 4810/4810/4810
f 4815/4815/4815 4816/4816/4816 4812/4812/4812
f 4817/4817/4817 4804/4804/4804 4810/4810/4810
f 4814/4814/4814 4804/4804/4804 4817/4817/4817
f 4816/4816/4816 4817/4817/4817 4810/4810/4810
f 4815/4815/4815 4818/4818/4818 4816/4816/4816
f 4814/4814/4814 4818/4818/4818 4815/4815/4815
f 4818/4818/4818 4817/4817/4817 4816/4816/4816
f 4818/4818/4818 4814/4814/4814 4817/4817/4817
f 4821/4821/4821 4820/4820/4820 4819/4819/4819
f 4822/4822/4822 4820/4820/4820 4821/4821/4821
f 4821/4821/4821 4819/4819/4819 4823/4823/4823
f 4824/4824/4824 4822/4822/4822 4821/4821/4821
f 4823/4823/4823 4819/4819/4819 4825/4825/4825
f 4824/4824/4824 4826/4826/4826 4822/4822/4822
f 4823/4823/4823 4825/4825/4825 4827/4827/4827
f 4828/4828/4828 4826/4826/4826 4824/4824/4824
f 4827/4827/4827 4825/4825/4825 4829/4829/4829
f 4828/4828/4828 4830/4830/4830 4826/4826/4826
f 4827/4827/4827 4829/4829/4829 4831/4831/4831
f 4832/4832/4832 4830/4830/4830 4828/4828/4828
f 4831/4831/4831 4829/4829/4829 4833/4833/4833
f 4832/4832/4832 4834/4834/4834 4830/4830/4830
f 4831/4831/4831 4833/4833/4833 4835/4835/4835
f 4836/4836/4836 4834/4834/4834 4832/4832/4832
f 4835/4835/4835 4833/4833/4833 4837/4837/4837
f 4836/4836/4836 4838/4838/4838 4834/4834/4834
f 4835/4835/4835 4837/4837/4837 4839/4839/4839
f 4840/4840/4840 4838/4838/4838 4836/4836/4836
f 4839/4839/4839 4837/4837/4837 4841/4841/4841
f 4840/4840/4840 4842/4842/4842 4838/4838/4838
f 4839/4839/4839 4841/4841/4841 4843/4843/4843
f 4844/4844/4844 4842/4842/4842 4840/4840/4840
f 4843/4843/4843 4841/4841/4841 4845/4845/4845
f 4844/4844/4844 4846/4846/4846 4842/4842/4842
f 4843/4843/4843 4845/4845/4845 4847/4847/4847
f 4848/4848/4848 4846/4846/4846 4844/4844/4844
f 4847/4847/4847 4845/4845/4845 4849/4849/4849
f 4848/4848/4848 4850/4850/4850 4846/4846/4846
f 4847/4847/4847 4849/4849/4849 4851/4851/4851
f 4852/4852/4852 4850/4850/4850 4848/4848/4848
f 4851/4851/4851 4849/4849/4849 4853/4853/4853
f 4852/4852/4852 4854/4854/4854 4850/4850/4850
f 4851/4851/4851 4853/4853/4853 4855/4855/4855
f 4856/4856/4856 4854/4854/4854 4852/4852/4852
f 4855/4855/4855 4853/4853/4853 4857/4857/4857
f 4856/4856/4856 4858/4858/4858 4854/4854/4854
f 4855/4855/4855 4857/4857/4857 4859/4859/4859
f 4860/4860/4860 4858/4858/4858 4856/4856/4856
f 4859/4859/4859 4857/4857/4857 4861/4861/4861
f 4860/4860/4860 4861/4861/4861 4858/4858/4858
f 4859/4859/4859 4861/4861/4861 4862/4862/4862
f 4862/4862/4862 4861/4861/4861 4860/4860/4860
f 4865/4865/4865 4864/4864/4864 4863/4863/4863
f 4863/4863/4863 4864/4864/4864 4866/4866/4866
f 4867/4867/4867 4865/4865/4865 4863/4863/4863
f 4868/4868/4868 4863/4863/4863 4866/4866/4866
f 4868/4868/4868 4866/4866/4866 4869/4869/4869
f 4870/4870/4870 4868/4868/4868 4869/4869/4869
f 4871/4871/4871 4865/4865/4865 4867/4867/4867
f 4872/4872/4872 4871/4871/4871 4867/4867/4867
f 4870/4870/4870 4869/4869/4869 4873/4873/4873
f 4874/4874/4874 4870/4870/4870 4873/4873/4873
f 4875/4875/4875 4871/4871/4871 4872/4872/4872
f 4876/4876/4876 4871/4871/4871 4875/4875/4875
f 4877/4877/4877 4876/4876/4876 4875/4875/4875
f 4878/4878/4878 4877/4877/4877 4875/4875/4875
f 4879/4879/4879 4877/4877/4877 4878/4878/4878
f 4879/4879/4879 4878/4878/4878 4880/4880/4880
f 4881/4881/4881 4874/4874/4874 4873/4873/4873
f 4881/4881/4881 4873/4873/4873 4882/4882/4882
f 4883/4883/4883 4879/4879/4879 4880/4880/4880
f 4883/4883/4883 4880/4880/4880 4884/4884/4884
f 4883/4883/4883 4884/4884/4884 4885/4885/4885
f 4886/4886/4886 4883/4883/4883 4885/4885/4885
f 4886/4886/4886 4885/4885/4885 4887/4887/4887
f 4888/4888/4888 4886/4886/4886 4887/4887/4887
f 4881/4881/4881 4882/4882/4882 4889/4889/4889
f 4890/4890/4890 4881/4881/4881 4889/4889/4889
f 4891/4891/4891 4890/4890/4890 4889/4889/4889
f 4892/4892/4892 4891/4891/4891 4889/4889/4889
f 4888/4888/4888 4887/4887/4887 4893/4893/4893
f 4888/4888/4888 4893/4893/4893 4894/4894/4894
f 4895/4895/4895 4891/4891/4891 4892/4892/4892
f 4896/4896/4896 4895/4895/4895 4892/4892/4892
f 4894/4894/4894 4893/4893/4893 4897/4897/4897
f 4897/4897/4897 4895/4895/4895 4896/4896/4896
f 4893/4893/4893 4898/4898/4898 4897/4897/4897
f 4898/4898/4898 4895/4895/4895 4897/4897/4897
f 4901/4901/4901 4900/4900/4900 4899/4899/4899
f 4899/4899/4899 4900/4900/4900 4902/4902/4902
f 4901/4901/4901 4903/4903/4903 4900/4900/4900
f 4902/4902/4902 4900/4900/4900 4904/4904/4904
f 4901/4901/4901 4905/4905/4905 4903/4903/4903
f 4902/4902/4902 4904/4904/4904 4906/4906/4906
f 4907/4907/4907 4905/4905/4905 4901/4901/4901
f 4906/4906/4906 4904/4904/4904 4908/4908/4908
f 4907/4907/4907 4909/4909/4909 4905/4905/4905
f 4906/4906/4906 4908/4908/4908 4910/4910/4910
f 4911/4911/4911 4909/4909/4909 4907/4907/4907
f 4910/4910/4910 4908/4908/4908 4912/4912/4912
f 4911/4911/4911 4913/4913/4913 4909/4909/4909
f 4910/4910/4910 4912/4912/4912 4914/4914/4914
f 4915/4915/4915 4913/4913/4913 4911/4911/4911
f 4914/4914/4914 4912/4912/4912 4916/4916/4916
f 4915/4915/4915 4917/4917/4917 4913/4913/4913
f 4914/4914/4914 4916/4916/4916 4918/4918/4918
f 4919/4919/4919 4917/4917/4917 4915/4915/4915
f 4918/4918/4918 4916/4916/4916 4920/4920/4920
f 4919/4919/4919 4921/4921/4921 4917/4917/4917
f 4918/4918/4918 4920/4920/4920 4922/4922/4922
f 4923/4923/4923 4921/4921/4921 4919/4919/4919
f 4922/4922/4922 4920/4920/4920 4924/4924/4924
f 4923/4923/4923 4925/4925/4925 4921/4921/4921
f 4922/4922/4922 4924/4924/4924 4926/4926/4926
f 4927/4927/4927 4925/4925/4925 4923/4923/4923
f 4926/4926/4926 4924/4924/4924 4928/4928/4928
f 4927/4927/4927 4929/4929/4929 4925/4925/4925
f 4926/4926/4926 4928/4928/4928 4930/4930/4930
f 4931/4931/4931 4929/4929/4929 4927/4927/4927
f 4930/4930/4930 4928/4928/4928 4932/4932/4932
f 4931/4931/4931 4933/4933/4933 4929/4929/4929
f 4930/4930/4930 4932/4932/4932 4934/4934/4934
f 4935/4935/4935 4933/4933/4933 4931/4931/4931
f 4934/4934/4934 4932/4932/4932 4936/4936/4936
f 4935/4935/4935 4937/4937/4937 4933/4933/4933
f 4934/4934/4934 4936/4936/4936 4938/4938/4938
f 4939/4939/4939 4937/4937/4937 4935/4935/4935
f 4938/4938/4938 4936/4936/4936 4940/4940/4940
f 4939/4939/4939 4941/4941/4941 4937/4937/4937
f 4938/4938/4938 4940/4940/4940 4942/4942/4942
f 4943/4943/4943 4941/4941/4941 4939/4939/4939
f 4942/4942/4942 4940/4940/4940 4944/4944/4944
f 4945/4945/4945 4941/4941/4941 4943/4943/4943
f 4942/4942/4942 4944/4944/4944 4946/4946/4946
f 4946/4946/4946 4945/4945/4945 4943/4943/4943
f 4946/4946/4946 4944/4944/4944 4945/4945/4945
f 4949/4949/4949 4948/4948/4948 4947/4947/4947
f 4950/4950/4950 4948/4948/4948 4949/4949/4949
f 4949/4949/4949 4947/4947/4947 4951/4951/4951
f 4952/4952/4952 4950/4950/4950 4949/4949/4949
f 4951/4951/4951 4947/4947/4947 4953/4953/4953
f 4952/4952/4952 4954/4954/4954 4950/4950/4950
f 4951/4951/4951 4953/4953/4953 4955/4955/4955
f 4956/4956/4956 4954/4954/4954 4952/4952/4952
f 4955/4955/4955 4953/4953/4953 4957/4957/4957
f 4956/4956/4956 4958/4958/4958 4954/4954/4954
f 4955/4955/4955 4957/4957/4957 4959/4959/4959
f 4960/4960/4960 4958/4958/4958 4956/4956/4956
f 4959/4959/4959 4957/4957/4957 4961/4961/4961
f 4960/4960/4960 4962/4962/4962 4958/4958/4958
f 4959/4959/4959 4961/4961/4961 4963/4963/4963
f 4964/4964/4964 4962/4962/4962 4960/4960/4960
f 4963/4963/4963 4961/4961/4961 4965/4965/4965
f 4964/4964/4964 4966/4966/4966 4962/4962/4962
f 4963/4963/4963 4965/4965/4965 4967/4967/4967
f 4968/4968/4968 4966/4966/4966 4964/4964/4964
f 4967/4967/4967 4965/4965/4965 4969/4969/4969
f 4968/4968/4968 4970/4970/4970 4966/4966/4966
f 4967/4967/4967 4969/4969/4969 4971/4971/4971
f 4972/4972/4972 4970/4970/4970 4968/4968/4968
f 4971/4971/4971 4969/4969/4969 4973/4973/4973
f 4972/4972/4972 4974/4974/4974 4970/4970/4970
f 4971/4971/4971 4973/4973/4973 4975/4975/4975
f 4976/4976/4976 4974/4974/4974 4972/4972/4972
f 4975/4975/4975 4973/4973/4973 4977/4977/4977
f 4976/4976/4976 4978/4978/4978 4974/4974/4974
f 4975/4975/4975 4977/4977/4977 4979/4979/4979
f 4980/4980/4980 4978/4978/4978 4976/4976/4976
f 4979/4979/4979 4977/4977/4977 4981/4981/4981
f 4980/4980/4980 4982/4982/4982 4978/4978/4978
f 4979/4979/4979 4981/4981/4981 4983/4983/4983
f 4984/4984/4984 4982/4982/4982 4980/4980/4980
f 4983/4983/4983 4981/4981/4981 4985/4985/4985
f 4984/4984/4984 4986/4986/4986 4982/4982/4982
f 4983/4983/4983 4985/4985/4985 4987/4987/4987
f 4988/4988/4988 4986/4986/4986 4984/4984/4984
f 4987/4987/4987 4985/4985/4985 4989/4989/4989
f 4988/4988/4988 4989/4989/4989 4986/4986/4986
f 4987/4987/4987 4989/4989/4989 4990/4990/4990
f 4990/4990/4990 4989/4989/4989 4988/4988/4988
f 4993/4993/4993 4992/4992/4992 4991/4991/4991
f 4991/4991/4991 4992/4992/4992 4994/4994/4994
f 4995/4995/4995 4993/4993/4993 4991/4991/4991
f 4996/4996/4996 4991/4991/4991 4994/4994/4994
f 4996/4996/4996 4994/4994/4994 4997/4997/4997
f 4998/4998/4998 4996/4996/4996 4997/4997/4997
f 4999/4999/4999 4993/4993/4993 4995/4995/4995
f 5000/5000/5000 4999/4999/4999 4995/4995/4995
f 4998/4998/4998 4997/4997/4997 5001/5001/5001
f 5002/5002/5002 4998/4998/4998 5001/5001/5001
f 5003/5003/5003 4999/4999/4999 5000/5000/5000
f 5004/5004/5004 4999/4999/4999 5003/5003/5003
f 5005/5005/5005 5004/5004/5004 5003/5003/5003
f 5006/5006/5006 5005/5005/5005 5003/5003/5003
f 5007/5007/5007 5005/5005/5005 5006/5006/5006
f 5007/5007/5007 5006/5006/5006 5008/5008/5008
f 5009/5009/5009 5002/5002/5002 5001/5001/5001
f 5009/5009/5009 5001/5001/5001 5010/5010/5010
f 5011/5011/5011 5007/5007/5007 5008/5008/5008
f 5011/5011/5011 5008/5008/5008 5012/5012/5012
f 5011/5011/5011 5012/5012/5012 5013/5013/5013
f 5014/5014/5014 5011/5011/5011 5013/5013/5013
f 5014/5014/5014 5013/5013/5013 5015/5015/5015
f 5016/5016/5016 5014/5014/5014 5015/5015/5015
f 5009/5009/5009 5010/5010/5010 5017/5017/5017
f 5018/5018/5018 5009/5009/5009 5017/5017/5017
f 5019/5019/5019 5018/5018/5018 5017/5017/5017
f 5020/5020/5020 5019/5019/5019 5017/5017/5017
f 5016/5016/5016 5015/5015/5015 5021/5021/5021
f 5016/5016/5016 5021/5021/5021 5022/5022/5022
f 5023/5023/5023 5019/5019/5019 5020/5020/5020
f 5024/5024/5024 5023/5023/5023 5020/5020/5020
f 5022/5022/5022 5021/5021/5021 5025/5025/5025
f 5025/5025/5025 5023/5023/5023 5024/5024/5024
f 5021/5021/5021 5026/5026/5026 5025/5025/5025
f 5026/5026/5026 5023/5023/5023 5025/5025/5025
f 5029/5029/5029 5028/5028/5028 5027/5027/5027
f 5027/5027/5027 5028/5028/5028 5030/5030/5030
f 5029/5029/5029 5031/5031/5031 5028/5028/5028
f 5030/5030/5030 5028/5028/5028 5032/5032/5032
f 5029/5029/5029 5033/5033/5033 5031/5031/5031
f 5030/5030/5030 5032/5032/5032 5034/5034/5034
f 5035/5035/5035 5033/5033/5033 5029/5029/5029
f 5034/5034/5034 5032/5032/5032 5036/5036/5036
f 5035/5035/5035 5037/5037/5037 5033/5033/5033
f 5034/5034/5034 5036/5036/5036 5038/5038/5038
f 5039/5039/5039 5037/5037/5037 5035/5035/5035
f 5038/5038/5038 5036/5036/5036 5040/5040/5040
f 5039/5039/5039 5041/5041/5041 5037/5037/5037
f 5038/5038/5038 5040/5040/5040 5042/5042/5042
f 5043/5043/5043 5041/5041/5041 5039/5039/5039
f 5042/5042/5042 5040/5040/5040 5044/5044/5044
f 5043/5043/5043 5045/5045/5045 5041/5041/5041
f 5042/5042/5042 5044/5044/5044 5046/5046/5046
f 5047/5047/5047 5045/5045/5045 5043/5043/5043
f 5046/5046/5046 5044/5044/5044 5048/5048/5048
f 5047/5047/5047 5049/5049/5049 5045/5045/5045
f 5046/5046/5046 5048/5048/5048 5050/5050/5050
f 5051/5051/5051 5049/5049/5049 5047/5047/5047
f 5050/5050/5050 5048/5048/5048 5052/5052/5052
f 5051/5051/5051 5053/5053/5053 5049/5049/5049
f 5050/5050/5050 5052/5052/5052 5054/5054/5054
f 5055/5055/5055 5053/5053/5053 5051/5051/5051
f 5054/5054/5054 5052/5052/5052 5056/5056/5056
f 5055/5055/5055 5057/5057/5057 5053/5053/5053
f 5054/5054/5054 5056/5056/5056 5058/5058/5058
f 5059/5059/5059 5057/5057/5057 5055/5055/5055
f 5058/5058/5058 5056/5056/5056 5060/5060/5060
f 5059/5059/5059 5061/5061/5061 5057/5057/5057
f 5058/5058/5058 5060/5060/5060 5062/5062/5062
f 5063/5063/5063 5061/5061/5061 5059/5059/5059
f 5062/5062/5062 5060/5060/5060 5064/5064/5064
f 5063/5063/5063 5065/5065/5065 5061/5061/5061
f 5062/5062/5062 5064/5064/5064 5066/5066/5066
f 5067/5067/5067 5065/5065/5065 5063/5063/5063
f 5066/5066/5066 5064/5064/5064 5068/5068/5068
f 5067/5067/5067 5069/5069/5069 5065/5065/5065
f 5066/5066/5066 5068/5068/5068 5070/5070/5070
f 5071/5071/5071 5069/5069/5069 5067/5067/5067
f 5070/5070/5070 5068/5068/5068 5072/5072/5072
f 5073/5073/5073 5069/5069/5069 5071/5071/5071
f 5070/5070/5070 5072/5072/5072 5074/5074/5074
f 5074/5074/5074 5073/5073/5073 5071/5071/5071
f 5074/5074/5074 5072/5072/5072 5073/5073/5073
f 5077/5077/5077 5076/5076/5076 5075/5075/5075
f 5078/5078/5078 5076/5076/5076 5077/5077/5077
f 5077/5077/5077 5075/5075/5075 5079/5079/5079
f 5080/5080/5080 5078/5078/5078 5077/5077/5077
f 5079/5079/5079 5075/5075/5075 5081/5081/5081
f 5080/5080/5080 5082/5082/5082 5078/5078/5078
f 5079/5079/5079 5081/5081/5081 5083/5083/5083
f 5084/5084/5084 5082/5082/5082 5080/5080/5080
f 5083/5083/5083 5081/5081/5081 5085/5085/5085
f 5084/5084/5084 5086/5086/5086 5082/5082/5082
f 5083/5083/5083 5085/5085/5085 5087/5087/5087
f 5088/5088/5088 5086/5086/5086 5084/5084/5084
f 5087/5087/5087 5085/5085/5085 5089/5089/5089
f 5088/5088/5088 5090/5090/5090 5086/5086/5086
f 5087/5087/5087 5089/5089/5089 5091/5091/5091
f 5092/5092/5092 5090/5090/5090 5088/5088/5088
f 5091/5091/5091 5089/5089/5089 5093/5093/5093
f 5092/5092/5092 5094/5094/5094 5090/5090/5090
f 5091/5091/5091 5093/5093/5093 5095/5095/5095
f 5096/5096/5096 5094/5094/5094 5092/5092/5092
f 5095/5095/5095 5093/5093/5093 5097/5097/5097
f 5096/5096/5096 5098/5098/5098 5094/5094/5094
f 5095/5095/5095 5097/5097/5097 5099/5099/5099
f 5100/5100/5100 5098/5098/5098 5096/5096/5096
f 5099/5099/5099 5097/5097/5097 5101/5101/5101
f 5100/5100/5100 5102/5102/5102 5098/5098/5098
f 5099/5099/5099 5101/5101/5101 5103/5103/5103
f 5104/5104/5104 5102/5102/5102 5100/5100/5100
f 5103/5103/5103 5101/5101/5101 5105/5105/5105
f 5104/5104/5104 5106/5106/5106 5102/5102/5102
f 5103/5103/5103 5105/5105/5105 5107/5107/5107
f 5108/5108/5108 5106/5106/5106 5104/5104/5104
f 5107/5107/5107 5105/5105/5105 5109/5109/5109
f 5108/5108/5108 5110/5110/5110 5106/5106/5106
f 5107/5107/5107 5109/5109/5109 5111/5111/5111
f 5112/5112/5112 5110/5110/5110 5108/5108/5108
f 5111/5111/5111 5109/5109/5109 5113/5113/5113
f 5112/5112/5112 5114/5114/5114 5110/5110/5110
f 5111/5111/5111 5113/5113/5113 5115/5115/5115
f 5116/5116/5116 5114/5114/5114 5112/5112/5112
f 5115/5115/5115 5113/5113/5113 5117/5117/5117
f 5116/5116/5116 5117/5117/5117 5114/5114/5114
f 5115/5115/5115 5117/5117/5117 5118/5118/5118
f 5118/5118/5118 5117/5117/5117 5116/5116/5116
f 5121/5121/5121 5120/5120/5120 5119/5119/5119
f 5119/5119/5119 5120/5120/5120 5122/5122/5122
f 5123/5123/5123 5121/5121/5121 5119/5119/5119
f 5124/5124/5124 5119/5119/5119 5122/5122/5122
f 5124/5124/5124 5122/5122/5122 5125/5125/5125
f 5126/5126/5126 5124/5124/5124 5125/5125/5125
f 5127/5127/5127 5121/5121/5121 5123/5123/5123
f 5128/5128/5128 5127/5127/5127 5123/5123/5123
f 5126/5126/5126 5125/5125/5125 5129/5129/5129
f 5130/5130/5130 5126/5126/5126 5129/5129/5129
f 5131/5131/5131 5127/5127/5127 5128/5128/5128
f 5132/5132/5132 5127/5127/5127 5131/5131/5131
f 5133/5133/5133 5132/5132/5132 5131/5131/5131
f 5134/5134/5134 5133/5133/5133 5131/5131/5131
f 5135/5135/5135 5133/5133/5133 5134/5134/5134
f 5135/5135/5135 5134/5134/5134 5136/5136/5136
f 5137/5137/5137 5130/5130/5130 5129/5129/5129
f 5137/5137/5137 5129/5129/5129 5138/5138/5138
f 5139/5139/5139 5135/5135/5135 5136/5136/5136
f 5139/5139/5139 5136/5136/5136 5140/5140/5140
f 5139/5139/5139 5140/5140/5140 5141/5141/5141
f 5142/5142/5142 5139/5139/5139 5141/5141/5141
f 5142/5142/5142 5141/5141/5141 5143/5143/5143
f 5144/5144/5144 5142/5142/5142 5143/5143/5143
f 5137/5137/5137 5138/5138/5138 5145/5145/5145
f 5146/5146/5146 5137/5137/5137 5145/5145/5145
f 5147/5147/5147 5146/5146/5146 5145/5145/5145
f 5148/5148/5148 5147/5147/5147 5145/5145/5145
f 5144/5144/5144 5143/5143/5143 5149/5149/5149
f 5144/5144/5144 5149/5149/5149 5150/5150/5150
f 5151/5151/5151 5147/5147/5147 5148/5148/5148
f 5152/5152/5152 5151/5151/5151 5148/5148/5148
f 5150/5150/5150 5149/5149/5149 5153/5153/5153
f 5153/5153/5153 5151/5151/5151 5152/5152/5152
f 5149/5149/5149 5154/5154/5154 5153/5153/5153
f 5154/5154/5154 5151/5151/5151 5153/5153/5153
f 5157/5157/5157 5156/5156/5156 5155/5155/5155
f 5155/5155/5155 5156/5156/5156 5158/5158/5158
f 5157/5157/5157 5159/5159/5159 5156/5156/5156
f 5158/5158/5158 5156/5156/5156 5160/5160/5160
f 5157/5157/5157 5161/5161/5161 5159/5159/5159
f 5158/5158/5158 5160/5160/5160 5162/5162/5162
f 5163/5163/5163 5161/5161/5161 5157/5157/5157
f 5162/5162/5162 5160/5160/5160 5164/5164/5164
f 5163/5163/5163 5165/5165/5165 5161/5161/5161
f 5162/5162/5162 5164/5164/5164 5166/5166/5166
f 5167/5167/5167 5165/5165/5165 5163/5163/5163
f 5166/5166/5166 5164/5164/5164 5168/5168/5168
f 5167/5167/5167 5169/5169/5169 5165/5165/5165
f 5166/5166/5166 5168/5168/5168 5170/5170/5170
f 5171/5171/5171 5169/5169/5169 5167/5167/5167
f 5170/5170/5170 5168/5168/5168 5172/5172/5172
f 5171/5171/5171 5173/5173/5173 5169/5169/5169
f 5170/5170/5170 5172/5172/5172 5174/5174/5174
f 5175/5175/5175 5173/5173/5173 5171/5171/5171
f 5174/5174/5174 5172/5172/5172 5176/5176/5176
f 5175/5175/5175 5177/5177/5177 5173/5173/5173
f 5174/5174/5174 5176/5176/5176 5178/5178/5178
f 5179/5179/5179 5177/5177/5177 5175/5175/5175
f 5178/5178/5178 5176/5176/5176 5180/5180/5180
f 5179/5179/5179 5181/5181/5181 5177/5177/5177
f 5178/5178/5178 5180/5180/5180 5182/5182/5182
f 5183/5183/5183 5181/5181/5181 5179/5179/5179
f 5182/5182/5182 5180/5180/5180 5184/5184/5184
f 5183/5183/5183 5185/5185/5185 5181/5181/5181
f 5182/5182/5182 5184/5184/5184 5186/5186/5186
f 5187/5187/5187 5185/5185/5185 5183/5183/5183
f 5186/5186/5186 5184/5184/5184 5188/5188/5188
f 5187/5187/5187 5189/5189/5189 5185/5185/5185
f 5186/5186/5186 5188/5188/5188 5190/5190/5190
f 5191/5191/5191 5189/5189/5189 5187/5187/5187
f 5190/5190/5190 5188/5188/5188 5192/5192/5192
f 5191/5191/5191 5193/5193/5193 5189/5189/5189
f 5190/5190/5190 5192/5192/5192 5194/5194/5194
f 5195/5195/5195 5193/5193/5193 5191/5191/5191
f 5194/5194/5194 5192/5192/5192 5196/5196/5196
f 5195/5195/5195 5197/5197/5197 5193/5193/5193
f 5194/5194/5194 5196/5196/5196 5198/5198/5198
f 5199/5199/5199 5197/5197/5197 5195/5195/5195
f 5198/5198/5198 5196/5196/5196 5200/5200/5200
f 5201/5201/5201 5197/5197/5197 5199/5199/5199
f 5198/5198/5198 5200/5200/5200 5202/5202/5202
f 5202/5202/5202 5201/5201/5201 5199/5199/5199
f 5202/5202/5202 5200/5200/5200 5201/5201/5201
f 5205/5205/5205 5204/5204/5204 5203/5203/5203
f 5206/5206/5206 5204/5204/5204 5205/5205/5205
f 5205/5205/5205 5203/5203/5203 5207/5207/5207
f 5208/5208/5208 5206/5206/5206 5205/5205/5205
f 5207/5207/5207 5203/5203/5203 5209/5209/5209
f 5208/5208/5208 5210/5210/5210 5206/5206/5206
f 5207/5207/5207 5209/5209/5209 5211/5211/5211
f 5212/5212/5212 5210/5210/5210 5208/5208/5208
f 5211/5211/5211 5209/5209/5209 5213/5213/5213
f 5212/5212/5212 5214/5214/5214 5210/5210/5210
f 5211/5211/5211 5213/5213/5213 5215/5215/5215
f 5216/5216/5216 5214/5214/5214 5212/5212/5212
f 5215/5215/5215 5213/5213/5213 5217/5217/5217
f 5216/5216/5216 5218/5218/5218 5214/5214/5214
f 5215/5215/5215 5217/5217/5217 5219/5219/5219
f 5220/5220/5220 5218/5218/5218 5216/5216/5216
f 5219/5219/5219 5217/5217/5217 5221/5221/5221
f 5220/5220/5220 5222/5222/5222 5218/5218/5218
f 5219/5219/5219 5221/5221/5221 5223/5223/5223
f 5224/5224/5224 5222/5222/5222 5220/5220/5220
f 5223/5223/5223 5221/5221/5221 5225/5225/5225
f 5224/5224/5224 5226/5226/5226 5222/5222/5222
f 5223/5223/5223 5225/5225/5225 5227/5227/5227
f 5228/5228/5228 5226/5226/5226 5224/5224/5224
f 5227/5227/5227 5225/5225/5225 5229/5229/5229
f 5228/5228/5228 5230/5230/5230 5226/5226/5226
f 5227/5227/5227 5229/5229/5229 5231/5231/5231
f 5232/5232/5232 5230/5230/5230 5228/5228/5228
f 5231/5231/5231 5229/5229/5229 5233/5233/5233
f 5232/5232/5232 5234/5234/5234 5230/5230/5230
f 5231/5231/5231 5233/5233/5233 5235/5235/5235
f 5236/5236/5236 5234/5234/5234 5232/5232/5232
f 5235/5235/5235 5233/5233/5233 5237/5237/5237
f 5236/5236/5236 5238/5238/5238 5234/5234/5234
f 5235/5235/5235 5237/5237/5237 5239/5239/5239
f 5240/5240/5240 5238/5238/5238 5236/5236/5236
f 5239/5239/5239 5237/5237/5237 5241/5241/5241
f 5240/5240/5240 5242/5242/5242 5238/5238/5238
f 5239/5239/5239 5241/5241/5241 5243/5243/5243
f 5244/5244/5244 5242/5242/5242 5240/5240/5240
f 5243/5243/5243 5241/5241/5241 5245/5245/5245
f 5244/5244/5244 5245/5245/5245 5242/5242/5242
f 5243/5243/5243 5245/5245/5245 5246/5246/5246
f 5246/5246/5246 5245/5245/5245 5244/5244/5244
f 5249/5249/5249 5248/5248/5248 5247/5247/5247
f 5247/5247/5247 5248/5248/5248 5250/5250/5250
f 5251/5251/5251 5249/5249/5249 5247/5247/5247
f 5252/5252/5252 5247/5247/5247 5250/5250/5250
f 5252/5252/5252 5250/5250/5250 5253/5253/5253
f 5254/5254/5254 5252/5252/5252 5253/5253/5253
f 5255/5255/5255 5249/5249/5249 5251/5251/5251
f 5256/5256/5256 5255/5255/5255 5251/5251/5251
f 5254/5254/5254 5253/5253/5253 5257/5257/5257
f 5258/5258/5258 5254/5254/5254 5257/5257/5257
f 5259/5259/5259 5255/5255/5255 5256/5256/5256
f 5260/5260/5260 5255/5255/5255 5259/5259/5259
f 5261/5261/5261 5260/5260/5260 5259/5259/5259
f 5262/5262/5262 5261/5261/5261 5259/5259/5259
f 5263/5263/5263 5261/5261/5261 5262/5262/5262
f 5263/5263/5263 5262/5262/5262 5264/5264/5264
f 5265/5265/5265 5258/5258/5258 5257/5257/5257
f 5265/5265/5265 5257/5257/5257 5266/5266/5266
f 5267/5267/5267 5263/5263/5263 5264/5264/5264
f 5267/5267/5267 5264/5264/5264 5268/5268/5268
f 5267/5267/5267 5268/5268/5268 5269/5269/5269
f 5270/5270/5270 5267/5267/5267 5269/5269/5269
f 5270/5270/5270 5269/5269/5269 5271/5271/5271
f 5272/5272/5272 5270/5270/5270 5271/5271/5271
f 5265/5265/5265 5266/5266/5266 5273/5273/5273
f 5274/5274/5274 5265/5265/5265 5273/5273/5273
f 5275/5275/5275 5274/5274/5274 5273/5273/5273
f 5276/5276/5276 5275/5275/5275 5273/5273/5273
f 5272/5272/5272 5271/5271/5271 5277/5277/5277
f 5272/5272/5272 5277/5277/5277 5278/5278/5278
f 5279/5279/5279 5275/5275/5275 5276/5276/5276
f 5280/5280/5280 5279/5279/5279 5276/5276/5276
f 5278/5278/5278 5277/5277/5277 5281/5281/5281
f 5281/5281/5281 5279/5279/5279 5280/5280/5280
f 5277/5277/5277 5282/5282/5282 5281/5281/5281
f 5282/5282/5282 5279/5279/5279 5281/5281/5281
f 5285/5285/5285 5284/5284/5284 5283/5283/5283
f 5283/5283/5283 5284/5284/5284 5286/5286/5286
f 5285/5285/5285 5287/5287/5287 5284/5284/5284
f 5286/5286/5286 5284/5284/5284 5288/5288/5288
f 5285/5285/5285 5289/5289/5289 5287/5287/5287
f 5286/5286/5286 5288/5288/5288 5290/5290/5290
f 5291/5291/5291 5289/5289/5289 5285/5285/5285
f 5290/5290/5290 5288/5288/5288 5292/5292/5292
f 5291/5291/5291 5293/5293/5293 5289/5289/5289
f 5290/5290/5290 5292/5292/5292 5294/5294/5294
f 5295/5295/5295 5293/5293/5293 5291/5291/5291
f 5294/5294/5294 5292/5292/5292 5296/5296/5296
f 5295/5295/5295 5297/5297/5297 5293/5293/5293
f 5294/5294/5294 5296/5296/5296 5298/5298/5298
f 5299/5299/5299 5297/5297/5297 5295/5295/5295
f 5298/5298/5298 5296/5296/5296 5300/5300/5300
f 5299/5299/5299 5301/5301/5301 5297/5297/5297
f 5298/5298/5298 5300/5300/5300 5302/5302/5302
f 5303/5303/5303 5301/5301/5301 5299/5299/5299
f 5302/5302/5302 5300/5300/5300 5304/5304/5304
f 5303/5303/5303 5305/5305/5305 5301/5301/5301
f 5302/5302/5302 5304/5304/5304 5306/5306/5306
f 5307/5307/5307 5305/5305/5305 5303/5303/5303
f 5306/5306/5306 5304/5304/5304 5308/5308/5308
f 5307/5307/5307 5309/5309/5309 5305/5305/5305
f 5306/5306/5306 5308/5308/5308 5310/5310/5310
f 5311/5311/5311 5309/5309/5309 5307/5307/5307
f 5310/5310/5310 5308/5308/5308 5312/5312/5312
f 5311/5311/5311 5313/5313/5313 5309/5309/5309
f 5310/5310/5310 5312/5312/5312 5314/5314/5314
f 5315/5315/5315 5313/5313/5313 5311/5311/5311
f 5314/5314/5314 5312/5312/5312 5316/5316/5316
f 5315/5315/5315 5317/5317/5317 5313/5313/5313
f 5314/5314/5314 5316/5316/5316 5318/5318/5318
f 5319/5319/5319 5317/5317/5317 5315/5315/5315
f 5318/5318/5318 5316/5316/5316 5320/5320/5320
f 5319/5319/5319 5321/5321/5321 5317/5317/5317
f 5318/5318/5318 5320/5320/5320 5322/5322/5322
f 5323/5323/5323 5321/5321/5321 5319/5319/5319
f 5322/5322/5322 5320/5320/5320 5324/5324/5324
f 5323/5323/5323 5325/5325/5325 5321/5321/5321
f 5322/5322/5322 5324/5324/5324 5326/5326/5326
f 5327/5327/5327 5325/5325/5325 5323/5323/5323
f 5326/5326/5326 5324/5324/5324 5328/5328/5328
f 5329/5329/5329 5325/5325/5325 5327/5327/5327
f 5326/5326/5326 5328/5328/5328 5330/5330/5330
f 5330/5330/5330 5329/5329/5329 5327/5327/5327
f 5330/5330/5330 5328/5328/5328 5329/5329/5329
f 5333/5333/5333 5332/5332/5332 5331/5331/5331
f 5334/5334/5334 5333/5333/5333 5331/5331/5331
f 5331/5331/5331 5332/5332/5332 5335/5335/5335
f 5336/5336/5336 5333/5333/5333 5334/5334/5334
f 5332/5332/5332 5337/5337/5337 5335/5335/5335
f 5338/5338/5338 5336/5336/5336 5334/5334/5334
f 5335/5335/5335 5337/5337/5337 5339/5339/5339
f 5340/5340/5340 5336/5336/5336 5338/5338/5338
f 5337/5337/5337 5341/5341/5341 5339/5339/5339
f 5342/5342/5342 5340/5340/5340 5338/5338/5338
f 5339/5339/5339 5341/5341/5341 5343/5343/5343
f 5344/5344/5344 5340/5340/5340 5342/5342/5342
f 5341/5341/5341 5345/5345/5345 5343/5343/5343
f 5346/5346/5346 5344/5344/5344 5342/5342/5342
f 5343/5343/5343 5345/5345/5345 5347/5347/5347
f 5348/5348/5348 5344/5344/5344 5346/5346/5346
f 5345/5345/5345 5349/5349/5349 5347/5347/5347
f 5350/5350/5350 5348/5348/5348 5346/5346/5346
f 5347/5347/5347 5349/5349/5349 5351/5351/5351
f 5352/5352/5352 5348/5348/5348 5350/5350/5350
f 5349/5349/5349 5353/5353/5353 5351/5351/5351
f 5354/5354/5354 5352/5352/5352 5350/5350/5350
f 5351/5351/5351 5353/5353/5353 5355/5355/5355
f 5356/5356/5356 5352/5352/5352 5354/5354/5354
f 5353/5353/5353 5357/5357/5357 5355/5355/5355
f 5358/5358/5358 5356/5356/5356 5354/5354/5354
f 5355/5355/5355 5357/5357/5357 5359/5359/5359
f 5360/5360/5360 5356/5356/5356 5358/5358/5358
f 5357/5357/5357 5361/5361/5361 5359/5359/5359
f 5362/5362/5362 5360/5360/5360 5358/5358/5358
f 5359/5359/5359 5361/5361/5361 5363/5363/5363
f 5364/5364/5364 5360/5360/5360 5362/5362/5362
f 5361/5361/5361 5365/5365/5365 5363/5363/5363
f 5366/5366/5366 5364/5364/5364 5362/5362/5362
f 5363/5363/5363 5365/5365/5365 5366/5366/5366
f 5365/5365/5365 5364/5364/5364 5366/5366/5366
f 5369/5369/5369 5368/5368/5368 5367/5367/5367
f 5370/5370/5370 5369/5369/5369 5367/5367/5367
f 5367/5367/5367 5368/5368/5368 5371/5371/5371
f 5372/5372/5372 5369/5369/5369 5370/5370/5370
f 5368/5368/5368 5373/5373/5373 5371/5371/5371
f 5374/5374/5374 5372/5372/5372 5370/5370/5370
f 5371/5371/5371 5373/5373/5373 5375/5375/5375
f 5376/5376/5376 5372/5372/5372 5374/5374/5374
f 5373/5373/5373 5377/5377/5377 5375/5375/5375
f 5378/5378/5378 5376/5376/5376 5374/5374/5374
f 5375/5375/5375 5377/5377/5377 5379/5379/5379
f 5380/5380/5380 5376/5376/5376 5378/5378/5378
f 5377/5377/5377 5381/5381/5381 5379/5379/5379
f 5382/5382/5382 5380/5380/5380 5378/5378/5378
f 5379/5379/5379 5381/5381/5381 5383/5383/5383
f 5384/5384/5384 5380/5380/5380 5382/5382/5382
f 5381/5381/5381 5385/5385/5385 5383/5383/5383
f 5386/5386/5386 5384/5384/5384 5382/5382/5382
f 5383/5383/5383 5385/5385/5385 5387/5387/5387
f 5388/5388/5388 5384/5384/5384 5386/5386/5386
f 5385/5385/5385 5389/5389/5389 5387/5387/5387
f 5390/5390/5390 5388/5388/5388 5386/5386/5386
f 5387/5387/5387 5389/5389/5389 5391/5391/5391
f 5392/5392/5392 5388/5388/5388 5390/5390/5390
f 5389/5389/5389 5393/5393/5393 5391/5391/5391
f 5394/5394/5394 5392/5392/5392 5390/5390/5390
f 5391/5391/5391 5393/5393/5393 5395/5395/5395
f 5396/5396/5396 5392/5392/5392 5394/5394/5394
f 5393/5393/5393 5397/5397/5397 5395/5395/5395
f 5398/5398/5398 5396/5396/5396 5394/5394/5394
f 5395/5395/5395 5397/5397/5397 5399/5399/5399
f 5400/5400/5400 5396/5396/5396 5398/5398/5398
f 5397/5397/5397 5401/5401/5401 5399/5399/5399
f 5402/5402/5402 5400/5400/5400 5398/5398/5398
f 5399/5399/5399 5401/5401/5401 5402/5402/5402
f 5401/5401/5401 5400/5400/5400 5402/5402/5402
f 5405/5405/5405 5404/5404/5404 5403/5403/5403
f 5404/5404/5404 5406/5406/5406 5403/5403/5403
f 5407/5407/5407 5404/5404/5404 5405/5405/5405
f 5403/5403/5403 5406/5406/5406 5408/5408/5408
f 5409/5409/5409 5407/5407/5407 5405/5405/5405
f 5406/5406/5406 5410/5410/5410 5408/5408/5408
f 5411/5411/5411 5407/5407/5407 5409/5409/5409
f 5408/5408/5408 5410/5410/5410 5412/5412/5412
f 5413/5413/5413 5411/5411/5411 5409/5409/5409
f 5410/5410/5410 5414/5414/5414 5412/5412/5412
f 5415/5415/5415 5411/5411/5411 5413/5413/5413
f 5412/5412/5412 5414/5414/5414 5416/5416/5416
f 5417/5417/5417 5415/5415/5415 5413/5413/5413
f 5414/5414/5414 5418/5418/5418 5416/5416/5416
f 5419/5419/5419 5415/5415/5415 5417/5417/5417
f 5416/5416/5416 5418/5418/5418 5420/5420/5420
f 5421/5421/5421 5419/5419/5419 5417/5417/5417
f 5418/5418/5418 5422/5422/5422 5420/5420/5420
f 5423/5423/5423 5419/5419/5419 5421/5421/5421
f 5420/5420/5420 5422/5422/5422 5424/5424/5424
f 5425/5425/5425 5423/5423/5423 5421/5421/5421
f 5422/5422/5422 5426/5426/5426 5424/5424/5424
f 5427/5427/5427 5423/5423/5423 5425/5425/5425
f 5424/5424/5424 5426/5426/5426 5428/5428/5428
f 5429/5429/5429 5427/5427/5427 5425/5425/5425
f 5426/5426/5426 5430/5430/5430 5428/5428/5428
f 5431/5431/5431 5427/5427/5427 5429/5429/5429
f 5428/5428/5428 5430/5430/5430 5432/5432/5432
f 5433/5433/5433 5431/5431/5431 5429/5429/5429
f 5430/5430/5430 5434/5434/5434 5432/5432/5432
f 5435/5435/5435 5431/5431/5431 5433/5433/5433
f 5432/5432/5432 5434/5434/5434 5436/5436/5436
f 5437/5437/5437 5435/5435/5435 5433/5433/5433
f 5434/5434/5434 5438/5438/5438 5436/5436/5436
f 5438/5438/5438 5435/5435/5435 5437/5437/5437
f 5436/5436/5436 5438/5438/5438 5437/5437/5437
f 5441/5441/5441 5440/5440/5440 5439/5439/5439
f 5440/5440/5440 5442/5442/5442 5439/5439/5439
f 5443/5443/5443 5440/5440/5440 5441/5441/5441
f 5439/5439/5439 5442/5442/5442 5444/5444/5444
f 5445/5445/5445 5443/5443/5443 5441/5441/5441
f 5442/5442/5442 5446/5446/5446 5444/5444/5444
f 5447/5447/5447 5443/5443/5443 5445/5445/5445
f 5444/5444/5444 5446/5446/5446 5448/5448/5448
f 5449/5449/5449 5447/5447/5447 5445/5445/5445
f 5446/5446/5446 5450/5450/5450 5448/5448/5448
f 5451/5451/5451 5447/5447/5447 5449/5449/5449
f 5448/5448/5448 5450/5450/5450 5452/5452/5452
f 5453/5453/5453 5451/5451/5451 5449/5449/5449
f 5450/5450/5450 5454/5454/5454 5452/5452/5452
f 5455/5455/5455 5451/5451/5451 5453/5453/5453
f 5452/5452/5452 5454/5454/5454 5456/5456/5456
f 5457/5457/5457 5455/5455/5455 5453/5453/5453
f 5454/5454/5454 5458/5458/5458 5456/5456/5456
f 5459/5459/5459 5455/5455/5455 5457/5457/5457
f 5456/5456/5456 5458/5458/5458 5460/5460/5460
f 5461/5461/5461 5459/5459/5459 5457/5457/5457
f 5458/5458/5458 5462/5462/5462 5460/5460/5460
f 5463/5463/5463 5459/5459/5459 5461/5461/5461
f 5460/5460/5460 5462/5462/5462 5464/5464/5464
f 5465/5465/5465 5463/5463/5463 5461/5461/5461
f 5462/5462/5462 5466/5466/5466 5464/5464/5464
f 5467/5467/5467 5463/5463/5463 5465/5465/5465
f 5464/5464/5464 5466/5466/5466 5468/5468/5468
f 5469/5469/5469 5467/5467/5467 5465/5465/5465
f 5466/5466/5466 5470/5470/5470 5468/5468/5468
f 5471/5471/5471 5467/5467/5467 5469/5469/5469
f 5468/5468/5468 5470/5470/5470 5472/5472/5472
f 5473/5473/5473 5471/5471/5471 5469/5469/5469
f 5470/5470/5470 5474/5474/5474 5472/5472/5472
f 5474/5474/5474 5471/5471/5471 5473/5473/5473
f 5472/5472/5472 5474/5474/5474 5473/5473/5473
