g Head_top.
v 0.0262525789 0.109958112 0.0919999927
v 0.026603559 0.110811777 0.12735635
v 0.026603559 0.110811777 0.0919999927
v 0.132317126 -0.0391941182 0.129999995
v 0.132317126 -0.0391941182 0.0919999927
v 0.134457707 -0.0398281887 0.0919999927
v 0.110982284 -0.105318248 0.111999996
v 0.110982284 -0.105318248 0.0919999927
v 0.109854855 -0.104248501 0.111999966
v -0.0887365863 -0.0324972011 0.145999998
v -0.0844201893 -0.0424674079 0.145999998
v -0.0906084627 -0.0268394481 0.145999998
v -0.0725117028 -0.0605995394 0.145999998
v -0.0685478747 -0.0650495067 0.145999998
v -0.078987956 -0.0518763214 0.145999998
v -0.108352803 -0.0322436504 0.0919999927
v -0.109267592 -0.0323665403 0.12735635
v -0.109267592 -0.0323665403 0.0919999927
v -0.108352803 -0.0322436504 0.0919999927
v -0.107966989 -0.0322764479 0.128575206
v -0.109267592 -0.0323665403 0.12735635
v -0.107443951 -0.0324046873 0.0919999927
v -0.106833443 -0.0326932482 0.129499078
v -0.107966989 -0.0322764479 0.128575206
v -0.107443951 -0.0324046873 0.0919999927
v -0.107966989 -0.0322764479 0.128575206
v -0.108352803 -0.0322436504 0.0919999927
v -0.106627069 -0.0328343883 0.0919999927
v -0.106833443 -0.0326932482 0.129499078
v -0.107443951 -0.0324046873 0.0919999927
v -0.108352803 -0.0322436504 0.0919999927
v -0.109267592 -0.0323665403 0.0919999927
v -0.105562501 -0.0343155488 0.0919999927
v 0.11453566 -0.0985603333 0.0780000016
v 0.113042593 -0.0982886404 0.0919999927
v 0.11453566 -0.0985603333 0.0919999927
v 0.11453566 -0.0985603333 0.0780000016
v 0.11453566 -0.0985603333 0.0919999927
v 0.116041474 -0.0983715877 0.0780000016
v 0.113042593 -0.0982886404 0.0780000016
v 0.111699797 -0.0975815281 0.0919999927
v 0.113042593 -0.0982886404 0.0919999927
v 0.113042593 -0.0982886404 0.0780000016
v 0.113042593 -0.0982886404 0.0919999927
v 0.11453566 -0.0985603333 0.0780000016
v 0.093889378 -0.084402509 0.0780000016
v 0.0932068452 -0.0836979598 0.0919999927
v 0.093889378 -0.084402509 0.0919999927
v 0.0932068452 -0.0836979598 0.0780000016
v 0.0927880779 -0.0828108862 0.0919999927
v 0.0932068452 -0.0836979598 0.0919999927
v 0.0932068452 -0.0836979598 0.0780000016
v 0.0932068452 -0.0836979598 0.0919999927
v 0.093889378 -0.084402509 0.0780000016
v 0.0927880779 -0.0828108862 0.0780000016
v 0.0927880779 -0.0828108862 0.0919999927
v 0.0926778391 -0.0818361565 0.0780000016
v 0.0926778391 -0.0818361565 0.0919999927
v 0.0927880779 -0.0828108862 0.0780000016
v 0.0926778391 -0.0818361565 0.0919999927
v 0.0927880779 -0.0828108862 0.0919999927
v 0.0933958963 -0.080038771 0.0919999927
v 0.0933958963 -0.080038771 0.0780000016
v 0.0946560651 -0.0785444379 0.0919999927
v 0.0933958963 -0.080038771 0.0780000016
v 0.0946560651 -0.0785444379 0.0780000016
v 0.0946560651 -0.0785444379 0.0919999927
v 0.0946560651 -0.0785444379 0.0780000016
v 0.0958923325 -0.0770302489 0.0780000016
v 0.0958923325 -0.0770302489 0.0919999927
v 0.0946560651 -0.0785444379 0.0919999927
v 0.0946560651 -0.0785444379 0.0780000016
v 0.0958923325 -0.0770302489 0.0919999927
v 0.0916079432 -0.0677863136 0.0919999927
v 0.0907903537 -0.0673579574 0.0919999927
v 0.0874596983 -0.0683505684 0.0919999927
v 0.0907903537 -0.0673579574 0.125
v 0.0907903537 -0.0673579574 0.0919999927
v 0.0916079432 -0.0677863136 0.0919999927
v 0.122823633 -0.0912324116 0.111999996
v 0.110982284 -0.105318248 0.111999996
v 0.109854855 -0.104248501 0.111999966
v 0.0887365863 -0.0324972011 0.145999998
v 0.0906084627 -0.0268394481 0.145999998
v 0.0844201893 -0.0424674153 0.145999998
v 0.0712217018 -0.0621105283 0.145999998
v 0.0725116879 -0.0605995394 0.145999998
v 0.078987956 -0.0518763214 0.145999998
v -0.0162248891 0.0930967405 0.145999998
v -0.0220605899 0.0918889567 0.145999998
v -0.00543222995 0.0943437368 0.145999998
v -0.0906084627 -0.0268394481 0.145999998
v -0.0943914577 -0.0277206693 0.145999998
v -0.0957620442 -0.0283660088 0.145999998
v -0.0932770446 -0.0266944692 0.145999998
v -0.0925211236 -0.0253816284 0.145999998
v -0.0921930671 -0.0239026491 0.145999998
v -0.0923230127 -0.0223933198 0.145999998
v -0 0 0.145999998
v -0.094788976 0.00632843003 0.145999998
v -0.0844201893 -0.0424674079 0.145999998
v -0.0885268003 0.0344674587 0.145999998
v -0.078987956 -0.0518763214 0.145999998
v -0.0685478747 -0.0650495067 0.145999998
v -0.0741130859 0.0594327301 0.145999998
v -0.052875068 0.0789254531 0.145999998
v -0.0220605899 0.0918889567 0.145999998
v -0.0267683286 0.0911507308 0.145999998
v -0.0253962297 0.0917928666 0.145999998
v -0.0242794286 0.0928164572 0.145999998
v -0.0235204287 0.0941275284 0.145999998
v -0.0231889188 0.095605731 0.145999998
v -0.0233153384 0.0971153751 0.145999998
v -0.00543222995 0.0943437368 0.145999998
v 0.0220605899 0.0918889567 0.145999998
v 0.00543223973 0.0943437368 0.145999998
v -0.041913908 -0.0852538794 0.145999998
v -0.0144137098 -0.0939001814 0.145999998
v 0.0144137098 -0.0939001814 0.145999998
v 0.041913908 -0.0852538794 0.145999998
v 0.0685478747 -0.0650495067 0.145999998
v 0.0655546859 -0.0687574148 0.145999998
v -0.0655546859 -0.0687574148 0.145999998
v 0.0667968392 -0.0678902194 0.145999998
v -0.0667968392 -0.0678902194 0.145999998
v 0.0682417005 -0.0674348325 0.145999998
v -0.0682417005 -0.0674348325 0.145999998
v -0.0697566196 -0.0674330592 0.145999998
v -0.0712025315 -0.067885071 0.145999998
v -0.0724467039 -0.0687493607 0.145999998
v 0.0697566196 -0.0674330592 0.145999998
v 0.0712025315 -0.067885071 0.145999998
v 0.0724467039 -0.0687493607 0.145999998
v 0.0844201893 -0.0424674153 0.145999998
v 0.078987956 -0.0518763214 0.145999998
v 0.0906084627 -0.0268394481 0.145999998
v 0.094788976 0.00632843003 0.145999998
v 0.0923230127 -0.0223933198 0.145999998
v 0.0885268003 0.0344674587 0.145999998
v 0.0741130859 0.0594327301 0.145999998
v 0.052875068 0.0789254531 0.145999998
v 0.0921930671 -0.0239026491 0.145999998
v 0.0925211236 -0.0253816284 0.145999998
v 0.0932770446 -0.0266944692 0.145999998
v 0.0943914577 -0.0277206693 0.145999998
v 0.0957620442 -0.0283660088 0.145999998
v 0.0267683286 0.0911507308 0.145999998
v 0.0253962297 0.0917928666 0.145999998
v 0.0242794286 0.0928164572 0.145999998
v 0.0235204287 0.0941275284 0.145999998
v 0.0231889188 0.095605731 0.145999998
v 0.0233153384 0.0971153751 0.145999998
v -0.0242794286 0.0928164572 0.145999998
v -0.0240873788 0.0930717736 0.159999996
v -0.0253962297 0.0917928666 0.145999998
v -0.02482876 0.092234917 0.16399999
v -0.0240873788 0.0930717736 0.16399999
v -0.0221002791 0.0907451808 0.167000011
v -0.0257375501 0.0915837139 0.16399999
v -0.0267683286 0.0911507308 0.145999998
v -0.0232071076 0.0896793082 0.167000011
v -0.0267683286 0.0911507308 0.16399999
v -0.052875068 0.0789254531 0.145999998
v -0.0227029398 0.0891547874 0.167000011
v -0.0210812893 0.089552097 0.167000011
v -0.0244973097 0.088844724 0.167000011
v -0.052875068 0.0789254531 0.16399999
v -0.0741130859 0.0594327301 0.145999998
v -0.0243171193 0.0887281075 0.167000011
v -0.02592328 0.0882722065 0.167000011
v -0.01961587 0.0878363103 0.164999992
v -0.0210812893 0.089552097 0.167000011
v -0.0470962897 0.0766938105 0.164999992
v -0.0512054674 0.0764329731 0.167000011
v -0.0694639683 0.0572254881 0.164999992
v -0.0717727095 0.0575558618 0.167000011
v -0.0842907131 0.0315448195 0.164999992
v -0.0857312009 0.0333790593 0.167000011
v -0.0917956457 0.00612874981 0.167000011
v -0.089966923 0.00243967981 0.164999992
v -0.0894076154 -0.0216858909 0.167000011
v -0.0512054674 0.0764329731 0.167000011
v -0.0858764052 -0.0269303191 0.164999992
v -0.0741130859 0.0594327301 0.16399999
v -0.0717727095 0.0575558618 0.167000011
v -0.0885268003 0.0344674587 0.145999998
v -0.0885268003 0.0344674587 0.16399999
v -0.0857312009 0.0333790593 0.167000011
v -0.0917956457 0.00612874981 0.167000011
v -0.094788976 0.00632843003 0.145999998
v -0.094788976 0.00632843003 0.16399999
v -0.0923230127 -0.0223933198 0.16399999
v -0.0923230127 -0.0223933198 0.145999998
v -0.0921826065 -0.0235024896 0.16399999
v -0.0921930671 -0.0239026491 0.145999998
v -0.0891904309 -0.0232070703 0.167000011
v -0.0889993533 -0.0233048201 0.167000011
v -0.0892681107 -0.0247417092 0.167000011
v -0.0885617808 -0.0249160696 0.167000011
v -0.0880950317 -0.0265191197 0.167000011
v -0.0896377638 -0.0262331888 0.167000011
v -0.0922921672 -0.0246151295 0.16399999
v -0.0926462188 -0.0256756078 0.16399999
v -0.0926462188 -0.0256756078 0.159999996
v -0.0925211236 -0.0253816284 0.145999998
v 0.0242794286 0.0928164572 0.145999998
v 0.0253962297 0.0917928666 0.145999998
v 0.0240873788 0.0930717736 0.159999996
v 0.02482876 0.092234917 0.16399999
v 0.0240873788 0.0930717736 0.16399999
v 0.0221002605 0.0907451734 0.167000011
v 0.0257375501 0.0915837139 0.16399999
v 0.0267683286 0.0911507308 0.145999998
v 0.0232070982 0.0896793082 0.167000011
v 0.0267683286 0.0911507308 0.16399999
v 0.052875068 0.0789254531 0.145999998
v 0.0227029398 0.0891547874 0.167000011
v 0.0210812893 0.089552097 0.167000011
v 0.01961587 0.0878363103 0.164999992
v 0.0244973097 0.088844724 0.167000011
v 0.0243171193 0.0887281075 0.167000011
v 0.02592328 0.0882722065 0.167000011
v 0.0470962897 0.0766938105 0.164999992
v 0.052875068 0.0789254531 0.16399999
v 0.0741130859 0.0594327301 0.145999998
v 0.0512054674 0.0764329731 0.167000011
v 0.0694639683 0.0572254881 0.164999992
v 0.0717727095 0.0575558618 0.167000011
v 0.0857312009 0.0333790593 0.167000011
v 0.0842907131 0.0315448195 0.164999992
v 0.0917956457 0.00612874981 0.167000011
v 0.089966923 0.00243967981 0.164999992
v 0.0894076154 -0.0216858778 0.167000011
v 0.0512054674 0.0764329731 0.167000011
v 0.0858764052 -0.0269303191 0.164999992
v 0.0741130859 0.0594327301 0.16399999
v 0.0717727095 0.0575558618 0.167000011
v 0.0885268003 0.0344674587 0.145999998
v 0.0857312009 0.0333790593 0.167000011
v 0.0885268003 0.0344674587 0.16399999
v 0.0917956457 0.00612874981 0.167000011
v 0.094788976 0.00632843003 0.145999998
v 0.094788976 0.00632843003 0.16399999
v 0.0923230127 -0.0223933198 0.16399999
v 0.0923230127 -0.0223933198 0.145999998
v 0.0921826065 -0.0235024896 0.16399999
v 0.0921930671 -0.0239026491 0.145999998
v 0.0891904309 -0.0232070703 0.167000011
v 0.0889993533 -0.0233048201 0.167000011
v 0.0892681107 -0.0247417092 0.167000011
v 0.0885617808 -0.0249160696 0.167000011
v 0.088095054 -0.0265191197 0.167000011
v 0.0896377638 -0.0262331888 0.167000011
v 0.0922921672 -0.0246151295 0.16399999
v 0.0926462188 -0.0256756078 0.16399999
v 0.0926462188 -0.0256756078 0.159999996
v 0.0925211236 -0.0253816284 0.145999998
v 0.088095054 -0.0265191197 0.167000011
v 0.0896377638 -0.0262331888 0.167000011
v 0.0858764052 -0.0269303191 0.164999992
v 0.0926462188 -0.0256756078 0.16399999
v 0.0926462188 -0.0256756078 0.159999996
v 0.0745981708 -0.0290206093 0.159999996
v 0.0745981708 -0.0290206093 0.164999992
v 0.0694414899 -0.0309383608 0.164999992
v 0.0694414899 -0.0309383608 0.159999996
v 0.0652393028 -0.0344895013 0.164999992
v 0.0652393028 -0.0344895013 0.159999996
v 0.0624884292 -0.0392541401 0.164999992
v 0.0624884292 -0.0392541401 0.159999996
v 0.0615141578 -0.0446689166 0.164999992
v 0.0615141578 -0.0446689166 0.159999996
v 0.062431667 -0.0500935987 0.164999992
v 0.062431667 -0.0500935987 0.159999996
v 0.066260539 -0.0609060004 0.164999992
v 0.0685588419 -0.0673961639 0.159999996
v 0.0685588419 -0.0673961639 0.16399999
v 0.0675374866 -0.0645119697 0.167000011
v 0.067013748 -0.0630329773 0.167000011
v 0.0682417005 -0.0674348325 0.145999998
v 0.0667968392 -0.0678902194 0.145999998
v 0.0685588419 -0.0673961639 0.159999996
v 0.0674634129 -0.0676198006 0.16399999
v 0.0685588419 -0.0673961639 0.16399999
v 0.0675374866 -0.0645119697 0.167000011
v 0.0664450452 -0.0680812374 0.16399999
v 0.0655546859 -0.0687574148 0.145999998
v 0.0660610273 -0.0649375916 0.167000011
v 0.0655546859 -0.0687574148 0.16399999
v 0.041913908 -0.0852538794 0.145999998
v 0.0658588558 -0.0642387122 0.167000011
v 0.067013748 -0.0630329773 0.167000011
v 0.066260539 -0.0609060004 0.164999992
v 0.0646931678 -0.0656376407 0.167000011
v 0.0646822676 -0.0654232651 0.167000011
v 0.0634843782 -0.0665862784 0.167000011
v 0.0485806167 -0.0757622793 0.164999992
v 0.0455991291 -0.0799044371 0.167000011
v 0.0277022403 -0.0856305212 0.164999992
v 0.0250349585 -0.0885282531 0.167000011
v 0.00499999989 -0.0898609981 0.164999992
v 0.00300000003 -0.0919510722 0.167000011
v 0.0455991291 -0.0799044371 0.167000011
v 0.041913908 -0.0852538794 0.16399999
v 0.0144137098 -0.0939001814 0.16399999
v 0.0144137098 -0.0939001814 0.145999998
v 0.0250349585 -0.0885282531 0.167000011
v -0.0144137098 -0.0939001814 0.145999998
v 0.00300000003 -0.0919510722 0.167000011
v -0.0144137098 -0.0939001814 0.16399999
v -0.041913908 -0.0852538794 0.145999998
v 0.00100016 -0.0919945613 0.167000011
v -0.00100016 -0.0919945613 0.167000011
v 0.00300000003 -0.0850000009 0.167000011
v 0.00499999989 -0.0898609981 0.164999992
v 0.00499999989 -0.0850000009 0.164999992
v 0.00469845999 -0.0832898989 0.164999992
v -0.00300000003 -0.0850000009 0.167000011
v 0.00281907991 -0.0839739367 0.167000011
v 0.00383022008 -0.0817860588 0.164999992
v 0.00229812996 -0.0830716416 0.167000011
v 0.00249999994 -0.080669865 0.164999992
v -0.00300000003 -0.0919510722 0.167000011
v 0.00150000001 -0.0824019238 0.167000011
v -0.00499999989 -0.0898609981 0.164999992
v -0.0250349585 -0.0885282531 0.167000011
v 0.000868239964 -0.0800759569 0.164999992
v -0.041913908 -0.0852538794 0.16399999
v -0.0455991291 -0.0799044371 0.167000011
v 0.000520939997 -0.08204557 0.167000011
v -0.000868239964 -0.0800759569 0.164999992
v -0.0655546859 -0.0687574148 0.16399999
v -0.0655546859 -0.0687574148 0.145999998
v -0.0634843782 -0.0665862858 0.167000011
v -0.000520939997 -0.08204557 0.167000011
v -0.00249999994 -0.080669865 0.164999992
v -0.00150000001 -0.0824019238 0.167000011
v -0.00383022008 -0.0817860588 0.164999992
v -0.00229812996 -0.0830716416 0.167000011
v -0.00469845999 -0.0832898989 0.164999992
v -0.00281907991 -0.0839739367 0.167000011
v -0.00499999989 -0.0850000009 0.164999992
v -0.0664450452 -0.0680812374 0.16399999
v -0.0667968392 -0.0678902194 0.145999998
v -0.0646931604 -0.0656376407 0.167000011
v -0.0674634129 -0.0676198006 0.16399999
v -0.0660610199 -0.0649375916 0.167000011
v -0.0685588419 -0.0673961639 0.159999996
v -0.0682417005 -0.0674348325 0.145999998
v -0.0685588419 -0.0673961639 0.16399999
v -0.0675374866 -0.064511992 0.167000011
v -0.0646822676 -0.0654232651 0.167000011
v -0.0658588558 -0.0642387122 0.167000011
v -0.067013748 -0.0630329773 0.167000011
v -0.066260539 -0.0609060004 0.164999992
v -0.0485806167 -0.0757622793 0.164999992
v -0.0455991291 -0.0799044371 0.167000011
v -0.0277022403 -0.0856305212 0.164999992
v -0.0250349585 -0.0885282531 0.167000011
v -0.00300000003 -0.0919510722 0.167000011
v -0.0745981708 -0.0290206093 0.164999992
v -0.0858764052 -0.0269303191 0.164999992
v -0.089966923 0.00243967981 0.164999992
v -0.0694414899 -0.0309383608 0.164999992
v -0.0842907131 0.0315448195 0.164999992
v -0.0652393028 -0.0344895013 0.164999992
v -0.00275086984 0.0737436265 0.164999992
v -0.0694639683 0.0572254881 0.164999992
v -0.0624884292 -0.0392541401 0.164999992
v -0.00792734046 0.0756072775 0.164999992
v -0.0470962897 0.0766938105 0.164999992
v -0.0121665001 0.0791142136 0.164999992
v -0.01961587 0.0878363103 0.164999992
v 0.0624884292 -0.0392541401 0.164999992
v 0.00275086984 0.0737436265 0.164999992
v 0.000868239964 -0.0800759569 0.164999992
v -0.000868239964 -0.0800759569 0.164999992
v -0.0615141578 -0.0446689166 0.164999992
v -0.00249999994 -0.080669865 0.164999992
v 0.0615141578 -0.0446689166 0.164999992
v 0.0652393028 -0.0344895013 0.164999992
v 0.00249999994 -0.080669865 0.164999992
v -0.0485806167 -0.0757622793 0.164999992
v -0.062431667 -0.0500935987 0.164999992
v -0.066260539 -0.0609060004 0.164999992
v -0.0277022403 -0.0856305212 0.164999992
v -0.00383022008 -0.0817860588 0.164999992
v -0.00469845999 -0.0832898989 0.164999992
v -0.00499999989 -0.0850000009 0.164999992
v -0.00499999989 -0.0898609981 0.164999992
v 0.0842907131 0.0315448195 0.164999992
v 0.0694414899 -0.0309383608 0.164999992
v 0.0694639683 0.0572254881 0.164999992
v 0.089966923 0.00243967981 0.164999992
v 0.0745981708 -0.0290206093 0.164999992
v 0.0858764052 -0.0269303191 0.164999992
v 0.00792734046 0.0756072775 0.164999992
v 0.0470962897 0.0766938105 0.164999992
v 0.0121665001 0.0791142136 0.164999992
v 0.01961587 0.0878363103 0.164999992
v 0.0277022403 -0.0856305212 0.164999992
v 0.00499999989 -0.0898609981 0.164999992
v 0.00499999989 -0.0850000009 0.164999992
v 0.00469845999 -0.0832898989 0.164999992
v 0.00383022008 -0.0817860588 0.164999992
v 0.0485806167 -0.0757622793 0.164999992
v 0.062431667 -0.0500935987 0.164999992
v 0.066260539 -0.0609060004 0.164999992
v -0.0210812893 0.089552097 0.167000011
v -0.0221002791 0.0907451808 0.167000011
v -0.01961587 0.0878363103 0.164999992
v -0.0240873788 0.0930717736 0.16399999
v -0.0240873788 0.0930717736 0.159999996
v -0.0121665001 0.0791142136 0.159999996
v -0.0121665001 0.0791142136 0.164999992
v -0.00792734046 0.0756072775 0.164999992
v -0.00792734046 0.0756072775 0.159999996
v -0.00275086984 0.0737436265 0.164999992
v -0.00275086984 0.0737436265 0.159999996
v 0.00275086984 0.0737436265 0.164999992
v 0.00275086984 0.0737436265 0.159999996
v 0.00792734046 0.0756072775 0.159999996
v 0.00792734046 0.0756072775 0.164999992
v 0.0121665001 0.0791142136 0.159999996
v 0.0121665001 0.0791142136 0.164999992
v 0.01961587 0.0878363103 0.164999992
v 0.0240873788 0.0930717736 0.159999996
v 0.0240873788 0.0930717736 0.16399999
v 0.0221002605 0.0907451734 0.167000011
v 0.0210812893 0.089552097 0.167000011
v -0.0880950317 -0.0265191197 0.167000011
v -0.0858764052 -0.0269303191 0.164999992
v -0.0896377638 -0.0262331888 0.167000011
v -0.0926462188 -0.0256756078 0.16399999
v -0.0926462188 -0.0256756078 0.159999996
v -0.0745981708 -0.0290206093 0.159999996
v -0.0745981708 -0.0290206093 0.164999992
v -0.0694414899 -0.0309383608 0.164999992
v -0.0694414899 -0.0309383608 0.159999996
v -0.0652393028 -0.0344895013 0.164999992
v -0.0652393028 -0.0344895013 0.159999996
v -0.0624884292 -0.0392541401 0.164999992
v -0.0624884292 -0.0392541401 0.159999996
v -0.0615141578 -0.0446689166 0.164999992
v -0.0615141578 -0.0446689166 0.159999996
v -0.062431667 -0.0500935987 0.164999992
v -0.062431667 -0.0500935987 0.159999996
v -0.066260539 -0.0609060004 0.164999992
v -0.0685588419 -0.0673961639 0.159999996
v -0.0685588419 -0.0673961639 0.16399999
v -0.0675374866 -0.064511992 0.167000011
v -0.067013748 -0.0630329773 0.167000011
v -0.100101657 -0.0949929282 0.129999995
v -0.100101657 -0.0949929282 0.0919999927
v -0.101721086 -0.0965296999 0.0919999927
v -0.101721086 -0.0965296999 0.150552332
v -0.119483218 -0.0929579884 0.111999758
v -0.121891677 -0.0924738795 0.0919999927
v -0.121891677 -0.0924738795 0.111999996
v -0.12400835 -0.0896154568 0.0919999927
v -0.132112086 -0.0771712065 0.111999996
v -0.139061958 -0.0638026074 0.0919999927
v -0.140421405 -0.0607521906 0.111999996
v -0.14192839 -0.0571430922 0.0919999927
v -0.144476116 -0.0503552556 0.0919999927
v -0.146699414 -0.043454349 0.111999996
v -0.146699414 -0.043454349 0.0919999927
v -0.0805165544 -0.0764073581 0.130192593
v -0.106511496 -0.0955666527 0.149656162
v -0.0797911733 -0.0757189989 0.159999996
v -0.0807179809 -0.0761945248 0.128313467
v -0.100303553 -0.0947797298 0.128311679
v -0.0812921375 -0.0755816549 0.126830757
v -0.100880772 -0.0941651016 0.126825809
v -0.101759896 -0.0932143927 0.125710145
v -0.082169041 -0.0746273994 0.125711739
v -0.102591619 -0.0922982022 0.125180617
v -0.0829955265 -0.0737071335 0.125181526
v -0.103477702 -0.0913036913 0.125
v -0.0838765949 -0.0727029294 0.125
v -0.112419128 -0.080037117 0.125
v -0.0913576782 -0.0630458072 0.125
v -0.120139271 -0.0679010674 0.125
v -0.0977322757 -0.0526251048 0.125
v -0.104508638 -0.0454416499 0.125
v -0.126554281 -0.0550273694 0.125
v -0.103728883 -0.0449477695 0.125
v -0.103136174 -0.0442402065 0.125
v -0.102786615 -0.0433859564 0.125
v -0.102713309 -0.0424658656 0.125
v -0.102923185 -0.0415670387 0.125
v -0.0685478747 -0.0650495067 0.145999998
v -0.0724467039 -0.0687493607 0.145999998
v -0.0724467039 -0.0687493607 0.159999996
v -0.0712976977 -0.0679328963 0.159999996
v -0.0712025315 -0.067885071 0.145999998
v -0.0699664652 -0.0674695596 0.159999996
v -0.0697566196 -0.0674330592 0.145999998
v -0.0685588419 -0.0673961639 0.159999996
v -0.0682417005 -0.0674348325 0.145999998
v 0.026603559 0.110811777 0.12735635
v 0.0260312781 0.109640397 0.128575206
v 0.0220605899 0.0918889567 0.145999998
v 0.0251035392 0.108867101 0.129499078
v 0.0241989102 0.10855566 0.129981712
v 0.02487812 0.108758964 0.0919999927
v 0.0256587006 0.109251536 0.0919999927
v 0.0260312781 0.109640397 0.128575206
v 0.0262525789 0.109958112 0.0919999927
v 0.026603559 0.110811777 0.12735635
v 0.0239847396 0.108526982 0.0919999927
v 0.0236164499 0.108513206 0.130141452
v 0.0230631195 0.108577594 0.0919999927
v 0.0230631195 0.108577594 0.130192593
v 0.0154634798 0.109917611 0.125
v 0.0205404889 0.109082945 0.0919999927
v 0.0180068184 0.109529696 0.0919999927
v 0.0181784499 0.092735067 0.145999998
v 0.0154634798 0.109917611 0.0919999927
v 0.0145801399 0.110185266 0.125
v 0.0145801399 0.110185266 0.0919999927
v 0.0138199693 0.110708795 0.125
v 0.0138199693 0.110708795 0.0919999927
v 0.0132549405 0.111438654 0.125
v 0.0132549405 0.111438654 0.0919999927
v 0.0129385302 0.112305731 0.0919999927
v 0.0129385302 0.112305731 0.125
v 0.0129006999 0.113227963 0.0919999927
v 0.0129006999 0.113227963 0.125
v 0.0156220393 0.137112916 0.0919999927
v 0.0156220393 0.137112916 0.125
v 0.0220695399 0.108783893 0.130192593
v 0.02107412 0.108981103 0.130192593
v 0.0200769398 0.109169208 0.130192593
v 0.0196657386 0.109244026 0.130317658
v 0.0162249003 0.0930967405 0.145999998
v 0.0158421192 0.0942900255 0.145258918
v 0.00543223973 0.0943437368 0.145999998
v 0.0163561907 0.0981140435 0.142687976
v 0.0163561907 0.0981140435 0.142687976
v 0.0193922594 0.109292902 0.130570635
v 0.0191607904 0.109333716 0.131001666
v 0.0190542694 0.109352335 0.131633565
v 0.0190542694 0.109352335 0.13499999
v 0.0191607904 0.109333716 0.131001666
v 0.0143926702 0.110062942 0.13499999
v 0.0190542694 0.109352335 0.131633565
v 0.0190542694 0.109352335 0.13499999
v 0.00364712998 0.102580309 0.14056991
v 0.00463915989 0.10413608 0.139507085
v 0.00242001982 0.101624578 0.14123106
v 0.00499999989 0.105999999 0.138254747
v 0.00119400001 0.101144329 0.141565755
v 0.00970508996 0.110574909 0.13499999
v 0.00499999989 0.110887326 0.13499999
v 0.00499999989 0.110887326 0.131616294
v 0.00397522002 0.110928789 0.130192593
v 0.00329145999 0.110951193 0.125
v -5.67300012E-05 0.10100019 0.141666532
v -0.00543222995 0.0943437368 0.145999998
v 0.00132533 0.110992089 0.130192593
v 0.00397390965 0.105308704 0.135573193
v -0.00397390965 0.105308704 0.135573193
v -0.00132533 0.110992089 0.130192593
v 0.00499999989 0.110887326 0.131616294
v -0.0039752298 0.110928789 0.130192593
v -0.00892043021 0.110640973 0.125
v 0.00499999989 0.105999999 0.136295289
v 0.00499999989 0.110887326 0.13499999
v 0.00499999989 0.105999999 0.138254747
v -0.00499999989 0.110887326 0.131616294
v -0.00499999989 0.110887326 0.131616294
v 0.00389275979 0.104505487 0.136345059
v 0.00486119976 0.104830228 0.13719517
v 0.00463915989 0.10413608 0.139507085
v -0.00499999989 0.105999999 0.136295289
v -0.00499999989 0.110887326 0.13499999
v -0.00499999989 0.105999999 0.138254747
v -0.00461386982 0.104073361 0.137781709
v -0.0048299199 0.104705967 0.139121786
v -0.00434981985 0.10353405 0.139916405
v -0.00359760993 0.103610478 0.137212127
v -0.00359748001 0.102527522 0.138990507
v -0.00349670998 0.10242606 0.140676171
v 0.00365603995 0.103741996 0.137084246
v 0.00446072966 0.103741288 0.138040155
v -0.00224738987 0.101533532 0.139775634
v -0.00245157001 0.101642117 0.141218886
v -0.00128041999 0.101166531 0.141550243
v 0.00300148013 0.102687575 0.13811408
v 0.00359741971 0.102527462 0.138990566
v 0.00364712998 0.102580309 0.14056991
v -0.00263513997 0.102314793 0.138480723
v 0.00213945005 0.101937853 0.138852835
v 0.00251661008 0.101679511 0.139659941
v 0.00242001982 0.101624578 0.14123106
v -0.0016470399 0.101668224 0.139119893
v 0.00119599991 0.101493798 0.139293015
v 0.00135846995 0.101188064 0.140049994
v -0.000957129931 0.10109245 0.14012605
v -0.000697320036 0.101370312 0.139415771
v 0.00024816001 0.101316012 0.139469802
v 0.000199729999 0.101003975 0.140196502
v -0.00245157001 0.101642117 0.141218886
v -0.00349670998 0.10242606 0.140676171
v -0.0163561907 0.0981140435 0.142687976
v -0.00434981985 0.10353405 0.139916405
v -0.0048299199 0.104705967 0.139121786
v -0.0143926702 0.110062942 0.13499999
v -0.00499999989 0.105999999 0.138254747
v -0.0158740189 0.0952192396 0.144644424
v -0.0190542694 0.109352335 0.13499999
v -0.0190542694 0.109352335 0.131633565
v -0.0191020798 0.109344006 0.131205291
v -0.0162248891 0.0930967405 0.145999998
v -0.00970508996 0.110574909 0.13499999
v -0.00499999989 0.110887326 0.13499999
v -0.01924132 0.109319583 0.130811617
v -0.0195989385 0.109256037 0.130364105
v -0.0200769398 0.109169208 0.130192593
v -0.0220605899 0.0918889567 0.145999998
v -0.0259124395 0.107933059 0.130192593
v -0.0256274007 0.108001083 0.128313467
v -0.0248095691 0.108191885 0.126830757
v -0.023544699 0.108474173 0.125711739
v -0.0223344807 0.108729802 0.125181526
v -0.0210242793 0.108990736 0.125
v -0.01924132 0.109319583 0.130811617
v -0.0191020798 0.109344006 0.131205291
v -0.0163561907 0.0981140435 0.142687976
v -0.0190542694 0.109352335 0.131633565
v -0.0190542694 0.109352335 0.13499999
v 0.0233153384 0.0971153751 0.145999998
v 0.026603559 0.110811777 0.12735635
v 0.0220605899 0.0918889567 0.145999998
v 0.0256789885 0.106960684 0.159999996
v 0.0233153384 0.0971153751 0.159999996
v 0.0339265689 0.141314879 0.148959264
v 0.0231827591 0.0957120657 0.159999996
v 0.0231889188 0.095605731 0.145999998
v 0.0234471094 0.0943275243 0.159999996
v 0.0235204287 0.0941275284 0.145999998
v 0.0240873788 0.0930717736 0.159999996
v 0.0242794286 0.0928164572 0.145999998
v 0.0353544094 0.147261351 0.111999966
v 0.026603559 0.110811777 0.0919999927
v 0.0357171372 0.148772597 0.0919999927
v 0.0357171372 0.148772597 0.111999996
v 0.0932770446 -0.0266944692 0.145999998
v 0.0926462188 -0.0256756078 0.159999996
v 0.0925211236 -0.0253816284 0.145999998
v 0.0934135914 -0.0268579591 0.159999996
v 0.0943914577 -0.0277206693 0.145999998
v 0.0944804624 -0.0277791694 0.159999996
v 0.0957620442 -0.0283660088 0.145999998
v 0.0957620442 -0.0283660088 0.159999996
v 0.105470166 -0.0312416907 0.159999996
v 0.106429003 -0.0315256976 0.130192593
v 0.0906084627 -0.0268394481 0.145999998
v 0.134457707 -0.0398281887 0.150552332
v 0.132317126 -0.0391941182 0.129999995
v 0.106345385 -0.0318065584 0.128313467
v 0.132233426 -0.0394755602 0.128311679
v 0.106101714 -0.0326102301 0.126830757
v 0.131989777 -0.0402827673 0.126825809
v 0.131605968 -0.0415194593 0.125710145
v 0.105713747 -0.0338467769 0.125711739
v 0.131228402 -0.0426978394 0.125180617
v 0.105330005 -0.0350226797 0.125181526
v 0.130810156 -0.0439624786 0.125
v 0.104900882 -0.0362877995 0.125
v 0.125523731 -0.0573392585 0.125
v 0.100278109 -0.0475951694 0.125
v 0.118873678 -0.0700931326 0.125
v 0.134457707 -0.0398281887 0.0919999927
v 0.0944408178 -0.0583260804 0.125
v 0.140245587 -0.0569965057 0.111999758
v 0.141030565 -0.0593243502 0.0919999927
v 0.136018887 -0.0444583297 0.149656162
v 0.0916079432 -0.0677863136 0.125
v 0.110932246 -0.0820855424 0.125
v 0.0907903537 -0.0673579574 0.125
v 0.0898812339 -0.0671984404 0.125
v 0.0889666528 -0.0673228502 0.125
v 0.0881331712 -0.0677193999 0.125
v 0.0874596983 -0.0683505684 0.125
v 0.141030565 -0.0593243502 0.111999996
v 0.140566617 -0.0604154281 0.0919999927
v 0.140094236 -0.0615028888 0.0919999927
v 0.139613435 -0.0625866503 0.0919999927
v 0.132888272 -0.0758268312 0.111999996
v 0.118548028 -0.0967231318 0.0919999927
v 0.122823633 -0.0912324116 0.111999996
v 0.116097867 -0.0996508077 0.0919999927
v 0.110982284 -0.105318248 0.111999996
v 0.126559392 -0.0859751105 0.0780000016
v 0.133599207 -0.074567087 0.0780000016
v 0.118548028 -0.0967231318 0.0780000016
v 0.139613435 -0.0625866503 0.0780000016
v 0.117421299 -0.0977397934 0.0780000016
v 0.117421299 -0.0977397934 0.0919999927
v 0.116041474 -0.0983715877 0.0780000016
v 0.13985993 -0.0616687089 0.0919999927
v 0.13985993 -0.0616687089 0.0780000016
v 0.139806911 -0.0607197285 0.0919999927
v 0.139806911 -0.0607197285 0.0780000016
v 0.139459699 -0.0598349683 0.0919999927
v 0.139459699 -0.0598349683 0.0780000016
v 0.138853133 -0.0591032207 0.0919999927
v 0.138853133 -0.0591032207 0.0780000016
v 0.138048097 -0.0585979484 0.0919999927
v 0.138048097 -0.0585979484 0.0780000016
v 0.1297618 -0.0550806187 0.0919999927
v 0.1297618 -0.0550806187 0.0780000016
v 0.128863797 -0.0548546873 0.0780000016
v 0.128863797 -0.0548546873 0.0919999927
v 0.127939656 -0.0549133755 0.0780000016
v 0.127939656 -0.0549133755 0.0919999927
v 0.127077445 -0.0552511103 0.0780000016
v 0.127077445 -0.0552511103 0.0919999927
v 0.126359314 -0.0558356978 0.0780000016
v 0.126359314 -0.0558356978 0.0919999927
v 0.125853658 -0.0566114523 0.0780000016
v 0.125853658 -0.0566114523 0.0919999927
v 0.121491283 -0.0654512495 0.0780000016
v 0.118873678 -0.0700931326 0.125
v 0.116509013 -0.0739570782 0.0780000016
v 0.110932246 -0.0820855424 0.125
v 0.110932246 -0.0820855424 0.0780000016
v 0.125523731 -0.0573392585 0.125
v 0.128268242 -0.0509044118 0.0919999927
v 0.130810156 -0.0439624786 0.125
v 0.130424172 -0.0450947285 0.0919999927
v 0.132317126 -0.0391941182 0.0919999927
v 0.131228402 -0.0426978394 0.125180617
v 0.131605968 -0.0415194593 0.125710145
v 0.131989777 -0.0402827673 0.126825809
v 0.132233426 -0.0394755602 0.128311679
v 0.132317126 -0.0391941182 0.129999995
v 0.0826640427 -0.0784452409 0.12735635
v 0.0819357261 -0.0773639381 0.128575206
v 0.0685478747 -0.0650495067 0.145999998
v 0.0817299038 -0.0761738494 0.129499078
v 0.0819124952 -0.0752346963 0.129981712
v 0.0817489475 -0.0759245604 0.0919999927
v 0.0817852542 -0.0768468529 0.0919999927
v 0.0819357261 -0.0773639381 0.128575206
v 0.08210022 -0.0777144581 0.0919999927
v 0.0826640427 -0.0784452409 0.12735635
v 0.0819947496 -0.0750348791 0.0919999927
v 0.0821669772 -0.0747090578 0.130141452
v 0.0824993849 -0.0742620379 0.0919999927
v 0.0824993849 -0.0742620379 0.130192593
v 0.0712217018 -0.0621105283 0.145999998
v 0.078987956 -0.0518763214 0.145999998
v 0.0874596983 -0.0683505684 0.125
v 0.0841983557 -0.0723300576 0.0919999927
v 0.0858520865 -0.0703592077 0.0919999927
v 0.0874596983 -0.0683505684 0.0919999927
v 0.0881331712 -0.0677193999 0.0919999927
v 0.0881331712 -0.0677193999 0.125
v 0.0831748471 -0.0735047311 0.130192593
v 0.0889666528 -0.0673228502 0.0919999927
v 0.0889666528 -0.0673228502 0.125
v 0.0898812339 -0.0671984404 0.0919999927
v 0.0898812339 -0.0671984404 0.125
v 0.0907903537 -0.0673579574 0.0919999927
v 0.0907903537 -0.0673579574 0.125
v 0.083843343 -0.0727412701 0.130192593
v 0.0845048428 -0.0719717368 0.130192593
v 0.0725116879 -0.0605995394 0.145999998
v 0.0849543065 -0.0714406371 0.130570635
v 0.0851053894 -0.0712605864 0.131001666
v 0.0851053894 -0.0712605864 0.131001666
v 0.0729397386 -0.0605328679 0.145809159
v 0.0851747692 -0.0711776465 0.131633565
v 0.0927801579 -0.060933087 0.13499999
v 0.0851747692 -0.0711776465 0.13499999
v 0.0944408178 -0.0583260804 0.125
v 0.0767911524 -0.0632218942 0.142687976
v 0.078987956 -0.0518763214 0.145999998
v 0.0737364963 -0.0608646907 0.145258918
v 0.0844201893 -0.0424674153 0.145999998
v 0.0991596803 -0.0498834401 0.13499999
v 0.100278109 -0.0475951694 0.125
v 0.0851747692 -0.0711776465 0.131633565
v 0.0851053894 -0.0712605864 0.131001666
v 0.0767911524 -0.0632218942 0.142687976
v 0.0851747692 -0.0711776465 0.13499999
v 0.0931473449 -0.0348921381 0.142687976
v 0.10422904 -0.0381746888 0.13499999
v 0.10422904 -0.0381746888 0.131633565
v 0.104294203 -0.0379963182 0.130811617
v 0.0903992951 -0.0338623077 0.144644424
v 0.104417972 -0.0376548283 0.130364105
v 0.0887365863 -0.0324972011 0.145999998
v 0.104900882 -0.0362877995 0.125
v 0.104581773 -0.0371974707 0.130192593
v 0.104294203 -0.0379963182 0.130811617
v 0.10422904 -0.0381746888 0.131633565
v 0.0931473449 -0.0348921381 0.142687976
v 0.10422904 -0.0381746888 0.13499999
v 0.105330005 -0.0350226797 0.125181526
v 0.0906084627 -0.0268394481 0.145999998
v 0.105713747 -0.0338467769 0.125711739
v 0.106429003 -0.0315256976 0.130192593
v 0.106101714 -0.0326102301 0.126830757
v 0.106345385 -0.0318065584 0.128313467
v 0.08210022 -0.0777144581 0.0919999927
v 0.0826640427 -0.0784452409 0.12735635
v 0.0826640427 -0.0784452409 0.0919999927
v 0.109854855 -0.104248501 0.111999966
v 0.110982284 -0.105318248 0.0919999927
v 0.0724467039 -0.0687493607 0.145999998
v 0.0826640427 -0.0784452409 0.12735635
v 0.0685478747 -0.0650495067 0.145999998
v 0.0797911733 -0.0757189989 0.159999996
v 0.105418995 -0.100038715 0.148959264
v 0.109854855 -0.104248501 0.111999966
v 0.0724467039 -0.0687493607 0.159999996
v 0.0712976977 -0.0679328963 0.159999996
v 0.0712025315 -0.067885071 0.145999998
v 0.0699664652 -0.0674695596 0.159999996
v 0.0697566196 -0.0674330592 0.145999998
v 0.0685588419 -0.0673961639 0.159999996
v 0.0682417005 -0.0674348325 0.145999998
v -0.0235204287 0.0941275284 0.145999998
v -0.0240873788 0.0930717736 0.159999996
v -0.0242794286 0.0928164572 0.145999998
v -0.0234471094 0.0943275243 0.159999996
v -0.0231889188 0.095605731 0.145999998
v -0.0231827591 0.0957120657 0.159999996
v -0.0233153384 0.0971153751 0.145999998
v -0.0233153384 0.0971153751 0.159999996
v -0.0256789885 0.106960684 0.159999996
v -0.0259124395 0.107933059 0.130192593
v -0.0220605899 0.0918889567 0.145999998
v -0.0327366292 0.136357889 0.150552332
v -0.0322154574 0.134187043 0.129999995
v -0.0256274007 0.108001083 0.128313467
v -0.0319298767 0.134255275 0.128311679
v -0.0248095691 0.108191885 0.126830757
v -0.0311089791 0.134447873 0.126825809
v -0.0298460778 0.134733841 0.125710145
v -0.023544699 0.108474173 0.125711739
v -0.0286367796 0.134996042 0.125180617
v -0.0223344807 0.108729802 0.125181526
v -0.0273324605 0.13526617 0.125
v -0.0210242793 0.108990736 0.125
v -0.0131046195 0.137376383 0.125
v -0.00892043021 0.110640973 0.125
v 0.00126558996 0.137994185 0.125
v 0.00329145999 0.110951193 0.125
v 0.0129006999 0.113227963 0.125
v 0.0156220393 0.137112916 0.125
v 0.0129385302 0.112305731 0.125
v 0.0132549405 0.111438654 0.125
v 0.0138199693 0.110708795 0.125
v 0.0145801399 0.110185266 0.125
v 0.0154634798 0.109917611 0.125
v -0.0745981708 -0.0290206093 0.159999996
v -0.0934135914 -0.0268579591 0.159999996
v -0.0926462188 -0.0256756078 0.159999996
v -0.0944804624 -0.0277791694 0.159999996
v -0.0992843807 -0.0473562181 0.159999996
v -0.0957620442 -0.0283660088 0.159999996
v -0.105470166 -0.0312416907 0.159999996
v -0.139345571 -0.0412761681 0.148959264
v -0.145209268 -0.0430128463 0.111999966
v -0.090653874 -0.0623046905 0.159999996
v -0.101721086 -0.0965296999 0.150552332
v -0.0797911733 -0.0757189989 0.159999996
v -0.0724467039 -0.0687493607 0.159999996
v -0.0712976977 -0.0679328963 0.159999996
v -0.062431667 -0.0500935987 0.159999996
v -0.0699664652 -0.0674695596 0.159999996
v -0.0685588419 -0.0673961639 0.159999996
v -0.0615141578 -0.0446689166 0.159999996
v -0.0624884292 -0.0392541401 0.159999996
v -0.0652393028 -0.0344895013 0.159999996
v -0.0694414899 -0.0309383608 0.159999996
v -0.140421405 -0.0607521906 0.111999996
v -0.146699414 -0.043454349 0.111999996
v -0.145209268 -0.0430128463 0.111999966
v -0.119483218 -0.0929579884 0.111999758
v -0.132112086 -0.0771712065 0.111999996
v -0.121891677 -0.0924738795 0.111999996
v -0.104265265 -0.0904032812 0.0919999927
v -0.101721086 -0.0965296999 0.0919999927
v -0.100101657 -0.0949929282 0.0919999927
v -0.119771361 -0.0902542025 0.0919999927
v -0.121891677 -0.0924738795 0.0919999927
v -0.11258211 -0.0848367065 0.0919999927
v -0.120611452 -0.0906987265 0.0919999927
v -0.108218633 -0.0856313482 0.0919999927
v -0.121548451 -0.090858154 0.0919999927
v -0.122488283 -0.0907164738 0.0919999927
v -0.123336636 -0.0902879015 0.0919999927
v -0.12400835 -0.0896154568 0.0919999927
v -0.111937441 -0.0841719732 0.0919999927
v -0.111526214 -0.0833422989 0.0919999927
v -0.111387596 -0.0824267492 0.0919999927
v -0.111534782 -0.0815125257 0.0919999927
v -0.11195378 -0.0806867406 0.0919999927
v -0.138932228 -0.0610496886 0.0780000016
v -0.139271721 -0.0619374514 0.0780000016
v -0.138332084 -0.0603126809 0.0780000016
v -0.139316455 -0.0628868565 0.0780000016
v -0.137531504 -0.0598003976 0.0780000016
v -0.139061958 -0.0638026074 0.0780000016
v -0.129276201 -0.0562108904 0.0780000016
v -0.125354841 -0.0577075556 0.0780000016
v -0.134609088 -0.0727282092 0.0780000016
v -0.121384189 -0.0656496733 0.0780000016
v -0.116910987 -0.073319979 0.0780000016
v -0.129584104 -0.0813447013 0.0780000016
v -0.125867233 -0.0569362491 0.0780000016
v -0.126590461 -0.0563579611 0.0780000016
v -0.127455577 -0.05602777 0.0780000016
v -0.128380194 -0.0559771284 0.0780000016
v -0.11195378 -0.0806867406 0.0780000016
v -0.12400835 -0.0896154568 0.0780000016
v -0.11258211 -0.0848367065 0.0780000016
v -0.119771361 -0.0902542025 0.0780000016
v -0.120611452 -0.0906987265 0.0780000016
v -0.123336636 -0.0902879015 0.0780000016
v -0.122488283 -0.0907164738 0.0780000016
v -0.121548451 -0.090858154 0.0780000016
v -0.111526214 -0.0833422989 0.0780000016
v -0.111937441 -0.0841719732 0.0780000016
v -0.111387596 -0.0824267492 0.0780000016
v -0.111534782 -0.0815125257 0.0780000016
v -0.100101657 -0.0949929282 0.129999995
v -0.100303553 -0.0947797298 0.128311679
v -0.100101657 -0.0949929282 0.0919999927
v -0.100880772 -0.0941651016 0.126825809
v -0.101759896 -0.0932143927 0.125710145
v -0.102591619 -0.0922982022 0.125180617
v -0.103477702 -0.0913036913 0.125
v -0.104265265 -0.0904032812 0.0919999927
v -0.108218633 -0.0856313482 0.0919999927
v -0.112419128 -0.080037117 0.125
v -0.11195378 -0.0806867406 0.0919999927
v -0.120139271 -0.0679010674 0.125
v -0.125354841 -0.0577075556 0.0919999927
v -0.126554281 -0.0550273694 0.125
v -0.126554281 -0.0550273694 0.0919999927
v -0.121384189 -0.0656496733 0.0780000016
v -0.125354841 -0.0577075556 0.0780000016
v -0.116910987 -0.073319979 0.0780000016
v -0.125867233 -0.0569362491 0.0780000016
v -0.11195378 -0.0806867406 0.0780000016
v -0.125867233 -0.0569362491 0.0919999927
v -0.111534782 -0.0815125257 0.0919999927
v -0.126590461 -0.0563579611 0.0780000016
v -0.111534782 -0.0815125257 0.0780000016
v -0.126590461 -0.0563579611 0.0919999927
v -0.111387596 -0.0824267492 0.0919999927
v -0.127455577 -0.05602777 0.0780000016
v -0.111387596 -0.0824267492 0.0780000016
v -0.127455577 -0.05602777 0.0919999927
v -0.111526214 -0.0833422989 0.0919999927
v -0.128380194 -0.0559771284 0.0780000016
v -0.111526214 -0.0833422989 0.0780000016
v -0.128380194 -0.0559771284 0.0919999927
v -0.111937441 -0.0841719732 0.0919999927
v -0.111937441 -0.0841719732 0.0780000016
v -0.129276201 -0.0562108904 0.0780000016
v -0.129276201 -0.0562108904 0.0919999927
v -0.137531504 -0.0598003976 0.0919999927
v -0.137531504 -0.0598003976 0.0780000016
v -0.138332084 -0.0603126809 0.0919999927
v -0.138332084 -0.0603126809 0.0780000016
v -0.138932228 -0.0610496886 0.0919999927
v -0.138932228 -0.0610496886 0.0780000016
v -0.139271721 -0.0619374514 0.0919999927
v -0.139271721 -0.0619374514 0.0780000016
v -0.11258211 -0.0848367065 0.0780000016
v -0.11258211 -0.0848367065 0.0919999927
v -0.119771361 -0.0902542025 0.0919999927
v -0.119771361 -0.0902542025 0.0780000016
v -0.120611452 -0.0906987265 0.0919999927
v -0.120611452 -0.0906987265 0.0780000016
v -0.121548451 -0.090858154 0.0919999927
v -0.121548451 -0.090858154 0.0780000016
v -0.122488283 -0.0907164738 0.0919999927
v -0.122488283 -0.0907164738 0.0780000016
v -0.123336636 -0.0902879015 0.0919999927
v -0.123336636 -0.0902879015 0.0780000016
v -0.12400835 -0.0896154568 0.0780000016
v -0.129584104 -0.0813447013 0.0780000016
v -0.134609088 -0.0727282092 0.0780000016
v -0.139061958 -0.0638026074 0.0780000016
v -0.139316455 -0.0628868565 0.0919999927
v -0.139316455 -0.0628868565 0.0780000016
v -0.109267592 -0.0323665403 0.12735635
v -0.107966989 -0.0322764479 0.128575206
v -0.0906084627 -0.0268394481 0.145999998
v -0.106833443 -0.0326932482 0.129499078
v -0.106111407 -0.0333209485 0.129981712
v -0.106627069 -0.0328343883 0.0919999927
v -0.105562501 -0.0343155488 0.130192593
v -0.105562501 -0.0343155488 0.0919999927
v -0.105244383 -0.0352791585 0.130192593
v -0.104738846 -0.0367528871 0.0919999927
v -0.0887365863 -0.0324972011 0.145999998
v -0.104917467 -0.0362398289 0.130192593
v -0.103858911 -0.0391704775 0.0919999927
v -0.104581773 -0.0371974707 0.130192593
v -0.102923185 -0.0415670387 0.0919999927
v -0.102923185 -0.0415670387 0.125
v -0.102713309 -0.0424658656 0.0919999927
v -0.102713309 -0.0424658656 0.125
v -0.102786615 -0.0433859564 0.0919999927
v -0.102786615 -0.0433859564 0.125
v -0.103136174 -0.0442402065 0.0919999927
v -0.103136174 -0.0442402065 0.125
v -0.103728883 -0.0449477695 0.0919999927
v -0.103728883 -0.0449477695 0.125
v -0.104508638 -0.0454416499 0.0919999927
v -0.104508638 -0.0454416499 0.125
v -0.126554281 -0.0550273694 0.125
v -0.126554281 -0.0550273694 0.0919999927
v -0.10444098 -0.037590988 0.130317658
v -0.104346566 -0.0378522687 0.130570635
v -0.0895786136 -0.0334253386 0.145258918
v -0.0844201893 -0.0424674079 0.145999998
v -0.104266174 -0.0380731374 0.131001666
v -0.104266174 -0.0380731374 0.131001666
v -0.10422904 -0.0381746888 0.131633565
v -0.0991596803 -0.0498834401 0.13499999
v -0.10422904 -0.0381746888 0.13499999
v -0.10422904 -0.0381746888 0.131633565
v -0.0977322757 -0.0526251048 0.125
v -0.0931473449 -0.0348921381 0.142687976
v -0.0931473449 -0.0348921381 0.142687976
v -0.10422904 -0.0381746888 0.13499999
v -0.078987956 -0.0518763214 0.145999998
v -0.0927801579 -0.060933087 0.13499999
v -0.0913576782 -0.0630458072 0.125
v -0.0767911524 -0.0632218942 0.142687976
v -0.0851747692 -0.0711776465 0.13499999
v -0.0851747692 -0.0711776465 0.131633565
v -0.0851436406 -0.071214892 0.131205291
v -0.0850528702 -0.0713232681 0.130811617
v -0.0745252669 -0.0613569282 0.144644424
v -0.0849488303 -0.0714471489 0.130560026
v -0.0848190263 -0.0716011971 0.130364105
v -0.0838765949 -0.0727029294 0.125
v -0.0728657991 -0.060519319 0.145852864
v -0.0850528702 -0.0713232681 0.130811617
v -0.0851436406 -0.071214892 0.131205291
v -0.0851747692 -0.0711776465 0.131633565
v -0.0767911524 -0.0632218942 0.142687976
v -0.0851747692 -0.0711776465 0.13499999
v -0.0725117028 -0.0605995394 0.145999998
v -0.0845048428 -0.0719717517 0.130192593
v -0.0832019672 -0.0734740198 0.130192593
v -0.0829955265 -0.0737071335 0.125181526
v -0.082169041 -0.0746273994 0.125711739
v -0.0685478747 -0.0650495067 0.145999998
v -0.0812921375 -0.0755816549 0.126830757
v -0.0818724036 -0.0749527216 0.130192593
v -0.0805165544 -0.0764073581 0.130192593
v -0.0807179809 -0.0761945248 0.128313467
v -0.0957620442 -0.0283660088 0.145999998
v -0.109267592 -0.0323665403 0.12735635
v -0.0906084627 -0.0268394481 0.145999998
v -0.105470166 -0.0312416907 0.159999996
v -0.0957620442 -0.0283660088 0.159999996
v -0.139345571 -0.0412761681 0.148959264
v -0.0944804624 -0.0277791694 0.159999996
v -0.0943914577 -0.0277206693 0.145999998
v -0.0934135914 -0.0268579591 0.159999996
v -0.0932770446 -0.0266944692 0.145999998
v -0.0926462188 -0.0256756078 0.159999996
v -0.0925211236 -0.0253816284 0.145999998
v -0.145209268 -0.0430128463 0.111999966
v -0.109267592 -0.0323665403 0.0919999927
v -0.146699414 -0.043454349 0.0919999927
v -0.146699414 -0.043454349 0.111999996
v -0.105979487 -0.0334920995 0.0919999927
v -0.106111407 -0.0333209485 0.129981712
v -0.106627069 -0.0328343883 0.0919999927
v -0.105562501 -0.0343155488 0.0919999927
v -0.139316455 -0.0628868565 0.0919999927
v -0.14192839 -0.0571430922 0.0919999927
v -0.139061958 -0.0638026074 0.0919999927
v -0.139271721 -0.0619374514 0.0919999927
v -0.138932228 -0.0610496886 0.0919999927
v -0.138332084 -0.0603126809 0.0919999927
v -0.137531504 -0.0598003976 0.0919999927
v -0.129276201 -0.0562108904 0.0919999927
v -0.144476116 -0.0503552556 0.0919999927
v -0.126554281 -0.0550273694 0.0919999927
v -0.146699414 -0.043454349 0.0919999927
v -0.128380194 -0.0559771284 0.0919999927
v -0.127455577 -0.05602777 0.0919999927
v -0.126590461 -0.0563579611 0.0919999927
v -0.125867233 -0.0569362491 0.0919999927
v -0.125354841 -0.0577075556 0.0919999927
v -0.109267592 -0.0323665403 0.0919999927
v -0.104508638 -0.0454416499 0.0919999927
v -0.103858911 -0.0391704775 0.0919999927
v -0.102923185 -0.0415670387 0.0919999927
v -0.102713309 -0.0424658656 0.0919999927
v -0.103136174 -0.0442402065 0.0919999927
v -0.103728883 -0.0449477695 0.0919999927
v -0.102786615 -0.0433859564 0.0919999927
v -0.106627069 -0.0328343883 0.0919999927
v -0.107443951 -0.0324046873 0.0919999927
v -0.105979487 -0.0334920995 0.0919999927
v -0.108352803 -0.0322436504 0.0919999927
v -0.105562501 -0.0343155488 0.0919999927
v -0.105562501 -0.0343155488 0.0919999927
v -0.109267592 -0.0323665403 0.0919999927
v -0.104738846 -0.0367528871 0.0919999927
v -0.103858911 -0.0391704775 0.0919999927
v 0.0151966093 0.15209502 0.0919999927
v 0.0214768294 0.15148513 0.0919999927
v 0.0142762987 0.152332485 0.0919999927
v 0.0159964506 0.151581571 0.0919999927
v 0.0165955406 0.15084368 0.0919999927
v 0.0169337299 0.149955422 0.0919999927
v 0.0169770885 0.149005964 0.0919999927
v 0.0159580391 0.140061915 0.0919999927
v 0.0286291279 0.150297612 0.0919999927
v 0.0156220393 0.137112916 0.0919999927
v 0.0357171372 0.148772597 0.0919999927
v 0.015712481 0.139169067 0.0919999927
v 0.0152063295 0.138393655 0.0919999927
v 0.0144878095 0.13780953 0.0919999927
v 0.0136253797 0.137472361 0.0919999927
v 0.0127012096 0.137414262 0.0919999927
v 0.026603559 0.110811777 0.0919999927
v 0.0129006999 0.113227963 0.0919999927
v 0.0205404889 0.109082945 0.0919999927
v 0.0230631195 0.108577594 0.0919999927
v 0.0180068184 0.109529696 0.0919999927
v 0.0262525789 0.109958112 0.0919999927
v 0.0239847396 0.108526982 0.0919999927
v 0.02487812 0.108758964 0.0919999927
v 0.0256587006 0.109251536 0.0919999927
v 0.0154634798 0.109917611 0.0919999927
v 0.0129385302 0.112305731 0.0919999927
v 0.0132549405 0.111438654 0.0919999927
v 0.0138199693 0.110708795 0.0919999927
v 0.0145801399 0.110185266 0.0919999927
v 0.0357171372 0.148772597 0.111999996
v 0.0286291279 0.150297612 0.0919999927
v 0.0357171372 0.148772597 0.0919999927
v 0.0175977591 0.151984587 0.111999996
v 0.0214768294 0.15148513 0.0919999927
v 0.0142762987 0.152332485 0.0919999927
v -0.000776180008 0.15299803 0.111999996
v -0.0191388894 0.151798218 0.0919999927
v -0.0191388894 0.151798218 0.111999996
v -0.020762369 0.149954498 0.111999758
v -0.000761889969 0.152998105 0.0780000016
v 0.0142762987 0.152332485 0.0780000016
v 0.0151966093 0.15209502 0.0919999927
v 0.0151966093 0.15209502 0.0780000016
v 0.0159964506 0.151581571 0.0919999927
v 0.0159964506 0.151581571 0.0780000016
v 0.0165955406 0.15084368 0.0919999927
v 0.0165955406 0.15084368 0.0780000016
v 0.0169337299 0.149955422 0.0919999927
v 0.0169337299 0.149955422 0.0780000016
v 0.0169770885 0.149005964 0.0919999927
v 0.0169770885 0.149005964 0.0780000016
v 0.0159580391 0.140061915 0.0919999927
v 0.0159580391 0.140061915 0.0780000016
v 0.015712481 0.139169067 0.0919999927
v 0.015712481 0.139169067 0.0780000016
v 0.0152063295 0.138393655 0.0919999927
v 0.0152063295 0.138393655 0.0780000016
v 0.0144878095 0.13780953 0.0919999927
v 0.0144878095 0.13780953 0.0780000016
v 0.0136253797 0.137472361 0.0919999927
v 0.0136253797 0.137472361 0.0780000016
v 0.0127012096 0.137414262 0.0919999927
v 0.0127012096 0.137414262 0.0780000016
v -0.00235890993 0.137979835 0.0780000016
v -0.01739089 0.136899814 0.0780000016
v -0.0131046195 0.137376383 0.125
v 0.00126558996 0.137994185 0.125
v 0.0156220393 0.137112916 0.125
v 0.0156220393 0.137112916 0.0919999927
v -0.0273324605 0.13526617 0.125
v -0.0322154574 0.134187043 0.0780000016
v -0.0286367796 0.134996042 0.125180617
v -0.0298460778 0.134733841 0.125710145
v -0.0311089791 0.134447873 0.126825809
v -0.0319298767 0.134255275 0.128311679
v -0.0322154574 0.134187043 0.129999995
v -0.0321646482 0.149328083 0.0919999927
v -0.0342614613 0.146971494 0.0919999927
v -0.033403758 0.148319468 0.0919999927
v -0.0346501581 0.145421803 0.0919999927
v -0.0345301889 0.143828601 0.0919999927
v -0.0306706484 0.149894327 0.0919999927
v -0.0268433094 0.150626808 0.0919999927
v -0.0327366292 0.136357889 0.0919999927
v -0.0229985584 0.151261568 0.0919999927
v -0.0191388894 0.151798218 0.0919999927
v 0.0175977591 0.151984587 0.111999996
v 0.0357171372 0.148772597 0.111999996
v 0.0353544094 0.147261351 0.111999966
v -0.020762369 0.149954498 0.111999758
v -0.000776180008 0.15299803 0.111999996
v -0.0191388894 0.151798218 0.111999996
v 0.0353544094 0.147261351 0.111999966
v 0.0339265689 0.141314879 0.148959264
v -0.0295074005 0.14002499 0.149656162
v 0.00863049924 0.109660901 0.159999996
v -0.00863049924 0.109660901 0.159999996
v 0.0256789885 0.106960684 0.159999996
v 0.0233153384 0.0971153751 0.159999996
v 0.0231827591 0.0957120657 0.159999996
v 0.0121665001 0.0791142136 0.159999996
v 0.0234471094 0.0943275243 0.159999996
v 0.0240873788 0.0930717736 0.159999996
v -0.0327366292 0.136357889 0.150552332
v -0.0256789885 0.106960684 0.159999996
v -0.0233153384 0.0971153751 0.159999996
v -0.0231827591 0.0957120657 0.159999996
v -0.0327366292 0.136357889 0.0919999927
v -0.0322154574 0.134187043 0.0780000016
v -0.0345301889 0.143828601 0.0780000016
v -0.0345301889 0.143828601 0.0919999927
v -0.0346501581 0.145421803 0.0919999927
v -0.0346501581 0.145421803 0.0780000016
v -0.0342614613 0.146971494 0.0919999927
v -0.0342614613 0.146971494 0.0780000016
v -0.033403758 0.148319468 0.0919999927
v -0.033403758 0.148319468 0.0780000016
v -0.0321646482 0.149328083 0.0919999927
v -0.0321646482 0.149328083 0.0780000016
v -0.0306706484 0.149894327 0.0780000016
v -0.0306706484 0.149894327 0.0919999927
v -0.0268433094 0.150626808 0.0919999927
v -0.0229985584 0.151261568 0.0919999927
v -0.0157926995 0.152182743 0.0780000016
v -0.0121665001 0.0791142136 0.159999996
v -0.0240873788 0.0930717736 0.159999996
v -0.0234471094 0.0943275243 0.159999996
v -0.00792734046 0.0756072775 0.159999996
v -0.00275086984 0.0737436265 0.159999996
v 0.00275086984 0.0737436265 0.159999996
v 0.00792734046 0.0756072775 0.159999996
v 0.0152063295 0.138393655 0.0780000016
v 0.015712481 0.139169067 0.0780000016
v 0.0159580391 0.140061915 0.0780000016
v 0.0144878095 0.13780953 0.0780000016
v 0.0136253797 0.137472361 0.0780000016
v 0.0127012096 0.137414262 0.0780000016
v 0.0142762987 0.152332485 0.0780000016
v 0.0169770885 0.149005964 0.0780000016
v -0.000761889969 0.152998105 0.0780000016
v 0.0151966093 0.15209502 0.0780000016
v -0.00235890993 0.137979835 0.0780000016
v 0.0159964506 0.151581571 0.0780000016
v 0.0169337299 0.149955422 0.0780000016
v 0.0165955406 0.15084368 0.0780000016
v -0.0157926995 0.152182743 0.0780000016
v -0.01739089 0.136899814 0.0780000016
v -0.0306706484 0.149894327 0.0780000016
v -0.0345301889 0.143828601 0.0780000016
v -0.0322154574 0.134187043 0.0780000016
v -0.033403758 0.148319468 0.0780000016
v -0.0321646482 0.149328083 0.0780000016
v -0.0346501581 0.145421803 0.0780000016
v -0.0342614613 0.146971494 0.0780000016
v 0.117421299 -0.0977397934 0.0780000016
v 0.118548028 -0.0967231318 0.0780000016
v 0.116041474 -0.0983715877 0.0780000016
v 0.11453566 -0.0985603333 0.0780000016
v 0.113042593 -0.0982886404 0.0780000016
v 0.111699797 -0.0975815281 0.0780000016
v 0.110932246 -0.0820855424 0.0780000016
v 0.093889378 -0.084402509 0.0780000016
v 0.101257242 -0.074926421 0.0780000016
v 0.126559392 -0.0859751105 0.0780000016
v 0.116509013 -0.0739570782 0.0780000016
v 0.133599207 -0.074567087 0.0780000016
v 0.121491283 -0.0654512495 0.0780000016
v 0.139613435 -0.0625866503 0.0780000016
v 0.125853658 -0.0566114523 0.0780000016
v 0.0958923325 -0.0770302489 0.0780000016
v 0.0946560651 -0.0785444379 0.0780000016
v 0.0971043855 -0.0754966214 0.0780000016
v 0.0933958963 -0.080038771 0.0780000016
v 0.10043823 -0.074497588 0.0780000016
v 0.0995275304 -0.0743384883 0.0780000016
v 0.0986116305 -0.0744642466 0.0780000016
v 0.0977775082 -0.0748629048 0.0780000016
v 0.0928879306 -0.0808779672 0.0780000016
v 0.0926778391 -0.0818361565 0.0780000016
v 0.0927880779 -0.0828108862 0.0780000016
v 0.0932068452 -0.0836979598 0.0780000016
v 0.1297618 -0.0550806187 0.0780000016
v 0.138048097 -0.0585979484 0.0780000016
v 0.128863797 -0.0548546873 0.0780000016
v 0.127939656 -0.0549133755 0.0780000016
v 0.127077445 -0.0552511103 0.0780000016
v 0.126359314 -0.0558356978 0.0780000016
v 0.138853133 -0.0591032207 0.0780000016
v 0.139459699 -0.0598349683 0.0780000016
v 0.139806911 -0.0607197285 0.0780000016
v 0.13985993 -0.0616687089 0.0780000016
v 0.116041474 -0.0983715877 0.0780000016
v 0.11453566 -0.0985603333 0.0919999927
v 0.116041474 -0.0983715877 0.0919999927
v 0.117421299 -0.0977397934 0.0919999927
v 0.111699797 -0.0975815281 0.0780000016
v 0.111699797 -0.0975815281 0.0919999927
v 0.113042593 -0.0982886404 0.0780000016
v 0.093889378 -0.084402509 0.0780000016
v 0.093889378 -0.084402509 0.0919999927
v 0.0926778391 -0.0818361565 0.0780000016
v 0.0928879306 -0.0808779672 0.0919999927
v 0.0926778391 -0.0818361565 0.0919999927
v 0.0928879306 -0.0808779672 0.0780000016
v 0.0933958963 -0.080038771 0.0919999927
v 0.0933958963 -0.080038771 0.0780000016
v 0.0958923325 -0.0770302489 0.0919999927
v 0.0958923325 -0.0770302489 0.0780000016
v 0.0971043855 -0.0754966214 0.0919999927
v 0.0971043855 -0.0754966214 0.0780000016
v 0.0977775082 -0.0748629048 0.0919999927
v 0.0977775082 -0.0748629048 0.0780000016
v 0.0986116305 -0.0744642466 0.0919999927
v 0.0986116305 -0.0744642466 0.0780000016
v 0.0995275304 -0.0743384883 0.0919999927
v 0.0995275304 -0.0743384883 0.0780000016
v 0.10043823 -0.074497588 0.0919999927
v 0.10043823 -0.074497588 0.0780000016
v 0.101257242 -0.074926421 0.0919999927
v 0.101257242 -0.074926421 0.0780000016
v 0.110932246 -0.0820855424 0.0780000016
v 0.110932246 -0.0820855424 0.125
v 0.0916079432 -0.0677863136 0.125
v 0.0916079432 -0.0677863136 0.0919999927
v 0.0907903537 -0.0673579574 0.125
v 0.110982284 -0.105318248 0.111999996
v 0.113575429 -0.102516443 0.0919999927
v 0.110982284 -0.105318248 0.0919999927
v 0.116097867 -0.0996508077 0.0919999927
v 0.116097867 -0.0996508077 0.0919999927
v 0.118548028 -0.0967231318 0.0919999927
v 0.117421299 -0.0977397934 0.0919999927
v 0.116041474 -0.0983715877 0.0919999927
v 0.11453566 -0.0985603333 0.0919999927
v 0.113575429 -0.102516443 0.0919999927
v 0.116097867 -0.0996508077 0.0919999927
v 0.11453566 -0.0985603333 0.0919999927
v 0.113042593 -0.0982886404 0.0919999927
v 0.111699797 -0.0975815281 0.0919999927
v 0.110982284 -0.105318248 0.0919999927
v 0.110982284 -0.105318248 0.0919999927
v 0.111699797 -0.0975815281 0.0919999927
v 0.093889378 -0.084402509 0.0919999927
v 0.0826640427 -0.0784452409 0.0919999927
v 0.0927880779 -0.0828108862 0.0919999927
v 0.0926778391 -0.0818361565 0.0919999927
v 0.0826640427 -0.0784452409 0.0919999927
v 0.0928879306 -0.0808779672 0.0919999927
v 0.0933958963 -0.080038771 0.0919999927
v 0.0841983557 -0.0723300576 0.0919999927
v 0.0946560651 -0.0785444379 0.0919999927
v 0.0824993849 -0.0742620379 0.0919999927
v 0.0858520865 -0.0703592077 0.0919999927
v 0.0819947496 -0.0750348791 0.0919999927
v 0.0817489475 -0.0759245604 0.0919999927
v 0.0817852542 -0.0768468529 0.0919999927
v 0.08210022 -0.0777144581 0.0919999927
v 0.0958923325 -0.0770302489 0.0919999927
v 0.0916079432 -0.0677863136 0.0919999927
v 0.0874596983 -0.0683505684 0.0919999927
v 0.0971043855 -0.0754966214 0.0919999927
v 0.0977775082 -0.0748629048 0.0919999927
v 0.0986116305 -0.0744642466 0.0919999927
v 0.0995275304 -0.0743384883 0.0919999927
v 0.10043823 -0.074497588 0.0919999927
v 0.101257242 -0.074926421 0.0919999927
v 0.0932068452 -0.0836979598 0.0919999927
v 0.0927880779 -0.0828108862 0.0919999927
v 0.0826640427 -0.0784452409 0.0919999927
v 0.093889378 -0.084402509 0.0919999927
v 0.0907903537 -0.0673579574 0.0919999927
v 0.0898812339 -0.0671984404 0.0919999927
v 0.0874596983 -0.0683505684 0.0919999927
v 0.0889666528 -0.0673228502 0.0919999927
v 0.0881331712 -0.0677193999 0.0919999927
v 0.140245587 -0.0569965057 0.111999758
v 0.141030565 -0.0593243502 0.111999996
v 0.132888272 -0.0758268312 0.111999996
v 0.122823633 -0.0912324116 0.111999996
v 0.109854855 -0.104248501 0.111999966
v 0.109854855 -0.104248501 0.111999966
v 0.105418995 -0.100038715 0.148959264
v 0.090653874 -0.0623046905 0.159999996
v 0.0992843807 -0.0473562181 0.159999996
v 0.0797911733 -0.0757189989 0.159999996
v 0.134457707 -0.0398281887 0.150552332
v 0.0724467039 -0.0687493607 0.159999996
v 0.105470166 -0.0312416907 0.159999996
v 0.0957620442 -0.0283660088 0.159999996
v 0.0712976977 -0.0679328963 0.159999996
v 0.0944804624 -0.0277791694 0.159999996
v 0.0745981708 -0.0290206093 0.159999996
v 0.0934135914 -0.0268579591 0.159999996
v 0.0926462188 -0.0256756078 0.159999996
v 0.062431667 -0.0500935987 0.159999996
v 0.0699664652 -0.0674695596 0.159999996
v 0.0685588419 -0.0673961639 0.159999996
v 0.0615141578 -0.0446689166 0.159999996
v 0.0624884292 -0.0392541401 0.159999996
v 0.0652393028 -0.0344895013 0.159999996
v 0.0694414899 -0.0309383608 0.159999996
v 0.139613435 -0.0625866503 0.0919999927
v 0.140094236 -0.0615028888 0.0919999927
v 0.13985993 -0.0616687089 0.0919999927
v 0.139806911 -0.0607197285 0.0919999927
v 0.140566617 -0.0604154281 0.0919999927
v 0.139459699 -0.0598349683 0.0919999927
v 0.141030565 -0.0593243502 0.0919999927
v 0.138853133 -0.0591032207 0.0919999927
v 0.138048097 -0.0585979484 0.0919999927
v 0.134457707 -0.0398281887 0.0919999927
v 0.130424172 -0.0450947285 0.0919999927
v 0.132317126 -0.0391941182 0.0919999927
v 0.1297618 -0.0550806187 0.0919999927
v 0.128268242 -0.0509044118 0.0919999927
v 0.128863797 -0.0548546873 0.0919999927
v 0.127939656 -0.0549133755 0.0919999927
v 0.127077445 -0.0552511103 0.0919999927
v 0.126359314 -0.0558356978 0.0919999927
v 0.125853658 -0.0566114523 0.0919999927
v 0.0181784499 0.092735067 0.145999998
v 0.0162249003 0.0930967405 0.145999998
v 0.00543223973 0.0943437368 0.145999998
v 0.0220605899 0.0918889567 0.145999998
vt 0.895507812 0.854492188
vt 0.889160156 0.850585938
vt 0.895996094 0.854492188
vt 0.809570312 0.868164062
vt 0.801757812 0.866210938
vt 0.801757812 0.866210938
vt 0.798339844 0.865722656
vt 0.799804688 0.866210938
vt 0.797851562 0.865722656
vt 0.852050781 0.686523438
vt 0.870117188 0.668457031
vt 0.847167969 0.691894531
vt 0.919921875 0.690917969
vt 0.923339844 0.698242188
vt 0.903808594 0.664550781
vt 0.881835938 0.715332031
vt 0.875976562 0.711914062
vt 0.881835938 0.715332031
vt 0.881835938 0.715332031
vt 0.868652344 0.70703125
vt 0.875976562 0.711914062
vt 0.881835938 0.715332031
vt 0.868164062 0.705566406
vt 0.868652344 0.70703125
vt 0.881835938 0.715332031
vt 0.868652344 0.70703125
vt 0.881835938 0.715332031
vt 0.881347656 0.715332031
vt 0.868164062 0.705566406
vt 0.881835938 0.715332031
vt 0.881835938 0.715332031
vt 0.881835938 0.715332031
vt 0.881347656 0.715820312
vt 0.799804688 0.865722656
vt 0.799316406 0.865722656
vt 0.799316406 0.865722656
vt 0.799804688 0.865722656
vt 0.799316406 0.865722656
vt 0.799804688 0.865722656
vt 0.799804688 0.865722656
vt 0.799804688 0.865722656
vt 0.799316406 0.865722656
vt 0.799804688 0.865722656
vt 0.799316406 0.865722656
vt 0.799804688 0.865722656
vt 0.799316406 0.865722656
vt 0.799316406 0.865722656
vt 0.799316406 0.865722656
vt 0.799316406 0.865234375
vt 0.799316406 0.865722656
vt 0.799316406 0.865722656
vt 0.799316406 0.865234375
vt 0.799316406 0.865722656
vt 0.799316406 0.865722656
vt 0.799316406 0.865234375
vt 0.799316406 0.865722656
vt 0.799316406 0.865234375
vt 0.799316406 0.865722656
vt 0.799316406 0.865234375
vt 0.799316406 0.865722656
vt 0.799316406 0.865722656
vt 0.799316406 0.865722656
vt 0.799316406 0.865234375
vt 0.799316406 0.865234375
vt 0.799316406 0.865234375
vt 0.799804688 0.865234375
vt 0.799316406 0.865234375
vt 0.799804688 0.865234375
vt 0.799804688 0.865234375
vt 0.799316406 0.865234375
vt 0.799316406 0.865234375
vt 0.799804688 0.865234375
vt 0.799316406 0.865234375
vt 0.798828125 0.864746094
vt 0.799316406 0.864746094
vt 0.798828125 0.865234375
vt 0.795898438 0.856445312
vt 0.799316406 0.864746094
vt 0.798828125 0.864746094
vt 0.798828125 0.866699219
vt 0.798339844 0.865722656
vt 0.797851562 0.865722656
vt 0.838378906 0.836914062
vt 0.845703125 0.847167969
vt 0.816894531 0.813476562
vt 0.770019531 0.840332031
vt 0.771484375 0.838378906
vt 0.786621094 0.821777344
vt 0.935546875 0.828613281
vt 0.942871094 0.838378906
vt 0.916503906 0.806640625
vt 0.21496582 0.922363281
vt 0.218139648 0.924804688
vt 0.219482422 0.92578125
vt 0.216552734 0.924316406
vt 0.21484375 0.924804688
vt 0.213378906 0.925292969
vt 0.212036133 0.926757812
vt 0.157592773 0.857910156
vt 0.189575195 0.942871094
vt 0.221069336 0.906738281
vt 0.169189453 0.952636719
vt 0.224487305 0.890136719
vt 0.224975586 0.873535156
vt 0.14855957 0.958007812
vt 0.125976562 0.959472656
vt 0.0952148438 0.952636719
vt 0.0986938477 0.955566406
vt 0.0972900391 0.955078125
vt 0.0957641602 0.955078125
vt 0.0941772461 0.955078125
vt 0.0927734375 0.955078125
vt 0.0917358398 0.956054688
vt 0.0844116211 0.944824219
vt 0.0648193359 0.924316406
vt 0.0741577148 0.934570312
vt 0.209228516 0.845703125
vt 0.1953125 0.829589844
vt 0.180175781 0.815429688
vt 0.163208008 0.802246094
vt 0.134033203 0.787597656
vt 0.139404297 0.788574219
vt 0.223876953 0.868652344
vt 0.137817383 0.787597656
vt 0.224731445 0.870117188
vt 0.136474609 0.786621094
vt 0.225830078 0.87109375
vt 0.227172852 0.872070312
vt 0.228759766 0.872070312
vt 0.23034668 0.872070312
vt 0.135620117 0.78515625
vt 0.135253906 0.783691406
vt 0.135375977 0.782226562
vt 0.100158691 0.793945312
vt 0.11706543 0.7890625
vt 0.0847167969 0.801269531
vt 0.0659790039 0.829589844
vt 0.0804443359 0.8046875
vt 0.0580444336 0.851074219
vt 0.054901123 0.872558594
vt 0.0561828613 0.89453125
vt 0.0814208984 0.803222656
vt 0.0820922852 0.801757812
vt 0.0821533203 0.799804688
vt 0.0816650391 0.798339844
vt 0.0807495117 0.796875
vt 0.0618591309 0.920898438
vt 0.0625 0.922363281
vt 0.0627441406 0.923828125
vt 0.0628051758 0.925292969
vt 0.0625 0.926757812
vt 0.0619506836 0.927734375
vt 0.0957641602 0.955078125
vt 0.0944213867 0.968261719
vt 0.0972900391 0.955078125
vt 0.0951538086 0.974609375
vt 0.0938720703 0.974121094
vt 0.0925292969 0.978515625
vt 0.0963134766 0.974609375
vt 0.0986938477 0.955566406
vt 0.0938720703 0.979492188
vt 0.0975341797 0.975097656
vt 0.125976562 0.959472656
vt 0.0933837891 0.979980469
vt 0.0909423828 0.979492188
vt 0.095703125 0.979492188
vt 0.126708984 0.974609375
vt 0.14855957 0.958007812
vt 0.0955200195 0.979980469
vt 0.0975341797 0.979980469
vt 0.0903930664 0.984375
vt 0.0912475586 0.98046875
vt 0.123596191 0.981445312
vt 0.126953125 0.978515625
vt 0.151489258 0.979003906
vt 0.152099609 0.976074219
vt 0.177246094 0.971679688
vt 0.175292969 0.969726562
vt 0.197998047 0.959960938
vt 0.202392578 0.9609375
vt 0.224853516 0.948242188
vt 0.126953125 0.978515625
vt 0.232055664 0.949707031
vt 0.151489258 0.97265625
vt 0.152099609 0.976074219
vt 0.169189453 0.952636719
vt 0.174194336 0.966308594
vt 0.175292969 0.969726562
vt 0.197998047 0.959960938
vt 0.189575195 0.942871094
vt 0.196411133 0.956054688
vt 0.223266602 0.943847656
vt 0.212036133 0.926757812
vt 0.224365234 0.943359375
vt 0.213378906 0.925292969
vt 0.22644043 0.947753906
vt 0.22668457 0.947753906
vt 0.227905273 0.946777344
vt 0.228393555 0.947265625
vt 0.230224609 0.946777344
vt 0.229125977 0.9453125
vt 0.225341797 0.942382812
vt 0.22644043 0.941894531
vt 0.223876953 0.937988281
vt 0.21484375 0.924804688
vt 0.0627441406 0.923828125
vt 0.0625 0.922363281
vt 0.0498657227 0.92578125
vt 0.0443725586 0.925292969
vt 0.0446777344 0.926269531
vt 0.0411682129 0.927734375
vt 0.0440979004 0.924316406
vt 0.0618591309 0.920898438
vt 0.0403442383 0.926269531
vt 0.0439147949 0.922851562
vt 0.0561828613 0.89453125
vt 0.0397338867 0.926757812
vt 0.0401306152 0.929199219
vt 0.0363464355 0.930664062
vt 0.0397644043 0.924804688
vt 0.0396118164 0.925292969
vt 0.0394897461 0.923339844
vt 0.034942627 0.899414062
vt 0.0412597656 0.895507812
vt 0.054901123 0.872558594
vt 0.0373840332 0.895507812
vt 0.0341491699 0.871582031
vt 0.0367736816 0.870605469
vt 0.0401611328 0.846679688
vt 0.037902832 0.845214844
vt 0.0478210449 0.822753906
vt 0.0462341309 0.818359375
vt 0.0568847656 0.793945312
vt 0.0373840332 0.895507812
vt 0.0548706055 0.786621094
vt 0.0403442383 0.87109375
vt 0.0367736816 0.870605469
vt 0.0580444336 0.851074219
vt 0.0401611328 0.846679688
vt 0.0438232422 0.84765625
vt 0.0478210449 0.822753906
vt 0.0659790039 0.829589844
vt 0.0516357422 0.823730469
vt 0.0615844727 0.794921875
vt 0.0804443359 0.8046875
vt 0.0621032715 0.793945312
vt 0.0814208984 0.803222656
vt 0.0574035645 0.791992188
vt 0.0572509766 0.791992188
vt 0.0581970215 0.790527344
vt 0.0575256348 0.790039062
vt 0.0577697754 0.788085938
vt 0.0592041016 0.7890625
vt 0.0626831055 0.792480469
vt 0.0634155273 0.791503906
vt 0.0674438477 0.793945312
vt 0.0820922852 0.801757812
vt 0.732421875 0.817871094
vt 0.732421875 0.819335938
vt 0.734375 0.815917969
vt 0.735351562 0.822753906
vt 0.739257812 0.822753906
vt 0.739257812 0.8046875
vt 0.734375 0.8046875
vt 0.734375 0.799316406
vt 0.739257812 0.799316406
vt 0.734375 0.793945312
vt 0.739257812 0.793945312
vt 0.734375 0.788574219
vt 0.739257812 0.788574219
vt 0.734375 0.782714844
vt 0.739257812 0.782714844
vt 0.734375 0.77734375
vt 0.739257812 0.77734375
vt 0.734375 0.766113281
vt 0.739257812 0.759765625
vt 0.735351562 0.759765625
vt 0.732421875 0.762695312
vt 0.732421875 0.764160156
vt 0.136474609 0.786621094
vt 0.137817383 0.787597656
vt 0.145141602 0.772949219
vt 0.14855957 0.770019531
vt 0.147460938 0.769042969
vt 0.149902344 0.765136719
vt 0.149658203 0.770507812
vt 0.139404297 0.788574219
vt 0.151367188 0.766113281
vt 0.150634766 0.771484375
vt 0.163208008 0.802246094
vt 0.151733398 0.765136719
vt 0.150634766 0.763671875
vt 0.15234375 0.760742188
vt 0.152832031 0.766601562
vt 0.152832031 0.766601562
vt 0.154052734 0.768066406
vt 0.169555664 0.779296875
vt 0.170898438 0.784667969
vt 0.184082031 0.793945312
vt 0.184570312 0.797363281
vt 0.197265625 0.806152344
vt 0.197387695 0.809082031
vt 0.170898438 0.784667969
vt 0.172241211 0.790527344
vt 0.188964844 0.805175781
vt 0.180175781 0.815429688
vt 0.184570312 0.797363281
vt 0.1953125 0.829589844
vt 0.197387695 0.809082031
vt 0.205078125 0.8203125
vt 0.209228516 0.845703125
vt 0.198608398 0.810058594
vt 0.199829102 0.811035156
vt 0.201416016 0.805175781
vt 0.197265625 0.806152344
vt 0.200073242 0.803710938
vt 0.201171875 0.802734375
vt 0.204467773 0.808105469
vt 0.202026367 0.8046875
vt 0.202514648 0.802734375
vt 0.202758789 0.8046875
vt 0.203857422 0.802734375
vt 0.200927734 0.8125
vt 0.203491211 0.8046875
vt 0.203857422 0.8125
vt 0.212890625 0.824707031
vt 0.205200195 0.803222656
vt 0.220092773 0.836425781
vt 0.226196289 0.837402344
vt 0.204101562 0.8046875
vt 0.206298828 0.804199219
vt 0.240112305 0.856445312
vt 0.223876953 0.868652344
vt 0.243164062 0.853027344
vt 0.204589844 0.805175781
vt 0.20690918 0.805175781
vt 0.204956055 0.806152344
vt 0.20715332 0.806640625
vt 0.205078125 0.806640625
vt 0.20690918 0.808105469
vt 0.204956055 0.807617188
vt 0.206298828 0.809570312
vt 0.240966797 0.857421875
vt 0.224731445 0.870117188
vt 0.244384766 0.854492188
vt 0.241699219 0.858398438
vt 0.245361328 0.85546875
vt 0.238769531 0.862304688
vt 0.225830078 0.87109375
vt 0.24230957 0.859375
vt 0.24621582 0.856933594
vt 0.244628906 0.854003906
vt 0.24609375 0.85546875
vt 0.247558594 0.856445312
vt 0.250244141 0.854492188
vt 0.231323242 0.838378906
vt 0.226196289 0.837402344
vt 0.216430664 0.824707031
vt 0.212890625 0.824707031
vt 0.200927734 0.8125
vt 0.194213867 0.133544922
vt 0.144897461 0.116088867
vt 0.0615844727 0.222900391
vt 0.218994141 0.137817383
vt 0.0175476074 0.351074219
vt 0.243774414 0.133300781
vt 0.243774414 0.704101562
vt 0.0175476074 0.486572266
vt 0.265625 0.120727539
vt 0.218994141 0.699707031
vt 0.0615844727 0.614746094
vt 0.194213867 0.704101562
vt 0.144897461 0.721679688
vt 0.760253906 0.40625
vt 0.265625 0.716796875
vt 0.609375 0.103942871
vt 0.600097656 0.0985107422
vt 0.281494141 0.101623535
vt 0.594726562 0.0925292969
vt 0.768554688 0.382568359
vt 0.760253906 0.431396484
vt 0.6171875 0.10534668
vt 0.40234375 0.0082244873
vt 0.290039062 0.0781860352
vt 0.299316406 0.0269927979
vt 0.506835938 0.0163116455
vt 0.592285156 0.085144043
vt 0.592285156 0.0772705078
vt 0.594726562 0.0698242188
vt 0.605957031 0.0506896973
vt 0.684570312 0.736328125
vt 0.768554688 0.455078125
vt 0.567382812 0.803710938
vt 0.7734375 0.633789062
vt 0.784667969 0.474365234
vt 0.82421875 0.508300781
vt 0.281738281 0.735839844
vt 0.434326172 0.830078125
vt 0.290527344 0.759765625
vt 0.300048828 0.811035156
vt 0.728515625 0.143310547
vt 0.647949219 0.0747070312
vt 0.637207031 0.0939331055
vt 0.631835938 0.0999755859
vt 0.625 0.103942871
vt 0.788574219 0.229980469
vt 0.784667969 0.36328125
vt 0.82421875 0.329101562
vt 0.0909423828 0.979492188
vt 0.0925292969 0.978515625
vt 0.0862426758 0.978027344
vt 0.0938110352 0.974121094
vt 0.0942382812 0.96875
vt 0.0687866211 0.973144531
vt 0.0684814453 0.98046875
vt 0.0591125488 0.979492188
vt 0.0614318848 0.972167969
vt 0.0501098633 0.974609375
vt 0.0550231934 0.968261719
vt 0.0433349609 0.967285156
vt 0.0502929688 0.962890625
vt 0.0475463867 0.956054688
vt 0.0403747559 0.958007812
vt 0.046661377 0.94921875
vt 0.0397644043 0.94921875
vt 0.0412597656 0.93359375
vt 0.0498352051 0.92578125
vt 0.044708252 0.926269531
vt 0.0411682129 0.927734375
vt 0.0401306152 0.929199219
vt 0.739257812 0.881347656
vt 0.737304688 0.879394531
vt 0.739257812 0.8828125
vt 0.736328125 0.885742188
vt 0.732421875 0.885742188
vt 0.732421875 0.867675781
vt 0.737304688 0.867675781
vt 0.737304688 0.862304688
vt 0.732421875 0.862304688
vt 0.737304688 0.856933594
vt 0.732421875 0.856933594
vt 0.737304688 0.8515625
vt 0.732421875 0.8515625
vt 0.737304688 0.846191406
vt 0.732421875 0.846191406
vt 0.737304688 0.840820312
vt 0.732421875 0.840820312
vt 0.737304688 0.829589844
vt 0.732421875 0.822753906
vt 0.736328125 0.822753906
vt 0.739257812 0.825683594
vt 0.739257812 0.827636719
vt 0.892578125 0.717773438
vt 0.884765625 0.716308594
vt 0.884765625 0.716308594
vt 0.896484375 0.719726562
vt 0.884765625 0.717773438
vt 0.884277344 0.716796875
vt 0.884765625 0.717285156
vt 0.884277344 0.716796875
vt 0.883789062 0.717285156
vt 0.883300781 0.716308594
vt 0.883300781 0.717285156
vt 0.883300781 0.716308594
vt 0.8828125 0.716308594
vt 0.882324219 0.717285156
vt 0.882324219 0.716308594
vt 0.898925781 0.707519531
vt 0.894042969 0.720214844
vt 0.908203125 0.7265625
vt 0.897949219 0.707519531
vt 0.891601562 0.717773438
vt 0.896972656 0.70703125
vt 0.891113281 0.717285156
vt 0.890625 0.716796875
vt 0.896484375 0.70703125
vt 0.890136719 0.716796875
vt 0.895996094 0.706542969
vt 0.890136719 0.716308594
vt 0.895507812 0.706054688
vt 0.887207031 0.713867188
vt 0.888183594 0.702636719
vt 0.885253906 0.713378906
vt 0.879882812 0.701660156
vt 0.877441406 0.706054688
vt 0.883789062 0.713867188
vt 0.876953125 0.706054688
vt 0.876464844 0.705566406
vt 0.875976562 0.706054688
vt 0.875488281 0.706054688
vt 0.875488281 0.706054688
vt 0.923339844 0.698242188
vt 0.920898438 0.705078125
vt 0.917480469 0.732421875
vt 0.919921875 0.733398438
vt 0.923828125 0.705566406
vt 0.922851562 0.735351562
vt 0.927246094 0.706054688
vt 0.92578125 0.736328125
vt 0.930175781 0.706542969
vt 0.889160156 0.850585938
vt 0.883789062 0.846679688
vt 0.860351562 0.831054688
vt 0.883300781 0.845703125
vt 0.883300781 0.844726562
vt 0.895507812 0.854492188
vt 0.895507812 0.854492188
vt 0.883789062 0.846679688
vt 0.895507812 0.854492188
vt 0.889160156 0.850585938
vt 0.895507812 0.854492188
vt 0.883300781 0.844726562
vt 0.895507812 0.854492188
vt 0.883300781 0.844238281
vt 0.891113281 0.844238281
vt 0.895996094 0.854492188
vt 0.895996094 0.854003906
vt 0.864257812 0.826171875
vt 0.895996094 0.854003906
vt 0.891601562 0.84375
vt 0.895996094 0.853515625
vt 0.891601562 0.84375
vt 0.895996094 0.853515625
vt 0.892089844 0.84375
vt 0.896484375 0.854003906
vt 0.896484375 0.854003906
vt 0.892578125 0.844238281
vt 0.896484375 0.854003906
vt 0.892578125 0.844238281
vt 0.897460938 0.854492188
vt 0.897949219 0.853027344
vt 0.883789062 0.84375
vt 0.884765625 0.843261719
vt 0.885253906 0.842773438
vt 0.885253906 0.842285156
vt 0.866210938 0.82421875
vt 0.868652344 0.825195312
vt 0.884765625 0.806640625
vt 0.874023438 0.829589844
vt 0.874023438 0.829589844
vt 0.885742188 0.842285156
vt 0.885742188 0.841796875
vt 0.885253906 0.841308594
vt 0.885253906 0.838378906
vt 0.885742188 0.841796875
vt 0.888183594 0.836914062
vt 0.885253906 0.841308594
vt 0.885253906 0.838378906
vt 0.893066406 0.825195312
vt 0.892089844 0.828125
vt 0.895019531 0.822753906
vt 0.892578125 0.830566406
vt 0.896972656 0.821289062
vt 0.891113281 0.8359375
vt 0.893066406 0.834960938
vt 0.89453125 0.836425781
vt 0.895507812 0.836914062
vt 0.895996094 0.840820312
vt 0.899902344 0.820800781
vt 0.916503906 0.806640625
vt 0.897460938 0.837402344
vt 0.895019531 0.831542969
vt 0.902832031 0.831542969
vt 0.899902344 0.837402344
vt 0.89453125 0.836425781
vt 0.901855469 0.837890625
vt 0.903808594 0.842285156
vt 0.894042969 0.831542969
vt 0.893066406 0.834960938
vt 0.892578125 0.830566406
vt 0.902832031 0.836914062
vt 0.902832031 0.836914062
vt 0.895019531 0.830566406
vt 0.894042969 0.830078125
vt 0.892089844 0.828125
vt 0.903808594 0.83203125
vt 0.904785156 0.835449219
vt 0.905761719 0.831054688
vt 0.904296875 0.829589844
vt 0.905761719 0.829589844
vt 0.90625 0.827636719
vt 0.903320312 0.829589844
vt 0.904296875 0.827148438
vt 0.905761719 0.825195312
vt 0.895019531 0.829101562
vt 0.894042969 0.828613281
vt 0.902832031 0.825195312
vt 0.904296875 0.823242188
vt 0.90234375 0.821777344
vt 0.895507812 0.827636719
vt 0.89453125 0.826660156
vt 0.893066406 0.825195312
vt 0.902832031 0.827148438
vt 0.896484375 0.826171875
vt 0.895507812 0.825195312
vt 0.895019531 0.822753906
vt 0.901855469 0.825683594
vt 0.897460938 0.825195312
vt 0.897460938 0.82421875
vt 0.900878906 0.82421875
vt 0.900390625 0.825195312
vt 0.898925781 0.825195312
vt 0.898925781 0.823730469
vt 0.904296875 0.823242188
vt 0.905761719 0.825195312
vt 0.92578125 0.833007812
vt 0.90625 0.827636719
vt 0.905761719 0.829589844
vt 0.91015625 0.837890625
vt 0.905761719 0.831054688
vt 0.930664062 0.830566406
vt 0.913085938 0.83984375
vt 0.912597656 0.842285156
vt 0.912597656 0.842773438
vt 0.935546875 0.828613281
vt 0.907226562 0.836425781
vt 0.904785156 0.835449219
vt 0.912597656 0.842773438
vt 0.912597656 0.843261719
vt 0.912597656 0.84375
vt 0.942871094 0.838378906
vt 0.913574219 0.84765625
vt 0.912597656 0.847167969
vt 0.912109375 0.847167969
vt 0.911132812 0.846679688
vt 0.910644531 0.846679688
vt 0.91015625 0.846191406
vt 0.912597656 0.842773438
vt 0.912597656 0.842773438
vt 0.92578125 0.833007812
vt 0.912597656 0.842285156
vt 0.913085938 0.83984375
vt 0.861816406 0.840332031
vt 0.889160156 0.850585938
vt 0.860351562 0.831054688
vt 0.877929688 0.8671875
vt 0.8671875 0.874023438
vt 0.893554688 0.859863281
vt 0.864257812 0.875488281
vt 0.857910156 0.841308594
vt 0.861328125 0.877441406
vt 0.854003906 0.841796875
vt 0.857421875 0.87890625
vt 0.850097656 0.842773438
vt 0.895996094 0.856445312
vt 0.895996094 0.854492188
vt 0.896484375 0.85546875
vt 0.896484375 0.855957031
vt 0.848632812 0.856445312
vt 0.846191406 0.888183594
vt 0.852050781 0.856933594
vt 0.842773438 0.887207031
vt 0.845214844 0.855957031
vt 0.840332031 0.885253906
vt 0.841796875 0.85546875
vt 0.837402344 0.883789062
vt 0.827148438 0.877929688
vt 0.815429688 0.857910156
vt 0.845703125 0.847167969
vt 0.813964844 0.870117188
vt 0.809570312 0.868164062
vt 0.814453125 0.857910156
vt 0.809082031 0.867675781
vt 0.813964844 0.857421875
vt 0.80859375 0.867675781
vt 0.807617188 0.8671875
vt 0.812988281 0.857421875
vt 0.807617188 0.866699219
vt 0.8125 0.856933594
vt 0.807128906 0.866210938
vt 0.812011719 0.856933594
vt 0.804199219 0.863769531
vt 0.806152344 0.853515625
vt 0.802734375 0.862792969
vt 0.801757812 0.866210938
vt 0.798828125 0.853027344
vt 0.801269531 0.866699219
vt 0.801269531 0.866210938
vt 0.811523438 0.870605469
vt 0.796386719 0.856445312
vt 0.801269531 0.86328125
vt 0.795898438 0.856445312
vt 0.795410156 0.856445312
vt 0.795410156 0.856445312
vt 0.794921875 0.856933594
vt 0.794433594 0.856933594
vt 0.80078125 0.866699219
vt 0.80078125 0.866210938
vt 0.80078125 0.866210938
vt 0.80078125 0.866210938
vt 0.800292969 0.866699219
vt 0.799316406 0.865722656
vt 0.798828125 0.866699219
vt 0.799316406 0.865722656
vt 0.798339844 0.865722656
vt 0.800292969 0.865722656
vt 0.800292969 0.865722656
vt 0.799804688 0.865722656
vt 0.80078125 0.865722656
vt 0.799804688 0.865722656
vt 0.799316406 0.865722656
vt 0.799804688 0.865722656
vt 0.80078125 0.866210938
vt 0.80078125 0.865722656
vt 0.80078125 0.866210938
vt 0.80078125 0.865722656
vt 0.801269531 0.866210938
vt 0.80078125 0.865722656
vt 0.801269531 0.866210938
vt 0.80078125 0.865722656
vt 0.801269531 0.866210938
vt 0.80078125 0.865722656
vt 0.801269531 0.865722656
vt 0.80078125 0.865722656
vt 0.80078125 0.865722656
vt 0.801269531 0.865722656
vt 0.80078125 0.865722656
vt 0.801269531 0.865722656
vt 0.80078125 0.865722656
vt 0.801269531 0.865722656
vt 0.80078125 0.865722656
vt 0.801269531 0.865722656
vt 0.80078125 0.865722656
vt 0.801269531 0.865722656
vt 0.80078125 0.865722656
vt 0.802734375 0.862792969
vt 0.800292969 0.865234375
vt 0.801269531 0.86328125
vt 0.800292969 0.865234375
vt 0.804199219 0.863769531
vt 0.801757812 0.865722656
vt 0.807128906 0.866210938
vt 0.801757812 0.865722656
vt 0.801757812 0.866210938
vt 0.807617188 0.866699219
vt 0.807617188 0.8671875
vt 0.80859375 0.867675781
vt 0.809082031 0.867675781
vt 0.809570312 0.868164062
vt 0.791992188 0.864257812
vt 0.788574219 0.861328125
vt 0.766113281 0.844238281
vt 0.787597656 0.860351562
vt 0.787597656 0.859375
vt 0.798339844 0.866210938
vt 0.798339844 0.866210938
vt 0.788574219 0.861328125
vt 0.798828125 0.866699219
vt 0.791992188 0.864257812
vt 0.798339844 0.866210938
vt 0.787597656 0.858398438
vt 0.798339844 0.865722656
vt 0.787597656 0.857910156
vt 0.770019531 0.840332031
vt 0.786621094 0.821777344
vt 0.794433594 0.856933594
vt 0.798828125 0.865722656
vt 0.798828125 0.865234375
vt 0.798828125 0.865234375
vt 0.798828125 0.864746094
vt 0.794921875 0.856933594
vt 0.788085938 0.857421875
vt 0.798828125 0.864746094
vt 0.795410156 0.856445312
vt 0.798828125 0.864746094
vt 0.795410156 0.856445312
vt 0.799316406 0.864746094
vt 0.795898438 0.856445312
vt 0.788574219 0.856445312
vt 0.7890625 0.855957031
vt 0.771484375 0.838378906
vt 0.789550781 0.854980469
vt 0.7890625 0.854492188
vt 0.7890625 0.854492188
vt 0.771972656 0.838378906
vt 0.7890625 0.854003906
vt 0.795410156 0.847167969
vt 0.788574219 0.851074219
vt 0.798828125 0.853027344
vt 0.778320312 0.842773438
vt 0.786621094 0.821777344
vt 0.7734375 0.839355469
vt 0.816894531 0.813476562
vt 0.806152344 0.846679688
vt 0.806152344 0.853515625
vt 0.7890625 0.854003906
vt 0.7890625 0.854492188
vt 0.778320312 0.842773438
vt 0.788574219 0.851074219
vt 0.828125 0.842285156
vt 0.814941406 0.850585938
vt 0.814453125 0.853027344
vt 0.813964844 0.853515625
vt 0.833007812 0.839355469
vt 0.813964844 0.854003906
vt 0.838378906 0.836914062
vt 0.812011719 0.856933594
vt 0.813964844 0.854492188
vt 0.813964844 0.853515625
vt 0.814453125 0.853027344
vt 0.828125 0.842285156
vt 0.814941406 0.850585938
vt 0.8125 0.856933594
vt 0.845703125 0.847167969
vt 0.812988281 0.857421875
vt 0.815429688 0.857910156
vt 0.813964844 0.857421875
vt 0.814453125 0.857910156
vt 0.798828125 0.866699219
vt 0.791992188 0.864257812
vt 0.798828125 0.866210938
vt 0.797851562 0.865722656
vt 0.799804688 0.866210938
vt 0.766601562 0.853027344
vt 0.791992188 0.864257812
vt 0.766113281 0.844238281
vt 0.781738281 0.87890625
vt 0.796386719 0.870117188
vt 0.797851562 0.865722656
vt 0.771972656 0.885253906
vt 0.769042969 0.887207031
vt 0.763183594 0.853515625
vt 0.766113281 0.889160156
vt 0.759277344 0.854492188
vt 0.762695312 0.890625
vt 0.755859375 0.854980469
vt 0.9453125 0.848144531
vt 0.940429688 0.87890625
vt 0.948242188 0.848632812
vt 0.9375 0.877441406
vt 0.941894531 0.847167969
vt 0.935058594 0.875976562
vt 0.938964844 0.846679688
vt 0.932617188 0.874511719
vt 0.922851562 0.867675781
vt 0.913574219 0.84765625
vt 0.942871094 0.838378906
vt 0.910644531 0.859863281
vt 0.907226562 0.857910156
vt 0.912597656 0.847167969
vt 0.90625 0.857421875
vt 0.912109375 0.847167969
vt 0.905761719 0.856933594
vt 0.905273438 0.856445312
vt 0.911132812 0.846679688
vt 0.905273438 0.856445312
vt 0.910644531 0.846679688
vt 0.904785156 0.855957031
vt 0.91015625 0.846191406
vt 0.901855469 0.853515625
vt 0.903808594 0.842285156
vt 0.899902344 0.852539062
vt 0.895996094 0.840820312
vt 0.892578125 0.844238281
vt 0.897949219 0.853027344
vt 0.892578125 0.844238281
vt 0.892089844 0.84375
vt 0.891601562 0.84375
vt 0.891601562 0.84375
vt 0.891113281 0.844238281
vt 0.848144531 0.791503906
vt 0.848632812 0.73828125
vt 0.844726562 0.739746094
vt 0.8515625 0.736328125
vt 0.880371094 0.736328125
vt 0.854003906 0.734863281
vt 0.864746094 0.728515625
vt 0.879882812 0.720703125
vt 0.882324219 0.717285156
vt 0.895507812 0.734375
vt 0.896484375 0.719726562
vt 0.908203125 0.7265625
vt 0.917480469 0.732421875
vt 0.919921875 0.733398438
vt 0.925292969 0.785644531
vt 0.922851562 0.735351562
vt 0.92578125 0.736328125
vt 0.913085938 0.797851562
vt 0.896972656 0.8046875
vt 0.879394531 0.806152344
vt 0.862304688 0.801757812
vt 0.883300781 0.717285156
vt 0.882324219 0.717285156
vt 0.882324219 0.717285156
vt 0.884765625 0.717773438
vt 0.883789062 0.717285156
vt 0.884765625 0.717285156
vt 0.884765625 0.716308594
vt 0.884765625 0.716308594
vt 0.884765625 0.716308594
vt 0.884277344 0.716308594
vt 0.884277344 0.716796875
vt 0.884765625 0.716308594
vt 0.884277344 0.716796875
vt 0.884765625 0.716308594
vt 0.884277344 0.716796875
vt 0.884277344 0.716796875
vt 0.884277344 0.716796875
vt 0.884277344 0.716796875
vt 0.884765625 0.716308594
vt 0.884765625 0.716308594
vt 0.884765625 0.716308594
vt 0.884765625 0.716308594
vt 0.884765625 0.715820312
vt 0.883789062 0.716308594
vt 0.883789062 0.716308594
vt 0.883789062 0.716308594
vt 0.883789062 0.716308594
vt 0.883789062 0.716308594
vt 0.883789062 0.716308594
vt 0.883789062 0.715820312
vt 0.883789062 0.715820312
vt 0.883789062 0.716308594
vt 0.883789062 0.715820312
vt 0.884277344 0.716308594
vt 0.884277344 0.716308594
vt 0.883789062 0.715820312
vt 0.883789062 0.715820312
vt 0.883789062 0.715820312
vt 0.883789062 0.715820312
vt 0.884277344 0.716308594
vt 0.884277344 0.716308594
vt 0.884277344 0.716308594
vt 0.884277344 0.716308594
vt 0.884277344 0.716308594
vt 0.884277344 0.716308594
vt 0.884277344 0.716308594
vt 0.884277344 0.716308594
vt 0.884277344 0.716308594
vt 0.884277344 0.716308594
vt 0.884277344 0.716308594
vt 0.884277344 0.716308594
vt 0.892578125 0.717773438
vt 0.891601562 0.717773438
vt 0.884765625 0.716308594
vt 0.891113281 0.717285156
vt 0.890625 0.716796875
vt 0.890136719 0.716796875
vt 0.890136719 0.716308594
vt 0.884765625 0.716308594
vt 0.884765625 0.716308594
vt 0.887207031 0.713867188
vt 0.884765625 0.715820312
vt 0.885253906 0.713378906
vt 0.883300781 0.715332031
vt 0.883789062 0.713867188
vt 0.883300781 0.715332031
vt 0.883789062 0.715820312
vt 0.883789062 0.715820312
vt 0.884277344 0.716308594
vt 0.883789062 0.715820312
vt 0.884277344 0.716308594
vt 0.883300781 0.715332031
vt 0.884765625 0.716308594
vt 0.883789062 0.715820312
vt 0.884277344 0.716308594
vt 0.883300781 0.715820312
vt 0.884765625 0.716308594
vt 0.883789062 0.715820312
vt 0.884277344 0.716308594
vt 0.883300781 0.715820312
vt 0.884765625 0.716308594
vt 0.883789062 0.715820312
vt 0.884277344 0.716308594
vt 0.883300781 0.715820312
vt 0.884765625 0.716308594
vt 0.884277344 0.716308594
vt 0.883789062 0.715820312
vt 0.883300781 0.715820312
vt 0.883300781 0.716308594
vt 0.883789062 0.716308594
vt 0.883300781 0.716308594
vt 0.883789062 0.716308594
vt 0.883300781 0.716308594
vt 0.883789062 0.716308594
vt 0.883300781 0.716308594
vt 0.883789062 0.716308594
vt 0.884277344 0.716308594
vt 0.884765625 0.716308594
vt 0.884277344 0.716308594
vt 0.884277344 0.716308594
vt 0.884277344 0.716796875
vt 0.884277344 0.716308594
vt 0.884277344 0.716796875
vt 0.884277344 0.716308594
vt 0.884277344 0.716796875
vt 0.884277344 0.716308594
vt 0.884277344 0.716796875
vt 0.884277344 0.716308594
vt 0.884277344 0.716308594
vt 0.884277344 0.716308594
vt 0.883789062 0.716308594
vt 0.883789062 0.716308594
vt 0.883300781 0.716308594
vt 0.883789062 0.716308594
vt 0.875976562 0.711914062
vt 0.868652344 0.70703125
vt 0.847167969 0.691894531
vt 0.868164062 0.705566406
vt 0.868164062 0.705078125
vt 0.881347656 0.715332031
vt 0.868164062 0.704589844
vt 0.881347656 0.715820312
vt 0.868652344 0.704101562
vt 0.881835938 0.715820312
vt 0.852050781 0.686523438
vt 0.869140625 0.703613281
vt 0.881835938 0.715820312
vt 0.869140625 0.703613281
vt 0.881835938 0.715332031
vt 0.875488281 0.706054688
vt 0.881835938 0.71484375
vt 0.875488281 0.706054688
vt 0.882324219 0.71484375
vt 0.875976562 0.706054688
vt 0.882324219 0.71484375
vt 0.876464844 0.705566406
vt 0.882324219 0.71484375
vt 0.876953125 0.706054688
vt 0.882324219 0.71484375
vt 0.877441406 0.706054688
vt 0.883789062 0.713867188
vt 0.883300781 0.715332031
vt 0.869628906 0.703125
vt 0.869628906 0.702636719
vt 0.854003906 0.6875
vt 0.870117188 0.668457031
vt 0.869628906 0.702636719
vt 0.869628906 0.702636719
vt 0.869628906 0.701660156
vt 0.876464844 0.6953125
vt 0.869140625 0.69921875
vt 0.869628906 0.701660156
vt 0.879882812 0.701660156
vt 0.858886719 0.690917969
vt 0.858886719 0.690917969
vt 0.869140625 0.69921875
vt 0.903808594 0.664550781
vt 0.888671875 0.694824219
vt 0.888183594 0.702636719
vt 0.910644531 0.693847656
vt 0.897949219 0.69921875
vt 0.897460938 0.701660156
vt 0.897460938 0.702148438
vt 0.897460938 0.702636719
vt 0.915527344 0.691894531
vt 0.897460938 0.702636719
vt 0.897460938 0.703125
vt 0.895507812 0.706054688
vt 0.918945312 0.690917969
vt 0.897460938 0.702636719
vt 0.897460938 0.702148438
vt 0.897460938 0.701660156
vt 0.910644531 0.693847656
vt 0.897949219 0.69921875
vt 0.919921875 0.690917969
vt 0.897460938 0.703613281
vt 0.897949219 0.705078125
vt 0.895996094 0.706542969
vt 0.896484375 0.70703125
vt 0.923339844 0.698242188
vt 0.896972656 0.70703125
vt 0.8984375 0.706054688
vt 0.898925781 0.707519531
vt 0.897949219 0.707519531
vt 0.848144531 0.701660156
vt 0.875976562 0.711914062
vt 0.847167969 0.691894531
vt 0.864746094 0.728515625
vt 0.854003906 0.734863281
vt 0.879882812 0.720703125
vt 0.8515625 0.736328125
vt 0.844726562 0.702148438
vt 0.848632812 0.73828125
vt 0.840820312 0.703125
vt 0.844726562 0.739746094
vt 0.836914062 0.704101562
vt 0.882324219 0.717285156
vt 0.881835938 0.715332031
vt 0.882324219 0.716308594
vt 0.882324219 0.717285156
vt 0.881347656 0.715332031
vt 0.868164062 0.705078125
vt 0.881347656 0.715332031
vt 0.881347656 0.715820312
vt 0.883300781 0.716308594
vt 0.883300781 0.716308594
vt 0.883300781 0.716308594
vt 0.883300781 0.716308594
vt 0.883300781 0.716308594
vt 0.883300781 0.716308594
vt 0.883300781 0.716308594
vt 0.883300781 0.715820312
vt 0.8828125 0.716308594
vt 0.883300781 0.715332031
vt 0.882324219 0.716308594
vt 0.883300781 0.715820312
vt 0.883300781 0.715820312
vt 0.883300781 0.715820312
vt 0.883300781 0.715332031
vt 0.883300781 0.715332031
vt 0.881835938 0.715332031
vt 0.882324219 0.71484375
vt 0.881835938 0.715820312
vt 0.881835938 0.715332031
vt 0.881835938 0.71484375
vt 0.882324219 0.71484375
vt 0.882324219 0.71484375
vt 0.882324219 0.71484375
vt 0.881347656 0.715332031
vt 0.881835938 0.715332031
vt 0.881347656 0.715332031
vt 0.881835938 0.715332031
vt 0.881347656 0.715820312
vt 0.881347656 0.715820312
vt 0.881835938 0.715332031
vt 0.881835938 0.715820312
vt 0.881835938 0.715820312
vt 0.897460938 0.85546875
vt 0.896972656 0.85546875
vt 0.897460938 0.85546875
vt 0.897460938 0.85546875
vt 0.897460938 0.85546875
vt 0.897460938 0.85546875
vt 0.897460938 0.85546875
vt 0.897460938 0.854492188
vt 0.896972656 0.85546875
vt 0.897460938 0.854492188
vt 0.896484375 0.85546875
vt 0.897460938 0.854492188
vt 0.897460938 0.854492188
vt 0.897460938 0.854492188
vt 0.897460938 0.854492188
vt 0.897460938 0.854492188
vt 0.895996094 0.854492188
vt 0.896484375 0.854003906
vt 0.895996094 0.854492188
vt 0.895507812 0.854492188
vt 0.895996094 0.854003906
vt 0.895507812 0.854492188
vt 0.895507812 0.854492188
vt 0.895507812 0.854492188
vt 0.895507812 0.854492188
vt 0.895996094 0.854003906
vt 0.896484375 0.854003906
vt 0.896484375 0.854003906
vt 0.895996094 0.853515625
vt 0.895996094 0.853515625
vt 0.896484375 0.855957031
vt 0.896972656 0.85546875
vt 0.896484375 0.85546875
vt 0.896972656 0.856445312
vt 0.896972656 0.85546875
vt 0.897460938 0.85546875
vt 0.897460938 0.856445312
vt 0.8984375 0.85546875
vt 0.8984375 0.856445312
vt 0.8984375 0.856445312
vt 0.897949219 0.85546875
vt 0.897460938 0.85546875
vt 0.897460938 0.85546875
vt 0.897460938 0.85546875
vt 0.897460938 0.85546875
vt 0.897460938 0.85546875
vt 0.897460938 0.85546875
vt 0.897460938 0.85546875
vt 0.897460938 0.85546875
vt 0.897460938 0.854980469
vt 0.897460938 0.85546875
vt 0.897460938 0.854980469
vt 0.897460938 0.854492188
vt 0.897949219 0.854980469
vt 0.897460938 0.854492188
vt 0.897949219 0.854980469
vt 0.897460938 0.854492188
vt 0.897949219 0.854980469
vt 0.897460938 0.854492188
vt 0.897949219 0.854980469
vt 0.897460938 0.854492188
vt 0.897949219 0.854980469
vt 0.897460938 0.854492188
vt 0.897949219 0.854980469
vt 0.897949219 0.854980469
vt 0.8984375 0.854980469
vt 0.901855469 0.853515625
vt 0.899902344 0.852539062
vt 0.897949219 0.853027344
vt 0.897460938 0.854492188
vt 0.904785156 0.855957031
vt 0.8984375 0.85546875
vt 0.905273438 0.856445312
vt 0.905273438 0.856445312
vt 0.905761719 0.856933594
vt 0.90625 0.857421875
vt 0.907226562 0.857910156
vt 0.8984375 0.85546875
vt 0.8984375 0.85546875
vt 0.8984375 0.85546875
vt 0.8984375 0.85546875
vt 0.8984375 0.85546875
vt 0.8984375 0.85546875
vt 0.8984375 0.85546875
vt 0.898925781 0.85546875
vt 0.8984375 0.85546875
vt 0.8984375 0.85546875
vt 0.896972656 0.856445312
vt 0.896484375 0.855957031
vt 0.895996094 0.856445312
vt 0.8984375 0.856445312
vt 0.897460938 0.856445312
vt 0.8984375 0.856445312
vt 0.895996094 0.856445312
vt 0.893554688 0.859863281
vt 0.908203125 0.859863281
vt 0.893066406 0.875
vt 0.908691406 0.875488281
vt 0.877929688 0.8671875
vt 0.8671875 0.874023438
vt 0.864257812 0.875488281
vt 0.861816406 0.934082031
vt 0.861328125 0.877441406
vt 0.857421875 0.87890625
vt 0.910644531 0.859863281
vt 0.922851562 0.867675781
vt 0.932617188 0.874511719
vt 0.935058594 0.875976562
vt 0.898925781 0.85546875
vt 0.8984375 0.85546875
vt 0.8984375 0.85546875
vt 0.8984375 0.85546875
vt 0.8984375 0.85546875
vt 0.8984375 0.85546875
vt 0.8984375 0.85546875
vt 0.8984375 0.85546875
vt 0.8984375 0.85546875
vt 0.8984375 0.85546875
vt 0.8984375 0.85546875
vt 0.8984375 0.85546875
vt 0.8984375 0.85546875
vt 0.8984375 0.85546875
vt 0.8984375 0.85546875
vt 0.8984375 0.85546875
vt 0.897949219 0.85546875
vt 0.938476562 0.924804688
vt 0.940429688 0.87890625
vt 0.9375 0.877441406
vt 0.926269531 0.9375
vt 0.910644531 0.9453125
vt 0.893554688 0.947265625
vt 0.876464844 0.943359375
vt 0.897949219 0.854980469
vt 0.897949219 0.854980469
vt 0.897949219 0.854980469
vt 0.897949219 0.854980469
vt 0.897949219 0.854980469
vt 0.897949219 0.854980469
vt 0.897460938 0.85546875
vt 0.897460938 0.854980469
vt 0.897949219 0.85546875
vt 0.897460938 0.85546875
vt 0.897949219 0.854980469
vt 0.897460938 0.85546875
vt 0.897460938 0.854980469
vt 0.897460938 0.85546875
vt 0.897949219 0.85546875
vt 0.8984375 0.854980469
vt 0.8984375 0.85546875
vt 0.8984375 0.85546875
vt 0.8984375 0.85546875
vt 0.8984375 0.85546875
vt 0.8984375 0.85546875
vt 0.8984375 0.85546875
vt 0.8984375 0.85546875
vt 0.799804688 0.865722656
vt 0.799804688 0.865722656
vt 0.799804688 0.865722656
vt 0.799804688 0.865722656
vt 0.799804688 0.865722656
vt 0.799804688 0.865722656
vt 0.800292969 0.865234375
vt 0.799316406 0.865722656
vt 0.799804688 0.865234375
vt 0.800292969 0.865722656
vt 0.800292969 0.865234375
vt 0.800292969 0.865722656
vt 0.80078125 0.865722656
vt 0.80078125 0.865722656
vt 0.80078125 0.865722656
vt 0.799804688 0.865234375
vt 0.799804688 0.865234375
vt 0.799804688 0.865234375
vt 0.799316406 0.865234375
vt 0.799804688 0.865234375
vt 0.799804688 0.865234375
vt 0.799804688 0.865234375
vt 0.799804688 0.865234375
vt 0.799316406 0.865234375
vt 0.799316406 0.865234375
vt 0.799316406 0.865234375
vt 0.799316406 0.865234375
vt 0.80078125 0.865722656
vt 0.80078125 0.865722656
vt 0.80078125 0.865722656
vt 0.80078125 0.865722656
vt 0.80078125 0.865722656
vt 0.80078125 0.865722656
vt 0.80078125 0.865722656
vt 0.80078125 0.865722656
vt 0.80078125 0.865722656
vt 0.80078125 0.865722656
vt 0.799804688 0.865722656
vt 0.799316406 0.865722656
vt 0.799316406 0.865722656
vt 0.799316406 0.865722656
vt 0.799804688 0.865722656
vt 0.799804688 0.865722656
vt 0.799804688 0.865722656
vt 0.799316406 0.865722656
vt 0.799316406 0.865722656
vt 0.799316406 0.865234375
vt 0.799316406 0.865722656
vt 0.799316406 0.865722656
vt 0.799316406 0.865234375
vt 0.799316406 0.865722656
vt 0.799316406 0.865234375
vt 0.799316406 0.865234375
vt 0.799804688 0.865234375
vt 0.799316406 0.865234375
vt 0.799804688 0.865234375
vt 0.799316406 0.865234375
vt 0.799804688 0.865234375
vt 0.799316406 0.865234375
vt 0.799804688 0.865234375
vt 0.799316406 0.864746094
vt 0.799804688 0.865234375
vt 0.799804688 0.864746094
vt 0.799804688 0.865234375
vt 0.799804688 0.864746094
vt 0.799804688 0.865234375
vt 0.800292969 0.865234375
vt 0.801269531 0.86328125
vt 0.796386719 0.856445312
vt 0.798828125 0.864746094
vt 0.795898438 0.856445312
vt 0.798339844 0.865722656
vt 0.799804688 0.866210938
vt 0.799804688 0.866210938
vt 0.799316406 0.865722656
vt 0.799316406 0.865722656
vt 0.799316406 0.865722656
vt 0.799316406 0.865722656
vt 0.799316406 0.865722656
vt 0.799316406 0.865722656
vt 0.799804688 0.866210938
vt 0.799316406 0.865722656
vt 0.799316406 0.865722656
vt 0.799316406 0.865722656
vt 0.799804688 0.865722656
vt 0.799804688 0.866210938
vt 0.799804688 0.866210938
vt 0.799804688 0.865722656
vt 0.799316406 0.865722656
vt 0.798828125 0.866210938
vt 0.799316406 0.865722656
vt 0.799316406 0.865722656
vt 0.798828125 0.866210938
vt 0.799316406 0.865722656
vt 0.799316406 0.865722656
vt 0.798828125 0.865722656
vt 0.799316406 0.865234375
vt 0.798339844 0.865722656
vt 0.798828125 0.865234375
vt 0.798339844 0.866210938
vt 0.798339844 0.866210938
vt 0.798339844 0.866210938
vt 0.798828125 0.866699219
vt 0.799316406 0.865234375
vt 0.798828125 0.864746094
vt 0.798828125 0.865234375
vt 0.799316406 0.865234375
vt 0.799316406 0.865234375
vt 0.799316406 0.865234375
vt 0.799316406 0.864746094
vt 0.799804688 0.864746094
vt 0.799804688 0.864746094
vt 0.799316406 0.865722656
vt 0.799316406 0.865722656
vt 0.798828125 0.866210938
vt 0.799316406 0.865722656
vt 0.799316406 0.864746094
vt 0.798828125 0.864746094
vt 0.798828125 0.865234375
vt 0.798828125 0.864746094
vt 0.798828125 0.864746094
vt 0.801269531 0.866699219
vt 0.80078125 0.866699219
vt 0.800292969 0.866699219
vt 0.798828125 0.866699219
vt 0.797851562 0.865722656
vt 0.797851562 0.865722656
vt 0.796386719 0.870117188
vt 0.796875 0.886230469
vt 0.8125 0.886230469
vt 0.781738281 0.87890625
vt 0.813964844 0.870117188
vt 0.771972656 0.885253906
vt 0.827148438 0.877929688
vt 0.837402344 0.883789062
vt 0.769042969 0.887207031
vt 0.840332031 0.885253906
vt 0.844726562 0.9375
vt 0.842773438 0.887207031
vt 0.846191406 0.888183594
vt 0.767089844 0.944824219
vt 0.766113281 0.889160156
vt 0.762695312 0.890625
vt 0.781738281 0.954589844
vt 0.798828125 0.958984375
vt 0.81640625 0.957519531
vt 0.832519531 0.950195312
vt 0.80078125 0.866210938
vt 0.80078125 0.866210938
vt 0.80078125 0.866210938
vt 0.80078125 0.866210938
vt 0.80078125 0.866210938
vt 0.801269531 0.866210938
vt 0.801269531 0.866210938
vt 0.801269531 0.866210938
vt 0.801269531 0.866210938
vt 0.801757812 0.866210938
vt 0.801757812 0.865722656
vt 0.801757812 0.866210938
vt 0.801269531 0.865722656
vt 0.801757812 0.865722656
vt 0.801269531 0.865722656
vt 0.801269531 0.865722656
vt 0.801269531 0.865722656
vt 0.801269531 0.865722656
vt 0.801269531 0.865722656
vt 0.864257812 0.826171875
vt 0.866210938 0.82421875
vt 0.884765625 0.806640625
vt 0.860351562 0.831054688
vn 0.854423642 -0.519576788 -0.00045959439
vn 0.97110343 -0.238659099 4.24564278E-05
vn 0.971374094 -0.237555176 -8.8355182E-07
vn 0.284001976 0.958781779 -0.00896746106
vn 0.284015536 0.958819687 0
vn 0.91416198 0.405349076 2.41826774E-06
vn -0.688307226 -0.725419283 0
vn -0.688354552 -0.725374401 -5.05915705E-06
vn -0.68835479 -0.725374281 9.64964102E-07
vn 0.611404002 0.196517482 -0.766528547
vn 0.0672132969 0.0347113162 -0.997134686
vn 0.0400654711 0.0132454913 -0.999109209
vn 0.482629031 0.433853477 -0.760815561
vn 0.015074621 0.0134421745 -0.999796093
vn 0.0653011054 0.0416935049 -0.996994257
vn 0.0227531195 0.999741018 -0.000459606003
vn -0.278866649 0.960329831 4.24271311E-05
vn -0.279958189 0.960012257 -1.00685236E-06
vn 0.0227531195 0.999741018 -0.000459606003
vn 0.232059687 0.972700179 0.00164296734
vn -0.278866649 0.960329831 4.24271311E-05
vn 0.325795531 0.945439875 -0.000838339445
vn 0.670790315 0.677473187 -0.301778615
vn 0.232059687 0.972700179 0.00164296734
vn 0.325795531 0.945439875 -0.000838339445
vn 0.232059687 0.972700179 0.00164296734
vn 0.0227531195 0.999741018 -0.000459606003
vn 0.596985757 0.802251518 -0.000723767153
vn 0.670790315 0.677473187 -0.301778615
vn 0.325795531 0.945439875 -0.000838339445
vn -0 0 -1
vn -0 0 -1
vn -0 0 -1
vn -0.0276498944 -0.999617696 0
vn -0.326264501 -0.945278585 0
vn -0.0276498944 -0.999617696 0
vn -0.0276498944 -0.999617696 0
vn -0.0276498944 -0.999617696 0
vn 0.273510873 -0.961868942 0
vn -0.326264471 -0.945278585 0
vn -0.586968899 -0.809609473 0
vn -0.326264501 -0.945278585 0
vn -0.326264471 -0.945278585 0
vn -0.326264501 -0.945278585 0
vn -0.0276498944 -0.999617696 0
vn -0.600383401 -0.79971242 0
vn -0.822335124 -0.569003403 0
vn -0.600383341 -0.7997123 0
vn -0.822335124 -0.569003463 0
vn -0.961924195 -0.273316443 0
vn -0.822335124 -0.569003403 0
vn -0.822335124 -0.569003463 0
vn -0.822335124 -0.569003403 0
vn -0.600383401 -0.79971242 0
vn -0.961924195 -0.273316503 0
vn -0.961924195 -0.273316443 0
vn -0.998668194 0.0515936241 0
vn -0.998668194 0.0515936911 0
vn -0.961924195 -0.273316503 0
vn -0.998668194 0.0515936911 0
vn -0.961924195 -0.273316443 0
vn -0.797042072 0.603923798 0
vn -0.797042131 0.603923678 0
vn -0.769562244 0.638571739 0
vn -0.797042131 0.603923678 0
vn -0.769562244 0.638571739 0
vn -0.769562244 0.638571739 0
vn -0.769562244 0.638571739 0
vn -0.77961129 0.626263738 0
vn -0.77961129 0.626263738 0
vn -0.769562244 0.638571739 0
vn -0.769562244 0.638571739 0
vn -0.77961129 0.626263738 0
vn -0 0 -1
vn -0 0 -1
vn -0 0 -1
vn 0.322293013 0.946639895 0
vn 0.322293013 0.946640015 0
vn 0.585950375 0.810346961 0
vn -1.91635754E-05 1.67071375E-05 1
vn -0 0 1
vn -1.65051333E-05 1.42470726E-05 1
vn -0.608308136 0.194473758 -0.769507051
vn -0.0206418522 0.00681218179 -0.999763787
vn -0.046560213 0.0241688285 -0.998623013
vn -0.492207319 0.438275516 -0.752094805
vn -0.490854919 0.435715854 -0.754462183
vn -0.419359803 0.269033581 -0.867039919
vn 0.134807438 -0.624239326 -0.769514322
vn 0.00442138733 -0.0212824717 -0.999763787
vn 0.00161383825 -0.023111254 -0.9997316
vn 0.0400654711 0.0132454913 -0.999109209
vn -0 0 -1
vn -0 0 -1
vn -0 0 -1
vn -0 0 -1
vn -0 0 -1
vn -0 0 -1
vn -0 0 -1
vn -0 0 -1
vn 0.0672132969 0.0347113162 -0.997134686
vn -0 0 -1
vn 0.0653011054 0.0416935049 -0.996994257
vn 0.015074621 0.0134421745 -0.999796093
vn -0 0 -1
vn -0 0 -1
vn 0.00442138733 -0.0212824717 -0.999763787
vn -0 0 -1
vn -0 0 -1
vn -0 0 -1
vn -0 0 -1
vn -0 0 -1
vn -0 0 -1
vn 0.00161383825 -0.023111254 -0.9997316
vn -0.00242315745 -0.0111113545 -0.999935389
vn -0.0310646985 -0.43827951 -0.89830178
vn -0 0 -1
vn -0 0 -1
vn -0 0 -1
vn -0 0 -1
vn -0.00841116253 0.00765420403 -0.999935389
vn -0 0 -1
vn -0 0 -1
vn -0 0 -1
vn -0 0 -1
vn -0 0 -1
vn -0 0 -1
vn -0 0 -1
vn -0 0 -1
vn -0 0 -1
vn -0 0 -1
vn -0 0 -1
vn -0 0 -1
vn -0.046560213 0.0241688285 -0.998623013
vn -0.419359803 0.269033581 -0.867039919
vn -0.0206418522 0.00681218179 -0.999763787
vn -0 0 -1
vn -0 0 -1
vn -0 0 -1
vn -0 0 -1
vn -0 0 -1
vn -0 0 -1
vn -0 0 -1
vn -0 0 -1
vn -0 0 -1
vn -0 0 -1
vn -0 0 -1
vn -0 0 -1
vn -0 0 -1
vn -0 0 -1
vn -0 0 -1
vn -0 0 -1
vn -0.778172612 0.628050089 -0.000778820657
vn -0.788832426 0.614597976 0.00356496754
vn -0.542320192 0.840171874 -0.000150146661
vn -0.626429856 0.751759052 0.206019253
vn -0.690892696 0.612068832 0.384758323
vn -0.404772729 0.412222236 0.816230237
vn -0.481597811 0.863141835 0.151821315
vn -0.424022168 0.905651808 0.000119302982
vn -0.387008637 0.487639904 0.782580137
vn -0.418925166 0.898277521 0.132661298
vn -0.556579769 0.830794215 0
vn 0.141093805 -0.54415977 0.827032387
vn 0.137547001 -0.561407506 0.816028476
vn -0.31498161 0.606755733 0.729817748
vn -0.551981509 0.823408484 0.131585985
vn -0.780137777 0.625607669 0
vn 0.174011439 -0.621096849 0.764171839
vn -0.017633656 -0.0119797401 0.999772727
vn 0.0193326287 -0.0491025597 0.998606622
vn 0.137547001 -0.561407506 0.816028476
vn 0.0419546999 -0.0764328986 0.996191621
vn 0.404453695 -0.515893936 0.755162656
vn 0.0365246683 -0.0313594714 0.99884063
vn 0.56268996 -0.410751343 0.717400372
vn 0.014370379 -0.00498150801 0.999884367
vn 0.638901114 -0.279669553 0.716652036
vn 0.649001062 -0.0923193321 0.755165458
vn 0.087170139 0.00188264006 0.996191621
vn 0.00155800232 0.0212609041 0.999772727
vn -0.39488554 0.586572647 0.707105219
vn 0.0521904565 0.00780874491 0.998606622
vn -0.773536265 0.619940996 0.131585985
vn -0.552636862 0.441129744 0.707104623
vn -0.931860983 0.36281541 0
vn -0.923957288 0.359738082 0.129967064
vn -0.65892601 0.256550938 0.707105398
vn -0.705431461 0.0486944206 0.707103372
vn -0.997778714 0.0666150227 0
vn -0.989083469 0.0663256571 0.131585255
vn -0.987393856 -0.0863387138 0.132661477
vn -0.996328533 -0.0856120512 0.000119284749
vn -0.988301575 -0.0144942822 0.151821673
vn -0.998770297 0.0495753959 -0.000150591164
vn -0.682956576 -0.0305956136 0.729818046
vn 0.624892414 0.159850806 0.764170885
vn -0.615813017 0.0913401172 0.782579839
vn 0.541802287 0.149888352 0.827033043
vn 0.554966927 0.161585286 0.816028118
vn -0.559380651 0.144430459 0.816231012
vn -0.96425736 0.166624457 0.206019357
vn -0.875512362 0.292298734 0.384758979
vn -0.926672876 0.375852108 0.00356482086
vn -0.932993472 0.359892279 -0.000779313792
vn 0.778172612 0.628050089 -0.000778820657
vn 0.542320192 0.840171874 -0.000150146661
vn 0.788832426 0.614598036 0.00356496754
vn 0.626429558 0.751759112 0.206020072
vn 0.690891922 0.612068236 0.384760767
vn 0.404768765 0.412224621 0.816231012
vn 0.481597781 0.863141835 0.151821569
vn 0.424022168 0.905651808 0.000119302982
vn 0.387006134 0.487642318 0.78257978
vn 0.418925256 0.898277521 0.132661298
vn 0.556579769 0.830794215 0
vn -0.141094163 -0.544161081 0.827031493
vn -0.137547135 -0.561408103 0.816028118
vn -0.0193326268 -0.0491025597 0.998606622
vn 0.314980865 0.60675627 0.729817629
vn -0.174011469 -0.621096969 0.764171779
vn 0.0176336672 -0.0119797299 0.999772727
vn -0.0419546887 -0.0764329061 0.996191621
vn 0.551981509 0.823408484 0.131585985
vn 0.780137777 0.625607729 0
vn -0.404453695 -0.515893996 0.755162656
vn -0.0356710143 -0.030878609 0.998886406
vn -0.561652124 -0.413470626 0.716651201
vn -0.637065411 -0.281927913 0.717401147
vn -0.0146539537 -0.00514644152 0.99987936
vn -0.649001002 -0.092319347 0.755165517
vn -0.0871701092 0.00188264053 0.996191621
vn -0.001557154 0.0212608483 0.999772727
vn 0.39488554 0.586572647 0.707105219
vn -0.0521903858 0.00780871138 0.998606622
vn 0.773520827 0.620301604 0.129967168
vn 0.551642418 0.4423711 0.707105577
vn 0.931860983 0.36281541 0
vn 0.658347905 0.258032799 0.707104623
vn 0.923652649 0.359931618 0.131585851
vn 0.705431521 0.048694443 0.707103372
vn 0.997778714 0.0666150227 0
vn 0.989083469 0.0663256571 0.13158527
vn 0.987393856 -0.0863387138 0.132661343
vn 0.996328533 -0.0856120512 0.000119284749
vn 0.988301575 -0.014494298 0.151821673
vn 0.998770297 0.0495754033 -0.000150590233
vn 0.682956457 -0.0305955186 0.729818106
vn -0.624891818 0.159849703 0.76417166
vn 0.615813017 0.0913401023 0.782579839
vn -0.541803122 0.149886921 0.827032745
vn -0.554964423 0.161577955 0.816031337
vn 0.559381425 0.144430667 0.816230476
vn 0.96425736 0.166624457 0.206019357
vn 0.875512362 0.292298734 0.384758979
vn 0.926672876 0.375852108 0.00356482109
vn 0.932993472 0.359892279 -0.000779312453
vn 0.182239234 -0.983254254 0
vn 0.182236001 -0.98325479 0
vn 0.182235181 -0.98325491 0
vn 0.182235703 -0.98325479 0
vn 0.182235315 -0.98325491 0
vn 0.231696382 -0.972788155 0
vn 0.236929625 -0.971526861 0
vn 0.504528284 -0.863395214 0
vn 0.504528284 -0.863395214 0
vn 0.76716578 -0.641448915 0
vn 0.76716578 -0.641448915 0
vn 0.939094186 -0.343660176 0
vn 0.939094186 -0.343660146 0
vn 0.999986291 -0.00523660798 0
vn 0.999986291 -0.00523661217 0
vn 0.959831953 0.280575454 0
vn 0.958307624 0.285738528 0
vn 0.942641258 0.333807349 0
vn 0.942641139 0.333807766 0
vn 0.942640841 0.333808631 0
vn 0.942640841 0.333808661 0
vn 0.942641377 0.333807141 0
vn 0.15481998 -0.987942398 -0.000778840564
vn 0.456450492 -0.889748752 -0.000150300897
vn 0.137844056 -0.990447521 0.00356486533
vn 0.337828964 -0.918383241 0.206018806
vn 0.18462576 -0.904362679 0.384761482
vn 0.154615358 -0.5566504 0.816231847
vn 0.506701469 -0.848648369 0.151821092
vn 0.572306275 -0.820039988 0.000119296143
vn 0.228807464 -0.578978181 0.782580018
vn 0.572535753 -0.812803149 0.107489094
vn 0.441198975 -0.89740932 0
vn -0.400706083 0.394270241 0.827034295
vn -0.417423606 0.399822623 0.816026568
vn -0.0334204696 0.0389985256 0.998680174
vn 0.36796999 -0.576160431 0.729820073
vn -0.450877309 0.461245149 0.764174521
vn -0.026227124 -0.00630230969 0.999636173
vn -0.0265566744 0.0383537896 0.998911262
vn -0.297928244 0.585733235 0.753760815
vn -0.0479952358 0.132051289 0.990080297
vn -0.151234627 0.656387269 0.739110172
vn 0.0425655395 0.347585618 0.936681628
vn -0.115279295 0.742128551 0.660269558
vn 0.414737105 -0.64168328 0.645163298
vn 0.436056614 -0.892045081 0.118786514
vn 0.151213348 -0.981070757 0.120973699
vn 0.151723221 -0.988423049 0
vn 0.234749645 -0.769575894 0.593839765
vn -0.151723251 -0.988423049 0
vn 0.187072247 -0.468244016 0.863569081
vn -0.150985271 -0.981016457 0.121696755
vn -0.441199005 -0.897409201 0
vn 0.000440725242 -0.235681549 0.971830308
vn -0.000117443291 -0.772134244 0.635459423
vn 0.23875457 0.00827211235 0.97104466
vn 0.0425655395 0.347585618 0.936681628
vn 0.0778414384 0.00336065586 0.996960044
vn 0.0673646331 0.0251765363 0.997410715
vn -0.262057662 0.0076667578 0.965021789
vn 0.281641722 0.108332999 0.953384519
vn 0.0757013783 0.0646378398 0.995033383
vn 0.239241004 0.208256066 0.948363364
vn 0.00493992027 0.00872859918 0.999949694
vn -0.187072262 -0.468244076 0.863569081
vn 0.166711122 0.301237583 0.93886286
vn -0.0425655246 0.347585618 0.936681628
vn -0.234749645 -0.769575834 0.593839765
vn 0.000151851826 0.00090669893 0.999999642
vn -0.436056554 -0.892045081 0.118786484
vn -0.414737254 -0.6416834 0.645163119
vn 0.059955541 0.380220145 0.922950625
vn -0.00593440514 0.0320427045 0.999468863
vn -0.572535753 -0.812803149 0.107488759
vn -0.572306275 -0.820039988 0.000119296237
vn 0.0262266472 -0.00630271016 0.999636173
vn -0.0843920931 0.432581365 0.897636533
vn -0.00508923316 0.00864239689 0.999949694
vn -0.26357317 0.437980056 0.859478116
vn -0.0768013522 0.0633269399 0.995033383
vn -0.458592683 0.370842427 0.807569683
vn -0.0677874312 0.0240148902 0.997410715
vn -0.625638247 0.214949116 0.749915779
vn -0.0762147605 0.00305404305 0.997086704
vn -0.506701469 -0.848648369 0.15182133
vn -0.456450492 -0.889748752 -0.000150298889
vn -0.367972434 -0.576159477 0.729819536
vn -0.337828577 -0.91838342 0.206018463
vn -0.228803709 -0.578979373 0.782580197
vn -0.137844041 -0.990447521 0.0035648651
vn -0.154819965 -0.987942398 -0.000778839283
vn -0.184625939 -0.904363573 0.384759337
vn -0.154609129 -0.556653798 0.816230714
vn 0.450880975 0.461246103 0.76417172
vn 0.400705606 0.394269764 0.827034593
vn 0.417423129 0.399822176 0.816027045
vn 0.0334204808 0.0389985405 0.998680174
vn 0.0265566651 0.0383537933 0.998911262
vn 0.297928125 0.585733116 0.753760934
vn 0.0479952246 0.132051274 0.990080297
vn 0.151234597 0.65638715 0.739110231
vn 0.115279317 0.742128611 0.660269499
vn -0 0 1
vn 0.0521904565 0.00780874491 0.998606622
vn 0.087170139 0.00188264006 0.996191621
vn -0 0 1
vn 0.014370379 -0.00498150801 0.999884367
vn -0 0 1
vn -0 0 1
vn 0.0365246683 -0.0313594714 0.99884063
vn -0 0 1
vn -0 0 1
vn 0.0419546999 -0.0764328986 0.996191621
vn -0 0 1
vn 0.0193326287 -0.0491025597 0.998606622
vn -0 0 1
vn -0 0 1
vn 0.000151851826 0.00090669893 0.999999642
vn -0.00593440514 0.0320427045 0.999468863
vn -0 0 1
vn -0.00508923316 0.00864239689 0.999949694
vn -0 0 1
vn -0 0 1
vn 0.00493992027 0.00872859918 0.999949694
vn 0.0265566651 0.0383537933 0.998911262
vn -0 0 1
vn 0.0334204808 0.0389985405 0.998680174
vn 0.0479952246 0.132051274 0.990080297
vn -0.0768013522 0.0633269399 0.995033383
vn -0.0677874312 0.0240148902 0.997410715
vn -0.0762147605 0.00305404305 0.997086704
vn -0.0425655246 0.347585618 0.936681628
vn -0.0146539537 -0.00514644152 0.99987936
vn -0 0 1
vn -0.0356710143 -0.030878609 0.998886406
vn -0.0871701092 0.00188264053 0.996191621
vn -0 0 1
vn -0.0521903858 0.00780871138 0.998606622
vn -0 0 1
vn -0.0419546887 -0.0764329061 0.996191621
vn -0 0 1
vn -0.0193326268 -0.0491025597 0.998606622
vn -0.0479952358 0.132051289 0.990080297
vn 0.0425655395 0.347585618 0.936681628
vn 0.0778414384 0.00336065586 0.996960044
vn 0.0673646331 0.0251765363 0.997410715
vn 0.0757013783 0.0646378398 0.995033383
vn -0.0265566744 0.0383537896 0.998911262
vn -0 0 1
vn -0.0334204696 0.0389985256 0.998680174
vn 0.760406375 0.649447501 0
vn 0.760405898 0.649448097 0
vn 0.760406017 0.649447978 0
vn 0.760405779 0.649448216 0
vn 0.760406017 0.649448097 0
vn 0.726610839 0.687049329 0
vn 0.722901821 0.690950751 0
vn 0.495459229 0.868631244 0
vn 0.495459229 0.868631244 0
vn 0.171929568 0.98510921 0
vn 0.171929598 0.98510921 0
vn -0.171929568 0.98510921 0
vn -0.171929598 0.98510921 0
vn -0.495459229 0.868631244 0
vn -0.495459229 0.868631244 0
vn -0.726610839 0.687049329 0
vn -0.722901821 0.690950751 0
vn -0.760406017 0.649447978 0
vn -0.760405898 0.649448097 0
vn -0.760405838 0.649448097 0
vn -0.760406256 0.64944768 0
vn -0.760409772 0.649443567 0
vn -0.182237059 -0.983254731 0
vn -0.182235181 -0.98325491 0
vn -0.182235911 -0.98325479 0
vn -0.182235703 -0.98325479 0
vn -0.182235315 -0.98325491 0
vn -0.231696382 -0.972788155 0
vn -0.236929625 -0.971526861 0
vn -0.504528284 -0.863395214 0
vn -0.504528284 -0.863395214 0
vn -0.76716578 -0.641448915 0
vn -0.76716578 -0.641448915 0
vn -0.939094186 -0.343660146 0
vn -0.939094186 -0.343660176 0
vn -0.999986291 -0.00523660332 0
vn -0.999986291 -0.00523661636 0
vn -0.959831953 0.280575484 0
vn -0.958307624 0.285738528 0
vn -0.942641258 0.333807319 0
vn -0.942641139 0.333807766 0
vn -0.94264096 0.333808601 0
vn -0.94264096 0.333808184 0
vn -0.942642748 0.333803356 0
vn 0.688328147 -0.725344002 -0.0089674145
vn 0.688352942 -0.725375891 0
vn -0.106038444 -0.994361997 2.36128085E-06
vn 0.44307223 -0.896485925 -2.17140064E-06
vn -0.658478618 -0.736873031 0.153049305
vn -0.302570134 -0.953127086 7.18196316E-06
vn -0.775390089 -0.631436825 0.00759795494
vn -0.848708034 -0.528854787 -0.0026996627
vn -0.863511562 -0.504095078 -0.0153643303
vn -0.880569339 -0.473917395 0.000191321044
vn -0.915656269 -0.40184781 0.00959487353
vn -0.928716004 -0.370778948 0.00306878262
vn -0.942474246 -0.334179372 0.00814469997
vn -0.941185117 -0.337681949 0.0118887089
vn -0.951821327 -0.306653202 0
vn 0.688373864 -0.72530973 -0.00820078235
vn -0.688806355 -0.477577746 0.545403779
vn 0.688354492 -0.72537446 0
vn 0.652536333 -0.686798155 -0.320163488
vn 0.648070157 -0.682956934 -0.337008715
vn 0.531686068 -0.560288966 -0.635127008
vn 0.532103121 -0.560715795 -0.634400606
vn 0.375929356 -0.396106213 -0.837721348
vn 0.374595851 -0.394776404 -0.838945508
vn 0.184916064 -0.194842085 -0.963245928
vn 0.181785986 -0.191577613 -0.964495718
vn 0.00852076337 -0.00897705369 -0.999923468
vn 0.00812975876 -0.00856697652 -0.999930263
vn -0 0 -1
vn -0 0 -1
vn -0 0 -1
vn -0 0 -1
vn -0 0 -1
vn -0 0 -1
vn -0 0 -1
vn -0 0 -1
vn -0 0 -1
vn -0 0 -1
vn -0 0 -1
vn 0.688354492 -0.72537446 0
vn 0.684345961 -0.729157448 3.68876063E-05
vn 0.675743878 -0.737136543 0
vn 0.459132373 -0.888367772 -0.000457529066
vn 0.440019786 -0.897986829 0.00145728257
vn 0.192850158 -0.981227398 -0.00130575476
vn 0.150789946 -0.988563299 0.00225200714
vn -0.137844041 -0.990447521 0.0035648651
vn -0.154819965 -0.987942398 -0.000778839283
vn -0.160677269 -0.672871113 -0.722099185
vn -0.159798637 -0.673073709 -0.722105324
vn -0.00242315745 -0.0111113545 -0.999935389
vn 0.251313627 -0.919658184 -0.301778406
vn 0.0525278337 -0.937463582 -0.344096959
vn 0.396275431 -0.918131471 -0.00072388415
vn 0.655875266 -0.754868805 -0.000838491716
vn 0.726353824 -0.68731904 0.0016430266
vn 0.854423642 -0.519576788 -0.00045959439
vn 0.97110343 -0.238659099 4.24564278E-05
vn 0.0992219672 -0.995065033 -0.000794212974
vn -0.0855890438 -0.943099737 -0.321305841
vn -0.157283962 -0.987549424 -0.0028181118
vn -0.171872899 -0.975636423 -0.136357248
vn -0.171116605 -0.985250175 0.00117991178
vn -0.186167553 -0.982510746 -0.00379111548
vn -0.162789494 -0.986660361 -0.000948092551
vn -0.133454219 -0.645401359 -0.752095103
vn -0.187906951 -0.982186794 0
vn -0.433756679 -0.901030004 0
vn -0.433756858 -0.901030004 0
vn -0.68714726 -0.726518154 0
vn -0.68714726 -0.726518154 0
vn -0.875491738 -0.483233064 0
vn -0.875491738 -0.483233124 0
vn -0.980960727 -0.194206193 0
vn -0.980960727 -0.194206133 0
vn -0.994199991 0.107547313 0
vn -0.994199991 0.107547313 0
vn -0.993571877 0.113202952 0
vn -0.993571877 0.113202952 0
vn -0.157710359 -0.774548411 -0.612537563
vn -0.150311545 -0.77492702 -0.61391741
vn -0.190432936 -0.787472248 -0.586193502
vn -0.391640902 -0.761580944 -0.516344607
vn -0.135685354 -0.627262533 -0.766897082
vn -0.193001062 -0.559471726 -0.806065679
vn -0.0310646985 -0.43827951 -0.89830178
vn -0.946952999 -0.0724711567 -0.313094079
vn -0.0587760434 -0.551329792 -0.832214415
vn -0.582238793 -0.711443901 -0.393504113
vn -0.91698879 -0.15405041 -0.367967486
vn -0.982411683 0.176818624 -0.0600198582
vn -0.972369909 0.233445615 0
vn -0.153157324 -0.988200545 -0.00156869378
vn -0.0911266953 -0.761432946 -0.641806662
vn -0.149824589 -0.988711834 0.00123520161
vn -0.105120733 -0.68960017 -0.71652025
vn -0.0531529747 -0.553842962 -0.830922842
vn -0.0534943007 -0.545781076 -0.836218536
vn -0.0156028438 -0.552366257 -0.833455503
vn -0.0524597242 -0.547107875 -0.835416734
vn 0.0224971399 -0.633226037 -0.773639858
vn -0.0849920213 -0.940848172 -0.327995598
vn -0.053735882 -0.809285164 -0.58495295
vn -0.0773974955 -0.99682188 0.0188599266
vn -0.0169266555 -0.984724045 -0.173297748
vn -0.0468721129 -0.998808503 0.0135858664
vn -0.000266519433 -0.574321151 -0.818630099
vn 0.00161383825 -0.023111254 -0.9997316
vn -0.00598626118 -0.837508976 -0.546390891
vn 0.112792648 -0.685358882 -0.719417214
vn -0.127423763 -0.685980558 -0.71637547
vn 0.0118432986 -0.886331856 -0.462899119
vn 0.868256211 -0.343142331 -0.358307898
vn -0.0167537984 -0.988492131 -0.150341749
vn 0.0861772299 -0.996153533 0.0158666875
vn 0.951961339 -0.215222999 -0.217827216
vn 1 0 0
vn 0.998081326 -0.0604184084 0.0135373482
vn -0.868257642 -0.34314093 -0.358305573
vn 0.0633082017 -0.997994065 -4.45184451E-05
vn 0.107461601 -0.697296798 -0.708681226
vn 0.914537013 -0.348831505 -0.204789191
vn 0.907007456 -0.42046392 0.0233988203
vn -0.946041405 -0.234452933 -0.223690435
vn -1 0 0
vn -0.996554494 -0.0824880153 -0.0086554084
vn -0.829269946 -0.496760517 -0.256008357
vn -0.960105062 -0.278672487 -0.0232370943
vn -0.839093208 -0.543836534 -0.0128221037
vn -0.103316538 -0.712526858 -0.693996489
vn -0.650643349 -0.733847022 -0.195273712
vn -0.659829021 -0.751368403 -0.00843164325
vn 0.106004313 -0.714858115 -0.691188157
vn 0.786645055 -0.582062721 -0.205894575
vn -0.435283512 -0.888252616 -0.14674975
vn -0.480846971 -0.876802146 -0.00205888879
vn -0.0258680489 -0.636567652 -0.770787001
vn 0.0836676583 -0.72759366 -0.680887043
vn 0.687367797 -0.708815694 -0.158448532
vn 0.722764492 -0.691092789 0.00147335499
vn -0.0811666027 -0.737359822 -0.670606017
vn 0.0789049193 -0.752186298 -0.654209316
vn 0.482028514 -0.864986658 -0.139451131
vn 0.481730819 -0.87629509 0.00650762115
vn -0.0692311153 -0.769416213 -0.634984851
vn 0.0725992769 -0.795125425 -0.602083862
vn 0.262386531 -0.956400752 -0.128261119
vn -0.19064115 -0.9734658 -0.126571372
vn -0.0511256307 -0.830735803 -0.554314137
vn 0.0339518189 -0.880250096 -0.473293781
vn 0.0415342562 -0.991624057 -0.122297257
vn 0.0153959114 -0.552307069 -0.833498597
vn 0.0532580242 -0.554792464 -0.83028239
vn 0.0585267842 -0.551283777 -0.832262516
vn 0.0510762371 -0.542063415 -0.838783979
vn 0.0536968559 -0.54667896 -0.835618794
vn 0.0989390686 -0.801818609 -0.589319885
vn 0.0472953543 -0.549867809 -0.833911598
vn 0.251626819 -0.550284266 -0.796160161
vn 0.105120733 -0.68960017 -0.71652025
vn 0.150286764 -0.988642275 0.000580543827
vn 0.13696453 -0.990427136 0.0171665382
vn 0.134807438 -0.624239326 -0.769514322
vn 0.0857934207 -0.917782068 -0.387705564
vn 0.053735882 -0.809285164 -0.58495295
vn 0.138879508 -0.99007529 0.0215227455
vn 0.235924304 -0.959511638 -0.153873771
vn 0.163488403 -0.710034728 -0.68492496
vn 0.00442138733 -0.0212824717 -0.999763787
vn 0.150868908 -0.712211251 -0.685560763
vn 0.208194718 -0.978062689 -0.00696308352
vn 0.209244773 -0.977809012 -0.0103068165
vn 0.207179591 -0.978265166 -0.00859816931
vn 0.200181901 -0.979749441 -0.00427283766
vn 0.142287627 -0.989760697 0.0113151176
vn 0.80122745 -0.310466468 -0.511512637
vn 0.958412588 -0.0471256599 -0.281468302
vn 0.981648445 0.0515753068 -0.183592632
vn 0.978303373 0.20492886 -0.0304392818
vn 0.972369909 0.233445615 0
vn 0.973455966 -0.228874341 3.16053156E-05
vn 0.97110343 -0.238659099 4.24564278E-05
vn 0.972370028 -0.233445182 0
vn 0.972370565 -0.233442575 0
vn 0.976250708 -0.216644093 0
vn 0.972370386 -0.233443633 3.70410021E-06
vn 0.998915315 0.0465610735 -0.000457530434
vn 0.997689486 0.0679233968 0.00145729701
vn 0.946191549 0.323604316 -0.00130592997
vn 0.931514561 0.363697112 0.00225190539
vn 0.788832426 0.614598036 0.00356496754
vn 0.778172612 0.628050089 -0.000778820657
vn 0.972370028 -0.233445212 1.09340522E-06
vn 0.971374094 -0.237555176 -8.8355182E-07
vn 0.972370028 -0.233445078 -4.29855072E-06
vn 0.972382903 -0.2333913 0
vn 0.780726433 0.624868989 0.00225151214
vn 0.926672876 0.375852108 0.00356482109
vn 0.932993472 0.359892279 -0.000779312453
vn 0.753344119 0.657625198 -0.00130620738
vn 0.557670236 0.830061316 0.00145698211
vn 0.539784372 0.841803133 -0.00045762051
vn 0.289295584 0.957239747 3.71682327E-05
vn 0.300506979 0.953779578 0
vn 0.284015357 0.958819687 0
vn 0.283949792 0.958804011 -0.00820090715
vn 0.284015477 0.958819687 0
vn 0.554843605 0.831954658 -2.15399723E-06
vn 0.284001976 0.958781779 -0.00896746106
vn 0.268516421 0.908511579 -0.320164859
vn 0.267422944 0.902723432 -0.337009311
vn 0.219381735 0.740598917 -0.635125935
vn 0.219542533 0.741172016 -0.634401381
vn 0.155073851 0.523618877 -0.837720335
vn 0.154587939 0.521795928 -0.8389467
vn 0.0762800723 0.257562757 -0.963245988
vn 0.0750178471 0.253219724 -0.964495838
vn 0.00351397018 0.0118677365 -0.999923468
vn 0.00335434009 0.011324062 -0.999930263
vn -0 0 -1
vn -0 0 -1
vn -0 0 -1
vn 0.91416198 0.405349076 2.41826774E-06
vn -0 0 -1
vn 0.96739006 -0.201822594 0.15304926
vn 0.959414303 0.282000393 8.03984585E-06
vn 0.757997692 -0.357734919 0.545403719
vn -0 0 -1
vn -0 0 -1
vn -0 0 -1
vn -0 0 -1
vn -0 0 -1
vn -0 0 -1
vn -0 0 -1
vn 0.934772253 -0.355163962 0.00771246757
vn 0.918678105 -0.395006865 0.000238463064
vn 0.915531456 -0.402245253 0.000953099399
vn 0.867590725 -0.497180998 -0.00987261068
vn 0.857603908 -0.512435853 -0.0438761935
vn 0.83395648 -0.551829934 0.000576580234
vn 0.812078714 -0.583396554 -0.0132923415
vn 0.762888908 -0.646425366 0.0116117364
vn 0.764039636 -0.645042658 0.0127838496
vn 0.843218803 -0.532491565 0.0737211406
vn 0.860954881 -0.504866302 0.0621818043
vn 0.789749444 -0.613429487 0
vn 0.899623454 -0.436666518 0
vn 0.54947871 -0.835507751 0
vn 0.54947859 -0.835507751 0
vn 0.273510873 -0.961868942 0
vn 0.994672596 -0.10308449 0
vn 0.994672596 -0.10308446 0
vn 0.976999223 0.213243097 0
vn 0.976999223 0.213243097 0
vn 0.861259818 0.508164704 0
vn 0.861259818 0.508164823 0
vn 0.659071326 0.752080441 0
vn 0.659071326 0.752080441 0
vn 0.404626608 0.914482057 0
vn 0.404626608 0.914481938 0
vn 0.377427042 0.926039338 0
vn 0.377427012 0.926039338 0
vn 0.0913987085 0.995814383 0
vn 0.0913987681 0.995814383 0
vn -0.216648996 0.976249576 0
vn -0.216648951 0.976249576 0
vn -0.504054487 0.863671839 0
vn -0.504054427 0.863671958 0
vn -0.743433654 0.668809712 0
vn -0.743433595 0.668809831 0
vn -0.892180085 0.451679975 0
vn -0.897664011 0.440667331 -0.00342706474
vn -0.877009034 0.480473369 -0.000702678401
vn -0.857982814 0.513674855 -0.00191380584
vn -0.84351933 0.537098825 0.000373224757
vn -0.832905352 0.553406656 -0.00311870221
vn -0.824588358 0.565733254 0
vn -0.908230126 0.418466985 -0.00186595239
vn -0.929594934 0.368576854 -0.00210465514
vn -0.933370352 0.358887106 -0.00446792273
vn -0.944933474 0.32726258 -0.000176001005
vn -0.952220023 0.305412084 0.00066209049
vn -0.951085031 0.308925956 0.00141410483
vn -0.954219103 0.299108058 0.000502514536
vn -0.956608057 0.291377932 0.000116701631
vn -0.958133936 0.286320597 0
vn -0.958515227 0.285041422 0
vn -0.502395213 0.475575358 -0.722099185
vn -0.503005981 0.474919856 -0.722105324
vn -0.00841116253 0.00765420403 -0.999935389
vn -0.922104836 0.242182717 -0.301778257
vn -0.838128626 0.423245817 -0.344097883
vn -0.993263066 0.11587856 -0.000723735138
vn -0.981673121 -0.190570265 -0.000838225998
vn -0.958412409 -0.285382062 0.00164315337
vn -0.877176821 -0.48016721 -0.000459472096
vn -0.692236841 -0.72167033 4.24317004E-05
vn -0.911360562 0.411608189 -0.000794064486
vn -0.773955345 0.545670867 -0.321304172
vn -0.776600242 0.629987419 -0.00281844218
vn -0.758990824 0.636662662 -0.136358187
vn -0.492207319 0.438275516 -0.752094805
vn -0.419359803 0.269033581 -0.867039919
vn -0.773393571 0.633924901 -0.00124635093
vn -0.757794499 0.652482271 -0.00379164866
vn -0.773079336 0.634308577 -0.000948185334
vn -0.756645858 0.653824985 0
vn -0.563428998 0.826164544 0
vn -0.563428998 0.826164544 0
vn -0.591922581 0.523857832 -0.612536192
vn -0.285609156 0.958346128 0
vn -0.285609126 0.958346248 0
vn 0.0192481987 0.999814808 0
vn 0.0192482453 0.999814808 0
vn 0.322293013 0.946640015 0
vn 0.322293013 0.946639895 0
vn -0.595950484 0.517636895 -0.613917828
vn -0.552077651 0.606092155 -0.572592854
vn -0.490854919 0.435715854 -0.754462183
vn -0.356879413 0.783208072 -0.509138703
vn 0.211575419 0.871718109 -0.441976696
vn -0.774273098 0.632843971 0.00311808288
vn -0.415218115 0.437955946 -0.79736352
vn -0.800426126 0.599279046 -0.0135140987
vn -0.667598724 0.43260628 -0.605940402
vn -0.56300658 0.417966604 -0.712970972
vn -0.85201031 0.523515582 0.00314991549
vn -0.446931064 0.330045074 -0.83145833
vn -0.419359803 0.269033581 -0.867039919
vn -0.399955571 0.405850917 -0.821778893
vn -0.046560213 0.0241688285 -0.998623013
vn -0.707893968 0.36188525 -0.606568336
vn -0.901433825 0.432915688 0.00100823492
vn 0.621815681 0.77939719 -0.0767168924
vn 0.529640496 0.831559598 -0.16730082
vn 0.441929489 0.852712333 -0.278531671
vn 0.688354611 0.725374341 0
vn -0.50935328 0.222089991 -0.83140558
vn -0.643472791 0.278594583 -0.712971151
vn -0.918929338 0.394363999 -0.00678475248
vn -0.925890625 0.377433956 0.0164379962
vn -0.603211045 0.0561189614 -0.795604885
vn -0.949054062 0.282650888 -0.139301702
vn -0.608308136 0.194473758 -0.769507051
vn -0.928301632 0.371655703 0.0113149695
vn -0.697059333 0.213954017 -0.684347749
vn -0.639682531 -0.617214918 -0.458096087
vn -0.37965548 -0.918870211 -0.107420541
vn -0.449206293 -0.872737944 -0.191159979
vn -0.284015417 -0.958819687 0
vn -0.948578 0.316514581 -0.00427162461
vn -0.0206418522 0.00681218179 -0.999763787
vn -0.950792134 0.309710264 -0.00859827269
vn -0.692227125 0.225450233 -0.685560942
vn -0.951430082 0.307692379 -0.0103085237
vn -0.951124489 0.308729351 -0.00696118968
vn -0.877176821 -0.48016721 -0.000459472096
vn -0.692236841 -0.72167033 4.24317004E-05
vn -0.691415787 -0.722457051 -1.0398918E-06
vn -0.68835479 -0.725374281 9.64964102E-07
vn -0.688354552 -0.725374401 -5.05915705E-06
vn -0.68493861 -0.7286008 3.12993834E-05
vn -0.692236841 -0.72167033 4.24317004E-05
vn -0.688354611 -0.725374341 0
vn -0.688352585 -0.725376248 0
vn -0.688353658 -0.725375175 3.69776626E-06
vn -0.68835479 -0.725374281 9.64964102E-07
vn -0.675743878 -0.737136543 0
vn -0.459132373 -0.888367772 -0.00045752927
vn -0.440019786 -0.897986829 0.00145728246
vn -0.192850158 -0.981227398 -0.00130575499
vn -0.150789946 -0.988563299 0.00225200714
vn 0.137844056 -0.990447521 0.00356486533
vn 0.15481998 -0.987942398 -0.000778840564
vn -0.931514561 0.363697112 0.00225190539
vn -0.788832426 0.614597976 0.00356496754
vn -0.778172612 0.628050089 -0.000778820657
vn -0.946191549 0.323604316 -0.00130593067
vn -0.997689486 0.0679233968 0.00145729689
vn -0.998915315 0.0465610735 -0.000457530958
vn -0.973641753 -0.228082642 3.69738009E-05
vn -0.976250708 -0.216644093 0
vn -0.972369909 -0.233445257 0
vn -0.972323596 -0.233494252 -0.00820105057
vn -0.972370028 -0.233445182 0
vn -0.997915685 0.064531289 -2.23593975E-06
vn -0.972330451 -0.233438 -0.0089555392
vn -0.921052873 -0.221714064 -0.320163161
vn -0.915492654 -0.219766647 -0.337010205
vn -0.751068234 -0.180309385 -0.635125995
vn -0.751644492 -0.180456206 -0.634402156
vn -0.531003952 -0.127511397 -0.837720513
vn -0.529183149 -0.127021 -0.838946283
vn -0.261195749 -0.0627208203 -0.963245988
vn -0.256803393 -0.0616423525 -0.964495838
vn -0.0120347682 -0.00289067905 -0.999923468
vn -0.0114841126 -0.0027570948 -0.999930263
vn -0 0 -1
vn -0 0 -1
vn -0 0 -1
vn -0 0 -1
vn -0 0 -1
vn -0 0 -1
vn -0 0 -1
vn -0 0 -1
vn -0 0 -1
vn -0 0 -1
vn -0 0 -1
vn -0 0 1
vn -0 0 1
vn -0 0 1
vn -0 0 1
vn -0.214759663 -0.114944346 0.969879389
vn -0 0 1
vn -0.22541301 -0.086527966 0.970413208
vn -0.735786796 -0.403510213 0.543872535
vn -0.877479672 -0.451978236 0.160452843
vn -0.15593493 -0.100567885 0.982634366
vn -0.224506021 -0.191174105 0.955536246
vn -0.181685656 -0.147126257 0.972288072
vn -0 0 1
vn -0 0 1
vn -0 0 1
vn -0 0 1
vn -0 0 1
vn -0 0 1
vn -0 0 1
vn -0 0 1
vn -0 0 1
vn 2.40505433E-05 8.24254312E-06 1
vn -0 0 1
vn 2.05908491E-05 0 1
vn 6.67862914E-05 4.00828321E-05 1
vn 5.215079E-05 2.6616377E-05 1
vn 0.000114342591 7.63676289E-05 1
vn -0 0 -1
vn -0 0 -1
vn -0 0 -1
vn -0 0 -1
vn -0 0 -1
vn -0 0 -1
vn -0 0 -1
vn -0 0 -1
vn -0 0 -1
vn -0 0 -1
vn -0 0 -1
vn -0 0 -1
vn -0 0 -1
vn -0 0 -1
vn -0 0 -1
vn -0 0 -1
vn -0 0 -1
vn -0 0 -1
vn -0 0 -1
vn -0 0 -1
vn -0 0 -1
vn -0 0 -1
vn -0 0 -1
vn -0 0 -1
vn -0 0 -1
vn -0 0 -1
vn -0 0 -1
vn -0 0 -1
vn -0 0 -1
vn -0 0 -1
vn -0 0 -1
vn -0 0 -1
vn -0 0 -1
vn -0 0 -1
vn -0 0 -1
vn -0 0 -1
vn -0 0 -1
vn -0 0 -1
vn -0 0 -1
vn -0 0 -1
vn -0 0 -1
vn -0 0 -1
vn -0 0 -1
vn -0 0 -1
vn -0 0 -1
vn 0.726104558 0.687584281 0
vn 0.72702831 0.68660754 0
vn 0.740604699 0.671940625 0.000662239734
vn 0.730649829 0.68275243 0.000116526076
vn 0.736138463 0.676830769 0.000502099574
vn 0.74308151 0.669199407 0.00141436933
vn 0.777490318 0.628879011 -0.0044677984
vn 0.755884469 0.654705048 -0.000175841051
vn 0.783994436 0.620764315 -0.00210446073
vn 0.816518068 0.577316761 -0.00186574901
vn 0.850409031 0.526108205 0.00383559801
vn 0.86872381 0.495256603 0.00631918712
vn 0.872180104 0.489178717 0.00247786334
vn 0.895250976 0.445547372 -0.00364683336
vn 0.912765622 0.408483684 0
vn 0.868655145 0.494248062 -0.0340175033
vn 0.889210463 0.457498312 0
vn 0.852944732 0.521264255 -0.0277282204
vn 0.737565577 0.675275505 0
vn 0.8360551 0.548645437 0
vn 0.737565577 0.675275505 0
vn 0.950924039 0.3094244 0
vn 0.496490806 0.868042052 0
vn 0.950924039 0.3094244 0
vn 0.496490777 0.868041933 0
vn 0.999989033 0.0046854848 0
vn 0.208126798 0.97810179 0
vn 0.999989033 0.00468553556 0
vn 0.208126888 0.97810179 0
vn 0.953782201 -0.300498754 0
vn -0.100076526 0.994979799 0
vn 0.953782201 -0.300498694 0
vn -0.100076459 0.994979799 0
vn 0.816704512 -0.57705617 0
vn 0.816704452 -0.577056229 0
vn -0.385493845 0.922710478 0
vn -0.385493755 0.922710478 0
vn -0.412592292 0.910915792 0
vn -0.412592292 0.910915792 0
vn -0.665609717 0.746299982 0
vn -0.665609717 0.746299982 0
vn -0.86566186 0.500629067 0
vn -0.86566186 0.500629127 0
vn -0.978823423 0.204706356 0
vn -0.978823423 0.204706341 0
vn 0.613260686 -0.789880574 0
vn 0.613260686 -0.789880633 0
vn 0.589650512 -0.807658553 0
vn 0.589650452 -0.807658613 0
vn 0.321780056 -0.946814418 0
vn 0.321780026 -0.946814477 0
vn 0.00945590157 -0.999955297 0
vn 0.00945588946 -0.999955297 0
vn -0.303823352 -0.95272845 0
vn -0.303823322 -0.95272845 0
vn -0.586608648 -0.809870541 0
vn -0.586608648 -0.809870541 0
vn -0.819781959 -0.572675884 0
vn -0.853266418 -0.520470798 0.0323509872
vn -0.868092597 -0.494838446 0.0393734761
vn -0.90211165 -0.43150267 0
vn -0.993735492 -0.111758098 0
vn -0.993735492 -0.111758135 0
vn 0.663048625 0.19732967 -0.722099423
vn 0.662790179 0.198174179 -0.722105443
vn 0.0400654711 0.0132454913 -0.999109209
vn 0.670790315 0.677473187 -0.301778615
vn 0.820311129 0.469783932 -0.326178908
vn 0.596985757 0.802251518 -0.000723767153
vn 0.879221439 0.350479215 -0.322697848
vn 0.934478402 0.356019527 0.000412788184
vn 0.887649775 0.29714793 -0.351825297
vn 0.943536103 0.331269652 -9.63463935E-06
vn 0.611404002 0.196517482 -0.766528547
vn 0.90564537 0.313287824 -0.285757214
vn 0.935514748 0.353286922 -0.00069505861
vn 0.928983629 0.325562745 -0.176063269
vn 0.943175137 0.332295269 -0.000790395075
vn 0.931418896 0.363945007 -0.00167102402
vn 0.997193277 0.0748702437 0
vn 0.997193277 0.0748701915 0
vn 0.972755909 -0.23183161 0
vn 0.972755909 -0.23183164 0
vn 0.856237531 -0.516582429 0
vn 0.856237352 -0.516582489 0
vn 0.658672273 -0.752429903 0
vn 0.658672214 -0.752430022 0
vn 0.403961182 -0.914776146 0
vn 0.403961122 -0.914776146 0
vn 0.398748994 -0.917060077 0
vn 0.398748994 -0.917060077 0
vn 0.843095005 0.0330871716 -0.536745727
vn 0.8683424 -0.219699755 -0.444649756
vn 0.575025916 0.125214741 -0.808496416
vn 0.0672132969 0.0347113162 -0.997134686
vn 0.935195029 0.354119271 0.00311625353
vn 0.583348572 -0.72593987 -0.36430186
vn 0.919203997 0.39354977 -0.0135146724
vn 0.708447218 0.361854404 -0.605940461
vn 0.643472791 0.278594583 -0.712971151
vn 0.355142176 -0.93190217 -0.0737045258
vn 0.87938273 0.476105005 0.00315013248
vn 0.50929302 0.222031012 -0.831458271
vn 0.51750344 -0.809081018 -0.278528512
vn 0.284015417 -0.958819687 0
vn 0.0653011054 0.0416935049 -0.996994257
vn 0.667348862 0.432111561 -0.606568277
vn 0.82568109 0.564136267 0.000988016604
vn 0.447012424 0.330067694 -0.83140558
vn 0.56300658 0.417966604 -0.712970972
vn 0.801398754 0.598082125 -0.00759530114
vn 0.792709053 0.60953933 0.00861403253
vn 0.789486825 0.613522112 0.0173521396
vn 0.351637453 0.471664011 -0.808631003
vn 0.356667906 0.854696155 -0.377203494
vn 0.729161024 0.66841799 -0.146770701
vn 0.785873413 0.618281484 0.011437132
vn 0.419906676 0.41504088 -0.807105541
vn -0.232891306 0.869399846 -0.435781419
vn -0.422765553 0.861220837 -0.282077849
vn -0.660107434 0.750265896 -0.0368683264
vn -0.531208992 0.825393498 -0.191161245
vn -0.688354611 0.725374341 0
vn 0.482629031 0.433853477 -0.760815561
vn 0.568763673 0.539066732 -0.621220469
vn 0.57068342 0.504502237 -0.647918105
vn 0.748557627 0.663069665 0
vn 0.741442323 0.67101419 -0.0018030589
vn 0.015074621 0.0134421745 -0.999796093
vn 0.738011062 0.674785852 -0.0019348677
vn 0.551871181 0.504310548 -0.664160311
vn 0.53233999 0.496186197 -0.685866952
vn 0.731428385 0.681917012 -0.00129438262
vn -0.288517416 0.957474649 3.13986238E-05
vn -0.278866649 0.960329831 4.24271311E-05
vn -0.284015566 0.958819687 0
vn -0.28401795 0.958818913 0
vn -0.300506979 0.953779578 0
vn -0.284016669 0.958819389 3.67761913E-06
vn -0.539784372 0.841803133 -0.00045762051
vn -0.557670236 0.830061316 0.00145698444
vn -0.753344119 0.657625198 -0.00130620738
vn -0.780726433 0.624868989 0.002251514
vn -0.926672876 0.375852108 0.00356482086
vn -0.932993472 0.359892279 -0.000779313792
vn -0.284015238 0.958819807 9.71183681E-07
vn -0.279958189 0.960012257 -1.00685236E-06
vn -0.284015447 0.958819687 -4.89841432E-06
vn -0.284076005 0.958801746 0
vn 0.81234467 0.583177567 0.000193630607
vn 0.820311129 0.469783932 -0.326178908
vn 0.596985757 0.802251518 -0.000723767153
vn 0.934478402 0.356019527 0.000412788184
vn -0 0 -1
vn -0 0 -1
vn -0 0 -1
vn -0 0 -1
vn -0 0 -1
vn -0 0 -1
vn -0 0 -1
vn -0 0 -1
vn -0 0 -1
vn -0 0 -1
vn -0 0 -1
vn -0 0 -1
vn -0 0 -1
vn -0 0 -1
vn -0 0 -1
vn -0 0 -1
vn -0 0 -1
vn -0 0 -1
vn -0 0 -1
vn -0 0 -1
vn -0 0 -1
vn -0 0 -1
vn -0 0 -1
vn -0 0 -1
vn -0 0 -1
vn -0 0 -1
vn -0 0 -1
vn -0 0 -1
vn -0 0 -1
vn -0 0 -1
vn -0 0 -1
vn -0 0 -1
vn -0 0 -1
vn -0 0 -1
vn -0 0 -1
vn -0 0 -1
vn -0 0 -1
vn -0 0 -1
vn -0 0 -1
vn -0 0 -1
vn -0 0 -1
vn -0 0 -1
vn -0 0 -1
vn -0 0 -1
vn -0 0 -1
vn -0 0 -1
vn -0 0 -1
vn -0 0 -1
vn -0 0 -1
vn -0 0 -1
vn -0 0 -1
vn -0 0 -1
vn -0 0 -1
vn -0 0 -1
vn -0 0 -1
vn -0 0 -1
vn -0 0 -1
vn -0 0 -1
vn -0 0 -1
vn -0 0 -1
vn -0 0 -1
vn -0 0 -1
vn -0 0 -1
vn 0.178150743 0.983931363 0.0118885953
vn 0.181828901 0.983296454 0.00814483874
vn 0.210340261 0.977628171 0
vn 0.109817527 0.993905485 0.00959495921
vn 0.143254116 0.989681184 0.00306941336
vn 0.0225954857 0.999742687 -0.00198011426
vn -0.0101273749 0.999637485 -0.0249487925
vn -0.274100035 0.961699009 -0.00207209145
vn -0.150541216 0.988603711 0
vn -0.308911592 0.938695669 0.153049335
vn -0.0121193798 0.998713374 0.0492418557
vn 0.0564990044 0.998402655 0
vn 0.400079757 0.916480362 0
vn 0.400079846 0.916480362 0
vn 0.666694462 0.745331228 0
vn 0.666694462 0.745331228 0
vn 0.866389096 0.499369472 0
vn 0.866389096 0.499369472 0
vn 0.97911948 0.203285873 0
vn 0.97911948 0.203285843 0
vn 0.995172322 -0.098143138 0
vn 0.995172322 -0.0981431454 0
vn 0.991837561 -0.127508432 0
vn 0.991837561 -0.127508432 0
vn 0.911718607 -0.410815358 0
vn 0.911718607 -0.410815418 0
vn 0.742999196 -0.66929239 0
vn 0.742999196 -0.669292271 0
vn 0.503494263 -0.863998592 0
vn 0.503494322 -0.863998473 0
vn 0.21601744 -0.976389587 0
vn 0.216017514 -0.976389587 0
vn 0.0010725779 -0.999987125 0.00496695051
vn -0.0317326114 -0.99949646 0
vn 0.0454603247 -0.994984865 -0.0890984535
vn 0.0856230929 -0.99632591 0.00182528445
vn 0.0728807375 -0.997307897 0.0080819102
vn 0.00190297642 -0.999832034 0.0182301085
vn -0.0617700443 -0.998083711 -0.00364709785
vn -0.102628477 -0.994719744 0
vn 0.157332301 -0.987544298 -0.00165843277
vn 0.18020013 -0.983622372 0.0038652448
vn 0.207979485 -0.978132725 0.000996581395
vn 0.21803081 -0.975941777 0.000357278594
vn 0.22594063 -0.974141121 8.36965264E-05
vn 0.231090635 -0.97293222 0
vn 0.232394382 -0.972621679 0
vn -0 0 1
vn -0 0 1
vn -0 0 1
vn -0 0 1
vn -0 0 1
vn -0 0 1
vn -0 0 1
vn -0 0 1
vn -0 0 1
vn -0 0 1
vn -4.88702244E-06 -2.49497352E-05 1
vn -0 0 1
vn -0 -2.14173924E-05 1
vn -0 -7.78804751E-05 1
vn -0 -5.84721347E-05 1
vn -0 -0.000137207273 1
vn 0.0473149791 0.985908806 0.160453022
vn 0.0184432007 0.838964999 0.543872714
vn -0.0691912845 0.835312545 0.545403898
vn 0.00804966688 0.25012666 0.968179703
vn -0.00868638512 0.176383138 0.984283209
vn 0.0377710909 0.238477364 0.970413208
vn -0 0 1
vn -0 0 1
vn -0 0 1
vn -0 0 1
vn -0 0 1
vn -0.0533086658 0.290014982 0.955536246
vn -0.0365721732 0.230907619 0.972288072
vn -0 0 1
vn -0 0 1
vn -0.913945913 0.405836076 1.91955451E-06
vn -0.972370028 -0.233445138 0
vn -0.977624178 -0.210359201 0
vn -0.97843343 -0.206562027 0
vn -0.996364534 0.0851925984 0
vn -0.996364534 0.0851925835 0
vn -0.91862309 0.395134896 0
vn -0.91862309 0.395134896 0
vn -0.747082531 0.664731264 0
vn -0.747082531 0.664731264 0
vn -0.499262393 0.866450965 0
vn -0.499262393 0.866450965 0
vn -0.1795661 0.983688116 -0.0106625818
vn -0.237101734 0.97148478 0
vn -0.173277393 0.984864295 -0.00415720278
vn -0.151337549 0.988423765 -0.0107489442
vn -0.0921347812 0.995739102 0.00384106161
vn -0 0 1
vn -0 0 1
vn -0 0 1
vn -0 0 1
vn -0 0 1
vn -0 0 1
vn -0 0 1
vn -0 0 -1
vn -0 0 -1
vn -0 0 -1
vn -0 0 -1
vn -0 0 -1
vn -0 0 -1
vn -0 0 -1
vn -0 0 -1
vn -0 0 -1
vn -0 0 -1
vn -0 0 -1
vn -0 0 -1
vn -0 0 -1
vn -0 0 -1
vn -0 0 -1
vn -0 0 -1
vn -0 0 -1
vn -0 0 -1
vn -0 0 -1
vn -0 0 -1
vn -0 0 -1
vn -0 0 -1
vn -0 0 -1
vn -0 0 -1
vn -0 0 -1
vn -0 0 -1
vn -0 0 -1
vn -0 0 -1
vn -0 0 -1
vn -0 0 -1
vn -0 0 -1
vn -0 0 -1
vn -0 0 -1
vn -0 0 -1
vn -0 0 -1
vn -0 0 -1
vn -0 0 -1
vn -0 0 -1
vn -0 0 -1
vn -0 0 -1
vn -0 0 -1
vn -0 0 -1
vn -0 0 -1
vn -0 0 -1
vn -0 0 -1
vn -0 0 -1
vn -0 0 -1
vn -0 0 -1
vn -0 0 -1
vn -0 0 -1
vn -0 0 -1
vn -0 0 -1
vn -0 0 -1
vn -0 0 -1
vn -0 0 -1
vn -0 0 -1
vn -0 0 -1
vn -0 0 -1
vn -0 0 -1
vn -0 0 -1
vn 0.273510873 -0.961868942 0
vn -0.0276498944 -0.999617696 0
vn 0.273510873 -0.961868942 0
vn 0.54947859 -0.835507751 0
vn -0.586968839 -0.809609532 0
vn -0.586968899 -0.809609473 0
vn -0.326264471 -0.945278585 0
vn -0.600383401 -0.79971242 0
vn -0.600383341 -0.7997123 0
vn -0.998668194 0.0515936241 0
vn -0.928635657 0.370993137 0
vn -0.998668194 0.0515936911 0
vn -0.928635657 0.370992988 0
vn -0.797042072 0.603923798 0
vn -0.797042131 0.603923678 0
vn -0.77961129 0.626263738 0
vn -0.77961129 0.626263738 0
vn -0.754513741 0.656284332 0
vn -0.754513741 0.656284332 0
vn -0.565093637 0.825026751 0
vn -0.565093637 0.825026751 0
vn -0.287053794 0.957914531 0
vn -0.287053853 0.957914412 0
vn 0.0182497203 0.999833465 0
vn 0.0182496551 0.999833465 0
vn 0.321817815 0.946801662 0
vn 0.321817726 0.946801662 0
vn 0.593753278 0.804647207 0
vn 0.585944295 0.810351253 0
vn 0.594822884 0.80385679 0
vn 0.594822764 0.80385685 0
vn 0.589687645 0.807631373 0
vn 0.585950375 0.810346961 0
vn 0.322293013 0.946639895 0
vn 0.764039636 -0.645042658 0.0127838496
vn 0.743323684 -0.668926597 0.00266707875
vn 0.733907282 -0.679249704 0
vn 0.762888908 -0.646425366 0.0116117364
vn -0 0 -1
vn -0 0 -1
vn -0 0 -1
vn -0 0 -1
vn -0 0 -1
vn -0 0 -1
vn -0 0 -1
vn -0 0 -1
vn -0 0 -1
vn -0 0 -1
vn -0 0 -1
vn -0 0 -1
vn -0 0 -1
vn -0 0 -1
vn -0 0 -1
vn -0 0 -1
vn -0 0 -1
vn -0 0 -1
vn -0 0 -1
vn -0 0 -1
vn -0 0 -1
vn -0 0 -1
vn -0 0 -1
vn -0 0 -1
vn -0 0 -1
vn -0 0 -1
vn -0 0 -1
vn -0 0 -1
vn -0 0 -1
vn -0 0 -1
vn -0 0 -1
vn -0 0 -1
vn -0 0 -1
vn -0 0 -1
vn -0 0 -1
vn -0 0 -1
vn -0 0 -1
vn -0 0 -1
vn -0 0 -1
vn -0 0 -1
vn -0 0 -1
vn -0 0 -1
vn -0 0 -1
vn -0 0 -1
vn -0 0 -1
vn -0 0 -1
vn -6.810591E-05 3.77972065E-05 1
vn -0.000123307211 6.08395967E-05 1
vn -4.91257415E-05 3.18556631E-05 1
vn -1.91635754E-05 1.67071375E-05 1
vn -1.65051333E-05 1.42470726E-05 1
vn 0.830164552 -0.533930421 0.160452902
vn 0.717343509 -0.435454816 0.543872476
vn 0.212591127 -0.132034525 0.968179703
vn 0.157095477 -0.0806689262 0.984283209
vn 0.187641814 -0.15194945 0.970413208
vn 0.277814686 -0.0988408476 0.955536187
vn -0 0 1
vn 0.218257904 -0.083781369 0.972288072
vn -0 0 1
vn -0 0 1
vn -0 0 1
vn -0 0 1
vn -0 0 1
vn -0 0 1
vn -0 0 1
vn -0 0 1
vn -0 0 1
vn -0 0 1
vn -0 0 1
vn -0 0 1
vn -0 0 1
vn -0 0 -1
vn -0 0 -1
vn -0 0 -1
vn -0 0 -1
vn -0 0 -1
vn -0 0 -1
vn -0 0 -1
vn -0 0 -1
vn -0 0 -1
vn -0 0 -1
vn -0 0 -1
vn -0 0 -1
vn -0 0 -1
vn -0 0 -1
vn -0 0 -1
vn -0 0 -1
vn -0 0 -1
vn -0 0 -1
vn -0 0 -1
vn -0.133454219 -0.645401359 -0.752095103
vn -0.135685354 -0.627262533 -0.766897082
vn -0.0310646985 -0.43827951 -0.89830178
vn -0.00242315745 -0.0111113545 -0.999935389
g Head_top._0
f 3/3/3 2/2/2 1/1/1
f 6/6/6 5/5/5 4/4/4
f 9/9/9 8/8/8 7/7/7
f 12/12/12 11/11/11 10/10/10
f 15/15/15 14/14/14 13/13/13
f 18/18/18 17/17/17 16/16/16
f 21/21/21 20/20/20 19/19/19
f 24/24/24 23/23/23 22/22/22
f 27/27/27 26/26/26 25/25/25
f 30/30/30 29/29/29 28/28/28
f 33/33/33 32/32/32 31/31/31
f 36/36/36 35/35/35 34/34/34
f 39/39/39 38/38/38 37/37/37
f 42/42/42 41/41/41 40/40/40
f 45/45/45 44/44/44 43/43/43
f 48/48/48 47/47/47 46/46/46
f 51/51/51 50/50/50 49/49/49
f 54/54/54 53/53/53 52/52/52
f 52/52/52 56/56/56 55/55/55
f 55/55/55 58/58/58 57/57/57
f 61/61/61 60/60/60 59/59/59
f 64/64/64 63/63/63 62/62/62
f 67/67/67 66/66/66 65/65/65
f 70/70/70 69/69/69 68/68/68
f 73/73/73 72/72/72 71/71/71
f 76/76/76 75/75/75 74/74/74
f 79/79/79 78/78/78 77/77/77
f 82/82/82 81/81/81 80/80/80
f 85/85/85 84/84/84 83/83/83
f 88/88/88 87/87/87 86/86/86
f 91/91/91 90/90/90 89/89/89
f 94/94/94 93/93/93 92/92/92
f 93/93/93 95/95/95 92/92/92
f 96/96/96 92/92/92 95/95/95
f 97/97/97 92/92/92 96/96/96
f 98/98/98 92/92/92 97/97/97
f 92/92/92 98/98/98 99/99/99
f 99/99/99 98/98/98 100/100/100
f 101/101/101 92/92/92 99/99/99
f 102/102/102 99/99/99 100/100/100
f 103/103/103 101/101/101 99/99/99
f 103/103/103 99/99/99 104/104/104
f 105/105/105 99/99/99 102/102/102
f 106/106/106 99/99/99 105/105/105
f 107/107/107 99/99/99 106/106/106
f 107/107/107 106/106/106 108/108/108
f 108/108/108 109/109/109 107/107/107
f 109/109/109 110/110/110 107/107/107
f 111/111/111 107/107/107 110/110/110
f 112/112/112 107/107/107 111/111/111
f 107/107/107 112/112/112 113/113/113
f 114/114/114 99/99/99 107/107/107
f 99/99/99 114/114/114 115/115/115
f 116/116/116 115/115/115 114/114/114
f 104/104/104 99/99/99 117/117/117
f 117/117/117 99/99/99 118/118/118
f 118/118/118 99/99/99 119/119/119
f 119/119/119 99/99/99 120/120/120
f 120/120/120 99/99/99 121/121/121
f 122/122/122 120/120/120 121/121/121
f 123/123/123 104/104/104 117/117/117
f 121/121/121 124/124/124 122/122/122
f 104/104/104 123/123/123 125/125/125
f 121/121/121 126/126/126 124/124/124
f 104/104/104 125/125/125 127/127/127
f 104/104/104 127/127/127 128/128/128
f 104/104/104 128/128/128 129/129/129
f 104/104/104 129/129/129 130/130/130
f 121/121/121 131/131/131 126/126/126
f 121/121/121 132/132/132 131/131/131
f 133/133/133 132/132/132 121/121/121
f 135/135/135 121/121/121 134/134/134
f 134/134/134 121/121/121 99/99/99
f 99/99/99 136/136/136 134/134/134
f 136/136/136 99/99/99 137/137/137
f 138/138/138 136/136/136 137/137/137
f 137/137/137 99/99/99 139/139/139
f 139/139/139 99/99/99 140/140/140
f 99/99/99 141/141/141 140/140/140
f 138/138/138 142/142/142 136/136/136
f 115/115/115 141/141/141 99/99/99
f 142/142/142 143/143/143 136/136/136
f 136/136/136 143/143/143 144/144/144
f 136/136/136 144/144/144 145/145/145
f 136/136/136 145/145/145 146/146/146
f 147/147/147 141/141/141 115/115/115
f 115/115/115 148/148/148 147/147/147
f 115/115/115 149/149/149 148/148/148
f 150/150/150 149/149/149 115/115/115
f 151/151/151 150/150/150 115/115/115
f 152/152/152 151/151/151 115/115/115
f 155/155/155 154/154/154 153/153/153
f 155/155/155 156/156/156 154/154/154
f 156/156/156 157/157/157 154/154/154
f 158/158/158 157/157/157 156/156/156
f 155/155/155 159/159/159 156/156/156
f 160/160/160 159/159/159 155/155/155
f 158/158/158 156/156/156 161/161/161
f 161/161/161 156/156/156 159/159/159
f 160/160/160 162/162/162 159/159/159
f 160/160/160 163/163/163 162/162/162
f 161/161/161 164/164/164 158/158/158
f 164/164/164 165/165/165 158/158/158
f 161/161/161 159/159/159 166/166/166
f 166/166/166 159/159/159 162/162/162
f 162/162/162 163/163/163 167/167/167
f 163/163/163 168/168/168 167/167/167
f 169/169/169 164/164/164 161/161/161
f 166/166/166 169/169/169 161/161/161
f 166/166/166 162/162/162 170/170/170
f 166/166/166 170/170/170 169/169/169
f 167/167/167 170/170/170 162/162/162
f 169/169/169 171/171/171 164/164/164
f 170/170/170 171/171/171 169/169/169
f 164/164/164 171/171/171 172/172/172
f 173/173/173 171/171/171 170/170/170
f 174/174/174 173/173/173 170/170/170
f 175/175/175 173/173/173 174/174/174
f 176/176/176 175/175/175 174/174/174
f 177/177/177 175/175/175 176/176/176
f 178/178/178 177/177/177 176/176/176
f 179/179/179 177/177/177 178/178/178
f 180/180/180 177/177/177 179/179/179
f 181/181/181 180/180/180 179/179/179
f 167/167/167 182/182/182 170/170/170
f 183/183/183 180/180/180 181/181/181
f 184/184/184 182/182/182 167/167/167
f 167/167/167 168/168/168 184/184/184
f 184/184/184 185/185/185 182/182/182
f 168/168/168 186/186/186 184/184/184
f 187/187/187 185/185/185 184/184/184
f 184/184/184 186/186/186 187/187/187
f 187/187/187 188/188/188 185/185/185
f 189/189/189 188/188/188 187/187/187
f 186/186/186 190/190/190 187/187/187
f 191/191/191 189/189/189 187/187/187
f 187/187/187 190/190/190 191/191/191
f 181/181/181 189/189/189 191/191/191
f 191/191/191 190/190/190 192/192/192
f 192/192/192 181/181/181 191/191/191
f 190/190/190 193/193/193 192/192/192
f 192/192/192 193/193/193 194/194/194
f 194/194/194 193/193/193 195/195/195
f 181/181/181 192/192/192 196/196/196
f 196/196/196 192/192/192 194/194/194
f 196/196/196 197/197/197 181/181/181
f 183/183/183 181/181/181 197/197/197
f 196/196/196 194/194/194 198/198/198
f 196/196/196 198/198/198 197/197/197
f 199/199/199 183/183/183 197/197/197
f 198/198/198 199/199/199 197/197/197
f 200/200/200 183/183/183 199/199/199
f 201/201/201 200/200/200 199/199/199
f 198/198/198 201/201/201 199/199/199
f 198/198/198 194/194/194 202/202/202
f 198/198/198 202/202/202 201/201/201
f 194/194/194 195/195/195 202/202/202
f 201/201/201 202/202/202 203/203/203
f 202/202/202 204/204/204 203/203/203
f 202/202/202 195/195/195 204/204/204
f 204/204/204 195/195/195 205/205/205
f 208/208/208 207/207/207 206/206/206
f 209/209/209 207/207/207 208/208/208
f 209/209/209 208/208/208 210/210/210
f 211/211/211 209/209/209 210/210/210
f 212/212/212 207/207/207 209/209/209
f 212/212/212 213/213/213 207/207/207
f 214/214/214 209/209/209 211/211/211
f 214/214/214 212/212/212 209/209/209
f 215/215/215 213/213/213 212/212/212
f 216/216/216 213/213/213 215/215/215
f 214/214/214 211/211/211 217/217/217
f 211/211/211 218/218/218 217/217/217
f 218/218/218 219/219/219 217/217/217
f 220/220/220 212/212/212 214/214/214
f 220/220/220 215/215/215 212/212/212
f 214/214/214 217/217/217 221/221/221
f 217/217/217 219/219/219 221/221/221
f 220/220/220 214/214/214 221/221/221
f 219/219/219 222/222/222 221/221/221
f 220/220/220 221/221/221 222/222/222
f 222/222/222 215/215/215 220/220/220
f 219/219/219 223/223/223 222/222/222
f 224/224/224 216/216/216 215/215/215
f 215/215/215 222/222/222 224/224/224
f 225/225/225 216/216/216 224/224/224
f 222/222/222 223/223/223 226/226/226
f 223/223/223 227/227/227 226/226/226
f 226/226/226 227/227/227 228/228/228
f 228/228/228 227/227/227 229/229/229
f 227/227/227 230/230/230 229/229/229
f 229/229/229 230/230/230 231/231/231
f 230/230/230 232/232/232 231/231/231
f 231/231/231 232/232/232 233/233/233
f 222/222/222 234/234/234 224/224/224
f 232/232/232 235/235/235 233/233/233
f 236/236/236 225/225/225 224/224/224
f 224/224/224 234/234/234 236/236/236
f 234/234/234 237/237/237 236/236/236
f 238/238/238 225/225/225 236/236/236
f 236/236/236 237/237/237 239/239/239
f 240/240/240 238/238/238 236/236/236
f 236/236/236 239/239/239 240/240/240
f 240/240/240 239/239/239 241/241/241
f 242/242/242 238/238/238 240/240/240
f 240/240/240 241/241/241 243/243/243
f 243/243/243 242/242/242 240/240/240
f 243/243/243 241/241/241 233/233/233
f 244/244/244 242/242/242 243/243/243
f 243/243/243 233/233/233 244/244/244
f 245/245/245 242/242/242 244/244/244
f 245/245/245 244/244/244 246/246/246
f 245/245/245 246/246/246 247/247/247
f 248/248/248 244/244/244 233/233/233
f 248/248/248 246/246/246 244/244/244
f 248/248/248 233/233/233 249/249/249
f 233/233/233 235/235/235 249/249/249
f 250/250/250 246/246/246 248/248/248
f 248/248/248 249/249/249 250/250/250
f 249/249/249 235/235/235 251/251/251
f 249/249/249 251/251/251 250/250/250
f 251/251/251 235/235/235 252/252/252
f 251/251/251 252/252/252 253/253/253
f 250/250/250 251/251/251 253/253/253
f 250/250/250 254/254/254 246/246/246
f 253/253/253 254/254/254 250/250/250
f 247/247/247 246/246/246 254/254/254
f 253/253/253 255/255/255 254/254/254
f 254/254/254 255/255/255 256/256/256
f 247/247/247 254/254/254 256/256/256
f 247/247/247 256/256/256 257/257/257
f 260/260/260 259/259/259 258/258/258
f 260/260/260 261/261/261 259/259/259
f 260/260/260 262/262/262 261/261/261
f 263/263/263 262/262/262 260/260/260
f 264/264/264 263/263/263 260/260/260
f 265/265/265 263/263/263 264/264/264
f 265/265/265 266/266/266 263/263/263
f 267/267/267 266/266/266 265/265/265
f 267/267/267 268/268/268 266/266/266
f 269/269/269 268/268/268 267/267/267
f 269/269/269 270/270/270 268/268/268
f 271/271/271 270/270/270 269/269/269
f 271/271/271 272/272/272 270/270/270
f 273/273/273 272/272/272 271/271/271
f 273/273/273 274/274/274 272/272/272
f 275/275/275 274/274/274 273/273/273
f 276/276/276 274/274/274 275/275/275
f 277/277/277 276/276/276 275/275/275
f 277/277/277 275/275/275 278/278/278
f 278/278/278 275/275/275 279/279/279
f 282/282/282 281/281/281 280/280/280
f 283/283/283 281/281/281 282/282/282
f 283/283/283 282/282/282 284/284/284
f 285/285/285 283/283/283 284/284/284
f 286/286/286 281/281/281 283/283/283
f 286/286/286 287/287/287 281/281/281
f 288/288/288 283/283/283 285/285/285
f 288/288/288 286/286/286 283/283/283
f 289/289/289 287/287/287 286/286/286
f 290/290/290 287/287/287 289/289/289
f 288/288/288 285/285/285 291/291/291
f 285/285/285 292/292/292 291/291/291
f 292/292/292 293/293/293 291/291/291
f 294/294/294 286/286/286 288/288/288
f 294/294/294 289/289/289 286/286/286
f 288/288/288 291/291/291 295/295/295
f 291/291/291 293/293/293 295/295/295
f 294/294/294 288/288/288 295/295/295
f 293/293/293 296/296/296 295/295/295
f 294/294/294 295/295/295 296/296/296
f 296/296/296 289/289/289 294/294/294
f 293/293/293 297/297/297 296/296/296
f 296/296/296 297/297/297 298/298/298
f 297/297/297 299/299/299 298/298/298
f 298/298/298 299/299/299 300/300/300
f 299/299/299 301/301/301 300/300/300
f 300/300/300 301/301/301 302/302/302
f 289/289/289 296/296/296 303/303/303
f 289/289/289 303/303/303 304/304/304
f 304/304/304 290/290/290 289/289/289
f 305/305/305 290/290/290 304/304/304
f 306/306/306 290/290/290 305/305/305
f 304/304/304 303/303/303 307/307/307
f 304/304/304 307/307/307 305/305/305
f 308/308/308 306/306/306 305/305/305
f 305/305/305 307/307/307 309/309/309
f 310/310/310 308/308/308 305/305/305
f 311/311/311 308/308/308 310/310/310
f 305/305/305 309/309/309 312/312/312
f 305/305/305 313/313/313 310/310/310
f 305/305/305 312/312/312 313/313/313
f 309/309/309 314/314/314 312/312/312
f 309/309/309 315/315/315 314/314/314
f 314/314/314 315/315/315 316/316/316
f 317/317/317 314/314/314 316/316/316
f 313/313/313 312/312/312 318/318/318
f 312/312/312 314/314/314 318/318/318
f 319/319/319 314/314/314 317/317/317
f 314/314/314 319/319/319 318/318/318
f 320/320/320 319/319/319 317/317/317
f 321/321/321 319/319/319 320/320/320
f 319/319/319 321/321/321 318/318/318
f 322/322/322 321/321/321 320/320/320
f 323/323/323 313/313/313 318/318/318
f 313/313/313 323/323/323 310/310/310
f 321/321/321 324/324/324 318/318/318
f 324/324/324 321/321/321 322/322/322
f 323/323/323 318/318/318 325/325/325
f 310/310/310 323/323/323 326/326/326
f 327/327/327 324/324/324 322/322/322
f 310/310/310 326/326/326 328/328/328
f 328/328/328 311/311/311 310/310/310
f 328/328/328 326/326/326 329/329/329
f 330/330/330 324/324/324 327/327/327
f 324/324/324 330/330/330 318/318/318
f 331/331/331 330/330/330 327/327/327
f 332/332/332 311/311/311 328/328/328
f 328/328/328 329/329/329 332/332/332
f 333/333/333 311/311/311 332/332/332
f 329/329/329 334/334/334 332/332/332
f 335/335/335 330/330/330 331/331/331
f 330/330/330 335/335/335 318/318/318
f 336/336/336 335/335/335 331/331/331
f 337/337/337 335/335/335 336/336/336
f 335/335/335 337/337/337 318/318/318
f 338/338/338 337/337/337 336/336/336
f 339/339/339 337/337/337 338/338/338
f 337/337/337 339/339/339 318/318/318
f 340/340/340 339/339/339 338/338/338
f 341/341/341 339/339/339 340/340/340
f 318/318/318 339/339/339 341/341/341
f 342/342/342 341/341/341 340/340/340
f 318/318/318 341/341/341 342/342/342
f 318/318/318 342/342/342 325/325/325
f 333/333/333 332/332/332 343/343/343
f 333/333/333 343/343/343 344/344/344
f 345/345/345 343/343/343 332/332/332
f 345/345/345 332/332/332 334/334/334
f 344/344/344 343/343/343 346/346/346
f 347/347/347 343/343/343 345/345/345
f 347/347/347 346/346/346 343/343/343
f 344/344/344 346/346/346 348/348/348
f 344/344/344 348/348/348 349/349/349
f 346/346/346 350/350/350 348/348/348
f 351/351/351 350/350/350 346/346/346
f 351/351/351 346/346/346 347/347/347
f 345/345/345 352/352/352 347/347/347
f 345/345/345 334/334/334 352/352/352
f 347/347/347 353/353/353 351/351/351
f 352/352/352 353/353/353 347/347/347
f 353/353/353 354/354/354 351/351/351
f 353/353/353 355/355/355 354/354/354
f 352/352/352 355/355/355 353/353/353
f 334/334/334 355/355/355 352/352/352
f 356/356/356 355/355/355 334/334/334
f 357/357/357 356/356/356 334/334/334
f 358/358/358 356/356/356 357/357/357
f 359/359/359 358/358/358 357/357/357
f 325/325/325 358/358/358 359/359/359
f 360/360/360 325/325/325 359/359/359
f 363/363/363 362/362/362 361/361/361
f 363/363/363 361/361/361 364/364/364
f 363/363/363 364/364/364 365/365/365
f 365/365/365 364/364/364 366/366/366
f 365/365/365 366/366/366 367/367/367
f 368/368/368 365/365/365 367/367/367
f 366/366/366 369/369/369 367/367/367
f 370/370/370 368/368/368 367/367/367
f 371/371/371 368/368/368 370/370/370
f 372/372/372 371/371/371 370/370/370
f 373/373/373 371/371/371 372/372/372
f 367/367/367 369/369/369 374/374/374
f 375/375/375 367/367/367 374/374/374
f 369/369/369 376/376/376 374/374/374
f 369/369/369 377/377/377 376/376/376
f 369/369/369 378/378/378 377/377/377
f 378/378/378 379/379/379 377/377/377
f 376/376/376 380/380/380 374/374/374
f 375/375/375 374/374/374 381/381/381
f 376/376/376 382/382/382 380/380/380
f 378/378/378 383/383/383 379/379/379
f 378/378/378 384/384/384 383/383/383
f 384/384/384 385/385/385 383/383/383
f 383/383/383 386/386/386 379/379/379
f 386/386/386 387/387/387 379/379/379
f 386/386/386 388/388/388 387/387/387
f 386/386/386 389/389/389 388/388/388
f 386/386/386 390/390/390 389/389/389
f 375/375/375 381/381/381 391/391/391
f 381/381/381 392/392/392 391/391/391
f 393/393/393 375/375/375 391/391/391
f 392/392/392 394/394/394 391/391/391
f 392/392/392 395/395/395 394/394/394
f 395/395/395 396/396/396 394/394/394
f 397/397/397 375/375/375 393/393/393
f 398/398/398 397/397/397 393/393/393
f 399/399/399 397/397/397 398/398/398
f 400/400/400 399/399/399 398/398/398
f 403/403/403 402/402/402 401/401/401
f 404/404/404 403/403/403 401/401/401
f 405/405/405 404/404/404 401/401/401
f 382/382/382 405/405/405 401/401/401
f 382/382/382 401/401/401 406/406/406
f 382/382/382 406/406/406 380/380/380
f 406/406/406 407/407/407 380/380/380
f 407/407/407 406/406/406 408/408/408
f 411/411/411 410/410/410 409/409/409
f 411/411/411 412/412/412 410/410/410
f 411/411/411 413/413/413 412/412/412
f 414/414/414 413/413/413 411/411/411
f 415/415/415 414/414/414 411/411/411
f 416/416/416 414/414/414 415/415/415
f 416/416/416 417/417/417 414/414/414
f 418/418/418 417/417/417 416/416/416
f 418/418/418 419/419/419 417/417/417
f 420/420/420 419/419/419 418/418/418
f 420/420/420 421/421/421 419/419/419
f 420/420/420 422/422/422 421/421/421
f 423/423/423 422/422/422 420/420/420
f 423/423/423 424/424/424 422/422/422
f 425/425/425 424/424/424 423/423/423
f 426/426/426 424/424/424 425/425/425
f 427/427/427 424/424/424 426/426/426
f 428/428/428 427/427/427 426/426/426
f 428/428/428 426/426/426 429/429/429
f 429/429/429 426/426/426 430/430/430
f 433/433/433 432/432/432 431/431/431
f 434/434/434 432/432/432 433/433/433
f 434/434/434 435/435/435 432/432/432
f 435/435/435 436/436/436 432/432/432
f 432/432/432 436/436/436 437/437/437
f 437/437/437 436/436/436 438/438/438
f 438/438/438 436/436/436 439/439/439
f 438/438/438 439/439/439 440/440/440
f 440/440/440 439/439/439 441/441/441
f 440/440/440 441/441/441 442/442/442
f 442/442/442 441/441/441 443/443/443
f 442/442/442 443/443/443 444/444/444
f 444/444/444 443/443/443 445/445/445
f 444/444/444 445/445/445 446/446/446
f 446/446/446 445/445/445 447/447/447
f 446/446/446 447/447/447 448/448/448
f 447/447/447 449/449/449 448/448/448
f 448/448/448 449/449/449 450/450/450
f 448/448/448 450/450/450 451/451/451
f 448/448/448 451/451/451 452/452/452
f 455/455/455 454/454/454 453/453/453
f 455/455/455 453/453/453 456/456/456
f 457/457/457 455/455/455 456/456/456
f 458/458/458 455/455/455 457/457/457
f 459/459/459 458/458/458 457/457/457
f 458/458/458 459/459/459 460/460/460
f 461/461/461 460/460/460 459/459/459
f 462/462/462 460/460/460 461/461/461
f 463/463/463 462/462/462 461/461/461
f 464/464/464 462/462/462 463/463/463
f 465/465/465 464/464/464 463/463/463
f 466/466/466 465/465/465 463/463/463
f 467/467/467 465/465/465 466/466/466
f 456/456/456 453/453/453 468/468/468
f 469/469/469 457/457/457 456/456/456
f 456/456/456 468/468/468 470/470/470
f 468/468/468 453/453/453 471/471/471
f 453/453/453 472/472/472 471/471/471
f 471/471/471 472/472/472 473/473/473
f 472/472/472 474/474/474 473/473/473
f 474/474/474 475/475/475 473/473/473
f 473/473/473 475/475/475 476/476/476
f 475/475/475 477/477/477 476/476/476
f 476/476/476 477/477/477 478/478/478
f 477/477/477 479/479/479 478/478/478
f 478/478/478 479/479/479 480/480/480
f 480/480/480 479/479/479 481/481/481
f 480/480/480 481/481/481 482/482/482
f 482/482/482 481/481/481 483/483/483
f 482/482/482 483/483/483 484/484/484
f 484/484/484 483/483/483 485/485/485
f 485/485/485 483/483/483 486/486/486
f 484/484/484 485/485/485 487/487/487
f 484/484/484 487/487/487 488/488/488
f 484/484/484 488/488/488 489/489/489
f 484/484/484 489/489/489 490/490/490
f 484/484/484 490/490/490 491/491/491
f 493/493/493 468/468/468 492/492/492
f 468/468/468 493/493/493 470/470/470
f 470/470/470 493/493/493 494/494/494
f 493/493/493 495/495/495 494/494/494
f 496/496/496 495/495/495 493/493/493
f 496/496/496 497/497/497 495/495/495
f 498/498/498 497/497/497 496/496/496
f 498/498/498 499/499/499 497/497/497
f 500/500/500 499/499/499 498/498/498
f 503/503/503 502/502/502 501/501/501
f 503/503/503 504/504/504 502/502/502
f 504/504/504 503/503/503 505/505/505
f 504/504/504 505/505/505 506/506/506
f 507/507/507 504/504/504 506/506/506
f 508/508/508 504/504/504 507/507/507
f 509/509/509 508/508/508 507/507/507
f 510/510/510 508/508/508 509/509/509
f 506/506/506 505/505/505 511/511/511
f 505/505/505 512/512/512 511/511/511
f 505/505/505 503/503/503 512/512/512
f 511/511/511 512/512/512 513/513/513
f 512/512/512 503/503/503 514/514/514
f 512/512/512 514/514/514 513/513/513
f 515/515/515 513/513/513 514/514/514
f 515/515/515 516/516/516 513/513/513
f 515/515/515 517/517/517 516/516/516
f 503/503/503 518/518/518 514/514/514
f 515/515/515 519/519/519 517/517/517
f 520/520/520 519/519/519 515/515/515
f 521/521/521 519/519/519 520/520/520
f 522/522/522 521/521/521 520/520/520
f 523/523/523 521/521/521 522/522/522
f 524/524/524 523/523/523 522/522/522
f 525/525/525 523/523/523 524/524/524
f 526/526/526 525/525/525 524/524/524
f 527/527/527 526/526/526 524/524/524
f 528/528/528 526/526/526 527/527/527
f 529/529/529 528/528/528 527/527/527
f 530/530/530 528/528/528 529/529/529
f 531/531/531 530/530/530 529/529/529
f 515/515/515 514/514/514 532/532/532
f 514/514/514 518/518/518 532/532/532
f 515/515/515 532/532/532 533/533/533
f 532/532/532 518/518/518 533/533/533
f 534/534/534 515/515/515 533/533/533
f 533/533/533 518/518/518 534/534/534
f 515/515/515 534/534/534 535/535/535
f 534/534/534 518/518/518 536/536/536
f 534/534/534 536/536/536 537/537/537
f 534/534/534 537/537/537 535/535/535
f 537/537/537 536/536/536 538/538/538
f 537/537/537 539/539/539 535/535/535
f 540/540/540 537/537/537 538/538/538
f 541/541/541 515/515/515 535/535/535
f 539/539/539 541/541/541 535/535/535
f 542/542/542 541/541/541 539/539/539
f 542/542/542 539/539/539 543/543/543
f 544/544/544 543/543/543 539/539/539
f 545/545/545 515/515/515 541/541/541
f 546/546/546 515/515/515 545/545/545
f 546/546/546 545/545/545 547/547/547
f 546/546/546 547/547/547 548/548/548
f 548/548/548 540/540/540 546/546/546
f 540/540/540 538/538/538 549/549/549
f 540/540/540 549/549/549 550/550/550
f 549/549/549 538/538/538 551/551/551
f 540/540/540 550/550/550 552/552/552
f 546/546/546 540/540/540 552/552/552
f 551/551/551 538/538/538 553/553/553
f 546/546/546 552/552/552 554/554/554
f 554/554/554 515/515/515 546/546/546
f 554/554/554 552/552/552 555/555/555
f 555/555/555 556/556/556 554/554/554
f 556/556/556 515/515/515 554/554/554
f 556/556/556 557/557/557 515/515/515
f 557/557/557 558/558/558 515/515/515
f 553/553/553 538/538/538 559/559/559
f 559/559/559 538/538/538 560/560/560
f 561/561/561 558/558/558 557/557/557
f 557/557/557 562/562/562 561/561/561
f 561/561/561 562/562/562 563/563/563
f 561/561/561 563/563/563 564/564/564
f 564/564/564 558/558/558 561/561/561
f 557/557/557 565/565/565 562/562/562
f 566/566/566 558/558/558 564/564/564
f 564/564/564 563/563/563 566/566/566
f 566/566/566 567/567/567 558/558/558
f 565/565/565 568/568/568 562/562/562
f 568/568/568 565/565/565 569/569/569
f 570/570/570 568/568/568 569/569/569
f 563/563/563 571/571/571 566/566/566
f 572/572/572 567/567/567 566/566/566
f 562/562/562 568/568/568 573/573/573
f 562/562/562 573/573/573 563/563/563
f 568/568/568 570/570/570 574/574/574
f 573/573/573 568/568/568 574/574/574
f 570/570/570 575/575/575 574/574/574
f 563/563/563 576/576/576 571/571/571
f 577/577/577 571/571/571 576/576/576
f 577/577/577 576/576/576 578/578/578
f 579/579/579 578/578/578 576/576/576
f 579/579/579 576/576/576 563/563/563
f 579/579/579 580/580/580 578/578/578
f 581/581/581 580/580/580 579/579/579
f 573/573/573 582/582/582 563/563/563
f 582/582/582 579/579/579 563/563/563
f 583/583/583 581/581/581 579/579/579
f 583/583/583 579/579/579 582/582/582
f 583/583/583 584/584/584 581/581/581
f 573/573/573 574/574/574 585/585/585
f 573/573/573 585/585/585 582/582/582
f 574/574/574 575/575/575 586/586/586
f 585/585/585 574/574/574 586/586/586
f 587/587/587 584/584/584 583/583/583
f 587/587/587 588/588/588 584/584/584
f 589/589/589 588/588/588 587/587/587
f 585/585/585 590/590/590 582/582/582
f 585/585/585 586/586/586 590/590/590
f 586/586/586 575/575/575 591/591/591
f 590/590/590 586/586/586 591/591/591
f 575/575/575 592/592/592 591/591/591
f 593/593/593 583/583/583 582/582/582
f 590/590/590 593/593/593 582/582/582
f 587/587/587 583/583/583 593/593/593
f 590/590/590 591/591/591 594/594/594
f 590/590/590 594/594/594 593/593/593
f 591/591/591 592/592/592 595/595/595
f 591/591/591 595/595/595 594/594/594
f 592/592/592 596/596/596 595/595/595
f 597/597/597 587/587/587 593/593/593
f 594/594/594 597/597/597 593/593/593
f 594/594/594 595/595/595 598/598/598
f 594/594/594 598/598/598 597/597/597
f 595/595/595 596/596/596 599/599/599
f 595/595/595 599/599/599 598/598/598
f 596/596/596 553/553/553 599/599/599
f 600/600/600 587/587/587 597/597/597
f 600/600/600 589/589/589 587/587/587
f 598/598/598 601/601/601 597/597/597
f 601/601/601 600/600/600 597/597/597
f 598/598/598 599/599/599 602/602/602
f 598/598/598 602/602/602 601/601/601
f 599/599/599 553/553/553 603/603/603
f 599/599/599 603/603/603 602/602/602
f 602/602/602 603/603/603 601/601/601
f 603/603/603 600/600/600 601/601/601
f 553/553/553 559/559/559 603/603/603
f 603/603/603 559/559/559 600/600/600
f 559/559/559 589/589/589 600/600/600
f 559/559/559 560/560/560 589/589/589
f 589/589/589 560/560/560 604/604/604
f 604/604/604 560/560/560 605/605/605
f 605/605/605 560/560/560 606/606/606
f 607/607/607 605/605/605 606/606/606
f 608/608/608 607/607/607 606/606/606
f 608/608/608 606/606/606 609/609/609
f 610/610/610 608/608/608 609/609/609
f 560/560/560 611/611/611 606/606/606
f 609/609/609 606/606/606 612/612/612
f 612/612/612 613/613/613 609/609/609
f 613/613/613 614/614/614 609/609/609
f 611/611/611 560/560/560 615/615/615
f 616/616/616 610/610/610 609/609/609
f 617/617/617 610/610/610 616/616/616
f 616/616/616 572/572/572 617/617/617
f 616/616/616 567/567/567 572/572/572
f 609/609/609 567/567/567 616/616/616
f 614/614/614 567/567/567 609/609/609
f 614/614/614 618/618/618 567/567/567
f 618/618/618 619/619/619 567/567/567
f 611/611/611 615/615/615 619/619/619
f 615/615/615 620/620/620 619/619/619
f 620/620/620 615/615/615 621/621/621
f 622/622/622 620/620/620 621/621/621
f 622/622/622 623/623/623 620/620/620
f 624/624/624 620/620/620 623/623/623
f 625/625/625 620/620/620 624/624/624
f 620/620/620 625/625/625 626/626/626
f 620/620/620 626/626/626 627/627/627
f 619/619/619 627/627/627 567/567/567
f 627/627/627 619/619/619 620/620/620
f 628/628/628 611/611/611 619/619/619
f 611/611/611 628/628/628 629/629/629
f 630/630/630 611/611/611 629/629/629
f 631/631/631 630/630/630 629/629/629
f 630/630/630 631/631/631 632/632/632
f 635/635/635 634/634/634 633/633/633
f 633/633/633 634/634/634 636/636/636
f 637/637/637 633/633/633 636/636/636
f 636/636/636 634/634/634 638/638/638
f 639/639/639 633/633/633 637/637/637
f 639/639/639 640/640/640 633/633/633
f 641/641/641 640/640/640 639/639/639
f 641/641/641 642/642/642 640/640/640
f 643/643/643 642/642/642 641/641/641
f 643/643/643 644/644/644 642/642/642
f 634/634/634 645/645/645 638/638/638
f 634/634/634 646/646/646 645/645/645
f 646/646/646 647/647/647 645/645/645
f 645/645/645 647/647/647 648/648/648
f 651/651/651 650/650/650 649/649/649
f 649/649/649 650/650/650 652/652/652
f 649/649/649 652/652/652 653/653/653
f 653/653/653 652/652/652 654/654/654
f 653/653/653 654/654/654 655/655/655
f 655/655/655 654/654/654 656/656/656
f 657/657/657 655/655/655 656/656/656
f 658/658/658 655/655/655 657/657/657
f 655/655/655 658/658/658 659/659/659
f 660/660/660 658/658/658 657/657/657
f 660/660/660 661/661/661 658/658/658
f 658/658/658 661/661/661 662/662/662
f 661/661/661 663/663/663 662/662/662
f 662/662/662 663/663/663 664/664/664
f 663/663/663 665/665/665 664/664/664
f 665/665/665 666/666/666 664/664/664
f 664/664/664 666/666/666 667/667/667
f 666/666/666 668/668/668 667/667/667
f 667/667/667 668/668/668 669/669/669
f 668/668/668 670/670/670 669/669/669
f 669/669/669 670/670/670 671/671/671
f 671/671/671 670/670/670 672/672/672
f 671/671/671 672/672/672 673/673/673
f 673/673/673 672/672/672 674/674/674
f 675/675/675 661/661/661 660/660/660
f 673/673/673 674/674/674 676/676/676
f 677/677/677 675/675/675 660/660/660
f 678/678/678 675/675/675 677/677/677
f 679/679/679 677/677/677 660/660/660
f 676/676/676 674/674/674 680/680/680
f 680/680/680 674/674/674 681/681/681
f 676/676/676 680/680/680 682/682/682
f 676/676/676 682/682/682 683/683/683
f 676/676/676 683/683/683 684/684/684
f 676/676/676 684/684/684 685/685/685
f 676/676/676 685/685/685 686/686/686
f 687/687/687 678/678/678 677/677/677
f 688/688/688 678/678/678 687/687/687
f 689/689/689 688/688/688 687/687/687
f 690/690/690 689/689/689 687/687/687
f 691/691/691 690/690/690 687/687/687
f 692/692/692 690/690/690 691/691/691
f 693/693/693 692/692/692 691/691/691
f 694/694/694 692/692/692 693/693/693
f 695/695/695 694/694/694 693/693/693
f 692/692/692 696/696/696 690/690/690
f 696/696/696 697/697/697 690/690/690
f 698/698/698 696/696/696 692/692/692
f 697/697/697 699/699/699 690/690/690
f 698/698/698 692/692/692 700/700/700
f 692/692/692 701/701/701 700/700/700
f 700/700/700 701/701/701 702/702/702
f 690/690/690 699/699/699 703/703/703
f 699/699/699 704/704/704 703/703/703
f 703/703/703 704/704/704 705/705/705
f 704/704/704 706/706/706 705/705/705
f 705/705/705 706/706/706 707/707/707
f 706/706/706 708/708/708 707/707/707
f 707/707/707 708/708/708 709/709/709
f 708/708/708 710/710/710 709/709/709
f 709/709/709 710/710/710 711/711/711
f 710/710/710 712/712/712 711/711/711
f 711/711/711 712/712/712 713/713/713
f 713/713/713 712/712/712 714/714/714
f 715/715/715 713/713/713 714/714/714
f 716/716/716 713/713/713 715/715/715
f 717/717/717 716/716/716 715/715/715
f 718/718/718 716/716/716 717/717/717
f 719/719/719 718/718/718 717/717/717
f 720/720/720 718/718/718 719/719/719
f 721/721/721 720/720/720 719/719/719
f 722/722/722 720/720/720 721/721/721
f 723/723/723 722/722/722 721/721/721
f 724/724/724 722/722/722 723/723/723
f 723/723/723 725/725/725 724/724/724
f 726/726/726 724/724/724 725/725/725
f 727/727/727 726/726/726 725/725/725
f 726/726/726 727/727/727 728/728/728
f 728/728/728 727/727/727 729/729/729
f 730/730/730 724/724/724 726/726/726
f 730/730/730 731/731/731 724/724/724
f 732/732/732 731/731/731 730/730/730
f 732/732/732 733/733/733 731/731/731
f 732/732/732 734/734/734 733/733/733
f 735/735/735 734/734/734 732/732/732
f 736/736/736 734/734/734 735/735/735
f 737/737/737 734/734/734 736/736/736
f 738/738/738 734/734/734 737/737/737
f 734/734/734 738/738/738 739/739/739
f 742/742/742 741/741/741 740/740/740
f 742/742/742 743/743/743 741/741/741
f 743/743/743 742/742/742 744/744/744
f 743/743/743 744/744/744 745/745/745
f 746/746/746 743/743/743 745/745/745
f 747/747/747 743/743/743 746/746/746
f 748/748/748 747/747/747 746/746/746
f 749/749/749 747/747/747 748/748/748
f 745/745/745 744/744/744 750/750/750
f 744/744/744 751/751/751 750/750/750
f 744/744/744 742/742/742 751/751/751
f 750/750/750 751/751/751 752/752/752
f 751/751/751 742/742/742 753/753/753
f 751/751/751 753/753/753 752/752/752
f 742/742/742 754/754/754 753/753/753
f 742/742/742 755/755/755 754/754/754
f 756/756/756 752/752/752 753/753/753
f 756/756/756 757/757/757 752/752/752
f 756/756/756 758/758/758 757/757/757
f 756/756/756 759/759/759 758/758/758
f 760/760/760 759/759/759 756/756/756
f 761/761/761 760/760/760 756/756/756
f 756/756/756 753/753/753 762/762/762
f 753/753/753 754/754/754 762/762/762
f 763/763/763 760/760/760 761/761/761
f 764/764/764 763/763/763 761/761/761
f 765/765/765 763/763/763 764/764/764
f 766/766/766 765/765/765 764/764/764
f 767/767/767 765/765/765 766/766/766
f 768/768/768 767/767/767 766/766/766
f 762/762/762 754/754/754 769/769/769
f 769/769/769 756/756/756 762/762/762
f 769/769/769 754/754/754 770/770/770
f 770/770/770 756/756/756 769/769/769
f 771/771/771 770/770/770 754/754/754
f 772/772/772 756/756/756 770/770/770
f 771/771/771 772/772/772 770/770/770
f 772/772/772 771/771/771 773/773/773
f 774/774/774 756/756/756 772/772/772
f 773/773/773 771/771/771 775/775/775
f 776/776/776 756/756/756 774/774/774
f 777/777/777 756/756/756 776/776/776
f 777/777/777 776/776/776 778/778/778
f 777/777/777 779/779/779 756/756/756
f 778/778/778 780/780/780 777/777/777
f 775/775/775 771/771/771 781/781/781
f 777/777/777 780/780/780 781/781/781
f 780/780/780 782/782/782 781/781/781
f 782/782/782 775/775/775 781/781/781
f 777/777/777 781/781/781 783/783/783
f 784/784/784 779/779/779 777/777/777
f 777/777/777 783/783/783 784/784/784
f 784/784/784 785/785/785 779/779/779
f 786/786/786 775/775/775 782/782/782
f 786/786/786 787/787/787 775/775/775
f 782/782/782 788/788/788 786/786/786
f 786/786/786 788/788/788 789/789/789
f 784/784/784 783/783/783 790/790/790
f 784/784/784 790/790/790 791/791/791
f 791/791/791 792/792/792 784/784/784
f 792/792/792 785/785/785 784/784/784
f 792/792/792 793/793/793 785/785/785
f 783/783/783 794/794/794 790/790/790
f 793/793/793 795/795/795 785/785/785
f 794/794/794 783/783/783 796/796/796
f 795/795/795 797/797/797 785/785/785
f 797/797/797 795/795/795 798/798/798
f 794/794/794 796/796/796 798/798/798
f 794/794/794 798/798/798 795/795/795
f 795/795/795 799/799/799 794/794/794
f 794/794/794 799/799/799 800/800/800
f 794/794/794 800/800/800 801/801/801
f 801/801/801 800/800/800 802/802/802
f 797/797/797 798/798/798 803/803/803
f 796/796/796 804/804/804 798/798/798
f 803/803/803 798/798/798 805/805/805
f 804/804/804 806/806/806 798/798/798
f 805/805/805 798/798/798 807/807/807
f 806/806/806 808/808/808 798/798/798
f 807/807/807 798/798/798 808/808/808
f 811/811/811 810/810/810 809/809/809
f 810/810/810 811/811/811 812/812/812
f 811/811/811 813/813/813 812/812/812
f 816/816/816 815/815/815 814/814/814
f 814/814/814 815/815/815 817/817/817
f 817/817/817 815/815/815 818/818/818
f 815/815/815 819/819/819 818/818/818
f 820/820/820 814/814/814 817/817/817
f 821/821/821 814/814/814 820/820/820
f 821/821/821 822/822/822 814/814/814
f 823/823/823 822/822/822 821/821/821
f 823/823/823 824/824/824 822/822/822
f 825/825/825 824/824/824 823/823/823
f 825/825/825 826/826/826 824/824/824
f 829/829/829 828/828/828 827/827/827
f 827/827/827 828/828/828 830/830/830
f 827/827/827 830/830/830 831/831/831
f 831/831/831 830/830/830 832/832/832
f 831/831/831 832/832/832 833/833/833
f 833/833/833 832/832/832 834/834/834
f 835/835/835 833/833/833 834/834/834
f 836/836/836 833/833/833 835/835/835
f 833/833/833 836/836/836 837/837/837
f 838/838/838 836/836/836 835/835/835
f 838/838/838 839/839/839 836/836/836
f 836/836/836 839/839/839 840/840/840
f 839/839/839 841/841/841 840/840/840
f 840/840/840 841/841/841 842/842/842
f 841/841/841 843/843/843 842/842/842
f 843/843/843 844/844/844 842/842/842
f 842/842/842 844/844/844 845/845/845
f 844/844/844 846/846/846 845/845/845
f 845/845/845 846/846/846 847/847/847
f 846/846/846 848/848/848 847/847/847
f 847/847/847 848/848/848 849/849/849
f 849/849/849 848/848/848 850/850/850
f 849/849/849 850/850/850 851/851/851
f 851/851/851 850/850/850 852/852/852
f 851/851/851 852/852/852 853/853/853
f 853/853/853 852/852/852 854/854/854
f 854/854/854 852/852/852 855/855/855
f 853/853/853 854/854/854 856/856/856
f 853/853/853 856/856/856 857/857/857
f 853/853/853 857/857/857 858/858/858
f 853/853/853 858/858/858 859/859/859
f 853/853/853 859/859/859 860/860/860
f 863/863/863 862/862/862 861/861/861
f 862/862/862 864/864/864 861/861/861
f 864/864/864 865/865/865 861/861/861
f 866/866/866 865/865/865 864/864/864
f 867/867/867 865/865/865 866/866/866
f 867/867/867 868/868/868 865/865/865
f 469/469/469 865/865/865 868/868/868
f 868/868/868 457/457/457 469/469/469
f 868/868/868 869/869/869 457/457/457
f 865/865/865 469/469/469 870/870/870
f 871/871/871 870/870/870 469/469/469
f 872/872/872 870/870/870 871/871/871
f 870/870/870 872/872/872 873/873/873
f 870/870/870 873/873/873 874/874/874
f 865/865/865 870/870/870 875/875/875
f 870/870/870 874/874/874 875/875/875
f 861/861/861 865/865/865 875/875/875
f 874/874/874 876/876/876 875/875/875
f 876/876/876 877/877/877 875/875/875
f 861/861/861 875/875/875 878/878/878
f 861/861/861 878/878/878 879/879/879
f 880/880/880 861/861/861 879/879/879
f 881/881/881 861/861/861 880/880/880
f 884/884/884 883/883/883 882/882/882
f 884/884/884 882/882/882 885/885/885
f 882/882/882 886/886/886 885/885/885
f 886/886/886 887/887/887 885/885/885
f 890/890/890 889/889/889 888/888/888
f 889/889/889 891/891/891 888/888/888
f 889/889/889 892/892/892 891/891/891
f 888/888/888 891/891/891 893/893/893
f 891/891/891 892/892/892 894/894/894
f 888/888/888 893/893/893 895/895/895
f 894/894/894 892/892/892 896/896/896
f 896/896/896 892/892/892 897/897/897
f 897/897/897 892/892/892 898/898/898
f 899/899/899 898/898/898 892/892/892
f 895/895/895 893/893/893 900/900/900
f 895/895/895 900/900/900 901/901/901
f 895/895/895 901/901/901 902/902/902
f 895/895/895 902/902/902 903/903/903
f 895/895/895 903/903/903 904/904/904
f 907/907/907 906/906/906 905/905/905
f 907/907/907 908/908/908 906/906/906
f 909/909/909 908/908/908 907/907/907
f 909/909/909 910/910/910 908/908/908
f 911/911/911 910/910/910 909/909/909
f 912/912/912 910/910/910 911/911/911
f 912/912/912 913/913/913 910/910/910
f 914/914/914 913/913/913 912/912/912
f 915/915/915 913/913/913 914/914/914
f 915/915/915 916/916/916 913/913/913
f 912/912/912 911/911/911 917/917/917
f 917/917/917 911/911/911 918/918/918
f 918/918/918 911/911/911 919/919/919
f 919/919/919 911/911/911 920/920/920
f 921/921/921 916/916/916 915/915/915
f 921/921/921 922/922/922 916/916/916
f 921/921/921 923/923/923 922/922/922
f 923/923/923 924/924/924 922/922/922
f 924/924/924 925/925/925 922/922/922
f 925/925/925 926/926/926 922/922/922
f 925/925/925 927/927/927 926/926/926
f 925/925/925 928/928/928 927/927/927
f 921/921/921 929/929/929 923/923/923
f 929/929/929 930/930/930 923/923/923
f 931/931/931 929/929/929 921/921/921
f 932/932/932 931/931/931 921/921/921
f 935/935/935 934/934/934 933/933/933
f 934/934/934 935/935/935 936/936/936
f 936/936/936 935/935/935 937/937/937
f 937/937/937 935/935/935 938/938/938
f 938/938/938 935/935/935 939/939/939
f 939/939/939 935/935/935 940/940/940
f 939/939/939 940/940/940 941/941/941
f 939/939/939 941/941/941 942/942/942
f 942/942/942 941/941/941 943/943/943
f 942/942/942 943/943/943 944/944/944
f 944/944/944 943/943/943 945/945/945
f 944/944/944 945/945/945 946/946/946
f 945/945/945 947/947/947 946/946/946
f 943/943/943 948/948/948 945/945/945
f 945/945/945 948/948/948 949/949/949
f 943/943/943 950/950/950 948/948/948
f 949/949/949 951/951/951 945/945/945
f 943/943/943 952/952/952 950/950/950
f 945/945/945 951/951/951 953/953/953
f 943/943/943 954/954/954 952/952/952
f 951/951/951 955/955/955 953/953/953
f 952/952/952 954/954/954 956/956/956
f 953/953/953 955/955/955 957/957/957
f 954/954/954 958/958/958 956/956/956
f 955/955/955 959/959/959 957/957/957
f 956/956/956 958/958/958 960/960/960
f 957/957/957 959/959/959 961/961/961
f 958/958/958 962/962/962 960/960/960
f 959/959/959 963/963/963 961/961/961
f 960/960/960 962/962/962 964/964/964
f 961/961/961 963/963/963 965/965/965
f 962/962/962 966/966/966 964/964/964
f 964/964/964 966/966/966 967/967/967
f 963/963/963 968/968/968 965/965/965
f 965/965/965 968/968/968 969/969/969
f 969/969/969 968/968/968 970/970/970
f 970/970/970 968/968/968 971/971/971
f 970/970/970 971/971/971 972/972/972
f 971/971/971 973/973/973 972/972/972
f 972/972/972 973/973/973 974/974/974
f 973/973/973 975/975/975 974/974/974
f 974/974/974 975/975/975 976/976/976
f 975/975/975 977/977/977 976/976/976
f 967/967/967 966/966/966 978/978/978
f 966/966/966 979/979/979 978/978/978
f 980/980/980 978/978/978 979/979/979
f 980/980/980 981/981/981 978/978/978
f 982/982/982 981/981/981 980/980/980
f 983/983/983 981/981/981 982/982/982
f 984/984/984 983/983/983 982/982/982
f 985/985/985 983/983/983 984/984/984
f 986/986/986 985/985/985 984/984/984
f 987/987/987 985/985/985 986/986/986
f 988/988/988 987/987/987 986/986/986
f 989/989/989 987/987/987 988/988/988
f 460/460/460 989/989/989 988/988/988
f 990/990/990 989/989/989 460/460/460
f 991/991/991 990/990/990 460/460/460
f 992/992/992 991/991/991 460/460/460
f 462/462/462 992/992/992 460/460/460
f 993/993/993 992/992/992 462/462/462
f 994/994/994 993/993/993 462/462/462
f 995/995/995 993/993/993 994/994/994
f 977/977/977 995/995/995 994/994/994
f 976/976/976 977/977/977 994/994/994
f 998/998/998 997/997/997 996/996/996
f 998/998/998 999/999/999 997/997/997
f 999/999/999 998/998/998 1000/1000/1000
f 999/999/999 1000/1000/1000 1001/1001/1001
f 1000/1000/1000 998/998/998 1002/1002/1002
f 1000/1000/1000 1002/1002/1002 1003/1003/1003
f 1002/1002/1002 998/998/998 1004/1004/1004
f 1003/1003/1003 1002/1002/1002 1004/1004/1004
f 1005/1005/1005 1003/1003/1003 1004/1004/1004
f 1004/1004/1004 998/998/998 1006/1006/1006
f 1005/1005/1005 1004/1004/1004 1007/1007/1007
f 1004/1004/1004 1006/1006/1006 1007/1007/1007
f 1008/1008/1008 1005/1005/1005 1007/1007/1007
f 1007/1007/1007 1009/1009/1009 1008/1008/1008
f 1009/1009/1009 1007/1007/1007 1006/1006/1006
f 1009/1009/1009 1010/1010/1010 1008/1008/1008
f 1010/1010/1010 1009/1009/1009 1011/1011/1011
f 1012/1012/1012 1010/1010/1010 1011/1011/1011
f 1013/1013/1013 1012/1012/1012 1011/1011/1011
f 1014/1014/1014 1012/1012/1012 1013/1013/1013
f 1015/1015/1015 1014/1014/1014 1013/1013/1013
f 1016/1016/1016 1014/1014/1014 1015/1015/1015
f 1017/1017/1017 1016/1016/1016 1015/1015/1015
f 1018/1018/1018 1016/1016/1016 1017/1017/1017
f 1019/1019/1019 1018/1018/1018 1017/1017/1017
f 1020/1020/1020 1018/1018/1018 1019/1019/1019
f 1021/1021/1021 1020/1020/1020 1019/1019/1019
f 1022/1022/1022 1020/1020/1020 1021/1021/1021
f 1023/1023/1023 1020/1020/1020 1022/1022/1022
f 1024/1024/1024 1011/1011/1011 1009/1009/1009
f 1006/1006/1006 1024/1024/1024 1009/1009/1009
f 1006/1006/1006 1025/1025/1025 1024/1024/1024
f 1025/1025/1025 1011/1011/1011 1024/1024/1024
f 1006/1006/1006 1026/1026/1026 1025/1025/1025
f 1027/1027/1027 1026/1026/1026 1006/1006/1006
f 1028/1028/1028 1011/1011/1011 1025/1025/1025
f 1026/1026/1026 1029/1029/1029 1025/1025/1025
f 1030/1030/1030 1011/1011/1011 1028/1028/1028
f 1031/1031/1031 1011/1011/1011 1030/1030/1030
f 1031/1031/1031 1030/1030/1030 1032/1032/1032
f 1026/1026/1026 1033/1033/1033 1029/1029/1029
f 1031/1031/1031 1034/1034/1034 1011/1011/1011
f 1032/1032/1032 1035/1035/1035 1031/1031/1031
f 1035/1035/1035 1026/1026/1026 1027/1027/1027
f 1031/1031/1031 1035/1035/1035 1027/1027/1027
f 1026/1026/1026 1036/1036/1036 1033/1033/1033
f 1037/1037/1037 1033/1033/1033 1036/1036/1036
f 1031/1031/1031 1027/1027/1027 1038/1038/1038
f 1039/1039/1039 1034/1034/1034 1031/1031/1031
f 1031/1031/1031 1038/1038/1038 1039/1039/1039
f 1039/1039/1039 1040/1040/1040 1034/1034/1034
f 1039/1039/1039 1038/1038/1038 1041/1041/1041
f 1039/1039/1039 1041/1041/1041 1042/1042/1042
f 1042/1042/1042 1043/1043/1043 1039/1039/1039
f 1043/1043/1043 1040/1040/1040 1039/1039/1039
f 1043/1043/1043 1044/1044/1044 1040/1040/1040
f 1044/1044/1044 1045/1045/1045 1040/1040/1040
f 1038/1038/1038 1046/1046/1046 1041/1041/1041
f 1045/1045/1045 1047/1047/1047 1040/1040/1040
f 1047/1047/1047 1048/1048/1048 1040/1040/1040
f 1048/1048/1048 1049/1049/1049 1040/1040/1040
f 1038/1038/1038 1050/1050/1050 1046/1046/1046
f 1048/1048/1048 1047/1047/1047 1050/1050/1050
f 1051/1051/1051 1050/1050/1050 1047/1047/1047
f 1052/1052/1052 1050/1050/1050 1051/1051/1051
f 1050/1050/1050 1052/1052/1052 1046/1046/1046
f 1052/1052/1052 1053/1053/1053 1046/1046/1046
f 1053/1053/1053 1054/1054/1054 1046/1046/1046
f 1054/1054/1054 1053/1053/1053 1055/1055/1055
f 1056/1056/1056 1050/1050/1050 1038/1038/1038
f 1050/1050/1050 1056/1056/1056 1048/1048/1048
f 1057/1057/1057 1049/1049/1049 1048/1048/1048
f 1048/1048/1048 1056/1056/1056 1057/1057/1057
f 1058/1058/1058 1049/1049/1049 1057/1057/1057
f 1057/1057/1057 1056/1056/1056 1058/1058/1058
f 1058/1058/1058 1059/1059/1059 1049/1049/1049
f 1058/1058/1058 1060/1060/1060 1059/1059/1059
f 1058/1058/1058 1056/1056/1056 1061/1061/1061
f 1058/1058/1058 1062/1062/1062 1060/1060/1060
f 1058/1058/1058 1061/1061/1061 1063/1063/1063
f 1063/1063/1063 1062/1062/1062 1058/1058/1058
f 1063/1063/1063 1061/1061/1061 1064/1064/1064
f 1063/1063/1063 1065/1065/1065 1062/1062/1062
f 1064/1064/1064 1065/1065/1065 1063/1063/1063
f 1068/1068/1068 1067/1067/1067 1066/1066/1066
f 1066/1066/1066 1067/1067/1067 1069/1069/1069
f 1070/1070/1070 1066/1066/1066 1069/1069/1069
f 1069/1069/1069 1067/1067/1067 1071/1071/1071
f 1072/1072/1072 1066/1066/1066 1070/1070/1070
f 1072/1072/1072 1073/1073/1073 1066/1066/1066
f 1074/1074/1074 1073/1073/1073 1072/1072/1072
f 1074/1074/1074 1075/1075/1075 1073/1073/1073
f 1076/1076/1076 1075/1075/1075 1074/1074/1074
f 1076/1076/1076 1077/1077/1077 1075/1075/1075
f 1067/1067/1067 1078/1078/1078 1071/1071/1071
f 1067/1067/1067 1079/1079/1079 1078/1078/1078
f 1079/1079/1079 1080/1080/1080 1078/1078/1078
f 1078/1078/1078 1080/1080/1080 1081/1081/1081
f 1084/1084/1084 1083/1083/1083 1082/1082/1082
f 1082/1082/1082 1083/1083/1083 1085/1085/1085
f 1088/1088/1088 1087/1087/1087 1086/1086/1086
f 1089/1089/1089 1086/1086/1086 1087/1087/1087
f 1090/1090/1090 1089/1089/1089 1087/1087/1087
f 1091/1091/1091 1090/1090/1090 1087/1087/1087
f 1092/1092/1092 1091/1091/1091 1087/1087/1087
f 1093/1093/1093 1092/1092/1092 1087/1087/1087
f 1093/1093/1093 1087/1087/1087 1094/1094/1094
f 1095/1095/1095 1093/1093/1093 1094/1094/1094
f 1095/1095/1095 1094/1094/1094 1096/1096/1096
f 1095/1095/1095 1097/1097/1097 1093/1093/1093
f 1095/1095/1095 1098/1098/1098 1097/1097/1097
f 1098/1098/1098 1095/1095/1095 1099/1099/1099
f 1100/1100/1100 1099/1099/1099 1095/1095/1095
f 1101/1101/1101 1100/1100/1100 1095/1095/1095
f 1102/1102/1102 1095/1095/1095 1096/1096/1096
f 1103/1103/1103 1095/1095/1095 1102/1102/1102
f 1104/1104/1104 1103/1103/1103 1102/1102/1102
f 1105/1105/1105 1103/1103/1103 1104/1104/1104
f 1105/1105/1105 1106/1106/1106 1103/1103/1103
f 1106/1106/1106 1107/1107/1107 1103/1103/1103
f 1107/1107/1107 1108/1108/1108 1103/1103/1103
f 1106/1106/1106 1109/1109/1109 1107/1107/1107
f 1112/1112/1112 1111/1111/1111 1110/1110/1110
f 1112/1112/1112 1113/1113/1113 1111/1111/1111
f 1114/1114/1114 1113/1113/1113 1112/1112/1112
f 1117/1117/1117 1116/1116/1116 1115/1115/1115
f 1118/1118/1118 1116/1116/1116 1117/1117/1117
f 1121/1121/1121 1120/1120/1120 1119/1119/1119
f 1122/1122/1122 1119/1119/1119 1120/1120/1120
f 1123/1123/1123 1122/1122/1122 1120/1120/1120
f 1124/1124/1124 1123/1123/1123 1120/1120/1120
f 1125/1125/1125 1124/1124/1124 1120/1120/1120
f 1126/1126/1126 1125/1125/1125 1120/1120/1120
f 1126/1126/1126 1120/1120/1120 1127/1127/1127
f 1128/1128/1128 1126/1126/1126 1127/1127/1127
f 1128/1128/1128 1127/1127/1127 1129/1129/1129
f 1128/1128/1128 1130/1130/1130 1126/1126/1126
f 1128/1128/1128 1131/1131/1131 1130/1130/1130
f 1131/1131/1131 1128/1128/1128 1132/1132/1132
f 1133/1133/1133 1132/1132/1132 1128/1128/1128
f 1134/1134/1134 1133/1133/1133 1128/1128/1128
f 1135/1135/1135 1128/1128/1128 1129/1129/1129
f 1136/1136/1136 1128/1128/1128 1135/1135/1135
f 1137/1137/1137 1136/1136/1136 1135/1135/1135
f 1137/1137/1137 1135/1135/1135 1138/1138/1138
f 1139/1139/1139 1136/1136/1136 1137/1137/1137
f 1138/1138/1138 1135/1135/1135 1140/1140/1140
f 1138/1138/1138 1140/1140/1140 1141/1141/1141
f 1141/1141/1141 1140/1140/1140 1142/1142/1142
f 1142/1142/1142 1140/1140/1140 1143/1143/1143
f 1144/1144/1144 1136/1136/1136 1139/1139/1139
f 1144/1144/1144 1145/1145/1145 1136/1136/1136
f 1144/1144/1144 1146/1146/1146 1145/1145/1145
f 1144/1144/1144 1147/1147/1147 1146/1146/1146
f 1144/1144/1144 1148/1148/1148 1147/1147/1147
f 1151/1151/1151 1150/1150/1150 1149/1149/1149
f 1149/1149/1149 1150/1150/1150 1152/1152/1152
f 1150/1150/1150 1153/1153/1153 1152/1152/1152
f 1153/1153/1153 1154/1154/1154 1152/1152/1152
f 1152/1152/1152 1154/1154/1154 1155/1155/1155
f 1154/1154/1154 1156/1156/1156 1155/1155/1155
f 1155/1155/1155 1156/1156/1156 1157/1157/1157
f 1157/1157/1157 1156/1156/1156 1158/1158/1158
f 1154/1154/1154 1159/1159/1159 1156/1156/1156
f 1160/1160/1160 1159/1159/1159 1154/1154/1154
f 1161/1161/1161 1160/1160/1160 1154/1154/1154
f 1162/1162/1162 1160/1160/1160 1161/1161/1161
f 1163/1163/1163 1162/1162/1162 1161/1161/1161
f 1164/1164/1164 1162/1162/1162 1163/1163/1163
f 1165/1165/1165 1164/1164/1164 1163/1163/1163
f 1166/1166/1166 1164/1164/1164 1165/1165/1165
f 1167/1167/1167 1166/1166/1166 1165/1165/1165
f 1168/1168/1168 1166/1166/1166 1167/1167/1167
f 1169/1169/1169 1168/1168/1168 1167/1167/1167
f 1170/1170/1170 1168/1168/1168 1169/1169/1169
f 1171/1171/1171 1170/1170/1170 1169/1169/1169
f 1171/1171/1171 1172/1172/1172 1170/1170/1170
f 1173/1173/1173 1172/1172/1172 1171/1171/1171
f 1174/1174/1174 1172/1172/1172 1173/1173/1173
f 1175/1175/1175 1174/1174/1174 1173/1173/1173
f 1176/1176/1176 1174/1174/1174 1175/1175/1175
f 1177/1177/1177 1176/1176/1176 1175/1175/1175
f 1178/1178/1178 1176/1176/1176 1177/1177/1177
f 1179/1179/1179 1178/1178/1178 1177/1177/1177
f 1180/1180/1180 1178/1178/1178 1179/1179/1179
f 1181/1181/1181 1180/1180/1180 1179/1179/1179
f 1182/1182/1182 1180/1180/1180 1181/1181/1181
f 1181/1181/1181 1183/1183/1183 1182/1182/1182
f 1184/1184/1184 1183/1183/1183 1181/1181/1181
f 1185/1185/1185 1184/1184/1184 1181/1181/1181
f 1185/1185/1185 1181/1181/1181 1186/1186/1186
f 1186/1186/1186 1181/1181/1181 1187/1187/1187
f 1187/1187/1187 1181/1181/1181 1188/1188/1188
f 1189/1189/1189 1184/1184/1184 1185/1185/1185
f 1189/1189/1189 1190/1190/1190 1184/1184/1184
f 1191/1191/1191 1190/1190/1190 1189/1189/1189
f 1192/1192/1192 1190/1190/1190 1191/1191/1191
f 1193/1193/1193 1190/1190/1190 1192/1192/1192
f 1190/1190/1190 1193/1193/1193 1194/1194/1194
f 1190/1190/1190 1194/1194/1194 1195/1195/1195
f 1198/1198/1198 1197/1197/1197 1196/1196/1196
f 1197/1197/1197 1199/1199/1199 1196/1196/1196
f 1199/1199/1199 1200/1200/1200 1196/1196/1196
f 1196/1196/1196 1200/1200/1200 1201/1201/1201
f 1201/1201/1201 1200/1200/1200 1202/1202/1202
f 1200/1200/1200 1203/1203/1203 1202/1202/1202
f 1202/1202/1202 1203/1203/1203 1204/1204/1204
f 1204/1204/1204 1203/1203/1203 1205/1205/1205
f 1208/1208/1208 1207/1207/1207 1206/1206/1206
f 1208/1208/1208 1206/1206/1206 1209/1209/1209
f 1206/1206/1206 1210/1210/1210 1209/1209/1209
f 1210/1210/1210 1211/1211/1211 1209/1209/1209
f 1213/1213/1213 1212/1212/1212 1158/1158/1158
f 1213/1213/1213 1158/1158/1158 1214/1214/1214
f 1214/1214/1214 1215/1215/1215 1213/1213/1213
f 1215/1215/1215 1214/1214/1214 1216/1216/1216
f 1217/1217/1217 1213/1213/1213 1215/1215/1215
f 1217/1217/1217 1215/1215/1215 1218/1218/1218
f 1218/1218/1218 1215/1215/1215 1219/1219/1219
f 1219/1219/1219 1215/1215/1215 1220/1220/1220
f 1215/1215/1215 1216/1216/1216 1220/1220/1220
f 1221/1221/1221 1219/1219/1219 1220/1220/1220
f 1222/1222/1222 1221/1221/1221 1220/1220/1220
f 1216/1216/1216 1214/1214/1214 1223/1223/1223
f 1224/1224/1224 1216/1216/1216 1223/1223/1223
f 1216/1216/1216 1224/1224/1224 1225/1225/1225
f 1214/1214/1214 1158/1158/1158 838/838/838
f 1216/1216/1216 1225/1225/1225 1226/1226/1226
f 1158/1158/1158 1227/1227/1227 838/838/838
f 1227/1227/1227 839/839/839 838/838/838
f 839/839/839 1227/1227/1227 1228/1228/1228
f 1156/1156/1156 1227/1227/1227 1158/1158/1158
f 1229/1229/1229 1228/1228/1228 1227/1227/1227
f 1230/1230/1230 1229/1229/1229 1227/1227/1227
f 1230/1230/1230 1231/1231/1231 1229/1229/1229
f 1229/1229/1229 1231/1231/1231 1232/1232/1232
f 1231/1231/1231 1233/1233/1233 1232/1232/1232
f 1232/1232/1232 1233/1233/1233 1234/1234/1234
f 1233/1233/1233 1235/1235/1235 1234/1234/1234
f 1234/1234/1234 1235/1235/1235 1236/1236/1236
f 1235/1235/1235 1237/1237/1237 1236/1236/1236
f 1236/1236/1236 1237/1237/1237 1238/1238/1238
f 1238/1238/1238 1237/1237/1237 1239/1239/1239
f 1237/1237/1237 1240/1240/1240 1239/1239/1239
f 1241/1241/1241 1239/1239/1239 1240/1240/1240
f 1242/1242/1242 1239/1239/1239 1241/1241/1241
f 1243/1243/1243 1239/1239/1239 1242/1242/1242
f 1156/1156/1156 1243/1243/1243 1242/1242/1242
f 1159/1159/1159 1243/1243/1243 1156/1156/1156
f 1246/1246/1246 1245/1245/1245 1244/1244/1244
f 1226/1226/1226 1246/1246/1246 1244/1244/1244
f 1216/1216/1216 1226/1226/1226 1244/1244/1244
f 1220/1220/1220 1216/1216/1216 1244/1244/1244
f 1220/1220/1220 1244/1244/1244 1247/1247/1247
f 1220/1220/1220 1247/1247/1247 1248/1248/1248
f 1249/1249/1249 1220/1220/1220 1248/1248/1248
f 1250/1250/1250 1220/1220/1220 1249/1249/1249
f 1253/1253/1253 1252/1252/1252 1251/1251/1251
f 1253/1253/1253 1251/1251/1251 1254/1254/1254
f 1253/1253/1253 1254/1254/1254 1255/1255/1255
f 1256/1256/1256 1253/1253/1253 1255/1255/1255
f 1257/1257/1257 1253/1253/1253 1256/1256/1256
f 1257/1257/1257 1258/1258/1258 1253/1253/1253
f 1259/1259/1259 1257/1257/1257 1256/1256/1256
f 1257/1257/1257 1260/1260/1260 1258/1258/1258
f 1259/1259/1259 1256/1256/1256 1261/1261/1261
f 1260/1260/1260 1262/1262/1262 1258/1258/1258
f 1262/1262/1262 1263/1263/1263 1258/1258/1258
f 1262/1262/1262 1264/1264/1264 1263/1263/1263
f 1265/1265/1265 1259/1259/1259 1261/1261/1261
f 1265/1265/1265 1261/1261/1261 1266/1266/1266
f 1267/1267/1267 1265/1265/1265 1266/1266/1266
f 1267/1267/1267 1266/1266/1266 1268/1268/1268
f 1268/1268/1268 1266/1266/1266 1269/1269/1269
f 1270/1270/1270 1267/1267/1267 1268/1268/1268
f 1270/1270/1270 1271/1271/1271 1267/1267/1267
f 1270/1270/1270 1268/1268/1268 1272/1272/1272
f 1270/1270/1270 1272/1272/1272 1273/1273/1273
f 1276/1276/1276 1275/1275/1275 1274/1274/1274
f 1277/1277/1277 1275/1275/1275 1276/1276/1276
f 1278/1278/1278 1275/1275/1275 1277/1277/1277
f 1279/1279/1279 1275/1275/1275 1278/1278/1278
f 1280/1280/1280 1275/1275/1275 1279/1279/1279
f 1281/1281/1281 1280/1280/1280 1279/1279/1279
f 1282/1282/1282 1280/1280/1280 1281/1281/1281
f 1280/1280/1280 1283/1283/1283 1275/1275/1275
f 1284/1284/1284 1283/1283/1283 1280/1280/1280
f 1284/1284/1284 1285/1285/1285 1283/1283/1283
f 1286/1286/1286 1285/1285/1285 1284/1284/1284
f 1286/1286/1286 1287/1287/1287 1285/1285/1285
f 1288/1288/1288 1287/1287/1287 1286/1286/1286
f 1289/1289/1289 1282/1282/1282 1281/1281/1281
f 1289/1289/1289 1281/1281/1281 1290/1290/1290
f 1291/1291/1291 1282/1282/1282 1289/1289/1289
f 1290/1290/1290 1281/1281/1281 1292/1292/1292
f 1291/1291/1291 1293/1293/1293 1282/1282/1282
f 1291/1291/1291 1294/1294/1294 1293/1293/1293
f 1291/1291/1291 1295/1295/1295 1294/1294/1294
f 1291/1291/1291 1296/1296/1296 1295/1295/1295
f 1292/1292/1292 1281/1281/1281 1297/1297/1297
f 1297/1297/1297 1281/1281/1281 1298/1298/1298
f 1298/1298/1298 1281/1281/1281 1299/1299/1299
f 1299/1299/1299 1281/1281/1281 1300/1300/1300
f 1288/1288/1288 1301/1301/1301 1287/1287/1287
f 1301/1301/1301 1302/1302/1302 1287/1287/1287
f 1288/1288/1288 1303/1303/1303 1301/1301/1301
f 1288/1288/1288 1304/1304/1304 1303/1303/1303
f 1305/1305/1305 1304/1304/1304 1288/1288/1288
f 1306/1306/1306 1305/1305/1305 1288/1288/1288
f 1302/1302/1302 1307/1307/1307 1287/1287/1287
f 1307/1307/1307 1308/1308/1308 1287/1287/1287
f 1308/1308/1308 1309/1309/1309 1287/1287/1287
f 1309/1309/1309 1310/1310/1310 1287/1287/1287
f 1313/1313/1313 1312/1312/1312 1311/1311/1311
f 1314/1314/1314 1313/1313/1313 1311/1311/1311
f 1317/1317/1317 1316/1316/1316 1315/1315/1315
f 1318/1318/1318 1315/1315/1315 1316/1316/1316
f 1319/1319/1319 1318/1318/1318 1316/1316/1316
f 1322/1322/1322 1321/1321/1321 1320/1320/1320
f 1320/1320/1320 1321/1321/1321 1323/1323/1323
f 1321/1321/1321 1324/1324/1324 1323/1323/1323
f 1323/1323/1323 1324/1324/1324 1325/1325/1325
f 1328/1328/1328 1327/1327/1327 1326/1326/1326
f 1328/1328/1328 1329/1329/1329 1327/1327/1327
f 1328/1328/1328 1330/1330/1330 1329/1329/1329
f 1329/1329/1329 1330/1330/1330 1331/1331/1331
f 1330/1330/1330 1332/1332/1332 1331/1331/1331
f 1331/1331/1331 1332/1332/1332 1333/1333/1333
f 1332/1332/1332 1334/1334/1334 1333/1333/1333
f 1333/1333/1333 1334/1334/1334 1335/1335/1335
f 1334/1334/1334 1336/1336/1336 1335/1335/1335
f 1335/1335/1335 1336/1336/1336 1337/1337/1337
f 1336/1336/1336 1338/1338/1338 1337/1337/1337
f 1337/1337/1337 1338/1338/1338 1339/1339/1339
f 1340/1340/1340 1339/1339/1339 1338/1338/1338
f 1340/1340/1340 1338/1338/1338 1341/1341/1341
f 1341/1341/1341 1338/1338/1338 1342/1342/1342
f 1338/1338/1338 1343/1343/1343 1342/1342/1342
f 1342/1342/1342 1343/1343/1343 1344/1344/1344
f 1347/1347/1347 1346/1346/1346 1345/1345/1345
f 1346/1346/1346 1348/1348/1348 1345/1345/1345
f 1351/1351/1351 1350/1350/1350 1349/1349/1349
f 1352/1352/1352 1351/1351/1351 1349/1349/1349
f 1353/1353/1353 1352/1352/1352 1349/1349/1349
f 1356/1356/1356 1355/1355/1355 1354/1354/1354
f 1357/1357/1357 1356/1356/1356 1354/1354/1354
f 1358/1358/1358 1357/1357/1357 1354/1354/1354
f 1358/1358/1358 1354/1354/1354 1359/1359/1359
f 1362/1362/1362 1361/1361/1361 1360/1360/1360
f 1363/1363/1363 1362/1362/1362 1360/1360/1360
f 1366/1366/1366 1365/1365/1365 1364/1364/1364
f 1366/1366/1366 1367/1367/1367 1365/1365/1365
f 1366/1366/1366 1368/1368/1368 1367/1367/1367
f 1369/1369/1369 1368/1368/1368 1366/1366/1366
f 1369/1369/1369 1370/1370/1370 1368/1368/1368
f 1369/1369/1369 1366/1366/1366 1371/1371/1371
f 1372/1372/1372 1370/1370/1370 1369/1369/1369
f 1371/1371/1371 1366/1366/1366 1373/1373/1373
f 1373/1373/1373 1366/1366/1366 1374/1374/1374
f 1374/1374/1374 1366/1366/1366 1375/1375/1375
f 1375/1375/1375 1366/1366/1366 1376/1376/1376
f 1372/1372/1372 1377/1377/1377 1370/1370/1370
f 1372/1372/1372 1378/1378/1378 1377/1377/1377
f 1379/1379/1379 1378/1378/1378 1372/1372/1372
f 1378/1378/1378 1380/1380/1380 1377/1377/1377
f 1378/1378/1378 1381/1381/1381 1380/1380/1380
f 1378/1378/1378 1382/1382/1382 1381/1381/1381
f 1378/1378/1378 1383/1383/1383 1382/1382/1382
f 1378/1378/1378 1384/1384/1384 1383/1383/1383
f 1378/1378/1378 1385/1385/1385 1384/1384/1384
f 1388/1388/1388 1387/1387/1387 1386/1386/1386
f 1388/1388/1388 1386/1386/1386 1389/1389/1389
f 1392/1392/1392 1391/1391/1391 1390/1390/1390
f 1392/1392/1392 1393/1393/1393 1391/1391/1391
f 1392/1392/1392 1394/1394/1394 1393/1393/1393
f 1397/1397/1397 1396/1396/1396 1395/1395/1395
f 1398/1398/1398 1397/1397/1397 1395/1395/1395
f 1399/1399/1399 1398/1398/1398 1395/1395/1395
f 1401/1401/1401 1400/1400/1400 677/677/677
f 1401/1401/1401 677/677/677 679/679/679
f 679/679/679 1402/1402/1402 1401/1401/1401
f 1402/1402/1402 679/679/679 1403/1403/1403
f 1404/1404/1404 1401/1401/1401 1402/1402/1402
f 1405/1405/1405 1403/1403/1403 679/679/679
f 1404/1404/1404 1402/1402/1402 1406/1406/1406
f 1407/1407/1407 1403/1403/1403 1405/1405/1405
f 1403/1403/1403 1407/1407/1407 1408/1408/1408
f 1406/1406/1406 1402/1402/1402 1409/1409/1409
f 1403/1403/1403 1408/1408/1408 1410/1410/1410
f 1403/1403/1403 1410/1410/1410 1411/1411/1411
f 1410/1410/1410 1412/1412/1412 1411/1411/1411
f 1412/1412/1412 1413/1413/1413 1411/1411/1411
f 1409/1409/1409 1402/1402/1402 1414/1414/1414
f 1402/1402/1402 1403/1403/1403 1414/1414/1414
f 1414/1414/1414 1403/1403/1403 1411/1411/1411
f 1415/1415/1415 1409/1409/1409 1414/1414/1414
f 1416/1416/1416 1415/1415/1415 1414/1414/1414
f 1417/1417/1417 1414/1414/1414 1411/1411/1411
f 1417/1417/1417 1411/1411/1411 1418/1418/1418
f 1418/1418/1418 1411/1411/1411 1419/1419/1419
f 1411/1411/1411 1420/1420/1420 1419/1419/1419
f 1423/1423/1423 1422/1422/1422 1421/1421/1421
f 1424/1424/1424 1422/1422/1422 1423/1423/1423
f 1424/1424/1424 1425/1425/1425 1422/1422/1422
f 1426/1426/1426 1425/1425/1425 1424/1424/1424
f 1426/1426/1426 1427/1427/1427 1425/1425/1425
f 1428/1428/1428 1427/1427/1427 1426/1426/1426
f 1429/1429/1429 1427/1427/1427 1428/1428/1428
f 1430/1430/1430 1427/1427/1427 1429/1429/1429
f 1430/1430/1430 1429/1429/1429 1431/1431/1431
f 1432/1432/1432 1430/1430/1430 1431/1431/1431
f 1431/1431/1431 1429/1429/1429 1433/1433/1433
f 1431/1431/1431 1433/1433/1433 1434/1434/1434
f 1434/1434/1434 1433/1433/1433 1435/1435/1435
f 1434/1434/1434 1435/1435/1435 1436/1436/1436
f 1434/1434/1434 1436/1436/1436 1437/1437/1437
f 1434/1434/1434 1437/1437/1437 1438/1438/1438
f 1434/1434/1434 1438/1438/1438 1439/1439/1439
f 1442/1442/1442 1441/1441/1441 1440/1440/1440
f 1443/1443/1443 1442/1442/1442 1440/1440/1440
