g Head_parts01
v 0.0482719988 0.0539646298 0.136000007
v 0.0450624898 0.0611994378 0.136000007
v 0.0488571301 0.0582149476 0.136000007
v 0.0376575477 0.057528019 0.136000007
v 0.0410860293 0.0639369935 0.136000007
v 0.0374606699 0.0619851276 0.136000007
v 0.0369437784 0.0664165393 0.136000007
v 0.0406022668 0.0507587977 0.136000007
v 0.0375333987 0.0530682877 0.136000007
v 0.0474199913 0.0497596674 0.136000007
v 0.0435293801 0.0482720695 0.136000007
v 0.0463044979 0.0456168056 0.136000007
v 0.0288579799 0.0383564383 0.138999999
v 0.0252563991 0.0372439772 0.135999992
v 0.0220291894 0.0426463895 0.138999999
v 0.0199951008 0.0403137207 0.135999992
v 0.0143674295 0.0426447801 0.135999992
v 0.0145785697 0.0457325503 0.138999999
v 0.00847650971 0.0441944487 0.135999992
v 0.00671643019 0.0475277901 0.138999999
v 0.0140013499 0.0710592717 0.136000007
v 0.0120000001 0.0750466436 0.136000007
v 0.0167404991 0.0741333589 0.136000007
v 0.0157107785 0.066938296 0.136000007
v 0.0214134492 0.0729209408 0.136000007
v 0.026903851 0.0672201589 0.136000007
v 0.0259999987 0.071414277 0.136000007
v 0.0207931306 0.0615844578 0.136000007
v 0.0171194393 0.0627050549 0.136000007
v 0.0275414102 0.0629773885 0.136000007
v 0.0243942179 0.0602488406 0.136000007
v 0.0279101301 0.0587028489 0.136000007
v 0.0188612398 0.107355736 0.121999919
v 0.0125755891 0.0931550041 0.142999992
v 0.000194179986 0.108999819 0.121999919
v 0.0274333581 0.0899077877 0.142999992
v 0.0369708277 0.102538563 0.121999919
v 0.0415729992 0.0843070894 0.142999992
v 0.0539876781 0.0946907103 0.121999919
v 0.0546244085 0.0764994994 0.142999992
v 0.0125755891 0.0931550041 0.134171575
v 0.000194179986 0.108999819 0.121999919
v 0.0125755891 0.0931550041 0.142999992
v 0.00497655012 0.102879703 0.121571526
v 0.000194179986 0.108999833 0.109999985
v 0.00497655012 0.102879703 0.103999995
v -0.000773200009 0.0939968154 0.134171575
v 0.0125755891 0.0931550041 0.134171575
v 0.0125755891 0.0931550041 0.142999992
v -0.000773200009 0.0939968154 0.142999992
v -0.0119808493 0.108339556 0.121999919
v -0.000773200009 0.0939968154 0.142999992
v -0.0159211885 0.0926418677 0.142999992
v -0.0303606298 0.10468635 0.121999919
v -0.0306524206 0.0888618529 0.142999992
v -0.0478430502 0.0979389772 0.121999919
v -0.044581268 0.0827557296 0.142999992
v -0.0639113858 0.088296853 0.121999919
v -0.0119808493 0.108339556 0.121999919
v -0.000773200009 0.0939968154 0.134171575
v -0.000773200009 0.0939968154 0.142999992
v -0.00758963963 0.102719992 0.121571526
v -0.0119808493 0.108339548 0.109999999
v -0.00758964987 0.102719992 0.103999957
v -0.0303606298 0.10468635 0.121999919
v -0.0119808493 0.108339548 0.109999999
v -0.0119808493 0.108339556 0.121999919
v -0.0303606298 0.104686342 0.109999999
v -0.0478430502 0.0979389772 0.121999919
v -0.0478430502 0.0979389623 0.109999999
v -0.0639113858 0.088296853 0.121999919
v -0.0639114007 0.0882968381 0.109999977
v -0.000773200009 0.0939968154 0.134171575
v -0.00758963963 0.102719992 0.121571526
v 0.00497655012 0.102879703 0.121571526
v 0.0125755891 0.0931550041 0.134171575
v -0.00758963963 0.102719992 0.121571526
v -0.00758964987 0.102719992 0.103999957
v 0.00497655012 0.102879703 0.103999995
v 0.00497655012 0.102879703 0.121571526
v -0.0303606298 0.104686342 0.109999999
v -0.00758964987 0.102719992 0.103999957
v -0.0119808493 0.108339548 0.109999999
v -0.0345440283 0.0949089527 0.101999998
v -0.0478430502 0.0979389623 0.109999999
v -0 0.101000004 0.101999998
v 0.00497655012 0.102879703 0.103999995
v 0.0305594802 0.0962658674 0.101999998
v -0.0564450882 0.0861565545 0.10399992
v -0.0639114007 0.0882968381 0.109999977
v -0.0649215505 0.0773704872 0.101999998
v -0.066517435 0.0786411539 0.103999995
v -0.0860953629 0.0668475106 0.109999999
v -0.0733731091 0.0806063712 0.109999999
v -0.0874685645 0.0505000018 0.101999998
v -0.0962729231 0.0511128493 0.109999999
v -0.0963065922 0.0365245305 0.10399992
v -0.103604995 0.0338674672 0.109999977
v -0.0994655788 0.0175384693 0.101999998
v -0.10003785 0.0245240498 0.103999995
v -0.106739327 0.0220842995 0.109999999
v -0.107993312 0.0147798294 0.109999999
v -0.108748034 0.00740703987 0.109999999
v -0.109000005 0 0.109999999
v -0.0994655788 -0.0175384693 0.101999998
v -0.108409628 -0.0113292299 0.109999999
v -0.106644921 -0.0225357283 0.109999999
v -0.0993822441 -0.0270586293 0.10399992
v -0.103725001 -0.0334981196 0.109999977
v -0.0953471959 -0.0389603972 0.103999995
v -0.0874685645 -0.0505000018 0.101999998
v -0.0993347466 -0.0448732264 0.109999999
v -0.0901806802 -0.0612245388 0.109999999
v -0.0783611834 -0.0757662505 0.109999999
v -0.0649215505 -0.0773704872 0.101999998
v -0.0644972622 -0.0803063065 0.10399992
v -0.0642255843 -0.0880685672 0.109999977
v -0.0542371608 -0.0875632912 0.103999995
v -0.0345440283 -0.0949089527 0.101999998
v -0.0539876781 -0.0946907103 0.109999999
v -0.0369708277 -0.102538563 0.109999999
v -0.0188612398 -0.107355736 0.109999999
v -0.00497651985 -0.102879703 0.10399992
v -0.000194179986 -0.108999819 0.109999977
v -0 -0.101000004 0.101999998
v 0.00758963963 -0.102719992 0.103999995
v 0.00546935014 -0.100851804 0.101999998
v 0.0263180993 -0.0975108147 0.101999998
v 0.0119808493 -0.108339556 0.109999999
v 0.0303606298 -0.10468635 0.109999999
v 0.0460166223 -0.089908123 0.101999998
v 0.0478430502 -0.0979389772 0.109999999
v 0.0564450882 -0.0861565545 0.10399992
v 0.0639114007 -0.088296853 0.109999977
v 0.0637039989 -0.0783760175 0.101999998
v 0.066517435 -0.0786411539 0.103999995
v 0.0844321921 -0.0554274693 0.101999998
v 0.0860953629 -0.0668475106 0.109999999
v 0.0733730942 -0.0806063712 0.109999999
v 0.0962729231 -0.0511128493 0.109999999
v 0.0963065922 -0.0365245305 0.10399992
v 0.103604995 -0.0338674784 0.109999977
v 0.0972452834 -0.0272828694 0.101999998
v 0.10003785 -0.0245240498 0.103999995
v 0.100942105 0.00341935991 0.101999998
v 0.107993312 -0.0147798294 0.109999999
v 0.106739327 -0.0220842995 0.109999999
v 0.108748034 -0.00740703987 0.109999999
v 0.108999997 0 0.109999999
v 0.108409628 0.0113292299 0.109999999
v 0.0993822441 0.0270586293 0.10399992
v 0.106644921 0.0225357283 0.109999999
v 0.103725001 0.0334981196 0.109999977
v 0.0951760933 0.033801049 0.101999998
v 0.0953471959 0.0389603972 0.103999995
v 0.0804877803 0.0610140599 0.101999998
v 0.0901806802 0.0612245388 0.109999999
v 0.0993347466 0.0448732264 0.109999999
v 0.0783611834 0.0757662505 0.109999999
v 0.0644972622 0.0803063065 0.10399992
v 0.0642255843 0.0880685672 0.109999977
v 0.05825416 0.0825072825 0.101999998
v 0.0542371608 0.0875632912 0.103999995
v 0.0369708277 0.102538563 0.109999999
v 0.0539876781 0.0946907103 0.109999999
v 0.0188612398 0.107355736 0.109999999
v 0.000194179986 0.108999833 0.109999985
v -0.0564450882 0.0861565545 0.10399992
v -0.0639114007 0.0882968381 0.109999977
v -0.0564450584 0.0861565769 0.121571526
v -0.0639113858 0.088296853 0.121999919
v -0.044581268 0.0827557296 0.134171575
v -0.044581268 0.0827557296 0.142999992
v -0.066517435 0.0786411539 0.103999995
v -0.0564450882 0.0861565545 0.10399992
v -0.0564450584 0.0861565769 0.121571526
v -0.066517435 0.0786411539 0.121571526
v -0.0733731091 0.0806063712 0.109999999
v -0.066517435 0.0786411539 0.103999995
v -0.066517435 0.0786411539 0.121571526
v -0.0733731091 0.0806063712 0.121999919
v -0.0558754764 0.0755905434 0.134171575
v -0.0558754764 0.0755905434 0.142999992
v -0.044581268 0.0827557296 0.142999992
v -0.044581268 0.0827557296 0.134171575
v -0.0963065922 0.0365245305 0.10399992
v -0.103604995 0.0338674672 0.109999977
v -0.0963065699 0.0365245603 0.121571526
v -0.10360498 0.0338674784 0.121999919
v -0.0847095922 0.0407465771 0.134171575
v -0.0847095922 0.0407465771 0.142999992
v -0.0963065699 0.0365245603 0.121571526
v -0.10003785 0.0245240498 0.121571526
v -0.10003785 0.0245240498 0.103999995
v -0.0963065922 0.0365245305 0.10399992
v -0.0896352157 0.0283112489 0.134171575
v -0.10003785 0.0245240498 0.121571526
v -0.0963065699 0.0365245603 0.121571526
v -0.0847095922 0.0407465771 0.134171575
v -0.106739327 0.0220842995 0.121999919
v -0.0896352157 0.0283112489 0.134171575
v -0.0896352157 0.0283112489 0.142999992
v -0.10003785 0.0245240498 0.121571526
v -0.106739327 0.0220842995 0.109999999
v -0.10003785 0.0245240498 0.103999995
v -0.106739327 0.0220842995 0.121999919
v -0.0896352157 0.0283112489 0.142999992
v -0.0920516625 0.0190392006 0.142999992
v -0.107993312 0.0147798089 0.121999919
v -0.0935116485 0.00956930965 0.142999992
v -0.108748034 0.00740699982 0.121999919
v -0.0939999968 0 0.142999992
v -0.108999997 -4.9999997E-08 0.121999919
v -0.0938308984 -0.00563579984 0.142999992
v -0.108409628 -0.0113292597 0.121999919
v -0.0933241993 -0.0112513304 0.142999992
v -0.0924817473 -0.01682638 0.142999992
v -0.106644921 -0.0225357506 0.121999919
v -0.103725001 -0.0334981196 0.121999919
v -0.106739327 0.0220842995 0.121999919
v -0.107993312 0.0147798294 0.109999999
v -0.106739327 0.0220842995 0.109999999
v -0.107993312 0.0147798089 0.121999919
v -0.108748034 0.00740703987 0.109999999
v -0.108748034 0.00740699982 0.121999919
v -0.109000005 0 0.109999999
v -0.108999997 -4.9999997E-08 0.121999919
v -0.108409628 -0.0113292299 0.109999999
v -0.108409628 -0.0113292597 0.121999919
v -0.106644921 -0.0225357283 0.109999999
v -0.106644921 -0.0225357506 0.121999919
v -0.103725001 -0.0334981196 0.109999977
v -0.103725001 -0.0334981196 0.121999919
v -0.000194189997 -0.108999819 0.121999919
v -0.000194179986 -0.108999819 0.109999977
v -0.0188612398 -0.107355736 0.109999999
v -0.0188612491 -0.107355736 0.121999919
v -0.0369708277 -0.102538563 0.109999999
v -0.0369708277 -0.102538563 0.121999919
v -0.0539876781 -0.0946907103 0.109999999
v -0.0539876781 -0.0946907103 0.121999919
v -0.00497651985 -0.102879703 0.10399992
v -0.000194179986 -0.108999819 0.109999977
v -0.00497655012 -0.102879703 0.121571526
v -0.000194189997 -0.108999819 0.121999919
v -0.0125755891 -0.0931550041 0.134171575
v -0.0125755891 -0.0931550041 0.142999992
v 0.00758963963 -0.102719992 0.103999995
v -0.00497655012 -0.102879703 0.121571526
v 0.00758963963 -0.102719992 0.121571526
v -0.00497651985 -0.102879703 0.10399992
v 0.0119808493 -0.108339556 0.121999919
v 0.000773200009 -0.0939968154 0.134171575
v 0.000773200009 -0.0939968154 0.142999992
v 0.00758963963 -0.102719992 0.121571526
v 0.0119808493 -0.108339556 0.109999999
v 0.00758963963 -0.102719992 0.103999995
v 0.0119808493 -0.108339556 0.121999919
v 0.000773200009 -0.0939968154 0.142999992
v 0.0159211885 -0.0926418677 0.142999992
v 0.0303606298 -0.10468635 0.121999919
v 0.0306524206 -0.0888618529 0.142999992
v 0.0478430502 -0.0979389772 0.121999919
v 0.044581268 -0.0827557296 0.142999992
v 0.0639113858 -0.088296853 0.121999919
v -0.0125755891 -0.0931550041 0.142999992
v 0.000773200009 -0.0939968154 0.142999992
v 0.000773200009 -0.0939968154 0.134171575
v -0.0125755891 -0.0931550041 0.134171575
v -0.00497655012 -0.102879703 0.121571526
v 0.000773200009 -0.0939968154 0.134171575
v 0.00758963963 -0.102719992 0.121571526
v -0.0125755891 -0.0931550041 0.134171575
v -0.0188612491 -0.107355736 0.121999919
v -0.0125755891 -0.0931550041 0.142999992
v -0.000194189997 -0.108999819 0.121999919
v -0.0274333581 -0.0899077877 0.142999992
v -0.0369708277 -0.102538563 0.121999919
v -0.0415729992 -0.0843070894 0.142999992
v -0.0539876781 -0.0946907103 0.121999919
v -0.0546244085 -0.0764994994 0.142999992
v -0.0539876781 -0.0946907103 0.121999919
v -0.0546244085 -0.0764995068 0.134171575
v -0.0546244085 -0.0764994994 0.142999992
v -0.0542371608 -0.0875632912 0.121571526
v -0.0539876781 -0.0946907103 0.109999999
v -0.0542371608 -0.0875632912 0.103999995
v -0.064929001 -0.0679722279 0.134171575
v -0.064929001 -0.0679722279 0.142999992
v -0.0546244085 -0.0764994994 0.142999992
v -0.0546244085 -0.0764995068 0.134171575
v -0.0644972622 -0.0803063065 0.10399992
v -0.0642255843 -0.0880685672 0.109999977
v -0.0644972846 -0.0803062916 0.121571526
v -0.0642255843 -0.0880685672 0.121999919
v -0.064929001 -0.0679722279 0.134171575
v -0.064929001 -0.0679722279 0.142999992
v -0.0558754764 0.0755905434 0.134171575
v -0.0564450584 0.0861565769 0.121571526
v -0.044581268 0.0827557296 0.134171575
v -0.066517435 0.0786411539 0.121571526
v -0.0896352157 0.0283112489 0.134171575
v -0.0847095922 0.0407465771 0.142999992
v -0.0896352157 0.0283112489 0.142999992
v -0.0847095922 0.0407465771 0.134171575
v -0.0924817473 -0.01682638 0.134171575
v -0.0891573504 -0.0297819804 0.142999992
v -0.0891573504 -0.0297819804 0.134171575
v -0.0924817473 -0.01682638 0.142999992
v -0.0542371608 -0.0875632912 0.103999995
v -0.0644972622 -0.0803063065 0.10399992
v -0.0644972846 -0.0803062916 0.121571526
v -0.0542371608 -0.0875632912 0.121571526
v -0.0546244085 -0.0764995068 0.134171575
v -0.0644972846 -0.0803062916 0.121571526
v -0.064929001 -0.0679722279 0.134171575
v -0.0542371608 -0.0875632912 0.121571526
v -0.00419490971 0.0438961871 0.138999999
v -0.00847650971 0.0441944487 0.135999978
v -0.00671643019 0.0475277901 0.138999999
v -0.00624398002 0.0416889377 0.136000007
v -0.00330828014 0.0400630906 0.136000007
v -0 0.0425000004 0.138999999
v -0 0.0394999981 0.136000007
v 0.00330826989 0.0400630906 0.136000007
v 0.00419490971 0.0438961796 0.138999999
v 0.00624398002 0.0416889377 0.136000007
v 0.00847650971 0.0441944487 0.135999992
v 0.00671643019 0.0475277901 0.138999999
v -0.0783611909 -0.0757662505 0.121999919
v -0.064929001 -0.0679722279 0.142999992
v -0.0642255843 -0.0880685672 0.121999919
v -0.0750405267 -0.0566120073 0.142999992
v -0.0901806802 -0.0612245388 0.121999919
v -0.0831877291 -0.04376987 0.142999992
v -0.0993347466 -0.0448732264 0.121999919
v -0.0891573504 -0.0297819804 0.142999992
v -0.0642255843 -0.0880685672 0.121999919
v -0.0642255843 -0.0880685672 0.109999977
v -0.0783611834 -0.0757662505 0.109999999
v -0.0783611909 -0.0757662505 0.121999919
v -0.0901806802 -0.0612245388 0.109999999
v -0.0901806802 -0.0612245388 0.121999919
v -0.0993347466 -0.0448732264 0.109999999
v -0.0993347466 -0.0448732264 0.121999919
v -0.0993347466 -0.0448732264 0.109999999
v -0.0953471959 -0.0389603972 0.103999995
v -0.0953471959 -0.0389603972 0.121571526
v -0.0993347466 -0.0448732264 0.121999919
v -0.0891573504 -0.0297819804 0.134171575
v -0.0891573504 -0.0297819804 0.142999992
v -0.099382259 -0.0270585977 0.121571526
v -0.0953471959 -0.0389603972 0.121571526
v -0.0953471959 -0.0389603972 0.103999995
v -0.0993822441 -0.0270586293 0.10399992
v 0.0564450584 -0.0861565769 0.121571526
v 0.066517435 -0.0786411539 0.103999995
v 0.0564450882 -0.0861565545 0.10399992
v 0.066517435 -0.0786411539 0.121571526
v 0.0372439772 0.0252563991 0.136000007
v 0.0340055302 0.0280730389 0.138999999
v 0.0383564308 0.0288579799 0.138999999
v 0.0338936895 0.0250633694 0.136000007
v 0.0306681786 0.025989579 0.136000007
v 0.0300520286 0.0300520398 0.138999999
v 0.0279307198 0.0279307198 0.136000007
v 0.025989579 0.0306681786 0.136000007
v 0.0280730389 0.0340055302 0.138999999
v 0.0250633694 0.0338936895 0.136000007
v 0.0252563991 0.0372439772 0.135999992
v 0.0288579799 0.0383564383 0.138999999
v 0.0924817473 0.01682638 0.134171575
v 0.0891573504 0.0297819804 0.142999992
v 0.0891573504 0.0297819804 0.134171575
v 0.0924817473 0.01682638 0.142999992
v -0.0993822441 -0.0270586293 0.10399992
v -0.103725001 -0.0334981196 0.109999977
v -0.099382259 -0.0270585977 0.121571526
v -0.103725001 -0.0334981196 0.121999919
v -0.0924817473 -0.01682638 0.134171575
v -0.0924817473 -0.01682638 0.142999992
v -0.0891573504 -0.0297819804 0.134171575
v -0.0953471959 -0.0389603972 0.121571526
v -0.099382259 -0.0270585977 0.121571526
v -0.0924817473 -0.01682638 0.134171575
v 0.0896352157 -0.0283112489 0.134171575
v 0.0963065699 -0.0365245603 0.121571526
v 0.0847095922 -0.0407465771 0.134171575
v 0.10003785 -0.0245240498 0.121571526
v 0.0847095922 -0.0407465771 0.142999992
v 0.0896352157 -0.0283112489 0.134171575
v 0.0847095922 -0.0407465771 0.134171575
v 0.0896352157 -0.0283112489 0.142999992
v 0.0558754764 -0.0755905434 0.134171575
v 0.0564450584 -0.0861565769 0.121571526
v 0.044581268 -0.0827557296 0.134171575
v 0.066517435 -0.0786411539 0.121571526
v 0.0558754764 -0.0755905434 0.134171575
v 0.044581268 -0.0827557296 0.142999992
v 0.0558754764 -0.0755905434 0.142999992
v 0.044581268 -0.0827557296 0.134171575
v 0.0644972846 0.0803062916 0.121571526
v 0.0546244085 0.0764995068 0.134171575
v 0.0542371608 0.0875632912 0.121571526
v 0.064929001 0.0679722279 0.134171575
v -0.04476244 0.0569094978 0.136000007
v -0.0524446554 0.0550050586 0.136000007
v -0.0488465764 0.0582237989 0.136000007
v -0.0501148701 0.0470750891 0.136000007
v -0.0558311306 0.0515643768 0.136000007
v -0.0545384586 0.0476551577 0.136000007
v -0.0589923002 0.04791563 0.136000007
v -0.0429371484 0.0487996079 0.136000007
v -0.0457444601 0.0461783968 0.136000007
v -0.0407693088 0.0553402491 0.136000007
v -0.0399799086 0.051250428 0.136000007
v -0.0368830897 0.0535223074 0.136000007
v -0.0349503569 0.0634344593 0.136000007
v -0.0390465185 0.0652025193 0.136000007
v -0.0348280407 0.0675500408 0.136000007
v -0.0309919491 0.0613764077 0.136000007
v -0.030469019 0.0696249902 0.136000007
v -0.0225987397 0.0687870905 0.136000007
v -0.0259870589 0.0714190006 0.136000007
v -0.0236572698 0.0605419986 0.136000007
v -0.027191788 0.0590390302 0.136000007
v -0.0193831399 0.0659467503 0.136000007
v -0.0200401489 0.0618335903 0.136000007
v -0.0163530596 0.0629092753 0.136000007
v -0.0220291987 0.0426464081 0.138999999
v -0.0252563991 0.0372439995 0.135999978
v -0.0288579985 0.0383564569 0.138999999
v -0.0199951008 0.0403137207 0.135999978
v -0.0145785697 0.0457325578 0.138999999
v -0.0143674295 0.0426447652 0.135999978
v -0.00847650971 0.0441944487 0.135999978
v -0.00671643019 0.0475277901 0.138999999
v -0.0199951008 0.0403137207 0.135999978
v -0.0252563991 0.0372439772 0.0819999948
v -0.0252563991 0.0372439995 0.135999978
v -0.0210818406 0.0397562087 0.0800000057
v -0.0282020904 0.035066247 0.0799999982
v -0.0132048 0.0430189893 0.0800000057
v -0.0143674295 0.0426447652 0.135999978
v -0.00847649947 0.0441944487 0.0819999948
v -0.00485372962 0.0447374657 0.0800000206
v -0.00847650971 0.0441944487 0.135999978
v -0.0252563991 0.0372439995 0.135999978
v -0.0252563991 0.0372439772 0.0819999948
v -0.0250633694 0.0338936895 0.136000007
v -0.0250633694 0.0338936895 0.0819999948
v -0.025989579 0.0306681897 0.136000007
v -0.025989579 0.0306681786 0.0819999948
v -0.0279307198 0.0279307198 0.136000007
v -0.0279307198 0.0279307198 0.0819999948
v -0.0306681786 0.025989579 0.0819999948
v -0.0306681897 0.025989579 0.136000007
v -0.0338936895 0.0250633694 0.0819999948
v -0.0338936895 0.0250633694 0.136000007
v -0.0372439772 0.0252563991 0.0819999948
v -0.0372439995 0.0252563991 0.135999978
v -0.0252563991 0.0372439772 0.0819999948
v -0.0282020904 0.035066247 0.0799999982
v -0.0250633694 0.0338936895 0.0819999948
v -0.025989579 0.0306681786 0.0819999948
v -0.0279307198 0.0279307198 0.0819999948
v -0.0334018394 0.0338017195 0.0769999996
v -0.0331298783 0.0342975408 0.0769999996
v -0.0330075771 0.0348496586 0.0769999996
v -0.0338017084 0.0334018394 0.0769999996
v -0.0350662395 0.0282020997 0.0799999982
v -0.0306681786 0.025989579 0.0819999948
v -0.0342975408 0.0331298783 0.0769999996
v -0.0348496586 0.0330075771 0.0769999996
v -0.0338936895 0.0250633694 0.0819999948
v -0.0372439772 0.0252563991 0.0819999948
v -0.0128422491 0.0462501608 0.0769999996
v -0.00485372962 0.0447374657 0.0800000206
v -0.00130256987 0.0479823388 0.0769999996
v -0.0132048 0.0430189893 0.0800000057
v -0.0236229692 0.0417846292 0.0769999996
v -0.0210818406 0.0397562087 0.0800000057
v -0.0282020904 0.035066247 0.0799999982
v -0.0330075771 0.0348496586 0.0769999996
v -0.00485372962 0.0447374657 0.0800000206
v -0.000825669966 0.0476783887 0.0769999996
v -0.00130256987 0.0479823388 0.0769999996
v -0.000282759982 0.0475200899 0.0769999996
v -0 0.0394999981 0.0819999948
v 0.000282759982 0.0475200899 0.0769999996
v -0.00330826989 0.0400630906 0.0819999948
v -0.00624398002 0.0416889265 0.0819999948
v -0.00847649947 0.0441944487 0.0819999948
v 0.00485373987 0.0447374657 0.0800000206
v 0.000825679977 0.0476783887 0.0769999996
v 0.00130256987 0.0479823388 0.0769999996
v 0.00330826989 0.0400630906 0.0819999948
v 0.00624398002 0.0416889265 0.0819999948
v 0.00847649947 0.0441944487 0.0819999948
v -0.000825669966 0.0476783887 0.0769999996
v -0.000282759982 0.0475200899 0.0769999996
v -0.00130256987 0.0479823388 0.0769999996
v 0.000825679977 0.0476783887 0.0769999996
v 0.000282759982 0.0475200899 0.0769999996
v 0.00130256987 0.0479823388 0.0769999996
v -0.00955064967 0.0541644283 0.0769999996
v -0.0128422491 0.0462501608 0.0769999996
v 0.00955064967 0.0541644283 0.0769999996
v 0.0128422491 0.046250172 0.0769999996
v -0.0274999999 0.0476314016 0.0769999996
v -0.0236229692 0.0417846292 0.0769999996
v 0.0274999999 0.0476314016 0.0769999996
v 0.0236229599 0.041784659 0.0769999996
v -0.0330075771 0.0348496586 0.0769999996
v 0.0330075771 0.0348497108 0.0769999996
v 0.0421324372 0.0353533179 0.0769999996
v -0.0421324372 0.0353533179 0.0769999996
v 0.0348497108 0.0330075771 0.0769999996
v 0.0331298709 0.0342975594 0.0769999996
v 0.0334018283 0.0338017195 0.0769999996
v 0.0338017195 0.0334018283 0.0769999996
v 0.0342975594 0.0331298709 0.0769999996
v 0.0417846665 0.0236229487 0.0769999996
v 0.0516830906 0.0188111104 0.0769999996
v 0.0462501794 0.0128422296 0.0769999996
v 0.0549999997 0 0.0769999996
v 0.047982309 0.00130253995 0.0769999996
v 0.047982309 -0.00130253995 0.0769999996
v 0.0462501273 -0.0128422296 0.0769999996
v 0.0516830906 -0.0188111104 0.0769999996
v 0.041784618 -0.0236229599 0.0769999996
v 0.0421324372 -0.0353533179 0.0769999996
v 0.0476783775 -0.00082565 0.0769999996
v 0.0348496586 -0.0330075771 0.0769999996
v 0.0475200899 0.000282749999 0.0769999996
v 0.0476783775 0.00082565 0.0769999996
v 0.0475200899 -0.000282749999 0.0769999996
v 0.0330075771 -0.0348496586 0.0769999996
v 0.0342975408 -0.0331298783 0.0769999996
v 0.0338017084 -0.0334018394 0.0769999996
v 0.0334018394 -0.0338017195 0.0769999996
v 0.0331298783 -0.0342975408 0.0769999996
v 0.0274999999 -0.0476314016 0.0769999996
v 0.0236229692 -0.0417846292 0.0769999996
v 0.0128422594 -0.0462501608 0.0769999996
v 0.00955064967 -0.0541644283 0.0769999996
v 0.00130256987 -0.0479823388 0.0769999996
v -0.00130256987 -0.0479823388 0.0769999996
v -0.00955064967 -0.0541644283 0.0769999996
v -0.0128422491 -0.046250172 0.0769999996
v -0.0274999999 -0.0476314016 0.0769999996
v -0.0236229599 -0.041784659 0.0769999996
v -0.0330075771 -0.0348497108 0.0769999996
v -0.0421324372 -0.0353533179 0.0769999996
v 0.000282759982 -0.0475200899 0.0769999996
v 0.000825669966 -0.0476783887 0.0769999996
v -0.000825679977 -0.0476783887 0.0769999996
v -0.000282759982 -0.0475200899 0.0769999996
v -0.0348497108 -0.0330075771 0.0769999996
v -0.0331298709 -0.0342975594 0.0769999996
v -0.0334018283 -0.0338017195 0.0769999996
v -0.0338017195 -0.0334018283 0.0769999996
v -0.0342975594 -0.0331298709 0.0769999996
v -0.0417846665 -0.0236229487 0.0769999996
v -0.0516830906 -0.0188111104 0.0769999996
v -0.0462501794 -0.0128422296 0.0769999996
v -0.0549999997 0 0.0769999996
v -0.047982309 -0.00130253995 0.0769999996
v -0.047982309 0.00130253995 0.0769999996
v -0.0462501273 0.0128422296 0.0769999996
v -0.0516830906 0.0188111104 0.0769999996
v -0.041784618 0.0236229599 0.0769999996
v -0.0476783775 0.00082565 0.0769999996
v -0.0475200899 0.000282749999 0.0769999996
v -0.0475200899 -0.000282749999 0.0769999996
v -0.0476783775 -0.00082565 0.0769999996
v -0.0348496586 0.0330075771 0.0769999996
v -0.0338017084 0.0334018394 0.0769999996
v -0.0342975408 0.0331298783 0.0769999996
v -0.0334018394 0.0338017195 0.0769999996
v -0.0331298783 0.0342975408 0.0769999996
v 0.00130256987 0.0479823388 0.0769999996
v 0.00485373987 0.0447374657 0.0800000206
v 0.0128422491 0.046250172 0.0769999996
v 0.0132047897 0.0430189893 0.080000028
v 0.021081809 0.0397562198 0.080000028
v 0.0236229599 0.041784659 0.0769999996
v 0.0282020401 0.035066288 0.080000028
v 0.0330075771 0.0348497108 0.0769999996
v 0.00847649947 0.0441944487 0.0819999948
v 0.0132047897 0.0430189893 0.080000028
v 0.00485373987 0.0447374657 0.0800000206
v 0.0143674295 0.0426447801 0.135999992
v 0.00847650971 0.0441944487 0.135999992
v 0.021081809 0.0397562198 0.080000028
v 0.0199951008 0.0403137207 0.135999992
v 0.0252563991 0.0372439772 0.0819999948
v 0.0282020401 0.035066288 0.080000028
v 0.0252563991 0.0372439772 0.135999992
v 0.0250633694 0.0338936895 0.0819999948
v 0.0282020401 0.035066288 0.080000028
v 0.0252563991 0.0372439772 0.0819999948
v 0.025989579 0.0306681786 0.0819999948
v 0.0279307198 0.0279307198 0.0819999948
v 0.0334018283 0.0338017195 0.0769999996
v 0.0331298709 0.0342975594 0.0769999996
v 0.0330075771 0.0348497108 0.0769999996
v 0.0338017195 0.0334018283 0.0769999996
v 0.035066288 0.0282020401 0.080000028
v 0.0342975594 0.0331298709 0.0769999996
v 0.0348497108 0.0330075771 0.0769999996
v 0.0306681786 0.025989579 0.0819999948
v 0.0338936895 0.0250633694 0.0819999948
v 0.0372439772 0.0252563991 0.0819999948
v 0.0348497108 0.0330075771 0.0769999996
v 0.035066288 0.0282020401 0.080000028
v 0.0417846665 0.0236229487 0.0769999996
v 0.0397562385 0.0210817903 0.080000028
v 0.0462501794 0.0128422296 0.0769999996
v 0.0430190079 0.0132047292 0.080000028
v 0.0447374992 0.00485365 0.0799999759
v 0.047982309 0.00130253995 0.0769999996
v 0.0372439772 0.0252563991 0.0819999948
v 0.0397562385 0.0210817903 0.080000028
v 0.035066288 0.0282020401 0.080000028
v 0.0403137207 0.0199951101 0.136000007
v 0.0372439772 0.0252563991 0.136000007
v 0.0426447652 0.0143674295 0.136000007
v 0.0430190079 0.0132047292 0.080000028
v 0.0441944487 0.00847649947 0.0819999948
v 0.0447374992 0.00485365 0.0799999759
v 0.0441944487 0.00847649947 0.136000007
v 0.0372439772 0.0252563991 0.136000007
v 0.0372439772 0.0252563991 0.0819999948
v 0.0338936895 0.0250633694 0.0819999948
v 0.0338936895 0.0250633694 0.136000007
v 0.0306681786 0.025989579 0.0819999948
v 0.0306681786 0.025989579 0.136000007
v 0.0279307198 0.0279307198 0.0819999948
v 0.0279307198 0.0279307198 0.136000007
v 0.025989579 0.0306681786 0.0819999948
v 0.025989579 0.0306681786 0.136000007
v 0.0250633694 0.0338936895 0.0819999948
v 0.0250633694 0.0338936895 0.136000007
v 0.0252563991 0.0372439772 0.0819999948
v 0.0252563991 0.0372439772 0.135999992
v 0.0426463708 0.0220291801 0.138999999
v 0.0372439772 0.0252563991 0.136000007
v 0.0383564308 0.0288579799 0.138999999
v 0.0403137207 0.0199951101 0.136000007
v 0.0457325205 0.0145785604 0.138999999
v 0.0426447652 0.0143674295 0.136000007
v 0.0441944487 0.00847649947 0.136000007
v 0.0475277714 0.00671641994 0.138999999
v 0.0340055302 0.0280730389 0.138999999
v 0.0300520286 0.0300520398 0.138999999
v 0.0383564308 0.0288579799 0.138999999
v 0.0280730389 0.0340055302 0.138999999
v 0.0288579799 0.0383564383 0.138999999
v 0.0435369685 0.0455360487 0.138999999
v 0.0396313071 0.0489730388 0.138999999
v 0.0354553871 0.0520760491 0.138999999
v 0.0220291894 0.0426463895 0.138999999
v 0.0471457168 0.0417885296 0.138999999
v 0.0300099701 0.0553931594 0.138999999
v 0.0356496982 0.0581132695 0.138999999
v 0.0253371187 0.0576804206 0.138999999
v 0.0297272988 0.0612957291 0.138999999
v 0.0352360085 0.0641394258 0.138999999
v 0.0289477799 0.0671534315 0.138999999
v 0.0145785697 0.0457325503 0.138999999
v 0.0204914901 0.059574306 0.138999999
v 0.0342185199 0.0700934604 0.138999999
v 0.0155061102 0.0610619374 0.138999999
v 0.0276769903 0.0729245096 0.138999999
v 0.00671643019 0.0475277901 0.138999999
v 0.0283876695 0.0779944882 0.138999999
v 0.0213196483 0.0750298128 0.138999999
v 0.0401048884 0.0668999106 0.138999999
v 0.0148051493 0.0765820295 0.138999999
v 0.0533513688 0.0635816902 0.138999999
v -0 0.0829999968 0.138999999
v 0.0456956178 0.0632132068 0.138999999
v 0.0509495102 0.0590605401 0.138999999
v 0.00818151981 0.0775697231 0.138999999
v 0.0561282672 0.0541628785 0.138999999
v 0.0501698405 0.0532028563 0.138999999
v 0.060567379 0.0491486676 0.138999999
v 0.0550479889 0.0482199192 0.138999999
v 0.0488989018 0.0474318117 0.138999999
v 0.0533756576 0.0424157009 0.138999999
v 0.0511282273 0.0368090272 0.138999999
v 0.0539910197 0.0324648991 0.138999999
v 0.0718801096 0.0414999984 0.138999999
v 0.0426463708 0.0220291801 0.138999999
v 0.0564856194 0.0278993696 0.138999999
v 0.0645600334 0.0437721573 0.138999999
v 0.058594998 0.0231435802 0.138999999
v 0.068076767 0.0380729884 0.138999999
v 0.0457325205 0.0145785604 0.138999999
v 0.0712681189 0.03169946 0.138999999
v 0.0653406829 0.0328352414 0.138999999
v 0.0737245604 0.0254693795 0.138999999
v 0.068220377 0.0264843795 0.138999999
v 0.0621725693 0.0278469194 0.138999999
v 0.064663738 0.0216021705 0.138999999
v 0.060634248 0.0171022899 0.138999999
v 0.0618386082 0.012041009 0.138999999
v 0.0817390457 0.0144127999 0.138999999
v 0.0475277714 0.00671641994 0.138999999
v 0.0756375492 0.0190515481 0.138999999
v 0.0626212582 0.00689760968 0.138999999
v 0.0769929662 0.0124932798 0.138999999
v 0.062976867 0.00170717994 0.138999999
v 0.0475277714 -0.00671641994 0.138999999
v 0.0438961796 0.00419489993 0.138999999
v 0.0425000004 0 0.138999999
v 0.0438961796 -0.00419489993 0.138999999
v 0.0778119788 0.00541261956 0.138999999
v 0.0726304725 0.00850719959 0.138999999
v 0.077989459 -0.00128189998 0.138999999
v 0.0731643811 0.00155443989 0.138999999
v 0.0679473132 0.00490326993 0.138999999
v 0.0681524202 -0.00181690999 0.138999999
v 0.0628268793 -0.00466724019 0.138999999
v 0.0622275472 -0.00983519945 0.138999999
v 0.0612038709 -0.0149360998 0.138999999
v 0.0817390457 -0.0144127999 0.138999999
v 0.0457325578 -0.0145785697 0.138999999
v 0.07759206 -0.00796695985 0.138999999
v 0.0597627759 -0.0199351292 0.138999999
v 0.0766226798 -0.0145932995 0.138999999
v 0.0574416667 -0.0258738305 0.138999999
v 0.0426464081 -0.0220291987 0.138999999
v 0.0634209067 -0.0250168294 0.138999999
v 0.0551109388 -0.0305251498 0.138999999
v 0.0655265972 -0.0186317805 0.138999999
v 0.0524043776 -0.0349682979 0.138999999
v 0.0692836791 -0.0235630013 0.138999999
v 0.0711599514 -0.0168469287 0.138999999
v 0.0383564569 -0.0288579985 0.138999999
v 0.0749705583 -0.0215270594 0.138999999
v 0.0728476867 -0.0278785601 0.138999999
v 0.0718801096 -0.0414999984 0.138999999
v 0.070187822 -0.0340245366 0.138999999
v 0.0670105591 -0.0399197191 0.138999999
v 0.0493404269 -0.0391729698 0.138999999
v 0.0630865991 -0.0458702706 0.138999999
v 0.0611064881 -0.0401690714 0.138999999
v 0.0589194112 -0.0511126518 0.138999999
v 0.0570463389 -0.0458383895 0.138999999
v 0.0552024208 -0.0399195589 0.138999999
v 0.0510399006 -0.0451993607 0.138999999
v 0.0533513688 -0.0635816902 0.138999999
v 0.0451281406 -0.0439596511 0.138999999
v 0.054317899 -0.0559782572 0.138999999
v 0.049315989 -0.0604312271 0.138999999
v 0.0288579985 -0.0383564569 0.138999999
v 0.0413471311 -0.0475333109 0.138999999
v 0.0372841395 -0.0507827997 0.138999999
v 0.0329668894 -0.0536859781 0.138999999
v 0.0280730389 -0.0340055376 0.138999999
v 0.0340055376 -0.0280730389 0.138999999
v 0.0300520398 -0.0300520398 0.138999999
v 0.0220291987 -0.0426464081 0.138999999
v 0.0435934477 -0.0646808371 0.138999999
v 0.0436826795 -0.0586462282 0.138999999
v 0.0378845818 -0.0681818053 0.138999999
v 0.0379283689 -0.0625849962 0.138999999
v 0.0382200107 -0.0563924573 0.138999999
v 0.0325027183 -0.0599301793 0.138999999
v 0.0273714885 -0.0567432866 0.138999999
v 0.02259624 -0.0588082485 0.138999999
v 0.0283876695 -0.0779944882 0.138999999
v 0.0145785697 -0.0457325578 0.138999999
v 0.0176668894 -0.0604721494 0.138999999
v 0.0318964384 -0.0711801797 0.138999999
v 0.01261706 -0.0617236607 0.138999999
v 0.0256731696 -0.0736538395 0.138999999
v 0.00671643019 -0.0475277901 0.138999999
v 0.0188423004 -0.0756899491 0.138999999
v 0.0209900998 -0.0700497925 0.138999999
v 0.0122803105 -0.0770272315 0.138999999
v 0.01423568 -0.0717829168 0.138999999
v 0.0166277103 -0.0660635903 0.138999999
v 0.0100452397 -0.0674325302 0.138999999
v 0.00631343992 -0.0626828596 0.138999999
v -0 -0.0829999968 0.138999999
v 0.00562779 -0.0777967125 0.138999999
v 0.00111991994 -0.062990047 0.138999999
v -0.00671643019 -0.0475277901 0.138999999
v -0.00408125017 -0.0628676713 0.138999999
v 0.00419490971 -0.0438961871 0.138999999
v -0 -0.0425000004 0.138999999
v -0.00419490971 -0.0438961796 0.138999999
v -0.00106620998 -0.0779927075 0.138999999
v -0.00925457012 -0.0623165593 0.138999999
v -0.00818151981 -0.0775697231 0.138999999
v -0.0042341901 -0.0730043054 0.138999999
v -0.0148051493 -0.0765820295 0.138999999
v -0.0111740399 -0.072322771 0.138999999
v -0.00697014993 -0.0677664801 0.138999999
v -0.0136238504 -0.0668015182 0.138999999
v -0.0283876695 -0.0779944882 0.138999999
v -0.0155061102 -0.0610619374 0.138999999
v -0.0213196483 -0.0750298128 0.138999999
v -0.0145785697 -0.0457325503 0.138999999
v -0.0204914901 -0.059574306 0.138999999
v -0.0253371187 -0.0576804206 0.138999999
v -0.0220291894 -0.0426463895 0.138999999
v -0.0276769903 -0.0729245096 0.138999999
v -0.0300099701 -0.0553931594 0.138999999
v -0.0342185199 -0.0700934604 0.138999999
v -0.0289477799 -0.0671534315 0.138999999
v -0.0401048884 -0.0668999106 0.138999999
v -0.0352360085 -0.0641394258 0.138999999
v -0.0297272988 -0.0612957291 0.138999999
v -0.0356496982 -0.0581132695 0.138999999
v -0.0533513688 -0.0635816902 0.138999999
v -0.0354553871 -0.0520760491 0.138999999
v -0.0456956178 -0.0632132068 0.138999999
v -0.0288579799 -0.0383564383 0.138999999
v -0.0396313071 -0.0489730388 0.138999999
v -0.0509495102 -0.0590605401 0.138999999
v -0.0435369685 -0.0455360487 0.138999999
v -0.0561282672 -0.0541628785 0.138999999
v -0.0501698405 -0.0532028563 0.138999999
v -0.060567379 -0.0491486676 0.138999999
v -0.0550479889 -0.0482199192 0.138999999
v -0.0488989018 -0.0474318117 0.138999999
v -0.0533756576 -0.0424157009 0.138999999
v -0.0718801096 -0.0414999984 0.138999999
v -0.0471457168 -0.0417885296 0.138999999
v -0.0645600334 -0.0437721573 0.138999999
v -0.0511282273 -0.0368090272 0.138999999
v -0.068076767 -0.0380729884 0.138999999
v -0.0383564308 -0.0288579799 0.138999999
v -0.0539910197 -0.0324648991 0.138999999
v -0.0300520286 -0.0300520398 0.138999999
v -0.0280730389 -0.0340055302 0.138999999
v -0.0340055302 -0.0280730389 0.138999999
v -0.0426463783 -0.0220291801 0.138999999
v -0.0564856194 -0.0278993696 0.138999999
v -0.058594998 -0.0231435802 0.138999999
v -0.0457325205 -0.0145785604 0.138999999
v -0.0712681189 -0.03169946 0.138999999
v -0.0653406829 -0.0328352414 0.138999999
v -0.0737245604 -0.0254693795 0.138999999
v -0.068220377 -0.0264843795 0.138999999
v -0.0621725693 -0.0278469194 0.138999999
v -0.064663738 -0.0216021705 0.138999999
v -0.060634248 -0.0171022899 0.138999999
v -0.0618386082 -0.012041009 0.138999999
v -0.0817390457 -0.0144127999 0.138999999
v -0.0475277714 -0.00671641994 0.138999999
v -0.0756375492 -0.0190515481 0.138999999
v -0.0626212582 -0.00689760968 0.138999999
v -0.0769929662 -0.0124932798 0.138999999
v -0.062976867 -0.00170717994 0.138999999
v -0.0778119788 -0.00541261956 0.138999999
v -0.0726304725 -0.00850719959 0.138999999
v -0.077989459 0.00128189998 0.138999999
v -0.0731643811 -0.00155443989 0.138999999
v -0.0679473132 -0.00490326993 0.138999999
v -0.0681524202 0.00181690999 0.138999999
v -0.0817390457 0.0144127999 0.138999999
v -0.07759206 0.00796695985 0.138999999
v -0.0628268793 0.00466724019 0.138999999
v -0.0766226798 0.0145932995 0.138999999
v -0.0475277714 0.00671641994 0.138999999
v -0.0622275472 0.00983519945 0.138999999
v -0.0612038709 0.0149360998 0.138999999
v -0.0438961796 0.00419489993 0.138999999
v -0.0425000004 0 0.138999999
v -0.0438961796 -0.00419489993 0.138999999
v -0.0457325578 0.0145785697 0.138999999
v -0.0597627759 0.0199351292 0.138999999
v -0.0749705583 0.0215270594 0.138999999
v -0.0711599514 0.0168469287 0.138999999
v -0.0728476867 0.0278785601 0.138999999
v -0.0692836791 0.0235630013 0.138999999
v -0.0655265972 0.0186317805 0.138999999
v -0.0634209067 0.0250168294 0.138999999
v -0.0718801096 0.0414999984 0.138999999
v -0.0574416667 0.0258738305 0.138999999
v -0.070187822 0.0340245366 0.138999999
v -0.0426464155 0.0220291987 0.138999999
v -0.0551109388 0.0305251498 0.138999999
v -0.0524043776 0.0349682979 0.138999999
v -0.0383564718 0.0288579985 0.138999999
v -0.0670105591 0.0399197191 0.138999999
v -0.0493404269 0.0391729698 0.138999999
v -0.0630865991 0.0458702706 0.138999999
v -0.0611064881 0.0401690714 0.138999999
v -0.0589194112 0.0511126518 0.138999999
v -0.0570463389 0.0458383895 0.138999999
v -0.0552024208 0.0399195589 0.138999999
v -0.0510399006 0.0451993607 0.138999999
v -0.0533513688 0.0635816902 0.138999999
v -0.0451281406 0.0439596511 0.138999999
v -0.054317899 0.0559782572 0.138999999
v -0.049315989 0.0604312271 0.138999999
v -0.0288579985 0.0383564569 0.138999999
v -0.0413471311 0.0475333109 0.138999999
v -0.0372841395 0.0507827997 0.138999999
v -0.0329668894 0.0536859781 0.138999999
v -0.0300520398 0.0300520398 0.138999999
v -0.0340055488 0.0280730389 0.138999999
v -0.0280730389 0.0340055376 0.138999999
v -0.0220291987 0.0426464081 0.138999999
v -0.0435934477 0.0646808371 0.138999999
v -0.0436826795 0.0586462282 0.138999999
v -0.0378845818 0.0681818053 0.138999999
v -0.0379283689 0.0625849962 0.138999999
v -0.0382200107 0.0563924573 0.138999999
v -0.0325027183 0.0599301793 0.138999999
v -0.0273714885 0.0567432866 0.138999999
v -0.02259624 0.0588082485 0.138999999
v -0.0283876695 0.0779944882 0.138999999
v -0.0145785697 0.0457325578 0.138999999
v -0.0176668894 0.0604721494 0.138999999
v -0.0318964384 0.0711801797 0.138999999
v -0.01261706 0.0617236607 0.138999999
v -0.0256731696 0.0736538395 0.138999999
v -0.00671643019 0.0475277901 0.138999999
v -0.0188423004 0.0756899491 0.138999999
v -0.0209900998 0.0700497925 0.138999999
v -0.0122803105 0.0770272315 0.138999999
v -0.01423568 0.0717829168 0.138999999
v -0.0166277103 0.0660635903 0.138999999
v -0.0100452397 0.0674325302 0.138999999
v -0.00631343992 0.0626828596 0.138999999
v -0.00562779 0.0777967125 0.138999999
v 0.00106620998 0.0779927075 0.138999999
v 0.0042341901 0.0730043054 0.138999999
v 0.0111740399 0.072322771 0.138999999
v 0.00697014993 0.0677664801 0.138999999
v 0.0136238504 0.0668015182 0.138999999
v 0.00925457012 0.0623165593 0.138999999
v 0.00408125017 0.0628676713 0.138999999
v -0.00111991994 0.062990047 0.138999999
v -0.00419490971 0.0438961871 0.138999999
v 0.00419490971 0.0438961796 0.138999999
v -0 0.0425000004 0.138999999
v 0.0591138601 0.0270286985 0.136000007
v 0.0574142598 0.0304729789 0.136000007
v 0.0615790151 0.0305401981 0.136000007
v 0.0555141866 0.0338108689 0.136000007
v 0.0638178289 0.0342001691 0.136000007
v 0.0550622679 0.0411790088 0.136000007
v 0.0534202904 0.0370306969 0.136000007
v 0.0632763281 0.0420963801 0.136000007
v 0.065821372 0.0379940383 0.136000007
v 0.0604759678 0.0460288711 0.136000007
v 0.0564016812 0.0454346687 0.136000007
v 0.0574315861 0.0497756191 0.136000007
v 0.0685398057 0.0234041084 0.136000007
v 0.0709923059 0.027131021 0.136000007
v 0.0725716278 0.0225689784 0.136000007
v 0.0658256561 0.0198632088 0.136000007
v 0.0738581195 0.0179158784 0.136000007
v 0.0716662854 0.0103106592 0.136000007
v 0.0748465732 0.0131904799 0.136000007
v 0.0637302697 0.0127848601 0.136000007
v 0.0628638864 0.01652666 0.136000007
v 0.0683107153 0.00763712963 0.136000007
v 0.0643741339 0.00899840984 0.136000007
v 0.0647932217 0.00518054003 0.136000007
v 0.0724110305 -0.00144933001 0.136000007
v 0.0759902969 0.00121401995 0.136000007
v 0.07591407 -0.00361304986 0.136000007
v 0.0686495006 -0.00384838996 0.136000007
v 0.0755315199 -0.0084255496 0.136000007
v 0.0708707348 -0.0148224598 0.136000007
v 0.074844189 -0.01320404 0.136000007
v 0.0642595366 -0.00978319999 0.136000007
v 0.0647251904 -0.00597072998 0.136000007
v 0.0668031275 -0.0161870793 0.136000007
v 0.0635695308 -0.0135615095 0.136000007
v 0.0626575723 -0.0172924697 0.136000007
v 0.0457325578 -0.0145785697 0.138999999
v 0.0441944487 -0.00847649947 0.136000007
v 0.0475277714 -0.00671641994 0.138999999
v 0.0426447801 -0.0143674295 0.135999978
v 0.0403137207 -0.0199951008 0.135999978
v 0.0426464081 -0.0220291987 0.138999999
v 0.0372439995 -0.0252563991 0.135999978
v 0.0383564569 -0.0288579985 0.138999999
v 0.0372439995 -0.0252563991 0.135999978
v 0.0372439772 -0.0252563991 0.0819999948
v 0.0403137207 -0.0199951008 0.135999978
v 0.0397562087 -0.0210818294 0.0799999908
v 0.0350662395 -0.0282020997 0.0799999982
v 0.0426447801 -0.0143674295 0.135999978
v 0.0430189967 -0.0132047497 0.0799999908
v 0.0441944487 -0.00847649947 0.0819999948
v 0.0447374806 -0.00485365 0.0799999759
v 0.0441944487 -0.00847649947 0.136000007
v 0.0338936895 -0.0250633694 0.136000007
v 0.0372439772 -0.0252563991 0.0819999948
v 0.0372439995 -0.0252563991 0.135999978
v 0.0338936895 -0.0250633694 0.0819999948
v 0.0306681897 -0.025989579 0.136000007
v 0.0306681786 -0.025989579 0.0819999948
v 0.0279307198 -0.0279307198 0.136000007
v 0.0279307198 -0.0279307198 0.0819999948
v 0.025989579 -0.0306681786 0.0819999948
v 0.025989579 -0.0306681897 0.136000007
v 0.0250633694 -0.0338936895 0.0819999948
v 0.0250633694 -0.0338936895 0.136000007
v 0.0252563991 -0.0372439772 0.0819999948
v 0.0252563991 -0.0372439995 0.135999978
v 0.0338936895 -0.0250633694 0.0819999948
v 0.0350662395 -0.0282020997 0.0799999982
v 0.0372439772 -0.0252563991 0.0819999948
v 0.0306681786 -0.025989579 0.0819999948
v 0.0279307198 -0.0279307198 0.0819999948
v 0.0338017084 -0.0334018394 0.0769999996
v 0.0342975408 -0.0331298783 0.0769999996
v 0.0348496586 -0.0330075771 0.0769999996
v 0.0334018394 -0.0338017195 0.0769999996
v 0.0282020904 -0.035066247 0.0799999982
v 0.025989579 -0.0306681786 0.0819999948
v 0.0331298783 -0.0342975408 0.0769999996
v 0.0330075771 -0.0348496586 0.0769999996
v 0.0250633694 -0.0338936895 0.0819999948
v 0.0252563991 -0.0372439772 0.0819999948
v 0.0340055376 -0.0280730389 0.138999999
v 0.0372439995 -0.0252563991 0.135999978
v 0.0383564569 -0.0288579985 0.138999999
v 0.0338936895 -0.0250633694 0.136000007
v 0.0306681897 -0.025989579 0.136000007
v 0.0300520398 -0.0300520398 0.138999999
v 0.0279307198 -0.0279307198 0.136000007
v 0.025989579 -0.0306681897 0.136000007
v 0.0280730389 -0.0340055376 0.138999999
v 0.0250633694 -0.0338936895 0.136000007
v 0.0252563991 -0.0372439995 0.135999978
v 0.0288579985 -0.0383564569 0.138999999
v 0.0330075771 -0.0348496586 0.0769999996
v 0.0282020904 -0.035066247 0.0799999982
v 0.0236229692 -0.0417846292 0.0769999996
v 0.0210818406 -0.0397562087 0.0800000057
v 0.0132048 -0.0430189893 0.0800000057
v 0.0128422594 -0.0462501608 0.0769999996
v 0.00485372962 -0.0447374657 0.0800000206
v 0.00130256987 -0.0479823388 0.0769999996
v 0.0252563991 -0.0372439772 0.0819999948
v 0.0210818406 -0.0397562087 0.0800000057
v 0.0282020904 -0.035066247 0.0799999982
v 0.0199951008 -0.0403137207 0.135999978
v 0.0252563991 -0.0372439995 0.135999978
v 0.0132048 -0.0430189893 0.0800000057
v 0.0143674295 -0.0426447652 0.135999978
v 0.00847649947 -0.0441944487 0.0819999948
v 0.00485372962 -0.0447374657 0.0800000206
v 0.00847650971 -0.0441944487 0.135999978
v 0.0220291987 -0.0426464081 0.138999999
v 0.0252563991 -0.0372439995 0.135999978
v 0.0288579985 -0.0383564569 0.138999999
v 0.0199951008 -0.0403137207 0.135999978
v 0.0145785697 -0.0457325578 0.138999999
v 0.0143674295 -0.0426447652 0.135999978
v 0.00847650971 -0.0441944487 0.135999978
v 0.00671643019 -0.0475277901 0.138999999
v 0.0429371484 -0.0487996079 0.136000007
v 0.0457444601 -0.0461783968 0.136000007
v 0.0501148701 -0.0470750891 0.136000007
v 0.04476244 -0.0569094978 0.136000007
v 0.0407693088 -0.0553402491 0.136000007
v 0.0399799086 -0.051250428 0.136000007
v 0.0368830897 -0.0535223074 0.136000007
v 0.0524446554 -0.0550050586 0.136000007
v 0.0488465764 -0.0582237989 0.136000007
v 0.0558311306 -0.0515643768 0.136000007
v 0.0545384586 -0.0476551577 0.136000007
v 0.0589923002 -0.04791563 0.136000007
v 0.106739327 -0.0220842995 0.109999999
v 0.10003785 -0.0245240498 0.103999995
v 0.10003785 -0.0245240498 0.121571526
v 0.106739327 -0.0220842995 0.121999919
v 0.0896352157 -0.0283112489 0.134171575
v 0.0896352157 -0.0283112489 0.142999992
v 0.0963065699 -0.0365245603 0.121571526
v 0.10003785 -0.0245240498 0.121571526
v 0.10003785 -0.0245240498 0.103999995
v 0.0963065922 -0.0365245305 0.10399992
v 0.106739327 -0.0220842995 0.121999919
v 0.107993312 -0.0147798294 0.109999999
v 0.106739327 -0.0220842995 0.109999999
v 0.107993312 -0.0147798089 0.121999919
v 0.108748034 -0.00740703987 0.109999999
v 0.108748034 -0.00740699982 0.121999919
v 0.108999997 0 0.109999999
v 0.108999997 4.9999997E-08 0.121999919
v 0.108409628 0.0113292299 0.109999999
v 0.108409628 0.0113292597 0.121999919
v 0.106644921 0.0225357283 0.109999999
v 0.106644921 0.0225357506 0.121999919
v 0.103725001 0.0334981196 0.109999977
v 0.103725001 0.0334981196 0.121999919
v 0.106739327 -0.0220842995 0.121999919
v 0.0896352157 -0.0283112489 0.142999992
v 0.0920516625 -0.0190392006 0.142999992
v 0.107993312 -0.0147798089 0.121999919
v 0.0935116485 -0.00956930965 0.142999992
v 0.108748034 -0.00740699982 0.121999919
v 0.0939999968 0 0.142999992
v 0.108999997 4.9999997E-08 0.121999919
v 0.0938308984 0.00563579984 0.142999992
v 0.108409628 0.0113292597 0.121999919
v 0.0933241993 0.0112513304 0.142999992
v 0.0924817473 0.01682638 0.142999992
v 0.106644921 0.0225357506 0.121999919
v 0.103725001 0.0334981196 0.121999919
v 0.0993347466 0.0448732264 0.121999919
v 0.0891573504 0.0297819804 0.134171575
v 0.0891573504 0.0297819804 0.142999992
v 0.0953471959 0.0389603972 0.121571526
v 0.0993347466 0.0448732264 0.109999999
v 0.0953471959 0.0389603972 0.103999995
v 0.0993347466 0.0448732264 0.121999919
v 0.0891573504 0.0297819804 0.142999992
v 0.0831877291 0.04376987 0.142999992
v 0.0901806802 0.0612245388 0.121999919
v 0.0750405267 0.0566120073 0.142999992
v 0.0783611909 0.0757662505 0.121999919
v 0.064929001 0.0679722279 0.142999992
v 0.0642255843 0.0880685672 0.121999919
v 0.0642255843 0.0880685672 0.121999919
v 0.0642255843 0.0880685672 0.109999977
v 0.0783611834 0.0757662505 0.109999999
v 0.0783611909 0.0757662505 0.121999919
v 0.0901806802 0.0612245388 0.109999999
v 0.0901806802 0.0612245388 0.121999919
v 0.0993347466 0.0448732264 0.109999999
v 0.0993347466 0.0448732264 0.121999919
v 0.0953471959 0.0389603972 0.103999995
v 0.0993822441 0.0270586293 0.10399992
v 0.099382259 0.0270585977 0.121571526
v 0.0953471959 0.0389603972 0.121571526
v 0.0993822441 0.0270586293 0.10399992
v 0.103725001 0.0334981196 0.109999977
v 0.099382259 0.0270585977 0.121571526
v 0.103725001 0.0334981196 0.121999919
v 0.0924817473 0.01682638 0.134171575
v 0.0924817473 0.01682638 0.142999992
v 0.099382259 0.0270585977 0.121571526
v 0.0924817473 0.01682638 0.134171575
v 0.0891573504 0.0297819804 0.134171575
v 0.0953471959 0.0389603972 0.121571526
v 0.000194179986 0.108999819 0.121999919
v 0.000194179986 0.108999833 0.109999985
v 0.0188612398 0.107355736 0.109999999
v 0.0188612398 0.107355736 0.121999919
v 0.0369708277 0.102538563 0.109999999
v 0.0369708277 0.102538563 0.121999919
v 0.0539876781 0.0946907103 0.109999999
v 0.0539876781 0.0946907103 0.121999919
v 0.0539876781 0.0946907103 0.109999999
v 0.0542371608 0.0875632912 0.103999995
v 0.0542371608 0.0875632912 0.121571526
v 0.0539876781 0.0946907103 0.121999919
v 0.0546244085 0.0764995068 0.134171575
v 0.0546244085 0.0764994994 0.142999992
v 0.064929001 0.0679722279 0.142999992
v 0.064929001 0.0679722279 0.134171575
v 0.0644972846 0.0803062916 0.121571526
v 0.0542371608 0.0875632912 0.121571526
v 0.0542371608 0.0875632912 0.103999995
v 0.0644972622 0.0803063065 0.10399992
v 0.064929001 0.0679722279 0.134171575
v 0.0642255843 0.0880685672 0.121999919
v 0.064929001 0.0679722279 0.142999992
v 0.0644972846 0.0803062916 0.121571526
v 0.0642255843 0.0880685672 0.109999977
v 0.0644972622 0.0803063065 0.10399992
v 0.0416889265 0.00624398002 0.0819999948
v 0.0447374992 0.00485365 0.0799999759
v 0.0441944487 0.00847649947 0.0819999948
v 0.0400630906 0.00330826989 0.0819999948
v 0.0394999981 0 0.0819999948
v 0.0475200899 0.000282749999 0.0769999996
v 0.0476783775 0.00082565 0.0769999996
v 0.047982309 0.00130253995 0.0769999996
v 0.0475200899 -0.000282749999 0.0769999996
v 0.0447374806 -0.00485365 0.0799999759
v 0.0476783775 -0.00082565 0.0769999996
v 0.047982309 -0.00130253995 0.0769999996
v 0.0400630906 -0.00330826989 0.0819999948
v 0.0416889265 -0.00624398002 0.0819999948
v 0.0441944487 -0.00847649947 0.0819999948
v 0.0441944487 0.00847649947 0.136000007
v 0.0416889265 0.00624398002 0.0819999948
v 0.0441944487 0.00847649947 0.0819999948
v 0.0416889265 0.00624398002 0.136000007
v 0.0400630906 0.00330826989 0.0819999948
v 0.0400630906 0.00330826989 0.136000007
v 0.0394999981 0 0.0819999948
v 0.0394999981 0 0.136000007
v 0.0400630906 -0.00330826989 0.0819999948
v 0.0400630906 -0.00330826989 0.136000007
v 0.0416889265 -0.00624398002 0.0819999948
v 0.0416889265 -0.00624398002 0.136000007
v 0.0441944487 -0.00847649947 0.0819999948
v 0.0441944487 -0.00847649947 0.136000007
v 0.047982309 -0.00130253995 0.0769999996
v 0.0447374806 -0.00485365 0.0799999759
v 0.0462501273 -0.0128422296 0.0769999996
v 0.0430189967 -0.0132047497 0.0799999908
v 0.0397562087 -0.0210818294 0.0799999908
v 0.041784618 -0.0236229599 0.0769999996
v 0.0350662395 -0.0282020997 0.0799999982
v 0.0348496586 -0.0330075771 0.0769999996
v 0.0564450882 -0.0861565545 0.10399992
v 0.0639114007 -0.088296853 0.109999977
v 0.0564450584 -0.0861565769 0.121571526
v 0.0639113858 -0.088296853 0.121999919
v 0.044581268 -0.0827557296 0.134171575
v 0.044581268 -0.0827557296 0.142999992
v 0.0639113858 -0.088296853 0.121999919
v 0.0639114007 -0.088296853 0.109999977
v 0.0478430502 -0.0979389772 0.109999999
v 0.0478430502 -0.0979389772 0.121999919
v 0.0303606298 -0.10468635 0.109999999
v 0.0303606298 -0.10468635 0.121999919
v 0.0119808493 -0.108339556 0.109999999
v 0.0119808493 -0.108339556 0.121999919
v 0.0733730942 -0.0806063712 0.121999919
v 0.0558754764 -0.0755905434 0.142999992
v 0.067334041 -0.0655905977 0.142999992
v 0.0860953629 -0.0668475106 0.121999919
v 0.0770300105 -0.0538737103 0.142999992
v 0.0962729231 -0.0511128604 0.121999919
v 0.0847095922 -0.0407465771 0.142999992
v 0.10360498 -0.0338674784 0.121999919
v 0.0733730942 -0.0806063712 0.121999919
v 0.0558754764 -0.0755905434 0.134171575
v 0.0558754764 -0.0755905434 0.142999992
v 0.066517435 -0.0786411539 0.121571526
v 0.0733730942 -0.0806063712 0.109999999
v 0.066517435 -0.0786411539 0.103999995
v 0.0860953629 -0.0668475106 0.121999919
v 0.0733730942 -0.0806063712 0.109999999
v 0.0733730942 -0.0806063712 0.121999919
v 0.0860953629 -0.0668475106 0.109999999
v 0.0962729231 -0.0511128604 0.121999919
v 0.0962729231 -0.0511128493 0.109999999
v 0.10360498 -0.0338674784 0.121999919
v 0.103604995 -0.0338674784 0.109999977
v 0.0847095922 -0.0407465771 0.134171575
v 0.10360498 -0.0338674784 0.121999919
v 0.0847095922 -0.0407465771 0.142999992
v 0.0963065699 -0.0365245603 0.121571526
v 0.103604995 -0.0338674784 0.109999977
v 0.0963065922 -0.0365245305 0.10399992
v 0.0163530596 -0.0629092753 0.136000007
v 0.0200401489 -0.0618335903 0.136000007
v 0.0193831399 -0.0659467503 0.136000007
v 0.0236572698 -0.0605419986 0.136000007
v 0.0225987397 -0.0687870905 0.136000007
v 0.0309919491 -0.0613764077 0.136000007
v 0.027191788 -0.0590390302 0.136000007
v 0.030469019 -0.0696249902 0.136000007
v 0.0259870589 -0.0714190006 0.136000007
v 0.0348280407 -0.0675500408 0.136000007
v 0.0349503569 -0.0634344593 0.136000007
v 0.0390465185 -0.0652025193 0.136000007
v -0.0145785697 -0.0457325503 0.138999999
v -0.00847650971 -0.0441944487 0.135999992
v -0.00671643019 -0.0475277901 0.138999999
v -0.0143674295 -0.0426447801 0.135999992
v -0.0220291894 -0.0426463895 0.138999999
v -0.0199951008 -0.0403137207 0.135999992
v -0.0252563991 -0.0372439772 0.135999992
v -0.0288579799 -0.0383564383 0.138999999
v -0.00847650971 -0.0441944487 0.135999992
v -0.00847649947 -0.0441944487 0.0819999948
v -0.00624398002 -0.0416889377 0.136000007
v -0.00624398002 -0.0416889265 0.0819999948
v -0.00330826989 -0.0400630906 0.136000007
v -0.00330826989 -0.0400630906 0.0819999948
v -0 -0.0394999981 0.0819999948
v -0 -0.0394999981 0.136000007
v 0.00330826989 -0.0400630906 0.0819999948
v 0.00330828014 -0.0400630906 0.136000007
v 0.00624398002 -0.0416889265 0.0819999948
v 0.00624398002 -0.0416889377 0.136000007
v 0.00847649947 -0.0441944487 0.0819999948
v 0.00847650971 -0.0441944487 0.135999978
v -0.0143674295 -0.0426447801 0.135999992
v -0.00847649947 -0.0441944487 0.0819999948
v -0.00847650971 -0.0441944487 0.135999992
v -0.0132047897 -0.0430189893 0.080000028
v -0.00485373987 -0.0447374657 0.0800000206
v -0.021081809 -0.0397562198 0.080000028
v -0.0199951008 -0.0403137207 0.135999992
v -0.0252563991 -0.0372439772 0.0819999948
v -0.0282020401 -0.035066288 0.080000028
v -0.0252563991 -0.0372439772 0.135999992
v -0.00847650971 -0.0441944487 0.135999992
v -0.00419490971 -0.0438961796 0.138999999
v -0.00671643019 -0.0475277901 0.138999999
v -0.00624398002 -0.0416889377 0.136000007
v -0.00330826989 -0.0400630906 0.136000007
v -0 -0.0425000004 0.138999999
v -0 -0.0394999981 0.136000007
v 0.00330828014 -0.0400630906 0.136000007
v 0.00419490971 -0.0438961871 0.138999999
v 0.00624398002 -0.0416889377 0.136000007
v 0.00847650971 -0.0441944487 0.135999978
v 0.00671643019 -0.0475277901 0.138999999
v -0.00847649947 -0.0441944487 0.0819999948
v -0.00485373987 -0.0447374657 0.0800000206
v -0.00624398002 -0.0416889265 0.0819999948
v -0.00330826989 -0.0400630906 0.0819999948
v -0 -0.0394999981 0.0819999948
v -0.000282759982 -0.0475200899 0.0769999996
v -0.000825679977 -0.0476783887 0.0769999996
v -0.00130256987 -0.0479823388 0.0769999996
v 0.000282759982 -0.0475200899 0.0769999996
v 0.00485372962 -0.0447374657 0.0800000206
v 0.00330826989 -0.0400630906 0.0819999948
v 0.000825669966 -0.0476783887 0.0769999996
v 0.00130256987 -0.0479823388 0.0769999996
v 0.00624398002 -0.0416889265 0.0819999948
v 0.00847649947 -0.0441944487 0.0819999948
v -0.00130256987 -0.0479823388 0.0769999996
v -0.00485373987 -0.0447374657 0.0800000206
v -0.0128422491 -0.046250172 0.0769999996
v -0.0132047897 -0.0430189893 0.080000028
v -0.021081809 -0.0397562198 0.080000028
v -0.0236229599 -0.041784659 0.0769999996
v -0.0282020401 -0.035066288 0.080000028
v -0.0330075771 -0.0348497108 0.0769999996
v -0.0406022668 -0.0507587977 0.136000007
v -0.0375333987 -0.0530682877 0.136000007
v -0.0376575477 -0.057528019 0.136000007
v -0.0482719988 -0.0539646298 0.136000007
v -0.0474199913 -0.0497596674 0.136000007
v -0.0435293801 -0.0482720695 0.136000007
v -0.0463044979 -0.0456168056 0.136000007
v -0.0450624898 -0.0611994378 0.136000007
v -0.0488571301 -0.0582149476 0.136000007
v -0.0410860293 -0.0639369935 0.136000007
v -0.0374606699 -0.0619851276 0.136000007
v -0.0369437784 -0.0664165393 0.136000007
v -0.0426463783 -0.0220291801 0.138999999
v -0.0372439772 -0.0252563991 0.136000007
v -0.0383564308 -0.0288579799 0.138999999
v -0.0403137207 -0.0199951101 0.136000007
v -0.0457325205 -0.0145785604 0.138999999
v -0.0426447652 -0.0143674295 0.136000007
v -0.0441944487 -0.00847649947 0.136000007
v -0.0475277714 -0.00671641994 0.138999999
v -0.0280730389 -0.0340055302 0.138999999
v -0.0252563991 -0.0372439772 0.135999992
v -0.0288579799 -0.0383564383 0.138999999
v -0.0250633694 -0.0338936895 0.136000007
v -0.025989579 -0.0306681786 0.136000007
v -0.0300520286 -0.0300520398 0.138999999
v -0.0279307198 -0.0279307198 0.136000007
v -0.0306681786 -0.025989579 0.136000007
v -0.0340055302 -0.0280730389 0.138999999
v -0.0338936895 -0.0250633694 0.136000007
v -0.0372439772 -0.0252563991 0.136000007
v -0.0383564308 -0.0288579799 0.138999999
v -0.0250633694 -0.0338936895 0.0819999948
v -0.0282020401 -0.035066288 0.080000028
v -0.0252563991 -0.0372439772 0.0819999948
v -0.025989579 -0.0306681786 0.0819999948
v -0.0279307198 -0.0279307198 0.0819999948
v -0.0334018283 -0.0338017195 0.0769999996
v -0.0331298709 -0.0342975594 0.0769999996
v -0.0330075771 -0.0348497108 0.0769999996
v -0.0338017195 -0.0334018283 0.0769999996
v -0.035066288 -0.0282020401 0.080000028
v -0.0306681786 -0.025989579 0.0819999948
v -0.0342975594 -0.0331298709 0.0769999996
v -0.0348497108 -0.0330075771 0.0769999996
v -0.0338936895 -0.0250633694 0.0819999948
v -0.0372439772 -0.0252563991 0.0819999948
v -0.0250633694 -0.0338936895 0.136000007
v -0.0252563991 -0.0372439772 0.0819999948
v -0.0252563991 -0.0372439772 0.135999992
v -0.0250633694 -0.0338936895 0.0819999948
v -0.025989579 -0.0306681786 0.136000007
v -0.025989579 -0.0306681786 0.0819999948
v -0.0279307198 -0.0279307198 0.136000007
v -0.0279307198 -0.0279307198 0.0819999948
v -0.0306681786 -0.025989579 0.136000007
v -0.0306681786 -0.025989579 0.0819999948
v -0.0338936895 -0.0250633694 0.136000007
v -0.0338936895 -0.0250633694 0.0819999948
v -0.0372439772 -0.0252563991 0.136000007
v -0.0372439772 -0.0252563991 0.0819999948
v -0.0348497108 -0.0330075771 0.0769999996
v -0.035066288 -0.0282020401 0.080000028
v -0.0417846665 -0.0236229487 0.0769999996
v -0.0397562385 -0.0210817792 0.080000028
v -0.0462501794 -0.0128422296 0.0769999996
v -0.0430190079 -0.0132047292 0.080000028
v -0.0447374992 -0.00485365 0.0799999759
v -0.047982309 -0.00130253995 0.0769999996
v -0.0447374992 -0.00485365 0.0799999759
v -0.0476783775 -0.00082565 0.0769999996
v -0.047982309 -0.00130253995 0.0769999996
v -0.0475200899 -0.000282749999 0.0769999996
v -0.0394999981 0 0.0819999948
v -0.0475200899 0.000282749999 0.0769999996
v -0.0400630906 -0.00330826989 0.0819999948
v -0.0416889265 -0.00624398002 0.0819999948
v -0.0441944487 -0.00847649947 0.0819999948
v -0.0447374806 0.00485365 0.0799999759
v -0.0400630906 0.00330826989 0.0819999948
v -0.0476783775 0.00082565 0.0769999996
v -0.047982309 0.00130253995 0.0769999996
v -0.0416889265 0.00624398002 0.0819999948
v -0.0441944487 0.00847649947 0.0819999948
v -0.047982309 0.00130253995 0.0769999996
v -0.0447374806 0.00485365 0.0799999759
v -0.0462501273 0.0128422296 0.0769999996
v -0.0430189967 0.0132047497 0.0799999908
v -0.0397562087 0.0210818294 0.0799999908
v -0.041784618 0.0236229599 0.0769999996
v -0.0350662395 0.0282020997 0.0799999982
v -0.0348496586 0.0330075771 0.0769999996
v -0.0441944487 0.00847649947 0.0819999948
v -0.0430189967 0.0132047497 0.0799999908
v -0.0447374806 0.00485365 0.0799999759
v -0.0426447801 0.0143674295 0.135999978
v -0.0397562087 0.0210818294 0.0799999908
v -0.0441944487 0.00847649947 0.136000007
v -0.0416889265 0.00624398002 0.136000007
v -0.0416889265 0.00624398002 0.0819999948
v -0.0400630906 0.00330826989 0.136000007
v -0.0400630906 0.00330826989 0.0819999948
v -0.0394999981 0 0.136000007
v -0.0394999981 0 0.0819999948
v -0.0400630906 -0.00330826989 0.136000007
v -0.0400630906 -0.00330826989 0.0819999948
v -0.0416889265 -0.00624398002 0.136000007
v -0.0416889265 -0.00624398002 0.0819999948
v -0.0441944487 -0.00847649947 0.136000007
v -0.0441944487 -0.00847649947 0.0819999948
v -0.0426447652 -0.0143674295 0.136000007
v -0.0430190079 -0.0132047292 0.080000028
v -0.0447374992 -0.00485365 0.0799999759
v -0.0397562385 -0.0210817792 0.080000028
v -0.0403137207 -0.0199951101 0.136000007
v -0.0372439772 -0.0252563991 0.0819999948
v -0.035066288 -0.0282020401 0.080000028
v -0.0372439772 -0.0252563991 0.136000007
v -0.0441944487 -0.00847649947 0.136000007
v -0.0475277714 -0.00671641994 0.138999999
v -0.0438961796 -0.00419489993 0.138999999
v -0.0416889265 -0.00624398002 0.136000007
v -0.0400630906 -0.00330826989 0.136000007
v -0.0425000004 0 0.138999999
v -0.0394999981 0 0.136000007
v -0.0400630906 0.00330826989 0.136000007
v -0.0438961796 0.00419489993 0.138999999
v -0.0416889265 0.00624398002 0.136000007
v -0.0441944487 0.00847649947 0.136000007
v -0.0475277714 0.00671641994 0.138999999
v -0.0591138601 -0.0270286985 0.136000007
v -0.0574142598 -0.0304729789 0.136000007
v -0.0615790151 -0.0305401981 0.136000007
v -0.0555141866 -0.0338108689 0.136000007
v -0.0638178289 -0.0342001691 0.136000007
v -0.0550622679 -0.0411790088 0.136000007
v -0.0534202904 -0.0370306969 0.136000007
v -0.0632763281 -0.0420963801 0.136000007
v -0.065821372 -0.0379940383 0.136000007
v -0.0604759678 -0.0460288711 0.136000007
v -0.0564016812 -0.0454346687 0.136000007
v -0.0574315861 -0.0497756191 0.136000007
v -0.026903851 -0.0672201589 0.136000007
v -0.0214134492 -0.0729209408 0.136000007
v -0.0259999987 -0.071414277 0.136000007
v -0.0157107785 -0.066938296 0.136000007
v -0.0167404991 -0.0741333589 0.136000007
v -0.0140013499 -0.0710592717 0.136000007
v -0.0120000001 -0.0750466436 0.136000007
v -0.0207931306 -0.0615844578 0.136000007
v -0.0171194393 -0.0627050549 0.136000007
v -0.0275414102 -0.0629773885 0.136000007
v -0.0243942179 -0.0602488406 0.136000007
v -0.0279101301 -0.0587028489 0.136000007
v -0.00229069986 -0.0723679513 0.136000007
v 0.0048183701 -0.0758471116 0.136000007
v -6.88E-06 -0.0759999976 0.136000007
v 0.00813093968 -0.0682748333 0.136000007
v 0.00962418038 -0.0753881559 0.136000007
v 0.0111467298 -0.071562618 0.136000007
v 0.0143911596 -0.0746250153 0.136000007
v 0.00152398006 -0.0649821237 0.136000007
v 0.00535938982 -0.0647786781 0.136000007
v -0.00434091967 -0.0685990974 0.136000007
v -0.00231674989 -0.064958699 0.136000007
v -0.00614938978 -0.0647084638 0.136000007
v -0.0716662854 -0.0103106592 0.136000007
v -0.0738581195 -0.0179158784 0.136000007
v -0.0748465732 -0.0131904799 0.136000007
v -0.0658256561 -0.0198632088 0.136000007
v -0.0725716278 -0.0225689784 0.136000007
v -0.0685398057 -0.0234041084 0.136000007
v -0.0709923059 -0.027131021 0.136000007
v -0.0637302697 -0.0127848601 0.136000007
v -0.0628638864 -0.01652666 0.136000007
v -0.0683107153 -0.00763712963 0.136000007
v -0.0643741339 -0.00899840984 0.136000007
v -0.0647932217 -0.00518054003 0.136000007
v -0.0642595366 0.00978319999 0.136000007
v -0.0647251904 0.00597072998 0.136000007
v -0.0686495006 0.00384838996 0.136000007
v -0.0708707348 0.0148224598 0.136000007
v -0.0668031275 0.0161870793 0.136000007
v -0.0635695308 0.0135615095 0.136000007
v -0.0626575723 0.0172924697 0.136000007
v -0.0755315199 0.0084255496 0.136000007
v -0.074844189 0.01320404 0.136000007
v -0.07591407 0.00361304986 0.136000007
v -0.0724110305 0.00144933001 0.136000007
v -0.0759902969 -0.00121401995 0.136000007
v -0.0383564718 0.0288579985 0.138999999
v -0.0372439995 0.0252563991 0.135999978
v -0.0426464155 0.0220291987 0.138999999
v -0.0403137207 0.0199951008 0.135999978
v -0.0457325578 0.0145785697 0.138999999
v -0.0426447801 0.0143674295 0.135999978
v -0.0441944487 0.00847649947 0.136000007
v -0.0475277714 0.00671641994 0.138999999
v -0.0372439995 0.0252563991 0.135999978
v -0.0372439772 0.0252563991 0.0819999948
v -0.0403137207 0.0199951008 0.135999978
v -0.0350662395 0.0282020997 0.0799999982
v -0.0252563991 0.0372439995 0.135999978
v -0.0280730389 0.0340055376 0.138999999
v -0.0288579985 0.0383564569 0.138999999
v -0.0250633694 0.0338936895 0.136000007
v -0.025989579 0.0306681897 0.136000007
v -0.0300520398 0.0300520398 0.138999999
v -0.0279307198 0.0279307198 0.136000007
v -0.0306681897 0.025989579 0.136000007
v -0.0340055488 0.0280730389 0.138999999
v -0.0338936895 0.0250633694 0.136000007
v -0.0372439995 0.0252563991 0.135999978
v -0.0383564718 0.0288579985 0.138999999
v -0.0529644825 0.0376797579 0.136000007
v -0.0550975055 0.0344857089 0.136000007
v -0.057238102 0.0380588993 0.136000007
v -0.0570381694 0.0311712585 0.136000007
v -0.0615271255 0.0381677784 0.136000007
v -0.0631932095 0.0270958077 0.136000007
v -0.0587796681 0.0277479682 0.136000007
v -0.0680947006 0.0337507203 0.136000007
v -0.0658144876 0.0380059592 0.136000007
v -0.070100151 0.0293592997 0.136000007
v -0.0675484091 0.0261279512 0.136000007
v -0.0718227476 0.0248494092 0.136000007
v 0.0438961796 -0.00419489993 0.138999999
v 0.0475277714 -0.00671641994 0.138999999
v 0.0441944487 -0.00847649947 0.136000007
v 0.0416889265 -0.00624398002 0.136000007
v 0.0400630906 -0.00330826989 0.136000007
v 0.0425000004 0 0.138999999
v 0.0394999981 0 0.136000007
v 0.0400630906 0.00330826989 0.136000007
v 0.0438961796 0.00419489993 0.138999999
v 0.0416889265 0.00624398002 0.136000007
v 0.0441944487 0.00847649947 0.136000007
v 0.0475277714 0.00671641994 0.138999999
v 0.0615271255 -0.0381677784 0.136000007
v 0.0680947006 -0.0337507203 0.136000007
v 0.0658144876 -0.0380059592 0.136000007
v 0.0631932095 -0.0270958077 0.136000007
v 0.070100151 -0.0293592997 0.136000007
v 0.0675484091 -0.0261279512 0.136000007
v 0.0718227476 -0.0248494092 0.136000007
v 0.0570381694 -0.0311712585 0.136000007
v 0.0587796681 -0.0277479682 0.136000007
v 0.057238102 -0.0380588993 0.136000007
v 0.0550975055 -0.0344857089 0.136000007
v 0.0529644825 -0.0376797579 0.136000007
v 0.00847650971 0.0441944487 0.135999992
v 0.00847649947 0.0441944487 0.0819999948
v 0.00624398002 0.0416889377 0.136000007
v 0.00624398002 0.0416889265 0.0819999948
v 0.00330826989 0.0400630906 0.136000007
v 0.00330826989 0.0400630906 0.0819999948
v -0 0.0394999981 0.0819999948
v -0 0.0394999981 0.136000007
v -0.00330826989 0.0400630906 0.0819999948
v -0.00330828014 0.0400630906 0.136000007
v -0.00624398002 0.0416889265 0.0819999948
v -0.00624398002 0.0416889377 0.136000007
v -0.00847649947 0.0441944487 0.0819999948
v -0.00847650971 0.0441944487 0.135999978
v -0.0111467298 0.071562618 0.136000007
v -0.0143911596 0.0746250153 0.136000007
v -0.00962418038 0.0753881559 0.136000007
v -0.00813093968 0.0682748333 0.136000007
v -0.0048183701 0.0758471116 0.136000007
v 0.00229069986 0.0723679513 0.136000007
v 6.88E-06 0.0759999976 0.136000007
v -0.00152398006 0.0649821237 0.136000007
v -0.00535938982 0.0647786781 0.136000007
v 0.00434091967 0.0685990974 0.136000007
v 0.00231674989 0.064958699 0.136000007
v 0.00614938978 0.0647084638 0.136000007
v -0.0733731091 0.0806063712 0.121999919
v -0.0558754764 0.0755905434 0.142999992
v -0.067334041 0.0655905977 0.142999992
v -0.0860953629 0.0668475106 0.121999919
v -0.0770300105 0.0538737103 0.142999992
v -0.0962729231 0.0511128604 0.121999919
v -0.0847095922 0.0407465771 0.142999992
v -0.10360498 0.0338674784 0.121999919
v -0.0860953629 0.0668475106 0.121999919
v -0.0733731091 0.0806063712 0.109999999
v -0.0733731091 0.0806063712 0.121999919
v -0.0860953629 0.0668475106 0.109999999
v -0.0962729231 0.0511128604 0.121999919
v -0.0962729231 0.0511128493 0.109999999
v -0.10360498 0.0338674784 0.121999919
v -0.103604995 0.0338674672 0.109999977
v -0.0546369478 0.0651137754 0.142999992
v -0.0558754764 0.0755905434 0.142999992
v -0.044581268 0.0827557296 0.142999992
v -0.067334041 0.0655905977 0.142999992
v -0.0290717091 0.0798738673 0.142999992
v -0.0306524206 0.0888618529 0.142999992
v -0.0159211885 0.0926418677 0.142999992
v -0.073612161 0.0425000004 0.142999992
v -0 0.0850000009 0.142999992
v -0.000773200009 0.0939968154 0.142999992
v 0.0125755891 0.0931550041 0.142999992
v -0.0770300105 0.0538737103 0.142999992
v -0.0847095922 0.0407465771 0.142999992
v -0.0896352157 0.0283112489 0.142999992
v 0.0290717091 0.0798738673 0.142999992
v 0.0274333581 0.0899077877 0.142999992
v 0.0415729992 0.0843070894 0.142999992
v -0.0837086588 0.01476009 0.142999992
v 0.0546369478 0.0651137754 0.142999992
v -0.0920516625 0.0190392006 0.142999992
v -0.0935116485 0.00956930965 0.142999992
v -0.0939999968 0 0.142999992
v 0.0546244085 0.0764994994 0.142999992
v 0.064929001 0.0679722279 0.142999992
v 0.0750405267 0.0566120073 0.142999992
v -0.0837086588 -0.01476009 0.142999992
v 0.073612161 0.0425000004 0.142999992
v 0.0831877291 0.04376987 0.142999992
v 0.0891573504 0.0297819804 0.142999992
v -0.0938308984 -0.00563579984 0.142999992
v 0.0837086588 0.01476009 0.142999992
v -0.0933241993 -0.0112513304 0.142999992
v -0.0924817473 -0.01682638 0.142999992
v -0.0891573504 -0.0297819804 0.142999992
v 0.0924817473 0.01682638 0.142999992
v -0.073612161 -0.0425000004 0.142999992
v -0.0831877291 -0.04376987 0.142999992
v -0.0750405267 -0.0566120073 0.142999992
v 0.0933241993 0.0112513304 0.142999992
v 0.0938308984 0.00563579984 0.142999992
v 0.0939999968 0 0.142999992
v -0.0546369478 -0.0651137754 0.142999992
v 0.0837086588 -0.01476009 0.142999992
v -0.064929001 -0.0679722279 0.142999992
v -0.0546244085 -0.0764994994 0.142999992
v -0.0415729992 -0.0843070894 0.142999992
v 0.0935116485 -0.00956930965 0.142999992
v 0.0920516625 -0.0190392006 0.142999992
v 0.0896352157 -0.0283112489 0.142999992
v -0.0290717091 -0.0798738673 0.142999992
v -0.0274333581 -0.0899077877 0.142999992
v -0.0125755891 -0.0931550041 0.142999992
v 0.073612161 -0.0425000004 0.142999992
v -0 -0.0850000009 0.142999992
v 0.000773200009 -0.0939968154 0.142999992
v 0.0159211885 -0.0926418677 0.142999992
v 0.0847095922 -0.0407465771 0.142999992
v 0.0770300105 -0.0538737103 0.142999992
v 0.067334041 -0.0655905977 0.142999992
v 0.0290717091 -0.0798738673 0.142999992
v 0.0306524206 -0.0888618529 0.142999992
v 0.044581268 -0.0827557296 0.142999992
v 0.0546369478 -0.0651137754 0.142999992
v 0.0558754764 -0.0755905434 0.142999992
v -0.01261706 0.0617236607 0.138999999
v -0.0163530596 0.0629092753 0.136999995
v -0.0166277103 0.0660635903 0.138999999
v -0.0176668894 0.0604721494 0.138999999
v -0.0193831399 0.0659467503 0.136999995
v -0.0200401489 0.0618335903 0.136999995
v -0.0209900998 0.0700497925 0.138999999
v -0.0225987397 0.0687870905 0.136999995
v -0.02259624 0.0588082485 0.138999999
v -0.0236572698 0.0605419986 0.136999995
v -0.0259870589 0.0714190006 0.136999995
v -0.0256731696 0.0736538395 0.138999999
v -0.027191788 0.0590390302 0.136999995
v -0.0273714885 0.0567432866 0.138999999
v -0.0318964384 0.0711801797 0.138999999
v -0.030469019 0.0696249902 0.136999995
v -0.0348280407 0.0675500408 0.136999995
v -0.0378845818 0.0681818053 0.138999999
v -0.0325027183 0.0599301793 0.138999999
v -0.0309919491 0.0613764077 0.136999995
v -0.0349503569 0.0634344593 0.136999995
v -0.0379283689 0.0625849962 0.138999999
v -0.0390465185 0.0652025193 0.136999995
v -0.0435934477 0.0646808371 0.138999999
v 6.88E-06 0.0759999976 0.136999995
v -0.0048183701 0.0758471116 0.136999995
v -0.00562779 0.0777967125 0.138999999
v -0.00962418038 0.0753881559 0.136999995
v 0.00106620998 0.0779927075 0.138999999
v -0.0122803105 0.0770272315 0.138999999
v 0.0042341901 0.0730043054 0.138999999
v 0.00229069986 0.0723679513 0.136999995
v 0.00434091967 0.0685990974 0.136999995
v 0.00697014993 0.0677664801 0.138999999
v -0.0143911596 0.0746250153 0.136999995
v -0.0188423004 0.0756899491 0.138999999
v -0.01423568 0.0717829168 0.138999999
v -0.0111467298 0.071562618 0.136999995
v 0.00614938978 0.0647084638 0.136999995
v 0.00925457012 0.0623165593 0.138999999
v -0.0100452397 0.0674325302 0.138999999
v -0.00813093968 0.0682748333 0.136999995
v -0.00535938982 0.0647786781 0.136999995
v -0.00631343992 0.0626828596 0.138999999
v -0.00357517973 0.0649015978 0.136999995
v 0.00408125017 0.0628676713 0.138999999
v 0.00410299981 0.0648703724 0.136999995
v 0.00205252995 0.0649675801 0.136999995
v -0.00111991994 0.062990047 0.138999999
v -0.00178826996 0.0649753958 0.136999995
v -0 0.0649999976 0.136999995
v -0.00178826996 0.0649753958 0.136999995
v -0.00152398006 0.0649821237 0.136000007
v -0 0.0649999976 0.136999995
v -0.00357517973 0.0649015978 0.136999995
v -0.00535938982 0.0647786781 0.136000007
v -0.00535938982 0.0647786781 0.136999995
v 0.00231674989 0.064958699 0.136000007
v 0.00205252995 0.0649675801 0.136999995
v 0.00410299981 0.0648703724 0.136999995
v -0.00813093968 0.0682748333 0.136000007
v -0.00813093968 0.0682748333 0.136999995
v -0.0111467298 0.071562618 0.136999995
v -0.0111467298 0.071562618 0.136000007
v 0.00614938978 0.0647084638 0.136000007
v 0.00614938978 0.0647084638 0.136999995
v 0.00434091967 0.0685990974 0.136999995
v 0.00434091967 0.0685990974 0.136000007
v 0.00229069986 0.0723679513 0.136999995
v 0.00229069986 0.0723679513 0.136000007
v 6.88E-06 0.0759999976 0.136999995
v 6.88E-06 0.0759999976 0.136000007
v -0.0048183701 0.0758471116 0.136999995
v -0.0048183701 0.0758471116 0.136000007
v -0.00962418038 0.0753881559 0.136999995
v -0.00962418038 0.0753881559 0.136000007
v -0.0143911596 0.0746250153 0.136999995
v -0.0143911596 0.0746250153 0.136000007
v 0.0435293801 0.0482720695 0.136999995
v 0.0396313071 0.0489730388 0.138999999
v 0.0406022668 0.0507587977 0.136999995
v 0.0375333987 0.0530682877 0.136999995
v 0.0435369685 0.0455360487 0.138999999
v 0.0354553871 0.0520760491 0.138999999
v 0.0463044979 0.0456168056 0.136999995
v 0.0471457168 0.0417885296 0.138999999
v 0.0488989018 0.0474318117 0.138999999
v 0.0474199913 0.0497596674 0.136999995
v 0.0356496982 0.0581132695 0.138999999
v 0.0376575477 0.057528019 0.136999995
v 0.0374606699 0.0619851276 0.136999995
v 0.0352360085 0.0641394258 0.138999999
v 0.0501698405 0.0532028563 0.138999999
v 0.0482719988 0.0539646298 0.136999995
v 0.0369437784 0.0664165393 0.136999995
v 0.0342185199 0.0700934604 0.138999999
v 0.0401048884 0.0668999106 0.138999999
v 0.0410860293 0.0639369935 0.136999995
v 0.0488571301 0.0582149476 0.136999995
v 0.0509495102 0.0590605401 0.138999999
v 0.0456956178 0.0632132068 0.138999999
v 0.0450624898 0.0611994378 0.136999995
v 0.0564016812 0.0454346687 0.136999995
v 0.0550622679 0.0411790088 0.136000007
v 0.0550622679 0.0411790088 0.136999995
v 0.0534202904 0.0370306969 0.136999995
v 0.0564016812 0.0454346687 0.136000007
v 0.0534202904 0.0370306969 0.136000007
v 0.0555141866 0.0338108689 0.136999995
v 0.0555141866 0.0338108689 0.136000007
v 0.0574142598 0.0304729883 0.136999995
v 0.0574142598 0.0304729789 0.136000007
v 0.0591138601 0.0270286985 0.136999995
v 0.0591138601 0.0270286985 0.136000007
v 0.0615790151 0.0305401981 0.136999995
v 0.0615790151 0.0305401981 0.136000007
v 0.0638178289 0.0342001691 0.136999995
v 0.0638178289 0.0342001691 0.136000007
v 0.065821372 0.0379940383 0.136999995
v 0.065821372 0.0379940383 0.136000007
v 0.0632763281 0.0420963801 0.136999995
v 0.0632763281 0.0420963801 0.136000007
v 0.0604759678 0.0460288711 0.136999995
v 0.0604759678 0.0460288711 0.136000007
v 0.0574315861 0.0497756191 0.136999995
v 0.0574315861 0.0497756191 0.136000007
v 0.0534202904 0.0370306969 0.136999995
v 0.0511282273 0.0368090272 0.138999999
v 0.0533756576 0.0424157009 0.138999999
v 0.0539910197 0.0324648991 0.138999999
v 0.0550622679 0.0411790088 0.136999995
v 0.0555141866 0.0338108689 0.136999995
v 0.0564016812 0.0454346687 0.136999995
v 0.0574142598 0.0304729883 0.136999995
v 0.0550479889 0.0482199192 0.138999999
v 0.0564856194 0.0278993696 0.138999999
v 0.0574315861 0.0497756191 0.136999995
v 0.0561282672 0.0541628785 0.138999999
v 0.060567379 0.0491486676 0.138999999
v 0.0604759678 0.0460288711 0.136999995
v 0.0591138601 0.0270286985 0.136999995
v 0.058594998 0.0231435802 0.138999999
v 0.0621725693 0.0278469194 0.138999999
v 0.0615790151 0.0305401981 0.136999995
v 0.0645600334 0.0437721573 0.138999999
v 0.0632763281 0.0420963801 0.136999995
v 0.0653406829 0.0328352414 0.138999999
v 0.0638178289 0.0342001691 0.136999995
v 0.065821372 0.0379940383 0.136999995
v 0.068076767 0.0380729884 0.138999999
v 0.0628638864 0.01652666 0.136999995
v 0.060634248 0.0171022899 0.138999999
v 0.064663738 0.0216021705 0.138999999
v 0.0618386082 0.012041009 0.138999999
v 0.0658256561 0.0198632088 0.136999995
v 0.0637302697 0.0127848601 0.136999995
v 0.0685398057 0.0234041084 0.136999995
v 0.0643741339 0.00899840984 0.136999995
v 0.068220377 0.0264843795 0.138999999
v 0.0626212582 0.00689760968 0.138999999
v 0.0709923059 0.027131021 0.136999995
v 0.0712681189 0.03169946 0.138999999
v 0.0737245604 0.0254693795 0.138999999
v 0.0725716278 0.0225689784 0.136999995
v 0.0647932217 0.00518054003 0.136999995
v 0.062976867 0.00170717994 0.138999999
v 0.0679473132 0.00490326993 0.138999999
v 0.0683107153 0.00763712963 0.136999995
v 0.0756375492 0.0190515481 0.138999999
v 0.0738581195 0.0179158784 0.136999995
v 0.0726304725 0.00850719959 0.138999999
v 0.0716662854 0.0103106592 0.136999995
v 0.0748465732 0.0131904799 0.136999995
v 0.0769929662 0.0124932798 0.138999999
v 0.0647251904 -0.00597072998 0.136999995
v 0.0681524202 -0.00181690999 0.138999999
v 0.0686495006 -0.00384838996 0.136999995
v 0.0724110305 -0.00144933001 0.136999995
v 0.0628268793 -0.00466724019 0.138999999
v 0.0731643811 0.00155443989 0.138999999
v 0.0622275472 -0.00983519945 0.138999999
v 0.0642595366 -0.00978319999 0.136999995
v 0.0635695308 -0.0135615095 0.136999995
v 0.0612038709 -0.0149360998 0.138999999
v 0.0759902969 0.00121401995 0.136999995
v 0.0778119788 0.00541261956 0.138999999
v 0.077989459 -0.00128189998 0.138999999
v 0.07591407 -0.00361304986 0.136999995
v 0.0626575723 -0.0172924697 0.136999995
v 0.0597627759 -0.0199351292 0.138999999
v 0.0655265972 -0.0186317805 0.138999999
v 0.0668031275 -0.0161870793 0.136999995
v 0.07759206 -0.00796695985 0.138999999
v 0.0755315199 -0.0084255496 0.136999995
v 0.0711599514 -0.0168469287 0.138999999
v 0.0708707348 -0.0148224598 0.136999995
v 0.074844189 -0.01320404 0.136999995
v 0.0766226798 -0.0145932995 0.138999999
v 0.0718227476 -0.0248494092 0.136999995
v 0.0692836791 -0.0235630013 0.138999999
v 0.0749705583 -0.0215270594 0.138999999
v 0.0728476867 -0.0278785601 0.138999999
v 0.0675484091 -0.0261279512 0.136999995
v 0.070100151 -0.0293592997 0.136999995
v 0.0634209067 -0.0250168294 0.138999999
v 0.0631932095 -0.0270958077 0.136999995
v 0.070187822 -0.0340245366 0.138999999
v 0.0680947006 -0.0337507203 0.136999995
v 0.0658144876 -0.0380059592 0.136999995
v 0.0670105591 -0.0399197191 0.138999999
v 0.0642468557 -0.0380965583 0.136999995
v 0.0587796681 -0.0277479682 0.136999995
v 0.0574416667 -0.0258738305 0.138999999
v 0.0611064881 -0.0401690714 0.138999999
v 0.0551109388 -0.0305251498 0.138999999
v 0.0570381694 -0.0311712585 0.136999995
v 0.0550975055 -0.0344857089 0.136999995
v 0.0524043776 -0.0349682979 0.138999999
v 0.0626775548 -0.0381509401 0.136999995
v 0.0611074083 -0.0381690674 0.136999995
v 0.0583872981 -0.0381146483 0.136999995
v 0.0529644825 -0.0376797579 0.136999995
v 0.0493404269 -0.0391729698 0.138999999
v 0.0552024208 -0.0399195589 0.138999999
v 0.055671528 -0.0379514582 0.136999995
v 0.0718227476 -0.0248494092 0.136999995
v 0.0718227476 -0.0248494092 0.136000007
v 0.0675484091 -0.0261279512 0.136000007
v 0.070100151 -0.0293592997 0.136000007
v 0.0675484091 -0.0261279512 0.136999995
v 0.070100151 -0.0293592997 0.136999995
v 0.0631932095 -0.0270958077 0.136000007
v 0.0680947006 -0.0337507203 0.136000007
v 0.0631932095 -0.0270958077 0.136999995
v 0.0680947006 -0.0337507203 0.136999995
v 0.0587796681 -0.0277479682 0.136000007
v 0.0587796681 -0.0277479682 0.136999995
v 0.0570381694 -0.0311712585 0.136999995
v 0.0570381694 -0.0311712585 0.136000007
v 0.0550975055 -0.0344857089 0.136999995
v 0.0550975055 -0.0344857089 0.136000007
v 0.0529644825 -0.0376797579 0.136999995
v 0.0529644825 -0.0376797579 0.136000007
v 0.055671528 -0.0379514582 0.136999995
v 0.057238102 -0.0380588993 0.136000007
v 0.0583872981 -0.0381146483 0.136999995
v 0.0658144876 -0.0380059592 0.136000007
v 0.0658144876 -0.0380059592 0.136999995
v 0.0642468557 -0.0380965583 0.136999995
v 0.0615271255 -0.0381677784 0.136000007
v 0.0611074083 -0.0381690674 0.136999995
v 0.0626775548 -0.0381509401 0.136999995
v 0.0820000246 1.69999998E-06 0.123999991
v 0.0779862255 0.02534068 0.123999991
v 0.0599999987 0 0.123999991
v 0.0779870003 -0.0253380798 0.123999991
v 0.0563815571 0.0205212086 0.123999991
v 0.0563815571 -0.0205212086 0.123999991
v 0.0663388073 0.0481991917 0.123999991
v 0.0663399398 -0.0481975414 0.123999991
v 0.0459626727 0.0385672599 0.123999991
v 0.0459626727 -0.0385672599 0.123999991
v 0.048197858 0.066339761 0.123999991
v 0.0481988899 -0.0663389489 0.123999991
v 0.0299999993 0.0519615225 0.123999991
v 0.0299999993 -0.0519615225 0.123999991
v 0.0253390893 0.0779866874 0.123999991
v 0.0253396705 -0.0779864788 0.123999991
v 0.0104188891 0.0590884574 0.123999991
v 0.0104188891 -0.0590884574 0.123999991
v 3.99999998E-08 0.0819999501 0.123999991
v -3.99999998E-08 -0.0819999501 0.123999991
v -0.0104188891 0.0590884574 0.123999991
v -0.0104188891 -0.0590884574 0.123999991
v -0.0253396705 0.0779864788 0.123999991
v -0.0253390893 -0.0779866874 0.123999991
v -0.0299999993 0.0519615225 0.123999991
v -0.0299999993 -0.0519615225 0.123999991
v -0.0481988899 0.0663389489 0.123999991
v -0.048197858 -0.066339761 0.123999991
v -0.0459626727 0.0385672599 0.123999991
v -0.0459626727 -0.0385672599 0.123999991
v -0.0663399398 0.0481975414 0.123999991
v -0.0663388073 -0.0481991917 0.123999991
v -0.0563815571 0.0205212086 0.123999991
v -0.0563815571 -0.0205212086 0.123999991
v -0.0779870003 0.0253380798 0.123999991
v -0.0779862255 -0.02534068 0.123999991
v -0.0599999987 0 0.123999991
v -0.0819999501 -1.69999998E-06 0.123999991
v 0.0910000503 0 0.11499998
v 0.0865461454 0.0281205513 0.105999999
v 0.0865461901 0.0281205382 0.11499998
v 0.0736205876 0.0534884483 0.11499998
v 0.0909999982 0 0.105999999
v 0.0736205429 0.0534884594 0.105999999
v 0.0865461454 -0.0281205513 0.105999999
v 0.0534884855 0.073620528 0.11499998
v 0.0865461156 -0.0281205382 0.114999972
v 0.0534884594 0.0736205429 0.105999999
v 0.0736205429 -0.0534884594 0.105999999
v 0.0281205792 0.086546123 0.11499998
v 0.0736205056 -0.0534884483 0.114999972
v 0.0281205513 0.0865461454 0.105999999
v 0.0534884594 -0.0736205429 0.105999999
v 3.99999998E-08 0.0909999833 0.11499998
v 0.0534884296 -0.0736205354 0.114999972
v -0 0.0909999982 0.105999999
v 0.0281205513 -0.0865461454 0.105999999
v -0.0294201393 0.0861130133 0.11499998
v 0.0281205103 -0.086546123 0.114999972
v -0.0294201709 0.0861130208 0.105999999
v -0 -0.0909999982 0.105999999
v -0.0556804091 0.0719769821 0.11499998
v -3.99999998E-08 -0.0909999833 0.114999972
v -0.0556804389 0.071976997 0.105999999
v -0.0281205513 -0.0865461454 0.105999999
v -0.075960286 0.0501102097 0.114999957
v -0.0281205792 -0.086546123 0.114999972
v -0.0759603009 0.0501102097 0.105999999
v -0.0534884594 -0.0736205429 0.105999999
v -0.0534884967 -0.0736205354 0.114999972
v -0.0736205429 -0.0534884594 0.105999999
v -0.0736205876 -0.0534884483 0.114999972
v -0.0865461454 -0.0281205513 0.105999999
v -0.0865461901 -0.0281205513 0.114999972
v -0.0778895468 0.0470554754 0.114999942
v -0.0778895468 0.0470554754 0.105999999
v -0.079696022 0.0439265817 0.105999999
v -0.079696022 0.0439265817 0.114999942
v -0.0813768655 0.0407284386 0.105999999
v -0.0813768581 0.0407284386 0.11499995
v -0.0866800845 0.0277049206 0.105999999
v -0.0866800845 0.0277049076 0.11499995
v -0.0899135396 0.0140198395 0.105999999
v -0.0899135396 0.0140198395 0.11499995
v -0.0909999982 0 0.105999999
v -0.0910000578 0 0.114999972
v -0.0599999987 0 0.0819999948
v -0.0549999997 0 0.0769999996
v -0.0563815571 0.0205212086 0.0819999948
v -0.0563815571 -0.0205212086 0.0819999948
v -0.0516830906 0.0188111104 0.0769999996
v -0.0516830906 -0.0188111104 0.0769999996
v -0.0421324372 0.0353533179 0.0769999996
v -0.0459626727 -0.0385672599 0.0819999948
v -0.0459626727 0.0385672599 0.0819999948
v -0.0421324372 -0.0353533179 0.0769999996
v -0.0274999999 0.0476314016 0.0769999996
v -0.0299999993 -0.0519615225 0.0819999948
v -0.0299999993 0.0519615225 0.0819999948
v -0.0274999999 -0.0476314016 0.0769999996
v -0.00955064967 0.0541644283 0.0769999996
v -0.0104188891 -0.0590884574 0.0819999948
v -0.0104188891 0.0590884574 0.0819999948
v -0.00955064967 -0.0541644283 0.0769999996
v 0.00955064967 0.0541644283 0.0769999996
v 0.0104188891 -0.0590884574 0.0819999948
v 0.0104188891 0.0590884574 0.0819999948
v 0.00955064967 -0.0541644283 0.0769999996
v 0.0274999999 0.0476314016 0.0769999996
v 0.0299999993 -0.0519615225 0.0819999948
v 0.0299999993 0.0519615225 0.0819999948
v 0.0274999999 -0.0476314016 0.0769999996
v 0.0421324372 0.0353533179 0.0769999996
v 0.0459626727 -0.0385672599 0.0819999948
v 0.0459626727 0.0385672599 0.0819999948
v 0.0421324372 -0.0353533179 0.0769999996
v 0.0516830906 0.0188111104 0.0769999996
v 0.0563815571 0.0205212086 0.0819999948
v 0.0563815571 -0.0205212086 0.0819999948
v 0.0516830906 -0.0188111104 0.0769999996
v 0.0549999997 0 0.0769999996
v 0.0599999987 0 0.0819999948
v -0.0737245604 -0.0254693795 0.138999999
v -0.0709923059 -0.027131021 0.136999995
v -0.0712681189 -0.03169946 0.138999999
v -0.068220377 -0.0264843795 0.138999999
v -0.0725716278 -0.0225689784 0.136999995
v -0.0685398057 -0.0234041084 0.136999995
v -0.0756375492 -0.0190515481 0.138999999
v -0.0738581195 -0.0179158784 0.136999995
v -0.064663738 -0.0216021705 0.138999999
v -0.0658256561 -0.0198632088 0.136999995
v -0.0748465732 -0.0131904799 0.136999995
v -0.0769929662 -0.0124932798 0.138999999
v -0.0628638864 -0.01652666 0.136999995
v -0.060634248 -0.0171022899 0.138999999
v -0.0726304725 -0.00850719959 0.138999999
v -0.0716662854 -0.0103106592 0.136999995
v -0.0683107153 -0.00763712963 0.136999995
v -0.0679473132 -0.00490326993 0.138999999
v -0.0618386082 -0.012041009 0.138999999
v -0.0637302697 -0.0127848601 0.136999995
v -0.0643741339 -0.00899840984 0.136999995
v -0.0626212582 -0.00689760968 0.138999999
v -0.0647932217 -0.00518054003 0.136999995
v -0.062976867 -0.00170717994 0.138999999
v -0.0709923059 -0.027131021 0.136999995
v -0.0709923059 -0.027131021 0.136000007
v -0.0685398057 -0.0234041084 0.136000007
v -0.0725716278 -0.0225689784 0.136000007
v -0.0685398057 -0.0234041084 0.136999995
v -0.0725716278 -0.0225689784 0.136999995
v -0.0738581195 -0.0179158784 0.136000007
v -0.0738581195 -0.0179158784 0.136999995
v -0.0748465732 -0.0131904799 0.136000007
v -0.0748465732 -0.0131904799 0.136999995
v -0.0716662854 -0.0103106592 0.136000007
v -0.0716662854 -0.0103106592 0.136999995
v -0.0683107153 -0.00763712963 0.136000007
v -0.0683107153 -0.00763712963 0.136999995
v -0.0647932217 -0.00518054003 0.136000007
v -0.0647932217 -0.00518054003 0.136999995
v -0.0643741339 -0.00899840984 0.136000007
v -0.0643741339 -0.00899840984 0.136999995
v -0.0637302697 -0.0127848601 0.136000007
v -0.0637302697 -0.0127848601 0.136999995
v -0.0628638864 -0.01652666 0.136000007
v -0.0628638864 -0.01652666 0.136999995
v -0.0658256561 -0.0198632088 0.136000007
v -0.0658256561 -0.0198632088 0.136999995
v -0.0642468557 0.0380965583 0.136999995
v -0.0658144876 0.0380059592 0.136000007
v -0.0658144876 0.0380059592 0.136999995
v -0.0680947006 0.0337507203 0.136999995
v -0.0680947006 0.0337507203 0.136000007
v -0.070100151 0.0293592997 0.136999995
v -0.070100151 0.0293592997 0.136000007
v -0.0615271255 0.0381677784 0.136000007
v -0.0718227476 0.0248494092 0.136999995
v -0.0718227476 0.0248494092 0.136000007
v -0.0675484091 0.0261279512 0.136000007
v -0.0675484091 0.0261279512 0.136999995
v -0.0626775548 0.0381509401 0.136999995
v -0.0611074083 0.0381690674 0.136999995
v -0.0583872981 0.0381146483 0.136999995
v -0.057238102 0.0380588993 0.136000007
v -0.055671528 0.0379514582 0.136999995
v -0.0529644825 0.0376797579 0.136000007
v -0.0529644825 0.0376797579 0.136999995
v -0.0550975055 0.0344857089 0.136000007
v -0.0550975055 0.0344857089 0.136999995
v -0.0570381694 0.0311712585 0.136000007
v -0.0570381694 0.0311712585 0.136999995
v -0.0587796681 0.0277479682 0.136000007
v -0.0587796681 0.0277479682 0.136999995
v -0.0631932095 0.0270958077 0.136000007
v -0.0631932095 0.0270958077 0.136999995
v -0.0558311306 0.0515643768 0.136999995
v -0.0589923002 0.04791563 0.136999995
v -0.0589194112 0.0511126518 0.138999999
v -0.0603826903 0.0472555757 0.137675658
v -0.0630865991 0.0458702706 0.138999999
v -0.054317899 0.0559782572 0.138999999
v -0.0524446554 0.0550050586 0.136999995
v -0.0570463389 0.0458383895 0.138999999
v -0.0589923002 0.04791563 0.136999995
v -0.0545384586 0.0476551577 0.136999995
v -0.0488465764 0.0582237989 0.136999995
v -0.049315989 0.0604312271 0.138999999
v -0.0510399006 0.0451993607 0.138999999
v -0.0501148701 0.0470750891 0.136999995
v -0.0436826795 0.0586462282 0.138999999
v -0.04476244 0.0569094978 0.136999995
v -0.0407693088 0.0553402491 0.136999995
v -0.0382200107 0.0563924573 0.138999999
v -0.0457444601 0.0461783968 0.136999995
v -0.0451281406 0.0439596511 0.138999999
v -0.0368830897 0.0535223074 0.136999995
v -0.0329668894 0.0536859781 0.138999999
v -0.0372841395 0.0507827997 0.138999999
v -0.0399799086 0.051250428 0.136999995
v -0.0413471311 0.0475333109 0.138999999
v -0.0429371484 0.0487996079 0.136999995
v -0.077989459 0.00128189998 0.138999999
v -0.0759902969 -0.00121401995 0.136999995
v -0.0778119788 -0.00541261956 0.138999999
v -0.0731643811 -0.00155443989 0.138999999
v -0.07591407 0.00361304986 0.136999995
v -0.0724110305 0.00144933001 0.136999995
v -0.07759206 0.00796695985 0.138999999
v -0.0755315199 0.0084255496 0.136999995
v -0.0681524202 0.00181690999 0.138999999
v -0.0686495006 0.00384838996 0.136999995
v -0.074844189 0.01320404 0.136999995
v -0.0766226798 0.0145932995 0.138999999
v -0.0647251904 0.00597072998 0.136999995
v -0.0628268793 0.00466724019 0.138999999
v -0.0711599514 0.0168469287 0.138999999
v -0.0708707348 0.0148224598 0.136999995
v -0.0668031275 0.0161870793 0.136999995
v -0.0655265972 0.0186317805 0.138999999
v -0.0622275472 0.00983519945 0.138999999
v -0.0642595366 0.00978319999 0.136999995
v -0.0635695308 0.0135615095 0.136999995
v -0.0612038709 0.0149360998 0.138999999
v -0.0626575723 0.0172924697 0.136999995
v -0.0597627759 0.0199351292 0.138999999
v -0.0724110305 0.00144933001 0.136999995
v -0.0686495006 0.00384838996 0.136000007
v -0.0686495006 0.00384838996 0.136999995
v -0.0647251904 0.00597072998 0.136999995
v -0.0724110305 0.00144933001 0.136000007
v -0.0647251904 0.00597072998 0.136000007
v -0.0642595366 0.00978319999 0.136999995
v -0.0642595366 0.00978319999 0.136000007
v -0.0635695308 0.0135615095 0.136999995
v -0.0635695308 0.0135615095 0.136000007
v -0.0626575723 0.0172924697 0.136999995
v -0.0626575723 0.0172924697 0.136000007
v -0.0668031275 0.0161870793 0.136999995
v -0.0668031275 0.0161870793 0.136000007
v -0.0708707348 0.0148224598 0.136999995
v -0.0708707348 0.0148224598 0.136000007
v -0.074844189 0.01320404 0.136999995
v -0.074844189 0.01320404 0.136000007
v -0.0755315199 0.0084255496 0.136999995
v -0.0755315199 0.0084255496 0.136000007
v -0.07591407 0.00361304986 0.136999995
v -0.07591407 0.00361304986 0.136000007
v -0.0759902969 -0.00121401995 0.136999995
v -0.0759902969 -0.00121401995 0.136000007
v -0.0728476867 0.0278785601 0.138999999
v -0.0718227476 0.0248494092 0.136999995
v -0.0749705583 0.0215270594 0.138999999
v -0.0692836791 0.0235630013 0.138999999
v -0.070100151 0.0293592997 0.136999995
v -0.0675484091 0.0261279512 0.136999995
v -0.070187822 0.0340245366 0.138999999
v -0.0680947006 0.0337507203 0.136999995
v -0.0658144876 0.0380059592 0.136999995
v -0.0670105591 0.0399197191 0.138999999
v -0.0642468557 0.0380965583 0.136999995
v -0.0634209067 0.0250168294 0.138999999
v -0.0631932095 0.0270958077 0.136999995
v -0.0611064881 0.0401690714 0.138999999
v -0.0587796681 0.0277479682 0.136999995
v -0.0574416667 0.0258738305 0.138999999
v -0.0626775548 0.0381509401 0.136999995
v -0.0611074083 0.0381690674 0.136999995
v -0.0583872981 0.0381146483 0.136999995
v -0.0551109388 0.0305251498 0.138999999
v -0.0570381694 0.0311712585 0.136999995
v -0.0550975055 0.0344857089 0.136999995
v -0.0524043776 0.0349682979 0.138999999
v -0.0552024208 0.0399195589 0.138999999
v -0.055671528 0.0379514582 0.136999995
v -0.0529644825 0.0376797579 0.136999995
v -0.0493404269 0.0391729698 0.138999999
v -0.00614938978 -0.0647084638 0.136999995
v -0.00408125017 -0.0628676713 0.138999999
v -0.00410299981 -0.0648703724 0.136999995
v -0.00205252995 -0.0649675801 0.136999995
v -0.00925457012 -0.0623165593 0.138999999
v -0.00697014993 -0.0677664801 0.138999999
v -0.00434091967 -0.0685990974 0.136999995
v 0.00111991994 -0.062990047 0.138999999
v -0.0042341901 -0.0730043054 0.138999999
v -0.00229069986 -0.0723679513 0.136999995
v -0 -0.0649999976 0.136999995
v 0.00178826996 -0.0649753958 0.136999995
v 0.00357517973 -0.0649015978 0.136999995
v 0.00631343992 -0.0626828596 0.138999999
v 0.00535938982 -0.0647786781 0.136999995
v -6.88E-06 -0.0759999976 0.136999995
v -0.00106620998 -0.0779927075 0.138999999
v 0.0100452397 -0.0674325302 0.138999999
v 0.00813093968 -0.0682748333 0.136999995
v 0.0111467298 -0.071562618 0.136999995
v 0.01423568 -0.0717829168 0.138999999
v 0.00562779 -0.0777967125 0.138999999
v 0.0048183701 -0.0758471116 0.136999995
v 0.00962418038 -0.0753881559 0.136999995
v 0.0122803105 -0.0770272315 0.138999999
v 0.0143911596 -0.0746250153 0.136999995
v 0.0188423004 -0.0756899491 0.138999999
v -0.0300099701 -0.0553931594 0.138999999
v -0.0279101301 -0.0587028489 0.136999995
v -0.0297272988 -0.0612957291 0.138999999
v -0.0253371187 -0.0576804206 0.138999999
v -0.0275414102 -0.0629773885 0.136999995
v -0.0243942179 -0.0602488406 0.136999995
v -0.0289477799 -0.0671534315 0.138999999
v -0.026903851 -0.0672201589 0.136999995
v -0.0204914901 -0.059574306 0.138999999
v -0.0207931306 -0.0615844578 0.136999995
v -0.0259999987 -0.071414277 0.136999995
v -0.0276769903 -0.0729245096 0.138999999
v -0.0171194393 -0.0627050549 0.136999995
v -0.0155061102 -0.0610619374 0.138999999
v -0.0213196483 -0.0750298128 0.138999999
v -0.0214134492 -0.0729209408 0.136999995
v -0.0167404991 -0.0741333589 0.136999995
v -0.0148051493 -0.0765820295 0.138999999
v -0.0136238504 -0.0668015182 0.138999999
v -0.0157107785 -0.066938296 0.136999995
v -0.0140013499 -0.0710592717 0.136999995
v -0.0111740399 -0.072322771 0.138999999
v -0.0120000001 -0.0750466436 0.136999995
v -0.00818151981 -0.0775697231 0.138999999
v -0.0157107785 -0.066938296 0.136999995
v -0.0171194393 -0.0627050549 0.136000007
v -0.0171194393 -0.0627050549 0.136999995
v -0.0207931306 -0.0615844578 0.136999995
v -0.0157107785 -0.066938296 0.136000007
v -0.0207931306 -0.0615844578 0.136000007
v -0.0140013499 -0.0710592717 0.136999995
v -0.0243942179 -0.0602488406 0.136999995
v -0.0140013499 -0.0710592717 0.136000007
v -0.0243942179 -0.0602488406 0.136000007
v -0.0279101301 -0.0587028489 0.136999995
v -0.0279101301 -0.0587028489 0.136000007
v -0.0275414102 -0.0629773885 0.136999995
v -0.0275414102 -0.0629773885 0.136000007
v -0.026903851 -0.0672201589 0.136999995
v -0.026903851 -0.0672201589 0.136000007
v -0.0259999987 -0.071414277 0.136999995
v -0.0259999987 -0.071414277 0.136000007
v -0.0214134492 -0.0729209408 0.136999995
v -0.0214134492 -0.0729209408 0.136000007
v -0.0167404991 -0.0741333589 0.136999995
v -0.0167404991 -0.0741333589 0.136000007
v -0.0120000001 -0.0750466436 0.136999995
v -0.0120000001 -0.0750466436 0.136000007
v -0 -0.0649999976 0.136999995
v -0.00231674989 -0.064958699 0.136000007
v -0.00205252995 -0.0649675801 0.136999995
v -0.00410299981 -0.0648703724 0.136999995
v 0.00152398006 -0.0649821237 0.136000007
v 0.00178826996 -0.0649753958 0.136999995
v 0.00357517973 -0.0649015978 0.136999995
v 0.00535938982 -0.0647786781 0.136000007
v 0.00535938982 -0.0647786781 0.136999995
v -0.00614938978 -0.0647084638 0.136000007
v -0.00614938978 -0.0647084638 0.136999995
v -0.00434091967 -0.0685990974 0.136999995
v -0.00434091967 -0.0685990974 0.136000007
v -0.00229069986 -0.0723679513 0.136999995
v -0.00229069986 -0.0723679513 0.136000007
v -6.88E-06 -0.0759999976 0.136999995
v -6.88E-06 -0.0759999976 0.136000007
v 0.0048183701 -0.0758471116 0.136999995
v 0.0048183701 -0.0758471116 0.136000007
v 0.00962418038 -0.0753881559 0.136999995
v 0.00962418038 -0.0753881559 0.136000007
v 0.0143911596 -0.0746250153 0.136999995
v 0.0143911596 -0.0746250153 0.136000007
v 0.0111467298 -0.071562618 0.136000007
v 0.0111467298 -0.071562618 0.136999995
v 0.00813093968 -0.0682748333 0.136000007
v 0.00813093968 -0.0682748333 0.136999995
v -0.0401048884 -0.0668999106 0.138999999
v -0.0369437784 -0.0664165393 0.136999995
v -0.0342185199 -0.0700934604 0.138999999
v -0.0352360085 -0.0641394258 0.138999999
v -0.0410860293 -0.0639369935 0.136999995
v -0.0374606699 -0.0619851276 0.136999995
v -0.0456956178 -0.0632132068 0.138999999
v -0.0450624898 -0.0611994378 0.136999995
v -0.0356496982 -0.0581132695 0.138999999
v -0.0376575477 -0.057528019 0.136999995
v -0.0488571301 -0.0582149476 0.136999995
v -0.0509495102 -0.0590605401 0.138999999
v -0.0375333987 -0.0530682877 0.136999995
v -0.0354553871 -0.0520760491 0.138999999
v -0.0501698405 -0.0532028563 0.138999999
v -0.0482719988 -0.0539646298 0.136999995
v -0.0474199913 -0.0497596674 0.136999995
v -0.0488989018 -0.0474318117 0.138999999
v -0.0396313071 -0.0489730388 0.138999999
v -0.0406022668 -0.0507587977 0.136999995
v -0.0435293801 -0.0482720695 0.136999995
v -0.0435369685 -0.0455360487 0.138999999
v -0.0463044979 -0.0456168056 0.136999995
v -0.0471457168 -0.0417885296 0.138999999
v -0.065821372 -0.0379940383 0.136999995
v -0.0632763281 -0.0420963801 0.136999995
v -0.0645600334 -0.0437721573 0.138999999
v -0.0604759678 -0.0460288711 0.136999995
v -0.068076767 -0.0380729884 0.138999999
v -0.060567379 -0.0491486676 0.138999999
v -0.0653406829 -0.0328352414 0.138999999
v -0.0638178289 -0.0342001691 0.136999995
v -0.0615790151 -0.0305401981 0.136999995
v -0.0621725693 -0.0278469194 0.138999999
v -0.0574315861 -0.0497756191 0.136999995
v -0.0561282672 -0.0541628785 0.138999999
v -0.0550479889 -0.0482199192 0.138999999
v -0.0564016812 -0.0454346687 0.136999995
v -0.0591138601 -0.0270286985 0.136999995
v -0.058594998 -0.0231435802 0.138999999
v -0.0564856194 -0.0278993696 0.138999999
v -0.0574142598 -0.0304729883 0.136999995
v -0.0533756576 -0.0424157009 0.138999999
v -0.0550622679 -0.0411790088 0.136999995
v -0.0539910197 -0.0324648991 0.138999999
v -0.0555141866 -0.0338108689 0.136999995
v -0.0534202904 -0.0370306969 0.136999995
v -0.0511282273 -0.0368090272 0.138999999
v -0.0376575477 -0.057528019 0.136999995
v -0.0376575477 -0.057528019 0.136000007
v -0.0375333987 -0.0530682877 0.136999995
v -0.0374606699 -0.0619851276 0.136999995
v -0.0375333987 -0.0530682877 0.136000007
v -0.0374606699 -0.0619851276 0.136000007
v -0.0406022668 -0.0507587977 0.136999995
v -0.0406022668 -0.0507587977 0.136000007
v -0.0435293801 -0.0482720695 0.136999995
v -0.0435293801 -0.0482720695 0.136000007
v -0.0463044979 -0.0456168056 0.136999995
v -0.0463044979 -0.0456168056 0.136000007
v -0.0474199913 -0.0497596674 0.136999995
v -0.0474199913 -0.0497596674 0.136000007
v -0.0482719988 -0.0539646298 0.136999995
v -0.0482719988 -0.0539646298 0.136000007
v -0.0488571301 -0.0582149476 0.136999995
v -0.0488571301 -0.0582149476 0.136000007
v -0.0450624898 -0.0611994378 0.136999995
v -0.0450624898 -0.0611994378 0.136000007
v -0.0410860293 -0.0639369935 0.136999995
v -0.0410860293 -0.0639369935 0.136000007
v -0.0369437784 -0.0664165393 0.136999995
v -0.0369437784 -0.0664165393 0.136000007
v 0.0256731696 -0.0736538395 0.138999999
v 0.0259870589 -0.0714190006 0.136999995
v 0.0318964384 -0.0711801797 0.138999999
v 0.0209900998 -0.0700497925 0.138999999
v 0.030469019 -0.0696249902 0.136999995
v 0.0225987397 -0.0687870905 0.136999995
v 0.0348280407 -0.0675500408 0.136999995
v 0.0193831399 -0.0659467503 0.136999995
v 0.0378845818 -0.0681818053 0.138999999
v 0.0166277103 -0.0660635903 0.138999999
v 0.0390465185 -0.0652025193 0.136999995
v 0.0435934477 -0.0646808371 0.138999999
v 0.0379283689 -0.0625849962 0.138999999
v 0.0349503569 -0.0634344593 0.136999995
v 0.0163530596 -0.0629092753 0.136999995
v 0.01261706 -0.0617236607 0.138999999
v 0.0176668894 -0.0604721494 0.138999999
v 0.0200401489 -0.0618335903 0.136999995
v 0.0325027183 -0.0599301793 0.138999999
v 0.0309919491 -0.0613764077 0.136999995
v 0.02259624 -0.0588082485 0.138999999
v 0.0236572698 -0.0605419986 0.136999995
v 0.027191788 -0.0590390302 0.136999995
v 0.0273714885 -0.0567432866 0.138999999
v 0.0329668894 -0.0536859781 0.138999999
v 0.0368830897 -0.0535223074 0.136999995
v 0.0382200107 -0.0563924573 0.138999999
v 0.0372841395 -0.0507827997 0.138999999
v 0.0407693088 -0.0553402491 0.136999995
v 0.0399799086 -0.051250428 0.136999995
v 0.0436826795 -0.0586462282 0.138999999
v 0.04476244 -0.0569094978 0.136999995
v 0.0413471311 -0.0475333109 0.138999999
v 0.0429371484 -0.0487996079 0.136999995
v 0.0488465764 -0.0582237989 0.136999995
v 0.049315989 -0.0604312271 0.138999999
v 0.0457444601 -0.0461783968 0.136999995
v 0.0451281406 -0.0439596511 0.138999999
v 0.054317899 -0.0559782572 0.138999999
v 0.0524446554 -0.0550050586 0.136999995
v 0.0558311306 -0.0515643768 0.136999995
v 0.0510399006 -0.0451993607 0.138999999
v 0.0501148701 -0.0470750891 0.136999995
v 0.0545384586 -0.0476551577 0.136999995
v 0.0589194112 -0.0511126518 0.138999999
v 0.0589923002 -0.04791563 0.136999995
v 0.0570463389 -0.0458383895 0.138999999
v 0.0589923002 -0.04791563 0.136999995
v 0.0603826903 -0.0472555757 0.137675658
v 0.0630865991 -0.0458702706 0.138999999
v 0.0309919491 -0.0613764077 0.136999995
v 0.027191788 -0.0590390302 0.136000007
v 0.027191788 -0.0590390302 0.136999995
v 0.0236572698 -0.0605419986 0.136999995
v 0.0309919491 -0.0613764077 0.136000007
v 0.0236572698 -0.0605419986 0.136000007
v 0.0349503569 -0.0634344593 0.136999995
v 0.0200401489 -0.0618335903 0.136999995
v 0.0349503569 -0.0634344593 0.136000007
v 0.0200401489 -0.0618335903 0.136000007
v 0.0163530596 -0.0629092753 0.136999995
v 0.0163530596 -0.0629092753 0.136000007
v 0.0193831399 -0.0659467503 0.136999995
v 0.0193831399 -0.0659467503 0.136000007
v 0.0225987397 -0.0687870905 0.136999995
v 0.0225987397 -0.0687870905 0.136000007
v 0.0259870589 -0.0714190006 0.136999995
v 0.0259870589 -0.0714190006 0.136000007
v 0.030469019 -0.0696249902 0.136999995
v 0.030469019 -0.0696249902 0.136000007
v 0.0348280407 -0.0675500408 0.136999995
v 0.0348280407 -0.0675500408 0.136000007
v 0.0390465185 -0.0652025193 0.136999995
v 0.0390465185 -0.0652025193 0.136000007
v 3.99999998E-08 0.0909999833 0.11499998
v 3.99999998E-08 0.0819999501 0.123999991
v 0.0253390893 0.0779866874 0.123999991
v -0.0253396705 0.0779864788 0.123999991
v 0.0281205792 0.086546123 0.11499998
v -0.0294201393 0.0861130133 0.11499998
v 0.048197858 0.066339761 0.123999991
v -0.0481988899 0.0663389489 0.123999991
v 0.0534884855 0.073620528 0.11499998
v -0.0556804091 0.0719769821 0.11499998
v 0.0663388073 0.0481991917 0.123999991
v 0.0736205876 0.0534884483 0.11499998
v 0.0779862255 0.02534068 0.123999991
v 0.0865461901 0.0281205382 0.11499998
v 0.0820000246 1.69999998E-06 0.123999991
v 0.0910000503 0 0.11499998
v 0.0779870003 -0.0253380798 0.123999991
v 0.0865461156 -0.0281205382 0.114999972
v 0.0663399398 -0.0481975414 0.123999991
v 0.0736205056 -0.0534884483 0.114999972
v 0.0481988899 -0.0663389489 0.123999991
v 0.0534884296 -0.0736205354 0.114999972
v 0.0253396705 -0.0779864788 0.123999991
v 0.0281205103 -0.086546123 0.114999972
v -3.99999998E-08 -0.0819999501 0.123999991
v -3.99999998E-08 -0.0909999833 0.114999972
v -0.0253390893 -0.0779866874 0.123999991
v -0.0281205792 -0.086546123 0.114999972
v -0.048197858 -0.066339761 0.123999991
v -0.0534884967 -0.0736205354 0.114999972
v -0.0663388073 -0.0481991917 0.123999991
v -0.0736205876 -0.0534884483 0.114999972
v -0.0779862255 -0.02534068 0.123999991
v -0.0865461901 -0.0281205513 0.114999972
v -0.0819999501 -1.69999998E-06 0.123999991
v -0.0910000578 0 0.114999972
v -0.0899135396 0.0140198395 0.11499995
v -0.0779870003 0.0253380798 0.123999991
v -0.0866800845 0.0277049076 0.11499995
v -0.0813768581 0.0407284386 0.11499995
v -0.0663399398 0.0481975414 0.123999991
v -0.079696022 0.0439265817 0.114999942
v -0.0778895468 0.0470554754 0.114999942
v -0.075960286 0.0501102097 0.114999957
v 0.0558311306 -0.0515643768 0.136000007
v 0.0589923002 -0.04791563 0.136000007
v 0.0589923002 -0.04791563 0.136999995
v 0.0545384586 -0.0476551577 0.136000007
v 0.0558311306 -0.0515643768 0.136999995
v 0.0545384586 -0.0476551577 0.136999995
v 0.0524446554 -0.0550050586 0.136000007
v 0.0501148701 -0.0470750891 0.136000007
v 0.0524446554 -0.0550050586 0.136999995
v 0.0501148701 -0.0470750891 0.136999995
v 0.0488465764 -0.0582237989 0.136000007
v 0.0488465764 -0.0582237989 0.136999995
v 0.04476244 -0.0569094978 0.136000007
v 0.04476244 -0.0569094978 0.136999995
v 0.0407693088 -0.0553402491 0.136000007
v 0.0407693088 -0.0553402491 0.136999995
v 0.0368830897 -0.0535223074 0.136000007
v 0.0368830897 -0.0535223074 0.136999995
v 0.0399799086 -0.051250428 0.136000007
v 0.0399799086 -0.051250428 0.136999995
v 0.0429371484 -0.0487996079 0.136000007
v 0.0429371484 -0.0487996079 0.136999995
v 0.0457444601 -0.0461783968 0.136000007
v 0.0457444601 -0.0461783968 0.136999995
v -0.0349503569 0.0634344593 0.136999995
v -0.0309919491 0.0613764077 0.136000007
v -0.0309919491 0.0613764077 0.136999995
v -0.027191788 0.0590390302 0.136999995
v -0.0349503569 0.0634344593 0.136000007
v -0.027191788 0.0590390302 0.136000007
v -0.0236572698 0.0605419986 0.136999995
v -0.0236572698 0.0605419986 0.136000007
v -0.0200401489 0.0618335903 0.136999995
v -0.0200401489 0.0618335903 0.136000007
v -0.0163530596 0.0629092753 0.136999995
v -0.0163530596 0.0629092753 0.136000007
v -0.0193831399 0.0659467503 0.136999995
v -0.0193831399 0.0659467503 0.136000007
v -0.0225987397 0.0687870905 0.136999995
v -0.0225987397 0.0687870905 0.136000007
v -0.0259870589 0.0714190006 0.136999995
v -0.0259870589 0.0714190006 0.136000007
v -0.030469019 0.0696249902 0.136999995
v -0.030469019 0.0696249902 0.136000007
v -0.0348280407 0.0675500408 0.136999995
v -0.0348280407 0.0675500408 0.136000007
v -0.0390465185 0.0652025193 0.136999995
v -0.0390465185 0.0652025193 0.136000007
v -0.0501148701 0.0470750891 0.136999995
v -0.0457444601 0.0461783968 0.136000007
v -0.0457444601 0.0461783968 0.136999995
v -0.0429371484 0.0487996079 0.136999995
v -0.0501148701 0.0470750891 0.136000007
v -0.0429371484 0.0487996079 0.136000007
v -0.0545384586 0.0476551577 0.136999995
v -0.0399799086 0.051250428 0.136999995
v -0.0545384586 0.0476551577 0.136000007
v -0.0399799086 0.051250428 0.136000007
v -0.0368830897 0.0535223074 0.136999995
v -0.0368830897 0.0535223074 0.136000007
v -0.0407693088 0.0553402491 0.136999995
v -0.0407693088 0.0553402491 0.136000007
v -0.04476244 0.0569094978 0.136999995
v -0.04476244 0.0569094978 0.136000007
v -0.0488465764 0.0582237989 0.136999995
v -0.0488465764 0.0582237989 0.136000007
v -0.0524446554 0.0550050586 0.136999995
v -0.0524446554 0.0550050586 0.136000007
v -0.0558311306 0.0515643768 0.136999995
v -0.0558311306 0.0515643768 0.136000007
v -0.0589923002 0.04791563 0.136999995
v -0.0589923002 0.04791563 0.136000007
v -0.0290717091 0.0798738673 0.142999992
v -0.0283876695 0.0779944882 0.141000003
v -0.0546369478 0.0651137754 0.142999992
v -0 0.0850000009 0.142999992
v -0.0533513688 0.0635816902 0.141000003
v -0 0.0829999968 0.141000003
v -0.073612161 0.0425000004 0.142999992
v 0.0290717091 0.0798738673 0.142999992
v -0.0718801096 0.0414999984 0.141000003
v 0.0283876695 0.0779944882 0.141000003
v -0.0837086588 0.01476009 0.142999992
v 0.0546369478 0.0651137754 0.142999992
v -0.0817390457 0.0144127999 0.141000003
v 0.0533513688 0.0635816902 0.141000003
v -0.0837086588 -0.01476009 0.142999992
v 0.073612161 0.0425000004 0.142999992
v -0.0817390457 -0.0144127999 0.141000003
v 0.0718801096 0.0414999984 0.141000003
v -0.073612161 -0.0425000004 0.142999992
v 0.0837086588 0.01476009 0.142999992
v -0.0718801096 -0.0414999984 0.141000003
v 0.0817390457 0.0144127999 0.141000003
v -0.0546369478 -0.0651137754 0.142999992
v 0.0837086588 -0.01476009 0.142999992
v -0.0533513688 -0.0635816902 0.141000003
v 0.0817390457 -0.0144127999 0.141000003
v -0.0290717091 -0.0798738673 0.142999992
v 0.073612161 -0.0425000004 0.142999992
v -0.0283876695 -0.0779944882 0.141000003
v 0.0718801096 -0.0414999984 0.141000003
v 0.0546369478 -0.0651137754 0.142999992
v 0.0533513688 -0.0635816902 0.141000003
v 0.0290717091 -0.0798738673 0.142999992
v 0.0283876695 -0.0779944882 0.141000003
v -0 -0.0850000009 0.142999992
v -0 -0.0829999968 0.141000003
v -0 -0.101000004 0.101999998
v 0.00546935014 -0.100851804 0.101999998
v -0 -0.0949999988 0.101999998
v 0.0263180993 -0.0975108147 0.101999998
v -0.0316041969 -0.0895889178 0.101999998
v 0.0324919112 -0.0892708004 0.101999998
v -0.0345440283 -0.0949089527 0.101999998
v 0.0460166223 -0.089908123 0.101999998
v -0.0596081279 -0.0739720985 0.101999998
v -0.0649215505 -0.0773704872 0.101999998
v -0.0808216482 -0.0499285683 0.101999998
v -0.0874685645 -0.0505000018 0.101999998
v -0.0928281695 -0.0201973002 0.101999998
v -0.0994655788 -0.0175384693 0.101999998
v -0.0942599475 0.0118348002 0.101999998
v -0.0994655788 0.0175384693 0.101999998
v -0.0849538669 0.0425187014 0.101999998
v 0.0610648282 -0.0727742165 0.101999998
v 0.0637039989 -0.0783760175 0.101999998
v 0.0844321921 -0.0554274693 0.101999998
v 0.0822724253 -0.0474999994 0.101999998
v 0.0972452834 -0.0272828694 0.101999998
v 0.0935567394 -0.0164965801 0.101999998
v 0.100942105 0.00341935991 0.101999998
v 0.0935567394 0.0164965801 0.101999998
v 0.0951760933 0.033801049 0.101999998
v 0.0822724253 0.0474999994 0.101999998
v 0.0804877803 0.0610140599 0.101999998
v 0.0610648282 0.0727742165 0.101999998
v 0.05825416 0.0825072825 0.101999998
v 0.0324919112 0.0892708004 0.101999998
v 0.0305594802 0.0962658674 0.101999998
v -0 0.0949999988 0.101999998
v -0 0.101000004 0.101999998
v -0.0307133701 0.0898982137 0.101999998
v -0.0345440283 0.0949089527 0.101999998
v -0.0581279248 0.075140819 0.101999998
v -0.0649215505 0.0773704872 0.101999998
v -0.0792992115 0.0523128584 0.101999998
v -0.0874685645 0.0505000018 0.101999998
v -0.0813132674 0.0491238572 0.101999998
v -0.083199136 0.0458574183 0.101999998
v -0.0866800845 0.0277049206 0.105999999
v -0.0813768655 0.0407284386 0.105999999
v -0.0849538669 0.0425187014 0.101999998
v -0.079696022 0.0439265817 0.105999999
v -0.083199136 0.0458574183 0.101999998
v -0.0778895468 0.0470554754 0.105999999
v -0.0813132674 0.0491238572 0.101999998
v -0.0759603009 0.0501102097 0.105999999
v -0.0792992115 0.0523128584 0.101999998
v -0.0556804389 0.071976997 0.105999999
v -0.0581279248 0.075140819 0.101999998
v -0.0294201709 0.0861130208 0.105999999
v -0.0307133701 0.0898982137 0.101999998
v -0 0.0909999982 0.105999999
v -0 0.0949999988 0.101999998
v 0.0281205513 0.0865461454 0.105999999
v 0.0324919112 0.0892708004 0.101999998
v 0.0534884594 0.0736205429 0.105999999
v 0.0610648282 0.0727742165 0.101999998
v 0.0736205429 0.0534884594 0.105999999
v 0.0822724253 0.0474999994 0.101999998
v 0.0865461454 0.0281205513 0.105999999
v 0.0935567394 0.0164965801 0.101999998
v 0.0909999982 0 0.105999999
v 0.0935567394 -0.0164965801 0.101999998
v 0.0865461454 -0.0281205513 0.105999999
v 0.0822724253 -0.0474999994 0.101999998
v 0.0736205429 -0.0534884594 0.105999999
v 0.0610648282 -0.0727742165 0.101999998
v 0.0534884594 -0.0736205429 0.105999999
v 0.0324919112 -0.0892708004 0.101999998
v 0.0281205513 -0.0865461454 0.105999999
v -0 -0.0949999988 0.101999998
v -0 -0.0909999982 0.105999999
v -0.0281205513 -0.0865461454 0.105999999
v -0.0316041969 -0.0895889178 0.101999998
v -0.0534884594 -0.0736205429 0.105999999
v -0.0596081279 -0.0739720985 0.101999998
v -0.0736205429 -0.0534884594 0.105999999
v -0.0808216482 -0.0499285683 0.101999998
v -0.0865461454 -0.0281205513 0.105999999
v -0.0928281695 -0.0201973002 0.101999998
v -0.0909999982 0 0.105999999
v -0.0942599475 0.0118348002 0.101999998
v -0.0899135396 0.0140198395 0.105999999
v 0.0259999987 0.071414277 0.136999995
v 0.0214134492 0.0729209408 0.136999995
v 0.0213196483 0.0750298128 0.138999999
v 0.0167404991 0.0741333589 0.136999995
v 0.0276769903 0.0729245096 0.138999999
v 0.0148051493 0.0765820295 0.138999999
v 0.0289477799 0.0671534315 0.138999999
v 0.026903851 0.0672201589 0.136999995
v 0.0275414102 0.0629773885 0.136999995
v 0.0297272988 0.0612957291 0.138999999
v 0.0120000001 0.0750466436 0.136999995
v 0.00818151981 0.0775697231 0.138999999
v 0.0111740399 0.072322771 0.138999999
v 0.0140013499 0.0710592717 0.136999995
v 0.0279101301 0.0587028489 0.136999995
v 0.0300099701 0.0553931594 0.138999999
v 0.0253371187 0.0576804206 0.138999999
v 0.0243942179 0.0602488406 0.136999995
v 0.0136238504 0.0668015182 0.138999999
v 0.0157107785 0.066938296 0.136999995
v 0.0204914901 0.059574306 0.138999999
v 0.0207931306 0.0615844578 0.136999995
v 0.0171194393 0.0627050549 0.136999995
v 0.0155061102 0.0610619374 0.138999999
v 0.0140013499 0.0710592717 0.136999995
v 0.0157107785 0.066938296 0.136000007
v 0.0157107785 0.066938296 0.136999995
v 0.0171194393 0.0627050549 0.136999995
v 0.0140013499 0.0710592717 0.136000007
v 0.0171194393 0.0627050549 0.136000007
v 0.0207931306 0.0615844578 0.136999995
v 0.0207931306 0.0615844578 0.136000007
v 0.0243942179 0.0602488406 0.136999995
v 0.0243942179 0.0602488406 0.136000007
v 0.0279101301 0.0587028489 0.136999995
v 0.0279101301 0.0587028489 0.136000007
v 0.0275414102 0.0629773885 0.136999995
v 0.0275414102 0.0629773885 0.136000007
v 0.026903851 0.0672201589 0.136999995
v 0.026903851 0.0672201589 0.136000007
v 0.0259999987 0.071414277 0.136999995
v 0.0259999987 0.071414277 0.136000007
v 0.0214134492 0.0729209408 0.136999995
v 0.0214134492 0.0729209408 0.136000007
v 0.0167404991 0.0741333589 0.136999995
v 0.0167404991 0.0741333589 0.136000007
v 0.0120000001 0.0750466436 0.136999995
v 0.0120000001 0.0750466436 0.136000007
v 0.0374606699 0.0619851276 0.136999995
v 0.0376575477 0.057528019 0.136000007
v 0.0376575477 0.057528019 0.136999995
v 0.0375333987 0.0530682877 0.136999995
v 0.0374606699 0.0619851276 0.136000007
v 0.0375333987 0.0530682877 0.136000007
v 0.0406022668 0.0507587977 0.136999995
v 0.0406022668 0.0507587977 0.136000007
v 0.0435293801 0.0482720695 0.136999995
v 0.0435293801 0.0482720695 0.136000007
v 0.0463044979 0.0456168056 0.136999995
v 0.0463044979 0.0456168056 0.136000007
v 0.0474199913 0.0497596674 0.136999995
v 0.0474199913 0.0497596674 0.136000007
v 0.0482719988 0.0539646298 0.136999995
v 0.0482719988 0.0539646298 0.136000007
v 0.0488571301 0.0582149476 0.136999995
v 0.0488571301 0.0582149476 0.136000007
v 0.0450624898 0.0611994378 0.136999995
v 0.0450624898 0.0611994378 0.136000007
v 0.0410860293 0.0639369935 0.136999995
v 0.0410860293 0.0639369935 0.136000007
v 0.0369437784 0.0664165393 0.136999995
v 0.0369437784 0.0664165393 0.136000007
v 0.0628638864 0.01652666 0.136999995
v 0.0628638864 0.01652666 0.136000007
v 0.0637302697 0.0127848601 0.136999995
v 0.0658256561 0.0198632088 0.136999995
v 0.0637302697 0.0127848601 0.136000007
v 0.0658256561 0.0198632088 0.136000007
v 0.0643741339 0.00899840984 0.136999995
v 0.0685398057 0.0234041084 0.136999995
v 0.0643741339 0.00899840984 0.136000007
v 0.0685398057 0.0234041084 0.136000007
v 0.0647932217 0.00518054003 0.136999995
v 0.0647932217 0.00518054003 0.136000007
v 0.0683107153 0.00763712963 0.136999995
v 0.0683107153 0.00763712963 0.136000007
v 0.0716662854 0.0103106592 0.136999995
v 0.0716662854 0.0103106592 0.136000007
v 0.0748465732 0.0131904799 0.136999995
v 0.0748465732 0.0131904799 0.136000007
v 0.0738581195 0.0179158784 0.136999995
v 0.0738581195 0.0179158784 0.136000007
v 0.0725716278 0.0225689784 0.136999995
v 0.0725716278 0.0225689784 0.136000007
v 0.0709923059 0.027131021 0.136999995
v 0.0709923059 0.027131021 0.136000007
v -0.0574315861 -0.0497756191 0.136999995
v -0.0574315861 -0.0497756191 0.136000007
v -0.0564016812 -0.0454346687 0.136000007
v -0.0604759678 -0.0460288711 0.136000007
v -0.0564016812 -0.0454346687 0.136999995
v -0.0604759678 -0.0460288711 0.136999995
v -0.0632763281 -0.0420963801 0.136000007
v -0.0632763281 -0.0420963801 0.136999995
v -0.065821372 -0.0379940383 0.136000007
v -0.065821372 -0.0379940383 0.136999995
v -0.0638178289 -0.0342001691 0.136000007
v -0.0638178289 -0.0342001691 0.136999995
v -0.0615790151 -0.0305401981 0.136000007
v -0.0615790151 -0.0305401981 0.136999995
v -0.0591138601 -0.0270286985 0.136000007
v -0.0591138601 -0.0270286985 0.136999995
v -0.0574142598 -0.0304729789 0.136000007
v -0.0574142598 -0.0304729883 0.136999995
v -0.0555141866 -0.0338108689 0.136000007
v -0.0555141866 -0.0338108689 0.136999995
v -0.0534202904 -0.0370306969 0.136000007
v -0.0534202904 -0.0370306969 0.136999995
v -0.0550622679 -0.0411790088 0.136000007
v -0.0550622679 -0.0411790088 0.136999995
v 0.0599999987 0 0.123999991
v 0.0599999987 0 0.0819999948
v 0.0563815571 -0.0205212086 0.123999991
v 0.0563815571 0.0205212086 0.123999991
v 0.0563815571 -0.0205212086 0.0819999948
v 0.0563815571 0.0205212086 0.0819999948
v 0.0459626727 -0.0385672599 0.123999991
v 0.0459626727 0.0385672599 0.123999991
v 0.0459626727 -0.0385672599 0.0819999948
v 0.0459626727 0.0385672599 0.0819999948
v 0.0299999993 -0.0519615225 0.123999991
v 0.0299999993 0.0519615225 0.123999991
v 0.0299999993 -0.0519615225 0.0819999948
v 0.0299999993 0.0519615225 0.0819999948
v 0.0104188891 -0.0590884574 0.123999991
v 0.0104188891 0.0590884574 0.123999991
v 0.0104188891 -0.0590884574 0.0819999948
v 0.0104188891 0.0590884574 0.0819999948
v -0.0104188891 -0.0590884574 0.123999991
v -0.0104188891 0.0590884574 0.123999991
v -0.0104188891 -0.0590884574 0.0819999948
v -0.0104188891 0.0590884574 0.0819999948
v -0.0299999993 -0.0519615225 0.123999991
v -0.0299999993 0.0519615225 0.123999991
v -0.0299999993 -0.0519615225 0.0819999948
v -0.0299999993 0.0519615225 0.0819999948
v -0.0459626727 -0.0385672599 0.123999991
v -0.0459626727 0.0385672599 0.123999991
v -0.0459626727 -0.0385672599 0.0819999948
v -0.0459626727 0.0385672599 0.0819999948
v -0.0563815571 -0.0205212086 0.123999991
v -0.0563815571 0.0205212086 0.123999991
v -0.0563815571 -0.0205212086 0.0819999948
v -0.0563815571 0.0205212086 0.0819999948
v -0.0599999987 0 0.123999991
v -0.0599999987 0 0.0819999948
v 0.0686495006 -0.00384838996 0.136999995
v 0.0686495006 -0.00384838996 0.136000007
v 0.0647251904 -0.00597072998 0.136999995
v 0.0724110305 -0.00144933001 0.136999995
v 0.0647251904 -0.00597072998 0.136000007
v 0.0724110305 -0.00144933001 0.136000007
v 0.0642595366 -0.00978319999 0.136999995
v 0.0642595366 -0.00978319999 0.136000007
v 0.0635695308 -0.0135615095 0.136999995
v 0.0635695308 -0.0135615095 0.136000007
v 0.0626575723 -0.0172924697 0.136999995
v 0.0626575723 -0.0172924697 0.136000007
v 0.0668031275 -0.0161870793 0.136999995
v 0.0668031275 -0.0161870793 0.136000007
v 0.0708707348 -0.0148224598 0.136999995
v 0.0708707348 -0.0148224598 0.136000007
v 0.074844189 -0.01320404 0.136999995
v 0.074844189 -0.01320404 0.136000007
v 0.0755315199 -0.0084255496 0.136999995
v 0.0755315199 -0.0084255496 0.136000007
v 0.07591407 -0.00361304986 0.136999995
v 0.07591407 -0.00361304986 0.136000007
v 0.0759902969 0.00121401995 0.136999995
v 0.0759902969 0.00121401995 0.136000007
v 0.0817390457 -0.0144127999 0.141000003
v 0.0817390457 0.0144127999 0.138999999
v 0.0817390457 0.0144127999 0.141000003
v 0.0817390457 -0.0144127999 0.138999999
v 0.0718801096 0.0414999984 0.138999999
v 0.0718801096 -0.0414999984 0.141000003
v 0.0718801096 0.0414999984 0.141000003
v 0.0718801096 -0.0414999984 0.138999999
v 0.0533513688 0.0635816902 0.138999999
v 0.0533513688 -0.0635816902 0.141000003
v 0.0533513688 0.0635816902 0.141000003
v 0.0533513688 -0.0635816902 0.138999999
v 0.0283876695 0.0779944882 0.138999999
v 0.0283876695 -0.0779944882 0.141000003
v 0.0283876695 0.0779944882 0.141000003
v 0.0283876695 -0.0779944882 0.138999999
v -0 0.0829999968 0.138999999
v -0 -0.0829999968 0.141000003
v -0 0.0829999968 0.141000003
v -0 -0.0829999968 0.138999999
v -0.0283876695 0.0779944882 0.138999999
v -0.0283876695 -0.0779944882 0.141000003
v -0.0283876695 0.0779944882 0.141000003
v -0.0283876695 -0.0779944882 0.138999999
v -0.0533513688 0.0635816902 0.138999999
v -0.0533513688 -0.0635816902 0.141000003
v -0.0533513688 0.0635816902 0.141000003
v -0.0533513688 -0.0635816902 0.138999999
v -0.0718801096 0.0414999984 0.138999999
v -0.0718801096 -0.0414999984 0.141000003
v -0.0718801096 0.0414999984 0.141000003
v -0.0718801096 -0.0414999984 0.138999999
v -0.0817390457 0.0144127999 0.138999999
v -0.0817390457 -0.0144127999 0.141000003
v -0.0817390457 0.0144127999 0.141000003
v -0.0817390457 -0.0144127999 0.138999999
vn -5.97317921E-07 0 1
vn -1.78847154E-06 0 1
vn -5.33532511E-06 0 1
vn -0 0 1
vn 7.38012943E-07 0 1
vn 4.6614532E-06 0 1
vn 2.79271103E-06 0 1
vn -9.22431923E-07 0 1
vn -6.82511018E-06 0 1
vn -5.63869378E-07 0 1
vn -2.20046195E-06 0 1
vn -0 0 1
vn -0.385161281 -0.613104999 0.689748406
vn -0.375567019 -0.611220956 0.696676612
vn -0.325406939 -0.632855833 0.702569485
vn -0.309617788 -0.63742727 0.70556587
vn -0.231798396 -0.669660866 0.705566287
vn -0.217400521 -0.677593112 0.702569962
vn -0.166632757 -0.697763562 0.696677387
vn -0.161179557 -0.70588088 0.689748764
vn -3.10628229E-06 0 1
vn 1.39635154E-06 0 1
vn 3.44112692E-07 0 1
vn -1.49566915E-06 0 1
vn 7.08506036E-07 0 1
vn -0 0 1
vn -0 0 1
vn -1.0988939E-06 0 1
vn -6.82507107E-06 0 1
vn -0 0 1
vn -0 0 1
vn -0 0 1
vn 0.141257986 0.80465585 0.576693416
vn 0.140686631 0.800090134 0.583149314
vn 0.0718786344 0.816120744 0.573393762
vn 0.235910431 0.775848389 0.585154235
vn 0.277184248 0.768928349 0.576123238
vn 0.357963115 0.727280259 0.585598826
vn 0.365534097 0.730247021 0.57716918
vn 0.415073782 0.693850815 0.588459671
vn -0.787960947 -0.61572516 0
vn -0.787960291 -0.615725994 0
vn -0.787961125 -0.61572504 0
vn -0.787960172 -0.615726233 0
vn -0.787960768 -0.615725517 0
vn -0.787960887 -0.615725279 0
vn 0.0155202802 0.999879599 2.27706391E-06
vn 0.110214375 0.993907809 2.26631869E-06
vn 0.110214442 0.993907809 -2.27706369E-06
vn 0.0155203529 0.999879599 -2.26631846E-06
vn -0.133505136 0.805637777 0.57716918
vn -0.0720330551 0.805311501 0.588459492
vn -0.137886405 0.798787475 0.585598767
vn -0.227717951 0.785000801 0.576123536
vn -0.26517725 0.766338885 0.585154414
vn -0.358684242 0.734009743 0.576693475
vn -0.35646376 0.729979753 0.583149433
vn -0.421551704 0.70250541 0.573393643
vn 0.787961185 0.615724862 -1.23292568E-06
vn 0.787961364 0.615724802 -2.16983395E-07
vn 0.787961364 0.615724802 0
vn 0.787961423 0.615724683 -1.60359207E-06
vn 0.787961483 0.615724564 -9.46029047E-07
vn 0.787961602 0.615724325 -8.91908371E-07
vn -0.278537482 0.960425258 -3.08698588E-07
vn -0.194948316 0.980813563 -1.08128609E-06
vn -0.194948271 0.980813563 -1.69639804E-06
vn -0.278537691 0.960425258 0
vn -0.438927054 0.898522735 -8.51350876E-07
vn -0.438927293 0.898522615 -3.88302908E-07
vn -0.514539838 0.857466459 0
vn -0.514540017 0.85746634 8.48196919E-07
vn 0.00255243061 0.812926352 0.582360983
vn -0.0433404632 0.810296476 0.584415197
vn 0.0349400006 0.813801944 0.58009094
vn 0.0902798176 0.814006388 0.573797107
vn -0.0537156425 0.998556197 0.000470022933
vn -0.0563030615 0.998413682 2.06114032E-06
vn 0.0402520634 0.999189556 1.78257305E-05
vn 0.0287380107 0.999586284 0.00114253908
vn -0.177126721 0.668954134 -0.721890867
vn -0.103528216 0.597629845 -0.795060039
vn -0.133691594 0.672621965 -0.727809191
vn -0.229248136 0.642452598 -0.731231809
vn -0.308004349 0.624704182 -0.71754992
vn 0.0015153084 0.666552961 -0.745456278
vn 0.0802343115 0.656315923 -0.750207901
vn 0.209453866 0.655874789 -0.725229204
vn -0.305940032 0.52706939 -0.79284209
vn -0.373758852 0.622860253 -0.68727684
vn -0.450028569 0.49977082 -0.740069926
vn -0.487660289 0.502180576 -0.714144409
vn -0.520988882 0.419222951 -0.743520498
vn -0.503512561 0.465577781 -0.727813423
vn -0.581935048 0.350643784 -0.733757794
vn -0.627975106 0.332262814 -0.703739047
vn -0.556177378 0.224517182 -0.800161719
vn -0.668485284 0.284215152 -0.687276661
vn -0.661217928 0.100113675 -0.743483782
vn -0.64924258 0.159714758 -0.743623078
vn -0.696032643 0.129239634 -0.706283092
vn -0.696777344 0.0904096663 -0.711566925
vn -0.674262106 0.0352960862 -0.737648189
vn -0.654590309 -0.00229711994 -0.755980313
vn -0.663750768 -0.10055846 -0.741163254
vn -0.688156784 -0.0595907159 -0.723110795
vn -0.695158362 -0.146235645 -0.703825295
vn -0.633959591 -0.17112942 -0.754194975
vn -0.691658378 -0.184228122 -0.698332787
vn -0.540205836 -0.228461027 -0.809928
vn -0.582881391 -0.352607638 -0.732063532
vn -0.629772842 -0.325058788 -0.705494761
vn -0.556114733 -0.401987135 -0.727421939
vn -0.498327434 -0.453841954 -0.738713205
vn -0.450351596 -0.503002226 -0.737680256
vn -0.454958528 -0.547480702 -0.702337265
vn -0.476878941 -0.547940433 -0.687275767
vn -0.272045404 -0.497102916 -0.823941708
vn -0.228396028 -0.641909361 -0.731975138
vn -0.30243358 -0.626963794 -0.717948675
vn -0.238896549 -0.665488005 -0.707144976
vn -0.122073129 -0.664536297 -0.737217486
vn -0.0829481632 -0.651732981 -0.753899038
vn -0.0637312979 -0.723595858 -0.687275171
vn -0.0207267851 -0.683750272 -0.729421735
vn 0.0940712765 -0.681812525 -0.725453198
vn 0.0582709908 -0.694492638 -0.717136323
vn 0.184726283 -0.677140534 -0.712289929
vn 0.121172652 -0.688608766 -0.71493715
vn 0.202323973 -0.676006615 -0.708576202
vn 0.309020817 -0.625980258 -0.715999186
vn 0.302384436 -0.639545977 -0.706784725
vn 0.353985637 -0.567359984 -0.743503094
vn 0.373758852 -0.622860253 -0.68727684
vn 0.442953825 -0.51486218 -0.7339679
vn 0.486270159 -0.470628411 -0.736240625
vn 0.571860313 -0.382899404 -0.725509346
vn 0.532618463 -0.434773386 -0.726147115
vn 0.503512383 -0.465578228 -0.727813244
vn 0.619571924 -0.325345218 -0.714339614
vn 0.580931902 -0.258280516 -0.771886885
vn 0.668486476 -0.284214556 -0.687275827
vn 0.647338808 -0.172799408 -0.742356241
vn 0.65146023 -0.0982956514 -0.752288163
vn 0.68024087 0.0217135772 -0.732666969
vn 0.66545397 -0.0828919783 -0.741822004
vn 0.685848534 -0.11774075 -0.718156576
vn 0.67539227 -0.0563741289 -0.73530072
vn 0.704714537 0.0007527087 -0.709490597
vn 0.685405552 0.0841712877 -0.72328037
vn 0.623632789 0.130563766 -0.770736814
vn 0.678287923 0.129688203 -0.723261058
vn 0.691658378 0.184228122 -0.698332787
vn 0.629206181 0.227248952 -0.743274748
vn 0.571874857 0.299719304 -0.763627887
vn 0.550163209 0.41383031 -0.725303411
vn 0.584564269 0.378832787 -0.717474937
vn 0.598384798 0.334998012 -0.727813184
vn 0.496785372 0.482347012 -0.721488476
vn 0.441360205 0.479615003 -0.758400023
vn 0.476878941 0.547940433 -0.687275767
vn 0.385647178 0.54652822 -0.743359327
vn 0.283226013 0.565166831 -0.774834991
vn 0.249693364 0.654010892 -0.714088917
vn 0.287195444 0.622740805 -0.727813601
vn 0.119005427 0.678100526 -0.725270569
vn 0.0637308508 0.72358954 -0.687282026
vn -0.275558889 -0.961284161 2.79507663E-06
vn -0.275558919 -0.961284161 1.96119731E-06
vn -0.275558591 -0.96128428 -2.10947562E-07
vn -0.275558829 -0.961284161 -4.55213836E-07
vn -0.275559247 -0.961284101 0
vn -0.275559306 -0.961284101 0
vn -0.630135119 0.776485562 1.95068696E-06
vn -0.564913273 0.825150251 1.68105964E-06
vn -0.564913034 0.82515043 -2.06040568E-06
vn -0.630134821 0.776485682 -1.36526933E-05
vn 0.275558382 0.96128428 0
vn 0.275558263 0.96128428 0
vn 0.275558889 0.961284161 0
vn 0.275558949 0.961284161 0
vn -0.0653132647 0.997864783 8.60542059E-07
vn -0.337436914 0.941348195 -1.79850565E-06
vn -0.495039195 0.868870616 -2.27706346E-06
vn -0.495040059 0.868870199 2.26631778E-06
vn 0.342096299 -0.939664841 1.04815433E-06
vn 0.342096508 -0.939664721 9.80060236E-07
vn 0.342096508 -0.939664721 0
vn 0.342096776 -0.939664721 3.87957385E-07
vn 0.342096359 -0.939664841 0
vn 0.342096388 -0.939664841 0
vn -0.942035437 0.335513264 -1.83978887E-06
vn -0.966196537 0.25780651 -1.36526933E-05
vn -0.966196716 0.257805645 2.29151237E-06
vn -0.942035735 0.335512429 2.24463861E-06
vn -0.772367597 0.253591001 0.582357228
vn -0.784018755 0.209226266 0.58441329
vn -0.763174236 0.284709007 0.580091298
vn -0.746267557 0.337403178 0.573797643
vn -0.342096239 0.93966496 0
vn -0.342096537 0.939664841 0
vn -0.342096686 0.939664721 0
vn -0.342095554 0.939665139 0
vn -0.342095703 0.939665079 0
vn -0.342095435 0.939665139 0
vn -0.79978925 0.150263622 0.581169426
vn -0.787771702 0.205306709 0.580745161
vn -0.795677543 0.165859655 0.582570076
vn -0.806370258 0.110908933 0.580918372
vn -0.80751735 0.0826349258 0.584026814
vn -0.812116265 0.0547628179 0.58092016
vn -0.812758386 0.00740460819 0.582553685
vn -0.814700425 -0.006039056 0.579850614
vn -0.812347889 -0.0483928733 0.581161916
vn -0.81110996 -0.0849962905 0.578684926
vn -0.808047533 -0.0984832942 0.580827296
vn -0.80218029 -0.139412105 0.580578148
vn -0.794763565 -0.170691401 0.582421958
vn -0.783565462 -0.208709195 0.585205674
vn -0.985582054 0.1691982 1.95363441E-07
vn -0.99076426 0.135594979 1.45350526E-07
vn -0.985581815 0.169199541 0
vn -0.990764499 0.135593548 2.91957917E-07
vn -0.997688413 0.0679545999 1.75359503E-07
vn -0.997688532 0.0679537728 4.9097298E-07
vn -0.99995923 -0.00902920775 4.92026402E-07
vn -0.99995923 -0.00902947504 5.74464707E-07
vn -0.994583786 -0.103938252 0
vn -0.994583786 -0.103937842 -2.29001799E-07
vn -0.978393734 -0.206750214 -3.84802377E-07
vn -0.978393972 -0.206749275 -2.3722076E-07
vn -0.96630913 -0.257384479 -2.26741435E-07
vn -0.966309369 -0.257383585 0
vn -0.0877346024 -0.996143818 -3.88881716E-07
vn -0.0877346098 -0.996143818 0
vn -0.173038885 -0.984915018 -3.43071576E-07
vn -0.173038974 -0.984914899 -5.38234474E-07
vn -0.33918187 -0.940720856 0
vn -0.33918184 -0.940720856 0
vn -0.418790758 -0.908082783 0
vn -0.418790847 -0.908082783 0
vn 0.787961423 0.615724742 1.39753831E-06
vn 0.787961364 0.615724802 1.26144414E-06
vn 0.787960649 0.615725517 1.52607879E-06
vn 0.787960947 0.615725219 1.02988588E-06
vn 0.787961125 0.61572504 1.96470708E-07
vn 0.787961245 0.615724862 0
vn 0.070416376 -0.997517705 3.12702241E-06
vn 0.0127086323 -0.999919295 1.60934448E-07
vn 0.0540895425 -0.998535633 0.000986439525
vn 0.0127086425 -0.999919295 4.07172678E-07
vn -0.787961185 -0.615724862 -5.39366965E-07
vn -0.787961364 -0.615724802 -2.16983395E-07
vn -0.787961364 -0.615724802 0
vn -0.787961483 -0.615724564 -1.16490332E-06
vn -0.787961602 -0.615724325 0
vn -0.787961841 -0.615724087 0
vn 0.133505136 -0.805637777 0.57716918
vn 0.0720330551 -0.805311501 0.588459492
vn 0.137886405 -0.798787475 0.585598767
vn 0.227717951 -0.785000801 0.576123536
vn 0.26517725 -0.766338885 0.585154414
vn 0.358684242 -0.734009743 0.576693475
vn 0.35646376 -0.729979753 0.583149433
vn 0.421551704 -0.70250541 0.573393643
vn -0.110214442 -0.993907809 -2.27706369E-06
vn -0.0155203529 -0.999879599 -2.26631846E-06
vn -0.0155682145 -0.999878764 -1.81715714E-05
vn -0.077040568 -0.996885478 -0.0168518201
vn -0.0140545731 -0.814199984 0.580414474
vn -0.00255249185 -0.812926173 0.582361102
vn 0.0433402993 -0.810296297 0.584415555
vn -0.0507785156 -0.805199206 0.590826273
vn -0.141258031 -0.80465579 0.576693475
vn -0.140686631 -0.800090134 0.583149314
vn -0.0718786344 -0.816120744 0.573393762
vn -0.23591046 -0.775848389 0.585154235
vn -0.277184278 -0.768928289 0.576123357
vn -0.357963115 -0.727280259 0.585598826
vn -0.365534097 -0.730247021 0.57716918
vn -0.415073782 -0.693850815 0.588459671
vn -0.99938798 -0.0349815339 3.5396053E-07
vn -0.99938798 -0.0349802449 1.42395677E-07
vn -0.99938798 -0.0349801071 0
vn -0.99938798 -0.0349816307 7.64469462E-07
vn -0.99938798 -0.0349821262 0
vn -0.99938798 -0.0349822119 0
vn -0.673370123 -0.739305556 1.62181441E-05
vn -0.673369944 -0.739305735 -2.27706391E-06
vn -0.600271046 -0.799796641 -1.74791069E-06
vn -0.600271165 -0.799796522 3.0994911E-06
vn 0.99938798 0.0349797346 1.5722328E-06
vn 0.99938798 0.0349799506 1.15518014E-06
vn 0.99938798 0.0349809416 -5.23109179E-07
vn 0.99938798 0.0349807367 -3.27729055E-07
vn 0.99938798 0.0349802449 -1.38143349E-07
vn 0.99938798 0.0349801071 0
vn -0.475801706 0.659144819 0.582358003
vn -0.450073868 0.678916097 0.580091774
vn -0.40542224 0.711609304 0.573798716
vn -0.511344254 0.630067945 0.584415495
vn -0.946145773 0.323740721 2.27706278E-06
vn -0.911204398 0.411954522 -2.27706346E-06
vn -0.946145594 0.323741287 -2.26631755E-06
vn -0.911204636 0.411953956 2.26631801E-06
vn -0.979320526 -0.202314764 2.27389628E-05
vn -0.955737889 -0.294219434 -2.26631869E-06
vn -0.955738008 -0.294219196 2.27706369E-06
vn -0.979320526 -0.202315077 -2.27706346E-06
vn -0.543758869 -0.839241505 2.07851417E-06
vn -0.610196531 -0.792250037 1.8924311E-06
vn -0.610196829 -0.792249799 -1.97694339E-06
vn -0.543759286 -0.839241207 -1.94373297E-06
vn -0.479853541 -0.656201541 0.582357466
vn -0.506607473 -0.637842536 0.580091119
vn -0.551498473 -0.605479002 0.573798597
vn -0.441216797 -0.681019366 0.584414482
vn -0.420978397 -0.565379202 0.709311903
vn -0.563943624 -0.434034079 0.702553868
vn -0.635062754 -0.303842276 0.710193753
vn -0.443303704 -0.555231392 0.703704357
vn -0.234091192 -0.669485092 0.704975784
vn 9.46223622E-07 -0.707098544 0.707114995
vn 1.12106511E-06 -0.708564222 0.705646396
vn 0.234088808 -0.669486165 0.704975605
vn 0.420974404 -0.565380812 0.709313154
vn 0.443302482 -0.555232704 0.703704119
vn 0.563938916 -0.434035391 0.702556908
vn 0.635056257 -0.3038432 0.710199177
vn -0.587244928 -0.567950606 0.576693714
vn -0.584098518 -0.564593554 0.583149254
vn -0.537855446 -0.618005812 0.573393703
vn -0.646887481 -0.489010185 0.585154295
vn -0.676211655 -0.459150761 0.576123595
vn -0.717083097 -0.377976388 0.585598469
vn -0.724952161 -0.375926048 0.577168882
vn -0.743637383 -0.317362607 0.588459373
vn -0.656497717 -0.754327953 -1.30211546E-07
vn -0.656498253 -0.754327476 0
vn -0.718909919 -0.695103228 -9.66222728E-07
vn -0.718909562 -0.695103645 -7.22872187E-07
vn -0.827346146 -0.561692476 -3.0869893E-07
vn -0.827345729 -0.561693132 0
vn -0.87256676 -0.488494992 0
vn -0.872566283 -0.488495708 0
vn -0.8290838 0.559124351 0
vn -0.82908392 0.559124231 0
vn -0.829083323 0.559125006 2.91226485E-07
vn -0.829083502 0.559124768 1.34842125E-07
vn -0.829084098 0.559123993 0
vn -0.829084158 0.559123755 0
vn -0.959332287 -0.282279074 -2.00375666E-06
vn -0.93320334 -0.359348506 -1.94373411E-06
vn -0.933204174 -0.359346539 2.03055515E-06
vn -0.959332943 -0.282277018 1.35220998E-05
vn 0.56471628 -0.825285137 0.00034525746
vn 0.643294156 -0.765619159 2.88119463E-06
vn 0.562259853 -0.826960683 1.95612552E-06
vn 0.630718589 -0.776010811 0.00109486259
vn 0.0918571204 -0.705675006 0.702556074
vn -0.102111012 -0.697458208 0.709313333
vn 0.234201014 -0.663903415 0.710198581
vn -0.0791126937 -0.706045151 0.703733861
vn -0.307872593 -0.638923407 0.704976082
vn -0.499995947 -0.499992341 0.707115054
vn -0.500982344 -0.500979006 0.705717146
vn -0.638924122 -0.307873219 0.704975367
vn -0.697457373 -0.102110669 0.709314227
vn -0.706044257 -0.079114601 0.703734517
vn -0.705673277 0.091857262 0.702557802
vn -0.663902342 0.234204233 0.710198522
vn 0.979320526 0.202314764 2.27389628E-05
vn 0.955737889 0.294219434 -2.26631869E-06
vn 0.955738008 0.294219196 2.27706369E-06
vn 0.979320526 0.202315077 -2.27706346E-06
vn 0.829081059 -0.559128463 1.3975382E-06
vn 0.829081595 -0.559127629 1.0268252E-06
vn 0.829083025 -0.559125543 -3.29802248E-07
vn 0.829083443 -0.559125006 -2.3305185E-07
vn 0.829084337 -0.559123635 0
vn 0.829084396 -0.559123516 0
vn -0.773915172 -0.248827666 0.582357466
vn -0.75724417 -0.291615754 0.584415436
vn -0.784769714 -0.218249783 0.580089211
vn -0.802063704 -0.165680334 0.573797762
vn 0.772367597 -0.253591001 0.582357228
vn 0.763174236 -0.284709007 0.580091298
vn 0.746267557 -0.337403178 0.573797643
vn 0.784018755 -0.209226266 0.58441329
vn 0.911204398 -0.411954522 -2.27706346E-06
vn 0.946145773 -0.323740721 2.27706278E-06
vn 0.911204636 -0.411953956 2.26631801E-06
vn 0.946145594 -0.323741287 -2.26631755E-06
vn 0.475801706 -0.659144819 0.582358003
vn 0.450073868 -0.678916097 0.580091774
vn 0.40542224 -0.711609304 0.573798716
vn 0.511344254 -0.630067945 0.584415495
vn 0.575158119 -0.818042278 2.27706346E-06
vn 0.495039195 -0.868870616 -2.27706346E-06
vn 0.575157404 -0.818042755 -2.27389592E-05
vn 0.495040059 -0.868870199 2.26631778E-06
vn 0.506608307 0.637843788 0.580089092
vn 0.479853421 0.656201363 0.582357585
vn 0.441216737 0.681019247 0.584414661
vn 0.551498353 0.605478883 0.573798835
vn 9.60730858E-07 0 1
vn 1.78846926E-06 0 1
vn 5.33531147E-06 0 1
vn -4.33336936E-07 0 1
vn 1.99472765E-07 0 1
vn -3.62465653E-06 0 1
vn -0 0 1
vn -0 0 1
vn -0 0 1
vn -0 0 1
vn -0 0 1
vn -0 0 1
vn -0 0 1
vn -0 0 1
vn -1.94462655E-06 0 1
vn -3.25284958E-07 0 1
vn -1.83891052E-06 0 1
vn -4.80363951E-07 0 1
vn -2.66764846E-06 0 1
vn -6.37185792E-07 0 1
vn 3.41256168E-06 0 1
vn -1.12774421E-06 0 1
vn -4.40095482E-06 0 1
vn -0 0 1
vn 0.325405538 -0.632855892 0.702570081
vn 0.375567406 -0.611221015 0.696676314
vn 0.385162503 -0.613105237 0.689747572
vn 0.30961591 -0.63742739 0.705566704
vn 0.217399806 -0.677592754 0.702570558
vn 0.231797621 -0.669660032 0.70556736
vn 0.166633368 -0.697764099 0.696676791
vn 0.161180705 -0.705881834 0.689747572
vn 0.443827301 -0.896111846 0.00085777702
vn 0.532839179 -0.844608724 0.0521388166
vn 0.503948271 -0.863733828 2.89930341E-07
vn 0.455583066 -0.89010334 0.0126497028
vn 0.547391951 -0.831038952 0.0986720175
vn 0.30725354 -0.95154351 0.0126503352
vn 0.319812506 -0.94748044 0.000857693609
vn 0.220456347 -0.974002123 0.0521422513
vn 0.200570896 -0.974696815 0.0986784399
vn 0.254407287 -0.967097104 1.44965085E-07
vn 0.998344302 0.0575203933 0
vn 0.998344302 0.0575207397 0
vn 0.993841529 -0.110811204 0
vn 0.993841648 -0.11080949 0
vn 0.901220679 -0.433360428 0
vn 0.901220679 -0.433360517 0
vn 0.707107127 -0.707106352 1.09491324E-07
vn 0.707106531 -0.707107008 0
vn 0.433360547 -0.901220679 0
vn 0.433360338 -0.901220798 0
vn 0.110809788 -0.993841648 0
vn 0.110810503 -0.993841529 0
vn -0.057520818 -0.998344302 0
vn -0.0575203337 -0.998344302 0
vn 0.545433879 0.0314268805 -0.837564409
vn 0.507543683 -0.145430833 -0.849264026
vn 0.517877996 -0.0682068393 -0.852730989
vn 0.386497468 -0.213574067 -0.897221208
vn 0.33634153 -0.336340785 -0.879630148
vn 0.460653365 -0.309149355 -0.832000613
vn 0.532022536 -0.227238461 -0.815668225
vn 0.529706955 -0.117335662 -0.840025485
vn 0.309149653 -0.460649401 -0.832002759
vn 0.145430565 -0.507543862 -0.849263966
vn 0.213573024 -0.386496484 -0.897221863
vn 0.227229834 -0.532023072 -0.815670311
vn 0.117345065 -0.529706419 -0.840024471
vn 0.0682052672 -0.517879128 -0.852730453
vn -0.0314286016 -0.545433998 -0.837564349
vn 0.191918328 -0.688332856 -0.699546397
vn 0.117198758 -0.725671411 -0.677986264
vn 0.110669799 -0.73728317 -0.666457593
vn 0.221934855 -0.676696718 -0.702015996
vn 0.351018727 -0.622431338 -0.699546218
vn 0.321565807 -0.63542825 -0.702015996
vn 0.430256873 -0.595999181 -0.677985132
vn 0.443084627 -0.599593639 -0.666455925
vn -0.256053746 -0.461721659 -0.849264145
vn -0.215513676 -0.536875606 -0.81567055
vn -0.291596353 -0.457521796 -0.840027034
vn -0.107124418 -0.544332087 -0.832001805
vn 6.75685158E-07 -0.475657493 -0.879630506
vn 0.107123069 -0.544330955 -0.832002699
vn -0.122273192 -0.424312115 -0.897222638
vn -0.317966402 -0.414424419 -0.852730811
vn -0.407905787 -0.36345765 -0.83756274
vn 0.256054431 -0.461721808 -0.849263847
vn 0.21551241 -0.536871314 -0.815673649
vn 0.291599572 -0.45751673 -0.840028584
vn 0.122275278 -0.424311936 -0.897222519
vn 0.317967057 -0.414425313 -0.852730095
vn 0.407907158 -0.363458574 -0.837561667
vn -0 0 -1
vn -0 0 -1
vn -0 0 -1
vn -0 0 -1
vn -0 0 -1
vn 2.28694049E-07 0 -1
vn -0 0 -1
vn -0 0 -1
vn 5.27161546E-07 0 -1
vn 2.52782911E-07 0 -1
vn -0 0 -1
vn -0 0 -1
vn -3.37510244E-07 0 -1
vn -8.67968822E-07 0 -1
vn -0 0 -1
vn 7.82926236E-07 0 -1
vn -0 0 -1
vn -0 0 -1
vn -0 0 -1
vn -0 0 -1
vn -0 0 -1
vn -0 0 -1
vn -0 0 -1
vn -7.01454837E-07 0 -1
vn -1.02972365E-06 0 -1
vn -7.47785066E-07 0 -1
vn -0 0 -1
vn -2.7679593E-07 0 -1
vn -1.10718031E-06 0 -1
vn -0 0 -1
vn -0 0 -1
vn -0 0 -1
vn -0 0 -1
vn -9.71213922E-06 0 -1
vn -0 0 -1
vn -3.30505918E-06 0 -1
vn -0 0 -1
vn -6.65873449E-05 0 -1
vn -0 0 -1
vn -0 0 -1
vn -0 0 -1
vn -0 0 -1
vn -0 0 -1
vn -0 0 -1
vn -0 0 -1
vn -0 0 -1
vn 1.31790202E-07 0 -1
vn -0 0 -1
vn -2.28694049E-07 0 -1
vn -4.0993848E-07 0 -1
vn -1.194893E-07 0 -1
vn -1.53741354E-07 0 -1
vn -0 0 -1
vn -9.39606082E-07 0 -1
vn -4.73545128E-07 0 -1
vn -0 0 -1
vn -0 0 -1
vn -0 0 -1
vn -0 0 -1
vn -1.00363287E-07 0 -1
vn -0 0 -1
vn -0 0 -1
vn 8.26194878E-07 0 -1
vn 1.66444752E-05 0 -1
vn 2.39851829E-07 0 -1
vn 5.14861881E-07 0 -1
vn 3.73892647E-07 0 -1
vn -0 0 -1
vn 1.60704553E-06 0 -1
vn -0 0 -1
vn -0 0 -1
vn -0 0 -1
vn -0 0 -1
vn -7.07378967E-06 0 -1
vn -3.37347046E-05 0 -1
vn 8.66855771E-05 0 -1
vn -0 0 -1
vn -0 0 -1
vn -0 0 -1
vn -0 0 -1
vn -0 0 -1
vn -0 0 -1
vn -0.11067 -0.737284362 -0.666456163
vn -0.117198668 -0.725672305 -0.67798537
vn -0.191917628 -0.688333392 -0.699546158
vn -0.221933663 -0.676697254 -0.702015936
vn -0.321565837 -0.635427773 -0.702016354
vn -0.351018548 -0.622431457 -0.699546337
vn -0.430254221 -0.596000612 -0.677985728
vn -0.44308117 -0.599595428 -0.66645658
vn -0.220457852 -0.974001884 0.0521412641
vn -0.307253987 -0.95154345 0.0126501005
vn -0.200573534 -0.974696457 0.0986762419
vn -0.319812655 -0.94748044 0.00085788843
vn -0.254405111 -0.967097759 1.1345584E-07
vn -0.455581456 -0.890104175 0.0126494113
vn -0.443829447 -0.896110892 0.000857847044
vn -0.532835245 -0.844611228 0.0521385446
vn -0.547385871 -0.831043184 0.0986711532
vn -0.503950834 -0.863732398 0
vn -0.517879069 -0.0682071075 -0.852730393
vn -0.507544816 -0.145428345 -0.849263787
vn -0.545437396 0.0314273089 -0.837562144
vn -0.386493891 -0.213573202 -0.897222936
vn -0.336340874 -0.336340368 -0.879630506
vn -0.460650623 -0.309146076 -0.832003415
vn -0.532019377 -0.22722207 -0.815674901
vn -0.529708028 -0.117321104 -0.840026855
vn -0.309149563 -0.460651606 -0.832001626
vn -0.145428151 -0.507544577 -0.849263847
vn -0.227225035 -0.532023549 -0.815671325
vn -0.117319137 -0.529703736 -0.840029895
vn -0.21357283 -0.386493683 -0.897223115
vn -0.0682062432 -0.517879367 -0.852730215
vn 0.0314291827 -0.545436263 -0.837562799
vn -0.599594235 -0.443082929 -0.66645658
vn -0.595999658 -0.430255413 -0.677985787
vn -0.622431219 -0.351018578 -0.699546456
vn -0.635427892 -0.3215653 -0.702016532
vn -0.688332438 -0.191916332 -0.699547291
vn -0.676696241 -0.221931472 -0.702017426
vn -0.725671887 -0.117196813 -0.677986205
vn -0.737283945 -0.110668555 -0.666456997
vn -0.844609559 -0.532837987 0.052139122
vn -0.890104175 -0.455581576 0.0126494383
vn -0.83104068 -0.547389328 0.0986721739
vn -0.89611131 -0.443828553 0.000857710838
vn -0.863732338 -0.503950834 0
vn -0.947480559 -0.319812268 0.000857705891
vn -0.951543987 -0.307252467 0.0126493694
vn -0.974002123 -0.220457628 0.0521372743
vn -0.974697232 -0.200573266 0.0986692011
vn -0.967097461 -0.254406363 0
vn 0.0575208515 -0.998344302 0
vn 0.0575207137 -0.998344302 0
vn -0.110809796 -0.993841648 0
vn -0.110809699 -0.993841648 0
vn -0.433360457 -0.901220679 0
vn -0.433360606 -0.90122056 0
vn -0.707106471 -0.707107008 0
vn -0.707107008 -0.707106531 0
vn -0.901220679 -0.433360547 0
vn -0.9012205 -0.433360875 0
vn -0.993841648 -0.110809475 0
vn -0.993841648 -0.110810049 0
vn -0.998344302 0.0575207993 0
vn -0.998344302 0.0575217791 0
vn -0.632858515 -0.325406015 0.702567458
vn -0.611222506 -0.375565916 0.696675897
vn -0.613106012 -0.385160238 0.689748347
vn -0.637429655 -0.309616834 0.705564201
vn -0.67759347 -0.217400581 0.702569544
vn -0.669659555 -0.231797799 0.705567777
vn -0.69776547 -0.166634411 0.696675241
vn -0.705883086 -0.161182031 0.689745903
vn -2.03539139E-06 0 1
vn -2.61689394E-07 0 1
vn -0 0 1
vn -1.45225249E-06 0 1
vn -3.60295189E-07 0 1
vn -6.40805752E-07 0 1
vn -1.22026051E-06 0 1
vn -1.31336009E-07 0 1
vn 3.10335821E-07 0 1
vn -2.72543616E-07 0 1
vn 8.18828198E-07 0 1
vn -0 0 1
vn 8.0056634E-07 0 1
vn -1.05144545E-06 0 1
vn -8.39855431E-07 0 1
vn -2.96586393E-07 0 1
vn -1.32692696E-06 0 1
vn -0 0 1
vn 2.38088475E-07 0 1
vn -0 0 1
vn 3.1615221E-07 0 1
vn -5.01053307E-07 0 1
vn -1.92139268E-07 0 1
vn -0 0 1
vn -1.56092176E-06 0 1
vn -2.21072369E-07 0 1
vn -2.99905366E-07 0 1
vn -0 0 1
vn -9.18569469E-07 0 1
vn 6.32303625E-07 0 1
vn 6.80911057E-07 0 1
vn 9.52495839E-07 0 1
vn 1.72327555E-06 0 1
vn -0 0 1
vn 9.18442765E-07 0 1
vn 2.08478156E-07 0 1
vn 4.84967813E-07 0 1
vn 1.82924893E-07 0 1
vn 1.31845852E-07 0 1
vn -1.48212132E-06 0 1
vn 4.00695086E-07 0 1
vn -0 0 1
vn -0 0 1
vn -0 0 1
vn -1.19453819E-06 0 1
vn 2.2151599E-07 0 1
vn -3.54456415E-06 0 1
vn 2.05494018E-07 0 1
vn -3.42798648E-06 0 1
vn 1.01344153E-06 0 1
vn 6.25432904E-07 0 1
vn 6.90575575E-07 0 1
vn -0 0 1
vn -0 0 1
vn -1.89077036E-06 0 1
vn -2.98073246E-07 0 1
vn -0 0 1
vn 6.470122E-07 0 1
vn -5.97271253E-07 0 1
vn 1.99524209E-07 0 1
vn 6.49201297E-07 0 1
vn -1.37352322E-06 0 1
vn 2.72762281E-06 0 1
vn -0 0 1
vn -7.00857254E-06 0 1
vn -0 0 1
vn -2.66380903E-06 0 1
vn -1.06094035E-06 0 1
vn -8.33911884E-07 0 1
vn -1.93987103E-06 0 1
vn -3.00747757E-07 0 1
vn -5.91657908E-07 0 1
vn 2.64171291E-07 0 1
vn -1.70071678E-06 0 1
vn 6.4536971E-07 0 1
vn 8.54186601E-06 0 1
vn -4.70825938E-07 0 1
vn -1.69841735E-06 0 1
vn -0 0 1
vn 2.39967449E-07 0 1
vn 2.69859981E-07 0 1
vn 1.29033788E-06 0 1
vn 6.89205422E-07 0 1
vn 4.07712832E-07 0 1
vn 6.09924143E-07 0 1
vn 7.09806443E-07 0 1
vn -9.90089006E-07 0 1
vn -2.58447528E-07 0 1
vn -2.87484795E-06 0 1
vn 3.32411645E-07 0 1
vn -0 0 1
vn 9.96944436E-07 0 1
vn 8.86931105E-07 0 1
vn -2.23744883E-06 0 1
vn -5.83486383E-07 0 1
vn 5.02202568E-07 0 1
vn -2.93543621E-07 0 1
vn -0 0 1
vn 1.38729536E-06 0 1
vn -6.34458388E-07 0 1
vn 2.01648186E-06 0 1
vn -4.89903869E-06 0 1
vn -6.32300953E-07 0 1
vn -4.3518537E-07 0 1
vn -0 0 1
vn -0 0 1
vn -9.55015366E-07 0 1
vn -1.6359553E-07 0 1
vn -3.36169228E-06 0 1
vn 1.62830329E-05 0 1
vn -2.53311327E-07 0 1
vn 7.94012749E-07 0 1
vn -3.12816013E-07 0 1
vn -1.10809856E-06 0 1
vn 9.02036163E-07 0 1
vn -1.57542175E-07 0 1
vn -1.17032585E-06 0 1
vn -2.16262242E-06 0 1
vn -0 0 1
vn -2.94331898E-07 0 1
vn -8.65981974E-07 0 1
vn -0 0 1
vn 2.13546059E-06 0 1
vn 7.89170372E-07 0 1
vn 1.61609975E-07 0 1
vn -3.68331882E-07 0 1
vn -1.58916507E-07 0 1
vn 1.13478973E-06 0 1
vn 6.36382254E-07 0 1
vn -1.09203268E-06 0 1
vn 2.17533227E-07 0 1
vn -9.2076948E-07 0 1
vn 1.36056804E-06 0 1
vn -4.53081185E-07 0 1
vn -8.87178373E-07 0 1
vn 1.69205896E-06 0 1
vn 7.58548595E-07 0 1
vn 2.76902529E-06 0 1
vn -8.0485438E-07 0 1
vn -2.72759917E-06 0 1
vn -0 0 1
vn -4.11854131E-07 0 1
vn 2.71810194E-07 0 1
vn -0 0 1
vn -0 0 1
vn -0 0 1
vn 7.95705034E-07 0 1
vn 6.25433245E-07 0 1
vn 1.20012726E-06 0 1
vn -7.51686287E-07 0 1
vn 6.59886553E-07 0 1
vn -3.14057985E-07 0 1
vn 9.95195023E-07 0 1
vn -0 0 1
vn -0 0 1
vn -0 0 1
vn -1.0679621E-06 0 1
vn -0 0 1
vn -7.67800543E-07 0 1
vn -8.21978347E-07 0 1
vn 1.43742386E-06 0 1
vn -8.70943552E-07 0 1
vn -0 0 1
vn -0 0 1
vn 1.75773494E-07 0 1
vn -0 0 1
vn -0 0 1
vn 3.40978886E-07 0 1
vn -0 0 1
vn -1.26460645E-06 0 1
vn -2.44675363E-07 0 1
vn -1.58744513E-06 0 1
vn -2.82306496E-06 0 1
vn 3.29326468E-07 0 1
vn -6.6097823E-07 0 1
vn 4.86338877E-07 0 1
vn 2.16970676E-07 0 1
vn 1.06072048E-06 0 1
vn 1.56943031E-07 0 1
vn 2.44951389E-06 0 1
vn -0 0 1
vn -4.74228386E-07 0 1
vn -0 0 1
vn -0 0 1
vn 1.30844489E-06 0 1
vn 8.14154919E-06 0 1
vn 2.03539139E-06 0 1
vn -0 0 1
vn 1.58184818E-07 0 1
vn 8.25005998E-07 0 1
vn -0 0 1
vn 3.08079029E-06 0 1
vn -1.04259004E-06 0 1
vn 3.42798648E-06 0 1
vn -2.09963673E-07 0 1
vn 6.31039995E-07 0 1
vn 8.67878782E-07 0 1
vn 1.72441389E-07 0 1
vn -1.71066688E-07 0 1
vn 1.51456038E-06 0 1
vn 2.49956173E-07 0 1
vn -0 0 1
vn -8.26369671E-07 0 1
vn -6.32304705E-07 0 1
vn -6.71533257E-07 0 1
vn 6.39968812E-06 0 1
vn -1.10679309E-06 0 1
vn 2.66380903E-06 0 1
vn 2.1218807E-06 0 1
vn 1.66782399E-06 0 1
vn 1.84153396E-06 0 1
vn 1.0258052E-06 0 1
vn -8.77740877E-06 0 1
vn -4.30953321E-07 0 1
vn 8.97445148E-07 0 1
vn -0 0 1
vn 5.91657908E-07 0 1
vn -0 0 1
vn -8.04858587E-07 0 1
vn -1.68086819E-06 0 1
vn 8.14154737E-06 0 1
vn -0 0 1
vn 7.63672631E-07 0 1
vn 1.58917189E-07 0 1
vn -2.84814774E-07 0 1
vn 2.87484795E-06 0 1
vn -1.89995703E-07 0 1
vn -0 0 1
vn 2.01884561E-07 0 1
vn -1.85680662E-07 0 1
vn 1.82925021E-07 0 1
vn 6.28115913E-07 0 1
vn -4.79935295E-07 0 1
vn -2.58067757E-06 0 1
vn -8.15424983E-07 0 1
vn 1.10975279E-07 0 1
vn -1.44769797E-06 0 1
vn -1.22055769E-06 0 1
vn 1.57018485E-06 0 1
vn 4.94470839E-07 0 1
vn -1.93962865E-06 0 1
vn 1.05439813E-06 0 1
vn 4.16955658E-07 0 1
vn -8.13493159E-07 0 1
vn 4.58684696E-07 0 1
vn -1.92937409E-06 0 1
vn 4.8990355E-06 0 1
vn 1.26460179E-06 0 1
vn 9.10889185E-07 0 1
vn -0 0 1
vn 1.25081829E-06 0 1
vn 1.16737411E-07 0 1
vn 1.30843659E-06 0 1
vn 2.03535819E-06 0 1
vn 8.14145005E-06 0 1
vn -0 0 1
vn 3.17257644E-07 0 1
vn 1.39159965E-06 0 1
vn 7.78772744E-07 0 1
vn -8.70945428E-07 0 1
vn -1.78780533E-06 0 1
vn -7.16655222E-07 0 1
vn 3.62315035E-07 0 1
vn -9.84655571E-07 0 1
vn -1.10049875E-07 0 1
vn 1.0607979E-06 0 1
vn -4.50886375E-07 0 1
vn -4.89903869E-06 0 1
vn -2.7196532E-07 0 1
vn -0 0 1
vn 9.7288239E-07 0 1
vn 2.91624417E-07 0 1
vn -1.13479007E-06 0 1
vn -0 0 1
vn 1.09203177E-06 0 1
vn -2.1753435E-07 0 1
vn 9.20768116E-07 0 1
vn 1.7658796E-07 0 1
vn -0 0 1
vn -2.37113312E-07 0 1
vn -4.15045918E-07 0 1
vn -1.0609416E-06 0 1
vn -1.05738843E-06 0 1
vn -1.13773706E-06 0 1
vn 8.60269552E-07 0 1
vn -1.58107184E-06 0 1
vn -6.72124429E-07 0 1
vn 2.69604357E-07 0 1
vn 2.12973464E-06 0 1
vn -4.0706874E-07 0 1
vn 1.33976869E-06 0 1
vn 4.87332773E-06 0 1
vn 2.588082E-07 0 1
vn -3.22138646E-07 0 1
vn -1.06220841E-06 0 1
vn -3.57288826E-07 0 1
vn -6.82511154E-06 0 1
vn -5.43287285E-07 0 1
vn -0 0 1
vn 9.59823865E-07 0 1
vn 3.17157719E-06 0 1
vn -0 0 1
vn -2.97973452E-06 0 1
vn -5.58540887E-06 0 1
vn -2.14920374E-06 0 1
vn 3.34400198E-07 0 1
vn -7.2438263E-07 0 1
vn -3.93116267E-07 0 1
vn -0 0 1
vn 2.28553108E-06 0 1
vn 6.82508789E-06 0 1
vn 1.17985735E-07 0 1
vn 3.23813879E-06 0 1
vn -3.29788691E-06 0 1
vn 1.81233543E-06 0 1
vn -0 0 1
vn 5.48470268E-07 0 1
vn 8.48376146E-07 0 1
vn 2.29256557E-06 0 1
vn 1.02013576E-06 0 1
vn 5.33533148E-06 0 1
vn -9.90116405E-07 0 1
vn 3.41254781E-06 0 1
vn 1.00975308E-06 0 1
vn 1.16280455E-06 0 1
vn 3.29789191E-06 0 1
vn -0.677594244 0.217398271 0.702569604
vn -0.69776535 0.166630045 0.696676493
vn -0.705882072 0.161178246 0.68974781
vn -0.66966176 0.231796145 0.705566168
vn -0.637426794 0.309616297 0.705567002
vn -0.632855892 0.325405508 0.70257014
vn -0.611221552 0.375565886 0.696676672
vn -0.613106906 0.385160804 0.689747095
vn -0.863734186 0.503947556 3.62412862E-07
vn -0.844609737 0.532837689 0.0521393679
vn -0.896111786 0.443827718 0.000857961481
vn -0.890103817 0.455582231 0.012649986
vn -0.831040859 0.547388971 0.098672986
vn -0.947480619 0.319812 0.000857799721
vn -0.95154351 0.30725354 0.0126503939
vn -0.974002004 0.220457286 0.0521404371
vn -0.974697113 0.200571254 0.0986750647
vn -0.967097998 0.254404277 0
vn -0.110810503 0.993841529 0
vn 0.057520818 0.998344302 0
vn 0.0575203337 0.998344302 0
vn -0.110809788 0.993841648 0
vn -0.433360338 0.901220798 0
vn -0.433360547 0.901220679 0
vn -0.707107127 0.707106352 1.09491324E-07
vn -0.707106531 0.707107008 0
vn -0.901220679 0.433360517 0
vn -0.901220679 0.433360428 0
vn -0.993841648 0.11080949 0
vn -0.993841529 0.110811204 0
vn -0.998344302 -0.0575207397 0
vn -0.998344302 -0.0575203933 0
vn -0.0682052672 0.517879128 -0.852730453
vn -0.145430565 0.507543862 -0.849263966
vn 0.0314286016 0.545433998 -0.837564349
vn -0.213573024 0.386496484 -0.897221863
vn -0.33634153 0.336340785 -0.879630148
vn -0.309149653 0.460649401 -0.832002759
vn -0.227229834 0.532023072 -0.815670311
vn -0.117345065 0.529706419 -0.840024471
vn -0.460653365 0.309149355 -0.832000613
vn -0.507543683 0.145430833 -0.849264026
vn -0.386497468 0.213574067 -0.897221208
vn -0.532022536 0.227238461 -0.815668225
vn -0.529706955 0.117335662 -0.840025485
vn -0.517877996 0.0682068393 -0.852730989
vn -0.545433879 -0.0314268805 -0.837564409
vn -0.102108978 0.697458684 0.709313154
vn 0.0918603837 0.705675483 0.70255512
vn 0.234207109 0.663903415 0.710196614
vn -0.0791454166 0.706070542 0.703704834
vn -0.307872206 0.638923228 0.70497638
vn -0.499996305 0.499992073 0.707114935
vn -0.501104176 0.501107872 0.705539167
vn -0.638923824 0.307872713 0.704975724
vn -0.697458386 0.102109529 0.709313452
vn -0.70607084 0.0791466534 0.703704357
vn -0.705675423 -0.0918590724 0.702555358
vn -0.663901925 -0.234206319 0.710198343
vn -0.443084627 0.599593639 -0.666455925
vn -0.430256873 0.595999181 -0.677985132
vn -0.351018697 0.622431159 -0.699546456
vn -0.321565807 0.63542825 -0.702015996
vn -0.221934631 0.676695943 -0.70201695
vn -0.191918269 0.6883322 -0.699547052
vn -0.117198706 0.725671589 -0.677986264
vn -0.110669762 0.737283349 -0.666457355
vn -0.532839179 0.844608724 0.0521388166
vn -0.455583066 0.89010334 0.0126497028
vn -0.547391951 0.831038952 0.0986720175
vn -0.443827301 0.896111846 0.00085777702
vn -0.503948271 0.863733828 2.89930341E-07
vn -0.30725354 0.95154351 0.0126503352
vn -0.319812506 0.94748044 0.000857693609
vn -0.220456347 0.974002123 0.0521422513
vn -0.200570896 0.974696815 0.0986784399
vn -0.254407287 0.967097104 1.44965085E-07
vn -0.325405538 0.632855892 0.702570081
vn -0.375567406 0.611221015 0.696676314
vn -0.385162503 0.613105237 0.689747572
vn -0.30961591 0.63742739 0.705566704
vn -0.217399806 0.677592754 0.702570558
vn -0.231797621 0.669660032 0.70556736
vn -0.166633368 0.697764099 0.696676791
vn -0.161180705 0.705881834 0.689747572
vn -0 0 1
vn -0 0 1
vn 4.33336936E-07 0 1
vn -9.60730858E-07 0 1
vn -0 0 1
vn -0 0 1
vn -0 0 1
vn -1.78846926E-06 0 1
vn -5.33531147E-06 0 1
vn -1.99472765E-07 0 1
vn 3.62465653E-06 0 1
vn -0 0 1
vn 0.342095703 -0.939665079 0
vn 0.342095435 -0.939665139 0
vn 0.342095554 -0.939665139 0
vn 0.342096239 -0.93966496 0
vn 0.342096537 -0.939664841 0
vn 0.342096686 -0.939664721 0
vn 0.942035437 -0.335513264 -1.83978887E-06
vn 0.966196537 -0.25780651 -1.36526933E-05
vn 0.966196716 -0.257805645 2.29151237E-06
vn 0.942035735 -0.335512429 2.24463861E-06
vn 0.985582054 -0.1691982 1.95363441E-07
vn 0.99076426 -0.135594979 1.45350526E-07
vn 0.985581815 -0.169199541 0
vn 0.990764499 -0.135593548 2.91957917E-07
vn 0.997688413 -0.0679545999 1.75359503E-07
vn 0.997688532 -0.0679537654 2.33730646E-07
vn 0.99995923 0.00902920775 0
vn 0.99995923 0.00902947504 0
vn 0.994583786 0.103938237 -2.8434431E-07
vn 0.994583786 0.103937842 -2.29001799E-07
vn 0.978393734 0.206750214 -3.84802377E-07
vn 0.978393972 0.206749275 -2.3722076E-07
vn 0.96630913 0.257384479 -2.26741435E-07
vn 0.966309369 0.257383585 0
vn 0.79978925 -0.150263622 0.581169426
vn 0.787771702 -0.205306709 0.580745161
vn 0.795677543 -0.165859655 0.582570076
vn 0.806370258 -0.110908933 0.580918372
vn 0.80751735 -0.0826349258 0.584026814
vn 0.812116265 -0.0547628179 0.58092016
vn 0.812758386 -0.00740460819 0.582553685
vn 0.814700425 0.006039056 0.579850614
vn 0.812347889 0.0483928733 0.581161916
vn 0.81110996 0.0849962905 0.578684926
vn 0.808047533 0.0984832942 0.580827296
vn 0.80218029 0.139412105 0.580578148
vn 0.794763565 0.170691401 0.582421958
vn 0.783565462 0.208709195 0.585205674
vn 0.829083502 -0.559124768 1.34842125E-07
vn 0.829084098 -0.559123993 0
vn 0.829084158 -0.559123755 0
vn 0.829083323 -0.559125006 2.91226485E-07
vn 0.8290838 -0.559124351 0
vn 0.82908392 -0.559124231 0
vn 0.724952161 0.375926048 0.577168882
vn 0.743637383 0.317362607 0.588459373
vn 0.717083097 0.377976388 0.585598469
vn 0.676211655 0.459150761 0.576123595
vn 0.646887481 0.489010185 0.585154295
vn 0.587244928 0.567950606 0.576693714
vn 0.584098518 0.564593554 0.583149254
vn 0.537855446 0.618005812 0.573393703
vn 0.656497717 0.754327953 -1.30211546E-07
vn 0.656498253 0.754327476 0
vn 0.718909919 0.695103228 -9.66222728E-07
vn 0.718909562 0.695103645 -7.22872187E-07
vn 0.827346146 0.561692476 -3.0869893E-07
vn 0.827345729 0.561693132 0
vn 0.87256676 0.488494992 0
vn 0.872566283 0.488495708 0
vn 0.933204174 0.35934642 2.00751879E-06
vn 0.959332943 0.282276809 1.34840056E-05
vn 0.959332287 0.282279015 -2.01881289E-06
vn 0.93320334 0.359348506 -1.94373411E-06
vn -0.829081059 0.559128463 1.3975382E-06
vn -0.829081595 0.559127629 1.0268252E-06
vn -0.829083025 0.559125543 -3.29802248E-07
vn -0.829083443 0.559125006 -2.3305185E-07
vn -0.829084337 0.559123635 0
vn -0.829084396 0.559123516 0
vn 0.784769893 0.218249738 0.580089033
vn 0.802064002 0.165680215 0.573797405
vn 0.77391535 0.248827517 0.582357109
vn 0.75724417 0.291615754 0.584415436
vn 0.0877349153 0.996143818 1.08128518E-06
vn 0.0877350941 0.996143818 1.69639691E-06
vn 0.173039049 0.984914899 3.08698532E-07
vn 0.1730389 0.984914899 0
vn 0.33918184 0.940720856 0
vn 0.339181811 0.940720856 0
vn 0.418790758 0.908082783 0
vn 0.418790847 0.908082783 0
vn 0.99938798 0.0349821262 0
vn 0.99938798 0.0349822119 0
vn 0.99938798 0.0349816307 7.64469462E-07
vn 0.99938798 0.0349815339 3.5396053E-07
vn 0.928843021 0.370473534 1.16601598E-06
vn 0.791000664 0.611815274 -1.20960055E-06
vn 0.673370361 0.739305377 -1.9774393E-06
vn 0.673370838 0.739304841 2.26631914E-06
vn 0.610196829 0.792249799 -2.00828777E-06
vn 0.543759286 0.839241207 -1.94373297E-06
vn 0.54375881 0.839241505 2.03055561E-06
vn 0.610196471 0.792250097 1.81312782E-06
vn -0.99938798 -0.0349802449 -1.38143349E-07
vn -0.99938798 -0.0349807367 -3.27729055E-07
vn -0.99938798 -0.0349801071 0
vn -0.99938798 -0.0349809416 -5.23109179E-07
vn -0.99938798 -0.0349799506 1.15518014E-06
vn -0.99938798 -0.0349797346 1.5722328E-06
vn -0.414424986 0.317965478 -0.852730811
vn -0.461722881 0.256052345 -0.849263966
vn -0.363458723 0.4079023 -0.837563992
vn -0.424316406 0.122275166 -0.897220433
vn -0.475659072 2.0547138E-07 -0.879629731
vn -0.5443331 0.107124664 -0.83200103
vn -0.536878407 0.215511635 -0.815669179
vn -0.457518339 0.291591495 -0.840030611
vn -0.544332623 -0.107126288 -0.83200109
vn -0.461723655 -0.256051838 -0.849263608
vn -0.536876619 -0.215513721 -0.815669894
vn -0.45751819 -0.291583776 -0.840033293
vn -0.424317867 -0.12227609 -0.897219539
vn -0.414426416 -0.317966342 -0.852729857
vn -0.363460004 -0.407902777 -0.837563276
vn -0.665260732 0.746611178 0
vn -0.781105936 0.62439853 0
vn -0.665260434 0.746611297 0
vn -0.781107128 0.62439692 0
vn -0.943691313 0.330827355 0
vn -0.943691969 0.330825627 0
vn -1 0 0
vn -1 0 0
vn -0.94369185 -0.330825657 0
vn -0.943691313 -0.330827296 0
vn -0.781107068 -0.624397159 0
vn -0.781106055 -0.62439841 0
vn -0.665260434 -0.746611297 0
vn -0.665260732 -0.746611178 0
vn -0.737283289 0.110671498 -0.666457117
vn -0.725671828 0.117199562 -0.677985787
vn -0.688332856 0.191917837 -0.699546576
vn -0.67669636 0.221933737 -0.702016652
vn -0.635428131 0.321564406 -0.702016771
vn -0.622431457 0.351017594 -0.699546754
vn -0.595999599 0.430256248 -0.677985191
vn -0.599594116 0.443084002 -0.666455805
vn 0.275560528 0.961283743 1.39753763E-06
vn 0.275560051 0.961283863 9.34371599E-07
vn 0.27555874 0.961284161 -4.21881367E-07
vn 0.27555868 0.961284161 -4.55213808E-07
vn 0.275559247 0.961284101 0
vn 0.275559306 0.961284101 0
vn 0.514539778 -0.857466519 0
vn 0.514540017 -0.85746634 0
vn 0.438927174 -0.898522615 0
vn 0.438926905 -0.898522794 0
vn 0.278537869 -0.960425198 0
vn 0.278537661 -0.960425258 0
vn 0.194948226 -0.980813563 0
vn 0.194947943 -0.980813563 0
vn 0.581549406 -0.573302746 0.577169061
vn 0.531626165 -0.609170973 0.588459313
vn 0.58106792 -0.565185368 0.585598528
vn 0.64563942 -0.501229703 0.576123714
vn 0.664975882 -0.464113891 0.585154235
vn 0.721621692 -0.382996649 0.576693773
vn 0.717456698 -0.381041884 0.583149195
vn 0.753964663 -0.320556879 0.573393881
vn -0.275558889 -0.961284161 0
vn -0.275559604 -0.961283982 0
vn -0.275559604 -0.961283982 0
vn -0.275559008 -0.961284161 0
vn -0.275559008 -0.961284161 0
vn -0.275559068 -0.961284161 0
vn 0.789865613 -0.613280118 0
vn 0.734224319 -0.678906977 0
vn 0.734224081 -0.678907156 0
vn 0.789865613 -0.613279939 -1.54349024E-07
vn 0.883237779 -0.468925416 -4.84163365E-07
vn 0.883237839 -0.468925178 -4.45575211E-07
vn 0.920277596 -0.391266197 2.51703398E-07
vn 0.920277596 -0.391266018 6.36148286E-07
vn -0.342096359 0.939664841 0
vn -0.342096806 0.939664662 -2.64253885E-07
vn -0.342096388 0.939664841 0
vn -0.342096299 0.939664841 -1.2066242E-07
vn -0.342095584 0.939665139 9.65349045E-07
vn -0.342095077 0.939665377 1.39754002E-06
vn -0 0 1
vn 4.40095482E-06 0 1
vn 1.12774421E-06 0 1
vn 6.37185792E-07 0 1
vn 4.80363951E-07 0 1
vn 3.25284958E-07 0 1
vn -3.41256168E-06 0 1
vn 1.83891052E-06 0 1
vn 2.66764846E-06 0 1
vn 1.94462655E-06 0 1
vn -0 0 1
vn -0 0 1
vn 0.217400521 0.677593112 0.702569962
vn 0.166632757 0.697763562 0.696677387
vn 0.161179557 0.70588088 0.689748764
vn 0.231798396 0.669660866 0.705566287
vn 0.325406939 0.632855833 0.702569485
vn 0.309617788 0.63742727 0.70556587
vn 0.375567019 0.611220956 0.696676612
vn 0.385161281 0.613104999 0.689748406
vn -0.746608853 0.665263295 -1.31565756E-07
vn -0.746611059 0.665260792 0
vn -0.624397278 0.781106949 0
vn -0.624397755 0.781106591 0
vn -0.330827415 0.943691313 1.28184652E-07
vn -0.330826223 0.943691611 0
vn -0 1 0
vn -2.30947279E-07 1 0
vn 0.330826223 0.943691611 0
vn 0.330827892 0.943691075 1.86062422E-07
vn 0.624397755 0.781106591 0
vn 0.624397576 0.78110671 1.33229534E-07
vn 0.746611118 0.665260792 0
vn 0.746608734 0.665263414 -1.40155024E-07
vn 0.319812655 0.94748044 0.00085788843
vn 0.220457852 0.974001884 0.0521412641
vn 0.254405111 0.967097759 1.1345584E-07
vn 0.307253987 0.95154345 0.0126501005
vn 0.200573534 0.974696457 0.0986762419
vn 0.455581456 0.890104175 0.0126494113
vn 0.443829447 0.896110892 0.000857847044
vn 0.532835245 0.844611228 0.0521385446
vn 0.547385871 0.831043184 0.0986711532
vn 0.503950834 0.863732398 0
vn -0.563939035 0.434035569 0.702556729
vn -0.420954645 0.5653494 0.709349811
vn -0.635056257 0.3038432 0.710199177
vn -0.443302602 0.555232763 0.703704
vn -0.234088808 0.669486165 0.704975605
vn -9.49017647E-07 0.707135439 0.707078099
vn -8.36460185E-06 0.708564162 0.705646455
vn 0.234091192 0.669485092 0.704975784
vn 0.420958698 0.565347791 0.709348738
vn 0.443303704 0.555231392 0.703704357
vn 0.563943624 0.434034079 0.702553868
vn 0.635062754 0.303842276 0.710193753
vn -0.407907158 0.363458574 -0.837561667
vn -0.256054431 0.461721808 -0.849263847
vn -0.317967057 0.414425313 -0.852730095
vn -0.122275278 0.424311936 -0.897222519
vn -6.75685158E-07 0.475657493 -0.879630506
vn -0.107123069 0.544330955 -0.832002699
vn -0.21551241 0.536871314 -0.815673649
vn -0.291599572 0.45751673 -0.840028584
vn 0.107124418 0.544332087 -0.832001805
vn 0.256053746 0.461721659 -0.849264145
vn 0.122273192 0.424312115 -0.897222638
vn 0.215513676 0.536875606 -0.81567055
vn 0.291596353 0.457521796 -0.840027034
vn 0.317966402 0.414424419 -0.852730811
vn 0.407905787 0.36345765 -0.83756274
vn 0.11067 0.737284362 -0.666456163
vn 0.117198668 0.725672305 -0.67798537
vn 0.191917628 0.688333392 -0.699546158
vn 0.221933663 0.676697254 -0.702015936
vn 0.321565837 0.635427773 -0.702016354
vn 0.351018548 0.622431457 -0.699546337
vn 0.430254221 0.596000612 -0.677985728
vn 0.44308117 0.599595428 -0.66645658
vn 9.22431923E-07 0 1
vn 6.82511018E-06 0 1
vn -0 0 1
vn 5.97317921E-07 0 1
vn 5.63869378E-07 0 1
vn 2.20046195E-06 0 1
vn -0 0 1
vn 1.78847154E-06 0 1
vn 5.33532511E-06 0 1
vn -7.38012943E-07 0 1
vn -4.6614532E-06 0 1
vn -2.79271103E-06 0 1
vn 0.632857978 0.325405359 0.702568233
vn 0.611221731 0.375566483 0.696676135
vn 0.613105357 0.385161221 0.689748347
vn 0.637429178 0.309616029 0.705565035
vn 0.67759341 0.217400342 0.702569783
vn 0.669659555 0.231797799 0.705567777
vn 0.69776547 0.166634411 0.696675241
vn 0.705883086 0.161182031 0.689745903
vn 0.697457373 0.102110669 0.709314227
vn 0.705673277 -0.091857262 0.702557802
vn 0.663902342 -0.234204233 0.710198522
vn 0.706044257 0.079114601 0.703734517
vn 0.638924122 0.307873219 0.704975367
vn 0.499995947 0.499992341 0.707115054
vn 0.500982344 0.500979006 0.705717146
vn 0.307872593 0.638923407 0.704976082
vn 0.102110878 0.697458327 0.709313273
vn 0.0791142136 0.706045032 0.703733861
vn -0.0918568 0.705675125 0.702556014
vn -0.234203488 0.663903236 0.710197985
vn 0.517879069 0.0682071075 -0.852730393
vn 0.507544816 0.145428345 -0.849263787
vn 0.545437396 -0.0314273089 -0.837562144
vn 0.386493891 0.213573202 -0.897222936
vn 0.336340874 0.336340368 -0.879630506
vn 0.460650623 0.309146076 -0.832003415
vn 0.532019377 0.22722207 -0.815674901
vn 0.529708028 0.117321104 -0.840026855
vn 0.309149563 0.460651606 -0.832001626
vn 0.145428151 0.507544577 -0.849263847
vn 0.21357283 0.386493683 -0.897223115
vn 0.227225035 0.532023549 -0.815671325
vn 0.117319137 0.529703736 -0.840029895
vn 0.0682062432 0.517879367 -0.852730215
vn -0.0314291827 0.545436263 -0.837562799
vn 0.993841648 0.110810049 0
vn 0.998344302 -0.0575207993 0
vn 0.998344302 -0.0575217791 0
vn 0.993841648 0.110809475 0
vn 0.9012205 0.433360875 0
vn 0.901220679 0.433360547 0
vn 0.707107008 0.707106531 0
vn 0.707106471 0.707107008 0
vn 0.433360606 0.90122056 0
vn 0.433360457 0.901220679 0
vn 0.110809699 0.993841648 0
vn 0.110809796 0.993841648 0
vn -0.0575208515 0.998344302 0
vn -0.0575207137 0.998344302 0
vn 0.599594235 0.443082929 -0.66645658
vn 0.595999599 0.430255264 -0.677985787
vn 0.622430503 0.351018488 -0.699547231
vn 0.635427177 0.321565121 -0.702017128
vn 0.688332558 0.191916451 -0.699547291
vn 0.676696777 0.221931681 -0.70201695
vn 0.725671887 0.117196813 -0.677986205
vn 0.737283945 0.110668555 -0.666456997
vn 0.461722881 -0.256052345 -0.849263966
vn 0.536878407 -0.215511635 -0.815669179
vn 0.457518339 -0.291591495 -0.840030611
vn 0.5443331 -0.107124664 -0.83200103
vn 0.475659072 -2.0547138E-07 -0.879629731
vn 0.544332623 0.107126288 -0.83200109
vn 0.424316406 -0.122275166 -0.897220433
vn 0.414424986 -0.317965478 -0.852730811
vn 0.363458723 -0.4079023 -0.837563992
vn 0.461723655 0.256051838 -0.849263608
vn 0.424317867 0.12227609 -0.897219539
vn 0.536876619 0.215513721 -0.815669894
vn 0.45751819 0.291583776 -0.840033293
vn 0.414426416 0.317966342 -0.852729857
vn 0.363460004 0.407902777 -0.837563276
vn 0.737283289 -0.110671498 -0.666457117
vn 0.725671828 -0.117199562 -0.677985787
vn 0.688332856 -0.191917837 -0.699546576
vn 0.67669636 -0.221933737 -0.702016652
vn 0.635428131 -0.321564406 -0.702016771
vn 0.622431457 -0.351017594 -0.699546754
vn 0.595999599 -0.430256248 -0.677985191
vn 0.599594116 -0.443084002 -0.666455805
vn 0.997946441 0.0478740744 0.0425560065
vn 0.95154351 -0.30725354 0.0126503939
vn 0.974697113 -0.200571254 0.0986750647
vn 0.947480619 -0.319812 0.000857799721
vn 0.890103817 -0.455582231 0.012649986
vn 0.95742166 0.2886931 0
vn 0.781106055 0.62439841 0
vn 0.781107068 0.624397159 0
vn 0.943691313 0.330827296 0
vn 0.94369185 0.330825657 0
vn 1 0 0
vn 1 0 0
vn 0.943691969 -0.330825627 0
vn 0.943691313 -0.330827355 0
vn 0.781107128 -0.62439692 0
vn 0.781105936 -0.62439853 0
vn 0.957422316 -0.288691193 0
vn 0.99794656 -0.0478737317 0.0425534248
vn 0.947480559 0.319812268 0.00085774617
vn 0.951543868 0.307252765 0.0126493713
vn 0.974697232 0.200573266 0.0986692011
vn 0.890104353 0.455581039 0.0126494095
vn 0.896111369 0.443828464 0.000857758976
vn 0.844610631 0.532836199 0.0521389507
vn 0.831042409 0.547386825 0.0986717045
vn 0.863732338 0.503950834 0
vn 0.434034348 -0.563939989 0.702556729
vn 0.30384165 -0.635057986 0.710198283
vn 0.565381765 -0.42097345 0.709313035
vn 0.555233419 -0.443298817 0.703705847
vn 0.669487417 -0.234087393 0.704975009
vn 0.70710057 -2.71666795E-06 0.707112908
vn 0.708564699 -2.66314601E-06 0.705645859
vn 0.669487417 0.234087437 0.704975009
vn 0.565381765 0.42097345 0.709313035
vn 0.555233479 0.443298876 0.703705788
vn 0.434034348 0.563939989 0.702556729
vn 0.30384174 0.635058045 0.710198164
vn -1.33976869E-06 0 1
vn -4.87332773E-06 0 1
vn -2.588082E-07 0 1
vn 3.22138646E-07 0 1
vn 1.06220841E-06 0 1
vn 3.57288826E-07 0 1
vn 6.82511154E-06 0 1
vn 5.43287285E-07 0 1
vn -0 0 1
vn -9.59823865E-07 0 1
vn -3.17157719E-06 0 1
vn -0 0 1
vn -0 0 1
vn -7.08506036E-07 0 1
vn -0 0 1
vn 1.49566915E-06 0 1
vn -3.44112692E-07 0 1
vn 3.10628229E-06 0 1
vn -1.39635154E-06 0 1
vn 1.0988939E-06 0 1
vn 6.82507107E-06 0 1
vn -0 0 1
vn -0 0 1
vn -0 0 1
vn 1.86304101E-06 0 1
vn -1.96040091E-07 0 1
vn 1.00037619E-06 0 1
vn -6.02264379E-07 0 1
vn 9.20075024E-07 0 1
vn 1.55518092E-06 0 1
vn 4.18906666E-06 0 1
vn -8.63434536E-07 0 1
vn -0 0 1
vn 4.30281671E-06 0 1
vn -2.07535436E-06 0 1
vn 6.59579473E-06 0 1
vn 3.93116267E-07 0 1
vn 7.2438263E-07 0 1
vn -0 0 1
vn -3.34400198E-07 0 1
vn 2.14920374E-06 0 1
vn 2.97973452E-06 0 1
vn 5.58540887E-06 0 1
vn -2.28553108E-06 0 1
vn -6.82508789E-06 0 1
vn -1.17985735E-07 0 1
vn -3.23813879E-06 0 1
vn 3.29788691E-06 0 1
vn 9.90116405E-07 0 1
vn -3.41254781E-06 0 1
vn -8.48376146E-07 0 1
vn -1.02013576E-06 0 1
vn -1.00975308E-06 0 1
vn -1.16280455E-06 0 1
vn -3.29789191E-06 0 1
vn -2.29256557E-06 0 1
vn -5.33533148E-06 0 1
vn -5.48470268E-07 0 1
vn -1.81233543E-06 0 1
vn -0 0 1
vn 0.613106072 -0.385160238 0.689748228
vn 0.611220717 -0.37556535 0.696677804
vn 0.632855237 -0.325404823 0.702571034
vn 0.637426257 -0.309615761 0.705567777
vn 0.677594125 -0.217398092 0.702569723
vn 0.66966176 -0.231796145 0.705566168
vn 0.69776535 -0.166630045 0.696676493
vn 0.705882072 -0.161178246 0.68974781
vn 0.863734186 -0.503947556 3.62412862E-07
vn 0.844609737 -0.532837689 0.0521393679
vn 0.896111786 -0.443827718 0.000857961481
vn 0.831040859 -0.547388971 0.098672986
vn 0.705675423 0.0918590724 0.702555358
vn 0.697458386 -0.102109529 0.709313452
vn 0.663901925 0.234206319 0.710198343
vn 0.70607084 -0.0791466534 0.703704357
vn 0.638923824 -0.307872713 0.704975724
vn 0.499996066 -0.499992311 0.707114935
vn 0.501082897 -0.501078904 0.705574811
vn 0.307872027 -0.638922989 0.704976737
vn 0.102108441 -0.697458804 0.709313154
vn 0.0791455582 -0.706070304 0.703704953
vn -0.091860421 -0.70567596 0.702554762
vn -0.234207258 -0.663903475 0.710196495
vn -0 0 1
vn 8.80187235E-06 0 1
vn -1.15558021E-06 0 1
vn 1.41763724E-06 0 1
vn -2.04632374E-06 0 1
vn 1.16320869E-07 0 1
vn 8.53134566E-07 0 1
vn -0 0 1
vn -0 0 1
vn -0 0 1
vn -0 0 1
vn -0 0 1
vn -0.565381765 -0.42097345 0.709313035
vn -0.30384174 -0.635058045 0.710198164
vn -0.434034348 -0.563939989 0.702556729
vn -0.555233479 -0.443298876 0.703705788
vn -0.669487417 -0.234087437 0.704975009
vn -0.70710057 2.71666795E-06 0.707112908
vn -0.708564699 2.66314601E-06 0.705645859
vn -0.669487417 0.234087393 0.704975009
vn -0.565381765 0.42097345 0.709313035
vn -0.555233419 0.443298817 0.703705847
vn -0.434034348 0.563939989 0.702556729
vn -0.30384165 0.635057986 0.710198283
vn 2.04632374E-06 0 1
vn -0 0 1
vn -0 0 1
vn -1.16320869E-07 0 1
vn -0 0 1
vn -0 0 1
vn -0 0 1
vn -1.41763724E-06 0 1
vn -8.53134566E-07 0 1
vn 1.15558021E-06 0 1
vn -8.80187235E-06 0 1
vn -0 0 1
vn 0.746608853 -0.665263295 -1.31565756E-07
vn 0.746611059 -0.665260792 0
vn 0.624397278 -0.781106949 0
vn 0.624397755 -0.781106591 0
vn 0.330827415 -0.943691313 1.28184652E-07
vn 0.330826223 -0.943691611 0
vn -0 -1 0
vn 2.30947279E-07 -1 0
vn -0.330826223 -0.943691611 0
vn -0.330827892 -0.943691075 1.86062422E-07
vn -0.624397755 -0.781106591 0
vn -0.624397576 -0.78110671 1.33229534E-07
vn -0.746611118 -0.665260792 0
vn -0.746608734 -0.665263414 -1.40155024E-07
vn -1.55518092E-06 0 1
vn -4.18906666E-06 0 1
vn -9.20075024E-07 0 1
vn 6.02264379E-07 0 1
vn 1.96040091E-07 0 1
vn -1.86304101E-06 0 1
vn -1.00037619E-06 0 1
vn 8.63434536E-07 0 1
vn -0 0 1
vn -4.30281671E-06 0 1
vn 2.07535436E-06 0 1
vn -6.59579473E-06 0 1
vn -0.581549406 0.573302746 0.57716924
vn -0.531625867 0.609171152 0.588459551
vn -0.581067801 0.565185428 0.585598648
vn -0.64563942 0.501229584 0.576123774
vn -0.664975882 0.464113891 0.585154235
vn -0.721621692 0.382996649 0.576693773
vn -0.717456698 0.381041884 0.583149195
vn -0.753964663 0.320556879 0.573393881
vn -0.789865613 0.613279939 0
vn -0.734224498 0.678906739 0
vn -0.734224558 0.678906679 0
vn -0.789865613 0.613279939 -1.54349024E-07
vn -0.883237779 0.468925416 -4.84163365E-07
vn -0.883237958 0.468925089 -5.61337345E-07
vn -0.920277774 0.39126578 -1.53778188E-07
vn -0.920277894 0.391265422 0
vn -8.01454178E-07 0 1
vn -1.01245564E-06 0 1
vn -0 0 1
vn -1.19239076E-06 0 1
vn -2.99943082E-07 0 1
vn -6.3220034E-07 0 1
vn -0 0 1
vn 6.79235541E-07 0 1
vn 2.22863889E-07 0 1
vn 7.59626573E-07 0 1
vn -2.52858086E-07 0 1
vn 2.23582151E-06 0 1
vn 4.26973173E-07 0 1
vn 4.80616222E-07 0 1
vn -0 0 1
vn 8.67310689E-07 0 1
vn -3.74216967E-07 0 1
vn 1.18629238E-07 0 1
vn 8.40402265E-07 0 1
vn 8.20664695E-07 0 1
vn -3.42565983E-07 0 1
vn -6.4995578E-07 0 1
vn -1.33586184E-06 0 1
vn 2.29770853E-06 0 1
vn 6.69677661E-07 0 1
vn -2.24782838E-07 0 1
vn -6.00213014E-07 0 1
vn -8.87389092E-07 0 1
vn -0 0 1
vn -2.60316483E-06 0 1
vn 2.24782838E-07 0 1
vn -0 0 1
vn -0 0 1
vn -0 0 1
vn -0 0 1
vn 1.06973368E-06 0 1
vn 1.40466318E-06 0 1
vn -0 0 1
vn -0 0 1
vn 2.60316483E-06 0 1
vn 8.40411474E-07 0 1
vn -1.11039992E-06 0 1
vn 3.3146361E-07 0 1
vn -1.93446863E-06 0 1
vn 8.5773712E-07 0 1
vn 3.74217024E-07 0 1
vn 1.41001317E-06 0 1
vn -3.60704178E-07 0 1
vn -2.51646838E-07 0 1
vn -0 0 1
vn -4.336556E-07 0 1
vn -0 0 1
vn -1.14734917E-06 0 1
vn -4.10341812E-07 0 1
vn -8.50647439E-07 0 1
vn -0 0 1
vn 1.84088549E-07 0 1
vn -2.63344532E-06 0 1
vn 6.33545369E-07 0 1
vn -1.91584576E-07 0 1
vn -0 0 1
vn -3.58077926E-07 0 1
vn 5.60065985E-07 0 1
vn 1.01245564E-06 0 1
vn -0.434815377 0.132426381 0.890729427
vn -0.442875296 0.107930399 0.890063226
vn -0.501008153 -0.503825307 0.703669608
vn -0.197268322 0.675200403 0.710766971
vn -0.484394819 -0.518606365 0.704562962
vn -0.21922496 0.670107305 0.709151983
vn -0.456119746 -0.544221461 0.704114914
vn -0.449766845 -0.546242416 0.706632197
vn -0.252870411 0.656918824 0.710291684
vn -0.258765996 0.657709777 0.707430542
vn -0.0916622132 -0.655827641 0.749325156
vn -0.0918434486 -0.656857491 0.74840039
vn 0.0477984063 0.655554235 0.753633857
vn 0.0488319136 0.653910637 0.754994214
vn 0.290013462 -0.648316979 0.703972518
vn 0.280749828 -0.650209844 0.705979228
vn 0.323517323 -0.633138597 0.703186989
vn 0.34506911 -0.62100327 0.703762889
vn 0.340975553 0.614927828 0.7110551
vn 0.350914061 0.612704873 0.708132803
vn 0.303791463 0.634279311 0.710915267
vn 0.276708573 0.646040797 0.711381435
vn 0.403544277 0.0117671136 0.914884388
vn 0.398337632 0.041083999 0.916318297
vn -0.310441732 -0.58492589 0.749324799
vn 0.0414352193 -0.70702213 0.705976486
vn 0.0507862233 -0.708411098 0.703970551
vn 0.0874606147 -0.705605507 0.70318675
vn -0.310965776 -0.58583045 0.748400331
vn 0.111862764 -0.701571524 0.703764319
vn -0.614748001 -0.35539785 0.704114556
vn -0.609469593 -0.359469622 0.70663172
vn -0.632556975 -0.321657091 0.704562604
vn -0.643111289 -0.302085966 0.703670382
vn 0.383231968 -0.126960397 0.914884806
vn 0.388366818 -0.097632654 0.916318297
vn 0.480978638 0.512440264 0.711382031
vn 0.502404392 0.492124766 0.710917115
vn -0.37609455 0.252856225 0.891412675
vn -0.36329636 0.273152977 0.890731871
vn 0.530729055 0.461222142 0.711056054
vn 0.539308608 0.455732465 0.708134234
vn 0.264242321 0.600874662 0.754404187
vn 0.268394053 0.597167611 0.755880594
vn -0.0395831726 0.699915469 0.713127911
vn 0.0455386452 0.700078726 0.712612152
vn 0.0443718843 0.705691874 0.707128108
vn 0.0202276185 0.701349318 0.712530732
vn -0.0123211518 0.701300442 0.712759495
vn -0.0207415372 0.706076682 0.707831562
vn 0.00318217976 0.704455912 0.70974052
vn -0.0297761727 0.999555886 -0.00113783113
vn -0.0232698657 0.999688625 -0.00900679082
vn 0.00368544576 0.999819338 -0.0186510328
vn -0.0538292341 0.998346448 -0.0201726668
vn 0.40631023 0.913720548 -0.00517112529
vn 0.403970063 0.914772153 0
vn 0.0358080529 0.999327183 -0.00792940054
vn 0.0289812237 0.999579251 -0.00121128943
vn 0.0642349198 0.997754157 -0.018986946
vn 0.76077795 0.649012208 0
vn 0.760779202 0.649010777 0
vn 0.712128162 0.702049434 0
vn 0.712128162 0.702049375 0
vn -0.822291076 0.569010079 -0.00805690698
vn -0.821181178 0.570667505 0
vn -0.893072903 -0.449911892 0
vn -0.893072903 -0.449911892 0
vn -0.862923801 -0.505334079 0
vn -0.862923324 -0.505334854 0
vn -0.469651252 -0.882852077 0
vn -0.469650716 -0.882852256 0
vn 0.0633993298 -0.997988224 0
vn 0.063399449 -0.997988224 0
vn 0.126635239 -0.99194932 0
vn 0.126635432 -0.99194932 0
vn 0.955659509 -0.294473886 0
vn 0.955659151 -0.294474959 0
vn 0.470717013 0.524908602 0.709151864
vn 0.442472517 0.547449291 0.710293829
vn 0.440206617 0.552950501 0.707434773
vn 0.59162724 0.286382437 0.753632784
vn 0.486106783 0.508440793 0.710765779
vn 0.590722859 0.284665734 0.754991353
vn -0.127964169 0.437505722 0.890063941
vn -0.102720588 0.442770958 0.890731394
vn -0.686826348 0.181972876 0.703672826
vn -0.691322505 0.160195798 0.704563975
vn 0.703031063 0.0121705048 0.711054981
vn 0.706073999 0.00245030434 0.708133817
vn 0.701196849 0.0540492721 0.710916042
vn 0.697841108 0.0833847374 0.711382389
vn -0.699371159 0.122902609 0.704112887
vn -0.69794482 0.116392188 0.706629992
vn 0.211961299 -0.343593925 0.914885581
vn 0.234749421 -0.32442528 0.916319311
vn -0.365272671 -0.609339476 0.703762293
vn -0.386557311 -0.596744359 0.70318526
vn -0.613795996 -0.248530179 0.74932456
vn -0.614778638 -0.24888809 0.748399556
vn -0.416451693 -0.575318038 0.703972399
vn -0.422721684 -0.56824255 0.705979288
vn 0.964053988 -0.26570636 0
vn 0.942452669 -0.33433947 0
vn 0.942453265 -0.334337682 0
vn 0.995020032 0.0996749252 0
vn 0.964053929 -0.265706569 0
vn 0.995020032 0.0996747091 0
vn 0.854067147 0.520162821 0
vn 0.854065657 0.520165265 -2.5175612E-07
vn 0.883298099 0.46881181 -2.85337364E-06
vn 0.883296549 0.468814611 -2.8533866E-06
vn 0.0767625421 0.997049332 -4.93352729E-07
vn 0.0767611712 0.997049451 0
vn -0.8361696 0.548471034 0
vn -0.836169004 0.548471928 0
vn -0.86909467 0.494645715 0
vn -0.869093955 0.494646966 0
vn -0.999398351 -0.0346834883 0
vn -0.999398351 -0.0346837603 0
vn -0.832581878 -0.55390203 0
vn -0.832581043 -0.553903222 0
vn -0.795740068 -0.605638325 0
vn -0.795739353 -0.605639219 0
vn 0.222814173 -0.974860907 0
vn 0.222815737 -0.974860549 0
vn 0.653896511 0.0667648464 0.753632367
vn 0.652459919 0.0654601306 0.754990697
vn 0.66479218 -0.229013234 0.711058557
vn 0.603028893 0.363099933 0.710291862
vn 0.664326847 -0.239188865 0.708137453
vn 0.602780581 0.369044244 0.707433343
vn 0.67739284 -0.189032719 0.710918844
vn 0.621860147 0.332257718 0.709150732
vn 0.684273362 -0.160319626 0.711384356
vn 0.630687654 0.311519265 0.710766435
vn 0.0816597566 -0.395368755 0.914885283
vn 0.109626882 -0.385150552 0.916319311
vn -0.551649988 -0.447661906 0.703762054
vn -0.567341864 -0.42854619 0.703186691
vn 0.0293856692 0.454887331 0.890064061
vn 0.0549092069 0.451200932 0.890731573
vn -0.583170056 0.405907542 0.703670204
vn -0.594842553 0.386981606 0.704562008
vn -0.588105321 -0.398188412 0.703972995
vn -0.591576934 -0.389395654 0.705980122
vn -0.615157247 0.354690403 0.704113841
vn -0.616042376 0.34808585 0.706631541
vn -0.661781192 -0.0236135125 0.749325156
vn -0.66282773 -0.0236131735 0.748399436
vn 0.637297809 -0.160907581 0.753631353
vn 0.635503113 -0.161642373 0.754988372
vn 0.546373665 -0.442576468 0.711056888
vn 0.690847993 0.134954229 0.710293174
vn 0.542455196 -0.451979846 0.708136022
vn 0.692646682 0.140624985 0.707435608
vn 0.571889043 -0.409316987 0.710916638
vn 0.697995126 0.0995308384 0.709151864
vn 0.588175595 -0.38468793 0.711382329
vn 0.699198723 0.0770246387 0.710765958
vn -0.0584874377 -0.399455786 0.914884806
vn -0.0287124123 -0.399419188 0.916318655
vn -0.671489537 -0.231989399 0.703763187
vn -0.679697216 -0.208658814 0.703187943
vn 0.183194637 0.417403847 0.890063882
vn 0.20591493 0.405211806 0.890731454
vn -0.409172416 0.580883741 0.703670382
vn -0.426612526 0.567091703 0.704562902
vn -0.688829184 -0.173028409 0.703971207
vn -0.689086258 -0.16357708 0.705976367
vn -0.456747949 0.54369545 0.70411402
vn -0.45983997 0.537792563 0.706630349
vn -0.629947722 0.204154193 0.749324322
vn -0.630929768 0.204510748 0.748400331
vn 0.543828547 -0.369174063 0.75363189
vn 0.362055153 -0.602757692 0.71105504
vn 0.355158269 -0.610254765 0.708132505
vn 0.397408426 -0.580228627 0.710915864
vn 0.541890085 -0.369247019 0.754991233
vn 0.421134979 -0.562655032 0.711382151
vn 0.695343912 -0.1094689 0.710291028
vn 0.698974252 -0.104759544 0.70743233
vn 0.689945042 -0.145197928 0.709149837
vn 0.683376431 -0.166760445 0.710765541
vn -0.191581056 -0.355361015 0.914885283
vn -0.163587317 -0.365510046 0.916319609
vn -0.710340202 0.0116644436 0.703761756
vn -0.710074902 0.036394693 0.703184903
vn 0.314905733 0.32957533 0.89006424
vn 0.33208853 0.310343534 0.890732348
vn -0.185822979 0.685797691 0.703669906
vn -0.206930131 0.678801596 0.704562485
vn -0.706467032 0.0729995072 0.703971267
vn -0.703474402 0.0819689408 0.705977976
vn -0.243248343 0.667123616 0.704113841
vn -0.248171851 0.662635207 0.706629574
vn -0.522131383 0.4072963 0.749325335
vn -0.522933722 0.407966316 0.748400927
vn -0.301568925 -0.268405586 0.914884984
vn 0.203296959 -0.672759831 0.711382091
vn -0.278733701 -0.287518412 0.916319072
vn -0.663511992 0.253910363 0.703762293
vn 0.174989715 -0.681159019 0.710915625
vn -0.654804051 0.277059436 0.703185439
vn 0.134066358 -0.690237105 0.711054802
vn 0.125022963 -0.694922388 0.708132803
vn -0.638893962 0.310223341 0.703971565
vn -0.633013785 0.317628264 0.705978692
vn -0.357965797 0.557949007 0.748701155
vn -0.353672147 0.56292963 0.747011483
vn -0.0317962728 0.714512885 0.698899329
vn 0.384768188 -0.532909274 0.753631949
vn 0.382920444 -0.53231591 0.754991233
vn 0.000245112635 0.71300894 0.701154947
vn 0.615967035 -0.340690106 0.710292101
vn 0.620988548 -0.337506503 0.70743382
vn 0.598673165 -0.372419089 0.709150493
vn 0.585127831 -0.390432566 0.71076566
vn -0.0191731211 0.711273372 0.702653944
vn 0.00301310024 0.70710218 0.707104981
vn 0.029109709 0.712513268 0.701054573
vn 0.411097169 0.201782197 0.88897866
vn 0.418207586 0.178048208 0.890730739
vn 0.0600999147 0.710032642 0.70159936
vn 0.0555459149 0.705123961 0.706905067
vn -0.732852876 -0.68038708 0
vn -0.732853532 -0.680386364 0
vn 0.251918346 -0.967748463 0
vn -0.922370851 0.386305511 0
vn 0.25191915 -0.967748225 0
vn -0.922371268 0.386304498 0
vn 0.181674406 -0.9833588 0
vn -0.895984173 0.444085836 0
vn 0.181675166 -0.983358562 0
vn -0.895984471 0.444085419 0
vn 0.583839774 -0.811868906 0
vn 0.583840489 -0.81186837 0
vn 0.877511859 -0.479554862 0
vn 0.877511024 -0.479556352 0
vn 0.8476578 -0.530543327 0
vn 0.847656012 -0.530546308 0
vn 0.90433377 0.42682609 0
vn 0.9037624 0.427979469 0.00685434369
vn 0.0845218822 0.996224523 0.0198176
vn 0.057235796 0.998353243 0.00386348017
vn 0.0327336192 0.999338686 0.0158280879
vn -0.535148442 0.84473294 0.00651158486
vn -0.538200855 0.842816651 0
vn -0.0409672856 0.998852968 0.0247882195
vn -0.00483938772 0.999937892 0.0100419959
vn 0.00821906421 0.999954939 0.00474377628
vn -0.0293698665 0.999424696 0.016961772
vn -0 0 -1
vn -6.47141292E-07 0 -1
vn -0 0 -1
vn 2.86230915E-07 0 -1
vn -2.98339785E-07 0 -1
vn -0 0 -1
vn -2.87661351E-07 0 -1
vn 2.78436147E-07 0 -1
vn 3.9385435E-07 0 -1
vn -1.36996846E-07 0 -1
vn 2.34280634E-07 0 -1
vn -3.54360424E-07 0 -1
vn 3.15616319E-07 0 -1
vn -3.16558356E-07 0 -1
vn -0 0 -1
vn -3.40629697E-07 0 -1
vn -0 0 -1
vn 1.43551347E-07 0 -1
vn -1.23574452E-07 0 -1
vn -0 0 -1
vn -1.1106976E-07 0 -1
vn -1.43554118E-07 0 -1
vn -0 0 -1
vn -1.19730387E-07 0 -1
vn 2.181837E-07 0 -1
vn -7.51039352E-07 0 -1
vn -0 0 -1
vn -3.6128057E-07 0 -1
vn 1.36996846E-07 0 -1
vn -3.34825188E-07 0 -1
vn -2.78436147E-07 0 -1
vn 3.52364964E-07 0 -1
vn -0 0 -1
vn 1.99889541E-07 0 -1
vn -3.2354518E-07 0 -1
vn 2.86258455E-07 0 -1
vn -0 0 -1
vn -0 0 -1
vn -1 2.52121481E-07 4.45024261E-06
vn -0.951056361 -0.30901739 4.60673482E-06
vn -0.95105654 -0.309016824 4.61521586E-06
vn -0.809016883 -0.587785423 3.07246955E-06
vn -1 0 5.32259628E-06
vn -0.809016407 -0.587785959 2.90030152E-06
vn -0.951056242 0.309018046 -2.56620569E-06
vn -0.587785542 -0.809016824 1.30349645E-06
vn -0.951056123 0.309018165 -3.52092616E-06
vn -0.587784946 -0.809017181 7.19589195E-07
vn -0.80901736 0.587784827 -4.26738234E-06
vn -0.30901736 -0.95105648 -1.07757091E-06
vn -0.809017003 0.587785244 -4.18156242E-06
vn -0.309016556 -0.951056659 -1.80234542E-06
vn -0.587785184 0.809017062 -3.55022576E-06
vn 0.00376294786 -0.999992967 -2.60298702E-06
vn -0.587784648 0.80901736 -3.2183591E-06
vn 0.00376393413 -0.999992967 -2.75116531E-06
vn -0.309017092 0.95105648 -3.61406273E-06
vn 0.323298812 -0.94629693 -1.57899365E-06
vn -0.309016317 0.951056659 -3.09025609E-06
vn 0.323299199 -0.946296811 -1.63418918E-06
vn -2.94141671E-07 1 -1.82715496E-06
vn 0.611872315 -0.790956497 -3.34390529E-06
vn 6.39907796E-07 1 -1.16248168E-06
vn 0.611872733 -0.790956318 -3.3634974E-06
vn 0.309016705 0.95105654 -1.80234645E-06
vn 0.792721331 -0.609584153 -1.60597062E-06
vn 0.30901736 0.95105648 -1.07757228E-06
vn 0.792722523 -0.609582663 -1.02037609E-06
vn 0.587784529 0.809017539 1.23284053E-06
vn 0.587785125 0.809017122 1.79015876E-06
vn 0.809016526 0.5877859 3.30371927E-06
vn 0.809017003 0.587785363 3.52274242E-06
vn 0.95105648 0.30901733 5.00475653E-06
vn 0.95105648 0.309017152 5.21095581E-06
vn 0.855928421 -0.517094254 -4.1635505E-07
vn 0.855928779 -0.517093658 0
vn 0.875780582 -0.482709408 0
vn 0.875781 -0.482708484 -3.93388177E-07
vn 0.906744897 -0.421679586 -5.97954227E-07
vn 0.906745017 -0.421679437 -8.89185856E-07
vn 0.952528298 -0.304450005 -3.86160849E-07
vn 0.952528417 -0.304449916 -2.49188275E-07
vn 0.988060832 -0.154064208 0
vn 0.988060594 -0.154065326 1.1514195E-06
vn 0.99920541 0.0398579203 5.09464644E-06
vn 0.99920541 0.0398569629 6.35115157E-06
vn -0.707106054 0 -0.707107544
vn -0.707106173 0 -0.707107306
vn -0.664462924 0.241844639 -0.707106888
vn -0.664463401 -0.241844535 -0.707106471
vn -0.664463103 0.241844684 -0.707106769
vn -0.664463222 -0.241844594 -0.707106531
vn -0.541674554 0.454519272 -0.707107365
vn -0.541674554 -0.454519182 -0.707107484
vn -0.541674674 0.454519182 -0.707107365
vn -0.541674256 -0.454519302 -0.707107544
vn -0.353553444 0.612372398 -0.70710665
vn -0.353553623 -0.612372935 -0.707106233
vn -0.353553683 0.612372518 -0.707106531
vn -0.353553683 -0.612372935 -0.707106173
vn -0.122787826 0.696364939 -0.707106054
vn -0.122787774 -0.69636488 -0.707106054
vn -0.122787803 0.696365118 -0.707105935
vn -0.122787803 -0.696364641 -0.707106233
vn 0.122787803 0.696364641 -0.707106233
vn 0.122787803 -0.696365118 -0.707105935
vn 0.122787774 0.69636488 -0.707106054
vn 0.122787826 -0.696364939 -0.707106054
vn 0.353553683 0.612372935 -0.707106173
vn 0.353553683 -0.612372518 -0.707106531
vn 0.353553623 0.612372935 -0.707106233
vn 0.353553444 -0.612372398 -0.70710665
vn 0.541674256 0.454519302 -0.707107544
vn 0.541674674 -0.454519182 -0.707107365
vn 0.541674554 0.454519182 -0.707107484
vn 0.541674554 -0.454519272 -0.707107365
vn 0.664463222 0.241844594 -0.707106531
vn 0.664463401 0.241844535 -0.707106471
vn 0.664462924 -0.241844639 -0.707106888
vn 0.664463103 -0.241844684 -0.707106769
vn 0.707106173 0 -0.707107306
vn 0.707106054 0 -0.707107544
vn 0.671489537 0.231989399 0.703763187
vn 0.0584874377 0.399455786 0.914884806
vn 0.0287124123 0.399419188 0.916318655
vn -0.588175595 0.38468793 0.711382329
vn 0.679697216 0.208658814 0.703187943
vn -0.571889043 0.409316987 0.710916638
vn 0.688829184 0.173028409 0.703971207
vn 0.689086258 0.16357708 0.705976367
vn -0.546373665 0.442576468 0.711056888
vn -0.542455196 0.451979846 0.708136022
vn 0.629947722 -0.204154193 0.749324322
vn 0.630929768 -0.204510748 0.748400331
vn -0.637297809 0.160907581 0.753631353
vn -0.635503113 0.161642373 0.754988372
vn 0.456747949 -0.54369545 0.70411402
vn 0.45983997 -0.537792563 0.706630349
vn 0.426612526 -0.567091703 0.704562902
vn 0.409172416 -0.580883741 0.703670382
vn -0.690847993 -0.134954229 0.710293174
vn -0.692646682 -0.140624985 0.707435608
vn -0.697995126 -0.0995308384 0.709151864
vn -0.699198723 -0.0770246387 0.710765958
vn -0.183194637 -0.417403847 0.890063882
vn -0.20591493 -0.405211806 0.890731454
vn 0.124048091 0.992276251 0
vn 0.124048606 0.992276132 0
vn -0.815041542 0.579402626 0
vn 0.954889655 0.29696095 0
vn -0.815042078 0.579401791 0
vn 0.954889953 0.296959758 0
vn 0.971817791 0.235733315 0
vn 0.971817911 0.235732645 0
vn 0.950991571 -0.309216976 0
vn 0.950991631 -0.309216619 0
vn 0.647501767 -0.76206398 0
vn 0.647502542 -0.762063265 0
vn 0.598157108 -0.801378846 0
vn 0.598157465 -0.801378548 0
vn -0.413149029 -0.910663426 0
vn -0.413149089 -0.910663426 0
vn -0.990371406 -0.138436154 0
vn -0.990371406 -0.138435826 0
vn -0.980465293 -0.196692154 0
vn -0.980465412 -0.196691632 0
vn -0.969103992 0.246652618 0
vn -0.96910435 0.246651068 0
vn -0.771265566 0.636513531 0
vn -0.771266818 0.636511981 0
vn 0.0409672856 -0.998852968 0.0247882195
vn 0.535148442 -0.84473294 0.00651158486
vn 0.538200855 -0.842816651 0
vn 0.895984471 -0.444085419 0
vn 0.895984173 -0.444085836 0
vn 0.922371268 -0.386304498 0
vn 0.922370851 -0.386305511 0
vn 0.00483938772 -0.999937892 0.0100419959
vn 0.732852876 0.68038708 0
vn 0.732853532 0.680386364 0
vn -0.251918346 0.967748463 0
vn -0.25191915 0.967748225 0
vn 0.0293698665 -0.999424696 0.016961772
vn -0.00821906421 -0.999954939 0.00474377628
vn -0.0327336192 -0.999338686 0.0158280879
vn -0.057235796 -0.998353243 0.00386348017
vn -0.0845218822 -0.996224523 0.0198176
vn -0.9037624 -0.427979469 0.00685434369
vn -0.90433377 -0.42682609 0
vn -0.847656012 0.530546308 0
vn -0.8476578 0.530543327 0
vn -0.877511024 0.479556352 0
vn -0.877511859 0.479554862 0
vn -0.583837867 0.811870158 0
vn -0.583838701 0.811869681 0
vn -0.181676596 0.983358324 0
vn -0.181677431 0.983358204 0
vn 0.520552933 -0.4843072 0.703186393
vn 0.545836031 -0.453287065 0.704694211
vn 0.536255598 -0.46651122 0.703418314
vn 0.372451186 0.150887996 0.915703535
vn 0.359012932 0.175591707 0.916666448
vn 0.494260728 -0.510029078 0.703972161
vn 0.486204088 -0.514976144 0.705978215
vn 0.0405398533 0.701099932 0.711909652
vn 0.0245186966 0.705201983 0.708582401
vn 0.0685336217 0.699929833 0.710915923
vn 0.138168857 -0.647626579 0.749325812
vn 0.13835144 -0.648655415 0.748401642
vn 0.110094197 0.694463074 0.711055696
vn 0.120195366 0.69577229 0.708134115
vn -0.242480561 -0.667404532 0.70411247
vn -0.23582086 -0.667131603 0.706628561
vn -0.277808666 -0.653003633 0.704562783
vn -0.298474073 -0.644795358 0.703670502
vn -0.179299116 0.63236779 0.753633082
vn -0.177766755 0.631177723 0.754992485
vn -0.453081876 -0.0500509478 0.890062749
vn -0.453886688 -0.0242759697 0.890728652
vn -0.416306257 0.567011952 0.710764766
vn -0.435194224 0.554717958 0.709150195
vn -0.462298274 0.530817151 0.710291088
vn -0.468106329 0.529544353 0.707431495
vn 0.710340202 -0.0116644436 0.703761756
vn 0.191581056 0.355361015 0.914885283
vn 0.163587317 0.365510046 0.916319609
vn -0.421134979 0.562655032 0.711382151
vn 0.710074902 -0.036394693 0.703184903
vn -0.397408426 0.580228627 0.710915864
vn 0.706467032 -0.0729995072 0.703971267
vn 0.703474402 -0.0819689408 0.705977976
vn -0.362055153 0.602757692 0.71105504
vn -0.355158269 0.610254765 0.708132505
vn 0.522131383 -0.4072963 0.749325335
vn 0.522933722 -0.407966316 0.748400927
vn -0.543828547 0.369174063 0.75363189
vn -0.541890085 0.369247019 0.754991233
vn 0.243248343 -0.667123616 0.704113841
vn 0.248171851 -0.662635207 0.706629574
vn 0.206930131 -0.678801596 0.704562485
vn 0.185822979 -0.685797691 0.703669906
vn -0.695343912 0.1094689 0.710291028
vn -0.698974252 0.104759544 0.70743233
vn -0.689945042 0.145197928 0.709149837
vn -0.683376431 0.166760445 0.710765541
vn -0.314905733 -0.32957533 0.89006424
vn -0.33208853 -0.310343534 0.890732348
vn -0.567717671 0.823223233 0
vn -0.507049203 0.861917078 0
vn -0.507050395 0.861916363 0
vn -0.826303065 0.563225865 0
vn -0.567716539 0.823224068 0
vn -0.826302588 0.563226461 0
vn -0.988608479 0.150510177 0
vn -0.98860836 0.150510415 0
vn -0.977992892 0.208638132 0
vn -0.977992773 0.208638608 0
vn -0.699697554 -0.714439094 0
vn -0.699697554 -0.714439213 0
vn 0.287997603 -0.957631111 0
vn 0.287996948 -0.95763129 0
vn 0.34781456 -0.93756336 0
vn 0.347813934 -0.937563539 0
vn 0.787884414 -0.61582309 0
vn 0.787884593 -0.615822971 0
vn 0.993835747 -0.110861734 0
vn 0.993835747 -0.110861681 0
vn 0.998869359 -0.0475396402 0
vn 0.998869359 -0.0475397855 0
vn 0.455946416 0.890007317 0
vn 0.45594734 0.89000684 0
vn 0.663511992 -0.253910363 0.703762293
vn 0.301568925 0.268405586 0.914884984
vn 0.278733701 0.287518412 0.916319072
vn -0.203296959 0.672759831 0.711382091
vn 0.654804051 -0.277059436 0.703185439
vn -0.174989715 0.681159019 0.710915625
vn 0.638893962 -0.310223341 0.703971565
vn 0.633013785 -0.317628264 0.705978692
vn 0.357965797 -0.557949007 0.748701155
vn 0.353672147 -0.56292963 0.747011483
vn 0.0317962728 -0.714512885 0.698899329
vn -0.134066358 0.690237105 0.711054802
vn -0.125022963 0.694922388 0.708132803
vn -0.000245112635 -0.71300894 0.701154947
vn -0.384768188 0.532909274 0.753631949
vn -0.382920444 0.53231591 0.754991233
vn 0.0191731211 -0.711273372 0.702653944
vn -0.00301310024 -0.70710218 0.707104981
vn -0.029109709 -0.712513268 0.701054573
vn -0.615967035 0.340690106 0.710292101
vn -0.620988548 0.337506503 0.70743382
vn -0.598673165 0.372419089 0.709150493
vn -0.585127831 0.390432566 0.71076566
vn -0.0600999147 -0.710032642 0.70159936
vn -0.0555459149 -0.705123961 0.706905067
vn -0.411097169 -0.201782197 0.88897866
vn -0.418207586 -0.178048208 0.890730739
vn 0.37609455 -0.252856225 0.891412675
vn -0.0455386452 -0.700078726 0.712612152
vn -0.0443718843 -0.705691874 0.707128108
vn -0.0202276185 -0.701349318 0.712530732
vn 0.36329636 -0.273152977 0.890731871
vn 0.643111289 0.302085966 0.703670382
vn 0.632556975 0.321657091 0.704562604
vn 0.0123211518 -0.701300442 0.712759495
vn 0.614748001 0.35539785 0.704114556
vn 0.609469593 0.359469622 0.70663172
vn -0.00318217976 -0.704455912 0.70974052
vn 0.0207415372 -0.706076682 0.707831562
vn 0.0395831726 -0.699915469 0.713127911
vn -0.268394053 -0.597167611 0.755880594
vn -0.264242321 -0.600874662 0.754404187
vn 0.310441732 0.58492589 0.749324799
vn 0.310965776 0.58583045 0.748400331
vn -0.530729055 -0.461222142 0.711056054
vn -0.539308608 -0.455732465 0.708134234
vn -0.502404392 -0.492124766 0.710917115
vn -0.480978638 -0.512440264 0.711382031
vn -0.0507862233 0.708411098 0.703970551
vn -0.0414352193 0.70702213 0.705976486
vn -0.0874606147 0.705605507 0.70318675
vn -0.111862764 0.701571524 0.703764319
vn -0.383231968 0.126960397 0.914884806
vn -0.388366818 0.097632654 0.916318297
vn 0.247965083 -0.380935431 0.890730917
vn 0.269884646 -0.367353946 0.890063643
vn 0.707645535 0.063910827 0.703671157
vn -0.282894284 -0.644036353 0.710765719
vn 0.704421103 0.0859120637 0.704563677
vn -0.26280123 -0.654248238 0.709150732
vn 0.699228406 0.123708665 0.704113483
vn 0.69566077 0.129339799 0.706631005
vn -0.228550747 -0.66577071 0.710291445
vn -0.224539682 -0.670165598 0.707431912
vn 0.491776645 0.443472922 0.749324739
vn 0.492578745 0.44414407 0.748399794
vn -0.4579992 -0.471461207 0.753631949
vn -0.457737148 -0.469537526 0.754990876
vn 0.19456628 0.683058023 0.703971386
vn 0.202878803 0.678554773 0.705977082
vn 0.159144789 0.692965806 0.703186512
vn 0.134835631 0.697521269 0.703763723
vn -0.656469762 -0.251888305 0.711055338
vn -0.662653446 -0.243796095 0.708134055
vn -0.640424669 -0.290613204 0.710915089
vn -0.627238393 -0.317031205 0.711381078
vn -0.31669575 0.250377566 0.914885223
vn -0.33155334 0.224571586 0.916318655
vn -0.936872065 -0.349672347 0
vn -0.698153675 -0.715947926 0
vn -0.698154211 -0.715947449 0
vn -0.319894075 -0.94745338 0
vn -0.936871707 -0.349673361 0
vn -0.319893658 -0.947453439 0
vn -0.909301281 -0.416138381 0
vn -0.375296742 -0.926904678 0
vn -0.909300804 -0.416139543 0
vn -0.37529549 -0.926905215 0
vn 0.582084596 -0.813128114 0
vn 0.582085729 -0.813127458 0
vn 0.993093133 0.117328733 0
vn 0.993093014 0.11732921 0
vn 0.983717322 0.179722622 0
vn 0.983717203 0.179723307 0
vn 0.743282855 0.668977261 0
vn 0.743282676 0.668977499 0
vn 0.281756371 0.959486067 0
vn 0.281756371 0.959486067 0
vn 0.220271826 0.975438476 0
vn 0.22027123 0.975438714 0
vn -0.797313154 0.603565991 0
vn -0.797314048 0.60356468 0
vn -0.00368544576 -0.999819338 -0.0186510328
vn -0.0358080529 -0.999327183 -0.00792940054
vn -0.0289812237 -0.999579251 -0.00121128943
vn -0.0642349198 -0.997754157 -0.018986946
vn 0.0232698657 -0.999688625 -0.00900679082
vn 0.0297761727 -0.999555886 -0.00113783113
vn 0.0538292341 -0.998346448 -0.0201726668
vn -0.40631023 -0.913720548 -0.00517112529
vn -0.403970063 -0.914772153 0
vn 0.822291076 -0.569010079 -0.00805690698
vn 0.821181178 -0.570667505 0
vn 0.893072903 0.449911892 0
vn 0.893072903 0.449911892 0
vn 0.862923801 0.505334079 0
vn 0.862923324 0.505334854 0
vn 0.469651252 0.882852077 0
vn 0.469650716 0.882852256 0
vn -0.0633993298 0.997988224 0
vn -0.063399449 0.997988224 0
vn -0.126635239 0.99194932 0
vn -0.126635432 0.99194932 0
vn -0.955659509 0.294473886 0
vn -0.955659151 0.294474959 0
vn -0.712128162 -0.702049375 0
vn -0.712128162 -0.702049434 0
vn -0.76077795 -0.649012208 0
vn -0.760779202 -0.649010777 0
vn 0.365272671 0.609339476 0.703762293
vn -0.211961299 0.343593925 0.914885581
vn -0.234749421 0.32442528 0.916319311
vn -0.697841108 -0.0833847374 0.711382389
vn 0.386557311 0.596744359 0.70318526
vn -0.701196849 -0.0540492721 0.710916042
vn 0.416451693 0.575318038 0.703972399
vn 0.422721684 0.56824255 0.705979288
vn -0.703031063 -0.0121705048 0.711054981
vn -0.706073999 -0.00245030434 0.708133817
vn 0.613795996 0.248530179 0.74932456
vn 0.614778638 0.24888809 0.748399556
vn -0.59162724 -0.286382437 0.753632784
vn -0.590722859 -0.284665734 0.754991353
vn 0.699371159 -0.122902609 0.704112887
vn 0.69794482 -0.116392188 0.706629992
vn 0.691322505 -0.160195798 0.704563975
vn 0.686826348 -0.181972876 0.703672826
vn -0.442472517 -0.547449291 0.710293829
vn -0.440206617 -0.552950501 0.707434773
vn -0.470717013 -0.524908602 0.709151864
vn -0.486106783 -0.508440793 0.710765779
vn 0.127964169 -0.437505722 0.890063941
vn 0.102720588 -0.442770958 0.890731394
vn 0.661781192 0.0236135125 0.749325156
vn 0.591576934 0.389395654 0.705980122
vn 0.588105321 0.398188412 0.703972995
vn 0.567341864 0.42854619 0.703186691
vn 0.66282773 0.0236131735 0.748399436
vn 0.551649988 0.447661906 0.703762054
vn 0.615157247 -0.354690403 0.704113841
vn 0.616042376 -0.34808585 0.706631541
vn 0.594842553 -0.386981606 0.704562008
vn 0.583170056 -0.405907542 0.703670204
vn -0.0816597566 0.395368755 0.914885283
vn -0.109626882 0.385150552 0.916319311
vn -0.684273362 0.160319626 0.711384356
vn -0.67739284 0.189032719 0.710918844
vn -0.0293856692 -0.454887331 0.890064061
vn -0.0549092069 -0.451200932 0.890731573
vn -0.630687654 -0.311519265 0.710766435
vn -0.621860147 -0.332257718 0.709150732
vn -0.66479218 0.229013234 0.711058557
vn -0.664326847 0.239188865 0.708137453
vn -0.603028893 -0.363099933 0.710291862
vn -0.602780581 -0.369044244 0.707433343
vn -0.653896511 -0.0667648464 0.753632367
vn -0.652459919 -0.0654601306 0.754990697
vn -0.999966741 -0.00815655291 0
vn -0.999966741 -0.00815645698 0
vn -0.900919855 -0.433985591 0
vn -0.996791303 -0.0800438002 0
vn -0.900919437 -0.433986306 0
vn -0.996791303 -0.0800441056 0
vn -0.624652743 -0.780902624 0
vn -0.624651551 -0.780903637 0
vn -0.669684112 -0.742646039 0
vn -0.669683158 -0.742646933 0
vn 0.268878192 -0.963174224 0
vn 0.268878043 -0.963174224 0
vn 0.973331511 -0.229403242 0
vn 0.973331034 -0.229405016 0
vn 0.985860467 -0.167568341 0
vn 0.985860229 -0.16756928 0
vn 0.927262485 0.374411732 0
vn 0.927262187 0.374412715 0
vn 0.59292829 0.805255294 0
vn 0.5929268 0.805256426 0
vn 0.540603817 0.841277301 0
vn 0.540602386 0.841278195 0
vn -0.542798162 0.839863181 0
vn -0.542799056 0.839862645 0
vn 0.0918434486 0.656857491 0.74840039
vn 0.0916622132 0.655827641 0.749325156
vn -0.290013462 0.648316979 0.703972518
vn 0.456119746 0.544221461 0.704114914
vn -0.280749828 0.650209844 0.705979228
vn 0.449766845 0.546242416 0.706632197
vn -0.323517323 0.633138597 0.703186989
vn 0.484394819 0.518606365 0.704562962
vn -0.34506911 0.62100327 0.703762889
vn 0.501008153 0.503825307 0.703669608
vn -0.403544277 -0.0117671136 0.914884388
vn -0.398337632 -0.041083999 0.916318297
vn -0.276708573 -0.646040797 0.711381435
vn -0.303791463 -0.634279311 0.710915267
vn 0.442875296 -0.107930399 0.890063226
vn 0.434815377 -0.132426381 0.890729427
vn 0.197268322 -0.675200403 0.710766971
vn 0.21922496 -0.670107305 0.709151983
vn -0.340975553 -0.614927828 0.7110551
vn -0.350914061 -0.612704873 0.708132803
vn 0.252870411 -0.656918824 0.710291684
vn 0.258765996 -0.657709777 0.707430542
vn -0.0477984063 -0.655554235 0.753633857
vn -0.0488319136 -0.653910637 0.754994214
vn 0.453886688 0.0242759697 0.890728652
vn 0.453081876 0.0500509478 0.890062749
vn 0.298474073 0.644795358 0.703670502
vn 0.416306257 -0.567011952 0.710764766
vn 0.277808666 0.653003633 0.704562783
vn 0.435194224 -0.554717958 0.709150195
vn 0.242480561 0.667404532 0.70411247
vn 0.23582086 0.667131603 0.706628561
vn 0.462298274 -0.530817151 0.710291088
vn 0.468106329 -0.529544353 0.707431495
vn -0.138168857 0.647626579 0.749325812
vn -0.13835144 0.648655415 0.748401642
vn 0.179299116 -0.63236779 0.753633082
vn 0.177766755 -0.631177723 0.754992485
vn -0.494260728 0.510029078 0.703972161
vn -0.486204088 0.514976144 0.705978215
vn -0.520552933 0.4843072 0.703186393
vn -0.110094197 -0.694463074 0.711055696
vn -0.120195366 -0.69577229 0.708134115
vn -0.0685336217 -0.699929833 0.710915923
vn -0.536255598 0.46651122 0.703418314
vn -0.545836031 0.453287065 0.704694211
vn -0.0405398533 -0.701099932 0.711909652
vn -0.0245186966 -0.705201983 0.708582401
vn -0.372451186 -0.150887996 0.915703535
vn -0.359012932 -0.175591707 0.916666448
vn -0.492918491 -0.870075524 0
vn -0.0746151656 -0.99721247 0
vn -0.0746162608 -0.99721235 0
vn 0.363963515 -0.931413174 0
vn -0.492918342 -0.870075524 0
vn 0.363963544 -0.931413174 0
vn -0.429074675 -0.903269053 0
vn 0.308309853 -0.951285958 0
vn -0.429074615 -0.903269053 0
vn 0.308308035 -0.951286614 0
vn 0.968568504 -0.248747036 0
vn 0.968568802 -0.248745546 0
vn 0.685334563 0.728228331 0
vn 0.685332 0.728230774 0
vn 0.638049424 0.769995391 0
vn 0.638047457 0.76999706 0
vn 0.139374807 0.99023962 0
vn 0.139373556 0.990239859 0
vn -0.400910527 0.916117251 0
vn -0.40090996 0.91611743 0
vn -0.458263367 0.888816476 0
vn -0.458262831 0.888816774 0
vn -0.998742044 -0.0501427948 0
vn -0.998742163 -0.050142508 0
vn 0.000785419019 -0.708256245 -0.705955029
vn 1.55592772E-06 -0.707106173 -0.707107306
vn -0.218502879 -0.672498584 -0.7071082
vn 0.21267201 -0.674068928 -0.707390726
vn -0.218507975 -0.672498226 -0.707107008
vn 0.230581582 -0.671799898 -0.703929722
vn -0.415618867 -0.572065711 -0.707107961
vn 0.407955855 -0.576799452 -0.70772475
vn -0.415628344 -0.572061956 -0.707105458
vn 0.437842607 -0.560779691 -0.702723205
vn -0.572051525 -0.41563648 -0.707109094
vn -0.572063327 -0.415626794 -0.707105339
vn -0.672490776 -0.218523383 -0.707109332
vn -0.672501683 -0.218506247 -0.707104325
vn -0.707103372 -1.80424995E-05 -0.707110167
vn -0.707108796 5.44845307E-06 -0.707104683
vn -0.672499657 0.218493402 -0.707110107
vn -0.672498703 0.218512982 -0.707104981
vn -0.572066307 0.415616512 -0.707108796
vn -0.572061241 0.415630132 -0.707104981
vn -0.415631831 0.572055399 -0.707108676
vn -0.41562584 0.57206279 -0.707106233
vn -0.218510792 0.672496498 -0.707107723
vn -0.218506858 0.672498882 -0.707106769
vn -1.04322942E-06 0.707106054 -0.707107544
vn -6.36765321E-07 0.707106292 -0.707107246
vn 0.218502924 0.672498941 -0.707107842
vn 0.218508214 0.672498584 -0.70710659
vn 0.415618777 0.572066009 -0.707107902
vn 0.415628493 0.572062135 -0.707105219
vn 0.572051883 0.41563651 -0.707108796
vn 0.572063863 0.415626585 -0.707104921
vn 0.672491193 0.218522295 -0.707109272
vn 0.672501624 0.218505546 -0.707104564
vn 0.696774721 0.01621796 -0.71710664
vn 0.706851542 0.02680921 -0.706853688
vn 0.679384828 -0.106475383 -0.726015985
vn 0.652944446 -0.212074637 -0.727109253
vn 0.673792064 -0.214289501 -0.707166255
vn 0.612057567 -0.297317743 -0.732794464
vn 0.55734235 -0.428147942 -0.711378157
vn 0.597731471 -0.323087722 -0.733710647
vn 0.596185446 -0.355186999 -0.720003545
vn 0.572478414 -0.423674405 -0.70197469
vn -0.734620988 0.678477764 0
vn -0.92136246 -0.388704479 0
vn -0.921362221 -0.388705164 0
vn -0.0942595229 -0.995547652 0
vn -0.734621406 0.678477287 0
vn -0.0942599103 -0.995547652 0
vn -0.690056741 0.72375524 0
vn -0.165610597 -0.986191273 0
vn -0.690057337 0.723754704 0
vn -0.165610954 -0.986191154 0
vn -0.207712695 0.978189886 0
vn -0.207713142 0.978189766 0
vn 0.336212754 0.941786051 0
vn 0.336213827 0.941785753 0
vn 0.394939661 0.918707132 0
vn 0.394940317 0.918706775 0
vn 0.995232403 0.0975322202 0
vn 0.995232284 0.0975328386 0
vn 0.615075707 -0.788468063 0
vn 0.615076482 -0.788467467 0
vn 0.660569251 -0.750765204 0
vn 0.660569787 -0.750764668 0
vn 0.27095297 -0.962592542 0
vn 0.270953625 -0.962592423 0
vn 0.429074675 0.903269053 0
vn 0.492918372 0.870075524 0
vn 0.492918342 0.870075524 0
vn 0.074616164 0.99721235 0
vn 0.429074615 0.903269053 0
vn 0.0746152401 0.99721247 0
vn -0.363963515 0.931413174 0
vn -0.363963544 0.931413174 0
vn -0.308309853 0.951285958 0
vn -0.308308035 0.951286614 0
vn -0.968568504 0.248747036 0
vn -0.968568802 0.248745546 0
vn -0.685334563 -0.728228331 0
vn -0.685332 -0.728230774 0
vn -0.638049424 -0.769995391 0
vn -0.638047457 -0.76999706 0
vn -0.139374807 -0.99023962 0
vn -0.139373556 -0.990239859 0
vn 0.400910527 -0.916117251 0
vn 0.40090996 -0.91611743 0
vn 0.458263367 -0.888816476 0
vn 0.458262831 -0.888816774 0
vn 0.998742044 0.0501427948 0
vn 0.998742163 0.050142508 0
vn 0.165610954 0.986191154 0
vn -0.27095297 0.962592542 0
vn -0.270953625 0.962592423 0
vn -0.660569787 0.750764668 0
vn 0.165610597 0.986191273 0
vn -0.660569251 0.750765204 0
vn 0.0942599103 0.995547652 0
vn -0.615076482 0.788467467 0
vn 0.0942595229 0.995547652 0
vn -0.615075707 0.788468063 0
vn -0.995232284 -0.0975328386 0
vn -0.995232403 -0.0975322202 0
vn -0.394940317 -0.918706775 0
vn -0.394939661 -0.918707132 0
vn -0.336213827 -0.941785753 0
vn -0.336212754 -0.941786051 0
vn 0.207713142 -0.978189766 0
vn 0.207712695 -0.978189886 0
vn 0.690057337 -0.723754704 0
vn 0.690056741 -0.72375524 0
vn 0.734621406 -0.678477287 0
vn 0.734620988 -0.678477764 0
vn 0.921362221 0.388705164 0
vn 0.92136246 0.388704479 0
vn 0.241843924 -0.664464712 0.707105458
vn 0.241844043 -0.664464533 0.707105517
vn 0.454520285 -0.541674554 0.707106709
vn 8.2981586E-07 -0.707108378 0.7071051
vn 0.454520166 -0.541674554 0.707106829
vn 8.24453934E-07 -0.707108259 0.707105219
vn 0.612371802 -0.353552878 0.707107544
vn -0.241844192 -0.664463997 0.707105994
vn 0.612372041 -0.353552669 0.707107484
vn -0.241844326 -0.664463818 0.707106173
vn 0.696364641 -0.1227872 0.707106531
vn -0.454519749 -0.541674435 0.707107186
vn 0.69636488 -0.12278749 0.707106233
vn -0.454519659 -0.541674435 0.707107246
vn 0.696364939 0.122787923 0.707105994
vn -0.612371087 -0.353553295 0.707107961
vn 0.696365178 0.12278825 0.707105756
vn -0.612371266 -0.353553087 0.707107842
vn 0.612372041 0.35355407 0.707106769
vn -0.696365535 -0.122787066 0.707105577
vn 0.612372339 0.353553891 0.707106531
vn -0.696365774 -0.122787364 0.707105279
vn 0.454518408 0.541674674 0.707107842
vn -0.696363926 0.122788057 0.707106948
vn 0.454518586 0.541674793 0.707107604
vn -0.696364164 0.12278837 0.707106709
vn 0.241847008 0.664464474 0.707104564
vn -0.612372696 0.353553593 0.707106411
vn 0.241847381 0.664464474 0.707104385
vn -0.612373054 0.353553474 0.707106173
vn -0.454518974 0.541674733 0.707107425
vn -0.454519212 0.541674912 0.707107127
vn -0.241847232 0.664463699 0.707105279
vn -0.241847649 0.664463639 0.70710516
vn -2.48296459E-07 0.707107008 0.707106531
vn -2.88115586E-07 0.707106829 0.707106769
vn -1.8177731E-07 0 -1
vn -0 0 -1
vn -3.14605046E-07 0 -1
vn -4.35422322E-07 0 -1
vn -2.3340624E-07 0 -1
vn 3.35934516E-07 0 -1
vn -2.73480623E-07 0 -1
vn -0 0 -1
vn -0 0 -1
vn -0 0 -1
vn -0 0 -1
vn -0 0 -1
vn -0 0 -1
vn -0 0 -1
vn 5.3263102E-07 0 -1
vn 1.06841685E-06 0 -1
vn -1.35618097E-06 0 -1
vn 6.04452623E-07 0 -1
vn -0 0 -1
vn -4.24121566E-07 0 -1
vn -1.37296161E-06 0 -1
vn 6.70594034E-07 0 -1
vn -1.43943225E-06 0 -1
vn -5.01828197E-07 0 -1
vn -1.66203301E-06 0 -1
vn 1.00338787E-06 0 -1
vn 1.80946259E-07 0 -1
vn -0 0 -1
vn 8.39411427E-07 0 -1
vn 2.24855938E-07 0 -1
vn -0 0 -1
vn -0 0 -1
vn -0 0 -1
vn -0 0 -1
vn -2.00079398E-07 0 -1
vn -2.68754491E-07 0 -1
vn -0 0 -1
vn -0 0 -1
vn 5.05033086E-07 0 -1
vn -1.6620929E-07 0 -1
vn 1.28078511E-06 0 -1
vn -0 0 -1
vn 0.775885582 -0.238671854 -0.583984077
vn 0.641498983 -0.297821224 -0.706952333
vn 0.6573084 -0.297324866 -0.692490935
vn 0.619271398 -0.341326863 -0.707105935
vn 0.619270444 -0.34132725 -0.70710665
vn 0.605235159 -0.365639865 -0.707105219
vn 0.605233014 -0.36564073 -0.70710665
vn 0.559960127 -0.433446556 -0.706093967
vn 0.562435567 -0.429972708 -0.706250429
vn 0.432659745 -0.55929023 -0.707106709
vn 0.432659447 -0.559290528 -0.70710665
vn 0.228606969 -0.669134438 -0.707105339
vn 0.228606969 -0.669134378 -0.707105398
vn 0.00287536485 -0.707104743 -0.707102954
vn 0.0016932073 -0.71002388 -0.704175591
vn -0.191091835 -0.697994769 -0.690135658
vn -0.256550282 -0.657422841 -0.708503485
vn -0.408250183 -0.631254494 -0.659431279
vn -0.459283262 -0.515085757 -0.723702669
vn -0.608183742 -0.482881665 -0.630029976
vn -0.593341649 -0.325130552 -0.736366689
vn -0.747838974 -0.262084156 -0.609957933
vn -0.660084486 -0.110924929 -0.742956281
vn -0.797823727 0 -0.602890968
vn -0.660084486 0.110924922 -0.742956281
vn -0.747838974 0.262084156 -0.609957933
vn -0.593341827 0.325130552 -0.736366451
vn -0.608184516 0.482881546 -0.63002938
vn -0.459283352 0.515085578 -0.72370261
vn -0.408250332 0.631254017 -0.659431636
vn -0.25655064 0.657422841 -0.708503366
vn -0.191092089 0.69799453 -0.690135717
vn -0.000228818113 0.712111652 -0.702066183
vn -0 0.707108915 -0.707104564
vn 0.196352735 0.688120842 -0.698523819
vn 0.247616127 0.663046896 -0.706438243
vn 0.400754988 0.613668084 -0.680299103
vn 0.453795314 0.530238807 -0.716182053
vn 0.585849047 0.471768886 -0.658949971
vn 0.594572961 0.342864275 -0.727273822
vn 0.720806777 0.267460883 -0.639454603
vn 0.664422274 0.127699822 -0.73636657
vn 0.791840017 0.0301934462 -0.609981835
vn 0.728564799 -0.0888474137 -0.679190278
vn 0.705595851 -0.127505243 -0.697048783
vn -0.491776645 -0.443472922 0.749324739
vn -0.202878803 -0.678554773 0.705977082
vn -0.19456628 -0.683058023 0.703971386
vn -0.159144789 -0.692965806 0.703186512
vn -0.492578745 -0.44414407 0.748399794
vn -0.134835631 -0.697521269 0.703763723
vn -0.699228406 -0.123708665 0.704113483
vn -0.69566077 -0.129339799 0.706631005
vn -0.704421103 -0.0859120637 0.704563677
vn -0.707645535 -0.063910827 0.703671157
vn 0.31669575 -0.250377566 0.914885223
vn 0.33155334 -0.224571586 0.916318655
vn 0.627238393 0.317031205 0.711381078
vn 0.640424669 0.290613204 0.710915089
vn -0.269884646 0.367353946 0.890063643
vn -0.247965083 0.380935431 0.890730917
vn 0.282894284 0.644036353 0.710765719
vn 0.26280123 0.654248238 0.709150732
vn 0.656469762 0.251888305 0.711055338
vn 0.662653446 0.243796095 0.708134055
vn 0.228550747 0.66577071 0.710291445
vn 0.224539682 0.670165598 0.707431912
vn 0.4579992 0.471461207 0.753631949
vn 0.457737148 0.469537526 0.754990876
vn 0.909301281 0.416138381 0
vn 0.936872661 0.349670589 0
vn 0.936873078 0.349669665 0
vn 0.698151946 0.715949655 0
vn 0.909300804 0.416139543 0
vn 0.698151708 0.715949833 0
vn 0.319894075 0.94745338 0
vn 0.319893658 0.947453439 0
vn 0.375296742 0.926904678 0
vn 0.37529549 0.926905215 0
vn -0.582084596 0.813128114 0
vn -0.582085729 0.813127458 0
vn -0.993093133 -0.117328733 0
vn -0.993093014 -0.11732921 0
vn -0.983717322 -0.179722622 0
vn -0.983717203 -0.179723307 0
vn -0.743282855 -0.668977261 0
vn -0.743282676 -0.668977499 0
vn -0.281756371 -0.959486067 0
vn -0.281756371 -0.959486067 0
vn -0.220271826 -0.975438476 0
vn -0.22027123 -0.975438714 0
vn 0.797313154 -0.603565991 0
vn 0.797314048 -0.60356468 0
vn 0.996791303 0.0800438002 0
vn 0.999966741 0.00815645698 0
vn 0.999966741 0.00815655291 0
vn 0.900919855 0.433985591 0
vn 0.996791303 0.0800441056 0
vn 0.900919437 0.433986306 0
vn 0.624652743 0.780902624 0
vn 0.624651551 0.780903637 0
vn 0.669684112 0.742646039 0
vn 0.669683158 0.742646933 0
vn -0.268878192 0.963174224 0
vn -0.268878043 0.963174224 0
vn -0.973331511 0.229403242 0
vn -0.973331034 0.229405016 0
vn -0.985860467 0.167568341 0
vn -0.985860229 0.16756928 0
vn -0.927262485 -0.374411732 0
vn -0.927262187 -0.374412715 0
vn -0.59292829 -0.805255294 0
vn -0.5929268 -0.805256426 0
vn -0.540603817 -0.841277301 0
vn -0.540602386 -0.841278195 0
vn 0.542798162 -0.839863181 0
vn 0.542799056 -0.839862645 0
vn 0.969107389 -0.246639341 0
vn 0.969107032 -0.246640623 0
vn 0.980465412 0.196691632 0
vn 0.771259069 -0.636521339 0
vn 0.980465293 0.196692154 0
vn 0.771257818 -0.636522949 0
vn 0.990371406 0.138435826 0
vn 0.815042078 -0.579401791 0
vn 0.990371406 0.138436154 0
vn 0.815041542 -0.579402626 0
vn 0.413149089 0.910663426 0
vn 0.413149029 0.910663426 0
vn -0.598157465 0.801378548 0
vn -0.598157108 0.801378846 0
vn -0.647502542 0.762063265 0
vn -0.647501767 0.76206398 0
vn -0.950991631 0.309216619 0
vn -0.950991571 0.309216976 0
vn -0.971817911 -0.235732645 0
vn -0.971817791 -0.235733315 0
vn -0.954889953 -0.296959758 0
vn -0.954889655 -0.29696095 0
vn -0.124048091 -0.992276251 0
vn -0.124048606 -0.992276132 0
vn -0.222814173 0.974860907 0
vn -0.222815737 0.974860549 0
vn -0.964053929 0.265706569 0
vn 0.795739353 0.605639219 0
vn -0.964053988 0.26570636 0
vn 0.795740068 0.605638325 0
vn 0.832581043 0.553903222 0
vn 0.832581878 0.55390203 0
vn 0.999398351 0.0346837603 0
vn 0.999398351 0.0346834883 0
vn 0.869093955 -0.494646966 0
vn 0.86909467 -0.494645715 0
vn 0.836169004 -0.548471928 0
vn 0.8361696 -0.548471034 0
vn -0.0767611712 -0.997049451 0
vn -0.0767625421 -0.997049332 -4.93352729E-07
vn -0.883296549 -0.468814611 -2.8533866E-06
vn -0.883298099 -0.46881181 -2.85337364E-06
vn -0.854065657 -0.520165265 -2.5175612E-07
vn -0.854067147 -0.520162821 0
vn -0.995020032 -0.0996747091 0
vn -0.995020032 -0.0996749252 0
vn -0.942452669 0.33433947 0
vn -0.942453265 0.334337682 0
vn 1 0 0
vn 1 0 0
vn 0.939692616 -0.342020065 0
vn 0.939692616 0.342020065 0
vn 0.939692616 -0.342019916 0
vn 0.939692616 0.342019975 0
vn 0.766044378 -0.642787695 0
vn 0.766044378 0.642787695 0
vn 0.766044438 -0.642787635 0
vn 0.766044438 0.642787635 0
vn 0.499999791 -0.866025507 0
vn 0.499999791 0.866025507 0
vn 0.499999702 -0.866025627 0
vn 0.499999702 0.866025627 0
vn 0.173648089 -0.98480773 0
vn 0.173648089 0.98480773 0
vn 0.173648044 -0.984807849 0
vn 0.173648044 0.984807849 0
vn -0.173648044 -0.98480773 0
vn -0.173648044 0.98480773 0
vn -0.173648044 -0.98480773 0
vn -0.173648044 0.98480773 0
vn -0.499999702 -0.866025627 0
vn -0.499999702 0.866025627 0
vn -0.499999732 -0.866025507 0
vn -0.499999732 0.866025507 0
vn -0.766044438 -0.642787635 0
vn -0.766044438 0.642787635 0
vn -0.766044319 -0.642787755 0
vn -0.766044319 0.642787755 0
vn -0.939692616 -0.342019975 0
vn -0.939692616 0.342019975 0
vn -0.939692616 -0.342020094 0
vn -0.939692616 0.342020094 0
vn -1 0 0
vn -1 0 0
vn 0.507050395 -0.861916363 0
vn 0.507049203 -0.861917078 0
vn 0.826303065 -0.563225865 0
vn 0.567717671 -0.823223233 0
vn 0.826302588 -0.563226461 0
vn 0.567716539 -0.823224068 0
vn 0.988608479 -0.150510177 0
vn 0.98860836 -0.150510415 0
vn 0.977992892 -0.208638132 0
vn 0.977992773 -0.208638608 0
vn 0.699697554 0.714439094 0
vn 0.699697554 0.714439213 0
vn -0.287997603 0.957631111 0
vn -0.287996948 0.95763129 0
vn -0.34781456 0.93756336 0
vn -0.347813934 0.937563539 0
vn -0.787884414 0.61582309 0
vn -0.787884593 0.615822971 0
vn -0.993835747 0.110861734 0
vn -0.993835747 0.110861681 0
vn -0.998869359 0.0475396402 0
vn -0.998869359 0.0475397855 0
vn -0.455946416 -0.890007317 0
vn -0.45594734 -0.89000684 0
vn -0.984807849 0.173647478 0
vn -0.984807491 -0.173649728 0
vn -0.984807491 -0.173649654 0
vn -0.984807849 0.173647583 0
vn -0.866025627 -0.499999762 0
vn -0.866024554 0.50000155 0
vn -0.866025627 -0.499999762 0
vn -0.866024435 0.500001729 0
vn -0.642785549 -0.766046107 0
vn -0.642787814 0.766044319 0
vn -0.642785609 -0.766046107 0
vn -0.642787635 0.766044438 0
vn -0.34202078 -0.939692438 0
vn -0.342018306 0.939693272 0
vn -0.342020929 -0.939692318 0
vn -0.342018217 0.939693391 0
vn 1.34858141E-07 -1 0
vn 1.34858141E-07 1 0
vn -1.34858141E-07 -1 0
vn -1.34858141E-07 1 0
vn 0.342018217 -0.939693391 0
vn 0.342020929 0.939692318 0
vn 0.342018306 -0.939693272 0
vn 0.34202078 0.939692438 0
vn 0.642787635 -0.766044438 0
vn 0.642785609 0.766046107 0
vn 0.642787814 -0.766044319 0
vn 0.642785549 0.766046107 0
vn 0.866024435 -0.500001729 0
vn 0.866025627 0.499999762 0
vn 0.866024554 -0.50000155 0
vn 0.866025627 0.499999762 0
vn 0.984807849 -0.173647583 0
vn 0.984807491 0.173649654 0
vn 0.984807849 -0.173647478 0
vn 0.984807491 0.173649728 0
g Head_parts01_0
f 3/3/3 2/2/2 1/1/1
f 2/2/2 4/4/4 1/1/1
f 2/2/2 5/5/5 4/4/4
f 5/5/5 6/6/6 4/4/4
f 5/5/5 7/7/7 6/6/6
f 1/1/1 4/4/4 8/8/8
f 4/4/4 9/9/9 8/8/8
f 1/1/1 8/8/8 10/10/10
f 10/10/10 8/8/8 11/11/11
f 10/10/10 11/11/11 12/12/12
f 15/15/15 14/14/14 13/13/13
f 15/15/15 16/16/16 14/14/14
f 17/17/17 16/16/16 15/15/15
f 18/18/18 17/17/17 15/15/15
f 19/19/19 17/17/17 18/18/18
f 20/20/20 19/19/19 18/18/18
f 23/23/23 22/22/22 21/21/21
f 23/23/23 21/21/21 24/24/24
f 25/25/25 23/23/23 24/24/24
f 25/25/25 24/24/24 26/26/26
f 27/27/27 25/25/25 26/26/26
f 26/26/26 24/24/24 28/28/28
f 24/24/24 29/29/29 28/28/28
f 26/26/26 28/28/28 30/30/30
f 30/30/30 28/28/28 31/31/31
f 30/30/30 31/31/31 32/32/32
f 35/35/35 34/34/34 33/33/33
f 34/34/34 36/36/36 33/33/33
f 33/33/33 36/36/36 37/37/37
f 36/36/36 38/38/38 37/37/37
f 37/37/37 38/38/38 39/39/39
f 38/38/38 40/40/40 39/39/39
f 43/43/43 42/42/42 41/41/41
f 42/42/42 44/44/44 41/41/41
f 42/42/42 45/45/45 44/44/44
f 44/44/44 45/45/45 46/46/46
f 49/49/49 48/48/48 47/47/47
f 50/50/50 49/49/49 47/47/47
f 53/53/53 52/52/52 51/51/51
f 54/54/54 53/53/53 51/51/51
f 55/55/55 53/53/53 54/54/54
f 56/56/56 55/55/55 54/54/54
f 57/57/57 55/55/55 56/56/56
f 58/58/58 57/57/57 56/56/56
f 61/61/61 60/60/60 59/59/59
f 60/60/60 62/62/62 59/59/59
f 62/62/62 63/63/63 59/59/59
f 62/62/62 64/64/64 63/63/63
f 67/67/67 66/66/66 65/65/65
f 66/66/66 68/68/68 65/65/65
f 65/65/65 68/68/68 69/69/69
f 68/68/68 70/70/70 69/69/69
f 69/69/69 70/70/70 71/71/71
f 70/70/70 72/72/72 71/71/71
f 75/75/75 74/74/74 73/73/73
f 76/76/76 75/75/75 73/73/73
f 79/79/79 78/78/78 77/77/77
f 80/80/80 79/79/79 77/77/77
f 83/83/83 82/82/82 81/81/81
f 82/82/82 84/84/84 81/81/81
f 81/81/81 84/84/84 85/85/85
f 82/82/82 86/86/86 84/84/84
f 87/87/87 86/86/86 82/82/82
f 87/87/87 88/88/88 86/86/86
f 85/85/85 84/84/84 89/89/89
f 85/85/85 89/89/89 90/90/90
f 89/89/89 84/84/84 91/91/91
f 91/91/91 92/92/92 89/89/89
f 92/92/92 91/91/91 93/93/93
f 94/94/94 92/92/92 93/93/93
f 93/93/93 91/91/91 95/95/95
f 93/93/93 95/95/95 96/96/96
f 96/96/96 95/95/95 97/97/97
f 96/96/96 97/97/97 98/98/98
f 97/97/97 95/95/95 99/99/99
f 99/99/99 100/100/100 97/97/97
f 100/100/100 99/99/99 101/101/101
f 101/101/101 99/99/99 102/102/102
f 102/102/102 99/99/99 103/103/103
f 103/103/103 99/99/99 104/104/104
f 104/104/104 99/99/99 105/105/105
f 104/104/104 105/105/105 106/106/106
f 106/106/106 105/105/105 107/107/107
f 105/105/105 108/108/108 107/107/107
f 107/107/107 108/108/108 109/109/109
f 108/108/108 105/105/105 110/110/110
f 105/105/105 111/111/111 110/110/110
f 110/110/110 111/111/111 112/112/112
f 112/112/112 111/111/111 113/113/113
f 113/113/113 111/111/111 114/114/114
f 111/111/111 115/115/115 114/114/114
f 114/114/114 115/115/115 116/116/116
f 114/114/114 116/116/116 117/117/117
f 115/115/115 118/118/118 116/116/116
f 118/118/118 115/115/115 119/119/119
f 120/120/120 118/118/118 119/119/119
f 120/120/120 119/119/119 121/121/121
f 121/121/121 119/119/119 122/122/122
f 122/122/122 119/119/119 123/123/123
f 122/122/122 123/123/123 124/124/124
f 123/123/123 119/119/119 125/125/125
f 126/126/126 123/123/123 125/125/125
f 127/127/127 126/126/126 125/125/125
f 126/126/126 127/127/127 128/128/128
f 129/129/129 126/126/126 128/128/128
f 129/129/129 128/128/128 130/130/130
f 130/130/130 128/128/128 131/131/131
f 130/130/130 131/131/131 132/132/132
f 132/132/132 131/131/131 133/133/133
f 132/132/132 133/133/133 134/134/134
f 133/133/133 131/131/131 135/135/135
f 133/133/133 135/135/135 136/136/136
f 136/136/136 135/135/135 137/137/137
f 136/136/136 137/137/137 138/138/138
f 139/139/139 136/136/136 138/138/138
f 138/138/138 137/137/137 140/140/140
f 140/140/140 137/137/137 141/141/141
f 140/140/140 141/141/141 142/142/142
f 141/141/141 137/137/137 143/143/143
f 143/143/143 144/144/144 141/141/141
f 144/144/144 143/143/143 145/145/145
f 146/146/146 144/144/144 145/145/145
f 147/147/147 144/144/144 146/146/146
f 146/146/146 145/145/145 148/148/148
f 148/148/148 145/145/145 149/149/149
f 149/149/149 145/145/145 150/150/150
f 150/150/150 145/145/145 151/151/151
f 150/150/150 151/151/151 152/152/152
f 152/152/152 151/151/151 153/153/153
f 151/151/151 145/145/145 154/154/154
f 151/151/151 154/154/154 155/155/155
f 155/155/155 154/154/154 156/156/156
f 155/155/155 156/156/156 157/157/157
f 158/158/158 155/155/155 157/157/157
f 157/157/157 156/156/156 159/159/159
f 159/159/159 156/156/156 160/160/160
f 159/159/159 160/160/160 161/161/161
f 160/160/160 156/156/156 162/162/162
f 160/160/160 162/162/162 163/163/163
f 163/163/163 162/162/162 88/88/88
f 163/163/163 88/88/88 164/164/164
f 165/165/165 163/163/163 164/164/164
f 164/164/164 88/88/88 166/166/166
f 166/166/166 88/88/88 87/87/87
f 166/166/166 87/87/87 167/167/167
f 170/170/170 169/169/169 168/168/168
f 171/171/171 169/169/169 170/170/170
f 171/171/171 170/170/170 172/172/172
f 173/173/173 171/171/171 172/172/172
f 176/176/176 175/175/175 174/174/174
f 177/177/177 176/176/176 174/174/174
f 180/180/180 179/179/179 178/178/178
f 180/180/180 178/178/178 181/181/181
f 182/182/182 180/180/180 181/181/181
f 183/183/183 182/182/182 181/181/181
f 183/183/183 184/184/184 182/182/182
f 184/184/184 185/185/185 182/182/182
f 188/188/188 187/187/187 186/186/186
f 189/189/189 187/187/187 188/188/188
f 189/189/189 188/188/188 190/190/190
f 191/191/191 189/189/189 190/190/190
f 194/194/194 193/193/193 192/192/192
f 195/195/195 194/194/194 192/192/192
f 198/198/198 197/197/197 196/196/196
f 199/199/199 198/198/198 196/196/196
f 202/202/202 201/201/201 200/200/200
f 201/201/201 203/203/203 200/200/200
f 203/203/203 204/204/204 200/200/200
f 203/203/203 205/205/205 204/204/204
f 208/208/208 207/207/207 206/206/206
f 209/209/209 208/208/208 206/206/206
f 210/210/210 208/208/208 209/209/209
f 211/211/211 210/210/210 209/209/209
f 212/212/212 210/210/210 211/211/211
f 213/213/213 212/212/212 211/211/211
f 214/214/214 212/212/212 213/213/213
f 215/215/215 214/214/214 213/213/213
f 216/216/216 214/214/214 215/215/215
f 217/217/217 216/216/216 215/215/215
f 218/218/218 217/217/217 215/215/215
f 219/219/219 217/217/217 218/218/218
f 222/222/222 221/221/221 220/220/220
f 220/220/220 221/221/221 223/223/223
f 221/221/221 224/224/224 223/223/223
f 223/223/223 224/224/224 225/225/225
f 224/224/224 226/226/226 225/225/225
f 225/225/225 226/226/226 227/227/227
f 226/226/226 228/228/228 227/227/227
f 227/227/227 228/228/228 229/229/229
f 228/228/228 230/230/230 229/229/229
f 229/229/229 230/230/230 231/231/231
f 230/230/230 232/232/232 231/231/231
f 231/231/231 232/232/232 233/233/233
f 236/236/236 235/235/235 234/234/234
f 237/237/237 236/236/236 234/234/234
f 238/238/238 236/236/236 237/237/237
f 239/239/239 238/238/238 237/237/237
f 240/240/240 238/238/238 239/239/239
f 241/241/241 240/240/240 239/239/239
f 244/244/244 243/243/243 242/242/242
f 245/245/245 243/243/243 244/244/244
f 245/245/245 244/244/244 246/246/246
f 247/247/247 245/245/245 246/246/246
f 250/250/250 249/249/249 248/248/248
f 249/249/249 251/251/251 248/248/248
f 254/254/254 253/253/253 252/252/252
f 253/253/253 255/255/255 252/252/252
f 255/255/255 256/256/256 252/252/252
f 255/255/255 257/257/257 256/256/256
f 260/260/260 259/259/259 258/258/258
f 261/261/261 260/260/260 258/258/258
f 262/262/262 260/260/260 261/261/261
f 263/263/263 262/262/262 261/261/261
f 264/264/264 262/262/262 263/263/263
f 265/265/265 264/264/264 263/263/263
f 268/268/268 267/267/267 266/266/266
f 269/269/269 268/268/268 266/266/266
f 272/272/272 271/271/271 270/270/270
f 271/271/271 273/273/273 270/270/270
f 276/276/276 275/275/275 274/274/274
f 275/275/275 277/277/277 274/274/274
f 274/274/274 277/277/277 278/278/278
f 277/277/277 279/279/279 278/278/278
f 278/278/278 279/279/279 280/280/280
f 279/279/279 281/281/281 280/280/280
f 284/284/284 283/283/283 282/282/282
f 283/283/283 285/285/285 282/282/282
f 285/285/285 286/286/286 282/282/282
f 285/285/285 287/287/287 286/286/286
f 290/290/290 289/289/289 288/288/288
f 291/291/291 290/290/290 288/288/288
f 294/294/294 293/293/293 292/292/292
f 295/295/295 293/293/293 294/294/294
f 295/295/295 294/294/294 296/296/296
f 297/297/297 295/295/295 296/296/296
f 300/300/300 299/299/299 298/298/298
f 299/299/299 301/301/301 298/298/298
f 304/304/304 303/303/303 302/302/302
f 303/303/303 305/305/305 302/302/302
f 308/308/308 307/307/307 306/306/306
f 307/307/307 309/309/309 306/306/306
f 312/312/312 311/311/311 310/310/310
f 313/313/313 312/312/312 310/310/310
f 316/316/316 315/315/315 314/314/314
f 315/315/315 317/317/317 314/314/314
f 320/320/320 319/319/319 318/318/318
f 319/319/319 321/321/321 318/318/318
f 322/322/322 318/318/318 321/321/321
f 318/318/318 322/322/322 323/323/323
f 322/322/322 324/324/324 323/323/323
f 323/323/323 324/324/324 325/325/325
f 326/326/326 323/323/323 325/325/325
f 327/327/327 326/326/326 325/325/325
f 327/327/327 328/328/328 326/326/326
f 328/328/328 329/329/329 326/326/326
f 332/332/332 331/331/331 330/330/330
f 331/331/331 333/333/333 330/330/330
f 330/330/330 333/333/333 334/334/334
f 333/333/333 335/335/335 334/334/334
f 334/334/334 335/335/335 336/336/336
f 335/335/335 337/337/337 336/336/336
f 340/340/340 339/339/339 338/338/338
f 341/341/341 340/340/340 338/338/338
f 342/342/342 340/340/340 341/341/341
f 343/343/343 342/342/342 341/341/341
f 344/344/344 342/342/342 343/343/343
f 345/345/345 344/344/344 343/343/343
f 348/348/348 347/347/347 346/346/346
f 348/348/348 346/346/346 349/349/349
f 350/350/350 348/348/348 349/349/349
f 351/351/351 350/350/350 349/349/349
f 354/354/354 353/353/353 352/352/352
f 355/355/355 354/354/354 352/352/352
f 358/358/358 357/357/357 356/356/356
f 357/357/357 359/359/359 356/356/356
f 362/362/362 361/361/361 360/360/360
f 361/361/361 363/363/363 360/360/360
f 363/363/363 361/361/361 364/364/364
f 361/361/361 365/365/365 364/364/364
f 365/365/365 366/366/366 364/364/364
f 367/367/367 366/366/366 365/365/365
f 368/368/368 367/367/367 365/365/365
f 367/367/367 368/368/368 369/369/369
f 370/370/370 369/369/369 368/368/368
f 371/371/371 370/370/370 368/368/368
f 374/374/374 373/373/373 372/372/372
f 373/373/373 375/375/375 372/372/372
f 378/378/378 377/377/377 376/376/376
f 379/379/379 377/377/377 378/378/378
f 379/379/379 378/378/378 380/380/380
f 381/381/381 379/379/379 380/380/380
f 384/384/384 383/383/383 382/382/382
f 385/385/385 384/384/384 382/382/382
f 388/388/388 387/387/387 386/386/386
f 387/387/387 389/389/389 386/386/386
f 392/392/392 391/391/391 390/390/390
f 391/391/391 393/393/393 390/390/390
f 396/396/396 395/395/395 394/394/394
f 395/395/395 397/397/397 394/394/394
f 400/400/400 399/399/399 398/398/398
f 399/399/399 401/401/401 398/398/398
f 404/404/404 403/403/403 402/402/402
f 403/403/403 405/405/405 402/402/402
f 408/408/408 407/407/407 406/406/406
f 407/407/407 409/409/409 406/406/406
f 407/407/407 410/410/410 409/409/409
f 410/410/410 411/411/411 409/409/409
f 410/410/410 412/412/412 411/411/411
f 406/406/406 409/409/409 413/413/413
f 409/409/409 414/414/414 413/413/413
f 406/406/406 413/413/413 415/415/415
f 415/415/415 413/413/413 416/416/416
f 415/415/415 416/416/416 417/417/417
f 420/420/420 419/419/419 418/418/418
f 420/420/420 418/418/418 421/421/421
f 422/422/422 420/420/420 421/421/421
f 422/422/422 421/421/421 423/423/423
f 424/424/424 422/422/422 423/423/423
f 423/423/423 421/421/421 425/425/425
f 421/421/421 426/426/426 425/425/425
f 423/423/423 425/425/425 427/427/427
f 427/427/427 425/425/425 428/428/428
f 427/427/427 428/428/428 429/429/429
f 432/432/432 431/431/431 430/430/430
f 431/431/431 433/433/433 430/430/430
f 430/430/430 433/433/433 434/434/434
f 433/433/433 435/435/435 434/434/434
f 434/434/434 435/435/435 436/436/436
f 434/434/434 436/436/436 437/437/437
f 440/440/440 439/439/439 438/438/438
f 438/438/438 439/439/439 441/441/441
f 442/442/442 441/441/441 439/439/439
f 438/438/438 441/441/441 443/443/443
f 438/438/438 443/443/443 444/444/444
f 444/444/444 443/443/443 445/445/445
f 443/443/443 446/446/446 445/445/445
f 444/444/444 445/445/445 447/447/447
f 450/450/450 449/449/449 448/448/448
f 451/451/451 449/449/449 450/450/450
f 452/452/452 451/451/451 450/450/450
f 453/453/453 451/451/451 452/452/452
f 454/454/454 453/453/453 452/452/452
f 455/455/455 453/453/453 454/454/454
f 456/456/456 455/455/455 454/454/454
f 457/457/457 456/456/456 454/454/454
f 458/458/458 456/456/456 457/457/457
f 459/459/459 458/458/458 457/457/457
f 460/460/460 458/458/458 459/459/459
f 461/461/461 460/460/460 459/459/459
f 464/464/464 463/463/463 462/462/462
f 465/465/465 463/463/463 464/464/464
f 466/466/466 463/463/463 465/465/465
f 466/466/466 467/467/467 463/463/463
f 467/467/467 468/468/468 463/463/463
f 468/468/468 469/469/469 463/463/463
f 470/470/470 467/467/467 466/466/466
f 471/471/471 470/470/470 466/466/466
f 472/472/472 471/471/471 466/466/466
f 473/473/473 470/470/470 471/471/471
f 474/474/474 473/473/473 471/471/471
f 475/475/475 471/471/471 472/472/472
f 476/476/476 471/471/471 475/475/475
f 479/479/479 478/478/478 477/477/477
f 478/478/478 480/480/480 477/477/477
f 477/477/477 480/480/480 481/481/481
f 480/480/480 482/482/482 481/481/481
f 481/481/481 482/482/482 483/483/483
f 481/481/481 483/483/483 484/484/484
f 487/487/487 486/486/486 485/485/485
f 486/486/486 488/488/488 485/485/485
f 485/485/485 488/488/488 489/489/489
f 488/488/488 490/490/490 489/489/489
f 491/491/491 485/485/485 489/489/489
f 492/492/492 485/485/485 491/491/491
f 493/493/493 485/485/485 492/492/492
f 489/489/489 490/490/490 494/494/494
f 490/490/490 495/495/495 494/494/494
f 495/495/495 496/496/496 494/494/494
f 489/489/489 494/494/494 497/497/497
f 497/497/497 494/494/494 498/498/498
f 498/498/498 494/494/494 499/499/499
f 502/502/502 501/501/501 500/500/500
f 502/502/502 503/503/503 501/501/501
f 501/501/501 503/503/503 504/504/504
f 502/502/502 505/505/505 503/503/503
f 506/506/506 505/505/505 502/502/502
f 507/507/507 506/506/506 502/502/502
f 506/506/506 508/508/508 505/505/505
f 505/505/505 508/508/508 509/509/509
f 510/510/510 506/506/506 507/507/507
f 511/511/511 510/510/510 507/507/507
f 509/509/509 508/508/508 512/512/512
f 509/509/509 512/512/512 513/513/513
f 514/514/514 510/510/510 511/511/511
f 513/513/513 512/512/512 515/515/515
f 515/515/515 512/512/512 516/516/516
f 517/517/517 510/510/510 514/514/514
f 515/515/515 516/516/516 518/518/518
f 519/519/519 515/515/515 518/518/518
f 520/520/520 519/519/519 518/518/518
f 520/520/520 518/518/518 521/521/521
f 521/521/521 518/518/518 522/522/522
f 523/523/523 518/518/518 516/516/516
f 523/523/523 516/516/516 524/524/524
f 525/525/525 523/523/523 524/524/524
f 526/526/526 525/525/525 524/524/524
f 527/527/527 525/525/525 526/526/526
f 528/528/528 527/527/527 526/526/526
f 529/529/529 528/528/528 526/526/526
f 530/530/530 529/529/529 526/526/526
f 531/531/531 529/529/529 530/530/530
f 532/532/532 531/531/531 530/530/530
f 528/528/528 533/533/533 527/527/527
f 534/534/534 531/531/531 532/532/532
f 533/533/533 535/535/535 527/527/527
f 535/535/535 536/536/536 527/527/527
f 533/533/533 537/537/537 535/535/535
f 538/538/538 534/534/534 532/532/532
f 538/538/538 539/539/539 534/534/534
f 538/538/538 540/540/540 539/539/539
f 538/538/538 541/541/541 540/540/540
f 538/538/538 542/542/542 541/541/541
f 543/543/543 538/538/538 532/532/532
f 543/543/543 544/544/544 538/538/538
f 545/545/545 544/544/544 543/543/543
f 546/546/546 545/545/545 543/543/543
f 547/547/547 545/545/545 546/546/546
f 548/548/548 547/547/547 546/546/546
f 549/549/549 548/548/548 546/546/546
f 549/549/549 550/550/550 548/548/548
f 551/551/551 550/550/550 549/549/549
f 551/551/551 552/552/552 550/550/550
f 551/551/551 553/553/553 552/552/552
f 554/554/554 553/553/553 551/551/551
f 548/548/548 555/555/555 547/547/547
f 555/555/555 556/556/556 547/547/547
f 548/548/548 557/557/557 555/555/555
f 557/557/557 558/558/558 555/555/555
f 554/554/554 559/559/559 553/553/553
f 559/559/559 560/560/560 553/553/553
f 559/559/559 561/561/561 560/560/560
f 559/559/559 562/562/562 561/561/561
f 559/559/559 563/563/563 562/562/562
f 554/554/554 564/564/564 559/559/559
f 554/554/554 565/565/565 564/564/564
f 565/565/565 566/566/566 564/564/564
f 565/565/565 567/567/567 566/566/566
f 566/566/566 567/567/567 568/568/568
f 567/567/567 569/569/569 568/568/568
f 567/567/567 570/570/570 569/569/569
f 567/567/567 571/571/571 570/570/570
f 570/570/570 571/571/571 572/572/572
f 571/571/571 517/517/517 572/572/572
f 568/568/568 569/569/569 573/573/573
f 568/568/568 573/573/573 574/574/574
f 568/568/568 574/574/574 575/575/575
f 568/568/568 575/575/575 576/576/576
f 572/572/572 517/517/517 577/577/577
f 517/517/517 514/514/514 577/577/577
f 577/577/577 514/514/514 578/578/578
f 577/577/577 578/578/578 579/579/579
f 578/578/578 514/514/514 580/580/580
f 580/580/580 514/514/514 581/581/581
f 584/584/584 583/583/583 582/582/582
f 584/584/584 585/585/585 583/583/583
f 586/586/586 585/585/585 584/584/584
f 587/587/587 586/586/586 584/584/584
f 588/588/588 586/586/586 587/587/587
f 589/589/589 588/588/588 587/587/587
f 592/592/592 591/591/591 590/590/590
f 593/593/593 590/590/590 591/591/591
f 594/594/594 590/590/590 593/593/593
f 593/593/593 591/591/591 595/595/595
f 593/593/593 595/595/595 596/596/596
f 596/596/596 595/595/595 597/597/597
f 595/595/595 598/598/598 597/597/597
f 596/596/596 597/597/597 599/599/599
f 602/602/602 601/601/601 600/600/600
f 600/600/600 601/601/601 603/603/603
f 603/603/603 601/601/601 604/604/604
f 601/601/601 605/605/605 604/604/604
f 606/606/606 605/605/605 601/601/601
f 607/607/607 606/606/606 601/601/601
f 605/605/605 608/608/608 604/604/604
f 604/604/604 608/608/608 609/609/609
f 608/608/608 610/610/610 609/609/609
f 610/610/610 611/611/611 609/609/609
f 604/604/604 609/609/609 612/612/612
f 612/612/612 609/609/609 613/613/613
f 613/613/613 609/609/609 614/614/614
f 617/617/617 616/616/616 615/615/615
f 617/617/617 618/618/618 616/616/616
f 619/619/619 618/618/618 617/617/617
f 619/619/619 620/620/620 618/618/618
f 621/621/621 620/620/620 619/619/619
f 622/622/622 621/621/621 619/619/619
f 625/625/625 624/624/624 623/623/623
f 626/626/626 623/623/623 624/624/624
f 627/627/627 623/623/623 626/626/626
f 626/626/626 624/624/624 628/628/628
f 628/628/628 624/624/624 629/629/629
f 628/628/628 629/629/629 630/630/630
f 629/629/629 631/631/631 630/630/630
f 628/628/628 630/630/630 632/632/632
f 635/635/635 634/634/634 633/633/633
f 636/636/636 635/635/635 633/633/633
f 637/637/637 635/635/635 636/636/636
f 638/638/638 637/637/637 636/636/636
f 639/639/639 637/637/637 638/638/638
f 640/640/640 639/639/639 638/638/638
f 641/641/641 639/639/639 640/640/640
f 642/642/642 641/641/641 640/640/640
f 643/643/643 641/641/641 642/642/642
f 644/644/644 643/643/643 642/642/642
f 645/645/645 643/643/643 644/644/644
f 646/646/646 645/645/645 644/644/644
f 649/649/649 648/648/648 647/647/647
f 648/648/648 650/650/650 647/647/647
f 647/647/647 650/650/650 651/651/651
f 650/650/650 652/652/652 651/651/651
f 651/651/651 652/652/652 653/653/653
f 651/651/651 653/653/653 654/654/654
f 657/657/657 656/656/656 655/655/655
f 658/658/658 656/656/656 657/657/657
f 659/659/659 658/658/658 657/657/657
f 660/660/660 659/659/659 657/657/657
f 660/660/660 661/661/661 659/659/659
f 661/661/661 662/662/662 659/659/659
f 659/659/659 662/662/662 663/663/663
f 664/664/664 660/660/660 657/657/657
f 662/662/662 665/665/665 663/663/663
f 662/662/662 666/666/666 665/665/665
f 665/665/665 667/667/667 663/663/663
f 666/666/666 668/668/668 665/665/665
f 666/666/666 669/669/669 668/668/668
f 669/669/669 670/670/670 668/668/668
f 663/663/663 667/667/667 671/671/671
f 667/667/667 672/672/672 671/671/671
f 669/669/669 673/673/673 670/670/670
f 672/672/672 674/674/674 671/671/671
f 673/673/673 675/675/675 670/670/670
f 671/671/671 674/674/674 676/676/676
f 673/673/673 677/677/677 675/675/675
f 675/675/675 677/677/677 678/678/678
f 679/679/679 677/677/677 673/673/673
f 678/678/678 677/677/677 680/680/680
f 679/679/679 681/681/681 677/677/677
f 680/680/680 677/677/677 682/682/682
f 683/683/683 681/681/681 679/679/679
f 684/684/684 681/681/681 683/683/683
f 685/685/685 680/680/680 682/682/682
f 686/686/686 681/681/681 684/684/684
f 686/686/686 684/684/684 687/687/687
f 681/681/681 686/686/686 688/688/688
f 686/686/686 687/687/687 689/689/689
f 689/689/689 687/687/687 690/690/690
f 689/689/689 690/690/690 691/691/691
f 691/691/691 690/690/690 664/664/664
f 691/691/691 664/664/664 692/692/692
f 692/692/692 664/664/664 657/657/657
f 693/693/693 692/692/692 657/657/657
f 694/694/694 681/681/681 688/688/688
f 693/693/693 657/657/657 695/695/695
f 696/696/696 693/693/693 695/695/695
f 694/694/694 688/688/688 697/697/697
f 698/698/698 696/696/696 695/695/695
f 694/694/694 697/697/697 699/699/699
f 698/698/698 695/695/695 700/700/700
f 694/694/694 699/699/699 701/701/701
f 701/701/701 699/699/699 702/702/702
f 694/694/694 701/701/701 703/703/703
f 701/701/701 702/702/702 704/704/704
f 704/704/704 702/702/702 705/705/705
f 704/704/704 705/705/705 706/706/706
f 706/706/706 705/705/705 698/698/698
f 706/706/706 698/698/698 707/707/707
f 707/707/707 698/698/698 700/700/700
f 708/708/708 707/707/707 700/700/700
f 694/694/694 703/703/703 709/709/709
f 708/708/708 700/700/700 710/710/710
f 709/709/709 703/703/703 711/711/711
f 712/712/712 708/708/708 710/710/710
f 709/709/709 711/711/711 713/713/713
f 714/714/714 712/712/712 710/710/710
f 714/714/714 710/710/710 715/715/715
f 710/710/710 716/716/716 715/715/715
f 716/716/716 717/717/717 715/715/715
f 715/715/715 717/717/717 718/718/718
f 709/709/709 713/713/713 719/719/719
f 719/719/719 713/713/713 720/720/720
f 709/709/709 719/719/719 721/721/721
f 719/719/719 720/720/720 722/722/722
f 722/722/722 720/720/720 723/723/723
f 722/722/722 723/723/723 724/724/724
f 724/724/724 723/723/723 714/714/714
f 724/724/724 714/714/714 725/725/725
f 725/725/725 714/714/714 715/715/715
f 726/726/726 725/725/725 715/715/715
f 727/727/727 726/726/726 715/715/715
f 709/709/709 721/721/721 728/728/728
f 727/727/727 715/715/715 729/729/729
f 721/721/721 730/730/730 728/728/728
f 731/731/731 727/727/727 729/729/729
f 728/728/728 730/730/730 732/732/732
f 733/733/733 731/731/731 729/729/729
f 733/733/733 729/729/729 734/734/734
f 735/735/735 731/731/731 733/733/733
f 736/736/736 733/733/733 734/734/734
f 737/737/737 731/731/731 735/735/735
f 736/736/736 734/734/734 738/738/738
f 739/739/739 737/737/737 735/735/735
f 740/740/740 737/737/737 739/739/739
f 738/738/738 734/734/734 741/741/741
f 742/742/742 740/740/740 739/739/739
f 732/732/732 740/740/740 742/742/742
f 728/728/728 732/732/732 742/742/742
f 728/728/728 742/742/742 743/743/743
f 728/728/728 743/743/743 744/744/744
f 743/743/743 745/745/745 744/744/744
f 744/744/744 745/745/745 746/746/746
f 747/747/747 738/738/738 741/741/741
f 744/744/744 746/746/746 748/748/748
f 746/746/746 749/749/749 748/748/748
f 744/744/744 748/748/748 750/750/750
f 748/748/748 749/749/749 751/751/751
f 749/749/749 752/752/752 751/751/751
f 751/751/751 752/752/752 753/753/753
f 752/752/752 747/747/747 753/753/753
f 744/744/744 750/750/750 754/754/754
f 753/753/753 747/747/747 755/755/755
f 747/747/747 741/741/741 755/755/755
f 750/750/750 756/756/756 754/754/754
f 754/754/754 756/756/756 757/757/757
f 755/755/755 741/741/741 758/758/758
f 759/759/759 755/755/755 758/758/758
f 759/759/759 758/758/758 760/760/760
f 760/760/760 758/758/758 761/761/761
f 741/741/741 762/762/762 758/758/758
f 763/763/763 762/762/762 741/741/741
f 762/762/762 763/763/763 764/764/764
f 758/758/758 765/765/765 761/761/761
f 754/754/754 757/757/757 766/766/766
f 757/757/757 767/767/767 766/766/766
f 754/754/754 766/766/766 768/768/768
f 766/766/766 767/767/767 769/769/769
f 767/767/767 770/770/770 769/769/769
f 769/769/769 770/770/770 771/771/771
f 770/770/770 761/761/761 771/771/771
f 771/771/771 761/761/761 772/772/772
f 761/761/761 765/765/765 772/772/772
f 772/772/772 765/765/765 773/773/773
f 754/754/754 768/768/768 774/774/774
f 765/765/765 775/775/775 773/773/773
f 773/773/773 775/775/775 776/776/776
f 768/768/768 777/777/777 774/774/774
f 776/776/776 775/775/775 778/778/778
f 777/777/777 779/779/779 774/774/774
f 775/775/775 780/780/780 778/778/778
f 774/774/774 779/779/779 781/781/781
f 779/779/779 782/782/782 781/781/781
f 774/774/774 781/781/781 783/783/783
f 781/781/781 782/782/782 784/784/784
f 782/782/782 785/785/785 784/784/784
f 785/785/785 786/786/786 784/784/784
f 785/785/785 778/778/778 786/786/786
f 778/778/778 787/787/787 786/786/786
f 778/778/778 780/780/780 787/787/787
f 774/774/774 783/783/783 788/788/788
f 783/783/783 789/789/789 788/788/788
f 787/787/787 780/780/780 790/790/790
f 780/780/780 791/791/791 790/790/790
f 790/790/790 791/791/791 792/792/792
f 780/780/780 793/793/793 791/791/791
f 791/791/791 793/793/793 794/794/794
f 795/795/795 791/791/791 794/794/794
f 789/789/789 796/796/796 788/788/788
f 792/792/792 791/791/791 797/797/797
f 788/788/788 796/796/796 798/798/798
f 796/796/796 799/799/799 798/798/798
f 788/788/788 798/798/798 800/800/800
f 799/799/799 801/801/801 798/798/798
f 799/799/799 802/802/802 801/801/801
f 802/802/802 803/803/803 801/801/801
f 802/802/802 797/797/797 803/803/803
f 788/788/788 800/800/800 804/804/804
f 797/797/797 805/805/805 803/803/803
f 797/797/797 791/791/791 805/805/805
f 800/800/800 806/806/806 804/804/804
f 791/791/791 807/807/807 805/805/805
f 805/805/805 807/807/807 808/808/808
f 808/808/808 807/807/807 809/809/809
f 807/807/807 810/810/810 809/809/809
f 806/806/806 811/811/811 804/804/804
f 809/809/809 810/810/810 812/812/812
f 811/811/811 813/813/813 804/804/804
f 811/811/811 814/814/814 813/813/813
f 804/804/804 813/813/813 815/815/815
f 814/814/814 816/816/816 813/813/813
f 814/814/814 817/817/817 816/816/816
f 817/817/817 818/818/818 816/816/816
f 817/817/817 812/812/812 818/818/818
f 804/804/804 815/815/815 819/819/819
f 812/812/812 820/820/820 818/818/818
f 812/812/812 810/810/810 820/820/820
f 815/815/815 821/821/821 819/819/819
f 810/810/810 822/822/822 820/820/820
f 820/820/820 822/822/822 823/823/823
f 821/821/821 824/824/824 819/819/819
f 823/823/823 822/822/822 825/825/825
f 824/824/824 826/826/826 819/819/819
f 824/824/824 827/827/827 826/826/826
f 826/826/826 828/828/828 819/819/819
f 827/827/827 829/829/829 826/826/826
f 830/830/830 829/829/829 827/827/827
f 830/830/830 831/831/831 829/829/829
f 828/828/828 832/832/832 819/819/819
f 833/833/833 831/831/831 830/830/830
f 828/828/828 834/834/834 832/832/832
f 833/833/833 835/835/835 831/831/831
f 834/834/834 836/836/836 832/832/832
f 837/837/837 833/833/833 825/825/825
f 837/837/837 835/835/835 833/833/833
f 822/822/822 837/837/837 825/825/825
f 837/837/837 838/838/838 835/835/835
f 837/837/837 822/822/822 839/839/839
f 822/822/822 840/840/840 839/839/839
f 837/837/837 839/839/839 841/841/841
f 837/837/837 842/842/842 838/838/838
f 842/842/842 843/843/843 838/838/838
f 842/842/842 844/844/844 843/843/843
f 842/842/842 845/845/845 844/844/844
f 836/836/836 846/846/846 832/832/832
f 847/847/847 846/846/846 836/836/836
f 846/846/846 848/848/848 832/832/832
f 847/847/847 849/849/849 846/846/846
f 850/850/850 849/849/849 847/847/847
f 850/850/850 851/851/851 849/849/849
f 844/844/844 851/851/851 850/850/850
f 844/844/844 852/852/852 851/851/851
f 845/845/845 852/852/852 844/844/844
f 845/845/845 853/853/853 852/852/852
f 848/848/848 854/854/854 832/832/832
f 845/845/845 855/855/855 853/853/853
f 856/856/856 854/854/854 848/848/848
f 855/855/855 857/857/857 853/853/853
f 856/856/856 858/858/858 854/854/854
f 855/855/855 859/859/859 857/857/857
f 858/858/858 860/860/860 854/854/854
f 861/861/861 860/860/860 858/858/858
f 860/860/860 862/862/862 854/854/854
f 861/861/861 863/863/863 860/860/860
f 864/864/864 863/863/863 861/861/861
f 864/864/864 865/865/865 863/863/863
f 859/859/859 865/865/865 864/864/864
f 862/862/862 866/866/866 854/854/854
f 867/867/867 866/866/866 862/862/862
f 859/859/859 868/868/868 865/865/865
f 869/869/869 866/866/866 867/867/867
f 870/870/870 868/868/868 859/859/859
f 855/855/855 870/870/870 859/859/859
f 870/870/870 871/871/871 868/868/868
f 870/870/870 872/872/872 871/871/871
f 870/870/870 855/855/855 873/873/873
f 874/874/874 873/873/873 855/855/855
f 875/875/875 874/874/874 855/855/855
f 870/870/870 876/876/876 872/872/872
f 876/876/876 877/877/877 872/872/872
f 869/869/869 878/878/878 866/866/866
f 879/879/879 878/878/878 869/869/869
f 878/878/878 880/880/880 866/866/866
f 881/881/881 878/878/878 879/879/879
f 882/882/882 881/881/881 879/879/879
f 883/883/883 881/881/881 882/882/882
f 877/877/877 883/883/883 882/882/882
f 880/880/880 884/884/884 866/866/866
f 885/885/885 883/883/883 877/877/877
f 876/876/876 885/885/885 877/877/877
f 886/886/886 884/884/884 880/880/880
f 876/876/876 887/887/887 885/885/885
f 887/887/887 888/888/888 885/885/885
f 887/887/887 889/889/889 888/888/888
f 890/890/890 889/889/889 887/887/887
f 891/891/891 884/884/884 886/886/886
f 890/890/890 892/892/892 889/889/889
f 891/891/891 893/893/893 884/884/884
f 894/894/894 893/893/893 891/891/891
f 893/893/893 895/895/895 884/884/884
f 896/896/896 893/893/893 894/894/894
f 897/897/897 896/896/896 894/894/894
f 898/898/898 896/896/896 897/897/897
f 892/892/892 898/898/898 897/897/897
f 895/895/895 899/899/899 884/884/884
f 900/900/900 898/898/898 892/892/892
f 890/890/890 900/900/900 892/892/892
f 901/901/901 899/899/899 895/895/895
f 902/902/902 899/899/899 901/901/901
f 903/903/903 900/900/900 890/890/890
f 903/903/903 904/904/904 900/900/900
f 903/903/903 905/905/905 904/904/904
f 906/906/906 905/905/905 903/903/903
f 903/903/903 890/890/890 907/907/907
f 890/890/890 908/908/908 907/907/907
f 909/909/909 903/903/903 907/907/907
f 910/910/910 906/906/906 903/903/903
f 902/902/902 911/911/911 899/899/899
f 912/912/912 911/911/911 902/902/902
f 911/911/911 913/913/913 899/899/899
f 914/914/914 911/911/911 912/912/912
f 915/915/915 914/914/914 912/912/912
f 916/916/916 914/914/914 915/915/915
f 906/906/906 916/916/916 915/915/915
f 917/917/917 916/916/916 906/906/906
f 917/917/917 906/906/906 910/910/910
f 918/918/918 917/917/917 910/910/910
f 913/913/913 919/919/919 899/899/899
f 920/920/920 918/918/918 910/910/910
f 921/921/921 918/918/918 920/920/920
f 922/922/922 919/919/919 913/913/913
f 923/923/923 921/921/921 920/920/920
f 924/924/924 919/919/919 922/922/922
f 925/925/925 923/923/923 920/920/920
f 926/926/926 919/919/919 924/924/924
f 927/927/927 926/926/926 924/924/924
f 926/926/926 928/928/928 919/919/919
f 929/929/929 926/926/926 927/927/927
f 930/930/930 929/929/929 927/927/927
f 931/931/931 929/929/929 930/930/930
f 931/931/931 930/930/930 923/923/923
f 932/932/932 931/931/931 923/923/923
f 932/932/932 923/923/923 925/925/925
f 928/928/928 682/682/682 919/919/919
f 933/933/933 682/682/682 928/928/928
f 934/934/934 682/682/682 933/933/933
f 685/685/685 682/682/682 934/934/934
f 685/685/685 934/934/934 935/935/935
f 936/936/936 685/685/685 935/935/935
f 936/936/936 935/935/935 937/937/937
f 938/938/938 936/936/936 937/937/937
f 938/938/938 937/937/937 939/939/939
f 674/674/674 938/938/938 939/939/939
f 674/674/674 939/939/939 676/676/676
f 939/939/939 940/940/940 676/676/676
f 940/940/940 941/941/941 676/676/676
f 941/941/941 932/932/932 925/925/925
f 676/676/676 941/941/941 925/925/925
f 925/925/925 942/942/942 676/676/676
f 942/942/942 943/943/943 676/676/676
f 943/943/943 942/942/942 944/944/944
f 947/947/947 946/946/946 945/945/945
f 947/947/947 948/948/948 946/946/946
f 949/949/949 948/948/948 947/947/947
f 949/949/949 950/950/950 948/948/948
f 950/950/950 951/951/951 948/948/948
f 952/952/952 950/950/950 949/949/949
f 953/953/953 952/952/952 949/949/949
f 952/952/952 954/954/954 950/950/950
f 954/954/954 955/955/955 950/950/950
f 954/954/954 956/956/956 955/955/955
f 959/959/959 958/958/958 957/957/957
f 959/959/959 957/957/957 960/960/960
f 961/961/961 959/959/959 960/960/960
f 961/961/961 960/960/960 962/962/962
f 963/963/963 961/961/961 962/962/962
f 962/962/962 960/960/960 964/964/964
f 960/960/960 965/965/965 964/964/964
f 962/962/962 964/964/964 966/966/966
f 966/966/966 964/964/964 967/967/967
f 966/966/966 967/967/967 968/968/968
f 971/971/971 970/970/970 969/969/969
f 971/971/971 969/969/969 972/972/972
f 973/973/973 971/971/971 972/972/972
f 973/973/973 972/972/972 974/974/974
f 975/975/975 973/973/973 974/974/974
f 974/974/974 972/972/972 976/976/976
f 972/972/972 977/977/977 976/976/976
f 974/974/974 976/976/976 978/978/978
f 978/978/978 976/976/976 979/979/979
f 978/978/978 979/979/979 980/980/980
f 983/983/983 982/982/982 981/981/981
f 982/982/982 984/984/984 981/981/981
f 981/981/981 984/984/984 985/985/985
f 981/981/981 985/985/985 986/986/986
f 986/986/986 985/985/985 987/987/987
f 986/986/986 987/987/987 988/988/988
f 991/991/991 990/990/990 989/989/989
f 991/991/991 992/992/992 990/990/990
f 992/992/992 993/993/993 990/990/990
f 994/994/994 992/992/992 991/991/991
f 994/994/994 995/995/995 992/992/992
f 994/994/994 996/996/996 995/995/995
f 997/997/997 995/995/995 996/996/996
f 998/998/998 996/996/996 994/994/994
f 1001/1001/1001 1000/1000/1000 999/999/999
f 1000/1000/1000 1002/1002/1002 999/999/999
f 999/999/999 1002/1002/1002 1003/1003/1003
f 1002/1002/1002 1004/1004/1004 1003/1003/1003
f 1003/1003/1003 1004/1004/1004 1005/1005/1005
f 1004/1004/1004 1006/1006/1006 1005/1005/1005
f 1006/1006/1006 1007/1007/1007 1005/1005/1005
f 1005/1005/1005 1007/1007/1007 1008/1008/1008
f 1007/1007/1007 1009/1009/1009 1008/1008/1008
f 1008/1008/1008 1009/1009/1009 1010/1010/1010
f 1009/1009/1009 1011/1011/1011 1010/1010/1010
f 1010/1010/1010 1011/1011/1011 1012/1012/1012
f 1015/1015/1015 1014/1014/1014 1013/1013/1013
f 1013/1013/1013 1014/1014/1014 1016/1016/1016
f 1016/1016/1016 1014/1014/1014 1017/1017/1017
f 1014/1014/1014 1018/1018/1018 1017/1017/1017
f 1019/1019/1019 1018/1018/1018 1014/1014/1014
f 1020/1020/1020 1019/1019/1019 1014/1014/1014
f 1018/1018/1018 1021/1021/1021 1017/1017/1017
f 1017/1017/1017 1021/1021/1021 1022/1022/1022
f 1017/1017/1017 1022/1022/1022 1023/1023/1023
f 1021/1021/1021 1024/1024/1024 1022/1022/1022
f 1024/1024/1024 1025/1025/1025 1022/1022/1022
f 1023/1023/1023 1022/1022/1022 1026/1026/1026
f 1026/1026/1026 1022/1022/1022 1027/1027/1027
f 1030/1030/1030 1029/1029/1029 1028/1028/1028
f 1029/1029/1029 1031/1031/1031 1028/1028/1028
f 1032/1032/1032 1028/1028/1028 1031/1031/1031
f 1033/1033/1033 1028/1028/1028 1032/1032/1032
f 1034/1034/1034 1033/1033/1033 1032/1032/1032
f 1033/1033/1033 1034/1034/1034 1035/1035/1035
f 1036/1036/1036 1033/1033/1033 1035/1035/1035
f 1037/1037/1037 1036/1036/1036 1035/1035/1035
f 1036/1036/1036 1037/1037/1037 1038/1038/1038
f 1039/1039/1039 1036/1036/1036 1038/1038/1038
f 1042/1042/1042 1041/1041/1041 1040/1040/1040
f 1042/1042/1042 1043/1043/1043 1041/1041/1041
f 1044/1044/1044 1043/1043/1043 1042/1042/1042
f 1045/1045/1045 1044/1044/1044 1042/1042/1042
f 1046/1046/1046 1044/1044/1044 1045/1045/1045
f 1047/1047/1047 1046/1046/1046 1045/1045/1045
f 1050/1050/1050 1049/1049/1049 1048/1048/1048
f 1051/1051/1051 1048/1048/1048 1049/1049/1049
f 1052/1052/1052 1048/1048/1048 1051/1051/1051
f 1051/1051/1051 1049/1049/1049 1053/1053/1053
f 1051/1051/1051 1053/1053/1053 1054/1054/1054
f 1054/1054/1054 1053/1053/1053 1055/1055/1055
f 1053/1053/1053 1056/1056/1056 1055/1055/1055
f 1054/1054/1054 1055/1055/1055 1057/1057/1057
f 1060/1060/1060 1059/1059/1059 1058/1058/1058
f 1059/1059/1059 1061/1061/1061 1058/1058/1058
f 1058/1058/1058 1061/1061/1061 1062/1062/1062
f 1061/1061/1061 1063/1063/1063 1062/1062/1062
f 1062/1062/1062 1063/1063/1063 1064/1064/1064
f 1062/1062/1062 1064/1064/1064 1065/1065/1065
f 1068/1068/1068 1067/1067/1067 1066/1066/1066
f 1069/1069/1069 1068/1068/1068 1066/1066/1066
f 1069/1069/1069 1066/1066/1066 1070/1070/1070
f 1070/1070/1070 1066/1066/1066 1071/1071/1071
f 1070/1070/1070 1071/1071/1071 1072/1072/1072
f 1073/1073/1073 1068/1068/1068 1069/1069/1069
f 1074/1074/1074 1073/1073/1073 1069/1069/1069
f 1073/1073/1073 1075/1075/1075 1068/1068/1068
f 1075/1075/1075 1076/1076/1076 1068/1068/1068
f 1075/1075/1075 1077/1077/1077 1076/1076/1076
f 1080/1080/1080 1079/1079/1079 1078/1078/1078
f 1080/1080/1080 1078/1078/1078 1081/1081/1081
f 1082/1082/1082 1080/1080/1080 1081/1081/1081
f 1083/1083/1083 1082/1082/1082 1081/1081/1081
f 1086/1086/1086 1085/1085/1085 1084/1084/1084
f 1087/1087/1087 1086/1086/1086 1084/1084/1084
f 1090/1090/1090 1089/1089/1089 1088/1088/1088
f 1088/1088/1088 1089/1089/1089 1091/1091/1091
f 1089/1089/1089 1092/1092/1092 1091/1091/1091
f 1091/1091/1091 1092/1092/1092 1093/1093/1093
f 1092/1092/1092 1094/1094/1094 1093/1093/1093
f 1093/1093/1093 1094/1094/1094 1095/1095/1095
f 1094/1094/1094 1096/1096/1096 1095/1095/1095
f 1095/1095/1095 1096/1096/1096 1097/1097/1097
f 1096/1096/1096 1098/1098/1098 1097/1097/1097
f 1097/1097/1097 1098/1098/1098 1099/1099/1099
f 1098/1098/1098 1100/1100/1100 1099/1099/1099
f 1099/1099/1099 1100/1100/1100 1101/1101/1101
f 1104/1104/1104 1103/1103/1103 1102/1102/1102
f 1105/1105/1105 1104/1104/1104 1102/1102/1102
f 1106/1106/1106 1104/1104/1104 1105/1105/1105
f 1107/1107/1107 1106/1106/1106 1105/1105/1105
f 1108/1108/1108 1106/1106/1106 1107/1107/1107
f 1109/1109/1109 1108/1108/1108 1107/1107/1107
f 1110/1110/1110 1108/1108/1108 1109/1109/1109
f 1111/1111/1111 1110/1110/1110 1109/1109/1109
f 1112/1112/1112 1110/1110/1110 1111/1111/1111
f 1113/1113/1113 1112/1112/1112 1111/1111/1111
f 1114/1114/1114 1113/1113/1113 1111/1111/1111
f 1115/1115/1115 1113/1113/1113 1114/1114/1114
f 1118/1118/1118 1117/1117/1117 1116/1116/1116
f 1117/1117/1117 1119/1119/1119 1116/1116/1116
f 1119/1119/1119 1120/1120/1120 1116/1116/1116
f 1119/1119/1119 1121/1121/1121 1120/1120/1120
f 1124/1124/1124 1123/1123/1123 1122/1122/1122
f 1125/1125/1125 1124/1124/1124 1122/1122/1122
f 1126/1126/1126 1124/1124/1124 1125/1125/1125
f 1127/1127/1127 1126/1126/1126 1125/1125/1125
f 1128/1128/1128 1126/1126/1126 1127/1127/1127
f 1129/1129/1129 1128/1128/1128 1127/1127/1127
f 1132/1132/1132 1131/1131/1131 1130/1130/1130
f 1133/1133/1133 1132/1132/1132 1130/1130/1130
f 1134/1134/1134 1132/1132/1132 1133/1133/1133
f 1135/1135/1135 1134/1134/1134 1133/1133/1133
f 1136/1136/1136 1134/1134/1134 1135/1135/1135
f 1137/1137/1137 1136/1136/1136 1135/1135/1135
f 1140/1140/1140 1139/1139/1139 1138/1138/1138
f 1141/1141/1141 1140/1140/1140 1138/1138/1138
f 1144/1144/1144 1143/1143/1143 1142/1142/1142
f 1145/1145/1145 1143/1143/1143 1144/1144/1144
f 1145/1145/1145 1144/1144/1144 1146/1146/1146
f 1147/1147/1147 1145/1145/1145 1146/1146/1146
f 1150/1150/1150 1149/1149/1149 1148/1148/1148
f 1151/1151/1151 1150/1150/1150 1148/1148/1148
f 1154/1154/1154 1153/1153/1153 1152/1152/1152
f 1155/1155/1155 1154/1154/1154 1152/1152/1152
f 1156/1156/1156 1154/1154/1154 1155/1155/1155
f 1157/1157/1157 1156/1156/1156 1155/1155/1155
f 1158/1158/1158 1156/1156/1156 1157/1157/1157
f 1159/1159/1159 1158/1158/1158 1157/1157/1157
f 1162/1162/1162 1161/1161/1161 1160/1160/1160
f 1162/1162/1162 1160/1160/1160 1163/1163/1163
f 1164/1164/1164 1162/1162/1162 1163/1163/1163
f 1165/1165/1165 1164/1164/1164 1163/1163/1163
f 1164/1164/1164 1165/1165/1165 1166/1166/1166
f 1167/1167/1167 1164/1164/1164 1166/1166/1166
f 1170/1170/1170 1169/1169/1169 1168/1168/1168
f 1171/1171/1171 1170/1170/1170 1168/1168/1168
f 1174/1174/1174 1173/1173/1173 1172/1172/1172
f 1173/1173/1173 1175/1175/1175 1172/1172/1172
f 1173/1173/1173 1176/1176/1176 1175/1175/1175
f 1175/1175/1175 1176/1176/1176 1177/1177/1177
f 1180/1180/1180 1179/1179/1179 1178/1178/1178
f 1178/1178/1178 1179/1179/1179 1181/1181/1181
f 1181/1181/1181 1179/1179/1179 1182/1182/1182
f 1179/1179/1179 1183/1183/1183 1182/1182/1182
f 1184/1184/1184 1183/1183/1183 1179/1179/1179
f 1185/1185/1185 1184/1184/1184 1179/1179/1179
f 1183/1183/1183 1186/1186/1186 1182/1182/1182
f 1182/1182/1182 1186/1186/1186 1187/1187/1187
f 1186/1186/1186 1188/1188/1188 1187/1187/1187
f 1188/1188/1188 1189/1189/1189 1187/1187/1187
f 1182/1182/1182 1187/1187/1187 1190/1190/1190
f 1190/1190/1190 1187/1187/1187 1191/1191/1191
f 1191/1191/1191 1187/1187/1187 1192/1192/1192
f 1195/1195/1195 1194/1194/1194 1193/1193/1193
f 1193/1193/1193 1194/1194/1194 1196/1196/1196
f 1194/1194/1194 1197/1197/1197 1196/1196/1196
f 1196/1196/1196 1197/1197/1197 1198/1198/1198
f 1197/1197/1197 1199/1199/1199 1198/1198/1198
f 1198/1198/1198 1199/1199/1199 1200/1200/1200
f 1199/1199/1199 1201/1201/1201 1200/1200/1200
f 1200/1200/1200 1201/1201/1201 1202/1202/1202
f 1201/1201/1201 1203/1203/1203 1202/1202/1202
f 1202/1202/1202 1203/1203/1203 1204/1204/1204
f 1203/1203/1203 1205/1205/1205 1204/1204/1204
f 1204/1204/1204 1205/1205/1205 1206/1206/1206
f 1209/1209/1209 1208/1208/1208 1207/1207/1207
f 1209/1209/1209 1210/1210/1210 1208/1208/1208
f 1211/1211/1211 1210/1210/1210 1209/1209/1209
f 1212/1212/1212 1211/1211/1211 1209/1209/1209
f 1213/1213/1213 1211/1211/1211 1212/1212/1212
f 1214/1214/1214 1213/1213/1213 1212/1212/1212
f 1217/1217/1217 1216/1216/1216 1215/1215/1215
f 1218/1218/1218 1216/1216/1216 1217/1217/1217
f 1218/1218/1218 1217/1217/1217 1219/1219/1219
f 1220/1220/1220 1218/1218/1218 1219/1219/1219
f 1223/1223/1223 1222/1222/1222 1221/1221/1221
f 1224/1224/1224 1223/1223/1223 1221/1221/1221
f 1225/1225/1225 1223/1223/1223 1224/1224/1224
f 1226/1226/1226 1225/1225/1225 1224/1224/1224
f 1227/1227/1227 1225/1225/1225 1226/1226/1226
f 1228/1228/1228 1227/1227/1227 1226/1226/1226
f 1231/1231/1231 1230/1230/1230 1229/1229/1229
f 1232/1232/1232 1231/1231/1231 1229/1229/1229
f 1233/1233/1233 1231/1231/1231 1232/1232/1232
f 1234/1234/1234 1233/1233/1233 1232/1232/1232
f 1235/1235/1235 1233/1233/1233 1234/1234/1234
f 1236/1236/1236 1235/1235/1235 1234/1234/1234
f 1239/1239/1239 1238/1238/1238 1237/1237/1237
f 1238/1238/1238 1240/1240/1240 1237/1237/1237
f 1240/1240/1240 1241/1241/1241 1237/1237/1237
f 1240/1240/1240 1242/1242/1242 1241/1241/1241
f 1245/1245/1245 1244/1244/1244 1243/1243/1243
f 1244/1244/1244 1246/1246/1246 1243/1243/1243
f 1243/1243/1243 1246/1246/1246 1247/1247/1247
f 1246/1246/1246 1248/1248/1248 1247/1247/1247
f 1247/1247/1247 1248/1248/1248 1249/1249/1249
f 1248/1248/1248 1250/1250/1250 1249/1249/1249
f 1253/1253/1253 1252/1252/1252 1251/1251/1251
f 1252/1252/1252 1254/1254/1254 1251/1251/1251
f 1252/1252/1252 1255/1255/1255 1254/1254/1254
f 1254/1254/1254 1255/1255/1255 1256/1256/1256
f 1259/1259/1259 1258/1258/1258 1257/1257/1257
f 1259/1259/1259 1260/1260/1260 1258/1258/1258
f 1261/1261/1261 1260/1260/1260 1259/1259/1259
f 1261/1261/1261 1262/1262/1262 1260/1260/1260
f 1262/1262/1262 1263/1263/1263 1260/1260/1260
f 1264/1264/1264 1262/1262/1262 1261/1261/1261
f 1265/1265/1265 1264/1264/1264 1261/1261/1261
f 1264/1264/1264 1266/1266/1266 1262/1262/1262
f 1266/1266/1266 1267/1267/1267 1262/1262/1262
f 1266/1266/1266 1268/1268/1268 1267/1267/1267
f 1271/1271/1271 1270/1270/1270 1269/1269/1269
f 1270/1270/1270 1272/1272/1272 1269/1269/1269
f 1269/1269/1269 1272/1272/1272 1273/1273/1273
f 1272/1272/1272 1274/1274/1274 1273/1273/1273
f 1273/1273/1273 1274/1274/1274 1275/1275/1275
f 1273/1273/1273 1275/1275/1275 1276/1276/1276
f 1279/1279/1279 1278/1278/1278 1277/1277/1277
f 1280/1280/1280 1278/1278/1278 1279/1279/1279
f 1281/1281/1281 1280/1280/1280 1279/1279/1279
f 1282/1282/1282 1280/1280/1280 1281/1281/1281
f 1283/1283/1283 1282/1282/1282 1281/1281/1281
f 1284/1284/1284 1283/1283/1283 1281/1281/1281
f 1285/1285/1285 1283/1283/1283 1284/1284/1284
f 1286/1286/1286 1285/1285/1285 1284/1284/1284
f 1287/1287/1287 1285/1285/1285 1286/1286/1286
f 1288/1288/1288 1287/1287/1287 1286/1286/1286
f 1289/1289/1289 1287/1287/1287 1288/1288/1288
f 1290/1290/1290 1289/1289/1289 1288/1288/1288
f 1293/1293/1293 1292/1292/1292 1291/1291/1291
f 1291/1291/1291 1292/1292/1292 1294/1294/1294
f 1295/1295/1295 1294/1294/1294 1292/1292/1292
f 1291/1291/1291 1294/1294/1294 1296/1296/1296
f 1291/1291/1291 1296/1296/1296 1297/1297/1297
f 1297/1297/1297 1296/1296/1296 1298/1298/1298
f 1296/1296/1296 1299/1299/1299 1298/1298/1298
f 1297/1297/1297 1298/1298/1298 1300/1300/1300
f 1303/1303/1303 1302/1302/1302 1301/1301/1301
f 1302/1302/1302 1304/1304/1304 1301/1301/1301
f 1304/1304/1304 1302/1302/1302 1305/1305/1305
f 1302/1302/1302 1306/1306/1306 1305/1305/1305
f 1306/1306/1306 1307/1307/1307 1305/1305/1305
f 1308/1308/1308 1307/1307/1307 1306/1306/1306
f 1309/1309/1309 1308/1308/1308 1306/1306/1306
f 1308/1308/1308 1309/1309/1309 1310/1310/1310
f 1311/1311/1311 1310/1310/1310 1309/1309/1309
f 1312/1312/1312 1311/1311/1311 1309/1309/1309
f 1315/1315/1315 1314/1314/1314 1313/1313/1313
f 1316/1316/1316 1314/1314/1314 1315/1315/1315
f 1317/1317/1317 1314/1314/1314 1316/1316/1316
f 1317/1317/1317 1318/1318/1318 1314/1314/1314
f 1318/1318/1318 1319/1319/1319 1314/1314/1314
f 1319/1319/1319 1320/1320/1320 1314/1314/1314
f 1321/1321/1321 1318/1318/1318 1317/1317/1317
f 1322/1322/1322 1321/1321/1321 1317/1317/1317
f 1323/1323/1323 1322/1322/1322 1317/1317/1317
f 1324/1324/1324 1321/1321/1321 1322/1322/1322
f 1325/1325/1325 1324/1324/1324 1322/1322/1322
f 1326/1326/1326 1322/1322/1322 1323/1323/1323
f 1327/1327/1327 1322/1322/1322 1326/1326/1326
f 1330/1330/1330 1329/1329/1329 1328/1328/1328
f 1330/1330/1330 1331/1331/1331 1329/1329/1329
f 1332/1332/1332 1331/1331/1331 1330/1330/1330
f 1333/1333/1333 1332/1332/1332 1330/1330/1330
f 1334/1334/1334 1332/1332/1332 1333/1333/1333
f 1335/1335/1335 1334/1334/1334 1333/1333/1333
f 1338/1338/1338 1337/1337/1337 1336/1336/1336
f 1339/1339/1339 1338/1338/1338 1336/1336/1336
f 1339/1339/1339 1336/1336/1336 1340/1340/1340
f 1340/1340/1340 1336/1336/1336 1341/1341/1341
f 1340/1340/1340 1341/1341/1341 1342/1342/1342
f 1343/1343/1343 1338/1338/1338 1339/1339/1339
f 1344/1344/1344 1343/1343/1343 1339/1339/1339
f 1343/1343/1343 1345/1345/1345 1338/1338/1338
f 1345/1345/1345 1346/1346/1346 1338/1338/1338
f 1345/1345/1345 1347/1347/1347 1346/1346/1346
f 1350/1350/1350 1349/1349/1349 1348/1348/1348
f 1349/1349/1349 1351/1351/1351 1348/1348/1348
f 1348/1348/1348 1351/1351/1351 1352/1352/1352
f 1351/1351/1351 1353/1353/1353 1352/1352/1352
f 1352/1352/1352 1353/1353/1353 1354/1354/1354
f 1352/1352/1352 1354/1354/1354 1355/1355/1355
f 1358/1358/1358 1357/1357/1357 1356/1356/1356
f 1357/1357/1357 1359/1359/1359 1356/1356/1356
f 1360/1360/1360 1356/1356/1356 1359/1359/1359
f 1361/1361/1361 1356/1356/1356 1360/1360/1360
f 1362/1362/1362 1361/1361/1361 1360/1360/1360
f 1361/1361/1361 1362/1362/1362 1363/1363/1363
f 1364/1364/1364 1361/1361/1361 1363/1363/1363
f 1365/1365/1365 1364/1364/1364 1363/1363/1363
f 1365/1365/1365 1366/1366/1366 1364/1364/1364
f 1366/1366/1366 1367/1367/1367 1364/1364/1364
f 1370/1370/1370 1369/1369/1369 1368/1368/1368
f 1368/1368/1368 1369/1369/1369 1371/1371/1371
f 1371/1371/1371 1369/1369/1369 1372/1372/1372
f 1369/1369/1369 1373/1373/1373 1372/1372/1372
f 1374/1374/1374 1373/1373/1373 1369/1369/1369
f 1375/1375/1375 1374/1374/1374 1369/1369/1369
f 1373/1373/1373 1376/1376/1376 1372/1372/1372
f 1372/1372/1372 1376/1376/1376 1377/1377/1377
f 1372/1372/1372 1377/1377/1377 1378/1378/1378
f 1376/1376/1376 1379/1379/1379 1377/1377/1377
f 1379/1379/1379 1380/1380/1380 1377/1377/1377
f 1378/1378/1378 1377/1377/1377 1381/1381/1381
f 1381/1381/1381 1377/1377/1377 1382/1382/1382
f 1385/1385/1385 1384/1384/1384 1383/1383/1383
f 1384/1384/1384 1386/1386/1386 1383/1383/1383
f 1383/1383/1383 1386/1386/1386 1387/1387/1387
f 1386/1386/1386 1388/1388/1388 1387/1387/1387
f 1387/1387/1387 1388/1388/1388 1389/1389/1389
f 1388/1388/1388 1390/1390/1390 1389/1389/1389
f 1389/1389/1389 1390/1390/1390 1391/1391/1391
f 1390/1390/1390 1392/1392/1392 1391/1391/1391
f 1391/1391/1391 1392/1392/1392 1393/1393/1393
f 1392/1392/1392 1394/1394/1394 1393/1393/1393
f 1393/1393/1393 1394/1394/1394 1395/1395/1395
f 1394/1394/1394 1396/1396/1396 1395/1395/1395
f 1399/1399/1399 1398/1398/1398 1397/1397/1397
f 1399/1399/1399 1400/1400/1400 1398/1398/1398
f 1401/1401/1401 1400/1400/1400 1399/1399/1399
f 1401/1401/1401 1402/1402/1402 1400/1400/1400
f 1403/1403/1403 1402/1402/1402 1401/1401/1401
f 1404/1404/1404 1403/1403/1403 1401/1401/1401
f 1407/1407/1407 1406/1406/1406 1405/1405/1405
f 1406/1406/1406 1408/1408/1408 1405/1405/1405
f 1405/1405/1405 1408/1408/1408 1409/1409/1409
f 1408/1408/1408 1410/1410/1410 1409/1409/1409
f 1411/1411/1411 1405/1405/1405 1409/1409/1409
f 1412/1412/1412 1405/1405/1405 1411/1411/1411
f 1413/1413/1413 1405/1405/1405 1412/1412/1412
f 1409/1409/1409 1410/1410/1410 1414/1414/1414
f 1409/1409/1409 1414/1414/1414 1415/1415/1415
f 1410/1410/1410 1416/1416/1416 1414/1414/1414
f 1416/1416/1416 1417/1417/1417 1414/1414/1414
f 1415/1415/1415 1414/1414/1414 1418/1418/1418
f 1418/1418/1418 1414/1414/1414 1419/1419/1419
f 1422/1422/1422 1421/1421/1421 1420/1420/1420
f 1422/1422/1422 1423/1423/1423 1421/1421/1421
f 1424/1424/1424 1423/1423/1423 1422/1422/1422
f 1425/1425/1425 1424/1424/1424 1422/1422/1422
f 1426/1426/1426 1424/1424/1424 1425/1425/1425
f 1427/1427/1427 1426/1426/1426 1425/1425/1425
f 1430/1430/1430 1429/1429/1429 1428/1428/1428
f 1431/1431/1431 1428/1428/1428 1429/1429/1429
f 1431/1431/1431 1429/1429/1429 1432/1432/1432
f 1433/1433/1433 1428/1428/1428 1431/1431/1431
f 1434/1434/1434 1428/1428/1428 1433/1433/1433
f 1435/1435/1435 1428/1428/1428 1434/1434/1434
f 1436/1436/1436 1435/1435/1435 1434/1434/1434
f 1437/1437/1437 1435/1435/1435 1436/1436/1436
f 1438/1438/1438 1437/1437/1437 1436/1436/1436
f 1439/1439/1439 1437/1437/1437 1438/1438/1438
f 1440/1440/1440 1439/1439/1439 1438/1438/1438
f 1441/1441/1441 1439/1439/1439 1440/1440/1440
f 1442/1442/1442 1441/1441/1441 1440/1440/1440
f 1443/1443/1443 1441/1441/1441 1442/1442/1442
f 1444/1444/1444 1443/1443/1443 1442/1442/1442
f 1445/1445/1445 1443/1443/1443 1444/1444/1444
f 1446/1446/1446 1445/1445/1445 1444/1444/1444
f 1446/1446/1446 1447/1447/1447 1445/1445/1445
f 1447/1447/1447 1448/1448/1448 1445/1445/1445
f 1446/1446/1446 1449/1449/1449 1447/1447/1447
f 1450/1450/1450 1449/1449/1449 1446/1446/1446
f 1450/1450/1450 1451/1451/1451 1449/1449/1449
f 1452/1452/1452 1449/1449/1449 1451/1451/1451
f 1453/1453/1453 1451/1451/1451 1450/1450/1450
f 1456/1456/1456 1455/1455/1455 1454/1454/1454
f 1457/1457/1457 1456/1456/1456 1454/1454/1454
f 1458/1458/1458 1456/1456/1456 1457/1457/1457
f 1459/1459/1459 1456/1456/1456 1458/1458/1458
f 1460/1460/1460 1459/1459/1459 1458/1458/1458
f 1459/1459/1459 1460/1460/1460 1461/1461/1461
f 1462/1462/1462 1459/1459/1459 1461/1461/1461
f 1463/1463/1463 1462/1462/1462 1461/1461/1461
f 1463/1463/1463 1464/1464/1464 1462/1462/1462
f 1464/1464/1464 1465/1465/1465 1462/1462/1462
f 1468/1468/1468 1467/1467/1467 1466/1466/1466
f 1468/1468/1468 1469/1469/1469 1467/1467/1467
f 1470/1470/1470 1469/1469/1469 1468/1468/1468
f 1470/1470/1470 1471/1471/1471 1469/1469/1469
f 1471/1471/1471 1472/1472/1472 1469/1469/1469
f 1473/1473/1473 1471/1471/1471 1470/1470/1470
f 1474/1474/1474 1473/1473/1473 1470/1470/1470
f 1473/1473/1473 1475/1475/1475 1471/1471/1471
f 1475/1475/1475 1476/1476/1476 1471/1471/1471
f 1475/1475/1475 1477/1477/1477 1476/1476/1476
f 1480/1480/1480 1479/1479/1479 1478/1478/1478
f 1479/1479/1479 1481/1481/1481 1478/1478/1478
f 1479/1479/1479 1482/1482/1482 1481/1481/1481
f 1482/1482/1482 1483/1483/1483 1481/1481/1481
f 1482/1482/1482 1484/1484/1484 1483/1483/1483
f 1478/1478/1478 1481/1481/1481 1485/1485/1485
f 1481/1481/1481 1486/1486/1486 1485/1485/1485
f 1478/1478/1478 1485/1485/1485 1487/1487/1487
f 1487/1487/1487 1485/1485/1485 1488/1488/1488
f 1487/1487/1487 1488/1488/1488 1489/1489/1489
f 1492/1492/1492 1491/1491/1491 1490/1490/1490
f 1491/1491/1491 1493/1493/1493 1490/1490/1490
f 1491/1491/1491 1494/1494/1494 1493/1493/1493
f 1494/1494/1494 1495/1495/1495 1493/1493/1493
f 1494/1494/1494 1496/1496/1496 1495/1495/1495
f 1490/1490/1490 1493/1493/1493 1497/1497/1497
f 1493/1493/1493 1498/1498/1498 1497/1497/1497
f 1490/1490/1490 1497/1497/1497 1499/1499/1499
f 1499/1499/1499 1497/1497/1497 1500/1500/1500
f 1499/1499/1499 1500/1500/1500 1501/1501/1501
f 1504/1504/1504 1503/1503/1503 1502/1502/1502
f 1503/1503/1503 1505/1505/1505 1502/1502/1502
f 1503/1503/1503 1506/1506/1506 1505/1505/1505
f 1506/1506/1506 1507/1507/1507 1505/1505/1505
f 1506/1506/1506 1508/1508/1508 1507/1507/1507
f 1502/1502/1502 1505/1505/1505 1509/1509/1509
f 1505/1505/1505 1510/1510/1510 1509/1509/1509
f 1502/1502/1502 1509/1509/1509 1511/1511/1511
f 1511/1511/1511 1509/1509/1509 1512/1512/1512
f 1511/1511/1511 1512/1512/1512 1513/1513/1513
f 1516/1516/1516 1515/1515/1515 1514/1514/1514
f 1517/1517/1517 1516/1516/1516 1514/1514/1514
f 1517/1517/1517 1514/1514/1514 1518/1518/1518
f 1518/1518/1518 1514/1514/1514 1519/1519/1519
f 1518/1518/1518 1519/1519/1519 1520/1520/1520
f 1521/1521/1521 1516/1516/1516 1517/1517/1517
f 1522/1522/1522 1521/1521/1521 1517/1517/1517
f 1521/1521/1521 1523/1523/1523 1516/1516/1516
f 1523/1523/1523 1524/1524/1524 1516/1516/1516
f 1523/1523/1523 1525/1525/1525 1524/1524/1524
f 1528/1528/1528 1527/1527/1527 1526/1526/1526
f 1528/1528/1528 1529/1529/1529 1527/1527/1527
f 1530/1530/1530 1529/1529/1529 1528/1528/1528
f 1530/1530/1530 1531/1531/1531 1529/1529/1529
f 1532/1532/1532 1531/1531/1531 1530/1530/1530
f 1533/1533/1533 1532/1532/1532 1530/1530/1530
f 1536/1536/1536 1535/1535/1535 1534/1534/1534
f 1536/1536/1536 1432/1432/1432 1535/1535/1535
f 1432/1432/1432 1537/1537/1537 1535/1535/1535
f 1431/1431/1431 1432/1432/1432 1536/1536/1536
f 1540/1540/1540 1539/1539/1539 1538/1538/1538
f 1539/1539/1539 1541/1541/1541 1538/1538/1538
f 1541/1541/1541 1539/1539/1539 1542/1542/1542
f 1539/1539/1539 1543/1543/1543 1542/1542/1542
f 1543/1543/1543 1544/1544/1544 1542/1542/1542
f 1544/1544/1544 1543/1543/1543 1545/1545/1545
f 1543/1543/1543 1546/1546/1546 1545/1545/1545
f 1545/1545/1545 1546/1546/1546 1547/1547/1547
f 1548/1548/1548 1547/1547/1547 1546/1546/1546
f 1549/1549/1549 1548/1548/1548 1546/1546/1546
f 1552/1552/1552 1551/1551/1551 1550/1550/1550
f 1552/1552/1552 1553/1553/1553 1551/1551/1551
f 1554/1554/1554 1553/1553/1553 1552/1552/1552
f 1554/1554/1554 1555/1555/1555 1553/1553/1553
f 1555/1555/1555 1556/1556/1556 1553/1553/1553
f 1557/1557/1557 1555/1555/1555 1554/1554/1554
f 1558/1558/1558 1557/1557/1557 1554/1554/1554
f 1557/1557/1557 1559/1559/1559 1555/1555/1555
f 1559/1559/1559 1560/1560/1560 1555/1555/1555
f 1559/1559/1559 1561/1561/1561 1560/1560/1560
f 1564/1564/1564 1563/1563/1563 1562/1562/1562
f 1565/1565/1565 1564/1564/1564 1562/1562/1562
f 1565/1565/1565 1562/1562/1562 1566/1566/1566
f 1562/1562/1562 1567/1567/1567 1566/1566/1566
f 1567/1567/1567 1568/1568/1568 1566/1566/1566
f 1568/1568/1568 1567/1567/1567 1569/1569/1569
f 1567/1567/1567 1570/1570/1570 1569/1569/1569
f 1569/1569/1569 1570/1570/1570 1571/1571/1571
f 1571/1571/1571 1570/1570/1570 1572/1572/1572
f 1570/1570/1570 1573/1573/1573 1572/1572/1572
f 1576/1576/1576 1575/1575/1575 1574/1574/1574
f 1575/1575/1575 1577/1577/1577 1574/1574/1574
f 1575/1575/1575 1578/1578/1578 1577/1577/1577
f 1578/1578/1578 1579/1579/1579 1577/1577/1577
f 1578/1578/1578 1580/1580/1580 1579/1579/1579
f 1574/1574/1574 1577/1577/1577 1581/1581/1581
f 1577/1577/1577 1582/1582/1582 1581/1581/1581
f 1574/1574/1574 1581/1581/1581 1583/1583/1583
f 1583/1583/1583 1581/1581/1581 1584/1584/1584
f 1583/1583/1583 1584/1584/1584 1585/1585/1585
f 1588/1588/1588 1587/1587/1587 1586/1586/1586
f 1589/1589/1589 1587/1587/1587 1588/1588/1588
f 1590/1590/1590 1589/1589/1589 1588/1588/1588
f 1591/1591/1591 1589/1589/1589 1590/1590/1590
f 1592/1592/1592 1591/1591/1591 1590/1590/1590
f 1593/1593/1593 1592/1592/1592 1590/1590/1590
f 1594/1594/1594 1592/1592/1592 1593/1593/1593
f 1595/1595/1595 1594/1594/1594 1593/1593/1593
f 1596/1596/1596 1594/1594/1594 1595/1595/1595
f 1597/1597/1597 1596/1596/1596 1595/1595/1595
f 1598/1598/1598 1596/1596/1596 1597/1597/1597
f 1599/1599/1599 1598/1598/1598 1597/1597/1597
f 1602/1602/1602 1601/1601/1601 1600/1600/1600
f 1602/1602/1602 1600/1600/1600 1603/1603/1603
f 1604/1604/1604 1602/1602/1602 1603/1603/1603
f 1604/1604/1604 1603/1603/1603 1605/1605/1605
f 1606/1606/1606 1604/1604/1604 1605/1605/1605
f 1605/1605/1605 1603/1603/1603 1607/1607/1607
f 1603/1603/1603 1608/1608/1608 1607/1607/1607
f 1605/1605/1605 1607/1607/1607 1609/1609/1609
f 1609/1609/1609 1607/1607/1607 1610/1610/1610
f 1609/1609/1609 1610/1610/1610 1611/1611/1611
f 1614/1614/1614 1613/1613/1613 1612/1612/1612
f 1615/1615/1615 1614/1614/1614 1612/1612/1612
f 1616/1616/1616 1614/1614/1614 1615/1615/1615
f 1617/1617/1617 1616/1616/1616 1615/1615/1615
f 1618/1618/1618 1616/1616/1616 1617/1617/1617
f 1619/1619/1619 1618/1618/1618 1617/1617/1617
f 1622/1622/1622 1621/1621/1621 1620/1620/1620
f 1621/1621/1621 1623/1623/1623 1620/1620/1620
f 1620/1620/1620 1623/1623/1623 1624/1624/1624
f 1623/1623/1623 1625/1625/1625 1624/1624/1624
f 1624/1624/1624 1625/1625/1625 1626/1626/1626
f 1625/1625/1625 1627/1627/1627 1626/1626/1626
f 1630/1630/1630 1629/1629/1629 1628/1628/1628
f 1628/1628/1628 1629/1629/1629 1631/1631/1631
f 1632/1632/1632 1630/1630/1630 1628/1628/1628
f 1632/1632/1632 1633/1633/1633 1630/1630/1630
f 1632/1632/1632 1634/1634/1634 1633/1633/1633
f 1635/1635/1635 1628/1628/1628 1631/1631/1631
f 1636/1636/1636 1634/1634/1634 1632/1632/1632
f 1636/1636/1636 1637/1637/1637 1634/1634/1634
f 1637/1637/1637 1636/1636/1636 1638/1638/1638
f 1639/1639/1639 1635/1635/1635 1631/1631/1631
f 1640/1640/1640 1635/1635/1635 1639/1639/1639
f 1640/1640/1640 1641/1641/1641 1635/1635/1635
f 1642/1642/1642 1638/1638/1638 1636/1636/1636
f 1642/1642/1642 1643/1643/1643 1638/1638/1638
f 1642/1642/1642 1644/1644/1644 1643/1643/1643
f 1641/1641/1641 1645/1645/1645 1635/1635/1635
f 1646/1646/1646 1644/1644/1644 1642/1642/1642
f 1647/1647/1647 1645/1645/1645 1641/1641/1641
f 1648/1648/1648 1645/1645/1645 1647/1647/1647
f 1649/1649/1649 1645/1645/1645 1648/1648/1648
f 1646/1646/1646 1650/1650/1650 1644/1644/1644
f 1651/1651/1651 1650/1650/1650 1646/1646/1646
f 1652/1652/1652 1651/1651/1651 1646/1646/1646
f 1649/1649/1649 1653/1653/1653 1645/1645/1645
f 1654/1654/1654 1652/1652/1652 1646/1646/1646
f 1654/1654/1654 1655/1655/1655 1652/1652/1652
f 1656/1656/1656 1655/1655/1655 1654/1654/1654
f 1657/1657/1657 1653/1653/1653 1649/1649/1649
f 1658/1658/1658 1656/1656/1656 1654/1654/1654
f 1659/1659/1659 1653/1653/1653 1657/1657/1657
f 1660/1660/1660 1653/1653/1653 1659/1659/1659
f 1661/1661/1661 1653/1653/1653 1660/1660/1660
f 1662/1662/1662 1656/1656/1656 1658/1658/1658
f 1661/1661/1661 1663/1663/1663 1653/1653/1653
f 1664/1664/1664 1663/1663/1663 1661/1661/1661
f 1665/1665/1665 1663/1663/1663 1664/1664/1664
f 1666/1666/1666 1662/1662/1662 1658/1658/1658
f 1667/1667/1667 1666/1666/1666 1658/1658/1658
f 1668/1668/1668 1667/1667/1667 1658/1658/1658
f 1665/1665/1665 1669/1669/1669 1663/1663/1663
f 1670/1670/1670 1668/1668/1668 1658/1658/1658
f 1671/1671/1671 1669/1669/1669 1665/1665/1665
f 1672/1672/1672 1669/1669/1669 1671/1671/1671
f 1672/1672/1672 1673/1673/1673 1669/1669/1669
f 1670/1670/1670 1674/1674/1674 1668/1668/1668
f 1675/1675/1675 1674/1674/1674 1670/1670/1670
f 1676/1676/1676 1675/1675/1675 1670/1670/1670
f 1673/1673/1673 1677/1677/1677 1669/1669/1669
f 1678/1678/1678 1677/1677/1677 1673/1673/1673
f 1678/1678/1678 1679/1679/1679 1677/1677/1677
f 1670/1670/1670 1680/1680/1680 1676/1676/1676
f 1679/1679/1679 1681/1681/1681 1677/1677/1677
f 1681/1681/1681 1679/1679/1679 1682/1682/1682
f 1682/1682/1682 1683/1683/1683 1681/1681/1681
f 1680/1680/1680 1684/1684/1684 1676/1676/1676
f 1685/1685/1685 1684/1684/1684 1680/1680/1680
f 1686/1686/1686 1685/1685/1685 1680/1680/1680
f 1683/1683/1683 1687/1687/1687 1681/1681/1681
f 1688/1688/1688 1687/1687/1687 1683/1683/1683
f 1688/1688/1688 1689/1689/1689 1687/1687/1687
f 1690/1690/1690 1686/1686/1686 1680/1680/1680
f 1687/1687/1687 1689/1689/1689 1690/1690/1690
f 1691/1691/1691 1686/1686/1686 1690/1690/1690
f 1689/1689/1689 1691/1691/1691 1690/1690/1690
f 1694/1694/1694 1693/1693/1693 1692/1692/1692
f 1693/1693/1693 1695/1695/1695 1692/1692/1692
f 1694/1694/1694 1696/1696/1696 1693/1693/1693
f 1697/1697/1697 1695/1695/1695 1693/1693/1693
f 1698/1698/1698 1696/1696/1696 1694/1694/1694
f 1698/1698/1698 1699/1699/1699 1696/1696/1696
f 1700/1700/1700 1695/1695/1695 1697/1697/1697
f 1701/1701/1701 1700/1700/1700 1697/1697/1697
f 1702/1702/1702 1699/1699/1699 1698/1698/1698
f 1703/1703/1703 1702/1702/1702 1698/1698/1698
f 1704/1704/1704 1700/1700/1700 1701/1701/1701
f 1704/1704/1704 1705/1705/1705 1700/1700/1700
f 1706/1706/1706 1702/1702/1702 1703/1703/1703
f 1706/1706/1706 1707/1707/1707 1702/1702/1702
f 1708/1708/1708 1707/1707/1707 1706/1706/1706
f 1709/1709/1709 1708/1708/1708 1706/1706/1706
f 1710/1710/1710 1705/1705/1705 1704/1704/1704
f 1711/1711/1711 1710/1710/1710 1704/1704/1704
f 1712/1712/1712 1710/1710/1710 1711/1711/1711
f 1712/1712/1712 1713/1713/1713 1710/1710/1710
f 1709/1709/1709 1714/1714/1714 1708/1708/1708
f 1714/1714/1714 1713/1713/1713 1712/1712/1712
f 1715/1715/1715 1714/1714/1714 1709/1709/1709
f 1715/1715/1715 1713/1713/1713 1714/1714/1714
f 1718/1718/1718 1717/1717/1717 1716/1716/1716
f 1719/1719/1719 1717/1717/1717 1718/1718/1718
f 1718/1718/1718 1716/1716/1716 1720/1720/1720
f 1721/1721/1721 1719/1719/1719 1718/1718/1718
f 1720/1720/1720 1716/1716/1716 1722/1722/1722
f 1716/1716/1716 1723/1723/1723 1722/1722/1722
f 1722/1722/1722 1723/1723/1723 1724/1724/1724
f 1722/1722/1722 1724/1724/1724 1725/1725/1725
f 1721/1721/1721 1726/1726/1726 1719/1719/1719
f 1727/1727/1727 1726/1726/1726 1721/1721/1721
f 1727/1727/1727 1728/1728/1728 1726/1726/1726
f 1726/1726/1726 1728/1728/1728 1729/1729/1729
f 1725/1725/1725 1724/1724/1724 1730/1730/1730
f 1725/1725/1725 1730/1730/1730 1731/1731/1731
f 1729/1729/1729 1728/1728/1728 1732/1732/1732
f 1729/1729/1729 1732/1732/1732 1733/1733/1733
f 1733/1733/1733 1732/1732/1732 1734/1734/1734
f 1732/1732/1732 1735/1735/1735 1734/1734/1734
f 1734/1734/1734 1735/1735/1735 1736/1736/1736
f 1730/1730/1730 1737/1737/1737 1731/1731/1731
f 1738/1738/1738 1737/1737/1737 1730/1730/1730
f 1739/1739/1739 1737/1737/1737 1738/1738/1738
f 1735/1735/1735 1740/1740/1740 1736/1736/1736
f 1740/1740/1740 1737/1737/1737 1739/1739/1739
f 1736/1736/1736 1740/1740/1740 1741/1741/1741
f 1742/1742/1742 1740/1740/1740 1739/1739/1739
f 1741/1741/1741 1740/1740/1740 1742/1742/1742
f 1745/1745/1745 1744/1744/1744 1743/1743/1743
f 1743/1743/1743 1744/1744/1744 1746/1746/1746
f 1744/1744/1744 1747/1747/1747 1746/1746/1746
f 1746/1746/1746 1747/1747/1747 1748/1748/1748
f 1749/1749/1749 1744/1744/1744 1745/1745/1745
f 1750/1750/1750 1749/1749/1749 1745/1745/1745
f 1751/1751/1751 1749/1749/1749 1750/1750/1750
f 1747/1747/1747 1752/1752/1752 1748/1748/1748
f 1748/1748/1748 1752/1752/1752 1753/1753/1753
f 1753/1753/1753 1752/1752/1752 1754/1754/1754
f 1752/1752/1752 1755/1755/1755 1754/1754/1754
f 1756/1756/1756 1749/1749/1749 1751/1751/1751
f 1757/1757/1757 1756/1756/1756 1751/1751/1751
f 1758/1758/1758 1756/1756/1756 1757/1757/1757
f 1758/1758/1758 1759/1759/1759 1756/1756/1756
f 1760/1760/1760 1759/1759/1759 1758/1758/1758
f 1760/1760/1760 1761/1761/1761 1759/1759/1759
f 1762/1762/1762 1761/1761/1761 1760/1760/1760
f 1762/1762/1762 1763/1763/1763 1761/1761/1761
f 1764/1764/1764 1763/1763/1763 1762/1762/1762
f 1764/1764/1764 1765/1765/1765 1763/1763/1763
f 1766/1766/1766 1765/1765/1765 1764/1764/1764
f 1766/1766/1766 1767/1767/1767 1765/1765/1765
f 1768/1768/1768 1767/1767/1767 1766/1766/1766
f 1768/1768/1768 1769/1769/1769 1767/1767/1767
f 1755/1755/1755 1769/1769/1769 1768/1768/1768
f 1754/1754/1754 1755/1755/1755 1768/1768/1768
f 1772/1772/1772 1771/1771/1771 1770/1770/1770
f 1773/1773/1773 1771/1771/1771 1772/1772/1772
f 1771/1771/1771 1774/1774/1774 1770/1770/1770
f 1773/1773/1773 1775/1775/1775 1771/1771/1771
f 1770/1770/1770 1774/1774/1774 1776/1776/1776
f 1776/1776/1776 1774/1774/1774 1777/1777/1777
f 1778/1778/1778 1776/1776/1776 1777/1777/1777
f 1778/1778/1778 1779/1779/1779 1776/1776/1776
f 1780/1780/1780 1775/1775/1775 1773/1773/1773
f 1781/1781/1781 1780/1780/1780 1773/1773/1773
f 1782/1782/1782 1780/1780/1780 1781/1781/1781
f 1782/1782/1782 1783/1783/1783 1780/1780/1780
f 1784/1784/1784 1779/1779/1779 1778/1778/1778
f 1784/1784/1784 1785/1785/1785 1779/1779/1779
f 1786/1786/1786 1783/1783/1783 1782/1782/1782
f 1787/1787/1787 1783/1783/1783 1786/1786/1786
f 1787/1787/1787 1786/1786/1786 1788/1788/1788
f 1788/1788/1788 1786/1786/1786 1789/1789/1789
f 1790/1790/1790 1785/1785/1785 1784/1784/1784
f 1791/1791/1791 1790/1790/1790 1784/1784/1784
f 1788/1788/1788 1789/1789/1789 1792/1792/1792
f 1792/1792/1792 1790/1790/1790 1791/1791/1791
f 1789/1789/1789 1793/1793/1793 1792/1792/1792
f 1792/1792/1792 1793/1793/1793 1790/1790/1790
f 1796/1796/1796 1795/1795/1795 1794/1794/1794
f 1797/1797/1797 1795/1795/1795 1796/1796/1796
f 1795/1795/1795 1798/1798/1798 1794/1794/1794
f 1799/1799/1799 1795/1795/1795 1797/1797/1797
f 1800/1800/1800 1799/1799/1799 1797/1797/1797
f 1801/1801/1801 1799/1799/1799 1800/1800/1800
f 1802/1802/1802 1801/1801/1801 1800/1800/1800
f 1803/1803/1803 1801/1801/1801 1802/1802/1802
f 1804/1804/1804 1803/1803/1803 1802/1802/1802
f 1805/1805/1805 1803/1803/1803 1804/1804/1804
f 1806/1806/1806 1805/1805/1805 1804/1804/1804
f 1806/1806/1806 1807/1807/1807 1805/1805/1805
f 1808/1808/1808 1807/1807/1807 1806/1806/1806
f 1808/1808/1808 1809/1809/1809 1807/1807/1807
f 1810/1810/1810 1809/1809/1809 1808/1808/1808
f 1810/1810/1810 1811/1811/1811 1809/1809/1809
f 1812/1812/1812 1811/1811/1811 1810/1810/1810
f 1812/1812/1812 1813/1813/1813 1811/1811/1811
f 1814/1814/1814 1813/1813/1813 1812/1812/1812
f 1814/1814/1814 1815/1815/1815 1813/1813/1813
f 1816/1816/1816 1815/1815/1815 1814/1814/1814
f 1816/1816/1816 1817/1817/1817 1815/1815/1815
f 1798/1798/1798 1817/1817/1817 1816/1816/1816
f 1794/1794/1794 1798/1798/1798 1816/1816/1816
f 1820/1820/1820 1819/1819/1819 1818/1818/1818
f 1818/1818/1818 1819/1819/1819 1821/1821/1821
f 1822/1822/1822 1820/1820/1820 1818/1818/1818
f 1818/1818/1818 1821/1821/1821 1823/1823/1823
f 1824/1824/1824 1820/1820/1820 1822/1822/1822
f 1823/1823/1823 1821/1821/1821 1825/1825/1825
f 1824/1824/1824 1826/1826/1826 1820/1820/1820
f 1821/1821/1821 1827/1827/1827 1825/1825/1825
f 1828/1828/1828 1826/1826/1826 1824/1824/1824
f 1829/1829/1829 1826/1826/1826 1828/1828/1828
f 1829/1829/1829 1828/1828/1828 1830/1830/1830
f 1830/1830/1830 1828/1828/1828 1831/1831/1831
f 1825/1825/1825 1827/1827/1827 1832/1832/1832
f 1832/1832/1832 1827/1827/1827 1833/1833/1833
f 1834/1834/1834 1832/1832/1832 1833/1833/1833
f 1834/1834/1834 1835/1835/1835 1832/1832/1832
f 1830/1830/1830 1831/1831/1831 1836/1836/1836
f 1831/1831/1831 1837/1837/1837 1836/1836/1836
f 1838/1838/1838 1835/1835/1835 1834/1834/1834
f 1838/1838/1838 1839/1839/1839 1835/1835/1835
f 1836/1836/1836 1837/1837/1837 1840/1840/1840
f 1840/1840/1840 1839/1839/1839 1838/1838/1838
f 1836/1836/1836 1840/1840/1840 1841/1841/1841
f 1841/1841/1841 1840/1840/1840 1838/1838/1838
f 1844/1844/1844 1843/1843/1843 1842/1842/1842
f 1842/1842/1842 1843/1843/1843 1845/1845/1845
f 1846/1846/1846 1844/1844/1844 1842/1842/1842
f 1842/1842/1842 1845/1845/1845 1847/1847/1847
f 1848/1848/1848 1844/1844/1844 1846/1846/1846
f 1847/1847/1847 1845/1845/1845 1849/1849/1849
f 1848/1848/1848 1850/1850/1850 1844/1844/1844
f 1845/1845/1845 1851/1851/1851 1849/1849/1849
f 1852/1852/1852 1850/1850/1850 1848/1848/1848
f 1853/1853/1853 1850/1850/1850 1852/1852/1852
f 1853/1853/1853 1852/1852/1852 1854/1854/1854
f 1854/1854/1854 1852/1852/1852 1855/1855/1855
f 1849/1849/1849 1851/1851/1851 1856/1856/1856
f 1856/1856/1856 1851/1851/1851 1857/1857/1857
f 1858/1858/1858 1856/1856/1856 1857/1857/1857
f 1858/1858/1858 1859/1859/1859 1856/1856/1856
f 1854/1854/1854 1855/1855/1855 1860/1860/1860
f 1855/1855/1855 1861/1861/1861 1860/1860/1860
f 1862/1862/1862 1859/1859/1859 1858/1858/1858
f 1862/1862/1862 1863/1863/1863 1859/1859/1859
f 1860/1860/1860 1861/1861/1861 1864/1864/1864
f 1864/1864/1864 1863/1863/1863 1862/1862/1862
f 1860/1860/1860 1864/1864/1864 1865/1865/1865
f 1865/1865/1865 1864/1864/1864 1862/1862/1862
f 1868/1868/1868 1867/1867/1867 1866/1866/1866
f 1869/1869/1869 1867/1867/1867 1868/1868/1868
f 1867/1867/1867 1870/1870/1870 1866/1866/1866
f 1869/1869/1869 1871/1871/1871 1867/1867/1867
f 1866/1866/1866 1870/1870/1870 1872/1872/1872
f 1866/1866/1866 1872/1872/1872 1873/1873/1873
f 1873/1873/1873 1872/1872/1872 1874/1874/1874
f 1872/1872/1872 1875/1875/1875 1874/1874/1874
f 1876/1876/1876 1871/1871/1871 1869/1869/1869
f 1877/1877/1877 1871/1871/1871 1876/1876/1876
f 1877/1877/1877 1876/1876/1876 1878/1878/1878
f 1878/1878/1878 1876/1876/1876 1879/1879/1879
f 1874/1874/1874 1875/1875/1875 1880/1880/1880
f 1880/1880/1880 1875/1875/1875 1881/1881/1881
f 1882/1882/1882 1880/1880/1880 1881/1881/1881
f 1882/1882/1882 1883/1883/1883 1880/1880/1880
f 1878/1878/1878 1879/1879/1879 1884/1884/1884
f 1879/1879/1879 1885/1885/1885 1884/1884/1884
f 1886/1886/1886 1883/1883/1883 1882/1882/1882
f 1886/1886/1886 1887/1887/1887 1883/1883/1883
f 1884/1884/1884 1885/1885/1885 1888/1888/1888
f 1888/1888/1888 1887/1887/1887 1886/1886/1886
f 1884/1884/1884 1888/1888/1888 1889/1889/1889
f 1889/1889/1889 1888/1888/1888 1886/1886/1886
f 1892/1892/1892 1891/1891/1891 1890/1890/1890
f 1892/1892/1892 1890/1890/1890 1893/1893/1893
f 1890/1890/1890 1891/1891/1891 1894/1894/1894
f 1893/1893/1893 1890/1890/1890 1895/1895/1895
f 1894/1894/1894 1891/1891/1891 1896/1896/1896
f 1894/1894/1894 1896/1896/1896 1897/1897/1897
f 1893/1893/1893 1895/1895/1895 1898/1898/1898
f 1895/1895/1895 1899/1899/1899 1898/1898/1898
f 1898/1898/1898 1899/1899/1899 1900/1900/1900
f 1898/1898/1898 1900/1900/1900 1901/1901/1901
f 1901/1901/1901 1900/1900/1900 1902/1902/1902
f 1897/1897/1897 1896/1896/1896 1903/1903/1903
f 1896/1896/1896 1904/1904/1904 1903/1903/1903
f 1901/1901/1901 1902/1902/1902 1905/1905/1905
f 1903/1903/1903 1904/1904/1904 1906/1906/1906
f 1903/1903/1903 1906/1906/1906 1907/1907/1907
f 1907/1907/1907 1906/1906/1906 1908/1908/1908
f 1906/1906/1906 1909/1909/1909 1908/1908/1908
f 1902/1902/1902 1910/1910/1910 1905/1905/1905
f 1905/1905/1905 1910/1910/1910 1911/1911/1911
f 1905/1905/1905 1911/1911/1911 1912/1912/1912
f 1908/1908/1908 1909/1909/1909 1913/1913/1913
f 1913/1913/1913 1909/1909/1909 1914/1914/1914
f 1905/1905/1905 1912/1912/1912 1915/1915/1915
f 1915/1915/1915 1913/1913/1913 1914/1914/1914
f 1912/1912/1912 1916/1916/1916 1915/1915/1915
f 1915/1915/1915 1916/1916/1916 1913/1913/1913
f 1919/1919/1919 1918/1918/1918 1917/1917/1917
f 1917/1917/1917 1918/1918/1918 1920/1920/1920
f 1921/1921/1921 1919/1919/1919 1917/1917/1917
f 1917/1917/1917 1920/1920/1920 1922/1922/1922
f 1923/1923/1923 1919/1919/1919 1921/1921/1921
f 1922/1922/1922 1920/1920/1920 1924/1924/1924
f 1925/1925/1925 1923/1923/1923 1921/1921/1921
f 1922/1922/1922 1924/1924/1924 1926/1926/1926
f 1927/1927/1927 1923/1923/1923 1925/1925/1925
f 1928/1928/1928 1927/1927/1927 1925/1925/1925
f 1929/1929/1929 1927/1927/1927 1928/1928/1928
f 1930/1930/1930 1927/1927/1927 1929/1929/1929
f 1931/1931/1931 1930/1930/1930 1929/1929/1929
f 1932/1932/1932 1930/1930/1930 1931/1931/1931
f 1933/1933/1933 1932/1932/1932 1931/1931/1931
f 1934/1934/1934 1932/1932/1932 1933/1933/1933
f 1935/1935/1935 1934/1934/1934 1933/1933/1933
f 1935/1935/1935 1936/1936/1936 1934/1934/1934
f 1937/1937/1937 1936/1936/1936 1935/1935/1935
f 1926/1926/1926 1924/1924/1924 1938/1938/1938
f 1926/1926/1926 1938/1938/1938 1939/1939/1939
f 1939/1939/1939 1938/1938/1938 1940/1940/1940
f 1937/1937/1937 1941/1941/1941 1936/1936/1936
f 1940/1940/1940 1938/1938/1938 1941/1941/1941
f 1942/1942/1942 1941/1941/1941 1937/1937/1937
f 1940/1940/1940 1941/1941/1941 1943/1943/1943
f 1943/1943/1943 1941/1941/1941 1942/1942/1942
f 1946/1946/1946 1945/1945/1945 1944/1944/1944
f 1946/1946/1946 1944/1944/1944 1947/1947/1947
f 1948/1948/1948 1945/1945/1945 1946/1946/1946
f 1949/1949/1949 1946/1946/1946 1947/1947/1947
f 1948/1948/1948 1950/1950/1950 1945/1945/1945
f 1949/1949/1949 1947/1947/1947 1951/1951/1951
f 1952/1952/1952 1950/1950/1950 1948/1948/1948
f 1953/1953/1953 1949/1949/1949 1951/1951/1951
f 1952/1952/1952 1954/1954/1954 1950/1950/1950
f 1953/1953/1953 1951/1951/1951 1955/1955/1955
f 1956/1956/1956 1954/1954/1954 1952/1952/1952
f 1957/1957/1957 1953/1953/1953 1955/1955/1955
f 1956/1956/1956 1958/1958/1958 1954/1954/1954
f 1959/1959/1959 1957/1957/1957 1955/1955/1955
f 1960/1960/1960 1958/1958/1958 1956/1956/1956
f 1961/1961/1961 1957/1957/1957 1959/1959/1959
f 1962/1962/1962 1958/1958/1958 1960/1960/1960
f 1963/1963/1963 1961/1961/1961 1959/1959/1959
f 1964/1964/1964 1962/1962/1962 1960/1960/1960
f 1965/1965/1965 1961/1961/1961 1963/1963/1963
f 1966/1966/1966 1962/1962/1962 1964/1964/1964
f 1967/1967/1967 1965/1965/1965 1963/1963/1963
f 1968/1968/1968 1966/1966/1966 1964/1964/1964
f 1969/1969/1969 1965/1965/1965 1967/1967/1967
f 1970/1970/1970 1966/1966/1966 1968/1968/1968
f 1971/1971/1971 1969/1969/1969 1967/1967/1967
f 1972/1972/1972 1970/1970/1970 1968/1968/1968
f 1971/1971/1971 1973/1973/1973 1969/1969/1969
f 1974/1974/1974 1970/1970/1970 1972/1972/1972
f 1975/1975/1975 1973/1973/1973 1971/1971/1971
f 1974/1974/1974 1972/1972/1972 1976/1976/1976
f 1975/1975/1975 1977/1977/1977 1973/1973/1973
f 1978/1978/1978 1974/1974/1974 1976/1976/1976
f 1979/1979/1979 1977/1977/1977 1975/1975/1975
f 1978/1978/1978 1976/1976/1976 1980/1980/1980
f 1979/1979/1979 1980/1980/1980 1977/1977/1977
f 1981/1981/1981 1978/1978/1978 1980/1980/1980
f 1981/1981/1981 1980/1980/1980 1979/1979/1979
f 1984/1984/1984 1983/1983/1983 1982/1982/1982
f 1985/1985/1985 1983/1983/1983 1984/1984/1984
f 1982/1982/1982 1983/1983/1983 1986/1986/1986
f 1985/1985/1985 1987/1987/1987 1983/1983/1983
f 1982/1982/1982 1986/1986/1986 1988/1988/1988
f 1989/1989/1989 1987/1987/1987 1985/1985/1985
f 1982/1982/1982 1988/1988/1988 1990/1990/1990
f 1989/1989/1989 1991/1991/1991 1987/1987/1987
f 1990/1990/1990 1988/1988/1988 1992/1992/1992
f 1993/1993/1993 1991/1991/1991 1989/1989/1989
f 1990/1990/1990 1992/1992/1992 1994/1994/1994
f 1993/1993/1993 1995/1995/1995 1991/1991/1991
f 1994/1994/1994 1992/1992/1992 1996/1996/1996
f 1997/1997/1997 1995/1995/1995 1993/1993/1993
f 1994/1994/1994 1996/1996/1996 1998/1998/1998
f 1997/1997/1997 1999/1999/1999 1995/1995/1995
f 1998/1998/1998 1996/1996/1996 2000/2000/2000
f 2001/2001/2001 1999/1999/1999 1997/1997/1997
f 1998/1998/1998 2000/2000/2000 2002/2002/2002
f 2001/2001/2001 2003/2003/2003 1999/1999/1999
f 2002/2002/2002 2000/2000/2000 2004/2004/2004
f 2005/2005/2005 2003/2003/2003 2001/2001/2001
f 2002/2002/2002 2004/2004/2004 2006/2006/2006
f 2005/2005/2005 2007/2007/2007 2003/2003/2003
f 2006/2006/2006 2004/2004/2004 2008/2008/2008
f 2009/2009/2009 2007/2007/2007 2005/2005/2005
f 2006/2006/2006 2008/2008/2008 2010/2010/2010
f 2009/2009/2009 2011/2011/2011 2007/2007/2007
f 2010/2010/2010 2008/2008/2008 2012/2012/2012
f 2010/2010/2010 2012/2012/2012 2013/2013/2013
f 2013/2013/2013 2012/2012/2012 2014/2014/2014
f 2013/2013/2013 2014/2014/2014 2015/2015/2015
f 2015/2015/2015 2014/2014/2014 2016/2016/2016
f 2015/2015/2015 2016/2016/2016 2017/2017/2017
f 2018/2018/2018 2011/2011/2011 2009/2009/2009
f 2018/2018/2018 2019/2019/2019 2011/2011/2011
f 2018/2018/2018 2020/2020/2020 2019/2019/2019
f 2021/2021/2021 2020/2020/2020 2018/2018/2018
f 2021/2021/2021 2022/2022/2022 2020/2020/2020
f 2023/2023/2023 2022/2022/2022 2021/2021/2021
f 2023/2023/2023 2024/2024/2024 2022/2022/2022
f 2025/2025/2025 2024/2024/2024 2023/2023/2023
f 2025/2025/2025 2026/2026/2026 2024/2024/2024
f 2027/2027/2027 2026/2026/2026 2025/2025/2025
f 2017/2017/2017 2016/2016/2016 2028/2028/2028
f 2027/2027/2027 2028/2028/2028 2026/2026/2026
f 2017/2017/2017 2028/2028/2028 2029/2029/2029
f 2029/2029/2029 2028/2028/2028 2027/2027/2027
f 2032/2032/2032 2031/2031/2031 2030/2030/2030
f 2030/2030/2030 2031/2031/2031 2033/2033/2033
f 2032/2032/2032 2034/2034/2034 2031/2031/2031
f 2031/2031/2031 2035/2035/2035 2033/2033/2033
f 2036/2036/2036 2034/2034/2034 2032/2032/2032
f 2033/2033/2033 2035/2035/2035 2037/2037/2037
f 2038/2038/2038 2036/2036/2036 2032/2032/2032
f 2035/2035/2035 2039/2039/2039 2037/2037/2037
f 2040/2040/2040 2036/2036/2036 2038/2038/2038
f 2037/2037/2037 2039/2039/2039 2041/2041/2041
f 2042/2042/2042 2040/2040/2040 2038/2038/2038
f 2039/2039/2039 2043/2043/2043 2041/2041/2041
f 2044/2044/2044 2040/2040/2040 2042/2042/2042
f 2041/2041/2041 2043/2043/2043 2045/2045/2045
f 2046/2046/2046 2044/2044/2044 2042/2042/2042
f 2043/2043/2043 2047/2047/2047 2045/2045/2045
f 2048/2048/2048 2044/2044/2044 2046/2046/2046
f 2045/2045/2045 2047/2047/2047 2049/2049/2049
f 2050/2050/2050 2048/2048/2048 2046/2046/2046
f 2047/2047/2047 2051/2051/2051 2049/2049/2049
f 2052/2052/2052 2048/2048/2048 2050/2050/2050
f 2049/2049/2049 2051/2051/2051 2053/2053/2053
f 2054/2054/2054 2052/2052/2052 2050/2050/2050
f 2051/2051/2051 2055/2055/2055 2053/2053/2053
f 2056/2056/2056 2052/2052/2052 2054/2054/2054
f 2053/2053/2053 2055/2055/2055 2057/2057/2057
f 2058/2058/2058 2056/2056/2056 2054/2054/2054
f 2055/2055/2055 2059/2059/2059 2057/2057/2057
f 2060/2060/2060 2056/2056/2056 2058/2058/2058
f 2061/2061/2061 2060/2060/2060 2058/2058/2058
f 2057/2057/2057 2059/2059/2059 2062/2062/2062
f 2059/2059/2059 2063/2063/2063 2062/2062/2062
f 2064/2064/2064 2060/2060/2060 2061/2061/2061
f 2062/2062/2062 2063/2063/2063 2064/2064/2064
f 2065/2065/2065 2064/2064/2064 2061/2061/2061
f 2062/2062/2062 2064/2064/2064 2065/2065/2065
f 2068/2068/2068 2067/2067/2067 2066/2066/2066
f 2068/2068/2068 2069/2069/2069 2067/2067/2067
f 2066/2066/2066 2067/2067/2067 2070/2070/2070
f 2067/2067/2067 2069/2069/2069 2071/2071/2071
f 2066/2066/2066 2070/2070/2070 2072/2072/2072
f 2070/2070/2070 2073/2073/2073 2072/2072/2072
f 2071/2071/2071 2069/2069/2069 2074/2074/2074
f 2071/2071/2071 2074/2074/2074 2075/2075/2075
f 2072/2072/2072 2073/2073/2073 2076/2076/2076
f 2072/2072/2072 2076/2076/2076 2077/2077/2077
f 2075/2075/2075 2074/2074/2074 2078/2078/2078
f 2074/2074/2074 2079/2079/2079 2078/2078/2078
f 2077/2077/2077 2076/2076/2076 2080/2080/2080
f 2076/2076/2076 2081/2081/2081 2080/2080/2080
f 2080/2080/2080 2081/2081/2081 2082/2082/2082
f 2080/2080/2080 2082/2082/2082 2083/2083/2083
f 2078/2078/2078 2079/2079/2079 2084/2084/2084
f 2078/2078/2078 2084/2084/2084 2085/2085/2085
f 2085/2085/2085 2084/2084/2084 2086/2086/2086
f 2084/2084/2084 2087/2087/2087 2086/2086/2086
f 2083/2083/2083 2082/2082/2082 2088/2088/2088
f 2086/2086/2086 2087/2087/2087 2088/2088/2088
f 2083/2083/2083 2088/2088/2088 2089/2089/2089
f 2088/2088/2088 2087/2087/2087 2089/2089/2089
f 2092/2092/2092 2091/2091/2091 2090/2090/2090
f 2090/2090/2090 2091/2091/2091 2093/2093/2093
f 2094/2094/2094 2092/2092/2092 2090/2090/2090
f 2090/2090/2090 2093/2093/2093 2095/2095/2095
f 2095/2095/2095 2093/2093/2093 2096/2096/2096
f 2095/2095/2095 2096/2096/2096 2097/2097/2097
f 2097/2097/2097 2096/2096/2096 2098/2098/2098
f 2097/2097/2097 2098/2098/2098 2099/2099/2099
f 2099/2099/2099 2098/2098/2098 2100/2100/2100
f 2099/2099/2099 2100/2100/2100 2101/2101/2101
f 2101/2101/2101 2100/2100/2100 2102/2102/2102
f 2101/2101/2101 2102/2102/2102 2103/2103/2103
f 2103/2103/2103 2102/2102/2102 2104/2104/2104
f 2103/2103/2103 2104/2104/2104 2105/2105/2105
f 2104/2104/2104 2106/2106/2106 2105/2105/2105
f 2105/2105/2105 2106/2106/2106 2107/2107/2107
f 2106/2106/2106 2108/2108/2108 2107/2107/2107
f 2107/2107/2107 2108/2108/2108 2109/2109/2109
f 2108/2108/2108 2110/2110/2110 2109/2109/2109
f 2109/2109/2109 2110/2110/2110 2111/2111/2111
f 2110/2110/2110 2112/2112/2112 2111/2111/2111
f 2111/2111/2111 2112/2112/2112 2113/2113/2113
f 2113/2113/2113 2112/2112/2112 2094/2094/2094
f 2112/2112/2112 2092/2092/2092 2094/2094/2094
f 2116/2116/2116 2115/2115/2115 2114/2114/2114
f 2117/2117/2117 2115/2115/2115 2116/2116/2116
f 2117/2117/2117 2118/2118/2118 2115/2115/2115
f 2119/2119/2119 2118/2118/2118 2117/2117/2117
f 2119/2119/2119 2120/2120/2120 2118/2118/2118
f 2114/2114/2114 2115/2115/2115 2121/2121/2121
f 2122/2122/2122 2120/2120/2120 2119/2119/2119
f 2122/2122/2122 2123/2123/2123 2120/2120/2120
f 2124/2124/2124 2123/2123/2123 2122/2122/2122
f 2125/2125/2125 2124/2124/2124 2122/2122/2122
f 2114/2114/2114 2121/2121/2121 2126/2126/2126
f 2126/2126/2126 2121/2121/2121 2127/2127/2127
f 2127/2127/2127 2121/2121/2121 2128/2128/2128
f 2128/2128/2128 2121/2121/2121 2129/2129/2129
f 2128/2128/2128 2129/2129/2129 2130/2130/2130
f 2130/2130/2130 2129/2129/2129 2131/2131/2131
f 2130/2130/2130 2131/2131/2131 2132/2132/2132
f 2131/2131/2131 2133/2133/2133 2132/2132/2132
f 2132/2132/2132 2133/2133/2133 2134/2134/2134
f 2133/2133/2133 2135/2135/2135 2134/2134/2134
f 2134/2134/2134 2135/2135/2135 2136/2136/2136
f 2135/2135/2135 2137/2137/2137 2136/2136/2136
f 2136/2136/2136 2137/2137/2137 2138/2138/2138
f 2137/2137/2137 2139/2139/2139 2138/2138/2138
f 2138/2138/2138 2139/2139/2139 2140/2140/2140
f 2140/2140/2140 2139/2139/2139 2125/2125/2125
f 2139/2139/2139 2124/2124/2124 2125/2125/2125
f 2143/2143/2143 2142/2142/2142 2141/2141/2141
f 2144/2144/2144 2142/2142/2142 2143/2143/2143
f 2145/2145/2145 2144/2144/2144 2143/2143/2143
f 2143/2143/2143 2141/2141/2141 2146/2146/2146
f 2141/2141/2141 2147/2147/2147 2146/2146/2146
f 2144/2144/2144 2145/2145/2145 2148/2148/2148
f 2144/2144/2144 2148/2148/2148 2149/2149/2149
f 2149/2149/2149 2148/2148/2148 2150/2150/2150
f 2146/2146/2146 2147/2147/2147 2151/2151/2151
f 2146/2146/2146 2151/2151/2151 2152/2152/2152
f 2150/2150/2150 2148/2148/2148 2153/2153/2153
f 2150/2150/2150 2153/2153/2153 2154/2154/2154
f 2152/2152/2152 2151/2151/2151 2155/2155/2155
f 2151/2151/2151 2156/2156/2156 2155/2155/2155
f 2155/2155/2155 2156/2156/2156 2157/2157/2157
f 2155/2155/2155 2157/2157/2157 2158/2158/2158
f 2154/2154/2154 2153/2153/2153 2159/2159/2159
f 2153/2153/2153 2160/2160/2160 2159/2159/2159
f 2158/2158/2158 2157/2157/2157 2161/2161/2161
f 2158/2158/2158 2161/2161/2161 2162/2162/2162
f 2161/2161/2161 2163/2163/2163 2162/2162/2162
f 2164/2164/2164 2163/2163/2163 2161/2161/2161
f 2159/2159/2159 2160/2160/2160 2165/2165/2165
f 2165/2165/2165 2163/2163/2163 2164/2164/2164
f 2159/2159/2159 2165/2165/2165 2166/2166/2166
f 2166/2166/2166 2165/2165/2165 2164/2164/2164
f 2169/2169/2169 2168/2168/2168 2167/2167/2167
f 2169/2169/2169 2170/2170/2170 2168/2168/2168
f 2167/2167/2167 2168/2168/2168 2171/2171/2171
f 2168/2168/2168 2170/2170/2170 2172/2172/2172
f 2167/2167/2167 2171/2171/2171 2173/2173/2173
f 2171/2171/2171 2174/2174/2174 2173/2173/2173
f 2172/2172/2172 2170/2170/2170 2175/2175/2175
f 2172/2172/2172 2175/2175/2175 2176/2176/2176
f 2173/2173/2173 2174/2174/2174 2177/2177/2177
f 2173/2173/2173 2177/2177/2177 2178/2178/2178
f 2176/2176/2176 2175/2175/2175 2179/2179/2179
f 2175/2175/2175 2180/2180/2180 2179/2179/2179
f 2178/2178/2178 2177/2177/2177 2181/2181/2181
f 2177/2177/2177 2182/2182/2182 2181/2181/2181
f 2181/2181/2181 2182/2182/2182 2183/2183/2183
f 2181/2181/2181 2183/2183/2183 2184/2184/2184
f 2179/2179/2179 2180/2180/2180 2185/2185/2185
f 2179/2179/2179 2185/2185/2185 2186/2186/2186
f 2186/2186/2186 2185/2185/2185 2187/2187/2187
f 2185/2185/2185 2188/2188/2188 2187/2187/2187
f 2184/2184/2184 2183/2183/2183 2189/2189/2189
f 2187/2187/2187 2188/2188/2188 2189/2189/2189
f 2184/2184/2184 2189/2189/2189 2190/2190/2190
f 2189/2189/2189 2188/2188/2188 2190/2190/2190
f 2193/2193/2193 2192/2192/2192 2191/2191/2191
f 2194/2194/2194 2192/2192/2192 2193/2193/2193
f 2192/2192/2192 2195/2195/2195 2191/2191/2191
f 2196/2196/2196 2192/2192/2192 2194/2194/2194
f 2197/2197/2197 2196/2196/2196 2194/2194/2194
f 2198/2198/2198 2196/2196/2196 2197/2197/2197
f 2199/2199/2199 2198/2198/2198 2197/2197/2197
f 2200/2200/2200 2198/2198/2198 2199/2199/2199
f 2201/2201/2201 2200/2200/2200 2199/2199/2199
f 2202/2202/2202 2200/2200/2200 2201/2201/2201
f 2203/2203/2203 2202/2202/2202 2201/2201/2201
f 2203/2203/2203 2204/2204/2204 2202/2202/2202
f 2205/2205/2205 2204/2204/2204 2203/2203/2203
f 2205/2205/2205 2206/2206/2206 2204/2204/2204
f 2207/2207/2207 2206/2206/2206 2205/2205/2205
f 2207/2207/2207 2208/2208/2208 2206/2206/2206
f 2209/2209/2209 2208/2208/2208 2207/2207/2207
f 2209/2209/2209 2210/2210/2210 2208/2208/2208
f 2211/2211/2211 2210/2210/2210 2209/2209/2209
f 2211/2211/2211 2212/2212/2212 2210/2210/2210
f 2213/2213/2213 2212/2212/2212 2211/2211/2211
f 2213/2213/2213 2214/2214/2214 2212/2212/2212
f 2195/2195/2195 2214/2214/2214 2213/2213/2213
f 2191/2191/2191 2195/2195/2195 2213/2213/2213
f 2217/2217/2217 2216/2216/2216 2215/2215/2215
f 2217/2217/2217 2218/2218/2218 2216/2216/2216
f 2215/2215/2215 2216/2216/2216 2219/2219/2219
f 2216/2216/2216 2218/2218/2218 2220/2220/2220
f 2215/2215/2215 2219/2219/2219 2221/2221/2221
f 2219/2219/2219 2222/2222/2222 2221/2221/2221
f 2221/2221/2221 2222/2222/2222 2223/2223/2223
f 2221/2221/2221 2223/2223/2223 2224/2224/2224
f 2224/2224/2224 2223/2223/2223 2225/2225/2225
f 2220/2220/2220 2218/2218/2218 2226/2226/2226
f 2220/2220/2220 2226/2226/2226 2227/2227/2227
f 2224/2224/2224 2225/2225/2225 2228/2228/2228
f 2227/2227/2227 2226/2226/2226 2229/2229/2229
f 2226/2226/2226 2230/2230/2230 2229/2229/2229
f 2225/2225/2225 2231/2231/2231 2228/2228/2228
f 2228/2228/2228 2231/2231/2231 2232/2232/2232
f 2228/2228/2228 2232/2232/2232 2233/2233/2233
f 2229/2229/2229 2230/2230/2230 2234/2234/2234
f 2229/2229/2229 2234/2234/2234 2235/2235/2235
f 2235/2235/2235 2234/2234/2234 2236/2236/2236
f 2234/2234/2234 2237/2237/2237 2236/2236/2236
f 2228/2228/2228 2233/2233/2233 2238/2238/2238
f 2233/2233/2233 2239/2239/2239 2238/2238/2238
f 2236/2236/2236 2237/2237/2237 2240/2240/2240
f 2238/2238/2238 2239/2239/2239 2240/2240/2240
f 2240/2240/2240 2237/2237/2237 2241/2241/2241
f 2238/2238/2238 2240/2240/2240 2241/2241/2241
f 2244/2244/2244 2243/2243/2243 2242/2242/2242
f 2245/2245/2245 2243/2243/2243 2244/2244/2244
f 2242/2242/2242 2243/2243/2243 2246/2246/2246
f 2247/2247/2247 2242/2242/2242 2246/2246/2246
f 2247/2247/2247 2248/2248/2248 2242/2242/2242
f 2249/2249/2249 2243/2243/2243 2245/2245/2245
f 2250/2250/2250 2248/2248/2248 2247/2247/2247
f 2250/2250/2250 2251/2251/2251 2248/2248/2248
f 2252/2252/2252 2249/2249/2249 2245/2245/2245
f 2253/2253/2253 2249/2249/2249 2252/2252/2252
f 2254/2254/2254 2249/2249/2249 2253/2253/2253
f 2255/2255/2255 2249/2249/2249 2254/2254/2254
f 2256/2256/2256 2255/2255/2255 2254/2254/2254
f 2257/2257/2257 2251/2251/2251 2250/2250/2250
f 2258/2258/2258 2257/2257/2257 2250/2250/2250
f 2259/2259/2259 2255/2255/2255 2256/2256/2256
f 2260/2260/2260 2259/2259/2259 2256/2256/2256
f 2261/2261/2261 2259/2259/2259 2260/2260/2260
f 2261/2261/2261 2262/2262/2262 2259/2259/2259
f 2263/2263/2263 2257/2257/2257 2258/2258/2258
f 2263/2263/2263 2264/2264/2264 2257/2257/2257
f 2265/2265/2265 2264/2264/2264 2263/2263/2263
f 2266/2266/2266 2265/2265/2265 2263/2263/2263
f 2267/2267/2267 2262/2262/2262 2261/2261/2261
f 2266/2266/2266 2267/2267/2267 2265/2265/2265
f 2268/2268/2268 2262/2262/2262 2267/2267/2267
f 2268/2268/2268 2267/2267/2267 2266/2266/2266
f 2271/2271/2271 2270/2270/2270 2269/2269/2269
f 2270/2270/2270 2272/2272/2272 2269/2269/2269
f 2271/2271/2271 2273/2273/2273 2270/2270/2270
f 2274/2274/2274 2272/2272/2272 2270/2270/2270
f 2275/2275/2275 2273/2273/2273 2271/2271/2271
f 2275/2275/2275 2276/2276/2276 2273/2273/2273
f 2277/2277/2277 2272/2272/2272 2274/2274/2274
f 2278/2278/2278 2277/2277/2277 2274/2274/2274
f 2279/2279/2279 2276/2276/2276 2275/2275/2275
f 2280/2280/2280 2279/2279/2279 2275/2275/2275
f 2281/2281/2281 2277/2277/2277 2278/2278/2278
f 2281/2281/2281 2282/2282/2282 2277/2277/2277
f 2283/2283/2283 2279/2279/2279 2280/2280/2280
f 2283/2283/2283 2284/2284/2284 2279/2279/2279
f 2285/2285/2285 2284/2284/2284 2283/2283/2283
f 2286/2286/2286 2285/2285/2285 2283/2283/2283
f 2287/2287/2287 2282/2282/2282 2281/2281/2281
f 2288/2288/2288 2287/2287/2287 2281/2281/2281
f 2289/2289/2289 2287/2287/2287 2288/2288/2288
f 2289/2289/2289 2290/2290/2290 2287/2287/2287
f 2286/2286/2286 2291/2291/2291 2285/2285/2285
f 2291/2291/2291 2290/2290/2290 2289/2289/2289
f 2292/2292/2292 2291/2291/2291 2286/2286/2286
f 2292/2292/2292 2290/2290/2290 2291/2291/2291
f 2295/2295/2295 2294/2294/2294 2293/2293/2293
f 2296/2296/2296 2294/2294/2294 2295/2295/2295
f 2294/2294/2294 2297/2297/2297 2293/2293/2293
f 2298/2298/2298 2294/2294/2294 2296/2296/2296
f 2293/2293/2293 2297/2297/2297 2299/2299/2299
f 2300/2300/2300 2298/2298/2298 2296/2296/2296
f 2297/2297/2297 2301/2301/2301 2299/2299/2299
f 2302/2302/2302 2298/2298/2298 2300/2300/2300
f 2303/2303/2303 2302/2302/2302 2300/2300/2300
f 2304/2304/2304 2302/2302/2302 2303/2303/2303
f 2305/2305/2305 2304/2304/2304 2303/2303/2303
f 2305/2305/2305 2306/2306/2306 2304/2304/2304
f 2307/2307/2307 2306/2306/2306 2305/2305/2305
f 2307/2307/2307 2308/2308/2308 2306/2306/2306
f 2309/2309/2309 2308/2308/2308 2307/2307/2307
f 2309/2309/2309 2310/2310/2310 2308/2308/2308
f 2311/2311/2311 2310/2310/2310 2309/2309/2309
f 2311/2311/2311 2312/2312/2312 2310/2310/2310
f 2313/2313/2313 2312/2312/2312 2311/2311/2311
f 2313/2313/2313 2314/2314/2314 2312/2312/2312
f 2315/2315/2315 2314/2314/2314 2313/2313/2313
f 2315/2315/2315 2316/2316/2316 2314/2314/2314
f 2301/2301/2301 2316/2316/2316 2315/2315/2315
f 2299/2299/2299 2301/2301/2301 2315/2315/2315
f 2319/2319/2319 2318/2318/2318 2317/2317/2317
f 2320/2320/2320 2318/2318/2318 2319/2319/2319
f 2318/2318/2318 2321/2321/2321 2317/2317/2317
f 2317/2317/2317 2321/2321/2321 2322/2322/2322
f 2322/2322/2322 2321/2321/2321 2323/2323/2323
f 2321/2321/2321 2324/2324/2324 2323/2323/2323
f 2323/2323/2323 2324/2324/2324 2325/2325/2325
f 2326/2326/2326 2318/2318/2318 2320/2320/2320
f 2327/2327/2327 2326/2326/2326 2320/2320/2320
f 2328/2328/2328 2326/2326/2326 2327/2327/2327
f 2328/2328/2328 2329/2329/2329 2326/2326/2326
f 2330/2330/2330 2329/2329/2329 2328/2328/2328
f 2330/2330/2330 2331/2331/2331 2329/2329/2329
f 2332/2332/2332 2331/2331/2331 2330/2330/2330
f 2332/2332/2332 2333/2333/2333 2331/2331/2331
f 2334/2334/2334 2333/2333/2333 2332/2332/2332
f 2334/2334/2334 2335/2335/2335 2333/2333/2333
f 2336/2336/2336 2335/2335/2335 2334/2334/2334
f 2336/2336/2336 2337/2337/2337 2335/2335/2335
f 2338/2338/2338 2337/2337/2337 2336/2336/2336
f 2338/2338/2338 2339/2339/2339 2337/2337/2337
f 2340/2340/2340 2339/2339/2339 2338/2338/2338
f 2341/2341/2341 2340/2340/2340 2338/2338/2338
f 2342/2342/2342 2340/2340/2340 2341/2341/2341
f 2343/2343/2343 2342/2342/2342 2341/2341/2341
f 2325/2325/2325 2342/2342/2342 2343/2343/2343
f 2324/2324/2324 2342/2342/2342 2325/2325/2325
f 2346/2346/2346 2345/2345/2345 2344/2344/2344
f 2346/2346/2346 2347/2347/2347 2345/2345/2345
f 2344/2344/2344 2345/2345/2345 2348/2348/2348
f 2345/2345/2345 2347/2347/2347 2349/2349/2349
f 2344/2344/2344 2348/2348/2348 2350/2350/2350
f 2348/2348/2348 2351/2351/2351 2350/2350/2350
f 2349/2349/2349 2347/2347/2347 2352/2352/2352
f 2349/2349/2349 2352/2352/2352 2353/2353/2353
f 2350/2350/2350 2351/2351/2351 2354/2354/2354
f 2350/2350/2350 2354/2354/2354 2355/2355/2355
f 2353/2353/2353 2352/2352/2352 2356/2356/2356
f 2352/2352/2352 2357/2357/2357 2356/2356/2356
f 2355/2355/2355 2354/2354/2354 2358/2358/2358
f 2354/2354/2354 2359/2359/2359 2358/2358/2358
f 2358/2358/2358 2359/2359/2359 2360/2360/2360
f 2358/2358/2358 2360/2360/2360 2361/2361/2361
f 2356/2356/2356 2357/2357/2357 2362/2362/2362
f 2356/2356/2356 2362/2362/2362 2363/2363/2363
f 2363/2363/2363 2362/2362/2362 2364/2364/2364
f 2362/2362/2362 2365/2365/2365 2364/2364/2364
f 2361/2361/2361 2360/2360/2360 2366/2366/2366
f 2364/2364/2364 2365/2365/2365 2366/2366/2366
f 2361/2361/2361 2366/2366/2366 2367/2367/2367
f 2366/2366/2366 2365/2365/2365 2367/2367/2367
f 2370/2370/2370 2369/2369/2369 2368/2368/2368
f 2371/2371/2371 2369/2369/2369 2370/2370/2370
f 2370/2370/2370 2368/2368/2368 2372/2372/2372
f 2373/2373/2373 2371/2371/2371 2370/2370/2370
f 2372/2372/2372 2368/2368/2368 2374/2374/2374
f 2368/2368/2368 2375/2375/2375 2374/2374/2374
f 2374/2374/2374 2375/2375/2375 2376/2376/2376
f 2374/2374/2374 2376/2376/2376 2377/2377/2377
f 2373/2373/2373 2378/2378/2378 2371/2371/2371
f 2379/2379/2379 2378/2378/2378 2373/2373/2373
f 2379/2379/2379 2380/2380/2380 2378/2378/2378
f 2378/2378/2378 2380/2380/2380 2381/2381/2381
f 2377/2377/2377 2376/2376/2376 2382/2382/2382
f 2377/2377/2377 2382/2382/2382 2383/2383/2383
f 2382/2382/2382 2384/2384/2384 2383/2383/2383
f 2385/2385/2385 2384/2384/2384 2382/2382/2382
f 2381/2381/2381 2380/2380/2380 2386/2386/2386
f 2381/2381/2381 2386/2386/2386 2387/2387/2387
f 2388/2388/2388 2384/2384/2384 2385/2385/2385
f 2389/2389/2389 2388/2388/2388 2385/2385/2385
f 2387/2387/2387 2386/2386/2386 2390/2390/2390
f 2390/2390/2390 2388/2388/2388 2389/2389/2389
f 2386/2386/2386 2391/2391/2391 2390/2390/2390
f 2390/2390/2390 2391/2391/2391 2388/2388/2388
f 2394/2394/2394 2393/2393/2393 2392/2392/2392
f 2392/2392/2392 2393/2393/2393 2395/2395/2395
f 2396/2396/2396 2393/2393/2393 2394/2394/2394
f 2393/2393/2393 2397/2397/2397 2395/2395/2395
f 2398/2398/2398 2396/2396/2396 2394/2394/2394
f 2399/2399/2399 2396/2396/2396 2398/2398/2398
f 2400/2400/2400 2399/2399/2399 2398/2398/2398
f 2401/2401/2401 2399/2399/2399 2400/2400/2400
f 2402/2402/2402 2401/2401/2401 2400/2400/2400
f 2403/2403/2403 2401/2401/2401 2402/2402/2402
f 2404/2404/2404 2403/2403/2403 2402/2402/2402
f 2404/2404/2404 2405/2405/2405 2403/2403/2403
f 2406/2406/2406 2405/2405/2405 2404/2404/2404
f 2406/2406/2406 2407/2407/2407 2405/2405/2405
f 2408/2408/2408 2407/2407/2407 2406/2406/2406
f 2408/2408/2408 2409/2409/2409 2407/2407/2407
f 2410/2410/2410 2409/2409/2409 2408/2408/2408
f 2410/2410/2410 2411/2411/2411 2409/2409/2409
f 2412/2412/2412 2411/2411/2411 2410/2410/2410
f 2412/2412/2412 2413/2413/2413 2411/2411/2411
f 2414/2414/2414 2413/2413/2413 2412/2412/2412
f 2414/2414/2414 2415/2415/2415 2413/2413/2413
f 2397/2397/2397 2415/2415/2415 2414/2414/2414
f 2395/2395/2395 2397/2397/2397 2414/2414/2414
f 2418/2418/2418 2417/2417/2417 2416/2416/2416
f 2416/2416/2416 2417/2417/2417 2419/2419/2419
f 2418/2418/2418 2420/2420/2420 2417/2417/2417
f 2417/2417/2417 2421/2421/2421 2419/2419/2419
f 2422/2422/2422 2420/2420/2420 2418/2418/2418
f 2419/2419/2419 2421/2421/2421 2423/2423/2423
f 2424/2424/2424 2422/2422/2422 2418/2418/2418
f 2419/2419/2419 2423/2423/2423 2425/2425/2425
f 2424/2424/2424 2426/2426/2426 2422/2422/2422
f 2427/2427/2427 2426/2426/2426 2424/2424/2424
f 2427/2427/2427 2428/2428/2428 2426/2426/2426
f 2426/2426/2426 2428/2428/2428 2429/2429/2429
f 2425/2425/2425 2423/2423/2423 2430/2430/2430
f 2425/2425/2425 2430/2430/2430 2431/2431/2431
f 2430/2430/2430 2432/2432/2432 2431/2431/2431
f 2433/2433/2433 2432/2432/2432 2430/2430/2430
f 2429/2429/2429 2428/2428/2428 2434/2434/2434
f 2429/2429/2429 2434/2434/2434 2435/2435/2435
f 2436/2436/2436 2432/2432/2432 2433/2433/2433
f 2437/2437/2437 2436/2436/2436 2433/2433/2433
f 2435/2435/2435 2434/2434/2434 2438/2438/2438
f 2438/2438/2438 2436/2436/2436 2437/2437/2437
f 2434/2434/2434 2439/2439/2439 2438/2438/2438
f 2438/2438/2438 2439/2439/2439 2436/2436/2436
f 2442/2442/2442 2441/2441/2441 2440/2440/2440
f 2441/2441/2441 2443/2443/2443 2440/2440/2440
f 2442/2442/2442 2444/2444/2444 2441/2441/2441
f 2445/2445/2445 2443/2443/2443 2441/2441/2441
f 2446/2446/2446 2444/2444/2444 2442/2442/2442
f 2446/2446/2446 2447/2447/2447 2444/2444/2444
f 2448/2448/2448 2443/2443/2443 2445/2445/2445
f 2449/2449/2449 2448/2448/2448 2445/2445/2445
f 2450/2450/2450 2447/2447/2447 2446/2446/2446
f 2451/2451/2451 2450/2450/2450 2446/2446/2446
f 2452/2452/2452 2448/2448/2448 2449/2449/2449
f 2452/2452/2452 2453/2453/2453 2448/2448/2448
f 2454/2454/2454 2450/2450/2450 2451/2451/2451
f 2454/2454/2454 2455/2455/2455 2450/2450/2450
f 2456/2456/2456 2455/2455/2455 2454/2454/2454
f 2457/2457/2457 2453/2453/2453 2452/2452/2452
f 2458/2458/2458 2457/2457/2457 2452/2452/2452
f 2459/2459/2459 2457/2457/2457 2458/2458/2458
f 2460/2460/2460 2456/2456/2456 2454/2454/2454
f 2460/2460/2460 2461/2461/2461 2456/2456/2456
f 2459/2459/2459 2462/2462/2462 2457/2457/2457
f 2463/2463/2463 2462/2462/2462 2459/2459/2459
f 2464/2464/2464 2461/2461/2461 2460/2460/2460
f 2464/2464/2464 2462/2462/2462 2463/2463/2463
f 2465/2465/2465 2464/2464/2464 2460/2460/2460
f 2464/2464/2464 2465/2465/2465 2462/2462/2462
f 2468/2468/2468 2467/2467/2467 2466/2466/2466
f 2469/2469/2469 2467/2467/2467 2468/2468/2468
f 2467/2467/2467 2470/2470/2470 2466/2466/2466
f 2471/2471/2471 2467/2467/2467 2469/2469/2469
f 2466/2466/2466 2470/2470/2470 2472/2472/2472
f 2473/2473/2473 2471/2471/2471 2469/2469/2469
f 2470/2470/2470 2474/2474/2474 2472/2472/2472
f 2475/2475/2475 2471/2471/2471 2473/2473/2473
f 2476/2476/2476 2475/2475/2475 2473/2473/2473
f 2477/2477/2477 2475/2475/2475 2476/2476/2476
f 2478/2478/2478 2477/2477/2477 2476/2476/2476
f 2478/2478/2478 2479/2479/2479 2477/2477/2477
f 2480/2480/2480 2479/2479/2479 2478/2478/2478
f 2480/2480/2480 2481/2481/2481 2479/2479/2479
f 2482/2482/2482 2481/2481/2481 2480/2480/2480
f 2482/2482/2482 2483/2483/2483 2481/2481/2481
f 2484/2484/2484 2483/2483/2483 2482/2482/2482
f 2484/2484/2484 2485/2485/2485 2483/2483/2483
f 2486/2486/2486 2485/2485/2485 2484/2484/2484
f 2486/2486/2486 2487/2487/2487 2485/2485/2485
f 2488/2488/2488 2487/2487/2487 2486/2486/2486
f 2488/2488/2488 2489/2489/2489 2487/2487/2487
f 2474/2474/2474 2489/2489/2489 2488/2488/2488
f 2472/2472/2472 2474/2474/2474 2488/2488/2488
f 2492/2492/2492 2491/2491/2491 2490/2490/2490
f 2490/2490/2490 2491/2491/2491 2493/2493/2493
f 2494/2494/2494 2492/2492/2492 2490/2490/2490
f 2490/2490/2490 2493/2493/2493 2495/2495/2495
f 2496/2496/2496 2492/2492/2492 2494/2494/2494
f 2495/2495/2495 2493/2493/2493 2497/2497/2497
f 2498/2498/2498 2496/2496/2496 2494/2494/2494
f 2495/2495/2495 2497/2497/2497 2499/2499/2499
f 2500/2500/2500 2496/2496/2496 2498/2498/2498
f 2501/2501/2501 2500/2500/2500 2498/2498/2498
f 2502/2502/2502 2500/2500/2500 2501/2501/2501
f 2503/2503/2503 2502/2502/2502 2501/2501/2501
f 2504/2504/2504 2502/2502/2502 2503/2503/2503
f 2505/2505/2505 2504/2504/2504 2503/2503/2503
f 2506/2506/2506 2504/2504/2504 2505/2505/2505
f 2507/2507/2507 2506/2506/2506 2505/2505/2505
f 2508/2508/2508 2506/2506/2506 2507/2507/2507
f 2509/2509/2509 2508/2508/2508 2507/2507/2507
f 2510/2510/2510 2508/2508/2508 2509/2509/2509
f 2511/2511/2511 2510/2510/2510 2509/2509/2509
f 2512/2512/2512 2510/2510/2510 2511/2511/2511
f 2513/2513/2513 2512/2512/2512 2511/2511/2511
f 2514/2514/2514 2512/2512/2512 2513/2513/2513
f 2515/2515/2515 2514/2514/2514 2513/2513/2513
f 2516/2516/2516 2514/2514/2514 2515/2515/2515
f 2517/2517/2517 2516/2516/2516 2515/2515/2515
f 2518/2518/2518 2516/2516/2516 2517/2517/2517
f 2519/2519/2519 2518/2518/2518 2517/2517/2517
f 2520/2520/2520 2518/2518/2518 2519/2519/2519
f 2521/2521/2521 2520/2520/2520 2519/2519/2519
f 2522/2522/2522 2520/2520/2520 2521/2521/2521
f 2523/2523/2523 2522/2522/2522 2521/2521/2521
f 2524/2524/2524 2522/2522/2522 2523/2523/2523
f 2525/2525/2525 2524/2524/2524 2523/2523/2523
f 2526/2526/2526 2524/2524/2524 2525/2525/2525
f 2527/2527/2527 2524/2524/2524 2526/2526/2526
f 2528/2528/2528 2527/2527/2527 2526/2526/2526
f 2529/2529/2529 2527/2527/2527 2528/2528/2528
f 2530/2530/2530 2527/2527/2527 2529/2529/2529
f 2531/2531/2531 2530/2530/2530 2529/2529/2529
f 2532/2532/2532 2530/2530/2530 2531/2531/2531
f 2533/2533/2533 2530/2530/2530 2532/2532/2532
f 2499/2499/2499 2530/2530/2530 2533/2533/2533
f 2499/2499/2499 2497/2497/2497 2530/2530/2530
f 2536/2536/2536 2535/2535/2535 2534/2534/2534
f 2537/2537/2537 2535/2535/2535 2536/2536/2536
f 2536/2536/2536 2534/2534/2534 2538/2538/2538
f 2539/2539/2539 2537/2537/2537 2536/2536/2536
f 2538/2538/2538 2534/2534/2534 2540/2540/2540
f 2541/2541/2541 2537/2537/2537 2539/2539/2539
f 2538/2538/2538 2540/2540/2540 2542/2542/2542
f 2543/2543/2543 2541/2541/2541 2539/2539/2539
f 2542/2542/2542 2540/2540/2540 2544/2544/2544
f 2542/2542/2542 2544/2544/2544 2545/2545/2545
f 2545/2545/2545 2544/2544/2544 2546/2546/2546
f 2545/2545/2545 2546/2546/2546 2547/2547/2547
f 2547/2547/2547 2546/2546/2546 2548/2548/2548
f 2547/2547/2547 2548/2548/2548 2549/2549/2549
f 2549/2549/2549 2548/2548/2548 2550/2550/2550
f 2549/2549/2549 2550/2550/2550 2551/2551/2551
f 2550/2550/2550 2552/2552/2552 2551/2551/2551
f 2551/2551/2551 2552/2552/2552 2553/2553/2553
f 2552/2552/2552 2554/2554/2554 2553/2553/2553
f 2553/2553/2553 2554/2554/2554 2555/2555/2555
f 2556/2556/2556 2541/2541/2541 2543/2543/2543
f 2554/2554/2554 2556/2556/2556 2555/2555/2555
f 2557/2557/2557 2556/2556/2556 2543/2543/2543
f 2555/2555/2555 2556/2556/2556 2557/2557/2557
f 2560/2560/2560 2559/2559/2559 2558/2558/2558
f 2561/2561/2561 2559/2559/2559 2560/2560/2560
f 2559/2559/2559 2562/2562/2562 2558/2558/2558
f 2563/2563/2563 2559/2559/2559 2561/2561/2561
f 2564/2564/2564 2563/2563/2563 2561/2561/2561
f 2565/2565/2565 2563/2563/2563 2564/2564/2564
f 2566/2566/2566 2565/2565/2565 2564/2564/2564
f 2567/2567/2567 2565/2565/2565 2566/2566/2566
f 2568/2568/2568 2567/2567/2567 2566/2566/2566
f 2569/2569/2569 2567/2567/2567 2568/2568/2568
f 2570/2570/2570 2569/2569/2569 2568/2568/2568
f 2570/2570/2570 2571/2571/2571 2569/2569/2569
f 2572/2572/2572 2571/2571/2571 2570/2570/2570
f 2572/2572/2572 2573/2573/2573 2571/2571/2571
f 2574/2574/2574 2573/2573/2573 2572/2572/2572
f 2574/2574/2574 2575/2575/2575 2573/2573/2573
f 2576/2576/2576 2575/2575/2575 2574/2574/2574
f 2576/2576/2576 2577/2577/2577 2575/2575/2575
f 2578/2578/2578 2577/2577/2577 2576/2576/2576
f 2578/2578/2578 2579/2579/2579 2577/2577/2577
f 2580/2580/2580 2579/2579/2579 2578/2578/2578
f 2580/2580/2580 2581/2581/2581 2579/2579/2579
f 2562/2562/2562 2581/2581/2581 2580/2580/2580
f 2558/2558/2558 2562/2562/2562 2580/2580/2580
f 2584/2584/2584 2583/2583/2583 2582/2582/2582
f 2585/2585/2585 2583/2583/2583 2584/2584/2584
f 2583/2583/2583 2586/2586/2586 2582/2582/2582
f 2587/2587/2587 2583/2583/2583 2585/2585/2585
f 2582/2582/2582 2586/2586/2586 2588/2588/2588
f 2589/2589/2589 2587/2587/2587 2585/2585/2585
f 2586/2586/2586 2590/2590/2590 2588/2588/2588
f 2591/2591/2591 2587/2587/2587 2589/2589/2589
f 2592/2592/2592 2591/2591/2591 2589/2589/2589
f 2593/2593/2593 2591/2591/2591 2592/2592/2592
f 2594/2594/2594 2593/2593/2593 2592/2592/2592
f 2594/2594/2594 2595/2595/2595 2593/2593/2593
f 2596/2596/2596 2595/2595/2595 2594/2594/2594
f 2596/2596/2596 2597/2597/2597 2595/2595/2595
f 2598/2598/2598 2597/2597/2597 2596/2596/2596
f 2598/2598/2598 2599/2599/2599 2597/2597/2597
f 2600/2600/2600 2599/2599/2599 2598/2598/2598
f 2600/2600/2600 2601/2601/2601 2599/2599/2599
f 2602/2602/2602 2601/2601/2601 2600/2600/2600
f 2602/2602/2602 2603/2603/2603 2601/2601/2601
f 2604/2604/2604 2603/2603/2603 2602/2602/2602
f 2604/2604/2604 2605/2605/2605 2603/2603/2603
f 2590/2590/2590 2605/2605/2605 2604/2604/2604
f 2588/2588/2588 2590/2590/2590 2604/2604/2604
f 2608/2608/2608 2607/2607/2607 2606/2606/2606
f 2606/2606/2606 2607/2607/2607 2609/2609/2609
f 2608/2608/2608 2610/2610/2610 2607/2607/2607
f 2607/2607/2607 2611/2611/2611 2609/2609/2609
f 2612/2612/2612 2610/2610/2610 2608/2608/2608
f 2609/2609/2609 2611/2611/2611 2613/2613/2613
f 2612/2612/2612 2614/2614/2614 2610/2610/2610
f 2611/2611/2611 2615/2615/2615 2613/2613/2613
f 2616/2616/2616 2614/2614/2614 2612/2612/2612
f 2613/2613/2613 2615/2615/2615 2617/2617/2617
f 2616/2616/2616 2618/2618/2618 2614/2614/2614
f 2615/2615/2615 2619/2619/2619 2617/2617/2617
f 2620/2620/2620 2618/2618/2618 2616/2616/2616
f 2617/2617/2617 2619/2619/2619 2621/2621/2621
f 2620/2620/2620 2622/2622/2622 2618/2618/2618
f 2619/2619/2619 2623/2623/2623 2621/2621/2621
f 2624/2624/2624 2622/2622/2622 2620/2620/2620
f 2621/2621/2621 2623/2623/2623 2625/2625/2625
f 2624/2624/2624 2626/2626/2626 2622/2622/2622
f 2623/2623/2623 2627/2627/2627 2625/2625/2625
f 2628/2628/2628 2626/2626/2626 2624/2624/2624
f 2625/2625/2625 2627/2627/2627 2629/2629/2629
f 2628/2628/2628 2630/2630/2630 2626/2626/2626
f 2627/2627/2627 2631/2631/2631 2629/2629/2629
f 2632/2632/2632 2630/2630/2630 2628/2628/2628
f 2629/2629/2629 2631/2631/2631 2633/2633/2633
f 2632/2632/2632 2634/2634/2634 2630/2630/2630
f 2631/2631/2631 2635/2635/2635 2633/2633/2633
f 2633/2633/2633 2635/2635/2635 2636/2636/2636
f 2635/2635/2635 2637/2637/2637 2636/2636/2636
f 2636/2636/2636 2637/2637/2637 2638/2638/2638
f 2637/2637/2637 2639/2639/2639 2638/2638/2638
f 2640/2640/2640 2634/2634/2634 2632/2632/2632
f 2638/2638/2638 2639/2639/2639 2640/2640/2640
f 2640/2640/2640 2641/2641/2641 2634/2634/2634
f 2639/2639/2639 2641/2641/2641 2640/2640/2640
f 2644/2644/2644 2643/2643/2643 2642/2642/2642
f 2645/2645/2645 2643/2643/2643 2644/2644/2644
f 2644/2644/2644 2642/2642/2642 2646/2646/2646
f 2647/2647/2647 2645/2645/2645 2644/2644/2644
f 2642/2642/2642 2648/2648/2648 2646/2646/2646
f 2649/2649/2649 2645/2645/2645 2647/2647/2647
f 2646/2646/2646 2648/2648/2648 2650/2650/2650
f 2648/2648/2648 2651/2651/2651 2650/2650/2650
f 2652/2652/2652 2650/2650/2650 2651/2651/2651
f 2652/2652/2652 2651/2651/2651 2653/2653/2653
f 2654/2654/2654 2652/2652/2652 2653/2653/2653
f 2654/2654/2654 2653/2653/2653 2655/2655/2655
f 2656/2656/2656 2654/2654/2654 2655/2655/2655
f 2657/2657/2657 2656/2656/2656 2655/2655/2655
f 2658/2658/2658 2656/2656/2656 2657/2657/2657
f 2659/2659/2659 2649/2649/2649 2647/2647/2647
f 2659/2659/2659 2660/2660/2660 2649/2649/2649
f 2661/2661/2661 2660/2660/2660 2659/2659/2659
f 2662/2662/2662 2661/2661/2661 2659/2659/2659
f 2663/2663/2663 2661/2661/2661 2662/2662/2662
f 2664/2664/2664 2663/2663/2663 2662/2662/2662
f 2665/2665/2665 2663/2663/2663 2664/2664/2664
f 2666/2666/2666 2665/2665/2665 2664/2664/2664
f 2667/2667/2667 2665/2665/2665 2666/2666/2666
f 2668/2668/2668 2667/2667/2667 2666/2666/2666
f 2669/2669/2669 2667/2667/2667 2668/2668/2668
f 2669/2669/2669 2668/2668/2668 2670/2670/2670
f 2669/2669/2669 2670/2670/2670 2671/2671/2671
f 2671/2671/2671 2670/2670/2670 2672/2672/2672
f 2671/2671/2671 2672/2672/2672 2673/2673/2673
f 2673/2673/2673 2672/2672/2672 2674/2674/2674
f 2673/2673/2673 2674/2674/2674 2675/2675/2675
f 2675/2675/2675 2674/2674/2674 2676/2676/2676
f 2675/2675/2675 2676/2676/2676 2677/2677/2677
f 2677/2677/2677 2676/2676/2676 2678/2678/2678
f 2677/2677/2677 2678/2678/2678 2679/2679/2679
f 2678/2678/2678 2680/2680/2680 2679/2679/2679
f 2679/2679/2679 2680/2680/2680 2681/2681/2681
f 2680/2680/2680 2682/2682/2682 2681/2681/2681
f 2682/2682/2682 2683/2683/2683 2681/2681/2681
f 2681/2681/2681 2683/2683/2683 2658/2658/2658
f 2681/2681/2681 2658/2658/2658 2657/2657/2657
f 2686/2686/2686 2685/2685/2685 2684/2684/2684
f 2686/2686/2686 2687/2687/2687 2685/2685/2685
f 2688/2688/2688 2687/2687/2687 2686/2686/2686
f 2688/2688/2688 2689/2689/2689 2687/2687/2687
f 2690/2690/2690 2689/2689/2689 2688/2688/2688
f 2690/2690/2690 2691/2691/2691 2689/2689/2689
f 2692/2692/2692 2691/2691/2691 2690/2690/2690
f 2693/2693/2693 2691/2691/2691 2692/2692/2692
f 2694/2694/2694 2693/2693/2693 2692/2692/2692
f 2695/2695/2695 2693/2693/2693 2694/2694/2694
f 2696/2696/2696 2695/2695/2695 2694/2694/2694
f 2697/2697/2697 2695/2695/2695 2696/2696/2696
f 2698/2698/2698 2697/2697/2697 2696/2696/2696
f 2699/2699/2699 2697/2697/2697 2698/2698/2698
f 2700/2700/2700 2699/2699/2699 2698/2698/2698
f 2701/2701/2701 2699/2699/2699 2700/2700/2700
f 2702/2702/2702 2701/2701/2701 2700/2700/2700
f 2703/2703/2703 2701/2701/2701 2702/2702/2702
f 2704/2704/2704 2703/2703/2703 2702/2702/2702
f 2705/2705/2705 2703/2703/2703 2704/2704/2704
f 2706/2706/2706 2705/2705/2705 2704/2704/2704
f 2707/2707/2707 2705/2705/2705 2706/2706/2706
f 2708/2708/2708 2707/2707/2707 2706/2706/2706
f 2709/2709/2709 2707/2707/2707 2708/2708/2708
f 2710/2710/2710 2709/2709/2709 2708/2708/2708
f 2711/2711/2711 2709/2709/2709 2710/2710/2710
f 2712/2712/2712 2711/2711/2711 2710/2710/2710
f 2713/2713/2713 2711/2711/2711 2712/2712/2712
f 2714/2714/2714 2713/2713/2713 2712/2712/2712
f 2714/2714/2714 2715/2715/2715 2713/2713/2713
f 2716/2716/2716 2715/2715/2715 2714/2714/2714
f 2716/2716/2716 2717/2717/2717 2715/2715/2715
f 2718/2718/2718 2717/2717/2717 2716/2716/2716
f 2719/2719/2719 2718/2718/2718 2716/2716/2716
f 2720/2720/2720 2718/2718/2718 2719/2719/2719
f 2721/2721/2721 2720/2720/2720 2719/2719/2719
f 2722/2722/2722 2720/2720/2720 2721/2721/2721
f 2723/2723/2723 2722/2722/2722 2721/2721/2721
f 2724/2724/2724 2722/2722/2722 2723/2723/2723
f 2725/2725/2725 2724/2724/2724 2723/2723/2723
f 2726/2726/2726 2724/2724/2724 2725/2725/2725
f 2727/2727/2727 2726/2726/2726 2725/2725/2725
f 2727/2727/2727 2728/2728/2728 2726/2726/2726
f 2684/2684/2684 2728/2728/2728 2727/2727/2727
f 2686/2686/2686 2684/2684/2684 2727/2727/2727
f 2731/2731/2731 2730/2730/2730 2729/2729/2729
f 2732/2732/2732 2730/2730/2730 2731/2731/2731
f 2731/2731/2731 2729/2729/2729 2733/2733/2733
f 2734/2734/2734 2732/2732/2732 2731/2731/2731
f 2733/2733/2733 2729/2729/2729 2735/2735/2735
f 2729/2729/2729 2736/2736/2736 2735/2735/2735
f 2735/2735/2735 2736/2736/2736 2737/2737/2737
f 2735/2735/2735 2737/2737/2737 2738/2738/2738
f 2734/2734/2734 2739/2739/2739 2732/2732/2732
f 2740/2740/2740 2739/2739/2739 2734/2734/2734
f 2740/2740/2740 2741/2741/2741 2739/2739/2739
f 2739/2739/2739 2741/2741/2741 2742/2742/2742
f 2738/2738/2738 2737/2737/2737 2743/2743/2743
f 2738/2738/2738 2743/2743/2743 2744/2744/2744
f 2743/2743/2743 2745/2745/2745 2744/2744/2744
f 2746/2746/2746 2745/2745/2745 2743/2743/2743
f 2742/2742/2742 2741/2741/2741 2747/2747/2747
f 2742/2742/2742 2747/2747/2747 2748/2748/2748
f 2749/2749/2749 2745/2745/2745 2746/2746/2746
f 2750/2750/2750 2749/2749/2749 2746/2746/2746
f 2748/2748/2748 2747/2747/2747 2751/2751/2751
f 2751/2751/2751 2749/2749/2749 2750/2750/2750
f 2747/2747/2747 2752/2752/2752 2751/2751/2751
f 2751/2751/2751 2752/2752/2752 2749/2749/2749
f 2755/2755/2755 2754/2754/2754 2753/2753/2753
f 2756/2756/2756 2754/2754/2754 2755/2755/2755
f 2754/2754/2754 2757/2757/2757 2753/2753/2753
f 2758/2758/2758 2754/2754/2754 2756/2756/2756
f 2759/2759/2759 2758/2758/2758 2756/2756/2756
f 2760/2760/2760 2758/2758/2758 2759/2759/2759
f 2761/2761/2761 2760/2760/2760 2759/2759/2759
f 2762/2762/2762 2760/2760/2760 2761/2761/2761
f 2763/2763/2763 2762/2762/2762 2761/2761/2761
f 2764/2764/2764 2762/2762/2762 2763/2763/2763
f 2765/2765/2765 2764/2764/2764 2763/2763/2763
f 2765/2765/2765 2766/2766/2766 2764/2764/2764
f 2767/2767/2767 2766/2766/2766 2765/2765/2765
f 2767/2767/2767 2768/2768/2768 2766/2766/2766
f 2769/2769/2769 2768/2768/2768 2767/2767/2767
f 2769/2769/2769 2770/2770/2770 2768/2768/2768
f 2771/2771/2771 2770/2770/2770 2769/2769/2769
f 2771/2771/2771 2772/2772/2772 2770/2770/2770
f 2773/2773/2773 2772/2772/2772 2771/2771/2771
f 2773/2773/2773 2774/2774/2774 2772/2772/2772
f 2775/2775/2775 2774/2774/2774 2773/2773/2773
f 2775/2775/2775 2776/2776/2776 2774/2774/2774
f 2757/2757/2757 2776/2776/2776 2775/2775/2775
f 2753/2753/2753 2757/2757/2757 2775/2775/2775
f 2779/2779/2779 2778/2778/2778 2777/2777/2777
f 2780/2780/2780 2778/2778/2778 2779/2779/2779
f 2778/2778/2778 2781/2781/2781 2777/2777/2777
f 2782/2782/2782 2778/2778/2778 2780/2780/2780
f 2783/2783/2783 2782/2782/2782 2780/2780/2780
f 2784/2784/2784 2782/2782/2782 2783/2783/2783
f 2785/2785/2785 2784/2784/2784 2783/2783/2783
f 2786/2786/2786 2784/2784/2784 2785/2785/2785
f 2787/2787/2787 2786/2786/2786 2785/2785/2785
f 2788/2788/2788 2786/2786/2786 2787/2787/2787
f 2789/2789/2789 2788/2788/2788 2787/2787/2787
f 2789/2789/2789 2790/2790/2790 2788/2788/2788
f 2791/2791/2791 2790/2790/2790 2789/2789/2789
f 2791/2791/2791 2792/2792/2792 2790/2790/2790
f 2793/2793/2793 2792/2792/2792 2791/2791/2791
f 2793/2793/2793 2794/2794/2794 2792/2792/2792
f 2795/2795/2795 2794/2794/2794 2793/2793/2793
f 2795/2795/2795 2796/2796/2796 2794/2794/2794
f 2797/2797/2797 2796/2796/2796 2795/2795/2795
f 2797/2797/2797 2798/2798/2798 2796/2796/2796
f 2799/2799/2799 2798/2798/2798 2797/2797/2797
f 2799/2799/2799 2800/2800/2800 2798/2798/2798
f 2781/2781/2781 2800/2800/2800 2799/2799/2799
f 2777/2777/2777 2781/2781/2781 2799/2799/2799
f 2803/2803/2803 2802/2802/2802 2801/2801/2801
f 2801/2801/2801 2802/2802/2802 2804/2804/2804
f 2805/2805/2805 2802/2802/2802 2803/2803/2803
f 2802/2802/2802 2806/2806/2806 2804/2804/2804
f 2807/2807/2807 2805/2805/2805 2803/2803/2803
f 2804/2804/2804 2806/2806/2806 2808/2808/2808
f 2809/2809/2809 2805/2805/2805 2807/2807/2807
f 2806/2806/2806 2810/2810/2810 2808/2808/2808
f 2811/2811/2811 2809/2809/2809 2807/2807/2807
f 2812/2812/2812 2809/2809/2809 2811/2811/2811
f 2813/2813/2813 2812/2812/2812 2811/2811/2811
f 2813/2813/2813 2814/2814/2814 2812/2812/2812
f 2815/2815/2815 2814/2814/2814 2813/2813/2813
f 2815/2815/2815 2816/2816/2816 2814/2814/2814
f 2817/2817/2817 2816/2816/2816 2815/2815/2815
f 2817/2817/2817 2818/2818/2818 2816/2816/2816
f 2819/2819/2819 2818/2818/2818 2817/2817/2817
f 2819/2819/2819 2820/2820/2820 2818/2818/2818
f 2821/2821/2821 2820/2820/2820 2819/2819/2819
f 2821/2821/2821 2822/2822/2822 2820/2820/2820
f 2823/2823/2823 2822/2822/2822 2821/2821/2821
f 2823/2823/2823 2824/2824/2824 2822/2822/2822
f 2810/2810/2810 2824/2824/2824 2823/2823/2823
f 2808/2808/2808 2810/2810/2810 2823/2823/2823
f 2827/2827/2827 2826/2826/2826 2825/2825/2825
f 2825/2825/2825 2826/2826/2826 2828/2828/2828
f 2829/2829/2829 2827/2827/2827 2825/2825/2825
f 2825/2825/2825 2828/2828/2828 2830/2830/2830
f 2830/2830/2830 2828/2828/2828 2831/2831/2831
f 2830/2830/2830 2831/2831/2831 2832/2832/2832
f 2832/2832/2832 2831/2831/2831 2833/2833/2833
f 2832/2832/2832 2833/2833/2833 2834/2834/2834
f 2834/2834/2834 2833/2833/2833 2835/2835/2835
f 2834/2834/2834 2835/2835/2835 2836/2836/2836
f 2836/2836/2836 2835/2835/2835 2837/2837/2837
f 2836/2836/2836 2837/2837/2837 2838/2838/2838
f 2838/2838/2838 2837/2837/2837 2839/2839/2839
f 2838/2838/2838 2839/2839/2839 2840/2840/2840
f 2839/2839/2839 2841/2841/2841 2840/2840/2840
f 2840/2840/2840 2841/2841/2841 2842/2842/2842
f 2841/2841/2841 2843/2843/2843 2842/2842/2842
f 2842/2842/2842 2843/2843/2843 2844/2844/2844
f 2843/2843/2843 2845/2845/2845 2844/2844/2844
f 2844/2844/2844 2845/2845/2845 2846/2846/2846
f 2845/2845/2845 2847/2847/2847 2846/2846/2846
f 2846/2846/2846 2847/2847/2847 2848/2848/2848
f 2848/2848/2848 2847/2847/2847 2829/2829/2829
f 2847/2847/2847 2827/2827/2827 2829/2829/2829
f 2851/2851/2851 2850/2850/2850 2849/2849/2849
f 2849/2849/2849 2850/2850/2850 2852/2852/2852
f 2853/2853/2853 2850/2850/2850 2851/2851/2851
f 2850/2850/2850 2854/2854/2854 2852/2852/2852
f 2855/2855/2855 2853/2853/2853 2851/2851/2851
f 2852/2852/2852 2854/2854/2854 2856/2856/2856
f 2857/2857/2857 2853/2853/2853 2855/2855/2855
f 2854/2854/2854 2858/2858/2858 2856/2856/2856
f 2859/2859/2859 2857/2857/2857 2855/2855/2855
f 2856/2856/2856 2858/2858/2858 2860/2860/2860
f 2861/2861/2861 2857/2857/2857 2859/2859/2859
f 2858/2858/2858 2862/2862/2862 2860/2860/2860
f 2863/2863/2863 2861/2861/2861 2859/2859/2859
f 2860/2860/2860 2862/2862/2862 2864/2864/2864
f 2865/2865/2865 2861/2861/2861 2863/2863/2863
f 2862/2862/2862 2866/2866/2866 2864/2864/2864
f 2867/2867/2867 2865/2865/2865 2863/2863/2863
f 2864/2864/2864 2866/2866/2866 2868/2868/2868
f 2869/2869/2869 2865/2865/2865 2867/2867/2867
f 2866/2866/2866 2870/2870/2870 2868/2868/2868
f 2871/2871/2871 2869/2869/2869 2867/2867/2867
f 2868/2868/2868 2870/2870/2870 2872/2872/2872
f 2873/2873/2873 2869/2869/2869 2871/2871/2871
f 2870/2870/2870 2874/2874/2874 2872/2872/2872
f 2875/2875/2875 2873/2873/2873 2871/2871/2871
f 2872/2872/2872 2874/2874/2874 2876/2876/2876
f 2877/2877/2877 2873/2873/2873 2875/2875/2875
f 2874/2874/2874 2878/2878/2878 2876/2876/2876
f 2879/2879/2879 2877/2877/2877 2875/2875/2875
f 2876/2876/2876 2878/2878/2878 2880/2880/2880
f 2881/2881/2881 2877/2877/2877 2879/2879/2879
f 2878/2878/2878 2882/2882/2882 2880/2880/2880
f 2883/2883/2883 2881/2881/2881 2879/2879/2879
f 2880/2880/2880 2882/2882/2882 2883/2883/2883
f 2884/2884/2884 2881/2881/2881 2883/2883/2883
f 2882/2882/2882 2884/2884/2884 2883/2883/2883
f 2887/2887/2887 2886/2886/2886 2885/2885/2885
f 2885/2885/2885 2886/2886/2886 2888/2888/2888
f 2889/2889/2889 2886/2886/2886 2887/2887/2887
f 2886/2886/2886 2890/2890/2890 2888/2888/2888
f 2891/2891/2891 2889/2889/2889 2887/2887/2887
f 2892/2892/2892 2889/2889/2889 2891/2891/2891
f 2893/2893/2893 2892/2892/2892 2891/2891/2891
f 2894/2894/2894 2892/2892/2892 2893/2893/2893
f 2895/2895/2895 2894/2894/2894 2893/2893/2893
f 2896/2896/2896 2894/2894/2894 2895/2895/2895
f 2897/2897/2897 2896/2896/2896 2895/2895/2895
f 2897/2897/2897 2898/2898/2898 2896/2896/2896
f 2899/2899/2899 2898/2898/2898 2897/2897/2897
f 2899/2899/2899 2900/2900/2900 2898/2898/2898
f 2901/2901/2901 2900/2900/2900 2899/2899/2899
f 2901/2901/2901 2902/2902/2902 2900/2900/2900
f 2903/2903/2903 2902/2902/2902 2901/2901/2901
f 2903/2903/2903 2904/2904/2904 2902/2902/2902
f 2905/2905/2905 2904/2904/2904 2903/2903/2903
f 2905/2905/2905 2906/2906/2906 2904/2904/2904
f 2907/2907/2907 2906/2906/2906 2905/2905/2905
f 2907/2907/2907 2908/2908/2908 2906/2906/2906
f 2890/2890/2890 2908/2908/2908 2907/2907/2907
f 2888/2888/2888 2890/2890/2890 2907/2907/2907
f 2911/2911/2911 2910/2910/2910 2909/2909/2909
f 2909/2909/2909 2910/2910/2910 2912/2912/2912
f 2911/2911/2911 2913/2913/2913 2910/2910/2910
f 2909/2909/2909 2912/2912/2912 2914/2914/2914
f 2915/2915/2915 2913/2913/2913 2911/2911/2911
f 2914/2914/2914 2912/2912/2912 2916/2916/2916
f 2915/2915/2915 2917/2917/2917 2913/2913/2913
f 2914/2914/2914 2916/2916/2916 2918/2918/2918
f 2919/2919/2919 2917/2917/2917 2915/2915/2915
f 2918/2918/2918 2916/2916/2916 2920/2920/2920
f 2919/2919/2919 2921/2921/2921 2917/2917/2917
f 2918/2918/2918 2920/2920/2920 2922/2922/2922
f 2923/2923/2923 2921/2921/2921 2919/2919/2919
f 2922/2922/2922 2920/2920/2920 2924/2924/2924
f 2923/2923/2923 2925/2925/2925 2921/2921/2921
f 2922/2922/2922 2924/2924/2924 2926/2926/2926
f 2927/2927/2927 2925/2925/2925 2923/2923/2923
f 2926/2926/2926 2924/2924/2924 2928/2928/2928
f 2927/2927/2927 2929/2929/2929 2925/2925/2925
f 2926/2926/2926 2928/2928/2928 2930/2930/2930
f 2931/2931/2931 2929/2929/2929 2927/2927/2927
f 2930/2930/2930 2928/2928/2928 2932/2932/2932
f 2931/2931/2931 2933/2933/2933 2929/2929/2929
f 2930/2930/2930 2932/2932/2932 2934/2934/2934
f 2935/2935/2935 2933/2933/2933 2931/2931/2931
f 2934/2934/2934 2932/2932/2932 2936/2936/2936
f 2935/2935/2935 2937/2937/2937 2933/2933/2933
f 2934/2934/2934 2936/2936/2936 2938/2938/2938
f 2939/2939/2939 2937/2937/2937 2935/2935/2935
f 2938/2938/2938 2936/2936/2936 2940/2940/2940
f 2939/2939/2939 2941/2941/2941 2937/2937/2937
f 2938/2938/2938 2940/2940/2940 2942/2942/2942
f 2943/2943/2943 2941/2941/2941 2939/2939/2939
f 2942/2942/2942 2940/2940/2940 2944/2944/2944
f 2943/2943/2943 2944/2944/2944 2941/2941/2941
f 2942/2942/2942 2944/2944/2944 2943/2943/2943
