g Head_metal
v 10.4587755 -12.0512848 29.5
v 11.8615122 -12.0512838 29.5
v 11.1601439 -12.3065624 29.5
v 12.2347031 -11.4048996 29.5
v 11.5333347 -10.1900949 29.5
v 12.1050959 -10.669857 29.5
v 10.2151918 -10.669858 29.5
v 10.786953 -10.190094 29.5
v 10.0855846 -11.4049006 29.5
v 3.05820942 15.0832024 29.5000019
v 4.13276863 14.1815395 29.5000019
v 3.43140054 14.4368162 29.5000019
v 5.20732737 15.0832024 29.5000019
v 4.83413696 14.4368172 29.5000019
v 3.75957727 16.298008 29.5000019
v 3.18781567 15.818243 29.5000019
v 4.50595903 16.298008 29.5000019
v 5.07772017 15.8182449 29.5000019
v -14.5915442 -4.8931179 29.5
v -14.3479605 -3.51169109 29.5
v -14.2183542 -4.24673223 29.5
v -15.6661043 -3.03192735 29.5
v -14.9197235 -3.03192639 29.5
v -15.9942818 -4.89311838 29.5
v -15.2929125 -5.14839602 29.5
v -16.3674736 -4.24673319 29.5
v -16.2378654 -3.51169157 29.5
v -16.5189438 -5.67519903 27.854002
v -15.3397522 -6.07989216 27.854002
v -15.3023167 -4.06295919 27.8040009
v -17.2350521 -4.65468025 27.854002
v -14.1478949 -5.71419239 27.8540039
v -17.2145519 -3.40814781 27.854002
v -13.3986139 -4.7177763 27.854002
v -16.465271 -2.41173148 27.854002
v -13.3781118 -3.47124171 27.854002
v -15.2734127 -2.04602861 27.854002
v -14.094223 -2.45072699 27.8540039
v 3.34460664 17.1434193 27.8540039
v 2.40453577 16.3245564 27.8540039
v 4.1325345 15.2836695 27.8040028
v 4.58645535 17.2533283 27.8540039
v 2.12531233 15.1095276 27.8540058
v 5.65573454 16.6123066 27.8540039
v 2.61359429 13.9624233 27.8540039
v 6.14401579 15.4652042 27.8540039
v 3.6828742 13.3214016 27.8540039
v 5.86479473 14.2501745 27.8540039
v 4.92472124 13.4313135 27.8540058
v 11.1697817 -11.2207193 27.8040009
v 12.6485949 -12.5986557 27.854002
v 13.1743355 -11.4682293 27.854002
v 11.558816 -13.2041683 27.8540001
v 12.935215 -10.2446728 27.854002
v 10.3212538 -13.0534811 27.8540001
v 12.0225801 -9.39534378 27.8540039
v 9.40861702 -12.204154 27.854002
v 10.785018 -9.24465561 27.854002
v 9.16950035 -10.9805956 27.8540039
v 9.69523811 -9.85016918 27.854002
v 15.758811 -6.9330616 32.2065239
v 16.4351349 -4.70861626 32.2408562
v 16.6330147 -6.46308565 32.7058372
v 18.1685085 -1.76741862 33.1426163
v 17.4362507 -2.25212646 32.2869186
v 17.4682941 -1.83645213 32.1940384
v 17.9824657 -0.714237869 32.3090591
v 19.7501316 2.07516909 32.9771271
v 19.8020878 1.71417785 34.182579
v 19.7307167 2.24614763 33.7255173
v 19.7168045 2.30876541 32.7397385
v 20.2831573 -0.912372112 34.6339302
v 19.1262665 -3.53178 34.0423737
v 21.135294 -3.35579872 35.2787285
v 21.4129524 -3.72849226 35.4669151
v 21.8908825 -3.57317758 35.747551
v 22.349844 -0.875436127 35.909523
v 22.7896175 -1.63555932 36.1860657
v 22.8155537 1.51088309 36.1864777
v 22.3955517 -4.12369442 36.0854759
v 22.3650055 -4.67842627 36.1087952
v 16.6330147 -6.46308565 32.7058372
v 16.0374012 -6.96566868 32.1995239
v 15.758811 -6.9330616 32.2065239
v 16.3324051 -7.44075584 31.7398815
v 14.7238283 -9.44064903 32.1998291
v 21.3860493 -4.51428986 34.7170219
v 15.2066431 -9.59064293 31.7012749
v 21.4129524 -3.72849226 35.4669151
v 14.6308346 -10.8667297 32.1991997
v 15.1834059 -10.3869581 31.6913738
v 15.3615923 -10.6561432 31.6703148
v 15.0200109 -11.3172197 32.199955
v 15.6581593 -10.7595539 31.6982346
v 21.9228497 -4.60638094 34.9466515
v 21.8908825 -3.57317758 35.747551
v 22.3955517 -4.12369442 36.0854759
v 22.1839828 -4.91788387 35.2055397
v 22.3650055 -4.67842627 36.1087952
v 22.247221 -5.25317764 35.4268227
v 21.7237473 -7.35589933 35.9611473
v 19.6274033 -10.7849703 32.1471786
v 19.4435291 -10.3451385 31.693737
v 20.5056362 -8.9270525 31.7003117
v 21.0826607 -8.60594559 32.0154037
v 21.0358295 -7.95944452 31.7000008
v 21.8433094 -6.99687815 32.1641045
v 21.347683 -7.02145243 31.7000008
v 21.5166321 -5.34040356 31.7005672
v 22.0028076 -5.24437857 32.1999359
v 21.7379093 -4.7191062 32.1998787
v 21.2428303 -4.93306303 31.7091942
v 21.3880444 -4.51450014 32.1611671
v 20.7838058 -4.85604715 31.7016373
v 21.4128399 -1.82358694 35.7283478
v 21.1009979 -1.86127615 35.5390549
v 22.0387688 -0.0300086662 36.074234
v 20.1313744 1.62372911 34.8544998
v 22.4833221 2.60061049 36.3550835
v 22.3462791 4.83751535 36.3906555
v 22.6025333 5.41036558 36.2186317
v 22.8132381 3.72757411 36.2882538
v 22.3462791 4.83751535 36.3906555
v 22.4833221 2.60061049 36.3550835
v 22.8155537 1.51088309 36.1864777
v 22.349844 -0.875436127 35.909523
v 22.0387688 -0.0300086662 36.074234
v 21.4128399 -1.82358694 35.7283478
v 21.135294 -3.35579872 35.2787285
v 21.1009979 -1.86127615 35.5390549
v 20.2831573 -0.912372112 34.6339302
v 20.1313744 1.62372911 34.8544998
v 19.8020878 1.71417785 34.182579
v 19.7307167 2.24614763 33.7255173
v 22.3462791 4.83751535 36.3906555
v 22.1687317 5.9868989 35.4808006
v 22.6025333 5.41036558 36.2186317
v 23.0934334 5.71261263 36.3508224
v 22.8609753 5.43919992 36.3863525
v 22.8132381 3.72757411 36.2882538
v 23.2424412 1.53928185 36.6407051
v 22.8155537 1.51088309 36.1864777
v 22.7896175 -1.63555932 36.1860657
v 23.0853748 -3.51352167 36.9586258
v 22.3650055 -4.67842627 36.1087952
v 21.7237473 -7.35589933 35.9611473
v 22.4107342 -6.90901899 36.9944191
v 21.9206066 -8.13181686 36.8930435
v 20.3081398 -9.83361149 35.5333023
v 20.434412 -10.5285463 36.3456802
v 19.3283043 -11.8573713 35.9690971
v 19.0431767 -11.4488602 35.1591034
v 17.916048 -13.2785368 35.5387154
v 17.6037464 -12.873189 34.7581482
v 15.2205572 -14.8000641 34.0971146
v 15.9752789 -14.8775005 34.8981514
v 12.7248993 -16.5270691 33.3791046
v 12.6631927 -17.0518684 33.7336044
v 9.67176533 -18.2958508 32.4794388
v 8.63201523 -19.3134518 32.3542328
v 6.43600416 -19.8101978 31.5045967
v 6.82882452 -20.1945362 31.734045
v 19.7168045 2.30876541 32.7397385
v 20.5473709 3.50616503 33.2004242
v 22.3271008 6.22834444 34.1864548
v 20.4974155 3.45709205 31.1976128
v 20.1618538 3.27589941 32.6440353
v 20.035387 3.24913287 30.6292381
v 19.5965557 3.25067282 31.8404922
v 19.4853916 3.28471828 29.9523773
v 19.0974846 3.55598497 31.1007252
v 19.0329304 3.62131786 29.3154774
v 18.8899612 3.94228411 30.7009621
v 18.0499344 6.24909258 30.7093811
v 17.8034019 6.83130121 29.2209492
v 16.3889027 9.63912582 30.6970196
v 16.3436089 9.71707249 29.1848888
v 15.0146999 11.642971 30.7000027
v 15.0146999 11.642971 29.2000027
v 13.7350626 13.2286005 30.612175
v 13.8449297 13.0305204 29.2263603
v 13.6999731 13.4624939 29.6174164
v 13.7295074 13.8670502 30.4754562
v 13.7865772 13.9865417 29.9412041
v 14.7001638 15.3531771 30.4735508
v 14.711441 15.3656406 30.005394
v 19.7168045 2.30876541 32.7397385
v 19.7501316 2.07516909 32.9771271
v 17.9824657 -0.714237869 32.3090591
v 18.6130238 1.22046602 32.139679
v 17.8820953 0.906366646 31.8850651
v 17.5625401 -0.609855413 32.1459732
v 17.4682941 -1.83645213 32.1940384
v 18.2523098 2.19159746 31.4892654
v 18.9244289 2.22064018 31.8861675
v 18.8899612 3.94228411 30.7009621
v 19.0974846 3.55598497 31.1007252
v 19.5965557 3.25067282 31.8404922
v 20.1618538 3.27589941 32.6440353
v 20.5473709 3.50616503 33.2004242
v 17.5625401 -0.609855413 32.1459732
v 17.4682941 -1.83645213 32.1940384
v 17.487421 1.04990602 32.2005119
v 17.8820953 0.906366646 31.8850651
v 18.2523098 2.19159746 31.4892654
v 17.0759239 3.82917237 32.2000008
v 18.8899612 3.94228411 30.7009621
v 18.0499344 6.24909258 30.7093811
v 16.4109459 6.07707214 32.2000008
v 15.451582 8.21575356 32.2000008
v 16.3889027 9.63912582 30.6970196
v 13.8138361 10.7890282 32.2000847
v 15.0146999 11.642971 30.7000027
v 13.7350626 13.2286005 30.612175
v 11.7594318 13.0279493 32.1977043
v 12.9247332 13.9643822 31.5003433
v 12.261961 13.8525877 32.2000008
v 13.7295074 13.8670502 30.4754562
v 13.9381275 15.478838 31.5046024
v 14.7001638 15.3531771 30.4735508
v 14.074564 16.0112 31.7340508
v 13.9694519 16.4652386 31.7826996
v 14.1239204 17.3307476 31.317028
v 14.1608124 17.5581303 30.9328346
v 14.711441 15.3656406 30.005394
v 13.686635 16.3365993 28.5678654
v 12.7004023 17.5756969 27.0032482
v 12.7278471 18.0926628 27.330637
v 10.8402643 19.9062767 27.3458805
v 11.4975653 20.1946106 31.4286575
v 8.7200613 21.6477585 27.3444462
v 12.9990244 18.5062218 31.5523853
v 14.1239204 17.3307476 31.317028
v 8.83736324 22.3989429 31.9246635
v 10.5858984 20.7477913 32.0166969
v 7.96604872 22.8739338 32.2924385
v 6.99639893 23.7162876 32.0072021
v 6.65678787 23.1040306 27.3149662
v 10.8748312 19.2039013 32.6928864
v 4.82648134 25.0633583 32.0907021
v 6.27718306 23.1329899 27.2437248
v 10.6483335 18.5739841 33.102932
v 13.9694519 16.4652386 31.7826996
v 7.99314928 20.2646923 33.9419823
v 5.32969904 21.3632011 34.8194389
v 5.81415129 23.1545639 33.2656631
v 2.66760969 22.4768085 35.4930725
v 2.96729755 24.5555191 33.5421104
v 0.603838325 23.065136 36.0539398
v 5.05210829 24.9218388 32.2908897
v 4.92038631 24.8301392 32.4726143
v 5.73936033 23.481348 33.0612946
v 5.3259058 23.4915619 33.0013657
v 3.53246093 24.6977558 32.2398109
v 0.109947167 25.5026608 33.9297409
v -1.12916088 23.2491837 36.4086151
v -2.14222217 26.1685543 33.8229942
v -3.06527781 23.3166294 36.7732697
v 3.72468996 24.8539886 31.7875137
v 2.8998208 24.6350422 32.4123383
v 1.54494667 25.1661282 32.6734543
v 0.788069725 25.4379101 33.4980583
v 2.81525612 24.6526222 31.8545303
v 3.38724542 23.840662 29.769701
v 4.07657957 22.8920116 27.280098
v 2.14596581 23.5315266 27.3011875
v -0.750419497 24.3006439 27.2926636
v -1.88885701 26.1669292 33.0720367
v -1.89737499 24.6982746 28.1581764
v -3.37931442 24.885025 29.0660515
v -2.52804422 24.7043152 28.3232555
v -1.03858554 24.2072659 27.1822262
v -0.970402539 23.9381428 26.9983387
v -2.98031545 26.2866573 33.2615852
v -2.9544642 26.2867241 33.6394386
v -3.80072331 26.2194633 33.5821419
v -3.66532779 26.059557 34.0571442
v -4.08827829 23.3120461 36.9043427
v -4.70025873 25.8635006 33.9458504
v -5.24070072 23.1440201 36.9593697
v -5.97281742 23.0316086 36.9966545
v -6.83476877 24.8884373 34.1570015
v -8.34909058 22.2163925 36.8955307
v -4.56270218 25.9498329 33.4951134
v -4.59125519 24.7159538 29.531662
v -9.59182072 23.2880993 34.8082581
v -10.642663 21.2023106 36.8077164
v -12.2633362 21.6130409 35.1050835
v -12.6941071 20.0750198 36.6768799
v -9.59303093 23.3996639 34.4535179
v -14.2379446 20.2069893 35.2323265
v -14.557416 18.8490849 36.5077209
v -4.10543776 24.6852875 29.2583027
v -6.27180099 23.7807827 29.3515873
v -6.41377068 24.0001583 29.7044506
v -11.969655 21.9190063 34.7388115
v -9.72977829 22.164011 29.8696575
v -3.59092093 24.4964657 28.9003429
v -9.49662971 22.076973 29.6196289
v -4.21165371 24.388092 29.1886463
v -3.64701509 22.7374859 28.9410839
v -1.0183444 22.593935 27.0039711
v -4.31915188 22.6078606 29.2026043
v 4.14985132 22.5197277 27.0002174
v 3.41578436 21.7560349 26.9998798
v 4.49825525 21.9284611 27.0000038
v 6.52339125 22.7343636 27.0000439
v 6.82464695 21.4036655 27.0000172
v -6.23969412 21.8497944 29.3193035
v 9.94632626 20.1740646 27.0001678
v 9.12198353 20.3679008 27.0000038
v 10.8317394 18.8896637 27.0000134
v 12.7004023 17.5756969 27.0032482
v 12.4830971 17.2521439 27.0022144
v -6.82395554 21.2219105 29.3512611
v -9.12468243 21.967659 29.47262
v -6.7630558 20.3723431 29.3471584
v -7.72598076 17.9050312 29.3735886
v -9.48501587 17.3697891 29.4884415
v -6.30741787 20.0895615 29.1440887
v -5.93693304 19.8301201 28.7823391
v -12.3025179 19.7403336 29.636404
v -7.3997159 17.546648 29.1190166
v -8.86005783 17.0321598 29.303463
v -7.06764269 17.4434795 28.779211
v -5.44787169 19.5093689 28.4996929
v -9.43173218 16.4489136 28.9593582
v -9.28991413 16.2878571 28.6515121
v -10.0793505 15.5702658 27.7836208
v -8.74250603 16.1748886 28.4832172
v -6.56884241 17.1979961 28.5002441
v -9.03102112 15.8887711 28.2802181
v -7.87358379 15.140789 28.4874744
v -5.78608656 16.0534077 28.5000248
v -8.25682831 14.9800739 28.3046074
v -3.27143884 17.3568954 28.4881649
v -2.4683063 17.7819595 28.4972229
v -3.23313165 16.7574425 28.4775753
v -2.58926702 16.8798428 28.2604408
v -2.66407418 17.460659 28.2794323
v -0.937400103 17.5465527 27.0038223
v -0.893373191 17.025507 27.0006313
v -9.74765491 14.7339964 27.0000057
v -9.38055515 14.2606668 26.9976025
v -10.5588646 15.2398872 26.9996243
v -11.3540897 16.2545414 27.9218864
v -11.5869284 16.1485329 27.8416157
v -12.0371161 14.8951931 27.0089569
v -10.8241739 16.8782024 29.222044
v -11.7772045 17.0934391 29.2831612
v -10.0105343 16.3072319 28.7526188
v -9.91441441 16.9763775 29.3408928
v -10.9257002 17.2310104 29.4894238
v -11.8024006 17.594286 29.6009274
v -11.6386433 17.3286018 29.4799786
v -12.0820236 17.1093636 29.643816
v -11.854557 16.0969429 28.0759411
v -12.0730047 17.4872875 29.7160683
v -11.9559059 15.5497494 27.7208138
v -13.8585815 12.7086811 28.1492023
v -15.9948149 8.30482292 26.9999695
v -12.5159264 14.8253326 28.6235294
v -16.5419083 9.36321926 29.1761398
v -17.5904617 7.18162251 29.2000027
v -14.8177853 12.0025415 29.2209492
v -17.1573486 5.44290829 27.0000019
v -12.6526194 14.6723385 29.3154755
v -18.2072277 5.4747982 29.2263584
v -12.3679247 15.9216719 29.5361824
v -12.5873489 15.2324791 29.9523792
v -12.8315277 15.7265825 30.62924
v -18.2673531 4.0578599 28.5297031
v -18.5088501 5.13327408 29.6174145
v -17.7042141 3.24973392 27.0000019
v -12.9327831 16.3382759 30.7629147
v -13.2426414 16.0227299 31.1976147
v -18.6105709 4.00110197 28.8398876
v -19.0059929 4.94625235 29.9412041
v -19.0460777 3.97892547 28.9917374
v -20.3030243 4.0427103 28.9810772
v -20.6627579 5.0576582 30.0053921
v -20.6494064 3.83746076 28.7452831
v -20.99123 3.6846714 28.5678635
v -21.1823463 2.18460512 27.0022125
v -21.5712032 2.21101952 27.0032463
v -12.6472225 19.598362 29.7848797
v -14.9228067 17.1460438 32.4307327
v -16.5574608 16.2216568 34.1864548
v -17.0462341 16.5436325 34.5109634
v -17.3074493 17.0618343 34.7439156
v -16.5564289 17.8531075 34.0552368
v -17.2633801 17.7331371 34.9214516
v -12.420989 20.1655636 29.7513161
v -13.2932415 19.650423 30.5716286
v -12.2804413 20.4440918 29.8671169
v -14.103694 19.7017155 32.0466766
v -16.0105381 18.4866104 33.6459084
v -16.9105301 18.1455288 34.8692398
v -14.2537518 20.2988472 34.8997993
v -16.9006901 18.1265965 35.1830177
v -17.2178612 17.4510612 35.5684738
v -16.493988 17.1431847 36.3508224
v -17.3258991 17.2352638 35.3515472
v -17.3074493 17.0618343 34.7439156
v -17.091753 16.8050156 35.6304703
v -17.111002 16.6239166 35.3102264
v -17.0462341 16.5436325 34.5109634
v -16.6802769 16.2708435 35.3021927
v -16.5574608 16.2216568 34.1864548
v -16.6348705 16.3882046 35.6068268
v -16.2691727 16.2052269 35.4808006
v -11.8105841 15.964221 33.7255173
v -13.3101177 16.0414562 33.2004242
v -13.2426414 16.0227299 31.1976147
v -11.8578577 15.920866 32.7397423
v -12.917943 15.8227215 32.6440353
v -12.8315277 15.7265825 30.62924
v -12.6134462 15.3457718 31.8404942
v -12.5873489 15.2324791 29.9523792
v -12.6283188 14.7609081 31.1007271
v -12.6526194 14.6723385 29.3154755
v -12.8591022 14.3880386 30.700964
v -14.4368439 12.5071478 30.7093811
v -14.8177853 12.0025415 29.2209492
v -16.5421829 9.37363911 30.6970215
v -16.5419083 9.36321926 29.1761398
v -17.5904617 7.18162251 30.7000027
v -17.5904617 7.18162251 29.2000027
v -18.3238373 5.28061056 30.6121731
v -18.2072277 5.4747982 29.2263584
v -18.5088501 5.13327408 29.6174145
v -18.8739738 4.95657349 30.4754543
v -19.0059929 4.94625235 29.9412041
v -20.6463261 5.05412388 30.4735489
v -20.6627579 5.0576582 30.0053921
v 16.6245193 3.92603159 27.0000572
v 17.0403805 0.993460238 26.9976006
v 17.6338463 1.0747124 27.0000038
v 18.4775658 1.52429557 26.9996223
v 18.9181786 2.97684431 27.008955
v 15.1895962 9.69950104 26.9999695
v 15.1799469 7.83401394 27.0002785
v 12.8314323 11.2759628 27.0001297
v 13.2923727 12.1372442 27.0000019
v 11.666461 13.707428 27.0000038
v 10.6769161 13.2930765 27.0000038
v 9.8565836 15.0614634 27.0000038
v 8.80969906 14.5846663 27.0001144
v 7.1586771 16.6294651 26.999876
v 8.15566254 14.7024965 27.0002022
v 7.22538185 14.3607483 27.0023823
v 6.29657507 15.4787054 27.0000019
v 5.77122116 16.712904 27.0000019
v 5.99615431 14.1714239 27.0000019
v 5.99724627 17.927475 26.9997196
v 5.56885386 11.5911036 26.9973545
v 4.62075758 17.4025936 27.0000019
v 4.98470688 13.2903929 27.0000038
v 4.6469326 18.4773884 26.9997368
v 3.28462148 17.284338 27.0000019
v 2.66785574 18.3636799 26.9998283
v 3.33357716 12.3307228 27.0000458
v 3.64857292 13.1721363 27.0000019
v 2.49810815 13.8618259 27.0000019
v 1.0379473 12.8097935 26.9972763
v 1.97275269 15.0960236 27.0000038
v 2.27317619 16.4033051 27.0000019
v 0.994494081 16.0450382 27.0025673
v 0.760925949 17.5693207 27.0000744
v 0.36345467 16.8091831 27.0001163
v -0.937400103 17.5465527 27.0038223
v -0.296569049 17.0467873 27.0000706
v -0.893373191 17.025507 27.0006313
v 17.1015415 -0.339419872 28.3046055
v 17.6338463 1.0747124 27.0000038
v 17.0403805 0.993460238 26.9976006
v 18.2755928 -0.123298019 28.2802162
v 18.5239239 0.94383502 27.7836189
v 18.4775658 1.52429557 26.9996223
v 18.3791199 -0.516218543 28.4832153
v 17.0491028 -0.751677096 28.4874725
v 18.750658 -0.098635532 28.6515102
v 18.1783257 -2.91021967 28.5002422
v 16.7957058 -3.0158124 28.5000229
v 18.6403198 -2.60098767 28.7792091
v 19.6195469 -5.036695 28.499691
v 16.6672325 -5.84530401 28.488163
v 16.6337852 -6.75336933 28.497221
v 16.1289368 -5.57875204 28.4775734
v 15.9130077 -6.19755554 28.2604389
v 16.4534149 -6.42317915 28.2794304
v 15.6644621 -7.96146917 27.0038204
v 15.1912107 -7.73907518 27.0006294
v 20.1418571 -4.77353144 28.7823372
v 18.8957024 -2.36498761 29.1190147
v 18.9610462 -0.0563435405 28.9593563
v 19.3692055 -2.2616272 29.3735867
v 20.5517826 -4.58240271 29.1440868
v 21.024498 -4.32920027 29.3471565
v 19.180315 -0.843051255 29.3034611
v 19.7851887 -0.470635623 29.4884396
v 23.586895 -3.08162928 29.4726181
v 21.7906933 -4.70124245 29.3512592
v 23.7306633 -6.4588747 29.3515835
v 22.042326 -5.52117014 29.3193016
v 21.7385597 -7.56344032 29.2026024
v 23.2265358 -8.54665279 29.1886444
v 21.5147495 -8.2103405 28.941082
v 23.010025 -9.13841057 28.900341
v 23.4308052 -8.78723717 29.2582989
v 21.2162437 -11.128684 26.9983368
v 20.0760956 -10.415061 27.0039692
v 22.6585903 -10.1628132 28.3232536
v 23.2407227 -9.51594639 29.0660496
v 17.4277325 -14.8537455 27.0002117
v 17.1333885 -13.8361788 26.999876
v 16.7414799 -14.8598394 26.9999981
v 16.4268513 -17.0166073 27.0000381
v 15.1237965 -16.6121559 27.0000114
v 21.4834023 -11.2041969 27.1822243
v 12.4980917 -18.7008095 27.0001621
v 13.0781288 -18.0838242 26.9999981
v 10.9430599 -18.8253975 27.0000076
v 8.87080097 -19.7867241 27.0032425
v 8.69924736 -19.4367561 27.0022087
v 21.420187 -11.5004454 27.2926617
v 22.3380222 -10.7059679 28.1581745
v 23.6056557 -11.4476719 33.0720329
v 21.0220356 -13.9210339 32.6734543
v 19.3059177 -13.6242294 27.3011837
v 18.9529991 -14.8537779 29.7696953
v 17.7867756 -14.9764328 27.2800922
v 16.8951664 -17.0027008 27.2437191
v 19.6618443 -15.6526718 31.787508
v 19.9421711 -14.7644005 31.8545246
v 19.2922668 -16.7115402 32.0907059
v 16.6802864 -17.3169708 27.3149586
v 19.8846645 -14.8288431 32.4123383
v 19.7820568 -14.8475227 33.5421066
v 19.6226521 -15.4080849 32.2398148
v 17.681324 -16.3581657 33.0013695
v 21.6358433 -13.4014492 33.4980545
v 23.7337475 -11.2290668 33.8229904
v 17.0407085 -17.9172096 32.0072021
v 14.3874798 -18.375679 27.3444405
v 19.0433445 -16.6762543 32.4726143
v 22.0309792 -12.8465528 33.9297371
v 24.2550735 -10.5623074 33.2615814
v 19.0568943 -16.8361797 32.2908897
v 15.826375 -18.3357773 32.2924423
v 14.9793854 -18.8528557 31.9246578
v 17.4657593 -16.7111111 33.0612984
v 17.1453667 -16.6124916 33.2656631
v 11.7402639 -20.054493 31.4286518
v 11.819211 -19.3410873 27.3458748
v 8.12538338 -21.042696 30.9328289
v 9.30478382 -20.0689735 27.3306313
v 12.6751652 -19.5415573 32.0166969
v 7.30459452 -20.0212803 28.5678596
v 8.87080097 -19.7867241 27.0032425
v 5.95131588 -20.4233074 30.0053883
v 5.94616175 -20.4073105 30.4735432
v 9.52734661 -20.510601 31.5523796
v 7.94690847 -20.8970547 31.3170223
v 7.27459049 -20.3305264 31.7826939
v 6.82882452 -20.1945362 31.734045
v 6.43600416 -19.8101978 31.5045967
v 5.1444664 -18.8236332 30.4754505
v 5.63114548 -18.1753445 31.5003376
v 7.94690847 -20.8970547 31.3170223
v 5.40282679 -16.6979218 32.1977234
v 5.86571598 -17.5454693 32.2000008
v 4.58877087 -18.5092182 30.6121674
v 2.43665671 -17.3576527 32.2000847
v 2.57576084 -18.8246021 30.6999989
v 0.153277412 -19.0127716 30.6970177
v -0.610738039 -17.4893436 32.2000008
v -3.61307335 -18.7562561 30.7093792
v -2.94257092 -17.2508354 32.2000008
v -5.22179937 -16.702776 32.2000008
v -6.03085995 -18.3303337 30.7009602
v -7.22817373 -16.9027691 31.4892635
v -7.83446312 -15.6695089 32.2005119
v -8.15610886 -15.939537 31.8850632
v -9.30941868 -14.9046831 32.1459732
v -10.2096071 -14.2722454 32.1847
v 20.773735 -4.8717227 29.831913
v 21.2023811 -4.91334391 29.8535347
v 21.024498 -4.32920027 29.3471565
v 21.7906933 -4.70124245 29.3512592
v 21.5109768 -5.31428528 29.8310547
v 22.042326 -5.52117014 29.3193016
v 21.4876442 -6.04293728 29.793129
v 21.2608109 -7.36694384 29.7143364
v 21.7385597 -7.56344032 29.2026024
v 20.9553242 -8.18041134 29.3918209
v 21.5147495 -8.2103405 28.941082
v 19.5495758 -10.2498846 27.5000019
v 20.0760956 -10.415061 27.0039692
v 18.3427925 -11.7551174 27.4987583
v 17.1333885 -13.8361788 26.999876
v 16.6602116 -13.6654243 27.4934444
v 16.7414799 -14.8598394 26.9999981
v 16.115818 -15.1479263 27.4999981
v 15.1237965 -16.6121559 27.0000114
v 14.5677509 -16.6919518 27.4973221
v 13.0781288 -18.0838242 26.9999981
v 12.9502344 -17.8100815 27.5023708
v 10.9430599 -18.8253975 27.0000076
v 10.9964952 -18.4919014 27.4956989
v 8.90738869 -19.0785446 27.4999981
v 8.69924736 -19.4367561 27.0022087
v 21.024498 -4.32920027 29.3471565
v 20.5517826 -4.58240271 29.1440868
v 20.773735 -4.8717227 29.831913
v 20.1418571 -4.77353144 28.7823372
v 19.6300278 -5.51094198 28.9206772
v 19.6195469 -5.036695 28.499691
v 16.0026035 -8.1439743 27.3959541
v 15.6644621 -7.96146917 27.0038204
v 15.2197466 -9.56232357 27.4000206
v 14.8350163 -9.44364738 27.0000725
v 15.0788774 -11.0270929 27.3999996
v 14.5694876 -11.4922762 26.9998264
v 14.7422028 -12.1601362 27.3999996
v 13.6784229 -13.2630615 26.999733
v 14.1930046 -13.2068071 27.3999977
v 13.6547842 -13.8495617 27.3999977
v 12.5270281 -14.1575108 26.9997158
v 12.9824953 -14.3504028 27.3999977
v 12.2125969 -14.6821718 27.3999977
v 10.8222027 -14.5143337 26.9998722
v 10.762516 -14.9447317 27.4607601
v 10.2025576 -15.1059113 27.4353256
v 8.11532021 -16.0667877 26.9999981
v 5.94616175 -20.4073105 30.4735432
v 5.95131588 -20.4233074 30.0053883
v 5.21941519 -18.932806 29.9412003
v 5.1444664 -18.8236332 30.4754505
v 4.80887747 -18.5957775 29.6174107
v 4.58877087 -18.5092182 30.6121674
v 4.36229849 -18.5053272 29.2263546
v 2.57576084 -18.8246021 29.1999989
v 2.57576084 -18.8246021 30.6999989
v 0.162163749 -19.0073261 29.1761379
v 0.153277412 -19.0127716 30.6970177
v -2.98561907 -18.8338547 29.2209473
v -3.61307335 -18.7562561 30.7093792
v -6.38031197 -18.2936649 29.3154774
v -6.03085995 -18.3303337 30.7009602
v -6.46916676 -18.3169041 31.1007233
v -6.89804411 -18.5172081 29.9523754
v -6.98311043 -18.5964565 31.8404903
v -7.20385981 -18.9757271 30.6292362
v -7.2439127 -19.0986328 32.6440353
v -7.254776 -19.4798336 31.1976109
v -7.2372551 -19.5476322 33.2004242
v -5.76964521 -22.4500122 34.186451
v -7.92013502 -18.2103806 33.7255173
v -7.85895109 -18.2296429 32.7397423
v -5.89955711 -22.1921368 35.4808006
v -6.98372555 -21.7712097 36.3906555
v -8.6594944 -18.246151 34.8544998
v -8.4165163 -18.0062084 34.182579
v -10.9317141 -17.1095486 34.6339302
v -12.1624088 -17.3433666 35.5390549
v -13.4738522 -16.6258049 35.2787247
v -12.2856903 -17.6322746 35.7283478
v -11.9330692 -18.9178181 35.909523
v -11.0453701 -19.0711346 36.074234
v -8.98946381 -20.7714386 36.3550835
v -10.0993118 -20.5142956 36.1864777
v -8.17844296 -21.620636 36.2882538
v -6.98372555 -21.7712097 36.3906555
v -6.61574936 -22.2795563 36.2186317
v -6.61574936 -22.2795563 36.2186317
v -6.59944677 -22.8558121 36.3508224
v -6.71999931 -22.5177917 36.3863525
v -8.17844296 -21.620636 36.2882538
v -9.03848171 -21.5001106 36.5555649
v -10.0993118 -20.5142956 36.1864777
v -12.8112421 -18.9186134 36.1860657
v -11.4959316 -20.2192249 36.7360344
v -14.5854988 -18.2357559 36.9586258
v -15.2341356 -17.0294552 36.1087952
v -17.2322674 -15.1353722 35.9611473
v -17.1887474 -15.953763 36.9944191
v -18.0026588 -14.9179029 36.8930435
v -18.6702251 -12.6705637 35.5333023
v -19.3351917 -12.4324522 36.3456802
v -19.9329338 -10.8101215 35.9690971
v -19.4365902 -10.7674503 35.1591034
v -20.457571 -8.87648964 35.5387154
v -19.9503784 -8.80870247 34.7581482
v -20.4275093 -5.78136158 34.0971146
v -20.8719292 -6.39625168 34.8981514
v -20.6753082 -2.75655556 33.3791046
v -21.0989456 -2.44071674 33.7336044
v -20.6805496 0.771926045 32.4794388
v -21.0419445 2.18117619 32.3542328
v -20.3741322 4.33135128 31.5046005
v -20.903389 4.18332767 31.7340488
v 10.7613916 -18.5087166 33.1029358
v 7.27459049 -20.3305264 31.7826939
v 11.1936512 -19.0198364 32.6928864
v 13.5531664 -17.0546227 33.9419823
v 15.8362265 -15.2972612 34.8194389
v 18.1316833 -13.5486279 35.4930725
v 19.6730766 -12.0555134 36.0160141
v 20.5993767 -10.7787523 36.3707275
v 21.7254353 -9.00371265 36.7732697
v 24.4009075 -9.8555212 34.0571365
v 22.2329674 -8.11547661 36.9043427
v 24.2422047 -10.5847282 33.6394348
v 24.6070862 -9.81821632 33.5821381
v 24.7485809 -8.86121464 33.9458466
v 22.6619377 -7.03192425 36.9618607
v 22.9684772 -6.15854979 36.97612
v 24.971405 -6.52517223 34.1570015
v 23.4145069 -3.87767911 36.8955307
v 24.75457 -9.02350903 33.4951096
v 23.7002773 -8.38184166 29.531662
v 23.9916363 -6.44559717 29.7044487
v 24.9639969 -3.33729625 34.8082581
v 23.683073 -1.38434517 36.8077164
v 25.0612202 -3.39203048 34.4535179
v 24.8491135 -0.186166614 35.1050835
v 23.7325325 0.955903888 36.6768799
v 23.8675365 -2.81416941 29.619627
v 24.0594864 -2.65577745 29.8696556
v 24.618742 2.22691917 35.2323265
v 23.602499 3.18254161 36.5077209
v 24.9672451 -0.593483746 34.7388115
v 23.246891 0.784120858 29.6364021
v 23.8453255 0.413122565 29.867115
v 23.6743889 0.674105227 29.7513142
v 24.1484432 5.57312107 35.1830177
v 24.7061977 2.1946795 34.8997993
v 24.1140366 2.36329198 32.0466766
v 23.6643848 1.6870718 30.5716267
v 24.1697598 5.57217693 34.8692398
v 23.7219982 6.18556595 35.5684776
v 23.2962952 1.15362871 29.7848778
v 24.0151482 4.62222624 33.6459122
v 23.7394638 5.41172886 34.0552368
v 23.9890423 6.08394766 34.9214478
v 23.5891304 6.3870306 35.3515472
v 23.4297104 6.45776653 34.7439156
v 23.0994511 6.39937782 35.6304741
v 22.3103161 4.35050106 32.4307327
v 22.9522381 6.50659657 35.3102264
v 22.8503265 6.49064922 34.5109634
v 22.4311085 6.31011486 35.3021927
v 22.5100422 6.212111 35.6068268
v 20.4974155 3.45709205 31.1976128
v 20.615757 3.03097415 30.7629128
v 20.035387 3.24913287 30.6292381
v 21.1809406 1.71187878 29.7160664
v 19.972538 2.75009418 29.5361805
v 19.4853916 3.28471828 29.9523773
v 19.0329304 3.62131786 29.3154774
v 20.85816 1.90864825 29.6438141
v 21.1383018 1.42402935 29.6009254
v 19.8676434 2.21786976 28.0759392
v 19.0970821 3.42643809 28.6235275
v 17.8034019 6.83130121 29.2209492
v 17.9353352 5.64753771 28.1492004
v 16.3436089 9.71707249 29.1848888
v 19.4444332 2.57923937 27.7208118
v 15.1895962 9.69950104 26.9999695
v 15.0146999 11.642971 29.2000027
v 18.9181786 2.97684431 27.008955
v 13.2923727 12.1372442 27.0000019
v 13.8449297 13.0305204 29.2263603
v 19.7785072 1.96030104 27.8416157
v 12.6478882 13.7910595 28.529705
v 13.6999731 13.4624939 29.6174164
v 11.666461 13.707428 27.0000038
v 12.7703428 14.1166744 28.8398895
v 13.7865772 13.9865417 29.9412041
v 12.9688911 14.50492 28.9917393
v 13.6526031 15.5615768 28.9810791
v 14.711441 15.3656406 30.005394
v 13.6480417 15.9641752 28.745285
v 13.686635 16.3365993 28.5678654
v 12.4830971 17.2521439 27.0022144
v 12.7004023 17.5756969 27.0032482
v 11.1133003 15.0664749 28.5359592
v 12.7703428 14.1166744 28.8398895
v 9.8565836 15.0614634 27.0000038
v 11.3313808 15.3844433 28.885498
v 12.9688911 14.50492 28.9917393
v 9.44822598 16.1555672 28.5255489
v 7.98082018 16.3886261 27.4353313
v 7.77822304 17.0646114 28.5845909
v 7.56125784 16.7929745 27.4607658
v 9.18675423 16.5537395 28.7538452
v 7.13114309 17.8431396 28.9375324
v 10.5708399 16.4082775 28.9917507
v 7.33461857 17.2453442 28.4420071
v 6.52355719 18.0410004 28.7473812
v 6.60883141 17.9174995 27.4000034
v 5.93656206 18.4183674 27.4000015
v 5.99306965 18.4563656 28.76614
v 12.3168612 16.2305946 28.9825287
v 13.6526031 15.5615768 28.9810791
v 12.6105423 16.4449348 28.7834949
v 13.6480417 15.9641752 28.745285
v 10.2335167 18.2140141 28.994997
v 7.66952419 20.3922215 28.9956932
v 12.612731 16.6836109 28.3000145
v 12.4830971 17.2521439 27.0022144
v 12.0688076 17.253294 27.5000038
v 10.7654457 18.2702103 28.8039551
v 10.7829618 18.5009098 28.5086517
v 10.5162058 18.7691917 27.4957047
v 8.8957777 20.1326313 28.5517101
v 8.94886208 20.1202698 27.5023766
v 7.17177486 20.9620113 27.4973278
v 8.26163578 20.245779 28.9094372
v 5.85176229 18.9081917 28.9937115
v 7.90671301 20.6155987 28.7521248
v 7.14111853 20.7741756 28.9563274
v 6.44693184 21.1790962 28.7235203
v 5.06057501 21.5306664 27.5000038
v 5.05137682 21.5152664 28.7352791
v 3.50449324 21.2608738 27.4934464
v 5.06446552 21.2931728 28.9765358
v 4.81520605 19.2793159 29.0072594
v 3.72883773 20.9985886 28.986639
v 3.71465659 21.2490158 28.793045
v 3.18398452 21.2655563 29.0631962
v 1.00883055 21.7628784 27.4987602
v 0.803922236 21.7569141 30.2938633
v -0.898130894 22.0553665 27.5000038
v -0.877060413 22.0477333 31.0598774
v -3.3932209 22.2380428 29.3918228
v -0.644735754 21.883173 31.1868973
v -2.52176762 22.2219238 31.7003136
v -0.762615681 22.0111561 31.6937389
v -3.6248374 22.197279 31.7000027
v -4.2504487 22.0958691 29.7143383
v -4.5930891 21.9983559 31.7000027
v -5.51048946 21.6303082 29.7931309
v -6.13339901 21.304142 31.7005692
v -6.1531868 21.2861881 29.8310566
v -6.34926224 20.8633575 31.709198
v -6.34611464 20.8184681 29.8535366
v -6.18644667 20.4273224 31.7016392
v -6.16783571 20.4264374 29.8319149
v -5.04240227 19.7555695 28.9206791
v -1.76616931 17.8658714 28.9046688
v -1.72232187 17.8646488 31.7398815
v -6.78353977 20.7779999 34.7170219
v -6.78435469 20.7798347 32.1611671
v -6.98058176 21.249527 32.2000008
v -6.972188 21.288929 34.9466515
v -6.83298397 21.6708298 35.2055397
v -6.68419504 21.8510361 32.2000122
v -6.57423019 21.8932419 35.4268227
v -4.86217737 22.4152946 32.1641006
v -4.49148178 22.4912586 35.9611473
v -3.08836651 22.5610847 32.0154037
v -1.63791716 22.5041618 35.5333023
v -0.473644644 22.3903084 32.1471786
v 0.39341113 22.2162991 35.1591034
v 1.85881758 21.8465824 32.2000046
v 2.34663057 21.681881 34.7581482
v 4.9999218 20.6846809 32.2000656
v 5.2069478 20.5814152 34.0971146
v 7.95040798 19.2836151 33.3791046
v 7.33445692 19.5968113 32.1999779
v 8.37129116 19.0614738 31.4999676
v 11.0087833 17.5239143 32.4794388
v 11.359971 17.3218441 31.5002823
v 13.9381275 15.478838 31.5046024
v 7.27459049 -20.3305264 31.7826939
v 6.82882452 -20.1945362 31.734045
v 8.63201523 -19.3134518 32.3542328
v 10.7613916 -18.5087166 33.1029358
v 12.6631927 -17.0518684 33.7336044
v 15.8362265 -15.2972612 34.8194389
v 15.9752789 -14.8775005 34.8981514
v 17.916048 -13.2785368 35.5387154
v 18.1316833 -13.5486279 35.4930725
v 19.6730766 -12.0555134 36.0160141
v 19.3283043 -11.8573713 35.9690971
v 20.5993767 -10.7787523 36.3707275
v 20.434412 -10.5285463 36.3456802
v 21.7254353 -9.00371265 36.7732697
v 21.9206066 -8.13181686 36.8930435
v 22.2329674 -8.11547661 36.9043427
v 22.4107342 -6.90901899 36.9944191
v 22.6619377 -7.03192425 36.9618607
v 22.7794456 -6.08842087 37.0192757
v 22.9684772 -6.15854979 36.97612
v 23.0853748 -3.51352167 36.9586258
v 23.4145069 -3.87767911 36.8955307
v 23.358429 -2.71565676 36.9871407
v 23.2424412 1.53928185 36.6407051
v 23.683073 -1.38434517 36.8077164
v 23.4675007 2.08887458 36.7121696
v 23.7325325 0.955903888 36.6768799
v 23.602499 3.18254161 36.5077209
v 6.43600416 -19.8101978 31.5045967
v 9.32117271 -18.4989529 31.5002766
v 9.67176533 -18.2958508 32.4794388
v 12.3220778 -16.7804947 31.4999619
v 12.7248993 -16.5270691 33.3791046
v 13.3041105 -16.150238 32.1999779
v 15.4134998 -14.6724062 32.2000656
v 15.2205572 -14.8000641 34.0971146
v 17.6037464 -12.873189 34.7581482
v 17.9902878 -12.5330801 32.2000046
v 19.0431767 -11.4488602 35.1591034
v 19.6274033 -10.7849703 32.1471786
v 20.3081398 -9.83361149 35.5333023
v 21.0826607 -8.60594559 32.0154037
v 21.7237473 -7.35589933 35.9611473
v 21.8433094 -6.99687815 32.1641045
v 22.247221 -5.25317764 35.4268227
v 22.2656517 -5.13684177 32.2000122
v 22.1839828 -4.91788387 35.2055397
v 21.8929234 -4.57940912 32.2000008
v 21.9228497 -4.60638094 34.9466515
v 21.3860493 -4.51428986 34.7170219
v 21.3880444 -4.51450014 32.1611671
v 20.7838058 -4.85604715 31.7016373
v 16.3324051 -7.44075584 31.7398815
v 16.3553867 -7.40339327 28.904665
v 16.0026035 -8.1439743 27.3959541
v 16.6337852 -6.75336933 28.497221
v 15.2066431 -9.59064293 31.7012749
v 15.2197466 -9.56232357 27.4000206
v 15.1783228 -10.3177776 30.984911
v 15.1834059 -10.3869581 31.6913738
v 15.0788774 -11.0270929 27.3999996
v 15.3301601 -10.6372566 31.152813
v 15.3615923 -10.6561432 31.6703148
v 15.6205549 -10.7585735 31.2008667
v 15.6581593 -10.7595539 31.6982346
v 19.2737541 -10.383234 31.1868954
v 19.4435291 -10.3451385 31.693737
v 19.5324306 -10.2643156 31.0598755
v 15.019062 -11.3014135 30.1126194
v 14.7422028 -12.1601362 27.3999996
v 15.1186609 -11.1473455 30.545639
v 15.3301601 -10.6372566 31.152813
v 15.6205549 -10.7585735 31.2008667
v 15.135951 -11.602417 30.4019947
v 15.5029573 -11.8434038 30.4234085
v 19.2737541 -10.383234 31.1868954
v 16.3208942 -13.7285681 28.9866352
v 18.4400826 -11.5746803 30.2938614
v 19.5324306 -10.2643156 31.0598755
v 14.6831017 -12.3005209 29.3519993
v 14.8102598 -12.1884155 29.7948761
v 15.1418362 -12.1033278 30.1807423
v 14.0889263 -13.3644571 28.5664196
v 14.1930046 -13.2068071 27.3999977
v 13.6547842 -13.8495617 27.3999977
v 14.7541428 -12.6771832 29.6359425
v 14.9350052 -12.9025297 29.648447
v 13.5254107 -13.9902287 28.6306973
v 12.9824953 -14.3504028 27.3999977
v 14.0656958 -13.5199547 28.7970295
v 14.2887793 -13.8097544 29.0072556
v 13.5834017 -14.1063061 28.85602
v 12.9871473 -14.4183416 28.7661381
v 13.4490957 -14.5218763 28.9937077
v 11.8870306 -15.097332 28.9375267
v 12.3621969 -14.6700678 28.7473755
v 12.2125969 -14.6821718 27.3999977
v 10.762516 -14.9447317 27.4607601
v 11.2675991 -14.9746428 28.4420013
v 10.8892784 -15.2684507 28.5845852
v 10.2025576 -15.1059113 27.4353256
v 9.26702023 -16.2601929 28.5255432
v 8.11532021 -16.0667877 26.9999981
v 9.74255943 -16.232851 28.7538414
v 7.49130154 -17.1576443 28.5359535
v 6.03775215 -16.9571705 26.9999981
v 7.65762997 -17.5054913 28.8854923
v 8.92453957 -17.3587761 28.9917469
v 5.61946583 -17.8489285 28.5296993
v 3.86497664 -17.5801601 26.9999981
v 5.84022856 -18.1177845 28.8398838
v 6.07718563 -18.4838543 28.9917336
v 13.8254232 -16.8381195 28.9956875
v 7.8976779 -18.7820187 28.982523
v 6.65042019 -19.6042957 28.9810734
v 10.6570072 -17.9695015 28.9949932
v 7.93646622 -19.1435261 28.7834854
v 7.00136518 -19.8016472 28.7452755
v 14.4204016 -16.5714874 28.9563217
v 13.4025545 -17.2776775 28.9094315
v 10.4397421 -18.4582615 28.8039474
v 8.14206696 -19.2647552 28.3000088
v 8.69924736 -19.4367561 27.0022087
v 8.90738869 -19.0785446 27.4999981
v 10.6307573 -18.5887852 28.508646
v 10.9964952 -18.4919014 27.4956989
v 12.9874849 -17.7702885 28.5517063
v 12.9502344 -17.8100815 27.5023708
v 14.5677509 -16.6919518 27.4973221
v 13.900279 -17.15522 28.7521191
v 15.118186 -16.1727486 28.7235146
v 16.115818 -15.1479263 27.4999981
v 15.9081984 -15.0325489 28.9765301
v 16.1070805 -15.1322603 28.7352734
v 16.6602116 -13.6654243 27.4934444
v 16.5448647 -13.8414993 28.7930393
v 16.824522 -13.3901958 29.0631924
v 18.3427925 -11.7551174 27.4987583
v 19.5495758 -10.2498846 27.5000019
v 20.9553242 -8.18041134 29.3918209
v 20.5056362 -8.9270525 31.7003117
v 19.4435291 -10.3451385 31.693737
v 21.0358295 -7.95944452 31.7000008
v 21.2608109 -7.36694384 29.7143364
v 21.347683 -7.02145243 31.7000008
v 21.4876442 -6.04293728 29.793129
v 21.5166321 -5.34040356 31.7005672
v 21.5109768 -5.31428528 29.8310547
v 21.2428303 -4.93306303 31.7091942
v 21.2023811 -4.91334391 29.8535347
v 20.773735 -4.8717227 29.831913
v 19.6300278 -5.51094198 28.9206772
v 16.6337852 -6.75336933 28.497221
v 19.6195469 -5.036695 28.499691
v 7.71476316 -16.8418903 32.1999931
v 13.3041105 -16.150238 32.1999779
v 12.3220778 -16.7804947 31.4999619
v 7.79816628 -17.3343601 31.4999905
v 5.63114548 -18.1753445 31.5003376
v 5.86571598 -17.5454693 32.2000008
v 7.79816628 -17.3343601 31.4999905
v 12.3220778 -16.7804947 31.4999619
v 9.32117271 -18.4989529 31.5002766
v 5.63114548 -18.1753445 31.5003376
v 6.43600416 -19.8101978 31.5045967
v 15.0200109 -11.3172197 32.199955
v 19.6274033 -10.7849703 32.1471786
v 17.9902878 -12.5330801 32.2000046
v 15.4134998 -14.6724062 32.2000656
v 13.4317846 -12.5260668 32.2000008
v 13.7816267 -11.220438 32.2000008
v 12.4759989 -13.4818535 32.2000008
v 14.6308346 -10.8667297 32.1991997
v 13.3041105 -16.150238 32.1999779
v 13.4317846 -9.91481018 32.2000008
v 11.1703701 -13.8316946 32.2000008
v 14.7238283 -9.44064903 32.1998291
v 7.71476316 -16.8418903 32.1999931
v 12.4759979 -8.95902443 32.2000046
v 9.86474133 -13.4818535 32.2000008
v 12.4054489 -7.43262005 32.1989365
v 16.0374012 -6.96566868 32.1995239
v 15.758811 -6.9330616 32.2065239
v 11.5621872 -7.80533838 32.1981163
v 11.1703691 -8.60918236 32.2000046
v 10.6156797 -7.49532938 32.2008972
v 9.86474037 -8.95902443 32.2000046
v 9.15330124 -9.19432449 32.199955
v 8.90895557 -9.91481113 32.2000008
v 7.44791079 -10.6489058 32.2008972
v 8.5591135 -11.220439 32.2000008
v 7.75333643 -11.5930176 32.1981506
v 8.90895557 -12.5260677 32.2000008
v 13.8624067 -4.32350159 32.1998596
v 16.4351349 -4.70861626 32.2408562
v 17.4682941 -1.83645213 32.1940384
v 14.524601 -0.578213274 32.2001076
v 17.487421 1.04990602 32.2005119
v 7.4001112 -12.4072647 32.1990547
v 14.0908194 3.55434918 32.19981
v 17.0759239 3.82917237 32.2000008
v 16.4109459 6.07707214 32.2000008
v 12.5528975 7.3218832 32.1998291
v 15.451582 8.21575356 32.2000008
v 13.8138361 10.7890282 32.2000847
v 9.82726002 10.7331057 32.2000771
v 5.21760082 -13.528739 32.2000008
v 11.7594318 13.0279493 32.1977043
v 5.40282679 -16.6979218 32.1977234
v 5.86571598 -17.5454693 32.2000008
v 2.09854412 -14.3800716 32.2000008
v 2.43665671 -17.3576527 32.2000847
v -0.610738039 -17.4893436 32.2000008
v -1.97080803 -14.3979683 32.1998367
v -2.94257092 -17.2508354 32.2000008
v -5.22179937 -16.702776 32.2000008
v -5.88557053 -13.2870588 32.1998482
v -7.83446312 -15.6695089 32.2005119
v -9.98976517 -10.6039705 32.1997566
v -10.2096071 -14.2722454 32.1847
v -12.2953472 -11.8789415 32.2408562
v -13.8836098 -10.1810045 32.2065239
v -12.6395597 -7.0271287 32.1989365
v -14.0511436 -10.4059668 32.1995239
v -15.5377531 -8.03089046 32.1998291
v -13.9967394 -6.3250246 32.2000046
v -12.5407114 -6.11048269 32.1981163
v -15.3023672 -6.6748662 32.2000008
v -13.0409517 -5.36923742 32.2000046
v -16.7262783 -7.23731375 32.1991997
v -11.7989817 -5.44578886 32.2008972
v -16.6079941 -6.32502413 32.2000008
v -12.6911097 -4.06360865 32.2000046
v -12.5391665 -3.32983446 32.199955
v -13.0409527 -2.75798082 32.2000008
v -12.9461765 -1.12563193 32.2008972
v -13.9967384 -1.80219483 32.2000008
v -13.9165125 -0.918082118 32.1981506
v -15.3023682 -1.45235252 32.2000008
v -17.3110027 -7.34910631 32.199955
v -14.4450598 -0.205056041 32.1990547
v -16.607996 -1.80219424 32.2000008
v -17.5637817 -5.3692379 32.2000008
v -18.4428825 1.73975945 32.1999931
v -17.5637817 -2.75798154 32.2000008
v -14.2087727 3.14410567 32.2000771
v -20.6385689 -3.44658256 32.1999779
v -17.9136238 -4.06361008 32.2000008
v -20.4134254 -6.0122838 32.2000656
v -19.8491077 -9.31351089 32.2000046
v -19.1537571 -11.6053505 32.1471786
v -17.1622543 3.6699872 32.1977043
v -18.127676 3.69287109 32.2000008
v -16.250494 6.56861496 32.2000847
v -12.6173878 7.21018267 32.1998291
v -14.8408422 9.2735815 32.2000008
v -13.4683762 11.1737528 32.2000008
v -10.1235723 10.425827 32.19981
v -11.854126 12.8735914 32.2000008
v -9.65295982 14.6195917 32.2005119
v -6.76156044 12.8677731 32.2001076
v -7.14373207 16.0462093 32.1940384
v -3.18694568 14.1669416 32.1998596
v -4.13979053 16.5875473 32.2408562
v -1.87520289 17.1140575 32.2065239
v 0.234108642 14.4597387 32.1989365
v -1.98625827 17.3716259 32.1995239
v 0.813922644 17.471529 32.1998291
v 1.52073872 15.2840385 32.2000046
v 0.978523493 13.9158134 32.1981163
v 1.87058103 16.5896664 32.2000008
v 1.87058139 13.9784098 32.2000046
v 2.09544253 18.1040344 32.1991997
v 1.18330145 12.9411077 32.2008972
v 2.82636666 17.5454521 32.2000008
v 2.82636833 13.0226231 32.2000046
v 3.38586378 12.5241489 32.199955
v 4.13199663 12.6727819 32.2000008
v 5.49826431 11.7745275 32.2008972
v 5.43762445 13.0226231 32.2000008
v 6.16317654 12.5110893 32.1981506
v 6.39341116 13.9784107 32.2000008
v 2.29098988 18.6663151 32.199955
v 7.04494762 12.6123123 32.1990547
v 6.74325275 15.2840395 32.2000008
v 4.1319952 17.8952961 32.2000008
v 10.7281189 15.1021204 32.1999931
v 12.261961 13.8525877 32.2000008
v 6.39340925 16.5896664 32.2000008
v 7.33445692 19.5968113 32.1999779
v 5.43762302 17.545454 32.2000008
v 4.9999218 20.6846809 32.2000656
v 1.85881758 21.8465824 32.2000046
v -0.473644644 22.3903084 32.1471786
v 21.4834023 -11.2041969 27.1822243
v 21.2162437 -11.128684 26.9983368
v 21.420187 -11.5004454 27.2926617
v 17.4277325 -14.8537455 27.0002117
v 19.3059177 -13.6242294 27.3011837
v 17.7867756 -14.9764328 27.2800922
v 16.8951664 -17.0027008 27.2437191
v 16.4268513 -17.0166073 27.0000381
v 16.6802864 -17.3169708 27.3149586
v 14.3874798 -18.375679 27.3444405
v 12.4980917 -18.7008095 27.0001621
v 11.819211 -19.3410873 27.3458748
v 9.30478382 -20.0689735 27.3306313
v 8.87080097 -19.7867241 27.0032425
v 7.30459452 -20.0212803 28.5678596
v 8.87080097 -19.7867241 27.0032425
v 8.69924736 -19.4367561 27.0022087
v 7.00136518 -19.8016472 28.7452755
v 5.95131588 -20.4233074 30.0053883
v 6.65042019 -19.6042957 28.9810734
v 5.21941519 -18.932806 29.9412003
v 6.07718563 -18.4838543 28.9917336
v 5.84022856 -18.1177845 28.8398838
v 4.80887747 -18.5957775 29.6174107
v 4.36229849 -18.5053272 29.2263546
v 2.57576084 -18.8246021 29.1999989
v 0.805217624 -18.0043316 26.9999657
v 0.162163749 -19.0073261 29.1761379
v -4.07675409 -18.3562279 28.1491985
v -2.98561907 -18.8338547 29.2209473
v -6.88106394 -17.8720512 27.008955
v -6.58115673 -18.2517815 28.6235256
v -6.38031197 -18.2936649 29.3154774
v -7.48852777 -18.1289978 27.7208099
v -8.01308823 -18.3148232 28.0759373
v -8.19158077 -18.1088467 27.8416138
v -7.9187026 -16.7641945 26.9996204
v -7.60461521 -18.6717777 29.5361786
v -6.89804411 -18.5172081 29.9523754
v -7.20385981 -18.9757271 30.6292362
v -7.68297577 -19.3692627 30.7629108
v -7.254776 -19.4798336 31.1976109
v -8.77613926 -19.0180244 29.6438122
v -8.91475582 -18.7460823 29.2831573
v -8.39980507 -17.960207 27.9218845
v -8.44457436 -16.5141125 27.783617
v -7.8861928 -15.8087196 27.0000019
v -7.38751125 -21.4965572 32.4307327
v -9.20487118 -17.8131161 29.2220402
v -9.10793781 -19.1991787 29.7160645
v -10.6490746 -20.7520027 29.7848759
v -9.18769264 -18.7436676 29.4799747
v -9.33590317 -19.0183277 29.6009235
v -9.45965004 -18.0774384 29.4894199
v -10.3001747 -16.8991623 29.4884377
v -10.944375 -20.5244637 29.6364002
v -9.74477291 -17.0743294 29.340889
v -9.1172142 -16.822998 28.752615
v -9.5293169 -16.39258 28.9593544
v -9.46074772 -16.1892338 28.6515102
v -9.24457455 -15.7654839 28.2802143
v -8.84471512 -14.6406651 28.3046036
v -7.65982676 -15.254137 26.9975986
v -9.63661671 -15.65868 28.4832134
v -9.1755209 -14.389122 28.4874706
v -11.6094856 -14.2877865 28.5002403
v -11.0096216 -13.0376062 28.500021
v -11.5726795 -14.8425016 28.7792072
v -11.4959888 -15.1816702 29.1190128
v -14.1716785 -14.472683 28.4996891
v -13.3957958 -11.5115995 28.488163
v -12.8958073 -11.1786985 28.4775734
v -14.1654797 -11.0285988 28.497221
v -14.2049274 -15.0565996 28.7823353
v -13.3237419 -10.6822948 28.2604389
v -13.789341 -11.0374889 28.2794304
v -14.7270641 -9.58509064 27.0038204
v -14.2978401 -9.28644085 27.0006294
v -10.3202591 -16.1891193 29.3034592
v -11.6432285 -15.6434145 29.3735847
v -14.2443676 -15.5071688 29.1440849
v -14.2614441 -16.0431538 29.3471546
v -14.4622145 -18.8860397 29.4726162
v -14.9667406 -16.5206776 29.3512573
v -17.4588852 -17.3219204 29.3515816
v -15.8026342 -16.3286343 29.3192997
v -17.4194088 -15.0444288 29.2026005
v -14.3709087 -19.2628136 29.6196251
v -19.014883 -15.8414488 29.1886425
v -17.8677349 -14.527154 28.9410801
v -11.2534008 -20.8396797 29.7513123
v -19.4191055 -15.3580637 28.9003391
v -19.3253727 -15.8980589 29.258297
v -20.2458439 -12.8094683 26.9983349
v -19.0577526 -12.1788836 27.0039692
v -20.1305466 -14.5415192 28.3232574
v -19.8614101 -15.3690863 29.0660477
v -21.5775852 -7.66599035 27.0002155
v -20.5491734 -7.91986418 26.9998779
v -21.2397366 -7.0686307 27.0000019
v -22.9502373 -5.71776581 27.000042
v -21.9484463 -4.79151773 27.0000153
v -20.4448185 -13.0030766 27.1822224
v -22.4444199 -1.4732635 27.0001659
v -22.2001133 -2.28408313 27.0000019
v -21.7747993 -0.0642724857 27.0000114
v -21.5712032 2.21101952 27.0032463
v -21.1823463 2.18460512 27.0022125
v -20.6697693 -12.8002081 27.2926598
v -20.440649 -13.9923143 28.1581726
v -21.7168007 -14.7192669 33.0720329
v -22.5669842 -11.2451038 32.6734543
v -21.4518852 -9.90730476 27.3011856
v -22.3402462 -8.98689365 29.7696991
v -21.8633556 -7.91558647 27.2800961
v -23.1723518 -6.13029766 27.2437229
v -23.3865376 -9.20131969 31.7875137
v -22.7574291 -9.88822937 31.8545284
v -24.1187477 -8.35182762 32.0907059
v -23.3370781 -5.78706789 27.3149643
v -22.7844849 -9.80620956 32.4123344
v -22.7493572 -9.70800304 33.5421066
v -23.1551132 -9.28968334 32.2398109
v -23.0072441 -7.1334033 33.0013695
v -22.423914 -12.0364704 33.4980545
v -21.5915318 -14.9394922 33.8229904
v -24.0371113 -5.79908705 32.0072021
v -23.1075439 -3.27208686 27.3444443
v -23.963728 -8.15389347 32.4726181
v -22.1409283 -12.6561155 33.9297371
v -21.2747631 -15.7243614 33.2615814
v -24.109005 -8.08566761 32.2908859
v -23.7924347 -4.53815985 32.2924385
v -23.81674 -3.54609799 31.9246597
v -23.2051258 -6.77024412 33.0612984
v -22.9595203 -6.54208136 33.2656631
v -23.2378311 -0.140124485 31.4286556
v -22.6594753 -0.565196753 27.3458786
v -22.2861977 3.4845531 30.9328308
v -22.0326309 1.97630346 27.3306351
v -21.5712032 2.21101952 27.0032463
v -20.99123 3.6846714 28.5678635
v -20.6627579 5.0576582 30.0053921
v -20.6463261 5.05412388 30.4735489
v -23.2610664 -1.20624089 32.0166969
v -22.526371 2.0043726 31.5523834
v -22.0708294 3.56629801 31.3170261
v -21.2440434 3.86527777 31.7826977
v -20.903389 4.18332767 31.7340488
v -20.3741322 4.33135128 31.5046005
v -18.8739738 4.95657349 30.4754543
v -18.5558777 4.21095276 31.5003414
v -22.0708294 3.56629801 31.3170261
v -17.1622543 3.6699872 32.1977043
v -18.127676 3.69287109 32.2000008
v -18.3238373 5.28061056 30.6121731
v -16.250494 6.56861496 32.2000847
v -17.5904617 7.18162251 30.7000027
v -16.5421829 9.37363911 30.6970215
v -14.8408422 9.2735815 32.2000008
v -14.4368439 12.5071478 30.7093811
v -13.4683762 11.1737528 32.2000008
v -11.854126 12.8735914 32.2000008
v -12.8591022 14.3880386 30.700964
v -11.0241375 14.7111597 31.4892673
v -9.65295982 14.6195917 32.2005119
v -9.72598743 15.0331593 31.885067
v -8.25312328 15.5145273 32.1459732
v -7.14373207 16.0462093 32.1940384
v -8.37268925 15.9303856 32.3090591
v -9.72598743 15.0331593 31.885067
v -6.7677331 16.2262936 32.2869186
v -4.13979053 16.5875473 32.2408562
v -10.3634701 15.5091114 32.139679
v -11.0241375 14.7111597 31.4892673
v -11.6722193 16.0665245 32.9771271
v -11.8578577 15.920866 32.7397423
v -11.3853493 15.2787094 31.8861694
v -12.8591022 14.3880386 30.700964
v -12.6283188 14.7609081 31.1007271
v -12.6134462 15.3457718 31.8404942
v -12.917943 15.8227215 32.6440353
v -13.3101177 16.0414562 33.2004242
v -7.55362892 16.6180935 33.1426163
v -2.71931481 17.6361485 32.7058372
v -1.87520289 17.1140575 32.2065239
v -11.3855715 16.2920151 34.182579
v -11.6722193 16.0665245 32.9771271
v -11.8105841 15.964221 33.7255173
v -11.8578577 15.920866 32.7397423
v -9.3514452 18.0219097 34.6339302
v -6.50452662 18.3297176 34.0423737
v -7.66144228 19.981596 35.2787247
v -7.47751141 20.4084015 35.4669151
v -7.85098314 20.7446423 35.747551
v -10.4167767 19.7932453 35.909523
v -9.97837734 20.5541611 36.1860657
v -12.7162437 19.0034008 36.1864777
v -7.62655687 21.4569588 36.0854759
v -7.13087177 21.7078705 36.1087952
v 21.8433094 -6.99687815 32.1641045
v 22.0028076 -5.24437857 32.1999359
v 22.2656517 -5.13684177 32.2000122
v 21.8929234 -4.57940912 32.2000008
v 21.7379093 -4.7191062 32.1998787
v 21.3880444 -4.51450014 32.1611671
v 14.3419943 -8.17618847 27.4873142
v 14.6720085 -7.65733147 27.5
v 15.5313139 -5.8166852 28.8826809
v 14.3353434 -8.12848186 29.2109489
v 13.5512056 -8.35857964 29.2098389
v 13.5218744 -8.38434219 27.5024605
v 15.2133789 -6.48928308 29.1800251
v 16.1064262 -3.4109621 29.2357025
v 15.3075981 -5.51157427 29.474762
v 11.1826658 -6.98770571 29
v 10.7176971 -6.78068113 27.4948845
v 16.3058281 -1.23184681 29.4327888
v 16.5531273 -0.46636945 28.9652596
v 16.4502258 1.29212403 29.2718792
v 16.5099525 1.15063608 27.5
v 16.0094147 4.33721876 27.5068035
v 14.1781845 -7.87762165 29.4777069
v 13.6659565 -8.12195396 29.4590645
v 13.7344046 -3.22524333 29.5025311
v 12.075469 -7.12123919 29.4942455
v 14.0010071 1.49838722 29.5004215
v 15.9573364 2.26688123 29.5044289
v 13.0362463 5.32201719 29.5006351
v 16.1544228 3.39834785 29.2583656
v 15.5616293 5.50210953 29.2572727
v 14.2864466 8.42255306 27.5032005
v 11.5245485 -7.10548258 29.3446465
v 11.9117317 -6.9340868 29.7425022
v 12.8532877 -5.02325106 29.75
v 13.7344046 -3.22524333 29.5025311
v 13.677702 -2.03509259 29.7580051
v 14.0010071 1.49838722 29.5004215
v 13.783535 0.673923314 29.75
v 13.322053 3.71619058 29.7504787
v 13.0362463 5.32201719 29.5006351
v 11.8131857 7.17241049 29.7625027
v 11.0499411 8.72746372 29.5005436
v 9.46348476 10.0916719 29.7392731
v 8.82478142 10.9327784 29.5
v 6.90804338 11.930212 29.7430077
v 7.03128815 12.1442823 29.4992905
v 6.62867212 11.9657507 29.4325314
v 6.82891417 11.9493437 31.4918575
v 8.66775799 10.738246 31.5
v 9.46348476 10.0916719 29.7392731
v 10.6363802 8.84050655 31.4995232
v 11.8131857 7.17241049 29.7625027
v 12.3019428 6.2531743 31.5
v 13.322053 3.71619058 29.7504787
v 13.3837566 3.49419808 31.496788
v 13.783535 0.673923314 29.75
v 13.8278465 -0.353614718 31.496788
v 13.677702 -2.03509259 29.7580051
v 13.1813087 -4.16366386 31.4705963
v 12.8532877 -5.02325106 29.75
v 11.8716555 -6.98664045 31.5069866
v 11.9117317 -6.9340868 29.7425022
v 11.5245485 -7.10548258 29.3446465
v 11.3884363 -7.07438803 31.5076408
v 10.7219791 -6.79242516 31.499958
v 10.1142197 -6.97945452 31.4967461
v 10.0997667 -6.9904108 27.5026131
v 8.6585331 -8.69734001 31.5119362
v 8.65000153 -8.68877125 27.5001469
v 6.94066811 -10.1344395 27.5039997
v 6.83870316 -10.2909012 31.5180798
v 6.74560452 -10.7794304 27.4856129
v 6.78757334 -10.9273119 31.4933624
v 6.93762398 -11.2138062 29
v 7.02338409 -11.4199591 31.5076408
v 8.32558155 -13.5594044 27.5006905
v 7.04654598 -11.5541859 29.375124
v 6.93397951 -11.88869 31.4918575
v 6.87784719 -11.9476528 29.7430077
v 4.96571589 -12.8756275 31.4999981
v 4.96571589 -12.8756266 29.7499981
v 2.33791828 -13.6316338 31.4995213
v 2.11078906 -13.6703711 29.753212
v -1.66148841 -13.7434311 31.5103416
v -1.63257599 -13.7233257 29.7625008
v -5.28429174 -12.7813759 29.7504768
v -5.49714136 -12.6931448 31.4967861
v -8.60128498 -10.8276997 29.7580051
v -7.964468 -11.2697525 31.5
v -10.1964912 -9.33351994 31.4705963
v -10.7769051 -8.61965275 29.75
v -11.986434 -6.78783941 31.5069866
v -11.9609594 -6.84882355 29.7425022
v -11.915801 -6.42781544 29.3446465
v -11.8208151 -6.32548571 31.5076408
v -11.6428595 -6.19062424 29
v -11.2433996 -5.88929987 31.499958
v -11.3718758 -6.02055931 27.5040989
v -11.0819073 -5.41686058 27.4891548
v -11.101491 -5.26944971 31.4967461
v -11.8613815 -3.14984441 31.5119362
v -11.8496952 -3.14674044 27.5001469
v -12.247014 -0.943579793 27.5039997
v -12.3315315 -0.777043462 31.5180798
v -12.7080612 -0.452154428 27.4856129
v -14.0219908 -7.5181222 27.5024605
v -12.8571138 -0.414559871 31.4933624
v -14.0143442 -7.55640173 29.209837
v -11.915801 -6.42781544 29.3446465
v -14.2375345 -8.12983513 27.5008411
v -14.2071428 -8.35053635 29.2109509
v -14.0775185 -8.73765755 27.4596863
v -12.8030519 -10.5421743 28.8826809
v -13.1802502 -0.401260734 29
v -13.4016638 -0.372454286 31.5076408
v -15.9055796 -0.430466831 27.5006924
v -13.5294905 -0.325398237 29.375124
v -13.7628946 -0.0606625564 31.4918575
v -13.7858915 0.0174317006 29.7430077
v -13.6334743 2.13737273 31.5
v -13.4713879 3.14978552 29.7392731
v -12.9742985 4.79111195 31.4995232
v -12.118083 6.64431143 29.7625027
v -11.5663815 7.52720356 31.5
v -9.87934589 9.67913437 29.7504787
v -9.71794891 9.84356594 31.4967861
v -7.47540617 11.5999241 29.75
v -6.6076951 12.1520634 31.4967861
v -5.07641077 12.8627787 29.758007
v -2.98482299 13.4971733 31.4705982
v -2.07638478 13.6428928 29.7500019
v 0.114775725 13.7744722 31.5069885
v 0.0492261089 13.7829018 29.7425041
v 0.420727521 13.4949646 29.2971249
v 0.432377696 13.3998642 31.5076427
v 0.521419227 12.6817141 31.4999599
v 0.471981972 12.8586082 27.5041008
v 0.849817097 12.3056383 27.4891567
v 0.987270892 12.2488937 31.4967461
v 3.20284653 11.8471746 31.5119362
v 3.19969249 11.8355026 27.5001469
v 5.30634403 11.0780106 27.5039997
v 5.49282503 11.0679369 31.5180798
v 5.96245432 11.231576 27.4856129
v 6.06953907 11.3418617 31.4933624
v 0.500112116 15.9024544 27.5024624
v 6.36058664 11.7884655 29.1680622
v 6.37827873 11.7924042 31.5076408
v 7.5799942 13.9898634 27.5006943
v 0.463135719 15.9149742 29.2098408
v 0.0781239569 16.3949795 27.500843
v -0.128204018 16.4790077 29.2109509
v -0.528278172 16.5603123 27.4596901
v -2.72826099 16.3588505 28.8826809
v 7.6343832 14.0187464 29.1897182
v 8.45101547 14.2018032 27.4981861
v 0.12943615 14.0182781 29.4942474
v 0.0492261089 13.7829018 29.7425041
v -2.07638478 13.6428928 29.7500019
v 7.83014441 13.84093 29.4565887
v 7.03128815 12.1442823 29.4992905
v 8.45173359 14.1536274 29.2238007
v 8.43767262 13.8758745 29.4744377
v 8.82478142 10.9327784 29.5
v 10.5736113 12.6994219 29.193285
v 11.5085716 11.9420519 27.4910946
v 10.6631393 12.2782812 29.4757442
v 11.0499411 8.72746372 29.5005436
v -4.07406378 13.506958 29.502533
v -5.07641077 12.8627787 29.758007
v -8.29814148 11.3760328 29.5004215
v -7.47540617 11.5999241 29.75
v -9.87934589 9.67913437 29.7504787
v -11.1271296 8.62870502 29.5006351
v -12.118083 6.64431143 29.7625027
v -13.0831814 5.20578861 29.5005436
v -13.4713879 3.14978552 29.7392731
v -13.8804569 2.17609262 29.5
v -13.7858915 0.0174317006 29.7430077
v -13.9722652 -0.134640247 29.475502
v -13.5294905 -0.325398237 29.375124
v -15.9577856 -0.397806436 29.1897163
v -16.5246315 0.217889696 27.4981842
v -15.9016733 -0.139365196 29.4565868
v -16.4832706 0.242599487 29.2237988
v -16.2356987 0.369298011 29.4744358
v -13.8804569 2.17609262 29.5
v -16.2848301 2.80729795 29.1932812
v -16.0964069 3.9956851 27.4910946
v -15.9648752 3.09540081 29.4757442
v -13.0831814 5.20578861 29.5005436
v -15.803175 4.92080259 29.0069237
v -15.4020624 5.47495699 29.4517193
v -11.1271296 8.62870502 29.5006351
v -14.9454165 7.00741625 29.2499828
v -14.4373665 8.16115284 27.5032024
v -12.9817829 9.6027689 29.4991302
v -13.9198217 8.84494209 29.2938976
v -12.545784 10.725709 29.2572727
v -11.7608509 11.6959457 27.5068035
v -9.94184971 12.6860104 29.5044308
v -8.29814148 11.3760328 29.5004215
v -11.0202703 12.2909613 29.2583637
v -9.34413433 13.6002407 29.2718811
v -9.25146008 13.7227144 27.5000019
v -7.87268114 14.5686073 28.9652615
v -7.08610678 14.7371798 29.4327908
v -4.07406378 13.506958 29.502533
v -5.0992341 15.6540518 29.2357044
v -2.88063526 16.0125504 29.4747639
v -0.266875118 16.217474 29.4777088
v -1.98681545 16.4198093 29.180027
v 0.200835228 15.8960419 29.4590664
v 15.1912107 -7.73907518 27.0006294
v 14.9112377 -8.26656342 27.0000687
v 15.6644621 -7.96146917 27.0038204
v 14.3754539 -8.71935844 27.0001144
v 14.8350163 -9.44364738 27.0000725
v 13.3982639 -8.88436031 27.0022163
v 13.0690928 -10.1702862 27
v 14.5694876 -11.4922762 26.9998264
v 12.0871658 -9.25647163 27.0000019
v 13.3263683 -11.4867411 27
v 10.5869131 -7.29877901 26.9977188
v 13.6784229 -13.2630615 26.999733
v 10.7556419 -9.09434319 27
v 12.7607107 -12.7029953 26.9999981
v 12.5270281 -14.1575108 26.9997158
v 11.588192 -13.3544817 26.9999981
v 9.01193333 -9.05233002 27.0000458
v 9.5831213 -9.74583054 27
v 9.01746655 -10.9620838 27.0000019
v 7.25376415 -10.6183252 26.9973545
v 9.27473831 -12.2785397 27
v 10.8222027 -14.5143337 26.9998722
v 8.82408333 -13.4377441 27.0023785
v 10.2566671 -13.1923523 26.9999981
v 8.65490627 -14.4142647 27.0001984
v 8.22584438 -14.9217615 27.0001087
v 8.11532021 -16.0667877 26.9999981
v 6.17368555 -15.8930235 26.9999981
v 6.03775215 -16.9571705 26.9999981
v 3.34955573 -16.7503338 27.0001259
v 3.86497664 -17.5801601 26.9999981
v 0.805217624 -18.0043316 26.9999657
v -0.805509388 -17.0632324 27.0002766
v -4.91221476 -16.3602753 27.0000553
v -6.88106394 -17.8720512 27.008955
v -7.9187026 -16.7641945 26.9996204
v -7.8861928 -15.8087196 27.0000019
v -7.65982676 -15.254137 26.9975986
v 15.6644621 -7.96146917 27.0038204
v 16.0026035 -8.1439743 27.3959541
v 16.4534149 -6.42317915 28.2794304
v 16.6337852 -6.75336933 28.497221
v 16.6672325 -5.84530401 28.488163
v 10.7281189 15.1021204 32.1999931
v 7.33445692 19.5968113 32.1999779
v 8.37129116 19.0614738 31.4999676
v 11.1129093 15.4205847 31.4999962
v 12.9247332 13.9643822 31.5003433
v 12.261961 13.8525877 32.2000008
v -6.16783571 20.4264374 29.8319149
v -6.34611464 20.8184681 29.8535366
v -6.7630558 20.3723431 29.3471584
v -6.82395554 21.2219105 29.3512611
v -6.1531868 21.2861881 29.8310566
v -6.23969412 21.8497944 29.3193035
v -5.51048946 21.6303082 29.7931309
v -4.2504487 22.0958691 29.7143383
v -4.31915188 22.6078606 29.2026043
v -3.3932209 22.2380428 29.3918228
v -3.64701509 22.7374859 28.9410839
v -0.898130894 22.0553665 27.5000038
v -1.0183444 22.593935 27.0039711
v 1.00883055 21.7628784 27.4987602
v 3.41578436 21.7560349 26.9998798
v 3.50449324 21.2608738 27.4934464
v 4.49825525 21.9284611 27.0000038
v 5.06057501 21.5306664 27.5000038
v 6.82464695 21.4036655 27.0000172
v 7.17177486 20.9620113 27.4973278
v 9.12198353 20.3679008 27.0000038
v 8.94886208 20.1202698 27.5023766
v 10.8317394 18.8896637 27.0000134
v 10.5162058 18.7691917 27.4957047
v 12.0688076 17.253294 27.5000038
v 12.4830971 17.2521439 27.0022144
v -6.7630558 20.3723431 29.3471584
v -6.30741787 20.0895615 29.1440887
v -6.16783571 20.4264374 29.8319149
v -5.93693304 19.8301201 28.7823391
v -5.04240227 19.7555695 28.9206791
v -5.44787169 19.5093689 28.4996929
v -0.877060413 22.0477333 31.0598774
v -0.762615681 22.0111561 31.6937389
v -0.644735754 21.883173 31.1868973
v 1.48896265 18.940136 31.6982365
v 1.50691652 18.9070797 31.2008686
v 1.54769039 18.6315956 31.6703167
v 1.54705048 18.5949306 31.1528149
v 1.4036628 18.3426895 31.6913757
v 1.34629214 18.3036976 30.9849129
v 0.702414632 17.9646549 31.7012768
v 0.671337724 17.9618435 27.4000225
v -0.948417008 17.9306431 27.395956
v -2.4683063 17.7819595 28.4972229
v 2.01030016 18.5722332 27.4000015
v 2.27777576 18.6575909 30.1126213
v 3.15988159 18.8471851 27.4000015
v 2.09454966 18.666811 30.5456409
v 1.54705048 18.5949306 31.1528149
v 1.50691652 18.9070797 31.2008686
v 2.4800086 18.9093208 30.4019966
v 2.50520563 19.3476505 30.4234104
v 3.70641398 19.3853531 29.6484489
v 2.91086769 19.1648731 30.1807442
v 3.15034342 18.9202633 29.794878
v 3.31100845 18.8661957 29.3520012
v 3.60168743 19.1160488 29.6359463
v 4.52949238 18.8835926 28.5664234
v 4.34092426 18.8949013 27.4000015
v 5.16667604 18.7501659 27.4000015
v 4.67577267 18.9412212 28.7970314
v 5.35318422 18.7084599 28.6307011
v 5.42471457 18.8167191 28.8560238
v -4.49148178 22.4912586 35.9611473
v -6.57423019 21.8932419 35.4268227
v -7.13087177 21.7078705 36.1087952
v -6.83298397 21.6708298 35.2055397
v -7.62655687 21.4569588 36.0854759
v -6.972188 21.288929 34.9466515
v -7.85098314 20.7446423 35.747551
v -7.47751141 20.4084015 35.4669151
v -6.78353977 20.7779999 34.7170219
v -2.71931481 17.6361485 32.7058372
v -1.72232187 17.8646488 31.7398815
v -1.98625827 17.3716259 32.1995239
v -1.87520289 17.1140575 32.2065239
v 0.813922644 17.471529 32.1998291
v 0.702414632 17.9646549 31.7012768
v 2.09544253 18.1040344 32.1991997
v 1.4036628 18.3426895 31.6913757
v 1.54769039 18.6315956 31.6703167
v 2.29098988 18.6663151 32.199955
v 1.48896265 18.940136 31.6982365
v -0.473644644 22.3903084 32.1471786
v -0.762615681 22.0111561 31.6937389
v -2.52176762 22.2219238 31.7003136
v -3.08836651 22.5610847 32.0154037
v -3.6248374 22.197279 31.7000027
v -4.86217737 22.4152946 32.1641006
v -4.5930891 21.9983559 31.7000027
v -6.13339901 21.304142 31.7005692
v -6.45964336 21.6771755 32.1999359
v -6.78209352 21.1851292 32.1998787
v -6.34926224 20.8633575 31.709198
v -6.78435469 20.7798347 32.1611671
v -6.18644667 20.4273224 31.7016392
v -7.66144228 19.981596 35.2787247
v -9.12715149 19.4558525 35.7283478
v -10.4167767 19.7932453 35.909523
v -10.9934006 19.1011333 36.074234
v -13.4938602 18.1708164 36.3550835
v -12.7162437 19.0034008 36.1864777
v -14.6347971 17.8930492 36.2882538
v -15.3625555 16.9336796 36.3906555
v -15.9867849 16.8691769 36.2186317
v -9.12715149 19.4558525 35.7283478
v -7.66144228 19.981596 35.2787247
v -8.938591 19.2046337 35.5390549
v -9.3514452 18.0219097 34.6339302
v -11.4718819 16.6224098 34.8544998
v -11.3855715 16.2920151 34.182579
v -15.3625555 16.9336796 36.3906555
v -15.9867849 16.8691769 36.2186317
v -16.140976 17.078577 36.3863525
v -14.6347971 17.8930492 36.2882538
v -13.5427732 19.279007 36.7121696
v -14.557416 18.8490849 36.5077209
v -12.6941071 20.0750198 36.6768799
v -10.642663 21.2023106 36.8077164
v -9.32738781 21.5868187 36.9871407
v -8.34909058 22.2163925 36.8955307
v -5.97281742 23.0316086 36.9966545
v -12.9542685 19.3589058 36.6407051
v -12.9542685 19.3589058 36.6407051
v -12.7162437 19.0034008 36.1864777
v -9.97837734 20.5541611 36.1860657
v -8.49986458 21.7492886 36.9586258
v -8.49986458 21.7492886 36.9586258
v -7.13087177 21.7078705 36.1087952
v -4.49148178 22.4912586 35.9611473
v -5.2219882 22.8627663 36.9944191
v -3.91795564 23.0497017 36.8930435
v -1.63791716 22.5041618 35.5333023
v -1.09922183 22.9609871 36.3456802
v 0.604628026 22.6674824 35.9690971
v 0.39341113 22.2162991 35.1591034
v 2.54152155 22.1550159 35.5387154
v 2.34663057 21.681881 34.7581482
v 5.2069478 20.5814152 34.0971146
v 4.89664936 21.2737427 34.8981514
v 7.95040798 19.2836151 33.3791046
v 8.43575096 19.4925747 33.7336044
v 11.0087833 17.5239143 32.4794388
v 12.4099283 17.132267 32.3542328
v 13.9381275 15.478838 31.5046024
v 14.074564 16.0112 31.7340508
v -9.12715149 19.4558525 35.7283478
v -8.938591 19.2046337 35.5390549
v -10.9934006 19.1011333 36.074234
v -11.4718819 16.6224098 34.8544998
v -13.4938602 18.1708164 36.3550835
v -15.3625555 16.9336796 36.3906555
v -11.712306 12.4342346 27.0000572
v -9.38055515 14.2606668 26.9976025
v -9.74765491 14.7339964 27.0000057
v -10.5588646 15.2398872 26.9996243
v -12.0371161 14.8951931 27.0089569
v -15.9948149 8.30482292 26.9999695
v -14.3744297 9.2292099 27.0002785
v -16.1809883 5.47436285 27.0001297
v -17.1573486 5.44290829 27.0000019
v -17.7042141 3.24973392 27.0000019
v -16.8506012 2.59993958 27.0000019
v -17.9719048 1.00531721 27.0000019
v -17.0355453 0.33708635 27.0001125
v -17.9808807 -2.11513996 26.9998741
v -16.8105698 -0.288240731 27.0002003
v -16.0494671 -0.923013091 27.0023804
v -16.5532436 -2.28636193 27
v -17.3594151 -3.35843134 27
v -15.2708931 -1.89289284 27
v -18.5242767 -3.7699728 26.9997177
v -12.8226194 -0.972786248 26.9973545
v -17.3814716 -4.69960594 27
v -14.0021744 -2.3283174 27.0000019
v -18.3253593 -5.21433449 26.9997349
v -16.6109924 -5.79760742 27
v -17.2373447 -6.87141228 26.9998264
v -12.3455114 -3.27840281 27.0000458
v -13.2316942 -3.42631555 27
v -13.2537508 -4.76749182 27
v -11.6125851 -5.50601244 26.9972744
v -14.0599203 -5.83956146 27.0000019
v -15.3422709 -6.23302746 27
v -14.392662 -7.16126585 27.0025654
v -15.5959444 -8.12568188 27.0000725
v -14.7389116 -8.08983421 27.0001144
v -14.7270641 -9.58509064 27.0038204
v -14.6146708 -8.78023338 27.0000687
v -14.2978401 -9.28644085 27.0006294
v 7.98082018 16.3886261 27.4353313
v 7.1586771 16.6294651 26.999876
v 9.8565836 15.0614634 27.0000038
v 7.56125784 16.7929745 27.4607658
v 6.60883141 17.9174995 27.4000034
v 5.99724627 17.927475 26.9997196
v 5.93656206 18.4183674 27.4000015
v 5.16667604 18.7501659 27.4000015
v 4.6469326 18.4773884 26.9997368
v 4.34092426 18.8949013 27.4000015
v 3.15988159 18.8471851 27.4000015
v 2.66785574 18.3636799 26.9998283
v 2.01030016 18.5722332 27.4000015
v 0.760925949 17.5693207 27.0000744
v 0.671337724 17.9618435 27.4000225
v -0.937400103 17.5465527 27.0038223
v -0.948417008 17.9306431 27.395956
v 12.9247332 13.9643822 31.5003433
v 11.359971 17.3218441 31.5002823
v 13.9381275 15.478838 31.5046024
v 11.1129093 15.4205847 31.4999962
v 8.37129116 19.0614738 31.4999676
v 13.9694519 16.4652386 31.7826996
v 14.074564 16.0112 31.7340508
v 12.4099283 17.132267 32.3542328
v 10.6483335 18.5739841 33.102932
v 8.43575096 19.4925747 33.7336044
v 5.32969904 21.3632011 34.8194389
v 4.89664936 21.2737427 34.8981514
v 2.54152155 22.1550159 35.5387154
v 2.66760969 22.4768085 35.4930725
v 0.603838325 23.065136 36.0539398
v 0.604628026 22.6674824 35.9690971
v -1.12916088 23.2491837 36.4086151
v -1.09922183 22.9609871 36.3456802
v -3.06527781 23.3166294 36.7732697
v -3.91795564 23.0497017 36.8930435
v -4.08827829 23.3120461 36.9043427
v -5.2219882 22.8627663 36.9944191
v -5.24070072 23.1440201 36.9593697
v -6.11700058 22.7717838 37.0192757
v -1.03858554 24.2072659 27.1822262
v -0.970402539 23.9381428 26.9983387
v -0.750419497 24.3006439 27.2926636
v 4.14985132 22.5197277 27.0002174
v 2.14596581 23.5315266 27.3011875
v 4.07657957 22.8920116 27.280098
v 6.27718306 23.1329899 27.2437248
v 6.52339125 22.7343636 27.0000439
v 6.65678787 23.1040306 27.3149662
v 8.7200613 21.6477585 27.3444462
v 9.94632626 20.1740646 27.0001678
v 10.8402643 19.9062767 27.3458805
v 12.7278471 18.0926628 27.330637
v 12.7004023 17.5756969 27.0032482
v -0.937400103 17.5465527 27.0038223
v -0.948417008 17.9306431 27.395956
v -2.66407418 17.460659 28.2794323
v -2.4683063 17.7819595 28.4972229
v -3.27143884 17.3568954 28.4881649
v -1.76616931 17.8658714 28.9046688
v -5.04240227 19.7555695 28.9206791
v -2.4683063 17.7819595 28.4972229
v -5.44787169 19.5093689 28.4996929
v -4.86217737 22.4152946 32.1641006
v -6.45964336 21.6771755 32.1999359
v -6.68419504 21.8510361 32.2000122
v -6.98058176 21.249527 32.2000008
v -6.78209352 21.1851292 32.1998787
v -6.78435469 20.7798347 32.1611671
v -18.4428825 1.73975945 32.1999931
v -20.6385689 -3.44658256 32.1999779
v -20.6933708 -2.28098845 31.4999657
v -18.9110756 1.91376495 31.4999943
v -18.5558777 4.21095276 31.5003414
v -18.127676 3.69287109 32.2000008
v -19.6537743 -12.3860493 36.3707237
v -20.2769165 -11.0096321 36.0574265
v -20.7992954 -8.92818928 35.4930725
v -19.9329338 -10.8101215 35.9690971
v -19.3351917 -12.4324522 36.3456802
v -20.457571 -8.87648964 35.5387154
v -18.6601582 -14.3129272 36.7732697
v -18.0026588 -14.9179029 36.8930435
v -18.1446896 -15.1965809 36.9043427
v -21.1659279 -6.06594896 34.8194389
v -20.8719292 -6.39625168 34.8981514
v -21.0989456 -2.44071674 33.7336044
v -21.4097118 -0.0652735308 33.102932
v -21.0419445 2.18117619 32.3542328
v -21.2440434 3.86527777 31.7826977
v -20.903389 4.18332767 31.7340488
v -17.1887474 -15.953763 36.9944191
v -17.4184532 -16.1090622 36.9645424
v -16.6624489 -16.6833763 37.0192757
v -16.9595604 -16.6884117 36.9930649
v -14.5854988 -18.2357559 36.9586258
v -15.0654192 -18.3387241 36.8955307
v -14.0310411 -18.871172 36.9871407
v -11.4959316 -20.2192249 36.7360344
v -13.0404119 -19.817976 36.8077164
v -9.92472935 -21.3678951 36.7121696
v -9.03848171 -21.5001106 36.5555649
v -11.0384274 -21.0309334 36.6768799
v -9.04508495 -22.0316391 36.5077209
v -5.87517214 -22.6003304 35.6068268
v -5.75083208 -22.5809727 35.3021927
v -6.00769949 -23.2044086 35.6304703
v -5.80409479 -23.034296 34.5109634
v -5.84123945 -23.1305256 35.3102264
v -6.50413799 -23.6366425 35.5684738
v -9.04508495 -22.0316391 36.5077209
v -6.12226391 -23.5196152 34.7439156
v -6.26323318 -23.6223087 35.3515472
v -7.1830349 -23.2648487 34.0552368
v -6.72566557 -23.8170986 34.9214478
v -7.24775505 -23.6997299 35.1830177
v -10.3711481 -21.3374958 30.5716171
v -7.25923109 -23.71772 34.8692398
v -10.3808002 -22.4339199 35.2323265
v -11.0384274 -21.0309334 36.6768799
v -11.5648861 -20.8572235 29.8671131
v -8.00460529 -23.1088505 33.6459198
v -10.0103464 -22.0650196 32.0466766
v -10.4524488 -22.4935398 34.8997993
v -12.9975939 -21.325531 34.7388115
v -12.5857811 -21.4268837 35.1050835
v -13.0404119 -19.817976 36.8077164
v -14.3297129 -19.5082417 29.8696537
v -15.3721809 -19.9508133 34.8082581
v -15.0654192 -18.3387241 36.8955307
v -18.1366386 -18.363308 34.1570053
v -16.9595604 -16.6884117 36.9930649
v -15.468194 -20.0076447 34.4535179
v -17.5778675 -17.5545731 29.7044468
v -19.1090183 -16.3341274 29.5316563
v -20.0483265 -17.0022964 33.9458466
v -17.4184532 -16.1090622 36.9645424
v -18.1446896 -15.1965809 36.9043427
v -20.1918716 -16.9263363 33.4951096
v -20.8063679 -16.4012585 33.5821381
v -20.7355881 -16.2040443 34.0571365
v -18.6601582 -14.3129272 36.7732697
v -21.2877445 -15.7020063 33.6394348
v -19.6537743 -12.3860493 36.3707237
v -20.2769165 -11.0096321 36.0574265
v -20.7992954 -8.92818928 35.4930725
v -21.1659279 -6.06594896 34.8194389
v -21.5463181 -3.21007919 33.9419823
v -21.4097118 -0.0652735308 33.102932
v -22.0684834 -0.184072569 32.6928864
v -21.2440434 3.86527777 31.7826977
v -14.6059017 -15.5547266 29.8319111
v -14.8562689 -15.9051352 29.8535328
v -14.2614441 -16.0431538 29.3471546
v -14.9667406 -16.5206776 29.3512573
v -15.3577929 -15.9719143 29.8310528
v -15.8026342 -16.3286343 29.3192997
v -15.9771576 -15.5873823 29.7931271
v -17.0103626 -14.7289352 29.7143345
v -17.4194088 -15.0444288 29.2026005
v -17.5621052 -14.0576382 29.3918171
v -17.8677349 -14.527154 28.9410801
v -18.6514454 -11.8054914 27.5000019
v -19.0577526 -12.1788836 27.0039692
v -19.3516254 -10.0077696 27.4987583
v -20.5491734 -7.91986418 26.9998779
v -20.1647053 -7.59546232 27.4934444
v -21.2397366 -7.0686307 27.0000019
v -21.1763935 -6.38274908 27.5000019
v -21.9484463 -4.79151773 27.0000153
v -21.7395287 -4.2700696 27.4973259
v -22.2001133 -2.28408313 27.0000019
v -21.8990974 -2.31019473 27.5023746
v -21.7747993 -0.0642724857 27.0000114
v -21.512701 -0.277297586 27.4957027
v -20.9761963 1.82524395 27.5000019
v -21.1823463 2.18460512 27.0022125
v -14.2614441 -16.0431538 29.3471546
v -14.2443676 -15.5071688 29.1440849
v -14.6059017 -15.5547266 29.8319111
v -14.2049274 -15.0565996 28.7823353
v -14.5876284 -14.2446375 28.9206753
v -14.1716785 -14.472683 28.4996891
v -18.6553707 -11.7834272 31.0598755
v -18.6809139 -11.6660252 31.693737
v -18.6290188 -11.4999475 31.1868954
v -17.1471233 -8.18059063 31.6982346
v -17.1274719 -8.14851475 31.2008667
v -16.9092846 -7.97546148 31.6703148
v -16.8772106 -7.95768404 31.152813
v -16.5870686 -7.95574093 31.6913738
v -16.5246162 -7.98592901 30.984911
v -15.9090595 -8.37402248 31.7012749
v -15.8910856 -8.39952946 27.4000206
v -15.0541878 -9.78667927 27.3959541
v -17.0891781 -7.54514885 27.3999996
v -14.6100826 -10.4239035 31.7398796
v -17.2968388 -7.35618687 30.1126194
v -17.9020863 -6.68705797 27.3999996
v -14.5892181 -10.4624872 28.9046669
v -14.1654797 -11.0285988 28.497221
v -14.5973625 -15.5712862 31.7016354
v -14.5876284 -14.2446375 28.9206753
v -14.6059017 -15.5547266 29.8319111
v -14.8562689 -15.9051352 29.8535328
v -14.6025114 -16.2637234 34.7170219
v -14.893569 -15.9303045 31.7091923
v -14.6036921 -16.2653427 32.1611671
v -15.3577929 -15.9719143 29.8310528
v -15.383234 -15.9637537 31.7005634
v -15.9771576 -15.5873823 29.7931271
v -16.7545948 -14.9769144 31.6999989
v -17.0103626 -14.7289352 29.7143345
v -17.4109936 -14.2378454 31.6999989
v -14.912344 -16.6701279 32.2000008
v -14.9506655 -16.6825619 34.9466515
v -15.3510008 -16.7529583 35.2055397
v -15.581459 -16.7142048 32.2000122
v -15.6729937 -16.6400776 35.4268227
v -16.9811306 -15.4184227 32.1641006
v -17.2322674 -15.1353722 35.9611473
v -17.9942951 -13.9551506 32.0154037
v -18.6702251 -12.6705637 35.5333023
v -19.1537571 -11.6053505 32.1471786
v -19.4365902 -10.7674503 35.1591034
v -19.8491077 -9.31351089 32.2000046
v -19.9503784 -8.80870247 34.7581482
v -20.4134254 -6.0122838 32.2000656
v -20.4275093 -5.78136158 34.0971146
v -20.6753082 -2.75655556 33.3791046
v -20.6385689 -3.44658256 32.1999779
v -20.6933708 -2.28098845 31.4999657
v -20.6805496 0.771926045 32.4794388
v -20.6811447 1.17709947 31.5002804
v -20.3741322 4.33135128 31.5046005
v -18.6809139 -11.6660252 31.693737
v -18.6553707 -11.7834272 31.0598755
v -17.9838696 -13.294879 31.7003098
v -17.5621052 -14.0576382 29.3918171
v -18.6514454 -11.8054914 27.5000019
v -19.2440052 -10.1822433 30.2938614
v -19.3516254 -10.0077696 27.4987583
v -18.6290188 -11.4999475 31.1868954
v -20.0497341 -7.27002907 28.9866371
v -20.0085087 -7.87536955 29.0631943
v -20.1647053 -7.59546232 27.4934444
v -20.2595196 -7.40752363 28.7930431
v -21.1584587 -6.38301468 28.7352772
v -21.1763935 -6.38274908 27.5000019
v -20.9726677 -6.26063395 28.9765339
v -21.5651016 -5.00635862 28.7235165
v -21.7395287 -4.2700696 27.4973259
v -18.0081635 -7.50425768 30.4234085
v -17.1274719 -8.14851475 31.2008667
v -19.1039848 -5.46956968 29.0072575
v -21.5615234 -4.20270586 28.9563255
v -21.8069954 -3.4603889 28.7521229
v -21.8832626 -2.36235738 28.551712
v -21.8990974 -2.31019473 27.5023746
v -21.512701 -0.277297586 27.4957027
v -18.6414204 -6.482831 29.648447
v -21.6641788 -2.96810126 28.9094372
v -21.4137363 0.0878857225 28.5086479
v -20.9761963 1.82524395 27.5000019
v -21.2051907 0.188053593 28.8039513
v -20.7547989 2.58113718 28.3000126
v -21.1823463 2.18460512 27.0022125
v -20.6494064 3.83746076 28.7452831
v -20.5470066 2.69858074 28.7834911
v -20.3030243 4.0427103 28.9810772
v -20.8905563 -0.244516209 28.9949951
v -20.2145405 2.55141497 28.9825268
v -19.0460777 3.97892547 28.9917374
v -21.4949493 -3.5541122 28.9956913
v -19.495409 0.95047909 28.9917507
v -19.0181866 -2.74581337 28.9375305
v -19.3008614 -4.38632488 28.9937096
v -18.9890118 2.12103915 28.8854961
v -18.6105709 4.00110197 28.8398876
v -18.9293404 -0.320895702 28.7538433
v -18.6046028 2.09116006 28.5359573
v -17.9719048 1.00531721 27.0000019
v -18.7152481 0.104617864 28.525547
v -18.1833801 -1.28272295 27.4353294
v -18.6675034 -1.79617143 28.584589
v -18.3237743 -1.84825277 27.460762
v -18.6022186 -2.27070975 28.4420052
v -18.885746 -3.37093735 28.7473774
v -18.8214302 -3.23533702 27.4000015
v -18.9190598 -4.06797314 27.3999996
v -18.9802227 -4.03803492 28.7661381
v -18.8785973 -4.71823931 28.6306992
v -18.8214626 -4.90061283 27.3999996
v -19.0081196 -4.71042204 28.8560219
v -18.7414722 -5.421278 28.7970333
v -18.6184216 -5.51914358 28.5664215
v -18.5339317 -5.6881032 27.3999996
v -18.3558311 -6.43887472 29.6359444
v -17.994112 -6.56568289 29.3519993
v -18.0527058 -7.06155443 30.1807423
v -17.9606037 -6.7318573 29.7948761
v -17.6159611 -7.30691385 30.4019947
v -17.2132111 -7.51947594 30.545639
v -16.8772106 -7.95768404 31.152813
v -17.2322674 -15.1353722 35.9611473
v -15.6729937 -16.6400776 35.4268227
v -15.2341356 -17.0294552 36.1087952
v -15.3510008 -16.7529583 35.2055397
v -14.7689972 -17.3332767 36.0854759
v -14.9506655 -16.6825619 34.9466515
v -14.0399017 -17.1714783 35.747551
v -13.9354429 -16.6799221 35.4669151
v -14.6025114 -16.2637234 34.7170219
v -13.9137001 -11.1730747 32.7058372
v -14.6100826 -10.4239035 31.7398796
v -14.0511436 -10.4059668 32.1995239
v -13.8836098 -10.1810045 32.2065239
v -15.5377531 -8.03089046 32.1998291
v -15.9090595 -8.37402248 31.7012749
v -16.7262783 -7.23731375 32.1991997
v -16.5870686 -7.95574093 31.6913738
v -16.9092846 -7.97546148 31.6703148
v -17.3110027 -7.34910631 32.199955
v -17.1471233 -8.18059063 31.6982346
v -19.1537571 -11.6053505 32.1471786
v -18.6809139 -11.6660252 31.693737
v -17.9838696 -13.294879 31.7003098
v -17.9942951 -13.9551506 32.0154037
v -17.4109936 -14.2378454 31.6999989
v -16.9811306 -15.4184227 32.1641006
v -16.7545948 -14.9769144 31.6999989
v -15.383234 -15.9637537 31.7005634
v -15.5431662 -16.4328079 32.1999359
v -14.9558182 -16.466032 32.1998787
v -14.893569 -15.9303045 31.7091923
v -14.6036921 -16.2653427 32.1611671
v -14.5973625 -15.5712862 31.7016354
v -12.2856903 -17.6322746 35.7283478
v -12.1624088 -17.3433666 35.5390549
v -11.0453701 -19.0711346 36.074234
v -8.6594944 -18.246151 34.8544998
v -8.98946381 -20.7714386 36.3550835
v -6.98372555 -21.7712097 36.3906555
v -10.2096071 -14.2722454 32.1847
v -10.6548223 -13.9890356 32.2815399
v -12.2953472 -11.8789415 32.2408562
v -9.60977936 -15.2161579 32.3090591
v -9.30941868 -14.9046831 32.1459732
v -8.07791424 -18.1417046 32.9771271
v -8.15610886 -15.939537 31.8850632
v -7.85895109 -18.2296429 32.7397423
v -8.24955463 -16.7295895 32.139679
v -7.22817373 -16.9027691 31.4892635
v -7.53908348 -17.499361 31.8861675
v -6.03085995 -18.3303337 30.7009602
v -6.46916676 -18.3169041 31.1007233
v -6.98311043 -18.5964565 31.8404903
v -7.2439127 -19.0986328 32.6440353
v -7.2372551 -19.5476322 33.2004242
v -7.92013502 -18.2103806 33.7255173
v -8.07791424 -18.1417046 32.9771271
v -7.85895109 -18.2296429 32.7397423
v -8.4165163 -18.0062084 34.182579
v -10.6548223 -13.9890356 32.2815399
v -10.6148815 -14.8506851 33.1426163
v -12.2953472 -11.8789415 32.2408562
v -10.9317141 -17.1095486 34.6339302
v -13.9137001 -11.1730747 32.7058372
v -13.8836098 -10.1810045 32.2065239
v -12.6217422 -14.7979498 34.0423737
v -13.4738522 -16.6258049 35.2787247
v -13.9354429 -16.6799221 35.4669151
v -14.0399017 -17.1714783 35.747551
v -11.9330692 -18.9178181 35.909523
v -12.8112421 -18.9186134 36.1860657
v -10.0993118 -20.5142956 36.1864777
v -14.7689972 -17.3332767 36.0854759
v -15.2341356 -17.0294552 36.1087952
v -18.1833801 -1.28272295 27.4353294
v -17.9808807 -2.11513996 26.9998741
v -17.9719048 1.00531721 27.0000019
v -18.3237743 -1.84825277 27.460762
v -18.8214302 -3.23533702 27.4000015
v -18.5242767 -3.7699728 26.9997177
v -18.9190598 -4.06797314 27.3999996
v -18.8214626 -4.90061283 27.3999996
v -18.3253593 -5.21433449 26.9997349
v -18.5339317 -5.6881032 27.3999996
v -17.9020863 -6.68705797 27.3999996
v -17.2373447 -6.87141228 26.9998264
v -17.0891781 -7.54514885 27.3999996
v -15.5959444 -8.12568188 27.0000725
v -15.8910856 -8.39952946 27.4000206
v -14.7270641 -9.58509064 27.0038204
v -15.0541878 -9.78667927 27.3959541
v -18.5558777 4.21095276 31.5003414
v -20.6811447 1.17709947 31.5002804
v -20.3741322 4.33135128 31.5046005
v -18.9110756 1.91376495 31.4999943
v -20.6933708 -2.28098845 31.4999657
v -20.4448185 -13.0030766 27.1822224
v -20.2458439 -12.8094683 26.9983349
v -20.6697693 -12.8002081 27.2926598
v -21.5775852 -7.66599035 27.0002155
v -21.4518852 -9.90730476 27.3011856
v -21.8633556 -7.91558647 27.2800961
v -23.1723518 -6.13029766 27.2437229
v -22.9502373 -5.71776581 27.000042
v -23.3370781 -5.78706789 27.3149643
v -23.1075439 -3.27208686 27.3444443
v -22.4444199 -1.4732635 27.0001659
v -22.6594753 -0.565196753 27.3458786
v -22.0326309 1.97630346 27.3306351
v -21.5712032 2.21101952 27.0032463
v -14.7270641 -9.58509064 27.0038204
v -15.0541878 -9.78667927 27.3959541
v -13.789341 -11.0374889 28.2794304
v -14.1654797 -11.0285988 28.497221
v -13.3957958 -11.5115995 28.488163
v -14.5892181 -10.4624872 28.9046669
v -14.5876284 -14.2446375 28.9206753
v -14.1654797 -11.0285988 28.497221
v -14.1716785 -14.472683 28.4996891
v -16.9811306 -15.4184227 32.1641006
v -15.5431662 -16.4328079 32.1999359
v -15.581459 -16.7142048 32.2000122
v -14.912344 -16.6701279 32.2000008
v -14.9558182 -16.466032 32.1998787
v -14.6036921 -16.2653427 32.1611671
v 12.4424877 10.6010923 29.4517193
v 14.8071356 6.44116545 29.4991302
v 12.1631289 11.2255459 29.0069237
v 13.5413113 9.43939877 29.2499828
v 14.6198549 7.63244915 29.2938976
v -13.226573 -9.93053246 29.180027
v -11.0071964 -12.2430935 29.2357025
v -12.426959 -10.5009871 29.474762
v -9.21971893 -13.5053453 29.4327869
v -8.68045139 -14.1022472 28.9652576
v -7.10608816 -14.8923845 29.2718773
v -7.2584939 -14.8733616 27.4999981
v -4.24856234 -16.0331726 27.5068016
v -13.9113111 -8.33986187 29.4777069
v -9.66033745 -10.2817307 29.5025311
v -5.70286083 -12.8744249 29.5004196
v -12.2049065 -6.897048 29.4942436
v -13.8667946 -7.7740922 29.4590645
v -11.9609594 -6.84882355 29.7425022
v -10.7769051 -8.61965275 29.75
v -9.66033745 -10.2817307 29.5025311
v -8.60128498 -10.8276997 29.7580051
v -5.70286083 -12.8744249 29.5004196
v -5.28429174 -12.7813759 29.7504768
v -1.90911722 -13.9507341 29.5006332
v -1.63257599 -13.7233257 29.7625008
v 2.03323674 -13.9332666 29.5005417
v 2.11078906 -13.6703711 29.753212
v 5.05567503 -13.10888 29.4999981
v 4.96571589 -12.8756266 29.7499981
v 6.87784719 -11.9476528 29.7430077
v 7.1027317 -12.03302 29.475502
v 7.04654598 -11.5541859 29.375124
v 8.3234005 -13.6209478 29.1897144
v 8.07361698 -14.4196997 27.4981804
v 8.07152653 -13.7015734 29.4565849
v 8.03153801 -14.3962336 29.2237968
v 7.79802656 -14.2451801 29.4744339
v 5.05567503 -13.10888 29.4999981
v 5.71121264 -15.5067339 29.1932774
v 4.58783627 -15.937746 27.4910927
v 5.30172539 -15.3736973 29.4757404
v 2.03323674 -13.9332666 29.5005417
v 3.64004469 -16.1463566 29.0069199
v 2.95958447 -16.0760612 29.4517136
v -1.90911722 -13.9507341 29.5006332
v 1.40410256 -16.446825 29.249979
v 0.150926024 -16.5837078 27.5031967
v -1.82533419 -16.0439434 29.4991283
v -0.700027645 -16.477396 29.2938938
v -3.01584268 -16.2278252 29.2572689
v -6.01547575 -14.9529085 29.504427
v -5.13416624 -15.6893158 29.2583637
v 19.7538967 1.70565414 27.9218884
v 20.6919594 1.65263021 29.2831612
v 20.0290432 0.934901118 29.2220421
v 20.826334 1.41505337 29.4799767
v 20.3853474 0.846419573 29.4894238
v 19.6591854 0.0979388431 29.3408928
v 19.1277466 0.515754461 28.7526169
v -13.3237419 -10.6822948 28.2604389
v -14.0775185 -8.73765755 27.4596863
v -14.2978401 -9.28644085 27.0006294
v -14.6146708 -8.78023338 27.0000687
v -12.8030519 -10.5421743 28.8826809
v -14.2375345 -8.12983513 27.5008411
v -12.8958073 -11.1786985 28.4775734
v -14.7389116 -8.08983421 27.0001144
v -11.0071964 -12.2430935 29.2357025
v -14.0219908 -7.5181222 27.5024605
v -11.0096216 -13.0376062 28.500021
v -14.392662 -7.16126585 27.0025654
v -11.3718758 -6.02055931 27.5040989
v -11.6125851 -5.50601244 26.9972744
v -11.0819073 -5.41686058 27.4891548
v -8.68045139 -14.1022472 28.9652576
v -9.1755209 -14.389122 28.4874706
v -8.84471512 -14.6406651 28.3046036
v -12.3455114 -3.27840281 27.0000458
v -11.8496952 -3.14674044 27.5001469
v -12.247014 -0.943579793 27.5039997
v -12.8226194 -0.972786248 26.9973545
v -12.7080612 -0.452154428 27.4856129
v -16.0494671 -0.923013091 27.0023804
v -15.9055796 -0.430466831 27.5006924
v -16.8105698 -0.288240731 27.0002003
v -7.2584939 -14.8733616 27.4999981
v -7.65982676 -15.254137 26.9975986
v -4.91221476 -16.3602753 27.0000553
v -4.24856234 -16.0331726 27.5068016
v -0.805509388 -17.0632324 27.0002766
v 0.150926024 -16.5837078 27.5031967
v 3.34955573 -16.7503338 27.0001259
v 4.58783627 -15.937746 27.4910927
v 6.17368555 -15.8930235 26.9999981
v -16.5246315 0.217889696 27.4981842
v -17.0355453 0.33708635 27.0001125
v -16.8506012 2.59993958 27.0000019
v -16.0964069 3.9956851 27.4910946
v -16.1809883 5.47436285 27.0001297
v -14.4373665 8.16115284 27.5032024
v -14.3744297 9.2292099 27.0002785
v -11.7608509 11.6959457 27.5068035
v -11.712306 12.4342346 27.0000572
v 8.07361698 -14.4196997 27.4981804
v 8.22584438 -14.9217615 27.0001087
v 8.65490627 -14.4142647 27.0001984
v 8.32558155 -13.5594044 27.5006905
v 8.82408333 -13.4377441 27.0023785
v 6.74560452 -10.7794304 27.4856129
v 7.25376415 -10.6183252 26.9973545
v 6.94066811 -10.1344395 27.5039997
v -9.25146008 13.7227144 27.5000019
v -9.38055515 14.2606668 26.9976025
v -8.25682831 14.9800739 28.3046074
v 9.01193333 -9.05233002 27.0000458
v 8.65000153 -8.68877125 27.5001469
v 10.0997667 -6.9904108 27.5026131
v 10.5869131 -7.29877901 26.9977188
v 10.7176971 -6.78068113 27.4948845
v 13.3982639 -8.88436031 27.0022163
v 13.5218744 -8.38434219 27.5024605
v 14.3754539 -8.71935844 27.0001144
v 14.3419943 -8.17618847 27.4873142
v 14.9112377 -8.26656342 27.0000687
v -7.87268114 14.5686073 28.9652615
v -7.87358379 15.140789 28.4874744
v -5.78608656 16.0534077 28.5000248
v -5.0992341 15.6540518 29.2357044
v -3.23313165 16.7574425 28.4775753
v -2.72826099 16.3588505 28.8826809
v -2.58926702 16.8798428 28.2604408
v 14.6720085 -7.65733147 27.5
v 15.1912107 -7.73907518 27.0006294
v 15.9130077 -6.19755554 28.2604389
v 15.5313139 -5.8166852 28.8826809
v 16.1289368 -5.57875204 28.4775734
v 16.1064262 -3.4109621 29.2357025
v 16.7957058 -3.0158124 28.5000229
v -0.528278172 16.5603123 27.4596901
v -0.893373191 17.025507 27.0006313
v -0.296569049 17.0467873 27.0000706
v 0.0781239569 16.3949795 27.500843
v 0.36345467 16.8091831 27.0001163
v 0.500112116 15.9024544 27.5024624
v 0.994494081 16.0450382 27.0025673
v 0.471981972 12.8586082 27.5041008
v 1.0379473 12.8097935 26.9972763
v 0.849817097 12.3056383 27.4891567
v 16.5531273 -0.46636945 28.9652596
v 17.0491028 -0.751677096 28.4874725
v 17.1015415 -0.339419872 28.3046055
v 3.33357716 12.3307228 27.0000458
v 3.19969249 11.8355026 27.5001469
v 5.30634403 11.0780106 27.5039997
v 5.56885386 11.5911036 26.9973545
v 5.96245432 11.231576 27.4856129
v 7.22538185 14.3607483 27.0023823
v 7.5799942 13.9898634 27.5006943
v 8.15566254 14.7024965 27.0002022
v 16.5099525 1.15063608 27.5
v 17.0403805 0.993460238 26.9976006
v 16.6245193 3.92603159 27.0000572
v 16.0094147 4.33721876 27.5068035
v 15.1799469 7.83401394 27.0002785
v 14.2864466 8.42255306 27.5032005
v 12.8314323 11.2759628 27.0001297
v 11.5085716 11.9420519 27.4910946
v 10.6769161 13.2930765 27.0000038
v 8.45101547 14.2018032 27.4981861
v 8.80969906 14.5846663 27.0001144
v -16.3631325 -5.9009099 31.7000008
v -15.3023672 -6.18514061 31.7000008
v -15.3023672 -6.6748662 32.2000008
v -14.241601 -5.90091038 31.7000027
v -16.6079941 -6.32502413 32.2000008
v -13.9967394 -6.3250246 32.2000046
v -17.5637817 -5.3692379 32.2000008
v -17.1396675 -5.12437439 31.7000008
v -13.0409517 -5.36923742 32.2000046
v -13.465066 -5.12437487 31.7000027
v -17.4238987 -4.06361008 31.7000008
v -17.9136238 -4.06361008 32.2000008
v -17.5637817 -2.75798154 32.2000008
v -17.1396675 -3.00284362 31.7000008
v -16.607996 -1.80219424 32.2000008
v -16.3631325 -2.22630835 31.7000008
v -13.1808348 -4.06360865 31.7000027
v -12.6911097 -4.06360865 32.2000046
v -13.0409527 -2.75798082 32.2000008
v -13.4650669 -3.00284362 31.7000008
v -13.9967384 -1.80219483 32.2000008
v -14.2416019 -2.22630906 31.7000008
v -15.3023682 -1.45235252 32.2000008
v -15.3023682 -1.94207752 31.7000008
v -16.3631344 -5.9009099 29.5
v -15.3023672 -6.18514061 29.5
v -15.3023672 -6.18514061 31.7000008
v -14.2416019 -5.9009099 29.5
v -16.3631325 -5.9009099 31.7000008
v -14.241601 -5.90091038 31.7000027
v -17.1396675 -5.12437439 31.7000008
v -17.1396694 -5.12437439 29.5
v -17.4239006 -4.0636096 29.5
v -17.4238987 -4.06361008 31.7000008
v -17.1396675 -3.00284338 29.5
v -17.1396675 -3.00284362 31.7000008
v -16.3631325 -2.22630835 29.5
v -16.3631325 -2.22630835 31.7000008
v -15.3023682 -1.9420774 29.5
v -15.3023682 -1.94207752 31.7000008
v -14.2416019 -2.22630882 29.5
v -14.2416019 -2.22630906 31.7000008
v -13.4650679 -3.00284338 29.5
v -13.4650669 -3.00284362 31.7000008
v -13.1808348 -4.06360865 29.5
v -13.1808348 -4.06360865 31.7000027
v -13.465066 -5.12437487 31.7000027
v -13.4650669 -5.12437487 29.5
v -16.2378654 -3.51169157 29.5
v -17.4239006 -4.0636096 29.5
v -17.1396675 -3.00284338 29.5
v -16.3631325 -2.22630835 29.5
v -16.3674736 -4.24673319 29.5
v -15.6661043 -3.03192735 29.5
v -17.1396694 -5.12437439 29.5
v -15.3023682 -1.9420774 29.5
v -15.9942818 -4.89311838 29.5
v -14.9197235 -3.03192639 29.5
v -16.3631344 -5.9009099 29.5
v -14.2416019 -2.22630882 29.5
v -15.2929125 -5.14839602 29.5
v -15.3023672 -6.18514061 29.5
v -14.2416019 -5.9009099 29.5
v -14.5915442 -4.8931179 29.5
v -13.4650669 -5.12437487 29.5
v -14.2183542 -4.24673223 29.5
v -13.1808348 -4.06360865 29.5
v -14.3479605 -3.51169109 29.5
v -13.4650679 -3.00284338 29.5
v -14.2087727 3.14410567 32.2000771
v -13.7628946 -0.0606625564 31.4918575
v -14.4450598 -0.205056041 32.1990547
v -13.9165125 -0.918082118 32.1981506
v -13.6334743 2.13737273 31.5
v -13.4016638 -0.372454286 31.5076408
v -12.9742985 4.79111195 31.4995232
v -12.9461765 -1.12563193 32.2008972
v -12.8571138 -0.414559871 31.4933624
v -12.3315315 -0.777043462 31.5180798
v -12.6173878 7.21018267 32.1998291
v -11.5663815 7.52720356 31.5
v -9.71794891 9.84356594 31.4967861
v -10.1235723 10.425827 32.19981
v -6.6076951 12.1520634 31.4967861
v -6.76156044 12.8677731 32.2001076
v -12.5391665 -3.32983446 32.199955
v -11.8613815 -3.14984441 31.5119362
v -11.101491 -5.26944971 31.4967461
v -2.98482299 13.4971733 31.4705982
v -3.18694568 14.1669416 32.1998596
v 0.234108642 14.4597387 32.1989365
v 0.114775725 13.7744722 31.5069885
v 0.978523493 13.9158134 32.1981163
v 0.432377696 13.3998642 31.5076427
v -11.7989817 -5.44578886 32.2008972
v -11.2433996 -5.88929987 31.499958
v -11.8208151 -6.32548571 31.5076408
v -12.5407114 -6.11048269 32.1981163
v -11.986434 -6.78783941 31.5069866
v -12.6395597 -7.0271287 32.1989365
v -10.1964912 -9.33351994 31.4705963
v -9.98976517 -10.6039705 32.1997566
v -7.964468 -11.2697525 31.5
v -5.88557053 -13.2870588 32.1998482
v -5.49714136 -12.6931448 31.4967861
v -1.97080803 -14.3979683 32.1998367
v -1.66148841 -13.7434311 31.5103416
v 2.09854412 -14.3800716 32.2000008
v 2.33791828 -13.6316338 31.4995213
v 5.21760082 -13.528739 32.2000008
v 4.96571589 -12.8756275 31.4999981
v 6.93397951 -11.88869 31.4918575
v 7.4001112 -12.4072647 32.1990547
v 7.75333643 -11.5930176 32.1981506
v 7.02338409 -11.4199591 31.5076408
v 7.44791079 -10.6489058 32.2008972
v 6.78757334 -10.9273119 31.4933624
v 6.83870316 -10.2909012 31.5180798
v 9.15330124 -9.19432449 32.199955
v 8.6585331 -8.69734001 31.5119362
v 10.1142197 -6.97945452 31.4967461
v 10.6156797 -7.49532938 32.2008972
v 10.7219791 -6.79242516 31.499958
v 11.3884363 -7.07438803 31.5076408
v 11.5621872 -7.80533838 32.1981163
v 11.8716555 -6.98664045 31.5069866
v 12.4054489 -7.43262005 32.1989365
v 13.1813087 -4.16366386 31.4705963
v 13.8624067 -4.32350159 32.1998596
v 14.524601 -0.578213274 32.2001076
v 13.8278465 -0.353614718 31.496788
v 14.0908194 3.55434918 32.19981
v 13.3837566 3.49419808 31.496788
v 12.5528975 7.3218832 32.1998291
v 12.3019428 6.2531743 31.5
v 10.6363802 8.84050655 31.4995232
v 9.82726002 10.7331057 32.2000771
v 8.66775799 10.738246 31.5
v 6.82891417 11.9493437 31.4918575
v 7.04494762 12.6123123 32.1990547
v 6.16317654 12.5110893 32.1981506
v 6.37827873 11.7924042 31.5076408
v 5.49826431 11.7745275 32.2008972
v 6.06953907 11.3418617 31.4933624
v 5.49282503 11.0679369 31.5180798
v 3.38586378 12.5241489 32.199955
v 3.20284653 11.8471746 31.5119362
v 0.987270892 12.2488937 31.4967461
v 1.18330145 12.9411077 32.2008972
v 0.521419227 12.6817141 31.4999599
v -15.2734127 -2.04602861 27.854002
v -14.094223 -2.45072699 27.8540039
v -14.094223 -2.45072699 27.1480083
v -13.3781118 -3.47124171 27.854002
v -15.2734127 -2.04602909 27.1480064
v -13.3781118 -3.47124171 27.1480064
v -16.465271 -2.41173148 27.854002
v -13.3986139 -4.7177763 27.1480064
v -16.465271 -2.41173148 27.1480064
v -13.3986139 -4.7177763 27.854002
v -17.2145519 -3.40814781 27.854002
v -14.1478939 -5.71419287 27.1480083
v -17.2145519 -3.40814757 27.1480064
v -14.1478949 -5.71419239 27.8540039
v -17.2350521 -4.65468025 27.854002
v -15.3397512 -6.07989264 27.1480064
v -17.2350521 -4.65468025 27.1480064
v -15.3397522 -6.07989216 27.854002
v -16.5189438 -5.67519903 27.854002
v -16.5189438 -5.67519903 27.1480064
v 3.07122922 17.1213379 31.7000027
v 2.29469538 16.3448048 31.7000027
v 1.87058103 16.5896664 32.2000008
v 2.01046371 15.2840385 31.7000046
v 2.82636666 17.5454521 32.2000008
v 1.52073872 15.2840385 32.2000046
v 4.1319952 17.4055691 31.7000027
v 2.29469609 14.2232723 31.7000046
v 4.1319952 17.8952961 32.2000008
v 1.87058139 13.9784098 32.2000046
v 5.19276047 17.1213398 31.7000027
v 5.43762302 17.545454 32.2000008
v 5.96929598 16.3448048 31.7000027
v 6.39340925 16.5896664 32.2000008
v 3.07123065 13.4467373 31.7000046
v 2.82636833 13.0226231 32.2000046
v 4.13199663 12.6727819 32.2000008
v 4.13199663 13.1625071 31.7000027
v 5.43762445 13.0226231 32.2000008
v 5.1927619 13.4467373 31.7000027
v 6.25352716 15.2840385 31.7000027
v 6.74325275 15.2840395 32.2000008
v 6.39341116 13.9784107 32.2000008
v 5.96929646 14.2232733 31.7000027
v 5.96929646 16.3448048 29.5000019
v 5.19276094 17.1213398 29.5000019
v 5.19276047 17.1213398 31.7000027
v 4.13199568 17.4055691 29.5000019
v 5.96929598 16.3448048 31.7000027
v 4.1319952 17.4055691 31.7000027
v 6.25352764 15.2840395 29.5000019
v 3.07122922 17.1213379 31.7000027
v 6.25352716 15.2840385 31.7000027
v 3.0712297 17.1213379 29.5000019
v 5.96929693 14.2232742 29.5000019
v 5.96929646 14.2232733 31.7000027
v 5.19276237 13.4467373 29.5000019
v 5.1927619 13.4467373 31.7000027
v 4.13199711 13.1625071 29.5000019
v 4.13199663 13.1625071 31.7000027
v 3.07123113 13.4467373 29.5000019
v 3.07123065 13.4467373 31.7000046
v 2.29469657 14.2232723 29.5000019
v 2.29469609 14.2232723 31.7000046
v 2.29469538 16.3448048 31.7000027
v 2.29469585 16.3448048 29.5000019
v 2.01046419 15.2840385 29.5000019
v 2.01046371 15.2840385 31.7000046
v 5.07772017 15.8182449 29.5000019
v 5.19276094 17.1213398 29.5000019
v 5.96929646 16.3448048 29.5000019
v 6.25352764 15.2840395 29.5000019
v 4.50595903 16.298008 29.5000019
v 5.20732737 15.0832024 29.5000019
v 4.13199568 17.4055691 29.5000019
v 5.96929693 14.2232742 29.5000019
v 3.75957727 16.298008 29.5000019
v 4.83413696 14.4368172 29.5000019
v 3.0712297 17.1213379 29.5000019
v 5.19276237 13.4467373 29.5000019
v 3.18781567 15.818243 29.5000019
v 2.29469585 16.3448048 29.5000019
v 2.01046419 15.2840385 29.5000019
v 3.05820942 15.0832024 29.5000019
v 2.29469657 14.2232723 29.5000019
v 3.43140054 14.4368162 29.5000019
v 3.07123113 13.4467373 29.5000019
v 4.13276863 14.1815395 29.5000019
v 4.13199711 13.1625071 29.5000019
v 5.86479473 14.2501745 27.8540039
v 4.92472124 13.4313135 27.8540058
v 4.92472124 13.4313135 27.1480103
v 3.6828742 13.3214016 27.8540039
v 5.86479378 14.2501745 27.1480083
v 3.6828742 13.3214016 27.1480083
v 6.14401579 15.4652042 27.8540039
v 2.61359429 13.9624233 27.1480083
v 6.14401579 15.4652042 27.1480083
v 2.61359429 13.9624233 27.8540039
v 5.65573454 16.6123066 27.8540039
v 2.12531137 15.1095266 27.1480103
v 5.65573454 16.6123066 27.1480083
v 2.12531233 15.1095276 27.8540058
v 4.58645535 17.2533283 27.8540039
v 2.40453482 16.3245564 27.1480083
v 4.58645535 17.2533283 27.1480083
v 2.40453577 16.3245564 27.8540039
v 3.34460664 17.1434193 27.8540039
v 3.34460664 17.1434193 27.1480083
v 3.34460664 17.1434193 27.1480083
v 3.28462148 17.284338 27.0000019
v 2.27317619 16.4033051 27.0000019
v 4.62075758 17.4025936 27.0000019
v 2.40453482 16.3245564 27.1480083
v 4.58645535 17.2533283 27.1480083
v 2.12531137 15.1095266 27.1480103
v 5.77122116 16.712904 27.0000019
v 1.97275269 15.0960236 27.0000038
v 5.65573454 16.6123066 27.1480083
v 2.61359429 13.9624233 27.1480083
v 2.49810815 13.8618259 27.0000019
v 3.6828742 13.3214016 27.1480083
v 3.64857292 13.1721363 27.0000019
v 6.29657507 15.4787054 27.0000019
v 6.14401579 15.4652042 27.1480083
v 5.86479378 14.2501745 27.1480083
v 5.99615431 14.1714239 27.0000019
v 4.92472124 13.4313135 27.1480103
v 4.98470688 13.2903929 27.0000038
v 12.2311354 -9.3831377 29.5
v 12.2311354 -9.38313866 31.7000027
v 13.0076704 -10.1596727 31.7000008
v 11.1703691 -9.09890747 31.7000027
v 13.0076704 -10.1596727 29.5
v 11.1703691 -9.09890747 29.5
v 13.2919016 -11.220438 29.5
v 10.1096029 -9.38313866 31.7000027
v 13.2919016 -11.220438 31.7000008
v 10.1096029 -9.38313866 29.5
v 13.0076704 -12.2812042 29.5
v 9.3330698 -10.1596737 31.7000008
v 13.0076704 -12.2812042 31.7000008
v 9.3330698 -10.1596737 29.5
v 12.2311363 -13.0577383 29.4999981
v 9.04883862 -11.220439 31.7000008
v 12.2311363 -13.0577393 31.6999989
v 9.04883862 -11.220439 29.5
v 11.1703701 -13.3419704 29.4999981
v 9.3330698 -12.2812052 31.7000008
v 11.1703701 -13.3419704 31.6999989
v 9.3330698 -12.2812052 29.5
v 10.1096039 -13.0577393 29.4999981
v 10.1096039 -13.0577393 31.6999989
v 12.2311354 -9.38313866 31.7000027
v 12.4759979 -8.95902443 32.2000046
v 13.4317846 -9.91481018 32.2000008
v 11.1703691 -8.60918236 32.2000046
v 13.0076704 -10.1596727 31.7000008
v 11.1703691 -9.09890747 31.7000027
v 9.86474037 -8.95902443 32.2000046
v 10.1096029 -9.38313866 31.7000027
v 13.2919016 -11.220438 31.7000008
v 13.7816267 -11.220438 32.2000008
v 8.90895557 -9.91481113 32.2000008
v 9.3330698 -10.1596737 31.7000008
v 9.04883862 -11.220439 31.7000008
v 8.5591135 -11.220439 32.2000008
v 13.4317846 -12.5260668 32.2000008
v 13.0076704 -12.2812042 31.7000008
v 9.3330698 -12.2812052 31.7000008
v 8.90895557 -12.5260677 32.2000008
v 9.86474133 -13.4818535 32.2000008
v 10.1096039 -13.0577393 31.6999989
v 12.2311363 -13.0577393 31.6999989
v 12.4759989 -13.4818535 32.2000008
v 11.1703701 -13.8316946 32.2000008
v 11.1703701 -13.3419704 31.6999989
v 12.6485949 -12.5986557 27.1480064
v 11.558816 -13.2041683 27.1480045
v 11.588192 -13.3544817 26.9999981
v 10.3212538 -13.0534811 27.1480045
v 12.7607107 -12.7029953 26.9999981
v 10.2566671 -13.1923523 26.9999981
v 13.1743355 -11.4682293 27.1480064
v 13.3263683 -11.4867411 27
v 9.40861702 -12.2041531 27.1480064
v 9.27473831 -12.2785397 27
v 13.0690928 -10.1702862 27
v 12.935215 -10.2446718 27.1480064
v 12.0225801 -9.39534283 27.1480083
v 12.0871658 -9.25647163 27.0000019
v 10.785018 -9.24465561 27.1480064
v 10.7556419 -9.09434319 27
v 9.01746655 -10.9620838 27.0000019
v 9.16950035 -10.9805956 27.1480083
v 9.69523811 -9.85016918 27.1480064
v 9.5831213 -9.74583054 27
v 10.785018 -9.24465561 27.854002
v 12.0225801 -9.39534378 27.8540039
v 12.0225801 -9.39534283 27.1480083
v 12.935215 -10.2446728 27.854002
v 10.785018 -9.24465561 27.1480064
v 12.935215 -10.2446718 27.1480064
v 13.1743355 -11.4682293 27.1480064
v 13.1743355 -11.4682293 27.854002
v 12.6485949 -12.5986557 27.1480064
v 12.6485949 -12.5986557 27.854002
v 11.558816 -13.2041683 27.1480045
v 11.558816 -13.2041683 27.8540001
v 9.69523811 -9.85016918 27.854002
v 9.69523811 -9.85016918 27.1480064
v 10.3212538 -13.0534811 27.1480045
v 10.3212538 -13.0534811 27.8540001
v 9.16950035 -10.9805956 27.1480083
v 9.16950035 -10.9805956 27.8540039
v 9.40861702 -12.204154 27.854002
v 9.40861702 -12.2041531 27.1480064
v -14.094223 -2.45072699 27.1480083
v -14.0021744 -2.3283174 27.0000019
v -15.2708931 -1.89289284 27
v -13.2316942 -3.42631555 27
v -15.2734127 -2.04602909 27.1480064
v -13.3781118 -3.47124171 27.1480064
v -16.5532436 -2.28636193 27
v -13.2537508 -4.76749182 27
v -16.465271 -2.41173148 27.1480064
v -13.3986139 -4.7177763 27.1480064
v -17.3594151 -3.35843134 27
v -17.2145519 -3.40814757 27.1480064
v -17.3814716 -4.69960594 27
v -17.2350521 -4.65468025 27.1480064
v -16.6109924 -5.79760742 27
v -16.5189438 -5.67519903 27.1480064
v -15.3422709 -6.23302746 27
v -15.3397512 -6.07989264 27.1480064
v -14.0599203 -5.83956146 27.0000019
v -14.1478939 -5.71419287 27.1480083
v 11.1703701 -13.3419704 29.4999981
v 10.1096039 -13.0577393 29.4999981
v 11.1601439 -12.3065624 29.5
v 12.2311363 -13.0577383 29.4999981
v 10.4587755 -12.0512848 29.5
v 11.8615122 -12.0512838 29.5
v 9.3330698 -12.2812052 29.5
v 13.0076704 -12.2812042 29.5
v 10.0855846 -11.4049006 29.5
v 12.2347031 -11.4048996 29.5
v 9.04883862 -11.220439 29.5
v 13.2919016 -11.220438 29.5
v 10.2151918 -10.669858 29.5
v 9.3330698 -10.1596737 29.5
v 10.1096029 -9.38313866 29.5
v 10.786953 -10.190094 29.5
v 11.1703691 -9.09890747 29.5
v 11.5333347 -10.1900949 29.5
v 12.2311354 -9.3831377 29.5
v 12.1050959 -10.669857 29.5
v 13.0076704 -10.1596727 29.5
vt 0.487401307 0.0866862088
vt 0.565208256 0.0220562387
vt 0.514543355 0.0402112156
vt 0.615689337 0.0407152325
vt 0.632757246 0.140412226
vt 0.64236623 0.0874572545
vt 0.53753835 0.174532235
vt 0.591357291 0.17480123
vt 0.496483266 0.13973324
vt 0.632757246 0.140412226
vt 0.53753835 0.174532235
vt 0.591357291 0.17480123
vt 0.487401307 0.0866862088
vt 0.496483266 0.13973324
vt 0.615689337 0.0407152325
vt 0.64236623 0.0874572545
vt 0.565208256 0.0220562387
vt 0.514543355 0.0402112156
vt 0.632757246 0.140412226
vt 0.53753835 0.174532235
vt 0.591357291 0.17480123
vt 0.487401307 0.0866862088
vt 0.496483266 0.13973324
vt 0.615689337 0.0407152325
vt 0.64236623 0.0874572545
vt 0.565208256 0.0220562387
vt 0.514543355 0.0402112156
vt 0.720436156 0.248045802
vt 0.789776862 0.29842481
vt 0.832914889 0.166616797
vt 0.693950236 0.166530803
vt 0.87548691 0.29842481
vt 0.720436156 0.0850148052
vt 0.944828093 0.248045802
vt 0.789776862 0.034636803
vt 0.971314013 0.166530803
vt 0.87548691 0.034636803
vt 0.944828093 0.0850148052
vt 0.720436156 0.248045802
vt 0.789776862 0.29842481
vt 0.832914889 0.166616797
vt 0.693950236 0.166530803
vt 0.87548691 0.29842481
vt 0.720436156 0.0850148052
vt 0.944828093 0.248045802
vt 0.789776862 0.034636803
vt 0.971314013 0.166530803
vt 0.87548691 0.034636803
vt 0.944828093 0.0850148052
vt 0.832914889 0.166616797
vt 0.693950236 0.166530803
vt 0.720436156 0.248045802
vt 0.720436156 0.0850148052
vt 0.789776862 0.29842481
vt 0.789776862 0.034636803
vt 0.87548691 0.29842481
vt 0.87548691 0.034636803
vt 0.944828093 0.248045802
vt 0.944828093 0.0850148052
vt 0.971314013 0.166530803
vt 0 0
vt 0 0
vt 0 0
vt 0 0
vt 0 0
vt 0 0
vt 0 0
vt 0 0
vt 0 0
vt 0 0
vt 0 0
vt 0 0
vt 0 0
vt 0 0
vt 0 0
vt 0 0
vt 0 0
vt 0 0
vt 0 0
vt 0 0
vt 0 0
vt 0 0
vt 0 0
vt 0 0
vt 0 0
vt 0 0
vt 0 0
vt 0 0
vt 0 0
vt 0 0
vt 0 0
vt 0 0
vt 0 0
vt 0 0
vt 0 0
vt 0 0
vt 0 0
vt 0 0
vt 0 0
vt 0 0
vt 0 0
vt 0 0
vt 0 0
vt 0 0
vt 0 0
vt 0 0
vt 0 0
vt 0 0
vt 0 0
vt 0 0
vt 0 0
vt 0 0
vt 0 0
vt 0 0
vt 0 0
vt 0 0
vt 0 0
vt 0 0
vt 0 0
vt 0 0
vt 0 0
vt 0 0
vt 0 0
vt 0 0
vt 0 0
vt 0 0
vt 0 0
vt 0 0
vt 0 0
vt 0 0
vt 0 0
vt 0 0
vt 0 0
vt 0 0
vt 0 0
vt 0 0
vt 0 0
vt 0 0
vt 0 0
vt 0 0
vt 0 0
vt 0 0
vt 0 0
vt 0 0
vt 0 0
vt 0 0
vt 0 0
vt 0 0
vt 0 0
vt 0 0
vt 0 0
vt 0 0
vt 0 0
vt 0 0
vt 0 0
vt 0 0
vt 0 0
vt 0 0
vt 0 0
vt 0 0
vt 0 0
vt 0 0
vt 0 0
vt 0 0
vt 0 0
vt 0 0
vt 0 0
vt 0 0
vt 0 0
vt 0 0
vt 0 0
vt 0 0
vt 0 0
vt 0 0
vt 0 0
vt 0 0
vt 0 0
vt 0 0
vt 0 0
vt 0 0
vt 0 0
vt 0 0
vt 0 0
vt 0 0
vt 0 0
vt 0 0
vt 0 0
vt 0 0
vt 0 0
vt 0 0
vt 0 0
vt 0 0
vt 0 0
vt 0 0
vt 0 0
vt 0 0
vt 0 0
vt 0 0
vt 0 0
vt 0 0
vt 0 0
vt 0 0
vt 0 0
vt 0 0
vt 0 0
vt 0 0
vt 0 0
vt 0 0
vt 0 0
vt 0 0
vt 0 0
vt 0 0
vt 0 0
vt 0 0
vt 0 0
vt 0 0
vt 0 0
vt 0 0
vt 0 0
vt 0 0
vt 0 0
vt 0 0
vt 0 0
vt 0 0
vt 0 0
vt 0 0
vt 0 0
vt 0 0
vt 0 0
vt 0 0
vt 0 0
vt 0 0
vt 0 0
vt 0 0
vt 0 0
vt 0 0
vt 0 0
vt 0 0
vt 0 0
vt 0 0
vt 0 0
vt 0 0
vt 0 0
vt 0 0
vt 0 0
vt 0 0
vt 0 0
vt 0 0
vt 0 0
vt 0 0
vt 0 0
vt 0 0
vt 0 0
vt 0 0
vt 0 0
vt 0 0
vt 0 0
vt 0 0
vt 0 0
vt 0 0
vt 0 0
vt 0 0
vt 0 0
vt 0 0
vt 0 0
vt 0 0
vt 0 0
vt 0 0
vt 0 0
vt 0 0
vt 0 0
vt 0 0
vt 0 0
vt 0 0
vt 0 0
vt 0 0
vt 0 0
vt 0 0
vt 0 0
vt 0 0
vt 0 0
vt 0 0
vt 0 0
vt 0 0
vt 0 0
vt 0 0
vt 0 0
vt 0 0
vt 0 0
vt 0 0
vt 0 0
vt 0 0
vt 0 0
vt 0 0
vt 0 0
vt 0 0
vt 0 0
vt 0 0
vt 0 0
vt 0 0
vt 0 0
vt 0 0
vt 0 0
vt 0 0
vt 0 0
vt 0 0
vt 0 0
vt 0 0
vt 0 0
vt 0 0
vt 0 0
vt 0 0
vt 0 0
vt 0 0
vt 0 0
vt 0 0
vt 0 0
vt 0 0
vt 0 0
vt 0 0
vt 0 0
vt 0 0
vt 0 0
vt 0 0
vt 0 0
vt 0 0
vt 0 0
vt 0 0
vt 0 0
vt 0 0
vt 0 0
vt 0 0
vt 0 0
vt 0 0
vt 0 0
vt 0 0
vt 0 0
vt 0 0
vt 0 0
vt 0 0
vt 0 0
vt 0 0
vt 0 0
vt 0 0
vt 0 0
vt 0 0
vt 0 0
vt 0 0
vt 0 0
vt 0 0
vt 0 0
vt 0 0
vt 0 0
vt 0 0
vt 0 0
vt 0 0
vt 0 0
vt 0 0
vt 0 0
vt 0 0
vt 0 0
vt 0 0
vt 0 0
vt 0 0
vt 0 0
vt 0 0
vt 0 0
vt 0 0
vt 0 0
vt 0 0
vt 0 0
vt 0 0
vt 0 0
vt 0 0
vt 0 0
vt 0 0
vt 0 0
vt 0 0
vt 0 0
vt 0 0
vt 0 0
vt 0 0
vt 0 0
vt 0 0
vt 0 0
vt 0 0
vt 0 0
vt 0 0
vt 0 0
vt 0 0
vt 0 0
vt 0 0
vt 0 0
vt 0 0
vt 0 0
vt 0 0
vt 0 0
vt 0 0
vt 0 0
vt 0 0
vt 0 0
vt 0 0
vt 0 0
vt 0 0
vt 0 0
vt 0 0
vt 0 0
vt 0 0
vt 0 0
vt 0 0
vt 0 0
vt 0 0
vt 0 0
vt 0 0
vt 0 0
vt 0 0
vt 0 0
vt 0 0
vt 0 0
vt 0 0
vt 0 0
vt 0 0
vt 0 0
vt 0 0
vt 0 0
vt 0 0
vt 0 0
vt 0 0
vt 0 0
vt 0 0
vt 0 0
vt 0 0
vt 0 0
vt 0 0
vt 0 0
vt 0 0
vt 0 0
vt 0 0
vt 0 0
vt 0 0
vt 0 0
vt 0 0
vt 0 0
vt 0 0
vt 0 0
vt 0 0
vt 0 0
vt 0 0
vt 0 0
vt 0 0
vt 0 0
vt 0 0
vt 0 0
vt 0 0
vt 0 0
vt 0 0
vt 0 0
vt 0 0
vt 0 0
vt 0 0
vt 0 0
vt 0 0
vt 0 0
vt 0 0
vt 0 0
vt 0 0
vt 0 0
vt 0 0
vt 0 0
vt 0 0
vt 0 0
vt 0 0
vt 0 0
vt 0 0
vt 0 0
vt 0 0
vt 0 0
vt 0 0
vt 0 0
vt 0 0
vt 0 0
vt 0 0
vt 0 0
vt 0 0
vt 0 0
vt 0 0
vt 0 0
vt 0 0
vt 0 0
vt 0 0
vt 0 0
vt 0 0
vt 0 0
vt 0 0
vt 0 0
vt 0 0
vt 0 0
vt 0 0
vt 0 0
vt 0 0
vt 0 0
vt 0 0
vt 0 0
vt 0 0
vt 0 0
vt 0 0
vt 0 0
vt 0 0
vt 0 0
vt 0 0
vt 0 0
vt 0 0
vt 0 0
vt 0 0
vt 0 0
vt 0 0
vt 0 0
vt 0 0
vt 0 0
vt 0 0
vt 0 0
vt 0 0
vt 0 0
vt 0 0
vt 0 0
vt 0 0
vt 0 0
vt 0 0
vt 0 0
vt 0 0
vt 0 0
vt 0 0
vt 0 0
vt 0 0
vt 0 0
vt 0 0
vt 0 0
vt 0 0
vt 0 0
vt 0 0
vt 0 0
vt 0 0
vt 0 0
vt 0 0
vt 0 0
vt 0 0
vt 0 0
vt 0 0
vt 0 0
vt 0 0
vt 0 0
vt 0 0
vt 0 0
vt 0 0
vt 0 0
vt 0 0
vt 0 0
vt 0 0
vt 0 0
vt 0 0
vt 0 0
vt 0 0
vt 0 0
vt 0 0
vt 0 0
vt 0 0
vt 0 0
vt 0 0
vt 0 0
vt 0 0
vt 0 0
vt 0 0
vt 0 0
vt 0 0
vt 0 0
vt 0 0
vt 0 0
vt 0 0
vt 0 0
vt 0 0
vt 0 0
vt 0 0
vt 0 0
vt 0 0
vt 0 0
vt 0 0
vt 0 0
vt 0 0
vt 0 0
vt 0 0
vt 0 0
vt 0 0
vt 0 0
vt 0 0
vt 0 0
vt 0 0
vt 0 0
vt 0 0
vt 0 0
vt 0 0
vt 0 0
vt 0 0
vt 0 0
vt 0 0
vt 0 0
vt 0 0
vt 0 0
vt 0 0
vt 0 0
vt 0 0
vt 0 0
vt 0 0
vt 0 0
vt 0 0
vt 0 0
vt 0 0
vt 0 0
vt 0 0
vt 0 0
vt 0 0
vt 0 0
vt 0 0
vt 0 0
vt 0 0
vt 0 0
vt 0 0
vt 0 0
vt 0 0
vt 0 0
vt 0 0
vt 0 0
vt 0 0
vt 0 0
vt 0 0
vt 0 0
vt 0 0
vt 0 0
vt 0 0
vt 0 0
vt 0 0
vt 0 0
vt 0 0
vt 0 0
vt 0 0
vt 0 0
vt 0 0
vt 0 0
vt 0 0
vt 0 0
vt 0 0
vt 0 0
vt 0 0
vt 0 0
vt 0 0
vt 0 0
vt 0 0
vt 0 0
vt 0 0
vt 0 0
vt 0 0
vt 0 0
vt 0 0
vt 0 0
vt 0 0
vt 0 0
vt 0 0
vt 0 0
vt 0 0
vt 0 0
vt 0 0
vt 0 0
vt 0 0
vt 0 0
vt 0 0
vt 0 0
vt 0 0
vt 0 0
vt 0 0
vt 0 0
vt 0 0
vt 0 0
vt 0 0
vt 0 0
vt 0 0
vt 0 0
vt 0 0
vt 0 0
vt 0 0
vt 0 0
vt 0 0
vt 0 0
vt 0 0
vt 0 0
vt 0 0
vt 0 0
vt 0 0
vt 0 0
vt 0 0
vt 0 0
vt 0 0
vt 0 0
vt 0 0
vt 0 0
vt 0 0
vt 0 0
vt 0 0
vt 0 0
vt 0 0
vt 0 0
vt 0 0
vt 0 0
vt 0 0
vt 0 0
vt 0 0
vt 0 0
vt 0 0
vt 0 0
vt 0 0
vt 0 0
vt 0 0
vt 0 0
vt 0 0
vt 0 0
vt 0 0
vt 0 0
vt 0 0
vt 0 0
vt 0 0
vt 0 0
vt 0 0
vt 0 0
vt 0 0
vt 0 0
vt 0 0
vt 0 0
vt 0 0
vt 0 0
vt 0 0
vt 0 0
vt 0 0
vt 0 0
vt 0 0
vt 0 0
vt 0 0
vt 0 0
vt 0 0
vt 0 0
vt 0 0
vt 0 0
vt 0 0
vt 0 0
vt 0 0
vt 0 0
vt 0 0
vt 0 0
vt 0 0
vt 0 0
vt 0 0
vt 0 0
vt 0 0
vt 0 0
vt 0 0
vt 0 0
vt 0 0
vt 0 0
vt 0 0
vt 0 0
vt 0 0
vt 0 0
vt 0 0
vt 0 0
vt 0 0
vt 0 0
vt 0 0
vt 0 0
vt 0 0
vt 0 0
vt 0 0
vt 0 0
vt 0 0
vt 0 0
vt 0 0
vt 0 0
vt 0 0
vt 0 0
vt 0 0
vt 0 0
vt 0 0
vt 0 0
vt 0 0
vt 0 0
vt 0 0
vt 0 0
vt 0 0
vt 0 0
vt 0 0
vt 0 0
vt 0 0
vt 0 0
vt 0 0
vt 0 0
vt 0 0
vt 0 0
vt 0 0
vt 0 0
vt 0 0
vt 0 0
vt 0 0
vt 0 0
vt 0 0
vt 0 0
vt 0 0
vt 0 0
vt 0 0
vt 0 0
vt 0 0
vt 0 0
vt 0 0
vt 0 0
vt 0 0
vt 0 0
vt 0 0
vt 0 0
vt 0 0
vt 0 0
vt 0 0
vt 0 0
vt 0 0
vt 0 0
vt 0 0
vt 0 0
vt 0 0
vt 0 0
vt 0 0
vt 0 0
vt 0 0
vt 0 0
vt 0 0
vt 0 0
vt 0 0
vt 0 0
vt 0 0
vt 0 0
vt 0 0
vt 0 0
vt 0 0
vt 0 0
vt 0 0
vt 0 0
vt 0 0
vt 0 0
vt 0 0
vt 0 0
vt 0 0
vt 0 0
vt 0 0
vt 0 0
vt 0 0
vt 0 0
vt 0 0
vt 0 0
vt 0 0
vt 0 0
vt 0 0
vt 0 0
vt 0 0
vt 0 0
vt 0 0
vt 0 0
vt 0 0
vt 0 0
vt 0 0
vt 0 0
vt 0 0
vt 0 0
vt 0 0
vt 0 0
vt 0 0
vt 0 0
vt 0 0
vt 0 0
vt 0 0
vt 0 0
vt 0 0
vt 0 0
vt 0 0
vt 0 0
vt 0 0
vt 0 0
vt 0 0
vt 0 0
vt 0 0
vt 0 0
vt 0 0
vt 0 0
vt 0 0
vt 0 0
vt 0 0
vt 0 0
vt 0 0
vt 0 0
vt 0 0
vt 0 0
vt 0 0
vt 0 0
vt 0 0
vt 0 0
vt 0 0
vt 0 0
vt 0 0
vt 0 0
vt 0 0
vt 0 0
vt 0 0
vt 0 0
vt 0 0
vt 0 0
vt 0 0
vt 0 0
vt 0 0
vt 0 0
vt 0 0
vt 0 0
vt 0 0
vt 0 0
vt 0 0
vt 0 0
vt 0 0
vt 0 0
vt 0 0
vt 0 0
vt 0 0
vt 0 0
vt 0 0
vt 0 0
vt 0 0
vt 0 0
vt 0 0
vt 0 0
vt 0 0
vt 0 0
vt 0 0
vt 0 0
vt 0 0
vt 0 0
vt 0 0
vt 0 0
vt 0 0
vt 0 0
vt 0 0
vt 0 0
vt 0 0
vt 0 0
vt 0 0
vt 0 0
vt 0 0
vt 0 0
vt 0 0
vt 0 0
vt 0 0
vt 0 0
vt 0 0
vt 0 0
vt 0 0
vt 0 0
vt 0 0
vt 0 0
vt 0 0
vt 0 0
vt 0 0
vt 0 0
vt 0 0
vt 0 0
vt 0 0
vt 0 0
vt 0 0
vt 0 0
vt 0 0
vt 0 0
vt 0 0
vt 0 0
vt 0 0
vt 0 0
vt 0 0
vt 0 0
vt 0 0
vt 0 0
vt 0 0
vt 0 0
vt 0 0
vt 0 0
vt 0 0
vt 0 0
vt 0 0
vt 0 0
vt 0 0
vt 0 0
vt 0 0
vt 0 0
vt 0 0
vt 0 0
vt 0 0
vt 0 0
vt 0 0
vt 0 0
vt 0 0
vt 0 0
vt 0 0
vt 0 0
vt 0 0
vt 0 0
vt 0 0
vt 0 0
vt 0 0
vt 0 0
vt 0 0
vt 0 0
vt 0 0
vt 0 0
vt 0 0
vt 0 0
vt 0 0
vt 0 0
vt 0 0
vt 0 0
vt 0 0
vt 0 0
vt 0 0
vt 0 0
vt 0 0
vt 0 0
vt 0 0
vt 0 0
vt 0 0
vt 0 0
vt 0 0
vt 0 0
vt 0 0
vt 0 0
vt 0 0
vt 0 0
vt 0 0
vt 0 0
vt 0 0
vt 0 0
vt 0 0
vt 0 0
vt 0 0
vt 0 0
vt 0 0
vt 0 0
vt 0 0
vt 0 0
vt 0 0
vt 0 0
vt 0 0
vt 0 0
vt 0 0
vt 0 0
vt 0 0
vt 0 0
vt 0 0
vt 0 0
vt 0 0
vt 0 0
vt 0 0
vt 0 0
vt 0 0
vt 0 0
vt 0 0
vt 0 0
vt 0 0
vt 0 0
vt 0 0
vt 0 0
vt 0 0
vt 0 0
vt 0 0
vt 0 0
vt 0 0
vt 0 0
vt 0 0
vt 0 0
vt 0 0
vt 0 0
vt 0 0
vt 0 0
vt 0 0
vt 0 0
vt 0 0
vt 0 0
vt 0 0
vt 0 0
vt 0 0
vt 0 0
vt 0 0
vt 0 0
vt 0 0
vt 0 0
vt 0 0
vt 0 0
vt 0 0
vt 0 0
vt 0 0
vt 0 0
vt 0 0
vt 0 0
vt 0 0
vt 0 0
vt 0 0
vt 0 0
vt 0 0
vt 0 0
vt 0 0
vt 0 0
vt 0 0
vt 0 0
vt 0 0
vt 0 0
vt 0 0
vt 0 0
vt 0 0
vt 0 0
vt 0 0
vt 0 0
vt 0 0
vt 0 0
vt 0 0
vt 0 0
vt 0 0
vt 0 0
vt 0 0
vt 0 0
vt 0 0
vt 0 0
vt 0 0
vt 0 0
vt 0 0
vt 0 0
vt 0 0
vt 0 0
vt 0 0
vt 0 0
vt 0 0
vt 0 0
vt 0 0
vt 0 0
vt 0 0
vt 0 0
vt 0 0
vt 0 0
vt 0 0
vt 0 0
vt 0 0
vt 0 0
vt 0 0
vt 0 0
vt 0 0
vt 0 0
vt 0 0
vt 0 0
vt 0 0
vt 0 0
vt 0 0
vt 0 0
vt 0 0
vt 0 0
vt 0 0
vt 0 0
vt 0 0
vt 0 0
vt 0 0
vt 0 0
vt 0 0
vt 0 0
vt 0 0
vt 0 0
vt 0 0
vt 0 0
vt 0 0
vt 0 0
vt 0 0
vt 0 0
vt 0 0
vt 0 0
vt 0 0
vt 0 0
vt 0 0
vt 0 0
vt 0 0
vt 0 0
vt 0 0
vt 0 0
vt 0 0
vt 0 0
vt 0 0
vt 0 0
vt 0 0
vt 0 0
vt 0 0
vt 0 0
vt 0 0
vt 0 0
vt 0 0
vt 0 0
vt 0 0
vt 0 0
vt 0 0
vt 0 0
vt 0 0
vt 0 0
vt 0 0
vt 0 0
vt 0 0
vt 0 0
vt 0 0
vt 0 0
vt 0 0
vt 0 0
vt 0 0
vt 0 0
vt 0 0
vt 0 0
vt 0 0
vt 0 0
vt 0 0
vt 0 0
vt 0 0
vt 0 0
vt 0 0
vt 0 0
vt 0 0
vt 0 0
vt 0 0
vt 0 0
vt 0 0
vt 0 0
vt 0 0
vt 0 0
vt 0 0
vt 0 0
vt 0 0
vt 0 0
vt 0 0
vt 0 0
vt 0 0
vt 0 0
vt 0 0
vt 0 0
vt 0 0
vt 0 0
vt 0 0
vt 0 0
vt 0 0
vt 0 0
vt 0 0
vt 0 0
vt 0 0
vt 0 0
vt 0 0
vt 0 0
vt 0 0
vt 0 0
vt 0 0
vt 0 0
vt 0 0
vt 0 0
vt 0 0
vt 0 0
vt 0 0
vt 0 0
vt 0 0
vt 0 0
vt 0 0
vt 0 0
vt 0 0
vt 0 0
vt 0 0
vt 0 0
vt 0 0
vt 0 0
vt 0 0
vt 0 0
vt 0 0
vt 0 0
vt 0 0
vt 0 0
vt 0 0
vt 0 0
vt 0 0
vt 0 0
vt 0 0
vt 0 0
vt 0 0
vt 0 0
vt 0 0
vt 0 0
vt 0 0
vt 0 0
vt 0 0
vt 0 0
vt 0 0
vt 0 0
vt 0 0
vt 0 0
vt 0 0
vt 0 0
vt 0 0
vt 0 0
vt 0 0
vt 0 0
vt 0 0
vt 0 0
vt 0 0
vt 0 0
vt 0 0
vt 0 0
vt 0 0
vt 0 0
vt 0 0
vt 0 0
vt 0 0
vt 0 0
vt 0 0
vt 0 0
vt 0 0
vt 0 0
vt 0 0
vt 0 0
vt 0 0
vt 0 0
vt 0 0
vt 0 0
vt 0 0
vt 0 0
vt 0 0
vt 0 0
vt 0 0
vt 0 0
vt 0 0
vt 0 0
vt 0 0
vt 0 0
vt 0 0
vt 0 0
vt 0 0
vt 0 0
vt 0 0
vt 0 0
vt 0 0
vt 0 0
vt 0 0
vt 0 0
vt 0 0
vt 0 0
vt 0 0
vt 0 0
vt 0 0
vt 0 0
vt 0 0
vt 0 0
vt 0 0
vt 0 0
vt 0 0
vt 0 0
vt 0 0
vt 0 0
vt 0 0
vt 0 0
vt 0 0
vt 0 0
vt 0 0
vt 0 0
vt 0 0
vt 0 0
vt 0 0
vt 0 0
vt 0 0
vt 0 0
vt 0 0
vt 0 0
vt 0 0
vt 0 0
vt 0 0
vt 0 0
vt 0 0
vt 0 0
vt 0 0
vt 0 0
vt 0 0
vt 0 0
vt 0 0
vt 0 0
vt 0 0
vt 0 0
vt 0 0
vt 0 0
vt 0 0
vt 0 0
vt 0 0
vt 0 0
vt 0 0
vt 0 0
vt 0 0
vt 0 0
vt 0 0
vt 0 0
vt 0 0
vt 0 0
vt 0 0
vt 0 0
vt 0 0
vt 0 0
vt 0 0
vt 0 0
vt 0 0
vt 0 0
vt 0 0
vt 0 0
vt 0 0
vt 0 0
vt 0 0
vt 0 0
vt 0 0
vt 0 0
vt 0 0
vt 0 0
vt 0 0
vt 0 0
vt 0 0
vt 0 0
vt 0 0
vt 0 0
vt 0 0
vt 0 0
vt 0 0
vt 0 0
vt 0 0
vt 0 0
vt 0 0
vt 0 0
vt 0 0
vt 0 0
vt 0 0
vt 0 0
vt 0 0
vt 0 0
vt 0 0
vt 0 0
vt 0 0
vt 0 0
vt 0 0
vt 0 0
vt 0 0
vt 0 0
vt 0 0
vt 0 0
vt 0 0
vt 0 0
vt 0 0
vt 0 0
vt 0 0
vt 0 0
vt 0 0
vt 0 0
vt 0 0
vt 0 0
vt 0 0
vt 0 0
vt 0 0
vt 0 0
vt 0 0
vt 0 0
vt 0 0
vt 0 0
vt 0 0
vt 0 0
vt 0 0
vt 0 0
vt 0 0
vt 0 0
vt 0 0
vt 0 0
vt 0 0
vt 0 0
vt 0 0
vt 0 0
vt 0 0
vt 0 0
vt 0 0
vt 0 0
vt 0 0
vt 0 0
vt 0 0
vt 0 0
vt 0 0
vt 0 0
vt 0 0
vt 0 0
vt 0 0
vt 0 0
vt 0 0
vt 0 0
vt 0 0
vt 0 0
vt 0 0
vt 0 0
vt 0 0
vt 0 0
vt 0 0
vt 0 0
vt 0 0
vt 0 0
vt 0 0
vt 0 0
vt 0 0
vt 0 0
vt 0 0
vt 0 0
vt 0 0
vt 0 0
vt 0 0
vt 0 0
vt 0 0
vt 0 0
vt 0 0
vt 0 0
vt 0 0
vt 0 0
vt 0 0
vt 0 0
vt 0 0
vt 0 0
vt 0 0
vt 0 0
vt 0 0
vt 0 0
vt 0 0
vt 0 0
vt 0 0
vt 0 0
vt 0 0
vt 0 0
vt 0 0
vt 0 0
vt 0 0
vt 0 0
vt 0 0
vt 0 0
vt 0 0
vt 0 0
vt 0 0
vt 0 0
vt 0 0
vt 0 0
vt 0 0
vt 0 0
vt 0 0
vt 0 0
vt 0 0
vt 0 0
vt 0 0
vt 0 0
vt 0 0
vt 0 0
vt 0 0
vt 0 0
vt 0 0
vt 0 0
vt 0 0
vt 0 0
vt 0 0
vt 0 0
vt 0 0
vt 0 0
vt 0 0
vt 0 0
vt 0 0
vt 0 0
vt 0 0
vt 0 0
vt 0 0
vt 0 0
vt 0 0
vt 0 0
vt 0 0
vt 0 0
vt 0 0
vt 0 0
vt 0 0
vt 0 0
vt 0 0
vt 0 0
vt 0 0
vt 0 0
vt 0 0
vt 0 0
vt 0 0
vt 0 0
vt 0 0
vt 0 0
vt 0 0
vt 0 0
vt 0 0
vt 0 0
vt 0 0
vt 0 0
vt 0 0
vt 0 0
vt 0 0
vt 0 0
vt 0 0
vt 0 0
vt 0 0
vt 0 0
vt 0 0
vt 0 0
vt 0 0
vt 0 0
vt 0 0
vt 0 0
vt 0 0
vt 0 0
vt 0 0
vt 0 0
vt 0 0
vt 0 0
vt 0 0
vt 0 0
vt 0 0
vt 0 0
vt 0 0
vt 0 0
vt 0 0
vt 0 0
vt 0 0
vt 0 0
vt 0 0
vt 0 0
vt 0 0
vt 0 0
vt 0 0
vt 0 0
vt 0 0
vt 0 0
vt 0 0
vt 0 0
vt 0 0
vt 0 0
vt 0 0
vt 0 0
vt 0 0
vt 0 0
vt 0 0
vt 0 0
vt 0 0
vt 0 0
vt 0 0
vt 0 0
vt 0 0
vt 0 0
vt 0 0
vt 0 0
vt 0 0
vt 0 0
vt 0 0
vt 0 0
vt 0 0
vt 0 0
vt 0 0
vt 0 0
vt 0 0
vt 0 0
vt 0 0
vt 0 0
vt 0 0
vt 0 0
vt 0 0
vt 0 0
vt 0 0
vt 0 0
vt 0 0
vt 0 0
vt 0 0
vt 0 0
vt 0 0
vt 0 0
vt 0 0
vt 0 0
vt 0 0
vt 0 0
vt 0 0
vt 0 0
vt 0 0
vt 0 0
vt 0 0
vt 0 0
vt 0 0
vt 0 0
vt 0 0
vt 0 0
vt 0 0
vt 0 0
vt 0 0
vt 0 0
vt 0 0
vt 0 0
vt 0 0
vt 0 0
vt 0 0
vt 0 0
vt 0 0
vt 0 0
vt 0 0
vt 0 0
vt 0 0
vt 0 0
vt 0 0
vt 0 0
vt 0 0
vt 0 0
vt 0 0
vt 0 0
vt 0 0
vt 0 0
vt 0 0
vt 0 0
vt 0 0
vt 0 0
vt 0 0
vt 0 0
vt 0 0
vt 0 0
vt 0 0
vt 0 0
vt 0 0
vt 0 0
vt 0 0
vt 0 0
vt 0 0
vt 0 0
vt 0 0
vt 0 0
vt 0 0
vt 0 0
vt 0 0
vt 0 0
vt 0 0
vt 0 0
vt 0 0
vt 0 0
vt 0 0
vt 0 0
vt 0 0
vt 0 0
vt 0 0
vt 0 0
vt 0 0
vt 0 0
vt 0 0
vt 0 0
vt 0 0
vt 0 0
vt 0 0
vt 0 0
vt 0 0
vt 0 0
vt 0 0
vt 0 0
vt 0 0
vt 0 0
vt 0 0
vt 0 0
vt 0 0
vt 0 0
vt 0 0
vt 0 0
vt 0 0
vt 0 0
vt 0 0
vt 0 0
vt 0 0
vt 0 0
vt 0 0
vt 0 0
vt 0 0
vt 0 0
vt 0 0
vt 0 0
vt 0 0
vt 0 0
vt 0 0
vt 0 0
vt 0 0
vt 0 0
vt 0 0
vt 0 0
vt 0 0
vt 0 0
vt 0 0
vt 0 0
vt 0 0
vt 0 0
vt 0 0
vt 0 0
vt 0 0
vt 0 0
vt 0 0
vt 0 0
vt 0 0
vt 0 0
vt 0 0
vt 0 0
vt 0 0
vt 0 0
vt 0 0
vt 0 0
vt 0 0
vt 0 0
vt 0 0
vt 0 0
vt 0 0
vt 0 0
vt 0 0
vt 0 0
vt 0 0
vt 0 0
vt 0 0
vt 0 0
vt 0 0
vt 0 0
vt 0 0
vt 0 0
vt 0 0
vt 0 0
vt 0 0
vt 0 0
vt 0 0
vt 0 0
vt 0 0
vt 0 0
vt 0 0
vt 0 0
vt 0 0
vt 0 0
vt 0 0
vt 0 0
vt 0 0
vt 0 0
vt 0 0
vt 0 0
vt 0 0
vt 0 0
vt 0 0
vt 0 0
vt 0 0
vt 0 0
vt 0 0
vt 0 0
vt 0 0
vt 0 0
vt 0 0
vt 0 0
vt 0 0
vt 0 0
vt 0 0
vt 0 0
vt 0 0
vt 0 0
vt 0 0
vt 0 0
vt 0 0
vt 0 0
vt 0 0
vt 0 0
vt 0 0
vt 0 0
vt 0 0
vt 0 0
vt 0 0
vt 0 0
vt 0 0
vt 0 0
vt 0 0
vt 0 0
vt 0 0
vt 0 0
vt 0 0
vt 0 0
vt 0 0
vt 0 0
vt 0 0
vt 0 0
vt 0 0
vt 0 0
vt 0 0
vt 0 0
vt 0 0
vt 0 0
vt 0 0
vt 0 0
vt 0 0
vt 0 0
vt 0 0
vt 0 0
vt 0 0
vt 0 0
vt 0 0
vt 0 0
vt 0 0
vt 0 0
vt 0 0
vt 0 0
vt 0 0
vt 0 0
vt 0 0
vt 0 0
vt 0 0
vt 0 0
vt 0 0
vt 0 0
vt 0 0
vt 0 0
vt 0 0
vt 0 0
vt 0 0
vt 0 0
vt 0 0
vt 0 0
vt 0 0
vt 0 0
vt 0 0
vt 0 0
vt 0 0
vt 0 0
vt 0 0
vt 0 0
vt 0 0
vt 0 0
vt 0 0
vt 0 0
vt 0 0
vt 0 0
vt 0 0
vt 0 0
vt 0 0
vt 0 0
vt 0 0
vt 0 0
vt 0 0
vt 0 0
vt 0 0
vt 0 0
vt 0 0
vt 0 0
vt 0 0
vt 0 0
vt 0 0
vt 0 0
vt 0 0
vt 0 0
vt 0 0
vt 0 0
vt 0 0
vt 0 0
vt 0 0
vt 0 0
vt 0 0
vt 0 0
vt 0 0
vt 0 0
vt 0 0
vt 0 0
vt 0 0
vt 0 0
vt 0 0
vt 0 0
vt 0 0
vt 0 0
vt 0 0
vt 0 0
vt 0 0
vt 0 0
vt 0 0
vt 0 0
vt 0 0
vt 0 0
vt 0 0
vt 0 0
vt 0 0
vt 0 0
vt 0 0
vt 0 0
vt 0 0
vt 0 0
vt 0 0
vt 0 0
vt 0 0
vt 0 0
vt 0 0
vt 0 0
vt 0 0
vt 0 0
vt 0 0
vt 0 0
vt 0 0
vt 0 0
vt 0 0
vt 0 0
vt 0 0
vt 0 0
vt 0 0
vt 0 0
vt 0 0
vt 0 0
vt 0 0
vt 0 0
vt 0 0
vt 0 0
vt 0 0
vt 0 0
vt 0 0
vt 0 0
vt 0 0
vt 0 0
vt 0 0
vt 0 0
vt 0 0
vt 0 0
vt 0 0
vt 0 0
vt 0 0
vt 0 0
vt 0 0
vt 0 0
vt 0 0
vt 0 0
vt 0 0
vt 0 0
vt 0 0
vt 0 0
vt 0 0
vt 0 0
vt 0 0
vt 0 0
vt 0 0
vt 0 0
vt 0 0
vt 0 0
vt 0 0
vt 0 0
vt 0 0
vt 0 0
vt 0 0
vt 0 0
vt 0 0
vt 0 0
vt 0 0
vt 0 0
vt 0 0
vt 0 0
vt 0 0
vt 0 0
vt 0 0
vt 0 0
vt 0 0
vt 0 0
vt 0 0
vt 0 0
vt 0 0
vt 0 0
vt 0 0
vt 0 0
vt 0 0
vt 0 0
vt 0 0
vt 0 0
vt 0 0
vt 0 0
vt 0 0
vt 0 0
vt 0 0
vt 0 0
vt 0 0
vt 0 0
vt 0 0
vt 0 0
vt 0 0
vt 0 0
vt 0 0
vt 0 0
vt 0 0
vt 0 0
vt 0 0
vt 0 0
vt 0 0
vt 0 0
vt 0 0
vt 0 0
vt 0 0
vt 0 0
vt 0 0
vt 0 0
vt 0 0
vt 0 0
vt 0 0
vt 0 0
vt 0 0
vt 0 0
vt 0 0
vt 0 0
vt 0 0
vt 0 0
vt 0 0
vt 0 0
vt 0 0
vt 0 0
vt 0 0
vt 0 0
vt 0 0
vt 0 0
vt 0 0
vt 0 0
vt 0 0
vt 0 0
vt 0 0
vt 0 0
vt 0 0
vt 0 0
vt 0 0
vt 0 0
vt 0 0
vt 0 0
vt 0 0
vt 0 0
vt 0 0
vt 0 0
vt 0 0
vt 0 0
vt 0 0
vt 0 0
vt 0 0
vt 0 0
vt 0 0
vt 0 0
vt 0 0
vt 0 0
vt 0 0
vt 0 0
vt 0 0
vt 0 0
vt 0 0
vt 0 0
vt 0 0
vt 0 0
vt 0 0
vt 0 0
vt 0 0
vt 0 0
vt 0 0
vt 0 0
vt 0 0
vt 0 0
vt 0 0
vt 0 0
vt 0 0
vt 0 0
vt 0 0
vt 0 0
vt 0 0
vt 0 0
vt 0 0
vt 0 0
vt 0 0
vt 0 0
vt 0 0
vt 0 0
vt 0 0
vt 0 0
vt 0 0
vt 0 0
vt 0 0
vt 0 0
vt 0 0
vt 0 0
vt 0 0
vt 0 0
vt 0 0
vt 0 0
vt 0 0
vt 0 0
vt 0 0
vt 0 0
vt 0 0
vt 0 0
vt 0 0
vt 0 0
vt 0 0
vt 0 0
vt 0 0
vt 0 0
vt 0 0
vt 0 0
vt 0 0
vt 0 0
vt 0 0
vt 0 0
vt 0 0
vt 0 0
vt 0 0
vt 0 0
vt 0 0
vt 0 0
vt 0 0
vt 0 0
vt 0 0
vt 0 0
vt 0 0
vt 0 0
vt 0 0
vt 0 0
vt 0 0
vt 0 0
vt 0 0
vt 0 0
vt 0 0
vt 0 0
vt 0 0
vt 0 0
vt 0 0
vt 0 0
vt 0 0
vt 0 0
vt 0 0
vt 0 0
vt 0 0
vt 0 0
vt 0 0
vt 0 0
vt 0 0
vt 0 0
vt 0 0
vt 0 0
vt 0 0
vt 0 0
vt 0 0
vt 0 0
vt 0 0
vt 0 0
vt 0 0
vt 0 0
vt 0 0
vt 0 0
vt 0 0
vt 0 0
vt 0 0
vt 0 0
vt 0 0
vt 0 0
vt 0 0
vt 0 0
vt 0 0
vt 0 0
vt 0 0
vt 0 0
vt 0 0
vt 0 0
vt 0 0
vt 0 0
vt 0 0
vt 0 0
vt 0 0
vt 0 0
vt 0 0
vt 0 0
vt 0 0
vt 0 0
vt 0 0
vt 0 0
vt 0 0
vt 0 0
vt 0 0
vt 0 0
vt 0 0
vt 0 0
vt 0 0
vt 0 0
vt 0 0
vt 0 0
vt 0 0
vt 0 0
vt 0 0
vt 0 0
vt 0 0
vt 0 0
vt 0 0
vt 0 0
vt 0 0
vt 0 0
vt 0 0
vt 0 0
vt 0 0
vt 0 0
vt 0 0
vt 0 0
vt 0 0
vt 0 0
vt 0 0
vt 0 0
vt 0 0
vt 0 0
vt 0 0
vt 0 0
vt 0 0
vt 0 0
vt 0 0
vt 0 0
vt 0 0
vt 0 0
vt 0 0
vt 0 0
vt 0 0
vt 0 0
vt 0 0
vt 0 0
vt 0 0
vt 0 0
vt 0 0
vt 0 0
vt 0 0
vt 0 0
vt 0 0
vt 0 0
vt 0 0
vt 0 0
vt 0 0
vt 0 0
vt 0 0
vt 0 0
vt 0 0
vt 0 0
vt 0 0
vt 0 0
vt 0 0
vt 0 0
vt 0 0
vt 0 0
vt 0 0
vt 0 0
vt 0 0
vt 0 0
vt 0 0
vt 0 0
vt 0 0
vt 0 0
vt 0 0
vt 0 0
vt 0 0
vt 0 0
vt 0 0
vt 0 0
vt 0 0
vt 0 0
vt 0 0
vt 0 0
vt 0 0
vt 0 0
vt 0 0
vt 0 0
vt 0 0
vt 0 0
vt 0 0
vt 0 0
vt 0 0
vt 0 0
vt 0 0
vt 0 0
vt 0 0
vt 0 0
vt 0 0
vt 0 0
vt 0 0
vt 0 0
vt 0 0
vt 0 0
vt 0 0
vt 0 0
vt 0 0
vt 0 0
vt 0 0
vt 0 0
vt 0 0
vt 0 0
vt 0 0
vt 0 0
vt 0 0
vt 0 0
vt 0 0
vt 0 0
vt 0 0
vt 0 0
vt 0 0
vt 0 0
vt 0 0
vt 0 0
vt 0 0
vt 0 0
vt 0 0
vt 0 0
vt 0 0
vt 0 0
vt 0 0
vt 0 0
vt 0 0
vt 0 0
vt 0 0
vt 0 0
vt 0 0
vt 0 0
vt 0 0
vt 0 0
vt 0 0
vt 0 0
vt 0 0
vt 0 0
vt 0 0
vt 0 0
vt 0 0
vt 0 0
vt 0 0
vt 0 0
vt 0 0
vt 0 0
vt 0 0
vt 0 0
vt 0 0
vt 0 0
vt 0 0
vt 0 0
vt 0 0
vt 0 0
vt 0 0
vt 0 0
vt 0 0
vt 0 0
vt 0 0
vt 0 0
vt 0 0
vt 0 0
vt 0 0
vt 0 0
vt 0 0
vt 0 0
vt 0 0
vt 0 0
vt 0 0
vt 0 0
vt 0 0
vt 0 0
vt 0 0
vt 0 0
vt 0 0
vt 0 0
vt 0 0
vt 0 0
vt 0 0
vt 0 0
vt 0 0
vt 0 0
vt 0 0
vt 0 0
vt 0 0
vt 0 0
vt 0 0
vt 0 0
vt 0 0
vt 0 0
vt 0 0
vt 0 0
vt 0 0
vt 0 0
vt 0 0
vt 0 0
vt 0 0
vt 0 0
vt 0 0
vt 0 0
vt 0 0
vt 0 0
vt 0 0
vt 0 0
vt 0 0
vt 0 0
vt 0 0
vt 0 0
vt 0 0
vt 0 0
vt 0 0
vt 0 0
vt 0 0
vt 0 0
vt 0 0
vt 0 0
vt 0 0
vt 0 0
vt 0 0
vt 0 0
vt 0 0
vt 0 0
vt 0 0
vt 0 0
vt 0 0
vt 0 0
vt 0 0
vt 0 0
vt 0 0
vt 0 0
vt 0 0
vt 0 0
vt 0 0
vt 0 0
vt 0 0
vt 0 0
vt 0 0
vt 0 0
vt 0 0
vt 0 0
vt 0 0
vt 0 0
vt 0 0
vt 0 0
vt 0 0
vt 0 0
vt 0 0
vt 0 0
vt 0 0
vt 0 0
vt 0 0
vt 0 0
vt 0 0
vt 0 0
vt 0 0
vt 0 0
vt 0 0
vt 0 0
vt 0 0
vt 0 0
vt 0 0
vt 0 0
vt 0 0
vt 0 0
vt 0 0
vt 0 0
vt 0 0
vt 0 0
vt 0 0
vt 0 0
vt 0 0
vt 0 0
vt 0 0
vt 0 0
vt 0 0
vt 0 0
vt 0 0
vt 0 0
vt 0 0
vt 0 0
vt 0 0
vt 0 0
vt 0 0
vt 0 0
vt 0 0
vt 0 0
vt 0 0
vt 0 0
vt 0.87548691 0.034636803
vt 0.944828093 0.0850148052
vt 0.944828093 0.0850148052
vt 0.971314013 0.166530803
vt 0.87548691 0.034636803
vt 0.971314013 0.166530803
vt 0.789776862 0.034636803
vt 0.944828093 0.248045802
vt 0.789776862 0.034636803
vt 0.944828093 0.248045802
vt 0.720436156 0.0850148052
vt 0.87548691 0.29842481
vt 0.720436156 0.0850148052
vt 0.87548691 0.29842481
vt 0.693950236 0.166530803
vt 0.789776862 0.29842481
vt 0.693950236 0.166530803
vt 0.789776862 0.29842481
vt 0.720436156 0.248045802
vt 0.720436156 0.248045802
vt 0 0
vt 0 0
vt 0 0
vt 0 0
vt 0 0
vt 0 0
vt 0 0
vt 0 0
vt 0 0
vt 0 0
vt 0 0
vt 0 0
vt 0 0
vt 0 0
vt 0 0
vt 0 0
vt 0 0
vt 0 0
vt 0 0
vt 0 0
vt 0 0
vt 0 0
vt 0 0
vt 0 0
vt 0 0
vt 0 0
vt 0 0
vt 0 0
vt 0 0
vt 0 0
vt 0 0
vt 0 0
vt 0 0
vt 0 0
vt 0 0
vt 0 0
vt 0 0
vt 0 0
vt 0 0
vt 0 0
vt 0 0
vt 0 0
vt 0 0
vt 0 0
vt 0 0
vt 0 0
vt 0 0
vt 0 0
vt 0 0
vt 0 0
vt 0 0
vt 0 0
vt 0 0
vt 0 0
vt 0 0
vt 0 0
vt 0 0
vt 0 0
vt 0 0
vt 0 0
vt 0 0
vt 0 0
vt 0 0
vt 0 0
vt 0 0
vt 0 0
vt 0 0
vt 0 0
vt 0 0
vt 0.87548691 0.034636803
vt 0.944828093 0.0850148052
vt 0.944828093 0.0850148052
vt 0.971314013 0.166530803
vt 0.87548691 0.034636803
vt 0.971314013 0.166530803
vt 0.789776862 0.034636803
vt 0.944828093 0.248045802
vt 0.789776862 0.034636803
vt 0.944828093 0.248045802
vt 0.720436156 0.0850148052
vt 0.87548691 0.29842481
vt 0.720436156 0.0850148052
vt 0.87548691 0.29842481
vt 0.693950236 0.166530803
vt 0.789776862 0.29842481
vt 0.693950236 0.166530803
vt 0.789776862 0.29842481
vt 0.720436156 0.248045802
vt 0.720436156 0.248045802
vt 0.720436156 0.248045802
vt 0.720436156 0.248045802
vt 0.789776862 0.29842481
vt 0.693950236 0.166530803
vt 0.789776862 0.29842481
vt 0.693950236 0.166530803
vt 0.87548691 0.29842481
vt 0.720436156 0.0850148052
vt 0.87548691 0.29842481
vt 0.720436156 0.0850148052
vt 0.944828093 0.248045802
vt 0.944828093 0.248045802
vt 0.971314013 0.166530803
vt 0.971314013 0.166530803
vt 0.789776862 0.034636803
vt 0.789776862 0.034636803
vt 0.87548691 0.034636803
vt 0.87548691 0.034636803
vt 0.944828093 0.0850148052
vt 0.944828093 0.0850148052
vt 0 0
vt 0 0
vt 0 0
vt 0 0
vt 0 0
vt 0 0
vt 0 0
vt 0 0
vt 0 0
vt 0 0
vt 0 0
vt 0 0
vt 0 0
vt 0 0
vt 0 0
vt 0 0
vt 0 0
vt 0 0
vt 0 0
vt 0 0
vt 0 0
vt 0 0
vt 0 0
vt 0 0
vt 0 0
vt 0 0
vt 0 0
vt 0 0
vt 0 0
vt 0 0
vt 0 0
vt 0 0
vt 0 0
vt 0 0
vt 0 0
vt 0 0
vt 0 0
vt 0 0
vt 0 0
vt 0 0
vt 0 0
vt 0 0
vt 0 0
vt 0 0
vt 0 0
vt 0 0
vt 0 0
vt 0 0
vt 0.693950236 0.166530803
vt 0.720436156 0.0850148052
vt 0.720436156 0.0850148052
vt 0.789776862 0.034636803
vt 0.693950236 0.166530803
vt 0.789776862 0.034636803
vt 0.720436156 0.248045802
vt 0.720436156 0.248045802
vt 0.87548691 0.034636803
vt 0.87548691 0.034636803
vt 0.789776862 0.29842481
vt 0.789776862 0.29842481
vt 0.87548691 0.29842481
vt 0.87548691 0.29842481
vt 0.944828093 0.248045802
vt 0.944828093 0.248045802
vt 0.944828093 0.0850148052
vt 0.944828093 0.0850148052
vt 0.971314013 0.166530803
vt 0.971314013 0.166530803
vt 0.944828093 0.248045802
vt 0.87548691 0.29842481
vt 0.87548691 0.29842481
vt 0.789776862 0.29842481
vt 0.944828093 0.248045802
vt 0.789776862 0.29842481
vt 0.720436156 0.248045802
vt 0.720436156 0.248045802
vt 0.693950236 0.166530803
vt 0.693950236 0.166530803
vt 0.720436156 0.0850148052
vt 0.720436156 0.0850148052
vt 0.971314013 0.166530803
vt 0.971314013 0.166530803
vt 0.789776862 0.034636803
vt 0.789776862 0.034636803
vt 0.944828093 0.0850148052
vt 0.944828093 0.0850148052
vt 0.87548691 0.034636803
vt 0.87548691 0.034636803
vt 0.944828093 0.0850148052
vt 0.944828093 0.0850148052
vt 0.87548691 0.034636803
vt 0.971314013 0.166530803
vt 0.87548691 0.034636803
vt 0.971314013 0.166530803
vt 0.789776862 0.034636803
vt 0.944828093 0.248045802
vt 0.789776862 0.034636803
vt 0.944828093 0.248045802
vt 0.720436156 0.0850148052
vt 0.720436156 0.0850148052
vt 0.693950236 0.166530803
vt 0.693950236 0.166530803
vt 0.720436156 0.248045802
vt 0.720436156 0.248045802
vt 0.789776862 0.29842481
vt 0.789776862 0.29842481
vt 0.87548691 0.29842481
vt 0.87548691 0.29842481
vt 0 0
vt 0 0
vt 0 0
vt 0 0
vt 0 0
vt 0 0
vt 0 0
vt 0 0
vt 0 0
vt 0 0
vt 0 0
vt 0 0
vt 0 0
vt 0 0
vt 0 0
vt 0 0
vt 0 0
vt 0 0
vt 0 0
vt 0 0
vt 0 0
vn -0 0 1
vn -0 0 1
vn -0 0 1
vn -0 0 1
vn -0 0 1
vn -0 0 1
vn -0 0 1
vn -0 0 1
vn -0 0 1
vn -0 0 1
vn -0 0 1
vn -0 0 1
vn -0 0 1
vn -0 0 1
vn -0 0 1
vn -0 0 1
vn -0 0 1
vn -0 0 1
vn -0 0 1
vn -0 0 1
vn -0 0 1
vn -0 0 1
vn -0 0 1
vn -0 0 1
vn -0 0 1
vn -0 0 1
vn -0 0 1
vn -0.0148790218 -0.0197760127 -0.999693751
vn -0.000416167837 -0.0247753598 -0.999692917
vn 5.63672656E-05 0 -1
vn -0.0236406419 -0.00725188386 -0.999694228
vn 0.0142462421 -0.0203131735 -0.999692202
vn -0.0233915057 0.00802534912 -0.999694228
vn 0.0234842766 -0.00806321111 -0.999691725
vn -0.0142208543 0.0202556606 -0.999693751
vn 0.0237365961 0.00728650391 -0.999691725
vn 0.000400171062 0.024777364 -0.999692917
vn 0.0149058653 0.0198348202 -0.999692202
vn -0.00968723092 0.0227735937 -0.999693751
vn -0.0212481599 0.0127467923 -0.999693036
vn -2.80112126E-05 -4.8752052E-05 -1
vn 0.00554201426 0.0241009649 -0.999694228
vn -0.0247140341 -0.00218075886 -0.999692202
vn 0.018647816 0.0162452888 -0.999694109
vn -0.0187259335 -0.0163057912 -0.999691725
vn 0.0246530063 0.002188463 -0.999693632
vn -0.00555916224 -0.0241998099 -0.999691725
vn 0.0212571416 -0.0127353352 -0.999692917
vn 0.0097235702 -0.0228274502 -0.999692082
vn -2.8248558E-05 4.90726343E-05 -1
vn 0.0181017462 -0.0168485157 -0.999694228
vn 0.0245645717 -0.00299757975 -0.999693751
vn 0.00474608177 -0.0242695715 -0.999694228
vn 0.021662727 0.0120285712 -0.999693036
vn -0.0104313428 -0.0224429313 -0.999693751
vn 0.0104683861 0.0224939212 -0.999692202
vn -0.0216576736 -0.012041322 -0.999692917
vn -0.00475857314 0.0243689995 -0.999691725
vn -0.0246310271 0.00299262907 -0.999692082
vn -0.018177852 0.0169132948 -0.999691725
vn -0.551492274 0.155027315 0.819647908
vn -0.633180022 0.155422732 0.758239329
vn -0.564430296 0.134003118 0.814531505
vn -0.703216314 0.157167301 0.693386793
vn -0.706336558 0.267144173 0.655532241
vn -0.628480196 0.215449154 0.747391641
vn -0.615689993 0.207736582 0.760112643
vn -0.993366063 0.0786102638 0.0839302838
vn -0.904366195 0.231987208 0.358194977
vn -0.991447091 -0.130445123 0.00408264296
vn -0.990707517 -0.135904133 0.00534874387
vn -0.572674036 0.046724394 0.81845063
vn -0.550352395 0.0752611235 0.831533551
vn -0.521100163 0.043563135 0.852383077
vn -0.517660916 0.0457392335 0.854362369
vn -0.517032683 0.0425403118 0.85490793
vn -0.518583059 0.0135698058 0.854919493
vn -0.503402412 0.0280598365 0.86359638
vn -0.527069092 0.00423401548 0.849811912
vn -0.597836018 0.0623781718 0.79918766
vn -0.622410953 0.0670553148 0.779812992
vn -0.0183293894 -0.698114574 0.71575141
vn 0.108012557 -0.637440383 0.762891173
vn -0.060140729 -0.672166348 0.737953544
vn 0.388583541 -0.507100463 0.769319117
vn 0.672669828 -0.195359066 0.713687778
vn -0.166456953 -0.678226233 0.715752244
vn 0.672736704 -0.188784868 0.715391874
vn -0.214452222 -0.6354177 0.741791546
vn 0.573828459 0.222530335 0.788163245
vn 0.626439095 0.0971262157 0.773395479
vn 0.334707052 0.448660254 0.828658581
vn 0.249073908 0.549669921 0.797386467
vn -0.00737995002 0.67282933 0.739760935
vn -0.615894556 -0.496972203 0.611303985
vn -0.562846005 -0.517201781 0.644753098
vn -0.888939857 -0.233606428 0.393972039
vn -0.926000595 -0.160663262 0.34162879
vn -0.987200975 0.0926490203 0.129809022
vn -0.990416646 0.118203931 0.0714341402
vn -0.971696913 0.234357908 -0.0296900552
vn -0.323823959 0.612079382 0.72145474
vn -0.362816632 0.591047585 0.720435143
vn -0.602508128 0.418961167 0.679305196
vn -0.619550467 0.337326139 0.708779514
vn -0.672992766 0.274915814 0.686660171
vn -0.690878034 0.135861769 0.710090876
vn -0.679312229 0.155287609 0.717231154
vn -0.669093907 -0.161368728 0.725447059
vn -0.69560653 -0.141294003 0.704391658
vn -0.54389745 -0.451548994 0.70730406
vn -0.352691382 -0.584125459 0.731030941
vn -0.343867689 -0.631310821 0.69512701
vn -0.129960999 -0.706318617 0.695862234
vn -0.520320415 0.0169287734 0.853803396
vn -0.522947371 0.0187561028 0.852158546
vn -0.530297637 0.0129456865 0.847712696
vn -0.531113744 -0.00513584493 0.847284913
vn -0.529061258 -0.0289796926 0.848088622
vn -0.523776293 -0.0456161387 0.850633681
vn 0.410429537 0.0889362246 0.907544971
vn 0.241394013 0.00225666282 0.970424533
vn 0.384870738 0.0770577341 0.919748127
vn 0.291829497 -0.0509035029 0.955114901
vn 0.104054183 -0.121013381 0.98718214
vn 0.041356083 -0.192193642 0.980485201
vn 0.128383964 -0.143932551 0.981224298
vn -0.0701285377 -0.259098709 0.963301539
vn -0.534589827 -0.19616212 0.822030485
vn -0.691456079 -0.136202902 0.709462702
vn -0.801496089 -0.102994144 0.589063764
vn -0.870735466 0.122344688 0.476289392
vn -0.879138887 0.152797461 0.451406449
vn -0.854742706 0.448804945 0.260747254
vn -0.754957378 0.338353217 0.561744094
vn -0.754898131 0.535113156 0.379186869
vn -0.549927413 0.364134997 0.751655102
vn 0.132240936 0.450618416 0.882867694
vn -0.344163686 0.230962515 0.910059214
vn -0.692544818 -0.0231307931 0.72100395
vn -0.740149856 -0.00849586725 0.672388256
vn -0.728255153 -0.0123679275 0.685194492
vn -0.862691104 0.061009381 0.502037764
vn -0.83807826 0.112167157 0.53389436
vn -0.851506948 0.163000152 0.49836421
vn -0.834553063 0.289404213 0.468792468
vn -0.853558302 0.217287973 0.4735232
vn -0.81641835 0.350032061 0.45928058
vn -0.772545993 0.41671589 0.479083061
vn -0.757158041 0.433581293 0.48858875
vn -0.710508704 0.493316829 0.501812637
vn -0.707642019 0.495011389 0.504188895
vn -0.644825518 0.538994253 0.541927338
vn -0.637525737 0.549227476 0.540287197
vn -0.580007315 0.558774114 0.592758775
vn -0.599347055 0.509276867 0.617592216
vn -0.541546941 0.518001676 0.662118673
vn -0.527590156 0.512318552 0.677626967
vn -0.483384937 0.403195173 0.777028143
vn -0.41212967 0.305661291 0.858324051
vn -0.390115112 0.180179462 0.90296489
vn -0.385948598 0.149039924 0.910401404
vn -0.82916069 0.557023883 0.0470844731
vn -0.807927668 0.589202762 0.00964302476
vn -0.426413 0.813796282 -0.394851387
vn -0.549583912 0.835364401 0.0111342669
vn -0.417766005 0.908528984 -0.00682548899
vn -0.0633251667 0.997921407 0.0119509818
vn 0.0918875486 0.99572587 -0.00930877309
vn 0.485529333 0.874198139 0.00623254897
vn 0.643693566 0.765168488 -0.013258134
vn 0.858538747 0.512732804 0.00401245058
vn 0.913838208 0.406078309 0.000227112338
vn 0.922373295 0.386278033 0.00409708684
vn 0.911230445 0.41185984 0.00552663114
vn 0.862611353 0.505850494 0.00412733993
vn 0.858809769 0.51229459 -0.000159640709
vn 0.801820159 0.597564876 0.000824415009
vn 0.798855245 0.601493657 -0.00596850459
vn 0.929216504 0.36908403 -0.0182630941
vn 0.833581388 0.552247167 -0.012847377
vn 0.988698781 0.147755504 0.0253556874
vn 0.963856518 -0.265968442 -0.0155383097
vn 0.926728904 -0.375289619 0.0181995165
vn 0.83175534 -0.555137634 -0.00226933253
vn 0.830407023 -0.557133257 0.00516983029
vn -0.737048864 0.399754584 0.544936061
vn -0.786135018 0.381775349 0.486044526
vn -0.38232559 0.16765511 0.908690751
vn -0.563420594 0.313145667 0.764524043
vn -0.408926934 0.268231839 0.872255981
vn -0.325103372 0.150764495 0.93358326
vn -0.347571194 0.0633652583 0.935510039
vn -0.46587646 0.427129954 0.774931729
vn -0.593147457 0.426023155 0.68313998
vn -0.471365511 0.493669808 0.730824649
vn -0.528551817 0.480229825 0.700008869
vn -0.683596075 0.440370202 0.582039833
vn -0.795287073 0.410147548 0.446427435
vn -0.818962336 0.415983617 0.395295173
vn 0.519967973 -0.00453561218 0.85417372
vn 0.50821507 -0.00529908668 0.861213982
vn 0.621248066 0.0427874476 0.782444954
vn 0.630547047 0.02926974 0.775599003
vn 0.616115212 0.0961289853 0.781768143
vn 0.625870883 0.160878375 0.763153791
vn 0.620420635 0.176633701 0.764119565
vn 0.633681297 0.24611263 0.733400702
vn 0.638689101 0.24251458 0.730248511
vn 0.61795038 0.331971258 0.712693691
vn 0.608672857 0.358549893 0.707784772
vn 0.558190048 0.433424711 0.707507551
vn 0.563565314 0.437917292 0.700444639
vn 0.651230633 0.264119953 0.711434722
vn 0.648154259 0.0845276415 0.756803215
vn 0.681891859 -0.282306463 0.674778879
vn 0.690730155 -0.422563314 0.586798251
vn 0.763428092 -0.200179785 0.61408931
vn 0.6941607 -0.43922618 0.570281744
vn 0.938034177 -0.0629534051 0.340776682
vn 0.89461863 -0.00534460321 0.446798682
vn 0.903621078 0.104846232 0.415302545
vn 0.944128931 0.149926811 0.293500543
vn 0.866538405 0.497031301 0.0455109887
vn 0.93418318 0.309616566 -0.177311227
vn 0.883431256 0.319903255 -0.342361182
vn 0.9156003 0.21573624 -0.339313865
vn 0.846550286 0.459594935 -0.268561184
vn 0.653252661 0.740299761 -0.158799291
vn 0.682426751 0.718110502 0.136421993
vn 0.598325431 0.787397206 -0.148365304
vn 0.635841668 0.520255148 0.570122838
vn 0.611337841 0.447984278 0.65236187
vn 0.61617595 0.762481451 0.197355717
vn 0.582264245 0.577708364 0.57203263
vn 0.506623507 0.639749646 0.577973127
vn 0.55709964 0.81985575 0.132199094
vn 0.399923742 0.887898147 -0.227371603
vn 0.509286106 0.380467415 0.771927595
vn 0.0990198106 0.991470754 0.0847399533
vn 0.0256759878 0.932000458 -0.361546755
vn 0.497057199 0.332156628 0.801627219
vn 0.522139311 0.329948783 0.786450386
vn 0.409280419 0.282006681 0.867733657
vn 0.428905547 0.511120498 0.744846165
vn 0.368311554 0.576400518 0.729458094
vn 0.375197977 0.593062758 0.71239239
vn 0.398029894 0.826158226 0.39879179
vn 0.283132553 0.650343895 0.704903424
vn 0.398939461 0.838404715 0.371382296
vn 0.0539705232 0.635772705 0.769987226
vn 0.176408529 0.528603792 0.830336154
vn 0.163517863 0.702340782 0.69280535
vn -0.0801719651 0.852557361 0.516447663
vn 0.260230005 0.813442826 0.520183682
vn 0.181377187 0.678480625 0.7118752
vn 0.149983063 0.901822269 0.40524286
vn 0.111334868 0.700681925 0.704733431
vn -0.191741481 0.973691821 -0.123123452
vn 0.262898713 0.958809376 0.107558683
vn 0.307160109 0.945522845 -0.107884921
vn 0.317361593 0.932842255 0.17054899
vn 0.057885386 0.98039192 -0.188363612
vn 0.059956599 0.936256588 -0.346162975
vn 0.0579701178 0.938122749 -0.341416299
vn 0.272224694 0.926657617 -0.259228349
vn 0.116791815 0.931422293 -0.344691485
vn 0.162692904 0.979008973 -0.122769982
vn -0.030798167 0.911086619 -0.411062837
vn -0.226658389 0.872771204 -0.432315141
vn -0.311004013 0.722002983 -0.618052006
vn -0.306119502 0.659255087 -0.686785102
vn -0.384486794 0.101856053 -0.917494059
vn -0.0256179012 0.986683667 -0.160620555
vn 0.0216543991 0.974521399 0.223247051
vn -0.213453218 0.976343095 0.0345244743
vn -0.0935450792 0.829110563 0.55120331
vn -0.0179921612 0.732657731 0.680359364
vn -0.31009984 0.877839684 0.365014434
vn -0.0795728117 0.747099817 0.659931898
vn -0.214463353 0.759435058 0.614218116
vn -0.41615963 0.888610184 0.19282946
vn -0.316062182 0.750205815 0.580771804
vn -0.376290977 0.917745709 -0.127074435
vn -0.328419566 0.833997369 -0.443383664
vn -0.408784717 0.805263758 0.429471016
vn -0.389945298 0.723890245 0.569144547
vn -0.489814758 0.770943999 0.407095641
vn -0.45393756 0.68716085 0.567230701
vn -0.49762696 0.866878211 0.0298259556
vn -0.53990972 0.733920455 0.412138641
vn -0.507349312 0.634308875 0.583308578
vn -0.3605133 0.518967271 -0.775050342
vn -0.250708908 0.414234817 -0.874959826
vn -0.413775682 0.813625216 -0.408415943
vn -0.540939927 0.83971566 0.047556825
vn -0.483560085 0.765693784 -0.424125671
vn -0.503493428 0.142915726 -0.852097094
vn -0.350325346 0.511059701 -0.784914136
vn -0.273366719 0.163952306 -0.947834551
vn -0.479897946 0.00732510583 -0.877293706
vn -0.296599865 0.00686947908 -0.954977155
vn -0.191591188 0.00923508871 -0.981431365
vn -0.000236879903 0.000201728632 -1
vn -0.000533908198 0.000955120253 -0.999999404
vn -2.99331605E-05 0.000284957321 -1
vn 1.29530727E-05 5.93771983E-05 -1
vn 5.12956503E-05 4.33848909E-05 -1
vn -0.0697028264 0.015517165 -0.997447133
vn 0.000492323423 0.000469986902 -0.999999762
vn 0.000392269605 0.00085920631 -0.999999642
vn 0.00322766183 0.00231041992 -0.999992132
vn 0.00276835379 0.00147710287 -0.999995112
vn 0.00269984105 0.00138047955 -0.99999547
vn -0.0537319444 0.00661619147 -0.998533487
vn -0.160503402 0.175720066 -0.971267819
vn -0.150331005 0.04615793 -0.98755765
vn -0.253057808 0.184820622 -0.949633121
vn -0.0683913529 0.234209657 -0.969777584
vn -0.458936602 0.207253471 -0.863957942
vn -0.487461537 0.235629782 -0.840749621
vn -0.25385046 0.0601660684 -0.965370357
vn -0.44005695 0.475052595 -0.76202029
vn -0.192699701 0.514685869 -0.835443199
vn -0.410756201 0.426347524 -0.805920124
vn -0.216721773 0.104082674 -0.97066915
vn -0.125684097 0.707020938 -0.695934653
vn -0.175037384 0.741082668 -0.64819634
vn 0.239208847 0.752748489 -0.613309741
vn -0.00717763416 0.371343076 -0.928467989
vn -0.137388632 0.129460469 -0.982020557
vn 0.238339856 0.557890475 -0.794954181
vn 0.138779029 0.113256365 -0.983825862
vn -0.000499633374 0.00256897998 -0.999996662
vn 0.430725634 0.350608647 -0.831594348
vn -0.0926270932 0.00493182661 -0.995688617
vn 0.00550202373 0.0109163839 -0.999925256
vn -0.153036281 0.00767729757 -0.98819077
vn -0.462499171 -0.0286826044 -0.886155665
vn -0.460650176 -0.03032507 -0.887063563
vn -0.59297961 -0.0460012108 -0.803902447
vn -0.593207717 -0.0452019684 -0.803779423
vn 0.445349127 0.574851513 -0.686447263
vn 0.552453399 0.432085007 -0.712809801
vn 0.233847544 0.714298189 -0.659616053
vn 0.0842709467 0.789383709 -0.608088493
vn -0.342107952 0.668221891 -0.660637259
vn -0.64154458 0.555627406 -0.528865457
vn 0.127149075 0.720551252 -0.68164432
vn -0.296462923 0.747236967 -0.594765961
vn 0.100305073 0.747258484 -0.656919777
vn -0.0316303149 0.523273587 -0.85157758
vn 0.0253233723 0.444617391 -0.895362556
vn -0.235359639 0.0911207423 -0.967627406
vn -0.130084679 0.510375619 -0.850055695
vn -0.75330317 0.308878362 -0.580627561
vn -0.75192225 0.490317076 -0.440683544
vn -0.57919544 0.00395685667 -0.81517911
vn -0.803105116 0.4814969 -0.350974292
vn -0.788200974 0.515402436 -0.336302757
vn -0.809152126 0.414461404 -0.416526824
vn -0.853470445 0.512031496 -0.0970150977
vn -0.793570042 0.449249566 -0.410391957
vn -0.84192425 0.34447968 -0.415327996
vn -0.779338896 0.532296419 -0.330592453
vn -0.859951437 0.281086415 -0.425997525
vn -0.879698336 0.464091331 -0.103682406
vn -0.865347862 0.268835932 -0.422966123
vn -0.920241833 0.206134811 -0.332660973
vn -0.95736891 0.159273759 -0.240990907
vn -0.894071043 -0.0192224216 -0.447512478
vn -0.814410329 0.239103466 -0.528739274
vn -0.729257464 0.393557936 -0.559728146
vn -0.887662888 0.163829729 -0.430365264
vn -0.786735713 -0.0671739355 -0.613624096
vn -0.72039336 -0.191514343 -0.666600108
vn -0.5183056 0.555971444 -0.649811506
vn -0.248137951 0.655771732 -0.713015378
vn -0.124882109 0.697634876 -0.705485582
vn 0.0392646752 0.712904274 -0.700161219
vn 0.0266270377 0.714891613 -0.698728144
vn 0.0412408449 0.71822238 -0.694590449
vn 0.0393563434 0.718849897 -0.694050312
vn 0.046328418 0.718461394 -0.694022238
vn 0.0469517224 0.71840179 -0.694042087
vn -0.605533183 0.0489914827 -0.794310689
vn -0.689034581 -0.136786968 -0.711702585
vn -0.645944774 -0.236392587 -0.725860834
vn -0.684578359 -0.0863684639 -0.723804533
vn -0.731388032 0.0812150612 -0.677108288
vn -0.75938946 0.210229918 -0.615736187
vn -0.898029327 0.405013442 -0.171777412
vn -0.523949385 0.372901201 -0.765781879
vn -0.758463919 0.362086505 -0.541872442
vn -0.54446137 0.663138628 -0.513623416
vn -0.652944863 0.694313109 -0.302642077
vn -0.748376012 0.483739495 -0.453794539
vn -0.721660316 0.666675687 -0.186413139
vn -0.598865926 0.80039084 0.0270955618
vn -0.661395729 0.673634946 0.329805732
vn -0.796874464 0.290340334 0.529805243
vn -0.45636937 -0.110786237 0.882866561
vn -0.972519755 -0.0511662215 0.227128282
vn -0.968179822 -0.250127286 -0.00802224502
vn -0.745207608 -0.409140795 0.526563823
vn -0.78129518 -0.592785418 0.195405573
vn -0.704486191 -0.709523618 -0.0166007616
vn -0.435670644 -0.88243711 0.17747061
vn -0.214469105 -0.97672379 -0.00370322168
vn -0.376416981 -0.737145543 0.561183333
vn -0.0859700888 -0.92131722 0.37918815
vn 0.0386944041 -0.964631796 0.260745585
vn -0.106301382 -0.994287193 0.00964207202
vn -0.448652744 -0.893636823 0.0111341234
vn -0.0678168759 -0.996586323 0.0470808558
vn -0.577928483 -0.816058815 -0.00682637561
vn -0.83256346 -0.553800702 0.0119506475
vn -0.908267617 -0.418286115 -0.00930925738
vn -0.999842405 -0.0166194215 0.00623164466
vn -0.984501779 0.174872383 -0.013258202
vn -0.873309016 0.487150133 0.00401194301
vn -0.808590233 0.588372052 0.000226559481
vn -0.795713544 0.605659306 0.00409772433
vn -0.812338889 0.583160162 0.00545527413
vn -0.870547235 0.492084682 0.00032852107
vn -0.871568799 0.490264416 -0.0029607499
vn -0.917797923 0.39704749 -0.000565032999
vn -0.919363201 0.393364877 -0.00596306147
vn -0.784245491 0.620181739 -0.0182644706
vn -0.895050764 0.445779324 -0.0128492527
vn -0.622312009 0.782358468 0.0253549181
vn -0.251592368 0.967708588 -0.015538143
vn -0.138348177 0.990216374 0.0182008091
vn 0.0648873225 0.997890055 -0.0022691472
vn 0.0672903806 0.997719944 0.0051698694
vn 0.00391499465 0.00148603041 -0.999991298
vn 0.00386240776 0.00138506282 -0.999991655
vn 0.00169363944 0.000618310354 -0.99999845
vn 0.00211325218 0.00181352056 -0.999996185
vn 0.00537878089 0.00362775009 -0.999979019
vn 0.000189494458 -4.81597817E-05 -1
vn -0.000513509556 -0.000162950877 -0.999999881
vn -0.00010502126 -9.16690115E-05 -1
vn -0.000104276623 -9.16769131E-05 -1
vn -0 -3.46763845E-05 -1
vn -0 -2.16028166E-05 -1
vn -5.84485824E-05 -6.76420168E-05 -1
vn -8.02546492E-05 -0.000139725133 -1
vn -6.42999221E-05 -0.000448584324 -0.999999881
vn -0.000861208478 -0.000616630656 -0.999999523
vn 0.000556037587 -0.000522530579 -0.999999762
vn 0.00107596104 -0.000634502736 -0.999999285
vn -0.000108230532 -0.000160830503 -1
vn 0.00135625608 0.00043607282 -0.999999046
vn -0.00011524959 -0.000220210393 -1
vn -0.000306902919 0.00114744273 -0.999999285
vn -5.5439079E-05 -0.000237039232 -1
vn -0.000827846758 0.00108743762 -0.999999046
vn -5.27044867E-05 -0.000229571175 -1
vn 3.50452901E-05 -0.000157650487 -1
vn -2.4723151E-05 -0.000122982659 -1
vn 0.000153606059 0.000502040202 -0.999999881
vn -0 -4.89464037E-05 -1
vn 0.00119691226 0.000556256622 -0.999999166
vn 0.000839509477 0.000883294735 -0.999999285
vn -0.00082752615 0.00110140152 -0.999999046
vn -0.000988687156 -0.000358742866 -0.999999523
vn -0.0010368597 -0.000418836746 -0.999999404
vn -0.000607798807 -0.000315269921 -0.999999762
vn 0.000561292807 0.000431143359 -0.999999762
vn -0.00091641827 0.00508132949 -0.999986649
vn 0.0038870913 0.0125060286 -0.999914289
vn -0.0011557719 0.0060265814 -0.999981165
vn 0.0882732421 -0.548325181 -0.831593275
vn 0.275160462 -0.673109055 -0.686448038
vn 0.0979649648 -0.694480836 -0.712810755
vn 0.363978595 -0.485352278 -0.794954598
vn 0.532295585 -0.583533704 -0.613310456
vn 0.501677513 -0.559666812 -0.659615576
vn 0.325177729 -0.179459095 -0.928468525
vn 0.0286917053 -0.176817104 -0.983825386
vn 0.729313076 -0.218953103 -0.648199022
vn 0.180812031 0.0542521961 -0.982020199
vn 0.00247500138 -0.000851006538 -0.999996662
vn 0.574609399 0.142552733 -0.805917382
vn 0.198499933 0.135646418 -0.970668793
vn 0.0505851731 0.0777520388 -0.995688617
vn 0.00670363428 -0.0102212559 -0.999925256
vn 0.0831698328 0.128694698 -0.988190532
vn 0.206409231 0.414877951 -0.886155427
vn 0.20406042 0.414097548 -0.88706392
vn 0.256646663 0.53654027 -0.803901136
vn 0.257451743 0.536338806 -0.803778231
vn 0.447790861 0.304341227 -0.840749562
vn 0.631435037 0.143575042 -0.762020946
vn 0.675141275 -0.244662985 -0.695934176
vn 0.286585093 0.126744673 -0.949634016
vn 0.408952266 0.29382351 -0.863959432
vn 0.115140185 0.10711164 -0.98755753
vn 0.542084157 -0.0904578045 -0.835441351
vn 0.23702693 -0.0578747317 -0.969777703
vn 0.232422501 0.0511381701 -0.971269608
vn 0.0325968005 0.0432249643 -0.998533487
vn 0.484090686 0.0100024473 -0.874960601
vn 0.0482910909 0.0526032411 -0.997447133
vn 0.103793703 0.16130501 -0.981431365
vn 0.278669447 0.154767022 -0.947834671
vn 0.246292472 0.411940724 -0.877294064
vn 0.375513613 0.364575952 -0.852099717
vn 0.629688442 0.0527353697 -0.775055826
vn 0.280454576 0.282047689 -0.917493463
vn 0.154249862 0.253429413 -0.954976678
vn 0.780776918 -0.0916736871 -0.618047893
vn 0.869173288 -0.240091071 -0.432312548
vn 0.000292304205 0.0001052105 -1
vn 0.00109445746 -1.36873077E-05 -0.999999404
vn 0.000260337227 -0.000116165182 -1
vn 4.46786617E-05 -4.04214625E-05 -1
vn 1.15956072E-05 -6.47808411E-05 -1
vn 0.723991573 -0.0645162314 -0.686785161
vn 0.000163553806 -0.000656370015 -0.999999762
vn 0.000563891255 -0.000776872505 -0.999999523
vn 0.000390489236 -0.00394632528 -0.999992132
vn -0.000104554259 -0.0031372516 -0.999995112
vn -0.000154277965 -0.00303010317 -0.99999547
vn 0.748239875 -0.566854417 -0.344692826
vn 0.804420352 -0.428878129 -0.411061466
vn 0.766500235 -0.630400062 -0.122772537
vn 0.665266812 -0.738769889 -0.107885152
vn 0.666396976 -0.699081898 -0.259228677
vn 0.780843854 -0.520051837 -0.346163213
vn 0.783453405 -0.519264221 -0.341416836
vn 0.794300675 -0.488231122 -0.361547679
vn 0.933174193 -0.334043503 -0.132668585
vn 0.828484118 -0.521858454 -0.203169629
vn 0.809130967 -0.581486583 0.0847373456
vn 0.568983197 -0.790291011 -0.227372542
vn 0.707923591 -0.694337606 0.129381016
vn 0.516926408 -0.756696343 0.400247067
vn 0.728030503 -0.394275099 0.560819685
vn 0.526489675 -0.492775291 0.692806661
vn 0.649187803 -0.741261661 0.170547366
vn 0.705470741 -0.581009984 0.405879796
vn 0.431461006 -0.892393351 0.132194847
vn 0.382743061 -0.911863804 -0.148365453
vn 0.523616195 -0.364621282 0.769985318
vn 0.572709262 -0.631632209 0.522536993
vn 0.867302537 -0.471156657 -0.160617098
vn 0.526619971 -0.764687419 0.371381968
vn 0.300725609 -0.758623958 0.577973902
vn 0.352244258 -0.914864242 0.197350919
vn 0.369580358 -0.417071044 0.830338538
vn 0.315020829 -0.607166171 0.729459465
vn 0.280689716 -0.950054169 0.136419982
vn 0.314491957 -0.935883343 -0.15879944
vn -0.00291768648 -0.998890221 0.0470099486
vn 0.00967277028 -0.959659994 -0.280996412
vn 0.209174573 -0.793109655 0.57203424
vn -0.187083274 -0.920702696 -0.34250012
vn -0.26827994 -0.876399696 -0.399936914
vn -0.198956266 -0.963834941 -0.177309662
vn -0.523536503 -0.7808851 0.340775728
vn 0.132634506 -0.81078124 0.570124507
vn -0.342226237 -0.892604887 0.293492228
vn -0.361011118 -0.834980786 0.41530472
vn -0.451934695 -0.772090256 0.446801454
vn -0.727461696 -0.381548494 0.57028085
vn -0.567118168 -0.472394854 0.674700022
vn -0.720195651 -0.378076464 0.581701219
vn 0.0822975412 -0.753425419 0.652362764
vn -0.252576053 -0.622038484 0.741129816
vn -0.711315751 -0.386910856 0.586796343
vn 0.00547083607 -0.663295507 0.748337626
vn 0.0962625518 -0.700120389 0.70750612
vn 0.097464636 -0.707022429 0.700442731
vn 0.0061766794 -0.706402123 0.707783759
vn -0.0214799903 -0.701147258 0.712692857
vn -0.103700086 -0.671841204 0.733400047
vn -0.109320685 -0.674379349 0.730247557
vn -0.173610523 -0.622459769 0.763153434
vn -0.157241285 -0.625617146 0.764119327
vn -0.224808306 -0.58163631 0.781767488
vn -0.273168445 -0.558619022 0.783149838
vn -0.289922386 -0.560707271 0.775598049
vn -0.241799191 -0.40338856 0.882502556
vn -0.233956203 -0.387612373 0.891639531
vn -0.0261172559 -0.659325063 -0.751404166
vn -0.305574656 -0.577972531 -0.75668484
vn -0.220691368 -0.676372468 -0.702720284
vn -0.539079607 -0.438752741 -0.718950152
vn -0.654124916 -0.163485453 -0.73850733
vn -0.713500738 -0.0056001381 -0.700632155
vn -0.713233113 0.133315846 -0.68813175
vn -0.644827902 0.29243049 -0.706173837
vn -0.616281867 0.34036094 -0.710176766
vn -0.47391066 0.619814336 -0.625491023
vn -0.46523729 0.622993648 -0.628834665
vn -0.448422551 0.595970809 -0.666135073
vn -0.443436712 0.605824113 -0.660561144
vn -0.562538266 0.482506692 -0.671370208
vn -0.601426184 0.378585458 -0.703533709
vn -0.612800062 0.356507808 -0.705250382
vn -0.674171746 0.339469165 -0.655936837
vn -0.661631703 0.507104993 -0.55234772
vn -0.574799776 0.627536952 -0.525169194
vn -0.536180377 0.682603419 -0.496551394
vn -0.389667451 0.766094983 -0.51113373
vn -0.389595985 0.763352931 -0.515274048
vn -0.251724184 0.816647947 -0.519346774
vn -0.26003769 0.813905299 -0.519556046
vn -0.227948338 0.83107686 -0.507297575
vn -0.227461129 0.833012462 -0.5043329
vn 0.565018415 -0.679430604 -0.468111426
vn 0.638942599 -0.613411009 -0.464197606
vn 0.63217181 -0.618507743 -0.466697812
vn 0.661047757 -0.55693382 -0.502832592
vn 0.643753171 -0.547180593 -0.534953535
vn 0.594281375 -0.526534438 -0.607940018
vn 0.624494672 -0.346693903 -0.699864149
vn 0.624077678 -0.346672416 -0.700246572
vn 0.673050404 -0.209601387 -0.70927459
vn 0.667083859 -0.210332558 -0.714674354
vn 0.682896495 -0.115185834 -0.721376836
vn 0.674200177 -0.203456476 -0.709971547
vn 0.624689758 -0.279677004 -0.729070306
vn 0.537080407 -0.440828502 -0.719176531
vn 0.595255911 -0.370043427 -0.713258922
vn 0.457032651 -0.517722368 -0.723245978
vn 0.292000473 -0.631025136 -0.71870929
vn 0.371931255 -0.596942008 -0.710863948
vn 0.175913915 -0.675076067 -0.716468155
vn 0.201575294 -0.739380479 -0.642404735
vn 0.182279482 -0.73028779 -0.658372104
vn 0.406217813 -0.778126538 -0.479068071
vn 0.450144261 -0.784910321 -0.425776988
vn -0.896642029 -0.442750454 -0.00226841797
vn -0.897696555 -0.440584034 0.00516987778
vn -0.788379312 -0.61492008 0.0182029493
vn -0.712264061 -0.701739609 -0.0155363353
vn -0.366388947 -0.930116296 0.0253552105
vn -0.144970194 -0.989267409 -0.0182635076
vn 0.0614687055 -0.998026311 -0.0128465286
vn 0.119018391 -0.992874146 -0.00596238486
vn 0.115045868 -0.993359983 -0.000564403599
vn 0.0112029975 -0.999932885 -0.00295922067
vn 0.00911533274 -0.999958396 0.000330483745
vn -0.0988618582 -0.995086253 0.00545452489
vn -0.126659483 -0.991937816 0.00409702677
vn 0.014769855 -0.999882936 0.00401220424
vn -0.105249204 -0.994445801 0.000227006545
vn 0.340806603 -0.940039933 -0.0132576237
vn 0.514314473 -0.857578993 0.00623245165
vn 0.816379607 -0.577440619 -0.00930855982
vn 0.895888805 -0.444117665 0.0119512118
vn 0.995691955 -0.0924711898 -0.00682554161
vn 0.998238683 0.058270961 0.0111336838
vn 0.914229512 0.405082017 0.00964304619
vn 0.917974293 -0.0376120843 -0.394852519
vn 0.816048563 0.515825748 0.26074627
vn 0.896977603 0.439561576 0.0470822081
vn 0.840869367 0.386205465 0.379188657
vn 0.6705001 0.484635979 0.561745167
vn 0.541321337 0.692908168 0.476287186
vn 0.571899593 0.684955001 0.45140627
vn 0.311552107 0.745615065 0.589061558
vn 0.227768734 0.66691643 0.709467232
vn 0.0974090546 0.561048269 0.822031856
vn -0.189326704 0.190279081 0.963301182
vn -0.187121168 0.0602830052 0.98048532
vn -0.188844517 -0.0392118692 0.981223822
vn -0.18999587 -0.22727102 0.955117524
vn -0.156831577 -0.0296106488 0.987181365
vn -0.118745215 -0.210172147 0.970426381
vn -0.125697181 -0.371831447 0.919750869
vn -0.128188148 -0.39990586 0.907547832
vn 0.590312481 0.294182688 0.751656771
vn 0.320098728 -0.336881787 0.885464549
vn 0.357494414 0.172620147 0.917823553
vn 0.309782654 0.588631749 0.746690929
vn 0.322960824 0.614523053 0.719762266
vn 0.380249232 0.654021323 0.653962135
vn 0.482407361 0.698802352 0.528165102
vn 0.407336563 0.672997832 0.617374063
vn 0.516412139 0.66702652 0.537023365
vn 0.566912591 0.655928969 0.498364627
vn 0.667909503 0.578039944 0.468792945
vn 0.614958882 0.630556524 0.473522991
vn 0.711346447 0.532021761 0.459281057
vn 0.747159004 0.460687578 0.479082823
vn 0.754070342 0.438928157 0.488589793
vn 0.782481432 0.368659079 0.501810014
vn 0.782515287 0.365330189 0.504186034
vn 0.789196193 0.288937807 0.541926444
vn 0.794408679 0.277499557 0.540285826
vn 0.773917079 0.222915471 0.592757225
vn 0.740718603 0.264412105 0.617593884
vn 0.719374359 0.209989205 0.662121594
vn 0.707472503 0.200744599 0.677631378
vn 0.590867758 0.217025742 0.777029693
vn 0.470771879 0.204085171 0.85832566
vn 0.351087123 0.24775967 0.902969003
vn 0.32203424 0.259720713 0.910405934
vn 0.0391245708 -0.596542597 0.801627219
vn 0.0246730838 -0.617158949 0.786451578
vn 0.0748495013 -0.631289244 0.771927059
vn 0.0395841338 -0.495449722 0.867734194
vn 0.228192031 -0.627002418 0.744846582
vn 0.330516696 -0.617570758 0.713698208
vn 0.416661322 -0.570788205 0.707526863
vn 0.489112377 -0.501912236 0.713339448
vn 0.549102485 -0.448899895 0.704964876
vn 0.764802814 -0.333544582 0.551202953
vn 0.643534362 -0.350710183 0.680342615
vn 0.833132744 -0.506012917 0.223250434
vn 0.952263713 -0.303317934 0.0345264189
vn 0.915194094 -0.170027107 0.365390956
vn 0.70170337 -0.279844791 0.655209243
vn 0.772027254 -0.178235441 0.610086858
vn 0.977464914 -0.0842150599 0.193572
vn 0.807200789 -0.102259718 0.581351876
vn 0.982936144 -0.132998586 -0.127074823
vn 0.886469543 -0.13257809 -0.443390071
vn 0.911507607 -0.0484710671 -0.408417106
vn 0.901770651 -0.0486145653 0.429472089
vn 0.821879625 -0.0242424365 0.569145143
vn 0.999551952 -0.00248097861 0.0298272762
vn 0.912564635 0.0387188531 0.407095313
vn 0.822068393 0.0495418943 0.567229331
vn 0.6177513 0.0478574038 -0.784915984
vn 0.904892743 0.0359294005 -0.424120605
vn 0.905548394 0.100616872 0.41213876
vn 0.803002715 0.122222364 0.583308101
vn 0.997685313 0.0486117154 0.0475495756
vn 0.179035738 0.189760655 -0.965368927
vn 0.846523881 0.139945582 -0.513626814
vn 0.58492142 0.267305672 -0.765777111
vn 0.914082468 0.23596926 0.329805762
vn 0.9925915 0.118439153 0.0270966347
vn 0.927765489 0.218309179 -0.302642137
vn 0.692810059 0.475805134 -0.541870534
vn 0.938188374 0.291639805 -0.186410338
vn 0.649879932 0.544941485 0.529806376
vn 0.345196307 0.499911577 -0.794309795
vn 0.79312098 0.406239361 -0.453793794
vn 0.56175822 0.552534521 -0.615738034
vn 0.799767971 0.575206459 -0.17178081
vn 0.44194892 0.867810071 0.227127135
vn 0.374251395 0.862298846 -0.34114024
vn 0.018277498 0.849938631 0.526564538
vn 0.22605595 0.665115178 -0.711702466
vn -0.122718528 0.973014593 0.195403874
vn -0.0227055475 0.922624826 -0.385029644
vn -0.546378493 0.81852001 0.177469715
vn -0.450176626 0.694564402 0.561178446
vn 0.194343269 0.719635367 -0.666599989
vn 0.335193872 0.714919746 -0.613624275
vn 0.43039003 0.783897877 -0.44751367
vn 0.293020338 0.499620676 -0.815179825
vn 0.638639867 0.693884671 -0.332660735
vn 0.616621554 0.749467552 -0.240990311
vn 0.841765046 0.529794097 -0.10368111
vn 0.644144058 0.497943163 -0.580629945
vn 0.196593598 0.158268988 -0.967626989
vn 0.800586581 0.406027347 -0.440684468
vn 0.870168388 0.483109534 -0.0970157161
vn 0.850163221 0.409283549 -0.331224084
vn 0.840420604 0.424982756 -0.336277932
vn 0.784379959 0.464752108 -0.410796255
vn 0.818542361 0.454757154 -0.350976259
vn 0.763395369 0.493201673 -0.417108625
vn 0.718551338 0.557421625 -0.415890902
vn 0.80196023 0.277779311 -0.528865278
vn 0.6734038 0.604196787 -0.425997108
vn 0.665493011 0.614995182 -0.422965735
vn 0.749749959 -0.0378397889 -0.660638452
vn 0.61427325 0.585748911 -0.528740525
vn 0.705461323 0.434776127 -0.559726775
vn 0.585712373 0.686823905 -0.430364996
vn 0.740636587 0.170883819 -0.649812281
vn 0.691984415 -0.112992205 -0.71301496
vn 0.666610003 -0.240669101 -0.705485284
vn 0.597760916 -0.390458345 -0.700160205
vn 0.605799496 -0.380505294 -0.698729455
vn 0.601376295 -0.394826323 -0.694592476
vn 0.60286659 -0.393500894 -0.694052637
vn 0.599039078 -0.399355769 -0.694022417
vn 0.598675072 -0.399866968 -0.694042087
vn 0.478393584 0.644032061 -0.596960843
vn 0.346089512 0.426528722 -0.83564055
vn 0.498857856 0.75214994 -0.430594057
vn 0.296302766 0.39068526 -0.871532977
vn 0.109144434 0.141353458 -0.98392421
vn 0.42188549 0.712853551 -0.560225368
vn 0.511748016 0.770449638 -0.380159706
vn 0.410073102 0.719824612 -0.560082614
vn 0.65699923 0.721099317 -0.219927028
vn 0.26722452 0.526734412 -0.806933582
vn 0.23567985 0.379097104 -0.894840956
vn 0.0882013962 0.122857653 -0.988497138
vn 0.53392297 0.750878215 -0.388726294
vn 0.562426746 0.702856481 -0.43550998
vn 0.689381719 0.724041462 -0.022735944
vn 0.497825265 0.86652118 -0.0362083577
vn 0.460460037 0.747094512 -0.479402095
vn -0.143269286 -0.190756097 -0.971126139
vn -0.119411044 -0.228328273 -0.966233492
vn -0.409919441 -0.61207062 -0.676265955
vn -0.322827756 -0.623366058 -0.712177575
vn -0.15150106 -0.16106306 -0.975246727
vn -0.108418792 -0.205179363 -0.972700715
vn -0.541374326 -0.782343686 -0.307981014
vn -0.416551501 -0.847274482 -0.329561532
vn -0.588434875 -0.79244715 -0.160535753
vn -0.478145391 -0.48011142 -0.735438704
vn -0.659569442 -0.697494686 -0.280123979
vn -0.671449542 -0.740813792 -0.0187182762
vn -0.542974472 -0.772530556 -0.329203933
vn -0.548853397 -0.835726559 -0.0179189257
vn -0.35132584 -0.936178207 -0.011858793
vn -0.340968311 -0.480046272 -0.808267474
vn 0.0972150117 0.233096495 -0.967582226
vn -0.4032996 -0.829795539 -0.385731518
vn -0.170497656 -0.487956315 -0.856054485
vn -0.258814514 -0.898914754 -0.353507131
vn -0.0390821658 -0.99922061 -0.00555200176
vn -0.0278283153 -0.935288072 -0.352791578
vn -0.00786274485 -0.999546945 -0.0290523246
vn -0.0262059178 -0.448364884 -0.893466413
vn -0.14289543 0.225929439 -0.96360606
vn -0.257994682 -0.432451457 -0.863958597
vn -0.00722422311 -0.914896548 -0.40362367
vn -0.310469896 -0.89453584 -0.321580797
vn -0.180000857 -0.983475924 -0.0193583127
vn -0.337953776 -0.875039279 -0.34654513
vn -0.127165854 -0.991861582 -0.00627444079
vn -0.160286129 -0.983532667 -0.0834972039
vn 0.0121851396 -0.999923348 0.00222070352
vn -0.401890844 -0.711951315 -0.575855076
vn -0.0522828549 -0.998623729 0.00413995376
vn -0.119016714 -0.99224782 -0.0357680246
vn 0.112984717 -0.993514657 -0.0127666257
vn 0.241064891 -0.970504284 0.00302366912
vn 0.306155562 -0.95192188 -0.0106476583
vn 0.411057234 -0.911609292 0.000637297228
vn 0.700590909 -0.713474751 -0.0112343291
vn 0.732994616 -0.680207193 0.00608189031
vn 0.998765469 -0.0494121835 -0.00510358484
vn 0.999770939 0.0192493498 0.00935530569
vn 0.651677549 0.758491099 -0.00275865756
vn 0.707704663 0.706476569 0.00671000034
vn 0.502740502 0.864435017 -0.00198845565
vn 0.0756031647 0.997122109 -0.00560915936
vn 0.271498114 0.962438941 -0.000375582807
vn 0.82348156 0.56731689 -0.00544776209
vn 0.71318686 0.700973928 0.000275448256
vn 0.999858022 -0.0147195458 0.00819820631
vn 0.994252264 -0.107052468 -0.00150313496
vn 0.771402121 -0.636313498 -0.00661703991
vn 0.643584371 -0.765309811 0.0100039188
vn 0.420058697 -0.907464385 -0.00768772746
vn 0.190234542 -0.981725514 0.00508257002
vn 0.139472798 -0.990190387 -0.00838404894
vn 0.0073932386 -0.999962568 0.00449476251
vn -0.0632830113 -0.997943938 -0.0101591377
vn -0.145579532 -0.989333928 0.00500429375
vn -0.199346334 -0.979891837 -0.00855022389
vn -0.287840575 -0.957672536 0.00334945763
vn -0.309078604 -0.951019585 -0.00566752953
vn -0.388464063 -0.921449184 -0.0051923939
vn -0.392833263 -0.919581592 -0.00718764914
vn -0.459425807 -0.888183117 -0.0076550236
vn -0.437455982 -0.899180651 -0.0103237918
vn -0.488171756 -0.872732341 -0.00516295014
vn -0.526007116 -0.850352108 -0.0147542087
vn -0.552403033 -0.833165884 -0.0261835717
vn -0.581019759 -0.812874436 -0.0406355262
vn -0.192981154 -0.272174984 0.942697704
vn -0.187786072 -0.278636545 0.941858828
vn -0.265921384 -0.172963142 0.948350966
vn -0.344775558 0.0398098268 0.937840581
vn -0.345002115 0.0436275154 0.93758744
vn -0.266874343 -0.0930135548 0.959232271
vn -0.242798299 -0.100493528 0.964857459
vn -0.105863243 -0.230266884 0.967352152
vn -0.0973339677 -0.240893677 0.965658545
vn -0.193384483 -0.122084506 0.973497808
vn -0.19938454 -0.109162524 0.973821998
vn -0.243497565 -0.0702615455 0.967353284
vn -0.245097324 -0.0662650913 0.967231274
vn -0.20578742 -0.0872213989 0.974702001
vn -0.0499245636 -0.104659267 0.993254244
vn -0.0221598465 -0.0910344794 0.995601177
vn 0.0645002052 -0.0697755367 0.995475352
vn 0.0965427309 -0.080738306 0.9920488
vn 0.0354202725 -0.00493747415 0.999360263
vn 0.205315396 -0.0481338128 0.977511525
vn -0.258217305 0.0544393025 0.964551747
vn 0.382373929 -0.0526001453 0.922509253
vn 0.161916673 0.0184748247 0.986631453
vn -0.420658261 0.0558134578 0.90550065
vn 0.344775468 0.0422285385 0.937734783
vn 0.08932399 0.0709722415 0.993470788
vn 0.336009204 0.0493046977 0.940567255
vn 0.36781773 0.126805425 0.921211362
vn -0.413460046 0.90961504 -0.0406362042
vn -0.445341259 0.894977987 -0.0261848215
vn -0.473422706 0.880711675 -0.0147556774
vn -0.511722744 0.859135091 -0.00516284583
vn -0.539476991 0.841965616 -0.00765335513
vn -0.559987187 0.828436911 -0.0103200497
vn -0.603766501 0.797144234 -0.00519116269
vn -0.599964201 0.799994588 -0.00718715601
vn -0.669067085 0.743180335 -0.00566673046
vn -0.685448289 0.728113711 0.00335069979
vn -0.74893707 0.662586033 -0.00854889862
vn -0.783997893 0.620743275 0.00500523672
vn -0.832602859 0.553777277 -0.0101588042
vn -0.869689763 0.493578315 0.00449441699
vn -0.927266896 0.374307066 -0.00838385615
vn -0.945317328 0.32611233 0.00508233812
vn -0.995916665 0.089950338 -0.00768744852
vn -0.984569371 -0.174708664 0.0100035723
vn -0.93676573 -0.349894404 -0.00661742361
vn -0.512677073 -0.858542442 0.00819791667
vn -0.589838028 -0.807520211 -0.00150314404
vn 0.0795687884 -0.996814549 -0.00544784078
vn 0.250466168 -0.968125403 0.000275310013
vn 0.33103323 -0.943615079 -0.00275876117
vn 0.697747469 -0.71634376 -0.000376526063
vn 0.798622429 -0.593399644 -0.100394212
vn 0.888696015 -0.458494961 -0.00128869794
vn 0.915324271 -0.402378768 -0.0165161192
vn 0.965735316 -0.259525895 0.00128721923
vn 0.955996931 -0.293350399 -0.00392402988
vn 0.994615376 0.0647151619 -0.0809448883
vn 0.964791238 0.262891531 -0.00812138058
vn 0.9814803 -0.191438437 -0.00691194506
vn 0.724186838 0.689405143 0.0165497176
vn 0.609226823 0.792704642 -0.021497352
vn 0.157344058 0.987535775 0.00399091374
vn 0.0999702364 0.994959474 -0.00784988236
vn -0.2437343 0.969783068 0.0106930938
vn -0.191981912 0.981352925 -0.00945235975
vn -0.391534716 0.91806221 0.0621487536
vn 0.981874585 -0.102164559 -0.159639373
vn 0.924358606 -0.381524086 -0.000781677256
vn 0.871519446 0.179951847 -0.456148148
vn 0.668085992 0.438530266 -0.601125777
vn 0.194765255 0.591025651 -0.782786787
vn 0.703422248 0.269839764 -0.657558799
vn 0.11779771 0.541916728 -0.832135737
vn -0.415620089 0.704016745 -0.575864851
vn -0.24551782 0.439655215 -0.863958538
vn -0.588831306 0.730193794 -0.346546739
vn -0.771621823 0.630576909 -0.0835019499
vn 0.952510417 -0.250450462 -0.173200935
vn 0.892216325 0.0134721901 -0.451407373
vn 0.452273905 0.400072157 -0.797113895
vn 0.825050712 -0.549762368 -0.13058573
vn 0.836870372 -0.547400713 0.000688044471
vn 0.689388216 -0.724143147 -0.0189883616
vn 0.751620173 0.153599873 -0.641462505
vn 0.246692181 0.497902364 -0.831406176
vn 0.643299162 -0.723663747 -0.249954179
vn 0.501517057 -0.864389777 -0.0362084694
vn 0.709811091 -0.421598822 -0.56428951
vn 0.267103642 0.0107903462 -0.963607371
vn 0.450325578 -0.528564095 -0.71960175
vn 0.416773349 -0.772314489 -0.479406118
vn 0.15325895 -0.200736403 -0.967582762
vn 0.210469097 -0.39365238 -0.894841075
vn 0.327487916 -0.838499665 -0.435511082
vn 0.282346308 -0.959043205 -0.0227328781
vn 0.295990884 -0.929527342 -0.219927788
vn 0.383318037 -0.837829173 -0.388728052
vn 0.418350846 -0.715046823 -0.560081005
vn 0.41135475 -0.828410625 -0.380161852
vn 0.40640825 -0.721791029 -0.560223103
vn 0.401952773 -0.80809772 -0.430594832
vn 0.3225559 -0.494796008 -0.806929111
vn 0.318551302 -0.736316741 -0.5969612
vn 0.301951021 -0.850652635 -0.430366904
vn 0.190193757 -0.451949269 -0.871532083
vn 0.062297605 -0.137813017 -0.988497138
vn 0.200136214 -0.824850976 -0.528740346
vn 0.186547086 -0.885282934 -0.425998062
vn 0.196339026 -0.51298815 -0.835639894
vn 0.0678419173 -0.165199593 -0.983924091
vn -0.123479076 0.19648239 -0.972701192
vn -0.0935659409 0.219455361 -0.971125484
vn -0.138034165 0.217576519 -0.966233373
vn -0.0637336299 0.211735517 -0.975246727
vn -0.325111181 0.661040604 -0.676260293
vn -0.378437996 0.591259837 -0.712177217
vn -0.337331444 0.391631126 -0.856056392
vn -0.245252132 0.535311997 -0.80826515
vn -0.176718503 0.654140532 -0.735439241
vn -0.406846941 0.860015571 -0.307975501
vn -0.525488079 0.784379661 -0.329561442
vn -0.392061114 0.905823529 -0.160535812
vn -0.274263144 0.919950902 -0.28012529
vn -0.305838585 0.95189935 -0.0187202208
vn -0.397542745 0.856495202 -0.329204768
vn -0.449331909 0.893185198 -0.0179198049
vn -0.635089636 0.772347391 -0.0118588321
vn -0.51697582 0.764164567 -0.385731101
vn -0.649076581 0.673596263 -0.353507787
vn -0.845809519 0.533456028 -0.00555104762
vn -0.375188947 0.246880278 -0.893467009
vn -0.796066701 0.491746604 -0.352793097
vn -0.861702085 0.506582081 -0.0290514622
vn -0.788713098 0.463703215 -0.403622329
vn -0.619453907 0.716142952 -0.321583837
vn -0.761715055 0.647622883 -0.0193573758
vn -0.795394957 0.606059015 -0.00627330225
vn -0.872052073 0.489408106 0.00222053751
vn -0.838691831 0.544590592 0.0041382499
vn -0.799804509 0.599193573 -0.0357746743
vn -0.916900814 0.398910969 -0.0127657875
vn -0.961013734 0.276484102 0.00302391103
vn -0.977466166 0.210823417 -0.0106462222
vn -0.99500531 0.0998204648 0.000638145604
vn -0.96818316 -0.249990255 -0.0112344241
vn -0.955574453 -0.294687212 0.00608236715
vn -0.542176366 -0.84024924 -0.00510396576
vn -0.483214587 -0.875451982 0.00935572386
vn 0.257973522 -0.966128647 0.00671045063
vn 0.470099717 -0.81848079 -0.330296099
vn 0.350937456 -0.601815403 -0.717398882
vn 0.354901016 -0.616250336 -0.70305109
vn 0.194997549 -0.789882302 0.581430852
vn 0.0996055976 -0.804916143 0.584969044
vn 0.099556908 -0.805170774 0.584626853
vn 0.201542288 -0.789629757 0.579539061
vn 0.290895045 -0.759698749 0.581582248
vn 0.288311005 -0.757700622 0.585462689
vn 2.62237954E-05 0.000279693486 1
vn -1.99720143E-05 0.000218890666 1
vn 3.83409788E-05 0.000657988712 0.999999762
vn 0.000190614155 0.00198180042 0.999998093
vn 0.000256418454 0.0027312492 0.999996305
vn 0.00113349548 0.00303700147 0.999994755
vn 0.00892924517 0.0218498688 0.999721348
vn 0.00572754629 0.0140284011 0.999885201
vn -1.30917333E-05 1.3962117E-05 1
vn -0 1.82571221E-05 1
vn 0.000375762902 0.000320851046 0.999999881
vn -1.16561005E-05 0 1
vn 0.00039112076 0.000831273093 0.999999642
vn -1.24702519E-05 -1.20713776E-05 1
vn 0.000286632043 -3.75174714E-05 1
vn -0 0 1
vn 7.30090687E-05 5.05094431E-05 1
vn -0.000372651732 0.000156085924 1
vn 1.21110115E-05 0.000840580615 0.999999642
vn -0.000186387289 0 1
vn -0.000926508044 7.32017361E-05 0.999999642
vn 0.00251032971 -0.0207918305 0.999780715
vn 0.00382019766 -0.0620374009 0.998066485
vn 0.000917445868 0.00111324026 0.999999046
vn 0.00107931963 0.000714873604 0.999999166
vn 0.00140015117 -0.000101300328 0.999999046
vn 0.000125871986 -0.000594583922 0.999999881
vn 6.4622167E-05 -7.58046954E-05 1
vn 0.000602309359 -0.000143787896 0.999999881
vn 9.62096601E-05 -0.00137853774 0.999999046
vn -0.000723378093 -0.00106652081 0.999999166
vn -0.00107324903 -0.000900202198 0.999999046
vn -0.000890526455 -0.000327109185 0.999999523
vn -0.00720549142 0.00242250576 0.999971151
vn -0.0148763927 0.00705639599 0.999864459
vn -0.00170076475 0.00355085195 0.999992251
vn 0.000975007482 -0.000734517991 0.999999285
vn 0.00030636639 -0.000733328518 0.999999762
vn -0.000218138739 0.000499228248 0.999999881
vn -8.82168461E-05 3.69896261E-05 1
vn -7.26707585E-05 8.48251584E-05 1
vn -5.61475899E-05 -2.29366524E-05 1
vn -3.38578466E-05 -4.86793251E-05 1
vn -4.64304721E-05 -3.87461587E-05 1
vn -1.85163008E-05 0.000249596429 1
vn 0.000118322067 0.000225225609 1
vn 2.86964205E-05 -0.000326628593 1
vn 0.000361743208 -0.000220572285 0.999999881
vn -0.000402076577 8.74867255E-05 1
vn -0.000844925817 0.00222654664 0.999997139
vn 0.00022429433 -0.000138862888 1
vn 0.000365989894 6.97489158E-05 1
vn -2.04401786E-05 3.96093601E-05 1
vn -0 4.62293756E-05 1
vn -0 5.42248417E-05 1
vn 8.6400607E-05 6.33019954E-05 1
vn 0.00010854056 0.000120375887 1
vn -0.0017324069 -0.000654865871 0.999998331
vn 0.00605844194 0.00267545343 0.999978065
vn -0.000624353066 -0.00406714529 0.999991536
vn 0.0113950903 0.0116223581 0.999867558
vn -0.0549022034 0.0274993125 0.998112917
vn 0.000539563014 0.000769574021 0.999999642
vn -0.0192596298 0.00822100509 0.999780715
vn -0 -8.92219541E-05 1
vn 0.000721441407 -0.000432028581 0.999999642
vn 0.000504361931 -0.00135121483 0.999999046
vn -0.000174111163 -0.000228704273 1
vn 8.00694688E-05 -0.00129183906 0.999999166
vn 0.000522937451 -0.000755061745 0.999999642
vn -0.000787115423 -0.00116039196 0.999999046
vn 9.27322471E-05 -0.000483885815 0.999999881
vn -0.000570571458 0.000182360134 0.999999881
vn -0.000100299621 -2.42072329E-05 1
vn -0.000425723731 -0.00044985456 0.999999881
vn -0.00123848906 0.000606350019 0.999999046
vn -0.000559676322 0.00115888903 0.999999166
vn -0.000239066227 0.00138052797 0.999999046
vn 0.000159620409 0.000933141855 0.999999523
vn 0.00206278102 -0.00249995384 0.999994755
vn 0.000551446341 -3.8670878E-05 0.999999881
vn 9.40102836E-05 0.000159428702 1
vn 1.6655491E-05 -1.02715712E-05 1
vn 0.000271504367 0.000213865133 1
vn -0 0 1
vn -0.000254449289 0 1
vn -0 1.6654194E-05 1
vn -0 1.10094998E-05 1
vn 1.7333623E-05 0 1
vn 0.00928409211 -0.0119728372 0.999885201
vn 0.0144562684 -0.0186563041 0.999721467
vn -0 0.000423815771 0.999999881
vn 0.00237008464 -0.000386314932 0.999997139
vn -0.000206870114 -0.000140184493 1
vn 5.91165081E-05 0 1
vn 5.83024885E-05 -2.15659493E-05 1
vn 4.74195549E-05 -3.69689878E-05 1
vn 1.08689983E-05 -9.48942616E-05 1
vn -3.81636164E-05 -0.000104510858 1
vn 0.000480579329 0.000632037118 0.999999762
vn 0.00014801303 0.00121240714 0.999999285
vn -0.00222554593 -0.00324754603 0.999992251
vn 0.00150509609 -0.00745091727 0.999971151
vn 0.00132598635 -0.0164117105 0.999864459
vn 0.051790785 0.0343321264 0.998067677
vn 0.000400020042 -0.000837763655 0.999999642
vn 0.0167429149 0.0125709297 0.999780834
vn -8.04934753E-05 3.87121545E-05 1
vn -0.000733796274 -0.000408553751 0.999999642
vn -0.00142113154 0.000237965243 0.999999046
vn -0.000110181463 0.000266221032 1
vn -0.00115700078 0.000576962775 0.999999166
vn -0.000912898337 -7.62141062E-05 0.999999642
vn -0.000610089395 0.00126168935 0.999999046
vn -0.000462886121 0.000163033488 0.999999881
vn 0.000446093531 0.00041222552 0.999999881
vn 2.95275895E-05 0.000100012279 1
vn -0.000175690293 0.000593644276 0.999999881
vn 0.00114420627 0.000772189407 0.999999046
vn 0.00128433679 -9.23666157E-05 0.999999166
vn 0.00131332327 -0.000480323768 0.999999046
vn 0.000731398934 -0.000606031332 0.999999523
vn -0.00319634238 -0.000537054439 0.999994755
vn -0.000309597555 -0.000457200222 0.999999881
vn 9.12588948E-05 -0.000162277647 1
vn -1.70367384E-05 0 1
vn 4.90671482E-05 -0.00034203424 1
vn -0.00152362394 -0.00185891823 0.999997139
vn -0 0 1
vn 1.79742583E-05 0 1
vn 1.03806078E-05 0 1
vn -0 -1.75167515E-05 1
vn -0.0150110852 -0.00205558003 0.999885201
vn -0.023385549 -0.00319359615 0.999721348
vn 0.442672223 -0.394614935 -0.805183411
vn 0.420659095 -0.40996021 -0.809307396
vn 0.418042243 -0.410072237 -0.810605586
vn 0.495143682 -0.327399433 -0.804762304
vn 0.392699599 -0.396791071 -0.829664886
vn 0.488028347 -0.37249437 -0.789351761
vn 0.453193098 -0.306789547 -0.836956561
vn 0.359667003 -0.450553983 -0.817092955
vn 0.337976605 -0.530151725 -0.77763164
vn 0.242467165 -0.571004689 -0.784323514
vn 0.232038528 -0.633656621 -0.737995625
vn 0.19164364 -0.615832269 -0.764214218
vn 0.182429567 -0.611713827 -0.769756854
vn 0.18254748 -0.611938298 -0.769550443
vn -0.642211497 -0.325344294 -0.694057345
vn -0.645632565 -0.318539083 -0.694039941
vn -0.645371318 -0.319109082 -0.694021046
vn -0.642618179 -0.323394924 -0.694591761
vn -0.632427454 -0.334386051 -0.698728383
vn -0.637027383 -0.322446764 -0.700160086
vn -0.44384703 -0.542778254 -0.713015854
vn -0.541728795 -0.456967473 -0.705486119
vn -0.222329423 -0.726852655 -0.649811387
vn 0.0237949751 -0.828334928 -0.559727788
vn 0.19985348 -0.883831859 -0.422965527
vn 0.122633584 -0.901367784 -0.415327877
vn 0.045641575 -0.907977104 -0.416526645
vn 0.00772325043 -0.91187638 -0.410392284
vn -0.0522512458 -0.940303266 -0.336302727
vn -0.0713140219 -0.941075623 -0.330591917
vn -0.160415992 -0.833408237 -0.528864264
vn -0.0166969858 -0.995142698 -0.0970160291
vn 0.0379348472 -0.993886769 -0.103682205
vn -0.0154368905 -0.936256349 -0.350978255
vn -0.0486642011 -0.896342814 -0.440682799
vn -0.407642424 -0.630385637 -0.660637259
vn -0.735525072 -0.154631406 -0.65961504
vn 0.281602144 -0.900020361 -0.332661599
vn 0.340748787 -0.908742547 -0.240992397
vn 0.46367991 -0.764678061 -0.447513461
vn 0.451541215 -0.647746623 -0.613624215
vn 0.526053846 -0.528123081 -0.66659826
vn 0.109158739 -0.806815565 -0.580631673
vn -0.498894602 -0.630362988 -0.594766021
vn -0.725761592 -0.32171014 -0.608089447
vn -0.771503448 -0.169213831 -0.61330992
vn -0.720510066 0.0982582569 -0.686447859
vn 0.462978661 -0.528327644 -0.711702585
vn -0.687590301 -0.250162363 -0.681643784
vn 0.286173284 -0.503572881 -0.81518048
vn 0.260338008 -0.54890281 -0.794310927
vn -0.376958281 -0.367842048 -0.850055695
vn 0.0387685522 -0.249388129 -0.967627347
vn -0.3977153 -0.200377896 -0.895360947
vn -0.168638468 -0.176333562 -0.969776988
vn 0.0748218149 -0.249926895 -0.965369463
vn -0.437357843 -0.289027184 -0.851575851
vn -0.697296262 -0.286765337 -0.656919718
vn -0.549453914 -0.462356627 -0.695935845
vn -0.554277778 -0.522125483 -0.648198366
vn -0.602317572 -0.0725383237 -0.794953883
vn -0.518998325 0.197717667 -0.831593931
vn -0.650420547 0.262396872 -0.712812066
vn -0.318008482 -0.191885978 -0.928466678
vn -0.167471647 0.0635608286 -0.983825862
vn -0.0434223451 -0.183712736 -0.982020438
vn -0.00197484414 -0.00171770598 -0.999996662
vn -0.163850218 -0.568899751 -0.805919409
vn -0.191378742 -0.618626595 -0.762020528
vn 0.0182228182 -0.239728212 -0.970669031
vn 0.0420432501 -0.0826832354 -0.995688617
vn 0.0698688105 -0.136371583 -0.988190889
vn -0.0121999094 -0.000694603776 -0.999925375
vn 0.0396696776 -0.539969265 -0.840749383
vn 0.256088853 -0.386195302 -0.886155665
vn 0.256585628 -0.383772552 -0.88706392
vn 0.336330235 -0.490535945 -0.803900659
vn 0.335752815 -0.491132945 -0.803777695
vn -0.349380851 -0.424229681 -0.835441351
vn -0.0335310884 -0.311564773 -0.949633121
vn 0.0499807857 -0.501076758 -0.86395824
vn 0.035190139 -0.153270453 -0.98755753
vn -0.0719262809 -0.226858109 -0.971268296
vn 0.0211325996 -0.0498410538 -0.998533607
vn -0.233381718 -0.424235016 -0.874961555
vn 0.0214116611 -0.0681202933 -0.997447371
vn 0.0877992511 -0.170540035 -0.981431246
vn -0.267428368 -0.558919013 -0.78491509
vn -0.00530151045 -0.318715155 -0.947835743
vn 0.233605608 -0.419265538 -0.877294004
vn -0.0609652847 -0.640209198 -0.765777647
vn 0.127978534 -0.507489562 -0.852100849
vn -0.269170314 -0.571697116 -0.775054634
vn 0.104036354 -0.383905441 -0.917492747
vn 0.142351881 -0.260297775 -0.954977036
vn -0.469776511 -0.630339384 -0.618047178
vn -0.642515302 -0.632678866 -0.432309508
vn -5.89555966E-05 -0.0003057867 -1
vn -0.000564213959 -0.000939810416 -0.999999404
vn -0.000233933635 -0.000168156141 -1
vn -5.47767959E-05 -1.89554357E-05 -1
vn -5.58018037E-05 2.13956646E-05 -1
vn -0.417862743 -0.594740927 -0.68678534
vn -0.000643563515 0.000186381527 -0.999999762
vn -0.000985980849 -8.22999937E-05 -0.999999523
vn -0.00361419236 0.00163589965 -0.999992132
vn -0.00266355532 0.00166011823 -0.999995112
vn -0.00254557421 0.00164959126 -0.99999547
vn -0.865030468 -0.364566147 -0.34469381
vn -0.773628712 -0.482213348 -0.411058098
vn -0.92919296 -0.34860751 -0.1227732
vn -0.972426713 -0.206753507 -0.107885167
vn -0.938621402 -0.227574885 -0.259228587
vn -0.840799928 -0.416204542 -0.34616369
vn -0.841422021 -0.418859363 -0.341417372
vn -0.819971383 -0.443769515 -0.361546069
vn -0.755877256 -0.641131043 -0.132666871
vn -0.866183281 -0.456561834 -0.203169748
vn -0.90814817 -0.409983665 0.0847366527
vn -0.968904078 -0.0976077765 -0.227370813
vn -0.955275357 -0.265912414 0.129381597
vn -0.914553523 -0.0682887807 0.398658246
vn -0.705467403 -0.43334803 0.560825408
vn -0.690001547 -0.209567979 0.692805231
vn -0.966546297 -0.191577479 0.1705475
vn -0.855907142 -0.320471764 0.405858189
vn -0.988565862 0.0725361183 0.132197082
vn -0.981068552 0.124467328 -0.148365289
vn -0.577579618 -0.271147817 0.769987345
vn -0.834096551 -0.181997135 0.520730376
vn -0.841685653 -0.515526235 -0.160617143
vn -0.925555646 -0.0737123266 0.371366799
vn -0.807351947 0.11887496 0.577971876
vn -0.968417525 0.152380675 0.197351471
vn -0.5459795 -0.111530498 0.830341756
vn -0.683333099 0.0307652894 0.729458332
vn -0.963115096 0.231944099 0.136422887
vn -0.967744648 0.195583746 -0.158799574
vn -0.863710642 0.501929104 0.0455100946
vn -0.821297526 0.503334761 -0.268560022
vn -0.644635201 0.685063779 -0.339312673
vn -0.71875906 0.605123043 -0.342361689
vn -0.735228181 0.654217243 -0.177311406
vn -0.414499938 0.84383744 0.340775937
vn -0.791439712 0.215403557 0.572035372
vn -0.768472493 0.290528059 0.570125878
vn -0.601904213 0.742677271 0.293499112
vn -0.542609453 0.730136514 0.4153018
vn -0.4426817 0.777433932 0.44679898
vn 0.0333003104 0.820773363 0.570282638
vn -0.12554799 0.727336049 0.674700022
vn 0.0326757543 0.812746108 0.581700921
vn -0.693633556 0.305443048 0.652362704
vn -0.412408143 0.529759824 0.741130233
vn 0.0205874424 0.809472203 0.586797178
vn -0.577167034 0.326908797 0.748337388
vn -0.654451787 0.266694337 0.70750761
vn -0.661030531 0.269104093 0.700443923
vn -0.614848673 0.347851455 0.707785606
vn -0.596469522 0.369175643 0.712694526
vn -0.529979944 0.425727546 0.733401239
vn -0.529368579 0.431863755 0.730248332
vn -0.452260435 0.461579949 0.763154268
vn -0.463180602 0.448982358 0.764119446
vn -0.391307622 0.485505402 0.781768978
vn -0.34767586 0.516621292 0.782447457
vn -0.340619206 0.531433403 0.775601208
vn -0.130803391 0.0716959015 0.988812566
vn 0.1204478 -0.604594827 0.787373722
vn 0.0856232122 -0.525263309 0.846621037
vn -0.0278308354 -0.488257587 0.872255623
vn 0.121823885 -0.745287836 0.655518889
vn 0.181988925 -0.62606144 0.758239567
vn 0.0105182854 -0.644509256 0.764524102
vn -0.136964202 -0.61702615 0.774932027
vn 0.0656268522 -0.863487661 0.500082135
vn 0.0223274194 -0.838180721 0.544935286
vn -0.0723716766 -0.726691961 0.683140635
vn -0.19185628 -0.655045807 0.730825782
vn -0.151634648 -0.697847903 0.700010896
vn -0.0395752564 -0.812196851 0.582039654
vn 0.0424450152 -0.893811822 0.446428984
vn 0.0492298156 -0.917233169 0.395297021
vn 0.21549651 -0.687587261 0.693386555
vn 0.166167647 -0.555815935 0.814528704
vn 0.141493931 -0.555126429 0.819642663
vn 0.251277298 -0.899196625 0.358197004
vn 0.432558745 -0.899102628 0.0671359748
vn 0.608695149 -0.793393612 0.00408293493
vn 0.613046169 -0.790029049 0.00534889568
vn 0.245873094 -0.519311965 0.818450689
vn 0.210000366 -0.514249742 0.831532896
vn 0.222822279 -0.473069757 0.852382064
vn 0.219220966 -0.471181303 0.854359627
vn 0.221676856 -0.469032526 0.854908109
vn 0.247541085 -0.455890387 0.854919493
vn 0.22739996 -0.449988663 0.863596797
vn 0.259870082 -0.458570659 0.849811971
vn 0.244922996 -0.548950434 0.799165905
vn 0.253168225 -0.572578967 0.77978152
vn 0.00838124007 -0.0212038793 0.999740064
vn 0.00451031839 -0.0118156802 0.999920011
vn 0.00331248902 -0.00881411415 0.999955654
vn -0.0256240387 0.0276613403 0.999288917
vn -0.0342335962 0.0371286459 0.998723924
vn -0.0670799315 0.0735618845 0.995032191
vn -0.611442447 0.789915562 -0.0465978011
vn -0.825906873 0.530008256 -0.192273259
vn -0.907529354 0.328374565 -0.261840791
vn -0.598531723 0.708512902 -0.37385717
vn 0.130568162 0.920711994 -0.367751718
vn 0.138763219 0.990134299 -0.0194647703
vn -0.833039105 0.412504464 -0.368627012
vn -0.62921977 0.138523042 -0.764783502
vn -0.45856303 0.145351827 -0.876694262
vn 0.434921324 0.899904668 -0.0318598263
vn 0.0873604491 0.99606353 -0.015023943
vn -0.596294224 0.0631710291 -0.800276577
vn -0.944678247 0.0163814314 -0.327589214
vn -0.856368124 -0.0777757168 -0.510474801
vn -0.992907763 -0.116404198 -0.0241740327
vn -0.963929594 -0.265513033 -0.018511558
vn -0.313299716 0.301376402 -0.900564015
vn 0.0179583672 0.490579695 -0.87121129
vn -0.0205283649 -0.000409873202 -0.999789178
vn -0.00143593189 0.458989173 -0.888440669
vn -0.00746681262 0.0076529216 -0.999942899
vn -0.288399756 -0.0405269824 -0.956652045
vn -0.000595673162 -0.00468734605 -0.999988914
vn -0.837085247 -0.176044092 -0.517973721
vn -0.811642826 -0.287793636 -0.508341074
vn -0.861998856 -0.506746888 -0.012873034
vn 0.419959575 0.816570222 -0.396039188
vn -0.373743594 0.605288386 -0.70280987
vn -0.827823997 0.349907219 -0.438488692
vn -0.595134139 0.155968204 -0.788345873
vn -0.868518114 0.0625287443 -0.49169752
vn -0.633806944 -0.0805496499 -0.769285738
vn -0.772789121 0.0117479479 -0.634554148
vn -0.84717226 -0.218315154 -0.484394163
vn -0.55146873 -0.233895689 -0.800733984
vn -0.74924314 -0.440263629 -0.494775355
vn -0.459324718 -0.371505916 -0.806848288
vn -0.567353666 -0.582429171 -0.582139194
vn -0.383836597 -0.514059424 -0.767080486
vn -0.224643677 -0.93019259 -0.290304929
vn -0.0587068647 -0.735123992 -0.675385892
vn 0.576557577 -0.731511295 -0.363967866
vn -0.126832768 -0.991503656 -0.0288780462
vn -0.614926398 -0.788571417 -0.00455831829
vn -0.682569444 -0.730755687 0.00975439698
vn -0.77383697 -0.633215606 0.0146418987
vn -0.856053591 -0.516795993 0.00969702192
vn -0.897155523 -0.441698939 0.00373683684
vn -0.961504638 -0.274576873 0.0107902801
vn -0.96971482 -0.244114339 -0.00783467107
vn -0.997529805 -0.0702140704 -0.00209956034
vn -0.999689698 0.0208673719 -0.0136042014
vn -0.987566352 0.156191632 -0.0178018734
vn -0.953913748 0.300003678 -0.00680362852
vn -0.927710295 0.373300821 -0.000396671239
vn -0.608989298 0.792860568 -0.0224564392
vn -0.652359903 0.757869601 0.00775547931
vn 0.138084903 0.990396857 0.00682428107
vn 0.11721307 0.993028224 -0.0124879088
vn 0.0536559969 0.998557985 0.00173779752
vn -0.551373005 0.834256709 0.00189664122
vn -0.561442077 0.8275159 0.000472800282
vn -0.710276306 0.703900754 0.00559303723
vn -0.705495119 0.708708405 0.00301409536
vn -0.834068656 0.551650763 -0.00330111152
vn -0.891238749 0.453363806 0.0124464361
vn -0.993887484 -0.108548321 -0.0201216638
vn -0.982366025 -0.186919495 0.00425864197
vn -0.89573282 -0.443125129 -0.0360943601
vn -0.990785837 -0.134792373 -0.0132068982
vn -0.991844594 -0.127195626 -0.00809280947
vn -0.993078411 -0.11717324 0.00811006967
vn -0.798909485 0.601164222 -0.0185750797
vn -0.760729373 0.649044752 0.00562856114
vn -0.360430747 0.932779491 -0.00346254092
vn -0.356514871 0.934286475 0.00245045312
vn -0.160642639 0.98700583 -0.00367099559
vn -0.137386963 0.990517437 0.000295070262
vn 0.120247036 0.992732465 0.00478768209
vn 0.117612615 0.992969573 0.0133675663
vn 0.377176821 0.926132977 0.00391260535
vn 0.398102939 0.917326808 0.00504883565
vn 0.615017056 0.78851217 0.001596043
vn 0.559084952 0.829088688 0.00600865949
vn 0.739974916 0.672634184 -0.000624574197
vn 0.787143052 0.616770267 -0.000397006923
vn 0.991132081 0.130968615 -0.0224566776
vn 0.982515097 0.186021417 0.00775554217
vn 0.788663983 -0.614786565 0.00682409992
vn 0.801380217 -0.598024786 -0.0124880746
vn 0.549426258 -0.835214615 -0.023395367
vn 0.836269617 -0.548286915 0.00588035537
vn 0.730447412 -0.682876587 -0.0112310741
vn 0.998553693 -0.0533251017 -0.00685086567
vn 0.997793794 0.066345416 0.00243551447
vn 0.965398788 0.260763556 0.0027225574
vn 0.968306959 0.249744862 0.00301390747
vn 0.894777775 0.446499527 -0.00330125168
vn 0.838243663 0.545153737 0.0124464016
vn 0.4029378 0.915006161 -0.020121444
vn 0.765914679 -0.64274776 -0.0158102978
vn 0.329307139 0.944213152 0.00425853021
vn 0.728498042 -0.575318813 -0.371885568
vn 0.497190893 -0.771980047 -0.396040261
vn 0.999045789 -0.0434711203 -0.00421766751
vn 0.909109712 0.16075097 -0.384289861
vn 0.915758193 0.40118587 -0.0209001768
vn 0.734015822 0.624892831 -0.265950531
vn 0.0641071051 0.997290015 -0.0360953547
vn 0.378660351 0.925441504 -0.0132070016
vn 0.385769814 0.922559559 -0.00809311215
vn 0.395065397 0.918617189 0.00811019912
vn 0.920078397 0.391293406 -0.0185747445
vn 0.944196165 0.329158813 0.0121653127
vn 0.990386009 -0.138256297 -0.004558302
vn 0.974137545 -0.22574541 0.00975441467
vn 0.935299098 -0.353555262 0.0146417469
vn 0.875585198 -0.482966363 0.00969707966
vn 0.831100464 -0.556109786 0.00373704196
vn 0.718542993 -0.695398867 0.0107905939
vn 0.69626677 -0.717740417 -0.00783433672
vn 0.559572279 -0.828778863 -0.00209958851
vn 0.481773734 -0.876190007 -0.0136043672
vn 0.35851723 -0.933353424 -0.0178025197
vn 0.21714668 -0.976115286 -0.00680468604
vn 0.140567839 -0.990070999 -0.000397472206
vn -0.382650167 -0.923646748 -0.021341376
vn -0.346227586 -0.938113153 0.00838046428
vn -0.975502431 -0.174351305 -0.134151235
vn -0.918407679 -0.39544794 -0.0121724382
vn -0.892920434 -0.450170755 0.00627977634
vn -0.954556584 -0.297393471 -0.019461086
vn -0.545456648 -0.838111043 -0.00685062958
vn -0.441440135 -0.897287428 0.00243571075
vn -0.25687179 -0.966441631 0.00272255857
vn -0.26786828 -0.963450789 0.00301415264
vn -0.0607088022 -0.99815011 -0.00330088125
vn 0.0529935285 -0.998517334 0.0124460282
vn 0.58977282 -0.807281613 -0.0215497911
vn 0.653216779 -0.757160842 0.00391490385
vn -0.941032231 -0.337718129 -0.0201172344
vn 0.810389102 -0.581044376 -0.0752129555
vn 0.615951419 -0.787487686 -0.0216078442
vn 0.60714972 -0.794529915 -0.00956048165
vn -0.86467135 -0.33968851 -0.3700746
vn -0.53717047 -0.843463182 -0.0042183795
vn -0.315340221 -0.867689431 -0.384285897
vn -0.110441886 -0.993662834 -0.0209017396
vn 0.17416425 -0.948125541 -0.265941352
vn 0.545804024 -0.763236284 -0.345786363
vn -0.196371183 -0.980526805 -0.00232156808
vn -0.421649665 -0.226260692 -0.878076017
vn -0.346057147 -0.622465134 -0.701984107
vn 0.110881574 -0.891871393 -0.438486814
vn 0.254151911 -0.423291475 -0.869615436
vn 0.126836419 -0.0799605101 -0.988695502
vn -0.1999975 -0.903469265 -0.379136384
vn -0.127873719 -0.415526092 -0.900547802
vn -0.00670741638 -0.00877332501 -0.999939084
vn -0.576168239 -0.726622343 -0.37423262
vn -0.694385946 -0.719592273 0.00390232657
vn -0.306737006 -0.320819616 -0.896095514
vn -0.0177967809 -0.0102848988 -0.999788702
vn 0.162499309 -0.593390822 -0.788340926
vn 0.380110115 -0.78342241 -0.491696656
vn 0.386660844 -0.508613288 -0.769289196
vn 0.376206905 -0.675124407 -0.634567022
vn 0.612650454 -0.624515235 -0.484396636
vn 0.478292465 -0.360636264 -0.800735772
vn 0.755900443 -0.428729177 -0.494778574
vn 0.55139178 -0.212025985 -0.806853175
vn 0.788075268 -0.200122938 -0.582141042
vn 0.644231796 -0.0745042562 -0.761192799
vn 0.692682803 0.276212305 -0.666256189
vn 0.219814882 0.432427168 -0.874464512
vn 0.0411046818 0.916638196 -0.397598714
vn 0.385806799 0.853750467 -0.349661767
vn 0.947347224 0.320199758 -0.00232171779
vn 0.23111555 0.433350146 -0.871087372
vn 0.88242656 0.2785317 -0.379135162
vn 0.42159009 0.0974885002 -0.901530802
vn 0.00876100268 0.00144511147 -0.999960661
vn 0.917359531 -0.13566713 -0.374227017
vn 0.970378101 -0.241559848 0.00390317501
vn 0.431209385 -0.105233103 -0.896093965
vn 0.0178046655 -0.0102693588 -0.999788821
vn 0.928508401 -0.29436186 -0.226325542
vn 0.530831635 -0.184190169 -0.827219367
vn 0.00435646903 0.00182827411 -0.999988914
vn 0.788627267 -0.375832677 -0.486638248
vn 0.869854927 -0.493139446 -0.0128730526
vn 0.245311588 -0.183262244 -0.951964915
vn 0.704465747 -0.440882087 -0.556193411
vn 0.655058146 -0.559009075 -0.508337975
vn 0.711905837 -0.702030897 -0.0185111072
vn 0.179297507 -0.229497463 -0.956652105
vn -0.00289457012 -0.010291921 -0.999942899
vn 0.57100296 -0.636916041 -0.517970622
vn 0.495540321 -0.702748299 -0.51047498
vn 0.597263277 -0.801680863 -0.0241737794
vn 0.458154976 -0.826304257 -0.327589929
vn 0.243439198 -0.547991097 -0.800276995
vn 0.0106191067 -0.0175731983 -0.999789178
vn 0.194644481 -0.614180803 -0.764784515
vn 0.103401706 -0.469799399 -0.876696408
vn -0.104343452 -0.422020376 -0.90056169
vn 0.0592784062 -0.927685261 -0.368627369
vn -0.433834344 -0.229740739 -0.871210039
vn 0.00579716964 -0.00201346353 -0.999981165
vn 0.00888148695 -0.0096297916 -0.999914169
vn 0.00485694269 -0.00174859422 -0.999986649
vn 0.000264203612 -0.000591948337 -0.999999762
vn 0.000115577102 0.000656147837 -0.999999762
vn 0.000138098345 0.000962033053 -0.999999523
vn 0.000157846865 0.000899180886 -0.999999642
vn -9.27117871E-05 8.38210253E-05 -1
vn 0.00117716822 0.000162078533 -0.999999285
vn -0.000153540532 4.95458953E-05 -1
vn 0.000298777304 -0.000967301894 -0.999999523
vn -0.000172118744 0.000160703916 -1
vn -9.89224864E-05 -0.00109401159 -0.999999404
vn -0.000177472612 0.00016707537 -1
vn -0.000133062858 0.000209023143 -1
vn -8.50747165E-05 0.00017351775 -1
vn 0.000358370453 -0.000314642355 -0.999999881
vn -4.05199389E-05 3.32630443E-05 -1
vn 0.00135237491 0.000171659252 -0.999999046
vn 0.00114538462 -0.000307624432 -0.999999285
vn -0.00030133067 -0.00139201642 -0.999999046
vn -0.000355968601 0.000280350272 -0.999999881
vn -0.000731304288 -0.000220322152 -0.999999762
vn -0.00108685973 -0.000614026561 -0.999999285
vn -0.000100800287 0.00105934381 -0.999999523
vn -8.00917551E-05 0.000140840391 -1
vn -2.94004258E-05 8.36874387E-05 -1
vn -1.47975552E-05 1.75746754E-05 -1
vn -2.96493545E-05 1.86632915E-05 -1
vn -2.6617181E-05 0.000137617622 -1
vn -2.69433185E-05 0.000137301395 -1
vn -0.000136008559 -0.000138439675 -1
vn 0.000118913667 0.000533457438 -0.999999881
vn -0.000670830894 -0.00413439842 -0.999991298
vn 0.00045109028 -0.00647478132 -0.999979019
vn 0.000512817642 -0.00273974566 -0.999996185
vn -0.000310880743 -0.0017760332 -0.99999845
vn -0.000729962485 -0.0040352745 -0.999991655
vn 0.777939081 0.1134848 -0.618006408
vn 0.782993138 0.109262213 -0.612358987
vn 0.776530743 0.0158823393 -0.629879177
vn 0.80036521 0.0427897684 -0.597983718
vn 0.743745565 -0.034054637 -0.66759485
vn 0.586558163 0.563811481 0.581434548
vn 0.647276461 0.488716096 0.584969878
vn 0.647520959 0.488801479 0.584627926
vn 0.58306694 0.569352567 0.579543471
vn 0.512470782 0.631769717 0.581584632
vn 0.51203233 0.628534377 0.585463524
vn 0.584053755 0.307043612 -0.751402318
vn 0.653327882 0.0243515316 -0.756683409
vn 0.696103454 0.147062182 -0.702718079
vn 0.649511814 -0.247479931 -0.718949258
vn 0.4686459 -0.484745055 -0.73850739
vn 0.361599863 -0.615109682 -0.700632274
vn 0.241159678 -0.684336007 -0.688132346
vn 0.0691606924 -0.704651654 -0.706174791
vn 0.0133815985 -0.703895509 -0.710177481
vn -0.299817353 -0.720325589 -0.625492275
vn -0.306904972 -0.714404821 -0.628836274
vn -0.291915506 -0.686331153 -0.666134238
vn -0.302941561 -0.686940432 -0.660559773
vn -0.136593491 -0.728424668 -0.67137146
vn -0.0271500349 -0.710141122 -0.703535676
vn -0.00234416407 -0.708952487 -0.70525229
vn 0.0430981778 -0.7535851 -0.655935943
vn -0.108349182 -0.826542318 -0.552347958
vn -0.256065756 -0.811554492 -0.52517575
vn -0.323063284 -0.80564177 -0.49655965
vn -0.468625814 -0.720509112 -0.511132538
vn -0.466286749 -0.719076693 -0.515272141
vn -0.581378043 -0.626322627 -0.519345284
vn -0.57484585 -0.632150888 -0.519555092
vn -0.605760753 -0.612948298 -0.507295132
vn -0.607680202 -0.613494575 -0.504330277
vn 0.305893183 0.82903713 -0.468109995
vn 0.211756736 0.860047638 -0.464195222
vn 0.219555423 0.856731713 -0.466696978
vn 0.151793376 0.850950778 -0.502833545
vn 0.15199478 0.831095815 -0.534955502
vn 0.158852682 0.777927577 -0.60794282
vn -0.599298537 -0.798109651 0.0621468872
vn -0.753887177 -0.65693593 -0.00945372414
vn -0.717991173 -0.695970178 0.0106917238
vn -0.911645353 -0.410902768 -0.0078479629
vn -0.933903277 -0.357503384 0.00399248721
vn -0.991115928 0.131252199 -0.0214978866
vn -0.959136307 0.282460213 0.0165481307
vn -0.710067928 0.704086423 -0.00811948068
vn -0.553353369 0.829004347 -0.0809436291
vn -0.258112967 0.966113865 0.00128877885
vn -0.223949119 0.974592924 -0.00392406993
vn -0.0472796857 0.998880804 -0.00128871994
vn -0.109194338 0.993883133 -0.0165184829
vn -0.324949503 0.945706129 -0.00691194786
vn -0.402459294 0.901411057 -0.159638673
vn -0.131769687 0.991280138 -0.000781480281
vn -0.591600716 0.66478622 -0.456144661
vn -0.713819027 0.359316438 -0.601127267
vn -0.609223902 -0.126843125 -0.782788038
vn -0.585397482 0.474259973 -0.657561481
vn -0.528211534 -0.16894418 -0.832136035
vn -0.554541886 -0.0353098586 -0.831406415
vn -0.572612405 0.191640437 -0.797112882
vn -0.457776427 0.765947878 -0.451402962
vn -0.259359539 0.950123608 -0.17319873
vn -0.508832037 0.574122488 -0.641461849
vn 0.0635838211 0.989396155 -0.130584389
vn 0.0556274056 0.998451352 0.000687598018
vn 0.282431036 0.95909965 -0.0189896878
vn 0.0102112526 0.825517774 -0.564283609
vn 0.305059522 0.918945312 -0.249956295
vn 0.232580379 0.654280484 -0.719599545
vn 0.282887459 -0.958693564 -0.0296882652
vn 0.392837375 -0.916829526 0.0714318827
vn 0.41336602 -0.901265025 0.12980713
vn 0.602136135 -0.721612275 0.341625184
vn 0.646781385 -0.653038502 0.393972903
vn 0.738337934 -0.284894794 0.611303508
vn 0.729331613 -0.228836611 0.644755185
vn 0.657512546 0.131986395 0.741793036
vn 0.670589328 0.194958538 0.715752125
vn 0.613751233 0.333183467 0.715750098
vn 0.244870484 0.590074837 0.769317925
vn 0.498029083 0.412265748 0.762891889
vn 0.61217314 0.284010828 0.737957895
vn -0.167146847 0.680226564 0.713690162
vn -0.172873229 0.67699641 0.71539551
vn -0.479630321 0.38568303 0.788164556
vn -0.397327363 0.493946463 0.773400187
vn -0.555901647 0.0655306354 0.828661084
vn -0.600567043 -0.0591303483 0.797384977
vn -0.578998685 -0.342805117 0.73976022
vn -0.368162543 -0.586482286 0.721453309
vn -0.330448568 -0.609738886 0.720431864
vn -0.0615810305 -0.731266439 0.679306328
vn 0.017644817 -0.705210745 0.708778203
vn 0.0984150544 -0.720288813 0.686657488
vn 0.227778167 -0.666246533 0.710093379
vn 0.205171242 -0.665941358 0.717235506
vn 0.474295855 -0.498762816 0.725451052
vn 0.470165163 -0.531763196 0.704395235
vn 0.663002312 -0.245254174 0.707303584
vn 0.682212591 -0.0133762462 0.731031537
vn 0.718668699 0.0178556293 0.695123374
vn 0.676670551 0.240606293 0.695863187
vn 0.199351206 0.253711641 0.946514428
vn 0.194367647 0.230998144 0.953342021
vn 0.145766079 0.131910264 0.980485559
vn 0.0604522973 0.183143631 0.981225669
vn -0.101827472 0.278175473 0.955117524
vn 0.0527770258 0.150625318 0.987181127
vn -0.122653089 0.207914606 0.970426559
vn -0.259166121 0.294771194 0.919751585
vn -0.282231569 0.310966969 0.907548785
vn 0.387480289 -0.351364017 0.852292418
vn 0.476400763 -0.554469764 0.682352901
vn 0.463679641 -0.530711949 0.709468842
vn 0.489941061 -0.642620921 0.589063764
vn 0.32941395 -0.815252542 0.476287425
vn 0.307236046 -0.837759912 0.451402724
vn 0.0844540149 -0.822989583 0.561743498
vn -0.0403864048 -0.658319354 0.751654506
vn -0.027929347 -0.413537472 0.910058677
vn 0.366298437 -0.588193595 0.721008956
vn -0.106128819 0.0418731645 0.993470311
vn -0.293721825 0.25514847 0.921209335
vn -0.210691586 0.266336709 0.94057107
vn -0.208963737 0.277477384 0.937731564
vn -0.0976592228 0.130677849 0.98660326
vn -0.183151662 0.414329261 0.891508102
vn 0.0139767881 0.0855545402 0.99623543
vn 0.162000388 -0.392204255 0.90550077
vn 0.377429843 -0.636742175 0.672388434
vn 0.37483567 -0.624504864 0.68519485
vn 0.37851423 -0.777617157 0.502034307
vn 0.0916157514 -0.300038785 0.949517369
vn 0.321898758 -0.781880498 0.533895195
vn 0.284590542 -0.818927288 0.498363584
vn 0.166644067 -0.867447376 0.468790829
vn 0.238600776 -0.847848177 0.473522127
vn 0.105072632 -0.882055938 0.459278882
vn 0.0253873356 -0.877401292 0.479085058
vn 0.00308686751 -0.87250638 0.488592952
vn -0.0719706714 -0.861976147 0.501814067
vn -0.0748706684 -0.86034137 0.504189432
vn -0.144371182 -0.827932656 0.541926563
vn -0.156883925 -0.826727688 0.540285826
vn -0.193904355 -0.781688392 0.592759967
vn -0.141369969 -0.773687482 0.617593884
vn -0.177832827 -0.72799176 0.662120521
vn -0.179888308 -0.713063598 0.677628577
vn -0.107481234 -0.620220304 0.777029335
vn -0.0586457662 -0.509742439 0.858325899
vn 0.0390111133 -0.427937895 0.902965844
vn 0.0638940483 -0.408760399 0.910402417
vn 0.245498464 -0.45907411 0.853804052
vn 0.245230421 -0.462263435 0.852158844
vn 0.253938884 -0.465723932 0.847712338
vn 0.270005912 -0.457389325 0.847284913
vn 0.289628357 -0.443688989 0.848089278
vn 0.301392615 -0.430793226 0.850634873
vn -0.00324475602 0.00264847302 -0.999991298
vn -0.00313055422 0.0026505955 -0.999991655
vn -0.00138319284 0.00115818717 -0.99999845
vn -0.00262868707 0.000926224573 -0.999996185
vn -0.00583187211 0.00284649711 -0.999979019
vn -5.24648603E-05 0.000187639263 -1
vn 0.000403771177 -0.00036795513 -0.999999881
vn 0.000131313136 -4.56355956E-05 -1
vn 0.000130645785 -4.53695429E-05 -1
vn 2.94596921E-05 1.64130452E-05 -1
vn 2.18681653E-05 0 -1
vn 8.68057905E-05 -1.60682685E-05 -1
vn 0.000163896446 0 -1
vn 0.000420481956 0.000168437662 -0.999999881
vn 0.000973846123 -0.00044051811 -0.999999404
vn 0.000172210363 0.000743792974 -0.999999762
vn 1.07232563E-05 0.00124896003 -0.999999285
vn 0.00019283517 -1.26870127E-05 -1
vn -0.00105636974 0.000957665383 -0.999999046
vn 0.000249316887 1.11866966E-05 -1
vn -0.000839323679 -0.000838509528 -0.999999285
vn 0.000235029976 7.05089187E-05 -1
vn -0.000526844349 -0.00125791284 -0.999999046
vn 0.000226539778 6.95045746E-05 -1
vn 0.000119059827 0.000108699904 -1
vn 0.000118759453 3.95866373E-05 -1
vn -0.00050905731 -0.000117912627 -0.999999881
vn 4.83525109E-05 1.77986221E-05 -1
vn -0.00107701751 0.000757068396 -0.999999166
vn -0.00118182681 0.000284996757 -0.999999285
vn -0.000540046953 -0.00126689975 -0.999999046
vn 0.000805530348 -0.00067719142 -0.999999523
vn 0.000880265376 -0.000687650405 -0.999999404
vn 0.000577660452 -0.000369634625 -0.999999762
vn -0.000657659781 0.000270732766 -0.999999762
vn -0.0039483849 -0.0033327397 -0.999986649
vn -0.012804212 -0.00287632411 -0.999913931
vn -0.00464753387 -0.00401310856 -0.999981165
vn 0.47076869 0.740857959 -0.479068071
vn 0.539536536 0.544260621 -0.642402351
vn 0.454680592 0.782291591 -0.425776303
vn 0.541309297 0.523002684 -0.658371031
vn 0.496677071 0.489885569 -0.716466367
vn 0.400483996 0.568392396 -0.718709111
vn 0.331003129 0.620571136 -0.710864544
vn 0.219842836 0.654664755 -0.723244905
vn 0.113227613 0.685541451 -0.719174802
vn 0.0228390843 0.700530171 -0.713257134
vn -0.0701368377 0.680835307 -0.729070783
vn -0.160903201 0.685603023 -0.709970891
vn -0.24169752 0.64899987 -0.72137475
vn -0.151388526 0.682880521 -0.714671791
vn -0.155005395 0.68768245 -0.70927155
vn -0.0118099051 0.713802636 -0.700247288
vn -0.0120004592 0.714174092 -0.699865282
vn -0.00181162206 -0.00082605955 0.999998093
vn -0.000590118172 -0.000296138547 0.999999762
vn -0.00249280711 -0.00114386389 0.999996305
vn -0.000256978121 -0.000117314215 1
vn -0.000180997289 -0.0001271777 1
vn 0.332205147 -0.0310458224 0.942696035
vn 0.33520481 -0.0233156569 0.941856802
vn 0.282737404 -0.143824816 0.948353291
vn 0.13790597 -0.318488896 0.937841535
vn 0.134709477 -0.320581615 0.937593102
vn 0.214007273 -0.184620902 0.959226787
vn 0.208434716 -0.160027251 0.964855611
vn 0.258220106 0.0154105406 0.965963185
vn 0.264407903 0.0331071429 0.963842571
vn 0.175013006 -0.193123579 0.965439677
vn 0.166747943 -0.204818621 0.964491844
vn 0.176964745 -0.193276912 0.965053082
vn 0.178404719 -0.190431237 0.965353727
vn 0.178301528 -0.135320202 0.974626601
vn 0.115604341 0.00907269772 0.993253887
vn 0.0896539614 0.0269534569 0.995608151
vn 0.0269155633 0.0973809063 0.99488318
vn 0.0244413149 0.120300569 0.992436588
vn 0.00390622579 -0.00692266785 0.99996841
vn 0.120398007 0.580668986 -0.805188
vn 0.144700602 0.569281757 -0.80930835
vn 0.146106705 0.567071915 -0.810606122
vn 0.0359621942 0.592509151 -0.804760575
vn 0.147282213 0.538486898 -0.829662502
vn 0.0785731971 0.608894467 -0.789350212
vn 0.0390985608 0.545863986 -0.836960971
vn 0.210362524 0.536755025 -0.817093432
vn 0.290144503 0.557771027 -0.777629495
vn 0.373270452 0.495483994 -0.784324348
vn 0.432746887 0.517781138 -0.737992525
vn 0.437502772 0.473882377 -0.764216423
vn 0.438543916 0.463847339 -0.769756377
vn 0.438679546 0.464062065 -0.769549608
vn -0.48725 0.616968513 -0.618010759
vn -0.486120164 0.62345773 -0.612362385
vn -0.402019143 0.664557099 -0.629876494
vn -0.437238842 0.671745896 -0.597979665
vn -0.34237957 0.661132514 -0.667592764
vn 0.344825983 0.603917301 -0.718595088
vn 0.355177075 0.614409745 -0.70452112
vn 0.345721722 0.604829431 -0.717396677
vn 0.356237233 0.615478337 -0.703051567
vn 0.014165326 0.017865058 0.999740064
vn 0.00797152519 0.00981545728 0.99992013
vn 0.00597000681 0.00727929128 0.999955654
vn -0.011144409 -0.0360311978 0.999288559
vn -0.0150377462 -0.0482226983 0.998723328
vn -0.030172294 -0.09487129 0.995032191
vn -0.781555295 0.226069242 0.58143276
vn -0.746877789 0.316197395 0.584972441
vn -0.747074127 0.316366822 0.584630013
vn -0.784608066 0.220276266 0.579541683
vn -0.803366601 0.12792477 0.581581593
vn -0.800346434 0.129160598 0.585459709
vn 0.111762866 0.263210833 0.958242714
vn 0.200891614 0.303006619 0.931573689
vn -0.1439455 0.197316721 0.969714344
vn 0.00416937331 0.24545826 0.969398201
vn 0.110064656 0.259559959 0.95943433
vn -0.153590366 0.190683708 0.969561577
vn 0.0293091349 0.222458526 0.974501491
vn -0.0656700283 0.0955830291 0.993252933
vn -0.067300953 0.0653275922 0.9955917
vn 0.0528798997 0.277632922 0.95923084
vn 0.0343733318 0.260523617 0.964855373
vn 0.21027343 0.276952565 0.937593937
vn 0.206866533 0.278678358 0.937840402
vn -0.016834382 0.316775739 0.948351085
vn -0.139202714 0.303214967 0.942699969
vn -0.147394449 0.301946849 0.941861451
vn -0.0872884616 -0.0159059055 0.99605608
vn -0.106637299 -0.0301122889 0.993841887
vn 0.00482371729 -0.0118284831 0.999918461
vn -0.0868404731 -0.05409576 0.994752407
vn 0.176700488 0.196788386 0.964391708
vn -0.23588872 -0.304069132 0.922983468
vn -0.0615041293 -0.146460757 0.987302661
vn 0.27966392 0.362851709 0.888890743
vn -0.135823175 -0.319706917 0.937731028
vn 0.0162272491 -0.13039352 0.991329432
vn 0.211129114 0.322129548 0.922852695
vn -0.125303596 -0.315642536 0.940568328
vn -0.0253930371 -0.318742216 0.947501302
vn 0.826596916 0.0425815098 0.561181307
vn 0.982048929 0.0639147162 0.177467301
vn 0.726929426 -0.44080165 0.526561975
vn 0.810368717 -0.44164899 -0.385030806
vn 0.904014885 -0.38023001 0.19540289
vn 0.146992251 -0.835282683 0.529807448
vn -0.295653254 -0.75653249 0.583307624
vn 0.559645951 -0.755261362 -0.34114036
vn 0.530570209 -0.816643775 0.227130517
vn 0.197630376 -0.762765229 -0.615736604
vn 0.0982597321 -0.980222881 -0.171779335
vn -0.25268501 -0.909601927 0.329810053
vn 0.065657407 -0.837892711 -0.541871667
vn -0.216523692 -0.95831573 -0.186409354
vn -0.365636766 -0.834538817 0.412134349
vn -0.368130386 -0.7367028 0.567229152
vn -0.302069455 -0.803085566 -0.513621986
vn -0.0447492376 -0.889982164 -0.453794152
vn -0.274820149 -0.912623882 -0.302640975
vn -0.393722892 -0.918829858 0.0270911921
vn -0.456743091 -0.888326824 0.0475513935
vn -0.422752738 -0.809660137 0.407100201
vn -0.43193382 -0.699647903 0.569145024
vn -0.421328783 -0.801624775 -0.424122334
vn -0.492989391 -0.756646931 0.429472715
vn -0.49179244 -0.648591161 0.580921471
vn -0.561538339 -0.804617345 0.193043232
vn -0.550172746 -0.565528095 0.614400446
vn -0.501927435 -0.86439532 0.0298263673
vn -0.497730672 -0.765152812 -0.408418268
vn -0.558052957 -0.701415837 -0.443387687
vn -0.605118215 -0.707498431 0.36507237
vn -0.606312811 -0.444141835 0.659638345
vn -0.625475049 -0.382018268 0.680325806
vn -0.606646359 -0.784749568 -0.127076283
vn -0.738811195 -0.673027396 0.0345267579
vn -0.67125845 -0.495567322 0.55120337
vn -0.663321793 -0.251013815 0.704979599
vn -0.85478735 -0.46850577 0.223250628
vn -0.678529441 -0.178759769 0.712490499
vn -0.704741001 -0.080960609 0.70483017
vn -0.701307356 0.0289367903 0.712271512
vn -0.657096207 0.115881786 0.744846284
vn -0.448857635 0.213447943 0.867736578
vn -0.536183715 0.264386266 0.801627696
vn -0.584137797 0.250821531 0.771927238
vn -0.546810448 0.287209928 0.786453307
vn -0.557933152 0.352282912 -0.75140357
vn -0.347750694 0.553621948 -0.756685019
vn -0.475410342 0.529312432 -0.702718496
vn -0.110431761 0.686233103 -0.718949854
vn 0.185482249 0.648230076 -0.738508046
vn 0.351901561 0.620709419 -0.700631857
vn 0.472073048 0.551018536 -0.688132048
vn 0.575667322 0.412221014 -0.706173539
vn 0.602903485 0.363535494 -0.710175574
vn 0.77373147 0.100512244 -0.625489295
vn 0.772147775 0.0914143249 -0.628833175
vn 0.74033767 0.0903600454 -0.666134417
vn 0.746378422 0.0811158046 -0.660560012
vn 0.699134648 0.245917901 -0.671368241
vn 0.628579259 0.331557214 -0.703532338
vn 0.615147233 0.352445245 -0.705249071
vn 0.631076455 0.414114833 -0.655935585
vn 0.769980431 0.319437325 -0.552349508
vn 0.830863059 0.184017524 -0.525170445
vn 0.859242618 0.123038478 -0.496551782
vn 0.858291507 -0.0455883741 -0.511133492
vn 0.855880857 -0.0442788191 -0.515274048
vn 0.833099604 -0.190324754 -0.519347191
vn 0.834881246 -0.181753278 -0.519556642
vn 0.833709717 -0.218128189 -0.507294953
vn 0.83514291 -0.219517529 -0.504329562
vn -0.870911539 -0.149605826 -0.468114495
vn -0.850698888 -0.246638775 -0.464199126
vn -0.851728141 -0.238224685 -0.466699243
vn -0.812842309 -0.294017702 -0.502832949
vn -0.795748711 -0.283914894 -0.534954488
vn -0.753132522 -0.25139159 -0.607942104
vn 0.990833223 -0.119948074 0.0621453561
vn 0.945867002 -0.324416578 -0.00945503451
vn 0.961724043 -0.273811191 0.0106903864
vn 0.811677694 -0.584052801 -0.00784799643
vn 0.776561081 -0.630029202 0.00399334682
vn 0.381889999 -0.923957765 -0.0214946494
vn 0.234947532 -0.971867144 0.0165506136
vn -0.254725933 -0.966979265 -0.00812056568
vn -0.441262096 -0.89372021 -0.0809442699
vn -0.707622588 -0.706589401 0.00128735742
vn -0.732049167 -0.681240499 -0.00392436096
vn -0.841417015 -0.540384769 -0.00128903147
vn -0.656531155 -0.754267216 -0.00691216998
vn -0.969245553 -0.246095076 -0.000376106414
vn -0.579413891 -0.799246371 -0.159639433
vn -0.79258877 -0.609756052 -0.000781641284
vn -0.901335537 -0.433085173 -0.00560950954
vn -0.806130469 -0.591507196 -0.0165178068
vn -0.982711613 0.185122281 -0.00275833067
vn -0.999993086 0.00316871353 -0.00198846497
vn -0.965678632 0.259653121 0.00670985924
vn -0.516555309 0.856202662 0.00935501512
vn -0.90304929 0.429502428 -0.00544697931
vn -0.456592262 0.889661431 -0.00510333804
vn -0.963655651 0.267147303 0.000276201783
vn 0.222579673 0.974895597 0.0060820831
vn 0.267592996 0.963466525 -0.0112342378
vn 0.583948731 0.811790168 0.000637553865
vn 0.671311736 0.741098642 -0.0106466115
vn 0.719949543 0.694019794 0.00302401162
vn 0.803916931 0.594604611 -0.0127654457
vn -0.487180889 0.873262644 0.00819948688
vn -0.404414535 0.914574564 -0.00150253135
vn 0.165361658 0.986210763 -0.00661718938
vn 0.340984136 0.940015793 0.010004635
vn 0.575857401 0.817514062 -0.00768740801
vn 0.755081654 0.655611038 0.00508257188
vn 0.787793577 0.615882277 -0.00838385895
vn 0.862296283 0.506384194 0.00449453713
vn 0.895886123 0.444167703 -0.0101585602
vn 0.929578125 0.36859113 0.00500554731
vn 0.948284566 0.31730631 -0.0085485857
vn 0.973289192 0.229558468 0.00335054402
vn 0.978146493 0.2078394 -0.0056667584
vn 0.992230594 0.124304689 -0.00519098621
vn 0.992797792 0.119586706 -0.00718632247
vn 0.998902082 0.0462170839 -0.00765381241
vn 0.997441173 0.0707434043 -0.010320941
vn 0.999894261 0.0135965738 -0.00516318111
vn 0.999430001 -0.0303607583 -0.0147554493
vn 0.997744203 -0.0618128367 -0.0261841565
vn 0.994479775 -0.096740365 -0.0406350866
vn 0.91882062 0.393050909 -0.0357730724
vn 0.931907594 0.352952987 -0.0835014135
vn 0.890975118 0.454033196 0.0041382974
vn 0.859866321 0.510514557 0.00222069235
vn 0.922560155 0.385802299 -0.00627374789
vn 0.926783681 0.144845292 -0.346543014
vn 0.941715419 0.33585304 -0.0193579514
vn 0.817507565 0.00792304147 -0.575863361
vn 0.503509998 -0.00720246648 -0.863959432
vn 0.929926455 0.178392783 -0.321578622
vn 0.869564891 0.492963284 -0.0290519092
vn 0.795934558 0.451192826 -0.40362522
vn 0.823898971 0.443543434 -0.352788478
vn 0.88489145 0.465764225 -0.0055508106
vn 0.401401967 0.20148778 -0.893464744
vn 0.907891035 0.225316823 -0.353505552
vn 0.986416698 0.163833633 -0.0118585918
vn 0.410415739 -0.372972131 -0.832136214
vn 0.414460361 -0.464182287 -0.782788277
vn -0.124211445 -0.236715809 -0.963606298
vn 0.507827103 0.0963197351 -0.856057286
vn 0.920271933 0.0656313896 -0.38573578
vn 0.940517247 -0.0839658231 -0.329206586
vn 0.998187006 -0.0574582368 -0.017919207
vn 0.977288306 -0.211085811 -0.0187181309
vn 0.307849854 -0.462590456 -0.831407547
vn 0.586207151 -0.0552626438 -0.808274269
vn 0.93383342 -0.222457573 -0.280121088
vn 0.980497122 -0.11337541 -0.160534754
vn 0.654861331 -0.174030542 -0.735438645
vn 0.948216736 -0.0776705891 -0.307981163
vn 0.942036688 0.0628933012 -0.329562157
vn 0.701264918 0.0321105421 -0.712177217
vn 0.735028207 -0.0489652716 -0.676266074
vn 0.257444203 0.0107540675 -0.966233373
vn 0.215240732 -0.0506731719 -0.975245476
vn 0.236837819 -0.0286981743 -0.971125245
vn -0.176988095 0.0238469373 -0.983924091
vn 0.231896028 0.00869593583 -0.972701728
vn -0.15050064 0.0149560496 -0.98849678
vn -0.446148098 0.0145532312 -0.894840777
vn -0.250475079 -0.0323580168 -0.967582107
vn -0.486498117 0.0612633005 -0.871531129
vn -0.542434037 0.0864608139 -0.835637391
vn -0.5897789 -0.0319456235 -0.806932628
vn -0.796944916 0.0922850594 -0.596960723
vn -0.900809944 0.0559485182 -0.430594116
vn -0.828291416 0.00893638097 -0.560226321
vn -0.92310226 0.0579618663 -0.380161226
vn -0.828424811 -0.0047773337 -0.560079873
vn -0.952989697 0.208428726 -0.219927236
vn -0.917240143 0.0869508684 -0.388728738
vn -0.889900386 0.13564606 -0.435519814
vn -0.971728683 0.235003352 -0.0227338597
vn -0.999342024 -0.00213188003 -0.0362080187
vn -0.877233148 0.0252215434 -0.479401469
vn -0.94835943 -0.195283756 -0.249957263
vn -0.971820414 -0.234956607 -0.0189885683
vn -0.682913601 -0.125718296 -0.719599783
vn -0.720019937 -0.403918654 -0.56428808
vn -0.888633251 -0.439634174 -0.130586281
vn -0.892498434 -0.451049834 0.00068777625
vn -0.242790937 -0.727720678 -0.64146322
vn -0.693151772 -0.699673355 -0.173198849
vn 0.120342501 -0.591715515 -0.797113776
vn -0.43444407 -0.779417634 -0.451404929
vn -0.118020929 -0.744099677 -0.657561123
vn -0.279916137 -0.844733477 -0.456149489
vn 0.0457322635 -0.797843814 -0.601127028
vn 0.688809335 0.724334121 -0.0296941213
vn 0.597575426 0.798624516 0.0714320466
vn 0.573837399 0.808616817 0.129804969
vn 0.323863894 0.882270813 0.341629058
vn 0.24216029 0.886648774 0.393970072
vn -0.122442462 0.781866729 0.611303806
vn -0.166486681 0.746041298 0.644751549
vn -0.443058997 0.503431797 0.741791904
vn -0.504132748 0.48326847 0.715752602
vn -0.595420361 0.364932239 0.715750694
vn -0.633452773 -0.0829744339 0.769319773
vn -0.606046855 0.225176096 0.762891114
vn -0.552046597 0.388159007 0.737954736
vn -0.505520761 -0.484865695 0.713690341
vn -0.49986279 -0.488209903 0.715393841
vn -0.0941989273 -0.608213723 0.78816402
vn -0.229109675 -0.591074288 0.773395061
vn 0.221204862 -0.514192998 0.828657925
vn 0.351492256 -0.490538269 0.797386646
vn 0.586381435 -0.330021352 0.739758551
vn 0.691989124 -0.0255980175 0.721453905
vn 0.693270683 0.0186875723 0.720434964
vn 0.664086819 0.312301695 0.679305673
vn 0.601912677 0.367883056 0.708775759
vn 0.574585199 0.445373386 0.686654627
vn 0.463098645 0.530388057 0.71009028
vn 0.474136114 0.51065886 0.717232585
vn 0.194793388 0.660136402 0.725448489
vn 0.225429729 0.673056901 0.70439744
vn -0.119108483 0.696804345 0.707302511
vn -0.329523563 0.597506821 0.73102659
vn -0.374799848 0.613457382 0.695122302
vn -0.546715498 0.465711594 0.695855618
vn 0.274812192 0.442143828 0.85380739
vn 0.27771309 0.443507195 0.852160037
vn 0.276360989 0.452778816 0.847712159
vn 0.261110157 0.462525308 0.847285032
vn 0.239433974 0.47266829 0.848089635
vn 0.22238338 0.476408988 0.850635111
vn 0.393591583 0.357625276 0.846870601
vn 0.400424093 0.333641052 0.853430808
vn 0.391934603 0.321310937 0.862059414
vn 0.408984691 0.335041165 0.848810315
vn 0.293060988 0.206211016 0.933591068
vn 0.714955688 0.488563061 0.500144482
vn 0.436762452 0.220028996 0.872253299
vn 0.714724004 0.438425153 0.544933856
vn 0.552901685 0.331365496 0.764523804
vn 0.602843225 0.189898193 0.774931431
vn 0.665521145 0.300670147 0.683139145
vn 0.663216352 0.161371931 0.730823576
vn 0.680172622 0.217608795 0.700008333
vn 0.723169029 0.371826887 0.582040727
vn 0.752844095 0.483663827 0.446424782
vn 0.769738078 0.501247942 0.395289421
vn 0.382746965 0.923844218 0.00408643251
vn 0.562628627 0.823971629 0.0672292188
vn 0.377659231 0.925929189 0.00534888962
vn 0.653123558 0.667068958 0.358397573
vn 0.67627573 0.549708843 0.490378767
vn 0.489465088 0.530836642 0.691835582
vn 0.450980514 0.47211504 0.757445693
vn 0.326801538 0.472587734 0.818450689
vn 0.398267597 0.421810746 0.814529717
vn 0.410007775 0.400095344 0.81964463
vn 0.340352595 0.438989013 0.831533968
vn 0.298278719 0.429505825 0.852381706
vn 0.29843992 0.425440371 0.854361832
vn 0.295355767 0.426490843 0.854909658
vn 0.271043599 0.442322284 0.854919016
vn 0.275999576 0.4219293 0.863597095
vn 0.267202705 0.454339415 0.849810779
vn 0.352962732 0.486599982 0.799148083
vn 0.369307786 0.505560696 0.779756427
vn -0.876986444 0.0372700542 -0.479067415
vn -0.741111457 0.195119798 -0.642403364
vn -0.904824495 0.00261995126 -0.42577666
vn -0.723588705 0.207285672 -0.658370733
vn -0.672591448 0.185192063 -0.716466784
vn -0.692484677 0.062633805 -0.718708634
vn -0.702929437 -0.0236274377 -0.710866988
vn -0.67688024 -0.13694115 -0.723242819
vn -0.650311232 -0.244711623 -0.719174206
vn -0.618095338 -0.330485374 -0.713258445
vn -0.554550946 -0.401158839 -0.729071259
vn -0.51329881 -0.482147962 -0.709970176
vn -0.441204667 -0.533815801 -0.721373081
vn -0.515694261 -0.472546011 -0.714674592
vn -0.518043816 -0.478078574 -0.709275365
vn -0.612266183 -0.367126942 -0.700248361
vn -0.612493813 -0.367476761 -0.699865758
vn 0.00162070058 -0.0011557379 0.999998093
vn 0.000547560281 -0.000361850078 0.999999762
vn 0.00223639095 -0.00158738089 0.999996305
vn 0.00022834877 -0.00016237986 1
vn 0.000194727778 -9.17139841E-05 1
vn -0.563097119 -0.186053693 -0.805174291
vn -0.565374434 -0.159320593 -0.809301317
vn -0.564162076 -0.156998649 -0.810600102
vn -0.531112194 -0.265108526 -0.804759204
vn -0.539977372 -0.141694307 -0.829666853
vn -0.566609144 -0.236398026 -0.789347827
vn -0.492281646 -0.239076659 -0.836959481
vn -0.570024073 -0.0862013325 -0.817093492
vn -0.628112972 -0.0276155975 -0.777631998
vn -0.615742445 0.0755208507 -0.784320056
vn -0.664780915 0.11587663 -0.737996519
vn -0.629141927 0.141947359 -0.764219403
vn -0.620976985 0.147870913 -0.76975441
vn -0.621231139 0.147881299 -0.769547284
vn -0.290689409 -0.730455935 -0.618007839
vn -0.29687348 -0.732721806 -0.61236012
vn -0.374512076 -0.680437505 -0.629877269
vn -0.36312744 -0.714532316 -0.597981632
vn -0.401365638 -0.627076924 -0.667592883
vn -0.695418894 -0.00333424355 -0.718596876
vn -0.709682345 0.000391969108 -0.704521596
vn -0.696656704 -0.00301388255 -0.717398286
vn -0.71113807 0.000776630302 -0.703051925
vn -0.0225562211 0.00334092998 0.999739945
vn -0.0124849081 0.0020014015 0.99992013
vn -0.00928500947 0.00153567398 0.999955773
vn 0.036778301 0.00836984813 0.99928844
vn 0.0492826998 0.0110939471 0.998723209
vn 0.0972587019 0.0213091895 0.995030999
vn -0.424929708 -0.367618054 -0.827219248
vn -0.281364232 -0.120815411 -0.951965213
vn -0.719179392 -0.656930447 -0.226325616
vn -0.719794631 -0.495054096 -0.486638665
vn -0.734048724 -0.389641047 -0.556194603
vn 0.773758769 0.515179396 -0.368629277
vn 0.434569687 0.475659043 -0.764786005
vn 0.355159849 0.324449062 -0.876695096
vn 0.352854967 0.484822243 -0.800275445
vn 0.486526489 0.809923291 -0.327591449
vn 0.360826194 0.780524313 -0.51047641
vn 0.395645648 0.918085039 -0.0241744891
vn 0.252023309 0.967544079 -0.0185119752
vn 0.417648882 0.120641492 -0.900563717
vn 0.00990993064 0.0179834887 -0.999789178
vn 0.0103609823 0.00263979053 -0.999942899
vn 0.39821583 -0.228247687 -0.888440847
vn 0.415872931 -0.260843337 -0.871212065
vn 0.711070359 0.0210313331 -0.702806294
vn 0.716945589 0.541959107 -0.438485414
vn 0.432645947 0.43742016 -0.788340747
vn 0.485639334 0.71801132 -0.498612285
vn 0.307473332 0.615847826 -0.725390613
vn 0.242988899 0.698008299 -0.673602879
vn 0.119030602 0.688048065 -0.715836227
vn 0.0525202416 0.723876715 -0.687927365
vn -0.0839069784 0.705336988 -0.703888774
vn -0.119855978 0.705169022 -0.698835552
vn -0.255905986 0.66714263 -0.699594736
vn -0.251403779 0.6609115 -0.707101166
vn -0.590610266 0.465106905 -0.659435391
vn -0.484397888 -0.0258480888 -0.874465883
vn -0.814387858 -0.42272073 -0.397592157
vn -0.932272315 -0.0927584544 -0.34966296
vn -0.750975847 0.660325646 -0.00232158881
vn -0.490847796 -0.0165248029 -0.871088624
vn -0.682428718 0.624937594 -0.379136026
vn -0.295221239 0.316365004 -0.901530683
vn -0.00563222962 0.00686626742 -0.999960542
vn -0.341189951 0.862288415 -0.374229968
vn -0.275992841 0.961151779 0.00390257663
vn -0.124469288 0.426054657 -0.896094143
vn -0 0.0205558743 -0.999788702
vn -0.209329367 0.951292753 -0.226325661
vn -0.105904348 0.551811934 -0.827216983
vn -0.00376178022 0.00285950094 -0.999988914
vn -0.068833068 0.870886147 -0.486640871
vn -0.00785643794 0.999886274 -0.012873021
vn 0.0360534266 0.304078132 -0.951964557
vn 0.0295845903 0.83052665 -0.556192636
vn 0.156586453 0.846802711 -0.508336425
vn 0.109100595 0.270023942 -0.956652582
vn 0.266084254 0.812957942 -0.51797545
vn 0.641489327 -0.467676371 -0.60808742
vn 0.795356393 -0.116876215 -0.594767272
vn 0.560440719 -0.470390439 -0.68164444
vn 0.507038534 -0.142532885 -0.850056648
vn 0.372390449 -0.244237214 -0.895362198
vn 0.468982756 -0.234244376 -0.851577818
vn 0.596993804 -0.460496038 -0.656918406
vn 0.756416559 0.128456369 -0.641352475
vn 0.708431721 0.202422157 -0.676128566
vn 0.751803219 0.218564451 -0.622110605
vn 0.63862884 0.254071712 -0.726361394
vn 0.663143814 0.263590306 -0.700542986
vn 0.686246812 -0.0325842239 -0.726638436
vn 0.59596622 0.391892254 -0.700888574
vn 0.705327392 -0.0589555837 -0.706425786
vn 0.51046586 0.567102969 -0.646389008
vn 0.536504567 -0.4421556 -0.718791485
vn 0.464777321 0.594075918 -0.65654844
vn 0.525469124 -0.452782273 -0.720326543
vn 0.481316119 -0.494961739 -0.723427713
vn 0.584939778 -0.215115324 -0.782029986
vn 0.684382498 -0.0295034945 -0.728526056
vn 0.178531662 0.698318005 -0.693165481
vn 0.310776949 0.637636364 -0.704867065
vn -0.059360493 0.788675487 -0.611937284
vn 0.669927299 0.175951347 -0.721275687
vn 0.675452471 0.176181525 -0.716047525
vn 0.630776644 0.278507531 -0.724261343
vn 0.392270237 0.484347522 -0.782004833
vn 0.267231256 0.629658878 -0.729463637
vn 0.233371556 0.654772937 -0.718895078
vn 0.257736593 0.630980372 -0.731734633
vn 0.572289169 0.41256687 -0.708712637
vn 0.0590726919 0.762134135 -0.644718528
vn 0.0619888231 0.770969868 -0.633847594
vn 0.215420008 0.670662463 -0.709793031
vn 0.160434306 0.710717201 -0.684939325
vn 0.0560203232 0.677522123 -0.733365893
vn -0.0312439501 0.738868654 -0.673124731
vn -0.108212188 0.643489361 -0.757767558
vn -0.206164733 0.693113983 -0.690716386
vn -0.254684925 0.611313939 -0.74928695
vn 0.635449946 0.210193187 -0.74298197
vn 0.704764485 0.0714902952 -0.705830097
vn 0.656758606 -0.0850934312 -0.749284506
vn 0.703338444 -0.168011889 -0.690714836
vn 0.611382067 -0.228029862 -0.757769346
vn 0.655502141 -0.342377782 -0.673122942
vn 0.558740139 -0.387277931 -0.733365715
vn 0.535281122 -0.49429974 -0.684939444
vn 0.473100901 -0.521891713 -0.709791958
vn -0.499759585 0.445220202 -0.742980063
vn -0.414298177 0.574601829 -0.705825508
vn -0.643438518 0.289334029 -0.708711982
vn -0.675313056 -0.0922855809 -0.731734693
vn -0.683735192 -0.125281677 -0.718895555
vn -0.678916454 -0.0834008157 -0.729463339
vn -0.615591943 0.0975416452 -0.782005191
vn -0.556581855 0.407013565 -0.724262774
vn 0.630491614 -0.432225823 -0.644717932
vn 0.636685431 -0.439168692 -0.633847475
vn 0.712691128 -0.342933804 -0.611937702
vn -0.487542063 0.489519328 -0.722961724
vn -0.492613941 0.494572371 -0.716051459
vn -0.408864737 0.554606497 -0.72473532
vn -0.0882574022 0.618787467 -0.780584931
vn 0.0756113157 0.681763828 -0.727654397
vn 0.127311796 0.684310615 -0.717990696
vn 0.0983482897 0.677016914 -0.72936666
vn -0.290035218 0.645040989 -0.70696646
vn -0.401811153 0.547663033 -0.733902574
vn -0.560873508 0.435096473 -0.7043522
vn 0.515495181 -0.503772199 -0.693165481
vn 0.39681837 -0.587957621 -0.704869509
vn 0.282095641 -0.69954741 -0.656548202
vn 0.235892445 -0.725626767 -0.646390438
vn 0.041406367 -0.712065399 -0.700891137
vn -0.103295073 -0.706091821 -0.700545788
vn -0.266959727 -0.719303548 -0.641353965
vn -0.5253914 0.526277781 -0.668577313
vn -0.549293399 0.517790198 -0.655873537
vn -0.47064805 0.60207969 -0.644973159
vn -0.55482614 0.44771421 -0.701227427
vn -0.637374043 0.320172936 -0.700887799
vn -0.746358991 0.158523798 -0.646388769
vn -0.746873736 0.105471618 -0.656548083
vn -0.178916365 -0.714733779 -0.676124632
vn -0.186616868 -0.760366142 -0.622107327
vn -0.0992807969 -0.680106759 -0.726359487
vn -0.371342331 -0.578014553 -0.726638854
vn -0.403718799 -0.581353784 -0.706426799
vn -0.651167393 -0.243547454 -0.718794584
vn -0.654853463 -0.228678316 -0.72032851
vn -0.669306338 -0.169349387 -0.723429143
vn -0.478765696 -0.399014652 -0.782029808
vn -0.367740601 -0.577940106 -0.728527367
vn -0.694028258 -0.194543809 -0.693164766
vn -0.707595646 -0.0496732742 -0.704869449
vn -0.653339088 -0.445740908 -0.611933887
vn -0.182584792 -0.668149829 -0.721275628
vn -0.185147732 -0.673049808 -0.716047585
vn -0.0741944835 -0.685520828 -0.724262655
vn 0.223320916 -0.581888735 -0.782005966
vn 0.411682189 -0.546257377 -0.729465902
vn 0.450366765 -0.529489875 -0.718895078
vn 0.417579204 -0.538694501 -0.731734812
vn 0.0711499751 -0.701900184 -0.708712697
vn -0.689561605 -0.329909176 -0.644720674
vn -0.69867003 -0.331801981 -0.633851469
vn -0.688521683 -0.148771942 -0.709792137
vn -0.695715845 -0.216418996 -0.684939563
vn -0.614762843 -0.290244818 -0.733365238
vn -0.624260187 -0.396491826 -0.673122227
vn -0.50317055 -0.415458977 -0.757768571
vn -0.497171879 -0.525099874 -0.69071734
vn -0.402072102 -0.526218891 -0.749287426
vn -0.13569282 -0.655413806 -0.742980659
vn -0.290471047 -0.646092653 -0.705826342
vn 0.357203424 0.618697107 0.69972831
vn -0 0.714408755 0.699728727
vn -0 0.714409173 0.699728191
vn -0.357206464 0.618697107 0.699726641
vn 0.357202441 0.618697643 0.699728251
vn -0.357206523 0.618697226 0.699726582
vn 0.61869657 0.357204735 0.699728072
vn 0.618697107 0.357203364 0.699728251
vn -0.618697047 0.35720557 0.699727118
vn -0.618696928 0.357205838 0.699727118
vn 0.714410186 0 0.699727178
vn 0.714410484 0 0.69972682
vn 0.618697286 -0.357203841 0.699727833
vn 0.618696809 -0.357203662 0.699728429
vn 0.357203364 -0.618696928 0.699728489
vn 0.357202917 -0.618697107 0.699728608
vn -0.714411438 0 0.699725807
vn -0.71441263 0 0.699724674
vn -0.618698239 -0.357203901 0.699726999
vn -0.61869663 -0.357204586 0.699728072
vn -0.35720405 -0.618696332 0.699728608
vn -0.357203394 -0.61869663 0.699728787
vn -0 -0.714409292 0.699728072
vn -0 -0.714409292 0.699728131
vn 0.50000006 0.866025448 0
vn -0 1 0
vn -0 1 0
vn -0.499999732 0.866025507 0
vn 0.499999911 0.866025448 0
vn -0.499999642 0.866025627 0
vn 0.86602509 0.500000536 0
vn 0.86602509 0.500000536 0
vn 1 0 0
vn 1 0 0
vn 0.866024911 -0.500001013 0
vn 0.866025269 -0.500000298 0
vn 0.499999493 -0.866025805 0
vn 0.500000536 -0.86602515 0
vn -0 -1 0
vn -0 -1 0
vn -0.499999493 -0.866025686 0
vn -0.499999732 -0.866025507 0
vn -0.866024792 -0.500001073 0
vn -0.866025269 -0.500000358 0
vn -1 0 0
vn -1 0 0
vn -0.866025448 0.49999997 0
vn -0.866025269 0.500000238 0
vn -0 0 1
vn -0 0 1
vn -0 0 1
vn -0 0 1
vn -0 0 1
vn -0 0 1
vn -0 0 1
vn -0 0 1
vn -0 0 1
vn -0 0 1
vn -0 0 1
vn -0 0 1
vn -0 0 1
vn -0 0 1
vn -0 0 1
vn -0 0 1
vn -0 0 1
vn -0 0 1
vn -0 0 1
vn -0 0 1
vn -0 0 1
vn 0.680842102 -0.14836058 0.71724695
vn 0.635224104 0.250255853 0.730658829
vn 0.686334193 0.192505792 0.701346517
vn 0.380057633 0.598340988 0.705368102
vn 0.712953925 -0.0772302896 0.696944952
vn 0.248817816 0.641773939 0.725407422
vn 0.702810287 -0.270281971 0.658031404
vn 0.468998373 0.467478812 0.749335766
vn 0.219491988 0.674188137 0.705190539
vn 0.576204717 0.386864156 0.719947398
vn 0.607194543 -0.345859021 0.715329468
vn 0.587362289 -0.419813842 0.691926241
vn 0.502799392 -0.503189087 0.702846825
vn 0.491401643 -0.512295187 0.70432812
vn 0.348223656 -0.616146743 0.706472635
vn 0.325879157 -0.628563225 0.706194758
vn 0.677683234 0.182917044 0.712240636
vn 0.675762594 0.183888853 0.713813603
vn 0.702529848 0.0550447218 0.709522307
vn 0.152106196 -0.70334512 0.694384158
vn 0.158530608 -0.70491612 0.69134748
vn -0.183324486 -0.683925986 0.706142485
vn -0.244834915 -0.631790757 0.735456586
vn -0.595775545 -0.380713016 0.707184017
vn -0.639395654 -0.261339992 0.723100722
vn 0.63481456 -0.179858834 0.751439452
vn 0.58965224 -0.384159833 0.710444629
vn 0.546024203 -0.423064202 0.723100364
vn 0.627595544 -0.325600892 0.707183182
vn 0.669562995 0.103861503 0.735457718
vn 0.68825084 0.186625943 0.701057374
vn 0.574328184 0.470170289 0.670139551
vn 0.476624817 0.518184781 0.710150182
vn 0.422513664 0.630479455 0.651135802
vn 0.289826393 0.656433523 0.696488142
vn 0.268461496 0.655441225 0.70592159
vn 0.104511894 0.699720979 0.706730425
vn 0.0756422058 0.702586591 0.7075665
vn -0.0844195038 0.698717237 0.710399568
vn -0.123293661 0.696587622 0.706798673
vn -0.257766306 0.66293627 0.702902496
vn -0.256330699 0.65901202 0.7071051
vn -0.536753595 0.417878062 0.73298943
vn -0.514814019 0.493371487 0.701107085
vn -0.708207309 0.0299704447 0.705368161
vn -0.680202365 -0.105404831 0.725406587
vn -0.639348447 0.172427058 0.749334693
vn -0.693612218 -0.147006243 0.705188751
vn -0.623136938 0.30557543 0.719947278
vn -0.497252434 0.495431423 0.712241292
vn -0.497134089 0.49328047 0.713815153
vn -0.398934573 0.580886543 0.709522426
vn -0.161643714 0.639696121 0.751438737
vn 0.0378648266 0.702732444 0.71044594
vn 0.0933705047 0.684403181 0.723100424
vn -0.0318188705 0.706314266 0.707183003
vn -0.424730599 0.527929604 0.735455155
vn -0.500635982 0.500728548 0.706140578
vn -0.685167193 0.219945475 0.694384575
vn -0.689739704 0.215166822 0.691348255
vn -0.707290947 0.0320621915 0.706195116
vn -0.707710266 0.00650350377 0.706472874
vn -0.689361274 -0.169418082 0.704328358
vn -0.687174082 -0.183841541 0.702847123
vn -0.603119195 -0.352916151 0.715330243
vn -0.657250702 -0.29876247 0.691926658
vn -0.585473895 -0.473510683 0.658033371
vn -0.468904883 -0.515446842 0.717246652
vn -0.423360556 -0.578824162 0.69694221
vn -0.100883298 -0.675247908 0.730659246
vn -0.176452354 -0.690636158 0.70134598
vn 0.328150272 -0.628311634 0.705366373
vn 0.431384206 -0.536370695 0.72540617
vn 0.170348927 -0.63990593 0.749334157
vn 0.474117339 -0.527182639 0.705188811
vn 0.0469324887 -0.692439795 0.719947636
vn -0.180429518 -0.678348899 0.712241411
vn -0.178626314 -0.677170515 0.71381551
vn -0.303592682 -0.635932684 0.709521651
vn -0.473169535 -0.459837168 0.751438797
vn -0.627514541 -0.318575501 0.710447252
vn -0.0164430812 -0.999864817 0
vn -0.601009965 -0.799241602 0
vn -0.60100913 -0.799242198 0
vn -0.95600909 -0.293336898 0
vn -0.0164431278 -0.999864817 0
vn -0.95600909 -0.293337137 0
vn 0.574401557 -0.818573654 0
vn -0.945845902 0.324615777 0
vn 0.574401081 -0.818574011 0
vn -0.94584614 0.3246153 0
vn 0.945846438 -0.324614584 0
vn -0.574402213 0.818573177 0
vn 0.945846438 -0.324614584 0
vn -0.574402928 0.8185727 0
vn 0.956009746 0.293334961 0
vn 0.0164420716 0.999864817 0
vn 0.956009567 0.293335527 0
vn 0.0164423063 0.999864817 0
vn 0.601008475 0.799242675 0
vn 0.6010077 0.799243212 0
vn 0.357205063 -0.61869663 0.699727774
vn 0.618694842 -0.35720256 0.699730694
vn 0.618696213 -0.357202888 0.699729264
vn 0.71441108 0 0.699726164
vn 0.357205272 -0.61869657 0.699727833
vn 0.714410245 0 0.699727058
vn -0 -0.714406431 0.699730933
vn 0.61869663 0.357203811 0.699728489
vn -0 -0.714406252 0.699731231
vn 0.618695676 0.357204407 0.699729025
vn -0.357201159 -0.618696511 0.699729919
vn -0.35720259 -0.61869657 0.699729145
vn -0.618694186 -0.357204556 0.699730277
vn -0.618696213 -0.357204109 0.699728727
vn 0.357206404 0.618695319 0.69972831
vn 0.357207239 0.618695736 0.699727535
vn -0 0.71440655 0.699730873
vn -0 0.714406073 0.69973135
vn -0.357203215 0.618695557 0.699729621
vn -0.357203037 0.61869514 0.699730098
vn -0.714408755 0 0.699728727
vn -0.714410543 0 0.69972676
vn -0.618693948 0.35720402 0.699730754
vn -0.61869216 0.357203543 0.699732482
vn -0.866025269 -0.500000417 0
vn -0.499998808 -0.866026044 0
vn -0.499999046 -0.866025984 0
vn -0 -1 0
vn -0.866025269 -0.500000238 0
vn -0 -1 0
vn -1 0 0
vn 0.499999642 -0.866025627 0
vn -1 0 0
vn 0.499999493 -0.866025686 0
vn -0.866025865 0.499999136 0
vn -0.866025865 0.499999166 0
vn -0.500000596 0.86602509 0
vn -0.500000417 0.86602515 0
vn -0 1 0
vn -0 1 0
vn 0.499999523 0.866025686 0
vn 0.499999613 0.866025627 0
vn 0.866025269 0.500000298 0
vn 0.86602509 0.500000536 0
vn 0.866025269 -0.500000238 0
vn 0.866025329 -0.50000006 0
vn 1 0 0
vn 1 0 0
vn -0 0 1
vn -0 0 1
vn -0 0 1
vn -0 0 1
vn -0 0 1
vn -0 0 1
vn -0 0 1
vn -0 0 1
vn -0 0 1
vn -0 0 1
vn -0 0 1
vn -0 0 1
vn -0 0 1
vn -0 0 1
vn -0 0 1
vn -0 0 1
vn -0 0 1
vn -0 0 1
vn -0 0 1
vn -0 0 1
vn -0 0 1
vn -0.857685864 0.514173925 0
vn -0.391659468 0.920110226 0
vn -0.391659588 0.920110226 0
vn 0.22396715 0.974596679 0
vn -0.857686043 0.514173806 0
vn 0.223966926 0.974596798 0
vn -0.996106207 -0.0881607831 0
vn 0.754046977 0.656820476 0
vn -0.996106327 -0.0881601498 0
vn 0.754047751 0.656819522 0
vn -0.754048645 -0.656818569 0
vn 0.996106207 0.088160947 0
vn -0.754048705 -0.656818509 0
vn 0.996106327 0.0881594643 0
vn -0.223968551 -0.974596322 0
vn 0.857686222 -0.514173388 0
vn -0.223968044 -0.974596441 0
vn 0.857686043 -0.514173746 0
vn 0.39166081 -0.920109689 0
vn 0.391660541 -0.920109808 0
vn 0.272168636 -0.639397383 -0.719093382
vn 0.272168607 -0.639396608 -0.719094098
vn 0.59602648 -0.357309461 -0.719084442
vn -0.155636609 -0.677263498 -0.719090641
vn 0.596028745 -0.357308984 -0.719082773
vn -0.155636698 -0.67726326 -0.719090879
vn 0.692212641 0.0612609498 -0.719088852
vn -0.523999929 -0.45643115 -0.719092906
vn 0.692210495 0.0612624101 -0.71909076
vn -0.524001718 -0.456429422 -0.719092727
vn 0.523994029 0.456432164 -0.719096601
vn 0.52399087 0.456434458 -0.719097435
vn 0.155637339 0.677259207 -0.719094515
vn 0.155636653 0.677260041 -0.719093919
vn -0.692216277 -0.0612641573 -0.719085038
vn -0.692217767 -0.0612659752 -0.719083428
vn -0.596021593 0.357300997 -0.719092607
vn -0.596018076 0.357303292 -0.719094396
vn -0.272162527 0.639398873 -0.719094276
vn -0.272161245 0.639399409 -0.719094276
vn -0.499999434 -0.866025805 0
vn -0.499999046 -0.866025984 0
vn -0.86602515 -0.500000477 0
vn -0 -1 0
vn -0.866025448 -0.499999911 0
vn -0 -1 0
vn -1 0 0
vn 0.49999997 -0.866025448 0
vn -1 0 0
vn 0.500000358 -0.866025269 0
vn -0.866025448 0.50000006 0
vn 0.866025329 -0.50000006 0
vn -0.866025686 0.499999583 0
vn 0.866025686 -0.499999523 0
vn -0.500000298 0.866025269 0
vn 1 0 0
vn -0.500000417 0.86602515 0
vn 1 0 0
vn -0 1 0
vn 0.866025865 0.499999166 0
vn -0 1 0
vn 0.866025269 0.500000179 0
vn 0.499999285 0.866025805 0
vn 0.500000298 0.866025269 0
vn -0.357205659 -0.618697941 0.699726284
vn -0.357205629 -0.618698359 0.699725986
vn -0.618697464 -0.357205153 0.699727118
vn -0 -0.714410484 0.69972682
vn -0.618696928 -0.357205063 0.699727595
vn -0 -0.714410007 0.699727297
vn 0.357205927 -0.618697166 0.699726939
vn 0.357206196 -0.618697166 0.69972676
vn -0.714410186 0 0.699727237
vn -0.714410484 0 0.69972682
vn 0.618698001 -0.357204854 0.699726701
vn 0.618698001 -0.357204914 0.699726701
vn 0.714411378 0 0.699725807
vn 0.714410305 0 0.699726999
vn -0.618697107 0.357204765 0.699727595
vn -0.618697822 0.357203871 0.699727237
vn 0.618695915 0.357204914 0.699728549
vn 0.61869508 0.357204676 0.699729264
vn 0.357203335 0.618698657 0.69972688
vn 0.357203364 0.618698597 0.69972688
vn -0.357203573 0.618698239 0.699727178
vn -0.357201993 0.618699133 0.699727118
vn -0 0.714410126 0.699727237
vn -0 0.714409351 0.699728072
vn -0.508708537 0.473420113 -0.719088972
vn -0.133288443 0.682009697 -0.719094574
vn -0.133288711 0.682010174 -0.719094038
vn 0.293054402 0.63010174 -0.719090402
vn -0.508707106 0.473421276 -0.71908927
vn 0.293052912 0.630102396 -0.719090402
vn -0.689819515 0.0839909613 -0.719092846
vn -0.689818442 0.0839910284 -0.719093859
vn 0.607444406 0.337516606 -0.719092369
vn 0.60744369 0.337517053 -0.719092667
vn -0.60744977 -0.337514162 -0.719088972
vn -0.607449472 -0.337514907 -0.719088852
vn -0.293053031 -0.630102336 -0.719090402
vn -0.293053567 -0.630102873 -0.719089568
vn 0.133279651 -0.68201226 -0.71909374
vn 0.133281082 -0.682012439 -0.719093323
vn 0.689814806 -0.0839926973 -0.719097257
vn 0.689812303 -0.0839929357 -0.719099641
vn 0.508717358 -0.473417282 -0.71908468
vn 0.508719802 -0.473416895 -0.71908313
vn 0.191798478 -0.981434345 0
vn -0.421705931 -0.906732619 0
vn -0.421705812 -0.906732738 0
vn -0.874129951 -0.485692114 0
vn 0.191799015 -0.981434226 0
vn -0.874129772 -0.485692382 0
vn -0.992668509 0.120868288 0
vn -0.992668629 0.12086767 0
vn -0.732040167 0.68126148 0
vn -0.732041001 0.681260526 0
vn -0.191797614 0.981434464 0
vn -0.191797972 0.981434345 0
vn 0.732042372 -0.681259155 0
vn 0.732042134 -0.681259334 0
vn 0.421702504 0.906734288 0
vn 0.421702206 0.906734288 0
vn 0.992668629 -0.120867424 0
vn 0.992668629 -0.120867707 0
vn 0.874129832 0.485692352 0
vn 0.874129832 0.485692352 0
vn -0.417653888 -0.555402219 -0.71909225
vn -0.417654812 -0.555401921 -0.719091892
vn -0.0114272181 -0.694818139 -0.719094634
vn -0.664349914 -0.20384559 -0.719087005
vn -0.0114250649 -0.694818079 -0.719094753
vn -0.664348066 -0.203845918 -0.719088674
vn 0.399164945 -0.568836987 -0.719090998
vn -0.657279313 0.225576729 -0.719096005
vn 0.399165332 -0.56883657 -0.719091058
vn -0.657276213 0.225579113 -0.719098091
vn 0.657273591 -0.225578368 -0.719100773
vn 0.657273769 -0.225579605 -0.719100118
vn 0.664343715 0.203842863 -0.719093561
vn 0.664344907 0.203843862 -0.719092131
vn 0.417649627 0.555404067 -0.719093204
vn 0.417648971 0.555404902 -0.719092906
vn 0.0114246653 0.694822848 -0.719090223
vn 0.01142326 0.694822907 -0.719090164
vn -0.399155051 0.568839967 -0.719094157
vn -0.399152368 0.568840981 -0.719094753
vn -0 0 1
vn -0 0 1
vn -0 0 1
vn -0 0 1
vn -0 0 1
vn -0 0 1
vn -0 0 1
vn -0 0 1
vn -0 0 1
vn -0 0 1
vn -0 0 1
vn -0 0 1
vn -0 0 1
vn -0 0 1
vn -0 0 1
vn -0 0 1
vn -0 0 1
vn -0 0 1
vn -0 0 1
vn -0 0 1
vn -0 0 1
g Head_metal_0
f 3/3/3 2/2/2 1/1/1
f 4/4/4 1/1/1 2/2/2
f 5/5/5 1/1/1 4/4/4
f 6/6/6 5/5/5 4/4/4
f 7/7/7 1/1/1 5/5/5
f 8/8/8 7/7/7 5/5/5
f 9/9/9 1/1/1 7/7/7
f 12/12/12 11/11/11 10/10/10
f 11/11/11 13/13/13 10/10/10
f 14/14/14 13/13/13 11/11/11
f 10/10/10 13/13/13 15/15/15
f 16/16/16 10/10/10 15/15/15
f 15/15/15 13/13/13 17/17/17
f 18/18/18 17/17/17 13/13/13
f 21/21/21 20/20/20 19/19/19
f 20/20/20 22/22/22 19/19/19
f 23/23/23 22/22/22 20/20/20
f 19/19/19 22/22/22 24/24/24
f 25/25/25 19/19/19 24/24/24
f 24/24/24 22/22/22 26/26/26
f 27/27/27 26/26/26 22/22/22
f 30/30/30 29/29/29 28/28/28
f 28/28/28 31/31/31 30/30/30
f 32/32/32 29/29/29 30/30/30
f 33/33/33 30/30/30 31/31/31
f 34/34/34 32/32/32 30/30/30
f 30/30/30 33/33/33 35/35/35
f 30/30/30 36/36/36 34/34/34
f 37/37/37 30/30/30 35/35/35
f 30/30/30 38/38/38 36/36/36
f 38/38/38 30/30/30 37/37/37
f 41/41/41 40/40/40 39/39/39
f 39/39/39 42/42/42 41/41/41
f 43/43/43 40/40/40 41/41/41
f 44/44/44 41/41/41 42/42/42
f 45/45/45 43/43/43 41/41/41
f 41/41/41 44/44/44 46/46/46
f 41/41/41 47/47/47 45/45/45
f 48/48/48 41/41/41 46/46/46
f 41/41/41 49/49/49 47/47/47
f 49/49/49 41/41/41 48/48/48
f 52/52/52 51/51/51 50/50/50
f 53/53/53 50/50/50 51/51/51
f 50/50/50 54/54/54 52/52/52
f 50/50/50 53/53/53 55/55/55
f 56/56/56 54/54/54 50/50/50
f 57/57/57 50/50/50 55/55/55
f 58/58/58 56/56/56 50/50/50
f 59/59/59 50/50/50 57/57/57
f 50/50/50 60/60/60 58/58/58
f 50/50/50 59/59/59 60/60/60
g Head_metal_1
f 63/63/63 62/62/62 61/61/61
f 64/64/64 62/62/62 63/63/63
f 64/64/64 65/65/65 62/62/62
f 62/62/62 65/65/65 66/66/66
f 66/66/66 65/65/65 67/67/67
f 65/65/65 68/68/68 67/67/67
f 69/69/69 68/68/68 65/65/65
f 64/64/64 69/69/69 65/65/65
f 69/69/69 70/70/70 68/68/68
f 71/71/71 68/68/68 70/70/70
f 64/64/64 72/72/72 69/69/69
f 64/64/64 73/73/73 72/72/72
f 64/64/64 63/63/63 73/73/73
f 73/73/73 74/74/74 72/72/72
f 73/73/73 63/63/63 74/74/74
f 74/74/74 63/63/63 75/75/75
f 74/74/74 75/75/75 76/76/76
f 77/77/77 74/74/74 76/76/76
f 78/78/78 77/77/77 76/76/76
f 79/79/79 77/77/77 78/78/78
f 78/78/78 76/76/76 80/80/80
f 78/78/78 80/80/80 81/81/81
f 84/84/84 83/83/83 82/82/82
f 83/83/83 85/85/85 82/82/82
f 85/85/85 83/83/83 86/86/86
f 85/85/85 87/87/87 82/82/82
f 85/85/85 86/86/86 88/88/88
f 82/82/82 87/87/87 89/89/89
f 86/86/86 90/90/90 88/88/88
f 88/88/88 90/90/90 91/91/91
f 90/90/90 92/92/92 91/91/91
f 93/93/93 92/92/92 90/90/90
f 93/93/93 94/94/94 92/92/92
f 95/95/95 89/89/89 87/87/87
f 95/95/95 96/96/96 89/89/89
f 95/95/95 97/97/97 96/96/96
f 98/98/98 97/97/97 95/95/95
f 98/98/98 99/99/99 97/97/97
f 100/100/100 99/99/99 98/98/98
f 99/99/99 100/100/100 101/101/101
f 93/93/93 102/102/102 94/94/94
f 102/102/102 103/103/103 94/94/94
f 104/104/104 103/103/103 102/102/102
f 105/105/105 104/104/104 102/102/102
f 105/105/105 106/106/106 104/104/104
f 107/107/107 106/106/106 105/105/105
f 107/107/107 108/108/108 106/106/106
f 107/107/107 109/109/109 108/108/108
f 110/110/110 109/109/109 107/107/107
f 109/109/109 110/110/110 111/111/111
f 112/112/112 109/109/109 111/111/111
f 112/112/112 111/111/111 113/113/113
f 113/113/113 114/114/114 112/112/112
f 117/117/117 116/116/116 115/115/115
f 117/117/117 118/118/118 116/116/116
f 118/118/118 117/117/117 119/119/119
f 118/118/118 119/119/119 120/120/120
f 123/123/123 122/122/122 121/121/121
f 123/123/123 124/124/124 122/122/122
f 124/124/124 125/125/125 122/122/122
f 125/125/125 124/124/124 126/126/126
f 127/127/127 126/126/126 124/124/124
f 126/126/126 127/127/127 128/128/128
f 126/126/126 128/128/128 129/129/129
f 130/130/130 129/129/129 128/128/128
f 131/131/131 129/129/129 130/130/130
f 132/132/132 131/131/131 130/130/130
f 132/132/132 133/133/133 131/131/131
f 134/134/134 133/133/133 132/132/132
f 134/134/134 132/132/132 135/135/135
f 134/134/134 135/135/135 136/136/136
f 136/136/136 135/135/135 137/137/137
f 136/136/136 137/137/137 138/138/138
f 137/137/137 139/139/139 138/138/138
f 140/140/140 139/139/139 137/137/137
f 140/140/140 141/141/141 139/139/139
f 142/142/142 141/141/141 140/140/140
f 141/141/141 142/142/142 143/143/143
f 144/144/144 141/141/141 143/143/143
f 145/145/145 144/144/144 143/143/143
f 144/144/144 145/145/145 146/146/146
f 147/147/147 144/144/144 146/146/146
f 148/148/148 147/147/147 146/146/146
f 149/149/149 148/148/148 146/146/146
f 149/149/149 150/150/150 148/148/148
f 151/151/151 150/150/150 149/149/149
f 152/152/152 151/151/151 149/149/149
f 153/153/153 151/151/151 152/152/152
f 154/154/154 153/153/153 152/152/152
f 155/155/155 153/153/153 154/154/154
f 155/155/155 156/156/156 153/153/153
f 157/157/157 156/156/156 155/155/155
f 157/157/157 158/158/158 156/156/156
f 159/159/159 158/158/158 157/157/157
f 159/159/159 160/160/160 158/158/158
f 161/161/161 160/160/160 159/159/159
f 161/161/161 162/162/162 160/160/160
f 134/134/134 164/164/164 163/163/163
f 165/165/165 164/164/164 134/134/134
f 136/136/136 165/165/165 134/134/134
f 165/165/165 166/166/166 164/164/164
f 164/164/164 166/166/166 167/167/167
f 167/167/167 166/166/166 168/168/168
f 167/167/167 168/168/168 169/169/169
f 168/168/168 170/170/170 169/169/169
f 169/169/169 170/170/170 171/171/171
f 170/170/170 172/172/172 171/171/171
f 171/171/171 172/172/172 173/173/173
f 173/173/173 172/172/172 174/174/174
f 172/172/172 175/175/175 174/174/174
f 174/174/174 175/175/175 176/176/176
f 175/175/175 177/177/177 176/176/176
f 176/176/176 177/177/177 178/178/178
f 177/177/177 179/179/179 178/178/178
f 178/178/178 179/179/179 180/180/180
f 179/179/179 181/181/181 180/180/180
f 180/180/180 181/181/181 182/182/182
f 180/180/180 182/182/182 183/183/183
f 183/183/183 182/182/182 184/184/184
f 183/183/183 184/184/184 185/185/185
f 184/184/184 186/186/186 185/185/185
f 189/189/189 188/188/188 187/187/187
f 190/190/190 189/189/189 187/187/187
f 190/190/190 191/191/191 189/189/189
f 191/191/191 192/192/192 189/189/189
f 189/189/189 192/192/192 193/193/193
f 194/194/194 191/191/191 190/190/190
f 195/195/195 194/194/194 190/190/190
f 195/195/195 190/190/190 187/187/187
f 196/196/196 194/194/194 195/195/195
f 197/197/197 196/196/196 195/195/195
f 198/198/198 197/197/197 195/195/195
f 198/198/198 195/195/195 187/187/187
f 199/199/199 198/198/198 187/187/187
f 200/200/200 199/199/199 187/187/187
f 203/203/203 202/202/202 201/201/201
f 204/204/204 203/203/203 201/201/201
f 205/205/205 203/203/203 204/204/204
f 206/206/206 203/203/203 205/205/205
f 207/207/207 206/206/206 205/205/205
f 208/208/208 206/206/206 207/207/207
f 208/208/208 209/209/209 206/206/206
f 208/208/208 210/210/210 209/209/209
f 211/211/211 210/210/210 208/208/208
f 212/212/212 210/210/210 211/211/211
f 213/213/213 212/212/212 211/211/211
f 214/214/214 212/212/212 213/213/213
f 215/215/215 212/212/212 214/214/214
f 214/214/214 216/216/216 215/215/215
f 216/216/216 217/217/217 215/215/215
f 218/218/218 216/216/216 214/214/214
f 218/218/218 219/219/219 216/216/216
f 218/218/218 220/220/220 219/219/219
f 220/220/220 221/221/221 219/219/219
f 222/222/222 221/221/221 220/220/220
f 220/220/220 223/223/223 222/222/222
f 224/224/224 223/223/223 220/220/220
f 220/220/220 225/225/225 224/224/224
f 226/226/226 224/224/224 225/225/225
f 227/227/227 224/224/224 226/226/226
f 227/227/227 228/228/228 224/224/224
f 229/229/229 224/224/224 228/228/228
f 230/230/230 224/224/224 229/229/229
f 231/231/231 230/230/230 229/229/229
f 224/224/224 230/230/230 232/232/232
f 224/224/224 232/232/232 233/233/233
f 230/230/230 231/231/231 234/234/234
f 230/230/230 235/235/235 232/232/232
f 234/234/234 235/235/235 230/230/230
f 234/234/234 236/236/236 235/235/235
f 231/231/231 237/237/237 234/234/234
f 237/237/237 236/236/236 234/234/234
f 237/237/237 231/231/231 238/238/238
f 233/233/233 232/232/232 239/239/239
f 232/232/232 235/235/235 239/239/239
f 237/237/237 238/238/238 240/240/240
f 241/241/241 240/240/240 238/238/238
f 242/242/242 233/233/233 239/239/239
f 243/243/243 233/233/233 242/242/242
f 235/235/235 244/244/244 239/239/239
f 244/244/244 242/242/242 239/239/239
f 244/244/244 235/235/235 236/236/236
f 242/242/242 244/244/244 245/245/245
f 245/245/245 244/244/244 246/246/246
f 244/244/244 236/236/236 246/246/246
f 247/247/247 245/245/245 246/246/246
f 248/248/248 247/247/247 246/246/246
f 247/247/247 248/248/248 249/249/249
f 237/237/237 240/240/240 250/250/250
f 250/250/250 236/236/236 237/237/237
f 251/251/251 236/236/236 250/250/250
f 251/251/251 250/250/250 240/240/240
f 246/246/246 236/236/236 252/252/252
f 252/252/252 236/236/236 251/251/251
f 246/246/246 252/252/252 253/253/253
f 252/252/252 251/251/251 253/253/253
f 253/253/253 248/248/248 246/246/246
f 251/251/251 240/240/240 254/254/254
f 251/251/251 254/254/254 253/253/253
f 249/249/249 248/248/248 255/255/255
f 256/256/256 249/249/249 255/255/255
f 256/256/256 255/255/255 257/257/257
f 256/256/256 257/257/257 258/258/258
f 254/254/254 240/240/240 259/259/259
f 240/240/240 241/241/241 259/259/259
f 253/253/253 254/254/254 260/260/260
f 253/253/253 260/260/260 248/248/248
f 248/248/248 260/260/260 261/261/261
f 248/248/248 262/262/262 255/255/255
f 262/262/262 257/257/257 255/255/255
f 248/248/248 261/261/261 262/262/262
f 260/260/260 254/254/254 263/263/263
f 263/263/263 254/254/254 259/259/259
f 260/260/260 263/263/263 261/261/261
f 241/241/241 264/264/264 259/259/259
f 264/264/264 263/263/263 259/259/259
f 261/261/261 263/263/263 264/264/264
f 241/241/241 265/265/265 264/264/264
f 266/266/266 264/264/264 265/265/265
f 261/261/261 264/264/264 266/266/266
f 266/266/266 267/267/267 261/261/261
f 261/261/261 268/268/268 262/262/262
f 262/262/262 268/268/268 257/257/257
f 267/267/267 268/268/268 261/261/261
f 269/269/269 268/268/268 267/267/267
f 270/270/270 268/268/268 269/269/269
f 269/269/269 267/267/267 271/271/271
f 270/270/270 269/269/269 271/271/271
f 267/267/267 272/272/272 271/271/271
f 272/272/272 273/273/273 271/271/271
f 268/268/268 274/274/274 257/257/257
f 270/270/270 274/274/274 268/268/268
f 257/257/257 274/274/274 275/275/275
f 275/275/275 274/274/274 276/276/276
f 270/270/270 276/276/276 274/274/274
f 257/257/257 275/275/275 277/277/277
f 275/275/275 276/276/276 277/277/277
f 258/258/258 257/257/257 277/277/277
f 278/278/278 258/258/258 277/277/277
f 277/277/277 279/279/279 278/278/278
f 276/276/276 279/279/279 277/277/277
f 279/279/279 280/280/280 278/278/278
f 281/281/281 280/280/280 279/279/279
f 281/281/281 279/279/279 282/282/282
f 281/281/281 282/282/282 283/283/283
f 276/276/276 284/284/284 279/279/279
f 270/270/270 284/284/284 276/276/276
f 279/279/279 284/284/284 282/282/282
f 285/285/285 284/284/284 270/270/270
f 285/285/285 282/282/282 284/284/284
f 282/282/282 286/286/286 283/283/283
f 283/283/283 286/286/286 287/287/287
f 286/286/286 288/288/288 287/287/287
f 287/287/287 288/288/288 289/289/289
f 286/286/286 282/282/282 290/290/290
f 286/286/286 290/290/290 288/288/288
f 288/288/288 291/291/291 289/289/289
f 289/289/289 291/291/291 292/292/292
f 285/285/285 270/270/270 293/293/293
f 293/293/293 294/294/294 285/285/285
f 294/294/294 295/295/295 285/285/285
f 295/295/295 282/282/282 285/285/285
f 295/295/295 290/290/290 282/282/282
f 293/293/293 270/270/270 271/271/271
f 288/288/288 290/290/290 296/296/296
f 288/288/288 296/296/296 291/291/291
f 297/297/297 290/290/290 295/295/295
f 297/297/297 296/296/296 290/290/290
f 298/298/298 293/293/293 271/271/271
f 273/273/273 298/298/298 271/271/271
f 297/297/297 295/295/295 299/299/299
f 295/295/295 294/294/294 299/299/299
f 298/298/298 300/300/300 293/293/293
f 293/293/293 300/300/300 294/294/294
f 301/301/301 298/298/298 273/273/273
f 298/298/298 301/301/301 300/300/300
f 301/301/301 273/273/273 302/302/302
f 300/300/300 301/301/301 303/303/303
f 294/294/294 300/300/300 303/303/303
f 273/273/273 304/304/304 302/302/302
f 304/304/304 305/305/305 302/302/302
f 304/304/304 306/306/306 305/305/305
f 304/304/304 307/307/307 306/306/306
f 307/307/307 308/308/308 306/306/306
f 309/309/309 294/294/294 303/303/303
f 307/307/307 310/310/310 308/308/308
f 308/308/308 310/310/310 311/311/311
f 311/311/311 310/310/310 312/312/312
f 310/310/310 313/313/313 312/312/312
f 312/312/312 313/313/313 314/314/314
f 315/315/315 294/294/294 309/309/309
f 316/316/316 294/294/294 315/315/315
f 316/316/316 315/315/315 317/317/317
f 294/294/294 316/316/316 299/299/299
f 318/318/318 316/316/316 317/317/317
f 319/319/319 316/316/316 318/318/318
f 318/318/318 317/317/317 320/320/320
f 318/318/318 320/320/320 321/321/321
f 299/299/299 316/316/316 322/322/322
f 319/319/319 322/322/322 316/316/316
f 321/321/321 323/323/323 318/318/318
f 318/318/318 324/324/324 319/319/319
f 323/323/323 324/324/324 318/318/318
f 321/321/321 325/325/325 323/323/323
f 321/321/321 326/326/326 325/325/325
f 323/323/323 327/327/327 324/324/324
f 327/327/327 319/319/319 324/324/324
f 325/325/325 328/328/328 323/323/323
f 323/323/323 328/328/328 327/327/327
f 329/329/329 327/327/327 328/328/328
f 325/325/325 330/330/330 328/328/328
f 326/326/326 331/331/331 325/325/325
f 325/325/325 331/331/331 330/330/330
f 329/329/329 328/328/328 332/332/332
f 332/332/332 328/328/328 330/330/330
f 333/333/333 330/330/330 331/331/331
f 333/333/333 331/331/331 334/334/334
f 331/331/331 326/326/326 334/334/334
f 335/335/335 330/330/330 333/333/333
f 335/335/335 332/332/332 330/330/330
f 334/334/334 326/326/326 336/336/336
f 326/326/326 337/337/337 336/336/336
f 334/334/334 336/336/336 338/338/338
f 336/336/336 339/339/339 338/338/338
f 340/340/340 339/339/339 336/336/336
f 341/341/341 339/339/339 340/340/340
f 341/341/341 342/342/342 339/339/339
f 343/343/343 332/332/332 335/335/335
f 344/344/344 343/343/343 335/335/335
f 329/329/329 332/332/332 343/343/343
f 345/345/345 329/329/329 343/343/343
f 345/345/345 346/346/346 329/329/329
f 346/346/346 345/345/345 347/347/347
f 347/347/347 345/345/345 348/348/348
f 346/346/346 349/349/349 329/329/329
f 347/347/347 350/350/350 346/346/346
f 350/350/350 349/349/349 346/346/346
f 349/349/349 351/351/351 329/329/329
f 329/329/329 351/351/351 327/327/327
f 351/351/351 352/352/352 327/327/327
f 349/349/349 352/352/352 351/351/351
f 319/319/319 327/327/327 352/352/352
f 352/352/352 349/349/349 353/353/353
f 319/319/319 352/352/352 353/353/353
f 353/353/353 349/349/349 350/350/350
f 319/319/319 353/353/353 354/354/354
f 354/354/354 322/322/322 319/319/319
f 353/353/353 350/350/350 355/355/355
f 353/353/353 355/355/355 354/354/354
f 350/350/350 356/356/356 355/355/355
f 356/356/356 354/354/354 355/355/355
f 357/357/357 350/350/350 347/347/347
f 356/356/356 350/350/350 357/357/357
f 358/358/358 322/322/322 354/354/354
f 356/356/356 358/358/358 354/354/354
f 357/357/357 347/347/347 359/359/359
f 359/359/359 347/347/347 348/348/348
f 360/360/360 359/359/359 348/348/348
f 360/360/360 348/348/348 361/361/361
f 362/362/362 357/357/357 359/359/359
f 360/360/360 362/362/362 359/359/359
f 363/363/363 360/360/360 361/361/361
f 363/363/363 361/361/361 364/364/364
f 363/363/363 365/365/365 360/360/360
f 360/360/360 365/365/365 362/362/362
f 361/361/361 366/366/366 364/364/364
f 365/365/365 367/367/367 362/362/362
f 362/362/362 367/367/367 357/357/357
f 364/364/364 366/366/366 368/368/368
f 369/369/369 357/357/357 367/367/367
f 369/369/369 356/356/356 357/357/357
f 369/369/369 367/367/367 370/370/370
f 369/369/369 370/370/370 371/371/371
f 368/368/368 366/366/366 372/372/372
f 368/368/368 372/372/372 373/373/373
f 366/366/366 374/374/374 372/372/372
f 369/369/369 375/375/375 356/356/356
f 369/369/369 371/371/371 375/375/375
f 356/356/356 375/375/375 358/358/358
f 371/371/371 376/376/376 375/375/375
f 373/373/373 372/372/372 377/377/377
f 373/373/373 377/377/377 378/378/378
f 378/378/378 377/377/377 379/379/379
f 379/379/379 380/380/380 378/378/378
f 380/380/380 381/381/381 378/378/378
f 381/381/381 380/380/380 382/382/382
f 382/382/382 383/383/383 381/381/381
f 384/384/384 383/383/383 382/382/382
f 384/384/384 385/385/385 383/383/383
f 358/358/358 375/375/375 386/386/386
f 386/386/386 322/322/322 358/358/358
f 387/387/387 386/386/386 375/375/375
f 387/387/387 375/375/375 376/376/376
f 387/387/387 376/376/376 388/388/388
f 389/389/389 387/387/387 388/388/388
f 389/389/389 390/390/390 387/387/387
f 387/387/387 390/390/390 391/391/391
f 387/387/387 391/391/391 386/386/386
f 390/390/390 392/392/392 391/391/391
f 386/386/386 393/393/393 322/322/322
f 393/393/393 299/299/299 322/322/322
f 393/393/393 386/386/386 394/394/394
f 386/386/386 391/391/391 394/394/394
f 299/299/299 393/393/393 395/395/395
f 395/395/395 393/393/393 394/394/394
f 297/297/297 299/299/299 395/395/395
f 395/395/395 296/296/296 297/297/297
f 396/396/396 395/395/395 394/394/394
f 395/395/395 396/396/396 296/296/296
f 394/394/394 391/391/391 397/397/397
f 396/396/396 394/394/394 397/397/397
f 391/391/391 398/398/398 397/397/397
f 398/398/398 396/396/396 397/397/397
f 398/398/398 391/391/391 392/392/392
f 396/396/396 399/399/399 296/296/296
f 396/396/396 398/398/398 399/399/399
f 291/291/291 296/296/296 399/399/399
f 399/399/399 398/398/398 400/400/400
f 291/291/291 399/399/399 400/400/400
f 400/400/400 398/398/398 392/392/392
f 291/291/291 400/400/400 292/292/292
f 292/292/292 400/400/400 401/401/401
f 401/401/401 400/400/400 392/392/392
f 402/402/402 292/292/292 401/401/401
f 401/401/401 392/392/392 403/403/403
f 403/403/403 392/392/392 404/404/404
f 403/403/403 405/405/405 401/401/401
f 402/402/402 401/401/401 405/405/405
f 403/403/403 404/404/404 406/406/406
f 403/403/403 406/406/406 405/405/405
f 404/404/404 407/407/407 406/406/406
f 406/406/406 407/407/407 408/408/408
f 406/406/406 408/408/408 405/405/405
f 407/407/407 409/409/409 408/408/408
f 408/408/408 410/410/410 405/405/405
f 402/402/402 405/405/405 410/410/410
f 408/408/408 411/411/411 410/410/410
f 408/408/408 409/409/409 411/411/411
f 402/402/402 410/410/410 411/411/411
f 411/411/411 409/409/409 412/412/412
f 409/409/409 413/413/413 412/412/412
f 409/409/409 414/414/414 413/413/413
f 412/412/412 413/413/413 415/415/415
f 413/413/413 414/414/414 416/416/416
f 416/416/416 414/414/414 417/417/417
f 416/416/416 417/417/417 418/418/418
f 417/417/417 419/419/419 418/418/418
f 418/418/418 419/419/419 420/420/420
f 419/419/419 421/421/421 420/420/420
f 420/420/420 421/421/421 422/422/422
f 422/422/422 421/421/421 423/423/423
f 421/421/421 424/424/424 423/423/423
f 423/423/423 424/424/424 425/425/425
f 424/424/424 426/426/426 425/425/425
f 425/425/425 426/426/426 427/427/427
f 426/426/426 428/428/428 427/427/427
f 427/427/427 428/428/428 429/429/429
f 428/428/428 430/430/430 429/429/429
f 429/429/429 430/430/430 431/431/431
f 429/429/429 431/431/431 432/432/432
f 432/432/432 431/431/431 433/433/433
f 432/432/432 433/433/433 434/434/434
f 433/433/433 435/435/435 434/434/434
f 438/438/438 437/437/437 436/436/436
f 439/439/439 438/438/438 436/436/436
f 440/440/440 439/439/439 436/436/436
f 440/440/440 436/436/436 441/441/441
f 436/436/436 442/442/442 441/441/441
f 443/443/443 441/441/441 442/442/442
f 444/444/444 441/441/441 443/443/443
f 445/445/445 444/444/444 443/443/443
f 445/445/445 443/443/443 446/446/446
f 447/447/447 445/445/445 446/446/446
f 447/447/447 446/446/446 448/448/448
f 449/449/449 447/447/447 448/448/448
f 449/449/449 448/448/448 450/450/450
f 449/449/449 450/450/450 451/451/451
f 449/449/449 451/451/451 452/452/452
f 449/449/449 452/452/452 453/453/453
f 452/452/452 451/451/451 454/454/454
f 455/455/455 449/449/449 453/453/453
f 451/451/451 456/456/456 454/454/454
f 455/455/455 453/453/453 457/457/457
f 456/456/456 458/458/458 454/454/454
f 459/459/459 455/455/455 457/457/457
f 459/459/459 457/457/457 460/460/460
f 461/461/461 459/459/459 460/460/460
f 458/458/458 456/456/456 462/462/462
f 463/463/463 458/458/458 462/462/462
f 464/464/464 463/463/463 462/462/462
f 464/464/464 462/462/462 465/465/465
f 466/466/466 464/464/464 465/465/465
f 461/461/461 460/460/460 467/467/467
f 468/468/468 466/466/466 465/465/465
f 467/467/467 466/466/466 468/468/468
f 461/461/461 467/467/467 469/469/469
f 469/469/469 467/467/467 468/468/468
f 469/469/469 468/468/468 470/470/470
f 471/471/471 469/469/469 470/470/470
f 471/471/471 470/470/470 472/472/472
f 471/471/471 472/472/472 473/473/473
f 476/476/476 475/475/475 474/474/474
f 475/475/475 477/477/477 474/474/474
f 478/478/478 477/477/477 475/475/475
f 479/479/479 478/478/478 475/475/475
f 474/474/474 477/477/477 480/480/480
f 474/474/474 480/480/480 481/481/481
f 478/478/478 482/482/482 477/477/477
f 477/477/477 482/482/482 480/480/480
f 481/481/481 480/480/480 483/483/483
f 481/481/481 483/483/483 484/484/484
f 485/485/485 483/483/483 480/480/480
f 485/485/485 480/480/480 482/482/482
f 483/483/483 486/486/486 484/484/484
f 486/486/486 483/483/483 485/485/485
f 484/484/484 486/486/486 487/487/487
f 486/486/486 488/488/488 487/487/487
f 484/484/484 487/487/487 489/489/489
f 487/487/487 490/490/490 489/489/489
f 491/491/491 490/490/490 487/487/487
f 492/492/492 490/490/490 491/491/491
f 492/492/492 493/493/493 490/490/490
f 494/494/494 486/486/486 485/485/485
f 485/485/485 482/482/482 495/495/495
f 494/494/494 485/485/485 495/495/495
f 495/495/495 482/482/482 496/496/496
f 478/478/478 496/496/496 482/482/482
f 494/494/494 495/495/495 497/497/497
f 497/497/497 498/498/498 494/494/494
f 497/497/497 499/499/499 498/498/498
f 495/495/495 496/496/496 500/500/500
f 495/495/495 500/500/500 497/497/497
f 497/497/497 500/500/500 501/501/501
f 496/496/496 501/501/501 500/500/500
f 497/497/497 502/502/502 499/499/499
f 501/501/501 502/502/502 497/497/497
f 502/502/502 503/503/503 499/499/499
f 502/502/502 504/504/504 503/503/503
f 503/503/503 504/504/504 505/505/505
f 505/505/505 504/504/504 506/506/506
f 504/504/504 507/507/507 506/506/506
f 507/507/507 508/508/508 506/506/506
f 509/509/509 508/508/508 507/507/507
f 510/510/510 507/507/507 504/504/504
f 509/509/509 507/507/507 510/510/510
f 508/508/508 509/509/509 511/511/511
f 508/508/508 511/511/511 512/512/512
f 511/511/511 509/509/509 513/513/513
f 509/509/509 510/510/510 513/513/513
f 510/510/510 514/514/514 513/513/513
f 511/511/511 515/515/515 512/512/512
f 515/515/515 516/516/516 512/512/512
f 515/515/515 517/517/517 516/516/516
f 515/515/515 518/518/518 517/517/517
f 518/518/518 519/519/519 517/517/517
f 520/520/520 511/511/511 513/513/513
f 518/518/518 521/521/521 519/519/519
f 519/519/519 521/521/521 522/522/522
f 522/522/522 521/521/521 523/523/523
f 521/521/521 524/524/524 523/523/523
f 523/523/523 524/524/524 525/525/525
f 526/526/526 520/520/520 513/513/513
f 527/527/527 526/526/526 513/513/513
f 514/514/514 527/527/527 513/513/513
f 527/527/527 528/528/528 526/526/526
f 514/514/514 528/528/528 527/527/527
f 526/526/526 528/528/528 529/529/529
f 530/530/530 526/526/526 529/529/529
f 529/529/529 531/531/531 530/530/530
f 530/530/530 531/531/531 532/532/532
f 533/533/533 532/532/532 531/531/531
f 533/533/533 531/531/531 534/534/534
f 529/529/529 535/535/535 531/531/531
f 531/531/531 535/535/535 534/534/534
f 536/536/536 533/533/533 534/534/534
f 533/533/533 536/536/536 537/537/537
f 538/538/538 534/534/534 535/535/535
f 538/538/538 535/535/535 529/529/529
f 539/539/539 538/538/538 529/529/529
f 534/534/534 538/538/538 540/540/540
f 540/540/540 536/536/536 534/534/534
f 541/541/541 540/540/540 538/538/538
f 541/541/541 538/538/538 539/539/539
f 529/529/529 528/528/528 542/542/542
f 539/539/539 529/529/529 542/542/542
f 542/542/542 528/528/528 543/543/543
f 544/544/544 537/537/537 536/536/536
f 544/544/544 545/545/545 537/537/537
f 546/546/546 536/536/536 540/540/540
f 546/546/546 540/540/540 541/541/541
f 539/539/539 542/542/542 547/547/547
f 542/542/542 543/543/543 547/547/547
f 528/528/528 548/548/548 543/543/543
f 514/514/514 548/548/548 528/528/528
f 544/544/544 536/536/536 549/549/549
f 546/546/546 549/549/549 536/536/536
f 549/549/549 550/550/550 544/544/544
f 546/546/546 550/550/550 549/549/549
f 545/545/545 544/544/544 551/551/551
f 544/544/544 550/550/550 551/551/551
f 552/552/552 546/546/546 541/541/541
f 552/552/552 550/550/550 546/546/546
f 553/553/553 552/552/552 541/541/541
f 553/553/553 550/550/550 552/552/552
f 541/541/541 539/539/539 553/553/553
f 554/554/554 545/545/545 551/551/551
f 545/545/545 554/554/554 555/555/555
f 554/554/554 556/556/556 555/555/555
f 555/555/555 556/556/556 557/557/557
f 551/551/551 550/550/550 558/558/558
f 551/551/551 558/558/558 554/554/554
f 559/559/559 557/557/557 556/556/556
f 560/560/560 557/557/557 559/559/559
f 559/559/559 556/556/556 561/561/561
f 562/562/562 561/561/561 556/556/556
f 556/556/556 554/554/554 563/563/563
f 554/554/554 558/558/558 563/563/563
f 556/556/556 564/564/564 562/562/562
f 562/562/562 564/564/564 565/565/565
f 565/565/565 566/566/566 562/562/562
f 562/562/562 566/566/566 567/567/567
f 568/568/568 562/562/562 567/567/567
f 568/568/568 567/567/567 569/569/569
f 556/556/556 563/563/563 570/570/570
f 568/568/568 569/569/569 571/571/571
f 569/569/569 572/572/572 571/571/571
f 571/571/571 573/573/573 568/568/568
f 571/571/571 574/574/574 573/573/573
f 573/573/573 574/574/574 575/575/575
f 575/575/575 574/574/574 576/576/576
f 574/574/574 577/577/577 576/576/576
f 576/576/576 577/577/577 578/578/578
f 578/578/578 577/577/577 579/579/579
f 578/578/578 579/579/579 580/580/580
f 578/578/578 580/580/580 581/581/581
f 581/581/581 580/580/580 582/582/582
f 580/580/580 583/583/583 582/582/582
f 582/582/582 583/583/583 584/584/584
f 584/584/584 583/583/583 585/585/585
f 583/583/583 586/586/586 585/585/585
f 589/589/589 588/588/588 587/587/587
f 590/590/590 588/588/588 589/589/589
f 590/590/590 591/591/591 588/588/588
f 592/592/592 591/591/591 590/590/590
f 591/591/591 592/592/592 593/593/593
f 593/593/593 592/592/592 594/594/594
f 592/592/592 595/595/595 594/594/594
f 594/594/594 595/595/595 596/596/596
f 596/596/596 595/595/595 597/597/597
f 596/596/596 597/597/597 598/598/598
f 597/597/597 599/599/599 598/598/598
f 599/599/599 600/600/600 598/598/598
f 601/601/601 600/600/600 599/599/599
f 601/601/601 602/602/602 600/600/600
f 601/601/601 603/603/603 602/602/602
f 603/603/603 604/604/604 602/602/602
f 605/605/605 604/604/604 603/603/603
f 605/605/605 606/606/606 604/604/604
f 607/607/607 606/606/606 605/605/605
f 607/607/607 608/608/608 606/606/606
f 609/609/609 608/608/608 607/607/607
f 609/609/609 610/610/610 608/608/608
f 611/611/611 610/610/610 609/609/609
f 612/612/612 611/611/611 609/609/609
f 615/615/615 614/614/614 613/613/613
f 616/616/616 614/614/614 615/615/615
f 617/617/617 616/616/616 615/615/615
f 616/616/616 617/617/617 618/618/618
f 621/621/621 620/620/620 619/619/619
f 622/622/622 620/620/620 621/621/621
f 623/623/623 622/622/622 621/621/621
f 623/623/623 624/624/624 622/622/622
f 625/625/625 624/624/624 623/623/623
f 626/626/626 624/624/624 625/625/625
f 627/627/627 626/626/626 625/625/625
f 628/628/628 626/626/626 627/627/627
f 629/629/629 626/626/626 628/628/628
f 630/630/630 629/629/629 628/628/628
f 631/631/631 629/629/629 630/630/630
f 632/632/632 629/629/629 631/631/631
f 633/633/633 632/632/632 631/631/631
f 634/634/634 632/632/632 633/633/633
f 635/635/635 632/632/632 634/634/634
f 638/638/638 637/637/637 636/636/636
f 639/639/639 638/638/638 636/636/636
f 639/639/639 640/640/640 638/638/638
f 641/641/641 640/640/640 639/639/639
f 641/641/641 642/642/642 640/640/640
f 643/643/643 642/642/642 641/641/641
f 644/644/644 643/643/643 641/641/641
f 645/645/645 643/643/643 644/644/644
f 646/646/646 645/645/645 644/644/644
f 647/647/647 645/645/645 646/646/646
f 648/648/648 647/647/647 646/646/646
f 649/649/649 647/647/647 648/648/648
f 650/650/650 649/649/649 648/648/648
f 651/651/651 649/649/649 650/650/650
f 652/652/652 649/649/649 651/651/651
f 653/653/653 652/652/652 651/651/651
f 654/654/654 652/652/652 653/653/653
f 655/655/655 654/654/654 653/653/653
f 655/655/655 656/656/656 654/654/654
f 657/657/657 656/656/656 655/655/655
f 658/658/658 656/656/656 657/657/657
f 658/658/658 657/657/657 659/659/659
f 659/659/659 657/657/657 660/660/660
f 661/661/661 658/658/658 659/659/659
f 659/659/659 662/662/662 661/661/661
f 659/659/659 663/663/663 662/662/662
f 659/659/659 664/664/664 663/663/663
f 663/663/663 664/664/664 665/665/665
f 663/663/663 665/665/665 666/666/666
f 665/665/665 667/667/667 666/666/666
f 666/666/666 667/667/667 668/668/668
f 669/669/669 668/668/668 667/667/667
f 669/669/669 670/670/670 668/668/668
f 670/670/670 669/669/669 671/671/671
f 672/672/672 671/671/671 669/669/669
f 671/671/671 672/672/672 673/673/673
f 674/674/674 671/671/671 673/673/673
f 674/674/674 673/673/673 675/675/675
f 661/661/661 662/662/662 676/676/676
f 661/661/661 676/676/676 677/677/677
f 676/676/676 678/678/678 677/677/677
f 679/679/679 678/678/678 676/676/676
f 679/679/679 680/680/680 678/678/678
f 681/681/681 680/680/680 679/679/679
f 680/680/680 681/681/681 682/682/682
f 683/683/683 680/680/680 682/682/682
f 684/684/684 683/683/683 682/682/682
f 685/685/685 684/684/684 682/682/682
f 684/684/684 685/685/685 686/686/686
f 687/687/687 684/684/684 686/686/686
f 688/688/688 687/687/687 686/686/686
f 689/689/689 688/688/688 686/686/686
f 689/689/689 690/690/690 688/688/688
f 691/691/691 690/690/690 689/689/689
f 692/692/692 691/691/691 689/689/689
f 693/693/693 691/691/691 692/692/692
f 694/694/694 693/693/693 692/692/692
f 695/695/695 693/693/693 694/694/694
f 695/695/695 696/696/696 693/693/693
f 697/697/697 696/696/696 695/695/695
f 697/697/697 698/698/698 696/696/696
f 699/699/699 698/698/698 697/697/697
f 699/699/699 700/700/700 698/698/698
f 701/701/701 700/700/700 699/699/699
f 701/701/701 702/702/702 700/700/700
f 704/704/704 570/570/570 703/703/703
f 703/703/703 570/570/570 705/705/705
f 570/570/570 563/563/563 705/705/705
f 563/563/563 558/558/558 705/705/705
f 706/706/706 703/703/703 705/705/705
f 558/558/558 706/706/706 705/705/705
f 706/706/706 558/558/558 550/550/550
f 703/703/703 706/706/706 707/707/707
f 550/550/550 553/553/553 706/706/706
f 553/553/553 707/707/707 706/706/706
f 553/553/553 708/708/708 707/707/707
f 539/539/539 708/708/708 553/553/553
f 708/708/708 539/539/539 709/709/709
f 709/709/709 539/539/539 547/547/547
f 710/710/710 709/709/709 547/547/547
f 710/710/710 547/547/547 543/543/543
f 710/710/710 543/543/543 711/711/711
f 711/711/711 543/543/543 712/712/712
f 713/713/713 711/711/711 712/712/712
f 543/543/543 714/714/714 712/712/712
f 543/543/543 548/548/548 714/714/714
f 714/714/714 548/548/548 715/715/715
f 714/714/714 715/715/715 712/712/712
f 514/514/514 715/715/715 548/548/548
f 712/712/712 716/716/716 713/713/713
f 715/715/715 716/716/716 712/712/712
f 716/716/716 717/717/717 713/713/713
f 718/718/718 717/717/717 716/716/716
f 718/718/718 716/716/716 719/719/719
f 718/718/718 719/719/719 720/720/720
f 715/715/715 721/721/721 716/716/716
f 514/514/514 721/721/721 715/715/715
f 716/716/716 721/721/721 719/719/719
f 722/722/722 721/721/721 514/514/514
f 722/722/722 719/719/719 721/721/721
f 722/722/722 514/514/514 510/510/510
f 510/510/510 504/504/504 722/722/722
f 504/504/504 723/723/723 722/722/722
f 723/723/723 719/719/719 722/722/722
f 719/719/719 724/724/724 720/720/720
f 720/720/720 724/724/724 725/725/725
f 724/724/724 719/719/719 726/726/726
f 723/723/723 726/726/726 719/719/719
f 724/724/724 727/727/727 725/725/725
f 724/724/724 726/726/726 727/727/727
f 725/725/725 727/727/727 728/728/728
f 723/723/723 504/504/504 729/729/729
f 504/504/504 502/502/502 729/729/729
f 730/730/730 726/726/726 723/723/723
f 730/730/730 723/723/723 729/729/729
f 727/727/727 731/731/731 728/728/728
f 728/728/728 731/731/731 732/732/732
f 727/727/727 726/726/726 733/733/733
f 730/730/730 733/733/733 726/726/726
f 727/727/727 733/733/733 731/731/731
f 729/729/729 502/502/502 734/734/734
f 501/501/501 734/734/734 502/502/502
f 730/730/730 729/729/729 735/735/735
f 735/735/735 733/733/733 730/730/730
f 736/736/736 729/729/729 734/734/734
f 729/729/729 736/736/736 735/735/735
f 731/731/731 737/737/737 732/732/732
f 731/731/731 733/733/733 738/738/738
f 731/731/731 738/738/738 737/737/737
f 735/735/735 739/739/739 733/733/733
f 739/739/739 738/738/738 733/733/733
f 735/735/735 736/736/736 740/740/740
f 739/739/739 735/735/735 740/740/740
f 739/739/739 741/741/741 738/738/738
f 738/738/738 741/741/741 737/737/737
f 732/732/732 737/737/737 742/742/742
f 138/138/138 732/732/732 742/742/742
f 743/743/743 736/736/736 734/734/734
f 736/736/736 743/743/743 740/740/740
f 739/739/739 740/740/740 744/744/744
f 741/741/741 739/739/739 744/744/744
f 740/740/740 745/745/745 744/744/744
f 745/745/745 741/741/741 744/744/744
f 743/743/743 745/745/745 740/740/740
f 737/737/737 741/741/741 746/746/746
f 742/742/742 737/737/737 746/746/746
f 741/741/741 745/745/745 746/746/746
f 742/742/742 746/746/746 747/747/747
f 748/748/748 746/746/746 745/745/745
f 747/747/747 746/746/746 748/748/748
f 747/747/747 749/749/749 742/742/742
f 138/138/138 742/742/742 749/749/749
f 750/750/750 745/745/745 743/743/743
f 750/750/750 748/748/748 745/745/745
f 747/747/747 748/748/748 751/751/751
f 747/747/747 751/751/751 749/749/749
f 748/748/748 752/752/752 751/751/751
f 752/752/752 748/748/748 750/750/750
f 751/751/751 753/753/753 749/749/749
f 751/751/751 752/752/752 753/753/753
f 138/138/138 749/749/749 754/754/754
f 753/753/753 754/754/754 749/749/749
f 138/138/138 754/754/754 136/136/136
f 753/753/753 136/136/136 754/754/754
f 753/753/753 165/165/165 136/136/136
f 752/752/752 165/165/165 753/753/753
f 752/752/752 750/750/750 165/165/165
f 750/750/750 755/755/755 165/165/165
f 750/750/750 756/756/756 755/755/755
f 750/750/750 743/743/743 756/756/756
f 757/757/757 755/755/755 756/756/756
f 758/758/758 756/756/756 743/743/743
f 743/743/743 734/734/734 758/758/758
f 759/759/759 757/757/757 756/756/756
f 759/759/759 760/760/760 757/757/757
f 759/759/759 761/761/761 760/760/760
f 762/762/762 756/756/756 758/758/758
f 759/759/759 756/756/756 762/762/762
f 758/758/758 734/734/734 763/763/763
f 762/762/762 758/758/758 763/763/763
f 763/763/763 734/734/734 501/501/501
f 759/759/759 764/764/764 761/761/761
f 759/759/759 762/762/762 764/764/764
f 765/765/765 761/761/761 764/764/764
f 766/766/766 761/761/761 765/765/765
f 767/767/767 766/766/766 765/765/765
f 768/768/768 766/766/766 767/767/767
f 765/765/765 764/764/764 769/769/769
f 767/767/767 765/765/765 769/769/769
f 768/768/768 767/767/767 770/770/770
f 768/768/768 770/770/770 771/771/771
f 767/767/767 772/772/772 770/770/770
f 767/767/767 769/769/769 772/772/772
f 770/770/770 773/773/773 771/771/771
f 771/771/771 773/773/773 774/774/774
f 769/769/769 775/775/775 772/772/772
f 764/764/764 775/775/775 769/769/769
f 775/775/775 479/479/479 772/772/772
f 774/774/774 773/773/773 776/776/776
f 774/774/774 776/776/776 777/777/777
f 773/773/773 778/778/778 776/776/776
f 777/777/777 776/776/776 779/779/779
f 777/777/777 779/779/779 780/780/780
f 780/780/780 779/779/779 781/781/781
f 781/781/781 782/782/782 780/780/780
f 782/782/782 783/783/783 780/780/780
f 783/783/783 782/782/782 784/784/784
f 784/784/784 785/785/785 783/783/783
f 786/786/786 785/785/785 784/784/784
f 786/786/786 787/787/787 785/785/785
f 776/776/776 778/778/778 788/788/788
f 788/788/788 789/789/789 776/776/776
f 778/778/778 790/790/790 788/788/788
f 788/788/788 791/791/791 789/789/789
f 791/791/791 792/792/792 789/789/789
f 788/788/788 790/790/790 793/793/793
f 793/793/793 791/791/791 788/788/788
f 793/793/793 790/790/790 794/794/794
f 793/793/793 794/794/794 795/795/795
f 795/795/795 794/794/794 796/796/796
f 793/793/793 797/797/797 791/791/791
f 795/795/795 797/797/797 793/793/793
f 797/797/797 795/795/795 798/798/798
f 797/797/797 799/799/799 791/791/791
f 791/791/791 799/799/799 792/792/792
f 797/797/797 798/798/798 799/799/799
f 795/795/795 796/796/796 800/800/800
f 798/798/798 795/795/795 800/800/800
f 800/800/800 796/796/796 801/801/801
f 801/801/801 798/798/798 800/800/800
f 796/796/796 802/802/802 801/801/801
f 802/802/802 803/803/803 801/801/801
f 801/801/801 803/803/803 804/804/804
f 798/798/798 801/801/801 804/804/804
f 799/799/799 805/805/805 792/792/792
f 792/792/792 805/805/805 806/806/806
f 805/805/805 807/807/807 806/806/806
f 808/808/808 806/806/806 807/807/807
f 799/799/799 809/809/809 805/805/805
f 809/809/809 807/807/807 805/805/805
f 810/810/810 799/799/799 798/798/798
f 799/799/799 810/810/810 809/809/809
f 811/811/811 808/808/808 807/807/807
f 812/812/812 808/808/808 811/811/811
f 813/813/813 812/812/812 811/811/811
f 809/809/809 814/814/814 807/807/807
f 814/814/814 811/811/811 807/807/807
f 815/815/815 813/813/813 811/811/811
f 814/814/814 815/815/815 811/811/811
f 815/815/815 816/816/816 813/813/813
f 817/817/817 816/816/816 815/815/815
f 817/817/817 815/815/815 814/814/814
f 817/817/817 818/818/818 816/816/816
f 817/817/817 819/819/819 818/818/818
f 820/820/820 814/814/814 809/809/809
f 820/820/820 817/817/817 814/814/814
f 810/810/810 820/820/820 809/809/809
f 821/821/821 810/810/810 798/798/798
f 821/821/821 798/798/798 804/804/804
f 822/822/822 819/819/819 817/817/817
f 817/817/817 820/820/820 822/822/822
f 823/823/823 820/820/820 810/810/810
f 822/822/822 820/820/820 823/823/823
f 810/810/810 821/821/821 823/823/823
f 824/824/824 819/819/819 822/822/822
f 823/823/823 824/824/824 822/822/822
f 824/824/824 825/825/825 819/819/819
f 826/826/826 825/825/825 824/824/824
f 826/826/826 827/827/827 825/825/825
f 823/823/823 828/828/828 824/824/824
f 824/824/824 828/828/828 826/826/826
f 821/821/821 829/829/829 823/823/823
f 829/829/829 828/828/828 823/823/823
f 829/829/829 830/830/830 828/828/828
f 831/831/831 826/826/826 828/828/828
f 831/831/831 827/827/827 826/826/826
f 831/831/831 828/828/828 830/830/830
f 832/832/832 827/827/827 831/831/831
f 832/832/832 831/831/831 830/830/830
f 832/832/832 833/833/833 827/827/827
f 834/834/834 833/833/833 832/832/832
f 834/834/834 832/832/832 830/830/830
f 834/834/834 835/835/835 833/833/833
f 836/836/836 835/835/835 834/834/834
f 836/836/836 837/837/837 835/835/835
f 834/834/834 838/838/838 836/836/836
f 834/834/834 830/830/830 838/838/838
f 839/839/839 837/837/837 836/836/836
f 839/839/839 836/836/836 840/840/840
f 841/841/841 837/837/837 839/839/839
f 841/841/841 842/842/842 837/837/837
f 843/843/843 842/842/842 841/841/841
f 843/843/843 844/844/844 842/842/842
f 845/845/845 844/844/844 843/843/843
f 845/845/845 846/846/846 844/844/844
f 847/847/847 846/846/846 845/845/845
f 847/847/847 848/848/848 846/846/846
f 849/849/849 848/848/848 847/847/847
f 849/849/849 850/850/850 848/848/848
f 851/851/851 850/850/850 849/849/849
f 852/852/852 851/851/851 849/849/849
f 853/853/853 852/852/852 849/849/849
f 853/853/853 849/849/849 854/854/854
f 849/849/849 855/855/855 854/854/854
f 854/854/854 855/855/855 856/856/856
f 854/854/854 856/856/856 857/857/857
f 857/857/857 856/856/856 858/858/858
f 858/858/858 856/856/856 859/859/859
f 858/858/858 859/859/859 860/860/860
f 860/860/860 859/859/859 861/861/861
f 860/860/860 861/861/861 862/862/862
f 862/862/862 861/861/861 863/863/863
f 862/862/862 863/863/863 864/864/864
f 864/864/864 863/863/863 865/865/865
f 864/864/864 865/865/865 866/866/866
f 866/866/866 865/865/865 867/867/867
f 866/866/866 867/867/867 868/868/868
f 868/868/868 867/867/867 869/869/869
f 868/868/868 869/869/869 870/870/870
f 870/870/870 869/869/869 871/871/871
f 869/869/869 872/872/872 871/871/871
f 871/871/871 872/872/872 873/873/873
f 871/871/871 873/873/873 874/874/874
f 873/873/873 875/875/875 874/874/874
f 874/874/874 875/875/875 876/876/876
f 879/879/879 878/878/878 877/877/877
f 880/880/880 879/879/879 877/877/877
f 879/879/879 880/880/880 881/881/881
f 882/882/882 881/881/881 880/880/880
f 881/881/881 882/882/882 883/883/883
f 882/882/882 884/884/884 883/883/883
f 882/882/882 885/885/885 884/884/884
f 885/885/885 886/886/886 884/884/884
f 886/886/886 887/887/887 884/884/884
f 888/888/888 887/887/887 886/886/886
f 888/888/888 889/889/889 887/887/887
f 888/888/888 890/890/890 889/889/889
f 890/890/890 891/891/891 889/889/889
f 891/891/891 890/890/890 892/892/892
f 891/891/891 892/892/892 893/893/893
f 893/893/893 892/892/892 894/894/894
f 893/893/893 894/894/894 895/895/895
f 895/895/895 894/894/894 896/896/896
f 895/895/895 897/897/897 893/893/893
f 898/898/898 895/895/895 896/896/896
f 899/899/899 897/897/897 895/895/895
f 899/899/899 895/895/895 898/898/898
f 899/899/899 900/900/900 897/897/897
f 899/899/899 898/898/898 901/901/901
f 902/902/902 900/900/900 899/899/899
f 899/899/899 901/901/901 902/902/902
f 902/902/902 139/139/139 900/900/900
f 902/902/902 901/901/901 903/903/903
f 139/139/139 902/902/902 138/138/138
f 902/902/902 903/903/903 904/904/904
f 902/902/902 904/904/904 138/138/138
f 907/907/907 906/906/906 905/905/905
f 908/908/908 906/906/906 907/907/907
f 909/909/909 908/908/908 907/907/907
f 909/909/909 910/910/910 908/908/908
f 911/911/911 910/910/910 909/909/909
f 912/912/912 911/911/911 909/909/909
f 913/913/913 911/911/911 912/912/912
f 913/913/913 914/914/914 911/911/911
f 915/915/915 914/914/914 913/913/913
f 915/915/915 916/916/916 914/914/914
f 917/917/917 916/916/916 915/915/915
f 917/917/917 918/918/918 916/916/916
f 919/919/919 918/918/918 917/917/917
f 919/919/919 920/920/920 918/918/918
f 921/921/921 920/920/920 919/919/919
f 921/921/921 922/922/922 920/920/920
f 923/923/923 922/922/922 921/921/921
f 923/923/923 924/924/924 922/922/922
f 925/925/925 924/924/924 923/923/923
f 926/926/926 924/924/924 925/925/925
f 926/926/926 927/927/927 924/924/924
f 928/928/928 927/927/927 926/926/926
f 929/929/929 928/928/928 926/926/926
f 929/929/929 930/930/930 928/928/928
f 930/930/930 929/929/929 931/931/931
f 932/932/932 930/930/930 931/931/931
f 929/929/929 933/933/933 931/931/931
f 931/931/931 933/933/933 934/934/934
f 935/935/935 934/934/934 933/933/933
f 936/936/936 935/935/935 933/933/933
f 937/937/937 934/934/934 935/935/935
f 936/936/936 938/938/938 935/935/935
f 939/939/939 938/938/938 936/936/936
f 939/939/939 940/940/940 938/938/938
f 941/941/941 940/940/940 939/939/939
f 942/942/942 940/940/940 941/941/941
f 943/943/943 942/942/942 941/941/941
f 942/942/942 943/943/943 944/944/944
f 945/945/945 937/937/937 935/935/935
f 946/946/946 937/937/937 945/945/945
f 947/947/947 945/945/945 935/935/935
f 947/947/947 935/935/935 948/948/948
f 947/947/947 948/948/948 949/949/949
f 950/950/950 947/947/947 949/949/949
f 947/947/947 950/950/950 945/945/945
f 950/950/950 949/949/949 951/951/951
f 951/951/951 949/949/949 952/952/952
f 953/953/953 951/951/951 952/952/952
f 954/954/954 953/953/953 952/952/952
f 954/954/954 952/952/952 955/955/955
f 956/956/956 946/946/946 945/945/945
f 957/957/957 945/945/945 950/950/950
f 957/957/957 956/956/956 945/945/945
f 958/958/958 950/950/950 951/951/951
f 958/958/958 957/957/957 950/950/950
f 959/959/959 946/946/946 956/956/956
f 959/959/959 960/960/960 946/946/946
f 961/961/961 960/960/960 959/959/959
f 957/957/957 962/962/962 956/956/956
f 957/957/957 958/958/958 962/962/962
f 962/962/962 959/959/959 956/956/956
f 958/958/958 951/951/951 963/963/963
f 962/962/962 958/958/958 963/963/963
f 953/953/953 963/963/963 951/951/951
f 964/964/964 961/961/961 959/959/959
f 965/965/965 961/961/961 964/964/964
f 962/962/962 966/966/966 959/959/959
f 963/963/963 966/966/966 962/962/962
f 959/959/959 966/966/966 964/964/964
f 963/963/963 967/967/967 966/966/966
f 953/953/953 967/967/967 963/963/963
f 966/966/966 968/968/968 964/964/964
f 966/966/966 967/967/967 968/968/968
f 969/969/969 965/965/965 964/964/964
f 964/964/964 968/968/968 969/969/969
f 967/967/967 970/970/970 968/968/968
f 968/968/968 970/970/970 969/969/969
f 970/970/970 971/971/971 969/969/969
f 972/972/972 965/965/965 969/969/969
f 971/971/971 972/972/972 969/969/969
f 973/973/973 965/965/965 972/972/972
f 974/974/974 973/973/973 972/972/972
f 975/975/975 974/974/974 972/972/972
f 972/972/972 971/971/971 975/975/975
f 976/976/976 974/974/974 975/975/975
f 971/971/971 976/976/976 975/975/975
f 976/976/976 977/977/977 974/974/974
f 978/978/978 977/977/977 976/976/976
f 978/978/978 979/979/979 977/977/977
f 980/980/980 976/976/976 971/971/971
f 976/976/976 980/980/980 978/978/978
f 981/981/981 979/979/979 978/978/978
f 982/982/982 979/979/979 981/981/981
f 978/978/978 980/980/980 983/983/983
f 978/978/978 983/983/983 981/981/981
f 980/980/980 971/971/971 984/984/984
f 980/980/980 984/984/984 983/983/983
f 985/985/985 982/982/982 981/981/981
f 986/986/986 982/982/982 985/985/985
f 981/981/981 983/983/983 987/987/987
f 981/981/981 987/987/987 985/985/985
f 983/983/983 988/988/988 987/987/987
f 983/983/983 984/984/984 988/988/988
f 989/989/989 984/984/984 971/971/971
f 970/970/970 989/989/989 971/971/971
f 984/984/984 990/990/990 988/988/988
f 988/988/988 990/990/990 991/991/991
f 984/984/984 992/992/992 990/990/990
f 984/984/984 989/989/989 992/992/992
f 990/990/990 993/993/993 991/991/991
f 992/992/992 993/993/993 990/990/990
f 994/994/994 991/991/991 993/993/993
f 989/989/989 970/970/970 995/995/995
f 970/970/970 967/967/967 995/995/995
f 989/989/989 996/996/996 992/992/992
f 995/995/995 996/996/996 989/989/989
f 992/992/992 997/997/997 993/993/993
f 996/996/996 997/997/997 992/992/992
f 998/998/998 994/994/994 993/993/993
f 997/997/997 998/998/998 993/993/993
f 999/999/999 994/994/994 998/998/998
f 1000/1000/1000 999/999/999 998/998/998
f 1001/1001/1001 1000/1000/1000 998/998/998
f 997/997/997 1001/1001/1001 998/998/998
f 1001/1001/1001 1002/1002/1002 1000/1000/1000
f 1003/1003/1003 1001/1001/1001 997/997/997
f 1003/1003/1003 1002/1002/1002 1001/1001/1001
f 996/996/996 1003/1003/1003 997/997/997
f 1003/1003/1003 1004/1004/1004 1002/1002/1002
f 1003/1003/1003 1005/1005/1005 1004/1004/1004
f 1003/1003/1003 996/996/996 1006/1006/1006
f 1006/1006/1006 1005/1005/1005 1003/1003/1003
f 1006/1006/1006 996/996/996 995/995/995
f 1007/1007/1007 1005/1005/1005 1006/1006/1006
f 995/995/995 1007/1007/1007 1006/1006/1006
f 1007/1007/1007 1008/1008/1008 1005/1005/1005
f 995/995/995 1009/1009/1009 1007/1007/1007
f 967/967/967 1009/1009/1009 995/995/995
f 967/967/967 953/953/953 1009/1009/1009
f 1010/1010/1010 1008/1008/1008 1007/1007/1007
f 1007/1007/1007 1009/1009/1009 1010/1010/1010
f 1010/1010/1010 1011/1011/1011 1008/1008/1008
f 1012/1012/1012 1010/1010/1010 1009/1009/1009
f 1012/1012/1012 1009/1009/1009 953/953/953
f 1012/1012/1012 1011/1011/1011 1010/1010/1010
f 1013/1013/1013 1012/1012/1012 953/953/953
f 1013/1013/1013 1011/1011/1011 1012/1012/1012
f 1013/1013/1013 1014/1014/1014 1011/1011/1011
f 954/954/954 1013/1013/1013 953/953/953
f 954/954/954 1014/1014/1014 1013/1013/1013
f 954/954/954 1015/1015/1015 1014/1014/1014
f 955/955/955 1015/1015/1015 954/954/954
f 955/955/955 1016/1016/1016 1015/1015/1015
f 1017/1017/1017 1016/1016/1016 955/955/955
f 1017/1017/1017 955/955/955 1018/1018/1018
f 1019/1019/1019 1016/1016/1016 1017/1017/1017
f 1019/1019/1019 1020/1020/1020 1016/1016/1016
f 1021/1021/1021 1020/1020/1020 1019/1019/1019
f 1021/1021/1021 1022/1022/1022 1020/1020/1020
f 1023/1023/1023 1022/1022/1022 1021/1021/1021
f 1023/1023/1023 1024/1024/1024 1022/1022/1022
f 1025/1025/1025 1024/1024/1024 1023/1023/1023
f 1025/1025/1025 1026/1026/1026 1024/1024/1024
f 928/928/928 1026/1026/1026 1025/1025/1025
f 928/928/928 1027/1027/1027 1026/1026/1026
f 1028/1028/1028 1027/1027/1027 928/928/928
f 930/930/930 1028/1028/1028 928/928/928
f 1029/1029/1029 1028/1028/1028 930/930/930
f 1030/1030/1030 1028/1028/1028 1029/1029/1029
f 1033/1033/1033 1032/1032/1032 1031/1031/1031
f 1033/1033/1033 1031/1031/1031 1034/1034/1034
f 1034/1034/1034 1031/1031/1031 1035/1035/1035
f 1031/1031/1031 1036/1036/1036 1035/1035/1035
f 1039/1039/1039 1038/1038/1038 1037/1037/1037
f 1040/1040/1040 1039/1039/1039 1037/1037/1037
f 1041/1041/1041 1039/1039/1039 1040/1040/1040
f 1044/1044/1044 1043/1043/1043 1042/1042/1042
f 1045/1045/1045 1044/1044/1044 1042/1042/1042
f 1045/1045/1045 1042/1042/1042 1046/1046/1046
f 1042/1042/1042 1047/1047/1047 1046/1046/1046
f 1045/1045/1045 1046/1046/1046 1048/1048/1048
f 1042/1042/1042 1049/1049/1049 1047/1047/1047
f 1045/1045/1045 1048/1048/1048 1050/1050/1050
f 1049/1049/1049 1051/1051/1051 1047/1047/1047
f 1050/1050/1050 1048/1048/1048 1052/1052/1052
f 1049/1049/1049 1053/1053/1053 1051/1051/1051
f 1054/1054/1054 1050/1050/1050 1052/1052/1052
f 1055/1055/1055 1051/1051/1051 1053/1053/1053
f 1056/1056/1056 1054/1054/1054 1052/1052/1052
f 1057/1057/1057 1055/1055/1055 1053/1053/1053
f 1053/1053/1053 1058/1058/1058 1057/1057/1057
f 1058/1058/1058 1059/1059/1059 1057/1057/1057
f 1055/1055/1055 1057/1057/1057 1060/1060/1060
f 1055/1055/1055 1060/1060/1060 1061/1061/1061
f 1061/1061/1061 1060/1060/1060 1062/1062/1062
f 1061/1061/1061 1062/1062/1062 1063/1063/1063
f 1063/1063/1063 1062/1062/1062 1064/1064/1064
f 1063/1063/1063 1064/1064/1064 1065/1065/1065
f 1065/1065/1065 1064/1064/1064 1066/1066/1066
f 1067/1067/1067 1065/1065/1065 1066/1066/1066
f 1067/1067/1067 1066/1066/1066 1068/1068/1068
f 1069/1069/1069 1067/1067/1067 1068/1068/1068
f 1059/1059/1059 1070/1070/1070 1057/1057/1057
f 1059/1059/1059 1071/1071/1071 1070/1070/1070
f 1071/1071/1071 1072/1072/1072 1070/1070/1070
f 1072/1072/1072 1073/1073/1073 1070/1070/1070
f 1072/1072/1072 1074/1074/1074 1073/1073/1073
f 1069/1069/1069 1068/1068/1068 1075/1075/1075
f 1069/1069/1069 1075/1075/1075 1056/1056/1056
f 1074/1074/1074 1076/1076/1076 1073/1073/1073
f 1074/1074/1074 1077/1077/1077 1076/1076/1076
f 1077/1077/1077 1078/1078/1078 1076/1076/1076
f 1075/1075/1075 1054/1054/1054 1056/1056/1056
f 1078/1078/1078 1079/1079/1079 1076/1076/1076
f 1078/1078/1078 1080/1080/1080 1079/1079/1079
f 1081/1081/1081 1079/1079/1079 1080/1080/1080
f 1081/1081/1081 1082/1082/1082 1079/1079/1079
f 1054/1054/1054 1075/1075/1075 1083/1083/1083
f 1084/1084/1084 1082/1082/1082 1081/1081/1081
f 1054/1054/1054 1083/1083/1083 1085/1085/1085
f 1054/1054/1054 1085/1085/1085 1086/1086/1086
f 1085/1085/1085 1083/1083/1083 1087/1087/1087
f 1085/1085/1085 1087/1087/1087 1088/1088/1088
f 1088/1088/1088 1087/1087/1087 1089/1089/1089
f 1089/1089/1089 1087/1087/1087 1090/1090/1090
f 1089/1089/1089 1090/1090/1090 1091/1091/1091
f 1092/1092/1092 1091/1091/1091 1090/1090/1090
f 1092/1092/1092 1090/1090/1090 1093/1093/1093
f 1094/1094/1094 1092/1092/1092 1093/1093/1093
f 1094/1094/1094 1093/1093/1093 1095/1095/1095
f 1096/1096/1096 1094/1094/1094 1095/1095/1095
f 1097/1097/1097 1096/1096/1096 1095/1095/1095
f 1098/1098/1098 1097/1097/1097 1095/1095/1095
f 1098/1098/1098 1095/1095/1095 1099/1099/1099
f 1100/1100/1100 1098/1098/1098 1099/1099/1099
f 1101/1101/1101 1100/1100/1100 1099/1099/1099
f 1099/1099/1099 1102/1102/1102 1101/1101/1101
f 1102/1102/1102 1099/1099/1099 1103/1103/1103
f 1102/1102/1102 1104/1104/1104 1101/1101/1101
f 1102/1102/1102 1103/1103/1103 1105/1105/1105
f 1106/1106/1106 1101/1101/1101 1104/1104/1104
f 1105/1105/1105 1103/1103/1103 1107/1107/1107
f 1106/1106/1106 1104/1104/1104 1108/1108/1108
f 1105/1105/1105 1107/1107/1107 1109/1109/1109
f 1109/1109/1109 1107/1107/1107 1110/1110/1110
f 1109/1109/1109 1110/1110/1110 1111/1111/1111
f 1111/1111/1111 1110/1110/1110 1112/1112/1112
f 1113/1113/1113 1111/1111/1111 1112/1112/1112
f 1113/1113/1113 1112/1112/1112 1114/1114/1114
f 1115/1115/1115 1113/1113/1113 1114/1114/1114
f 1116/1116/1116 1106/1106/1106 1108/1108/1108
f 1115/1115/1115 1114/1114/1114 1117/1117/1117
f 1115/1115/1115 1117/1117/1117 1118/1118/1118
f 1116/1116/1116 1108/1108/1108 1119/1119/1119
f 1117/1117/1117 1120/1120/1120 1118/1118/1118
f 1118/1118/1118 1120/1120/1120 1121/1121/1121
f 1120/1120/1120 1117/1117/1117 1122/1122/1122
f 1120/1120/1120 1123/1123/1123 1121/1121/1121
f 1123/1123/1123 1124/1124/1124 1121/1121/1121
f 1125/1125/1125 1124/1124/1124 1123/1123/1123
f 1125/1125/1125 1119/1119/1119 1124/1124/1124
f 1125/1125/1125 1116/1116/1116 1119/1119/1119
f 1125/1125/1125 1126/1126/1126 1116/1116/1116
f 1126/1126/1126 1127/1127/1127 1116/1116/1116
f 1120/1120/1120 1122/1122/1122 1128/1128/1128
f 1120/1120/1120 1128/1128/1128 1129/1129/1129
f 1128/1128/1128 1122/1122/1122 1130/1130/1130
f 1130/1130/1130 1122/1122/1122 1131/1131/1131
f 1130/1130/1130 1131/1131/1131 1132/1132/1132
f 1133/1133/1133 1132/1132/1132 1131/1131/1131
f 1133/1133/1133 1131/1131/1131 1134/1134/1134
f 1135/1135/1135 1133/1133/1133 1134/1134/1134
f 1136/1136/1136 1135/1135/1135 1134/1134/1134
f 1136/1136/1136 1134/1134/1134 1137/1137/1137
f 1138/1138/1138 1136/1136/1136 1137/1137/1137
f 1138/1138/1138 1137/1137/1137 1139/1139/1139
f 1140/1140/1140 1138/1138/1138 1139/1139/1139
f 1141/1141/1141 1140/1140/1140 1139/1139/1139
f 1141/1141/1141 1139/1139/1139 1142/1142/1142
f 1143/1143/1143 1141/1141/1141 1142/1142/1142
f 1144/1144/1144 1143/1143/1143 1142/1142/1142
f 1142/1142/1142 1145/1145/1145 1144/1144/1144
f 1145/1145/1145 1142/1142/1142 1146/1146/1146
f 1145/1145/1145 1147/1147/1147 1144/1144/1144
f 1145/1145/1145 1146/1146/1146 1148/1148/1148
f 1149/1149/1149 1144/1144/1144 1147/1147/1147
f 1148/1148/1148 1146/1146/1146 1150/1150/1150
f 1149/1149/1149 1147/1147/1147 1151/1151/1151
f 1148/1148/1148 1150/1150/1150 1152/1152/1152
f 1152/1152/1152 1150/1150/1150 1153/1153/1153
f 1152/1152/1152 1153/1153/1153 1154/1154/1154
f 1154/1154/1154 1153/1153/1153 1155/1155/1155
f 1156/1156/1156 1154/1154/1154 1155/1155/1155
f 1156/1156/1156 1155/1155/1155 1157/1157/1157
f 1158/1158/1158 1156/1156/1156 1157/1157/1157
f 1159/1159/1159 1149/1149/1149 1151/1151/1151
f 1158/1158/1158 1157/1157/1157 1160/1160/1160
f 1158/1158/1158 1160/1160/1160 1161/1161/1161
f 1159/1159/1159 1151/1151/1151 1162/1162/1162
f 1160/1160/1160 1163/1163/1163 1161/1161/1161
f 1163/1163/1163 1160/1160/1160 1082/1082/1082
f 1163/1163/1163 1082/1082/1082 1084/1084/1084
f 1163/1163/1163 1084/1084/1084 1164/1164/1164
f 1161/1161/1161 1163/1163/1163 1165/1165/1165
f 1163/1163/1163 1166/1166/1166 1165/1165/1165
f 1166/1166/1166 1167/1167/1167 1165/1165/1165
f 1168/1168/1168 1167/1167/1167 1166/1166/1166
f 1168/1168/1168 1162/1162/1162 1167/1167/1167
f 1168/1168/1168 1159/1159/1159 1162/1162/1162
f 1168/1168/1168 1169/1169/1169 1159/1159/1159
f 1169/1169/1169 1170/1170/1170 1159/1159/1159
f 1173/1173/1173 1172/1172/1172 1171/1171/1171
f 1174/1174/1174 1172/1172/1172 1173/1173/1173
f 1175/1175/1175 1174/1174/1174 1173/1173/1173
f 1176/1176/1176 1174/1174/1174 1175/1175/1175
f 1177/1177/1177 1174/1174/1174 1176/1176/1176
f 1177/1177/1177 1178/1178/1178 1174/1174/1174
f 1179/1179/1179 1178/1178/1178 1177/1177/1177
f 1178/1178/1178 1179/1179/1179 1180/1180/1180
f 1178/1178/1178 1180/1180/1180 1181/1181/1181
f 1180/1180/1180 1182/1182/1182 1181/1181/1181
f 1182/1182/1182 1183/1183/1183 1181/1181/1181
f 1181/1181/1181 1183/1183/1183 1184/1184/1184
f 1187/1187/1187 1186/1186/1186 1185/1185/1185
f 1187/1187/1187 1185/1185/1185 1188/1188/1188
f 1188/1188/1188 1185/1185/1185 1189/1189/1189
f 1189/1189/1189 1190/1190/1190 1188/1188/1188
f 1190/1190/1190 1189/1189/1189 1191/1191/1191
f 1192/1192/1192 1190/1190/1190 1191/1191/1191
f 1191/1191/1191 1193/1193/1193 1192/1192/1192
f 1194/1194/1194 1193/1193/1193 1191/1191/1191
f 1194/1194/1194 985/985/985 1193/1193/1193
f 1195/1195/1195 985/985/985 1194/1194/1194
f 1195/1195/1195 986/986/986 985/985/985
f 1196/1196/1196 986/986/986 1195/1195/1195
f 1197/1197/1197 986/986/986 1196/1196/1196
f 1198/1198/1198 1197/1197/1197 1196/1196/1196
f 1198/1198/1198 1199/1199/1199 1197/1197/1197
f 1198/1198/1198 1200/1200/1200 1199/1199/1199
f 1199/1199/1199 1201/1201/1201 1197/1197/1197
f 1199/1199/1199 1200/1200/1200 1202/1202/1202
f 1200/1200/1200 1203/1203/1203 1202/1202/1202
f 1199/1199/1199 1204/1204/1204 1201/1201/1201
f 1199/1199/1199 1202/1202/1202 1204/1204/1204
f 1202/1202/1202 1203/1203/1203 1205/1205/1205
f 1202/1202/1202 1205/1205/1205 1204/1204/1204
f 1204/1204/1204 1206/1206/1206 1201/1201/1201
f 1205/1205/1205 1206/1206/1206 1204/1204/1204
f 1206/1206/1206 1207/1207/1207 1201/1201/1201
f 1208/1208/1208 1205/1205/1205 1203/1203/1203
f 1208/1208/1208 1203/1203/1203 1209/1209/1209
f 1208/1208/1208 1209/1209/1209 1210/1210/1210
f 1208/1208/1208 1210/1210/1210 1211/1211/1211
f 1210/1210/1210 1212/1212/1212 1211/1211/1211
f 1208/1208/1208 1213/1213/1213 1205/1205/1205
f 1208/1208/1208 1211/1211/1211 1213/1213/1213
f 1205/1205/1205 1214/1214/1214 1206/1206/1206
f 1213/1213/1213 1214/1214/1214 1205/1205/1205
f 1215/1215/1215 1207/1207/1207 1206/1206/1206
f 1206/1206/1206 1214/1214/1214 1215/1215/1215
f 1207/1207/1207 1215/1215/1215 1216/1216/1216
f 1207/1207/1207 1216/1216/1216 1217/1217/1217
f 1218/1218/1218 1211/1211/1211 1212/1212/1212
f 1218/1218/1218 1212/1212/1212 658/658/658
f 1214/1214/1214 1219/1219/1219 1215/1215/1215
f 1215/1215/1215 1219/1219/1219 1216/1216/1216
f 1213/1213/1213 1211/1211/1211 1220/1220/1220
f 1218/1218/1218 1221/1221/1221 1211/1211/1211
f 1220/1220/1220 1211/1211/1211 1221/1221/1221
f 1214/1214/1214 1213/1213/1213 1222/1222/1222
f 1213/1213/1213 1220/1220/1220 1223/1223/1223
f 1213/1213/1213 1223/1223/1223 1222/1222/1222
f 1224/1224/1224 1214/1214/1214 1222/1222/1222
f 1224/1224/1224 1219/1219/1219 1214/1214/1214
f 1224/1224/1224 1222/1222/1222 1223/1223/1223
f 1225/1225/1225 1224/1224/1224 1223/1223/1223
f 1220/1220/1220 1226/1226/1226 1223/1223/1223
f 1221/1221/1221 1226/1226/1226 1220/1220/1220
f 1223/1223/1223 1226/1226/1226 1225/1225/1225
f 1227/1227/1227 1219/1219/1219 1224/1224/1224
f 1225/1225/1225 1227/1227/1227 1224/1224/1224
f 1219/1219/1219 1227/1227/1227 1228/1228/1228
f 1219/1219/1219 1228/1228/1228 1216/1216/1216
f 1228/1228/1228 1227/1227/1227 1229/1229/1229
f 1225/1225/1225 1229/1229/1229 1227/1227/1227
f 1216/1216/1216 1228/1228/1228 1229/1229/1229
f 1216/1216/1216 1229/1229/1229 1230/1230/1230
f 1216/1216/1216 1230/1230/1230 1231/1231/1231
f 1216/1216/1216 1231/1231/1231 1217/1217/1217
f 1217/1217/1217 1231/1231/1231 1232/1232/1232
f 1233/1233/1233 1217/1217/1217 1232/1232/1232
f 1232/1232/1232 1231/1231/1231 1234/1234/1234
f 1231/1231/1231 1230/1230/1230 1234/1234/1234
f 1232/1232/1232 1234/1234/1234 1235/1235/1235
f 1235/1235/1235 1234/1234/1234 1236/1236/1236
f 1235/1235/1235 1236/1236/1236 1237/1237/1237
f 1238/1238/1238 1234/1234/1234 1230/1230/1230
f 1238/1238/1238 1236/1236/1236 1234/1234/1234
f 1239/1239/1239 1230/1230/1230 1229/1229/1229
f 1238/1238/1238 1230/1230/1230 1239/1239/1239
f 1236/1236/1236 1240/1240/1240 1237/1237/1237
f 1240/1240/1240 1236/1236/1236 1238/1238/1238
f 1237/1237/1237 1240/1240/1240 1241/1241/1241
f 1237/1237/1237 1241/1241/1241 1242/1242/1242
f 1240/1240/1240 1243/1243/1243 1241/1241/1241
f 1244/1244/1244 1240/1240/1240 1238/1238/1238
f 1244/1244/1244 1238/1238/1238 1239/1239/1239
f 1241/1241/1241 1245/1245/1245 1242/1242/1242
f 1246/1246/1246 1245/1245/1245 1241/1241/1241
f 1247/1247/1247 1245/1245/1245 1246/1246/1246
f 1247/1247/1247 1248/1248/1248 1245/1245/1245
f 1239/1239/1239 1229/1229/1229 1249/1249/1249
f 1229/1229/1229 1225/1225/1225 1249/1249/1249
f 1244/1244/1244 1239/1239/1239 1250/1250/1250
f 1239/1239/1239 1249/1249/1249 1250/1250/1250
f 1250/1250/1250 1249/1249/1249 1225/1225/1225
f 1250/1250/1250 1251/1251/1251 1244/1244/1244
f 1250/1250/1250 1252/1252/1252 1251/1251/1251
f 1225/1225/1225 1253/1253/1253 1250/1250/1250
f 1250/1250/1250 1253/1253/1253 1252/1252/1252
f 1253/1253/1253 1254/1254/1254 1252/1252/1252
f 1253/1253/1253 1255/1255/1255 1254/1254/1254
f 1254/1254/1254 1255/1255/1255 1256/1256/1256
f 1225/1225/1225 1226/1226/1226 1253/1253/1253
f 1256/1256/1256 1255/1255/1255 1257/1257/1257
f 1258/1258/1258 1253/1253/1253 1226/1226/1226
f 1255/1255/1255 1253/1253/1253 1258/1258/1258
f 1255/1255/1255 1259/1259/1259 1257/1257/1257
f 1259/1259/1259 1260/1260/1260 1257/1257/1257
f 1261/1261/1261 1258/1258/1258 1226/1226/1226
f 1221/1221/1221 1261/1261/1261 1226/1226/1226
f 1262/1262/1262 1260/1260/1260 1259/1259/1259
f 1263/1263/1263 1259/1259/1259 1255/1255/1255
f 1262/1262/1262 1259/1259/1259 1263/1263/1263
f 1260/1260/1260 1262/1262/1262 1264/1264/1264
f 1260/1260/1260 1264/1264/1264 1265/1265/1265
f 1264/1264/1264 1262/1262/1262 1266/1266/1266
f 1262/1262/1262 1263/1263/1263 1266/1266/1266
f 1263/1263/1263 1267/1267/1267 1266/1266/1266
f 1264/1264/1264 1268/1268/1268 1265/1265/1265
f 1268/1268/1268 1269/1269/1269 1265/1265/1265
f 1268/1268/1268 1270/1270/1270 1269/1269/1269
f 1268/1268/1268 1271/1271/1271 1270/1270/1270
f 1271/1271/1271 1272/1272/1272 1270/1270/1270
f 1273/1273/1273 1264/1264/1264 1266/1266/1266
f 1271/1271/1271 1274/1274/1274 1272/1272/1272
f 1272/1272/1272 1274/1274/1274 1275/1275/1275
f 1275/1275/1275 1274/1274/1274 1276/1276/1276
f 1274/1274/1274 1277/1277/1277 1276/1276/1276
f 1276/1276/1276 1277/1277/1277 1278/1278/1278
f 1279/1279/1279 1273/1273/1273 1266/1266/1266
f 1280/1280/1280 1279/1279/1279 1266/1266/1266
f 1267/1267/1267 1280/1280/1280 1266/1266/1266
f 1280/1280/1280 1281/1281/1281 1279/1279/1279
f 1267/1267/1267 1281/1281/1281 1280/1280/1280
f 1279/1279/1279 1281/1281/1281 1282/1282/1282
f 1283/1283/1283 1279/1279/1279 1282/1282/1282
f 1282/1282/1282 1284/1284/1284 1283/1283/1283
f 1283/1283/1283 1284/1284/1284 1285/1285/1285
f 1286/1286/1286 1285/1285/1285 1284/1284/1284
f 1286/1286/1286 1284/1284/1284 1287/1287/1287
f 1282/1282/1282 1288/1288/1288 1284/1284/1284
f 1284/1284/1284 1288/1288/1288 1287/1287/1287
f 1289/1289/1289 1286/1286/1286 1287/1287/1287
f 1286/1286/1286 1289/1289/1289 1290/1290/1290
f 1291/1291/1291 1287/1287/1287 1288/1288/1288
f 1291/1291/1291 1288/1288/1288 1282/1282/1282
f 1292/1292/1292 1291/1291/1291 1282/1282/1282
f 1287/1287/1287 1291/1291/1291 1293/1293/1293
f 1293/1293/1293 1289/1289/1289 1287/1287/1287
f 1294/1294/1294 1293/1293/1293 1291/1291/1291
f 1294/1294/1294 1291/1291/1291 1292/1292/1292
f 1282/1282/1282 1281/1281/1281 1295/1295/1295
f 1292/1292/1292 1282/1282/1282 1295/1295/1295
f 1295/1295/1295 1281/1281/1281 1296/1296/1296
f 1297/1297/1297 1290/1290/1290 1289/1289/1289
f 1297/1297/1297 1298/1298/1298 1290/1290/1290
f 1299/1299/1299 1289/1289/1289 1293/1293/1293
f 1299/1299/1299 1293/1293/1293 1294/1294/1294
f 1292/1292/1292 1295/1295/1295 1300/1300/1300
f 1295/1295/1295 1296/1296/1296 1300/1300/1300
f 1281/1281/1281 1301/1301/1301 1296/1296/1296
f 1267/1267/1267 1301/1301/1301 1281/1281/1281
f 1297/1297/1297 1289/1289/1289 1302/1302/1302
f 1299/1299/1299 1302/1302/1302 1289/1289/1289
f 1302/1302/1302 1303/1303/1303 1297/1297/1297
f 1299/1299/1299 1303/1303/1303 1302/1302/1302
f 1298/1298/1298 1297/1297/1297 1304/1304/1304
f 1297/1297/1297 1303/1303/1303 1304/1304/1304
f 1305/1305/1305 1299/1299/1299 1294/1294/1294
f 1305/1305/1305 1303/1303/1303 1299/1299/1299
f 1306/1306/1306 1305/1305/1305 1294/1294/1294
f 1306/1306/1306 1303/1303/1303 1305/1305/1305
f 1294/1294/1294 1292/1292/1292 1306/1306/1306
f 1307/1307/1307 1298/1298/1298 1304/1304/1304
f 1298/1298/1298 1307/1307/1307 1308/1308/1308
f 1307/1307/1307 1309/1309/1309 1308/1308/1308
f 1308/1308/1308 1309/1309/1309 1310/1310/1310
f 1311/1311/1311 1310/1310/1310 1309/1309/1309
f 1311/1311/1311 1309/1309/1309 1312/1312/1312
f 1312/1312/1312 1309/1309/1309 1313/1313/1313
f 1314/1314/1314 1313/1313/1313 1309/1309/1309
f 1304/1304/1304 1303/1303/1303 1315/1315/1315
f 1304/1304/1304 1315/1315/1315 1307/1307/1307
f 1309/1309/1309 1307/1307/1307 1316/1316/1316
f 1307/1307/1307 1315/1315/1315 1316/1316/1316
f 1309/1309/1309 1317/1317/1317 1314/1314/1314
f 1314/1314/1314 1317/1317/1317 1318/1318/1318
f 1318/1318/1318 1319/1319/1319 1314/1314/1314
f 1314/1314/1314 1319/1319/1319 1320/1320/1320
f 1321/1321/1321 1314/1314/1314 1320/1320/1320
f 1321/1321/1321 1320/1320/1320 1322/1322/1322
f 1309/1309/1309 1316/1316/1316 1323/1323/1323
f 1321/1321/1321 1322/1322/1322 1324/1324/1324
f 1322/1322/1322 1325/1325/1325 1324/1324/1324
f 1324/1324/1324 1326/1326/1326 1321/1321/1321
f 1324/1324/1324 1327/1327/1327 1326/1326/1326
f 1326/1326/1326 1327/1327/1327 1328/1328/1328
f 1328/1328/1328 1327/1327/1327 1329/1329/1329
f 1327/1327/1327 1330/1330/1330 1329/1329/1329
f 1329/1329/1329 1330/1330/1330 1331/1331/1331
f 1331/1331/1331 1330/1330/1330 1332/1332/1332
f 1331/1331/1331 1332/1332/1332 1333/1333/1333
f 1331/1331/1331 1333/1333/1333 1334/1334/1334
f 1334/1334/1334 1333/1333/1333 1335/1335/1335
f 1333/1333/1333 1336/1336/1336 1335/1335/1335
f 1335/1335/1335 1336/1336/1336 1337/1337/1337
f 1337/1337/1337 1336/1336/1336 1338/1338/1338
f 1336/1336/1336 1339/1339/1339 1338/1338/1338
f 1340/1340/1340 1338/1338/1338 1339/1339/1339
f 1341/1341/1341 1338/1338/1338 1340/1340/1340
f 1339/1339/1339 1342/1342/1342 1340/1340/1340
f 1343/1343/1343 1342/1342/1342 1339/1339/1339
f 1344/1344/1344 1341/1341/1341 1340/1340/1340
f 1345/1345/1345 1341/1341/1341 1344/1344/1344
f 1342/1342/1342 1346/1346/1346 1340/1340/1340
f 1340/1340/1340 1346/1346/1346 1347/1347/1347
f 1344/1344/1344 1340/1340/1340 1347/1347/1347
f 1348/1348/1348 1345/1345/1345 1344/1344/1344
f 1348/1348/1348 1344/1344/1344 1347/1347/1347
f 1349/1349/1349 1345/1345/1345 1348/1348/1348
f 1350/1350/1350 1349/1349/1349 1348/1348/1348
f 1351/1351/1351 1350/1350/1350 1348/1348/1348
f 1351/1351/1351 1348/1348/1348 1347/1347/1347
f 1352/1352/1352 1351/1351/1351 1347/1347/1347
f 1353/1353/1353 1352/1352/1352 1347/1347/1347
f 1354/1354/1354 1342/1342/1342 1343/1343/1343
f 1354/1354/1354 1343/1343/1343 1355/1355/1355
f 1355/1355/1355 1343/1343/1343 1356/1356/1356
f 1354/1354/1354 1357/1357/1357 1342/1342/1342
f 1357/1357/1357 1358/1358/1358 1342/1342/1342
f 1357/1357/1357 1359/1359/1359 1358/1358/1358
f 1360/1360/1360 1358/1358/1358 1359/1359/1359
f 1354/1354/1354 1361/1361/1361 1357/1357/1357
f 1354/1354/1354 1362/1362/1362 1361/1361/1361
f 1354/1354/1354 1355/1355/1355 1362/1362/1362
f 1362/1362/1362 1363/1363/1363 1361/1361/1361
f 1362/1362/1362 1355/1355/1355 1363/1363/1363
f 1363/1363/1363 1355/1355/1355 1364/1364/1364
f 1363/1363/1363 1364/1364/1364 1365/1365/1365
f 1366/1366/1366 1363/1363/1363 1365/1365/1365
f 1367/1367/1367 1366/1366/1366 1365/1365/1365
f 1368/1368/1368 1366/1366/1366 1367/1367/1367
f 1367/1367/1367 1365/1365/1365 1369/1369/1369
f 1367/1367/1367 1369/1369/1369 1370/1370/1370
f 1373/1373/1373 1372/1372/1372 1371/1371/1371
f 1372/1372/1372 1373/1373/1373 1374/1374/1374
f 1372/1372/1372 1374/1374/1374 1375/1375/1375
f 1375/1375/1375 1374/1374/1374 1376/1376/1376
f 1379/1379/1379 1378/1378/1378 1377/1377/1377
f 1379/1379/1379 1377/1377/1377 1380/1380/1380
f 1380/1380/1380 1377/1377/1377 1381/1381/1381
f 1381/1381/1381 1377/1377/1377 1382/1382/1382
f 1383/1383/1383 1379/1379/1379 1380/1380/1380
f 1384/1384/1384 1379/1379/1379 1383/1383/1383
f 1383/1383/1383 1385/1385/1385 1384/1384/1384
f 1385/1385/1385 1383/1383/1383 1380/1380/1380
f 1381/1381/1381 1382/1382/1382 1386/1386/1386
f 1382/1382/1382 1387/1387/1387 1386/1386/1386
f 1384/1384/1384 1385/1385/1385 1388/1388/1388
f 1388/1388/1388 1389/1389/1389 1384/1384/1384
f 1388/1388/1388 1390/1390/1390 1389/1389/1389
f 1390/1390/1390 1391/1391/1391 1389/1389/1389
f 1390/1390/1390 1392/1392/1392 1391/1391/1391
f 1385/1385/1385 1380/1380/1380 1393/1393/1393
f 1394/1394/1394 1380/1380/1380 1381/1381/1381
f 1393/1393/1393 1380/1380/1380 1394/1394/1394
f 1393/1393/1393 1395/1395/1395 1385/1385/1385
f 1385/1385/1385 1395/1395/1395 1388/1388/1388
f 1394/1394/1394 1396/1396/1396 1393/1393/1393
f 1393/1393/1393 1396/1396/1396 1395/1395/1395
f 1396/1396/1396 1394/1394/1394 1381/1381/1381
f 1388/1388/1388 1395/1395/1395 1397/1397/1397
f 1388/1388/1388 1397/1397/1397 1398/1398/1398
f 1398/1398/1398 1390/1390/1390 1388/1388/1388
f 1398/1398/1398 1397/1397/1397 1399/1399/1399
f 1400/1400/1400 1392/1392/1392 1390/1390/1390
f 1390/1390/1390 1398/1398/1398 1400/1400/1400
f 1401/1401/1401 1392/1392/1392 1400/1400/1400
f 1401/1401/1401 1400/1400/1400 1398/1398/1398
f 1401/1401/1401 1402/1402/1402 1392/1392/1392
f 1396/1396/1396 1381/1381/1381 1403/1403/1403
f 1403/1403/1403 1381/1381/1381 1386/1386/1386
f 1396/1396/1396 1403/1403/1403 1404/1404/1404
f 1396/1396/1396 1404/1404/1404 1405/1405/1405
f 1396/1396/1396 1405/1405/1405 1406/1406/1406
f 1405/1405/1405 1407/1407/1407 1406/1406/1406
f 1406/1406/1406 1407/1407/1407 1408/1408/1408
f 1407/1407/1407 1409/1409/1409 1408/1408/1408
f 1409/1409/1409 1410/1410/1410 1408/1408/1408
f 1408/1408/1408 1410/1410/1410 1411/1411/1411
f 1410/1410/1410 1412/1412/1412 1411/1411/1411
f 1411/1411/1411 1412/1412/1412 1413/1413/1413
f 1412/1412/1412 1414/1414/1414 1413/1413/1413
f 1413/1413/1413 1414/1414/1414 1415/1415/1415
f 1415/1415/1415 1414/1414/1414 1416/1416/1416
f 1415/1415/1415 1416/1416/1416 1417/1417/1417
f 1417/1417/1417 1416/1416/1416 1418/1418/1418
f 1419/1419/1419 1418/1418/1418 1416/1416/1416
f 1416/1416/1416 1420/1420/1420 1419/1419/1419
f 1421/1421/1421 1420/1420/1420 1416/1416/1416
f 1421/1421/1421 1422/1422/1422 1420/1420/1420
f 1423/1423/1423 1422/1422/1422 1421/1421/1421
f 1423/1423/1423 1424/1424/1424 1422/1422/1422
f 1425/1425/1425 1424/1424/1424 1423/1423/1423
f 1425/1425/1425 1426/1426/1426 1424/1424/1424
f 1427/1427/1427 1426/1426/1426 1425/1425/1425
f 1427/1427/1427 1428/1428/1428 1426/1426/1426
f 1429/1429/1429 1428/1428/1428 1427/1427/1427
f 1429/1429/1429 1430/1430/1430 1428/1428/1428
f 1431/1431/1431 1430/1430/1430 1429/1429/1429
f 1431/1431/1431 1432/1432/1432 1430/1430/1430
f 1433/1433/1433 1432/1432/1432 1431/1431/1431
f 1434/1434/1434 1432/1432/1432 1433/1433/1433
f 1434/1434/1434 1435/1435/1435 1432/1432/1432
f 1386/1386/1386 1435/1435/1435 1434/1434/1434
f 1386/1386/1386 1436/1436/1436 1435/1435/1435
f 1436/1436/1436 1386/1386/1386 1387/1387/1387
f 1437/1437/1437 1436/1436/1436 1387/1387/1387
f 1438/1438/1438 1437/1437/1437 1387/1387/1387
f 1437/1437/1437 1438/1438/1438 1439/1439/1439
f 1439/1439/1439 1438/1438/1438 1440/1440/1440
f 1439/1439/1439 1440/1440/1440 1441/1441/1441
f 1439/1439/1439 1441/1441/1441 1442/1442/1442
f 1443/1443/1443 1442/1442/1442 1441/1441/1441
f 1444/1444/1444 1442/1442/1442 1443/1443/1443
f 1443/1443/1443 1445/1445/1445 1444/1444/1444
f 1444/1444/1444 1445/1445/1445 1446/1446/1446
f 1445/1445/1445 1443/1443/1443 1447/1447/1447
f 1446/1446/1446 1445/1445/1445 1448/1448/1448
f 1446/1446/1446 1448/1448/1448 1449/1449/1449
f 1449/1449/1449 1448/1448/1448 1450/1450/1450
f 1450/1450/1450 1451/1451/1451 1449/1449/1449
f 1452/1452/1452 1451/1451/1451 1450/1450/1450
f 1452/1452/1452 1453/1453/1453 1451/1451/1451
f 1454/1454/1454 1453/1453/1453 1452/1452/1452
f 1454/1454/1454 1455/1455/1455 1453/1453/1453
f 1456/1456/1456 1455/1455/1455 1454/1454/1454
f 1457/1457/1457 1455/1455/1455 1456/1456/1456
f 1457/1457/1457 1458/1458/1458 1455/1455/1455
f 1459/1459/1459 1458/1458/1458 1457/1457/1457
f 1459/1459/1459 1460/1460/1460 1458/1458/1458
f 1459/1459/1459 1461/1461/1461 1460/1460/1460
f 1462/1462/1462 1461/1461/1461 1459/1459/1459
f 1462/1462/1462 1463/1463/1463 1461/1461/1461
f 1464/1464/1464 1463/1463/1463 1462/1462/1462
f 1465/1465/1465 1463/1463/1463 1464/1464/1464
f 1465/1465/1465 1466/1466/1466 1463/1463/1463
f 1467/1467/1467 1466/1466/1466 1465/1465/1465
f 1467/1467/1467 1468/1468/1468 1466/1466/1466
f 1468/1468/1468 1467/1467/1467 1469/1469/1469
f 1470/1470/1470 1468/1468/1468 1469/1469/1469
f 1471/1471/1471 1468/1468/1468 1470/1470/1470
f 1471/1471/1471 1470/1470/1470 1472/1472/1472
f 1472/1472/1472 1470/1470/1470 1473/1473/1473
f 1472/1472/1472 1473/1473/1473 1474/1474/1474
f 1472/1472/1472 1474/1474/1474 1475/1475/1475
f 1476/1476/1476 1475/1475/1475 1474/1474/1474
f 1477/1477/1477 1469/1469/1469 1467/1467/1467
f 1478/1478/1478 1475/1475/1475 1476/1476/1476
f 1479/1479/1479 1477/1477/1477 1467/1467/1467
f 1480/1480/1480 1479/1479/1479 1467/1467/1467
f 1479/1479/1479 1481/1481/1481 1477/1477/1477
f 1482/1482/1482 1481/1481/1481 1479/1479/1479
f 1482/1482/1482 1483/1483/1483 1481/1481/1481
f 1484/1484/1484 1483/1483/1483 1482/1482/1482
f 1476/1476/1476 1485/1485/1485 1478/1478/1478
f 1478/1478/1478 1485/1485/1485 1486/1486/1486
f 1485/1485/1485 1476/1476/1476 1487/1487/1487
f 1486/1486/1486 1485/1485/1485 1488/1488/1488
f 1486/1486/1486 1488/1488/1488 1489/1489/1489
f 1489/1489/1489 1488/1488/1488 1490/1490/1490
f 1490/1490/1490 1491/1491/1491 1489/1489/1489
f 1492/1492/1492 1491/1491/1491 1490/1490/1490
f 1492/1492/1492 1493/1493/1493 1491/1491/1491
f 1494/1494/1494 1493/1493/1493 1492/1492/1492
f 1494/1494/1494 1495/1495/1495 1493/1493/1493
f 1496/1496/1496 1495/1495/1495 1494/1494/1494
f 1496/1496/1496 1497/1497/1497 1495/1495/1495
f 1498/1498/1498 1497/1497/1497 1496/1496/1496
f 1498/1498/1498 1499/1499/1499 1497/1497/1497
f 1500/1500/1500 1499/1499/1499 1498/1498/1498
f 1500/1500/1500 1501/1501/1501 1499/1499/1499
f 1502/1502/1502 1501/1501/1501 1500/1500/1500
f 1502/1502/1502 1503/1503/1503 1501/1501/1501
f 1504/1504/1504 1503/1503/1503 1502/1502/1502
f 1505/1505/1505 1503/1503/1503 1504/1504/1504
f 1505/1505/1505 1506/1506/1506 1503/1503/1503
f 1505/1505/1505 1507/1507/1507 1506/1506/1506
f 1507/1507/1507 1505/1505/1505 1508/1508/1508
f 1509/1509/1509 1507/1507/1507 1508/1508/1508
f 1510/1510/1510 1507/1507/1507 1509/1509/1509
f 1510/1510/1510 1509/1509/1509 1511/1511/1511
f 1511/1511/1511 1509/1509/1509 1512/1512/1512
f 1511/1511/1511 1512/1512/1512 1513/1513/1513
f 1511/1511/1511 1513/1513/1513 1514/1514/1514
f 1515/1515/1515 1514/1514/1514 1513/1513/1513
f 1516/1516/1516 1514/1514/1514 1515/1515/1515
f 1517/1517/1517 1508/1508/1508 1505/1505/1505
f 1515/1515/1515 1518/1518/1518 1516/1516/1516
f 1516/1516/1516 1518/1518/1518 1519/1519/1519
f 1518/1518/1518 1515/1515/1515 1520/1520/1520
f 1521/1521/1521 1517/1517/1517 1505/1505/1505
f 1521/1521/1521 1522/1522/1522 1517/1517/1517
f 1523/1523/1523 1522/1522/1522 1521/1521/1521
f 1523/1523/1523 1524/1524/1524 1522/1522/1522
f 1525/1525/1525 1524/1524/1524 1523/1523/1523
f 1519/1519/1519 1518/1518/1518 1418/1418/1418
f 1519/1519/1519 1418/1418/1418 1419/1419/1419
f 1518/1518/1518 1520/1520/1520 1526/1526/1526
f 1518/1518/1518 1526/1526/1526 1418/1418/1418
f 1526/1526/1526 1520/1520/1520 1527/1527/1527
f 1528/1528/1528 1521/1521/1521 1505/1505/1505
f 1528/1528/1528 1505/1505/1505 1529/1529/1529
f 1528/1528/1528 1529/1529/1529 1530/1530/1530
f 1418/1418/1418 1526/1526/1526 1531/1531/1531
f 1418/1418/1418 1531/1531/1531 1532/1532/1532
f 1526/1526/1526 1527/1527/1527 1533/1533/1533
f 1531/1531/1531 1526/1526/1526 1533/1533/1533
f 1531/1531/1531 1534/1534/1534 1532/1532/1532
f 1531/1531/1531 1533/1533/1533 1534/1534/1534
f 1534/1534/1534 1535/1535/1535 1532/1532/1532
f 1533/1533/1533 1527/1527/1527 1536/1536/1536
f 1536/1536/1536 1534/1534/1534 1533/1533/1533
f 1536/1536/1536 1527/1527/1527 1537/1537/1537
f 1538/1538/1538 1535/1535/1535 1534/1534/1534
f 1538/1538/1538 1534/1534/1534 1536/1536/1536
f 1538/1538/1538 1539/1539/1539 1535/1535/1535
f 1528/1528/1528 1530/1530/1530 1540/1540/1540
f 1530/1530/1530 1541/1541/1541 1540/1540/1540
f 1540/1540/1540 1541/1541/1541 1542/1542/1542
f 1541/1541/1541 1543/1543/1543 1542/1542/1542
f 1543/1543/1543 1544/1544/1544 1542/1542/1542
f 1542/1542/1542 1544/1544/1544 1545/1545/1545
f 1544/1544/1544 1546/1546/1546 1545/1545/1545
f 1545/1545/1545 1546/1546/1546 1547/1547/1547
f 1546/1546/1546 1548/1548/1548 1547/1547/1547
f 1547/1547/1547 1548/1548/1548 1549/1549/1549
f 1549/1549/1549 1548/1548/1548 1550/1550/1550
f 1549/1549/1549 1550/1550/1550 1551/1551/1551
f 1551/1551/1551 1550/1550/1550 1552/1552/1552
f 1552/1552/1552 1553/1553/1553 1551/1551/1551
f 1485/1485/1485 1553/1553/1553 1552/1552/1552
f 1485/1485/1485 1487/1487/1487 1553/1553/1553
f 1553/1553/1553 1487/1487/1487 1554/1554/1554
f 1551/1551/1551 1553/1553/1553 1555/1555/1555
f 1553/1553/1553 1554/1554/1554 1556/1556/1556
f 1555/1555/1555 1553/1553/1553 1556/1556/1556
f 1555/1555/1555 1557/1557/1557 1551/1551/1551
f 1555/1555/1555 1556/1556/1556 1557/1557/1557
f 1557/1557/1557 1558/1558/1558 1551/1551/1551
f 1556/1556/1556 1554/1554/1554 1559/1559/1559
f 1559/1559/1559 1557/1557/1557 1556/1556/1556
f 1559/1559/1559 1554/1554/1554 1560/1560/1560
f 1561/1561/1561 1558/1558/1558 1557/1557/1557
f 1561/1561/1561 1557/1557/1557 1559/1559/1559
f 1561/1561/1561 1562/1562/1562 1558/1558/1558
f 1559/1559/1559 1560/1560/1560 1563/1563/1563
f 1561/1561/1561 1559/1559/1559 1563/1563/1563
f 1561/1561/1561 1564/1564/1564 1562/1562/1562
f 1561/1561/1561 1563/1563/1563 1564/1564/1564
f 1564/1564/1564 1565/1565/1565 1562/1562/1562
f 1563/1563/1563 1560/1560/1560 1566/1566/1566
f 1563/1563/1563 1566/1566/1566 1564/1564/1564
f 1566/1566/1566 1560/1560/1560 1567/1567/1567
f 1564/1564/1564 1568/1568/1568 1565/1565/1565
f 1564/1564/1564 1566/1566/1566 1568/1568/1568
f 1566/1566/1566 1567/1567/1567 1569/1569/1569
f 1566/1566/1566 1569/1569/1569 1568/1568/1568
f 1569/1569/1569 1567/1567/1567 1570/1570/1570
f 1569/1569/1569 1570/1570/1570 1568/1568/1568
f 1570/1570/1570 1567/1567/1567 1571/1571/1571
f 1572/1572/1572 1565/1565/1565 1568/1568/1568
f 1568/1568/1568 1570/1570/1570 1572/1572/1572
f 1572/1572/1572 1573/1573/1573 1565/1565/1565
f 1570/1570/1570 1571/1571/1571 1574/1574/1574
f 1570/1570/1570 1574/1574/1574 1572/1572/1572
f 1574/1574/1574 1571/1571/1571 1575/1575/1575
f 1575/1575/1575 1572/1572/1572 1574/1574/1574
f 1575/1575/1575 1571/1571/1571 1576/1576/1576
f 1575/1575/1575 1576/1576/1576 1577/1577/1577
f 1578/1578/1578 1573/1573/1573 1572/1572/1572
f 1572/1572/1572 1575/1575/1575 1578/1578/1578
f 1578/1578/1578 1575/1575/1575 1577/1577/1577
f 1578/1578/1578 1579/1579/1579 1573/1573/1573
f 1578/1578/1578 1577/1577/1577 1580/1580/1580
f 1581/1581/1581 1579/1579/1579 1578/1578/1578
f 1580/1580/1580 1581/1581/1581 1578/1578/1578
f 1582/1582/1582 1579/1579/1579 1581/1581/1581
f 1582/1582/1582 1528/1528/1528 1579/1579/1579
f 1583/1583/1583 1581/1581/1581 1580/1580/1580
f 1580/1580/1580 1525/1525/1525 1583/1583/1583
f 1583/1583/1583 1525/1525/1525 1523/1523/1523
f 1581/1581/1581 1583/1583/1583 1523/1523/1523
f 1581/1581/1581 1523/1523/1523 1582/1582/1582
f 1584/1584/1584 1528/1528/1528 1582/1582/1582
f 1582/1582/1582 1523/1523/1523 1584/1584/1584
f 1528/1528/1528 1584/1584/1584 1521/1521/1521
f 1584/1584/1584 1523/1523/1523 1521/1521/1521
f 1587/1587/1587 1586/1586/1586 1585/1585/1585
f 1587/1587/1587 1588/1588/1588 1586/1586/1586
f 1587/1587/1587 1589/1589/1589 1588/1588/1588
f 1589/1589/1589 1590/1590/1590 1588/1588/1588
f 1589/1589/1589 1591/1591/1591 1590/1590/1590
f 1592/1592/1592 1591/1591/1591 1589/1589/1589
f 1591/1591/1591 1593/1593/1593 1590/1590/1590
f 1592/1592/1592 1594/1594/1594 1591/1591/1591
f 1590/1590/1590 1593/1593/1593 1595/1595/1595
f 1592/1592/1592 1596/1596/1596 1594/1594/1594
f 1593/1593/1593 1597/1597/1597 1595/1595/1595
f 1596/1596/1596 1598/1598/1598 1594/1594/1594
f 1596/1596/1596 1599/1599/1599 1598/1598/1598
f 1599/1599/1599 1600/1600/1600 1598/1598/1598
f 1597/1597/1597 1601/1601/1601 1595/1595/1595
f 1597/1597/1597 1602/1602/1602 1601/1601/1601
f 1602/1602/1602 1603/1603/1603 1601/1601/1601
f 1603/1603/1603 1604/1604/1604 1601/1601/1601
f 1604/1604/1604 1603/1603/1603 1605/1605/1605
f 1599/1599/1599 1606/1606/1606 1600/1600/1600
f 1607/1607/1607 1604/1604/1604 1605/1605/1605
f 1608/1608/1608 1607/1607/1607 1605/1605/1605
f 1606/1606/1606 1608/1608/1608 1600/1600/1600
f 1606/1606/1606 1607/1607/1607 1608/1608/1608
f 1606/1606/1606 1609/1609/1609 1607/1607/1607
f 1606/1606/1606 1610/1610/1610 1609/1609/1609
f 1606/1606/1606 1611/1611/1611 1610/1610/1610
f 1611/1611/1611 1612/1612/1612 1610/1610/1610
f 1611/1611/1611 1613/1613/1613 1612/1612/1612
f 1613/1613/1613 1614/1614/1614 1612/1612/1612
f 1613/1613/1613 1615/1615/1615 1614/1614/1614
f 1615/1615/1615 1616/1616/1616 1614/1614/1614
f 1614/1614/1614 1616/1616/1616 1617/1617/1617
f 1618/1618/1618 1617/1617/1617 1616/1616/1616
f 1619/1619/1619 1618/1618/1618 1616/1616/1616
f 1619/1619/1619 1620/1620/1620 1618/1618/1618
f 1620/1620/1620 1621/1621/1621 1618/1618/1618
f 1621/1621/1621 1622/1622/1622 1618/1618/1618
f 1625/1625/1625 1624/1624/1624 1623/1623/1623
f 1625/1625/1625 1626/1626/1626 1624/1624/1624
f 1627/1627/1627 1626/1626/1626 1625/1625/1625
f 1630/1630/1630 1629/1629/1629 1628/1628/1628
f 1630/1630/1630 1628/1628/1628 1631/1631/1631
f 1631/1631/1631 1628/1628/1628 1632/1632/1632
f 1628/1628/1628 1633/1633/1633 1632/1632/1632
f 1636/1636/1636 1635/1635/1635 1634/1634/1634
f 1637/1637/1637 1635/1635/1635 1636/1636/1636
f 1637/1637/1637 1638/1638/1638 1635/1635/1635
f 1639/1639/1639 1638/1638/1638 1637/1637/1637
f 1638/1638/1638 1639/1639/1639 1640/1640/1640
f 1640/1640/1640 1639/1639/1639 1641/1641/1641
f 1639/1639/1639 1642/1642/1642 1641/1641/1641
f 1641/1641/1641 1642/1642/1642 1643/1643/1643
f 1643/1643/1643 1642/1642/1642 1644/1644/1644
f 1643/1643/1643 1644/1644/1644 1645/1645/1645
f 1644/1644/1644 1646/1646/1646 1645/1645/1645
f 1646/1646/1646 1647/1647/1647 1645/1645/1645
f 1648/1648/1648 1647/1647/1647 1646/1646/1646
f 1648/1648/1648 1649/1649/1649 1647/1647/1647
f 1648/1648/1648 1650/1650/1650 1649/1649/1649
f 1650/1650/1650 1651/1651/1651 1649/1649/1649
f 1652/1652/1652 1651/1651/1651 1650/1650/1650
f 1652/1652/1652 1653/1653/1653 1651/1651/1651
f 1654/1654/1654 1653/1653/1653 1652/1652/1652
f 1654/1654/1654 1655/1655/1655 1653/1653/1653
f 1656/1656/1656 1655/1655/1655 1654/1654/1654
f 1656/1656/1656 1657/1657/1657 1655/1655/1655
f 1658/1658/1658 1657/1657/1657 1656/1656/1656
f 1659/1659/1659 1658/1658/1658 1656/1656/1656
f 1662/1662/1662 1661/1661/1661 1660/1660/1660
f 1663/1663/1663 1661/1661/1661 1662/1662/1662
f 1664/1664/1664 1663/1663/1663 1662/1662/1662
f 1663/1663/1663 1664/1664/1664 1665/1665/1665
f 1668/1668/1668 1667/1667/1667 1666/1666/1666
f 1667/1667/1667 1668/1668/1668 1669/1669/1669
f 1668/1668/1668 1670/1670/1670 1669/1669/1669
f 1669/1669/1669 1670/1670/1670 1671/1671/1671
f 1671/1671/1671 1670/1670/1670 1672/1672/1672
f 1671/1671/1671 1672/1672/1672 1673/1673/1673
f 1673/1673/1673 1672/1672/1672 1674/1674/1674
f 1673/1673/1673 1674/1674/1674 1675/1675/1675
f 1674/1674/1674 1676/1676/1676 1675/1675/1675
f 1677/1677/1677 1675/1675/1675 1676/1676/1676
f 853/853/853 1675/1675/1675 1677/1677/1677
f 852/852/852 853/853/853 1677/1677/1677
f 1678/1678/1678 852/852/852 1677/1677/1677
f 1679/1679/1679 1676/1676/1676 1674/1674/1674
f 1680/1680/1680 1679/1679/1679 1674/1674/1674
f 1681/1681/1681 1679/1679/1679 1680/1680/1680
f 1682/1682/1682 1680/1680/1680 1674/1674/1674
f 1682/1682/1682 1674/1674/1674 1683/1683/1683
f 1682/1682/1682 1683/1683/1683 1684/1684/1684
f 1685/1685/1685 1682/1682/1682 1684/1684/1684
f 1682/1682/1682 1685/1685/1685 1680/1680/1680
f 1685/1685/1685 1684/1684/1684 1686/1686/1686
f 1686/1686/1686 1684/1684/1684 838/838/838
f 830/830/830 1686/1686/1686 838/838/838
f 830/830/830 1687/1687/1687 1686/1686/1686
f 830/830/830 829/829/829 1687/1687/1687
f 1688/1688/1688 1685/1685/1685 1686/1686/1686
f 1688/1688/1688 1686/1686/1686 1687/1687/1687
f 1689/1689/1689 1680/1680/1680 1685/1685/1685
f 1688/1688/1688 1689/1689/1689 1685/1685/1685
f 1690/1690/1690 1681/1681/1681 1680/1680/1680
f 1689/1689/1689 1690/1690/1690 1680/1680/1680
f 1689/1689/1689 1688/1688/1688 1691/1691/1691
f 1691/1691/1691 1688/1688/1688 1687/1687/1687
f 1689/1689/1689 1691/1691/1691 1690/1690/1690
f 1692/1692/1692 1681/1681/1681 1690/1690/1690
f 1691/1691/1691 1692/1692/1692 1690/1690/1690
f 1692/1692/1692 1693/1693/1693 1681/1681/1681
f 1694/1694/1694 1693/1693/1693 1692/1692/1692
f 1687/1687/1687 1695/1695/1695 1691/1691/1691
f 1687/1687/1687 829/829/829 1695/1695/1695
f 1691/1691/1691 1695/1695/1695 1692/1692/1692
f 1696/1696/1696 1694/1694/1694 1692/1692/1692
f 1692/1692/1692 1695/1695/1695 1696/1696/1696
f 803/803/803 1694/1694/1694 1696/1696/1696
f 804/804/804 803/803/803 1696/1696/1696
f 1695/1695/1695 829/829/829 1697/1697/1697
f 1695/1695/1695 1697/1697/1697 1696/1696/1696
f 1696/1696/1696 1697/1697/1697 804/804/804
f 829/829/829 821/821/821 1697/1697/1697
f 1697/1697/1697 821/821/821 804/804/804
f 1700/1700/1700 1699/1699/1699 1698/1698/1698
f 1699/1699/1699 1700/1700/1700 1701/1701/1701
f 1701/1701/1701 1700/1700/1700 1702/1702/1702
f 1701/1701/1701 1702/1702/1702 1703/1703/1703
f 1703/1703/1703 1702/1702/1702 1704/1704/1704
f 1703/1703/1703 1704/1704/1704 1705/1705/1705
f 1703/1703/1703 1705/1705/1705 1706/1706/1706
f 1707/1707/1707 1706/1706/1706 1705/1705/1705
f 1708/1708/1708 1706/1706/1706 1707/1707/1707
f 1709/1709/1709 1708/1708/1708 1707/1707/1707
f 1710/1710/1710 1709/1709/1709 1707/1707/1707
f 1708/1708/1708 1709/1709/1709 1711/1711/1711
f 1708/1708/1708 1711/1711/1711 1712/1712/1712
f 1711/1711/1711 1713/1713/1713 1712/1712/1712
f 1712/1712/1712 1713/1713/1713 1714/1714/1714
f 1713/1713/1713 1715/1715/1715 1714/1714/1714
f 1716/1716/1716 1715/1715/1715 1713/1713/1713
f 1716/1716/1716 1717/1717/1717 1715/1715/1715
f 1716/1716/1716 1718/1718/1718 1717/1717/1717
f 1718/1718/1718 1719/1719/1719 1717/1717/1717
f 1720/1720/1720 1719/1719/1719 1718/1718/1718
f 1721/1721/1721 1720/1720/1720 1718/1718/1718
f 1721/1721/1721 1722/1722/1722 1720/1720/1720
f 1723/1723/1723 1722/1722/1722 1721/1721/1721
f 1723/1723/1723 1724/1724/1724 1722/1722/1722
f 1723/1723/1723 1725/1725/1725 1724/1724/1724
f 1726/1726/1726 1725/1725/1725 1723/1723/1723
f 1725/1725/1725 1726/1726/1726 1727/1727/1727
f 1728/1728/1728 1725/1725/1725 1727/1727/1727
f 1728/1728/1728 1727/1727/1727 1729/1729/1729
f 1729/1729/1729 1730/1730/1730 1728/1728/1728
f 1733/1733/1733 1732/1732/1732 1731/1731/1731
f 1733/1733/1733 1734/1734/1734 1732/1732/1732
f 1734/1734/1734 1733/1733/1733 1735/1735/1735
f 1736/1736/1736 1735/1735/1735 1733/1733/1733
f 1735/1735/1735 1736/1736/1736 1737/1737/1737
f 1738/1738/1738 1735/1735/1735 1737/1737/1737
f 1738/1738/1738 1737/1737/1737 1739/1739/1739
f 1742/1742/1742 1741/1741/1741 1740/1740/1740
f 1743/1743/1743 1741/1741/1741 1742/1742/1742
f 1744/1744/1744 1743/1743/1743 1742/1742/1742
f 1744/1744/1744 1745/1745/1745 1743/1743/1743
f 412/412/412 1745/1745/1745 1744/1744/1744
f 412/412/412 1744/1744/1744 1746/1746/1746
f 412/412/412 1746/1746/1746 411/411/411
f 411/411/411 1746/1746/1746 1747/1747/1747
f 411/411/411 1747/1747/1747 402/402/402
f 1747/1747/1747 1748/1748/1748 402/402/402
f 1749/1749/1749 1748/1748/1748 1747/1747/1747
f 1748/1748/1748 1750/1750/1750 402/402/402
f 1750/1750/1750 1751/1751/1751 402/402/402
f 1750/1750/1750 1752/1752/1752 1751/1751/1751
f 1750/1750/1750 1753/1753/1753 1752/1752/1752
f 1754/1754/1754 1753/1753/1753 1750/1750/1750
f 1754/1754/1754 1755/1755/1755 1753/1753/1753
f 1754/1754/1754 1756/1756/1756 1755/1755/1755
f 1750/1750/1750 1748/1748/1748 1757/1757/1757
f 1750/1750/1750 1757/1757/1757 1754/1754/1754
f 1749/1749/1749 1758/1758/1758 1748/1748/1748
f 1759/1759/1759 1758/1758/1758 1749/1749/1749
f 1758/1758/1758 1759/1759/1759 1760/1760/1760
f 1754/1754/1754 1757/1757/1757 1761/1761/1761
f 1762/1762/1762 1758/1758/1758 1760/1760/1760
f 1763/1763/1763 1762/1762/1762 1760/1760/1760
f 1762/1762/1762 1763/1763/1763 1764/1764/1764
f 1765/1765/1765 1762/1762/1762 1764/1764/1764
f 1766/1766/1766 1765/1765/1765 1764/1764/1764
f 1767/1767/1767 1766/1766/1766 1764/1764/1764
f 1767/1767/1767 1768/1768/1768 1766/1766/1766
f 1769/1769/1769 1768/1768/1768 1767/1767/1767
f 1770/1770/1770 1769/1769/1769 1767/1767/1767
f 1771/1771/1771 1769/1769/1769 1770/1770/1770
f 1772/1772/1772 1771/1771/1771 1770/1770/1770
f 1773/1773/1773 1771/1771/1771 1772/1772/1772
f 1773/1773/1773 1774/1774/1774 1771/1771/1771
f 1775/1775/1775 1774/1774/1774 1773/1773/1773
f 1775/1775/1775 1776/1776/1776 1774/1774/1774
f 1777/1777/1777 1776/1776/1776 1775/1775/1775
f 1777/1777/1777 1778/1778/1778 1776/1776/1776
f 1779/1779/1779 1778/1778/1778 1777/1777/1777
f 1779/1779/1779 1780/1780/1780 1778/1778/1778
f 1783/1783/1783 1782/1782/1782 1781/1781/1781
f 1783/1783/1783 1784/1784/1784 1782/1782/1782
f 1784/1784/1784 1783/1783/1783 1785/1785/1785
f 1784/1784/1784 1785/1785/1785 1786/1786/1786
f 1789/1789/1789 1788/1788/1788 1787/1787/1787
f 1790/1790/1790 1789/1789/1789 1787/1787/1787
f 1791/1791/1791 1790/1790/1790 1787/1787/1787
f 1791/1791/1791 1787/1787/1787 1792/1792/1792
f 1787/1787/1787 1793/1793/1793 1792/1792/1792
f 1794/1794/1794 1792/1792/1792 1793/1793/1793
f 1795/1795/1795 1792/1792/1792 1794/1794/1794
f 1796/1796/1796 1795/1795/1795 1794/1794/1794
f 1796/1796/1796 1794/1794/1794 1797/1797/1797
f 1798/1798/1798 1796/1796/1796 1797/1797/1797
f 1798/1798/1798 1797/1797/1797 1799/1799/1799
f 1800/1800/1800 1798/1798/1798 1799/1799/1799
f 1800/1800/1800 1799/1799/1799 1801/1801/1801
f 1800/1800/1800 1801/1801/1801 1802/1802/1802
f 1800/1800/1800 1802/1802/1802 1803/1803/1803
f 1800/1800/1800 1803/1803/1803 1804/1804/1804
f 1803/1803/1803 1802/1802/1802 1805/1805/1805
f 1806/1806/1806 1800/1800/1800 1804/1804/1804
f 1802/1802/1802 1807/1807/1807 1805/1805/1805
f 1806/1806/1806 1804/1804/1804 1808/1808/1808
f 1807/1807/1807 1809/1809/1809 1805/1805/1805
f 1810/1810/1810 1806/1806/1806 1808/1808/1808
f 1810/1810/1810 1808/1808/1808 1811/1811/1811
f 1812/1812/1812 1810/1810/1810 1811/1811/1811
f 1809/1809/1809 1807/1807/1807 1813/1813/1813
f 1814/1814/1814 1809/1809/1809 1813/1813/1813
f 1815/1815/1815 1814/1814/1814 1813/1813/1813
f 1815/1815/1815 1813/1813/1813 1816/1816/1816
f 1817/1817/1817 1815/1815/1815 1816/1816/1816
f 1812/1812/1812 1811/1811/1811 1818/1818/1818
f 1819/1819/1819 1817/1817/1817 1816/1816/1816
f 1818/1818/1818 1817/1817/1817 1819/1819/1819
f 1812/1812/1812 1818/1818/1818 1820/1820/1820
f 1820/1820/1820 1818/1818/1818 1819/1819/1819
f 1820/1820/1820 1819/1819/1819 1821/1821/1821
f 1822/1822/1822 1820/1820/1820 1821/1821/1821
f 1822/1822/1822 1821/1821/1821 1823/1823/1823
f 1822/1822/1822 1823/1823/1823 1824/1824/1824
f 1827/1827/1827 1826/1826/1826 1825/1825/1825
f 1825/1825/1825 1826/1826/1826 1828/1828/1828
f 1828/1828/1828 1826/1826/1826 1829/1829/1829
f 1826/1826/1826 1830/1830/1830 1829/1829/1829
f 1829/1829/1829 1830/1830/1830 1831/1831/1831
f 1831/1831/1831 1830/1830/1830 1832/1832/1832
f 1830/1830/1830 1833/1833/1833 1832/1832/1832
f 1832/1832/1832 1833/1833/1833 1834/1834/1834
f 1834/1834/1834 1833/1833/1833 1835/1835/1835
f 1833/1833/1833 1836/1836/1836 1835/1835/1835
f 1835/1835/1835 1836/1836/1836 1837/1837/1837
f 1837/1837/1837 1836/1836/1836 1838/1838/1838
f 1837/1837/1837 1838/1838/1838 1839/1839/1839
f 1838/1838/1838 1840/1840/1840 1839/1839/1839
f 1839/1839/1839 1840/1840/1840 1841/1841/1841
f 1844/1844/1844 1843/1843/1843 1842/1842/1842
f 1842/1842/1842 1843/1843/1843 1845/1845/1845
f 1843/1843/1843 1846/1846/1846 1845/1845/1845
f 1849/1849/1849 1848/1848/1848 1847/1847/1847
f 1850/1850/1850 1849/1849/1849 1847/1847/1847
f 1849/1849/1849 1850/1850/1850 1851/1851/1851
f 1852/1852/1852 1851/1851/1851 1850/1850/1850
f 1851/1851/1851 1852/1852/1852 1853/1853/1853
f 1852/1852/1852 1854/1854/1854 1853/1853/1853
f 1852/1852/1852 1855/1855/1855 1854/1854/1854
f 1856/1856/1856 1854/1854/1854 1855/1855/1855
f 1856/1856/1856 1857/1857/1857 1854/1854/1854
f 1858/1858/1858 1857/1857/1857 1856/1856/1856
f 1858/1858/1858 1859/1859/1859 1857/1857/1857
f 1858/1858/1858 1860/1860/1860 1859/1859/1859
f 1860/1860/1860 1861/1861/1861 1859/1859/1859
f 1861/1861/1861 1860/1860/1860 1862/1862/1862
f 1861/1861/1861 1862/1862/1862 1863/1863/1863
f 1863/1863/1863 1862/1862/1862 1864/1864/1864
f 1864/1864/1864 1865/1865/1865 1863/1863/1863
f 1756/1756/1756 1865/1865/1865 1864/1864/1864
f 1865/1865/1865 1756/1756/1756 1754/1754/1754
f 1863/1863/1863 1865/1865/1865 1754/1754/1754
f 1754/1754/1754 1761/1761/1761 1863/1863/1863
f 1868/1868/1868 1867/1867/1867 1866/1866/1866
f 1869/1869/1869 1867/1867/1867 1868/1868/1868
f 1870/1870/1870 1869/1869/1869 1868/1868/1868
f 1871/1871/1871 1869/1869/1869 1870/1870/1870
f 1872/1872/1872 1869/1869/1869 1871/1871/1871
f 1872/1872/1872 1873/1873/1873 1869/1869/1869
f 1874/1874/1874 1873/1873/1873 1872/1872/1872
f 1873/1873/1873 1874/1874/1874 1875/1875/1875
f 1873/1873/1873 1875/1875/1875 1876/1876/1876
f 1875/1875/1875 1877/1877/1877 1876/1876/1876
f 1877/1877/1877 1878/1878/1878 1876/1876/1876
f 1876/1876/1876 1878/1878/1878 1879/1879/1879
f 1882/1882/1882 1881/1881/1881 1880/1880/1880
f 1882/1882/1882 1883/1883/1883 1881/1881/1881
f 1884/1884/1884 1883/1883/1883 1882/1882/1882
f 1887/1887/1887 1886/1886/1886 1885/1885/1885
f 1888/1888/1888 1886/1886/1886 1887/1887/1887
f 1891/1891/1891 1890/1890/1890 1889/1889/1889
f 1890/1890/1890 1891/1891/1891 1892/1892/1892
f 1890/1890/1890 1892/1892/1892 1893/1893/1893
f 1893/1893/1893 1892/1892/1892 1894/1894/1894
f 1897/1897/1897 1896/1896/1896 1895/1895/1895
f 1897/1897/1897 1895/1895/1895 1898/1898/1898
f 1898/1898/1898 1895/1895/1895 1899/1899/1899
f 1895/1895/1895 1900/1900/1900 1899/1899/1899
f 1903/1903/1903 1902/1902/1902 1901/1901/1901
f 1904/1904/1904 1903/1903/1903 1901/1901/1901
f 1901/1901/1901 1905/1905/1905 1904/1904/1904
f 1906/1906/1906 1903/1903/1903 1904/1904/1904
f 1901/1901/1901 1907/1907/1907 1905/1905/1905
f 1907/1907/1907 1908/1908/1908 1905/1905/1905
f 1908/1908/1908 1907/1907/1907 1909/1909/1909
f 1910/1910/1910 1903/1903/1903 1906/1906/1906
f 1910/1910/1910 1906/1906/1906 1911/1911/1911
f 1912/1912/1912 1910/1910/1910 1911/1911/1911
f 1910/1910/1910 1912/1912/1912 1913/1913/1913
f 1914/1914/1914 1913/1913/1913 1912/1912/1912
f 1913/1913/1913 1914/1914/1914 1915/1915/1915
f 1914/1914/1914 1916/1916/1916 1915/1915/1915
f 1908/1908/1908 1909/1909/1909 1917/1917/1917
f 1917/1917/1917 1909/1909/1909 1918/1918/1918
f 1918/1918/1918 1919/1919/1919 1917/1917/1917
f 1920/1920/1920 1919/1919/1919 1918/1918/1918
f 1919/1919/1919 1921/1921/1921 1917/1917/1917
f 1922/1922/1922 1919/1919/1919 1920/1920/1920
f 1923/1923/1923 1921/1921/1921 1919/1919/1919
f 1923/1923/1923 1919/1919/1919 1922/1922/1922
f 1923/1923/1923 1924/1924/1924 1921/1921/1921
f 1923/1923/1923 1922/1922/1922 1925/1925/1925
f 1926/1926/1926 1924/1924/1924 1923/1923/1923
f 1923/1923/1923 1925/1925/1925 1926/1926/1926
f 1926/1926/1926 1927/1927/1927 1924/1924/1924
f 1926/1926/1926 1925/1925/1925 1928/1928/1928
f 1926/1926/1926 678/678/678 1927/1927/1927
f 1926/1926/1926 1928/1928/1928 1929/1929/1929
f 1929/1929/1929 678/678/678 1926/1926/1926
f 677/677/677 678/678/678 1929/1929/1929
f 677/677/677 1930/1930/1930 661/661/661
f 1931/1931/1931 661/661/661 1930/1930/1930
f 1931/1931/1931 658/658/658 661/661/661
f 677/677/677 1932/1932/1932 1930/1930/1930
f 1931/1931/1931 1930/1930/1930 1932/1932/1932
f 1933/1933/1933 658/658/658 1931/1931/1931
f 1933/1933/1933 1218/1218/1218 658/658/658
f 1934/1934/1934 1933/1933/1933 1931/1931/1931
f 1934/1934/1934 1931/1931/1931 1932/1932/1932
f 677/677/677 1935/1935/1935 1932/1932/1932
f 677/677/677 1936/1936/1936 1935/1935/1935
f 1933/1933/1933 1937/1937/1937 1218/1218/1218
f 1937/1937/1937 1933/1933/1933 1934/1934/1934
f 1938/1938/1938 1934/1934/1934 1932/1932/1932
f 1938/1938/1938 1932/1932/1932 1935/1935/1935
f 1938/1938/1938 1937/1937/1937 1934/1934/1934
f 1218/1218/1218 1937/1937/1937 1939/1939/1939
f 1218/1218/1218 1939/1939/1939 1221/1221/1221
f 1938/1938/1938 1940/1940/1940 1937/1937/1937
f 1935/1935/1935 1940/1940/1940 1938/1938/1938
f 1937/1937/1937 1940/1940/1940 1939/1939/1939
f 1936/1936/1936 1941/1941/1941 1935/1935/1935
f 1935/1935/1935 1941/1941/1941 1940/1940/1940
f 1221/1221/1221 1939/1939/1939 1942/1942/1942
f 1261/1261/1261 1221/1221/1221 1942/1942/1942
f 1943/1943/1943 1939/1939/1939 1940/1940/1940
f 1941/1941/1941 1943/1943/1943 1940/1940/1940
f 1944/1944/1944 1941/1941/1941 1936/1936/1936
f 1945/1945/1945 1944/1944/1944 1936/1936/1936
f 1946/1946/1946 1261/1261/1261 1942/1942/1942
f 1258/1258/1258 1261/1261/1261 1946/1946/1946
f 1942/1942/1942 1939/1939/1939 1947/1947/1947
f 1939/1939/1939 1943/1943/1943 1947/1947/1947
f 1948/1948/1948 1942/1942/1942 1947/1947/1947
f 1943/1943/1943 1948/1948/1948 1947/1947/1947
f 1948/1948/1948 1946/1946/1946 1942/1942/1942
f 1949/1949/1949 1943/1943/1943 1941/1941/1941
f 1948/1948/1948 1943/1943/1943 1949/1949/1949
f 1944/1944/1944 1949/1949/1949 1941/1941/1941
f 1948/1948/1948 1949/1949/1949 1950/1950/1950
f 1946/1946/1946 1948/1948/1948 1950/1950/1950
f 1944/1944/1944 1950/1950/1950 1949/1949/1949
f 1951/1951/1951 1944/1944/1944 1945/1945/1945
f 1951/1951/1951 1950/1950/1950 1944/1944/1944
f 1952/1952/1952 1951/1951/1951 1945/1945/1945
f 1953/1953/1953 1258/1258/1258 1946/1946/1946
f 1946/1946/1946 1950/1950/1950 1953/1953/1953
f 1954/1954/1954 1951/1951/1951 1952/1952/1952
f 1955/1955/1955 1954/1954/1954 1952/1952/1952
f 1956/1956/1956 1954/1954/1954 1955/1955/1955
f 1957/1957/1957 1956/1956/1956 1955/1955/1955
f 1951/1951/1951 1958/1958/1958 1950/1950/1950
f 1954/1954/1954 1958/1958/1958 1951/1951/1951
f 1953/1953/1953 1950/1950/1950 1958/1958/1958
f 1954/1954/1954 1956/1956/1956 1958/1958/1958
f 1953/1953/1953 1959/1959/1959 1258/1258/1258
f 1953/1953/1953 1958/1958/1958 1959/1959/1959
f 1959/1959/1959 1958/1958/1958 1956/1956/1956
f 1959/1959/1959 1255/1255/1255 1258/1258/1258
f 1255/1255/1255 1959/1959/1959 1960/1960/1960
f 1959/1959/1959 1956/1956/1956 1960/1960/1960
f 1263/1263/1263 1255/1255/1255 1960/1960/1960
f 1960/1960/1960 1267/1267/1267 1263/1263/1263
f 1957/1957/1957 1961/1961/1961 1956/1956/1956
f 1957/1957/1957 1962/1962/1962 1961/1961/1961
f 1961/1961/1961 1962/1962/1962 1963/1963/1963
f 1960/1960/1960 1956/1956/1956 1964/1964/1964
f 1960/1960/1960 1964/1964/1964 1267/1267/1267
f 1961/1961/1961 1964/1964/1964 1956/1956/1956
f 1267/1267/1267 1964/1964/1964 1965/1965/1965
f 1965/1965/1965 1964/1964/1964 1961/1961/1961
f 1267/1267/1267 1965/1965/1965 1301/1301/1301
f 1966/1966/1966 1961/1961/1961 1963/1963/1963
f 1965/1965/1965 1961/1961/1961 1966/1966/1966
f 1963/1963/1963 1967/1967/1967 1966/1966/1966
f 1968/1968/1968 1301/1301/1301 1965/1965/1965
f 1968/1968/1968 1965/1965/1965 1966/1966/1966
f 1296/1296/1296 1301/1301/1301 1968/1968/1968
f 1296/1296/1296 1968/1968/1968 1966/1966/1966
f 1967/1967/1967 1296/1296/1296 1966/1966/1966
f 1969/1969/1969 1296/1296/1296 1967/1967/1967
f 1969/1969/1969 1300/1300/1300 1296/1296/1296
f 1969/1969/1969 1970/1970/1970 1300/1300/1300
f 1970/1970/1970 1292/1292/1292 1300/1300/1300
f 1971/1971/1971 1292/1292/1292 1970/1970/1970
f 1292/1292/1292 1971/1971/1971 1306/1306/1306
f 1971/1971/1971 1972/1972/1972 1306/1306/1306
f 1972/1972/1972 1973/1973/1973 1306/1306/1306
f 1973/1973/1973 1303/1303/1303 1306/1306/1306
f 1973/1973/1973 1315/1315/1315 1303/1303/1303
f 1974/1974/1974 1973/1973/1973 1972/1972/1972
f 1315/1315/1315 1973/1973/1973 1975/1975/1975
f 1973/1973/1973 1974/1974/1974 1975/1975/1975
f 1316/1316/1316 1315/1315/1315 1975/1975/1975
f 1323/1323/1323 1316/1316/1316 1975/1975/1975
f 1974/1974/1974 1323/1323/1323 1975/1975/1975
f 1976/1976/1976 1323/1323/1323 1974/1974/1974
f 1979/1979/1979 1978/1978/1978 1977/1977/1977
f 1980/1980/1980 1978/1978/1978 1979/1979/1979
f 1980/1980/1980 1981/1981/1981 1978/1978/1978
f 1982/1982/1982 1981/1981/1981 1980/1980/1980
f 1981/1981/1981 1982/1982/1982 1983/1983/1983
f 1983/1983/1983 1982/1982/1982 1984/1984/1984
f 1982/1982/1982 1985/1985/1985 1984/1984/1984
f 1984/1984/1984 1985/1985/1985 1986/1986/1986
f 1986/1986/1986 1985/1985/1985 1987/1987/1987
f 1986/1986/1986 1987/1987/1987 1988/1988/1988
f 1987/1987/1987 1989/1989/1989 1988/1988/1988
f 1989/1989/1989 1990/1990/1990 1988/1988/1988
f 1991/1991/1991 1990/1990/1990 1989/1989/1989
f 1991/1991/1991 1992/1992/1992 1990/1990/1990
f 1991/1991/1991 1993/1993/1993 1992/1992/1992
f 1993/1993/1993 1994/1994/1994 1992/1992/1992
f 1995/1995/1995 1994/1994/1994 1993/1993/1993
f 1995/1995/1995 1996/1996/1996 1994/1994/1994
f 1997/1997/1997 1996/1996/1996 1995/1995/1995
f 1997/1997/1997 1998/1998/1998 1996/1996/1996
f 1999/1999/1999 1998/1998/1998 1997/1997/1997
f 1999/1999/1999 2000/2000/2000 1998/1998/1998
f 2001/2001/2001 2000/2000/2000 1999/1999/1999
f 2002/2002/2002 2001/2001/2001 1999/1999/1999
f 2005/2005/2005 2004/2004/2004 2003/2003/2003
f 2006/2006/2006 2004/2004/2004 2005/2005/2005
f 2007/2007/2007 2006/2006/2006 2005/2005/2005
f 2006/2006/2006 2007/2007/2007 2008/2008/2008
f 2011/2011/2011 2010/2010/2010 2009/2009/2009
f 2010/2010/2010 2011/2011/2011 2012/2012/2012
f 2011/2011/2011 2013/2013/2013 2012/2012/2012
f 2012/2012/2012 2013/2013/2013 2014/2014/2014
f 2014/2014/2014 2013/2013/2013 2015/2015/2015
f 2014/2014/2014 2015/2015/2015 2016/2016/2016
f 2016/2016/2016 2015/2015/2015 2017/2017/2017
f 2016/2016/2016 2017/2017/2017 2018/2018/2018
f 2017/2017/2017 2019/2019/2019 2018/2018/2018
f 2020/2020/2020 2018/2018/2018 2019/2019/2019
f 2021/2021/2021 2019/2019/2019 2017/2017/2017
f 2022/2022/2022 2018/2018/2018 2020/2020/2020
f 2023/2023/2023 2021/2021/2021 2017/2017/2017
f 2024/2024/2024 2021/2021/2021 2023/2023/2023
f 2025/2025/2025 2022/2022/2022 2020/2020/2020
f 2026/2026/2026 2025/2025/2025 2020/2020/2020
f 2022/2022/2022 2025/2025/2025 2027/2027/2027
f 2025/2025/2025 2028/2028/2028 2027/2027/2027
f 2028/2028/2028 2029/2029/2029 2027/2027/2027
f 2027/2027/2027 2029/2029/2029 2030/2030/2030
f 2022/2022/2022 2027/2027/2027 2031/2031/2031
f 2027/2027/2027 2030/2030/2030 2032/2032/2032
f 2027/2027/2027 2033/2033/2033 2031/2031/2031
f 2032/2032/2032 2030/2030/2030 2034/2034/2034
f 2032/2032/2032 2034/2034/2034 2035/2035/2035
f 2035/2035/2035 2034/2034/2034 2036/2036/2036
f 2035/2035/2035 2036/2036/2036 2037/2037/2037
f 2037/2037/2037 2036/2036/2036 2038/2038/2038
f 2037/2037/2037 2038/2038/2038 2039/2039/2039
f 2031/2031/2031 2033/2033/2033 2040/2040/2040
f 2031/2031/2031 2040/2040/2040 2041/2041/2041
f 2041/2041/2041 2040/2040/2040 2042/2042/2042
f 2042/2042/2042 2040/2040/2040 2043/2043/2043
f 2042/2042/2042 2043/2043/2043 2044/2044/2044
f 2044/2044/2044 2043/2043/2043 2045/2045/2045
f 2044/2044/2044 2045/2045/2045 2046/2046/2046
f 2046/2046/2046 2045/2045/2045 2047/2047/2047
f 2046/2046/2046 2047/2047/2047 2048/2048/2048
f 2048/2048/2048 2047/2047/2047 2049/2049/2049
f 2048/2048/2048 2049/2049/2049 2050/2050/2050
f 2050/2050/2050 2049/2049/2049 2051/2051/2051
f 2050/2050/2050 2051/2051/2051 2052/2052/2052
f 2052/2052/2052 2051/2051/2051 2053/2053/2053
f 2052/2052/2052 2053/2053/2053 2054/2054/2054
f 2054/2054/2054 2053/2053/2053 2055/2055/2055
f 2053/2053/2053 2056/2056/2056 2055/2055/2055
f 2055/2055/2055 2056/2056/2056 2057/2057/2057
f 2055/2055/2055 2057/2057/2057 2058/2058/2058
f 2057/2057/2057 2059/2059/2059 2058/2058/2058
f 2058/2058/2058 2059/2059/2059 2060/2060/2060
f 2063/2063/2063 2062/2062/2062 2061/2061/2061
f 2063/2063/2063 2064/2064/2064 2062/2062/2062
f 2039/2039/2039 2064/2064/2064 2063/2063/2063
f 2039/2039/2039 2038/2038/2038 2064/2064/2064
f 2062/2062/2062 2064/2064/2064 2065/2065/2065
f 2062/2062/2062 2065/2065/2065 2066/2066/2066
f 2066/2066/2066 2065/2065/2065 2067/2067/2067
f 2066/2066/2066 2068/2068/2068 2062/2062/2062
f 2066/2066/2066 2069/2069/2069 2068/2068/2068
f 2066/2066/2066 2067/2067/2067 2070/2070/2070
f 2066/2066/2066 2070/2070/2070 2069/2069/2069
f 2070/2070/2070 2067/2067/2067 2071/2071/2071
f 2070/2070/2070 2071/2071/2071 2072/2072/2072
f 2070/2070/2070 2072/2072/2072 2069/2069/2069
f 2072/2072/2072 2071/2071/2071 2073/2073/2073
f 2073/2073/2073 2071/2071/2071 2074/2074/2074
f 2072/2072/2072 2073/2073/2073 2075/2075/2075
f 2072/2072/2072 2075/2075/2075 2069/2069/2069
f 2073/2073/2073 2074/2074/2074 2076/2076/2076
f 2076/2076/2076 2075/2075/2075 2073/2073/2073
f 2076/2076/2076 2074/2074/2074 2077/2077/2077
f 2069/2069/2069 2078/2078/2078 2068/2068/2068
f 2078/2078/2078 2079/2079/2079 2068/2068/2068
f 2080/2080/2080 2069/2069/2069 2075/2075/2075
f 2081/2081/2081 2075/2075/2075 2076/2076/2076
f 2080/2080/2080 2075/2075/2075 2081/2081/2081
f 2076/2076/2076 2077/2077/2077 2082/2082/2082
f 2081/2081/2081 2076/2076/2076 2082/2082/2082
f 2082/2082/2082 2077/2077/2077 2083/2083/2083
f 2083/2083/2083 2077/2077/2077 2084/2084/2084
f 2083/2083/2083 2084/2084/2084 2085/2085/2085
f 2069/2069/2069 2086/2086/2086 2078/2078/2078
f 2069/2069/2069 2080/2080/2080 2086/2086/2086
f 2082/2082/2082 2087/2087/2087 2081/2081/2081
f 2083/2083/2083 2087/2087/2087 2082/2082/2082
f 2083/2083/2083 2085/2085/2085 2088/2088/2088
f 2088/2088/2088 2085/2085/2085 2089/2089/2089
f 2083/2083/2083 2088/2088/2088 2090/2090/2090
f 2087/2087/2087 2083/2083/2083 2090/2090/2090
f 2088/2088/2088 2089/2089/2089 2091/2091/2091
f 2090/2090/2090 2088/2088/2088 2091/2091/2091
f 2089/2089/2089 2092/2092/2092 2091/2091/2091
f 2092/2092/2092 2093/2093/2093 2091/2091/2091
f 2091/2091/2091 2093/2093/2093 2094/2094/2094
f 2090/2090/2090 2091/2091/2091 2094/2094/2094
f 2093/2093/2093 2095/2095/2095 2094/2094/2094
f 2087/2087/2087 2090/2090/2090 2096/2096/2096
f 2096/2096/2096 2090/2090/2090 2094/2094/2094
f 2097/2097/2097 2094/2094/2094 2095/2095/2095
f 2096/2096/2096 2094/2094/2094 2097/2097/2097
f 2098/2098/2098 2097/2097/2097 2095/2095/2095
f 2081/2081/2081 2087/2087/2087 2099/2099/2099
f 2099/2099/2099 2087/2087/2087 2096/2096/2096
f 2100/2100/2100 2096/2096/2096 2097/2097/2097
f 2100/2100/2100 2097/2097/2097 2098/2098/2098
f 2100/2100/2100 2099/2099/2099 2096/2096/2096
f 2099/2099/2099 2100/2100/2100 2101/2101/2101
f 2099/2099/2099 2102/2102/2102 2081/2081/2081
f 2102/2102/2102 2099/2099/2099 2101/2101/2101
f 2102/2102/2102 2080/2080/2080 2081/2081/2081
f 2103/2103/2103 2100/2100/2100 2098/2098/2098
f 2103/2103/2103 2098/2098/2098 2104/2104/2104
f 2105/2105/2105 2101/2101/2101 2100/2100/2100
f 2105/2105/2105 2100/2100/2100 2103/2103/2103
f 2106/2106/2106 2103/2103/2103 2104/2104/2104
f 2106/2106/2106 2104/2104/2104 372/372/372
f 372/372/372 374/374/374 2106/2106/2106
f 374/374/374 2107/2107/2107 2106/2106/2106
f 2108/2108/2108 2103/2103/2103 2106/2106/2106
f 2106/2106/2106 2107/2107/2107 2108/2108/2108
f 2108/2108/2108 2105/2105/2105 2103/2103/2103
f 2108/2108/2108 2107/2107/2107 2109/2109/2109
f 2110/2110/2110 2105/2105/2105 2108/2108/2108
f 2108/2108/2108 2109/2109/2109 2110/2110/2110
f 2105/2105/2105 2110/2110/2110 2101/2101/2101
f 2110/2110/2110 2109/2109/2109 2111/2111/2111
f 2110/2110/2110 2111/2111/2111 2112/2112/2112
f 2101/2101/2101 2110/2110/2110 2112/2112/2112
f 2112/2112/2112 2111/2111/2111 2113/2113/2113
f 2113/2113/2113 2101/2101/2101 2112/2112/2112
f 2111/2111/2111 2114/2114/2114 2113/2113/2113
f 2114/2114/2114 2115/2115/2115 2113/2113/2113
f 2101/2101/2101 2113/2113/2113 2116/2116/2116
f 2113/2113/2113 2115/2115/2115 2116/2116/2116
f 2102/2102/2102 2101/2101/2101 2116/2116/2116
f 2116/2116/2116 2115/2115/2115 2117/2117/2117
f 2115/2115/2115 2118/2118/2118 2117/2117/2117
f 2119/2119/2119 2102/2102/2102 2116/2116/2116
f 2117/2117/2117 2119/2119/2119 2116/2116/2116
f 2080/2080/2080 2102/2102/2102 2119/2119/2119
f 2120/2120/2120 2080/2080/2080 2119/2119/2119
f 2120/2120/2120 2119/2119/2119 2117/2117/2117
f 2086/2086/2086 2080/2080/2080 2120/2120/2120
f 2117/2117/2117 2118/2118/2118 2121/2121/2121
f 2121/2121/2121 2120/2120/2120 2117/2117/2117
f 2118/2118/2118 2122/2122/2122 2121/2121/2121
f 2121/2121/2121 2122/2122/2122 2024/2024/2024
f 2086/2086/2086 2120/2120/2120 2123/2123/2123
f 2123/2123/2123 2120/2120/2120 2121/2121/2121
f 2121/2121/2121 2024/2024/2024 2124/2124/2124
f 2123/2123/2123 2121/2121/2121 2124/2124/2124
f 2124/2124/2124 2024/2024/2024 2023/2023/2023
f 2123/2123/2123 2125/2125/2125 2086/2086/2086
f 2125/2125/2125 2078/2078/2078 2086/2086/2086
f 2126/2126/2126 2123/2123/2123 2124/2124/2124
f 2126/2126/2126 2125/2125/2125 2123/2123/2123
f 2126/2126/2126 2124/2124/2124 2023/2023/2023
f 2125/2125/2125 2127/2127/2127 2078/2078/2078
f 2125/2125/2125 2126/2126/2126 2127/2127/2127
f 2126/2126/2126 2023/2023/2023 2127/2127/2127
f 2127/2127/2127 2079/2079/2079 2078/2078/2078
f 2128/2128/2128 2127/2127/2127 2023/2023/2023
f 2127/2127/2127 2128/2128/2128 2079/2079/2079
f 2128/2128/2128 2023/2023/2023 2017/2017/2017
f 2128/2128/2128 2129/2129/2129 2079/2079/2079
f 2128/2128/2128 2017/2017/2017 2129/2129/2129
f 2132/2132/2132 2131/2131/2131 2130/2130/2130
f 2131/2131/2131 2132/2132/2132 2133/2133/2133
f 2133/2133/2133 2132/2132/2132 2134/2134/2134
f 2133/2133/2133 2134/2134/2134 2135/2135/2135
f 2135/2135/2135 2134/2134/2134 2136/2136/2136
f 2135/2135/2135 2136/2136/2136 2137/2137/2137
f 2135/2135/2135 2137/2137/2137 2138/2138/2138
f 2139/2139/2139 2138/2138/2138 2137/2137/2137
f 2140/2140/2140 2138/2138/2138 2139/2139/2139
f 2141/2141/2141 2140/2140/2140 2139/2139/2139
f 2142/2142/2142 2141/2141/2141 2139/2139/2139
f 2140/2140/2140 2141/2141/2141 2143/2143/2143
f 2140/2140/2140 2143/2143/2143 2144/2144/2144
f 2143/2143/2143 2145/2145/2145 2144/2144/2144
f 2144/2144/2144 2145/2145/2145 2146/2146/2146
f 2145/2145/2145 2147/2147/2147 2146/2146/2146
f 2148/2148/2148 2147/2147/2147 2145/2145/2145
f 2148/2148/2148 2149/2149/2149 2147/2147/2147
f 2148/2148/2148 2150/2150/2150 2149/2149/2149
f 2150/2150/2150 2151/2151/2151 2149/2149/2149
f 2152/2152/2152 2151/2151/2151 2150/2150/2150
f 2153/2153/2153 2152/2152/2152 2150/2150/2150
f 2153/2153/2153 2154/2154/2154 2152/2152/2152
f 2155/2155/2155 2154/2154/2154 2153/2153/2153
f 2155/2155/2155 2156/2156/2156 2154/2154/2154
f 2155/2155/2155 2157/2157/2157 2156/2156/2156
f 2158/2158/2158 2157/2157/2157 2155/2155/2155
f 2157/2157/2157 2158/2158/2158 2159/2159/2159
f 2160/2160/2160 2157/2157/2157 2159/2159/2159
f 2160/2160/2160 2159/2159/2159 2161/2161/2161
f 2161/2161/2161 2162/2162/2162 2160/2160/2160
f 2165/2165/2165 2164/2164/2164 2163/2163/2163
f 2165/2165/2165 2166/2166/2166 2164/2164/2164
f 2166/2166/2166 2165/2165/2165 2167/2167/2167
f 2166/2166/2166 2167/2167/2167 2168/2168/2168
f 2171/2171/2171 2170/2170/2170 2169/2169/2169
f 2170/2170/2170 2172/2172/2172 2169/2169/2169
f 2172/2172/2172 2173/2173/2173 2169/2169/2169
f 2170/2170/2170 2174/2174/2174 2172/2172/2172
f 2175/2175/2175 2173/2173/2173 2172/2172/2172
f 2172/2172/2172 2174/2174/2174 2176/2176/2176
f 2177/2177/2177 2175/2175/2175 2172/2172/2172
f 2177/2177/2177 2172/2172/2172 2176/2176/2176
f 2178/2178/2178 2175/2175/2175 2177/2177/2177
f 2179/2179/2179 2178/2178/2178 2177/2177/2177
f 2179/2179/2179 2177/2177/2177 2176/2176/2176
f 2180/2180/2180 2178/2178/2178 2179/2179/2179
f 2181/2181/2181 2180/2180/2180 2179/2179/2179
f 2182/2182/2182 2181/2181/2181 2179/2179/2179
f 2182/2182/2182 2179/2179/2179 2176/2176/2176
f 2183/2183/2183 2182/2182/2182 2176/2176/2176
f 2184/2184/2184 2183/2183/2183 2176/2176/2176
f 2187/2187/2187 2186/2186/2186 2185/2185/2185
f 2188/2188/2188 2185/2185/2185 2186/2186/2186
f 2188/2188/2188 2186/2186/2186 2189/2189/2189
f 2190/2190/2190 2188/2188/2188 2189/2189/2189
f 2190/2190/2190 2189/2189/2189 2191/2191/2191
f 2190/2190/2190 2192/2192/2192 2188/2188/2188
f 2190/2190/2190 2191/2191/2191 2193/2193/2193
f 2193/2193/2193 2191/2191/2191 2194/2194/2194
f 2190/2190/2190 2195/2195/2195 2192/2192/2192
f 2190/2190/2190 2193/2193/2193 2195/2195/2195
f 2195/2195/2195 2196/2196/2196 2192/2192/2192
f 2195/2195/2195 2193/2193/2193 2196/2196/2196
f 2196/2196/2196 2193/2193/2193 2197/2197/2197
f 2196/2196/2196 2197/2197/2197 2198/2198/2198
f 2199/2199/2199 2196/2196/2196 2198/2198/2198
f 2200/2200/2200 2199/2199/2199 2198/2198/2198
f 2201/2201/2201 2199/2199/2199 2200/2200/2200
f 2200/2200/2200 2198/2198/2198 2202/2202/2202
f 2200/2200/2200 2202/2202/2202 2203/2203/2203
f 2206/2206/2206 2205/2205/2205 2204/2204/2204
f 2204/2204/2204 2205/2205/2205 2207/2207/2207
f 2207/2207/2207 2205/2205/2205 2208/2208/2208
f 2205/2205/2205 2209/2209/2209 2208/2208/2208
f 2208/2208/2208 2209/2209/2209 2210/2210/2210
f 2210/2210/2210 2209/2209/2209 2211/2211/2211
f 2209/2209/2209 2212/2212/2212 2211/2211/2211
f 2211/2211/2211 2212/2212/2212 2213/2213/2213
f 2213/2213/2213 2212/2212/2212 2214/2214/2214
f 2212/2212/2212 2215/2215/2215 2214/2214/2214
f 2214/2214/2214 2215/2215/2215 2216/2216/2216
f 2216/2216/2216 2215/2215/2215 2217/2217/2217
f 2216/2216/2216 2217/2217/2217 2218/2218/2218
f 2217/2217/2217 2219/2219/2219 2218/2218/2218
f 2218/2218/2218 2219/2219/2219 2220/2220/2220
f 2223/2223/2223 2222/2222/2222 2221/2221/2221
f 2221/2221/2221 2222/2222/2222 2224/2224/2224
f 2222/2222/2222 2225/2225/2225 2224/2224/2224
f 2228/2228/2228 2227/2227/2227 2226/2226/2226
f 2229/2229/2229 2227/2227/2227 2228/2228/2228
f 2230/2230/2230 2229/2229/2229 2228/2228/2228
f 2231/2231/2231 2229/2229/2229 2230/2230/2230
f 2232/2232/2232 2229/2229/2229 2231/2231/2231
f 2232/2232/2232 2233/2233/2233 2229/2229/2229
f 2234/2234/2234 2233/2233/2233 2232/2232/2232
f 2233/2233/2233 2234/2234/2234 2235/2235/2235
f 2233/2233/2233 2235/2235/2235 2236/2236/2236
f 2235/2235/2235 2237/2237/2237 2236/2236/2236
f 2237/2237/2237 2238/2238/2238 2236/2236/2236
f 2236/2236/2236 2238/2238/2238 2239/2239/2239
f 2242/2242/2242 2241/2241/2241 2240/2240/2240
f 2242/2242/2242 2243/2243/2243 2241/2241/2241
f 2244/2244/2244 2243/2243/2243 2242/2242/2242
f 2247/2247/2247 2246/2246/2246 2245/2245/2245
f 2248/2248/2248 2246/2246/2246 2247/2247/2247
f 2251/2251/2251 2250/2250/2250 2249/2249/2249
f 2250/2250/2250 2251/2251/2251 2252/2252/2252
f 2250/2250/2250 2252/2252/2252 2253/2253/2253
f 2253/2253/2253 2252/2252/2252 2254/2254/2254
f 2255/2255/2255 1399/1399/1399 1539/1539/1539
f 1538/1538/1538 2255/2255/2255 1539/1539/1539
f 2255/2255/2255 2256/2256/2256 1399/1399/1399
f 1398/1398/1398 1399/1399/1399 2256/2256/2256
f 2256/2256/2256 1401/1401/1401 1398/1398/1398
f 1538/1538/1538 2257/2257/2257 2255/2255/2255
f 1538/1538/1538 1536/1536/1536 2257/2257/2257
f 1536/1536/1536 1537/1537/1537 2257/2257/2257
f 2257/2257/2257 2258/2258/2258 2255/2255/2255
f 2257/2257/2257 1537/1537/1537 2258/2258/2258
f 2255/2255/2255 2258/2258/2258 2256/2256/2256
f 2258/2258/2258 1537/1537/1537 1402/1402/1402
f 2259/2259/2259 1402/1402/1402 1401/1401/1401
f 2259/2259/2259 1401/1401/1401 2256/2256/2256
f 2258/2258/2258 2259/2259/2259 2256/2256/2256
f 2258/2258/2258 1402/1402/1402 2259/2259/2259
f 2261/2261/2261 1484/1484/1484 2260/2260/2260
f 2260/2260/2260 1484/1484/1484 1482/1482/1482
f 2260/2260/2260 2262/2262/2262 2261/2261/2261
f 2262/2262/2262 2260/2260/2260 1482/1482/1482
f 2261/2261/2261 2262/2262/2262 2263/2263/2263
f 2263/2263/2263 2264/2264/2264 2261/2261/2261
f 2263/2263/2263 2265/2265/2265 2264/2264/2264
f 2265/2265/2265 2266/2266/2266 2264/2264/2264
f 2265/2265/2265 2267/2267/2267 2266/2266/2266
f 2262/2262/2262 1482/1482/1482 2268/2268/2268
f 2262/2262/2262 2269/2269/2269 2263/2263/2263
f 2268/2268/2268 2269/2269/2269 2262/2262/2262
f 2263/2263/2263 2269/2269/2269 2270/2270/2270
f 2268/2268/2268 2271/2271/2271 2269/2269/2269
f 2268/2268/2268 1482/1482/1482 2272/2272/2272
f 2272/2272/2272 2271/2271/2271 2268/2268/2268
f 2272/2272/2272 1482/1482/1482 1479/1479/1479
f 2271/2271/2271 2272/2272/2272 1479/1479/1479
f 2271/2271/2271 1479/1479/1479 1480/1480/1480
f 2271/2271/2271 1480/1480/1480 2273/2273/2273
f 2271/2271/2271 2273/2273/2273 2274/2274/2274
f 2271/2271/2271 2274/2274/2274 2275/2275/2275
f 2274/2274/2274 2276/2276/2276 2275/2275/2275
f 2275/2275/2275 2276/2276/2276 2277/2277/2277
f 2276/2276/2276 2278/2278/2278 2277/2277/2277
f 2277/2277/2277 2278/2278/2278 2279/2279/2279
f 2278/2278/2278 2280/2280/2280 2279/2279/2279
f 2279/2279/2279 2280/2280/2280 2281/2281/2281
f 2280/2280/2280 2282/2282/2282 2281/2281/2281
f 2281/2281/2281 2282/2282/2282 2283/2283/2283
f 2282/2282/2282 2284/2284/2284 2283/2283/2283
f 2283/2283/2283 2284/2284/2284 2285/2285/2285
f 2283/2283/2283 2285/2285/2285 2286/2286/2286
f 2286/2286/2286 2285/2285/2285 2287/2287/2287
f 2287/2287/2287 2288/2288/2288 2286/2286/2286
f 1445/1445/1445 2288/2288/2288 2287/2287/2287
f 1445/1445/1445 1447/1447/1447 2288/2288/2288
f 2288/2288/2288 1447/1447/1447 2289/2289/2289
f 2286/2286/2286 2288/2288/2288 2290/2290/2290
f 2288/2288/2288 2289/2289/2289 2291/2291/2291
f 2290/2290/2290 2288/2288/2288 2291/2291/2291
f 2290/2290/2290 2292/2292/2292 2286/2286/2286
f 2290/2290/2290 2291/2291/2291 2292/2292/2292
f 2292/2292/2292 2293/2293/2293 2286/2286/2286
f 2291/2291/2291 2289/2289/2289 2294/2294/2294
f 2294/2294/2294 2292/2292/2292 2291/2291/2291
f 2294/2294/2294 2289/2289/2289 2295/2295/2295
f 2296/2296/2296 2293/2293/2293 2292/2292/2292
f 2296/2296/2296 2292/2292/2292 2294/2294/2294
f 2296/2296/2296 2297/2297/2297 2293/2293/2293
f 2294/2294/2294 2295/2295/2295 2298/2298/2298
f 2296/2296/2296 2294/2294/2294 2298/2298/2298
f 2296/2296/2296 2299/2299/2299 2297/2297/2297
f 2296/2296/2296 2298/2298/2298 2299/2299/2299
f 2299/2299/2299 2300/2300/2300 2297/2297/2297
f 2298/2298/2298 2295/2295/2295 2301/2301/2301
f 2298/2298/2298 2301/2301/2301 2299/2299/2299
f 2301/2301/2301 2295/2295/2295 2302/2302/2302
f 2299/2299/2299 2303/2303/2303 2300/2300/2300
f 2299/2299/2299 2301/2301/2301 2303/2303/2303
f 2301/2301/2301 2302/2302/2302 2304/2304/2304
f 2301/2301/2301 2304/2304/2304 2303/2303/2303
f 2304/2304/2304 2302/2302/2302 2305/2305/2305
f 2304/2304/2304 2305/2305/2305 2303/2303/2303
f 2305/2305/2305 2302/2302/2302 2267/2267/2267
f 2306/2306/2306 2300/2300/2300 2303/2303/2303
f 2303/2303/2303 2305/2305/2305 2306/2306/2306
f 2306/2306/2306 2270/2270/2270 2300/2300/2300
f 2263/2263/2263 2270/2270/2270 2306/2306/2306
f 2306/2306/2306 2265/2265/2265 2263/2263/2263
f 2305/2305/2305 2267/2267/2267 2307/2307/2307
f 2307/2307/2307 2267/2267/2267 2265/2265/2265
f 2305/2305/2305 2307/2307/2307 2306/2306/2306
f 2265/2265/2265 2306/2306/2306 2307/2307/2307
f 2308/2308/2308 479/479/479 775/775/775
f 479/479/479 2308/2308/2308 478/478/478
f 775/775/775 2309/2309/2309 2308/2308/2308
f 764/764/764 2309/2309/2309 775/775/775
f 762/762/762 2309/2309/2309 764/764/764
f 2308/2308/2308 2310/2310/2310 478/478/478
f 2309/2309/2309 2310/2310/2310 2308/2308/2308
f 2309/2309/2309 762/762/762 2311/2311/2311
f 762/762/762 763/763/763 2311/2311/2311
f 2312/2312/2312 2309/2309/2309 2311/2311/2311
f 2312/2312/2312 2311/2311/2311 763/763/763
f 2312/2312/2312 2310/2310/2310 2309/2309/2309
f 501/501/501 2312/2312/2312 763/763/763
f 501/501/501 2313/2313/2313 2312/2312/2312
f 2313/2313/2313 2310/2310/2310 2312/2312/2312
f 501/501/501 496/496/496 2313/2313/2313
f 2310/2310/2310 2314/2314/2314 478/478/478
f 2310/2310/2310 2313/2313/2313 2314/2314/2314
f 2314/2314/2314 2313/2313/2313 496/496/496
f 478/478/478 2314/2314/2314 496/496/496
f 2317/2317/2317 2316/2316/2316 2315/2315/2315
f 2318/2318/2318 2316/2316/2316 2317/2317/2317
f 2316/2316/2316 2319/2319/2319 2315/2315/2315
f 2318/2318/2318 2320/2320/2320 2316/2316/2316
f 2315/2315/2315 2319/2319/2319 2321/2321/2321
f 2322/2322/2322 2320/2320/2320 2318/2318/2318
f 2321/2321/2321 2319/2319/2319 2323/2323/2323
f 2322/2322/2322 2324/2324/2324 2320/2320/2320
f 2321/2321/2321 2323/2323/2323 2325/2325/2325
f 2326/2326/2326 2324/2324/2324 2322/2322/2322
f 2324/2324/2324 2326/2326/2326 2327/2327/2327
f 2327/2327/2327 2326/2326/2326 2328/2328/2328
f 2327/2327/2327 2328/2328/2328 2329/2329/2329
f 2325/2325/2325 2323/2323/2323 2330/2330/2330
f 2325/2325/2325 2330/2330/2330 2331/2331/2331
f 2331/2331/2331 2330/2330/2330 2332/2332/2332
f 2333/2333/2333 2329/2329/2329 2328/2328/2328
f 2333/2333/2333 2334/2334/2334 2329/2329/2329
f 2335/2335/2335 2334/2334/2334 2333/2333/2333
f 2336/2336/2336 2335/2335/2335 2333/2333/2333
f 2335/2335/2335 2336/2336/2336 2337/2337/2337
f 2337/2337/2337 2336/2336/2336 2338/2338/2338
f 2339/2339/2339 2337/2337/2337 2338/2338/2338
f 2340/2340/2340 2339/2339/2339 2338/2338/2338
f 2332/2332/2332 2330/2330/2330 2341/2341/2341
f 2332/2332/2332 2341/2341/2341 2342/2342/2342
f 2342/2342/2342 2341/2341/2341 2343/2343/2343
f 2341/2341/2341 2344/2344/2344 2343/2343/2343
f 2343/2343/2343 2344/2344/2344 2345/2345/2345
f 2344/2344/2344 2346/2346/2346 2345/2345/2345
f 2345/2345/2345 2346/2346/2346 2347/2347/2347
f 2346/2346/2346 2348/2348/2348 2347/2347/2347
f 2347/2347/2347 2348/2348/2348 2349/2349/2349
f 2340/2340/2340 2350/2350/2350 2339/2339/2339
f 2351/2351/2351 2350/2350/2350 2340/2340/2340
f 2352/2352/2352 2350/2350/2350 2351/2351/2351
f 2352/2352/2352 2353/2353/2353 2350/2350/2350
f 2354/2354/2354 2353/2353/2353 2352/2352/2352
f 2355/2355/2355 2353/2353/2353 2354/2354/2354
f 2356/2356/2356 2355/2355/2355 2354/2354/2354
f 2357/2357/2357 2355/2355/2355 2356/2356/2356
f 2358/2358/2358 2357/2357/2357 2356/2356/2356
f 2349/2349/2349 2348/2348/2348 2359/2359/2359
f 2349/2349/2349 2359/2359/2359 2360/2360/2360
f 2360/2360/2360 2359/2359/2359 2361/2361/2361
f 2361/2361/2361 2359/2359/2359 2362/2362/2362
f 2361/2361/2361 2362/2362/2362 2363/2363/2363
f 2362/2362/2362 2364/2364/2364 2363/2363/2363
f 2364/2364/2364 2365/2365/2365 2363/2363/2363
f 2366/2366/2366 2365/2365/2365 2364/2364/2364
f 2367/2367/2367 2357/2357/2357 2358/2358/2358
f 2368/2368/2368 2367/2367/2367 2358/2358/2358
f 2369/2369/2369 2367/2367/2367 2368/2368/2368
f 2365/2365/2365 2366/2366/2366 2370/2370/2370
f 2366/2366/2366 2371/2371/2371 2370/2370/2370
f 2370/2370/2370 2371/2371/2371 2372/2372/2372
f 2370/2370/2370 2372/2372/2372 2373/2373/2373
f 2374/2374/2374 2373/2373/2373 2372/2372/2372
f 2374/2374/2374 2375/2375/2375 2373/2373/2373
f 2376/2376/2376 2375/2375/2375 2374/2374/2374
f 2375/2375/2375 2376/2376/2376 2377/2377/2377
f 2377/2377/2377 2376/2376/2376 2378/2378/2378
f 2377/2377/2377 2378/2378/2378 2379/2379/2379
f 2369/2369/2369 2380/2380/2380 2367/2367/2367
f 2381/2381/2381 2380/2380/2380 2369/2369/2369
f 2382/2382/2382 2380/2380/2380 2381/2381/2381
f 2382/2382/2382 2383/2383/2383 2380/2380/2380
f 2384/2384/2384 2383/2383/2383 2382/2382/2382
f 2384/2384/2384 2385/2385/2385 2383/2383/2383
f 2386/2386/2386 2385/2385/2385 2384/2384/2384
f 2379/2379/2379 2378/2378/2378 2387/2387/2387
f 2379/2379/2379 2387/2387/2387 2388/2388/2388
f 2388/2388/2388 2387/2387/2387 2389/2389/2389
f 2387/2387/2387 2390/2390/2390 2389/2389/2389
f 2389/2389/2389 2390/2390/2390 2391/2391/2391
f 2391/2391/2391 2390/2390/2390 2392/2392/2392
f 2391/2391/2391 2392/2392/2392 2393/2393/2393
f 2394/2394/2394 2385/2385/2385 2386/2386/2386
f 2395/2395/2395 2394/2394/2394 2386/2386/2386
f 2396/2396/2396 2394/2394/2394 2395/2395/2395
f 2396/2396/2396 2397/2397/2397 2394/2394/2394
f 2398/2398/2398 2397/2397/2397 2396/2396/2396
f 2398/2398/2398 2399/2399/2399 2397/2397/2397
f 2400/2400/2400 2399/2399/2399 2398/2398/2398
f 2399/2399/2399 2400/2400/2400 2401/2401/2401
f 2401/2401/2401 2400/2400/2400 2402/2402/2402
f 2401/2401/2401 2402/2402/2402 2403/2403/2403
f 2393/2393/2393 2392/2392/2392 2404/2404/2404
f 2393/2393/2393 2404/2404/2404 2405/2405/2405
f 2405/2405/2405 2404/2404/2404 2406/2406/2406
f 2407/2407/2407 2403/2403/2403 2402/2402/2402
f 2407/2407/2407 2408/2408/2408 2403/2403/2403
f 2409/2409/2409 2408/2408/2408 2407/2407/2407
f 2410/2410/2410 2409/2409/2409 2407/2407/2407
f 2409/2409/2409 2410/2410/2410 2411/2411/2411
f 2411/2411/2411 2410/2410/2410 2412/2412/2412
f 2413/2413/2413 2411/2411/2411 2412/2412/2412
f 2414/2414/2414 2413/2413/2413 2412/2412/2412
f 2406/2406/2406 2404/2404/2404 2415/2415/2415
f 2406/2406/2406 2415/2415/2415 2416/2416/2416
f 2416/2416/2416 2415/2415/2415 2417/2417/2417
f 2415/2415/2415 2418/2418/2418 2417/2417/2417
f 2417/2417/2417 2418/2418/2418 2419/2419/2419
f 2418/2418/2418 2420/2420/2420 2419/2419/2419
f 2419/2419/2419 2420/2420/2420 2421/2421/2421
f 2420/2420/2420 2422/2422/2422 2421/2421/2421
f 2421/2421/2421 2422/2422/2422 2423/2423/2423
f 2414/2414/2414 2424/2424/2424 2413/2413/2413
f 2423/2423/2423 2422/2422/2422 2424/2424/2424
f 2425/2425/2425 2424/2424/2424 2414/2414/2414
f 2423/2423/2423 2424/2424/2424 2425/2425/2425
f 2428/2428/2428 2427/2427/2427 2426/2426/2426
f 2427/2427/2427 2428/2428/2428 2429/2429/2429
f 2430/2430/2430 2428/2428/2428 2426/2426/2426
f 2428/2428/2428 2431/2431/2431 2429/2429/2429
f 2432/2432/2432 2430/2430/2430 2426/2426/2426
f 2433/2433/2433 2432/2432/2432 2426/2426/2426
f 2431/2431/2431 2434/2434/2434 2429/2429/2429
f 2434/2434/2434 2435/2435/2435 2429/2429/2429
f 2432/2432/2432 2433/2433/2433 2436/2436/2436
f 2437/2437/2437 2432/2432/2432 2436/2436/2436
f 2438/2438/2438 2437/2437/2437 2436/2436/2436
f 2439/2439/2439 2438/2438/2438 2436/2436/2436
f 2440/2440/2440 2438/2438/2438 2439/2439/2439
f 2441/2441/2441 2440/2440/2440 2439/2439/2439
f 2435/2435/2435 2434/2434/2434 2442/2442/2442
f 2434/2434/2434 2443/2443/2443 2442/2442/2442
f 2443/2443/2443 2444/2444/2444 2442/2442/2442
f 2444/2444/2444 2445/2445/2445 2442/2442/2442
f 2444/2444/2444 2446/2446/2446 2445/2445/2445
f 2446/2446/2446 2447/2447/2447 2445/2445/2445
f 2448/2448/2448 2440/2440/2440 2441/2441/2441
f 2446/2446/2446 2448/2448/2448 2447/2447/2447
f 2449/2449/2449 2448/2448/2448 2441/2441/2441
f 2448/2448/2448 2449/2449/2449 2447/2447/2447
f 2452/2452/2452 2451/2451/2451 2450/2450/2450
f 2451/2451/2451 2452/2452/2452 2453/2453/2453
f 2454/2454/2454 2452/2452/2452 2450/2450/2450
f 2452/2452/2452 2455/2455/2455 2453/2453/2453
f 2456/2456/2456 2454/2454/2454 2450/2450/2450
f 2457/2457/2457 2456/2456/2456 2450/2450/2450
f 2456/2456/2456 2457/2457/2457 2458/2458/2458
f 2459/2459/2459 2456/2456/2456 2458/2458/2458
f 2459/2459/2459 2458/2458/2458 2460/2460/2460
f 2461/2461/2461 2459/2459/2459 2460/2460/2460
f 2461/2461/2461 2460/2460/2460 2462/2462/2462
f 2463/2463/2463 2461/2461/2461 2462/2462/2462
f 2463/2463/2463 2462/2462/2462 2464/2464/2464
f 2465/2465/2465 2463/2463/2463 2464/2464/2464
f 2465/2465/2465 2464/2464/2464 2466/2466/2466
f 2467/2467/2467 2465/2465/2465 2466/2466/2466
f 2467/2467/2467 2466/2466/2466 2468/2468/2468
f 2469/2469/2469 2467/2467/2467 2468/2468/2468
f 2469/2469/2469 2468/2468/2468 2470/2470/2470
f 2471/2471/2471 2469/2469/2469 2470/2470/2470
f 2472/2472/2472 2471/2471/2471 2470/2470/2470
f 2473/2473/2473 2472/2472/2472 2470/2470/2470
f 2472/2472/2472 2473/2473/2473 2453/2453/2453
f 2455/2455/2455 2472/2472/2472 2453/2453/2453
f 2476/2476/2476 2475/2475/2475 2474/2474/2474
f 2474/2474/2474 2477/2477/2477 2476/2476/2476
f 2474/2474/2474 2475/2475/2475 2478/2478/2478
f 2474/2474/2474 2479/2479/2479 2477/2477/2477
f 2478/2478/2478 2475/2475/2475 2480/2480/2480
f 2479/2479/2479 2481/2481/2481 2477/2477/2477
f 2478/2478/2478 2480/2480/2480 2482/2482/2482
f 2479/2479/2479 2483/2483/2483 2481/2481/2481
f 2480/2480/2480 2484/2484/2484 2482/2482/2482
f 2483/2483/2483 2485/2485/2485 2481/2481/2481
f 2484/2484/2484 2486/2486/2486 2482/2482/2482
f 2484/2484/2484 2487/2487/2487 2486/2486/2486
f 2487/2487/2487 2488/2488/2488 2486/2486/2486
f 2488/2488/2488 2489/2489/2489 2486/2486/2486
f 2488/2488/2488 2490/2490/2490 2489/2489/2489
f 2490/2490/2490 2491/2491/2491 2489/2489/2489
f 2490/2490/2490 2492/2492/2492 2491/2491/2491
f 2485/2485/2485 2483/2483/2483 2493/2493/2493
f 2491/2491/2491 2492/2492/2492 2493/2493/2493
f 2494/2494/2494 2485/2485/2485 2493/2493/2493
f 2492/2492/2492 2494/2494/2494 2493/2493/2493
f 2497/2497/2497 2496/2496/2496 2495/2495/2495
f 2496/2496/2496 2497/2497/2497 2498/2498/2498
f 2496/2496/2496 2499/2499/2499 2495/2495/2495
f 2500/2500/2500 2496/2496/2496 2498/2498/2498
f 2495/2495/2495 2499/2499/2499 2501/2501/2501
f 2500/2500/2500 2498/2498/2498 2502/2502/2502
f 2500/2500/2500 2502/2502/2502 2503/2503/2503
f 2503/2503/2503 2502/2502/2502 2504/2504/2504
f 2495/2495/2495 2501/2501/2501 2505/2505/2505
f 2505/2505/2505 2501/2501/2501 2506/2506/2506
f 2505/2505/2505 2506/2506/2506 2507/2507/2507
f 2505/2505/2505 2507/2507/2507 2508/2508/2508
f 2508/2508/2508 2507/2507/2507 2509/2509/2509
f 2508/2508/2508 2509/2509/2509 2510/2510/2510
f 2511/2511/2511 2504/2504/2504 2502/2502/2502
f 2511/2511/2511 2512/2512/2512 2504/2504/2504
f 2513/2513/2513 2512/2512/2512 2511/2511/2511
f 2510/2510/2510 2509/2509/2509 2514/2514/2514
f 2510/2510/2510 2514/2514/2514 2515/2515/2515
f 2515/2515/2515 2514/2514/2514 2516/2516/2516
f 2514/2514/2514 2517/2517/2517 2516/2516/2516
f 2516/2516/2516 2517/2517/2517 2518/2518/2518
f 2517/2517/2517 2519/2519/2519 2518/2518/2518
f 2520/2520/2520 2513/2513/2513 2511/2511/2511
f 2513/2513/2513 2520/2520/2520 2521/2521/2521
f 2522/2522/2522 2521/2521/2521 2520/2520/2520
f 2522/2522/2522 2520/2520/2520 2523/2523/2523
f 2524/2524/2524 2522/2522/2522 2523/2523/2523
f 2525/2525/2525 2524/2524/2524 2523/2523/2523
f 2526/2526/2526 2524/2524/2524 2525/2525/2525
f 2527/2527/2527 2526/2526/2526 2525/2525/2525
f 2527/2527/2527 2528/2528/2528 2526/2526/2526
f 2529/2529/2529 2528/2528/2528 2527/2527/2527
f 2529/2529/2529 2530/2530/2530 2528/2528/2528
f 2531/2531/2531 2530/2530/2530 2529/2529/2529
f 2531/2531/2531 2532/2532/2532 2530/2530/2530
f 2533/2533/2533 2532/2532/2532 2531/2531/2531
f 2533/2533/2533 2534/2534/2534 2532/2532/2532
f 2535/2535/2535 2534/2534/2534 2533/2533/2533
f 2535/2535/2535 2536/2536/2536 2534/2534/2534
f 2537/2537/2537 2536/2536/2536 2535/2535/2535
f 2538/2538/2538 2537/2537/2537 2535/2535/2535
f 2537/2537/2537 2538/2538/2538 2539/2539/2539
f 2540/2540/2540 2537/2537/2537 2539/2539/2539
f 2540/2540/2540 2539/2539/2539 2541/2541/2541
f 2540/2540/2540 2541/2541/2541 2542/2542/2542
f 2542/2542/2542 2541/2541/2541 2543/2543/2543
f 2544/2544/2544 2543/2543/2543 2541/2541/2541
f 2544/2544/2544 2545/2545/2545 2543/2543/2543
f 2546/2546/2546 2545/2545/2545 2544/2544/2544
f 2547/2547/2547 2546/2546/2546 2544/2544/2544
f 2546/2546/2546 2547/2547/2547 2548/2548/2548
f 2549/2549/2549 2548/2548/2548 2547/2547/2547
f 2549/2549/2549 2547/2547/2547 2550/2550/2550
f 2551/2551/2551 2549/2549/2549 2550/2550/2550
f 2552/2552/2552 2551/2551/2551 2550/2550/2550
f 2553/2553/2553 2551/2551/2551 2552/2552/2552
f 2554/2554/2554 2553/2553/2553 2552/2552/2552
f 2555/2555/2555 2553/2553/2553 2554/2554/2554
f 2555/2555/2555 2556/2556/2556 2553/2553/2553
f 2557/2557/2557 2556/2556/2556 2555/2555/2555
f 2557/2557/2557 2558/2558/2558 2556/2556/2556
f 2559/2559/2559 2558/2558/2558 2557/2557/2557
f 2559/2559/2559 2560/2560/2560 2558/2558/2558
f 2559/2559/2559 2561/2561/2561 2560/2560/2560
f 2562/2562/2562 2561/2561/2561 2559/2559/2559
f 2562/2562/2562 2563/2563/2563 2561/2561/2561
f 2564/2564/2564 2563/2563/2563 2562/2562/2562
f 2565/2565/2565 2564/2564/2564 2562/2562/2562
f 2564/2564/2564 2565/2565/2565 2566/2566/2566
f 2567/2567/2567 2564/2564/2564 2566/2566/2566
f 2567/2567/2567 2566/2566/2566 2568/2568/2568
f 2567/2567/2567 2568/2568/2568 2569/2569/2569
f 2569/2569/2569 2568/2568/2568 2570/2570/2570
f 2571/2571/2571 2570/2570/2570 2568/2568/2568
f 2571/2571/2571 2572/2572/2572 2570/2570/2570
f 2573/2573/2573 2572/2572/2572 2571/2571/2571
f 2574/2574/2574 2573/2573/2573 2571/2571/2571
f 2573/2573/2573 2574/2574/2574 2575/2575/2575
f 2519/2519/2519 2575/2575/2575 2574/2574/2574
f 2519/2519/2519 2574/2574/2574 2518/2518/2518
f 2578/2578/2578 2577/2577/2577 2576/2576/2576
f 2577/2577/2577 2578/2578/2578 2579/2579/2579
f 2580/2580/2580 2578/2578/2578 2576/2576/2576
f 2578/2578/2578 2581/2581/2581 2579/2579/2579
f 2580/2580/2580 2576/2576/2576 2582/2582/2582
f 2581/2581/2581 2583/2583/2583 2579/2579/2579
f 2584/2584/2584 2580/2580/2580 2582/2582/2582
f 2583/2583/2583 2585/2585/2585 2579/2579/2579
f 2584/2584/2584 2582/2582/2582 2586/2586/2586
f 2583/2583/2583 2587/2587/2587 2585/2585/2585
f 2588/2588/2588 2584/2584/2584 2586/2586/2586
f 2587/2587/2587 2589/2589/2589 2585/2585/2585
f 2588/2588/2588 2586/2586/2586 2590/2590/2590
f 2587/2587/2587 2591/2591/2591 2589/2589/2589
f 2592/2592/2592 2588/2588/2588 2590/2590/2590
f 2591/2591/2591 2593/2593/2593 2589/2589/2589
f 2592/2592/2592 2590/2590/2590 2594/2594/2594
f 2591/2591/2591 2595/2595/2595 2593/2593/2593
f 2595/2595/2595 2594/2594/2594 2593/2593/2593
f 2595/2595/2595 2592/2592/2592 2594/2594/2594
f 2598/2598/2598 2597/2597/2597 2596/2596/2596
f 2597/2597/2597 2598/2598/2598 2599/2599/2599
f 2600/2600/2600 2598/2598/2598 2596/2596/2596
f 2598/2598/2598 2601/2601/2601 2599/2599/2599
f 2600/2600/2600 2596/2596/2596 2602/2602/2602
f 2599/2599/2599 2601/2601/2601 2603/2603/2603
f 2604/2604/2604 2600/2600/2600 2602/2602/2602
f 2601/2601/2601 2605/2605/2605 2603/2603/2603
f 2604/2604/2604 2602/2602/2602 2606/2606/2606
f 2607/2607/2607 2604/2604/2604 2606/2606/2606
f 2607/2607/2607 2606/2606/2606 2608/2608/2608
f 2609/2609/2609 2607/2607/2607 2608/2608/2608
f 2603/2603/2603 2605/2605/2605 2610/2610/2610
f 2605/2605/2605 2611/2611/2611 2610/2610/2610
f 2611/2611/2611 2612/2612/2612 2610/2610/2610
f 2612/2612/2612 2613/2613/2613 2610/2610/2610
f 2612/2612/2612 2614/2614/2614 2613/2613/2613
f 2614/2614/2614 2615/2615/2615 2613/2613/2613
f 2609/2609/2609 2608/2608/2608 2616/2616/2616
f 2617/2617/2617 2609/2609/2609 2616/2616/2616
f 2614/2614/2614 2618/2618/2618 2615/2615/2615
f 2618/2618/2618 2617/2617/2617 2616/2616/2616
f 2618/2618/2618 2619/2619/2619 2615/2615/2615
f 2619/2619/2619 2618/2618/2618 2616/2616/2616
f 2622/2622/2622 2621/2621/2621 2620/2620/2620
f 2621/2621/2621 2622/2622/2622 2623/2623/2623
f 2624/2624/2624 2622/2622/2622 2620/2620/2620
f 2622/2622/2622 2625/2625/2625 2623/2623/2623
f 2624/2624/2624 2620/2620/2620 2626/2626/2626
f 2625/2625/2625 2627/2627/2627 2623/2623/2623
f 2628/2628/2628 2624/2624/2624 2626/2626/2626
f 2627/2627/2627 2629/2629/2629 2623/2623/2623
f 2628/2628/2628 2626/2626/2626 2630/2630/2630
f 2631/2631/2631 2628/2628/2628 2630/2630/2630
f 2631/2631/2631 2630/2630/2630 2632/2632/2632
f 2633/2633/2633 2631/2631/2631 2632/2632/2632
f 2633/2633/2633 2632/2632/2632 2634/2634/2634
f 2635/2635/2635 2633/2633/2633 2634/2634/2634
f 2635/2635/2635 2634/2634/2634 2636/2636/2636
f 2637/2637/2637 2635/2635/2635 2636/2636/2636
f 2637/2637/2637 2636/2636/2636 2638/2638/2638
f 2639/2639/2639 2637/2637/2637 2638/2638/2638
f 2627/2627/2627 2640/2640/2640 2629/2629/2629
f 2640/2640/2640 2641/2641/2641 2629/2629/2629
f 2639/2639/2639 2638/2638/2638 2642/2642/2642
f 2641/2641/2641 2640/2640/2640 2642/2642/2642
f 2643/2643/2643 2639/2639/2639 2642/2642/2642
f 2640/2640/2640 2643/2643/2643 2642/2642/2642
f 2646/2646/2646 2645/2645/2645 2644/2644/2644
f 2644/2644/2644 2647/2647/2647 2646/2646/2646
f 2644/2644/2644 2645/2645/2645 2648/2648/2648
f 2644/2644/2644 2649/2649/2649 2647/2647/2647
f 2648/2648/2648 2645/2645/2645 2650/2650/2650
f 2649/2649/2649 2651/2651/2651 2647/2647/2647
f 2648/2648/2648 2650/2650/2650 2652/2652/2652
f 2649/2649/2649 2653/2653/2653 2651/2651/2651
f 2650/2650/2650 2654/2654/2654 2652/2652/2652
f 2653/2653/2653 2655/2655/2655 2651/2651/2651
f 2654/2654/2654 2656/2656/2656 2652/2652/2652
f 2654/2654/2654 2657/2657/2657 2656/2656/2656
f 2657/2657/2657 2658/2658/2658 2656/2656/2656
f 2658/2658/2658 2659/2659/2659 2656/2656/2656
f 2658/2658/2658 2660/2660/2660 2659/2659/2659
f 2660/2660/2660 2661/2661/2661 2659/2659/2659
f 2660/2660/2660 2662/2662/2662 2661/2661/2661
f 2655/2655/2655 2653/2653/2653 2663/2663/2663
f 2661/2661/2661 2662/2662/2662 2663/2663/2663
f 2664/2664/2664 2655/2655/2655 2663/2663/2663
f 2662/2662/2662 2664/2664/2664 2663/2663/2663
f 2667/2667/2667 2666/2666/2666 2665/2665/2665
f 2666/2666/2666 2667/2667/2667 2668/2668/2668
f 2669/2669/2669 2667/2667/2667 2665/2665/2665
f 2667/2667/2667 2670/2670/2670 2668/2668/2668
f 2669/2669/2669 2665/2665/2665 2671/2671/2671
f 2670/2670/2670 2672/2672/2672 2668/2668/2668
f 2673/2673/2673 2669/2669/2669 2671/2671/2671
f 2672/2672/2672 2674/2674/2674 2668/2668/2668
f 2673/2673/2673 2671/2671/2671 2675/2675/2675
f 2672/2672/2672 2676/2676/2676 2674/2674/2674
f 2677/2677/2677 2673/2673/2673 2675/2675/2675
f 2676/2676/2676 2678/2678/2678 2674/2674/2674
f 2677/2677/2677 2675/2675/2675 2679/2679/2679
f 2676/2676/2676 2680/2680/2680 2678/2678/2678
f 2681/2681/2681 2677/2677/2677 2679/2679/2679
f 2680/2680/2680 2682/2682/2682 2678/2678/2678
f 2681/2681/2681 2679/2679/2679 2683/2683/2683
f 2680/2680/2680 2684/2684/2684 2682/2682/2682
f 2684/2684/2684 2683/2683/2683 2682/2682/2682
f 2684/2684/2684 2681/2681/2681 2683/2683/2683
f 2687/2687/2687 2686/2686/2686 2685/2685/2685
f 2686/2686/2686 2688/2688/2688 2685/2685/2685
f 2689/2689/2689 2687/2687/2687 2685/2685/2685
f 2688/2688/2688 2690/2690/2690 2685/2685/2685
f 2687/2687/2687 2689/2689/2689 2691/2691/2691
f 2688/2688/2688 2692/2692/2692 2690/2690/2690
f 2693/2693/2693 2687/2687/2687 2691/2691/2691
f 2692/2692/2692 2694/2694/2694 2690/2690/2690
f 2693/2693/2693 2691/2691/2691 2695/2695/2695
f 2696/2696/2696 2693/2693/2693 2695/2695/2695
f 2696/2696/2696 2695/2695/2695 2697/2697/2697
f 2698/2698/2698 2696/2696/2696 2697/2697/2697
f 2692/2692/2692 2699/2699/2699 2694/2694/2694
f 2699/2699/2699 2700/2700/2700 2694/2694/2694
f 2700/2700/2700 2699/2699/2699 2701/2701/2701
f 2699/2699/2699 2702/2702/2702 2701/2701/2701
f 2698/2698/2698 2697/2697/2697 2703/2703/2703
f 2701/2701/2701 2702/2702/2702 2703/2703/2703
f 2704/2704/2704 2698/2698/2698 2703/2703/2703
f 2702/2702/2702 2704/2704/2704 2703/2703/2703
f 2707/2707/2707 2706/2706/2706 2705/2705/2705
f 2706/2706/2706 2708/2708/2708 2705/2705/2705
f 2709/2709/2709 2707/2707/2707 2705/2705/2705
f 2708/2708/2708 2710/2710/2710 2705/2705/2705
f 2707/2707/2707 2709/2709/2709 2711/2711/2711
f 2708/2708/2708 2712/2712/2712 2710/2710/2710
f 2713/2713/2713 2707/2707/2707 2711/2711/2711
f 2712/2712/2712 2714/2714/2714 2710/2710/2710
f 2713/2713/2713 2711/2711/2711 2715/2715/2715
f 2712/2712/2712 2716/2716/2716 2714/2714/2714
f 2717/2717/2717 2713/2713/2713 2715/2715/2715
f 2716/2716/2716 2718/2718/2718 2714/2714/2714
f 2717/2717/2717 2715/2715/2715 2719/2719/2719
f 2716/2716/2716 2720/2720/2720 2718/2718/2718
f 2721/2721/2721 2717/2717/2717 2719/2719/2719
f 2720/2720/2720 2722/2722/2722 2718/2718/2718
f 2721/2721/2721 2719/2719/2719 2723/2723/2723
f 2720/2720/2720 2724/2724/2724 2722/2722/2722
f 2725/2725/2725 2721/2721/2721 2723/2723/2723
f 2724/2724/2724 2726/2726/2726 2722/2722/2722
f 2725/2725/2725 2723/2723/2723 2727/2727/2727
f 2724/2724/2724 2728/2728/2728 2726/2726/2726
f 2728/2728/2728 2727/2727/2727 2726/2726/2726
f 2728/2728/2728 2725/2725/2725 2727/2727/2727
f 2731/2731/2731 2730/2730/2730 2729/2729/2729
f 2730/2730/2730 2732/2732/2732 2729/2729/2729
f 2733/2733/2733 2731/2731/2731 2729/2729/2729
f 2732/2732/2732 2734/2734/2734 2729/2729/2729
f 2732/2732/2732 2735/2735/2735 2734/2734/2734
f 2735/2735/2735 2736/2736/2736 2734/2734/2734
f 2731/2731/2731 2733/2733/2733 2737/2737/2737
f 2738/2738/2738 2731/2731/2731 2737/2737/2737
f 2735/2735/2735 2739/2739/2739 2736/2736/2736
f 2739/2739/2739 2740/2740/2740 2736/2736/2736
f 2740/2740/2740 2739/2739/2739 2741/2741/2741
f 2739/2739/2739 2742/2742/2742 2741/2741/2741
f 2743/2743/2743 2738/2738/2738 2737/2737/2737
f 2744/2744/2744 2743/2743/2743 2737/2737/2737
f 2741/2741/2741 2742/2742/2742 2745/2745/2745
f 2742/2742/2742 2746/2746/2746 2745/2745/2745
f 2746/2746/2746 2747/2747/2747 2745/2745/2745
f 2747/2747/2747 2748/2748/2748 2745/2745/2745
f 2743/2743/2743 2744/2744/2744 2749/2749/2749
f 2750/2750/2750 2743/2743/2743 2749/2749/2749
f 2747/2747/2747 2751/2751/2751 2748/2748/2748
f 2751/2751/2751 2750/2750/2750 2749/2749/2749
f 2751/2751/2751 2752/2752/2752 2748/2748/2748
f 2752/2752/2752 2751/2751/2751 2749/2749/2749
f 2755/2755/2755 2754/2754/2754 2753/2753/2753
f 2754/2754/2754 2755/2755/2755 2756/2756/2756
f 2757/2757/2757 2755/2755/2755 2753/2753/2753
f 2755/2755/2755 2758/2758/2758 2756/2756/2756
f 2757/2757/2757 2753/2753/2753 2759/2759/2759
f 2760/2760/2760 2757/2757/2757 2759/2759/2759
f 2756/2756/2756 2758/2758/2758 2761/2761/2761
f 2758/2758/2758 2762/2762/2762 2761/2761/2761
f 2763/2763/2763 2760/2760/2760 2759/2759/2759
f 2764/2764/2764 2763/2763/2763 2759/2759/2759
f 2763/2763/2763 2764/2764/2764 2765/2765/2765
f 2766/2766/2766 2763/2763/2763 2765/2765/2765
f 2766/2766/2766 2765/2765/2765 2767/2767/2767
f 2768/2768/2768 2766/2766/2766 2767/2767/2767
f 2762/2762/2762 2769/2769/2769 2761/2761/2761
f 2769/2769/2769 2770/2770/2770 2761/2761/2761
f 2768/2768/2768 2767/2767/2767 2771/2771/2771
f 2770/2770/2770 2769/2769/2769 2771/2771/2771
f 2772/2772/2772 2768/2768/2768 2771/2771/2771
f 2769/2769/2769 2772/2772/2772 2771/2771/2771
f 2775/2775/2775 2774/2774/2774 2773/2773/2773
f 2774/2774/2774 2775/2775/2775 2776/2776/2776
f 2777/2777/2777 2775/2775/2775 2773/2773/2773
f 2775/2775/2775 2778/2778/2778 2776/2776/2776
f 2778/2778/2778 2779/2779/2779 2776/2776/2776
f 2779/2779/2779 2780/2780/2780 2776/2776/2776
f 2779/2779/2779 2781/2781/2781 2780/2780/2780
f 2781/2781/2781 2782/2782/2782 2780/2780/2780
f 2781/2781/2781 2783/2783/2783 2782/2782/2782
f 2783/2783/2783 2784/2784/2784 2782/2782/2782
f 2777/2777/2777 2773/2773/2773 2785/2785/2785
f 2786/2786/2786 2777/2777/2777 2785/2785/2785
f 2783/2783/2783 2787/2787/2787 2784/2784/2784
f 2787/2787/2787 2788/2788/2788 2784/2784/2784
f 2789/2789/2789 2786/2786/2786 2785/2785/2785
f 2790/2790/2790 2789/2789/2789 2785/2785/2785
f 2788/2788/2788 2787/2787/2787 2791/2791/2791
f 2789/2789/2789 2790/2790/2790 2791/2791/2791
f 2787/2787/2787 2792/2792/2792 2791/2791/2791
f 2792/2792/2792 2789/2789/2789 2791/2791/2791
f 2795/2795/2795 2794/2794/2794 2793/2793/2793
f 2794/2794/2794 2796/2796/2796 2793/2793/2793
f 2797/2797/2797 2795/2795/2795 2793/2793/2793
f 2796/2796/2796 2798/2798/2798 2793/2793/2793
f 2799/2799/2799 2795/2795/2795 2797/2797/2797
f 2796/2796/2796 2800/2800/2800 2798/2798/2798
f 2801/2801/2801 2799/2799/2799 2797/2797/2797
f 2800/2800/2800 2802/2802/2802 2798/2798/2798
f 2803/2803/2803 2799/2799/2799 2801/2801/2801
f 2804/2804/2804 2803/2803/2803 2801/2801/2801
f 2805/2805/2805 2803/2803/2803 2804/2804/2804
f 2806/2806/2806 2805/2805/2805 2804/2804/2804
f 2807/2807/2807 2805/2805/2805 2806/2806/2806
f 2808/2808/2808 2807/2807/2807 2806/2806/2806
f 2809/2809/2809 2807/2807/2807 2808/2808/2808
f 2810/2810/2810 2809/2809/2809 2808/2808/2808
f 2800/2800/2800 2811/2811/2811 2802/2802/2802
f 2811/2811/2811 2809/2809/2809 2810/2810/2810
f 2811/2811/2811 2812/2812/2812 2802/2802/2802
f 2812/2812/2812 2811/2811/2811 2810/2810/2810
f 2815/2815/2815 2814/2814/2814 2813/2813/2813
f 2813/2813/2813 2816/2816/2816 2815/2815/2815
f 2815/2815/2815 2817/2817/2817 2814/2814/2814
f 2815/2815/2815 2816/2816/2816 2818/2818/2818
f 2817/2817/2817 2819/2819/2819 2814/2814/2814
f 2818/2818/2818 2816/2816/2816 2820/2820/2820
f 2817/2817/2817 2821/2821/2821 2819/2819/2819
f 2818/2818/2818 2820/2820/2820 2822/2822/2822
f 2821/2821/2821 2823/2823/2823 2819/2819/2819
f 2820/2820/2820 2824/2824/2824 2822/2822/2822
f 2823/2823/2823 2821/2821/2821 2825/2825/2825
f 2826/2826/2826 2823/2823/2823 2825/2825/2825
f 2827/2827/2827 2826/2826/2826 2825/2825/2825
f 2828/2828/2828 2827/2827/2827 2825/2825/2825
f 2829/2829/2829 2827/2827/2827 2828/2828/2828
f 2829/2829/2829 2828/2828/2828 2830/2830/2830
f 2831/2831/2831 2829/2829/2829 2830/2830/2830
f 2824/2824/2824 2832/2832/2832 2822/2822/2822
f 2831/2831/2831 2830/2830/2830 2832/2832/2832
f 2824/2824/2824 2833/2833/2833 2832/2832/2832
f 2833/2833/2833 2831/2831/2831 2832/2832/2832
