g pin
v 1.1543268 -1.49071527 0.9005
v 1.13295925 -1.46124625 0.9005
v 1.14577639 -1.46722305 0.9005
v 1.07163393 -1.52081311 0.9005
v 1.06906009 -1.48450375 0.9005
v 1.06308341 -1.49732077 0.9005
v 1.1543268 -1.49071527 0.943000019
v 1.07163393 -1.52081311 0.9005
v 1.1543268 -1.49071527 0.9005
v 1.07163393 -1.52081311 0.943000019
v 1.06998515 -1.52141321 0.947820842
v 1.1559757 -1.49011517 0.947820842
v 1.15785074 -1.48943281 0.949495137
v 1.06581008 -1.52293289 0.950386047
v 1.0481416 -1.52936363 0.960500002
v 1.06106234 -1.52466094 0.949495137
v 1.05918741 -1.5253433 0.947820842
v 1.17781913 -1.48216486 0.960500002
v 1.16015077 -1.48859572 0.950386047
v 1.1648984 -1.48686767 0.949495137
v 1.16677344 -1.48618507 0.947820842
v 1.17781913 -1.48216486 0.945500016
v 1.18683136 -1.48327148 0.945500016
v 1.16799724 -1.48573971 0.945565164
v 1.16842222 -1.48558497 0.943000019
v 1.178509 -1.48191369 0.940864682
v 1.18051112 -1.48118508 0.936683178
v 1.16842222 -1.48558497 0.925500035
v 1.19153368 -1.4878149 0.94256109
v 1.18755889 -1.47861993 0.931234121
v 1.19533479 -1.4864316 0.940500021
v 1.19191456 -1.47703457 0.925500035
v 1.17483079 -1.48857343 0.92049998
v 1.22246146 -1.63405657 0.925500035
v 1.17355251 -1.4996804 0.943000019
v 1.2254498 -1.627648 0.92049998
v 1.16842222 -1.48558497 0.943000019
v 1.16799724 -1.48573971 0.945565164
v 1.19191456 -1.47703457 0.930500031
v 1.17190373 -1.50028062 0.947820842
v 1.16677344 -1.48618507 0.947820842
v 1.1648984 -1.48686767 0.949495137
v 1.16772866 -1.50180018 0.950386047
v 1.16015077 -1.48859572 0.950386047
v 1.1744076 -1.50202966 0.949249983
v 1.16528106 -1.50269103 0.950386047
v 1.15785074 -1.48943281 0.949495137
v 1.16110599 -1.50421059 0.947820842
v 1.15871191 -1.51040292 0.950346947
v 1.15945709 -1.50481081 0.943000019
v 1.1559757 -1.49011517 0.947820842
v 1.1543268 -1.49071527 0.943000019
v 1.1543268 -1.49071527 0.9005
v 1.16821408 -1.50694442 0.955500007
v 1.17526269 -1.50437891 0.955500007
v 1.07142746 -1.54217196 0.955500007
v 1.2160852 -1.61653817 0.948109329
v 1.21562099 -1.61526251 0.955500007
v 1.21733117 -1.61996102 0.943000019
v 1.2115072 -1.6220808 0.950386047
v 1.20857239 -1.61782801 0.955500007
v 1.21568227 -1.62056112 0.947820842
v 1.22246146 -1.63405657 0.943000019
v 1.22081256 -1.63465667 0.947820842
v 1.21663749 -1.63617623 0.950386047
v 1.21418989 -1.63706708 0.950386047
v 1.2090596 -1.62297165 0.950386047
v 1.21188986 -1.63790417 0.949495137
v 1.20488465 -1.62449121 0.947820842
v 1.21001482 -1.63858664 0.947820842
v 1.19907022 -1.62128663 0.950346947
v 1.20323575 -1.62509131 0.943000019
v 1.20836604 -1.63918686 0.943000019
v 1.20836604 -1.63918686 0.9005
v 1.11541545 -1.65173447 0.954887986
v 1.11178589 -1.65305555 0.955500007
v 1.19682717 -1.6221031 0.943000019
v 1.20323575 -1.62509131 0.855499983
v 1.12128806 -1.64959693 0.950346947
v 1.11471891 -1.65730894 0.950386047
v 1.11889398 -1.65578926 0.947820842
v 1.11227119 -1.65819979 0.950386047
v 1.11984921 -1.67140424 0.950386047
v 1.12402427 -1.6698848 0.947820842
v 1.1174016 -1.67229521 0.950386047
v 1.12054276 -1.65518916 0.943000019
v 1.12567317 -1.66928458 0.943000019
v 1.12567317 -1.66928458 0.9005
v 1.12353122 -1.64878058 0.943000019
v 1.12054276 -1.65518916 0.855499983
v 1.12353122 -1.64878058 0.855499983
v 1.10473728 -1.65562105 0.953000009
v 1.10473728 -1.65562105 0.955500007
v 1.06437898 -1.54473734 0.955500007
v 1.10809624 -1.65971935 0.947820842
v 1.11322653 -1.67381477 0.947820842
v 1.10644746 -1.66031945 0.943000019
v 1.11157775 -1.67441499 0.943000019
v 1.11157775 -1.67441499 0.925500035
v 1.1052016 -1.65689647 0.948109329
v 1.06391466 -1.54346168 0.948109329
v 1.05753851 -1.5259434 0.925500035
v 1.0626688 -1.54003882 0.943000019
v 1.10989809 -1.67363167 0.922125518
v 1.10516918 -1.67142653 0.92049998
v 1.06619263 -1.53875625 0.949495137
v 1.05724335 -1.5265764 0.923333406
v 1.05455017 -1.53235197 0.92049998
v 1.03404617 -1.53449404 0.925500035
v 1.08808541 -1.6829654 0.925500035
v 1.09948885 -1.67881477 0.936683178
v 1.11157775 -1.67441499 0.943000019
v 1.10218072 -1.67783499 0.945500016
v 1.11322653 -1.67381477 0.947820842
v 1.10218072 -1.67783499 0.960500002
v 1.1174016 -1.67229521 0.950386047
v 1.11984921 -1.67140424 0.950386047
v 1.09600425 -1.67805076 0.945500016
v 1.21188986 -1.63790417 0.949495137
v 1.23185837 -1.63063622 0.960500002
v 1.12402427 -1.6698848 0.947820842
v 1.21001482 -1.63858664 0.947820842
v 1.12567317 -1.66928458 0.943000019
v 1.20836604 -1.63918686 0.943000019
v 1.12567317 -1.66928458 0.9005
v 1.20836604 -1.63918686 0.9005
v 1.21418989 -1.63706708 0.950386047
v 1.21663749 -1.63617623 0.950386047
v 1.22081256 -1.63465667 0.947820842
v 1.23185837 -1.63063622 0.945500016
v 1.22246146 -1.63405657 0.943000019
v 1.23052979 -1.6289624 0.968030691
v 1.23672855 -1.62683129 0.960500002
v 1.23254824 -1.63038528 0.940864682
v 1.23672855 -1.62683129 0.945500016
v 1.23455036 -1.62965643 0.936683178
v 1.10212243 -1.67569876 0.968030691
v 1.10174894 -1.6620295 0.975499988
v 1.22202957 -1.61825097 0.975499988
v 1.23582673 -1.61787415 0.967817664
v 1.09600425 -1.67805076 0.960500002
v 1.09093738 -1.67060935 0.967817664
v 1.23783505 -1.61781919 0.960500002
v 1.08936369 -1.67185831 0.960500002
v 1.05797029 -1.54174888 0.975499988
v 1.04417312 -1.54212582 0.967817664
v 1.09869111 -1.63900948 0.975499988
v 1.10473728 -1.65562105 0.975499988
v 1.12134886 -1.64957488 0.975499988
v 1.07042503 -1.5613488 0.975499988
v 1.12338841 -1.5860461 0.975499988
v 1.06437898 -1.54473734 0.975499988
v 1.08099055 -1.53869116 0.975499988
v 1.19900942 -1.62130868 0.975499988
v 1.14604616 -1.59661162 0.975499988
v 1.19420302 -1.61906755 0.980499983
v 1.14604616 -1.59661162 0.980499983
v 1.21562099 -1.61526251 0.975499988
v 1.20957494 -1.59865105 0.975499988
v 1.17825103 -1.49797034 0.975499988
v 1.18130875 -1.52099037 0.975499988
v 1.15661156 -1.57395387 0.975499988
v 1.17526269 -1.50437891 0.975499988
v 1.15865111 -1.51042509 0.975499988
v 1.13395381 -1.56338835 0.975499988
v 1.1890626 -1.48939049 0.967817664
v 1.04947007 -1.53103757 0.968030691
v 1.19063628 -1.48814166 0.960500002
v 1.17787743 -1.48430109 0.968030691
v 1.18683136 -1.48327148 0.960500002
v 1.04194915 -1.53600419 0.960500002
v 1.23783505 -1.61781919 0.945500016
v 1.19063628 -1.48814166 0.945500016
v 1.23873246 -1.61749244 0.94256109
v 1.23766863 -1.62852156 0.933364689
v 1.24253356 -1.61610913 0.940500021
v 1.24159801 -1.62709129 0.931234121
v 1.24595368 -1.62550592 0.925500035
v 1.24595368 -1.62550592 0.930500031
v 1.25524235 -1.61554515 0.930500031
v 1.2455219 -1.60970044 0.940500021
v 1.24424362 -1.62080741 0.92049998
v 1.25524235 -1.61554515 0.925500035
v 1.25022042 -1.60799038 0.92049998
v 1.25491881 -1.60628033 0.930500031
v 1.25043607 -1.61416698 0.92049998
v 1.25491881 -1.60628033 0.925500035
v 1.21114028 -1.48599958 0.930500031
v 1.20174325 -1.48941982 0.940500021
v 1.20117939 -1.47671103 0.930500031
v 1.20644176 -1.48770976 0.92049998
v 1.21114028 -1.48599958 0.925500035
v 1.20117939 -1.47671103 0.925500035
v 1.19309616 -1.48028123 0.920744658
v 1.19362473 -1.48173308 0.92049998
v 1.19980121 -1.48151731 0.92049998
v 1.07142746 -1.54217196 0.955500007
v 1.06437898 -1.54473734 0.955500007
v 1.10473728 -1.65562105 0.955500007
v 1.11178589 -1.65305555 0.955500007
v 1.20857239 -1.61782801 0.955500007
v 1.16821408 -1.50694442 0.955500007
v 1.17526269 -1.50437891 0.955500007
v 1.21562099 -1.61526251 0.955500007
v 1.07523143 -1.56359017 0.980499983
v 1.12338841 -1.5860461 0.975499988
v 1.07042503 -1.5613488 0.975499988
v 1.12338841 -1.5860461 0.980499983
v 1.07523143 -1.56359017 0.980499983
v 1.07042503 -1.5613488 0.975499988
v 1.07666421 -1.56094813 0.983499944
v 1.07206917 -1.54832327 0.983499944
v 1.06437898 -1.54473734 0.975499988
v 1.08469391 -1.54372835 0.983499944
v 1.07666421 -1.56094813 0.983499944
v 1.07206917 -1.54832327 0.983499944
v 1.13540494 -1.56737518 0.983499944
v 1.12737513 -1.58459496 0.983499944
v 1.14459503 -1.59262478 0.983499944
v 1.10372829 -1.63530588 0.983499944
v 1.1209482 -1.6433357 0.983499944
v 1.10832334 -1.64793074 0.983499944
v 1.15262485 -1.57540488 0.983499944
v 1.19530594 -1.61627162 0.983499944
v 1.20333564 -1.59905183 0.983499944
v 1.20793068 -1.61167657 0.983499944
v 1.17627168 -1.52469409 0.983499944
v 1.15905178 -1.51666427 0.983499944
v 1.17167664 -1.51206923 0.983499944
v 1.07206917 -1.54832327 0.983499944
v 1.06437898 -1.54473734 0.975499988
v 1.08099055 -1.53869116 0.975499988
v 1.08469391 -1.54372835 0.983499944
v 1.08579695 -1.54093242 0.980499983
v 1.08469391 -1.54372835 0.983499944
v 1.08579695 -1.54093242 0.980499983
v 1.13395381 -1.56338835 0.980499983
v 1.13540494 -1.56737518 0.983499944
v 1.15905178 -1.51666427 0.983499944
v 1.13540494 -1.56737518 0.983499944
v 1.13395381 -1.56338835 0.980499983
v 1.15640986 -1.51523149 0.980499983
v 1.12737513 -1.58459496 0.983499944
v 1.12338841 -1.5860461 0.980499983
v 1.07666421 -1.56094813 0.983499944
v 1.07523143 -1.56359017 0.980499983
v 1.12338841 -1.5860461 0.980499983
v 1.12737513 -1.58459496 0.983499944
v 1.10372829 -1.63530588 0.983499944
v 1.10093248 -1.63420296 0.980499983
v 1.09869111 -1.63900948 0.975499988
v 1.10093248 -1.63420296 0.980499983
v 1.10372829 -1.63530588 0.983499944
v 1.10832334 -1.64793074 0.983499944
v 1.10473728 -1.65562105 0.975499988
v 1.12338841 -1.5860461 0.975499988
v 1.10093248 -1.63420296 0.980499983
v 1.09869111 -1.63900948 0.975499988
v 1.12338841 -1.5860461 0.980499983
v 1.10473728 -1.65562105 0.975499988
v 1.10832334 -1.64793074 0.983499944
v 1.12134886 -1.64957488 0.975499988
v 1.1209482 -1.6433357 0.983499944
v 1.12359011 -1.64476848 0.980499983
v 1.12134886 -1.64957488 0.975499988
v 1.12359011 -1.64476848 0.980499983
v 1.14604616 -1.59661162 0.975499988
v 1.14604616 -1.59661162 0.980499983
v 1.20793068 -1.61167657 0.983499944
v 1.20957494 -1.59865105 0.975499988
v 1.21562099 -1.61526251 0.975499988
v 1.20333564 -1.59905183 0.983499944
v 1.20476854 -1.59640968 0.980499983
v 1.20476854 -1.59640968 0.980499983
v 1.15661156 -1.57395387 0.975499988
v 1.20957494 -1.59865105 0.975499988
v 1.15661156 -1.57395387 0.980499983
v 1.15661156 -1.57395387 0.975499988
v 1.17906749 -1.52579689 0.980499983
v 1.18130875 -1.52099037 0.975499988
v 1.15661156 -1.57395387 0.980499983
v 1.15661156 -1.57395387 0.980499983
v 1.17627168 -1.52469409 0.983499944
v 1.17906749 -1.52579689 0.980499983
v 1.15262485 -1.57540488 0.983499944
v 1.20333564 -1.59905183 0.983499944
v 1.15661156 -1.57395387 0.980499983
v 1.20476854 -1.59640968 0.980499983
v 1.15262485 -1.57540488 0.983499944
v 1.18130875 -1.52099037 0.975499988
v 1.17906749 -1.52579689 0.980499983
v 1.17627168 -1.52469409 0.983499944
v 1.17167664 -1.51206923 0.983499944
v 1.17526269 -1.50437891 0.975499988
v 1.14459503 -1.59262478 0.983499944
v 1.19530594 -1.61627162 0.983499944
v 1.14604616 -1.59661162 0.980499983
v 1.19420302 -1.61906755 0.980499983
v 1.19530594 -1.61627162 0.983499944
v 1.19900942 -1.62130868 0.975499988
v 1.19420302 -1.61906755 0.980499983
v 1.20793068 -1.61167657 0.983499944
v 1.21562099 -1.61526251 0.975499988
v 1.12359011 -1.64476848 0.980499983
v 1.1209482 -1.6433357 0.983499944
v 1.14604616 -1.59661162 0.980499983
v 1.14459503 -1.59262478 0.983499944
v 1.17526269 -1.50437891 0.975499988
v 1.17167664 -1.51206923 0.983499944
v 1.15865111 -1.51042509 0.975499988
v 1.15905178 -1.51666427 0.983499944
v 1.15640986 -1.51523149 0.980499983
v 1.15640986 -1.51523149 0.980499983
v 1.13395381 -1.56338835 0.980499983
v 1.13395381 -1.56338835 0.975499988
v 1.15865111 -1.51042509 0.975499988
v 1.08579695 -1.54093242 0.980499983
v 1.08099055 -1.53869116 0.975499988
v 1.13395381 -1.56338835 0.975499988
v 1.13395381 -1.56338835 0.980499983
v 1.21093988 -1.67549622 0.9005
v 1.20836604 -1.63918686 0.9005
v 1.21691656 -1.66267908 0.9005
v 1.12567317 -1.66928458 0.9005
v 1.14704072 -1.6987536 0.9005
v 1.13422358 -1.69277692 0.9005
v 1.85859585 1.77548444 0.584951758
v 1.85859251 1.78078783 0.589951754
v 1.85855973 1.8339231 0.584951758
v 1.85855973 1.8339231 0.589951754
v 1.85559249 1.78096795 0.592951715
v 1.85555768 1.83692122 0.592951715
v 1.85859585 1.77548444 0.584951758
v 1.85559249 1.78096795 0.592951715
v 1.85859251 1.78078783 0.589951754
v 1.8460983 1.77146196 0.592951715
v 1.84610343 1.76297677 0.584951758
v 1.83359563 1.77546883 0.584951758
v 1.8460983 1.77146196 0.592951715
v 1.84610343 1.76297677 0.584951758
v 1.83659232 1.78095627 0.592951715
v 1.8335923 1.78077221 0.589951754
v 1.83355951 1.8339076 0.584951758
v 1.8335923 1.78077221 0.589951754
v 1.83359563 1.77546883 0.584951758
v 1.83355951 1.8339076 0.589951754
v 1.83659232 1.78095627 0.592951715
v 1.83655775 1.83690941 0.592951715
v 1.77512097 1.83387125 0.584951758
v 1.83355951 1.8339076 0.584951758
v 1.83359563 1.77546883 0.584951758
v 1.75554216 1.84635901 0.584951758
v 1.84610784 1.75590575 0.584951758
v 1.7626133 1.84636331 0.584951758
v 1.84610343 1.76297677 0.584951758
v 1.77510536 1.85887122 0.584951758
v 1.85859585 1.77548444 0.584951758
v 1.93656135 1.84647155 0.584951758
v 1.91699815 1.83395946 0.584951758
v 1.85855973 1.8339231 0.584951758
v 1.83350778 1.917346 0.584951758
v 1.83354402 1.85890758 0.584951758
v 1.84599555 1.93692482 0.584951758
v 1.84599984 1.92985392 0.584951758
v 1.85850763 1.91736174 0.584951758
v 1.92949021 1.84646726 0.584951758
v 1.91698253 1.85895932 0.584951758
v 1.85854375 1.8589232 0.584951758
v 1.91169465 1.83395612 0.589951754
v 1.85855973 1.8339231 0.589951754
v 1.91151083 1.83695602 0.592951715
v 1.85555768 1.83692122 0.592951715
v 1.92100501 1.84646189 0.592951715
v 1.92949021 1.84646726 0.584951758
v 1.85216033 1.94927382 0.577269435
v 1.94890273 1.85265183 0.577269435
v 1.94879568 1.84036362 0.577482462
v 1.8398726 1.94915187 0.577482462
v 1.74330759 1.85246682 0.577482462
v 1.83891571 1.95106268 0.569951773
v 1.74139547 1.85342133 0.569951773
v 1.82562876 1.93775916 0.559837759
v 1.82919884 1.94133401 0.558946908
v 1.83060896 1.9427458 0.557272613
v 1.82389891 1.93602729 0.558946908
v 1.84754944 1.95387387 0.569951773
v 1.83891571 1.95106268 0.554951787
v 1.83152914 1.94366729 0.555016935
v 1.83184898 1.94398725 0.552451789
v 1.85305762 1.95107138 0.569951773
v 1.84754944 1.95387387 0.554951787
v 1.84094 1.95308971 0.546134949
v 1.83184898 1.94398725 0.534951746
v 1.75468242 1.86672485 0.559837759
v 1.75111222 1.86315012 0.558946908
v 1.75782239 1.86986864 0.557272613
v 1.82248878 1.93461561 0.557272613
v 1.82124889 1.93337417 0.552451789
v 1.75906217 1.87111008 0.552451789
v 1.75906217 1.87111008 0.50995177
v 1.82124889 1.93337417 0.50995177
v 1.7497021 1.86173844 0.557272613
v 1.85373247 1.9517473 0.552012861
v 1.84624004 1.95839632 0.540685892
v 1.85659111 1.95460916 0.549951792
v 1.85305762 1.95107138 0.554951787
v 1.95069909 1.85355139 0.554951787
v 1.95137382 1.85422707 0.552012861
v 1.95069909 1.85355139 0.569951773
v 1.95351028 1.84491765 0.554951787
v 1.95351028 1.84491765 0.569951773
v 1.95070779 1.83940923 0.569951773
v 1.95070779 1.83940923 0.554951787
v 1.8531878 1.741768 0.569951773
v 1.85223091 1.74367869 0.577482462
v 1.93569124 1.82437384 0.558946908
v 1.83994293 1.74355662 0.577269435
v 1.95273232 1.84143627 0.546134949
v 1.84768295 1.7389586 0.569951773
v 1.74320066 1.84017897 0.577269435
v 1.83904564 1.74175918 0.569951773
v 1.73859513 1.84478414 0.569951773
v 1.84768295 1.7389586 0.554951787
v 1.74140453 1.83927929 0.569951773
v 1.74139547 1.85342133 0.554951787
v 1.73859513 1.84478414 0.554951787
v 1.74140453 1.83927929 0.554951787
v 1.83904564 1.74175918 0.554951787
v 1.73787546 1.8286705 0.549951792
v 1.73702598 1.84904647 0.54281646
v 1.73658216 1.84276867 0.549361587
v 1.74846232 1.86049688 0.552451789
v 1.74846232 1.86049688 0.534951746
v 1.73407114 1.84608781 0.540685892
v 1.7307955 1.84280813 0.534951746
v 1.7590754 1.84989667 0.552451789
v 1.84964132 1.75944352 0.552451789
v 1.76172543 1.85255015 0.558946908
v 1.75111222 1.86315012 0.558946908
v 1.73994768 1.83782089 0.550906658
v 1.7307955 1.84280813 0.539951742
v 1.72659194 1.83454537 0.539951742
v 1.73787105 1.83574164 0.549951792
v 1.73646986 1.83298719 0.549951792
v 1.73695517 1.82993543 0.549951792
v 1.7364707 1.83142281 0.549951792
v 1.76165259 1.84732282 0.5575611
v 1.73080885 1.82159495 0.539951742
v 1.72659194 1.83454537 0.534951746
v 1.73080885 1.82159495 0.534951746
v 1.82137465 1.73114145 0.539951742
v 1.82137465 1.73114145 0.534951746
v 1.8355124 1.73822153 0.549951792
v 1.82963729 1.72693801 0.539951742
v 1.84645188 1.73772597 0.549589932
v 1.85116339 1.73974097 0.546134949
v 1.84123647 1.73250425 0.545829594
v 1.84258771 1.7311548 0.539951742
v 1.82963729 1.72693801 0.534951746
v 1.84258771 1.7311548 0.534951746
v 1.83041632 1.73187697 0.529951751
v 1.8249079 1.73467934 0.529951751
v 1.8531878 1.741768 0.554951787
v 1.83904994 1.73468804 0.529951751
v 1.85318339 1.7488389 0.529951751
v 1.73434198 1.82513273 0.529951751
v 1.86025465 1.74884331 0.534951746
v 1.86025465 1.74884331 0.552451789
v 1.86149442 1.75008476 0.557272613
v 1.86463392 1.75322843 0.559837759
v 1.86647487 1.75507152 0.559837759
v 1.86961436 1.75821519 0.557272613
v 1.93428111 1.82296205 0.557272613
v 1.8708545 1.75945663 0.552451789
v 1.93304121 1.82172048 0.552451789
v 1.8708545 1.75945663 0.50995177
v 1.93304121 1.82172048 0.50995177
v 1.93742073 1.82610571 0.559837759
v 1.93926156 1.82794869 0.559837759
v 1.94240129 1.83109236 0.557272613
v 1.94364119 1.8323338 0.552451789
v 1.94364119 1.8323338 0.534951746
v 1.95507729 1.84378397 0.54281646
v 1.95803213 1.84674263 0.540685892
v 1.95423257 1.85708904 0.549951792
v 1.96130776 1.85002244 0.534951746
v 1.96130776 1.85002244 0.539951742
v 1.96550858 1.86297822 0.539951742
v 1.95422804 1.8641603 0.549951792
v 1.96550858 1.86297822 0.534951746
v 1.96129477 1.87123561 0.539951742
v 1.87072873 1.96168911 0.539951742
v 1.86366189 1.95461357 0.549951792
v 1.85777318 1.96588969 0.539951742
v 1.96129477 1.87123561 0.534951746
v 1.84951568 1.96167588 0.539951742
v 1.87072873 1.96168911 0.534951746
v 1.84951568 1.96167588 0.534951746
v 1.83892012 1.94399154 0.529951751
v 1.85777318 1.96588969 0.534951746
v 1.86719537 1.95815134 0.529951751
v 1.8519603 1.95923424 0.530196428
v 1.8585583 1.96095181 0.529951751
v 1.85305321 1.95814252 0.529951751
v 1.95776129 1.86769783 0.529951751
v 1.96057069 1.86219299 0.529951751
v 1.95777023 1.85355592 0.529951751
v 1.94363689 1.83940482 0.529951751
v 1.8424623 1.93338728 0.552451789
v 1.83184898 1.94398725 0.552451789
v 1.83152914 1.94366729 0.555016935
v 1.93302786 1.84293377 0.552451789
v 1.94364119 1.8323338 0.552451789
v 1.93178809 1.84169233 0.557272613
v 1.94240129 1.83109236 0.557272613
v 1.93926156 1.82794869 0.559837759
v 1.93045056 1.84550798 0.5575611
v 1.92864835 1.83854866 0.559837759
v 1.93742073 1.82610571 0.559837759
v 1.84122217 1.93214583 0.557272613
v 1.83060896 1.9427458 0.557272613
v 1.82919884 1.94133401 0.558946908
v 1.84423101 1.9316206 0.558701754
v 1.83808243 1.92900217 0.559837759
v 1.82562876 1.93775916 0.559837759
v 1.84599984 1.92985392 0.564951777
v 1.92949021 1.84646726 0.564951777
v 1.84069932 1.9245466 0.564951777
v 1.92418957 1.84115994 0.564951777
v 1.92680764 1.83670568 0.559837759
v 1.93569124 1.82437384 0.558946908
v 1.83624184 1.92715919 0.559837759
v 1.83355343 1.91739178 0.559798717
v 1.82389891 1.93602729 0.558946908
v 1.76791382 1.85167062 0.564951777
v 1.83310223 1.92401564 0.557272613
v 1.83186209 1.92277396 0.552451789
v 1.82248878 1.93461561 0.557272613
v 1.82124889 1.93337417 0.552451789
v 1.82124889 1.93337417 0.50995177
v 1.92366803 1.83356214 0.557272613
v 1.93428111 1.82296205 0.557272613
v 1.91704357 1.83400524 0.559798717
v 1.92242813 1.83232069 0.552451789
v 1.93304121 1.82172048 0.552451789
v 1.93304121 1.82172048 0.50995177
v 1.85413361 1.77101696 0.564339757
v 1.85140419 1.76828408 0.564951777
v 1.91535699 1.83231604 0.552451789
v 1.92242813 1.83232069 0.464951783
v 1.85854995 1.77543867 0.559798717
v 1.85586166 1.76567149 0.559837759
v 1.85900128 1.76881516 0.557272613
v 1.85402083 1.76382852 0.559837759
v 1.86647487 1.75507152 0.559837759
v 1.86961436 1.75821519 0.557272613
v 1.86463392 1.75322843 0.559837759
v 1.86024117 1.77005661 0.552451789
v 1.8708545 1.75945663 0.552451789
v 1.8708545 1.75945663 0.50995177
v 1.86023688 1.77712762 0.552451789
v 1.86024117 1.77005661 0.464951783
v 1.86023688 1.77712762 0.464951783
v 1.84610343 1.76297677 0.56245178
v 1.84610343 1.76297677 0.564951777
v 1.7626133 1.84636331 0.564951777
v 1.8508811 1.76068497 0.557272613
v 1.86149442 1.75008476 0.557272613
v 1.84706366 1.76201761 0.5575611
v 1.86025465 1.74884331 0.552451789
v 1.76529562 1.85612488 0.559837759
v 1.75468242 1.86672485 0.559837759
v 1.77505958 1.85882545 0.559798717
v 1.76843548 1.85926843 0.557272613
v 1.75782239 1.86986864 0.557272613
v 1.75906217 1.87111008 0.552451789
v 1.76967537 1.86051011 0.552451789
v 1.75906217 1.87111008 0.50995177
v 1.77674627 1.86051428 0.552451789
v 1.85840118 1.74884224 0.531577289
v 1.74846268 1.85979843 0.532785177
v 1.74846673 1.85342586 0.529951751
v 1.73433328 1.83927476 0.529951751
v 1.7315309 1.83376634 0.529951751
v 1.83186662 1.91570294 0.552451789
v 1.77548134 1.85959423 0.464951783
v 1.76967537 1.86051011 0.464951783
v 1.76263261 1.86754405 0.464951783
v 1.77674627 1.86051428 0.464951783
v 1.74137354 1.88877666 0.498753726
v 1.74137354 1.88877666 0.50995177
v 1.74136472 1.90291882 0.50995177
v 1.74136472 1.90291882 0.494951785
v 1.78941834 1.95103192 0.50995177
v 1.75327647 1.89808846 0.481629938
v 1.76348031 1.88789749 0.465405941
v 1.83278239 1.92150891 0.464951783
v 1.83186209 1.92277396 0.464951783
v 1.83186662 1.91570294 0.464951783
v 1.8247999 1.90862739 0.454951763
v 1.821262 1.91216075 0.449951768
v 1.78027534 1.87112319 0.449951768
v 1.77637732 1.87501657 0.449951768
v 1.77108896 1.88029826 0.453308105
v 1.81736398 1.91605413 0.449951768
v 1.82481945 1.92980814 0.464951783
v 1.76441133 1.87990129 0.458308101
v 1.8035605 1.95104074 0.498753726
v 1.8035605 1.95104074 0.50995177
v 1.81207561 1.9213357 0.453308105
v 1.79139948 1.95257056 0.495071411
v 1.81246436 1.92801428 0.458308101
v 1.78090739 1.9383322 0.491629928
v 1.79426324 1.93912613 0.481629938
v 1.80446708 1.92893505 0.465405941
v 1.75405395 1.91144538 0.491629928
v 1.75669801 1.90880442 0.48995176
v 1.78355145 1.93569136 0.48995176
v 1.75945401 1.89898539 0.484951764
v 1.77319121 1.89233196 0.48995176
v 1.77319121 1.89233196 0.48995176
v 1.80004466 1.9192189 0.48995176
v 1.77672899 1.88879859 0.484951764
v 1.80358231 1.91568542 0.484951764
v 1.77672899 1.88879859 0.457477719
v 1.80358231 1.91568542 0.457477719
v 1.79337394 1.93294752 0.484951764
v 1.80004466 1.9192189 0.48995176
v 1.76965785 1.8887943 0.484951764
v 1.77672899 1.88879859 0.484951764
v 1.76965785 1.8887943 0.468727708
v 1.80357802 1.92275643 0.484951764
v 1.80358231 1.91568542 0.484951764
v 1.80357802 1.92275643 0.468727708
v 1.80447578 1.9147929 0.454155952
v 1.77762246 1.88790631 0.454155952
v 1.82124889 1.93337417 0.50995177
v 1.78941834 1.95103192 0.50995177
v 1.8035605 1.95104074 0.50995177
v 1.75906217 1.87111008 0.50995177
v 1.74136472 1.90291882 0.50995177
v 1.74137354 1.88877666 0.50995177
v 1.92418957 1.84115994 0.564951777
v 1.92949021 1.84646726 0.564951777
v 1.84599984 1.92985392 0.564951777
v 1.84069932 1.9245466 0.564951777
v 1.76791382 1.85167062 0.564951777
v 1.85140419 1.76828408 0.564951777
v 1.84610343 1.76297677 0.564951777
v 1.7626133 1.84636331 0.564951777
v 1.77109826 1.84636867 0.592951715
v 1.7626133 1.84636331 0.584951758
v 1.77510536 1.85887122 0.584951758
v 1.78059244 1.85587454 0.592951715
v 1.78040874 1.85887468 0.589951754
v 1.77109826 1.84636867 0.592951715
v 1.77512097 1.83387125 0.584951758
v 1.7626133 1.84636331 0.584951758
v 1.78060424 1.83687449 0.592951715
v 1.780424 1.83387434 0.589951754
v 1.78059244 1.85587454 0.592951715
v 1.78060424 1.83687449 0.592951715
v 1.77109826 1.84636867 0.592951715
v 1.83654583 1.85590935 0.592951715
v 1.83655775 1.83690941 0.592951715
v 1.85555768 1.83692122 0.592951715
v 1.83659232 1.78095627 0.592951715
v 1.85559249 1.78096795 0.592951715
v 1.8460983 1.77146196 0.592951715
v 1.85554588 1.85592115 0.592951715
v 1.91151083 1.83695602 0.592951715
v 1.91149902 1.85595596 0.592951715
v 1.92100501 1.84646189 0.592951715
v 1.85551095 1.91187453 0.592951715
v 1.83651102 1.91186273 0.592951715
v 1.8460052 1.92136848 0.592951715
v 1.83654583 1.85590935 0.592951715
v 1.78059244 1.85587454 0.592951715
v 1.83354402 1.85890758 0.589951754
v 1.78040874 1.85887468 0.589951754
v 1.83354402 1.85890758 0.584951758
v 1.77510536 1.85887122 0.584951758
v 1.83651102 1.91186273 0.592951715
v 1.83654583 1.85590935 0.592951715
v 1.83354402 1.85890758 0.589951754
v 1.83351088 1.91204286 0.589951754
v 1.83354402 1.85890758 0.584951758
v 1.83350778 1.917346 0.584951758
v 1.83655775 1.83690941 0.592951715
v 1.83355951 1.8339076 0.589951754
v 1.78060424 1.83687449 0.592951715
v 1.780424 1.83387434 0.589951754
v 1.83355951 1.8339076 0.584951758
v 1.77512097 1.83387125 0.584951758
v 1.85851085 1.91205823 0.589951754
v 1.85551095 1.91187453 0.592951715
v 1.8460052 1.92136848 0.592951715
v 1.84599984 1.92985392 0.584951758
v 1.85854375 1.8589232 0.589951754
v 1.85554588 1.85592115 0.592951715
v 1.85551095 1.91187453 0.592951715
v 1.85851085 1.91205823 0.589951754
v 1.85854375 1.8589232 0.584951758
v 1.85850763 1.91736174 0.584951758
v 1.85554588 1.85592115 0.592951715
v 1.85854375 1.8589232 0.589951754
v 1.91149902 1.85595596 0.592951715
v 1.91167915 1.8589561 0.589951754
v 1.85854375 1.8589232 0.584951758
v 1.91698253 1.85895932 0.584951758
v 1.92100501 1.84646189 0.592951715
v 1.92949021 1.84646726 0.584951758
v 1.84599984 1.92985392 0.584951758
v 1.8460052 1.92136848 0.592951715
v 1.83350778 1.917346 0.584951758
v 1.83651102 1.91186273 0.592951715
v 1.83351088 1.91204286 0.589951754
v 1.95073867 1.78991187 0.50995177
v 1.93304121 1.82172048 0.50995177
v 1.95072997 1.8040539 0.50995177
v 1.8708545 1.75945663 0.50995177
v 1.9026854 1.74179864 0.50995177
v 1.88854325 1.74178994 0.50995177
v -1.1543268 -1.49071527 0.9005
v -1.14577639 -1.46722305 0.9005
v -1.13295925 -1.46124625 0.9005
v -1.07163393 -1.52081311 0.9005
v -1.06906009 -1.48450375 0.9005
v -1.06308341 -1.49732077 0.9005
v -1.1543268 -1.49071527 0.943000019
v -1.1543268 -1.49071527 0.9005
v -1.07163393 -1.52081311 0.9005
v -1.07163393 -1.52081311 0.943000019
v -1.06998515 -1.52141321 0.947820842
v -1.1559757 -1.49011517 0.947820842
v -1.15785074 -1.48943281 0.949495137
v -1.06581008 -1.52293289 0.950386047
v -1.0481416 -1.52936363 0.960500002
v -1.06106234 -1.52466094 0.949495137
v -1.05918741 -1.5253433 0.947820842
v -1.17781913 -1.48216486 0.960500002
v -1.16015077 -1.48859572 0.950386047
v -1.1648984 -1.48686767 0.949495137
v -1.16677344 -1.48618507 0.947820842
v -1.17781913 -1.48216486 0.945500016
v -1.18683136 -1.48327148 0.945500016
v -1.16799724 -1.48573971 0.945565164
v -1.16842222 -1.48558497 0.943000019
v -1.178509 -1.48191369 0.940864682
v -1.18051112 -1.48118508 0.936683178
v -1.16842222 -1.48558497 0.925500035
v -1.19153368 -1.4878149 0.94256109
v -1.18755889 -1.47861993 0.931234121
v -1.19533479 -1.4864316 0.940500021
v -1.19191456 -1.47703457 0.925500035
v -1.17483079 -1.48857343 0.92049998
v -1.22246146 -1.63405657 0.925500035
v -1.17355251 -1.4996804 0.943000019
v -1.2254498 -1.627648 0.92049998
v -1.16842222 -1.48558497 0.943000019
v -1.16799724 -1.48573971 0.945565164
v -1.19191456 -1.47703457 0.930500031
v -1.17190373 -1.50028062 0.947820842
v -1.16677344 -1.48618507 0.947820842
v -1.1648984 -1.48686767 0.949495137
v -1.16772866 -1.50180018 0.950386047
v -1.16015077 -1.48859572 0.950386047
v -1.1744076 -1.50202966 0.949249983
v -1.16528106 -1.50269103 0.950386047
v -1.15785074 -1.48943281 0.949495137
v -1.16110599 -1.50421059 0.947820842
v -1.15871191 -1.51040292 0.950346947
v -1.15945709 -1.50481081 0.943000019
v -1.1559757 -1.49011517 0.947820842
v -1.1543268 -1.49071527 0.943000019
v -1.1543268 -1.49071527 0.9005
v -1.16821408 -1.50694442 0.955500007
v -1.17526269 -1.50437891 0.955500007
v -1.07142746 -1.54217196 0.955500007
v -1.2160852 -1.61653817 0.948109329
v -1.21562099 -1.61526251 0.955500007
v -1.21733117 -1.61996102 0.943000019
v -1.2115072 -1.6220808 0.950386047
v -1.20857239 -1.61782801 0.955500007
v -1.21568227 -1.62056112 0.947820842
v -1.22246146 -1.63405657 0.943000019
v -1.22081256 -1.63465667 0.947820842
v -1.21663749 -1.63617623 0.950386047
v -1.21418989 -1.63706708 0.950386047
v -1.2090596 -1.62297165 0.950386047
v -1.21188986 -1.63790417 0.949495137
v -1.20488465 -1.62449121 0.947820842
v -1.21001482 -1.63858664 0.947820842
v -1.19907022 -1.62128663 0.950346947
v -1.20323575 -1.62509131 0.943000019
v -1.20836604 -1.63918686 0.943000019
v -1.20836604 -1.63918686 0.9005
v -1.11541545 -1.65173447 0.954887986
v -1.11178589 -1.65305555 0.955500007
v -1.19682717 -1.6221031 0.943000019
v -1.20323575 -1.62509131 0.855499983
v -1.12128806 -1.64959693 0.950346947
v -1.11471891 -1.65730894 0.950386047
v -1.11889398 -1.65578926 0.947820842
v -1.11227119 -1.65819979 0.950386047
v -1.11984921 -1.67140424 0.950386047
v -1.12402427 -1.6698848 0.947820842
v -1.1174016 -1.67229521 0.950386047
v -1.12054276 -1.65518916 0.943000019
v -1.12567317 -1.66928458 0.943000019
v -1.12567317 -1.66928458 0.9005
v -1.12353122 -1.64878058 0.943000019
v -1.12054276 -1.65518916 0.855499983
v -1.12353122 -1.64878058 0.855499983
v -1.10473728 -1.65562105 0.953000009
v -1.10473728 -1.65562105 0.955500007
v -1.06437898 -1.54473734 0.955500007
v -1.10809624 -1.65971935 0.947820842
v -1.11322653 -1.67381477 0.947820842
v -1.10644746 -1.66031945 0.943000019
v -1.11157775 -1.67441499 0.943000019
v -1.11157775 -1.67441499 0.925500035
v -1.1052016 -1.65689647 0.948109329
v -1.06391466 -1.54346168 0.948109329
v -1.05753851 -1.5259434 0.925500035
v -1.0626688 -1.54003882 0.943000019
v -1.10989809 -1.67363167 0.922125518
v -1.10516918 -1.67142653 0.92049998
v -1.06619263 -1.53875625 0.949495137
v -1.05724335 -1.5265764 0.923333406
v -1.05455017 -1.53235197 0.92049998
v -1.03404617 -1.53449404 0.925500035
v -1.08808541 -1.6829654 0.925500035
v -1.09948885 -1.67881477 0.936683178
v -1.11157775 -1.67441499 0.943000019
v -1.10218072 -1.67783499 0.945500016
v -1.11322653 -1.67381477 0.947820842
v -1.10218072 -1.67783499 0.960500002
v -1.1174016 -1.67229521 0.950386047
v -1.11984921 -1.67140424 0.950386047
v -1.09600425 -1.67805076 0.945500016
v -1.21188986 -1.63790417 0.949495137
v -1.23185837 -1.63063622 0.960500002
v -1.12402427 -1.6698848 0.947820842
v -1.21001482 -1.63858664 0.947820842
v -1.12567317 -1.66928458 0.943000019
v -1.20836604 -1.63918686 0.943000019
v -1.12567317 -1.66928458 0.9005
v -1.20836604 -1.63918686 0.9005
v -1.21418989 -1.63706708 0.950386047
v -1.21663749 -1.63617623 0.950386047
v -1.22081256 -1.63465667 0.947820842
v -1.23185837 -1.63063622 0.945500016
v -1.22246146 -1.63405657 0.943000019
v -1.23052979 -1.6289624 0.968030691
v -1.23672855 -1.62683129 0.960500002
v -1.23254824 -1.63038528 0.940864682
v -1.23672855 -1.62683129 0.945500016
v -1.23455036 -1.62965643 0.936683178
v -1.10212243 -1.67569876 0.968030691
v -1.10174894 -1.6620295 0.975499988
v -1.22202957 -1.61825097 0.975499988
v -1.23582673 -1.61787415 0.967817664
v -1.09600425 -1.67805076 0.960500002
v -1.09093738 -1.67060935 0.967817664
v -1.23783505 -1.61781919 0.960500002
v -1.08936369 -1.67185831 0.960500002
v -1.05797029 -1.54174888 0.975499988
v -1.04417312 -1.54212582 0.967817664
v -1.09869111 -1.63900948 0.975499988
v -1.10473728 -1.65562105 0.975499988
v -1.12134886 -1.64957488 0.975499988
v -1.07042503 -1.5613488 0.975499988
v -1.12338841 -1.5860461 0.975499988
v -1.06437898 -1.54473734 0.975499988
v -1.08099055 -1.53869116 0.975499988
v -1.19900942 -1.62130868 0.975499988
v -1.14604616 -1.59661162 0.975499988
v -1.19420302 -1.61906755 0.980499983
v -1.14604616 -1.59661162 0.980499983
v -1.21562099 -1.61526251 0.975499988
v -1.20957494 -1.59865105 0.975499988
v -1.17825103 -1.49797034 0.975499988
v -1.18130875 -1.52099037 0.975499988
v -1.15661156 -1.57395387 0.975499988
v -1.17526269 -1.50437891 0.975499988
v -1.15865111 -1.51042509 0.975499988
v -1.13395381 -1.56338835 0.975499988
v -1.1890626 -1.48939049 0.967817664
v -1.04947007 -1.53103757 0.968030691
v -1.19063628 -1.48814166 0.960500002
v -1.17787743 -1.48430109 0.968030691
v -1.18683136 -1.48327148 0.960500002
v -1.04194915 -1.53600419 0.960500002
v -1.23783505 -1.61781919 0.945500016
v -1.19063628 -1.48814166 0.945500016
v -1.23873246 -1.61749244 0.94256109
v -1.23766863 -1.62852156 0.933364689
v -1.24253356 -1.61610913 0.940500021
v -1.24159801 -1.62709129 0.931234121
v -1.24595368 -1.62550592 0.925500035
v -1.24595368 -1.62550592 0.930500031
v -1.25524235 -1.61554515 0.930500031
v -1.2455219 -1.60970044 0.940500021
v -1.24424362 -1.62080741 0.92049998
v -1.25524235 -1.61554515 0.925500035
v -1.25022042 -1.60799038 0.92049998
v -1.25491881 -1.60628033 0.930500031
v -1.25043607 -1.61416698 0.92049998
v -1.25491881 -1.60628033 0.925500035
v -1.21114028 -1.48599958 0.930500031
v -1.20174325 -1.48941982 0.940500021
v -1.20117939 -1.47671103 0.930500031
v -1.20644176 -1.48770976 0.92049998
v -1.21114028 -1.48599958 0.925500035
v -1.20117939 -1.47671103 0.925500035
v -1.19309616 -1.48028123 0.920744658
v -1.19362473 -1.48173308 0.92049998
v -1.19980121 -1.48151731 0.92049998
v -1.07142746 -1.54217196 0.955500007
v -1.10473728 -1.65562105 0.955500007
v -1.06437898 -1.54473734 0.955500007
v -1.11178589 -1.65305555 0.955500007
v -1.20857239 -1.61782801 0.955500007
v -1.16821408 -1.50694442 0.955500007
v -1.17526269 -1.50437891 0.955500007
v -1.21562099 -1.61526251 0.955500007
v -1.07523143 -1.56359017 0.980499983
v -1.07042503 -1.5613488 0.975499988
v -1.12338841 -1.5860461 0.975499988
v -1.12338841 -1.5860461 0.980499983
v -1.07523143 -1.56359017 0.980499983
v -1.07666421 -1.56094813 0.983499944
v -1.07042503 -1.5613488 0.975499988
v -1.07206917 -1.54832327 0.983499944
v -1.06437898 -1.54473734 0.975499988
v -1.08469391 -1.54372835 0.983499944
v -1.07206917 -1.54832327 0.983499944
v -1.07666421 -1.56094813 0.983499944
v -1.13540494 -1.56737518 0.983499944
v -1.12737513 -1.58459496 0.983499944
v -1.14459503 -1.59262478 0.983499944
v -1.10372829 -1.63530588 0.983499944
v -1.1209482 -1.6433357 0.983499944
v -1.10832334 -1.64793074 0.983499944
v -1.15262485 -1.57540488 0.983499944
v -1.19530594 -1.61627162 0.983499944
v -1.20333564 -1.59905183 0.983499944
v -1.20793068 -1.61167657 0.983499944
v -1.17627168 -1.52469409 0.983499944
v -1.15905178 -1.51666427 0.983499944
v -1.17167664 -1.51206923 0.983499944
v -1.07206917 -1.54832327 0.983499944
v -1.08099055 -1.53869116 0.975499988
v -1.06437898 -1.54473734 0.975499988
v -1.08469391 -1.54372835 0.983499944
v -1.08579695 -1.54093242 0.980499983
v -1.08469391 -1.54372835 0.983499944
v -1.13395381 -1.56338835 0.980499983
v -1.08579695 -1.54093242 0.980499983
v -1.13540494 -1.56737518 0.983499944
v -1.15905178 -1.51666427 0.983499944
v -1.13395381 -1.56338835 0.980499983
v -1.13540494 -1.56737518 0.983499944
v -1.15640986 -1.51523149 0.980499983
v -1.12737513 -1.58459496 0.983499944
v -1.07666421 -1.56094813 0.983499944
v -1.12338841 -1.5860461 0.980499983
v -1.07523143 -1.56359017 0.980499983
v -1.12338841 -1.5860461 0.980499983
v -1.10372829 -1.63530588 0.983499944
v -1.12737513 -1.58459496 0.983499944
v -1.10093248 -1.63420296 0.980499983
v -1.09869111 -1.63900948 0.975499988
v -1.10372829 -1.63530588 0.983499944
v -1.10093248 -1.63420296 0.980499983
v -1.10832334 -1.64793074 0.983499944
v -1.10473728 -1.65562105 0.975499988
v -1.12338841 -1.5860461 0.975499988
v -1.09869111 -1.63900948 0.975499988
v -1.10093248 -1.63420296 0.980499983
v -1.12338841 -1.5860461 0.980499983
v -1.10473728 -1.65562105 0.975499988
v -1.12134886 -1.64957488 0.975499988
v -1.10832334 -1.64793074 0.983499944
v -1.1209482 -1.6433357 0.983499944
v -1.12359011 -1.64476848 0.980499983
v -1.12134886 -1.64957488 0.975499988
v -1.14604616 -1.59661162 0.975499988
v -1.12359011 -1.64476848 0.980499983
v -1.14604616 -1.59661162 0.980499983
v -1.20793068 -1.61167657 0.983499944
v -1.21562099 -1.61526251 0.975499988
v -1.20957494 -1.59865105 0.975499988
v -1.20333564 -1.59905183 0.983499944
v -1.20476854 -1.59640968 0.980499983
v -1.20476854 -1.59640968 0.980499983
v -1.20957494 -1.59865105 0.975499988
v -1.15661156 -1.57395387 0.975499988
v -1.15661156 -1.57395387 0.980499983
v -1.15661156 -1.57395387 0.975499988
v -1.18130875 -1.52099037 0.975499988
v -1.17906749 -1.52579689 0.980499983
v -1.15661156 -1.57395387 0.980499983
v -1.15661156 -1.57395387 0.980499983
v -1.17906749 -1.52579689 0.980499983
v -1.17627168 -1.52469409 0.983499944
v -1.15262485 -1.57540488 0.983499944
v -1.20333564 -1.59905183 0.983499944
v -1.20476854 -1.59640968 0.980499983
v -1.15661156 -1.57395387 0.980499983
v -1.15262485 -1.57540488 0.983499944
v -1.18130875 -1.52099037 0.975499988
v -1.17627168 -1.52469409 0.983499944
v -1.17906749 -1.52579689 0.980499983
v -1.17167664 -1.51206923 0.983499944
v -1.17526269 -1.50437891 0.975499988
v -1.14459503 -1.59262478 0.983499944
v -1.14604616 -1.59661162 0.980499983
v -1.19530594 -1.61627162 0.983499944
v -1.19420302 -1.61906755 0.980499983
v -1.19530594 -1.61627162 0.983499944
v -1.19420302 -1.61906755 0.980499983
v -1.19900942 -1.62130868 0.975499988
v -1.20793068 -1.61167657 0.983499944
v -1.21562099 -1.61526251 0.975499988
v -1.12359011 -1.64476848 0.980499983
v -1.14604616 -1.59661162 0.980499983
v -1.1209482 -1.6433357 0.983499944
v -1.14459503 -1.59262478 0.983499944
v -1.17526269 -1.50437891 0.975499988
v -1.15865111 -1.51042509 0.975499988
v -1.17167664 -1.51206923 0.983499944
v -1.15905178 -1.51666427 0.983499944
v -1.15640986 -1.51523149 0.980499983
v -1.15640986 -1.51523149 0.980499983
v -1.13395381 -1.56338835 0.975499988
v -1.13395381 -1.56338835 0.980499983
v -1.15865111 -1.51042509 0.975499988
v -1.08579695 -1.54093242 0.980499983
v -1.13395381 -1.56338835 0.975499988
v -1.08099055 -1.53869116 0.975499988
v -1.13395381 -1.56338835 0.980499983
v -1.21093988 -1.67549622 0.9005
v -1.21691656 -1.66267908 0.9005
v -1.20836604 -1.63918686 0.9005
v -1.12567317 -1.66928458 0.9005
v -1.14704072 -1.6987536 0.9005
v -1.13422358 -1.69277692 0.9005
v -1.85859585 1.77548444 0.584951758
v -1.85855973 1.8339231 0.584951758
v -1.85859251 1.78078783 0.589951754
v -1.85855973 1.8339231 0.589951754
v -1.85559249 1.78096795 0.592951715
v -1.85555768 1.83692122 0.592951715
v -1.85859585 1.77548444 0.584951758
v -1.85859251 1.78078783 0.589951754
v -1.85559249 1.78096795 0.592951715
v -1.8460983 1.77146196 0.592951715
v -1.84610343 1.76297677 0.584951758
v -1.83359563 1.77546883 0.584951758
v -1.84610343 1.76297677 0.584951758
v -1.8460983 1.77146196 0.592951715
v -1.83659232 1.78095627 0.592951715
v -1.8335923 1.78077221 0.589951754
v -1.83355951 1.8339076 0.584951758
v -1.83359563 1.77546883 0.584951758
v -1.8335923 1.78077221 0.589951754
v -1.83355951 1.8339076 0.589951754
v -1.83659232 1.78095627 0.592951715
v -1.83655775 1.83690941 0.592951715
v -1.77512097 1.83387125 0.584951758
v -1.83359563 1.77546883 0.584951758
v -1.83355951 1.8339076 0.584951758
v -1.75554216 1.84635901 0.584951758
v -1.84610784 1.75590575 0.584951758
v -1.7626133 1.84636331 0.584951758
v -1.84610343 1.76297677 0.584951758
v -1.77510536 1.85887122 0.584951758
v -1.85859585 1.77548444 0.584951758
v -1.93656135 1.84647155 0.584951758
v -1.91699815 1.83395946 0.584951758
v -1.85855973 1.8339231 0.584951758
v -1.83350778 1.917346 0.584951758
v -1.83354402 1.85890758 0.584951758
v -1.84599555 1.93692482 0.584951758
v -1.84599984 1.92985392 0.584951758
v -1.85850763 1.91736174 0.584951758
v -1.92949021 1.84646726 0.584951758
v -1.91698253 1.85895932 0.584951758
v -1.85854375 1.8589232 0.584951758
v -1.91169465 1.83395612 0.589951754
v -1.85855973 1.8339231 0.589951754
v -1.91151083 1.83695602 0.592951715
v -1.85555768 1.83692122 0.592951715
v -1.92100501 1.84646189 0.592951715
v -1.92949021 1.84646726 0.584951758
v -1.85216033 1.94927382 0.577269435
v -1.94890273 1.85265183 0.577269435
v -1.94879568 1.84036362 0.577482462
v -1.8398726 1.94915187 0.577482462
v -1.74330759 1.85246682 0.577482462
v -1.83891571 1.95106268 0.569951773
v -1.74139547 1.85342133 0.569951773
v -1.82562876 1.93775916 0.559837759
v -1.82919884 1.94133401 0.558946908
v -1.83060896 1.9427458 0.557272613
v -1.82389891 1.93602729 0.558946908
v -1.84754944 1.95387387 0.569951773
v -1.83891571 1.95106268 0.554951787
v -1.83152914 1.94366729 0.555016935
v -1.83184898 1.94398725 0.552451789
v -1.85305762 1.95107138 0.569951773
v -1.84754944 1.95387387 0.554951787
v -1.84094 1.95308971 0.546134949
v -1.83184898 1.94398725 0.534951746
v -1.75468242 1.86672485 0.559837759
v -1.75111222 1.86315012 0.558946908
v -1.75782239 1.86986864 0.557272613
v -1.82248878 1.93461561 0.557272613
v -1.82124889 1.93337417 0.552451789
v -1.75906217 1.87111008 0.552451789
v -1.75906217 1.87111008 0.50995177
v -1.82124889 1.93337417 0.50995177
v -1.7497021 1.86173844 0.557272613
v -1.85373247 1.9517473 0.552012861
v -1.84624004 1.95839632 0.540685892
v -1.85659111 1.95460916 0.549951792
v -1.85305762 1.95107138 0.554951787
v -1.95069909 1.85355139 0.554951787
v -1.95137382 1.85422707 0.552012861
v -1.95069909 1.85355139 0.569951773
v -1.95351028 1.84491765 0.554951787
v -1.95351028 1.84491765 0.569951773
v -1.95070779 1.83940923 0.569951773
v -1.95070779 1.83940923 0.554951787
v -1.8531878 1.741768 0.569951773
v -1.85223091 1.74367869 0.577482462
v -1.93569124 1.82437384 0.558946908
v -1.83994293 1.74355662 0.577269435
v -1.95273232 1.84143627 0.546134949
v -1.84768295 1.7389586 0.569951773
v -1.74320066 1.84017897 0.577269435
v -1.83904564 1.74175918 0.569951773
v -1.73859513 1.84478414 0.569951773
v -1.84768295 1.7389586 0.554951787
v -1.74140453 1.83927929 0.569951773
v -1.74139547 1.85342133 0.554951787
v -1.73859513 1.84478414 0.554951787
v -1.74140453 1.83927929 0.554951787
v -1.83904564 1.74175918 0.554951787
v -1.73787546 1.8286705 0.549951792
v -1.73702598 1.84904647 0.54281646
v -1.73658216 1.84276867 0.549361587
v -1.74846232 1.86049688 0.552451789
v -1.74846232 1.86049688 0.534951746
v -1.73407114 1.84608781 0.540685892
v -1.7307955 1.84280813 0.534951746
v -1.7590754 1.84989667 0.552451789
v -1.84964132 1.75944352 0.552451789
v -1.76172543 1.85255015 0.558946908
v -1.75111222 1.86315012 0.558946908
v -1.73994768 1.83782089 0.550906658
v -1.7307955 1.84280813 0.539951742
v -1.72659194 1.83454537 0.539951742
v -1.73787105 1.83574164 0.549951792
v -1.73646986 1.83298719 0.549951792
v -1.73695517 1.82993543 0.549951792
v -1.7364707 1.83142281 0.549951792
v -1.76165259 1.84732282 0.5575611
v -1.73080885 1.82159495 0.539951742
v -1.72659194 1.83454537 0.534951746
v -1.73080885 1.82159495 0.534951746
v -1.82137465 1.73114145 0.539951742
v -1.82137465 1.73114145 0.534951746
v -1.8355124 1.73822153 0.549951792
v -1.82963729 1.72693801 0.539951742
v -1.84645188 1.73772597 0.549589932
v -1.85116339 1.73974097 0.546134949
v -1.84123647 1.73250425 0.545829594
v -1.84258771 1.7311548 0.539951742
v -1.82963729 1.72693801 0.534951746
v -1.84258771 1.7311548 0.534951746
v -1.83041632 1.73187697 0.529951751
v -1.8249079 1.73467934 0.529951751
v -1.8531878 1.741768 0.554951787
v -1.83904994 1.73468804 0.529951751
v -1.85318339 1.7488389 0.529951751
v -1.73434198 1.82513273 0.529951751
v -1.86025465 1.74884331 0.534951746
v -1.86025465 1.74884331 0.552451789
v -1.86149442 1.75008476 0.557272613
v -1.86463392 1.75322843 0.559837759
v -1.86647487 1.75507152 0.559837759
v -1.86961436 1.75821519 0.557272613
v -1.93428111 1.82296205 0.557272613
v -1.8708545 1.75945663 0.552451789
v -1.93304121 1.82172048 0.552451789
v -1.8708545 1.75945663 0.50995177
v -1.93304121 1.82172048 0.50995177
v -1.93742073 1.82610571 0.559837759
v -1.93926156 1.82794869 0.559837759
v -1.94240129 1.83109236 0.557272613
v -1.94364119 1.8323338 0.552451789
v -1.94364119 1.8323338 0.534951746
v -1.95507729 1.84378397 0.54281646
v -1.95803213 1.84674263 0.540685892
v -1.95423257 1.85708904 0.549951792
v -1.96130776 1.85002244 0.534951746
v -1.96130776 1.85002244 0.539951742
v -1.96550858 1.86297822 0.539951742
v -1.95422804 1.8641603 0.549951792
v -1.96550858 1.86297822 0.534951746
v -1.96129477 1.87123561 0.539951742
v -1.87072873 1.96168911 0.539951742
v -1.86366189 1.95461357 0.549951792
v -1.85777318 1.96588969 0.539951742
v -1.96129477 1.87123561 0.534951746
v -1.84951568 1.96167588 0.539951742
v -1.87072873 1.96168911 0.534951746
v -1.84951568 1.96167588 0.534951746
v -1.83892012 1.94399154 0.529951751
v -1.85777318 1.96588969 0.534951746
v -1.86719537 1.95815134 0.529951751
v -1.8519603 1.95923424 0.530196428
v -1.8585583 1.96095181 0.529951751
v -1.85305321 1.95814252 0.529951751
v -1.95776129 1.86769783 0.529951751
v -1.96057069 1.86219299 0.529951751
v -1.95777023 1.85355592 0.529951751
v -1.94363689 1.83940482 0.529951751
v -1.8424623 1.93338728 0.552451789
v -1.83184898 1.94398725 0.552451789
v -1.83152914 1.94366729 0.555016935
v -1.93302786 1.84293377 0.552451789
v -1.94364119 1.8323338 0.552451789
v -1.93178809 1.84169233 0.557272613
v -1.94240129 1.83109236 0.557272613
v -1.93926156 1.82794869 0.559837759
v -1.93045056 1.84550798 0.5575611
v -1.92864835 1.83854866 0.559837759
v -1.93742073 1.82610571 0.559837759
v -1.84122217 1.93214583 0.557272613
v -1.83060896 1.9427458 0.557272613
v -1.82919884 1.94133401 0.558946908
v -1.84423101 1.9316206 0.558701754
v -1.83808243 1.92900217 0.559837759
v -1.82562876 1.93775916 0.559837759
v -1.84599984 1.92985392 0.564951777
v -1.92949021 1.84646726 0.564951777
v -1.84069932 1.9245466 0.564951777
v -1.92418957 1.84115994 0.564951777
v -1.92680764 1.83670568 0.559837759
v -1.93569124 1.82437384 0.558946908
v -1.83624184 1.92715919 0.559837759
v -1.83355343 1.91739178 0.559798717
v -1.82389891 1.93602729 0.558946908
v -1.76791382 1.85167062 0.564951777
v -1.83310223 1.92401564 0.557272613
v -1.83186209 1.92277396 0.552451789
v -1.82248878 1.93461561 0.557272613
v -1.82124889 1.93337417 0.552451789
v -1.82124889 1.93337417 0.50995177
v -1.92366803 1.83356214 0.557272613
v -1.93428111 1.82296205 0.557272613
v -1.91704357 1.83400524 0.559798717
v -1.92242813 1.83232069 0.552451789
v -1.93304121 1.82172048 0.552451789
v -1.93304121 1.82172048 0.50995177
v -1.85413361 1.77101696 0.564339757
v -1.85140419 1.76828408 0.564951777
v -1.91535699 1.83231604 0.552451789
v -1.92242813 1.83232069 0.464951783
v -1.85854995 1.77543867 0.559798717
v -1.85586166 1.76567149 0.559837759
v -1.85900128 1.76881516 0.557272613
v -1.85402083 1.76382852 0.559837759
v -1.86647487 1.75507152 0.559837759
v -1.86961436 1.75821519 0.557272613
v -1.86463392 1.75322843 0.559837759
v -1.86024117 1.77005661 0.552451789
v -1.8708545 1.75945663 0.552451789
v -1.8708545 1.75945663 0.50995177
v -1.86023688 1.77712762 0.552451789
v -1.86024117 1.77005661 0.464951783
v -1.86023688 1.77712762 0.464951783
v -1.84610343 1.76297677 0.56245178
v -1.84610343 1.76297677 0.564951777
v -1.7626133 1.84636331 0.564951777
v -1.8508811 1.76068497 0.557272613
v -1.86149442 1.75008476 0.557272613
v -1.84706366 1.76201761 0.5575611
v -1.86025465 1.74884331 0.552451789
v -1.76529562 1.85612488 0.559837759
v -1.75468242 1.86672485 0.559837759
v -1.77505958 1.85882545 0.559798717
v -1.76843548 1.85926843 0.557272613
v -1.75782239 1.86986864 0.557272613
v -1.75906217 1.87111008 0.552451789
v -1.76967537 1.86051011 0.552451789
v -1.75906217 1.87111008 0.50995177
v -1.77674627 1.86051428 0.552451789
v -1.85840118 1.74884224 0.531577289
v -1.74846268 1.85979843 0.532785177
v -1.74846673 1.85342586 0.529951751
v -1.73433328 1.83927476 0.529951751
v -1.7315309 1.83376634 0.529951751
v -1.83186662 1.91570294 0.552451789
v -1.77548134 1.85959423 0.464951783
v -1.76967537 1.86051011 0.464951783
v -1.76263261 1.86754405 0.464951783
v -1.77674627 1.86051428 0.464951783
v -1.74137354 1.88877666 0.498753726
v -1.74137354 1.88877666 0.50995177
v -1.74136472 1.90291882 0.50995177
v -1.74136472 1.90291882 0.494951785
v -1.78941834 1.95103192 0.50995177
v -1.75327647 1.89808846 0.481629938
v -1.76348031 1.88789749 0.465405941
v -1.83278239 1.92150891 0.464951783
v -1.83186209 1.92277396 0.464951783
v -1.83186662 1.91570294 0.464951783
v -1.8247999 1.90862739 0.454951763
v -1.821262 1.91216075 0.449951768
v -1.78027534 1.87112319 0.449951768
v -1.77637732 1.87501657 0.449951768
v -1.77108896 1.88029826 0.453308105
v -1.81736398 1.91605413 0.449951768
v -1.82481945 1.92980814 0.464951783
v -1.76441133 1.87990129 0.458308101
v -1.8035605 1.95104074 0.498753726
v -1.8035605 1.95104074 0.50995177
v -1.81207561 1.9213357 0.453308105
v -1.79139948 1.95257056 0.495071411
v -1.81246436 1.92801428 0.458308101
v -1.78090739 1.9383322 0.491629928
v -1.79426324 1.93912613 0.481629938
v -1.80446708 1.92893505 0.465405941
v -1.75405395 1.91144538 0.491629928
v -1.75669801 1.90880442 0.48995176
v -1.78355145 1.93569136 0.48995176
v -1.75945401 1.89898539 0.484951764
v -1.77319121 1.89233196 0.48995176
v -1.77319121 1.89233196 0.48995176
v -1.80004466 1.9192189 0.48995176
v -1.77672899 1.88879859 0.484951764
v -1.80358231 1.91568542 0.484951764
v -1.77672899 1.88879859 0.457477719
v -1.80358231 1.91568542 0.457477719
v -1.79337394 1.93294752 0.484951764
v -1.80004466 1.9192189 0.48995176
v -1.76965785 1.8887943 0.484951764
v -1.77672899 1.88879859 0.484951764
v -1.76965785 1.8887943 0.468727708
v -1.80357802 1.92275643 0.484951764
v -1.80358231 1.91568542 0.484951764
v -1.80357802 1.92275643 0.468727708
v -1.80447578 1.9147929 0.454155952
v -1.77762246 1.88790631 0.454155952
v -1.82124889 1.93337417 0.50995177
v -1.8035605 1.95104074 0.50995177
v -1.78941834 1.95103192 0.50995177
v -1.75906217 1.87111008 0.50995177
v -1.74136472 1.90291882 0.50995177
v -1.74137354 1.88877666 0.50995177
v -1.92418957 1.84115994 0.564951777
v -1.84599984 1.92985392 0.564951777
v -1.92949021 1.84646726 0.564951777
v -1.84069932 1.9245466 0.564951777
v -1.76791382 1.85167062 0.564951777
v -1.85140419 1.76828408 0.564951777
v -1.84610343 1.76297677 0.564951777
v -1.7626133 1.84636331 0.564951777
v -1.77109826 1.84636867 0.592951715
v -1.77510536 1.85887122 0.584951758
v -1.7626133 1.84636331 0.584951758
v -1.78059244 1.85587454 0.592951715
v -1.78040874 1.85887468 0.589951754
v -1.77109826 1.84636867 0.592951715
v -1.7626133 1.84636331 0.584951758
v -1.77512097 1.83387125 0.584951758
v -1.78060424 1.83687449 0.592951715
v -1.780424 1.83387434 0.589951754
v -1.78059244 1.85587454 0.592951715
v -1.77109826 1.84636867 0.592951715
v -1.78060424 1.83687449 0.592951715
v -1.83654583 1.85590935 0.592951715
v -1.83655775 1.83690941 0.592951715
v -1.85555768 1.83692122 0.592951715
v -1.83659232 1.78095627 0.592951715
v -1.85559249 1.78096795 0.592951715
v -1.8460983 1.77146196 0.592951715
v -1.85554588 1.85592115 0.592951715
v -1.91151083 1.83695602 0.592951715
v -1.91149902 1.85595596 0.592951715
v -1.92100501 1.84646189 0.592951715
v -1.85551095 1.91187453 0.592951715
v -1.83651102 1.91186273 0.592951715
v -1.8460052 1.92136848 0.592951715
v -1.83654583 1.85590935 0.592951715
v -1.83354402 1.85890758 0.589951754
v -1.78059244 1.85587454 0.592951715
v -1.78040874 1.85887468 0.589951754
v -1.83354402 1.85890758 0.584951758
v -1.77510536 1.85887122 0.584951758
v -1.83651102 1.91186273 0.592951715
v -1.83354402 1.85890758 0.589951754
v -1.83654583 1.85590935 0.592951715
v -1.83351088 1.91204286 0.589951754
v -1.83354402 1.85890758 0.584951758
v -1.83350778 1.917346 0.584951758
v -1.83655775 1.83690941 0.592951715
v -1.78060424 1.83687449 0.592951715
v -1.83355951 1.8339076 0.589951754
v -1.780424 1.83387434 0.589951754
v -1.83355951 1.8339076 0.584951758
v -1.77512097 1.83387125 0.584951758
v -1.85551095 1.91187453 0.592951715
v -1.85851085 1.91205823 0.589951754
v -1.8460052 1.92136848 0.592951715
v -1.84599984 1.92985392 0.584951758
v -1.85854375 1.8589232 0.589951754
v -1.85551095 1.91187453 0.592951715
v -1.85554588 1.85592115 0.592951715
v -1.85851085 1.91205823 0.589951754
v -1.85854375 1.8589232 0.584951758
v -1.85850763 1.91736174 0.584951758
v -1.85554588 1.85592115 0.592951715
v -1.91149902 1.85595596 0.592951715
v -1.85854375 1.8589232 0.589951754
v -1.91167915 1.8589561 0.589951754
v -1.85854375 1.8589232 0.584951758
v -1.91698253 1.85895932 0.584951758
v -1.92100501 1.84646189 0.592951715
v -1.92949021 1.84646726 0.584951758
v -1.84599984 1.92985392 0.584951758
v -1.83350778 1.917346 0.584951758
v -1.8460052 1.92136848 0.592951715
v -1.83651102 1.91186273 0.592951715
v -1.83351088 1.91204286 0.589951754
v -1.95073867 1.78991187 0.50995177
v -1.95072997 1.8040539 0.50995177
v -1.93304121 1.82172048 0.50995177
v -1.8708545 1.75945663 0.50995177
v -1.9026854 1.74179864 0.50995177
v -1.88854325 1.74178994 0.50995177
v -1.91535699 1.83231604 0.464951783
v -1.90829027 1.82524073 0.454951763
v -1.91182816 1.82170737 0.449951768
v -1.86730361 1.78420317 0.454951763
v -1.87084115 1.78066969 0.449951768
v -1.87473953 1.77677655 0.449951768
v -1.91572607 1.81781411 0.449951768
v -1.86728406 1.76302254 0.464951783
v -1.92947066 1.82528663 0.464951783
v -1.88854325 1.74178994 0.498753726
v -1.88854325 1.74178994 0.50995177
v -1.9026854 1.74179864 0.50995177
v -1.95072997 1.8040539 0.498753726
v -1.95072997 1.8040539 0.50995177
v -1.95073867 1.78991187 0.50995177
v -1.95073867 1.78991187 0.494951785
v -1.9026854 1.74179864 0.494951785
v -1.87963891 1.76481628 0.458308101
v -1.92769241 1.81292951 0.458308101
v -1.92673278 1.81363523 0.456983179
v -1.88002753 1.77149487 0.453308105
v -1.9371531 1.79449904 0.482529908
v -1.9230088 1.80775154 0.458696425
v -1.92101431 1.81253242 0.453308105
v -1.91399419 1.80527937 0.453486323
v -1.88762748 1.77803767 0.454155952
v -1.91537452 1.80403197 0.457477719
v -1.88481092 1.76950598 0.458696425
v -1.93804944 1.7813853 0.491629928
v -1.88852119 1.77714515 0.457477719
v -1.92012239 1.80534983 0.462940812
v -1.92244577 1.80403638 0.468727708
v -1.91537452 1.80403197 0.484951764
v -1.91537452 1.80403197 0.484951764
v -1.88852119 1.77714515 0.484951764
v -1.89205897 1.7736119 0.48995176
v -1.91891229 1.8004986 0.48995176
v -1.93540525 1.78402603 0.48995176
v -1.90855193 1.75713921 0.48995176
v -1.88720894 1.77239549 0.462940812
v -1.88852119 1.77714515 0.484951764
v -1.92244577 1.80403638 0.484951764
v -1.91891229 1.8004986 0.48995176
v -1.93264937 1.79384518 0.484951764
v -1.88763642 1.76389539 0.465405941
v -1.88852561 1.77007425 0.468727708
v -1.89784002 1.75370431 0.481629938
v -1.91119611 1.75449836 0.491629928
v -1.89872921 1.75988293 0.484951764
v -1.89205897 1.7736119 0.48995176
v -1.88852561 1.77007425 0.484951764
v -1.0481416 -1.52936363 0.945500016
v -1.04194915 -1.53600419 0.945500016
v -1.04216492 -1.54218078 0.960500002
v -1.04216492 -1.54218078 0.945500016
v -1.08936369 -1.67185831 0.945500016
v -1.09436715 -1.67864668 0.940138161
v -1.04233134 -1.5314784 0.933364689
v -1.03927255 -1.53697836 0.939909816
v -1.04022813 -1.54288566 0.941454887
v -1.08846629 -1.67218506 0.94256109
v -1.08743215 -1.68117082 0.936377823
v -1.05753851 -1.5259434 0.943000019
v -1.08808541 -1.6829654 0.930500031
v -1.06106234 -1.52466094 0.949495137
v -1.03840196 -1.53290856 0.931234121
v -1.07094026 -1.53702831 0.950386047
v -1.06581008 -1.52293289 0.950386047
v -1.03404617 -1.53449404 0.930500031
v -1.07511532 -1.53550875 0.947820842
v -1.06998515 -1.52141321 0.947820842
v -1.07163393 -1.52081311 0.943000019
v -1.08092964 -1.53871334 0.950346947
v -1.07676423 -1.53490853 0.943000019
v -1.07163393 -1.52081311 0.9005
v -1.0831728 -1.53789687 0.943000019
v -1.03746641 -1.54389083 0.940500021
v -1.15646875 -1.51121926 0.943000019
v -1.03447807 -1.55029953 0.940500021
v -1.08466518 -1.67356837 0.940500021
v -1.0745672 -1.68130553 0.930500031
v -1.0688597 -1.67400038 0.930500031
v -1.0745672 -1.68130553 0.925500035
v -1.0688597 -1.67400038 0.925500035
v -1.02508116 -1.55371964 0.930500031
v -1.03417957 -1.54876387 0.940500021
v -1.07736313 -1.67716026 0.92049998
v -1.03503132 -1.54579341 0.940500021
v -1.02674091 -1.54020143 0.930500031
v -1.08637524 -1.67826688 0.92049998
v -1.07355821 -1.67229021 0.92049998
v -1.02508116 -1.55371964 0.925500035
v -1.02977955 -1.55200958 0.92049998
v -1.02674091 -1.54020143 0.925500035
v -1.03575623 -1.53919244 0.92049998
v -1.03088617 -1.54299736 0.92049998
v -1.19682717 -1.6221031 0.855499983
v -1.18743026 -1.62552321 0.845499992
v -1.18914032 -1.63022172 0.840499997
v -1.13292801 -1.64536035 0.845499992
v -1.13463819 -1.65005887 0.840499997
v -1.13652253 -1.65523601 0.840499997
v -1.19102466 -1.63539886 0.840499997
v -1.12394714 -1.66454268 0.855499983
v -1.20664012 -1.63444483 0.855499983
v -1.13422358 -1.69277692 0.889301956
v -1.13422358 -1.69277692 0.9005
v -1.14704072 -1.6987536 0.9005
v -1.21691656 -1.66267908 0.889301956
v -1.21691656 -1.66267908 0.9005
v -1.21093988 -1.67549622 0.9005
v -1.21093988 -1.67549622 0.885500014
v -1.14704072 -1.6987536 0.885500014
v -1.13590038 -1.6681459 0.84885633
v -1.19979942 -1.6448884 0.84885633
v -1.19922876 -1.64384294 0.847531438
v -1.13907886 -1.66225934 0.843856335
v -1.20057189 -1.66559076 0.873078108
v -1.19336498 -1.64759779 0.849244654
v -1.19358087 -1.6424222 0.843856335
v -1.18415093 -1.64602292 0.844034553
v -1.14873338 -1.65954721 0.844704211
v -1.1848737 -1.64773726 0.848025978
v -1.14257097 -1.66608536 0.849244654
v -1.19583452 -1.6778518 0.882178187
v -1.14916539 -1.66073406 0.848025978
v -1.18973327 -1.64855242 0.853489041
v -1.19128227 -1.65072572 0.859275937
v -1.1848737 -1.64773726 0.875500023
v -1.1848737 -1.64773726 0.875500023
v -1.14916539 -1.66073406 0.875500023
v -1.15087557 -1.66543257 0.880500019
v -1.18658388 -1.65243578 0.880500019
v -1.19455636 -1.67434013 0.880500019
v -1.15884805 -1.68733704 0.880500019
v -1.14596665 -1.66448224 0.853489041
v -1.14916539 -1.66073406 0.875500023
v -1.19128227 -1.65072572 0.875500023
v -1.18658388 -1.65243578 0.880500019
v -1.19621468 -1.66427732 0.875500023
v -1.1427567 -1.67236447 0.85595417
v -1.14617705 -1.66714263 0.859275937
v -1.1476891 -1.68591607 0.872178197
v -1.16012621 -1.69084871 0.882178187
v -1.15110946 -1.68069422 0.875500023
v -1.15087557 -1.66543257 0.880500019
v -1.14617705 -1.66714263 0.875500023
v 1.91535699 1.83231604 0.464951783
v 1.90829027 1.82524073 0.454951763
v 1.91182816 1.82170737 0.449951768
v 1.86730361 1.78420317 0.454951763
v 1.87084115 1.78066969 0.449951768
v 1.87473953 1.77677655 0.449951768
v 1.91572607 1.81781411 0.449951768
v 1.86728406 1.76302254 0.464951783
v 1.92947066 1.82528663 0.464951783
v 1.88854325 1.74178994 0.498753726
v 1.88854325 1.74178994 0.50995177
v 1.9026854 1.74179864 0.50995177
v 1.95072997 1.8040539 0.498753726
v 1.95072997 1.8040539 0.50995177
v 1.95073867 1.78991187 0.50995177
v 1.95073867 1.78991187 0.494951785
v 1.9026854 1.74179864 0.494951785
v 1.87963891 1.76481628 0.458308101
v 1.92769241 1.81292951 0.458308101
v 1.92673278 1.81363523 0.456983179
v 1.88002753 1.77149487 0.453308105
v 1.9371531 1.79449904 0.482529908
v 1.9230088 1.80775154 0.458696425
v 1.92101431 1.81253242 0.453308105
v 1.91399419 1.80527937 0.453486323
v 1.88762748 1.77803767 0.454155952
v 1.91537452 1.80403197 0.457477719
v 1.88481092 1.76950598 0.458696425
v 1.93804944 1.7813853 0.491629928
v 1.88852119 1.77714515 0.457477719
v 1.92012239 1.80534983 0.462940812
v 1.92244577 1.80403638 0.468727708
v 1.91537452 1.80403197 0.484951764
v 1.91537452 1.80403197 0.484951764
v 1.88852119 1.77714515 0.484951764
v 1.89205897 1.7736119 0.48995176
v 1.91891229 1.8004986 0.48995176
v 1.93540525 1.78402603 0.48995176
v 1.90855193 1.75713921 0.48995176
v 1.88720894 1.77239549 0.462940812
v 1.88852119 1.77714515 0.484951764
v 1.92244577 1.80403638 0.484951764
v 1.91891229 1.8004986 0.48995176
v 1.93264937 1.79384518 0.484951764
v 1.88763642 1.76389539 0.465405941
v 1.88852561 1.77007425 0.468727708
v 1.89784002 1.75370431 0.481629938
v 1.91119611 1.75449836 0.491629928
v 1.89872921 1.75988293 0.484951764
v 1.89205897 1.7736119 0.48995176
v 1.88852561 1.77007425 0.484951764
v 1.0481416 -1.52936363 0.945500016
v 1.04194915 -1.53600419 0.945500016
v 1.04216492 -1.54218078 0.960500002
v 1.04216492 -1.54218078 0.945500016
v 1.08936369 -1.67185831 0.945500016
v 1.09436715 -1.67864668 0.940138161
v 1.04233134 -1.5314784 0.933364689
v 1.03927255 -1.53697836 0.939909816
v 1.04022813 -1.54288566 0.941454887
v 1.08846629 -1.67218506 0.94256109
v 1.08743215 -1.68117082 0.936377823
v 1.05753851 -1.5259434 0.943000019
v 1.08808541 -1.6829654 0.930500031
v 1.06106234 -1.52466094 0.949495137
v 1.03840196 -1.53290856 0.931234121
v 1.07094026 -1.53702831 0.950386047
v 1.06581008 -1.52293289 0.950386047
v 1.03404617 -1.53449404 0.930500031
v 1.07511532 -1.53550875 0.947820842
v 1.06998515 -1.52141321 0.947820842
v 1.07163393 -1.52081311 0.943000019
v 1.08092964 -1.53871334 0.950346947
v 1.07676423 -1.53490853 0.943000019
v 1.07163393 -1.52081311 0.9005
v 1.0831728 -1.53789687 0.943000019
v 1.03746641 -1.54389083 0.940500021
v 1.15646875 -1.51121926 0.943000019
v 1.03447807 -1.55029953 0.940500021
v 1.08466518 -1.67356837 0.940500021
v 1.0745672 -1.68130553 0.930500031
v 1.0688597 -1.67400038 0.930500031
v 1.0745672 -1.68130553 0.925500035
v 1.0688597 -1.67400038 0.925500035
v 1.02508116 -1.55371964 0.930500031
v 1.03417957 -1.54876387 0.940500021
v 1.07736313 -1.67716026 0.92049998
v 1.03503132 -1.54579341 0.940500021
v 1.02674091 -1.54020143 0.930500031
v 1.08637524 -1.67826688 0.92049998
v 1.07355821 -1.67229021 0.92049998
v 1.02508116 -1.55371964 0.925500035
v 1.02977955 -1.55200958 0.92049998
v 1.02674091 -1.54020143 0.925500035
v 1.03575623 -1.53919244 0.92049998
v 1.03088617 -1.54299736 0.92049998
v 1.19682717 -1.6221031 0.855499983
v 1.18743026 -1.62552321 0.845499992
v 1.18914032 -1.63022172 0.840499997
v 1.13292801 -1.64536035 0.845499992
v 1.13463819 -1.65005887 0.840499997
v 1.13652253 -1.65523601 0.840499997
v 1.19102466 -1.63539886 0.840499997
v 1.12394714 -1.66454268 0.855499983
v 1.20664012 -1.63444483 0.855499983
v 1.13422358 -1.69277692 0.889301956
v 1.13422358 -1.69277692 0.9005
v 1.14704072 -1.6987536 0.9005
v 1.21691656 -1.66267908 0.889301956
v 1.21691656 -1.66267908 0.9005
v 1.21093988 -1.67549622 0.9005
v 1.21093988 -1.67549622 0.885500014
v 1.14704072 -1.6987536 0.885500014
v 1.13590038 -1.6681459 0.84885633
v 1.19979942 -1.6448884 0.84885633
v 1.19922876 -1.64384294 0.847531438
v 1.13907886 -1.66225934 0.843856335
v 1.20057189 -1.66559076 0.873078108
v 1.19336498 -1.64759779 0.849244654
v 1.19358087 -1.6424222 0.843856335
v 1.18415093 -1.64602292 0.844034553
v 1.14873338 -1.65954721 0.844704211
v 1.1848737 -1.64773726 0.848025978
v 1.14257097 -1.66608536 0.849244654
v 1.19583452 -1.6778518 0.882178187
v 1.14916539 -1.66073406 0.848025978
v 1.18973327 -1.64855242 0.853489041
v 1.19128227 -1.65072572 0.859275937
v 1.1848737 -1.64773726 0.875500023
v 1.1848737 -1.64773726 0.875500023
v 1.14916539 -1.66073406 0.875500023
v 1.15087557 -1.66543257 0.880500019
v 1.18658388 -1.65243578 0.880500019
v 1.19455636 -1.67434013 0.880500019
v 1.15884805 -1.68733704 0.880500019
v 1.14596665 -1.66448224 0.853489041
v 1.14916539 -1.66073406 0.875500023
v 1.19128227 -1.65072572 0.875500023
v 1.18658388 -1.65243578 0.880500019
v 1.19621468 -1.66427732 0.875500023
v 1.1427567 -1.67236447 0.85595417
v 1.14617705 -1.66714263 0.859275937
v 1.1476891 -1.68591607 0.872178197
v 1.16012621 -1.69084871 0.882178187
v 1.15110946 -1.68069422 0.875500023
v 1.15087557 -1.66543257 0.880500019
v 1.14617705 -1.66714263 0.875500023
v -1.06308341 -1.49732077 0.9005
v -1.06308341 -1.49732077 0.889301956
v -1.07335985 -1.52555513 0.855499983
v -1.06906009 -1.48450375 0.9005
v -1.07676423 -1.53490853 0.855499983
v -1.08163714 -1.53819525 0.855499983
v -1.0831728 -1.53789687 0.855499983
v -1.06906009 -1.48450375 0.885500014
v -1.07780862 -1.49392104 0.872178197
v -1.08274102 -1.50747263 0.85595417
v -1.13295925 -1.46124625 0.885500014
v -1.13295925 -1.46124625 0.9005
v -1.08897531 -1.5246011 0.840499997
v -1.08641899 -1.51757777 0.843856335
v -1.08020043 -1.51511157 0.84885633
v -1.09085953 -1.52977824 0.840499997
v -1.15646875 -1.51121926 0.855499983
v -1.14707184 -1.5146395 0.845499992
v -1.14536178 -1.5099411 0.840499997
v -1.15975571 -1.50634634 0.855499983
v -1.15945709 -1.50481081 0.855499983
v -1.14347744 -1.50476396 0.840499997
v -1.15605271 -1.49545729 0.855499983
v -1.14092112 -1.49774063 0.843856335
v -1.14577639 -1.46722305 0.889301956
v -1.14577639 -1.46722305 0.9005
v -1.14409959 -1.49185407 0.84885633
v -1.13540554 -1.46069074 0.88561964
v -1.13231087 -1.47408378 0.872178197
v -1.13724327 -1.48763549 0.85595417
v -1.11987376 -1.46915126 0.882178187
v -1.08416545 -1.48214805 0.882178187
v -1.0854435 -1.48565972 0.880500019
v -1.0837853 -1.49572265 0.875500023
v -1.12202454 -1.47249246 0.880422175
v -1.1211518 -1.47266293 0.880500019
v -1.12889051 -1.47930574 0.875500023
v -1.09341609 -1.50756419 0.880500019
v -1.09341609 -1.50756419 0.880500019
v -1.1291244 -1.49456739 0.880500019
v -1.09512627 -1.5122627 0.875500023
v -1.13083458 -1.49926591 0.875500023
v -1.09512627 -1.5122627 0.848025978
v -1.1291244 -1.49456739 0.880500019
v -1.13083458 -1.49926591 0.848025978
v -1.08871758 -1.50927424 0.875500023
v -1.09512627 -1.5122627 0.875500023
v -1.08871758 -1.50927424 0.859275937
v -1.13382292 -1.49285734 0.875500023
v -1.13083458 -1.49926591 0.875500023
v -1.13382292 -1.49285734 0.859275937
v -1.13126647 -1.50045264 0.844704211
v -1.09555817 -1.51344931 0.844704211
v 1.06308341 -1.49732077 0.9005
v 1.06308341 -1.49732077 0.889301956
v 1.07335985 -1.52555513 0.855499983
v 1.06906009 -1.48450375 0.9005
v 1.07676423 -1.53490853 0.855499983
v 1.08163714 -1.53819525 0.855499983
v 1.0831728 -1.53789687 0.855499983
v 1.06906009 -1.48450375 0.885500014
v 1.07780862 -1.49392104 0.872178197
v 1.08274102 -1.50747263 0.85595417
v 1.13295925 -1.46124625 0.885500014
v 1.13295925 -1.46124625 0.9005
v 1.08897531 -1.5246011 0.840499997
v 1.08641899 -1.51757777 0.843856335
v 1.08020043 -1.51511157 0.84885633
v 1.09085953 -1.52977824 0.840499997
v 1.15646875 -1.51121926 0.855499983
v 1.14707184 -1.5146395 0.845499992
v 1.14536178 -1.5099411 0.840499997
v 1.15975571 -1.50634634 0.855499983
v 1.15945709 -1.50481081 0.855499983
v 1.14347744 -1.50476396 0.840499997
v 1.15605271 -1.49545729 0.855499983
v 1.14092112 -1.49774063 0.843856335
v 1.14577639 -1.46722305 0.889301956
v 1.14577639 -1.46722305 0.9005
v 1.14409959 -1.49185407 0.84885633
v 1.13540554 -1.46069074 0.88561964
v 1.13231087 -1.47408378 0.872178197
v 1.13724327 -1.48763549 0.85595417
v 1.11987376 -1.46915126 0.882178187
v 1.08416545 -1.48214805 0.882178187
v 1.0854435 -1.48565972 0.880500019
v 1.0837853 -1.49572265 0.875500023
v 1.12202454 -1.47249246 0.880422175
v 1.1211518 -1.47266293 0.880500019
v 1.12889051 -1.47930574 0.875500023
v 1.09341609 -1.50756419 0.880500019
v 1.09341609 -1.50756419 0.880500019
v 1.1291244 -1.49456739 0.880500019
v 1.09512627 -1.5122627 0.875500023
v 1.13083458 -1.49926591 0.875500023
v 1.09512627 -1.5122627 0.848025978
v 1.1291244 -1.49456739 0.880500019
v 1.13083458 -1.49926591 0.848025978
v 1.08871758 -1.50927424 0.875500023
v 1.09512627 -1.5122627 0.875500023
v 1.08871758 -1.50927424 0.859275937
v 1.13382292 -1.49285734 0.875500023
v 1.13083458 -1.49926591 0.875500023
v 1.13382292 -1.49285734 0.859275937
v 1.13126647 -1.50045264 0.844704211
v 1.09555817 -1.51344931 0.844704211
vn 5.36441803E-07 0 1
vn -7.74860382E-07 0 1
vn -6.07967377E-06 0 1
vn -1.60932541E-06 0 1
vn -3.03983688E-06 0 1
vn -0 0 1
vn -0.487060547 0.635253906 0.599609375
vn -0.342041016 0.939453125 0
vn -0.521972656 0.827148438 0.207641602
vn -0.342041016 0.939453125 0
vn -0.342041016 0.939453125 6.69360161E-05
vn -0.342041016 0.939453125 2.62260437E-06
vn -0.342041016 0.939453125 4.01139259E-05
vn -0.342041016 0.939453125 3.69548798E-06
vn -0.414550781 0.907714844 0.0665283203
vn -0.342041016 0.939453125 2.81333923E-05
vn -0.342041016 0.939453125 1.6272068E-05
vn -0.265869141 0.961914062 0.0665893555
vn -0.342041016 0.939941406 0.000611305237
vn -0.342041016 0.939453125 -4.22000885E-05
vn -0.342041016 0.939453125 0
vn -0.270996094 0.962402344 0.00561904907
vn 0.554199219 0.830078125 0.0635986328
vn -0.342041016 0.939941406 0
vn -0.342041016 0.939453125 8.40425491E-06
vn -0.278076172 0.960449219 0.0218200684
vn -0.287597656 0.95703125 0.0415039062
vn -0.903808594 0.421386719 -0.0740356445
vn 0.730957031 0.350097656 0.5859375
vn -0.320800781 0.944824219 0.067199707
vn 0.052154541 0.106506348 0.993164062
vn -0.266113281 0.9609375 -0.0775146484
vn -0.11126709 0.0482788086 -0.992675781
vn -0.421386719 -0.903808594 -0.0741577148
vn -0.929199219 -0.364013672 -0.0608215332
vn -0.0542297363 -0.108581543 -0.992675781
vn -0.936035156 -0.340820312 -0.0871582031
vn -0.883300781 -0.321289062 -0.342041016
vn -0.261474609 0.962402344 0.0739746094
vn -0.682128906 -0.352050781 -0.640625
vn -0.719726562 -0.261962891 -0.642578125
vn -0.469726562 -0.171020508 -0.866210938
vn -0.130371094 -0.148193359 -0.98046875
vn 0.163208008 0.059387207 -0.984863281
vn -0.257568359 -0.798828125 -0.543945312
vn 0.196655273 -0.0357055664 -0.979980469
vn 0.469726562 0.171630859 -0.866210938
vn 0.744628906 0.186767578 -0.640625
vn 0.401367188 -0.915039062 -0.0451660156
vn 0.959960938 0.265869141 -0.0873413086
vn 0.719726562 0.261962891 -0.642578125
vn 0.78515625 -0.107910156 -0.609863281
vn 0.969238281 0.131835938 -0.207641602
vn 0.338378906 -0.926757812 -0.162475586
vn -0.422607422 -0.90625 6.43730164E-06
vn 0.337646484 -0.9296875 -0.146118164
vn -0.965332031 0.0307006836 -0.258300781
vn -0.90625 0.422607422 -2.9027462E-05
vn -0.945800781 -0.318603516 -0.0608215332
vn -0.198974609 0.0274505615 -0.979492188
vn -0.337646484 0.9296875 -0.146118164
vn -0.75 -0.169189453 -0.639648438
vn -0.936035156 -0.340820312 -0.0871582031
vn -0.719726562 -0.261962891 -0.642578125
vn -0.163208008 -0.059387207 -0.984863281
vn 0.163085938 0.059387207 -0.984863281
vn 0.127685547 0.153808594 -0.979980469
vn 0.469970703 0.170532227 -0.866210938
vn 0.690429688 0.335449219 -0.640625
vn 0.719726562 0.261962891 -0.642578125
vn -0.287109375 0.95703125 -0.0403442383
vn 0.90625 0.413574219 -0.0872192383
vn 0.936035156 0.340576172 -0.0871582031
vn 0.939453125 0.342041016 -4.17232513E-07
vn -0.364746094 0.927734375 -0.0771484375
vn -0.338378906 0.926757812 -0.162353516
vn -0.270996094 0.962402344 -0.00556182861
vn 0.906738281 0.415039062 -0.0763549805
vn -0.401367188 0.915039062 -0.0451965332
vn -0.196655273 0.035736084 -0.979980469
vn -0.744628906 -0.186767578 -0.640625
vn 0.134765625 0.148925781 -0.979492188
vn -0.163208008 -0.059387207 -0.984863281
vn -0.719726562 -0.261962891 -0.642578125
vn 0.163208008 0.059387207 -0.984863281
vn -0.959960938 -0.265869141 -0.0872802734
vn -0.936035156 -0.340820312 -0.0871582031
vn -0.939453125 -0.342041016 -6.55651093E-07
vn -0.411132812 0.911621094 -0.00559234619
vn -0.961425781 -0.264892578 -0.0763549805
vn -0.418212891 0.908203125 -0.00679779053
vn 0.472412109 0.87890625 -0.0639038086
vn 0.422607422 0.90625 0
vn 0.90625 -0.422607422 -5.35845757E-05
vn 0.683105469 0.352294922 -0.639648438
vn 0.719726562 0.261962891 -0.642578125
vn 0.929199219 0.364013672 -0.0607299805
vn 0.936035156 0.340576172 -0.0871582031
vn 0.903808594 -0.421386719 -0.0740966797
vn 0.719726562 0.644042969 -0.258300781
vn 0.965332031 -0.0307617188 -0.258544922
vn 0.421386719 0.903808594 -0.0741577148
vn 0.945800781 0.318603516 -0.0607910156
vn 0.587890625 -0.272705078 -0.76171875
vn 0.111328125 -0.048248291 -0.992675781
vn 0.495117188 0.0854492188 -0.864746094
vn 0.356201172 0.762207031 -0.541015625
vn 0.0542602539 0.108581543 -0.992675781
vn -0.413574219 0.907226562 -0.0775756836
vn 0.266113281 -0.9609375 -0.0775756836
vn 0.287353516 -0.95703125 0.0415344238
vn 0.342041016 -0.939453125 6.43730164E-06
vn 0.270996094 -0.962402344 0.00560760498
vn 0.342041016 -0.939453125 1.65104866E-05
vn 0.265869141 -0.961914062 0.0665893555
vn 0.342041016 -0.939453125 -0.000152826309
vn 0.342041016 -0.939453125 -2.62260437E-06
vn -0.269287109 -0.961914062 0.0458068848
vn 0.342041016 -0.939453125 -2.27689743E-05
vn 0.4140625 -0.907714844 0.0670776367
vn 0.342041016 -0.939453125 5.05447388E-05
vn 0.342041016 -0.939453125 5.47766685E-05
vn 0.342041016 -0.939453125 0
vn 0.342041016 -0.939453125 0
vn 0.342041016 -0.939453125 0
vn 0.342041016 -0.939453125 0
vn 0.341796875 -0.939941406 -0.000605583191
vn 0.342041016 -0.939453125 0.000234484673
vn 0.342041016 -0.939453125 -2.92062759E-06
vn 0.411132812 -0.911621094 0.00560760498
vn 0.342041016 -0.939453125 2.99811363E-05
vn 0.539550781 -0.638671875 0.548828125
vn 0.816894531 -0.521972656 0.245483398
vn 0.404296875 -0.914550781 0.0218963623
vn 0.824707031 -0.563964844 0.0457763672
vn 0.394775391 -0.91796875 0.0415344238
vn -0.00340080261 -0.835449219 0.549316406
vn -0.0242156982 -0.0885620117 0.995605469
vn 0.0754394531 -0.0522766113 0.995605469
vn 0.850097656 -0.00371360779 0.526855469
vn -0.290527344 -0.924804688 0.245483398
vn -0.648925781 -0.549316406 0.526855469
vn 0.961914062 0.265869141 0.0645141602
vn -0.907714844 -0.414550781 0.0645751953
vn -0.0755004883 0.0522766113 0.995605469
vn -0.850097656 0.00371360779 0.526855469
vn 1.31130219E-06 0 1
vn 4.29153442E-06 0 1
vn -1.1920929E-07 0 1
vn 2.19941139E-05 0 1
vn -0 0 1
vn -0 0 1
vn -3.57627869E-07 0 1
vn -0.0798950195 -0.171264648 0.981933594
vn -0.298828125 -0.640625 0.70703125
vn -0.422607422 -0.90625 0
vn -0.422607422 -0.90625 0
vn -4.29153442E-06 0 1
vn -7.27176666E-06 0 1
vn 0.0242004395 0.0885620117 0.995605469
vn 0.476074219 -0.264892578 0.838378906
vn 8.94069672E-07 0 1
vn -0.251464844 -0.0379943848 0.967285156
vn 1.1920929E-07 0 1
vn -1.78813934E-06 0 1
vn 0.648925781 0.549316406 0.526855469
vn -0.5390625 0.638183594 0.549316406
vn 0.907714844 0.414550781 0.0645141602
vn 0.00371742249 0.835449219 0.549316406
vn 0.521972656 0.816894531 0.245849609
vn -0.924804688 0.290039062 0.245849609
vn 0.9609375 0.266113281 0.0784912109
vn 0.907226562 0.413574219 0.0784912109
vn 0.784667969 0.201538086 0.5859375
vn 0.380126953 -0.923339844 0.057220459
vn 0.108337402 -0.0481872559 0.993164062
vn 0.361572266 -0.9296875 0.067199707
vn 0.413574219 -0.907226562 -0.0775756836
vn 0.418457031 -0.905273438 0.0739135742
vn 0.954101562 -0.24987793 0.165161133
vn 0.0797119141 0.0218505859 0.996582031
vn 0.034576416 -0.075012207 -0.996582031
vn 0.958496094 -0.274902344 -0.0778198242
vn 0.0797119141 0.0217285156 -0.996582031
vn 0.960449219 0.266845703 0.0779418945
vn 0.0828857422 -0.0238189697 -0.99609375
vn 0.960449219 0.266845703 -0.0778808594
vn 0.907226562 0.413085938 0.0779418945
vn 0.0750732422 0.034576416 0.996582031
vn 0.260986328 0.955566406 0.136230469
vn 0.0750732422 0.0345458984 -0.996582031
vn 0.907226562 0.413085938 -0.0779418945
vn 0.274902344 0.958496094 -0.0778198242
vn -0.0834350586 0.305419922 -0.948730469
vn -0.0217437744 0.0797119141 -0.996582031
vn 0.023727417 0.082824707 -0.99609375
vn -0 0 -1
vn -0 0 -1
vn -0 0 -1
vn 4.76837158E-07 0 -1
vn -0 0 -1
vn -4.76837158E-07 0 -1
vn -0 0 -1
vn -0 0 -1
vn -0.422607422 -0.90625 0
vn -0.422607422 -0.90625 0
vn -0.422607422 -0.90625 0
vn -0.422607422 -0.90625 0
vn -0.751953125 -0.273681641 0.600097656
vn -0.751953125 -0.273681641 0.600097656
vn -0.751953125 -0.273681641 0.600097656
vn -0.751953125 -0.273681641 0.600097656
vn -0.751953125 -0.273681641 0.600097656
vn -0 0 1
vn -0 0 1
vn -0 0 1
vn 7.15255737E-07 0 1
vn 1.43051147E-06 0 1
vn 7.15255737E-07 0 1
vn -1.43051147E-06 0 1
vn -1.43051147E-06 0 1
vn -4.23192978E-06 0 1
vn -0 0 1
vn 1.43051147E-06 0 1
vn 1.43051147E-06 0 1
vn 4.23192978E-06 0 1
vn 2.8014183E-06 0 1
vn 2.8014183E-06 0 1
vn 8.46385956E-06 0 1
vn -0.273681641 0.751953125 0.600097656
vn -0.273681641 0.751953125 0.600097656
vn -0.273681641 0.751953125 0.600097656
vn -0.273681641 0.751953125 0.600097656
vn -0.273681641 0.751953125 0.600097656
vn 0.298828125 0.640625 0.70703125
vn 0.298828125 0.640625 0.70703125
vn 0.298828125 0.641113281 0.70703125
vn 0.298828125 0.641113281 0.70703125
vn -0.640625 0.298828125 0.70703125
vn -0.640625 0.298828125 0.70703125
vn -0.640625 0.298828125 0.70703125
vn -0.640625 0.298828125 0.70703125
vn -0.298828125 -0.640625 0.70703125
vn -0.298828125 -0.640625 0.70703125
vn -0.298828125 -0.640625 0.70703125
vn -0.298828125 -0.640625 0.70703125
vn -0.640625 0.298828125 0.70703125
vn -0.640625 0.298828125 0.70703125
vn -0.640625 0.298828125 0.70703125
vn -0.640625 0.298828125 0.70703125
vn -0.751953125 -0.273681641 0.600097656
vn -0.751953125 -0.273681641 0.600097656
vn -0.751953125 -0.273681641 0.600097656
vn -0.751953125 -0.273681641 0.600097656
vn -0.751953125 -0.273681641 0.600097656
vn -0.90625 0.422607422 -4.76837158E-07
vn -0.90625 0.422607422 -7.51018524E-06
vn -0.90625 0.422607422 -7.80820847E-06
vn -0.90625 0.422607422 0
vn 0.273681641 -0.751953125 0.600097656
vn 0.273681641 -0.751953125 0.600097656
vn 0.273681641 -0.751953125 0.600097656
vn 0.273681641 -0.751953125 0.600097656
vn 0.273681641 -0.751953125 0.600097656
vn 0.90625 -0.422607422 0
vn 0.90625 -0.422607422 0
vn 0.90625 -0.422607422 0
vn 0.90625 -0.422607422 0
vn 0.751953125 0.273681641 0.600097656
vn 0.751953125 0.273681641 0.600097656
vn 0.751953125 0.273681641 0.600097656
vn 0.751953125 0.273681641 0.600097656
vn 0.751953125 0.273681641 0.600097656
vn 0.422607422 0.90625 0
vn 0.422607422 0.90625 0
vn 0.422607422 0.90625 0
vn 0.422607422 0.90625 0
vn 0.90625 -0.422607422 -4.76837158E-07
vn 0.90625 -0.422607422 -7.51018524E-06
vn 0.90625 -0.422607422 -7.80820847E-06
vn 0.90625 -0.422607422 0
vn 0.640625 -0.298828125 0.70703125
vn 0.640625 -0.298828125 0.70703125
vn 0.640625 -0.298828125 0.70703125
vn 0.640625 -0.298828125 0.70703125
vn 0.298828125 0.641113281 0.70703125
vn 0.298828125 0.640625 0.70703125
vn 0.298828125 0.641113281 0.70703125
vn 0.298828125 0.640625 0.70703125
vn 0.279541016 0.503417969 0.817871094
vn 0.751953125 0.273681641 0.600097656
vn 0.751953125 0.273681641 0.600097656
vn 0.751953125 0.273681641 0.600097656
vn 0.807617188 0.0236968994 0.589355469
vn -0.298828125 -0.640625 0.70703125
vn -0.298828125 -0.640625 0.70703125
vn -0.298828125 -0.640625 0.70703125
vn -0.298828125 -0.640625 0.70703125
vn 0.273681641 -0.751953125 0.600097656
vn 0.273681641 -0.751953125 0.600097656
vn 0.273681641 -0.751953125 0.600097656
vn 0.273681641 -0.751953125 0.600097656
vn 0.273681641 -0.751953125 0.600097656
vn 0.640625 -0.298828125 0.70703125
vn 0.640625 -0.298828125 0.70703125
vn 0.640625 -0.298828125 0.70703125
vn 0.640625 -0.298828125 0.70703125
vn -0.352783203 0.559570312 0.75
vn -0.273681641 0.751953125 0.600097656
vn -0.273681641 0.751953125 0.600097656
vn -0.273681641 0.751953125 0.600097656
vn -0.273681641 0.751953125 0.600097656
vn -0.90625 0.422607422 0
vn -0.90625 0.422607422 0
vn -0.90625 0.422607422 0
vn -0.90625 0.422607422 0
vn 0.422607422 0.90625 0
vn 0.422607422 0.90625 0
vn 0.422607422 0.90625 0
vn 0.422607422 0.90625 0
vn 1.07288361E-06 0 1
vn 1.60932541E-06 0 1
vn -0 0 1
vn 1.78813934E-07 0 1
vn -4.76837158E-07 0 1
vn -0 0 1
vn 1 0.000621318817 1.50203705E-05
vn 0.954589844 0.000585079193 0.297607422
vn 1 0.000615119934 8.94069672E-07
vn 0.895996094 0.000529289246 0.444335938
vn 0.70703125 0.000439882278 0.70703125
vn 0.70703125 0.000440359116 0.70703125
vn 0.565917969 -0.565429688 0.600097656
vn 0.565917969 -0.565429688 0.600097656
vn 0.565917969 -0.565429688 0.600097656
vn 0.565917969 -0.565429688 0.600097656
vn 0.565917969 -0.565429688 0.600097656
vn -0.565429688 -0.565917969 0.600097656
vn -0.565429688 -0.565917969 0.600097656
vn -0.565429688 -0.565917969 0.600097656
vn -0.565429688 -0.565917969 0.600097656
vn -0.565429688 -0.565917969 0.600097656
vn -1 -0.000619888306 -8.94069672E-07
vn -0.954589844 -0.000596523285 0.297607422
vn -1 -0.000616073608 -1.50203705E-05
vn -0.895996094 -0.000564575195 0.444335938
vn -0.70703125 -0.000436782837 0.70703125
vn -0.70703125 -0.000440359116 0.70703125
vn -1.10268593E-05 0 1
vn -0 0 1
vn -1.90734863E-06 0 1
vn -0.0905151367 0.0153884888 0.995605469
vn 0.0155563354 -0.0905151367 0.995605469
vn 2.32458115E-06 0 1
vn -0 0 1
vn 2.98023224E-07 0 1
vn 3.51667404E-06 0 1
vn 0.0905151367 -0.0154190063 0.995605469
vn 0.210693359 -0.343505859 0.915039062
vn 0.000437498093 -0.70703125 0.70703125
vn 2.74181366E-06 0 1
vn 1.1920929E-07 0 1
vn -0.0155181885 0.0905151367 0.995605469
vn -0.205078125 0.0740356445 0.976074219
vn 0.516601562 0.517578125 0.682128906
vn 1.09672546E-05 0 1
vn 5.24520874E-06 0 1
vn -1.1920929E-06 0 1
vn 0.223754883 -0.870605469 0.438476562
vn 0.000567913055 -0.895996094 0.444335938
vn 0.332275391 -0.656738281 0.677246094
vn 0.000438690186 -0.70703125 0.70703125
vn 0.565917969 -0.565429688 0.600097656
vn 0.565917969 -0.565429688 0.600097656
vn 0.35546875 0.771972656 0.526855469
vn 0.771972656 0.356445312 0.526855469
vn 0.758789062 -0.350097656 0.548828125
vn -0.350097656 0.758789062 0.549316406
vn -0.758789062 0.350097656 0.549316406
vn -0.647949219 0.758789062 0.0665893555
vn -0.759765625 0.646972656 0.0665283203
vn -0.707519531 0.706542969 -0.000256538391
vn -0.707519531 0.706542969 1.67489052E-05
vn -0.707519531 0.706542969 2.38418579E-07
vn -0.707519531 0.706542969 0.000288486481
vn 0.127319336 0.9609375 0.245849609
vn -0.652832031 0.757324219 0.0055847168
vn -0.707519531 0.706542969 3.27825546E-05
vn -0.707519531 0.706542969 -5.15580177E-05
vn 0.646972656 0.759765625 0.0645141602
vn 0.150878906 0.986328125 0.0635986328
vn -0.665527344 0.745117188 0.0415344238
vn -0.997070312 -0.000619888306 -0.0740356445
vn -0.707519531 0.706542969 -4.11272049E-06
vn -0.707519531 0.706542969 2.53915787E-05
vn -0.707519531 0.706542969 6.72340393E-05
vn -0.707519531 0.706542969 9.77516174E-06
vn -0.709960938 0.369384766 0.599609375
vn -0.707519531 0.706542969 0
vn -0.707519531 0.706542969 0
vn -0.823242188 0.528808594 0.207641602
vn -0.707519531 0.706542969 1.37090683E-05
vn 0.514160156 0.626464844 0.5859375
vn -0.690429688 0.720214844 0.0671386719
vn 0.00214195251 0.118591309 0.993164062
vn 0.646972656 0.758789062 0.0785522461
vn 0.7578125 0.647460938 0.0784912109
vn 0.625488281 0.514160156 0.586914062
vn 0.758789062 0.647949219 0.0645751953
vn 0.985839844 -0.161987305 0.0457763672
vn 0.9609375 -0.127075195 0.245483398
vn 0.759277344 -0.646972656 0.0670776367
vn 0.758300781 -0.651855469 0.00559234619
vn 0.647949219 -0.758789062 0.0665893555
vn 0.350585938 -0.758300781 0.549316406
vn 0.707519531 -0.706542969 5.96046448E-07
vn -0.35546875 -0.771972656 0.526855469
vn 0.74609375 -0.664550781 0.0414733887
vn 0.128295898 -0.9609375 0.245483398
vn -0.771484375 -0.356445312 0.526855469
vn -0.646972656 -0.759765625 0.0645141602
vn -0.9609375 -0.128540039 0.245849609
vn 0.163208008 -0.985351562 0.0457763672
vn -0.758789062 -0.647949219 0.0645141602
vn -0.758300781 0.651855469 0.00559234619
vn -0.986328125 -0.152099609 0.0637207031
vn -0.7578125 -0.647460938 0.0785522461
vn -0.646972656 -0.758789062 0.0786132812
vn -0.0630493164 -0.0533752441 0.996582031
vn -0.735351562 0.675292969 0.0571899414
vn -0.754882812 0.0864868164 0.649902344
vn -0.520019531 0.83203125 0.192993164
vn -0.000577926636 0.997070312 -0.0741577148
vn -0.721191406 0.689453125 0.0671386719
vn -0.758789062 0.646972656 -0.0775756836
vn 0.722167969 0.688964844 -0.0607910156
vn 0.687988281 0.723144531 -0.0607299805
vn 0.412353516 0.286865234 -0.864746094
vn 0.353271484 0.353759766 -0.866210938
vn -0.469970703 -0.358642578 0.806640625
vn -0.762207031 0.643066406 0.0739135742
vn -0.9765625 0.166870117 0.136230469
vn -0.118591309 -0.00220108032 0.993164062
vn -0.145996094 0.0299682617 0.988769531
vn -0.118225098 -0.0390625 0.9921875
vn -0.140014648 -0.0256347656 0.989746094
vn 0.887695312 0.380615234 -0.258544922
vn -0.757324219 -0.6484375 0.0779418945
vn -0.984863281 0.155273438 -0.0778808594
vn -0.757324219 -0.6484375 -0.0779418945
vn -0.647460938 -0.758300781 0.0780029297
vn -0.647460938 -0.758300781 -0.0779418945
vn -0.00198745728 -0.118591309 0.993164062
vn -0.176147461 -0.970214844 0.165161133
vn 0.247558594 -0.907714844 0.339355469
vn 0.665527344 -0.745117188 0.0415039062
vn 0.442626953 -0.700683594 0.559570312
vn 0.644042969 -0.761230469 0.0739135742
vn -0.155273438 -0.984863281 -0.0778198242
vn 0.647949219 -0.7578125 -0.0775756836
vn -0.0133972168 -0.085144043 -0.99609375
vn -0.0533447266 -0.0631103516 -0.996582031
vn 0.652832031 -0.757324219 0.00559997559
vn 0.0534362793 -0.0629882812 -0.996582031
vn 0.121276855 0.00338745117 -0.992675781
vn -0.0630493164 -0.0534362793 -0.996582031
vn 0.997070312 0.000629901886 -0.0740966797
vn 0.707519531 -0.706542969 2.46167183E-05
vn 0.707519531 -0.706542969 -9.53674316E-07
vn 0.707519531 -0.706542969 -1.04308128E-05
vn 0.707519531 -0.706542969 -9.95397568E-06
vn 0.707519531 -0.706542969 -3.07559967E-05
vn 0.707519531 -0.706542969 -4.56571579E-05
vn 0.707519531 -0.706542969 2.95639038E-05
vn 0.707519531 -0.706542969 0
vn 0.707519531 -0.706542969 0
vn 0.707519531 -0.706542969 0
vn 0.707519531 -0.706542969 0.000208616257
vn 0.707519531 -0.706542969 1.51991844E-05
vn 0.707519531 -0.706542969 5.30481339E-06
vn 0.707519531 -0.706542969 2.43782997E-05
vn 0.000618934631 -0.997070312 -0.0741577148
vn 0.734863281 -0.67578125 0.0571289062
vn 0.721191406 -0.689453125 0.067199707
vn 0.118591309 0.00219154358 0.993164062
vn 0.758789062 -0.646972656 -0.0775146484
vn 0.762207031 -0.643066406 0.0739135742
vn 0.970214844 0.177368164 0.165161133
vn 0.0629882812 0.0534973145 0.996582031
vn 0.984375 0.156494141 -0.0778198242
vn 0.757324219 0.647949219 0.0779418945
vn 0.647460938 0.758300781 0.0779418945
vn 0.0533752441 0.0631103516 0.996582031
vn -0.16796875 0.9765625 0.136108398
vn 0.757324219 0.647949219 -0.0778808594
vn -0.644042969 0.761230469 0.0739746094
vn 0.647460938 0.758300781 -0.0779418945
vn -0.647949219 0.7578125 -0.0775756836
vn -0.121276855 -0.00335884094 -0.992675781
vn -0.156616211 0.984375 -0.0778198242
vn 0.0533752441 0.0630493164 -0.996582031
vn -0.204833984 0.241333008 -0.948730469
vn -0.0135574341 0.085144043 -0.99609375
vn -0.0534362793 0.0630493164 -0.996582031
vn 0.0629882812 0.0534057617 -0.996582031
vn 0.0852050781 0.0134811401 -0.99609375
vn 0.0630493164 -0.0533447266 -0.996582031
vn -0.00318527222 -0.121276855 -0.992675781
vn -0.687988281 -0.723144531 -0.0608215332
vn -0.704101562 -0.705078125 -0.0872192383
vn -0.6640625 -0.665039062 -0.342041016
vn -0.722167969 -0.688964844 -0.0607910156
vn -0.704101562 -0.705078125 -0.0871582031
vn -0.607910156 -0.470703125 -0.639648438
vn -0.541503906 -0.541992188 -0.642578125
vn -0.122741699 -0.12286377 -0.984863281
vn -0.887695312 -0.380859375 -0.258300781
vn -0.191894531 -0.0593261719 -0.979492188
vn 0.122680664 0.12286377 -0.984863281
vn -0.469238281 -0.607910156 -0.640625
vn -0.541503906 -0.541992188 -0.642578125
vn -0.353271484 -0.353759766 -0.866210938
vn 0.104675293 -0.832519531 -0.543945312
vn -0.0591125488 -0.192016602 -0.979492188
vn 0.122741699 0.12286377 -0.984863281
vn 0.00062417984 -1 -2.50935555E-05
vn -1 -0.000638484955 -1.73449516E-05
vn 0.698730469 -0.696777344 -0.162475586
vn -0.69921875 0.699707031 -0.146118164
vn 0.0506286621 0.193481445 -0.979980469
vn 0.353515625 0.353515625 -0.866210938
vn 0.193359375 0.0509033203 -0.979980469
vn 0.750488281 -0.659179688 -0.0451965332
vn 0.353027344 0.354248047 -0.866210938
vn 0.69921875 -0.699707031 -0.146240234
vn 0.595703125 0.484375 -0.640625
vn 0.757324219 0.646972656 -0.0873413086
vn 0.541503906 0.541992188 -0.642578125
vn 0.756835938 0.23449707 -0.609863281
vn 0.822265625 0.529785156 -0.207641602
vn 0.483642578 0.596191406 -0.640625
vn 0.541503906 0.541992188 -0.642578125
vn -0.665039062 0.745605469 -0.0403137207
vn 0.645996094 0.758300781 -0.0872192383
vn 0.704101562 0.705078125 -0.0871582031
vn 0.706542969 0.707519531 1.31130219E-06
vn -0.723144531 0.686523438 -0.0770874023
vn -0.698730469 0.696777344 -0.162353516
vn -0.652832031 0.757324219 -0.0055809021
vn 0.645996094 0.759765625 -0.0763549805
vn -0.750488281 0.659179688 -0.0451965332
vn -0.193237305 -0.0508422852 -0.979980469
vn -0.595703125 -0.484375 -0.640625
vn 0.0591125488 0.192016602 -0.979492188
vn -0.122680664 -0.122924805 -0.984863281
vn -0.541503906 -0.541992188 -0.642578125
vn 0.122741699 0.12286377 -0.984863281
vn -0.757324219 -0.646972656 -0.0872802734
vn -0.704101562 -0.705078125 -0.0871582031
vn -0.706542969 -0.707519531 -1.25169754E-06
vn -0.758300781 0.651855469 -0.0055847168
vn -0.758789062 -0.646972656 -0.0763549805
vn -0.763183594 0.645996094 -0.00679779053
vn 0.0559997559 0.996582031 -0.0639038086
vn -0.000613212585 1 0
vn 1 0.000627040863 -9.28044319E-05
vn 0.469970703 0.608398438 -0.639648438
vn 0.541503906 0.541992188 -0.642578125
vn 0.379638672 0.888183594 -0.258300781
vn 0.704101562 0.705078125 -0.0871582031
vn -0.0505981445 -0.193359375 -0.979980469
vn -0.122680664 -0.12286377 -0.984863281
vn 0.665039062 -0.745605469 -0.0403747559
vn -0.483642578 -0.596191406 -0.640625
vn -0.541503906 -0.541992188 -0.642578125
vn -0.704101562 -0.705078125 -0.0871582031
vn -0.645996094 -0.758300781 -0.0872802734
vn -0.706542969 -0.707519531 6.55651093E-07
vn 0.652832031 -0.757324219 -0.00563812256
vn 0.647949219 0.00162982941 -0.76171875
vn 0.000135183334 0.840820312 -0.541015625
vn 0.00322914124 0.121337891 -0.992675781
vn -0.0630493164 0.053314209 -0.996582031
vn -0.0852050781 0.0134735107 -0.99609375
vn 0.758300781 -0.651855469 -0.00559997559
vn 0.447753906 -0.893554688 -0.0254669189
vn -0.645996094 -0.759765625 -0.0762939453
vn -0.733398438 -0.674804688 -0.0813598633
vn 0.646972656 -0.762695312 -0.00680160522
vn -0.757324219 -0.652832031 -0.0263824463
vn -0.759765625 -0.649902344 0
vn -0.759765625 0.650390625 0
vn -0.706542969 0.612304688 -0.354492188
vn -0.651367188 0.758789062 0.00235176086
vn -0.471923828 0.577148438 -0.666503906
vn -0.475830078 0.58203125 -0.659179688
vn 0.887207031 0.455322266 -0.07421875
vn 0.758789062 0.646972656 -0.0763549805
vn 0.763183594 -0.645996094 -0.00674819946
vn 0.709960938 -0.69921875 -0.0823364258
vn 0.110473633 -0.00406265259 -0.993652344
vn 0.00421524048 -0.110351562 -0.993652344
vn -0.0928955078 0.00482177734 -0.995605469
vn -0.497314453 0.487304688 -0.717773438
vn -0.00496292114 0.0928344727 -0.995605469
vn 0.673828125 0.734375 -0.0812988281
vn -0.58203125 0.467041016 -0.665527344
vn 0.651855469 0.7578125 -0.0263824463
vn 0.648925781 0.760742188 0
vn -0.487792969 0.496826172 -0.717773438
vn -0.457519531 0.8203125 -0.34375
vn -0.468017578 0.581542969 -0.665527344
vn -0.5 0.491943359 -0.712890625
vn -0.578125 0.471191406 -0.666015625
vn -0.582519531 0.475097656 -0.659179688
vn -0.492675781 0.499267578 -0.712890625
vn 0.158447266 0.0915527344 -0.982910156
vn -0.65625 -0.0640258789 -0.751953125
vn 0.679199219 0.713867188 -0.170043945
vn 0.114013672 0.058013916 -0.991699219
vn -0.124450684 0.78125 -0.611816406
vn -0.0545959473 -0.119567871 -0.991210938
vn -0.254394531 0.821289062 -0.510742188
vn -0.904296875 0.413574219 -0.10723877
vn -0.50390625 0.858398438 0.0988769531
vn -0.853027344 0.518554688 -0.0554504395
vn -0.713867188 -0.6796875 -0.170166016
vn -0.780761719 0.11895752 -0.61328125
vn 0.650878906 0.755859375 -0.0737915039
vn -0.444580078 0.876464844 -0.185668945
vn 0.56640625 0.823730469 -0.0181274414
vn -0.754882812 -0.651367188 -0.0737915039
vn -0.7890625 0.310791016 -0.529785156
vn -0.823242188 -0.567382812 -0.0181427002
vn -0.558105469 0.551269531 -0.620117188
vn -0.552246094 0.557128906 -0.620117188
vn 4.76837158E-07 0 1
vn 8.34465027E-07 0 1
vn 2.68220901E-06 0 1
vn -3.57627869E-07 0 1
vn -2.98023224E-07 0 1
vn -6.07967377E-06 0 1
vn -1.1920929E-07 0 -1
vn -0 0 -1
vn -0 0 -1
vn -1.78813934E-07 0 -1
vn -1.1920929E-07 0 -1
vn -0 0 -1
vn -0 0 -1
vn -0 0 -1
vn -0.565917969 0.565429688 0.600097656
vn -0.565917969 0.565429688 0.600097656
vn -0.565917969 0.565429688 0.600097656
vn -0.565917969 0.565429688 0.600097656
vn -0.565917969 0.565429688 0.600097656
vn -0.565429688 -0.565917969 0.600097656
vn -0.565429688 -0.565917969 0.600097656
vn -0.565429688 -0.565917969 0.600097656
vn -0.565429688 -0.565917969 0.600097656
vn -0.565429688 -0.565917969 0.600097656
vn 1.43051147E-06 0 1
vn 1.43051147E-06 0 1
vn 4.23192978E-06 0 1
vn -2.98023224E-07 0 1
vn 7.74860382E-07 0 1
vn -1.1920929E-07 0 1
vn -0 0 1
vn -0 0 1
vn -0 0 1
vn -1.25169754E-06 0 1
vn -0 0 1
vn -0 0 1
vn -0 0 1
vn 1.1920929E-07 0 1
vn 1.1920929E-07 0 1
vn 3.57627869E-07 0 1
vn -0.000438690186 0.70703125 0.70703125
vn -0.000438690186 0.70703125 0.70703125
vn -0.000563621521 0.895996094 0.444335938
vn -0.000596046448 0.954589844 0.297607422
vn -0.000620365143 1 0
vn -0.000621318817 1 0
vn -0.70703125 -0.000439882278 0.70703125
vn -0.70703125 -0.000440359116 0.70703125
vn -0.895996094 -0.000548362732 0.444335938
vn -0.954589844 -0.000587940216 0.297607422
vn -1 -0.000620365143 -2.74181366E-06
vn -1 -0.000621318817 -4.59551811E-05
vn 0.000442028046 -0.70703125 0.70703125
vn 0.000550270081 -0.895996094 0.444335938
vn 0.000443935394 -0.70703125 0.70703125
vn 0.00058221817 -0.954589844 0.297607422
vn 0.000625610352 -1 0
vn 0.000621318817 -1 0
vn 0.565429688 0.565917969 0.600097656
vn 0.565429688 0.565917969 0.600097656
vn 0.565429688 0.565917969 0.600097656
vn 0.623535156 0.0257263184 0.78125
vn 0.895996094 0.000573635101 0.444335938
vn 0.70703125 0.000443458557 0.70703125
vn 0.70703125 0.000437021255 0.70703125
vn 0.954589844 0.000594615936 0.297607422
vn 1 0.000620365143 9.53674316E-07
vn 1 0.000621318817 1.54972076E-05
vn -0.000438690186 0.70703125 0.70703125
vn -0.000534534454 0.895996094 0.444335938
vn 0.331542969 0.657226562 0.677246094
vn 0.22265625 0.870605469 0.438476562
vn -0.000620365143 1 0
vn 0.456298828 0.74609375 0.484619141
vn 0.565429688 0.565917969 0.600097656
vn 0.565429688 0.565917969 0.600097656
vn -0.761230469 0.0288391113 0.647460938
vn -0.565917969 0.565429688 0.600097656
vn -0.565917969 0.565429688 0.600097656
vn -0.565917969 0.565429688 0.600097656
vn -0.565917969 0.565429688 0.600097656
vn 1.31130219E-06 0 1
vn 1.07288361E-06 0 1
vn 6.07967377E-06 0 1
vn -0 0 1
vn -0 0 1
vn -0 0 1
vn -5.36441803E-07 0 1
vn 6.07967377E-06 0 1
vn 7.74860382E-07 0 1
vn 1.60932541E-06 0 1
vn 3.03983688E-06 0 1
vn -0 0 1
vn 0.487060547 0.635253906 0.599609375
vn 0.521972656 0.827148438 0.207641602
vn 0.342041016 0.939453125 0
vn 0.342041016 0.939453125 0
vn 0.342041016 0.939453125 6.69360161E-05
vn 0.342041016 0.939453125 2.62260437E-06
vn 0.342041016 0.939453125 4.01139259E-05
vn 0.342041016 0.939453125 3.69548798E-06
vn 0.414550781 0.907714844 0.0665283203
vn 0.342041016 0.939453125 2.81333923E-05
vn 0.342041016 0.939453125 1.6272068E-05
vn 0.265869141 0.961914062 0.0665893555
vn 0.342041016 0.939941406 0.000611305237
vn 0.342041016 0.939453125 -4.22000885E-05
vn 0.342041016 0.939453125 0
vn 0.270996094 0.962402344 0.00560760498
vn -0.554199219 0.830078125 0.0635986328
vn 0.342041016 0.939941406 0
vn 0.342041016 0.939453125 8.40425491E-06
vn 0.278076172 0.960449219 0.0218200684
vn 0.287597656 0.95703125 0.0415039062
vn 0.903808594 0.421386719 -0.0740356445
vn -0.730957031 0.350097656 0.5859375
vn 0.320800781 0.944824219 0.067199707
vn -0.0521240234 0.106567383 0.993164062
vn 0.266357422 0.9609375 -0.0775146484
vn 0.11126709 0.0482788086 -0.992675781
vn 0.421386719 -0.903808594 -0.0741577148
vn 0.929199219 -0.364013672 -0.0608215332
vn 0.0541992188 -0.108581543 -0.992675781
vn 0.936035156 -0.340820312 -0.0871582031
vn 0.883300781 -0.321289062 -0.342041016
vn 0.261474609 0.962402344 0.0739746094
vn 0.682128906 -0.352050781 -0.640625
vn 0.719726562 -0.261962891 -0.642578125
vn 0.469726562 -0.171020508 -0.866210938
vn 0.130371094 -0.148193359 -0.98046875
vn -0.163208008 0.059387207 -0.984863281
vn 0.257568359 -0.798828125 -0.543945312
vn -0.196655273 -0.035736084 -0.979980469
vn -0.469726562 0.171630859 -0.866210938
vn -0.744628906 0.186767578 -0.640625
vn -0.401367188 -0.915039062 -0.0451965332
vn -0.959960938 0.265869141 -0.0874023438
vn -0.719726562 0.261962891 -0.642578125
vn -0.78515625 -0.107910156 -0.609863281
vn -0.969238281 0.131835938 -0.207641602
vn -0.338378906 -0.926757812 -0.162475586
vn 0.422607422 -0.90625 6.43730164E-06
vn -0.337646484 -0.9296875 -0.146118164
vn 0.965332031 0.0307006836 -0.258300781
vn 0.90625 0.422607422 -2.9027462E-05
vn 0.945800781 -0.318603516 -0.0608215332
vn 0.198974609 0.0274505615 -0.979492188
vn 0.337646484 0.9296875 -0.146118164
vn 0.75 -0.169189453 -0.639648438
vn 0.936035156 -0.340820312 -0.0871582031
vn 0.719726562 -0.261962891 -0.642578125
vn 0.163208008 -0.059387207 -0.984863281
vn -0.163085938 0.059387207 -0.984863281
vn -0.127685547 0.153808594 -0.979980469
vn -0.469970703 0.170532227 -0.866210938
vn -0.690429688 0.335449219 -0.640625
vn -0.719726562 0.261962891 -0.642578125
vn 0.287109375 0.95703125 -0.0403442383
vn -0.90625 0.413574219 -0.0871582031
vn -0.936035156 0.340820312 -0.0871582031
vn -0.939453125 0.342041016 -4.17232513E-07
vn 0.364746094 0.927734375 -0.0771484375
vn 0.338378906 0.926757812 -0.162353516
vn 0.270996094 0.962402344 -0.00556564331
vn -0.906738281 0.415039062 -0.0764160156
vn 0.401367188 0.915039062 -0.0452270508
vn 0.196655273 0.035736084 -0.979980469
vn 0.744628906 -0.186767578 -0.640625
vn -0.134765625 0.148925781 -0.979492188
vn 0.163208008 -0.059387207 -0.984863281
vn 0.719726562 -0.261962891 -0.642578125
vn -0.163208008 0.059387207 -0.984863281
vn 0.959960938 -0.265869141 -0.0872802734
vn 0.936035156 -0.340820312 -0.0871582031
vn 0.939453125 -0.342041016 -6.55651093E-07
vn 0.411132812 0.911621094 -0.00561141968
vn 0.961425781 -0.264892578 -0.0764160156
vn 0.418212891 0.908203125 -0.00682067871
vn -0.472412109 0.87890625 -0.0639038086
vn -0.422607422 0.90625 0
vn -0.90625 -0.422607422 -5.35845757E-05
vn -0.683105469 0.352294922 -0.639648438
vn -0.719726562 0.261962891 -0.642578125
vn -0.929199219 0.364013672 -0.060760498
vn -0.936035156 0.340820312 -0.0871582031
vn -0.903808594 -0.421386719 -0.0740966797
vn -0.719726562 0.644042969 -0.258300781
vn -0.965332031 -0.0307617188 -0.258544922
vn -0.421386719 0.903808594 -0.0741577148
vn -0.945800781 0.318603516 -0.0607910156
vn -0.587890625 -0.272705078 -0.76171875
vn -0.111328125 -0.048248291 -0.992675781
vn -0.494873047 0.0854492188 -0.864746094
vn -0.356201172 0.762207031 -0.541015625
vn -0.0542602539 0.108581543 -0.992675781
vn 0.413574219 0.907226562 -0.0775756836
vn -0.266113281 -0.9609375 -0.0775756836
vn -0.287353516 -0.95703125 0.0415039062
vn -0.342041016 -0.939453125 6.43730164E-06
vn -0.270996094 -0.962402344 0.00560760498
vn -0.342041016 -0.939453125 1.65104866E-05
vn -0.265869141 -0.961914062 0.0665893555
vn -0.342041016 -0.939453125 -0.000152826309
vn -0.342041016 -0.939453125 -2.62260437E-06
vn 0.269287109 -0.961914062 0.0458068848
vn -0.342041016 -0.939453125 -2.27689743E-05
vn -0.4140625 -0.907714844 0.0670776367
vn -0.342041016 -0.939453125 5.05447388E-05
vn -0.342041016 -0.939453125 5.47766685E-05
vn -0.342041016 -0.939453125 0
vn -0.342041016 -0.939453125 0
vn -0.342041016 -0.939453125 0
vn -0.342041016 -0.939453125 0
vn -0.341796875 -0.939941406 -0.000605583191
vn -0.342041016 -0.939453125 0.000234484673
vn -0.342041016 -0.939453125 -2.92062759E-06
vn -0.411132812 -0.911621094 0.00561523438
vn -0.342041016 -0.939453125 2.99811363E-05
vn -0.539550781 -0.638671875 0.548828125
vn -0.816894531 -0.521972656 0.245483398
vn -0.404296875 -0.914550781 0.0218963623
vn -0.824707031 -0.563964844 0.0457763672
vn -0.394775391 -0.91796875 0.0415344238
vn 0.00340270996 -0.835449219 0.549316406
vn 0.024230957 -0.0885620117 0.995605469
vn -0.0755004883 -0.0522766113 0.995605469
vn -0.850097656 -0.00371360779 0.526855469
vn 0.290527344 -0.924804688 0.245483398
vn 0.648925781 -0.549316406 0.526855469
vn -0.961914062 0.265869141 0.0645141602
vn 0.907714844 -0.414550781 0.0645751953
vn 0.0755004883 0.0522766113 0.995605469
vn 0.850097656 0.00371551514 0.526855469
vn -1.31130219E-06 0 1
vn -4.29153442E-06 0 1
vn 1.1920929E-07 0 1
vn -2.19941139E-05 0 1
vn -0 0 1
vn -0 0 1
vn 3.57627869E-07 0 1
vn 0.0798950195 -0.171264648 0.981933594
vn 0.298828125 -0.640625 0.70703125
vn 0.422607422 -0.90625 0
vn 0.422607422 -0.90625 0
vn 4.29153442E-06 0 1
vn 7.27176666E-06 0 1
vn -0.0241851807 0.0885620117 0.995605469
vn -0.476074219 -0.264892578 0.838378906
vn -8.94069672E-07 0 1
vn 0.251464844 -0.0379943848 0.967285156
vn -1.1920929E-07 0 1
vn 1.78813934E-06 0 1
vn -0.648925781 0.549316406 0.526855469
vn 0.5390625 0.638183594 0.549316406
vn -0.907714844 0.414550781 0.0645751953
vn -0.00371932983 0.835449219 0.549316406
vn -0.521972656 0.816894531 0.245849609
vn 0.924804688 0.290039062 0.245849609
vn -0.9609375 0.266113281 0.0784912109
vn -0.907226562 0.413574219 0.0784912109
vn -0.784667969 0.201538086 0.5859375
vn -0.380126953 -0.923339844 0.0571899414
vn -0.108337402 -0.0482177734 0.993164062
vn -0.361572266 -0.9296875 0.067199707
vn -0.413574219 -0.907226562 -0.0775756836
vn -0.418457031 -0.905273438 0.0739135742
vn -0.954101562 -0.24987793 0.165161133
vn -0.0797119141 0.0218505859 0.996582031
vn -0.0345458984 -0.075012207 -0.996582031
vn -0.958496094 -0.274902344 -0.0778198242
vn -0.0797119141 0.0217285156 -0.996582031
vn -0.960449219 0.266845703 0.0779418945
vn -0.0828857422 -0.0238189697 -0.99609375
vn -0.960449219 0.266845703 -0.0778808594
vn -0.907226562 0.413085938 0.0779418945
vn -0.0750732422 0.034576416 0.996582031
vn -0.260986328 0.955566406 0.136230469
vn -0.0750732422 0.0345458984 -0.996582031
vn -0.907226562 0.413085938 -0.0779418945
vn -0.274902344 0.958496094 -0.0778198242
vn 0.0834350586 0.305419922 -0.948730469
vn 0.0217437744 0.0797119141 -0.996582031
vn -0.0237579346 0.082824707 -0.99609375
vn -0 0 -1
vn -0 0 -1
vn -0 0 -1
vn -4.76837158E-07 0 -1
vn -0 0 -1
vn 4.76837158E-07 0 -1
vn -0 0 -1
vn -0 0 -1
vn 0.422607422 -0.90625 0
vn 0.422607422 -0.90625 0
vn 0.422607422 -0.90625 0
vn 0.422607422 -0.90625 0
vn 0.751953125 -0.273681641 0.600097656
vn 0.751953125 -0.273681641 0.600097656
vn 0.751953125 -0.273681641 0.600097656
vn 0.751953125 -0.273681641 0.600097656
vn 0.751953125 -0.273681641 0.600097656
vn -0 0 1
vn -0 0 1
vn -0 0 1
vn -7.15255737E-07 0 1
vn -1.43051147E-06 0 1
vn -7.15255737E-07 0 1
vn 1.43051147E-06 0 1
vn 1.43051147E-06 0 1
vn 4.23192978E-06 0 1
vn -0 0 1
vn -1.43051147E-06 0 1
vn -1.43051147E-06 0 1
vn -4.23192978E-06 0 1
vn -2.8014183E-06 0 1
vn -2.8014183E-06 0 1
vn -8.46385956E-06 0 1
vn 0.273681641 0.751953125 0.600097656
vn 0.273681641 0.751953125 0.600097656
vn 0.273681641 0.751953125 0.600097656
vn 0.273681641 0.751953125 0.600097656
vn 0.273681641 0.751953125 0.600097656
vn -0.298828125 0.640625 0.70703125
vn -0.298828125 0.641113281 0.70703125
vn -0.298828125 0.640625 0.70703125
vn -0.298828125 0.641113281 0.70703125
vn 0.640625 0.298828125 0.70703125
vn 0.640625 0.298828125 0.70703125
vn 0.640625 0.298828125 0.70703125
vn 0.640625 0.298828125 0.70703125
vn 0.298828125 -0.640625 0.70703125
vn 0.298828125 -0.640625 0.70703125
vn 0.298828125 -0.640625 0.70703125
vn 0.298828125 -0.640625 0.70703125
vn 0.640625 0.298828125 0.70703125
vn 0.640625 0.298828125 0.70703125
vn 0.640625 0.298828125 0.70703125
vn 0.640625 0.298828125 0.70703125
vn 0.751953125 -0.273681641 0.600097656
vn 0.751953125 -0.273681641 0.600097656
vn 0.751953125 -0.273681641 0.600097656
vn 0.751953125 -0.273681641 0.600097656
vn 0.751953125 -0.273681641 0.600097656
vn 0.90625 0.422607422 -4.76837158E-07
vn 0.90625 0.422607422 -7.80820847E-06
vn 0.90625 0.422607422 -7.51018524E-06
vn 0.90625 0.422607422 0
vn -0.273681641 -0.751953125 0.600097656
vn -0.273681641 -0.751953125 0.600097656
vn -0.273681641 -0.751953125 0.600097656
vn -0.273681641 -0.751953125 0.600097656
vn -0.273681641 -0.751953125 0.600097656
vn -0.90625 -0.422607422 0
vn -0.90625 -0.422607422 0
vn -0.90625 -0.422607422 0
vn -0.90625 -0.422607422 0
vn -0.751953125 0.273681641 0.600097656
vn -0.751953125 0.273681641 0.600097656
vn -0.751953125 0.273681641 0.600097656
vn -0.751953125 0.273681641 0.600097656
vn -0.751953125 0.273681641 0.600097656
vn -0.422607422 0.90625 0
vn -0.422607422 0.90625 0
vn -0.422607422 0.90625 0
vn -0.422607422 0.90625 0
vn -0.90625 -0.422607422 -4.76837158E-07
vn -0.90625 -0.422607422 -7.80820847E-06
vn -0.90625 -0.422607422 -7.51018524E-06
vn -0.90625 -0.422607422 0
vn -0.640625 -0.298828125 0.70703125
vn -0.640625 -0.298828125 0.70703125
vn -0.640625 -0.298828125 0.70703125
vn -0.640625 -0.298828125 0.70703125
vn -0.298828125 0.641113281 0.70703125
vn -0.298828125 0.641113281 0.70703125
vn -0.298828125 0.640625 0.70703125
vn -0.298828125 0.640625 0.70703125
vn -0.279541016 0.503417969 0.817871094
vn -0.751953125 0.273681641 0.600097656
vn -0.751953125 0.273681641 0.600097656
vn -0.751953125 0.273681641 0.600097656
vn -0.807617188 0.0236968994 0.589355469
vn 0.298828125 -0.640625 0.70703125
vn 0.298828125 -0.640625 0.70703125
vn 0.298828125 -0.640625 0.70703125
vn 0.298828125 -0.640625 0.70703125
vn -0.273681641 -0.751953125 0.600097656
vn -0.273681641 -0.751953125 0.600097656
vn -0.273681641 -0.751953125 0.600097656
vn -0.273681641 -0.751953125 0.600097656
vn -0.273681641 -0.751953125 0.600097656
vn -0.640625 -0.298828125 0.70703125
vn -0.640625 -0.298828125 0.70703125
vn -0.640625 -0.298828125 0.70703125
vn -0.640625 -0.298828125 0.70703125
vn 0.352783203 0.559570312 0.75
vn 0.273681641 0.751953125 0.600097656
vn 0.273681641 0.751953125 0.600097656
vn 0.273681641 0.751953125 0.600097656
vn 0.273681641 0.751953125 0.600097656
vn 0.90625 0.422607422 0
vn 0.90625 0.422607422 0
vn 0.90625 0.422607422 0
vn 0.90625 0.422607422 0
vn -0.422607422 0.90625 0
vn -0.422607422 0.90625 0
vn -0.422607422 0.90625 0
vn -0.422607422 0.90625 0
vn -1.07288361E-06 0 1
vn -0 0 1
vn -1.60932541E-06 0 1
vn -1.78813934E-07 0 1
vn 4.76837158E-07 0 1
vn -0 0 1
vn -1 0.000621318817 1.50203705E-05
vn -1 0.000615119934 8.94069672E-07
vn -0.954589844 0.000585079193 0.297607422
vn -0.895996094 0.000401496887 0.444335938
vn -0.70703125 0.000439882278 0.70703125
vn -0.70703125 0.000440359116 0.70703125
vn -0.565917969 -0.565429688 0.600097656
vn -0.565917969 -0.565429688 0.600097656
vn -0.565917969 -0.565429688 0.600097656
vn -0.565917969 -0.565429688 0.600097656
vn -0.565917969 -0.565429688 0.600097656
vn 0.565429688 -0.565917969 0.600097656
vn 0.565429688 -0.565917969 0.600097656
vn 0.565429688 -0.565917969 0.600097656
vn 0.565429688 -0.565917969 0.600097656
vn 0.565429688 -0.565917969 0.600097656
vn 1 -0.000619888306 -8.94069672E-07
vn 1 -0.000616073608 -1.50203705E-05
vn 0.954589844 -0.000596046448 0.297607422
vn 0.895996094 -0.000564575195 0.444335938
vn 0.70703125 -0.000436782837 0.70703125
vn 0.70703125 -0.000440359116 0.70703125
vn 1.10268593E-05 0 1
vn 1.90734863E-06 0 1
vn -0 0 1
vn 0.0905151367 0.0154037476 0.995605469
vn -0.0155715942 -0.0905151367 0.995605469
vn -2.32458115E-06 0 1
vn -0 0 1
vn -2.98023224E-07 0 1
vn -3.51667404E-06 0 1
vn -0.0905151367 -0.0154190063 0.995605469
vn -0.210693359 -0.343505859 0.915039062
vn -0.000437498093 -0.70703125 0.70703125
vn -2.74181366E-06 0 1
vn -1.1920929E-07 0 1
vn 0.0155029297 0.0905151367 0.995605469
vn 0.205078125 0.0740356445 0.976074219
vn -0.516601562 0.517578125 0.682128906
vn -1.09672546E-05 0 1
vn -5.24520874E-06 0 1
vn 1.1920929E-06 0 1
vn -0.223754883 -0.870605469 0.438476562
vn -0.000567913055 -0.895996094 0.444335938
vn -0.332275391 -0.656738281 0.677246094
vn -0.000438690186 -0.70703125 0.70703125
vn -0.565917969 -0.565429688 0.600097656
vn -0.565917969 -0.565429688 0.600097656
vn -0.35546875 0.771972656 0.526855469
vn -0.771972656 0.356445312 0.526855469
vn -0.758789062 -0.350097656 0.548828125
vn 0.350097656 0.758789062 0.549316406
vn 0.758789062 0.350097656 0.549316406
vn 0.647949219 0.758789062 0.0665893555
vn 0.759765625 0.646972656 0.0665283203
vn 0.707519531 0.70703125 -0.000556945801
vn 0.707519531 0.706542969 1.67489052E-05
vn 0.707519531 0.706542969 2.38418579E-07
vn 0.707519531 0.706542969 0.000288486481
vn -0.127319336 0.9609375 0.245849609
vn 0.652832031 0.757324219 0.00559616089
vn 0.707519531 0.706542969 3.27825546E-05
vn 0.707519531 0.706542969 -5.15580177E-05
vn -0.646972656 0.759765625 0.0645751953
vn -0.150878906 0.986328125 0.0635986328
vn 0.665527344 0.745117188 0.0415039062
vn 0.997070312 -0.000619888306 -0.0740356445
vn 0.707519531 0.706542969 -4.11272049E-06
vn 0.707519531 0.706542969 2.53915787E-05
vn 0.707519531 0.706542969 6.72340393E-05
vn 0.707519531 0.706542969 9.77516174E-06
vn 0.709960938 0.369384766 0.599609375
vn 0.707519531 0.706542969 0
vn 0.707519531 0.706542969 0
vn 0.823242188 0.528808594 0.207641602
vn 0.707519531 0.706542969 1.37090683E-05
vn -0.514160156 0.626464844 0.5859375
vn 0.690429688 0.720214844 0.0671386719
vn -0.00215339661 0.118591309 0.993164062
vn -0.646972656 0.758789062 0.0785522461
vn -0.7578125 0.647460938 0.0784912109
vn -0.625488281 0.514160156 0.586914062
vn -0.758789062 0.647949219 0.0645751953
vn -0.985839844 -0.161987305 0.0457763672
vn -0.9609375 -0.127075195 0.245483398
vn -0.759277344 -0.646972656 0.0670776367
vn -0.758300781 -0.651855469 0.00559616089
vn -0.647949219 -0.758789062 0.0665893555
vn -0.350585938 -0.758300781 0.549316406
vn -0.707519531 -0.706542969 5.96046448E-07
vn 0.35546875 -0.771972656 0.526855469
vn -0.74609375 -0.664550781 0.0414733887
vn -0.128295898 -0.9609375 0.245483398
vn 0.771484375 -0.356445312 0.526855469
vn 0.646972656 -0.759765625 0.0645751953
vn 0.9609375 -0.128540039 0.245849609
vn -0.163208008 -0.985351562 0.0457763672
vn 0.758789062 -0.647949219 0.0645141602
vn 0.758300781 0.651855469 0.00560379028
vn 0.986328125 -0.152099609 0.0637207031
vn 0.7578125 -0.647460938 0.0785522461
vn 0.646972656 -0.758789062 0.0786743164
vn 0.0630493164 -0.0534057617 0.996582031
vn 0.735351562 0.675292969 0.0571594238
vn 0.754882812 0.0865478516 0.649902344
vn 0.520019531 0.83203125 0.192993164
vn 0.000577926636 0.997070312 -0.0741577148
vn 0.721191406 0.689453125 0.0671386719
vn 0.758789062 0.646972656 -0.0775756836
vn -0.722167969 0.688964844 -0.0607910156
vn -0.687988281 0.723144531 -0.0607299805
vn -0.412353516 0.286865234 -0.864746094
vn -0.353271484 0.353759766 -0.866210938
vn 0.469970703 -0.358886719 0.806640625
vn 0.762207031 0.643066406 0.0739135742
vn 0.9765625 0.166870117 0.136230469
vn 0.118591309 -0.00219154358 0.993164062
vn 0.145996094 0.0299530029 0.988769531
vn 0.118225098 -0.0390930176 0.9921875
vn 0.140014648 -0.0256347656 0.989746094
vn -0.887695312 0.380615234 -0.258544922
vn 0.757324219 -0.6484375 0.0779418945
vn 0.984863281 0.155273438 -0.0778808594
vn 0.757324219 -0.6484375 -0.0779418945
vn 0.646972656 -0.758300781 0.0780029297
vn 0.647460938 -0.758300781 -0.0779418945
vn 0.00196075439 -0.118591309 0.993164062
vn 0.176147461 -0.970214844 0.165161133
vn -0.247558594 -0.907714844 0.339355469
vn -0.665527344 -0.745117188 0.0415039062
vn -0.442626953 -0.700683594 0.559570312
vn -0.644042969 -0.761230469 0.0739135742
vn 0.155273438 -0.984863281 -0.0778198242
vn -0.647949219 -0.7578125 -0.0775756836
vn 0.0133743286 -0.085144043 -0.99609375
vn 0.0533447266 -0.0631103516 -0.996582031
vn -0.652832031 -0.757324219 0.00560379028
vn -0.0534057617 -0.0629882812 -0.996582031
vn -0.121276855 0.00339508057 -0.992675781
vn 0.0630493164 -0.0534667969 -0.996582031
vn -0.997070312 0.000629901886 -0.0740966797
vn -0.707519531 -0.706542969 2.46167183E-05
vn -0.707519531 -0.706542969 -9.53674316E-07
vn -0.707519531 -0.706542969 -1.04308128E-05
vn -0.707519531 -0.706542969 -9.95397568E-06
vn -0.707519531 -0.706542969 -3.07559967E-05
vn -0.707519531 -0.706542969 -4.56571579E-05
vn -0.707519531 -0.706542969 2.95639038E-05
vn -0.707519531 -0.706542969 0
vn -0.707519531 -0.706542969 0
vn -0.707519531 -0.706542969 0
vn -0.707519531 -0.706542969 0.000208616257
vn -0.707519531 -0.706542969 1.51991844E-05
vn -0.707519531 -0.706542969 5.30481339E-06
vn -0.707519531 -0.706542969 2.43782997E-05
vn -0.000618934631 -0.997070312 -0.0741577148
vn -0.734863281 -0.67578125 0.0571289062
vn -0.721191406 -0.689453125 0.067199707
vn -0.118591309 0.00219154358 0.993164062
vn -0.758789062 -0.646972656 -0.0775146484
vn -0.762207031 -0.643066406 0.0739135742
vn -0.970214844 0.177368164 0.165161133
vn -0.0629882812 0.0534973145 0.996582031
vn -0.984375 0.156494141 -0.0778198242
vn -0.757324219 0.647949219 0.0779418945
vn -0.647460938 0.758300781 0.0779418945
vn -0.0533752441 0.0631103516 0.996582031
vn 0.16796875 0.9765625 0.136108398
vn -0.757324219 0.647949219 -0.0779418945
vn 0.644042969 0.761230469 0.0739746094
vn -0.647460938 0.758300781 -0.0779418945
vn 0.647949219 0.7578125 -0.0775756836
vn 0.121276855 -0.00336456299 -0.992675781
vn 0.156616211 0.984375 -0.0778198242
vn -0.0533752441 0.0630493164 -0.996582031
vn 0.204833984 0.241333008 -0.948730469
vn 0.0135345459 0.085144043 -0.99609375
vn 0.0534362793 0.0630493164 -0.996582031
vn -0.0629882812 0.0534057617 -0.996582031
vn -0.0852050781 0.0134811401 -0.99609375
vn -0.0630493164 -0.0533447266 -0.996582031
vn 0.00317001343 -0.121276855 -0.992675781
vn 0.687988281 -0.723144531 -0.0608215332
vn 0.704101562 -0.705078125 -0.0872192383
vn 0.6640625 -0.665039062 -0.342041016
vn 0.722167969 -0.688964844 -0.0607910156
vn 0.704101562 -0.705078125 -0.0871582031
vn 0.607910156 -0.470703125 -0.639648438
vn 0.541503906 -0.541992188 -0.642578125
vn 0.122741699 -0.12286377 -0.984863281
vn 0.887695312 -0.380859375 -0.258300781
vn 0.191894531 -0.0592956543 -0.979492188
vn -0.122680664 0.12286377 -0.984863281
vn 0.469238281 -0.607910156 -0.640625
vn 0.541503906 -0.541992188 -0.642578125
vn 0.353271484 -0.353759766 -0.866210938
vn -0.104675293 -0.832519531 -0.543945312
vn 0.0591125488 -0.192016602 -0.979492188
vn -0.122741699 0.12286377 -0.984863281
vn -0.00062417984 -1 -2.50935555E-05
vn 1 -0.000638484955 -1.73449516E-05
vn -0.698730469 -0.696777344 -0.162475586
vn 0.69921875 0.699707031 -0.146118164
vn -0.0506286621 0.193481445 -0.979980469
vn -0.353515625 0.353515625 -0.866210938
vn -0.193237305 0.0509033203 -0.979980469
vn -0.750488281 -0.659179688 -0.0451965332
vn -0.353027344 0.354248047 -0.866210938
vn -0.69921875 -0.699707031 -0.146240234
vn -0.595703125 0.484375 -0.640625
vn -0.757324219 0.646972656 -0.0873413086
vn -0.541503906 0.541992188 -0.642578125
vn -0.756835938 0.23449707 -0.609863281
vn -0.822265625 0.529785156 -0.207641602
vn -0.483642578 0.596191406 -0.640625
vn -0.541503906 0.541992188 -0.642578125
vn 0.665039062 0.745605469 -0.0403442383
vn -0.645996094 0.758300781 -0.0871582031
vn -0.704101562 0.705078125 -0.0871582031
vn -0.706542969 0.707519531 1.31130219E-06
vn 0.723144531 0.686523438 -0.0770874023
vn 0.698730469 0.696777344 -0.162353516
vn 0.652832031 0.757324219 -0.0055809021
vn -0.645996094 0.759765625 -0.0764160156
vn 0.750488281 0.659179688 -0.0451965332
vn 0.193237305 -0.0508422852 -0.979980469
vn 0.595703125 -0.484375 -0.640625
vn -0.0591125488 0.192016602 -0.979492188
vn 0.122741699 -0.12286377 -0.984863281
vn 0.541503906 -0.541992188 -0.642578125
vn -0.122741699 0.12286377 -0.984863281
vn 0.757324219 -0.646972656 -0.0872802734
vn 0.704101562 -0.705078125 -0.0871582031
vn 0.706542969 -0.707519531 -1.25169754E-06
vn 0.758300781 0.651855469 -0.00560760498
vn 0.758789062 -0.646972656 -0.0764160156
vn 0.763183594 0.645996094 -0.00682067871
vn -0.0560302734 0.996582031 -0.0639038086
vn 0.000613212585 1 0
vn -1 0.000627040863 -9.28044319E-05
vn -0.469726562 0.608398438 -0.639648438
vn -0.541503906 0.541992188 -0.642578125
vn -0.379638672 0.888183594 -0.258300781
vn -0.704101562 0.705078125 -0.0871582031
vn 0.0505981445 -0.193359375 -0.979980469
vn 0.122680664 -0.12286377 -0.984863281
vn -0.665039062 -0.745605469 -0.0403747559
vn 0.483642578 -0.596191406 -0.640625
vn 0.541503906 -0.541992188 -0.642578125
vn 0.704101562 -0.705078125 -0.0871582031
vn 0.645996094 -0.758300781 -0.0872802734
vn 0.706542969 -0.707519531 6.55651093E-07
vn -0.652832031 -0.757324219 -0.00564193726
vn -0.647949219 0.00163650513 -0.76171875
vn -0.000134110451 0.840820312 -0.541015625
vn -0.00323486328 0.121337891 -0.992675781
vn 0.0630493164 0.053314209 -0.996582031
vn 0.0852050781 0.0134811401 -0.99609375
vn -0.758300781 -0.651855469 -0.00558853149
vn -0.447753906 -0.893554688 -0.0254669189
vn 0.645996094 -0.759765625 -0.0762939453
vn 0.733398438 -0.674804688 -0.0813598633
vn -0.646972656 -0.762695312 -0.00679397583
vn 0.757324219 -0.652832031 -0.0263824463
vn 0.759765625 -0.649902344 0
vn 0.759765625 0.650390625 0
vn 0.706542969 0.612304688 -0.354492188
vn 0.651367188 0.758789062 0.00235366821
vn 0.471923828 0.577148438 -0.666015625
vn 0.475830078 0.58203125 -0.659179688
vn -0.887207031 0.455322266 -0.07421875
vn -0.758789062 0.646972656 -0.0763549805
vn -0.763183594 -0.645996094 -0.00672149658
vn -0.709960938 -0.69921875 -0.0823364258
vn -0.110473633 -0.00406265259 -0.993652344
vn -0.00417327881 -0.110351562 -0.993652344
vn 0.0928955078 0.00483322144 -0.995605469
vn 0.497314453 0.487304688 -0.717773438
vn 0.00497817993 0.0928344727 -0.995605469
vn -0.673828125 0.734375 -0.0812988281
vn 0.58203125 0.467041016 -0.665527344
vn -0.651855469 0.7578125 -0.0263977051
vn -0.648925781 0.760742188 -0.000136375427
vn 0.487792969 0.496826172 -0.717773438
vn 0.457519531 0.8203125 -0.34375
vn 0.468017578 0.581542969 -0.665527344
vn 0.5 0.491943359 -0.712890625
vn 0.578125 0.471191406 -0.666015625
vn 0.582519531 0.475097656 -0.659179688
vn 0.492675781 0.499267578 -0.712890625
vn -0.158447266 0.0915527344 -0.982910156
vn 0.65625 -0.0640258789 -0.751953125
vn -0.679199219 0.713867188 -0.170043945
vn -0.114013672 0.058013916 -0.991699219
vn 0.124450684 0.78125 -0.611816406
vn 0.0545959473 -0.119567871 -0.991210938
vn 0.254394531 0.821289062 -0.510742188
vn 0.904296875 0.413574219 -0.107177734
vn 0.50390625 0.858398438 0.0988769531
vn 0.853027344 0.518554688 -0.0554504395
vn 0.713867188 -0.6796875 -0.170166016
vn 0.780761719 0.11895752 -0.61328125
vn -0.650878906 0.755859375 -0.0737915039
vn 0.444580078 0.876464844 -0.185668945
vn -0.56640625 0.823730469 -0.0181121826
vn 0.754882812 -0.651367188 -0.0737915039
vn 0.7890625 0.310791016 -0.529785156
vn 0.823242188 -0.567382812 -0.0180969238
vn 0.558105469 0.551269531 -0.620117188
vn 0.552246094 0.557128906 -0.620117188
vn -4.76837158E-07 0 1
vn -2.68220901E-06 0 1
vn -8.34465027E-07 0 1
vn 3.57627869E-07 0 1
vn 2.98023224E-07 0 1
vn 6.07967377E-06 0 1
vn 1.1920929E-07 0 -1
vn -0 0 -1
vn -0 0 -1
vn 1.78813934E-07 0 -1
vn 1.1920929E-07 0 -1
vn -0 0 -1
vn -0 0 -1
vn -0 0 -1
vn 0.565917969 0.565429688 0.600097656
vn 0.565917969 0.565429688 0.600097656
vn 0.565917969 0.565429688 0.600097656
vn 0.565917969 0.565429688 0.600097656
vn 0.565917969 0.565429688 0.600097656
vn 0.565429688 -0.565917969 0.600097656
vn 0.565429688 -0.565917969 0.600097656
vn 0.565429688 -0.565917969 0.600097656
vn 0.565429688 -0.565917969 0.600097656
vn 0.565429688 -0.565917969 0.600097656
vn -1.43051147E-06 0 1
vn -4.23192978E-06 0 1
vn -1.43051147E-06 0 1
vn 2.98023224E-07 0 1
vn -7.74860382E-07 0 1
vn 1.1920929E-07 0 1
vn -0 0 1
vn -0 0 1
vn -0 0 1
vn 1.25169754E-06 0 1
vn -0 0 1
vn -0 0 1
vn -0 0 1
vn -1.1920929E-07 0 1
vn -1.1920929E-07 0 1
vn -3.57627869E-07 0 1
vn 0.000438690186 0.70703125 0.70703125
vn 0.000563621521 0.895996094 0.444335938
vn 0.000438690186 0.70703125 0.70703125
vn 0.000596523285 0.954589844 0.297607422
vn 0.000620365143 1 0
vn 0.000621318817 1 0
vn 0.70703125 -0.000439882278 0.70703125
vn 0.895996094 -0.000548362732 0.444335938
vn 0.70703125 -0.000440359116 0.70703125
vn 0.954589844 -0.000587940216 0.297607422
vn 1 -0.000620365143 -2.74181366E-06
vn 1 -0.000621318817 -4.59551811E-05
vn -0.000442028046 -0.70703125 0.70703125
vn -0.000443935394 -0.70703125 0.70703125
vn -0.000550270081 -0.895996094 0.444335938
vn -0.00058221817 -0.954589844 0.297607422
vn -0.000625610352 -1 0
vn -0.000621318817 -1 0
vn -0.565429688 0.565917969 0.600097656
vn -0.565429688 0.565917969 0.600097656
vn -0.565429688 0.565917969 0.600097656
vn -0.623535156 0.0257263184 0.78125
vn -0.895996094 0.000573635101 0.444335938
vn -0.70703125 0.000437021255 0.70703125
vn -0.70703125 0.000443458557 0.70703125
vn -0.954589844 0.000594615936 0.297607422
vn -1 0.000620365143 9.53674316E-07
vn -1 0.000621318817 1.54972076E-05
vn 0.000438690186 0.70703125 0.70703125
vn -0.331542969 0.657226562 0.677246094
vn 0.000534534454 0.895996094 0.444335938
vn -0.22265625 0.870605469 0.438476562
vn 0.000620365143 1 0
vn -0.456298828 0.74609375 0.484619141
vn -0.565429688 0.565917969 0.600097656
vn -0.565429688 0.565917969 0.600097656
vn 0.761230469 0.0288391113 0.647460938
vn 0.565917969 0.565429688 0.600097656
vn 0.565917969 0.565429688 0.600097656
vn 0.565917969 0.565429688 0.600097656
vn 0.565917969 0.565429688 0.600097656
vn -1.31130219E-06 0 1
vn -6.07967377E-06 0 1
vn -1.07288361E-06 0 1
vn -0 0 1
vn -0 0 1
vn -0 0 1
vn 0.646972656 0.762695312 -0.00689315796
vn 0.700195312 0.708984375 -0.0823364258
vn 0.00428390503 0.110412598 -0.993652344
vn 0.709960938 0.69921875 -0.0823364258
vn 0.110412598 0.00411605835 -0.993652344
vn -0.00494766235 -0.0928344727 -0.995605469
vn -0.0928955078 -0.00484085083 -0.995605469
vn 0.674316406 -0.734375 -0.0812988281
vn -0.733398438 0.674804688 -0.0812988281
vn 0.651855469 -0.7578125 -0.0263824463
vn 0.648925781 -0.760742188 -0.000118434429
vn -0.651367188 -0.758789062 0
vn -0.757324219 0.65234375 -0.0263519287
vn -0.760253906 0.649902344 0
vn -0.759765625 -0.650390625 -0.000148892403
vn -0.706542969 -0.612304688 -0.354492188
vn -0.61328125 -0.706054688 -0.354492188
vn -0.467773438 -0.581542969 -0.665527344
vn -0.58203125 -0.467041016 -0.665527344
vn -0.580078125 -0.449707031 -0.679199219
vn -0.487792969 -0.496826172 -0.717773438
vn -0.471923828 -0.577148438 -0.666503906
vn -0.398193359 -0.734375 -0.549804688
vn -0.497314453 -0.487304688 -0.717773438
vn -0.579101562 -0.424804688 -0.695800781
vn -0.558105469 -0.551269531 -0.620117188
vn -0.568359375 -0.820800781 -0.0548706055
vn -0.734863281 -0.397216797 -0.549804688
vn -0.492675781 -0.499267578 -0.712890625
vn -0.804199219 -0.594238281 -0.00147342682
vn -0.0538024902 -0.977539062 -0.203857422
vn 0.56640625 -0.823730469 -0.0181732178
vn -0.368408203 -0.797363281 -0.478271484
vn -0.347412109 -0.921386719 -0.174804688
vn -0.909179688 -0.390869141 -0.144897461
vn -0.659667969 -0.112243652 -0.743164062
vn -0.086730957 -0.631835938 -0.770019531
vn 0.0324707031 -0.641601562 -0.766601562
vn -0.406982422 -0.274658203 -0.87109375
vn -0.977539062 -0.0526123047 -0.203857422
vn -0.79296875 -0.336181641 -0.508300781
vn 0.650878906 -0.755859375 -0.0737915039
vn 0.0861206055 -0.348876953 -0.933105469
vn 0.678710938 -0.714355469 -0.170166016
vn -0.582519531 -0.475097656 -0.659179688
vn -0.823242188 0.567382812 -0.0181732178
vn -0.578125 -0.471191406 -0.666503906
vn -0.5 -0.491943359 -0.712890625
vn -0.713867188 0.678710938 -0.170776367
vn -0.326171875 0.112121582 -0.938476562
vn -0.754882812 0.651855469 -0.0738525391
vn 0.411132812 0.911621094 0.00560379028
vn 0.958007812 0.279541016 0.063659668
vn 0.961914062 -0.265869141 0.0645751953
vn 0.9609375 -0.266113281 0.0785522461
vn 0.907226562 -0.413818359 0.0786132812
vn 0.159667969 -0.927246094 0.339355469
vn 0.380126953 0.923339844 0.057220459
vn 0.647460938 0.397949219 0.649902344
vn 0.577636719 -0.126098633 0.806640625
vn 0.730957031 -0.350097656 0.5859375
vn -0.104614258 -0.821777344 0.560058594
vn 0.119018555 0.974121094 0.192993164
vn -0.261474609 -0.962402344 0.0739135742
vn -0.469726562 0.171020508 -0.866210938
vn 0.361572266 0.9296875 0.0671386719
vn 0.127685547 -0.153808594 -0.979980469
vn 0.163208008 -0.059387207 -0.984863281
vn 0.418457031 0.905273438 0.0739135742
vn 0.690429688 -0.335693359 -0.640625
vn 0.719726562 -0.261962891 -0.642578125
vn 0.936035156 -0.340820312 -0.0871582031
vn -0.287109375 -0.95703125 -0.0404052734
vn 0.90625 -0.413574219 -0.0872802734
vn 0.939453125 -0.342041016 -4.17232513E-07
vn -0.270996094 -0.962402344 -0.00563049316
vn 0.108398438 0.0481872559 0.993164062
vn -0.411132812 -0.911621094 -0.00558853149
vn 0.0797729492 -0.0217895508 0.996582031
vn 0.0519714355 -0.106628418 0.993164062
vn 0.5703125 -0.8046875 0.165161133
vn 0.907226562 -0.413085938 0.0780029297
vn 0.557617188 -0.826660156 -0.0778198242
vn 0.907226562 -0.413085938 -0.0779418945
vn 0.960449219 -0.266845703 0.0779418945
vn 0.123657227 0.0146026611 0.9921875
vn 0.0481567383 -0.071472168 -0.99609375
vn 0.119628906 0.0889282227 0.988769531
vn 0.813964844 0.564453125 0.136230469
vn -0.0217437744 -0.0797119141 -0.996582031
vn 0.0750732422 -0.034576416 -0.996582031
vn 0.960449219 -0.266845703 -0.0779418945
vn 0.0797119141 -0.0217590332 -0.996582031
vn 0.826660156 0.557617188 -0.0778808594
vn 0.034576416 0.075012207 -0.996582031
vn 0.071472168 0.048248291 -0.99609375
vn 0.263427734 0.96484375 -0.00688934326
vn 0.334228516 0.938964844 -0.0823364258
vn -0.0428466797 0.101867676 -0.993652344
vn 0.347412109 0.934082031 -0.0823364258
vn 0.0982666016 0.0504760742 -0.993652344
vn 0.0347900391 -0.0861816406 -0.995605469
vn -0.0820922852 -0.0437011719 -0.995605469
vn 0.921386719 -0.379882812 -0.0812988281
vn -0.950195312 0.301269531 -0.0812988281
vn 0.911132812 -0.411132812 -0.0263824463
vn 0.91015625 -0.414794922 -0.000150799751
vn -0.268798828 -0.963378906 0
vn -0.962402344 0.270751953 -0.0263519287
vn -0.963867188 0.267333984 0
vn -0.413085938 -0.910644531 0
vn -0.381103516 -0.854003906 -0.354492188
vn -0.256835938 -0.898925781 -0.354492188
vn -0.177856445 -0.724609375 -0.665527344
vn -0.329589844 -0.669433594 -0.665527344
vn -0.335205078 -0.652832031 -0.679199219
vn -0.231689453 -0.656738281 -0.717773438
vn -0.183349609 -0.72265625 -0.666503906
vn -0.0500793457 -0.833496094 -0.549804688
vn -0.244384766 -0.651855469 -0.717773438
vn -0.344970703 -0.629882812 -0.695800781
vn -0.272216797 -0.735839844 -0.620117188
vn -0.0289611816 -0.98828125 -0.150390625
vn -0.497558594 -0.670898438 -0.549804688
vn -0.234985352 -0.660644531 -0.712890625
vn -0.583007812 -0.728515625 -0.359375
vn 0.364990234 -0.908203125 -0.203857422
vn 0.861816406 -0.506835938 -0.0182647705
vn -0.0467224121 -0.950195312 -0.308837891
vn 0.139038086 -0.913574219 -0.382568359
vn -0.625976562 -0.589355469 -0.511230469
vn -0.550292969 -0.222412109 -0.805175781
vn 0.299072266 -0.305419922 -0.903808594
vn 0.30078125 -0.567382812 -0.766601562
vn -0.283935547 -0.428710938 -0.857421875
vn -0.86328125 -0.461425781 -0.203857422
vn -0.604492188 -0.7734375 -0.189941406
vn 0.909179688 -0.409423828 -0.0737915039
vn 0.136962891 -0.549804688 -0.823730469
vn 0.916992188 -0.360107422 -0.170166016
vn -0.326904297 -0.676757812 -0.659179688
vn -0.985839844 0.165893555 -0.018157959
vn -0.32421875 -0.671386719 -0.666503906
vn -0.244750977 -0.657226562 -0.712890625
vn -0.934082031 0.312988281 -0.170776367
vn -0.368164062 -0.173583984 -0.913574219
vn -0.959960938 0.270751953 -0.0737304688
vn -0.646972656 0.762695312 -0.00689315796
vn -0.700195312 0.708984375 -0.0823364258
vn -0.00429916382 0.110412598 -0.993652344
vn -0.709960938 0.69921875 -0.0823364258
vn -0.110412598 0.00411605835 -0.993652344
vn 0.00494766235 -0.0928344727 -0.995605469
vn 0.0928955078 -0.00484848022 -0.995605469
vn -0.674316406 -0.734375 -0.0812988281
vn 0.733398438 0.674804688 -0.0812988281
vn -0.651855469 -0.7578125 -0.0263824463
vn -0.648925781 -0.760742188 0
vn 0.651367188 -0.758789062 0
vn 0.757324219 0.652832031 -0.0263824463
vn 0.760253906 0.649902344 -0.000355482101
vn 0.759765625 -0.650390625 0
vn 0.706542969 -0.612304688 -0.354736328
vn 0.61328125 -0.706054688 -0.354492188
vn 0.467773438 -0.581542969 -0.665527344
vn 0.58203125 -0.467041016 -0.665527344
vn 0.580078125 -0.449707031 -0.679199219
vn 0.487792969 -0.496826172 -0.717773438
vn 0.471923828 -0.577148438 -0.666503906
vn 0.398193359 -0.734375 -0.549804688
vn 0.497314453 -0.487304688 -0.717773438
vn 0.579101562 -0.424804688 -0.695800781
vn 0.558105469 -0.551269531 -0.620117188
vn 0.568359375 -0.820800781 -0.0548706055
vn 0.734863281 -0.397216797 -0.549804688
vn 0.492675781 -0.499267578 -0.712890625
vn 0.804199219 -0.594238281 -0.00147342682
vn 0.0538024902 -0.977539062 -0.203857422
vn -0.56640625 -0.823730469 -0.0182037354
vn 0.368408203 -0.797363281 -0.478271484
vn 0.347412109 -0.921386719 -0.174804688
vn 0.909179688 -0.390869141 -0.144897461
vn 0.659667969 -0.112243652 -0.743164062
vn 0.086730957 -0.631835938 -0.770019531
vn -0.0324707031 -0.641601562 -0.766601562
vn 0.406982422 -0.274658203 -0.87109375
vn 0.977539062 -0.0526123047 -0.203857422
vn 0.79296875 -0.336181641 -0.508300781
vn -0.650878906 -0.755859375 -0.0737915039
vn -0.0861206055 -0.348876953 -0.933105469
vn -0.678710938 -0.714355469 -0.170166016
vn 0.582519531 -0.475097656 -0.659179688
vn 0.823242188 0.567382812 -0.018157959
vn 0.578125 -0.471191406 -0.666503906
vn 0.5 -0.491943359 -0.712890625
vn 0.714355469 0.678710938 -0.170776367
vn 0.326171875 0.112121582 -0.938476562
vn 0.754882812 0.651855469 -0.0737915039
vn -0.411132812 0.911621094 0.00560760498
vn -0.958007812 0.279541016 0.063659668
vn -0.961914062 -0.265869141 0.0645751953
vn -0.9609375 -0.266113281 0.0785522461
vn -0.907226562 -0.413574219 0.0786132812
vn -0.159667969 -0.927246094 0.339355469
vn -0.380126953 0.923339844 0.057220459
vn -0.647460938 0.397949219 0.649902344
vn -0.577636719 -0.126098633 0.806640625
vn -0.730957031 -0.350097656 0.5859375
vn 0.104614258 -0.821777344 0.560058594
vn -0.119018555 0.974121094 0.192993164
vn 0.261474609 -0.962402344 0.0739135742
vn 0.469726562 0.171020508 -0.866210938
vn -0.361572266 0.9296875 0.0671386719
vn -0.127685547 -0.153808594 -0.979980469
vn -0.163208008 -0.059387207 -0.984863281
vn -0.418457031 0.905273438 0.0739135742
vn -0.690429688 -0.335693359 -0.640625
vn -0.719726562 -0.261962891 -0.642578125
vn -0.936035156 -0.340820312 -0.0871582031
vn 0.287109375 -0.95703125 -0.0404052734
vn -0.90625 -0.413574219 -0.0872802734
vn -0.939453125 -0.342041016 -4.17232513E-07
vn 0.270996094 -0.962402344 -0.00562667847
vn -0.108398438 0.0481872559 0.993164062
vn 0.411132812 -0.911621094 -0.00559997559
vn -0.0797119141 -0.0218200684 0.996582031
vn -0.0519714355 -0.106628418 0.993164062
vn -0.5703125 -0.8046875 0.165161133
vn -0.907226562 -0.413085938 0.0780029297
vn -0.557617188 -0.826660156 -0.0778198242
vn -0.907226562 -0.413085938 -0.0779418945
vn -0.960449219 -0.266845703 0.0779418945
vn -0.123657227 0.0146102905 0.9921875
vn -0.0481872559 -0.071472168 -0.99609375
vn -0.119567871 0.0889892578 0.988769531
vn -0.813964844 0.564453125 0.136230469
vn 0.0217590332 -0.0797119141 -0.996582031
vn -0.075012207 -0.0346069336 -0.996582031
vn -0.960449219 -0.266845703 -0.0779418945
vn -0.0797119141 -0.0217590332 -0.996582031
vn -0.826660156 0.557617188 -0.0778808594
vn -0.034576416 0.075012207 -0.996582031
vn -0.071472168 0.048248291 -0.99609375
vn -0.263427734 0.96484375 -0.00689697266
vn -0.334472656 0.938964844 -0.0823364258
vn 0.0428466797 0.101867676 -0.993652344
vn -0.347412109 0.934082031 -0.0823364258
vn -0.0982666016 0.0504760742 -0.993652344
vn -0.0347900391 -0.0861816406 -0.995605469
vn 0.0820922852 -0.0437011719 -0.995605469
vn -0.921386719 -0.379882812 -0.0812988281
vn 0.950195312 0.301269531 -0.0812988281
vn -0.911132812 -0.411132812 -0.0263977051
vn -0.91015625 -0.414794922 0
vn 0.268798828 -0.963378906 -0.000148892403
vn 0.962402344 0.270751953 -0.0263824463
vn 0.963867188 0.267333984 -2.74181366E-06
vn 0.413085938 -0.910644531 0
vn 0.381103516 -0.854003906 -0.354736328
vn 0.256835938 -0.898925781 -0.354492188
vn 0.177856445 -0.724609375 -0.665527344
vn 0.329589844 -0.669433594 -0.665527344
vn 0.335205078 -0.652832031 -0.679199219
vn 0.231689453 -0.656738281 -0.717773438
vn 0.183349609 -0.72265625 -0.666503906
vn 0.0500793457 -0.833496094 -0.549804688
vn 0.244384766 -0.651855469 -0.717773438
vn 0.344970703 -0.629882812 -0.695800781
vn 0.272216797 -0.735839844 -0.620117188
vn 0.0289611816 -0.98828125 -0.150390625
vn 0.497558594 -0.670898438 -0.549804688
vn 0.234985352 -0.660644531 -0.712890625
vn 0.583007812 -0.728515625 -0.359375
vn -0.364990234 -0.908203125 -0.203857422
vn -0.861816406 -0.506835938 -0.0182342529
vn 0.0467224121 -0.950195312 -0.308837891
vn -0.139038086 -0.913574219 -0.382568359
vn 0.625976562 -0.589355469 -0.511230469
vn 0.550292969 -0.222412109 -0.805175781
vn -0.299072266 -0.305419922 -0.903808594
vn -0.30078125 -0.567382812 -0.766601562
vn 0.283935547 -0.428710938 -0.857421875
vn 0.86328125 -0.461425781 -0.203857422
vn 0.604492188 -0.7734375 -0.189941406
vn -0.909179688 -0.409423828 -0.0737915039
vn -0.136962891 -0.549804688 -0.823730469
vn -0.917480469 -0.360107422 -0.170166016
vn 0.326904297 -0.676757812 -0.659179688
vn 0.985839844 0.165893555 -0.0181427002
vn 0.32421875 -0.671386719 -0.666503906
vn 0.244750977 -0.657226562 -0.712890625
vn 0.934082031 0.312988281 -0.170776367
vn 0.368164062 -0.173583984 -0.913574219
vn 0.959960938 0.270996094 -0.0737304688
vn 0.963867188 -0.267333984 0
vn 0.962402344 -0.270751953 -0.0264434814
vn 0.950195312 -0.301269531 -0.0813598633
vn 0.413330078 0.910644531 0
vn 0.906738281 -0.415039062 -0.0763549805
vn -0.0275268555 -0.999511719 -0.0254516602
vn -0.263427734 -0.96484375 -0.0068359375
vn 0.381103516 0.854003906 -0.354736328
vn 0.183349609 0.72265625 -0.666503906
vn 0.184692383 0.729003906 -0.659179688
vn 0.256835938 0.898925781 -0.354492188
vn 0.268798828 0.963378906 0.00235176086
vn 0.0820922852 0.0436706543 -0.995605469
vn 0.244262695 0.651855469 -0.717773438
vn 0.329589844 0.669433594 -0.665527344
vn 0.0428466797 -0.101806641 -0.993652344
vn -0.418212891 -0.908203125 -0.00674819946
vn -0.347167969 -0.934082031 -0.0823364258
vn -0.0983276367 -0.0504455566 -0.993652344
vn -0.996582031 0.037109375 -0.0741577148
vn -0.961425781 0.264892578 -0.0763549805
vn -0.0347595215 0.0861816406 -0.995605469
vn -0.921386719 0.379882812 -0.0812988281
vn 0.231811523 0.65625 -0.717773438
vn -0.911132812 0.411132812 -0.0263214111
vn -0.91015625 0.414794922 -0.000118434429
vn 0.177856445 0.724609375 -0.665527344
vn 0.0673828125 0.936523438 -0.343994141
vn 0.32421875 0.671386719 -0.666503906
vn 0.326904297 0.676757812 -0.659179688
vn 0.244750977 0.657226562 -0.712890625
vn 0.235107422 0.661132812 -0.712890625
vn 0.0582580566 0.510742188 -0.857421875
vn -0.917480469 0.359619141 -0.170043945
vn 0.121337891 0.137329102 -0.982910156
vn 0.168334961 0.022277832 -0.985351562
vn 0.934082031 -0.313720703 -0.170166016
vn -0.196777344 0.614257812 -0.764160156
vn -0.220581055 0.276611328 -0.935546875
vn 0.356933594 -0.0304870605 -0.93359375
vn 0.11126709 0.670410156 -0.733398438
vn 0.677734375 0.712890625 -0.180175781
vn 0.202880859 0.861328125 -0.465576172
vn 0.506835938 0.383300781 -0.771972656
vn 0.553710938 0.831054688 -0.0554199219
vn -0.909179688 0.409423828 -0.0737915039
vn -0.112182617 0.989746094 0.087097168
vn -0.861816406 0.506835938 -0.0181121826
vn 0.959960938 -0.270996094 -0.0737915039
vn 0.574707031 0.668457031 -0.472167969
vn 0.985839844 -0.165893555 -0.018081665
vn 0.272216797 0.735839844 -0.620117188
vn 0.264404297 0.73828125 -0.620117188
vn -0.963867188 -0.267333984 0
vn -0.962402344 -0.270751953 -0.0264587402
vn -0.950195312 -0.301269531 -0.0813598633
vn -0.413330078 0.910644531 0
vn -0.906738281 -0.415039062 -0.0762939453
vn 0.027557373 -0.999511719 -0.0254669189
vn 0.263427734 -0.96484375 -0.0068397522
vn -0.381103516 0.854003906 -0.354492188
vn -0.183349609 0.72265625 -0.666503906
vn -0.184692383 0.729003906 -0.659179688
vn -0.256835938 0.898925781 -0.354492188
vn -0.268798828 0.963378906 0.00235366821
vn -0.0821533203 0.0436706543 -0.995605469
vn -0.244262695 0.651855469 -0.717773438
vn -0.329589844 0.669433594 -0.665527344
vn -0.0428771973 -0.101745605 -0.993652344
vn 0.418212891 -0.908203125 -0.00675201416
vn 0.347167969 -0.934082031 -0.0823364258
vn 0.0983276367 -0.0504150391 -0.993652344
vn 0.996582031 0.0370788574 -0.0741577148
vn 0.961425781 0.264892578 -0.0763549805
vn 0.0347595215 0.0861816406 -0.995605469
vn 0.921386719 0.379882812 -0.0812988281
vn -0.231811523 0.65625 -0.717773438
vn 0.911132812 0.411132812 -0.0263366699
vn 0.91015625 0.414794922 0
vn -0.177856445 0.724609375 -0.665527344
vn -0.0673828125 0.936523438 -0.34375
vn -0.32421875 0.671386719 -0.666503906
vn -0.326904297 0.676757812 -0.659179688
vn -0.244750977 0.657226562 -0.712890625
vn -0.235107422 0.661132812 -0.712890625
vn -0.0582580566 0.510742188 -0.857421875
vn 0.917480469 0.359619141 -0.170166016
vn -0.121337891 0.137329102 -0.982910156
vn -0.168334961 0.022277832 -0.985351562
vn -0.934082031 -0.313720703 -0.170166016
vn 0.196777344 0.614257812 -0.764160156
vn 0.220581055 0.276611328 -0.935546875
vn -0.356933594 -0.0304870605 -0.93359375
vn -0.11126709 0.670410156 -0.733398438
vn -0.677734375 0.712890625 -0.180175781
vn -0.202880859 0.861328125 -0.465576172
vn -0.506835938 0.383300781 -0.771972656
vn -0.553710938 0.831054688 -0.0554199219
vn 0.909179688 0.409423828 -0.0737915039
vn 0.112182617 0.989746094 0.087097168
vn 0.861816406 0.506835938 -0.0181274414
vn -0.959960938 -0.270751953 -0.0737915039
vn -0.574707031 0.668457031 -0.472167969
vn -0.985839844 -0.165893555 -0.0181274414
vn -0.272216797 0.735839844 -0.620117188
vn -0.264404297 0.73828125 -0.620117188
g pin_0
f 3/3/3 2/2/2 1/1/1
f 1/1/1 2/2/2 4/4/4
f 2/2/2 5/5/5 4/4/4
f 6/6/6 4/4/4 5/5/5
f 9/9/9 8/8/8 7/7/7
f 10/10/10 7/7/7 8/8/8
f 7/7/7 10/10/10 11/11/11
f 12/12/12 7/7/7 11/11/11
f 11/11/11 13/13/13 12/12/12
f 13/13/13 11/11/11 14/14/14
f 15/15/15 13/13/13 14/14/14
f 16/16/16 15/15/15 14/14/14
f 15/15/15 16/16/16 17/17/17
f 15/15/15 18/18/18 13/13/13
f 13/13/13 18/18/18 19/19/19
f 20/20/20 19/19/19 18/18/18
f 20/20/20 18/18/18 21/21/21
f 21/21/21 18/18/18 22/22/22
f 22/22/22 18/18/18 23/23/23
f 21/21/21 22/22/22 24/24/24
f 24/24/24 22/22/22 25/25/25
f 25/25/25 22/22/22 26/26/26
f 23/23/23 26/26/26 22/22/22
f 25/25/25 26/26/26 27/27/27
f 23/23/23 27/27/27 26/26/26
f 25/25/25 27/27/27 28/28/28
f 23/23/23 29/29/29 27/27/27
f 28/28/28 27/27/27 30/30/30
f 30/30/30 27/27/27 29/29/29
f 29/29/29 31/31/31 30/30/30
f 28/28/28 30/30/30 32/32/32
f 28/28/28 32/32/32 33/33/33
f 34/34/34 28/28/28 33/33/33
f 28/28/28 34/34/34 35/35/35
f 36/36/36 34/34/34 33/33/33
f 28/28/28 35/35/35 37/37/37
f 35/35/35 38/38/38 37/37/37
f 31/31/31 39/39/39 30/30/30
f 30/30/30 39/39/39 32/32/32
f 40/40/40 38/38/38 35/35/35
f 40/40/40 41/41/41 38/38/38
f 42/42/42 41/41/41 40/40/40
f 42/42/42 40/40/40 43/43/43
f 42/42/42 43/43/43 44/44/44
f 40/40/40 35/35/35 45/45/45
f 43/43/43 40/40/40 45/45/45
f 43/43/43 46/46/46 44/44/44
f 47/47/47 44/44/44 46/46/46
f 47/47/47 46/46/46 48/48/48
f 49/49/49 48/48/48 46/46/46
f 50/50/50 48/48/48 49/49/49
f 47/47/47 48/48/48 51/51/51
f 48/48/48 50/50/50 51/51/51
f 50/50/50 52/52/52 51/51/51
f 50/50/50 53/53/53 52/52/52
f 43/43/43 54/54/54 46/46/46
f 54/54/54 49/49/49 46/46/46
f 43/43/43 55/55/55 54/54/54
f 43/43/43 45/45/45 55/55/55
f 54/54/54 56/56/56 49/49/49
f 55/55/55 45/45/45 57/57/57
f 45/45/45 35/35/35 57/57/57
f 57/57/57 58/58/58 55/55/55
f 59/59/59 57/57/57 35/35/35
f 34/34/34 59/59/59 35/35/35
f 60/60/60 58/58/58 57/57/57
f 60/60/60 61/61/61 58/58/58
f 57/57/57 59/59/59 62/62/62
f 60/60/60 57/57/57 62/62/62
f 34/34/34 63/63/63 59/59/59
f 59/59/59 63/63/63 62/62/62
f 63/63/63 64/64/64 62/62/62
f 64/64/64 65/65/65 62/62/62
f 65/65/65 60/60/60 62/62/62
f 65/65/65 66/66/66 60/60/60
f 66/66/66 67/67/67 60/60/60
f 61/61/61 60/60/60 67/67/67
f 68/68/68 67/67/67 66/66/66
f 68/68/68 69/69/69 67/67/67
f 68/68/68 70/70/70 69/69/69
f 67/67/67 71/71/71 61/61/61
f 67/67/67 69/69/69 71/71/71
f 69/69/69 70/70/70 72/72/72
f 71/71/71 69/69/69 72/72/72
f 70/70/70 73/73/73 72/72/72
f 74/74/74 72/72/72 73/73/73
f 61/61/61 71/71/71 75/75/75
f 75/75/75 76/76/76 61/61/61
f 77/77/77 71/71/71 72/72/72
f 74/74/74 78/78/78 72/72/72
f 72/72/72 78/78/78 77/77/77
f 71/71/71 79/79/79 75/75/75
f 79/79/79 71/71/71 77/77/77
f 76/76/76 75/75/75 80/80/80
f 75/75/75 79/79/79 81/81/81
f 80/80/80 75/75/75 81/81/81
f 76/76/76 80/80/80 82/82/82
f 83/83/83 80/80/80 81/81/81
f 82/82/82 80/80/80 83/83/83
f 81/81/81 84/84/84 83/83/83
f 85/85/85 82/82/82 83/83/83
f 84/84/84 81/81/81 86/86/86
f 81/81/81 79/79/79 86/86/86
f 87/87/87 84/84/84 86/86/86
f 88/88/88 87/87/87 86/86/86
f 79/79/79 89/89/89 86/86/86
f 89/89/89 79/79/79 77/77/77
f 86/86/86 89/89/89 90/90/90
f 88/88/88 86/86/86 90/90/90
f 77/77/77 91/91/91 89/89/89
f 89/89/89 91/91/91 90/90/90
f 82/82/82 92/92/92 76/76/76
f 93/93/93 76/76/76 92/92/92
f 92/92/92 94/94/94 93/93/93
f 82/82/82 85/85/85 95/95/95
f 85/85/85 96/96/96 95/95/95
f 97/97/97 95/95/95 96/96/96
f 98/98/98 97/97/97 96/96/96
f 99/99/99 97/97/97 98/98/98
f 82/82/82 95/95/95 100/100/100
f 82/82/82 100/100/100 92/92/92
f 97/97/97 100/100/100 95/95/95
f 92/92/92 100/100/100 101/101/101
f 92/92/92 101/101/101 94/94/94
f 100/100/100 97/97/97 101/101/101
f 99/99/99 102/102/102 97/97/97
f 102/102/102 103/103/103 97/97/97
f 103/103/103 101/101/101 97/97/97
f 99/99/99 104/104/104 102/102/102
f 105/105/105 104/104/104 99/99/99
f 94/94/94 101/101/101 106/106/106
f 106/106/106 101/101/101 103/103/103
f 56/56/56 94/94/94 106/106/106
f 104/104/104 107/107/107 102/102/102
f 104/104/104 105/105/105 107/107/107
f 102/102/102 107/107/107 108/108/108
f 105/105/105 108/108/108 107/107/107
f 108/108/108 109/109/109 102/102/102
f 99/99/99 110/110/110 105/105/105
f 99/99/99 111/111/111 110/110/110
f 111/111/111 99/99/99 112/112/112
f 112/112/112 113/113/113 111/111/111
f 113/113/113 112/112/112 114/114/114
f 115/115/115 113/113/113 114/114/114
f 115/115/115 114/114/114 116/116/116
f 115/115/115 116/116/116 117/117/117
f 111/111/111 113/113/113 118/118/118
f 118/118/118 113/113/113 115/115/115
f 119/119/119 115/115/115 117/117/117
f 119/119/119 120/120/120 115/115/115
f 117/117/117 121/121/121 119/119/119
f 122/122/122 119/119/119 121/121/121
f 122/122/122 121/121/121 123/123/123
f 123/123/123 124/124/124 122/122/122
f 123/123/123 125/125/125 124/124/124
f 125/125/125 126/126/126 124/124/124
f 119/119/119 127/127/127 120/120/120
f 127/127/127 128/128/128 120/120/120
f 128/128/128 129/129/129 120/120/120
f 129/129/129 130/130/130 120/120/120
f 129/129/129 131/131/131 130/130/130
f 115/115/115 120/120/120 132/132/132
f 120/120/120 130/130/130 133/133/133
f 132/132/132 120/120/120 133/133/133
f 131/131/131 134/134/134 130/130/130
f 135/135/135 130/130/130 134/134/134
f 130/130/130 135/135/135 133/133/133
f 131/131/131 136/136/136 134/134/134
f 135/135/135 134/134/134 136/136/136
f 131/131/131 34/34/34 136/136/136
f 137/137/137 115/115/115 132/132/132
f 138/138/138 137/137/137 132/132/132
f 139/139/139 138/138/138 132/132/132
f 139/139/139 132/132/132 140/140/140
f 133/133/133 140/140/140 132/132/132
f 137/137/137 141/141/141 115/115/115
f 141/141/141 118/118/118 115/115/115
f 141/141/141 137/137/137 142/142/142
f 142/142/142 137/137/137 138/138/138
f 133/133/133 135/135/135 143/143/143
f 133/133/133 143/143/143 140/140/140
f 118/118/118 141/141/141 144/144/144
f 142/142/142 144/144/144 141/141/141
f 142/142/142 138/138/138 145/145/145
f 146/146/146 142/142/142 145/145/145
f 144/144/144 142/142/142 146/146/146
f 138/138/138 147/147/147 145/145/145
f 138/138/138 148/148/148 147/147/147
f 148/148/148 138/138/138 149/149/149
f 149/149/149 138/138/138 139/139/139
f 147/147/147 150/150/150 145/145/145
f 147/147/147 151/151/151 150/150/150
f 150/150/150 152/152/152 145/145/145
f 145/145/145 152/152/152 153/153/153
f 154/154/154 149/149/149 139/139/139
f 149/149/149 154/154/154 155/155/155
f 155/155/155 154/154/154 156/156/156
f 155/155/155 156/156/156 157/157/157
f 154/154/154 139/139/139 158/158/158
f 158/158/158 139/139/139 159/159/159
f 159/159/159 139/139/139 160/160/160
f 161/161/161 159/159/159 160/160/160
f 162/162/162 159/159/159 161/161/161
f 160/160/160 163/163/163 161/161/161
f 164/164/164 163/163/163 160/160/160
f 153/153/153 164/164/164 145/145/145
f 164/164/164 160/160/160 145/145/145
f 153/153/153 165/165/165 164/164/164
f 166/166/166 160/160/160 139/139/139
f 140/140/140 166/166/166 139/139/139
f 145/145/145 160/160/160 167/167/167
f 167/167/167 146/146/146 145/145/145
f 168/168/168 166/166/166 140/140/140
f 143/143/143 168/168/168 140/140/140
f 166/166/166 169/169/169 160/160/160
f 160/160/160 169/169/169 167/167/167
f 169/169/169 166/166/166 170/170/170
f 166/166/166 168/168/168 170/170/170
f 170/170/170 18/18/18 169/169/169
f 169/169/169 18/18/18 167/167/167
f 18/18/18 170/170/170 23/23/23
f 170/170/170 168/168/168 23/23/23
f 18/18/18 15/15/15 167/167/167
f 171/171/171 146/146/146 167/167/167
f 167/167/167 15/15/15 171/171/171
f 172/172/172 168/168/168 143/143/143
f 135/135/135 172/172/172 143/143/143
f 168/168/168 173/173/173 23/23/23
f 173/173/173 168/168/168 172/172/172
f 23/23/23 173/173/173 29/29/29
f 173/173/173 172/172/172 29/29/29
f 174/174/174 172/172/172 135/135/135
f 172/172/172 174/174/174 29/29/29
f 174/174/174 135/135/135 136/136/136
f 29/29/29 174/174/174 31/31/31
f 175/175/175 174/174/174 136/136/136
f 34/34/34 175/175/175 136/136/136
f 175/175/175 176/176/176 174/174/174
f 174/174/174 176/176/176 31/31/31
f 175/175/175 34/34/34 177/177/177
f 176/176/176 175/175/175 177/177/177
f 34/34/34 178/178/178 177/177/177
f 34/34/34 36/36/36 178/178/178
f 177/177/177 179/179/179 176/176/176
f 177/177/177 178/178/178 179/179/179
f 180/180/180 176/176/176 179/179/179
f 180/180/180 179/179/179 178/178/178
f 176/176/176 181/181/181 31/31/31
f 180/180/180 181/181/181 176/176/176
f 36/36/36 182/182/182 178/178/178
f 183/183/183 180/180/180 178/178/178
f 178/178/178 182/182/182 183/183/183
f 36/36/36 184/184/184 182/182/182
f 36/36/36 33/33/33 184/184/184
f 180/180/180 185/185/185 181/181/181
f 180/180/180 183/183/183 185/185/185
f 182/182/182 186/186/186 183/183/183
f 184/184/184 186/186/186 182/182/182
f 187/187/187 183/183/183 186/186/186
f 183/183/183 187/187/187 185/185/185
f 184/184/184 187/187/187 186/186/186
f 181/181/181 185/185/185 188/188/188
f 188/188/188 185/185/185 187/187/187
f 181/181/181 189/189/189 31/31/31
f 189/189/189 181/181/181 188/188/188
f 190/190/190 31/31/31 189/189/189
f 189/189/189 188/188/188 190/190/190
f 190/190/190 39/39/39 31/31/31
f 187/187/187 184/184/184 191/191/191
f 33/33/33 191/191/191 184/184/184
f 192/192/192 188/188/188 187/187/187
f 188/188/188 192/192/192 190/190/190
f 192/192/192 187/187/187 191/191/191
f 190/190/190 193/193/193 39/39/39
f 192/192/192 193/193/193 190/190/190
f 193/193/193 192/192/192 191/191/191
f 193/193/193 32/32/32 39/39/39
f 32/32/32 194/194/194 33/33/33
f 194/194/194 32/32/32 193/193/193
f 33/33/33 195/195/195 191/191/191
f 33/33/33 194/194/194 195/195/195
f 194/194/194 193/193/193 196/196/196
f 196/196/196 193/193/193 191/191/191
f 194/194/194 196/196/196 195/195/195
f 191/191/191 195/195/195 196/196/196
f 199/199/199 198/198/198 197/197/197
f 197/197/197 200/200/200 199/199/199
f 197/197/197 201/201/201 200/200/200
f 201/201/201 197/197/197 202/202/202
f 201/201/201 202/202/202 203/203/203
f 203/203/203 204/204/204 201/201/201
f 207/207/207 206/206/206 205/205/205
f 206/206/206 208/208/208 205/205/205
f 211/211/211 210/210/210 209/209/209
f 212/212/212 210/210/210 211/211/211
f 213/213/213 210/210/210 212/212/212
f 216/216/216 215/215/215 214/214/214
f 215/215/215 217/217/217 214/214/214
f 218/218/218 217/217/217 215/215/215
f 218/218/218 219/219/219 217/217/217
f 220/220/220 219/219/219 218/218/218
f 221/221/221 219/219/219 220/220/220
f 222/222/222 221/221/221 220/220/220
f 217/217/217 219/219/219 223/223/223
f 219/219/219 224/224/224 223/223/223
f 223/223/223 224/224/224 225/225/225
f 224/224/224 226/226/226 225/225/225
f 223/223/223 227/227/227 217/217/217
f 217/217/217 227/227/227 228/228/228
f 228/228/228 227/227/227 229/229/229
f 232/232/232 231/231/231 230/230/230
f 232/232/232 230/230/230 233/233/233
f 234/234/234 232/232/232 233/233/233
f 237/237/237 236/236/236 235/235/235
f 237/237/237 235/235/235 238/238/238
f 241/241/241 240/240/240 239/239/239
f 241/241/241 239/239/239 242/242/242
f 245/245/245 244/244/244 243/243/243
f 246/246/246 244/244/244 245/245/245
f 249/249/249 248/248/248 247/247/247
f 250/250/250 249/249/249 247/247/247
f 253/253/253 252/252/252 251/251/251
f 254/254/254 253/253/253 251/251/251
f 255/255/255 254/254/254 251/251/251
f 258/258/258 257/257/257 256/256/256
f 256/256/256 257/257/257 259/259/259
f 262/262/262 261/261/261 260/260/260
f 262/262/262 263/263/263 261/261/261
f 264/264/264 263/263/263 262/262/262
f 267/267/267 266/266/266 265/265/265
f 267/267/267 268/268/268 266/266/266
f 271/271/271 270/270/270 269/269/269
f 269/269/269 270/270/270 272/272/272
f 272/272/272 270/270/270 273/273/273
f 276/276/276 275/275/275 274/274/274
f 275/275/275 277/277/277 274/274/274
f 280/280/280 279/279/279 278/278/278
f 278/278/278 279/279/279 281/281/281
f 284/284/284 283/283/283 282/282/282
f 283/283/283 285/285/285 282/282/282
f 288/288/288 287/287/287 286/286/286
f 286/286/286 287/287/287 289/289/289
f 292/292/292 291/291/291 290/290/290
f 293/293/293 292/292/292 290/290/290
f 294/294/294 293/293/293 290/290/290
f 297/297/297 296/296/296 295/295/295
f 297/297/297 298/298/298 296/296/296
f 301/301/301 300/300/300 299/299/299
f 300/300/300 302/302/302 299/299/299
f 300/300/300 303/303/303 302/302/302
f 306/306/306 305/305/305 304/304/304
f 306/306/306 307/307/307 305/305/305
f 310/310/310 309/309/309 308/308/308
f 310/310/310 311/311/311 309/309/309
f 312/312/312 311/311/311 310/310/310
f 315/315/315 314/314/314 313/313/313
f 315/315/315 313/313/313 316/316/316
f 319/319/319 318/318/318 317/317/317
f 319/319/319 317/317/317 320/320/320
f 323/323/323 322/322/322 321/321/321
f 322/322/322 324/324/324 321/321/321
f 321/321/321 324/324/324 325/325/325
f 324/324/324 326/326/326 325/325/325
f 329/329/329 328/328/328 327/327/327
f 329/329/329 330/330/330 328/328/328
f 330/330/330 331/331/331 328/328/328
f 330/330/330 332/332/332 331/331/331
f 335/335/335 334/334/334 333/333/333
f 333/333/333 334/334/334 336/336/336
f 333/333/333 336/336/336 337/337/337
f 340/340/340 339/339/339 338/338/338
f 339/339/339 341/341/341 338/338/338
f 341/341/341 342/342/342 338/338/338
f 345/345/345 344/344/344 343/343/343
f 343/343/343 344/344/344 346/346/346
f 344/344/344 347/347/347 346/346/346
f 347/347/347 348/348/348 346/346/346
f 351/351/351 350/350/350 349/349/349
f 351/351/351 349/349/349 352/352/352
f 353/353/353 351/351/351 352/352/352
f 349/349/349 354/354/354 352/352/352
f 353/353/353 355/355/355 351/351/351
f 352/352/352 354/354/354 356/356/356
f 355/355/355 353/353/353 357/357/357
f 357/357/357 353/353/353 358/358/358
f 359/359/359 357/357/357 358/358/358
f 357/357/357 359/359/359 360/360/360
f 356/356/356 361/361/361 352/352/352
f 356/356/356 362/362/362 361/361/361
f 361/361/361 363/363/363 352/352/352
f 361/361/361 364/364/364 363/363/363
f 363/363/363 364/364/364 365/365/365
f 359/359/359 358/358/358 366/366/366
f 366/366/366 358/358/358 367/367/367
f 365/365/365 367/367/367 363/363/363
f 367/367/367 358/358/358 363/363/363
f 368/368/368 367/367/367 365/365/365
f 360/360/360 359/359/359 369/369/369
f 360/360/360 369/369/369 370/370/370
f 370/370/370 369/369/369 371/371/371
f 369/369/369 359/359/359 371/371/371
f 370/370/370 371/371/371 372/372/372
f 359/359/359 373/373/373 371/371/371
f 359/359/359 374/374/374 373/373/373
f 375/375/375 363/363/363 358/358/358
f 376/376/376 375/375/375 358/358/358
f 358/358/358 377/377/377 376/376/376
f 358/358/358 353/353/353 377/377/377
f 375/375/375 378/378/378 363/363/363
f 363/363/363 378/378/378 379/379/379
f 378/378/378 380/380/380 379/379/379
f 380/380/380 381/381/381 379/379/379
f 381/381/381 380/380/380 382/382/382
f 352/352/352 363/363/363 379/379/379
f 383/383/383 382/382/382 380/380/380
f 383/383/383 380/380/380 384/384/384
f 385/385/385 381/381/381 382/382/382
f 378/378/378 375/375/375 386/386/386
f 386/386/386 380/380/380 378/378/378
f 384/384/384 380/380/380 387/387/387
f 384/384/384 387/387/387 388/388/388
f 388/388/388 387/387/387 389/389/389
f 375/375/375 390/390/390 386/386/386
f 390/390/390 375/375/375 376/376/376
f 380/380/380 386/386/386 391/391/391
f 387/387/387 380/380/380 391/391/391
f 386/386/386 390/390/390 391/391/391
f 389/389/389 387/387/387 392/392/392
f 392/392/392 387/387/387 391/391/391
f 389/389/389 392/392/392 393/393/393
f 381/381/381 385/385/385 394/394/394
f 395/395/395 381/381/381 394/394/394
f 385/385/385 396/396/396 394/394/394
f 396/396/396 385/385/385 397/397/397
f 397/397/397 398/398/398 396/396/396
f 398/398/398 399/399/399 396/396/396
f 399/399/399 398/398/398 400/400/400
f 401/401/401 400/400/400 398/398/398
f 381/381/381 395/395/395 402/402/402
f 391/391/391 403/403/403 392/392/392
f 393/393/393 392/392/392 404/404/404
f 404/404/404 392/392/392 403/403/403
f 403/403/403 405/405/405 404/404/404
f 391/391/391 406/406/406 403/403/403
f 390/390/390 406/406/406 391/391/391
f 406/406/406 407/407/407 403/403/403
f 406/406/406 390/390/390 407/407/407
f 403/403/403 408/408/408 405/405/405
f 407/407/407 408/408/408 403/403/403
f 407/407/407 390/390/390 409/409/409
f 409/409/409 390/390/390 376/376/376
f 410/410/410 407/407/407 409/409/409
f 408/408/408 407/407/407 410/410/410
f 411/411/411 409/409/409 376/376/376
f 411/411/411 410/410/410 409/409/409
f 411/411/411 376/376/376 377/377/377
f 377/377/377 412/412/412 411/411/411
f 413/413/413 410/410/410 411/411/411
f 412/412/412 413/413/413 411/411/411
f 414/414/414 412/412/412 377/377/377
f 415/415/415 414/414/414 377/377/377
f 416/416/416 412/412/412 414/414/414
f 353/353/353 415/415/415 377/377/377
f 417/417/417 415/415/415 353/353/353
f 417/417/417 353/353/353 352/352/352
f 408/408/408 410/410/410 418/418/418
f 410/410/410 413/413/413 418/418/418
f 415/415/415 419/419/419 414/414/414
f 419/419/419 415/415/415 417/417/417
f 420/420/420 417/417/417 352/352/352
f 379/379/379 420/420/420 352/352/352
f 417/417/417 421/421/421 419/419/419
f 421/421/421 417/417/417 420/420/420
f 422/422/422 420/420/420 379/379/379
f 379/379/379 381/381/381 422/422/422
f 419/419/419 423/423/423 414/414/414
f 423/423/423 419/419/419 421/421/421
f 421/421/421 420/420/420 424/424/424
f 422/422/422 424/424/424 420/420/420
f 381/381/381 425/425/425 422/422/422
f 425/425/425 381/381/381 402/402/402
f 424/424/424 422/422/422 426/426/426
f 425/425/425 426/426/426 422/422/422
f 424/424/424 427/427/427 421/421/421
f 424/424/424 426/426/426 427/427/427
f 428/428/428 423/423/423 421/421/421
f 428/428/428 421/421/421 427/427/427
f 429/429/429 428/428/428 427/427/427
f 426/426/426 425/425/425 430/430/430
f 427/427/427 426/426/426 431/431/431
f 431/431/431 426/426/426 430/430/430
f 432/432/432 425/425/425 402/402/402
f 425/425/425 432/432/432 430/430/430
f 432/432/432 433/433/433 430/430/430
f 430/430/430 433/433/433 434/434/434
f 431/431/431 430/430/430 434/434/434
f 434/434/434 433/433/433 435/435/435
f 402/402/402 436/436/436 432/432/432
f 433/433/433 432/432/432 436/436/436
f 433/433/433 436/436/436 437/437/437
f 438/438/438 436/436/436 402/402/402
f 402/402/402 439/439/439 438/438/438
f 429/429/429 427/427/427 440/440/440
f 440/440/440 427/427/427 431/431/431
f 431/431/431 434/434/434 441/441/441
f 441/441/441 434/434/434 435/435/435
f 442/442/442 441/441/441 435/435/435
f 431/431/431 443/443/443 440/440/440
f 431/431/431 441/441/441 443/443/443
f 429/429/429 440/440/440 443/443/443
f 444/444/444 443/443/443 441/441/441
f 441/441/441 442/442/442 444/444/444
f 443/443/443 444/444/444 445/445/445
f 443/443/443 445/445/445 429/429/429
f 442/442/442 446/446/446 444/444/444
f 445/445/445 444/444/444 446/446/446
f 445/445/445 446/446/446 442/442/442
f 438/438/438 447/447/447 436/436/436
f 436/436/436 447/447/447 437/437/437
f 445/445/445 448/448/448 429/429/429
f 445/445/445 442/442/442 448/448/448
f 449/449/449 442/442/442 435/435/435
f 450/450/450 448/448/448 442/442/442
f 449/449/449 450/450/450 442/442/442
f 448/448/448 451/451/451 429/429/429
f 450/450/450 452/452/452 448/448/448
f 452/452/452 451/451/451 448/448/448
f 451/451/451 453/453/453 429/429/429
f 453/453/453 428/428/428 429/429/429
f 454/454/454 451/451/451 452/452/452
f 454/454/454 453/453/453 451/451/451
f 455/455/455 428/428/428 453/453/453
f 455/455/455 423/423/423 428/428/428
f 455/455/455 456/456/456 423/423/423
f 457/457/457 455/455/455 453/453/453
f 454/454/454 457/457/457 453/453/453
f 456/456/456 455/455/455 457/457/457
f 454/454/454 458/458/458 457/457/457
f 458/458/458 456/456/456 457/457/457
f 454/454/454 459/459/459 458/458/458
f 459/459/459 454/454/454 452/452/452
f 459/459/459 460/460/460 458/458/458
f 456/456/456 458/458/458 460/460/460
f 459/459/459 452/452/452 461/461/461
f 459/459/459 461/461/461 460/460/460
f 462/462/462 452/452/452 450/450/450
f 452/452/452 462/462/462 461/461/461
f 456/456/456 463/463/463 423/423/423
f 423/423/423 463/463/463 414/414/414
f 461/461/461 464/464/464 460/460/460
f 461/461/461 462/462/462 464/464/464
f 460/460/460 464/464/464 465/465/465
f 462/462/462 465/465/465 464/464/464
f 466/466/466 462/462/462 450/450/450
f 465/465/465 462/462/462 466/466/466
f 466/466/466 450/450/450 449/449/449
f 467/467/467 456/456/456 460/460/460
f 467/467/467 460/460/460 465/465/465
f 468/468/468 463/463/463 456/456/456
f 456/456/456 467/467/467 468/468/468
f 463/463/463 468/468/468 469/469/469
f 414/414/414 463/463/463 469/469/469
f 414/414/414 469/469/469 470/470/470
f 414/414/414 470/470/470 471/471/471
f 416/416/416 414/414/414 471/471/471
f 471/471/471 472/472/472 416/416/416
f 473/473/473 416/416/416 472/472/472
f 473/473/473 472/472/472 474/474/474
f 474/474/474 475/475/475 473/473/473
f 474/474/474 476/476/476 475/475/475
f 476/476/476 477/477/477 475/475/475
f 416/416/416 478/478/478 412/412/412
f 478/478/478 479/479/479 412/412/412
f 479/479/479 480/480/480 412/412/412
f 480/480/480 413/413/413 412/412/412
f 480/480/480 481/481/481 413/413/413
f 481/481/481 418/418/418 413/413/413
f 481/481/481 482/482/482 418/418/418
f 482/482/482 483/483/483 418/418/418
f 483/483/483 482/482/482 484/484/484
f 483/483/483 408/408/408 418/418/418
f 483/483/483 485/485/485 408/408/408
f 485/485/485 483/483/483 484/484/484
f 408/408/408 485/485/485 405/405/405
f 482/482/482 486/486/486 484/484/484
f 484/484/484 487/487/487 485/485/485
f 484/484/484 486/486/486 487/487/487
f 488/488/488 485/485/485 487/487/487
f 488/488/488 487/487/487 486/486/486
f 485/485/485 489/489/489 405/405/405
f 488/488/488 489/489/489 485/485/485
f 490/490/490 488/488/488 486/486/486
f 488/488/488 491/491/491 489/489/489
f 488/488/488 490/490/490 491/491/491
f 489/489/489 491/491/491 492/492/492
f 489/489/489 493/493/493 405/405/405
f 493/493/493 489/489/489 492/492/492
f 494/494/494 405/405/405 493/493/493
f 493/493/493 492/492/492 494/494/494
f 492/492/492 491/491/491 495/495/495
f 490/490/490 495/495/495 491/491/491
f 494/494/494 496/496/496 405/405/405
f 405/405/405 496/496/496 404/404/404
f 492/492/492 497/497/497 494/494/494
f 497/497/497 492/492/492 495/495/495
f 404/404/404 496/496/496 498/498/498
f 393/393/393 404/404/404 498/498/498
f 393/393/393 498/498/498 499/499/499
f 494/494/494 500/500/500 496/496/496
f 497/497/497 500/500/500 494/494/494
f 500/500/500 498/498/498 496/496/496
f 497/497/497 495/495/495 501/501/501
f 500/500/500 497/497/497 501/501/501
f 502/502/502 498/498/498 500/500/500
f 498/498/498 502/502/502 499/499/499
f 502/502/502 500/500/500 503/503/503
f 503/503/503 500/500/500 501/501/501
f 502/502/502 503/503/503 504/504/504
f 499/499/499 502/502/502 504/504/504
f 501/501/501 504/504/504 503/503/503
f 499/499/499 504/504/504 501/501/501
f 495/495/495 505/505/505 501/501/501
f 499/499/499 501/501/501 505/505/505
f 505/505/505 495/495/495 506/506/506
f 495/495/495 490/490/490 506/506/506
f 507/507/507 506/506/506 490/490/490
f 505/505/505 506/506/506 507/507/507
f 486/486/486 507/507/507 490/490/490
f 508/508/508 505/505/505 507/507/507
f 508/508/508 507/507/507 486/486/486
f 508/508/508 499/499/499 505/505/505
f 482/482/482 508/508/508 486/486/486
f 508/508/508 482/482/482 499/499/499
f 482/482/482 393/393/393 499/499/499
f 393/393/393 482/482/482 509/509/509
f 393/393/393 509/509/509 510/510/510
f 509/509/509 511/511/511 510/510/510
f 482/482/482 512/512/512 509/509/509
f 482/482/482 513/513/513 512/512/512
f 512/512/512 513/513/513 514/514/514
f 513/513/513 515/515/515 514/514/514
f 515/515/515 516/516/516 514/514/514
f 517/517/517 512/512/512 514/514/514
f 512/512/512 517/517/517 509/509/509
f 516/516/516 518/518/518 514/514/514
f 518/518/518 517/517/517 514/514/514
f 516/516/516 519/519/519 518/518/518
f 520/520/520 511/511/511 509/509/509
f 520/520/520 521/521/521 511/511/511
f 522/522/522 521/521/521 520/520/520
f 520/520/520 509/509/509 523/523/523
f 523/523/523 509/509/509 517/517/517
f 522/522/522 520/520/520 524/524/524
f 524/524/524 520/520/520 523/523/523
f 522/522/522 524/524/524 525/525/525
f 526/526/526 523/523/523 517/517/517
f 524/524/524 523/523/523 526/526/526
f 517/517/517 527/527/527 526/526/526
f 518/518/518 527/527/527 517/517/517
f 524/524/524 526/526/526 528/528/528
f 518/518/518 529/529/529 527/527/527
f 519/519/519 530/530/530 518/518/518
f 529/529/529 518/518/518 530/530/530
f 531/531/531 530/530/530 519/519/519
f 524/524/524 532/532/532 525/525/525
f 524/524/524 528/528/528 532/532/532
f 528/528/528 533/533/533 532/532/532
f 534/534/534 525/525/525 532/532/532
f 528/528/528 535/535/535 533/533/533
f 534/534/534 532/532/532 536/536/536
f 533/533/533 536/536/536 532/532/532
f 537/537/537 536/536/536 533/533/533
f 534/534/534 536/536/536 538/538/538
f 536/536/536 537/537/537 538/538/538
f 537/537/537 539/539/539 538/538/538
f 537/537/537 540/540/540 539/539/539
f 531/531/531 541/541/541 530/530/530
f 531/531/531 542/542/542 541/541/541
f 530/530/530 541/541/541 543/543/543
f 530/530/530 543/543/543 529/529/529
f 541/541/541 542/542/542 544/544/544
f 543/543/543 541/541/541 544/544/544
f 542/542/542 545/545/545 544/544/544
f 546/546/546 544/544/544 545/545/545
f 529/529/529 543/543/543 547/547/547
f 547/547/547 548/548/548 529/529/529
f 549/549/549 543/543/543 544/544/544
f 546/546/546 550/550/550 544/544/544
f 544/544/544 550/550/550 549/549/549
f 543/543/543 551/551/551 547/547/547
f 551/551/551 543/543/543 549/549/549
f 548/548/548 547/547/547 552/552/552
f 547/547/547 551/551/551 553/553/553
f 552/552/552 547/547/547 553/553/553
f 548/548/548 552/552/552 554/554/554
f 555/555/555 552/552/552 553/553/553
f 554/554/554 552/552/552 555/555/555
f 553/553/553 556/556/556 555/555/555
f 557/557/557 554/554/554 555/555/555
f 556/556/556 553/553/553 558/558/558
f 553/553/553 551/551/551 558/558/558
f 559/559/559 556/556/556 558/558/558
f 560/560/560 559/559/559 558/558/558
f 551/551/551 561/561/561 558/558/558
f 561/561/561 551/551/551 549/549/549
f 558/558/558 561/561/561 562/562/562
f 560/560/560 558/558/558 562/562/562
f 549/549/549 563/563/563 561/561/561
f 561/561/561 563/563/563 562/562/562
f 554/554/554 564/564/564 548/548/548
f 565/565/565 548/548/548 564/564/564
f 564/564/564 566/566/566 565/565/565
f 554/554/554 557/557/557 567/567/567
f 557/557/557 568/568/568 567/567/567
f 554/554/554 569/569/569 564/564/564
f 554/554/554 567/567/567 569/569/569
f 437/437/437 567/567/567 568/568/568
f 437/437/437 569/569/569 567/567/567
f 570/570/570 437/437/437 568/568/568
f 467/467/467 437/437/437 570/570/570
f 564/564/564 569/569/569 447/447/447
f 569/569/569 437/437/437 447/447/447
f 564/564/564 447/447/447 566/566/566
f 566/566/566 447/447/447 438/438/438
f 467/467/467 433/433/433 437/437/437
f 535/535/535 566/566/566 438/438/438
f 438/438/438 571/571/571 535/535/535
f 571/571/571 438/438/438 439/439/439
f 572/572/572 571/571/571 439/439/439
f 535/535/535 571/571/571 573/573/573
f 535/535/535 573/573/573 533/533/533
f 571/571/571 572/572/572 574/574/574
f 571/571/571 574/574/574 573/573/573
f 572/572/572 575/575/575 574/574/574
f 575/575/575 576/576/576 574/574/574
f 576/576/576 577/577/577 574/574/574
f 574/574/574 577/577/577 573/573/573
f 578/578/578 577/577/577 576/576/576
f 573/573/573 579/579/579 533/533/533
f 577/577/577 579/579/579 573/573/573
f 467/467/467 580/580/580 433/433/433
f 465/465/465 580/580/580 467/467/467
f 580/580/580 581/581/581 433/433/433
f 580/580/580 465/465/465 581/581/581
f 433/433/433 581/581/581 582/582/582
f 465/465/465 582/582/582 581/581/581
f 582/582/582 435/435/435 433/433/433
f 582/582/582 465/465/465 466/466/466
f 582/582/582 583/583/583 435/435/435
f 582/582/582 466/466/466 583/583/583
f 435/435/435 583/583/583 584/584/584
f 466/466/466 584/584/584 583/583/583
f 449/449/449 435/435/435 584/584/584
f 584/584/584 466/466/466 449/449/449
f 579/579/579 585/585/585 533/533/533
f 585/585/585 537/537/537 533/533/533
f 579/579/579 577/577/577 586/586/586
f 577/577/577 587/587/587 586/586/586
f 578/578/578 587/587/587 577/577/577
f 588/588/588 587/587/587 578/578/578
f 586/586/586 589/589/589 579/579/579
f 585/585/585 579/579/579 589/589/589
f 589/589/589 586/586/586 587/587/587
f 588/588/588 578/578/578 590/590/590
f 590/590/590 578/578/578 591/591/591
f 591/591/591 592/592/592 590/590/590
f 592/592/592 593/593/593 590/590/590
f 592/592/592 594/594/594 593/593/593
f 590/590/590 595/595/595 588/588/588
f 590/590/590 593/593/593 595/595/595
f 588/588/588 595/595/595 596/596/596
f 537/537/537 585/585/585 597/597/597
f 537/537/537 597/597/597 598/598/598
f 540/540/540 537/537/537 598/598/598
f 585/585/585 599/599/599 597/597/597
f 599/599/599 585/585/585 589/589/589
f 599/599/599 598/598/598 597/597/597
f 589/589/589 600/600/600 599/599/599
f 599/599/599 600/600/600 601/601/601
f 599/599/599 601/601/601 598/598/598
f 589/589/589 602/602/602 600/600/600
f 602/602/602 601/601/601 600/600/600
f 602/602/602 589/589/589 587/587/587
f 603/603/603 602/602/602 587/587/587
f 601/601/601 602/602/602 603/603/603
f 588/588/588 603/603/603 587/587/587
f 604/604/604 603/603/603 588/588/588
f 605/605/605 601/601/601 603/603/603
f 601/601/601 605/605/605 598/598/598
f 605/605/605 603/603/603 604/604/604
f 606/606/606 540/540/540 598/598/598
f 605/605/605 606/606/606 598/598/598
f 607/607/607 604/604/604 588/588/588
f 596/596/596 607/607/607 588/588/588
f 604/604/604 607/607/607 596/596/596
f 606/606/606 608/608/608 540/540/540
f 608/608/608 609/609/609 540/540/540
f 594/594/594 609/609/609 608/608/608
f 606/606/606 605/605/605 610/610/610
f 610/610/610 605/605/605 604/604/604
f 608/608/608 611/611/611 594/594/594
f 594/594/594 611/611/611 593/593/593
f 606/606/606 612/612/612 608/608/608
f 612/612/612 606/606/606 610/610/610
f 612/612/612 611/611/611 608/608/608
f 613/613/613 593/593/593 611/611/611
f 614/614/614 611/611/611 612/612/612
f 614/614/614 613/613/613 611/611/611
f 612/612/612 610/610/610 615/615/615
f 612/612/612 615/615/615 614/614/614
f 613/613/613 616/616/616 593/593/593
f 593/593/593 616/616/616 595/595/595
f 613/613/613 617/617/617 616/616/616
f 595/595/595 616/616/616 617/617/617
f 613/613/613 614/614/614 618/618/618
f 613/613/613 618/618/618 617/617/617
f 619/619/619 595/595/595 617/617/617
f 596/596/596 595/595/595 619/619/619
f 617/617/617 618/618/618 620/620/620
f 619/619/619 617/617/617 621/621/621
f 620/620/620 618/618/618 622/622/622
f 620/620/620 622/622/622 623/623/623
f 622/622/622 624/624/624 623/623/623
f 623/623/623 624/624/624 625/625/625
f 625/625/625 624/624/624 626/626/626
f 618/618/618 614/614/614 627/627/627
f 627/627/627 628/628/628 618/618/618
f 627/627/627 614/614/614 615/615/615
f 629/629/629 619/619/619 621/621/621
f 630/630/630 629/629/629 621/621/621
f 631/631/631 619/619/619 629/629/629
f 631/631/631 629/629/629 630/630/630
f 625/625/625 631/631/631 630/630/630
f 631/631/631 596/596/596 619/619/619
f 596/596/596 631/631/631 625/625/625
f 627/627/627 632/632/632 628/628/628
f 628/628/628 632/632/632 633/633/633
f 634/634/634 632/632/632 627/627/627
f 633/633/633 632/632/632 634/634/634
f 634/634/634 627/627/627 615/615/615
f 626/626/626 633/633/633 634/634/634
f 626/626/626 634/634/634 615/615/615
f 615/615/615 610/610/610 626/626/626
f 610/610/610 635/635/635 626/626/626
f 625/625/625 626/626/626 635/635/635
f 635/635/635 610/610/610 604/604/604
f 636/636/636 604/604/604 596/596/596
f 596/596/596 625/625/625 636/636/636
f 636/636/636 635/635/635 604/604/604
f 636/636/636 625/625/625 635/635/635
f 639/639/639 638/638/638 637/637/637
f 637/637/637 638/638/638 640/640/640
f 638/638/638 641/641/641 640/640/640
f 642/642/642 640/640/640 641/641/641
f 645/645/645 644/644/644 643/643/643
f 643/643/643 646/646/646 645/645/645
f 643/643/643 647/647/647 646/646/646
f 647/647/647 643/643/643 648/648/648
f 647/647/647 648/648/648 649/649/649
f 649/649/649 650/650/650 647/647/647
f 653/653/653 652/652/652 651/651/651
f 653/653/653 651/651/651 654/654/654
f 655/655/655 653/653/653 654/654/654
f 658/658/658 657/657/657 656/656/656
f 656/656/656 657/657/657 659/659/659
f 659/659/659 657/657/657 660/660/660
f 663/663/663 662/662/662 661/661/661
f 662/662/662 664/664/664 661/661/661
f 665/665/665 664/664/664 662/662/662
f 665/665/665 666/666/666 664/664/664
f 667/667/667 666/666/666 665/665/665
f 668/668/668 666/666/666 667/667/667
f 669/669/669 668/668/668 667/667/667
f 664/664/664 666/666/666 670/670/670
f 666/666/666 671/671/671 670/670/670
f 670/670/670 671/671/671 672/672/672
f 671/671/671 673/673/673 672/672/672
f 670/670/670 674/674/674 664/664/664
f 664/664/664 674/674/674 675/675/675
f 675/675/675 674/674/674 676/676/676
f 679/679/679 678/678/678 677/677/677
f 679/679/679 680/680/680 678/678/678
f 681/681/681 680/680/680 679/679/679
f 681/681/681 682/682/682 680/680/680
f 685/685/685 684/684/684 683/683/683
f 685/685/685 683/683/683 686/686/686
f 687/687/687 685/685/685 686/686/686
f 687/687/687 686/686/686 688/688/688
f 691/691/691 690/690/690 689/689/689
f 692/692/692 690/690/690 691/691/691
f 693/693/693 690/690/690 692/692/692
f 694/694/694 693/693/693 692/692/692
f 696/696/696 695/695/695 365/365/365
f 697/697/697 696/696/696 365/365/365
f 698/698/698 697/697/697 365/365/365
f 701/701/701 700/700/700 699/699/699
f 702/702/702 701/701/701 699/699/699
f 703/703/703 702/702/702 699/699/699
f 704/704/704 702/702/702 703/703/703
f 707/707/707 706/706/706 705/705/705
f 708/708/708 706/706/706 707/707/707
f 709/709/709 706/706/706 708/708/708
f 710/710/710 709/709/709 708/708/708
f 707/707/707 710/710/710 708/708/708
f 711/711/711 710/710/710 707/707/707
f 712/712/712 710/710/710 711/711/711
f 715/715/715 714/714/714 713/713/713
f 715/715/715 716/716/716 714/714/714
f 717/717/717 716/716/716 715/715/715
f 720/720/720 719/719/719 718/718/718
f 719/719/719 721/721/721 718/718/718
f 718/718/718 721/721/721 722/722/722
f 721/721/721 723/723/723 722/722/722
f 726/726/726 725/725/725 724/724/724
f 726/726/726 724/724/724 727/727/727
f 728/728/728 726/726/726 727/727/727
f 727/727/727 729/729/729 728/728/728
f 732/732/732 731/731/731 730/730/730
f 730/730/730 733/733/733 732/732/732
f 733/733/733 730/730/730 734/734/734
f 730/730/730 735/735/735 734/734/734
f 736/736/736 734/734/734 735/735/735
f 734/734/734 736/736/736 737/737/737
f 736/736/736 738/738/738 737/737/737
f 738/738/738 739/739/739 737/737/737
f 739/739/739 738/738/738 740/740/740
f 741/741/741 738/738/738 736/736/736
f 741/741/741 736/736/736 742/742/742
f 742/742/742 743/743/743 741/741/741
f 741/741/741 743/743/743 744/744/744
f 741/741/741 744/744/744 745/745/745
f 741/741/741 745/745/745 746/746/746
f 745/745/745 744/744/744 747/747/747
f 745/745/745 747/747/747 748/748/748
f 745/745/745 748/748/748 749/749/749
f 749/749/749 746/746/746 745/745/745
f 749/749/749 748/748/748 750/750/750
f 750/750/750 746/746/746 749/749/749
f 750/750/750 748/748/748 751/751/751
f 752/752/752 746/746/746 750/750/750
f 750/750/750 751/751/751 753/753/753
f 750/750/750 753/753/753 752/752/752
f 754/754/754 752/752/752 753/753/753
f 753/753/753 751/751/751 755/755/755
f 755/755/755 751/751/751 756/756/756
f 751/751/751 757/757/757 756/756/756
f 757/757/757 751/751/751 758/758/758
f 757/757/757 759/759/759 756/756/756
f 758/758/758 751/751/751 760/760/760
f 761/761/761 758/758/758 760/760/760
f 762/762/762 754/754/754 753/753/753
f 762/762/762 753/753/753 755/755/755
f 761/761/761 763/763/763 758/758/758
f 764/764/764 763/763/763 761/761/761
f 764/764/764 765/765/765 763/763/763
f 763/763/763 765/765/765 766/766/766
f 766/766/766 765/765/765 767/767/767
f 758/758/758 763/763/763 768/768/768
f 763/763/763 766/766/766 768/768/768
f 769/769/769 766/766/766 767/767/767
f 767/767/767 770/770/770 769/769/769
f 769/769/769 770/770/770 771/771/771
f 771/771/771 772/772/772 769/769/769
f 771/771/771 773/773/773 772/772/772
f 771/771/771 770/770/770 774/774/774
f 773/773/773 771/771/771 774/774/774
f 775/775/775 773/773/773 774/774/774
f 776/776/776 773/773/773 775/775/775
f 777/777/777 766/766/766 769/769/769
f 772/772/772 777/777/777 769/769/769
f 778/778/778 766/766/766 777/777/777
f 768/768/768 766/766/766 778/778/778
f 779/779/779 777/777/777 772/772/772
f 768/768/768 778/778/778 780/780/780
f 758/758/758 768/768/768 780/780/780
f 781/781/781 780/780/780 778/778/778
f 780/780/780 782/782/782 758/758/758
f 782/782/782 757/757/757 758/758/758
f 781/781/781 783/783/783 780/780/780
f 784/784/784 783/783/783 781/781/781
f 782/782/782 780/780/780 785/785/785
f 780/780/780 783/783/783 785/785/785
f 786/786/786 757/757/757 782/782/782
f 786/786/786 782/782/782 785/785/785
f 787/787/787 786/786/786 785/785/785
f 788/788/788 787/787/787 785/785/785
f 783/783/783 788/788/788 785/785/785
f 789/789/789 788/788/788 783/783/783
f 790/790/790 789/789/789 783/783/783
f 783/783/783 784/784/784 790/790/790
f 790/790/790 791/791/791 789/789/789
f 792/792/792 791/791/791 790/790/790
f 793/793/793 791/791/791 792/792/792
f 794/794/794 790/790/790 784/784/784
f 792/792/792 790/790/790 794/794/794
f 793/793/793 792/792/792 795/795/795
f 792/792/792 794/794/794 795/795/795
f 796/796/796 793/793/793 795/795/795
f 795/795/795 797/797/797 796/796/796
f 794/794/794 784/784/784 798/798/798
f 799/799/799 798/798/798 784/784/784
f 794/794/794 800/800/800 795/795/795
f 801/801/801 797/797/797 795/795/795
f 801/801/801 795/795/795 800/800/800
f 802/802/802 794/794/794 798/798/798
f 794/794/794 802/802/802 800/800/800
f 798/798/798 799/799/799 803/803/803
f 802/802/802 798/798/798 804/804/804
f 798/798/798 803/803/803 804/804/804
f 803/803/803 799/799/799 805/805/805
f 803/803/803 806/806/806 804/804/804
f 803/803/803 805/805/805 806/806/806
f 807/807/807 804/804/804 806/806/806
f 805/805/805 808/808/808 806/806/806
f 804/804/804 807/807/807 809/809/809
f 802/802/802 804/804/804 809/809/809
f 807/807/807 810/810/810 809/809/809
f 810/810/810 811/811/811 809/809/809
f 812/812/812 802/802/802 809/809/809
f 802/802/802 812/812/812 800/800/800
f 812/812/812 809/809/809 813/813/813
f 809/809/809 811/811/811 813/813/813
f 814/814/814 800/800/800 812/812/812
f 814/814/814 812/812/812 813/813/813
f 815/815/815 805/805/805 799/799/799
f 799/799/799 816/816/816 815/815/815
f 817/817/817 815/815/815 816/816/816
f 808/808/808 805/805/805 818/818/818
f 819/819/819 808/808/808 818/818/818
f 818/818/818 820/820/820 819/819/819
f 820/820/820 821/821/821 819/819/819
f 820/820/820 822/822/822 821/821/821
f 818/818/818 805/805/805 823/823/823
f 823/823/823 805/805/805 815/815/815
f 823/823/823 820/820/820 818/818/818
f 823/823/823 815/815/815 824/824/824
f 824/824/824 815/815/815 817/817/817
f 820/820/820 823/823/823 824/824/824
f 825/825/825 822/822/822 820/820/820
f 826/826/826 825/825/825 820/820/820
f 824/824/824 826/826/826 820/820/820
f 827/827/827 822/822/822 825/825/825
f 827/827/827 828/828/828 822/822/822
f 824/824/824 817/817/817 829/829/829
f 824/824/824 829/829/829 826/826/826
f 817/817/817 779/779/779 829/829/829
f 830/830/830 827/827/827 825/825/825
f 828/828/828 827/827/827 830/830/830
f 830/830/830 825/825/825 831/831/831
f 831/831/831 828/828/828 830/830/830
f 832/832/832 831/831/831 825/825/825
f 833/833/833 822/822/822 828/828/828
f 834/834/834 822/822/822 833/833/833
f 822/822/822 834/834/834 835/835/835
f 836/836/836 835/835/835 834/834/834
f 835/835/835 836/836/836 837/837/837
f 836/836/836 838/838/838 837/837/837
f 837/837/837 838/838/838 839/839/839
f 839/839/839 838/838/838 840/840/840
f 836/836/836 834/834/834 841/841/841
f 836/836/836 841/841/841 838/838/838
f 838/838/838 842/842/842 840/840/840
f 843/843/843 842/842/842 838/838/838
f 844/844/844 840/840/840 842/842/842
f 842/842/842 845/845/845 844/844/844
f 844/844/844 845/845/845 846/846/846
f 847/847/847 846/846/846 845/845/845
f 848/848/848 846/846/846 847/847/847
f 849/849/849 848/848/848 847/847/847
f 850/850/850 842/842/842 843/843/843
f 851/851/851 850/850/850 843/843/843
f 852/852/852 851/851/851 843/843/843
f 853/853/853 852/852/852 843/843/843
f 854/854/854 852/852/852 853/853/853
f 843/843/843 838/838/838 855/855/855
f 853/853/853 843/843/843 856/856/856
f 843/843/843 855/855/855 856/856/856
f 857/857/857 854/854/854 853/853/853
f 853/853/853 858/858/858 857/857/857
f 858/858/858 853/853/853 856/856/856
f 859/859/859 854/854/854 857/857/857
f 857/857/857 858/858/858 859/859/859
f 757/757/757 854/854/854 859/859/859
f 838/838/838 860/860/860 855/855/855
f 860/860/860 861/861/861 855/855/855
f 861/861/861 862/862/862 855/855/855
f 855/855/855 862/862/862 863/863/863
f 863/863/863 856/856/856 855/855/855
f 864/864/864 860/860/860 838/838/838
f 841/841/841 864/864/864 838/838/838
f 860/860/860 864/864/864 865/865/865
f 860/860/860 865/865/865 861/861/861
f 858/858/858 856/856/856 866/866/866
f 866/866/866 856/856/856 863/863/863
f 864/864/864 841/841/841 867/867/867
f 867/867/867 865/865/865 864/864/864
f 861/861/861 865/865/865 868/868/868
f 865/865/865 869/869/869 868/868/868
f 865/865/865 867/867/867 869/869/869
f 870/870/870 861/861/861 868/868/868
f 871/871/871 861/861/861 870/870/870
f 861/861/861 871/871/871 872/872/872
f 861/861/861 872/872/872 862/862/862
f 873/873/873 870/870/870 868/868/868
f 874/874/874 870/870/870 873/873/873
f 875/875/875 873/873/873 868/868/868
f 875/875/875 868/868/868 876/876/876
f 872/872/872 877/877/877 862/862/862
f 877/877/877 872/872/872 878/878/878
f 877/877/877 878/878/878 879/879/879
f 879/879/879 878/878/878 880/880/880
f 862/862/862 877/877/877 881/881/881
f 862/862/862 881/881/881 882/882/882
f 862/862/862 882/882/882 883/883/883
f 882/882/882 884/884/884 883/883/883
f 882/882/882 885/885/885 884/884/884
f 886/886/886 883/883/883 884/884/884
f 886/886/886 887/887/887 883/883/883
f 887/887/887 876/876/876 868/868/868
f 883/883/883 887/887/887 868/868/868
f 888/888/888 876/876/876 887/887/887
f 883/883/883 889/889/889 862/862/862
f 889/889/889 863/863/863 862/862/862
f 883/883/883 868/868/868 890/890/890
f 869/869/869 890/890/890 868/868/868
f 889/889/889 891/891/891 863/863/863
f 891/891/891 866/866/866 863/863/863
f 892/892/892 889/889/889 883/883/883
f 892/892/892 883/883/883 890/890/890
f 889/889/889 892/892/892 893/893/893
f 891/891/891 889/889/889 893/893/893
f 741/741/741 893/893/893 892/892/892
f 741/741/741 892/892/892 890/890/890
f 893/893/893 741/741/741 746/746/746
f 891/891/891 893/893/893 746/746/746
f 738/738/738 741/741/741 890/890/890
f 869/869/869 894/894/894 890/890/890
f 738/738/738 890/890/890 894/894/894
f 891/891/891 895/895/895 866/866/866
f 895/895/895 858/858/858 866/866/866
f 896/896/896 891/891/891 746/746/746
f 891/891/891 896/896/896 895/895/895
f 896/896/896 746/746/746 752/752/752
f 895/895/895 896/896/896 752/752/752
f 895/895/895 897/897/897 858/858/858
f 897/897/897 895/895/895 752/752/752
f 858/858/858 897/897/897 859/859/859
f 897/897/897 752/752/752 754/754/754
f 897/897/897 898/898/898 859/859/859
f 898/898/898 757/757/757 859/859/859
f 899/899/899 898/898/898 897/897/897
f 899/899/899 897/897/897 754/754/754
f 757/757/757 898/898/898 900/900/900
f 898/898/898 899/899/899 900/900/900
f 901/901/901 757/757/757 900/900/900
f 759/759/759 757/757/757 901/901/901
f 902/902/902 900/900/900 899/899/899
f 901/901/901 900/900/900 902/902/902
f 899/899/899 903/903/903 902/902/902
f 902/902/902 903/903/903 901/901/901
f 904/904/904 899/899/899 754/754/754
f 904/904/904 903/903/903 899/899/899
f 905/905/905 759/759/759 901/901/901
f 903/903/903 906/906/906 901/901/901
f 905/905/905 901/901/901 906/906/906
f 907/907/907 759/759/759 905/905/905
f 756/756/756 759/759/759 907/907/907
f 908/908/908 903/903/903 904/904/904
f 906/906/906 903/903/903 908/908/908
f 909/909/909 905/905/905 906/906/906
f 909/909/909 907/907/907 905/905/905
f 906/906/906 910/910/910 909/909/909
f 910/910/910 906/906/906 908/908/908
f 910/910/910 907/907/907 909/909/909
f 908/908/908 904/904/904 911/911/911
f 908/908/908 911/911/911 910/910/910
f 912/912/912 904/904/904 754/754/754
f 904/904/904 912/912/912 911/911/911
f 754/754/754 913/913/913 912/912/912
f 911/911/911 912/912/912 913/913/913
f 762/762/762 913/913/913 754/754/754
f 907/907/907 910/910/910 914/914/914
f 914/914/914 756/756/756 907/907/907
f 911/911/911 915/915/915 910/910/910
f 915/915/915 911/911/911 913/913/913
f 910/910/910 915/915/915 914/914/914
f 916/916/916 913/913/913 762/762/762
f 916/916/916 915/915/915 913/913/913
f 915/915/915 916/916/916 914/914/914
f 755/755/755 916/916/916 762/762/762
f 917/917/917 755/755/755 756/756/756
f 755/755/755 917/917/917 916/916/916
f 918/918/918 756/756/756 914/914/914
f 917/917/917 756/756/756 918/918/918
f 916/916/916 917/917/917 919/919/919
f 916/916/916 919/919/919 914/914/914
f 919/919/919 917/917/917 918/918/918
f 918/918/918 914/914/914 919/919/919
f 922/922/922 921/921/921 920/920/920
f 923/923/923 920/920/920 921/921/921
f 924/924/924 920/920/920 923/923/923
f 920/920/920 924/924/924 925/925/925
f 925/925/925 924/924/924 926/926/926
f 927/927/927 926/926/926 924/924/924
f 930/930/930 929/929/929 928/928/928
f 931/931/931 930/930/930 928/928/928
f 934/934/934 933/933/933 932/932/932
f 934/934/934 935/935/935 933/933/933
f 934/934/934 936/936/936 935/935/935
f 939/939/939 938/938/938 937/937/937
f 940/940/940 939/939/939 937/937/937
f 940/940/940 941/941/941 939/939/939
f 942/942/942 941/941/941 940/940/940
f 942/942/942 943/943/943 941/941/941
f 942/942/942 944/944/944 943/943/943
f 944/944/944 945/945/945 943/943/943
f 942/942/942 940/940/940 946/946/946
f 947/947/947 942/942/942 946/946/946
f 947/947/947 946/946/946 948/948/948
f 949/949/949 947/947/947 948/948/948
f 950/950/950 946/946/946 940/940/940
f 950/950/950 940/940/940 951/951/951
f 950/950/950 951/951/951 952/952/952
f 955/955/955 954/954/954 953/953/953
f 953/953/953 954/954/954 956/956/956
f 954/954/954 957/957/957 956/956/956
f 960/960/960 959/959/959 958/958/958
f 958/958/958 959/959/959 961/961/961
f 964/964/964 963/963/963 962/962/962
f 962/962/962 963/963/963 965/965/965
f 968/968/968 967/967/967 966/966/966
f 968/968/968 969/969/969 967/967/967
f 972/972/972 971/971/971 970/970/970
f 971/971/971 973/973/973 970/970/970
f 976/976/976 975/975/975 974/974/974
f 975/975/975 977/977/977 974/974/974
f 977/977/977 978/978/978 974/974/974
f 981/981/981 980/980/980 979/979/979
f 981/981/981 979/979/979 982/982/982
f 985/985/985 984/984/984 983/983/983
f 986/986/986 984/984/984 985/985/985
f 986/986/986 987/987/987 984/984/984
f 990/990/990 989/989/989 988/988/988
f 991/991/991 989/989/989 990/990/990
f 994/994/994 993/993/993 992/992/992
f 994/994/994 992/992/992 995/995/995
f 994/994/994 995/995/995 996/996/996
f 999/999/999 998/998/998 997/997/997
f 1000/1000/1000 999/999/999 997/997/997
f 1003/1003/1003 1002/1002/1002 1001/1001/1001
f 1003/1003/1003 1001/1001/1001 1004/1004/1004
f 1007/1007/1007 1006/1006/1006 1005/1005/1005
f 1008/1008/1008 1007/1007/1007 1005/1005/1005
f 1011/1011/1011 1010/1010/1010 1009/1009/1009
f 1011/1011/1011 1009/1009/1009 1012/1012/1012
f 1015/1015/1015 1014/1014/1014 1013/1013/1013
f 1014/1014/1014 1016/1016/1016 1013/1013/1013
f 1016/1016/1016 1017/1017/1017 1013/1013/1013
f 1020/1020/1020 1019/1019/1019 1018/1018/1018
f 1021/1021/1021 1019/1019/1019 1020/1020/1020
f 1024/1024/1024 1023/1023/1023 1022/1022/1022
f 1025/1025/1025 1024/1024/1024 1022/1022/1022
f 1026/1026/1026 1024/1024/1024 1025/1025/1025
f 1029/1029/1029 1028/1028/1028 1027/1027/1027
f 1030/1030/1030 1028/1028/1028 1029/1029/1029
f 1033/1033/1033 1032/1032/1032 1031/1031/1031
f 1034/1034/1034 1032/1032/1032 1033/1033/1033
f 1034/1034/1034 1035/1035/1035 1032/1032/1032
f 1038/1038/1038 1037/1037/1037 1036/1036/1036
f 1036/1036/1036 1037/1037/1037 1039/1039/1039
f 1042/1042/1042 1041/1041/1041 1040/1040/1040
f 1040/1040/1040 1041/1041/1041 1043/1043/1043
f 1046/1046/1046 1045/1045/1045 1044/1044/1044
f 1047/1047/1047 1046/1046/1046 1044/1044/1044
f 1047/1047/1047 1044/1044/1044 1048/1048/1048
f 1049/1049/1049 1047/1047/1047 1048/1048/1048
f 1052/1052/1052 1051/1051/1051 1050/1050/1050
f 1053/1053/1053 1051/1051/1051 1052/1052/1052
f 1054/1054/1054 1053/1053/1053 1052/1052/1052
f 1055/1055/1055 1053/1053/1053 1054/1054/1054
f 1058/1058/1058 1057/1057/1057 1056/1056/1056
f 1058/1058/1058 1056/1056/1056 1059/1059/1059
f 1059/1059/1059 1056/1056/1056 1060/1060/1060
f 1063/1063/1063 1062/1062/1062 1061/1061/1061
f 1064/1064/1064 1063/1063/1063 1061/1061/1061
f 1065/1065/1065 1064/1064/1064 1061/1061/1061
f 1068/1068/1068 1067/1067/1067 1066/1066/1066
f 1068/1068/1068 1066/1066/1066 1069/1069/1069
f 1070/1070/1070 1068/1068/1068 1069/1069/1069
f 1071/1071/1071 1070/1070/1070 1069/1069/1069
f 1074/1074/1074 1073/1073/1073 1072/1072/1072
f 1072/1072/1072 1073/1073/1073 1075/1075/1075
f 1073/1073/1073 1076/1076/1076 1075/1075/1075
f 1077/1077/1077 1072/1072/1072 1075/1075/1075
f 1078/1078/1078 1076/1076/1076 1073/1073/1073
f 1077/1077/1077 1075/1075/1075 1079/1079/1079
f 1076/1076/1076 1078/1078/1078 1080/1080/1080
f 1076/1076/1076 1080/1080/1080 1081/1081/1081
f 1080/1080/1080 1082/1082/1082 1081/1081/1081
f 1082/1082/1082 1080/1080/1080 1083/1083/1083
f 1084/1084/1084 1079/1079/1079 1075/1075/1075
f 1085/1085/1085 1079/1079/1079 1084/1084/1084
f 1086/1086/1086 1084/1084/1084 1075/1075/1075
f 1087/1087/1087 1084/1084/1084 1086/1086/1086
f 1087/1087/1087 1086/1086/1086 1088/1088/1088
f 1081/1081/1081 1082/1082/1082 1089/1089/1089
f 1081/1081/1081 1089/1089/1089 1090/1090/1090
f 1090/1090/1090 1088/1088/1088 1086/1086/1086
f 1081/1081/1081 1090/1090/1090 1086/1086/1086
f 1090/1090/1090 1091/1091/1091 1088/1088/1088
f 1082/1082/1082 1083/1083/1083 1092/1092/1092
f 1092/1092/1092 1083/1083/1083 1093/1093/1093
f 1092/1092/1092 1093/1093/1093 1094/1094/1094
f 1082/1082/1082 1092/1092/1092 1094/1094/1094
f 1094/1094/1094 1093/1093/1093 1095/1095/1095
f 1096/1096/1096 1082/1082/1082 1094/1094/1094
f 1097/1097/1097 1082/1082/1082 1096/1096/1096
f 1086/1086/1086 1098/1098/1098 1081/1081/1081
f 1098/1098/1098 1099/1099/1099 1081/1081/1081
f 1100/1100/1100 1081/1081/1081 1099/1099/1099
f 1076/1076/1076 1081/1081/1081 1100/1100/1100
f 1101/1101/1101 1098/1098/1098 1086/1086/1086
f 1101/1101/1101 1086/1086/1086 1102/1102/1102
f 1103/1103/1103 1101/1101/1101 1102/1102/1102
f 1104/1104/1104 1103/1103/1103 1102/1102/1102
f 1103/1103/1103 1104/1104/1104 1105/1105/1105
f 1086/1086/1086 1075/1075/1075 1102/1102/1102
f 1105/1105/1105 1106/1106/1106 1103/1103/1103
f 1103/1103/1103 1106/1106/1106 1107/1107/1107
f 1104/1104/1104 1108/1108/1108 1105/1105/1105
f 1098/1098/1098 1101/1101/1101 1109/1109/1109
f 1103/1103/1103 1109/1109/1109 1101/1101/1101
f 1103/1103/1103 1107/1107/1107 1110/1110/1110
f 1110/1110/1110 1107/1107/1107 1111/1111/1111
f 1110/1110/1110 1111/1111/1111 1112/1112/1112
f 1113/1113/1113 1098/1098/1098 1109/1109/1109
f 1098/1098/1098 1113/1113/1113 1099/1099/1099
f 1109/1109/1109 1103/1103/1103 1114/1114/1114
f 1103/1103/1103 1110/1110/1110 1114/1114/1114
f 1113/1113/1113 1109/1109/1109 1114/1114/1114
f 1110/1110/1110 1112/1112/1112 1115/1115/1115
f 1110/1110/1110 1115/1115/1115 1114/1114/1114
f 1115/1115/1115 1112/1112/1112 1116/1116/1116
f 1108/1108/1108 1104/1104/1104 1117/1117/1117
f 1104/1104/1104 1118/1118/1118 1117/1117/1117
f 1119/1119/1119 1108/1108/1108 1117/1117/1117
f 1108/1108/1108 1119/1119/1119 1120/1120/1120
f 1121/1121/1121 1120/1120/1120 1119/1119/1119
f 1122/1122/1122 1121/1121/1121 1119/1119/1119
f 1121/1121/1121 1122/1122/1122 1123/1123/1123
f 1123/1123/1123 1124/1124/1124 1121/1121/1121
f 1118/1118/1118 1104/1104/1104 1125/1125/1125
f 1126/1126/1126 1114/1114/1114 1115/1115/1115
f 1115/1115/1115 1116/1116/1116 1127/1127/1127
f 1115/1115/1115 1127/1127/1127 1126/1126/1126
f 1128/1128/1128 1126/1126/1126 1127/1127/1127
f 1129/1129/1129 1114/1114/1114 1126/1126/1126
f 1129/1129/1129 1113/1113/1113 1114/1114/1114
f 1130/1130/1130 1129/1129/1129 1126/1126/1126
f 1113/1113/1113 1129/1129/1129 1130/1130/1130
f 1131/1131/1131 1126/1126/1126 1128/1128/1128
f 1131/1131/1131 1130/1130/1130 1126/1126/1126
f 1113/1113/1113 1130/1130/1130 1132/1132/1132
f 1113/1113/1113 1132/1132/1132 1099/1099/1099
f 1130/1130/1130 1133/1133/1133 1132/1132/1132
f 1130/1130/1130 1131/1131/1131 1133/1133/1133
f 1132/1132/1132 1134/1134/1134 1099/1099/1099
f 1133/1133/1133 1134/1134/1134 1132/1132/1132
f 1099/1099/1099 1134/1134/1134 1100/1100/1100
f 1135/1135/1135 1100/1100/1100 1134/1134/1134
f 1133/1133/1133 1136/1136/1136 1134/1134/1134
f 1136/1136/1136 1135/1135/1135 1134/1134/1134
f 1135/1135/1135 1137/1137/1137 1100/1100/1100
f 1137/1137/1137 1138/1138/1138 1100/1100/1100
f 1135/1135/1135 1139/1139/1139 1137/1137/1137
f 1138/1138/1138 1076/1076/1076 1100/1100/1100
f 1138/1138/1138 1140/1140/1140 1076/1076/1076
f 1076/1076/1076 1140/1140/1140 1075/1075/1075
f 1133/1133/1133 1131/1131/1131 1141/1141/1141
f 1136/1136/1136 1133/1133/1133 1141/1141/1141
f 1142/1142/1142 1138/1138/1138 1137/1137/1137
f 1138/1138/1138 1142/1142/1142 1140/1140/1140
f 1140/1140/1140 1143/1143/1143 1075/1075/1075
f 1143/1143/1143 1102/1102/1102 1075/1075/1075
f 1144/1144/1144 1140/1140/1140 1142/1142/1142
f 1140/1140/1140 1144/1144/1144 1143/1143/1143
f 1143/1143/1143 1145/1145/1145 1102/1102/1102
f 1104/1104/1104 1102/1102/1102 1145/1145/1145
f 1146/1146/1146 1142/1142/1142 1137/1137/1137
f 1142/1142/1142 1146/1146/1146 1144/1144/1144
f 1143/1143/1143 1144/1144/1144 1147/1147/1147
f 1147/1147/1147 1145/1145/1145 1143/1143/1143
f 1148/1148/1148 1104/1104/1104 1145/1145/1145
f 1104/1104/1104 1148/1148/1148 1125/1125/1125
f 1145/1145/1145 1147/1147/1147 1149/1149/1149
f 1149/1149/1149 1148/1148/1148 1145/1145/1145
f 1150/1150/1150 1147/1147/1147 1144/1144/1144
f 1149/1149/1149 1147/1147/1147 1150/1150/1150
f 1146/1146/1146 1151/1151/1151 1144/1144/1144
f 1144/1144/1144 1151/1151/1151 1150/1150/1150
f 1151/1151/1151 1152/1152/1152 1150/1150/1150
f 1148/1148/1148 1149/1149/1149 1153/1153/1153
f 1149/1149/1149 1150/1150/1150 1154/1154/1154
f 1149/1149/1149 1154/1154/1154 1153/1153/1153
f 1148/1148/1148 1155/1155/1155 1125/1125/1125
f 1155/1155/1155 1148/1148/1148 1153/1153/1153
f 1156/1156/1156 1155/1155/1155 1153/1153/1153
f 1156/1156/1156 1153/1153/1153 1157/1157/1157
f 1153/1153/1153 1154/1154/1154 1157/1157/1157
f 1156/1156/1156 1157/1157/1157 1158/1158/1158
f 1159/1159/1159 1125/1125/1125 1155/1155/1155
f 1155/1155/1155 1156/1156/1156 1159/1159/1159
f 1159/1159/1159 1156/1156/1156 1160/1160/1160
f 1159/1159/1159 1161/1161/1161 1125/1125/1125
f 1162/1162/1162 1125/1125/1125 1161/1161/1161
f 1150/1150/1150 1152/1152/1152 1163/1163/1163
f 1150/1150/1150 1163/1163/1163 1154/1154/1154
f 1157/1157/1157 1154/1154/1154 1164/1164/1164
f 1157/1157/1157 1164/1164/1164 1158/1158/1158
f 1164/1164/1164 1165/1165/1165 1158/1158/1158
f 1166/1166/1166 1154/1154/1154 1163/1163/1163
f 1164/1164/1164 1154/1154/1154 1166/1166/1166
f 1163/1163/1163 1152/1152/1152 1166/1166/1166
f 1166/1166/1166 1167/1167/1167 1164/1164/1164
f 1165/1165/1165 1164/1164/1164 1167/1167/1167
f 1167/1167/1167 1166/1166/1166 1168/1168/1168
f 1168/1168/1168 1166/1166/1166 1152/1152/1152
f 1169/1169/1169 1165/1165/1165 1167/1167/1167
f 1167/1167/1167 1168/1168/1168 1169/1169/1169
f 1169/1169/1169 1168/1168/1168 1165/1165/1165
f 1170/1170/1170 1161/1161/1161 1159/1159/1159
f 1170/1170/1170 1159/1159/1159 1160/1160/1160
f 1171/1171/1171 1168/1168/1168 1152/1152/1152
f 1165/1165/1165 1168/1168/1168 1171/1171/1171
f 1165/1165/1165 1172/1172/1172 1158/1158/1158
f 1171/1171/1171 1173/1173/1173 1165/1165/1165
f 1173/1173/1173 1172/1172/1172 1165/1165/1165
f 1174/1174/1174 1171/1171/1171 1152/1152/1152
f 1175/1175/1175 1173/1173/1173 1171/1171/1171
f 1174/1174/1174 1175/1175/1175 1171/1171/1171
f 1176/1176/1176 1174/1174/1174 1152/1152/1152
f 1151/1151/1151 1176/1176/1176 1152/1152/1152
f 1174/1174/1174 1177/1177/1177 1175/1175/1175
f 1176/1176/1176 1177/1177/1177 1174/1174/1174
f 1151/1151/1151 1178/1178/1178 1176/1176/1176
f 1146/1146/1146 1178/1178/1178 1151/1151/1151
f 1179/1179/1179 1178/1178/1178 1146/1146/1146
f 1178/1178/1178 1180/1180/1180 1176/1176/1176
f 1180/1180/1180 1177/1177/1177 1176/1176/1176
f 1178/1178/1178 1179/1179/1179 1180/1180/1180
f 1181/1181/1181 1177/1177/1177 1180/1180/1180
f 1179/1179/1179 1181/1181/1181 1180/1180/1180
f 1182/1182/1182 1177/1177/1177 1181/1181/1181
f 1177/1177/1177 1182/1182/1182 1175/1175/1175
f 1183/1183/1183 1182/1182/1182 1181/1181/1181
f 1181/1181/1181 1179/1179/1179 1183/1183/1183
f 1175/1175/1175 1182/1182/1182 1184/1184/1184
f 1184/1184/1184 1182/1182/1182 1183/1183/1183
f 1175/1175/1175 1185/1185/1185 1173/1173/1173
f 1185/1185/1185 1175/1175/1175 1184/1184/1184
f 1186/1186/1186 1179/1179/1179 1146/1146/1146
f 1186/1186/1186 1146/1146/1146 1137/1137/1137
f 1187/1187/1187 1184/1184/1184 1183/1183/1183
f 1185/1185/1185 1184/1184/1184 1187/1187/1187
f 1187/1187/1187 1183/1183/1183 1188/1188/1188
f 1188/1188/1188 1185/1185/1185 1187/1187/1187
f 1185/1185/1185 1189/1189/1189 1173/1173/1173
f 1185/1185/1185 1188/1188/1188 1189/1189/1189
f 1173/1173/1173 1189/1189/1189 1172/1172/1172
f 1179/1179/1179 1190/1190/1190 1183/1183/1183
f 1183/1183/1183 1190/1190/1190 1188/1188/1188
f 1186/1186/1186 1191/1191/1191 1179/1179/1179
f 1190/1190/1190 1179/1179/1179 1191/1191/1191
f 1191/1191/1191 1186/1186/1186 1192/1192/1192
f 1186/1186/1186 1137/1137/1137 1192/1192/1192
f 1192/1192/1192 1137/1137/1137 1193/1193/1193
f 1193/1193/1193 1137/1137/1137 1194/1194/1194
f 1137/1137/1137 1139/1139/1139 1194/1194/1194
f 1195/1195/1195 1194/1194/1194 1139/1139/1139
f 1139/1139/1139 1196/1196/1196 1195/1195/1195
f 1195/1195/1195 1196/1196/1196 1197/1197/1197
f 1198/1198/1198 1197/1197/1197 1196/1196/1196
f 1199/1199/1199 1197/1197/1197 1198/1198/1198
f 1200/1200/1200 1199/1199/1199 1198/1198/1198
f 1201/1201/1201 1139/1139/1139 1135/1135/1135
f 1202/1202/1202 1201/1201/1201 1135/1135/1135
f 1203/1203/1203 1202/1202/1202 1135/1135/1135
f 1136/1136/1136 1203/1203/1203 1135/1135/1135
f 1204/1204/1204 1203/1203/1203 1136/1136/1136
f 1141/1141/1141 1204/1204/1204 1136/1136/1136
f 1205/1205/1205 1204/1204/1204 1141/1141/1141
f 1206/1206/1206 1205/1205/1205 1141/1141/1141
f 1205/1205/1205 1206/1206/1206 1207/1207/1207
f 1131/1131/1131 1206/1206/1206 1141/1141/1141
f 1208/1208/1208 1206/1206/1206 1131/1131/1131
f 1206/1206/1206 1208/1208/1208 1207/1207/1207
f 1208/1208/1208 1131/1131/1131 1128/1128/1128
f 1209/1209/1209 1205/1205/1205 1207/1207/1207
f 1210/1210/1210 1207/1207/1207 1208/1208/1208
f 1209/1209/1209 1207/1207/1207 1210/1210/1210
f 1208/1208/1208 1211/1211/1211 1210/1210/1210
f 1210/1210/1210 1211/1211/1211 1209/1209/1209
f 1212/1212/1212 1208/1208/1208 1128/1128/1128
f 1212/1212/1212 1211/1211/1211 1208/1208/1208
f 1211/1211/1211 1213/1213/1213 1209/1209/1209
f 1214/1214/1214 1211/1211/1211 1212/1212/1212
f 1213/1213/1213 1211/1211/1211 1214/1214/1214
f 1214/1214/1214 1212/1212/1212 1215/1215/1215
f 1216/1216/1216 1212/1212/1212 1128/1128/1128
f 1212/1212/1212 1216/1216/1216 1215/1215/1215
f 1128/1128/1128 1217/1217/1217 1216/1216/1216
f 1215/1215/1215 1216/1216/1216 1217/1217/1217
f 1214/1214/1214 1215/1215/1215 1218/1218/1218
f 1218/1218/1218 1213/1213/1213 1214/1214/1214
f 1219/1219/1219 1217/1217/1217 1128/1128/1128
f 1219/1219/1219 1128/1128/1128 1127/1127/1127
f 1220/1220/1220 1215/1215/1215 1217/1217/1217
f 1215/1215/1215 1220/1220/1220 1218/1218/1218
f 1219/1219/1219 1127/1127/1127 1221/1221/1221
f 1127/1127/1127 1116/1116/1116 1221/1221/1221
f 1221/1221/1221 1116/1116/1116 1222/1222/1222
f 1223/1223/1223 1217/1217/1217 1219/1219/1219
f 1223/1223/1223 1220/1220/1220 1217/1217/1217
f 1221/1221/1221 1223/1223/1223 1219/1219/1219
f 1218/1218/1218 1220/1220/1220 1224/1224/1224
f 1220/1220/1220 1223/1223/1223 1224/1224/1224
f 1221/1221/1221 1225/1225/1225 1223/1223/1223
f 1225/1225/1225 1221/1221/1221 1222/1222/1222
f 1223/1223/1223 1225/1225/1225 1226/1226/1226
f 1223/1223/1223 1226/1226/1226 1224/1224/1224
f 1226/1226/1226 1225/1225/1225 1227/1227/1227
f 1225/1225/1225 1222/1222/1222 1227/1227/1227
f 1227/1227/1227 1224/1224/1224 1226/1226/1226
f 1227/1227/1227 1222/1222/1222 1224/1224/1224
f 1228/1228/1228 1218/1218/1218 1224/1224/1224
f 1224/1224/1224 1222/1222/1222 1228/1228/1228
f 1218/1218/1218 1228/1228/1228 1229/1229/1229
f 1213/1213/1213 1218/1218/1218 1229/1229/1229
f 1229/1229/1229 1230/1230/1230 1213/1213/1213
f 1229/1229/1229 1228/1228/1228 1230/1230/1230
f 1230/1230/1230 1209/1209/1209 1213/1213/1213
f 1228/1228/1228 1231/1231/1231 1230/1230/1230
f 1230/1230/1230 1231/1231/1231 1209/1209/1209
f 1222/1222/1222 1231/1231/1231 1228/1228/1228
f 1231/1231/1231 1205/1205/1205 1209/1209/1209
f 1205/1205/1205 1231/1231/1231 1222/1222/1222
f 1116/1116/1116 1205/1205/1205 1222/1222/1222
f 1205/1205/1205 1116/1116/1116 1232/1232/1232
f 1232/1232/1232 1116/1116/1116 1233/1233/1233
f 1234/1234/1234 1232/1232/1232 1233/1233/1233
f 1235/1235/1235 1205/1205/1205 1232/1232/1232
f 1236/1236/1236 1205/1205/1205 1235/1235/1235
f 1236/1236/1236 1235/1235/1235 1237/1237/1237
f 1238/1238/1238 1236/1236/1236 1237/1237/1237
f 1239/1239/1239 1238/1238/1238 1237/1237/1237
f 1235/1235/1235 1240/1240/1240 1237/1237/1237
f 1240/1240/1240 1235/1235/1235 1232/1232/1232
f 1241/1241/1241 1239/1239/1239 1237/1237/1237
f 1240/1240/1240 1241/1241/1241 1237/1237/1237
f 1242/1242/1242 1239/1239/1239 1241/1241/1241
f 1234/1234/1234 1243/1243/1243 1232/1232/1232
f 1244/1244/1244 1243/1243/1243 1234/1234/1234
f 1244/1244/1244 1245/1245/1245 1243/1243/1243
f 1232/1232/1232 1243/1243/1243 1246/1246/1246
f 1232/1232/1232 1246/1246/1246 1240/1240/1240
f 1243/1243/1243 1245/1245/1245 1247/1247/1247
f 1243/1243/1243 1247/1247/1247 1246/1246/1246
f 1247/1247/1247 1245/1245/1245 1248/1248/1248
f 1246/1246/1246 1249/1249/1249 1240/1240/1240
f 1246/1246/1246 1247/1247/1247 1249/1249/1249
f 1250/1250/1250 1240/1240/1240 1249/1249/1249
f 1250/1250/1250 1241/1241/1241 1240/1240/1240
f 1249/1249/1249 1247/1247/1247 1251/1251/1251
f 1252/1252/1252 1241/1241/1241 1250/1250/1250
f 1253/1253/1253 1242/1242/1242 1241/1241/1241
f 1241/1241/1241 1252/1252/1252 1253/1253/1253
f 1253/1253/1253 1254/1254/1254 1242/1242/1242
f 1255/1255/1255 1247/1247/1247 1248/1248/1248
f 1251/1251/1251 1247/1247/1247 1255/1255/1255
f 1256/1256/1256 1251/1251/1251 1255/1255/1255
f 1248/1248/1248 1257/1257/1257 1255/1255/1255
f 1258/1258/1258 1251/1251/1251 1256/1256/1256
f 1255/1255/1255 1257/1257/1257 1259/1259/1259
f 1259/1259/1259 1256/1256/1256 1255/1255/1255
f 1259/1259/1259 1260/1260/1260 1256/1256/1256
f 1259/1259/1259 1257/1257/1257 1261/1261/1261
f 1260/1260/1260 1259/1259/1259 1261/1261/1261
f 1262/1262/1262 1260/1260/1260 1261/1261/1261
f 1263/1263/1263 1260/1260/1260 1262/1262/1262
f 1264/1264/1264 1254/1254/1254 1253/1253/1253
f 1265/1265/1265 1254/1254/1254 1264/1264/1264
f 1264/1264/1264 1253/1253/1253 1266/1266/1266
f 1266/1266/1266 1253/1253/1253 1252/1252/1252
f 1265/1265/1265 1264/1264/1264 1267/1267/1267
f 1264/1264/1264 1266/1266/1266 1267/1267/1267
f 1268/1268/1268 1265/1265/1265 1267/1267/1267
f 1267/1267/1267 1269/1269/1269 1268/1268/1268
f 1266/1266/1266 1252/1252/1252 1270/1270/1270
f 1271/1271/1271 1270/1270/1270 1252/1252/1252
f 1266/1266/1266 1272/1272/1272 1267/1267/1267
f 1273/1273/1273 1269/1269/1269 1267/1267/1267
f 1273/1273/1273 1267/1267/1267 1272/1272/1272
f 1274/1274/1274 1266/1266/1266 1270/1270/1270
f 1266/1266/1266 1274/1274/1274 1272/1272/1272
f 1270/1270/1270 1271/1271/1271 1275/1275/1275
f 1274/1274/1274 1270/1270/1270 1276/1276/1276
f 1270/1270/1270 1275/1275/1275 1276/1276/1276
f 1275/1275/1275 1271/1271/1271 1277/1277/1277
f 1275/1275/1275 1278/1278/1278 1276/1276/1276
f 1275/1275/1275 1277/1277/1277 1278/1278/1278
f 1279/1279/1279 1276/1276/1276 1278/1278/1278
f 1277/1277/1277 1280/1280/1280 1278/1278/1278
f 1276/1276/1276 1279/1279/1279 1281/1281/1281
f 1274/1274/1274 1276/1276/1276 1281/1281/1281
f 1279/1279/1279 1282/1282/1282 1281/1281/1281
f 1282/1282/1282 1283/1283/1283 1281/1281/1281
f 1284/1284/1284 1274/1274/1274 1281/1281/1281
f 1274/1274/1274 1284/1284/1284 1272/1272/1272
f 1284/1284/1284 1281/1281/1281 1285/1285/1285
f 1281/1281/1281 1283/1283/1283 1285/1285/1285
f 1286/1286/1286 1272/1272/1272 1284/1284/1284
f 1286/1286/1286 1284/1284/1284 1285/1285/1285
f 1287/1287/1287 1277/1277/1277 1271/1271/1271
f 1271/1271/1271 1288/1288/1288 1287/1287/1287
f 1289/1289/1289 1287/1287/1287 1288/1288/1288
f 1280/1280/1280 1277/1277/1277 1290/1290/1290
f 1291/1291/1291 1280/1280/1280 1290/1290/1290
f 1292/1292/1292 1277/1277/1277 1287/1287/1287
f 1290/1290/1290 1277/1277/1277 1292/1292/1292
f 1290/1290/1290 1160/1160/1160 1291/1291/1291
f 1292/1292/1292 1160/1160/1160 1290/1290/1290
f 1160/1160/1160 1293/1293/1293 1291/1291/1291
f 1160/1160/1160 1190/1190/1190 1293/1293/1293
f 1292/1292/1292 1287/1287/1287 1170/1170/1170
f 1160/1160/1160 1292/1292/1292 1170/1170/1170
f 1170/1170/1170 1287/1287/1287 1289/1289/1289
f 1170/1170/1170 1289/1289/1289 1161/1161/1161
f 1156/1156/1156 1190/1190/1190 1160/1160/1160
f 1289/1289/1289 1258/1258/1258 1161/1161/1161
f 1294/1294/1294 1161/1161/1161 1258/1258/1258
f 1161/1161/1161 1294/1294/1294 1162/1162/1162
f 1294/1294/1294 1295/1295/1295 1162/1162/1162
f 1294/1294/1294 1258/1258/1258 1296/1296/1296
f 1296/1296/1296 1258/1258/1258 1256/1256/1256
f 1295/1295/1295 1294/1294/1294 1297/1297/1297
f 1297/1297/1297 1294/1294/1294 1296/1296/1296
f 1298/1298/1298 1295/1295/1295 1297/1297/1297
f 1299/1299/1299 1298/1298/1298 1297/1297/1297
f 1300/1300/1300 1299/1299/1299 1297/1297/1297
f 1300/1300/1300 1297/1297/1297 1296/1296/1296
f 1300/1300/1300 1301/1301/1301 1299/1299/1299
f 1302/1302/1302 1296/1296/1296 1256/1256/1256
f 1302/1302/1302 1300/1300/1300 1296/1296/1296
f 1303/1303/1303 1190/1190/1190 1156/1156/1156
f 1303/1303/1303 1188/1188/1188 1190/1190/1190
f 1304/1304/1304 1303/1303/1303 1156/1156/1156
f 1188/1188/1188 1303/1303/1303 1304/1304/1304
f 1304/1304/1304 1156/1156/1156 1305/1305/1305
f 1305/1305/1305 1188/1188/1188 1304/1304/1304
f 1158/1158/1158 1305/1305/1305 1156/1156/1156
f 1188/1188/1188 1305/1305/1305 1189/1189/1189
f 1306/1306/1306 1305/1305/1305 1158/1158/1158
f 1189/1189/1189 1305/1305/1305 1306/1306/1306
f 1306/1306/1306 1158/1158/1158 1307/1307/1307
f 1307/1307/1307 1189/1189/1189 1306/1306/1306
f 1158/1158/1158 1172/1172/1172 1307/1307/1307
f 1189/1189/1189 1307/1307/1307 1172/1172/1172
f 1308/1308/1308 1302/1302/1302 1256/1256/1256
f 1260/1260/1260 1308/1308/1308 1256/1256/1256
f 1300/1300/1300 1302/1302/1302 1309/1309/1309
f 1310/1310/1310 1300/1300/1300 1309/1309/1309
f 1310/1310/1310 1301/1301/1301 1300/1300/1300
f 1310/1310/1310 1311/1311/1311 1301/1301/1301
f 1312/1312/1312 1309/1309/1309 1302/1302/1302
f 1302/1302/1302 1308/1308/1308 1312/1312/1312
f 1309/1309/1309 1312/1312/1312 1310/1310/1310
f 1301/1301/1301 1311/1311/1311 1313/1313/1313
f 1301/1301/1301 1313/1313/1313 1314/1314/1314
f 1315/1315/1315 1314/1314/1314 1313/1313/1313
f 1316/1316/1316 1315/1315/1315 1313/1313/1313
f 1317/1317/1317 1315/1315/1315 1316/1316/1316
f 1318/1318/1318 1313/1313/1313 1311/1311/1311
f 1316/1316/1316 1313/1313/1313 1318/1318/1318
f 1318/1318/1318 1311/1311/1311 1319/1319/1319
f 1308/1308/1308 1260/1260/1260 1320/1320/1320
f 1320/1320/1320 1260/1260/1260 1321/1321/1321
f 1260/1260/1260 1263/1263/1263 1321/1321/1321
f 1322/1322/1322 1308/1308/1308 1320/1320/1320
f 1321/1321/1321 1322/1322/1322 1320/1320/1320
f 1308/1308/1308 1322/1322/1322 1312/1312/1312
f 1323/1323/1323 1312/1312/1312 1322/1322/1322
f 1323/1323/1323 1322/1322/1322 1324/1324/1324
f 1324/1324/1324 1322/1322/1322 1321/1321/1321
f 1325/1325/1325 1312/1312/1312 1323/1323/1323
f 1324/1324/1324 1325/1325/1325 1323/1323/1323
f 1312/1312/1312 1325/1325/1325 1310/1310/1310
f 1325/1325/1325 1326/1326/1326 1310/1310/1310
f 1325/1325/1325 1324/1324/1324 1326/1326/1326
f 1326/1326/1326 1311/1311/1311 1310/1310/1310
f 1326/1326/1326 1327/1327/1327 1311/1311/1311
f 1324/1324/1324 1328/1328/1328 1326/1326/1326
f 1328/1328/1328 1324/1324/1324 1321/1321/1321
f 1326/1326/1326 1328/1328/1328 1327/1327/1327
f 1263/1263/1263 1329/1329/1329 1321/1321/1321
f 1329/1329/1329 1328/1328/1328 1321/1321/1321
f 1327/1327/1327 1330/1330/1330 1311/1311/1311
f 1330/1330/1330 1319/1319/1319 1311/1311/1311
f 1330/1330/1330 1327/1327/1327 1319/1319/1319
f 1331/1331/1331 1329/1329/1329 1263/1263/1263
f 1332/1332/1332 1331/1331/1331 1263/1263/1263
f 1332/1332/1332 1317/1317/1317 1331/1331/1331
f 1328/1328/1328 1329/1329/1329 1333/1333/1333
f 1328/1328/1328 1333/1333/1333 1327/1327/1327
f 1334/1334/1334 1331/1331/1331 1317/1317/1317
f 1334/1334/1334 1317/1317/1317 1316/1316/1316
f 1335/1335/1335 1329/1329/1329 1331/1331/1331
f 1329/1329/1329 1335/1335/1335 1333/1333/1333
f 1334/1334/1334 1335/1335/1335 1331/1331/1331
f 1316/1316/1316 1336/1336/1336 1334/1334/1334
f 1334/1334/1334 1337/1337/1337 1335/1335/1335
f 1336/1336/1336 1337/1337/1337 1334/1334/1334
f 1333/1333/1333 1335/1335/1335 1338/1338/1338
f 1338/1338/1338 1335/1335/1335 1337/1337/1337
f 1339/1339/1339 1336/1336/1336 1316/1316/1316
f 1339/1339/1339 1316/1316/1316 1318/1318/1318
f 1340/1340/1340 1336/1336/1336 1339/1339/1339
f 1339/1339/1339 1318/1318/1318 1340/1340/1340
f 1337/1337/1337 1336/1336/1336 1341/1341/1341
f 1341/1341/1341 1336/1336/1336 1340/1340/1340
f 1318/1318/1318 1342/1342/1342 1340/1340/1340
f 1318/1318/1318 1319/1319/1319 1342/1342/1342
f 1341/1341/1341 1340/1340/1340 1343/1343/1343
f 1340/1340/1340 1342/1342/1342 1344/1344/1344
f 1341/1341/1341 1343/1343/1343 1345/1345/1345
f 1345/1345/1345 1343/1343/1343 1346/1346/1346
f 1347/1347/1347 1345/1345/1345 1346/1346/1346
f 1347/1347/1347 1346/1346/1346 1348/1348/1348
f 1347/1347/1347 1348/1348/1348 1349/1349/1349
f 1337/1337/1337 1341/1341/1341 1350/1350/1350
f 1351/1351/1351 1350/1350/1350 1341/1341/1341
f 1337/1337/1337 1350/1350/1350 1338/1338/1338
f 1342/1342/1342 1352/1352/1352 1344/1344/1344
f 1352/1352/1352 1353/1353/1353 1344/1344/1344
f 1342/1342/1342 1354/1354/1354 1352/1352/1352
f 1352/1352/1352 1354/1354/1354 1353/1353/1353
f 1354/1354/1354 1348/1348/1348 1353/1353/1353
f 1319/1319/1319 1354/1354/1354 1342/1342/1342
f 1354/1354/1354 1319/1319/1319 1348/1348/1348
f 1355/1355/1355 1350/1350/1350 1351/1351/1351
f 1355/1355/1355 1351/1351/1351 1356/1356/1356
f 1355/1355/1355 1357/1357/1357 1350/1350/1350
f 1355/1355/1355 1356/1356/1356 1357/1357/1357
f 1350/1350/1350 1357/1357/1357 1338/1338/1338
f 1356/1356/1356 1349/1349/1349 1357/1357/1357
f 1357/1357/1357 1349/1349/1349 1338/1338/1338
f 1333/1333/1333 1338/1338/1338 1349/1349/1349
f 1358/1358/1358 1333/1333/1333 1349/1349/1349
f 1349/1349/1349 1348/1348/1348 1358/1358/1358
f 1333/1333/1333 1358/1358/1358 1327/1327/1327
f 1327/1327/1327 1359/1359/1359 1319/1319/1319
f 1348/1348/1348 1319/1319/1319 1359/1359/1359
f 1358/1358/1358 1359/1359/1359 1327/1327/1327
f 1348/1348/1348 1359/1359/1359 1358/1358/1358
f 1362/1362/1362 1361/1361/1361 1360/1360/1360
f 1362/1362/1362 1360/1360/1360 1363/1363/1363
f 1364/1364/1364 1362/1362/1362 1363/1363/1363
f 1363/1363/1363 1365/1365/1365 1364/1364/1364
f 1368/1368/1368 1367/1367/1367 1366/1366/1366
f 1369/1369/1369 1366/1366/1366 1367/1367/1367
f 1370/1370/1370 1366/1366/1366 1369/1369/1369
f 1366/1366/1366 1370/1370/1370 1371/1371/1371
f 1371/1371/1371 1370/1370/1370 1372/1372/1372
f 1373/1373/1373 1372/1372/1372 1370/1370/1370
f 1376/1376/1376 1375/1375/1375 1374/1374/1374
f 1374/1374/1374 1375/1375/1375 1377/1377/1377
f 1375/1375/1375 1378/1378/1378 1377/1377/1377
f 1381/1381/1381 1380/1380/1380 1379/1379/1379
f 1381/1381/1381 1379/1379/1379 1382/1382/1382
f 1381/1381/1381 1382/1382/1382 1383/1383/1383
f 1386/1386/1386 1385/1385/1385 1384/1384/1384
f 1387/1387/1387 1386/1386/1386 1384/1384/1384
f 1387/1387/1387 1388/1388/1388 1386/1386/1386
f 1389/1389/1389 1388/1388/1388 1387/1387/1387
f 1389/1389/1389 1390/1390/1390 1388/1388/1388
f 1389/1389/1389 1391/1391/1391 1390/1390/1390
f 1391/1391/1391 1392/1392/1392 1390/1390/1390
f 1389/1389/1389 1387/1387/1387 1393/1393/1393
f 1394/1394/1394 1389/1389/1389 1393/1393/1393
f 1394/1394/1394 1393/1393/1393 1395/1395/1395
f 1396/1396/1396 1394/1394/1394 1395/1395/1395
f 1397/1397/1397 1393/1393/1393 1387/1387/1387
f 1397/1397/1397 1387/1387/1387 1398/1398/1398
f 1397/1397/1397 1398/1398/1398 1399/1399/1399
f 1402/1402/1402 1401/1401/1401 1400/1400/1400
f 1403/1403/1403 1401/1401/1401 1402/1402/1402
f 1403/1403/1403 1404/1404/1404 1401/1401/1401
f 1405/1405/1405 1404/1404/1404 1403/1403/1403
f 1408/1408/1408 1407/1407/1407 1406/1406/1406
f 1406/1406/1406 1407/1407/1407 1409/1409/1409
f 1407/1407/1407 1410/1410/1410 1409/1409/1409
f 1409/1409/1409 1410/1410/1410 1411/1411/1411
f 1414/1414/1414 1413/1413/1413 1412/1412/1412
f 1414/1414/1414 1415/1415/1415 1413/1413/1413
f 1414/1414/1414 1416/1416/1416 1415/1415/1415
f 1416/1416/1416 1417/1417/1417 1415/1415/1415
f 1419/1419/1419 1418/1418/1418 1088/1088/1088
f 1418/1418/1418 1420/1420/1420 1088/1088/1088
f 1420/1420/1420 1421/1421/1421 1088/1088/1088
f 1424/1424/1424 1423/1423/1423 1422/1422/1422
f 1423/1423/1423 1425/1425/1425 1422/1422/1422
f 1425/1425/1425 1426/1426/1426 1422/1422/1422
f 1425/1425/1425 1427/1427/1427 1426/1426/1426
f 1430/1430/1430 1429/1429/1429 1428/1428/1428
f 1430/1430/1430 1431/1431/1431 1429/1429/1429
f 1430/1430/1430 1432/1432/1432 1431/1431/1431
f 1432/1432/1432 1433/1433/1433 1431/1431/1431
f 1433/1433/1433 1429/1429/1429 1431/1431/1431
f 1433/1433/1433 1434/1434/1434 1429/1429/1429
f 1433/1433/1433 1435/1435/1435 1434/1434/1434
f 1438/1438/1438 1437/1437/1437 1436/1436/1436
f 1439/1439/1439 1437/1437/1437 1438/1438/1438
f 1439/1439/1439 1440/1440/1440 1437/1437/1437
f 1443/1443/1443 1442/1442/1442 1441/1441/1441
f 1444/1444/1444 1443/1443/1443 1441/1441/1441
f 1444/1444/1444 1441/1441/1441 1445/1445/1445
f 1446/1446/1446 1444/1444/1444 1445/1445/1445
f 1286/1286/1286 1447/1447/1447 1272/1272/1272
f 1447/1447/1447 1273/1273/1273 1272/1272/1272
f 1286/1286/1286 1448/1448/1448 1447/1447/1447
f 1448/1448/1448 1449/1449/1449 1447/1447/1447
f 1449/1449/1449 1273/1273/1273 1447/1447/1447
f 1450/1450/1450 1448/1448/1448 1286/1286/1286
f 1449/1449/1449 1448/1448/1448 1450/1450/1450
f 1450/1450/1450 1286/1286/1286 1451/1451/1451
f 1451/1451/1451 1449/1449/1449 1450/1450/1450
f 1452/1452/1452 1449/1449/1449 1451/1451/1451
f 1286/1286/1286 1285/1285/1285 1451/1451/1451
f 1451/1451/1451 1285/1285/1285 1452/1452/1452
f 1449/1449/1449 1453/1453/1453 1273/1273/1273
f 1452/1452/1452 1453/1453/1453 1449/1449/1449
f 1285/1285/1285 1454/1454/1454 1452/1452/1452
f 1283/1283/1283 1454/1454/1454 1285/1285/1285
f 1453/1453/1453 1455/1455/1455 1273/1273/1273
f 1273/1273/1273 1455/1455/1455 1269/1269/1269
f 1456/1456/1456 1454/1454/1454 1283/1283/1283
f 1457/1457/1457 1456/1456/1456 1283/1283/1283
f 1457/1457/1457 1458/1458/1458 1456/1456/1456
f 1269/1269/1269 1455/1455/1455 1459/1459/1459
f 1269/1269/1269 1459/1459/1459 1460/1460/1460
f 1461/1461/1461 1460/1460/1460 1459/1459/1459
f 1458/1458/1458 1461/1461/1461 1462/1462/1462
f 1462/1462/1462 1461/1461/1461 1459/1459/1459
f 1458/1458/1458 1463/1463/1463 1456/1456/1456
f 1458/1458/1458 1462/1462/1462 1463/1463/1463
f 1454/1454/1454 1456/1456/1456 1464/1464/1464
f 1456/1456/1456 1463/1463/1463 1464/1464/1464
f 1459/1459/1459 1455/1455/1455 1465/1465/1465
f 1462/1462/1462 1459/1459/1459 1465/1465/1465
f 1453/1453/1453 1466/1466/1466 1455/1455/1455
f 1465/1465/1465 1455/1455/1455 1466/1466/1466
f 1464/1464/1464 1467/1467/1467 1454/1454/1454
f 1467/1467/1467 1452/1452/1452 1454/1454/1454
f 1465/1465/1465 1468/1468/1468 1462/1462/1462
f 1466/1466/1466 1469/1469/1469 1465/1465/1465
f 1465/1465/1465 1469/1469/1469 1468/1468/1468
f 1470/1470/1470 1466/1466/1466 1453/1453/1453
f 1469/1469/1469 1466/1466/1466 1470/1470/1470
f 1452/1452/1452 1471/1471/1471 1453/1453/1453
f 1470/1470/1470 1453/1453/1453 1471/1471/1471
f 1467/1467/1467 1472/1472/1472 1452/1452/1452
f 1452/1452/1452 1472/1472/1472 1471/1471/1471
f 1471/1471/1471 1473/1473/1473 1470/1470/1470
f 1469/1469/1469 1470/1470/1470 1473/1473/1473
f 1472/1472/1472 1473/1473/1473 1471/1471/1471
f 1467/1467/1467 1474/1474/1474 1472/1472/1472
f 1474/1474/1474 1467/1467/1467 1464/1464/1464
f 1468/1468/1468 1475/1475/1475 1462/1462/1462
f 1463/1463/1463 1462/1462/1462 1475/1475/1475
f 1476/1476/1476 1473/1473/1473 1472/1472/1472
f 1476/1476/1476 1472/1472/1472 1474/1474/1474
f 1469/1469/1469 1473/1473/1473 1477/1477/1477
f 1477/1477/1477 1478/1478/1478 1469/1469/1469
f 1469/1469/1469 1478/1478/1478 1468/1468/1468
f 1473/1473/1473 1479/1479/1479 1477/1477/1477
f 1477/1477/1477 1479/1479/1479 1478/1478/1478
f 1473/1473/1473 1476/1476/1476 1480/1480/1480
f 1476/1476/1476 1481/1481/1481 1480/1480/1480
f 1480/1480/1480 1481/1481/1481 1482/1482/1482
f 1483/1483/1483 1480/1480/1480 1482/1482/1482
f 1483/1483/1483 1482/1482/1482 1484/1484/1484
f 1482/1482/1482 1485/1485/1485 1484/1484/1484
f 1486/1486/1486 1476/1476/1476 1474/1474/1474
f 1476/1476/1476 1486/1486/1486 1487/1487/1487
f 1488/1488/1488 1478/1478/1478 1479/1479/1479
f 1479/1479/1479 1489/1489/1489 1488/1488/1488
f 1490/1490/1490 1478/1478/1478 1488/1488/1488
f 1490/1490/1490 1488/1488/1488 1489/1489/1489
f 1484/1484/1484 1490/1490/1490 1489/1489/1489
f 1468/1468/1468 1478/1478/1478 1490/1490/1490
f 1490/1490/1490 1484/1484/1484 1468/1468/1468
f 1484/1484/1484 1475/1475/1475 1468/1468/1468
f 1484/1484/1484 1485/1485/1485 1475/1475/1475
f 1474/1474/1474 1491/1491/1491 1486/1486/1486
f 1474/1474/1474 1464/1464/1464 1491/1491/1491
f 1487/1487/1487 1486/1486/1486 1492/1492/1492
f 1491/1491/1491 1492/1492/1492 1486/1486/1486
f 1491/1491/1491 1464/1464/1464 1493/1493/1493
f 1493/1493/1493 1464/1464/1464 1463/1463/1463
f 1475/1475/1475 1494/1494/1494 1463/1463/1463
f 1485/1485/1485 1494/1494/1494 1475/1475/1475
f 1494/1494/1494 1493/1493/1493 1463/1463/1463
f 1493/1493/1493 1494/1494/1494 1485/1485/1485
f 1491/1491/1491 1493/1493/1493 1495/1495/1495
f 1495/1495/1495 1493/1493/1493 1485/1485/1485
f 1492/1492/1492 1491/1491/1491 1495/1495/1495
f 1496/1496/1496 1495/1495/1495 1485/1485/1485
f 1497/1497/1497 1496/1496/1496 1487/1487/1487
f 1487/1487/1487 1492/1492/1492 1497/1497/1497
f 1497/1497/1497 1495/1495/1495 1496/1496/1496
f 1492/1492/1492 1495/1495/1495 1497/1497/1497
f 1498/1498/1498 738/738/738 894/894/894
f 738/738/738 1498/1498/1498 740/740/740
f 1499/1499/1499 1498/1498/1498 894/894/894
f 894/894/894 1500/1500/1500 1499/1499/1499
f 1500/1500/1500 894/894/894 869/869/869
f 869/869/869 867/867/867 1500/1500/1500
f 1501/1501/1501 1500/1500/1500 867/867/867
f 1499/1499/1499 1500/1500/1500 1501/1501/1501
f 867/867/867 1502/1502/1502 1501/1501/1501
f 841/841/841 1502/1502/1502 867/867/867
f 841/841/841 1503/1503/1503 1502/1502/1502
f 834/834/834 1503/1503/1503 841/841/841
f 1498/1498/1498 1499/1499/1499 1504/1504/1504
f 1499/1499/1499 1501/1501/1501 1505/1505/1505
f 1499/1499/1499 1505/1505/1505 1504/1504/1504
f 1501/1501/1501 1502/1502/1502 1506/1506/1506
f 1501/1501/1501 1506/1506/1506 1505/1505/1505
f 1503/1503/1503 1507/1507/1507 1502/1502/1502
f 1507/1507/1507 1506/1506/1506 1502/1502/1502
f 1503/1503/1503 834/834/834 1508/1508/1508
f 1503/1503/1503 1508/1508/1508 1507/1507/1507
f 1509/1509/1509 1498/1498/1498 1504/1504/1504
f 1498/1498/1498 1509/1509/1509 740/740/740
f 834/834/834 1510/1510/1510 1508/1508/1508
f 1510/1510/1510 834/834/834 833/833/833
f 826/826/826 740/740/740 1509/1509/1509
f 1509/1509/1509 825/825/825 826/826/826
f 825/825/825 1509/1509/1509 1504/1504/1504
f 826/826/826 829/829/829 740/740/740
f 1511/1511/1511 740/740/740 829/829/829
f 825/825/825 1504/1504/1504 1512/1512/1512
f 825/825/825 1512/1512/1512 832/832/832
f 1504/1504/1504 1505/1505/1505 1512/1512/1512
f 829/829/829 1513/1513/1513 1511/1511/1511
f 1513/1513/1513 1514/1514/1514 1511/1511/1511
f 1513/1513/1513 829/829/829 779/779/779
f 1512/1512/1512 1505/1505/1505 1515/1515/1515
f 1512/1512/1512 1515/1515/1515 832/832/832
f 1514/1514/1514 1513/1513/1513 1516/1516/1516
f 1517/1517/1517 1514/1514/1514 1516/1516/1516
f 1518/1518/1518 1517/1517/1517 1516/1516/1516
f 1513/1513/1513 779/779/779 1519/1519/1519
f 1516/1516/1516 1513/1513/1513 1519/1519/1519
f 1519/1519/1519 779/779/779 772/772/772
f 1520/1520/1520 1518/1518/1518 1516/1516/1516
f 1520/1520/1520 1516/1516/1516 1519/1519/1519
f 1520/1520/1520 1521/1521/1521 1518/1518/1518
f 1522/1522/1522 1519/1519/1519 772/772/772
f 1522/1522/1522 1520/1520/1520 1519/1519/1519
f 1515/1515/1515 1505/1505/1505 1523/1523/1523
f 1523/1523/1523 1505/1505/1505 1506/1506/1506
f 1524/1524/1524 1522/1522/1522 772/772/772
f 773/773/773 1524/1524/1524 772/772/772
f 1506/1506/1506 1525/1525/1525 1523/1523/1523
f 1525/1525/1525 1506/1506/1506 1507/1507/1507
f 1526/1526/1526 1525/1525/1525 1507/1507/1507
f 1508/1508/1508 1526/1526/1526 1507/1507/1507
f 1508/1508/1508 1527/1527/1527 1526/1526/1526
f 1510/1510/1510 1527/1527/1527 1508/1508/1508
f 1526/1526/1526 1528/1528/1528 1525/1525/1525
f 1526/1526/1526 1527/1527/1527 1528/1528/1528
f 1529/1529/1529 1527/1527/1527 1510/1510/1510
f 833/833/833 1529/1529/1529 1510/1510/1510
f 1528/1528/1528 1527/1527/1527 1530/1530/1530
f 1527/1527/1527 1529/1529/1529 1530/1530/1530
f 1528/1528/1528 1531/1531/1531 1525/1525/1525
f 1528/1528/1528 1530/1530/1530 1531/1531/1531
f 1532/1532/1532 1523/1523/1523 1525/1525/1525
f 1531/1531/1531 1532/1532/1532 1525/1525/1525
f 1533/1533/1533 1529/1529/1529 833/833/833
f 1530/1530/1530 1529/1529/1529 1533/1533/1533
f 1534/1534/1534 1523/1523/1523 1532/1532/1532
f 1523/1523/1523 1534/1534/1534 1515/1515/1515
f 1532/1532/1532 1535/1535/1535 1534/1534/1534
f 1535/1535/1535 1515/1515/1515 1534/1534/1534
f 1535/1535/1535 1532/1532/1532 1531/1531/1531
f 1515/1515/1515 1535/1535/1535 832/832/832
f 1536/1536/1536 1533/1533/1533 833/833/833
f 1536/1536/1536 833/833/833 828/828/828
f 1537/1537/1537 1533/1533/1533 1536/1536/1536
f 1537/1537/1537 1530/1530/1530 1533/1533/1533
f 828/828/828 1537/1537/1537 1536/1536/1536
f 1530/1530/1530 1538/1538/1538 1531/1531/1531
f 1531/1531/1531 1538/1538/1538 1535/1535/1535
f 1530/1530/1530 1537/1537/1537 1538/1538/1538
f 1537/1537/1537 828/828/828 1539/1539/1539
f 1537/1537/1537 1539/1539/1539 1538/1538/1538
f 828/828/828 831/831/831 1539/1539/1539
f 1538/1538/1538 1540/1540/1540 1535/1535/1535
f 1535/1535/1535 1540/1540/1540 832/832/832
f 1538/1538/1538 1539/1539/1539 1540/1540/1540
f 1539/1539/1539 831/831/831 1541/1541/1541
f 1541/1541/1541 831/831/831 832/832/832
f 1539/1539/1539 1542/1542/1542 1540/1540/1540
f 832/832/832 1540/1540/1540 1542/1542/1542
f 1541/1541/1541 832/832/832 1542/1542/1542
f 1542/1542/1542 1539/1539/1539 1541/1541/1541
f 814/814/814 1543/1543/1543 800/800/800
f 1543/1543/1543 801/801/801 800/800/800
f 814/814/814 1544/1544/1544 1543/1543/1543
f 1544/1544/1544 1545/1545/1545 1543/1543/1543
f 1545/1545/1545 801/801/801 1543/1543/1543
f 1546/1546/1546 1544/1544/1544 814/814/814
f 1545/1545/1545 1544/1544/1544 1546/1546/1546
f 1546/1546/1546 814/814/814 1547/1547/1547
f 1547/1547/1547 1545/1545/1545 1546/1546/1546
f 1548/1548/1548 1545/1545/1545 1547/1547/1547
f 814/814/814 813/813/813 1547/1547/1547
f 1547/1547/1547 813/813/813 1548/1548/1548
f 1545/1545/1545 1549/1549/1549 801/801/801
f 1548/1548/1548 1549/1549/1549 1545/1545/1545
f 813/813/813 1550/1550/1550 1548/1548/1548
f 811/811/811 1550/1550/1550 813/813/813
f 1549/1549/1549 1551/1551/1551 801/801/801
f 801/801/801 1551/1551/1551 797/797/797
f 1552/1552/1552 1550/1550/1550 811/811/811
f 1553/1553/1553 1552/1552/1552 811/811/811
f 1553/1553/1553 1554/1554/1554 1552/1552/1552
f 797/797/797 1551/1551/1551 1555/1555/1555
f 797/797/797 1555/1555/1555 1556/1556/1556
f 1557/1557/1557 1556/1556/1556 1555/1555/1555
f 1554/1554/1554 1557/1557/1557 1558/1558/1558
f 1558/1558/1558 1557/1557/1557 1555/1555/1555
f 1554/1554/1554 1559/1559/1559 1552/1552/1552
f 1554/1554/1554 1558/1558/1558 1559/1559/1559
f 1550/1550/1550 1552/1552/1552 1560/1560/1560
f 1552/1552/1552 1559/1559/1559 1560/1560/1560
f 1555/1555/1555 1551/1551/1551 1561/1561/1561
f 1558/1558/1558 1555/1555/1555 1561/1561/1561
f 1549/1549/1549 1562/1562/1562 1551/1551/1551
f 1561/1561/1561 1551/1551/1551 1562/1562/1562
f 1560/1560/1560 1563/1563/1563 1550/1550/1550
f 1563/1563/1563 1548/1548/1548 1550/1550/1550
f 1561/1561/1561 1564/1564/1564 1558/1558/1558
f 1562/1562/1562 1565/1565/1565 1561/1561/1561
f 1561/1561/1561 1565/1565/1565 1564/1564/1564
f 1566/1566/1566 1562/1562/1562 1549/1549/1549
f 1565/1565/1565 1562/1562/1562 1566/1566/1566
f 1548/1548/1548 1567/1567/1567 1549/1549/1549
f 1566/1566/1566 1549/1549/1549 1567/1567/1567
f 1563/1563/1563 1568/1568/1568 1548/1548/1548
f 1548/1548/1548 1568/1568/1568 1567/1567/1567
f 1567/1567/1567 1569/1569/1569 1566/1566/1566
f 1565/1565/1565 1566/1566/1566 1569/1569/1569
f 1568/1568/1568 1569/1569/1569 1567/1567/1567
f 1563/1563/1563 1570/1570/1570 1568/1568/1568
f 1570/1570/1570 1563/1563/1563 1560/1560/1560
f 1564/1564/1564 1571/1571/1571 1558/1558/1558
f 1559/1559/1559 1558/1558/1558 1571/1571/1571
f 1572/1572/1572 1569/1569/1569 1568/1568/1568
f 1572/1572/1572 1568/1568/1568 1570/1570/1570
f 1565/1565/1565 1569/1569/1569 1573/1573/1573
f 1573/1573/1573 1574/1574/1574 1565/1565/1565
f 1565/1565/1565 1574/1574/1574 1564/1564/1564
f 1569/1569/1569 1575/1575/1575 1573/1573/1573
f 1573/1573/1573 1575/1575/1575 1574/1574/1574
f 1569/1569/1569 1572/1572/1572 1576/1576/1576
f 1572/1572/1572 1577/1577/1577 1576/1576/1576
f 1576/1576/1576 1577/1577/1577 1578/1578/1578
f 1579/1579/1579 1576/1576/1576 1578/1578/1578
f 1579/1579/1579 1578/1578/1578 1580/1580/1580
f 1578/1578/1578 1581/1581/1581 1580/1580/1580
f 1582/1582/1582 1572/1572/1572 1570/1570/1570
f 1572/1572/1572 1582/1582/1582 1583/1583/1583
f 1584/1584/1584 1574/1574/1574 1575/1575/1575
f 1575/1575/1575 1585/1585/1585 1584/1584/1584
f 1586/1586/1586 1574/1574/1574 1584/1584/1584
f 1586/1586/1586 1584/1584/1584 1585/1585/1585
f 1580/1580/1580 1586/1586/1586 1585/1585/1585
f 1564/1564/1564 1574/1574/1574 1586/1586/1586
f 1586/1586/1586 1580/1580/1580 1564/1564/1564
f 1580/1580/1580 1571/1571/1571 1564/1564/1564
f 1580/1580/1580 1581/1581/1581 1571/1571/1571
f 1570/1570/1570 1587/1587/1587 1582/1582/1582
f 1570/1570/1570 1560/1560/1560 1587/1587/1587
f 1583/1583/1583 1582/1582/1582 1588/1588/1588
f 1587/1587/1587 1588/1588/1588 1582/1582/1582
f 1587/1587/1587 1560/1560/1560 1589/1589/1589
f 1589/1589/1589 1560/1560/1560 1559/1559/1559
f 1571/1571/1571 1590/1590/1590 1559/1559/1559
f 1581/1581/1581 1590/1590/1590 1571/1571/1571
f 1590/1590/1590 1589/1589/1589 1559/1559/1559
f 1589/1589/1589 1590/1590/1590 1581/1581/1581
f 1587/1587/1587 1589/1589/1589 1591/1591/1591
f 1591/1591/1591 1589/1589/1589 1581/1581/1581
f 1588/1588/1588 1587/1587/1587 1591/1591/1591
f 1592/1592/1592 1591/1591/1591 1581/1581/1581
f 1593/1593/1593 1592/1592/1592 1583/1583/1583
f 1583/1583/1583 1588/1588/1588 1593/1593/1593
f 1593/1593/1593 1591/1591/1591 1592/1592/1592
f 1588/1588/1588 1591/1591/1591 1593/1593/1593
f 1594/1594/1594 563/563/563 549/549/549
f 550/550/550 1594/1594/1594 549/549/549
f 1595/1595/1595 563/563/563 1594/1594/1594
f 1596/1596/1596 1595/1595/1595 1594/1594/1594
f 550/550/550 1596/1596/1596 1594/1594/1594
f 1595/1595/1595 1597/1597/1597 563/563/563
f 1595/1595/1595 1596/1596/1596 1597/1597/1597
f 563/563/563 1597/1597/1597 1598/1598/1598
f 1596/1596/1596 1598/1598/1598 1597/1597/1597
f 1596/1596/1596 1599/1599/1599 1598/1598/1598
f 562/562/562 563/563/563 1598/1598/1598
f 562/562/562 1598/1598/1598 1599/1599/1599
f 1600/1600/1600 1596/1596/1596 550/550/550
f 1600/1600/1600 1599/1599/1599 1596/1596/1596
f 1601/1601/1601 562/562/562 1599/1599/1599
f 1601/1601/1601 560/560/560 562/562/562
f 1602/1602/1602 1600/1600/1600 550/550/550
f 1602/1602/1602 550/550/550 546/546/546
f 1601/1601/1601 1603/1603/1603 560/560/560
f 1603/1603/1603 1604/1604/1604 560/560/560
f 1605/1605/1605 1604/1604/1604 1603/1603/1603
f 1602/1602/1602 546/546/546 1606/1606/1606
f 1606/1606/1606 546/546/546 1607/1607/1607
f 1607/1607/1607 1608/1608/1608 1606/1606/1606
f 1608/1608/1608 1605/1605/1605 1609/1609/1609
f 1608/1608/1608 1609/1609/1609 1606/1606/1606
f 1610/1610/1610 1605/1605/1605 1603/1603/1603
f 1609/1609/1609 1605/1605/1605 1610/1610/1610
f 1603/1603/1603 1601/1601/1601 1611/1611/1611
f 1610/1610/1610 1603/1603/1603 1611/1611/1611
f 1602/1602/1602 1606/1606/1606 1612/1612/1612
f 1606/1606/1606 1609/1609/1609 1612/1612/1612
f 1613/1613/1613 1600/1600/1600 1602/1602/1602
f 1602/1602/1602 1612/1612/1612 1613/1613/1613
f 1614/1614/1614 1611/1611/1611 1601/1601/1601
f 1599/1599/1599 1614/1614/1614 1601/1601/1601
f 1615/1615/1615 1612/1612/1612 1609/1609/1609
f 1616/1616/1616 1613/1613/1613 1612/1612/1612
f 1616/1616/1616 1612/1612/1612 1615/1615/1615
f 1613/1613/1613 1617/1617/1617 1600/1600/1600
f 1613/1613/1613 1616/1616/1616 1617/1617/1617
f 1618/1618/1618 1599/1599/1599 1600/1600/1600
f 1600/1600/1600 1617/1617/1617 1618/1618/1618
f 1619/1619/1619 1614/1614/1614 1599/1599/1599
f 1619/1619/1619 1599/1599/1599 1618/1618/1618
f 1620/1620/1620 1618/1618/1618 1617/1617/1617
f 1617/1617/1617 1616/1616/1616 1620/1620/1620
f 1620/1620/1620 1619/1619/1619 1618/1618/1618
f 1621/1621/1621 1614/1614/1614 1619/1619/1619
f 1614/1614/1614 1621/1621/1621 1611/1611/1611
f 1622/1622/1622 1615/1615/1615 1609/1609/1609
f 1609/1609/1609 1610/1610/1610 1622/1622/1622
f 1620/1620/1620 1623/1623/1623 1619/1619/1619
f 1619/1619/1619 1623/1623/1623 1621/1621/1621
f 1620/1620/1620 1616/1616/1616 1624/1624/1624
f 1625/1625/1625 1624/1624/1624 1616/1616/1616
f 1625/1625/1625 1616/1616/1616 1615/1615/1615
f 1626/1626/1626 1620/1620/1620 1624/1624/1624
f 1626/1626/1626 1624/1624/1624 1625/1625/1625
f 1623/1623/1623 1620/1620/1620 1627/1627/1627
f 1628/1628/1628 1623/1623/1623 1627/1627/1627
f 1628/1628/1628 1627/1627/1627 1629/1629/1629
f 1627/1627/1627 1630/1630/1630 1629/1629/1629
f 1629/1629/1629 1630/1630/1630 1631/1631/1631
f 1632/1632/1632 1629/1629/1629 1631/1631/1631
f 1623/1623/1623 1633/1633/1633 1621/1621/1621
f 1633/1633/1633 1623/1623/1623 1634/1634/1634
f 1625/1625/1625 1635/1635/1635 1626/1626/1626
f 1636/1636/1636 1626/1626/1626 1635/1635/1635
f 1625/1625/1625 1637/1637/1637 1635/1635/1635
f 1635/1635/1635 1637/1637/1637 1636/1636/1636
f 1637/1637/1637 1631/1631/1631 1636/1636/1636
f 1625/1625/1625 1615/1615/1615 1637/1637/1637
f 1631/1631/1631 1637/1637/1637 1615/1615/1615
f 1622/1622/1622 1631/1631/1631 1615/1615/1615
f 1632/1632/1632 1631/1631/1631 1622/1622/1622
f 1638/1638/1638 1621/1621/1621 1633/1633/1633
f 1611/1611/1611 1621/1621/1621 1638/1638/1638
f 1633/1633/1633 1634/1634/1634 1639/1639/1639
f 1639/1639/1639 1638/1638/1638 1633/1633/1633
f 1611/1611/1611 1638/1638/1638 1640/1640/1640
f 1611/1611/1611 1640/1640/1640 1610/1610/1610
f 1641/1641/1641 1622/1622/1622 1610/1610/1610
f 1641/1641/1641 1632/1632/1632 1622/1622/1622
f 1640/1640/1640 1641/1641/1641 1610/1610/1610
f 1641/1641/1641 1640/1640/1640 1632/1632/1632
f 1640/1640/1640 1638/1638/1638 1642/1642/1642
f 1640/1640/1640 1642/1642/1642 1632/1632/1632
f 1638/1638/1638 1639/1639/1639 1642/1642/1642
f 1642/1642/1642 1643/1643/1643 1632/1632/1632
f 1643/1643/1643 1644/1644/1644 1634/1634/1634
f 1639/1639/1639 1634/1634/1634 1644/1644/1644
f 1642/1642/1642 1644/1644/1644 1643/1643/1643
f 1642/1642/1642 1639/1639/1639 1644/1644/1644
f 15/15/15 1645/1645/1645 171/171/171
f 1645/1645/1645 15/15/15 17/17/17
f 1645/1645/1645 1646/1646/1646 171/171/171
f 1647/1647/1647 171/171/171 1646/1646/1646
f 171/171/171 1647/1647/1647 146/146/146
f 144/144/144 146/146/146 1647/1647/1647
f 1647/1647/1647 1648/1648/1648 144/144/144
f 1647/1647/1647 1646/1646/1646 1648/1648/1648
f 1649/1649/1649 144/144/144 1648/1648/1648
f 1649/1649/1649 118/118/118 144/144/144
f 1650/1650/1650 118/118/118 1649/1649/1649
f 1650/1650/1650 111/111/111 118/118/118
f 1646/1646/1646 1645/1645/1645 1651/1651/1651
f 1648/1648/1648 1646/1646/1646 1652/1652/1652
f 1652/1652/1652 1646/1646/1646 1651/1651/1651
f 1649/1649/1649 1648/1648/1648 1653/1653/1653
f 1653/1653/1653 1648/1648/1648 1652/1652/1652
f 1654/1654/1654 1650/1650/1650 1649/1649/1649
f 1653/1653/1653 1654/1654/1654 1649/1649/1649
f 111/111/111 1650/1650/1650 1655/1655/1655
f 1655/1655/1655 1650/1650/1650 1654/1654/1654
f 1645/1645/1645 1656/1656/1656 1651/1651/1651
f 1656/1656/1656 1645/1645/1645 17/17/17
f 1657/1657/1657 111/111/111 1655/1655/1655
f 111/111/111 1657/1657/1657 110/110/110
f 17/17/17 103/103/103 1656/1656/1656
f 102/102/102 1656/1656/1656 103/103/103
f 1656/1656/1656 102/102/102 1651/1651/1651
f 106/106/106 103/103/103 17/17/17
f 17/17/17 1658/1658/1658 106/106/106
f 1651/1651/1651 102/102/102 1659/1659/1659
f 1659/1659/1659 102/102/102 109/109/109
f 1652/1652/1652 1651/1651/1651 1659/1659/1659
f 1660/1660/1660 106/106/106 1658/1658/1658
f 1661/1661/1661 1660/1660/1660 1658/1658/1658
f 106/106/106 1660/1660/1660 56/56/56
f 1652/1652/1652 1659/1659/1659 1662/1662/1662
f 1662/1662/1662 1659/1659/1659 109/109/109
f 1660/1660/1660 1661/1661/1661 1663/1663/1663
f 1661/1661/1661 1664/1664/1664 1663/1663/1663
f 1664/1664/1664 1665/1665/1665 1663/1663/1663
f 56/56/56 1660/1660/1660 1666/1666/1666
f 1660/1660/1660 1663/1663/1663 1666/1666/1666
f 56/56/56 1666/1666/1666 49/49/49
f 1665/1665/1665 1667/1667/1667 1663/1663/1663
f 1663/1663/1663 1667/1667/1667 1666/1666/1666
f 1668/1668/1668 1667/1667/1667 1665/1665/1665
f 1666/1666/1666 1669/1669/1669 49/49/49
f 1667/1667/1667 1669/1669/1669 1666/1666/1666
f 1652/1652/1652 1662/1662/1662 1670/1670/1670
f 1652/1652/1652 1670/1670/1670 1653/1653/1653
f 1669/1669/1669 1671/1671/1671 49/49/49
f 1671/1671/1671 50/50/50 49/49/49
f 1672/1672/1672 1653/1653/1653 1670/1670/1670
f 1653/1653/1653 1672/1672/1672 1654/1654/1654
f 1672/1672/1672 1673/1673/1673 1654/1654/1654
f 1673/1673/1673 1655/1655/1655 1654/1654/1654
f 1674/1674/1674 1655/1655/1655 1673/1673/1673
f 1674/1674/1674 1657/1657/1657 1655/1655/1655
f 1675/1675/1675 1673/1673/1673 1672/1672/1672
f 1674/1674/1674 1673/1673/1673 1675/1675/1675
f 1674/1674/1674 1676/1676/1676 1657/1657/1657
f 1676/1676/1676 110/110/110 1657/1657/1657
f 1674/1674/1674 1675/1675/1675 1677/1677/1677
f 1676/1676/1676 1674/1674/1674 1677/1677/1677
f 1678/1678/1678 1675/1675/1675 1672/1672/1672
f 1677/1677/1677 1675/1675/1675 1678/1678/1678
f 1670/1670/1670 1679/1679/1679 1672/1672/1672
f 1679/1679/1679 1678/1678/1678 1672/1672/1672
f 1676/1676/1676 1680/1680/1680 110/110/110
f 1676/1676/1676 1677/1677/1677 1680/1680/1680
f 1670/1670/1670 1681/1681/1681 1679/1679/1679
f 1681/1681/1681 1670/1670/1670 1662/1662/1662
f 1682/1682/1682 1679/1679/1679 1681/1681/1681
f 1662/1662/1662 1682/1682/1682 1681/1681/1681
f 1679/1679/1679 1682/1682/1682 1678/1678/1678
f 1682/1682/1682 1662/1662/1662 109/109/109
f 1680/1680/1680 1683/1683/1683 110/110/110
f 110/110/110 1683/1683/1683 105/105/105
f 1680/1680/1680 1684/1684/1684 1683/1683/1683
f 1677/1677/1677 1684/1684/1684 1680/1680/1680
f 1684/1684/1684 105/105/105 1683/1683/1683
f 1685/1685/1685 1677/1677/1677 1678/1678/1678
f 1685/1685/1685 1678/1678/1678 1682/1682/1682
f 1684/1684/1684 1677/1677/1677 1685/1685/1685
f 105/105/105 1684/1684/1684 1686/1686/1686
f 1686/1686/1686 1684/1684/1684 1685/1685/1685
f 108/108/108 105/105/105 1686/1686/1686
f 1687/1687/1687 1685/1685/1685 1682/1682/1682
f 1687/1687/1687 1682/1682/1682 109/109/109
f 1686/1686/1686 1685/1685/1685 1687/1687/1687
f 108/108/108 1686/1686/1686 1688/1688/1688
f 108/108/108 1688/1688/1688 109/109/109
f 1689/1689/1689 1686/1686/1686 1687/1687/1687
f 1687/1687/1687 109/109/109 1689/1689/1689
f 109/109/109 1688/1688/1688 1689/1689/1689
f 1686/1686/1686 1689/1689/1689 1688/1688/1688
f 1690/1690/1690 91/91/91 77/77/77
f 78/78/78 1690/1690/1690 77/77/77
f 1691/1691/1691 91/91/91 1690/1690/1690
f 1692/1692/1692 1691/1691/1691 1690/1690/1690
f 78/78/78 1692/1692/1692 1690/1690/1690
f 1691/1691/1691 1693/1693/1693 91/91/91
f 1691/1691/1691 1692/1692/1692 1693/1693/1693
f 91/91/91 1693/1693/1693 1694/1694/1694
f 1692/1692/1692 1694/1694/1694 1693/1693/1693
f 1692/1692/1692 1695/1695/1695 1694/1694/1694
f 90/90/90 91/91/91 1694/1694/1694
f 90/90/90 1694/1694/1694 1695/1695/1695
f 1696/1696/1696 1692/1692/1692 78/78/78
f 1696/1696/1696 1695/1695/1695 1692/1692/1692
f 1697/1697/1697 90/90/90 1695/1695/1695
f 1697/1697/1697 88/88/88 90/90/90
f 1698/1698/1698 1696/1696/1696 78/78/78
f 1698/1698/1698 78/78/78 74/74/74
f 1697/1697/1697 1699/1699/1699 88/88/88
f 1699/1699/1699 1700/1700/1700 88/88/88
f 1701/1701/1701 1700/1700/1700 1699/1699/1699
f 1698/1698/1698 74/74/74 1702/1702/1702
f 1702/1702/1702 74/74/74 1703/1703/1703
f 1703/1703/1703 1704/1704/1704 1702/1702/1702
f 1704/1704/1704 1701/1701/1701 1705/1705/1705
f 1704/1704/1704 1705/1705/1705 1702/1702/1702
f 1706/1706/1706 1701/1701/1701 1699/1699/1699
f 1705/1705/1705 1701/1701/1701 1706/1706/1706
f 1699/1699/1699 1697/1697/1697 1707/1707/1707
f 1706/1706/1706 1699/1699/1699 1707/1707/1707
f 1698/1698/1698 1702/1702/1702 1708/1708/1708
f 1702/1702/1702 1705/1705/1705 1708/1708/1708
f 1709/1709/1709 1696/1696/1696 1698/1698/1698
f 1698/1698/1698 1708/1708/1708 1709/1709/1709
f 1710/1710/1710 1707/1707/1707 1697/1697/1697
f 1695/1695/1695 1710/1710/1710 1697/1697/1697
f 1711/1711/1711 1708/1708/1708 1705/1705/1705
f 1712/1712/1712 1709/1709/1709 1708/1708/1708
f 1712/1712/1712 1708/1708/1708 1711/1711/1711
f 1709/1709/1709 1713/1713/1713 1696/1696/1696
f 1709/1709/1709 1712/1712/1712 1713/1713/1713
f 1714/1714/1714 1695/1695/1695 1696/1696/1696
f 1696/1696/1696 1713/1713/1713 1714/1714/1714
f 1715/1715/1715 1710/1710/1710 1695/1695/1695
f 1715/1715/1715 1695/1695/1695 1714/1714/1714
f 1716/1716/1716 1714/1714/1714 1713/1713/1713
f 1713/1713/1713 1712/1712/1712 1716/1716/1716
f 1716/1716/1716 1715/1715/1715 1714/1714/1714
f 1717/1717/1717 1710/1710/1710 1715/1715/1715
f 1710/1710/1710 1717/1717/1717 1707/1707/1707
f 1718/1718/1718 1711/1711/1711 1705/1705/1705
f 1705/1705/1705 1706/1706/1706 1718/1718/1718
f 1716/1716/1716 1719/1719/1719 1715/1715/1715
f 1715/1715/1715 1719/1719/1719 1717/1717/1717
f 1716/1716/1716 1712/1712/1712 1720/1720/1720
f 1721/1721/1721 1720/1720/1720 1712/1712/1712
f 1721/1721/1721 1712/1712/1712 1711/1711/1711
f 1722/1722/1722 1716/1716/1716 1720/1720/1720
f 1722/1722/1722 1720/1720/1720 1721/1721/1721
f 1719/1719/1719 1716/1716/1716 1723/1723/1723
f 1724/1724/1724 1719/1719/1719 1723/1723/1723
f 1724/1724/1724 1723/1723/1723 1725/1725/1725
f 1723/1723/1723 1726/1726/1726 1725/1725/1725
f 1725/1725/1725 1726/1726/1726 1727/1727/1727
f 1728/1728/1728 1725/1725/1725 1727/1727/1727
f 1719/1719/1719 1729/1729/1729 1717/1717/1717
f 1729/1729/1729 1719/1719/1719 1730/1730/1730
f 1721/1721/1721 1731/1731/1731 1722/1722/1722
f 1732/1732/1732 1722/1722/1722 1731/1731/1731
f 1721/1721/1721 1733/1733/1733 1731/1731/1731
f 1731/1731/1731 1733/1733/1733 1732/1732/1732
f 1733/1733/1733 1727/1727/1727 1732/1732/1732
f 1721/1721/1721 1711/1711/1711 1733/1733/1733
f 1727/1727/1727 1733/1733/1733 1711/1711/1711
f 1718/1718/1718 1727/1727/1727 1711/1711/1711
f 1728/1728/1728 1727/1727/1727 1718/1718/1718
f 1734/1734/1734 1717/1717/1717 1729/1729/1729
f 1707/1707/1707 1717/1717/1717 1734/1734/1734
f 1729/1729/1729 1730/1730/1730 1735/1735/1735
f 1735/1735/1735 1734/1734/1734 1729/1729/1729
f 1707/1707/1707 1734/1734/1734 1736/1736/1736
f 1707/1707/1707 1736/1736/1736 1706/1706/1706
f 1737/1737/1737 1718/1718/1718 1706/1706/1706
f 1737/1737/1737 1728/1728/1728 1718/1718/1718
f 1736/1736/1736 1737/1737/1737 1706/1706/1706
f 1737/1737/1737 1736/1736/1736 1728/1728/1728
f 1736/1736/1736 1734/1734/1734 1738/1738/1738
f 1736/1736/1736 1738/1738/1738 1728/1728/1728
f 1734/1734/1734 1735/1735/1735 1738/1738/1738
f 1738/1738/1738 1739/1739/1739 1728/1728/1728
f 1739/1739/1739 1740/1740/1740 1730/1730/1730
f 1735/1735/1735 1730/1730/1730 1740/1740/1740
f 1738/1738/1738 1740/1740/1740 1739/1739/1739
f 1738/1738/1738 1735/1735/1735 1740/1740/1740
f 1521/1521/1521 1742/1742/1742 1741/1741/1741
f 1521/1521/1521 1743/1743/1743 1742/1742/1742
f 1744/1744/1744 1741/1741/1741 1742/1742/1742
f 1745/1745/1745 1743/1743/1743 1521/1521/1521
f 1745/1745/1745 1521/1521/1521 1520/1520/1520
f 1745/1745/1745 1520/1520/1520 1746/1746/1746
f 1520/1520/1520 1522/1522/1522 1746/1746/1746
f 1747/1747/1747 1746/1746/1746 1522/1522/1522
f 1746/1746/1746 1747/1747/1747 1745/1745/1745
f 1522/1522/1522 1524/1524/1524 1747/1747/1747
f 1748/1748/1748 1744/1744/1744 1742/1742/1742
f 1749/1749/1749 1742/1742/1742 1743/1743/1743
f 1748/1748/1748 1742/1742/1742 1749/1749/1749
f 1749/1749/1749 1743/1743/1743 1750/1750/1750
f 1748/1748/1748 1751/1751/1751 1744/1744/1744
f 1751/1751/1751 1752/1752/1752 1744/1744/1744
f 1753/1753/1753 1743/1743/1743 1745/1745/1745
f 1753/1753/1753 1754/1754/1754 1743/1743/1743
f 1755/1755/1755 1750/1750/1750 1743/1743/1743
f 1754/1754/1754 1755/1755/1755 1743/1743/1743
f 1755/1755/1755 1754/1754/1754 1750/1750/1750
f 1747/1747/1747 1756/1756/1756 1745/1745/1745
f 1756/1756/1756 1753/1753/1753 1745/1745/1745
f 1524/1524/1524 1757/1757/1757 1747/1747/1747
f 1756/1756/1756 1747/1747/1747 1758/1758/1758
f 1758/1758/1758 1747/1747/1747 1757/1757/1757
f 1759/1759/1759 1756/1756/1756 1758/1758/1758
f 1756/1756/1756 1759/1759/1759 1753/1753/1753
f 1758/1758/1758 1757/1757/1757 1759/1759/1759
f 1757/1757/1757 1524/1524/1524 1760/1760/1760
f 1524/1524/1524 773/773/773 1760/1760/1760
f 1761/1761/1761 1757/1757/1757 1760/1760/1760
f 1760/1760/1760 773/773/773 1761/1761/1761
f 1759/1759/1759 1757/1757/1757 1761/1761/1761
f 773/773/773 776/776/776 1761/1761/1761
f 1759/1759/1759 1762/1762/1762 1753/1753/1753
f 1762/1762/1762 1759/1759/1759 1761/1761/1761
f 1753/1753/1753 1762/1762/1762 1754/1754/1754
f 776/776/776 1763/1763/1763 1761/1761/1761
f 1763/1763/1763 1762/1762/1762 1761/1761/1761
f 1762/1762/1762 1764/1764/1764 1754/1754/1754
f 1762/1762/1762 1763/1763/1763 1764/1764/1764
f 1765/1765/1765 1763/1763/1763 776/776/776
f 1766/1766/1766 1765/1765/1765 776/776/776
f 1766/1766/1766 1752/1752/1752 1765/1765/1765
f 1767/1767/1767 1763/1763/1763 1765/1765/1765
f 1763/1763/1763 1767/1767/1767 1764/1764/1764
f 1768/1768/1768 1765/1765/1765 1752/1752/1752
f 1768/1768/1768 1767/1767/1767 1765/1765/1765
f 1751/1751/1751 1768/1768/1768 1752/1752/1752
f 1768/1768/1768 1769/1769/1769 1767/1767/1767
f 1751/1751/1751 1769/1769/1769 1768/1768/1768
f 1764/1764/1764 1767/1767/1767 1770/1770/1770
f 1770/1770/1770 1767/1767/1767 1769/1769/1769
f 1771/1771/1771 1769/1769/1769 1751/1751/1751
f 1771/1771/1771 1751/1751/1751 1748/1748/1748
f 1772/1772/1772 1771/1771/1771 1748/1748/1748
f 1772/1772/1772 1748/1748/1748 1749/1749/1749
f 1772/1772/1772 1749/1749/1749 1773/1773/1773
f 1773/1773/1773 1771/1771/1771 1772/1772/1772
f 1749/1749/1749 1774/1774/1774 1773/1773/1773
f 1749/1749/1749 1750/1750/1750 1774/1774/1774
f 1771/1771/1771 1775/1775/1775 1769/1769/1769
f 1776/1776/1776 1771/1771/1771 1773/1773/1773
f 1775/1775/1775 1771/1771/1771 1776/1776/1776
f 1775/1775/1775 1777/1777/1777 1769/1769/1769
f 1769/1769/1769 1777/1777/1777 1770/1770/1770
f 1775/1775/1775 1776/1776/1776 1777/1777/1777
f 1776/1776/1776 1773/1773/1773 1778/1778/1778
f 1773/1773/1773 1774/1774/1774 1779/1779/1779
f 1776/1776/1776 1778/1778/1778 1780/1780/1780
f 1780/1780/1780 1778/1778/1778 1781/1781/1781
f 1782/1782/1782 1780/1780/1780 1781/1781/1781
f 1782/1782/1782 1781/1781/1781 1783/1783/1783
f 1784/1784/1784 1777/1777/1777 1776/1776/1776
f 1782/1782/1782 1783/1783/1783 1785/1785/1785
f 1774/1774/1774 1786/1786/1786 1779/1779/1779
f 1786/1786/1786 1787/1787/1787 1779/1779/1779
f 1774/1774/1774 1788/1788/1788 1786/1786/1786
f 1786/1786/1786 1788/1788/1788 1787/1787/1787
f 1788/1788/1788 1783/1783/1783 1787/1787/1787
f 1750/1750/1750 1788/1788/1788 1774/1774/1774
f 1788/1788/1788 1750/1750/1750 1783/1783/1783
f 1789/1789/1789 1777/1777/1777 1784/1784/1784
f 1789/1789/1789 1784/1784/1784 1790/1790/1790
f 1789/1789/1789 1791/1791/1791 1777/1777/1777
f 1789/1789/1789 1790/1790/1790 1791/1791/1791
f 1790/1790/1790 1785/1785/1785 1791/1791/1791
f 1777/1777/1777 1791/1791/1791 1770/1770/1770
f 1791/1791/1791 1785/1785/1785 1770/1770/1770
f 1764/1764/1764 1770/1770/1770 1785/1785/1785
f 1792/1792/1792 1764/1764/1764 1785/1785/1785
f 1785/1785/1785 1783/1783/1783 1792/1792/1792
f 1764/1764/1764 1792/1792/1792 1754/1754/1754
f 1754/1754/1754 1793/1793/1793 1750/1750/1750
f 1783/1783/1783 1750/1750/1750 1793/1793/1793
f 1792/1792/1792 1793/1793/1793 1754/1754/1754
f 1783/1783/1783 1793/1793/1793 1792/1792/1792
f 1795/1795/1795 1668/1668/1668 1794/1794/1794
f 1796/1796/1796 1668/1668/1668 1795/1795/1795
f 1794/1794/1794 1797/1797/1797 1795/1795/1795
f 1796/1796/1796 1798/1798/1798 1668/1668/1668
f 1668/1668/1668 1798/1798/1798 1667/1667/1667
f 1667/1667/1667 1798/1798/1798 1799/1799/1799
f 1669/1669/1669 1667/1667/1667 1799/1799/1799
f 1799/1799/1799 1800/1800/1800 1669/1669/1669
f 1800/1800/1800 1799/1799/1799 1798/1798/1798
f 1671/1671/1671 1669/1669/1669 1800/1800/1800
f 1797/1797/1797 1801/1801/1801 1795/1795/1795
f 1795/1795/1795 1802/1802/1802 1796/1796/1796
f 1795/1795/1795 1801/1801/1801 1802/1802/1802
f 1796/1796/1796 1802/1802/1802 1803/1803/1803
f 1804/1804/1804 1801/1801/1801 1797/1797/1797
f 1805/1805/1805 1804/1804/1804 1797/1797/1797
f 1796/1796/1796 1806/1806/1806 1798/1798/1798
f 1807/1807/1807 1806/1806/1806 1796/1796/1796
f 1803/1803/1803 1808/1808/1808 1796/1796/1796
f 1808/1808/1808 1807/1807/1807 1796/1796/1796
f 1807/1807/1807 1808/1808/1808 1803/1803/1803
f 1809/1809/1809 1800/1800/1800 1798/1798/1798
f 1806/1806/1806 1809/1809/1809 1798/1798/1798
f 1810/1810/1810 1671/1671/1671 1800/1800/1800
f 1800/1800/1800 1809/1809/1809 1811/1811/1811
f 1800/1800/1800 1811/1811/1811 1810/1810/1810
f 1809/1809/1809 1812/1812/1812 1811/1811/1811
f 1812/1812/1812 1809/1809/1809 1806/1806/1806
f 1810/1810/1810 1811/1811/1811 1812/1812/1812
f 1671/1671/1671 1810/1810/1810 1813/1813/1813
f 50/50/50 1671/1671/1671 1813/1813/1813
f 1810/1810/1810 1814/1814/1814 1813/1813/1813
f 50/50/50 1813/1813/1813 1814/1814/1814
f 1810/1810/1810 1812/1812/1812 1814/1814/1814
f 53/53/53 50/50/50 1814/1814/1814
f 1815/1815/1815 1812/1812/1812 1806/1806/1806
f 1812/1812/1812 1815/1815/1815 1814/1814/1814
f 1815/1815/1815 1806/1806/1806 1807/1807/1807
f 1816/1816/1816 53/53/53 1814/1814/1814
f 1815/1815/1815 1816/1816/1816 1814/1814/1814
f 1817/1817/1817 1815/1815/1815 1807/1807/1807
f 1816/1816/1816 1815/1815/1815 1817/1817/1817
f 1816/1816/1816 1818/1818/1818 53/53/53
f 1818/1818/1818 1819/1819/1819 53/53/53
f 1805/1805/1805 1819/1819/1819 1818/1818/1818
f 1816/1816/1816 1820/1820/1820 1818/1818/1818
f 1820/1820/1820 1816/1816/1816 1817/1817/1817
f 1818/1818/1818 1821/1821/1821 1805/1805/1805
f 1820/1820/1820 1821/1821/1821 1818/1818/1818
f 1821/1821/1821 1804/1804/1804 1805/1805/1805
f 1822/1822/1822 1821/1821/1821 1820/1820/1820
f 1822/1822/1822 1804/1804/1804 1821/1821/1821
f 1820/1820/1820 1817/1817/1817 1823/1823/1823
f 1820/1820/1820 1823/1823/1823 1822/1822/1822
f 1822/1822/1822 1824/1824/1824 1804/1804/1804
f 1804/1804/1804 1824/1824/1824 1801/1801/1801
f 1824/1824/1824 1825/1825/1825 1801/1801/1801
f 1801/1801/1801 1825/1825/1825 1802/1802/1802
f 1802/1802/1802 1825/1825/1825 1826/1826/1826
f 1824/1824/1824 1826/1826/1826 1825/1825/1825
f 1827/1827/1827 1802/1802/1802 1826/1826/1826
f 1803/1803/1803 1802/1802/1802 1827/1827/1827
f 1828/1828/1828 1824/1824/1824 1822/1822/1822
f 1824/1824/1824 1829/1829/1829 1826/1826/1826
f 1824/1824/1824 1828/1828/1828 1829/1829/1829
f 1830/1830/1830 1828/1828/1828 1822/1822/1822
f 1830/1830/1830 1822/1822/1822 1823/1823/1823
f 1829/1829/1829 1828/1828/1828 1830/1830/1830
f 1826/1826/1826 1829/1829/1829 1831/1831/1831
f 1827/1827/1827 1826/1826/1826 1832/1832/1832
f 1831/1831/1831 1829/1829/1829 1833/1833/1833
f 1831/1831/1831 1833/1833/1833 1834/1834/1834
f 1833/1833/1833 1835/1835/1835 1834/1834/1834
f 1834/1834/1834 1835/1835/1835 1836/1836/1836
f 1830/1830/1830 1837/1837/1837 1829/1829/1829
f 1836/1836/1836 1835/1835/1835 1838/1838/1838
f 1839/1839/1839 1827/1827/1827 1832/1832/1832
f 1840/1840/1840 1839/1839/1839 1832/1832/1832
f 1841/1841/1841 1827/1827/1827 1839/1839/1839
f 1841/1841/1841 1839/1839/1839 1840/1840/1840
f 1836/1836/1836 1841/1841/1841 1840/1840/1840
f 1841/1841/1841 1803/1803/1803 1827/1827/1827
f 1803/1803/1803 1841/1841/1841 1836/1836/1836
f 1830/1830/1830 1842/1842/1842 1837/1837/1837
f 1837/1837/1837 1842/1842/1842 1843/1843/1843
f 1844/1844/1844 1842/1842/1842 1830/1830/1830
f 1843/1843/1843 1842/1842/1842 1844/1844/1844
f 1838/1838/1838 1843/1843/1843 1844/1844/1844
f 1844/1844/1844 1830/1830/1830 1823/1823/1823
f 1838/1838/1838 1844/1844/1844 1823/1823/1823
f 1823/1823/1823 1817/1817/1817 1838/1838/1838
f 1817/1817/1817 1845/1845/1845 1838/1838/1838
f 1836/1836/1836 1838/1838/1838 1845/1845/1845
f 1845/1845/1845 1817/1817/1817 1807/1807/1807
f 1846/1846/1846 1807/1807/1807 1803/1803/1803
f 1803/1803/1803 1836/1836/1836 1846/1846/1846
f 1846/1846/1846 1845/1845/1845 1807/1807/1807
f 1846/1846/1846 1836/1836/1836 1845/1845/1845
